1005freshradio.ca	8952	2026-09-06
1009theeagle.com	11642	2026-08-20
1010wcsi.com	7307	2025-08-27
1011now.com	33626	2026-09-06
1015hankfm.com	9175	2025-07-28
1015thehawk.com	10170	2026-03-23
1015vibe.com	8573	2026-09-04
1019thebeatfm.com	9206	2025-05-15
1019thekeg.com	26327	2026-05-12
1019therock.com	25493	2026-09-04
1021thefox.com	9205	2026-09-05
1023thebullfm.com	17946	2026-08-24
1023thewolf.com	8201	2026-09-04
1025kiss.com	37725	2026-09-06
1025wowcountry.com	7531	2026-09-06
1027kord.com	33271	2026-09-06
1027thevibe.com	7904	2026-09-06
102thebear.com	6114	2026-09-06
1031freshradio.ca	8928	2026-09-03
1033theeagle.com	6668	2026-09-01
1033wvyb.com	8670	2026-09-04
1035kissfmboise.com	25056	2026-09-06
1035theeagle.com	9324	2026-07-29
1037theloon.com	27764	2026-09-06
1039wvbo.com	28112	2026-09-06
103gbfrocks.com	36290	2026-09-06
103kkcn.com	19451	2026-09-06
103weup.com	10034	2026-09-06
103wjod.com	23801	2026-09-06
1041wdlt.com	9497	2026-09-06
1043freshradio.ca	8349	2026-08-31
1043theparty.com	7461	2026-09-06
1045bobfm.com	5391	2024-09-10
1045freshradio.ca	7546	2026-08-31
1045theteam.com	23003	2026-09-05
1045thezone.com	30257	2026-09-06
1045wjjk.com	5959	2026-09-06
1049maxcountry.com	8001	2021-04-15
1049nashicon.com	5896	2026-09-06
1049thebeat.com	17906	2026-09-04
1049theedge.com	7670	2023-01-13
1049thewolf.com	16111	2026-09-06
104thehawk.com	10956	2026-09-05
1050talk.com	7314	2020-02-18
1053hotfm.com	6162	2026-09-06
1055thehawk.com	6159	2024-06-16
1057thehawk.com	56204	2026-09-06
1057thepoint.com	16089	2026-09-04
1057thex.com	9283	2026-09-06
1059thehog.com	9300	2026-08-30
1063cowboycountry.com	6354	2021-01-15
1063thebuzz.com	31077	2026-09-06
1063thegroove.com	7893	2026-09-06
1065thearch.com	12085	2026-09-04
1065thebuzz.com	15825	2026-09-06
1069morefm.com	6042	2022-09-07
1073modfm.com	24944	2026-08-10
1073theeagle.com	9426	2026-09-04
1073wsjy.com	5991	2025-11-22
1075daverocks.com	7762	2026-09-05
1075koolfm.com	7776	2026-09-03
1075thegame.com	41924	2026-09-06
1075zoofm.com	8459	2022-07-07
1077thebone.com	7198	2026-09-04
1079ishot.com	48280	2026-09-06
107jamz.com	17814	2026-09-05
1090kaay.com	19768	2026-09-06
10news.com	98037	2026-09-06
10tv.com	62651	2026-06-25
1150kknw.com	5787	2026-09-06
1170kfaq.com	5326	2020-05-08
11alive.com	76527	2026-06-06
1280wnam.com	22183	2026-02-02
1290wlby.com	38465	2026-09-06
12news.com	62356	2026-06-26
12newsnow.com	54381	2026-06-06
12onyourside.com	13073	2026-09-06
1310kfka.com	13936	2026-09-06
1310news.com	29075	2020-12-03
1350kman.com	15939	2026-09-06
1370wfea.com	8894	2026-09-04
1380kcim.com	8887	2026-03-18
13abc.com	29757	2026-09-06
13newsnow.com	73852	2026-06-06
13wham.com	42323	2026-09-06
13wmaz.com	59415	2026-06-06
1470kyyw.com	8995	2026-09-06
1470wmbd.com	10508	2023-03-10
1490wosh.com	81724	2026-09-06
14news.com	41195	2026-09-06
1520theticket.com	53163	2026-06-29
1590walg.com	17537	2020-08-26
1630kcjj.com	13938	2026-09-04
1660thefan.com	10612	2020-12-04
1prime.biz	32781	2023-12-29
247sports.com	6960	2023-02-02
247wallst.com	18879	2026-09-06
27east.com	8013	2026-09-05
29news.com	10891	2026-09-05
2ec.com.au	5359	2026-09-05
2gb.com	31706	2026-09-06
2hd.com.au	5912	2024-12-18
2lt.com.au	16011	2026-09-06
2merkato.com	5217	2026-09-04
2news.com	82397	2026-09-06
2nm.com.au	5315	2026-09-05
2paragraphs.com	14479	2026-09-04
360cities.net	23862	2026-06-04
360nobs.com	5978	2020-10-03
3aw.com.au	19508	2026-09-06
3ba.com.au	5004	2026-09-06
3blmedia.com	8484	2026-09-04
3quarksdaily.com	9653	2026-05-24
4029tv.com	66183	2026-09-06
411mania.com	105251	2025-11-29
41nbc.com	26829	2026-09-06
4bc.com.au	27880	2026-09-06
4ni.co.uk	14010	2026-09-06
51.ca	7510	2026-09-05
5280.com	5627	2026-09-02
560cfos.ca	11980	2025-07-31
570news.com	56393	2021-10-17
5newsonline.com	51740	2026-06-06
5tjt.com	10304	2026-06-04
6000.co.za	5311	2026-09-06
620ckrm.com	26690	2026-09-06
640wxsm.com	69087	2026-09-06
660wxqw.com	20062	2025-06-14
680kfeq.com	13564	2026-09-05
680news.com	113457	2021-10-17
6abc.com	61559	2026-09-06
6pr.com.au	10673	2026-09-06
702.co.za	24442	2024-01-15
710keel.com	26175	2026-09-05
730ckdm.com	6768	2026-09-06
740thefan.com	28867	2026-09-06
790business.com	41914	2022-08-10
790wpic.com	61853	2026-08-18
7news.com.au	5070	2026-03-12
7newsbelize.com	38708	2026-09-05
7thspace.com	39838	2024-09-15
850wftl.com	18211	2026-05-06
895thelake.ca	8534	2023-11-21
90min.com	58926	2025-09-29
915thebeat.com	8652	2026-09-06
919thebend.ca	10859	2026-02-10
91x.fm	5268	2026-09-04
921theticket.com	86196	2026-09-06
921wrou.com	25343	2026-08-10
927thedrive.net	19864	2026-09-06
927thevan.com	17881	2026-09-06
929nin.com	47478	2026-09-06
929peakfm.com	13840	2026-09-06
929thebull.com	31352	2026-09-06
929thelake.com	30708	2026-09-05
929theticket.com	9417	2026-09-06
929zzu.com	9122	2026-09-06
92moose.fm	29207	2026-09-06
92q.com	18014	2026-09-06
92qnashville.com	10530	2026-09-06
931coast.com	6743	2026-09-04
931freshradio.ca	8101	2026-09-06
931kmkt.com	18250	2026-08-23
931thebeat.com	9244	2026-09-06
931theborder.ca	8735	2025-09-08
933nashicon.com	5797	2026-09-06
933thedrive.com	38765	2026-09-06
937kclb.com	9653	2026-08-10
937kcountry.com	5249	2026-09-04
937nashicon.com	7073	2025-03-17
937theeagle.com	5819	2026-09-04
93q.com	19525	2026-09-06
93x.com	5547	2026-09-06
940wfaw.com	27438	2024-10-06
941theduke.com	7643	2026-09-04
943jackfm.com	23057	2026-09-06
943thepoint.com	57214	2026-09-06
945thehawkradio.com	5937	2026-09-05
945themoose.com	8686	2026-09-04
947wls.com	5740	2026-09-04
949whom.com	28842	2026-09-06
951kbby.com	8944	2026-09-06
953thebear.com	31347	2026-09-06
953thescore.com	61167	2026-09-06
955glo.com	9025	2026-09-05
955wtvy.com	6076	2026-09-01
959kissfm.com	12417	2026-09-06
95kqds.com	9680	2026-09-04
95rockfm.com	31640	2026-09-06
95sx.com	10447	2026-09-06
961jamz.com	8925	2026-09-06
961theeagle.com	34647	2026-09-06
963bigfm.com	7374	2026-09-02
963jackfm.com	8547	2026-09-06
963kklz.com	17001	2026-09-06
963theblaze.com	27848	2026-09-06
963wdvd.com	5199	2026-08-31
963xke.com	6279	2026-09-05
965bobfm.com	7279	2024-08-08
965kvki.com	39564	2026-09-05
965therock.com	20299	2026-09-06
967theeagle.net	32780	2026-09-06
969therock.com	14920	2026-09-06
96fm.ie	5796	2026-09-04
96krock.com	27053	2026-08-06
96kzel.com	9090	2026-09-05
971kissfm.com	5102	2022-09-16
973thedawg.com	46452	2026-09-06
975kgkl.com	21585	2026-09-06
975klak.com	6919	2020-05-30
975now.com	34807	2026-09-06
975thevibe.com	22812	2026-09-06
975wabd.com	11158	2026-09-06
977thebay.com	6190	2026-09-04
977theriver.com	12897	2025-05-26
979kickfm.com	32100	2026-09-06
979nashicon.com	5523	2026-09-06
979x.com	10472	2026-09-06
97rockonline.com	33474	2026-09-06
97x.com	22205	2026-09-05
97xonline.com	8031	2026-09-04
97zokonline.com	38860	2026-09-06
980waav.com	77037	2026-09-06
981thehawk.com	36004	2026-09-06
981themax.com	9269	2026-09-06
983nashicon.com	5963	2026-09-06
983thecoast.com	34934	2026-08-10
983thesnake.com	21736	2026-09-06
983wlcs.com	6156	2026-08-18
985kissfm.net	6105	2026-09-06
985thebull.com	12689	2026-09-02
987jack.com	23714	2026-09-06
987thebomb.com	6541	2026-09-04
987thebull.com	11553	2026-08-12
989magicfm.com	10617	2026-09-06
989xfm.ca	5721	2026-09-06
98cool.ca	11197	2026-09-06
98fm.com	14234	2026-09-05
98kupd.com	9231	2026-09-04
98q.com	7153	2026-09-04
98rocks.fm	18119	2026-08-13
98theticket.com	15783	2021-01-15
991thewhale.com	32639	2026-09-06
993kjoy.com	9771	2026-09-06
993thex.com	6074	2026-08-22
995qyk.com	21388	2026-09-06
995thewolf.com	7206	2026-09-04
997wtn.com	79229	2026-08-18
999ktdy.com	35866	2026-09-06
999thefoxrocks.com	7201	2026-09-05
999thepoint.com	27206	2026-09-06
99jamzmiami.com	5539	2026-09-04
9and10news.com	61285	2026-09-05
9news.com	62857	2026-06-05
9news.com.au	107292	2026-05-31
9thlevel.ie	8248	2025-12-04
9to5mac.com	22088	2026-09-06
aa.com.tr	89397	2026-09-06
aaj.tv	6866	2025-10-27
aarp.org	13973	2026-09-04
aawsat.com	125193	2026-09-06
abajournal.com	10792	2026-09-06
abbynews.com	33200	2026-09-06
abc-7.com	25368	2025-02-05
abc.net.au	197597	2026-09-06
abc10.com	72693	2026-06-25
abc11.com	77682	2026-09-06
abc12.com	36309	2026-09-06
abc13.com	85705	2026-09-06
abc15.com	54736	2026-09-06
abc17news.com	107923	2026-09-06
abc23.com	10494	2026-09-04
abc30.com	68148	2026-09-06
abc3340.com	42289	2026-09-06
abc57.com	58873	2026-09-06
abc6.com	10148	2026-01-23
abc6onyourside.com	41369	2026-09-06
abc7.com	71820	2026-09-06
abc7amarillo.com	33036	2026-09-06
abc7chicago.com	99120	2026-09-06
abc7news.com	77938	2026-09-06
abc7ny.com	85006	2026-09-06
abcactionnews.com	47042	2025-08-18
abcaudio.com	5535	2026-06-09
abccolumbia.com	41542	2026-09-06
abcfoxmontana.com	10097	2020-03-03
abcnews.com	18409	2026-09-06
abcnews4.com	48078	2026-09-06
abcnewsradioonline.com	21946	2021-04-12
abebooks.co.uk	5398	2023-12-06
aberdeennews.com	16891	2023-09-11
abnnewswire.net	7347	2026-09-04
aboutmyarea.co.uk	7782	2026-06-14
abovethelaw.com	27628	2026-09-05
abplive.com	7280	2026-03-17
abqjournal.com	86304	2026-09-06
abs-cbn.com	45218	2025-02-12
abstvradio.com	8864	2026-09-05
accesswdun.com	132647	2026-05-26
accountantsdaily.com.au	6893	2026-09-06
accountingtoday.com	19016	2026-09-05
aceshowbiz.com	109958	2026-09-06
ack.net	7253	2026-09-06
acm.org	8233	2025-11-11
acrofan.com	16721	2024-06-05
acs.org	8517	2026-09-04
actionforex.com	43215	2026-09-06
actionnews5.com	21067	2026-09-06
actionnewsjax.com	43276	2026-09-06
actionnewsnow.com	17223	2026-03-19
actmedia.eu	17253	2026-09-04
actuarialpost.co.uk	6610	2026-09-04
adage.com	9059	2026-07-23
adb.org	5281	2026-09-03
adelaidenow.com.au	56534	2024-07-27
adgully.com	78014	2026-09-05
adirondackdailyenterprise.com	16924	2026-04-13
adn.com	47341	2026-09-06
adnews.com.au	11657	2026-08-25
adsoftheworld.com	7091	2022-05-07
advanced-television.com	17141	2026-09-04
advancedbiofuelsusa.info	14500	2023-07-26
advertiser.ie	5157	2026-09-03
advertisernewssouth.com	5230	2026-09-04
advisor.ca	10865	2026-07-14
advocate-news.com	18565	2026-09-06
advocate.com	9142	2026-09-04
advocateanddemocrat.com	29825	2026-09-06
adweek.com	32250	2026-09-04
aei.org	22939	2026-09-04
aero-news.net	93776	2026-09-06
aerospace-technology.com	5672	2024-11-14
aerotechnews.com	7751	2026-09-06
af.mil	23754	2025-02-27
afa.net	5098	2026-09-04
afaqs.com	14034	2026-09-06
afar.com	7645	2026-09-05
afghanislamicpress.com	5719	2026-09-04
afghanistannews.net	56286	2026-09-06
afghanistansun.com	53048	2026-09-06
afghanistantimes.af	5533	2022-02-18
afl.com.au	17280	2026-09-06
afloat.ie	22337	2026-08-07
afn.net	7605	2024-09-08
afp.com	7431	2026-09-03
afr.com	153513	2026-09-06
afr.net	8448	2026-09-06
africa-newsroom.com	44508	2026-09-06
africa.com	24791	2026-09-05
africabusiness.com	6849	2026-09-03
africaintelligence.com	12170	2026-08-07
africaleader.com	101225	2026-09-06
african.business	13985	2025-12-02
africanews.com	45763	2026-09-06
africanexaminer.com	17773	2026-07-23
afro.com	8239	2026-08-29
afropages.fr	37473	2025-09-18
agassizharrisonobserver.com	42599	2026-09-06
agenda.ge	9624	2025-02-27
aginfo.net	23401	2026-09-06
agnews890.com	5709	2026-09-01
agreenliving.org	5844	2022-05-27
agri-pulse.com	6902	2026-09-04
agriculture.com	27864	2026-03-17
agriland.ie	45203	2026-01-13
agrinews-pubs.com	13478	2026-09-06
agupdate.com	17161	2026-09-04
agweek.com	12390	2026-09-05
agwired.com	8347	2026-09-06
ahram.org.eg	100217	2026-09-06
ai-cio.com	5422	2026-09-04
aidesep.org.pe	5933	2025-10-03
aikenstandard.com	5935	2023-06-19
ainonline.com	9974	2026-08-28
airdriecityview.com	43048	2025-01-23
airdrieecho.com	9298	2026-09-06
airdrietoday.com	18510	2023-05-11
airforce-technology.com	6967	2026-09-04
airforcetimes.com	9442	2026-09-05
airliners.net	10712	2026-04-23
airport-technology.com	6138	2026-08-21
ajc.com	73412	2026-09-06
ajmc.com	14664	2026-04-24
ajot.com	10138	2026-09-03
ajp.com.au	6520	2026-09-05
akipress.com	109941	2026-09-06
akp.gov.kh	23482	2026-09-06
akronnewsreporter.com	8802	2026-09-06
al-monitor.com	49528	2026-09-06
al.com	75487	2026-03-25
alabamanews.net	13758	2023-04-13
alabamawx.com	14666	2025-08-14
alamogordonews.com	6077	2026-09-06
alarabiya.net	20388	2025-12-05
alaraby.co.uk	8389	2022-11-16
alaska-native-news.com	8749	2026-09-06
alaskahighwaynews.ca	45396	2023-11-01
alaskapublic.org	8554	2026-09-05
alaskasnewssource.com	12356	2026-09-06
albanyherald.com	81229	2025-06-06
albawaba.com	72225	2026-08-26
alberta.ca	5576	2026-09-05
albuquerqueexpress.com	94734	2026-09-06
aldergrovestar.com	32957	2026-09-06
aldianews.com	9018	2026-09-04
aleteia.org	18265	2026-09-06
algemeiner.com	36975	2026-09-04
alice1077.com	10646	2026-09-06
alice965.com	14480	2026-08-24
alipac.us	33063	2026-09-06
aljazeera.com	122624	2026-09-06
allaboutthejersey.com	5391	2026-09-05
allaccess.com	12520	2024-11-05
allafrica.com	587634	2026-09-06
alleywatch.com	21024	2026-09-04
allhiphop.com	23967	2026-09-06
alligator.org	8864	2026-09-06
allkpop.com	62192	2026-08-23
allmediany.com	7207	2020-10-14
allthehitsb951.com	10393	2026-09-06
alltoc.com	8831	2026-04-15
allure.com	6902	2026-09-05
almanacnews.com	12202	2026-09-05
almanar.com.lb	11558	2026-01-24
almayadeen.net	5251	2025-01-26
alt1017.com	10060	2024-11-19
altaz933.com	7313	2026-09-04
altenergymag.com	9058	2026-09-02
alternet.org	32917	2026-09-06
altondailynews.com	9971	2021-06-21
altoonamirror.com	22288	2026-09-05
altpress.com	9018	2025-01-23
am-online.com	20323	2025-12-12
am1050.com	7241	2024-08-08
am1070theanswer.com	5920	2024-05-17
am1100theflag.com	18223	2026-08-12
am1590theanswer.com	6050	2022-07-01
am920theanswer.com	5919	2024-05-17
am9501007fm.com	27723	2026-06-08
am970theanswer.com	5919	2024-05-17
amarillo.com	9981	2023-09-11
amarillosrockstation.com	9232	2026-09-06
amarujala.com	148264	2026-06-15
amazinavenue.com	8716	2026-09-05
amazingmadison.com	26552	2026-09-03
amazonaws.com	35940	2026-08-04
americamagazine.org	15121	2026-09-04
americanbanker.com	26613	2026-09-05
americanbazaaronline.com	9636	2026-09-06
americanfreepress.net	10087	2026-06-11
americanisraelite.com	7072	2026-08-12
americanpress.com	27379	2026-09-06
americansongwriter.com	49660	2026-09-06
americanthinker.com	51513	2026-09-06
americantop40.com	13998	2026-09-05
amestrib.com	8559	2023-09-11
amherstbulletin.com	5153	2026-09-04
ammoland.com	22560	2026-08-31
ammonnews.net	14008	2026-08-31
amny.com	20861	2026-09-06
amren.com	20831	2026-09-06
amsterdamnews.com	10251	2026-09-06
analystratings.com	5117	2021-04-29
anandabazar.com	12880	2023-08-22
anchoragepress.com	5823	2026-09-06
ancient-origins.net	20339	2026-09-06
andhrawishesh.com	6851	2026-05-02
andina.pe	10818	2025-04-22
andoveradvertiser.co.uk	107712	2026-09-06
androidauthority.com	21035	2026-09-06
androidcentral.com	38615	2026-09-06
androidcommunity.com	6682	2022-02-03
androidheadlines.com	38407	2026-07-30
androidpolice.com	38259	2026-09-06
angelusnews.com	5458	2026-09-04
anglocelt.ie	47708	2026-09-06
angop.ao	7651	2025-01-03
anhuinews.com	18133	2026-09-04
animenewsnetwork.com	59865	2025-09-07
aninews.in	564719	2026-09-06
annistonstar.com	26015	2026-09-06
ansa.it	14810	2026-09-05
ansamed.info	9391	2023-03-13
antaranews.com	74582	2026-09-06
antigojournal.com	32875	2026-09-06
antiguaobserver.com	14355	2026-09-04
antiwar.com	22545	2026-09-06
antonyloewenstein.com	6950	2026-09-06
aol.co.uk	262711	2026-09-06
aol.com	284955	2026-09-06
ap.org	20431	2026-06-04
apartmenttherapy.com	14278	2026-04-26
apnews.com	386275	2025-03-05
app.com	16834	2023-09-11
app.com.pk	33134	2026-04-24
appeal-democrat.com	19509	2026-09-05
applevalleynewsnow.com	9453	2026-09-06
apr.org	33026	2026-09-06
aps.dz	13284	2026-09-06
aqha.com	5136	2026-03-27
arabherald.com	113745	2026-09-06
arabianbusiness.com	34763	2026-01-29
arabnews.com	169627	2026-09-06
arabtimesonline.com	48250	2026-09-06
araratadvertiser.com.au	23516	2026-09-03
archaeology.org	5666	2026-09-05
archdaily.com	83690	2026-09-06
archinect.com	43002	2026-09-06
architectsjournal.co.uk	18643	2026-09-04
architecturaldigest.com	8768	2026-09-04
architectureanddesign.com.au	19266	2026-08-31
archyde.com	14291	2025-01-27
ardmoreite.com	5646	2026-08-30
areadevelopment.com	6915	2026-09-04
areanews.com.au	50443	2026-09-06
argentinastar.com	37669	2026-09-06
argus-press.com	11601	2026-09-05
argusleader.com	11421	2023-09-10
argusmedia.com	7637	2026-08-26
argusobserver.com	14950	2026-09-06
argyllshireadvertiser.co.uk	5460	2024-01-25
ariananews.af	19002	2026-09-06
arirang.co.kr	11819	2022-10-11
arirang.com	11761	2022-10-11
arizona.edu	6966	2026-09-06
arizonadailyindependent.com	11914	2026-09-06
arka.am	10556	2026-09-05
arkansasbusiness.com	16124	2026-03-11
arkansasonline.com	172940	2026-09-06
arkansasrazorbacks.com	8303	2026-09-05
arktimes.com	20334	2026-09-04
arlnow.com	28524	2026-09-06
armenianweekly.com	6595	2026-09-06
armenpress.am	85985	2025-06-04
armidaleexpress.com.au	54617	2026-09-06
armstrongeconomics.com	11099	2026-09-06
army-technology.com	8587	2026-09-04
army.mil	5081	2026-06-18
armytimes.com	10159	2026-09-05
arn.ps	13216	2026-09-06
arnnet.com.au	18182	2026-09-04
arrowheadaddict.com	6737	2026-09-06
arrowheadpride.com	15262	2026-09-05
arsenal.com	14061	2026-08-21
arsenalnews.co.uk	59892	2026-09-06
arstechnica.com	14550	2026-09-06
artdaily.com	48503	2026-09-06
artemis.bm	6310	2026-09-06
artfixdaily.com	6664	2025-11-18
artforum.com	5229	2026-09-04
artnet.com	19077	2026-08-07
artnews.com	9256	2026-09-05
artshub.com.au	12571	2026-09-04
artsjournal.com	9747	2026-09-05
arynews.tv	33123	2026-09-06
as.com	10088	2026-03-19
asahi.com	44649	2026-09-02
asbarez.com	6735	2026-07-15
ashepostandtimes.com	13754	2026-09-05
ashleycountyledger.com	30552	2026-09-06
asiaasset.com	6103	2026-09-06
asiabulletin.com	100246	2026-09-06
asianage.com	35427	2026-09-06
asianews.it	14986	2026-07-09
asianews.network	29010	2026-09-04
asianimage.co.uk	82968	2026-09-06
asianjournal.com	11846	2026-09-05
asiaone.com	152158	2026-09-06
askmen.com	5934	2026-06-04
aspendailynews.com	50164	2026-08-30
aspenpublicradio.org	46577	2026-09-06
aspentimes.com	21532	2026-09-06
astanatimes.com	9185	2026-09-06
astroawani.com	7022	2025-11-17
astronomy.com	6267	2026-09-06
asurampage.com	6118	2026-09-05
at40.com	6095	2021-10-15
athens-times.com	106129	2026-08-29
athensmessenger.com	8982	2026-09-06
athensreview.com	18995	2026-09-05
athleticsnation.com	5488	2026-09-06
atholdailynews.com	20744	2026-09-06
atlantablackstar.com	28181	2026-06-04
atlantafalcons.com	5019	2026-09-04
atlantaleader.com	16213	2026-09-06
atlantanewsfirst.com	28479	2026-09-06
atlantic.ctvnews.ca	32788	2025-01-23
atlanticcouncil.org	8377	2026-09-05
attackofthefanboy.com	21313	2026-09-06
attitude.co.uk	7411	2026-09-04
atvtoday.co.uk	19911	2026-09-06
auburnpub.com	65388	2026-09-06
augustafreepress.com	38707	2026-09-06
austinchronicle.com	31430	2026-09-04
austinglobe.com	88809	2026-09-06
australianherald.com	39737	2026-09-06
australiannews.net	79077	2026-09-06
autoblog.com	23954	2026-06-28
autocarindia.com	20675	2026-09-06
autoconnectedcar.com	5889	2026-09-06
autoevolution.com	85876	2026-05-10
autoexpress.co.uk	17222	2026-09-06
autonews.com	18592	2026-06-18
autoremarketing.com	6164	2026-09-04
autospies.com	24723	2026-09-05
autoweek.com	13213	2026-09-06
avclub.com	26821	2026-05-14
avenuemail.in	19909	2026-09-03
averyjournal.com	12115	2026-09-06
avherald.com	6037	2026-09-06
aviationweek.com	20466	2026-09-06
avn.com	11942	2026-09-05
avondhupress.ie	5724	2026-09-06
avweb.com	7729	2026-09-04
awesome98.com	30468	2026-09-06
awfulannouncing.com	29475	2026-09-06
awn.com	9217	2026-09-05
axios.com	16472	2024-06-05
axisoflogic.com	6291	2022-07-23
axs.com	10667	2025-01-20
aysor.am	5424	2026-09-04
azbigmedia.com	13364	2026-09-06
azbusinessdaily.com	9052	2024-01-25
azcapitoltimes.com	7898	2026-09-04
azcardinals.com	5203	2026-09-04
azcentral.com	69880	2023-09-11
azdailysun.com	49642	2026-09-06
azerbaijannews.net	63966	2026-09-06
azernews.az	58939	2026-09-06
azertag.az	46217	2026-06-23
azfamily.com	51093	2026-09-06
azocleantech.com	9058	2026-09-03
azom.com	15735	2026-09-04
azonano.com	5841	2026-09-04
azorobotics.com	5062	2026-09-04
azpbs.org	6996	2026-09-06
azsnakepit.com	7363	2026-09-06
b100quadcities.com	29406	2026-09-06
b1027.com	28616	2026-09-06
b1039.com	17884	2026-04-17
b1047.com	5670	2026-09-06
b105country.com	15223	2026-09-05
b106fm.com	8839	2026-09-06
b92.net	11321	2026-07-19
b93.net	29990	2026-09-06
b93radio.com	17981	2026-09-06
b975.com	11063	2026-09-06
b97hawaii.com	6883	2026-09-02
b98.com	9891	2026-09-06
b985.com	11539	2026-09-06
b985.fm	33413	2026-09-06
b987.com	6262	2026-09-06
badlefthook.com	11787	2026-09-06
baguiomidlandcourier.com.ph	5491	2024-07-30
baidu.com	49489	2026-09-06
bainbridgereview.com	5340	2026-09-04
bakercityherald.com	8006	2026-09-06
bakersfield.com	94756	2026-09-06
bakersfieldnow.com	39331	2026-09-06
bakeryinfo.co.uk	5136	2025-09-05
balkaninsight.com	7071	2026-09-05
ballinaadvocate.com.au	34874	2021-04-28
balloon-juice.com	20047	2026-03-11
ballot-access.org	7350	2026-09-06
balls.ie	5190	2026-09-06
ballstatedaily.com	6910	2026-07-15
baltic-course.com	5550	2026-04-04
baltictimes.com	18415	2026-09-04
baltimorebeatdown.com	7302	2026-09-05
baltimoreravens.com	8837	2026-09-06
baltimorestar.com	100692	2026-09-06
baltimoresun.com	138959	2026-09-06
bamsmackpow.com	6321	2026-09-06
banana1015.com	29110	2026-09-06
banburycake.co.uk	41634	2023-03-07
banburyguardian.co.uk	14854	2025-01-23
bandt.com.au	19196	2026-09-06
bangkokpost.com	151070	2026-08-25
bangladeshinfo.com	12248	2025-06-14
bangladeshsun.com	69958	2026-09-06
banglamirrornews.com	23689	2026-06-08
banglanews24.com	5026	2025-10-28
bangordailynews.com	54034	2026-09-06
bankerandtradesman.com	13646	2026-09-06
bankinfosecurity.com	16102	2026-09-04
bankingnews.gr	6793	2026-09-06
banklesstimes.com	11479	2026-07-31
banksnews.gr	10591	2025-07-24
baptistnews.com	7405	2026-09-04
barandbench.com	34916	2026-09-06
barbadostoday.bb	41909	2026-09-06
barcablaugranes.com	17692	2026-09-06
baristanet.com	5189	2023-08-22
barnsleychronicle.com	5523	2025-10-16
barrie.ctvnews.ca	20049	2025-01-23
barrons.com	76655	2026-06-18
barryanddistrictnews.co.uk	93766	2026-09-06
bartlesvilleradio.com	39293	2026-09-06
basildonstandard.co.uk	30362	2021-03-11
basingstokegazette.co.uk	114254	2026-09-06
bassresource.com	5177	2025-04-17
batemansbaypost.com.au	72856	2026-09-06
batonrougepost.com	49718	2026-09-06
baxterbulletin.com	9519	2026-09-05
bay939.com.au	5916	2026-09-05
baylorlariat.com	6126	2026-09-05
baynews9.com	8092	2026-08-27
bayshorebroadcasting.ca	14408	2026-09-06
baystreet.ca	38778	2026-09-05
baytownsun.com	19271	2026-09-04
bbc.co.uk	346437	2026-09-06
bbc.com	215593	2026-09-06
bbj.hu	9401	2025-10-20
bc.ctvnews.ca	35669	2025-01-23
bcdemocrat.com	7924	2025-07-02
bchomez.com	35967	2026-07-24
bclocalnews.com	7159	2020-04-07
bcps.org	38714	2026-08-05
bctv.org	5557	2026-09-04
bdnews24.com	65821	2025-11-13
bdonline.co.uk	9209	2025-09-05
bdtonline.com	60889	2026-09-06
beach951.com	16727	2026-09-06
bear104.com	13534	2026-09-05
bearingarms.com	20681	2026-09-06
beat.com.au	16527	2026-06-04
beat102103.com	8479	2026-09-03
beatricedailysun.com	52412	2026-09-06
beaufortcountynow.com	16423	2026-09-06
beaumontenterprise.com	67505	2025-11-18
beaver1003.com	8571	2026-09-04
beckersasc.com	11332	2026-08-01
beckershospitalreview.com	27729	2026-08-01
beckersspine.com	7564	2026-08-01
bedfordgazette.com	18639	2026-09-05
bedfordtoday.co.uk	15205	2025-01-23
beefcentral.com	5965	2026-09-04
beefmagazine.com	5014	2025-01-01
begadistrictnews.com.au	62370	2026-09-06
behindthesteelcurtain.com	17259	2026-09-06
beijingbulletin.com	112021	2026-09-06
belfastlive.co.uk	109516	2026-09-06
belfasttelegraph.co.uk	131950	2026-02-16
belgrade-news.com	6041	2026-09-04
bellanaija.com	11666	2026-09-06
belmondnews.com	5764	2026-01-26
beloitdailynews.com	36544	2026-09-06
bemidjipioneer.com	38909	2026-09-06
benarnews.org	5320	2025-09-02
bendbulletin.com	50871	2026-09-06
bendigoadvertiser.com.au	67285	2026-09-06
bendsource.com	14069	2026-09-06
benefitscanada.com	7187	2026-09-04
beniciaindependent.com	5318	2026-08-09
benningtonbanner.com	47597	2026-09-06
benzinga.com	342285	2026-08-06
berkeley.edu	5445	2026-09-06
berkshireeagle.com	71920	2026-09-06
berksmontnews.com	5896	2021-08-26
bernama.com	21124	2026-03-19
bernews.com	29210	2026-09-06
bestmediainfo.com	24657	2026-08-21
bet.com	21767	2026-08-31
betakit.com	6705	2026-09-05
betanews.com	14454	2026-01-15
bethesdamagazine.com	10255	2026-09-06
bevnet.com	19188	2026-07-03
bexhillobserver.net	5028	2022-02-09
bfi.org.uk	5085	2026-09-04
bgdailynews.com	66749	2026-09-06
bgnes.com	8975	2026-09-06
bgr.com	29238	2026-09-06
bgr.in	20873	2023-01-29
bhaskar.com	5209	2026-09-04
bhg.com	12912	2026-03-17
bhpioneer.com	34022	2026-09-06
bianet.org	17821	2026-09-05
biblestudytools.com	6007	2026-09-06
bicesteradvertiser.net	127609	2026-09-06
big104fm.com	7579	2026-04-24
bigblueview.com	17785	2026-09-06
bigcountry1073.com	5876	2026-09-06
bigcountry969.com	24505	2026-09-06
bigcountry995.com	50900	2026-08-17
bigfrog104.com	36422	2026-09-06
biggleswadetoday.co.uk	9031	2025-01-23
bigislandnow.com	10163	2026-09-06
bigissue.com	10205	2026-09-04
bignewsnetwork.com	884235	2026-09-06
bigoven.com	10244	2026-09-06
bigrigs.com.au	10236	2026-06-25
bigtakeover.com	5244	2025-08-22
bikebiz.com	5976	2026-09-04
bikeportland.org	6569	2026-09-02
bikeradar.com	8047	2026-09-06
bilkulonline.com	9615	2026-09-06
billboard.com	79381	2026-09-06
billingsgazette.com	78835	2026-09-06
billoreilly.com	13089	2026-07-15
binnews.com	24838	2026-09-04
biodiversitylibrary.org	16519	2026-02-24
biofuelsdigest.com	15476	2025-01-23
biomassmagazine.com	9089	2026-09-05
biometricupdate.com	15778	2026-09-05
biopharmadive.com	7416	2026-09-06
bioprepwatch.com	17621	2026-04-10
biospace.com	7263	2026-02-19
biospectrumindia.com	13694	2026-06-05
birminghammail.co.uk	304977	2026-09-06
birminghamstar.com	26536	2026-09-06
birminghamtimes.com	7766	2026-09-05
bismarcktribune.com	62003	2026-09-05
bizcommunity.com	68463	2026-09-05
bizenglish.adaderana.lk	6999	2026-02-24
bizjournals.com	49218	2022-06-19
biznews.com	18207	2026-09-06
bizpacreview.com	42842	2023-09-06
biztimes.com	15586	2026-09-05
biztoc.com	1997950	2026-01-16
bizwest.com	12327	2026-09-06
bjpenn.com	32386	2026-09-06
bjreview.com	31157	2026-09-04
bjreview.com.cn	17764	2026-09-04
bkreader.com	8204	2026-09-06
blabbermouth.net	16095	2026-09-04
blackamericaweb.com	15611	2026-09-06
blackandteal.com	6412	2026-09-06
blackenterprise.com	38054	2026-09-06
blackhillsfox.com	13340	2024-07-01
blacklistednews.com	9929	2024-08-07
blackpoolgazette.co.uk	23696	2025-01-23
blackseagrain.net	7057	2022-02-09
blayneychronicle.com.au	53749	2026-09-06
blazersedge.com	12833	2026-09-06
blazin1023.com	6163	2026-09-06
bleachernation.com	41095	2025-03-05
bleacherreport.com	64996	2026-09-06
bleedcubbieblue.com	14924	2026-09-06
bleedingcool.com	112426	2026-09-06
bleedinggreennation.com	12302	2026-09-06
blessyouboys.com	6314	2026-09-06
blingee.com	5682	2024-06-04
blockislandtimes.com	5534	2026-09-03
bloggingdirty.com	6084	2026-09-06
bloggingtheboys.com	20506	2026-09-06
blogherald.com	5758	2026-09-06
blogspot.com	5366	2026-09-04
blogto.com	32346	2026-07-14
bloodhorse.com	32547	2026-09-06
bloody-disgusting.com	23757	2026-08-05
bloodyelbow.com	28845	2025-10-06
blooloop.com	11894	2026-09-04
bloomberg.com	168406	2026-06-22
bloombergquint.com	20998	2022-05-05
bluebirdbanter.com	6237	2026-09-06
bluemountaineagle.com	23944	2026-09-03
bluemountainsgazette.com.au	62851	2026-09-06
bluenc.com	5047	2026-06-30
blueprint.ng	92970	2026-09-06
blueridgenow.com	8748	2023-09-11
blueshirtbanter.com	5348	2026-09-06
blufftonicon.com	12416	2026-09-06
bmj.com	33556	2025-11-26
bmmagazine.co.uk	8965	2026-09-05
bmwblog.com	9822	2026-09-06
bnamericas.com	16560	2026-03-31
bnd.com	5862	2024-07-27
bnionline.net	5113	2026-09-06
bnn-news.com	13697	2026-09-05
bnnbloomberg.ca	258186	2026-09-06
bobfm.co.uk	10076	2026-09-04
bocanewsnow.com	6085	2026-09-06
boerse-social.com	6989	2026-09-06
boersennews.de	6901	2026-09-03
bognor.co.uk	5973	2022-02-10
boingboing.net	31962	2026-09-06
boisestatepublicradio.org	35097	2026-09-05
bold.dk	10143	2026-09-03
bolivarmonews.com	5213	2026-09-01
bollyspice.com	5115	2026-09-06
bollywoodhungama.com	51039	2026-09-06
bollywoodlife.com	8083	2026-02-16
bollywoodmantra.com	5165	2023-06-01
bolnews.com	8267	2025-12-08
bonappetit.com	6505	2026-09-04
bondbuyer.com	14903	2026-09-04
bonnercountydailybee.com	10796	2026-09-06
boom1019.com	6603	2026-09-02
boom997.com	6630	2026-09-02
boorowanewsonline.com.au	17608	2026-09-04
boothbayregister.com	32531	2026-09-06
bordermail.com.au	100319	2026-09-06
bordertelegraph.com	98373	2026-09-06
borderwatch.com.au	7562	2026-05-05
boredpanda.com	402532	2026-09-06
borehamwoodtimes.co.uk	113731	2026-09-06
borgenproject.org	5577	2026-08-11
borneobulletin.com.bn	79107	2025-04-28
boston.com	66918	2026-09-06
bostonglobe.com	146615	2026-09-06
bostonherald.com	61216	2026-09-06
bostonstar.com	110355	2026-09-06
bournemouthecho.co.uk	165638	2026-09-06
bowenislandundercurrent.com	61387	2025-09-05
boxden.com	78610	2024-10-17
boxinginsider.com	5679	2026-09-06
boxingnews24.com	12692	2026-09-06
boxingnewsonline.net	11728	2026-09-06
bozemandailychronicle.com	159450	2026-09-06
bozemanskissfm.com	15036	2026-09-06
bozone.com	14422	2026-09-06
bpr.org	23840	2023-01-31
bracknellnews.co.uk	102423	2026-09-06
bradfordera.com	74413	2026-09-06
braidwoodtimes.com.au	53282	2026-09-06
brainerddispatch.com	57829	2026-09-06
braintreeandwithamtimes.co.uk	136631	2026-09-06
bramptonguardian.com	13002	2026-09-06
brandonsun.com	69810	2026-09-06
bransontrilakesnews.com	46790	2026-09-06
brantfordexpositor.ca	44130	2026-09-06
bravenewcoin.com	10559	2026-09-06
bravotv.com	9906	2026-09-06
brazilsun.com	51455	2026-09-06
breakingbelizenews.com	7788	2026-03-19
breakingdefense.com	13693	2026-09-05
breakingnews.ie	107968	2026-09-06
breakingtravelnews.com	13060	2023-08-26
brecorder.com	74251	2026-02-23
breitbart.com	293204	2026-09-06
brentwoodlive.co.uk	115380	2026-09-06
bridgemi.com	11142	2026-09-05
bridgwatermercury.co.uk	98534	2026-09-06
bridportnews.co.uk	104531	2026-09-06
briefingwire.com	81194	2026-09-06
brightonandhovenews.org	10884	2026-09-06
brightontoday.ca	9127	2026-09-05
brightsideofthesun.com	8694	2026-09-06
bringmethenews.com	15509	2023-09-18
brisbanetimes.com.au	239561	2026-09-06
bristol247.com	10749	2025-11-19
bristolpost.co.uk	129971	2026-09-06
britainnews.net	67657	2026-09-06
britannica.com	21901	2025-11-12
broadbandtvnews.com	6237	2026-06-17
broadcastnow.co.uk	13529	2025-09-04
broadwayworld.com	55810	2026-05-08
brobible.com	15216	2026-09-06
brokernews.com.au	7370	2026-09-06
bromsgroveadvertiser.co.uk	110129	2026-09-06
bromsgrovestandard.co.uk	15092	2026-09-06
brookingsradio.com	22150	2026-09-04
brooklyneagle.com	14674	2026-09-04
brooklynpaper.com	9134	2026-09-06
brooklynvegan.com	36602	2026-09-06
broomfieldenterprise.com	13202	2026-09-06
browndailyherald.com	7379	2026-08-28
brownfieldagnews.com	10795	2026-07-31
brownsvilleherald.com	16485	2021-03-17
brownwoodnews.com	17855	2026-09-06
brudirect.com	25493	2026-09-06
bruneinews.net	79525	2026-09-06
bryantimes.com	56769	2026-09-06
bssnews.net	157633	2026-09-06
bu.edu	6179	2026-09-04
bubblear.com	11031	2026-09-06
buccaneers.com	6524	2026-09-04
buckscountycouriertimes.com	10343	2023-01-24
bucksfreepress.co.uk	122824	2026-09-06
bucksherald.co.uk	12536	2025-01-23
bucksinsider.com	8774	2026-09-06
bucyrustelegraphforum.com	5927	2023-09-11
budapesttimes.hu	10661	2026-09-06
buenosairesherald.com	5411	2026-09-06
buffalobulletin.com	11466	2026-09-05
buffalonews.com	138837	2026-09-06
buffalorising.com	6021	2026-09-05
buildersmerchantsnews.co.uk	5605	2026-09-04
building.co.uk	13478	2025-09-05
bulawayo24.com	61171	2026-09-06
bulgariagazette.com	6870	2025-09-26
bulletsforever.com	7235	2026-09-05
bunburymail.com.au	104859	2026-09-06
bundesliga.com	7802	2026-09-06
burlingtoncountytimes.com	11222	2023-09-11
burlingtonfreepress.com	5470	2023-09-11
burnabynow.com	71750	2025-08-01
burnham-on-sea.com	17033	2026-09-06
burnhamandhighbridgeweeklynews.co.uk	95089	2026-09-06
burnleyexpress.net	21025	2025-01-23
burntorangenation.com	7184	2026-09-06
bursa.ro	5997	2026-09-06
burytimes.co.uk	161845	2026-09-06
business-humanrights.org	10740	2026-08-28
business-review.eu	18114	2026-09-04
business-standard.com	657696	2026-09-06
business2community.com	14801	2026-09-03
businessdailyafrica.com	41243	2026-09-06
businessday.co.za	11816	2026-09-06
businessdayghana.com	8185	2026-09-06
businessden.com	5294	2026-09-04
businessghana.com	146179	2026-09-06
businessgreen.com	18293	2026-07-17
businessincameroon.com	6753	2026-09-05
businessinsider.co.za	8106	2023-02-28
businessinsider.com	349000	2026-09-06
businessinsider.com.au	24044	2023-10-12
businessinsider.in	71647	2025-01-13
businessinsurance.com	10044	2026-09-04
businesslive.co.za	10121	2025-10-13
businessmirror.com.ph	121961	2025-05-14
businessnorth.com	9329	2026-09-06
businessoffashion.com	15909	2026-06-29
businesspost.ie	34866	2026-09-05
businessrecord.com	20810	2024-01-04
businessreport.com	7949	2026-09-04
businesstech.co.za	9105	2022-09-28
businesstimes.com.sg	79265	2026-09-06
businesstoday.in	168425	2026-09-06
businesstraveller.com	10762	2025-01-23
businesstravelnewseurope.com	7049	2026-04-06
businesswire.com	90653	2023-04-18
businesswireindia.com	12266	2026-05-18
businessworld.in	33533	2026-07-15
busseltonmail.com.au	44472	2026-07-27
butlercountytimesgazette.com	7233	2026-09-06
butlereagle.com	57756	2026-09-06
buxtonadvertiser.co.uk	12680	2025-01-23
buzzfeed.com	87344	2026-09-06
buzzfeednews.com	7389	2026-01-01
bwog.com	16098	2026-08-28
bworldonline.com	88598	2026-09-06
bxr.com	9131	2026-09-06
byronnews.com.au	34848	2021-04-28
byu.edu	6000	2026-07-15
c-mw.net	6347	2026-09-05
c21media.net	26499	2026-09-04
cachevalleydaily.com	17611	2026-09-06
cadforum.cz	13620	2026-09-06
cadillacnews.com	32254	2026-09-06
cagesideseats.com	42554	2026-09-06
cagle.com	21449	2025-01-23
cairnspost.com.au	246054	2026-09-06
cairoscene.com	22587	2026-09-06
caixinglobal.com	24303	2026-06-08
cajnewsafrica.com	6670	2026-09-04
cajunradio.com	15973	2026-09-04
calaverasenterprise.com	5095	2026-09-02
calcoastnews.com	8529	2026-09-06
calculatedriskblog.com	14512	2026-01-12
calcuttanews.net	164617	2026-09-06
caledoncitizen.com	5923	2026-09-03
caledonenterprise.com	5571	2026-09-06
caledoniacourier.com	26617	2026-09-06
caledonianrecord.com	174046	2026-09-06
calgary.ctvnews.ca	30489	2025-01-23
calgaryherald.com	51076	2026-09-06
calgarysun.com	72019	2026-09-06
californianewswire.com	7896	2026-09-03
californiatelegraph.com	150855	2026-09-06
caller.com	7121	2023-09-11
callnewspapers.com	5423	2026-09-02
cambodiantimes.com	152087	2026-09-06
cambrian-news.co.uk	20670	2026-09-06
cambridge-news.co.uk	75800	2026-09-06
cambridge.org	7026	2026-03-01
cambridgetimes.ca	9669	2026-09-06
cambstimes.co.uk	39582	2026-09-06
camdencourier.com.au	51969	2026-09-06
cameroon-tribune.cm	14588	2026-09-05
campaignasia.com	8530	2026-09-04
campaignbrief.com	14536	2026-09-06
campaignindia.in	10202	2026-09-05
campaignlive.co.uk	26082	2026-09-04
campaignseries.co.uk	10186	2023-02-07
campbellrivermirror.com	32292	2026-09-06
campbeltowncourier.co.uk	5717	2024-01-25
campusreform.org	7013	2026-01-05
canada.com	38490	2026-09-03
canadafreepress.com	33147	2025-07-27
canadiancattlemen.ca	6495	2026-09-06
canadianinquirer.net	16474	2026-09-06
canadianlawyermag.com	6521	2026-09-05
canadianmanufacturing.com	9116	2026-09-04
canadianminingjournal.com	9693	2026-09-04
canadianreviewer.com	8999	2026-09-05
canadianunderwriter.ca	6526	2026-07-14
canberratimes.com.au	123125	2026-09-06
cancertherapyadvisor.com	7613	2026-09-04
candgnews.com	14464	2026-09-06
canindia.com	45226	2025-11-20
canoncitydailyrecord.com	27145	2026-09-06
canowindranews.com.au	25736	2024-09-09
cantechletter.com	20754	2026-05-12
cantondailyledger.com	5834	2023-09-10
cantonrep.com	17009	2023-09-11
canyon-news.com	11863	2026-09-06
capeandislands.org	40262	2026-09-06
capebretonpost.com	23307	2020-11-12
capecod.com	13117	2026-09-06
capecodtimes.com	12400	2023-09-11
capegazette.com	20535	2026-01-06
capenews.net	14594	2026-09-06
capetalk.co.za	25547	2024-01-15
capitalethiopia.com	14779	2026-09-06
capitalfm.co.ke	57451	2026-06-15
capitalfm.com	10011	2026-09-05
capitalgazette.com	81146	2026-09-06
capitalpress.com	17477	2026-09-05
capitolfax.com	17626	2026-09-05
capitolhillseattle.com	5959	2026-02-16
capjournal.com	17672	2026-09-06
capradio.org	38785	2026-09-05
captivasanibel.com	12476	2026-09-01
carandbike.com	12268	2026-07-15
caranddriver.com	11518	2026-09-06
carbon-pulse.com	17777	2025-08-13
carbuzz.com	52173	2026-09-06
cardinalcourieronline.com	10292	2026-02-05
careerindia.com	9269	2026-06-26
caribbeanherald.com	62064	2026-09-06
caribjournal.com	6713	2026-09-06
carletonvilleherald.com	12062	2023-10-11
carlow-nationalist.ie	61865	2026-09-06
carlyleobserver.com	30710	2021-07-29
carmagazine.co.uk	5342	2026-09-04
carnegieendowment.org	5360	2026-09-03
carnewschina.com	6171	2026-09-06
carolinacoastonline.com	26735	2026-09-06
carolinajournal.com	10956	2026-09-04
carrollspaper.com	39861	2026-09-06
carscoops.com	53380	2026-09-06
carsguide.com.au	6540	2025-03-31
carsonnow.org	134251	2026-09-06
cartermatt.com	27960	2026-05-08
cartoonbrew.com	5186	2026-09-04
casino.org	7130	2026-09-06
castanet.net	188887	2023-11-21
castanetkamloops.net	74953	2026-09-06
castlegarsource.com	6203	2026-09-05
catcountry1029.com	17470	2026-09-06
catcountry1073.com	51208	2026-09-06
catholic.org	9621	2026-06-29
catholicculture.org	29572	2026-09-06
catholicnewsagency.com	11036	2026-01-23
catholicphilly.com	8714	2026-09-04
catholicregister.org	7558	2026-09-05
catholicworldreport.com	33034	2026-09-06
cathstan.org	5011	2026-09-05
caughtoffside.com	50255	2026-09-06
cavalierdaily.com	9552	2026-09-06
cbc.bb	20067	2026-09-06
cbc.ca	376871	2026-09-06
cbn.com	25109	2026-09-06
cbr.com	25341	2023-10-27
cbs12.com	45129	2026-09-06
cbs19.tv	57735	2026-06-06
cbs2iowa.com	41728	2026-09-06
cbs46.com	9757	2022-03-01
cbs4indy.com	5543	2024-08-20
cbs4local.com	41671	2026-09-06
cbs58.com	75909	2026-09-06
cbs6albany.com	41373	2026-09-06
cbs7.com	10489	2024-08-12
cbs8.com	55118	2026-06-05
cbsnews.com	211480	2026-09-06
ccenterdispatch.com	18399	2026-03-06
ccm.net	10814	2025-04-02
cdapress.com	23341	2026-09-01
cdispatch.com	19490	2026-09-05
cecildaily.com	19866	2026-09-06
cedarnews.net	5376	2026-09-06
cei.int	6682	2026-09-06
celebdirtylaundry.com	48710	2026-09-06
celebuzz.com	5937	2026-06-26
cemnet.com	10994	2026-09-04
centralasiatimes.com	33164	2026-09-06
centralchronicle.com	29979	2026-03-24
centraljersey.com	19200	2025-05-26
centralmaine.com	98210	2026-09-06
centralmoinfo.com	32171	2026-09-06
centraltelegraph.com.au	20824	2020-06-29
centralwesterndaily.com.au	64803	2026-09-06
centreforaviation.com	24951	2026-09-04
cessnockadvertiser.com.au	60372	2026-09-06
cfnrfm.ca	9656	2026-07-09
cfox.com	10919	2026-09-04
cfr.org	8043	2026-09-04
cfweradio.ca	6892	2026-09-04
cgtn.com	15100	2025-08-27
chad.co.uk	20199	2025-01-23
chaffeecountytimes.com	8045	2026-09-03
chalkbeat.org	8244	2026-09-03
championnewspapers.com	6119	2026-09-06
channel3000.com	131875	2026-09-06
channel4.com	20542	2026-09-06
channel5belize.com	19313	2025-05-24
channelafrica.co.za	14621	2026-09-06
channeleye.co.uk	5515	2024-08-12
channelnewsasia.com	178658	2026-09-06
channelstv.com	88519	2026-08-04
channelweb.co.uk	5809	2025-04-17
chanute.com	28950	2026-09-04
chapelboro.com	20147	2026-06-24
chardandilminsternews.co.uk	95857	2026-09-06
charismamag.com	18512	2023-07-17
charismanews.com	12185	2025-08-02
charkoosta.com	6547	2026-09-04
charlestoncitypaper.com	8354	2026-09-05
charlotteobserver.com	9913	2024-07-31
charter97.org	70754	2026-03-02
chathamdailynews.ca	48129	2026-09-06
chathamstartribune.com	10826	2026-09-04
chathamthisweek.com	37069	2026-03-13
chattanoogan.com	82129	2026-09-06
chattooga1180.com	12180	2026-09-06
chch.com	22379	2026-09-06
cheatsheet.com	28644	2026-03-18
cheboygannews.com	5551	2023-09-10
cheknews.ca	19445	2026-09-06
chelmsfordweeklynews.co.uk	115042	2026-08-14
chemeurope.com	7940	2026-09-04
chennaionline.com	17683	2026-09-06
cherokeephoenix.org	8535	2026-09-06
chessbase.com	10399	2026-09-06
chesterstandard.co.uk	154436	2026-09-06
chiangraitimes.com	23799	2026-09-06
chicagobusiness.com	22332	2026-07-06
chicagocrusader.com	8349	2026-09-05
chicagonow.com	9019	2022-08-18
chicagotribune.com	161760	2026-09-06
chichester.co.uk	7095	2022-02-10
chickashanews.com	6111	2026-09-03
chicoer.com	23728	2026-09-06
chieftain.com	9189	2023-09-11
chilecomparte.cl	24847	2026-09-06
chimpreports.com	15124	2026-09-06
china.org.cn	183984	2026-09-06
chinadaily.com.cn	593065	2026-09-06
chinadailyhk.com	10481	2025-01-27
chinadigitaltimes.net	8017	2026-06-05
chinafile.com	8466	2026-09-04
chinamil.com.cn	21546	2026-09-06
chinanationalnews.com	152527	2026-09-06
chinatechnews.com	9119	2026-09-06
chinaview.cn	30639	2026-03-19
chinookobserver.com	8042	2026-09-06
chipchick.com	23208	2026-09-06
chippewa.com	57999	2026-09-06
chorleycitizen.co.uk	18568	2023-02-07
chortle.co.uk	17991	2026-09-06
chosun.com	17595	2024-09-12
chrisd.ca	7743	2026-09-05
christianitydaily.com	5170	2026-09-05
christianitytoday.com	10688	2026-09-05
christiannewswire.com	6574	2026-09-04
christianpost.com	72275	2026-09-06
christiantoday.com	5348	2026-09-05
chron.com	549721	2025-11-18
chronicle-tribune.com	10424	2026-09-05
chronicle.co.zw	47194	2025-01-23
chronicle.com	5109	2025-11-18
chronicle.gi	7306	2026-03-17
chronicle.lu	35130	2026-09-06
chroniclejournal.com	68231	2026-09-06
chroniclelive.co.uk	133777	2026-09-06
chronicleonline.com	75212	2026-09-06
chronicletimes.com	5670	2026-09-04
chronline.com	36942	2026-09-06
chronogram.com	7773	2026-09-06
chvnradio.com	25639	2026-09-06
cinaradio.com	6461	2026-09-06
cincinnati.com	30235	2024-10-21
cincinnatimagazine.com	5784	2026-09-04
cincinnatisun.com	44311	2026-09-06
cincyjungle.com	14185	2026-09-06
cinemablend.com	85235	2026-09-06
cineuropa.net	5310	2022-08-20
cineuropa.org	28824	2026-03-27
cio.com	12010	2026-01-20
circlevilleherald.com	6632	2026-09-04
cisnfm.com	10147	2026-09-04
cities929.com	14835	2026-09-05
citizen-times.com	8165	2023-09-11
citizen.co.za	100137	2026-09-06
citizen.digital	7318	2026-02-22
citizen.on.ca	6474	2026-09-04
citizensvoice.com	57165	2026-09-06
citr.ca	5040	2025-11-02
city-countyobserver.com	15742	2026-01-31
cityam.com	61134	2026-09-06
citybeat.com	10354	2025-01-22
cityfarmer.info	5178	2026-09-06
citynews.com.au	18100	2025-09-04
citywatchla.com	9367	2026-09-04
cityweekly.net	5926	2026-08-28
citywireselector.com	7388	2022-10-19
civilbeat.org	8507	2026-08-24
civilserviceworld.com	7151	2026-09-04
civilsociety.co.uk	6055	2026-09-04
cjhk.ca	7829	2026-03-03
cjls.com	6152	2026-04-07
cjme.com	31479	2026-09-06
cjonline.com	13533	2023-09-11
cjoy.com	8910	2023-12-05
ckbw.ca	8373	2026-03-02
ckdr.net	10129	2025-10-01
ckfm.ca	6389	2024-05-10
ckom.com	32204	2026-09-06
ckua.com	10410	2026-09-06
ckxsfm.com	11678	2026-09-04
clactonandfrintongazette.co.uk	147193	2026-09-06
claimsjournal.com	13229	2026-09-04
clare.fm	25204	2026-09-06
clarechampion.ie	10298	2026-09-06
clareherald.com	7834	2026-09-06
claremoreprogress.com	7704	2026-09-06
clarionledger.com	9660	2023-09-11
clarksvillenow.com	13928	2026-09-06
clarksvilleonline.com	22106	2026-09-06
classic107.com	13578	2026-09-05
classiccountry1070.com	6263	2024-02-24
classichits925.com	10130	2026-09-04
classicrock1051.com	16764	2024-04-27
classicrock1069.com	5507	2022-01-10
classicrock961.com	32139	2026-09-06
classy100.com	35942	2026-09-06
claytodayonline.com	6672	2026-09-06
cleantechnica.com	34673	2026-09-06
clearwatertimes.com	29532	2026-09-06
clemsontigers.com	5718	2026-09-05
cleveland.com	30463	2026-03-09
cleveland19.com	48411	2026-09-06
clevelandbanner.com	12115	2026-09-05
clevelandbrowns.com	5494	2026-09-04
clevelandjewishnews.com	84839	2026-09-06
clevelandstar.com	114857	2026-09-06
clevescene.com	11266	2026-09-05
clichemag.com	14271	2026-08-15
click2houston.com	99036	2026-09-06
clickondetroit.com	162179	2026-09-06
clickorlando.com	135048	2026-09-06
clickthecity.com	7274	2025-10-21
clinicaladvisor.com	6655	2026-09-04
clinicalleader.com	7491	2026-09-04
clintonherald.com	38793	2026-09-06
clintonnewsrecord.com	23233	2026-09-06
closerweekly.com	6813	2026-09-06
cloverdalereporter.com	35092	2026-09-06
cltampa.com	9779	2026-09-04
club937.com	25037	2026-09-05
clutchpoints.com	38968	2026-06-13
clydebankpost.co.uk	101796	2026-09-06
cmcmarkets.com	5856	2026-03-09
cmo.com.au	5228	2024-01-20
cnbc.com	132763	2026-09-06
cnbcafrica.com	21817	2026-09-04
cnbctv18.com	7702	2026-03-19
cnc3.co.tt	20458	2026-08-25
cnet.com	451067	2026-09-06
cnn.com	300631	2026-09-06
cnnphilippines.com	80976	2024-01-29
cnsnews.com	60537	2025-08-26
cntraveler.com	6416	2026-09-05
cntraveller.com	5544	2026-09-05
cnweekly.com	12207	2021-07-26
cnycentral.com	32441	2026-09-06
cnynews.com	19387	2026-09-05
coast1009.com	20507	2026-09-06
coast931.com	5440	2026-09-05
coast973.com	8759	2026-09-06
coastalcourier.com	5696	2026-09-06
coastaldigest.com	19050	2026-07-27
coastalnewstoday.com	14623	2024-01-03
coastalpoint.com	6385	2026-09-04
coastalradio.ca	7186	2026-09-04
coastfm.co.uk	11110	2025-01-27
coastreporter.net	84071	2025-09-09
cobrapost.com	11804	2026-09-05
cochranetimes.com	9076	2026-09-06
cochranetimespost.ca	50167	2026-09-06
cochranetoday.ca	8500	2023-01-30
coffscoastadvocate.com.au	43733	2021-03-24
cogconnected.com	10591	2026-09-06
coincommunity.com	144852	2026-04-03
coindesk.com	30736	2026-08-18
coinspeaker.com	33290	2026-09-05
cointelegraph.com	42447	2026-09-06
coinweek.com	7781	2026-06-04
coladaily.com	8938	2026-09-06
coldlakesun.com	13054	2026-09-06
collider.com	121073	2026-09-06
colombogazette.com	9315	2026-09-06
colombopage.com	20989	2023-11-30
coloradoan.com	6487	2023-09-11
coloradohometownweekly.com	15819	2026-09-06
coloradopolitics.com	6290	2026-03-19
coloradostar.com	40892	2026-09-06
columbiabasinherald.com	7911	2026-08-28
columbiadailyherald.com	9127	2023-09-11
columbiagorgenews.com	18278	2026-09-06
columbiamissourian.com	27785	2026-09-06
columbian.com	104546	2026-09-06
columbiatribune.com	10247	2023-09-11
columbustelegram.com	53607	2026-09-06
combatpress.com	12242	2026-09-06
comicbook.com	188441	2026-09-06
comicbookmovie.com	27885	2026-09-06
comicsbeat.com	10732	2026-07-30
comingsoon.net	58572	2026-09-03
commercial-news.com	14696	2026-09-06
commercialappeal.com	11594	2023-09-11
commercialmotor.com	5370	2026-06-03
commercialobserver.com	12670	2026-09-06
comminit.com	8001	2026-07-10
commodityonline.com	27788	2025-02-12
commonsnews.org	7904	2023-06-14
communityadvocate.com	6738	2026-09-06
communityimpact.com	19614	2026-07-01
communitynewspapergroup.com	20002	2026-09-05
communitynewspapers.com	13226	2026-08-04
communityni.org	5202	2022-02-11
communitypress.ca	38218	2026-06-22
comoxvalleyrecord.com	33509	2026-09-06
complex.com	22137	2026-09-06
complianceweek.com	5518	2026-09-04
compositesworld.com	8889	2026-09-04
compsmag.com	6764	2024-03-22
computerweekly.com	39285	2026-09-04
computerworld.com	10980	2026-09-05
computing.co.uk	8424	2026-06-22
comunicati.net	56760	2022-02-08
con-telegraph.ie	57568	2026-09-06
concordmonitor.com	32442	2026-09-06
conference-news.co.uk	7651	2026-09-02
connachttribune.ie	15670	2026-02-24
connectionnewspapers.com	8936	2026-09-04
connectradio.fm	20277	2026-09-06
connectsavannah.com	7584	2026-09-05
connexionfrance.com	28414	2026-09-06
consilium.europa.eu	24508	2024-07-15
consortiumnews.com	5399	2026-09-04
constructiondive.com	7637	2026-09-05
constructionenquirer.com	5829	2026-09-04
constructionequipment.com	5201	2026-09-02
constructionequipmentguide.com	6389	2025-03-03
constructionnews.co.uk	14759	2026-09-04
constructionweekonline.com	8096	2024-07-13
consumerelectronicsnet.com	16079	2024-02-09
conwaydailysun.com	20429	2026-09-03
cookingchanneltv.com	5605	2023-03-29
cookislandsnews.com	10706	2026-09-06
cool987fm.com	12353	2026-09-05
coolsocial.net	9498	2023-01-16
coolum-news.com.au	20346	2020-06-29
coosavalleynews.com	10021	2026-09-06
cootamundraherald.com.au	38360	2026-09-06
corkindependent.com	9256	2026-09-04
cornell.edu	7728	2026-09-03
cornellsun.com	8724	2026-09-05
cornwalllive.com	6249	2026-08-05
cornwallseawaynews.com	24374	2026-09-06
coronadonewsca.com	13403	2026-09-05
corsicanadailysun.com	23564	2026-09-06
corvallisadvocate.com	6138	2026-09-05
cosmeticsandtoiletries.com	7465	2026-02-10
cosmopolitan.com	68614	2026-09-06
cosmosmagazine.com	9093	2025-10-20
cotswoldjournal.co.uk	103309	2026-09-06
countercurrents.org	22568	2026-09-06
counterpunch.org	23942	2026-09-03
country-guide.ca	5855	2025-05-21
country104.com	8333	2026-09-05
country105.com	10306	2026-08-28
country1053.ca	9597	2025-05-20
country93.ca	8563	2026-08-27
country94.ca	14854	2025-12-08
countrylife.co.uk	9544	2026-09-06
countryliving.com	9779	2026-09-06
countypress.co.uk	140552	2026-09-06
countytimes.co.uk	118978	2026-09-06
countyweeklynews.ca	37959	2026-06-22
courant.com	103541	2026-09-06
courier-journal.com	18161	2023-09-11
courier-tribune.com	11395	2026-09-06
courierjournal.net	8682	2026-09-04
couriermail.com.au	182103	2024-07-31
couriernews.com	67233	2026-09-06
courierpostonline.com	8906	2023-09-11
courierpress.com	8075	2023-09-11
courthousenews.com	44459	2026-07-16
coventryobserver.co.uk	11304	2026-09-06
coventrytelegraph.net	100345	2026-09-06
covers.com	37029	2026-09-06
covnews.com	5875	2026-09-06
cowboystatedaily.com	5388	2026-07-12
cowichanvalleycitizen.com	34029	2026-09-06
cowraguardian.com.au	27355	2026-09-03
cp24.com	106464	2026-09-06
cpac.ca	6601	2024-12-16
cpapracticeadvisor.com	11739	2026-09-04
cpbj.com	8732	2026-06-04
cpfc.co.uk	5012	2026-06-25
cphpost.dk	8238	2026-09-05
cpr.org	13301	2026-02-25
cqnews.com.au	44410	2021-04-28
cracked.com	31271	2026-09-06
craigdailypress.com	6483	2026-09-06
crainscleveland.com	13200	2026-06-18
crainsdetroit.com	16510	2026-03-31
crainsnewyork.com	16163	2026-03-16
cranbrooktownsman.com	30294	2026-09-05
crash.net	34173	2026-09-06
cravenherald.co.uk	155845	2026-09-06
crawleyobserver.co.uk	5858	2022-02-09
creativebloq.com	12886	2026-09-06
creativereview.co.uk	5161	2026-07-15
crescent-news.com	29652	2026-09-06
crestonnews.com	7203	2026-09-05
crestviewbulletin.com	6289	2026-09-05
crikey.com.au	14308	2026-09-04
crimeonline.com	7164	2026-03-18
crn.com	11395	2026-09-04
crn.com.au	12408	2026-09-04
crooksandliars.com	40787	2026-09-06
crookstontimes.com	5681	2025-01-30
crookwellgazette.com.au	70550	2026-09-06
crossmap.com	32940	2026-09-06
crossrhythms.co.uk	6798	2026-09-06
crossville-chronicle.com	27544	2026-09-05
crowdfundinsider.com	87115	2026-08-27
crowrivermedia.com	50371	2025-10-29
cruisehive.com	9665	2026-09-06
cruiseindustrynews.com	7536	2026-09-06
crunchyroll.com	15924	2023-01-31
cruxnow.com	13898	2026-09-06
csindy.com	6448	2025-04-21
csmonitor.com	25173	2026-09-05
csoonline.com	10280	2026-09-04
csrwire.com	8130	2026-09-04
ctgtribune.com	15346	2025-06-01
ctmirror.org	12722	2026-09-06
ctnewsjunkie.com	5600	2026-09-04
ctpost.com	162446	2025-10-26
ctpublic.org	7913	2026-03-18
ctvnews.ca	171366	2026-09-03
cubaheadlines.com	41564	2026-09-06
cubbiescrib.com	6013	2026-09-06
cuinsight.com	19885	2025-07-09
cullmantimes.com	10111	2026-09-02
cultofmac.com	9075	2026-09-06
culturemap.com	33510	2026-09-05
cumberlink.com	50606	2026-09-05
cumbriacrack.com	30229	2025-01-23
curacaochronicle.com	9522	2026-09-05
curbed.com	6111	2026-09-03
curetoday.com	6790	2026-02-12
currentargus.com	9014	2026-09-06
cwtv.com	5704	2026-09-01
cypnow.co.uk	6355	2026-06-19
cyprus-mail.com	82706	2026-09-06
dabangasudan.org	7153	2026-09-06
dagblog.com	50779	2025-10-13
daijiworld.com	141849	2026-03-16
daily-chronicle.com	8022	2020-12-17
daily-jeff.com	8203	2023-09-11
daily-journal.com	20849	2025-02-04
daily-sun.com	38361	2025-12-09
daily-times.com	5025	2023-09-10
daily-tribune.com	7635	2026-09-06
dailyadvance.com	57328	2026-09-06
dailyadvertiser.com.au	86244	2026-09-06
dailyadvocate.com	12256	2025-05-15
dailyamerican.com	13653	2023-09-11
dailyastorian.com	12656	2026-09-06
dailybreeze.com	49081	2026-09-06
dailybruin.com	6800	2026-09-06
dailybulldog.com	9770	2026-09-06
dailybulletin.com	46828	2026-09-06
dailycal.org	22378	2026-09-04
dailycaller.com	105490	2026-09-06
dailycamera.com	43551	2026-09-06
dailycampus.com	6517	2026-08-28
dailycardinal.com	7826	2026-09-06
dailycitizen.news	13575	2025-02-06
dailycomet.com	6054	2023-09-11
dailycommercial.com	9991	2023-09-11
dailydemocrat.com	13726	2026-09-06
dailydispatch.co.za	8453	2026-09-05
dailydot.com	46363	2026-09-06
dailyecho.co.uk	171599	2026-09-06
dailyemerald.com	6803	2026-08-25
dailyexaminer.com.au	42309	2021-03-24
dailyexcelsior.com	185786	2026-09-06
dailyexpress.com.my	91331	2026-07-01
dailyforex.com	11719	2026-09-06
dailyfreeman.com	44938	2026-09-06
dailyfx.com	24052	2024-08-30
dailygalaxy.com	10065	2026-09-06
dailygazette.com	86804	2026-09-06
dailyherald.com	120389	2025-09-08
dailyheraldtribune.com	14136	2026-09-05
dailyhive.com	64510	2026-09-06
dailyindependent.com	35981	2026-09-06
dailyinterlake.com	13599	2026-09-06
dailyiowegian.com	6412	2020-05-27
dailyitem.com	53530	2026-09-06
dailyjournal.net	102260	2025-05-15
dailyjournalonline.com	43088	2026-08-29
dailykos.com	182035	2026-09-06
dailyliberal.com.au	90378	2026-09-06
dailylocal.com	53008	2026-09-06
dailymail.co.uk	1278695	2026-04-21
dailymail.com	50458	2026-09-06
dailymaverick.co.za	79884	2026-09-06
dailymercury.com.au	49265	2021-06-23
dailymirror.lk	59269	2026-09-04
dailynebraskan.com	5299	2026-09-06
dailynews.co.th	6843	2023-07-05
dailynews.co.tz	15183	2026-09-06
dailynews.co.zw	16934	2026-09-06
dailynews.com	55952	2026-09-06
dailynews.lk	33827	2023-12-29
dailynewsegypt.com	14118	2025-01-26
dailynexus.com	5782	2026-09-05
dailynorseman.com	10653	2026-09-06
dailynorthwestern.com	12044	2026-09-04
dailyorange.com	9932	2025-02-23
dailypakistan.com.pk	18515	2026-09-06
dailypioneer.com	83071	2026-09-06
dailypolitical.com	632457	2026-09-06
dailypost.co.uk	94117	2026-09-06
dailypost.ng	286267	2026-09-06
dailypost.vu	15937	2026-09-05
dailypostathenian.com	20567	2026-09-04
dailypress.com	78697	2026-09-06
dailypress.net	23473	2026-09-06
dailyprincetonian.com	7886	2026-09-04
dailyprogress.com	57768	2026-09-06
dailyrecord.co.uk	308868	2026-09-06
dailyrecord.com	9244	2023-09-11
dailyrecordnews.com	22668	2026-09-06
dailyreporter.com	8550	2026-06-03
dailyrepublic.com	89840	2026-09-06
dailyridge.com	19085	2026-09-06
dailysabah.com	64821	2026-09-06
dailysentinel.com	5543	2026-09-05
dailysignal.com	26348	2026-07-17
dailystar.co.uk	321296	2026-09-06
dailystar.com.lb	7273	2025-09-29
dailystarjournal.com	8779	2020-11-25
dailysun.co.za	30224	2022-09-11
dailytarheel.com	10364	2026-09-04
dailytelegraph.com.au	163773	2024-07-31
dailythepatriot.com	17185	2026-09-06
dailytimes.com	17671	2026-09-05
dailytimes.com.pk	142364	2026-06-25
dailytrib.com	6779	2026-09-04
dailytribune.com	25590	2025-11-05
dailytrojan.com	9083	2026-09-05
dailytrust.com	70361	2026-09-06
dailytrust.com.ng	21882	2021-06-24
dailyunion.com	24030	2026-09-04
dailyuw.com	7176	2026-07-13
dailyvoice.com	184665	2026-07-03
dailyworld.com	5461	2023-09-11
dakotanewsnow.com	19744	2026-09-06
dakotawarcollege.com	8841	2026-09-03
dallascowboys.com	10899	2026-09-05
dallasnews.com	51183	2026-04-01
dallasobserver.com	9953	2026-09-04
dallassun.com	122052	2026-09-06
dallasvoice.com	8338	2026-09-04
daltonsbusiness.com	5651	2026-09-03
danspapers.com	9599	2026-09-06
darientimes.com	58921	2025-08-31
darkhorizons.com	21811	2026-09-06
darkreading.com	13187	2025-02-20
darlingtonandstocktontimes.co.uk	108058	2026-09-06
datacenterdynamics.com	18830	2025-06-14
datacenterknowledge.com	5810	2026-09-04
daventryexpress.co.uk	10264	2025-01-23
davisenterprise.com	23047	2026-09-05
dawgpounddaily.com	5408	2026-09-06
dawn.com	261252	2026-07-20
dayton.com	5431	2024-09-04
daytonatimes.com	5427	2026-09-03
daytondailynews.com	55092	2026-09-06
dazebaonews.it	6505	2026-01-15
dazeddigital.com	18172	2026-09-04
dcourier.com	8920	2026-09-06
dcvelocity.com	5171	2026-09-03
deadline.com	166121	2026-09-06
deadlinedetroit.com	11497	2026-09-06
dealstreetasia.com	39058	2026-09-06
decanter.com	5520	2026-09-04
decaturdaily.com	47479	2026-09-06
decaturish.com	6946	2026-09-04
deccanchronicle.com	133541	2026-09-06
deccanherald.com	64357	2026-03-15
decider.com	35324	2026-09-06
defence.pk	18327	2026-05-12
defenceweb.co.za	15605	2026-09-04
defensenews.com	12302	2026-09-06
defenseone.com	8916	2026-09-05
defenseworld.net	60871	2026-04-30
defpen.com	12285	2026-09-02
dekhnews.com	5202	2025-04-11
delano.lu	6113	2025-01-11
delaware.gov	9022	2026-09-04
delawareonline.com	12601	2023-09-11
delawarepublic.org	49051	2026-09-06
delawarestatenews.net	5676	2021-02-16
delcotimes.com	60311	2026-09-06
delfi.lt	5040	2026-09-04
delgazette.com	6444	2025-04-15
delmartimes.net	6342	2024-06-13
delmarvanow.com	6603	2023-09-11
delphosherald.com	5222	2026-08-05
delrionewsherald.com	10116	2021-01-22
delta-optimist.com	64492	2025-01-23
democracynow.org	35624	2026-09-04
democratandchronicle.com	9032	2023-09-11
democratherald.com	58518	2026-09-05
denbighshirefreepress.co.uk	109308	2026-09-06
denofgeek.com	8841	2026-09-05
dentonrc.com	31475	2026-09-06
denverbroncos.com	6352	2026-09-04
denverpost.com	53017	2026-09-06
derbyshiretimes.co.uk	23955	2025-01-23
derbytelegraph.co.uk	84975	2026-09-06
derryjournal.com	15278	2025-01-23
derrynow.com	41481	2026-05-21
deseret.com	38967	2026-09-06
desertsun.com	11610	2023-09-11
desiblitz.com	17091	2026-09-06
design-reuse.com	8414	2026-09-03
designboom.com	20499	2026-09-05
designnews.com	5853	2024-12-01
designyoutrust.com	5810	2026-09-04
desimartini.com	34149	2025-02-18
desmoinesregister.com	26539	2023-09-11
desototimes.com	5549	2026-09-05
destructoid.com	24027	2026-07-04
detroitnews.com	45794	2023-09-11
devdiscourse.com	137412	2026-07-03
developingtelecoms.com	15092	2026-09-04
devilslakejournal.com	6154	2026-09-05
devondispatch.ca	16065	2026-09-06
devonlive.com	9630	2026-06-20
dewsburyreporter.co.uk	12517	2025-01-23
dezeen.com	26904	2026-07-31
dfnionline.com	10078	2026-09-04
dglobe.com	30982	2026-09-06
dhakacourier.com.bd	8182	2026-09-05
dhakatribune.com	28341	2026-03-10
dhal3.com	8512	2026-09-06
diamonds.net	8812	2024-06-24
dicardiology.com	6370	2026-09-04
digg.com	25315	2026-09-06
diginomica.com	7199	2026-07-16
digit.in	31777	2026-09-06
digitaljournal.com	195122	2026-09-06
digitalsignagetoday.com	5055	2026-09-04
digitalspy.com	87459	2026-09-06
digitaltrends.com	42891	2026-09-03
digitimes.com	30285	2026-09-06
dinamalar.com	35342	2026-09-04
directorstalkinterviews.com	29266	2026-08-04
discoverairdrie.com	16820	2026-09-06
discoverestevan.com	19578	2026-09-06
discovermagazine.com	18473	2026-07-15
dispatch.com	35521	2023-09-11
dispatchlive.co.za	30383	2025-01-25
dissexpress.co.uk	20363	2026-09-06
dissidentvoice.org	9623	2026-03-22
divyabhaskar.co.in	28991	2026-09-04
diymag.com	10917	2026-09-04
djc.com	37594	2026-09-04
djcoregon.com	5745	2026-06-03
djmag.com	11990	2026-09-04
djournal.com	77510	2026-09-05
dl-online.com	30820	2026-09-06
dmagazine.com	16678	2026-09-06
dmnews.com	5459	2026-09-06
dnaindia.com	180911	2026-01-23
dnd.com.pk	16590	2026-09-06
dnews.com	30304	2026-08-30
dnj.com	6738	2023-09-11
dodgeglobe.com	8482	2026-09-06
dohanews.co	6774	2026-08-10
domain-b.com	5333	2026-09-01
dominicanrepublicpost.com	23869	2026-09-06
dominicantoday.com	14880	2026-09-06
doncasterfreepress.co.uk	24323	2025-01-23
donegallive.ie	27845	2026-05-20
donegalnews.com	16596	2026-09-06
doorcountydailynews.com	8065	2026-09-05
dorsetecho.co.uk	154421	2026-09-06
dose.ca	15049	2026-09-06
dothaneagle.com	63535	2026-09-05
dotnews.com	7919	2026-09-04
douglas-budget.com	37080	2026-09-04
downtoearth.org.in	20586	2026-09-06
drapersonline.com	18488	2026-09-04
draytonvalleywesternreview.com	15026	2026-09-06
drbicuspid.com	11808	2025-10-30
dreadcentral.com	17509	2026-09-06
dredgingtoday.com	11581	2026-09-06
drgnews.com	26256	2026-09-05
drive.com.au	41233	2026-05-31
driving.ca	14516	2026-09-06
droid-life.com	7767	2026-09-06
droitwichadvertiser.co.uk	19310	2021-05-03
droitwichstandard.co.uk	9971	2026-09-06
drudge.com	18526	2026-09-06
drugstorenews.com	5369	2025-09-08
dslreports.com	19516	2025-02-26
dtinews.vn	5601	2023-07-17
dtnext.in	7229	2024-12-16
dtnpf.com	9896	2026-09-06
dualshockers.com	27813	2026-09-06
dubaicityguide.com	7087	2026-09-05
dublinlive.ie	7571	2026-03-11
dudleynews.co.uk	128778	2026-09-06
duke.edu	6329	2026-09-03
duke.fm	22680	2026-09-06
dukechronicle.com	8423	2026-07-09
dukefmduluth.com	7915	2025-03-18
duluthnewstribune.com	64553	2026-09-06
dumbartonreporter.co.uk	89337	2026-09-06
duncanbanner.com	13392	2026-09-06
dundalkdemocrat.ie	56109	2026-05-14
dunfermlinepress.com	104009	2026-09-06
dungogchronicle.com.au	55837	2026-09-06
dunmowbroadcast.co.uk	31178	2026-09-06
dunyanews.tv	151414	2026-09-06
dupagepolicyjournal.com	21932	2026-09-06
dupontregistry.com	7662	2026-01-09
durangoherald.com	96530	2026-09-06
durhamregion.com	24111	2026-08-29
dutchnews.nl	22022	2026-09-06
dvidshub.net	16259	2025-01-26
dw.com	121578	2026-09-06
dwell.com	7097	2026-09-04
dynamicbusiness.com	6152	2026-09-06
e-flux.com	10344	2026-09-06
e-know.ca	17854	2026-09-06
eacourier.com	9908	2026-09-04
eadt.co.uk	139172	2026-09-06
eaglecountryonline.com	9366	2026-09-06
eagledayton.com	9191	2026-09-06
eaglesanantonio.com	8864	2026-09-06
eagletimes.com	12955	2025-11-19
eagletribune.com	126258	2026-09-06
ealingtimes.co.uk	114792	2026-09-06
earthquake-report.com	9134	2025-07-21
earthquakenewstoday.com	63211	2025-12-30
earthsky.org	5425	2026-09-06
eastbayri.com	9672	2026-09-05
eastbaytimes.com	78189	2026-09-06
eastbourneherald.co.uk	6199	2022-02-09
eastcountymagazine.org	18882	2026-09-06
easternmirrornagaland.com	37081	2026-08-31
easternontarionetwork.com	44622	2026-06-15
easternriverinachronicle.com.au	94733	2026-09-06
eastidahonews.com	45732	2026-07-09
eastlondonadvertiser.co.uk	36290	2026-09-06
eastlothiancourier.com	106773	2026-09-06
eastoregonian.com	24204	2026-09-06
easttexasradio.com	16668	2026-09-04
eastvalleytribune.com	5889	2026-09-05
easy93.com	5313	2025-06-14
easyreadernews.com	7295	2026-07-25
eater.com	25016	2026-09-04
eaworldview.com	6856	2026-09-06
ebar.com	17369	2025-01-23
ecb.europa.eu	5729	2026-09-02
echo-news.co.uk	178034	2026-09-06
echo.net.au	11542	2025-01-23
echolive.ie	59650	2026-09-06
echonews.com.au	18377	2020-06-29
echopress.com	33815	2026-09-06
ecns.cn	39089	2026-09-04
eco-business.com	11787	2026-09-04
ecofinagency.com	6427	2026-03-19
econintersect.com	7938	2025-01-23
economist.com	30787	2025-09-05
economynext.com	6721	2026-02-28
econotimes.com	89938	2026-09-06
ecr.co.za	44937	2026-09-06
ed.fm	9524	2026-09-06
edenmagnet.com.au	81914	2026-09-06
edge.ca	11074	2026-08-31
edie.net	8412	2025-01-23
editorandpublisher.com	17546	2026-09-05
editorinleaf.com	5344	2026-09-05
edmonton.ctvnews.ca	26612	2025-01-23
edmontonexaminer.com	22667	2026-06-29
edmontonjournal.com	37834	2026-09-06
edmontonsun.com	73234	2026-09-06
edp24.co.uk	178688	2026-09-06
edsource.org	6670	2026-06-24
educationtimes.com	11479	2026-09-06
edweek.org	5624	2026-06-03
eejournal.com	10638	2026-09-04
eenadu.net	5152	2026-08-08
eenews.net	41827	2026-08-28
efe.com	19085	2026-04-15
effinghamdailynews.com	16882	2026-09-04
effinghamradio.com	11493	2026-09-06
efinancialcareers.com	6219	2026-09-04
egyptindependent.com	19358	2026-09-06
eham.net	20324	2026-09-06
ehfcl.com	251751	2020-08-27
einnews.com	148652	2024-06-01
ejpress.org	6109	2026-09-06
ekathimerini.com	5808	2020-04-10
el-balad.com	202972	2026-09-06
elclasificado.com	8848	2026-07-16
eldoradonews.com	14521	2026-09-06
electric949.com	8021	2026-09-05
electronicsweekly.com	19288	2026-09-04
electropages.com	10931	2026-09-04
elitedaily.com	16168	2026-09-05
elitetraveler.com	5317	2026-09-06
elkharttruth.com	19269	2026-09-06
elkodaily.com	54518	2026-09-06
elle.com	21987	2026-09-06
elliotlakestandard.ca	47816	2026-09-06
ellsworthamerican.com	9470	2026-09-06
ellwoodcityledger.com	6226	2023-09-11
elmwoodparkschools.org	17893	2022-03-02
elpais.com	24608	2026-09-06
elpasoinc.com	107080	2026-09-06
elpasotimes.com	10448	2023-09-11
elwakt.com	34770	2024-06-08
elystandard.co.uk	40315	2026-09-06
emarketer.com	5619	2026-09-04
emirates247.com	15362	2026-06-10
emissourian.com	13520	2025-09-01
emmetsburgnews.com	5143	2026-09-03
empireofthekop.com	18011	2026-09-06
empireonline.com	11779	2026-09-05
emporiagazette.com	25712	2026-09-05
empr.com	10903	2026-09-04
ems1.com	12851	2026-09-06
en.apa.az	71449	2026-09-06
en.ce.cn	31942	2026-09-06
en.dangcongsan.vn	5991	2024-10-12
en.gmw.cn	7405	2025-07-02
en.kremlin.ru	5656	2026-09-06
en.people.cn	122699	2026-09-06
en.portnews.ru	5371	2026-03-08
en.qantara.de	10657	2023-10-26
en.qdnd.vn	9658	2026-03-18
en.tempo.co	46933	2026-09-06
en.trend.az	72164	2025-07-09
en.vietnamplus.vn	79240	2026-03-16
enca.com	64957	2026-09-06
endocrinologyadvisor.com	7956	2026-09-04
energeticcity.ca	21691	2026-07-21
energy-pedia.com	23634	2026-09-06
energy-storage.news	7996	2026-09-04
energy953.com	10401	2026-08-06
energycentral.com	24116	2025-05-30
energyfm.net	6729	2026-07-31
energyglobal.com	7447	2025-12-09
energylivenews.com	17219	2026-09-04
energyvoice.com	5581	2025-01-10
enewschannels.com	7361	2026-09-04
enewscourier.com	16077	2026-09-06
enfieldindependent.co.uk	96697	2026-09-06
eng.belta.by	41337	2026-03-10
eng.kavkaz-uzel.eu	8155	2026-09-06
eng.lsm.lv	5866	2025-01-02
engadget.com	47311	2026-09-06
engineering.com	5996	2026-09-04
engineeringnews.co.za	38488	2026-07-31
english.news.cn	296207	2026-09-06
english.pravda.ru	8260	2026-09-06
english.radio.cz	19874	2026-09-06
english.republika.mk	10846	2026-09-06
english.vov.vn	15732	2026-03-16
english.wafa.ps	187917	2026-09-06
enidnews.com	39046	2026-09-06
enn.com	13929	2026-09-04
enr.com	5553	2026-09-05
enrsi.rtvs.sk	5287	2025-01-19
enstarz.com	28233	2026-09-05
enterprisenews.com	7137	2023-09-11
enterprisepub.com	5494	2026-09-04
entornointeligente.com	10144	2026-09-03
entrepreneur.com	10046	2026-09-04
envirotech-online.com	5000	2025-08-14
enviweb.cz	6581	2026-07-14
eonline.com	84290	2026-09-06
ephotozine.com	35871	2025-11-18
eppingforestguardian.co.uk	97641	2026-09-06
eptrail.com	12756	2026-09-06
epw.in	9851	2026-09-05
equibase.com	25375	2026-04-29
equipmentworld.com	5145	2026-05-28
equitybulls.com	75655	2026-09-06
erienewsnow.com	93170	2026-09-06
escapistmagazine.com	8261	2026-06-09
esmmagazine.com	11252	2026-09-04
espn.com	59087	2026-03-19
esquire.com	30684	2026-09-06
essence.com	30981	2026-07-07
essexlive.news	5571	2026-07-02
estevanmercury.ca	31586	2021-07-29
etcanada.com	13319	2023-10-30
eteknix.com	18442	2026-09-06
etfdailynews.com	228558	2025-10-07
etftrends.com	32437	2026-08-03
ethanolproducer.com	8063	2026-09-06
etnow.com	11208	2026-09-04
etonline.com	71395	2026-03-25
eturbonews.com	153793	2026-06-28
eugenedailynews.com	6102	2024-08-21
euobserver.com	13457	2026-09-06
euractiv.com	39817	2026-01-22
eurasiareview.com	40562	2026-09-06
eurekalert.org	75764	2026-09-03
eureporter.co	11352	2026-06-18
euro-petrole.com	8203	2026-09-04
eurogamer.net	42807	2026-09-06
euronews.com	109386	2026-09-06
europapress.es	9010	2026-09-03
europeanpharmaceuticalreview.com	5123	2026-03-26
europeantour.com	5282	2025-06-12
europesun.com	176786	2026-09-06
eurovoix.com	11500	2026-09-06
euroweeklynews.com	6756	2026-03-19
eurweb.com	31784	2026-09-06
evanstonnow.com	9268	2026-09-06
eveningexpress.co.uk	107905	2021-11-08
eveningnews24.co.uk	103465	2026-09-06
eveningtelegraph.co.uk	66368	2021-09-22
eveningtimes.co.uk	5790	2023-03-07
eveningtribune.com	7512	2023-09-11
eventhubs.com	16207	2026-09-06
evertiq.com	8597	2026-09-04
everydayhealth.com	6853	2026-09-04
everything2.com	36374	2026-01-01
eveshamjournal.co.uk	112200	2026-09-06
evo.co.uk	5732	2026-09-06
ew.com	37810	2026-03-17
ewn.co.za	108728	2026-09-06
ewnews.com	5168	2023-02-02
ewrestlingnews.com	80712	2025-07-14
examiner.com.au	82805	2026-09-06
examiner.net	9536	2026-09-03
excelsio.net	6988	2026-09-06
exchangerates.org.uk	12962	2025-11-03
exclaim.ca	27617	2026-09-06
executivebiz.com	8801	2026-09-04
executivegov.com	9243	2026-09-04
exetertoday.ca	10155	2026-09-06
expatforum.com	5471	2026-01-22
expertclick.com	11569	2026-09-04
expertreviews.co.uk	10190	2026-09-04
exploreseiowa.com	26330	2026-03-30
explosion.com	5518	2026-08-31
express.co.uk	401786	2026-09-06
expressandstar.com	67218	2026-03-26
expressnews.com	67773	2025-08-28
extra.ie	5396	2026-03-14
extralunchmoney.com	14998	2024-09-26
extratime.com	7732	2025-09-09
extratv.com	6067	2026-09-06
extremetech.com	8332	2025-01-22
eyeonannapolis.net	17518	2026-09-06
eyeontaiwan.com	5141	2023-03-22
eyeradio.org	16946	2026-09-06
f4wonline.com	34485	2026-09-06
faceofmalawi.com	45142	2026-09-04
fairfaxtimes.com	10986	2026-09-04
fairfieldcitizenonline.com	69732	2022-03-01
fairfieldsuntimes.com	44704	2026-09-06
fairmontsentinel.com	9845	2026-09-05
fairviewpost.com	13276	2026-09-06
falkirkherald.co.uk	16511	2025-01-23
falmouthpacket.co.uk	134157	2026-09-06
famagusta-gazette.com	18052	2025-12-06
familydestinationsguide.com	9807	2026-03-19
famoushookups.com	22648	2025-04-17
fandompost.com	50583	2026-09-02
fangoria.com	7995	2026-07-30
fangraphs.com	27278	2026-09-06
fansided.com	53657	2026-09-06
fantasypros.com	7629	2025-08-19
faribaultcountyregister.com	16270	2026-09-06
fark.com	5825	2026-07-15
farmersjournal.ie	50487	2026-08-07
farminglife.com	11464	2025-01-23
farminguk.com	14556	2026-09-06
farmprogress.com	14728	2024-08-06
farmweekly.com.au	36027	2026-09-06
fastcasual.com	9510	2026-09-04
fastcompany.com	6912	2026-06-28
fauquier.com	6250	2026-09-02
fauquiernow.com	6592	2026-08-28
fayettetribune.com	6250	2026-09-05
fayobserver.com	12278	2023-09-11
faz.net	6154	2026-08-07
fbcnews.com.fj	8735	2026-03-19
fbherald.com	33801	2026-08-21
fdlreporter.com	8392	2023-09-11
feedstuffs.com	9101	2024-11-15
femalefirst.co.uk	39054	2026-09-06
femina.in	9345	2026-09-05
fenlandcitizen.co.uk	21660	2026-09-06
fermanaghherald.com	9655	2026-09-06
fftimes.com	9081	2026-09-04
fhtimes.com	13015	2026-09-06
fibre2fashion.com	15979	2026-06-02
fiercebiotech.com	5682	2026-06-16
fiercepharma.com	5647	2026-08-24
fifetoday.co.uk	14548	2025-01-23
fijilive.com	17738	2025-04-23
fijisun.com.fj	17522	2026-09-06
fijitimes.com	45574	2023-11-30
fijivillage.com	48080	2026-09-06
file770.com	21349	2026-09-06
fillmorecountyjournal.com	7786	2026-09-04
film-news.co.uk	52859	2026-09-06
filmfare.com	23560	2026-09-06
filmibeat.com	49578	2026-09-06
fin24.com	6131	2020-06-05
finance-commerce.com	15997	2026-06-03
financial-news.co.uk	12159	2026-09-06
financial-planning.com	11201	2026-09-04
financialbuzz.com	18207	2025-09-03
financialcontent.com	220282	2026-09-06
financialexpress.com	186827	2026-07-15
financialpost.com	51765	2026-09-06
financialstandard.com.au	7425	2025-01-23
finanzen.ch	37411	2026-09-06
finanzen.net	5403	2026-07-29
finanznachrichten.de	780419	2026-09-06
finchannel.com	6374	2026-09-06
finextra.com	9191	2025-12-08
fingerlakes1.com	62682	2026-09-06
finsmes.com	35430	2025-06-09
firehouse.com	7549	2026-09-06
firerescue1.com	12268	2026-09-06
firetrench.com	6866	2021-10-26
firstalert4.com	20971	2026-09-06
firstalert7.com	6048	2026-09-06
firstcoastnews.com	63319	2026-06-05
firstcomicsnews.com	20739	2026-09-06
firstlightradio.com	26626	2024-02-14
firstpost.com	146450	2026-03-17
firstshowing.net	12438	2026-09-06
fitsnews.com	6272	2026-09-05
fitzhugh.ca	40958	2025-08-29
flaglerlive.com	13821	2026-09-06
flagpole.com	6054	2026-05-20
flanews.com	6192	2025-11-07
flcourier.com	8197	2026-09-05
fleetnews.co.uk	7396	2026-07-24
fleetworld.co.uk	7142	2026-08-27
flickeringmyth.com	32796	2026-09-06
flightaware.com	9179	2026-08-13
flightglobal.com	22749	2026-09-06
floppingaces.net	14162	2026-02-11
floridanewswire.com	8800	2026-09-03
floridapolitics.com	10589	2026-04-06
floridastatesman.com	63351	2026-09-06
floridatoday.com	13611	2023-09-11
floridatrend.com	5415	2026-09-04
floridaweekly.com	16142	2026-09-06
floydct.com	16182	2026-09-06
fltimes.com	23425	2026-09-06
fluther.com	16626	2026-09-06
fly92.com	5376	2026-09-06
flyingmag.com	9511	2026-09-05
fm104.ie	17269	2026-09-06
fm96.com	8106	2026-09-06
fm99.com	5960	2026-09-04
fnarena.com	17895	2026-06-17
focusdailynews.com	7010	2026-09-05
focustaiwan.tw	61082	2026-09-06
fohonline.com	5394	2026-09-03
fonearena.com	19166	2026-09-05
fontanaheraldnews.com	11937	2026-09-03
foodandwine.com	5391	2026-02-23
foodbev.com	9709	2026-09-06
fooddive.com	7225	2026-09-06
foodista.com	14756	2026-08-05
foodmanufacture.co.uk	7620	2026-09-04
foodnavigator-usa.com	7309	2026-07-08
foodnavigator.com	7388	2026-09-04
foodsafetynews.com	5324	2026-09-06
fool.ca	50441	2026-06-04
fool.co.uk	40206	2026-05-12
fool.com	371246	2026-09-06
fool.com.au	49200	2026-06-04
football.london	13513	2023-02-02
football365.com	5098	2023-02-02
footwearnews.com	13853	2025-05-13
forbes.com	625295	2026-09-04
forbesadvocate.com.au	27382	2026-09-06
forbesindia.com	9772	2026-09-05
forcechange.com	8351	2026-09-06
forconstructionpros.com	13234	2025-12-29
ford-trucks.com	36815	2025-08-25
foreignaffairs.co.nz	50515	2025-01-23
foreignpolicy.com	17080	2026-09-06
forexcrunch.com	25695	2026-02-02
forexlive.com	77319	2025-07-19
forextv.com	134608	2025-08-05
forimmediaterelease.net	5687	2026-09-06
formula1.com	18255	2026-09-06
forsythnews.com	6959	2026-09-06
fortmcmurraytoday.com	14458	2026-09-06
fortmorgantimes.com	32557	2026-09-06
fortsaskatchewanrecord.com	15360	2026-09-06
fortune.com	45693	2026-09-06
fortworthbusiness.com	9236	2026-09-04
forward.com	24830	2026-09-03
fosters.com	9701	2023-09-11
foundry-planet.com	5200	2026-09-04
fourfourtwo.com	25980	2026-09-06
fox1023.com	18038	2026-09-02
fox10phoenix.com	91872	2026-09-06
fox10tv.com	36091	2026-09-06
fox11online.com	45002	2026-09-06
fox13memphis.com	39508	2026-09-06
fox13news.com	58518	2026-09-06
fox13now.com	35987	2026-09-06
fox13seattle.com	27851	2026-09-06
fox17.com	40529	2026-09-06
fox17online.com	64134	2026-09-06
fox19.com	38464	2026-09-06
fox21online.com	32206	2026-09-06
fox23.com	36407	2026-09-06
fox23maine.com	48649	2026-09-06
fox26houston.com	68707	2026-09-06
fox29.com	76798	2026-09-06
fox2detroit.com	55673	2026-09-06
fox2now.com	9453	2025-07-02
fox32chicago.com	89922	2026-09-06
fox34.com	27876	2026-09-06
fox35orlando.com	93543	2026-09-06
fox40.com	5235	2025-07-03
fox42kptm.com	8687	2026-09-04
fox43.com	71906	2026-06-25
fox4beaumont.com	32721	2026-09-06
fox4kc.com	7267	2025-07-02
fox4news.com	61009	2026-09-06
fox56.com	37729	2026-09-06
fox59.com	7441	2025-11-18
fox5atlanta.com	94481	2026-09-06
fox5dc.com	65016	2026-09-06
fox5ny.com	70309	2026-09-06
fox5vegas.com	24575	2026-09-06
fox61.com	63743	2026-06-06
fox6now.com	85647	2026-09-06
fox7austin.com	73620	2026-09-06
fox8.com	7734	2026-05-31
fox8live.com	31455	2026-09-06
fox8tv.com	13759	2026-09-03
fox9.com	55220	2026-09-06
fox969.com	19677	2026-09-06
foxbaltimore.com	49127	2026-09-06
foxbangor.com	61390	2026-09-06
foxbusiness.com	77098	2026-09-06
foxcarolina.com	32247	2026-09-06
foxcincinnati.com	9318	2026-09-06
foxillinois.com	29535	2026-09-05
foxla.com	68978	2026-09-06
foxnews.com	376508	2026-09-06
foxradiook.com	11447	2026-08-18
foxreno.com	31909	2026-09-06
foxrochester.com	28247	2026-09-06
foxsanantonio.com	49204	2026-09-06
foxsports.com.au	6342	2023-07-05
foxtel.com.au	12343	2026-06-23
foxwilmington.com	40869	2026-09-06
foxy99.com	14195	2026-09-06
france24.com	167191	2026-02-12
franklinfavorite.com	27571	2026-09-03
frasercoastchronicle.com.au	46313	2021-04-28
fredericknewspost.com	41957	2026-09-06
fredericksburg.com	57224	2026-09-06
freebeacon.com	20721	2026-09-06
freedom929.com	10264	2026-09-03
freedom95.us	6434	2026-08-29
freedom970.com	7973	2026-09-04
freemalaysiatoday.com	101500	2026-09-06
freep.com	46354	2024-06-25
freepressjournal.in	441876	2026-09-06
freepressseries.co.uk	92242	2026-09-06
freerepublic.com	482993	2026-09-06
freestonecountytimesonline.com	5286	2026-08-31
freethoughtblogs.com	6655	2026-09-06
freightwaves.com	6759	2026-01-21
freightweek.org	5255	2026-09-04
fremonttribune.com	72324	2026-09-06
freshfruitportal.com	9349	2026-09-04
freshplaza.com	83621	2026-09-04
fresnobee.com	5973	2024-07-17
frieze.com	5071	2026-01-28
froggy1003.com	11395	2026-09-06
froggy929.com	10680	2025-05-24
froggyweb.com	26904	2026-09-06
frontiersman.com	8569	2026-06-10
frontpageafricaonline.com	26174	2026-09-06
frontpagemag.com	21141	2026-05-29
fruitnet.com	10024	2025-09-04
ft.com	12476	2026-02-05
ft.lk	47466	2026-09-06
ftadviser.com	14956	2026-09-04
ftnnews.com	15128	2026-06-04
ftvlive.com	13056	2026-09-06
fudzilla.com	5476	2026-01-06
fukuoka-now.com	6145	2026-09-04
fultonsun.com	11727	2026-09-06
fun107.com	26757	2026-09-06
funds-europe.com	7852	2026-09-04
fundsforngos.org	24511	2026-09-03
funkytaurusmedia.com	147057	2026-09-06
furninfo.com	7158	2025-09-04
furnituretoday.com	11167	2026-06-04
futaa.com	15659	2020-11-27
futurity.org	10458	2026-08-31
fwi.co.uk	19489	2026-09-06
fwweekly.com	5729	2026-09-04
fxempire.com	10506	2026-03-09
fxstreet.com	125442	2026-03-05
gadget.co.za	7017	2026-09-06
gadgetsmagazine.com.ph	6250	2026-09-04
gadsdentimes.com	8135	2023-09-11
gainesville.com	15883	2023-09-11
gainesvilleregister.com	6882	2026-09-06
gainesvilletimes.com	11439	2026-09-06
galesburg.com	6937	2023-09-11
galusaustralis.com	7671	2020-08-18
galvnews.com	42094	2026-09-06
galwaybayfm.ie	21899	2026-09-06
gamasutra.com	12921	2022-06-24
gamenguide.com	6842	2026-09-04
gamepur.com	22146	2024-08-14
gamerant.com	133443	2026-09-06
gameranx.com	19279	2026-09-04
gamereactor.eu	24824	2026-09-06
gamerevolution.com	10468	2026-09-02
gamesindustry.biz	19336	2026-09-04
gamespot.com	45822	2026-01-20
gamesradar.com	65426	2026-09-06
gamewatcher.com	5274	2026-09-06
gamingbolt.com	19719	2026-09-06
gamingintelligence.com	5329	2026-09-04
gananoquereporter.com	40328	2026-08-29
ganggreennation.com	8437	2026-09-06
gardenandgun.com	5201	2026-09-03
garoweonline.com	7886	2026-09-06
gasgoo.com	16536	2026-09-06
gastongazette.com	9600	2023-09-11
gasworld.com	10705	2026-05-24
gator995.com	17875	2026-09-04
gattonstar.com.au	44798	2021-04-28
gaytimes.co.uk	10016	2024-05-06
gazetaexpress.com	24763	2026-08-05
gazette-news.co.uk	148504	2026-09-06
gazette.com	190717	2026-09-06
gazetteandherald.co.uk	120665	2026-09-06
gazetteherald.co.uk	145373	2026-09-06
gazettejournal.net	6346	2026-09-02
gazettelive.co.uk	93196	2026-09-06
gazettenet.com	37176	2026-09-06
gazetteseries.co.uk	118198	2026-09-06
gazettetimes.com	49368	2026-09-06
gazettextra.com	54185	2026-09-06
gbtribune.com	13121	2026-09-05
gcaptain.com	19533	2026-09-06
gcmaz.com	12920	2026-09-06
gctelegram.com	8452	2026-08-20
gdnonline.com	172047	2026-09-06
gds.ro	6100	2024-11-05
gearjunkie.com	12055	2026-08-14
geekwire.com	13044	2026-08-20
geeky-gadgets.com	48625	2026-08-25
geekzone.co.nz	7406	2026-09-06
geelongadvertiser.com.au	108115	2026-09-06
geneamusings.com	9467	2026-09-06
genengnews.com	9392	2026-06-04
geneticliteracyproject.org	10187	2026-03-20
geo.tv	155223	2026-09-06
geograph.org.uk	6215	2024-07-13
georgeherald.com	32570	2026-09-06
georgiatoday.ge	15668	2026-09-04
geosuper.tv	35186	2026-09-06
getreading.co.uk	50971	2024-05-03
getreligion.org	6582	2024-02-02
getsurrey.co.uk	89566	2026-09-06
gettysburgtimes.com	31644	2026-09-06
ggrasia.com	7764	2026-06-29
ghanafa.org	6775	2026-09-06
ghanaiantimes.com.gh	42897	2026-09-04
ghanamma.com	122663	2026-09-06
ghananewsagency.org	7849	2020-05-06
ghanaweb.com	247740	2026-03-03
ghettoradio.co.ke	9958	2026-09-06
giants.com	7573	2026-09-03
gigulate.com	36126	2026-05-21
gigwise.com	5681	2026-09-06
gillettenewsrecord.com	39634	2026-09-06
gilmermirror.com	24692	2026-09-06
giornaledibrescia.it	8277	2026-04-11
girlslife.com	6625	2026-09-06
gisborneherald.co.nz	15364	2025-02-04
gisuser.com	10408	2026-09-06
github.com	10491	2026-09-06
gizbot.com	5744	2026-07-23
gizchina.com	41225	2026-09-06
gizmochina.com	11012	2026-03-19
gizmodo.co.uk	9499	2020-09-09
gizmodo.com	56569	2026-09-06
gizmodo.com.au	32551	2024-07-11
gjsentinel.com	107510	2026-09-06
gladstoneobserver.com.au	52613	2021-06-23
glamour.com	14888	2026-09-06
glamsham.com	61860	2026-09-06
glasgowtimes.co.uk	193632	2026-09-06
glasgowworld.com	9356	2025-01-23
glassonweb.com	9061	2026-09-04
gleninnesexaminer.com.au	47253	2026-09-06
glidemagazine.com	8568	2026-09-05
globalbankingandfinance.com	7320	2026-08-24
globalcapital.com	15451	2025-10-20
globalcement.com	8163	2026-09-04
globalissues.org	10145	2026-09-06
globalnews.ca	152595	2026-09-06
globalsecurity.org	146493	2026-09-06
globalsistersreport.org	6075	2026-09-05
globaltimes.cn	59046	2026-09-06
globalvoices.org	7082	2026-09-06
globegazette.com	55354	2026-09-06
globenewswire.com	285961	2025-11-14
globes.co.il	15761	2026-09-04
gloucesteradvocate.com.au	61015	2026-09-06
gloucestershirelive.co.uk	11049	2026-05-13
gloucestertimes.com	34487	2026-09-06
gmanetwork.com	22387	2026-07-19
gmatclub.com	29293	2025-11-20
gmauthority.com	17532	2025-11-18
gmenhq.com	6552	2026-09-06
gna.org.gh	11444	2026-02-22
gnnliberia.com	14109	2026-09-06
go.com	359868	2026-02-10
go955.com	17481	2024-10-08
goal.com	111252	2026-03-19
gobankingrates.com	23052	2026-09-03
gocomics.com	23592	2025-08-13
gocountry105.com	10968	2026-09-05
godanriver.com	49567	2026-09-06
goderichsignalstar.com	23142	2026-09-06
goerie.com	15023	2023-09-11
goldcoastbulletin.com.au	141462	2024-07-30
goldderby.com	20479	2026-09-06
goldseiten.de	22114	2026-03-23
golocalprov.com	16443	2026-07-21
goodereader.com	5478	2026-09-06
goodhousekeeping.com	18462	2026-09-06
goodmenproject.com	69387	2025-01-23
gopusa.com	16072	2025-01-21
gosanangelo.com	5421	2023-09-11
goshennews.com	83554	2026-09-06
goskagit.com	267773	2026-09-06
goss.ie	42237	2026-09-06
gossipcop.com	5937	2021-09-01
gothamist.com	22682	2026-09-06
goulburnpost.com.au	96027	2026-09-06
goupstate.com	13769	2026-05-17
gov.uk	110972	2026-09-04
govconwire.com	8746	2026-09-06
governing.com	13959	2026-09-06
governorswindenergycoalition.org	7053	2026-09-03
govexec.com	12419	2026-09-03
govinfosecurity.com	16117	2026-09-05
govtech.com	21034	2026-09-06
gowatertown.net	27456	2026-09-06
gpb.org	15009	2026-09-06
gponline.com	5504	2026-07-02
gq-magazine.co.uk	12658	2026-09-06
gq.co.za	5419	2026-09-06
gq.com	12933	2026-09-04
gqindia.com	9800	2026-09-06
grainews.ca	6978	2025-05-22
grandforksgazette.ca	29394	2026-09-06
grandforksherald.com	73883	2026-09-06
grandhaventribune.com	18687	2026-09-06
grandprix.com	9689	2026-09-06
grandprix247.com	19780	2026-09-06
grandrapidsmn.com	32144	2026-09-06
granthamjournal.co.uk	6444	2023-12-04
graphic.com.gh	61981	2026-09-06
gratefulweb.com	24603	2026-09-06
graziadaily.co.uk	5049	2026-02-03
grbj.com	6001	2023-04-15
greanvillepost.com	9155	2026-09-06
great98.net	10150	2022-09-19
greatbendpost.com	35451	2026-09-06
greaterbelize.com	6321	2026-09-05
greatfallstribune.com	6218	2023-09-08
greatlakesadvocate.com.au	60821	2026-09-06
greekcitytimes.com	18898	2026-03-10
greekherald.com	63326	2026-09-06
greekreporter.com	30344	2026-06-07
greeleytribune.com	37546	2026-09-06
greenbaypressgazette.com	11617	2023-09-11
greencarcongress.com	11692	2024-07-30
greenevillesun.com	20216	2026-09-06
greenfieldreporter.com	43235	2025-05-15
greenleft.org.au	8170	2026-09-04
greenocktelegraph.co.uk	129006	2026-09-06
greensboro.com	56391	2026-09-06
greensburgdailynews.com	40161	2026-09-04
greenvilleonline.com	6965	2023-09-11
greenwichfreepress.com	7085	2026-09-05
greenwichtime.com	135194	2025-06-12
grenadachronicle.com	18458	2026-09-06
grenfellrecord.com.au	26154	2026-09-03
grimsbytelegraph.co.uk	77958	2026-09-06
grmdaily.com	11485	2026-06-28
groove993.com	11369	2026-06-19
ground.news	19048	2025-01-25
groundup.org.za	8686	2026-09-05
gsmarena.com	43591	2026-09-06
guampdn.com	51837	2026-09-06
guardian-series.co.uk	98141	2026-09-06
guardian.co.tt	48218	2026-09-06
guardian.ng	78980	2026-04-05
guelphmercury.com	10082	2026-09-06
guernicamag.com	7443	2026-07-15
guernseypress.com	80171	2026-09-06
guitarworld.com	17112	2026-09-06
gulf-times.com	55670	2026-09-06
gulf104.com	21698	2026-09-06
gulfbusiness.com	19994	2026-04-03
gulfcoastmedia.com	8028	2026-09-06
gulfcoastnewsnow.com	25552	2026-09-06
gulfnews.com	196617	2026-09-06
gulftoday.ae	52129	2026-03-19
gulte.com	41356	2026-09-06
gurlstudio.com	5527	2023-02-20
gurufocus.com	19152	2026-07-11
guyanachronicle.com	6750	2020-07-23
gvnews.com	8932	2026-09-05
gwdtoday.com	125393	2025-11-04
gwhatchet.com	8711	2026-09-05
gwinnettdailypost.com	84620	2026-09-03
gx94radio.com	26721	2026-09-06
gympietimes.com.au	53769	2021-04-28
haaretz.com	65191	2026-09-06
haberler.com	9534	2026-08-25
haberx.com	6873	2025-09-08
habseyesontheprize.com	6608	2026-09-04
hackaday.com	11211	2026-09-06
hackneygazette.co.uk	30012	2026-09-06
haitilibre.com	10079	2026-09-06
haitisun.com	50115	2026-09-06
halesowennews.co.uk	142054	2026-09-06
halfwheel.com	11520	2026-09-06
halifax.citynews.ca	6698	2025-10-14
halifaxcourier.co.uk	18225	2025-01-23
haligonia.ca	5444	2026-09-04
hallmarknews.com	16299	2026-09-06
halsteadgazette.co.uk	124884	2026-09-06
hamhigh.co.uk	56342	2026-09-06
hamlethub.com	14689	2026-09-06
hamodia.com	8109	2023-02-02
hampshirechronicle.co.uk	149046	2026-09-06
hampshirereview.com	7545	2026-09-02
hancinema.net	58309	2026-09-06
hanfordsentinel.com	25707	2026-09-06
hani.co.kr	11947	2026-09-06
hannaherald.com	8903	2026-09-06
hannibal.net	11439	2026-09-05
hannity.com	16708	2026-08-05
hapakenya.com	9251	2026-09-03
hapblog.com	8337	2025-05-22
harboroughmail.co.uk	11120	2025-01-23
hardcoregamer.com	13351	2026-09-06
hardenexpress.com.au	47835	2026-09-06
hardwoodparoxysm.com	9005	2026-09-02
harnesslink.com	28229	2026-09-06
harpersbazaar.com	25131	2026-09-04
harringayonline.com	47250	2026-09-06
harrisondaily.com	22278	2026-09-06
harrogate-news.co.uk	6203	2026-09-06
harrogateadvertiser.co.uk	15619	2025-01-23
harrowtimes.co.uk	95676	2026-09-06
hartenergy.com	8026	2025-09-18
hartfordbusiness.com	21129	2026-09-04
hartfordcitynewstimes.com	37115	2026-09-02
hartlepoolmail.co.uk	13236	2025-01-23
harvard.edu	14323	2026-09-04
harwichandmanningtreestandard.co.uk	128097	2026-09-06
hauraki.co.nz	9265	2026-09-04
havanatimes.org	6945	2026-09-06
havasunews.com	37187	2026-09-06
havredailynews.com	12009	2026-07-19
hawaii.edu	8770	2026-09-05
hawaiinewsnow.com	43745	2026-09-06
hawaiipublicradio.org	26695	2026-09-06
hawaiitelegraph.com	124296	2026-09-06
hawaiitribune-herald.com	19231	2026-09-06
hawkesburygazette.com.au	56749	2025-07-28
hayspost.com	33212	2026-09-06
hazard-herald.com	28134	2026-09-06
hcamag.com	10363	2026-09-05
hccommunityjournal.com	9806	2026-09-05
hcplive.com	11811	2026-03-27
hd983.com	16151	2026-07-03
hdnews.net	6728	2026-09-01
headlineplanet.com	8732	2026-09-06
healio.com	39239	2026-09-06
health.com	6689	2026-03-17
healthcanal.com	7276	2025-02-04
healthcaredive.com	7890	2026-09-05
healthcarefinancenews.com	5465	2026-06-03
healthcareitnews.com	14929	2026-06-04
healthday.com	6695	2026-09-04
healthleadersmedia.com	15931	2026-06-30
heart.co.uk	21214	2026-09-04
heartfm.ca	13742	2026-09-06
heaven1460.com	9105	2026-08-18
heavy.com	23260	2026-06-18
hedgeweek.com	6175	2026-05-20
helenair.com	64146	2026-09-06
helihub.com	5597	2024-07-26
hellenicshippingnews.com	161950	2026-09-06
hellobeautiful.com	5489	2026-09-06
hellomagazine.com	108018	2026-09-06
helsinkitimes.fi	6516	2026-09-06
hemeltoday.co.uk	10711	2025-01-23
hendersondispatch.com	16066	2026-09-05
hendersonvillelightning.com	6396	2026-09-05
henleystandard.co.uk	11084	2026-09-06
henricocitizen.com	6274	2026-09-05
henryherald.com	63907	2026-09-05
hepburnadvocate.com.au	49441	2026-09-06
her.ie	53028	2026-06-26
herald-citizen.com	11666	2026-09-05
herald-dispatch.com	53662	2026-09-06
herald-review.com	67848	2026-09-06
herald-zeitung.com	14474	2026-09-06
herald.co.zw	61471	2025-01-23
heraldandnews.com	23067	2026-09-05
heraldbanner.com	8832	2026-09-06
heraldbulletin.com	61506	2026-09-06
heraldcourier.com	40957	2026-09-06
heralddemocrat.com	9159	2026-09-05
heraldextra.com	19732	2026-09-05
heraldglobe.com	154728	2026-09-06
heraldgoa.in	15546	2026-09-06
heraldlive.co.za	30798	2025-01-25
heraldmailmedia.com	43614	2023-09-11
heraldmalaysia.com	22801	2026-03-11
heraldnet.com	18472	2026-09-05
heraldnews.com	11208	2023-09-11
heraldpalladium.com	36627	2026-09-06
heraldscotland.com	148661	2026-09-06
heraldseries.co.uk	135498	2026-09-06
heraldstandard.com	20077	2026-09-05
heraldstaronline.com	20965	2026-09-05
heraldsun.com.au	122647	2024-07-31
heraldtribune.com	22337	2023-09-11
herefordtimes.com	68245	2026-09-06
heritage.org	39650	2026-08-17
heritagefl.com	10157	2026-09-03
hermistonherald.com	7665	2026-09-05
hertfordshiremercury.co.uk	22775	2025-11-04
hertsad.co.uk	39342	2026-09-06
hexham-courant.co.uk	130399	2026-09-06
hexus.net	6999	2025-02-25
hiawathaworldonline.com	37475	2026-08-31
hickoryrecord.com	49262	2026-09-06
hiddenremote.com	6542	2026-09-06
highlandcountypress.com	24711	2026-09-06
highlandradio.com	54471	2026-09-06
highrivertimes.com	9112	2026-09-06
highschoolot.com	5755	2026-06-09
highsnobiety.com	22023	2026-09-05
highway989.com	9763	2026-09-03
hillingdontimes.co.uk	121096	2026-09-06
hillsdale.net	5253	2023-09-11
hilltimes.com	8279	2026-09-06
hindi.cri.cn	10627	2026-09-06
hindustantimes.com	524588	2026-09-06
hiphopdx.com	39549	2026-05-18
hiphopnc.com	12057	2026-09-06
hiphopwired.com	11942	2026-09-06
hirunews.lk	7226	2026-03-05
history.com	12388	2026-09-05
historyextra.com	5358	2026-09-06
hitc.com	92018	2026-09-06
hitconsultant.net	9470	2026-09-04
hits1053sanantonio.com	6955	2026-09-04
hits96.com	18302	2026-09-03
hits973.com	9954	2026-09-05
hitsfm.net	44959	2026-09-06
hjnews.com	24674	2026-09-05
hltv.org	128348	2025-08-12
hngn.com	51882	2026-09-06
hngnews.com	44292	2026-09-06
hoganstand.com	26645	2026-09-06
hogshaven.com	9982	2026-09-06
hola.com	24432	2026-09-06
hollandsentinel.com	16685	2023-09-10
hollywoodlife.com	31576	2026-08-05
hollywoodreporter.com	71705	2026-09-06
homelandsecuritynewswire.com	9366	2026-09-06
homenewshere.com	66381	2026-09-06
homernews.com	5242	2026-09-06
hometownregister.com	116672	2026-09-06
hometownsource.com	76942	2026-09-06
hometownstation.com	24326	2026-09-06
hometownstations.com	72302	2026-09-06
hongkongherald.com	47740	2026-09-06
honisoit.com	6616	2026-09-03
honolulumagazine.com	9655	2026-09-06
hoodline.com	5815	2025-01-23
hopestandard.com	38847	2026-09-06
horseandhound.co.uk	18763	2026-09-06
hortweek.com	23116	2026-07-02
hospitalitydesign.com	5914	2026-08-17
hospitalitynet.org	56909	2026-06-29
hot101.com	10724	2026-09-06
hot1017.com	6653	2025-01-24
hot1029.com	15215	2026-09-04
hot1033.com	9470	2026-09-06
hot1047.com	28529	2026-09-06
hot105fm.com	7129	2026-09-05
hot1077radio.com	9073	2026-09-06
hot96.com	35278	2026-09-06
hot967.fm	5584	2023-03-17
hot967fm.com	26799	2026-09-04
hot969boston.com	25413	2026-09-06
hot97.com	17485	2026-09-06
hot975fm.com	16966	2026-09-06
hotair.com	92753	2026-09-06
hotaugusta.com	15199	2026-09-06
hotcountrybull.com	7573	2024-01-26
hoteliermiddleeast.com	7467	2023-03-21
hotelnewsresource.com	11290	2026-09-05
hotelscombined.com	5959	2026-09-01
hothardware.com	11804	2026-09-06
hotpress.com	16250	2026-09-06
hotspotatl.com	11103	2026-09-06
houmatoday.com	11760	2023-09-11
houseandgarden.co.uk	6427	2026-09-04
housebeautiful.com	11543	2026-09-06
housingwire.com	16740	2026-09-06
houstonchronicle.com	122357	2025-07-23
houstonherald.com	13228	2026-09-05
houstoniamag.com	5736	2026-09-03
houstonianonline.com	8925	2026-09-03
houstonpress.com	7834	2026-09-04
houstonpublicmedia.org	29878	2026-09-06
houstontexans.com	5312	2026-09-05
howestreet.com	11006	2026-08-18
howstuffworks.com	14191	2026-04-20
howtogeek.com	31287	2026-09-06
hpcwire.com	13520	2026-08-24
hpherald.com	5672	2026-09-05
hpj.com	14729	2026-09-05
hppr.org	50434	2026-09-06
hpr2.org	8519	2021-06-02
hrmagazine.co.uk	19243	2026-05-29
hrreporter.com	6814	2026-09-04
hrw.org	12034	2026-09-04
hsj.co.uk	13651	2025-09-05
htrnews.com	10229	2023-09-11
htsstlucia.org	6314	2026-09-05
htxt.co.za	12212	2026-09-03
hub-4.com	6310	2026-09-06
hubcityradio.com	7977	2026-09-06
hubspot.com	7731	2026-09-04
hucknalldispatch.co.uk	11608	2025-01-23
hudsoncountyview.com	10686	2026-09-06
hudsonreporter.com	7874	2026-04-24
hudsonstarobserver.com	6212	2026-09-06
hudsonvalley360.com	28171	2024-04-23
hudsonvalleycountry.com	44212	2026-09-06
huewire.com	25119	2026-09-03
huffingtonpost.ca	6676	2021-03-09
huffingtonpost.co.uk	41561	2026-09-06
huffpost.com	59785	2026-08-17
hulldailymail.co.uk	102571	2026-09-06
human-wrongs-watch.net	5228	2026-03-01
humanevents.com	9405	2026-09-06
humanitariannews.org	105823	2021-09-28
humanresourcesonline.net	8010	2026-09-04
humboldtjournal.ca	32771	2021-07-29
hungarytoday.hu	25024	2026-09-06
huntspost.co.uk	40143	2026-09-06
hup.hu	6524	2026-09-02
hurriyetdailynews.com	45605	2026-09-06
huskeradio.com	11885	2026-09-02
huskerstoday.com	7252	2026-09-06
hutchnews.com	11848	2023-09-10
hydrocarbonprocessing.com	13808	2026-09-04
hypebeast.com	63481	2026-02-15
hypebot.com	13070	2026-09-04
hyperallergic.com	10288	2026-09-05
i1071.com	8884	2021-04-30
i24news.tv	27992	2026-09-06
i95rock.com	15897	2026-09-06
i95rocks.com	19462	2026-09-06
iafrica.com	22496	2026-09-06
iam-media.com	5328	2026-03-21
ianslive.in	304808	2026-09-06
ibcworldnews.com	25408	2026-09-06
iberianet.com	8444	2022-06-22
iberkshires.com	37163	2026-09-06
iberonews.com	6187	2026-09-04
ibinews.com	10505	2025-09-04
ibj.com	7868	2026-08-31
ibtimes.co.in	58707	2026-09-06
ibtimes.co.uk	76975	2026-09-06
ibtimes.com	194507	2026-09-06
ibtimes.com.au	33182	2026-09-06
ibtimes.sg	7279	2026-03-16
icaew.com	8209	2026-09-06
icenews.is	9943	2026-09-06
iconnect007.com	14962	2026-06-11
icsf.net	13330	2026-09-04
idahobusinessreview.com	7707	2026-06-04
idahopress.com	80147	2026-09-06
idahostatejournal.com	94507	2026-09-06
idahostatesman.com	5302	2024-07-30
ideastream.org	19744	2026-09-06
idg.com.au	6314	2023-02-14
idiva.com	19682	2026-09-05
idrw.org	67285	2026-09-06
idsnews.com	12818	2026-09-06
ieyenews.com	17503	2026-03-17
ifa.com.au	6640	2026-06-25
ifamagazine.com	11527	2026-01-16
ifiberone.com	57438	2023-02-15
ifp.co.in	18205	2026-08-31
igamingbusiness.com	15361	2026-09-05
igberetvnews.com	7537	2025-11-26
ign.com	82651	2026-09-06
iheart.com	15365237	2026-09-06
ijpr.org	33226	2026-09-06
ijr.com	5157	2026-03-19
ilfordrecorder.co.uk	29793	2026-09-06
illawarramercury.com.au	100960	2026-09-06
illinoistimes.com	9595	2026-09-06
ilonggotechblog.com	9762	2026-09-05
ilovebobfm.com	10042	2026-09-06
iloveqatar.net	6388	2025-11-27
imemc.org	10432	2026-09-06
imore.com	27836	2025-05-23
imparcialoaxaca.mx	5071	2026-04-01
impartialreporter.com	120297	2026-09-06
imt.ie	5961	2026-09-05
in-cumbria.com	15141	2026-09-06
in.gr	6927	2026-09-05
inc.com	5320	2025-08-22
inc42.com	11305	2024-02-02
indaily.com.au	8422	2025-01-20
indcatholicnews.com	9480	2026-09-06
inddist.com	9485	2025-10-03
indeonline.com	8553	2023-09-11
independantexpress.com	14258	2026-02-17
independent.co.uk	264690	2026-09-06
independent.com	17919	2026-09-06
independent.com.mt	25070	2026-09-06
independent.ie	289738	2026-05-19
independentnews.com	25166	2026-09-06
independentsentinel.com	45911	2026-06-10
independenttribune.com	46464	2026-09-06
india.com	282169	2026-02-23
indiablooms.com	36027	2026-09-06
indiaeducationdiary.in	58277	2026-09-06
indiagazette.com	268599	2026-09-06
indiainfoline.com	12028	2026-09-04
indianagazette.com	5626	2026-03-19
indianapolisrecorder.com	5862	2026-04-02
indianautosblog.com	9032	2026-07-13
indiancooperative.com	14757	2026-09-06
indianewengland.com	28012	2026-09-06
indianexpress.com	484102	2026-07-31
indiankanoon.org	73062	2026-09-06
indiantelevision.com	24132	2025-01-23
indianweekender.co.nz	14734	2026-09-06
indiapost.com	10627	2026-09-05
indiatimes.com	2683216	2026-09-06
indiatoday.in	181286	2026-06-29
indiatvnews.com	127245	2026-07-15
indiawest.com	25524	2026-06-22
indiedb.com	15816	2025-11-16
indiewire.com	16685	2026-09-06
indonesiatribune.com	16866	2026-09-03
industrialinfo.com	10201	2026-09-04
industrytoday.co.uk	5784	2024-08-30
indysmix.com	10811	2026-09-06
indystar.com	25111	2023-09-11
indyweek.com	5238	2026-02-12
inews.co.uk	6841	2026-08-19
inewsgr.com	13360	2026-09-06
inferse.com	6299	2026-09-05
infiniteunknown.net	11693	2025-04-11
infonews.co.nz	8667	2026-09-04
inform.kz	15122	2023-09-17
informationng.com	37545	2026-09-06
informationweek.com	6934	2026-09-03
inforum.com	97809	2026-09-06
infosecurity-magazine.com	11862	2026-09-04
infotechlead.com	6904	2026-09-06
infotel.ca	204502	2026-05-01
infowars.com	37273	2025-06-05
infoworld.com	9585	2026-09-05
inlander.com	12993	2026-09-06
inlandnewstoday.com	17481	2026-09-06
inman.com	20720	2026-07-07
inmaricopa.com	9252	2026-09-05
innovationintextiles.com	5685	2026-09-03
innovationtoronto.com	12603	2025-07-14
inquirer.com	79452	2026-09-06
inquirer.net	248051	2026-09-06
inquisitr.com	72061	2025-05-14
insidebitcoins.com	25597	2026-08-19
insideclimatenews.org	5881	2026-06-23
insideedition.com	15008	2025-09-11
insideevs.com	27736	2026-09-06
insidefutbol.com	17740	2026-09-06
insidefutures.com	7921	2020-12-29
insidehalton.com	13659	2026-09-06
insidehighered.com	9322	2026-05-12
insideindianabusiness.com	21670	2026-09-04
insidelacrosse.com	6347	2024-12-01
insidenova.com	69173	2026-09-06
insideottawavalley.com	9138	2026-09-06
insidepulse.com	6992	2026-09-03
insider.com	15591	2024-01-08
insideretail.asia	9016	2026-09-04
insidermedia.com	8897	2025-01-23
insidermonkey.com	175216	2026-09-06
insidethegames.biz	24663	2024-09-13
insidetheiggles.com	7367	2026-09-06
insightnews.com	6637	2026-09-05
instinctmagazine.com	5432	2026-09-06
institutionalinvestor.com	6333	2025-12-11
instyle.com	18917	2026-03-17
insuranceage.co.uk	7934	2026-09-04
insurancebusinessmag.com	31333	2026-09-06
insuranceinsider.com	7698	2026-08-18
insurancejournal.com	72903	2026-09-06
insurancenewsnet.com	70667	2026-06-04
integra927.com	5224	2024-06-03
intelligencer.ca	51796	2026-09-06
intelligentinsurer.com	11876	2026-09-05
interest.co.nz	14711	2026-09-06
interestingengineering.com	6703	2026-03-19
interfax.com	40978	2026-03-19
interfax.com.ua	62304	2026-09-05
intergameonline.com	15693	2026-05-17
interior-news.com	28293	2026-09-06
interlochenpublicradio.org	36088	2026-09-06
international-adviser.com	7989	2026-09-03
internationaltimes.it	5958	2026-09-05
intouchweekly.com	14221	2026-09-06
intrafish.com	14916	2026-09-06
inverelltimes.com.au	55396	2026-09-06
inverness-courier.co.uk	80221	2026-09-06
investegate.co.uk	555466	2026-09-04
investing.com	84818	2026-03-26
investinglive.com	16387	2026-09-06
investingnews.com	18656	2026-09-03
investmentexecutive.com	18662	2026-08-11
investmentnews.com	16717	2026-09-04
investmentwatchblog.com	56406	2026-09-06
investmentweek.co.uk	18105	2026-08-25
investopedia.com	18705	2026-03-17
investordaily.com.au	10101	2026-06-24
investorideas.com	8307	2026-09-04
investorplace.com	21589	2026-09-04
investors.com	46664	2026-09-06
investorschronicle.co.uk	12685	2026-09-04
invezz.com	37889	2025-09-23
inyourpocket.com	5334	2026-09-05
iol.co.za	227944	2025-01-23
iomtoday.co.im	27687	2026-09-06
iowapublicradio.org	50476	2026-09-06
iowastatedaily.com	6934	2026-09-06
ipe.com	9537	2025-09-04
ipolitics.ca	10831	2025-04-24
ipowerrichmond.com	13552	2026-09-06
ippmedia.com	8175	2025-02-26
ipsnews.net	18113	2026-09-04
ipswichadvertiser.com.au	21261	2020-06-29
ipswichstar.co.uk	94112	2026-09-06
ipwatchdog.com	9287	2026-09-04
iradio.ie	8846	2026-09-03
iranherald.com	69826	2026-09-06
iranoilgas.com	7065	2026-09-06
iraq-businessnews.com	6728	2026-09-06
iraqinews.com	11959	2026-09-06
iraqsun.com	82863	2026-09-06
irasciblemusings.com	20726	2024-01-20
irishamerica.com	6788	2026-07-27
irishcentral.com	19311	2026-09-06
irishdentist.ie	6852	2026-09-06
irishecho.com	5607	2026-09-04
irishexaminer.com	122418	2026-09-06
irishmirror.ie	175798	2026-09-06
irishnews.com	85934	2026-09-06
irishsun.com	49020	2026-09-06
irishtimes.com	224381	2026-09-06
ironmountaindailynews.com	25257	2026-09-06
irrawaddy.com	10690	2025-12-09
irrigator.com.au	53420	2026-09-06
irvinetimes.com	93902	2026-09-06
islamicinvitationturkey.com	12631	2026-09-06
island.lk	54091	2026-07-27
islandpacket.com	5017	2024-07-29
islands.com	24774	2026-09-06
islingtongazette.co.uk	29459	2026-09-06
islingtontribune.co.uk	6253	2026-09-04
ispreview.co.uk	5644	2026-09-06
israelherald.com	37974	2026-09-06
israelnationalnews.com	249900	2026-09-06
israeltoday.co.il	6119	2025-04-16
isthmus.com	15862	2026-09-06
it-online.co.za	82974	2026-09-06
italian.cri.cn	11460	2026-09-06
itbrief.co.nz	14096	2026-09-06
itbusinessnet.com	162904	2026-09-06
itechpost.com	18316	2026-09-04
itemlive.com	12695	2026-09-06
itemonline.com	17965	2026-09-06
ithaca.com	6406	2026-09-06
ithacajournal.com	5125	2023-09-11
itnews.com.au	11477	2026-09-06
itnewsafrica.com	10486	2026-08-31
itnewsonline.com	131433	2026-08-10
itnonline.com	8075	2026-09-04
itp.net	8530	2023-03-21
itpro.co.uk	9219	2023-04-11
itsnicethat.com	7904	2026-09-04
itv.com	100917	2025-06-02
itweb.co.za	14672	2026-09-04
itwire.com	23369	2026-09-06
ivpressonline.com	91598	2026-09-05
iwf.org	6281	2025-09-09
iwradio.co.uk	54362	2026-09-06
j-14.com	5231	2025-08-11
jacarandafm.com	48171	2026-09-06
jacksonprogress-argus.com	67470	2026-09-06
jacksonsun.com	6477	2023-09-11
jacksonville.com	16128	2023-09-11
jacksonvilleprogress.com	10842	2026-09-05
jagonews24.com	28631	2026-04-15
jagranjosh.com	83650	2026-09-06
jaguars.com	7040	2026-09-06
jalopnik.com	26357	2026-09-06
jamaica-gleaner.com	92599	2026-09-06
jamaica-star.com	40826	2026-09-04
jamaicantimes.com	41366	2026-09-06
jamaicaobserver.com	222488	2026-09-06
jambands.com	7148	2026-09-06
jambase.com	11492	2025-12-12
jamestown.org	5203	2026-08-20
jamestownsun.com	52798	2026-09-06
janes.com	20543	2026-09-02
japanherald.com	68432	2026-09-06
japantimes.co.jp	118950	2026-09-06
japantoday.com	73520	2026-09-06
jaxdailyrecord.com	8843	2024-01-03
jaysjournal.com	5263	2026-09-06
jayski.com	6195	2025-01-18
jbhe.com	9414	2026-09-05
jckonline.com	8271	2026-09-05
jcnnewswire.com	16950	2026-09-06
jconline.com	6301	2023-09-10
jcpost.com	27883	2026-09-06
jdnews.com	13009	2026-09-05
jdsupra.com	313287	2026-07-15
jeepforum.com	5241	2026-06-11
jerseyeveningpost.com	82722	2026-09-06
jewishjournal.com	10648	2023-03-03
jewishlink.news	5362	2023-06-17
jewishpress.com	42073	2026-09-06
jewishtimes.com	5277	2026-09-04
jewishworldreview.com	8667	2026-09-04
jezebel.com	10296	2026-09-06
jg-tc.com	57148	2026-09-06
jhnewsandguide.com	18074	2026-09-06
jhu.edu	18643	2026-09-06
jns.org	33195	2026-09-06
joblo.com	39802	2026-07-30
joe.co.uk	22824	2026-04-16
joe.ie	23908	2026-04-15
johnogroat-journal.co.uk	46744	2026-09-06
johnsoncitypress.com	21521	2025-12-16
jonathanturley.org	7683	2026-09-06
joplinglobe.com	90152	2026-09-06
jordantimes.com	57693	2026-09-06
jose947.com	15323	2025-03-13
journal-advocate.com	30903	2026-09-06
journal-news.com	39034	2026-09-06
journal-news.net	28186	2026-09-06
journal-spectator.com	9839	2025-11-25
journal-topics.com	8842	2026-09-06
journal.com.ph	15071	2026-09-06
journalgazette.net	79242	2026-09-06
journalinquirer.com	22390	2023-06-03
journalism.co.uk	5500	2026-09-04
journalismpakistan.com	7338	2026-09-06
journalnow.com	73540	2026-09-06
journalpatriot.com	10404	2026-09-04
journalpioneer.com	22877	2020-11-11
journalrecord.com	37118	2026-06-03
journalreview.com	11104	2026-09-06
journalstandard.com	5432	2023-09-10
journalstar.com	111485	2026-09-06
journaltimes.com	69630	2026-09-05
jowhar.com	8213	2026-09-06
jox2fm.com	41278	2025-07-23
joxfm.com	19321	2026-09-06
joy.org.au	12146	2026-09-06
jpost.com	177911	2026-09-06
jsonline.com	32169	2023-09-11
jta.org	11234	2025-05-12
jtv.com	50638	2026-09-03
jumpradio.ca	7574	2026-08-31
juneauempire.com	8134	2026-09-06
juneesoutherncross.com.au	105943	2026-09-06
juniorminingnetwork.com	21209	2026-09-06
junkee.com	6676	2026-02-19
jurist.org	6889	2026-03-19
just-auto.com	11404	2026-09-04
just-drinks.com	7709	2026-09-04
just-food.com	9023	2026-09-04
just-style.com	9264	2026-09-04
justarsenal.com	17965	2026-09-06
justblogbaby.com	5906	2026-09-06
justice.gov	5015	2025-11-26
justiceinfo.net	9754	2026-09-06
justicenewsflash.com	7822	2026-07-14
justjared.com	611881	2026-07-05
justjaredjr.com	121466	2026-09-06
justmeans.com	17128	2023-01-06
justsecurity.org	5617	2026-09-04
juxtapoz.com	6197	2026-05-13
jweekly.com	11405	2026-09-05
jwire.com.au	13918	2026-09-01
k100country.com	5883	2026-09-06
k101fm.net	41439	2026-04-22
k1047.com	23800	2026-09-06
k105.com	12302	2026-08-31
k12.wi.us	18159	2026-08-13
k2radio.com	26491	2026-09-05
k923orlando.com	9171	2026-09-04
k945.com	38546	2026-09-06
k96fm.com	17488	2026-09-06
k985.com	5843	2020-12-09
k99.com	22561	2026-09-06
k99online.com	6541	2026-01-28
k99wigm.com	8249	2026-09-04
kaaltv.com	75975	2026-03-17
kabc.com	30305	2026-09-06
kachwanya.com	7096	2026-09-03
kacu.org	57037	2026-09-06
kafe.com	5753	2026-09-05
kagstv.com	38121	2026-06-06
kaieteurnewsonline.com	31936	2026-09-06
kait8.com	34936	2026-09-06
kajo.com	5836	2026-09-03
kake.com	51659	2026-09-06
kalb.com	17766	2026-09-06
kalw.org	49098	2026-09-06
kamcity.com	15232	2025-11-18
kamloopsbcnow.com	12419	2026-09-06
kamloopsthisweek.com	20035	2023-10-27
kansascity.com	5375	2024-07-30
kansaspublicradio.org	24110	2026-09-06
kanw.com	37966	2025-07-07
kaok.com	41957	2026-09-06
kare11.com	62042	2026-06-25
karennews.org	7338	2026-09-05
karriere.at	11037	2024-03-25
kashmirlife.net	43202	2026-09-06
kashmirreader.com	50891	2026-09-06
kashmirtimes.com	19701	2026-09-06
kashmirtimes.in	16699	2025-04-18
kasu.org	96062	2026-09-06
katc.com	47394	2026-09-01
katcountry989.com	44876	2026-09-04
katherinetimes.com.au	63871	2026-09-06
kathmandupost.com	28655	2026-09-06
katm.com	6283	2026-09-06
katsfm.com	43549	2026-09-06
katt.com	9415	2026-09-06
katu.com	44154	2026-09-06
katv.com	36347	2026-09-06
kawc.org	63916	2026-09-06
kawowo.com	7443	2026-09-06
kazu.org	68252	2026-09-06
kbat.com	27932	2026-09-06
kbcy.com	5531	2026-09-06
kber.com	8827	2026-09-06
kbew98country.com	5114	2026-09-06
kbft.org	7862	2026-09-02
kbhbradio.com	8708	2025-01-23
kbia.org	37993	2026-09-06
kbnd.com	7585	2026-09-04
kbnwnews.com	5551	2026-09-02
kboo.fm	6901	2026-09-05
kbrx.com	7761	2026-08-20
kbs.co.kr	65514	2026-09-06
kbtt.fm	20149	2026-08-31
kbtx.com	28507	2026-09-06
kbull93.com	13417	2022-09-06
kbur.com	16653	2026-09-04
kbzk.com	39502	2026-09-06
kcbd.com	30984	2026-09-06
kcbx.org	31966	2026-09-06
kcby.com	35757	2026-09-06
kcchronicle.com	7039	2023-05-01
kcci.com	85117	2026-09-06
kccu.org	58655	2026-09-06
kcentv.com	51557	2026-06-06
kcet.org	7715	2023-09-25
kchanews.com	10684	2026-09-06
kciiradio.com	24164	2026-09-04
kclr96fm.com	8733	2026-09-06
kclu.org	47282	2026-09-06
kcra.com	112941	2026-09-06
kcrg.com	37309	2026-09-06
kcrr.com	26641	2026-09-06
kcrw.com	21945	2026-01-30
kctv5.com	42507	2026-09-06
kcur.org	16468	2026-09-06
kdal610.com	12741	2025-09-30
kdat.com	45917	2026-09-06
kdhlradio.com	59192	2026-09-06
kdhnews.com	90275	2026-09-06
kdks.fm	16609	2026-08-31
kdlg.org	17369	2025-01-27
kdminer.com	6629	2026-09-05
kdramastars.com	20666	2026-09-03
kdrv.com	29994	2026-09-06
kdux.com	9745	2026-09-04
kdvr.com	6504	2026-02-17
kdwn.com	7218	2022-11-12
keanradio.com	21136	2026-09-06
kearneyhub.com	50134	2026-09-06
kecofm.com	9024	2026-09-04
kedm.org	56760	2026-09-06
keighleynews.co.uk	132879	2026-09-06
kekbfm.com	33798	2026-09-06
kelo.com	82554	2026-09-06
kelofm.com	18032	2026-09-06
kelownacapnews.com	54357	2026-09-06
kelownadailycourier.ca	61407	2026-09-06
kenoraonline.com	7083	2025-08-25
kenoshanews.com	7298	2025-08-27
kens5.com	72133	2026-06-05
kentlive.news	5708	2026-07-02
kentonline.co.uk	96234	2026-09-06
kentuckynewera.com	34742	2026-09-06
kenw.org	42976	2026-09-06
kenyan-post.com	45314	2026-09-06
kenyans.co.ke	16332	2026-03-18
kenyastar.com	68744	2026-09-06
keprtv.com	25980	2026-06-05
keralakaumudi.com	6014	2026-09-03
keranews.org	25037	2026-09-05
kerrang.com	13551	2026-08-17
kesn1033.com	9325	2020-10-06
kesq.com	82066	2026-09-06
ketchikandailynews.com	6950	2026-09-05
ketr.org	48909	2026-09-06
ketv.com	80111	2026-09-06
kevinmd.com	18014	2026-05-27
keyc.com	19095	2026-09-06
keyj.com	20758	2026-09-06
keysnews.com	50301	2026-09-06
keyt.com	104617	2026-09-06
keyw.com	25247	2026-09-06
kezi.com	28127	2026-09-06
kezj.com	22214	2026-09-05
kfdi.com	10996	2026-01-28
kfdm.com	34524	2026-09-06
kffm.com	29682	2026-09-06
kfgo.com	73021	2026-09-06
kfilradio.com	62554	2026-09-06
kfiz.com	10816	2026-09-06
kfm.co.ug	8614	2026-04-20
kfm.co.za	9754	2024-01-15
kfmx.com	31444	2026-09-06
kfor.com	7646	2026-06-11
kfox95.com	28626	2026-09-05
kfoxtv.com	40146	2026-09-06
kfqd.com	6518	2026-09-02
kfru.com	38183	2026-09-06
kfrxfm.com	17293	2026-08-05
kfvs12.com	52009	2026-09-06
kfyo.com	19293	2026-09-05
kfyrtv.com	29465	2026-09-06
kgab.com	6496	2026-03-06
kggo.com	10475	2026-09-05
kgmi.com	7909	2024-01-16
kgmo.com	7189	2026-07-15
kgns.tv	23305	2026-09-06
kgoradio.com	26604	2022-10-06
kgou.org	67441	2026-09-06
kgw.com	58191	2026-07-14
khaama.com	22614	2026-09-06
khak.com	39511	2026-09-06
khaleejtimes.com	156192	2026-09-01
khaosodenglish.com	9434	2025-01-23
khay.com	5528	2026-09-06
khit1075.com	22139	2026-09-05
khits.com	51159	2026-09-02
khmertimeskh.com	29011	2025-07-08
khop.com	10478	2026-09-06
khou.com	72508	2026-06-06
khq.com	83332	2026-09-06
khqa.com	31833	2026-09-06
kicdam.com	7503	2024-07-31
kickam1530.com	24731	2026-09-06
kickoff.com	31599	2026-09-06
kicks105.com	20790	2026-09-06
kicks1063.com	11698	2026-09-06
kicks99.com	16144	2026-09-06
kickscountry.com	5004	2026-07-23
kicksonfire.com	45793	2026-06-01
kidderminstershuttle.co.uk	114909	2026-09-06
kiiitv.com	55653	2026-06-05
kiimfm.com	6241	2026-09-06
kikn.com	32655	2026-09-06
kilburntimes.co.uk	48779	2026-09-06
kildare-nationalist.ie	56284	2026-09-06
kilgorenewsherald.com	11842	2026-09-06
kilkennypeople.ie	58431	2026-05-14
kimatv.com	28907	2026-06-06
kimberleybulletin.com	29675	2026-09-05
kimt.com	58260	2026-09-05
kincardinenews.com	21695	2026-08-29
king5.com	67787	2026-06-05
kingdomfm.co.uk	18364	2025-01-03
kingfm.com	35987	2026-09-06
kingfut.com	10217	2026-09-06
kingstonthisweek.com	36695	2026-03-26
kinja.com	15310	2026-04-27
kink.fm	5476	2026-09-06
kinston.com	7655	2026-08-31
kion546.com	5562	2025-08-21
kios.org	47564	2026-08-15
kiow.com	15950	2026-09-06
kiplinger.com	15277	2026-09-06
kirksvilledailyexpress.com	8804	2026-09-06
kiro7.com	65149	2026-09-06
kism.com	9697	2026-09-04
kiss-1031.com	9209	2026-09-06
kiss951.com	30254	2026-09-06
kisscasper.com	25050	2026-09-06
kissfm969.com	25737	2026-09-06
kissrocks.com	8130	2026-09-06
kisswtlz.com	21903	2026-09-04
kitchener.citynews.ca	6837	2025-01-26
kitchener.ctvnews.ca	24550	2025-01-23
kitchenertoday.com	6824	2021-10-17
kitco.com	27685	2026-09-05
kitguru.net	21832	2026-09-04
kitsapsun.com	5916	2023-09-11
kitv.com	59487	2026-09-06
kivitv.com	7643	2026-03-19
kiwaradio.com	13860	2026-09-06
kiwiblog.co.nz	9100	2026-09-06
kix106.com	6027	2026-09-06
kix953.com	14885	2026-08-31
kix96.com	6004	2026-09-06
kixi.com	9303	2026-09-04
kixs.com	19464	2026-09-06
kixweb.com	7542	2026-08-31
kizn.com	6960	2026-09-06
kjas.com	11052	2026-09-05
kjct8.com	20929	2026-09-06
kjlhradio.com	6708	2026-09-03
kjmo.com	7596	2025-03-17
kjo1055.com	5503	2026-08-25
kjrh.com	18620	2026-09-05
kjzz.org	39498	2026-09-06
kkco11news.com	12260	2026-09-06
kkfm.com	13337	2026-09-06
kkgb.com	17874	2026-09-05
kkiq.com	16164	2026-09-04
kkoh.com	75536	2026-09-06
kkrv.com	14783	2026-09-03
kktv.com	25811	2026-09-06
kkyr.com	24714	2026-09-06
kkyx.com	7278	2026-09-04
klake.com	8869	2024-02-15
klaq.com	29182	2026-09-06
klaw.com	26569	2026-09-06
klcc.org	93671	2026-09-06
klce.com	5932	2024-08-29
klewtv.com	26166	2026-06-06
klif.com	79359	2026-09-06
klik1240.com	31383	2024-10-16
klin.com	15226	2026-09-05
klkl.fm	21081	2026-08-10
klkntv.com	37719	2026-09-06
klll.com	8995	2026-09-04
klove.com	5122	2026-09-06
klrc.com	5158	2026-09-06
kltv.com	34440	2026-09-06
klur.com	6158	2026-09-06
klyq.com	6235	2025-03-12
kmaj1440.com	110658	2026-09-06
kmaland.com	29978	2026-09-06
kmbc.com	79796	2026-09-06
kmch.com	12143	2026-09-06
kmfm.co.uk	8782	2026-09-06
kmhk.com	18527	2026-09-06
kmit.com	5141	2026-09-05
kmjnow.com	70933	2026-09-06
kmmo.com	22519	2026-09-06
kmmsam.com	12923	2026-09-05
kmov.com	18034	2023-12-04
kmuw.org	46547	2026-09-06
kmvt.com	18870	2026-09-06
kmxs.com	7566	2026-08-19
kmxt.org	18584	2026-09-06
knac.com	17877	2026-09-03
knau.org	42444	2026-09-06
knbr.com	14484	2025-05-22
knco.com	7410	2026-08-03
kneb.com	8538	2021-03-30
knek.com	20323	2026-09-06
kniakrls.com	48473	2026-04-10
knoe.com	31157	2026-09-06
knopnews2.com	23625	2026-09-06
knoxnews.com	11024	2023-09-11
knoxradio.com	13859	2026-09-06
knpr.org	71319	2026-09-06
knsiradio.com	19665	2026-09-04
knue.com	35637	2026-09-06
knzr.com	12841	2026-05-14
koaa.com	52056	2026-09-06
koamnewsnow.com	31019	2026-09-06
koat.com	64358	2026-09-06
kob.com	132997	2026-09-06
kobi5.com	24974	2026-09-06
koco.com	88475	2026-09-06
kodiakdailymirror.com	6727	2026-09-05
koel.com	25459	2026-09-06
kogt.com	7312	2026-09-06
koimoi.com	72412	2026-08-24
koka.am	21814	2026-09-06
kokomoperspective.com	42673	2023-11-03
kokomotribune.com	60249	2026-09-06
kold.com	42644	2026-09-06
kolotv.com	29788	2026-09-06
komando.com	10055	2026-09-06
komonews.com	37038	2026-09-06
komu.com	52315	2026-09-06
kono1011.com	9540	2026-09-05
kool1017.com	34543	2026-09-06
kool1079.com	30019	2026-09-06
kool965.com	18916	2026-09-05
kool973.com	5266	2026-08-26
kool98.com	7290	2026-09-04
koolam.com	11394	2026-09-06
koolfmabilene.com	20028	2026-09-06
kopsource.com	65646	2024-11-23
koreabizwire.com	47083	2026-02-12
koreabridge.net	5215	2026-09-06
koreaherald.com	136520	2026-09-06
korean.cri.cn	8765	2026-09-06
koreatimes.co.kr	121037	2026-09-06
koreatimesus.com	6498	2025-07-18
kosu.org	32665	2026-05-09
kotaku.com	19804	2026-09-06
kotaku.com.au	19079	2026-08-10
kotaradio.com	8915	2026-09-06
kotatv.com	22653	2026-09-06
kowb1290.com	14347	2026-09-06
koxe.com	13535	2026-09-05
koze.com	10134	2026-08-13
kpax.com	45807	2026-09-06
kpbs.org	52552	2026-09-06
kpcnews.com	67785	2026-09-06
kpcw.org	38882	2026-09-06
kpel965.com	36528	2026-09-05
kpfa.org	13727	2026-09-06
kphrfm.com	11970	2026-09-04
kpic.com	38599	2026-09-06
kpla.com	9382	2026-09-06
kplctv.com	39679	2026-09-06
kpopstarz.com	22721	2026-09-05
kpq.com	14935	2026-09-06
kprs.com	8790	2026-09-06
kptv.com	32427	2026-09-06
kpvi.com	56657	2026-09-06
kqky.com	10095	2026-04-28
kqvt.com	14680	2026-09-06
kqxy.com	10448	2026-09-06
krcgtv.com	39404	2026-09-06
krcoam.com	5925	2022-04-05
krcrtv.com	45568	2026-09-06
krcu.org	67649	2026-09-06
krdo.com	111071	2026-09-06
krem.com	51326	2026-06-26
krforadio.com	54091	2026-09-06
krgv.com	64475	2026-09-06
kristv.com	39026	2026-09-06
krmg.com	32592	2026-09-06
krmsradio.com	5729	2026-09-06
krna.com	28130	2026-09-06
krnb.com	15678	2026-09-06
krny.com	11577	2026-09-04
kroc.com	42140	2026-09-06
krock.com.au	7406	2026-09-06
krock1017fm.com	5079	2021-05-15
krocnews.com	15635	2026-09-06
krod.com	17607	2026-09-05
krqe.com	5338	2025-11-18
krro.com	26135	2026-09-06
krrq.com	20628	2026-09-06
krrvonline.com	13439	2026-09-04
krtv.com	35269	2026-09-06
krvn.com	7917	2021-02-12
krvs.org	25377	2026-09-06
krwg.org	52978	2026-09-06
ks95.com	15070	2026-09-04
ksal.com	11924	2026-09-06
ksam1017.com	7035	2026-09-06
ksat.com	166154	2026-09-06
ksbw.com	64222	2026-09-06
ksby.com	55978	2026-09-06
kscj.com	8976	2026-09-05
ksdk.com	66285	2026-06-06
ksenam.com	13913	2026-09-06
ksfa860.com	14440	2026-09-05
ksfr.org	6457	2026-09-06
ksgf.com	12566	2026-05-23
kshb.com	46963	2026-09-06
kshe95.com	10045	2026-09-04
ksisradio.com	18917	2026-09-06
ksjbam.com	6250	2026-09-05
ksks.com	10850	2026-09-06
ksl.com	140983	2026-09-06
ksla.com	34783	2026-09-06
kslx.com	7550	2026-09-05
ksmb.com	20143	2026-09-06
ksmu.org	90301	2026-09-06
ksnblocal4.com	18917	2026-09-06
ksnt.com	7165	2025-07-16
ksoo.com	5993	2021-08-01
kspr.com	11386	2020-07-08
ksro.com	23115	2025-09-15
kstp.com	59468	2026-03-19
ksusentinel.com	36224	2026-06-19
ksut.org	39004	2026-09-06
kswo.com	27809	2026-09-06
ksyl.com	28784	2026-08-28
ktar.com	56303	2026-06-03
ktbb.com	48695	2026-09-06
ktbs.com	100123	2026-09-06
ktcx.com	6203	2026-09-06
kten.com	51183	2026-09-06
ktep.org	42589	2026-09-06
ktgl.com	8620	2026-08-31
kticradio.com	7000	2021-05-28
ktik.com	8181	2026-09-06
ktiv.com	38045	2026-09-06
ktla.com	8210	2025-05-28
ktlo.com	37245	2026-08-18
ktnv.com	6090	2026-03-18
ktop1490.com	82598	2026-09-06
ktre.com	22711	2026-09-06
ktsa.com	19481	2026-09-06
kttn.com	17326	2025-11-10
ktts.com	11047	2025-11-23
ktucam.com	9209	2023-08-24
ktul.com	40655	2026-09-06
ktuu.com	8725	2020-07-16
ktvb.com	59027	2026-06-06
ktvh.com	31676	2026-09-06
ktvl.com	5902	2026-09-05
ktvo.com	29211	2026-09-06
ktvq.com	33949	2026-09-06
ktvu.com	66469	2026-09-06
ktvz.com	151485	2026-09-06
ktwb.com	8234	2026-09-03
ktxs.com	34378	2026-09-06
ku.edu	6734	2026-09-04
kuaf.com	48385	2026-09-06
kuam.com	24726	2026-04-30
kucb.org	8863	2026-09-02
kuenselonline.com	10191	2026-09-01
kuer.org	17263	2026-09-04
kugn.com	65466	2026-08-18
kuic.com	14923	2026-09-06
kulr8.com	69458	2026-09-05
kuna.net.kw	50048	2026-02-25
kunc.org	53398	2026-09-06
kunm.org	38856	2026-09-06
kunr.org	27996	2026-09-06
kuow.org	32907	2026-09-06
kurv.com	25466	2026-09-06
kusi.com	21626	2024-01-30
kut.org	13645	2026-09-04
kutx.org	5291	2026-09-06
kuvo.org	10273	2026-09-05
kuwaittimes.com	10873	2025-01-27
kuwaittimes.net	15352	2022-01-04
kuzz.com	6276	2026-09-06
kval.com	41384	2026-09-06
kvia.com	124962	2026-09-06
kvmr.org	8511	2026-09-06
kvnf.org	55720	2026-09-06
kvoa.com	48160	2026-09-06
kvoo.com	8055	2020-12-07
kvor.com	81263	2026-09-06
kvpionline.com	15874	2026-09-03
kvpr.org	35941	2026-09-06
kvrr.com	24857	2026-09-05
kvue.com	62654	2026-06-25
kw3.com	13748	2026-09-06
kwayradio.com	6732	2026-09-03
kwbu.org	78875	2026-09-06
kwcdcountry.com	11328	2026-09-06
kwch.com	29398	2026-09-06
kwhl.com	5402	2026-09-04
kwin.com	23177	2026-09-06
kwiq.com	8481	2026-08-26
kwit.org	75453	2026-09-06
kwqc.com	31615	2026-09-06
kwsn.com	22216	2026-09-06
kwtx.com	26701	2026-09-06
kwwl.com	6192	2026-03-17
kwxx.com	11542	2026-08-31
kx947.fm	6674	2026-09-06
kxel.com	62437	2026-09-06
kxii.com	17903	2026-09-06
kxkx.com	25242	2026-09-06
kxl.com	22463	2026-09-06
kxlf.com	38377	2026-09-06
kxlh.com	32169	2026-09-06
kxly.com	109140	2026-09-06
kxly920.com	16895	2026-09-06
kxrb.com	33298	2026-09-04
kxxv.com	53813	2026-09-06
kxzz1580am.com	8657	2022-01-03
ky3.com	53528	2026-09-06
kygl.com	22017	2026-09-06
kyis.com	10092	2026-09-06
kyivpost.com	67715	2026-09-06
kykz.com	5642	2026-09-06
kyma.com	58969	2026-09-06
kynt1450.com	14923	2026-09-06
kyodonews.net	22848	2026-09-06
kysdc.com	14121	2026-09-06
kyssfm.com	31677	2026-09-06
kyuk.org	27078	2026-09-06
kztv10.com	26554	2026-09-06
kzyx.org	47978	2026-09-06
labelsandlabeling.com	9341	2026-04-07
labmate-online.com	7410	2025-08-07
labusinessjournal.com	6255	2026-09-04
lacrossetribune.com	124081	2026-09-06
ladailypost.com	24707	2026-09-06
ladunliadinews.com	8588	2025-07-28
ladysmithchronicle.com	34438	2026-09-06
lagazzettadelmezzogiorno.it	8032	2026-08-25
lagrandeobserver.com	13379	2026-09-06
lagrangenews.com	6723	2026-08-29
lagunabeachindy.com	5077	2026-09-04
lahainanews.com	5387	2026-09-06
laineygossip.com	14235	2026-09-03
laist.com	39277	2026-09-06
lajollalight.com	5593	2024-06-12
lakeexpo.com	8201	2026-09-06
lakegenevanews.net	29874	2026-09-04
lakelandtimes.com	5088	2026-09-03
lakenewsonline.com	10984	2026-09-02
lakersnation.com	15949	2026-09-06
lakeshoreadvance.com	23347	2026-09-06
lakeshowlife.com	6232	2026-09-06
lamag.com	10454	2026-09-06
lancashiretelegraph.co.uk	217144	2026-09-06
lancasterfarming.com	10242	2026-09-06
lancasterguardian.co.uk	14852	2025-01-23
lancasteronline.com	97836	2026-09-06
lanereport.com	5139	2026-09-04
lankanewspapers.com	6548	2026-09-06
lankaweb.com	16272	2026-09-06
lansingstatejournal.com	8274	2023-09-11
laois-nationalist.ie	57505	2026-09-06
laosnews.net	97435	2026-09-06
laprensalatina.com	37186	2026-05-11
laramieboomerang.com	5085	2021-02-04
larouchepub.com	5021	2026-09-03
lasentinel.net	12449	2025-08-23
lasvegassun.com	104374	2026-08-31
lasvegasweekly.com	7678	2026-09-06
latestly.com	108148	2025-01-27
latimes.com	186082	2026-09-06
latinamericanpost.com	11276	2026-09-06
latinfinance.com	12265	2026-09-03
latinnews.com	5453	2025-09-15
latinpost.com	19968	2026-08-28
latintimes.com	29549	2026-09-06
latpro.com	42075	2023-03-23
laughingplace.com	17747	2026-09-06
law360.com	148860	2026-09-05
lawandcrime.com	6285	2026-03-17
lawfuel.com	5466	2026-09-05
lawgazette.co.uk	18504	2025-09-05
lawofficer.com	10551	2026-09-03
lawstreetmedia.com	8736	2026-09-02
lawyersweekly.com.au	11856	2026-09-05
lbc.co.uk	78611	2026-09-06
lbcgroup.tv	7553	2026-07-13
lbpost.com	13878	2026-09-06
lcsun-news.com	11231	2023-09-11
leaderherald.com	10592	2023-10-24
leaderlive.co.uk	183648	2026-09-06
leaderpost.com	65375	2026-09-06
leadership.ng	103860	2026-09-06
leadertelegram.com	57586	2026-09-06
leamingtonobserver.co.uk	14523	2026-09-06
leavenworthtimes.com	9908	2026-08-30
lebanon-express.com	21448	2023-04-25
lebanondemocrat.com	82297	2026-09-06
ledburyreporter.co.uk	108749	2026-09-06
ledgertranscript.com	15590	2026-09-06
leducrep.com	16581	2026-09-06
leftfootforward.org	5844	2026-09-06
legalinsurrection.com	16967	2026-09-06
legallyindia.com	23809	2026-09-06
legalnewsline.com	16820	2026-09-04
legit.ng	17884	2026-03-19
legitgov.org	12559	2026-09-05
lehighacrescitizen.com	5492	2026-09-05
lehighvalleylive.com	48122	2026-02-23
leicestermercury.co.uk	118190	2026-09-06
leighjournal.co.uk	99371	2026-09-06
leightonbuzzardonline.co.uk	9193	2025-01-23
leinsterexpress.ie	59110	2026-05-12
leinsterleader.ie	62211	2026-05-12
leitrimobserver.ie	49217	2026-05-14
lelezard.com	35745	2026-06-02
lemonde.fr	9061	2026-04-15
lenconnect.com	10474	2023-09-11
lendio.com	8488	2023-07-02
lep.co.uk	26299	2025-01-23
lestimes.com	7377	2026-09-05
lethbridgeherald.com	64854	2026-09-06
letsrecycle.com	6149	2026-09-04
letsrun.com	12170	2026-06-01
lewistownsentinel.com	15601	2026-09-04
lewrockwell.com	31823	2026-06-04
lex18.com	38195	2026-09-06
lexch.com	23175	2026-09-06
lexology.com	31975	2026-07-15
lfpress.com	25091	2026-09-06
lgbtqnation.com	8913	2026-06-21
lgcplus.com	9944	2026-09-04
libcom.org	5251	2026-09-06
liberianobserver.com	17243	2026-09-06
libertyballers.com	8122	2026-09-04
libn.com	11056	2026-06-03
librivox.org	8616	2026-09-06
lichfieldlive.co.uk	14567	2026-09-06
lifeandstylemag.com	11885	2026-09-03
lifehacker.com	21652	2026-09-06
lifehacker.com.au	22827	2024-10-09
lifenews.com	18199	2026-09-05
lightreading.com	19129	2026-09-05
liherald.com	7446	2026-09-05
liliputing.com	5086	2026-07-22
lillooetnews.net	17763	2020-08-18
limaohio.com	35794	2025-04-15
limerickleader.ie	62755	2026-05-27
limerickpost.ie	12857	2026-09-06
lincolnshireworld.com	14183	2025-01-23
lincolntimesnews.com	5028	2026-09-05
listenupyall.com	7767	2026-09-04
listverse.com	14397	2026-09-06
lite96.com	5798	2024-02-21
lite987.com	28845	2026-09-06
liteonline.com	23133	2026-09-06
literock959.com	22060	2025-03-27
literock969.com	8820	2022-04-18
lithgowmercury.com.au	47943	2026-09-06
littleapplepost.com	25076	2026-09-06
littlehamptongazette.co.uk	6387	2022-02-10
live.com	16087	2020-11-21
live5news.com	39092	2026-09-06
live955.com	10707	2026-08-10
live959.com	13560	2026-09-06
live95fm.ie	17779	2026-09-06
livecharts.co.uk	15404	2026-09-04
livejournal.com	96485	2026-09-06
livelaw.in	75890	2026-09-06
liveleak.com	5908	2021-05-30
livemint.com	229450	2026-09-06
livenews.co.nz	50498	2026-09-06
liverpoolecho.co.uk	215570	2026-09-06
liverpoolfc.com	13132	2026-09-06
livesaildie.com	9654	2026-09-06
livescience.com	17081	2026-09-06
ljworld.com	16549	2026-09-06
lloydslist.com	6574	2025-08-26
lmfm.ie	16532	2026-09-04
lmtonline.com	181735	2026-06-22
lmtribune.com	48465	2026-08-30
lobotero.com	7153	2026-09-06
local10.com	136711	2026-09-06
local12.com	37128	2026-09-06
local21news.com	42379	2026-09-06
local3news.com	48985	2026-09-06
localberkshire.co.uk	9988	2023-03-07
localgov.co.uk	12307	2026-09-04
localmatters.co.nz	6196	2026-09-04
localmemphis.com	55339	2026-06-06
localnews8.com	156097	2026-09-06
lockhaven.com	24693	2026-09-05
lockportjournal.com	24942	2026-09-05
locusmag.com	8767	2025-07-17
lodinews.com	7921	2026-09-06
loeildelaphotographie.com	9555	2025-04-10
loganbanner.com	6511	2026-09-05
logandaily.com	5389	2026-09-05
logisticsmanager.com	5759	2026-09-05
lohud.com	10472	2023-09-11
lombardiave.com	5811	2026-09-06
lompocrecord.com	29496	2026-09-06
london-now.co.uk	17766	2026-09-06
london.ctvnews.ca	22226	2025-01-23
londonlovesbusiness.com	26954	2026-09-06
londonmercury.com	35162	2026-09-06
londontheatre1.com	6297	2026-09-05
lonestar995fm.com	31219	2026-09-06
lonestarball.com	8056	2026-09-06
longbeachstar.com	28882	2024-09-21
longfordleader.ie	53948	2026-05-15
longisland.com	24069	2026-09-06
longislandpress.com	15197	2026-09-06
loopjamaica.com	16567	2021-05-20
loopnews.com	14595	2024-07-21
lordsofpain.net	6837	2020-04-18
losaltosonline.com	7317	2026-09-06
lostcoastoutpost.com	14374	2026-09-06
loudountimes.com	8374	2026-09-04
loudwire.com	20847	2026-09-06
louisianaradionetwork.com	9264	2026-09-06
louisianarecord.com	5312	2025-05-20
lovefm.com	8447	2026-09-05
lovinmalta.com	7683	2026-03-19
lowellsun.com	26568	2026-09-06
lowkickmma.com	24391	2026-09-06
lowvelder.co.za	20975	2023-08-31
lpheralddispatch.com	9496	2026-09-05
lrt.lt	16975	2026-09-06
lse.co.uk	94388	2025-01-23
lsionline.com	14800	2025-11-17
ltn.com.tw	15781	2026-09-06
lubbockonline.com	11096	2023-09-11
ludlowadvertiser.co.uk	126032	2026-09-06
lufkindailynews.com	34332	2026-09-06
lusakatimes.com	16334	2026-03-19
lutontoday.co.uk	13300	2025-01-23
luxtimes.lu	9904	2025-07-21
luxurytravelmagazine.com	12675	2026-09-06
lvb.com	8186	2026-06-04
lynnnews.co.uk	37905	2026-09-06
macaubusiness.com	15766	2025-08-13
macaudailytimes.com.mo	18850	2026-09-06
macdailynews.com	7087	2026-09-04
macleayargus.com.au	66486	2026-09-06
macmegasite.com	8764	2026-01-29
macobserver.com	5646	2025-08-19
macombdaily.com	39636	2026-09-06
macrobusiness.com.au	30179	2026-09-06
macrumors.com	6928	2026-08-31
mactech.com	12583	2026-09-05
macupdate.com	11776	2026-09-06
macworld.com	9224	2026-09-06
madamenoire.com	11319	2026-09-05
madinamerica.com	9924	2026-09-06
madison.com	123261	2026-09-06
madisonrecord.com	9887	2025-05-21
madrock1025.com	29493	2026-08-20
magic1021.com	10059	2026-09-05
magic1029fm.com	10166	2026-09-06
magic106.com	8655	2026-09-05
magic1073fm.com	9103	2026-09-06
magic93fm.com	10433	2026-09-06
magic943fm.com	5084	2026-09-06
magic983.com	18336	2026-09-06
magicbricks.com	8895	2026-09-03
magicvalley.com	79066	2026-09-06
magnoliareporter.com	24658	2026-09-06
mailtimes.com.au	41880	2026-09-05
mailtribune.com	10799	2023-06-01
mainebiz.biz	15629	2026-09-04
mainemirror.com	16369	2026-09-06
mainepublic.org	14418	2026-03-18
mainichi.jp	15564	2026-08-31
mainlinemedianews.com	30182	2026-09-06
mainstreetnews.com	6372	2026-09-06
maitlandmercury.com.au	110235	2026-09-06
makeuseof.com	24271	2026-09-06
malawi24.com	15169	2026-09-06
malawivoice.com	12937	2026-09-06
malaya.com.ph	31133	2026-04-22
malaymail.com	104909	2026-03-19
malaysiakini.com	77459	2026-09-06
malaysiasun.com	67975	2026-09-06
maldivesindependent.com	7055	2026-09-06
maldonandburnhamstandard.co.uk	128137	2026-09-06
malibutimes.com	5587	2026-09-04
maltatoday.com.mt	38916	2026-03-12
malverngazette.co.uk	117928	2026-09-06
mamamia.com.au	29192	2026-09-06
managingmadrid.com	12960	2026-09-06
manchestereveningnews.co.uk	266291	2026-09-06
manchesterjournal.com	12244	2026-09-05
mandurahmail.com.au	73259	2026-09-06
mangalorean.com	55149	2026-09-06
manicapost.co.zw	6458	2025-01-22
manilametro.com	5842	2024-07-24
manilastandard.net	10136	2026-03-18
manilatimes.net	383898	2026-09-06
manitobacooperator.ca	9966	2026-09-06
mankatofreepress.com	96605	2026-09-06
manningrivertimes.com.au	85722	2026-09-06
mansfieldnewsjournal.com	7976	2023-09-11
mantecabulletin.com	9261	2026-09-05
manufacturing.net	21568	2025-10-02
manutd.com	13965	2026-05-04
manxradio.com	21936	2026-09-06
mapleridgenews.com	32679	2026-09-06
maravipost.com	25840	2026-09-06
marca.com	7042	2026-05-24
marcellusdrilling.com	15044	2026-09-04
marconews.com	5934	2023-09-11
mareeg.com	8100	2026-08-11
margaretrivermail.com.au	37228	2025-08-20
marieclaire.co.uk	16081	2026-09-06
marieclaire.com	23883	2026-09-06
mariettatimes.com	19084	2026-09-05
marinecorpstimes.com	7987	2026-09-05
marinelink.com	29762	2026-09-04
marinelog.com	9329	2025-11-20
marinetechnologynews.com	7331	2026-09-06
marinij.com	33914	2026-09-06
maritime-executive.com	32679	2026-09-06
maritimeprofessional.com	6074	2026-09-05
marketbusinessnews.com	19610	2026-09-06
marketing-interactive.com	15309	2026-09-04
marketplace.org	12604	2026-09-04
marketpulse.com	11943	2026-09-06
marketrealist.com	8604	2026-09-01
markets.co	5867	2022-01-09
marketscreener.com	999061	2026-05-18
marketswired.com	5202	2025-01-04
marketwatch.com	422152	2026-08-27
marklevinshow.com	9985	2026-09-05
marshallindependent.com	17917	2026-09-05
marshfieldnewsherald.com	8584	2023-09-11
marthastewart.com	11116	2026-03-17
martinsvillebulletin.com	35848	2026-09-06
maryland.gov	8112	2026-09-06
marylandreporter.com	6678	2026-06-04
maryvilleforum.com	20314	2024-11-15
masala.com	18108	2024-07-13
mashable.com	48580	2026-09-06
massachusettsnewswire.com	7125	2026-09-04
massachusettssun.com	44717	2026-09-06
massdevice.com	8486	2026-02-21
masslawyersweekly.com	19316	2026-06-04
masslive.com	108215	2026-02-23
mathrubhumi.com	5608	2026-06-23
matr.net	6909	2026-09-06
mauinews.com	20751	2026-09-05
mauinow.com	16439	2026-09-06
maurice-info.mu	9302	2026-09-06
mavsmoneyball.com	7173	2026-09-04
max94one.com	23639	2026-09-06
maximumfun.org	6582	2026-09-05
mayerthorpefreelancer.com	15705	2026-09-06
mayonews.ie	20592	2026-05-21
mb.com.ph	182272	2026-09-01
mbcradio.com	6135	2026-09-06
mbtmag.com	18138	2025-09-17
mcalesternews.com	17257	2026-09-06
mcall.com	81064	2026-09-06
mccookgazette.com	5109	2026-08-29
mcdonoughvoice.com	5718	2023-09-10
mcdowellnews.com	39497	2026-09-06
mcknights.com	8837	2026-03-11
mcphersonsentinel.com	6037	2026-08-21
mdislander.com	9845	2026-09-04
mdjonline.com	145433	2026-09-05
meadvilletribune.com	42885	2026-09-05
meathchronicle.ie	45237	2026-09-05
meaww.com	20365	2026-03-17
medafricatimes.com	6663	2026-09-05
medcitynews.com	14333	2026-09-01
mediaforfreedom.com	5275	2026-04-27
mediaite.com	85255	2026-09-05
mediamatters.org	15118	2026-09-05
medianama.com	11769	2026-09-05
mediapost.com	25308	2026-09-04
medicaldaily.com	9438	2026-09-06
medicalnewstoday.com	5551	2026-09-06
medicalxpress.com	141329	2026-01-29
medicinehatnews.com	74038	2026-09-06
medindia.net	39307	2026-08-18
medium.com	145786	2026-08-03
medpagetoday.com	25044	2025-01-28
medscape.com	48997	2026-09-06
meed.com	24319	2026-09-04
mega979.com	6901	2026-09-06
mega993online.com	29687	2026-09-06
melfortjournal.com	10437	2026-07-04
meltontimes.co.uk	8291	2025-01-23
memphisflyer.com	7170	2026-09-06
memphissun.com	105407	2026-09-06
memri.org	9885	2025-04-22
menafn.com	973875	2026-03-10
mendocinobeacon.com	16081	2026-09-06
menshealth.com	30586	2026-09-06
mensxp.com	27770	2026-09-06
mentalfloss.com	14871	2026-09-06
meobserver.org	5527	2026-07-14
mercopress.com	23137	2026-09-06
mercurynews.com	83124	2026-09-06
meridianstar.com	36508	2026-09-04
merimbulanewsweekly.com.au	72142	2026-09-06
mesabitribune.com	54429	2026-09-06
messagemedia.co	11970	2026-09-06
messenger-inquirer.com	86034	2026-09-06
messenger.com.ge	5991	2026-09-04
messengernews.net	13584	2026-09-05
messengernewspapers.co.uk	145847	2026-09-06
metal.com	22299	2026-09-04
metalunderground.com	14686	2026-09-06
metro.co.uk	152248	2026-09-06
metro.us	86034	2025-11-03
metrojacksonville.com	12188	2026-09-06
metrotimes.com	12133	2026-05-14
metroweekly.com	6684	2026-09-06
metrowestdailynews.com	10026	2023-09-11
metv.com	11170	2026-09-04
metvmall.com	12496	2026-06-06
mexicoledger.com	8134	2026-09-05
mexiconewsdaily.com	6811	2026-03-15
mexicostar.com	66139	2026-09-06
mg.co.za	30809	2026-09-05
mgoblog.com	14877	2025-08-28
miamiherald.com	8780	2024-07-31
miaminewtimes.com	8843	2026-09-05
miamistudent.net	5487	2026-09-06
miamitimesonline.com	8890	2026-09-05
michigan.gov	5321	2023-02-02
michigandaily.com	7674	2026-09-05
michiganradio.org	23666	2024-01-10
michigansthumb.com	78149	2026-06-22
mid-day.com	99886	2026-09-06
middle-east-online.com	6818	2026-09-06
middleeasteye.net	49047	2026-09-06
middleeastmonitor.com	77961	2026-09-06
middleeaststar.com	117401	2026-09-06
middlenecknews.com	5475	2026-09-06
middletownpress.com	123670	2026-04-21
midhurstandpetworth.co.uk	5526	2022-02-10
midmichigannow.com	36619	2026-09-06
midnorthmonitor.com	49738	2026-09-06
midsussextimes.co.uk	5984	2022-02-10
midutahradio.com	17097	2026-09-06
midweekherald.co.uk	36056	2026-09-06
midwestradio.ie	25605	2026-09-06
mihomepaper.com	12568	2026-03-04
milawyersweekly.com	9157	2026-06-03
milehighreport.com	12828	2026-09-06
milforddailynews.com	8053	2023-09-07
milfordmercury.co.uk	92150	2026-09-06
milfordmirror.com	59636	2025-06-14
military.com	34107	2026-09-06
militarytimes.com	13869	2026-09-05
miltonkeynes.co.uk	14120	2025-01-23
milwaukeesun.com	46669	2026-09-06
mindat.org	13155	2025-01-23
minicassia.com	6201	2024-03-21
mining-journal.com	7397	2026-05-26
mining-technology.com	11043	2026-09-04
mining.com	47873	2026-09-05
mininggazette.com	11042	2026-09-05
miningjournal.net	22727	2026-09-05
miningmx.com	7256	2026-09-04
miningnews.net	11257	2026-05-26
miningweekly.com	49525	2026-09-04
minnlawyer.com	7668	2026-06-04
minnpost.com	9271	2026-09-04
minotdailynews.com	18393	2026-09-05
miragenews.com	636108	2026-09-06
mirror.co.uk	701483	2026-09-06
mis-asia.com	10393	2026-08-25
mishpacha.com	8446	2026-09-06
missioncityrecord.com	43053	2026-09-06
missionlocal.org	7400	2026-09-06
mississauga.com	7961	2026-09-06
mississippivalleypublishing.com	23486	2026-09-05
missoulian.com	135409	2026-09-06
missourinet.com	8104	2026-07-25
mit.edu	10273	2026-09-05
mitchelladvocate.com	23049	2026-09-06
mitchellrepublic.com	31935	2026-09-06
mix100.com	5920	2026-09-04
mix1005.fm	24062	2026-09-03
mix100lubbock.com	15882	2026-09-04
mix103.com	10030	2026-09-06
mix1043fm.com	28635	2026-09-06
mix1069.com	15025	2026-09-06
mix106radio.com	25628	2026-09-06
mix108.com	35837	2026-09-06
mix929.com	24573	2026-09-04
mix931fm.com	30802	2026-09-06
mix941.com	21173	2026-09-05
mix941kmxj.com	20230	2026-09-06
mix949.com	27646	2026-09-06
mix957.net	8804	2024-01-04
mix957gr.com	20673	2026-08-31
mix965tulsa.com	6755	2025-10-22
mix979fm.com	13543	2024-04-26
mix987.com	9413	2026-09-04
mixx993.com	17786	2026-09-04
mizzima.com	20944	2025-01-23
mlb.com	78493	2026-09-06
mlbtraderumors.com	57511	2026-09-06
mlive.com	129535	2026-02-23
mmafighting.com	27579	2026-09-06
mmamania.com	25572	2026-09-06
mmanews.com	16189	2026-04-22
mmegi.bw	7108	2026-09-05
mmm-online.com	5499	2026-09-03
mnnonline.org	5005	2026-09-04
mobihealthnews.com	6860	2026-06-03
mobilesyrup.com	21161	2026-09-04
mobileworldlive.com	12275	2026-03-03
mobilitytechzone.com	5977	2024-09-17
mobypicture.com	32801	2023-10-03
moddb.com	38275	2025-11-16
model-engineer.co.uk	20638	2026-08-22
modernghana.com	172805	2026-07-20
modernhealthcare.com	11836	2026-06-18
modernreaders.com	462461	2025-04-18
moelane.com	11594	2025-07-17
mohavedailynews.com	14240	2026-09-06
mojo1029.com	11680	2026-09-06
moldpres.md	9534	2025-01-14
monacolife.net	5718	2026-09-04
mondaq.com	132578	2026-09-06
mondovisione.com	33622	2026-01-14
mondoweiss.net	7415	2026-09-05
moneycontrol.com	454190	2026-09-06
moneylife.in	22239	2026-09-06
moneymanagement.com.au	13351	2026-06-24
moneymarketing.co.uk	24339	2026-09-04
moneytalksnews.com	12112	2026-09-06
moneyweb.co.za	37490	2024-04-02
moneyweek.com	9635	2026-09-06
mongabay.com	10429	2026-09-06
monitor.co.ug	71515	2026-04-22
monocle.com	6112	2026-09-06
monroenews.com	13644	2023-09-11
monstersandcritics.com	55350	2025-10-02
montanarightnow.com	63679	2026-09-05
montereycountyweekly.com	13791	2026-07-09
montereyherald.com	13085	2026-09-06
montgomery-herald.com	6187	2025-05-20
montgomeryadvertiser.com	8465	2023-09-11
montgomerynews.com	6458	2021-09-28
montreal.ctvnews.ca	32918	2025-01-23
montrealgazette.com	42642	2026-09-06
montrosepress.com	15944	2026-09-06
mooseradio.com	14642	2026-09-05
moreechampion.com.au	60569	2026-09-06
morganton.com	34826	2026-09-02
morning-times.com	36433	2026-09-05
morningadvertiser.co.uk	9790	2026-09-04
morningjournal.com	50684	2026-09-06
morningjournalnews.com	22025	2026-09-05
morningstar.com	105701	2026-09-06
morningstaronline.co.uk	42285	2026-09-06
morningsun.net	65864	2026-09-05
moroccoworldnews.com	18747	2026-09-06
mortgageintroducer.com	8340	2022-03-18
mortgagenewsdaily.com	8084	2026-09-04
mortgagesolutions.co.uk	14846	2026-09-04
mortgagestrategy.co.uk	23900	2026-09-04
morungexpress.com	75719	2026-09-06
mothership.sg	13261	2025-03-10
motor1.com	21200	2026-09-06
motorcyclenews.com	26583	2026-09-06
motorsport.com	23599	2026-08-27
moultonadvertiser.com	16671	2026-09-03
moultrieobserver.com	15884	2026-09-04
mountaineagle.com	10062	2026-09-05
mountvernonnews.com	10954	2026-08-31
mouthshut.com	5624	2026-08-21
movieweb.com	83455	2026-09-06
mpamag.com	7873	2026-09-04
mpnews.com.au	5151	2026-09-05
mpnnow.com	10032	2023-09-11
mprnews.org	27344	2026-09-06
mrt.com	64966	2026-06-22
mrtopstep.com	18821	2024-11-22
mscnews.net	6034	2026-09-06
msn.com	2860431	2023-06-23
msnbc.com	74323	2026-08-25
msu.edu	5014	2026-09-03
mtairynews.com	6076	2026-09-06
mtdemocrat.com	28127	2026-09-05
mtexpress.com	11684	2026-09-04
mtlblog.com	7315	2026-09-06
mtpr.org	18014	2026-09-04
mtstandard.com	60407	2026-09-06
mudgeeguardian.com.au	53039	2026-09-06
multifamilybiz.com	6146	2026-09-04
mumbrella.com.au	23789	2025-11-20
murfreesboropost.com	6340	2023-03-01
murrayledger.com	10766	2026-09-04
muscatdaily.com	20046	2026-09-06
muscatinejournal.com	107273	2026-09-06
music-news.com	20555	2025-12-16
musicrow.com	7500	2026-07-30
musketfire.com	7520	2026-09-06
muskogeephoenix.com	22381	2026-09-05
muskokaregion.com	8189	2026-09-06
muswellbrookchronicle.com.au	71072	2026-09-06
mv-voice.com	11197	2026-09-05
mvariety.com	31686	2026-09-06
mvtimes.com	18466	2026-09-05
mwnation.com	18640	2026-09-06
mxdwn.com	6887	2026-09-06
my1035.com	12367	2026-09-05
my40.tv	7419	2022-01-31
my957.com	6782	2026-09-04
my9nj.com	6213	2026-09-03
myalbertlea.com	12521	2026-06-08
myalgomamanitoulinnow.com	5735	2026-06-03
myanmarmuslim.net	18759	2024-11-05
myanmarnews.net	59027	2026-09-06
myaustinminnesota.com	20340	2025-06-14
myb106.com	27617	2026-09-05
mybeachradio.com	20323	2024-04-01
mybroadband.co.za	6013	2022-09-28
mycariboonow.com	9471	2026-06-04
mycentraljersey.com	12905	2023-09-11
mycentralnebraska.com	36881	2026-09-04
mycentraloregon.com	50205	2026-09-01
mycolumbuspower.com	13400	2026-09-06
mycountry955.com	31133	2026-09-06
mycouriertribune.com	7801	2024-10-05
mycowichanvalleynow.com	8504	2026-06-03
myeasternshoremd.com	11904	2026-09-06
myedmondsnews.com	20239	2026-06-15
myfox28columbus.com	41192	2026-09-06
myfox8.com	5960	2025-08-29
myheraldreview.com	9725	2026-01-16
myhorrynews.com	9481	2026-09-06
myiowainfo.com	17053	2026-05-01
myjournalcourier.com	67919	2026-06-22
myjournals.org	7241	2023-08-26
myjoyonline.com	111154	2026-03-19
myk104.com	8173	2026-09-06
mykiss1031.com	25348	2026-09-05
mykisscountry937.com	34357	2026-09-06
myklgr.com	21244	2026-09-04
mykxlg.com	87267	2026-09-06
myleaderpaper.com	35021	2026-09-06
mylloydminsternow.com	5646	2026-06-03
mylondon.news	6998	2026-08-18
mymagic106.com	6428	2026-09-06
mymagic949.com	9322	2026-09-04
mymagicgr.com	8906	2024-04-29
mymajic933.com	6402	2026-08-18
mymcmedia.org	12993	2026-09-05
mymix1061.com	15772	2026-09-06
mymixfm.com	38328	2026-09-06
mymmanews.com	9167	2026-09-06
mymoinfo.com	20195	2026-09-05
mymotherlode.com	179768	2026-09-06
mymuskokanow.com	6585	2026-06-01
mynbc5.com	74047	2026-09-06
myneworleans.com	10045	2026-09-06
mynews13.com	9608	2026-08-27
mynews4.com	34761	2026-09-06
mynewsla.com	68547	2026-09-06
mynorthbaynow.com	5340	2026-06-04
mynorthwest.com	220475	2026-07-20
mynspr.org	46727	2026-09-06
myozarksonline.com	17391	2026-09-04
myplainview.com	49460	2026-06-22
myprincegeorgenow.com	13790	2026-06-04
myq105.com	15896	2026-09-06
myq1075.com	20865	2026-09-06
myqcountry.com	12615	2026-08-30
myrecordjournal.com	12869	2023-12-30
mysailing.com.au	6335	2026-09-05
mysanantonio.com	83417	2025-11-18
myspiritfm.com	10151	2026-09-06
mystar98.com	20635	2026-09-06
mysteinbach.ca	10522	2026-09-06
mysteriousuniverse.org	10568	2026-09-04
mystratfordnow.com	7047	2026-06-03
mysuncoast.com	35002	2026-09-06
mytimminsnow.com	5104	2026-06-03
myuscountry.com	17621	2026-06-08
mywebtimes.com	8503	2023-05-01
n4g.com	34448	2026-08-29
naftemporiki.gr	8129	2026-09-04
nagalandpost.com	49549	2026-06-08
nagariknetwork.com	28805	2026-03-16
nagpurtoday.in	17510	2026-08-14
naharnet.com	90093	2026-09-06
naija247news.com	61379	2026-09-06
naijanews.com	10997	2026-09-06
nairaland.com	77881	2025-07-26
nairametrics.com	12220	2026-03-04
nairobiwire.com	14656	2026-09-04
nakedcapitalism.com	12500	2026-09-06
namibian.com.na	32470	2026-09-06
namibiansun.com	22256	2026-09-04
nampa.org	44517	2024-11-08
nanaimobulletin.com	33106	2026-09-06
nancyonnorwalk.com	5483	2026-09-04
nantonnews.com	8394	2026-09-06
napaneeguide.com	40824	2026-09-06
napaneetoday.ca	10205	2026-09-04
napavalleyregister.com	69351	2026-09-06
naplesnews.com	11875	2023-09-11
naroomanewsonline.com.au	72420	2026-09-06
narrominenewsonline.com.au	45880	2026-09-06
nasa.gov	8484	2026-09-05
nasdaq.com	55634	2026-08-18
nashfm100.com	5805	2026-09-06
nashfm1025.com	5817	2026-08-06
nashvilleherald.com	102417	2026-09-06
nashvillepost.com	14273	2026-09-05
nashvillescene.com	12041	2026-09-05
nation.africa	39581	2026-09-06
nation.co.ke	29367	2022-02-18
nation.com.pk	11096	2022-06-06
nation.sc	31967	2026-09-05
nationalaccordnewspaper.com	54321	2026-08-16
nationalgeographic.com	11021	2026-09-06
nationalheraldindia.com	6988	2026-03-15
nationalhogfarmer.com	5929	2025-01-21
nationalinterest.org	48930	2026-01-29
nationalmemo.com	10348	2026-09-04
nationalmortgagenews.com	14724	2026-09-04
nationalmortgageprofessional.com	6336	2025-01-22
nationalnetworkonline.com	5372	2026-09-06
nationalobserver.com	21303	2026-07-14
nationalpost.com	54332	2026-09-06
nationalreview.com	12378	2021-07-27
nationaltribune.com.au	8043	2025-01-27
nationnews.com	31324	2026-09-06
nationofchange.org	6473	2026-03-18
nationthailand.com	16496	2026-03-16
natlawreview.com	118678	2026-09-06
naturalgasintel.com	18656	2026-07-15
naturalgasworld.com	12123	2025-02-26
naturalnews.com	65098	2026-09-06
nature.com	37303	2026-09-06
natureworldnews.com	17996	2026-09-03
naval-technology.com	6986	2026-09-04
naveenbharat.in	7607	2022-04-24
navhindtimes.in	32908	2026-09-04
navy.mil	6855	2025-03-06
navytimes.com	10440	2026-09-05
nba.com	18601	2026-03-18
nbc-2.com	55163	2025-02-05
nbc.com	6494	2026-09-04
nbc11news.com	9500	2023-12-14
nbc12.com	30170	2023-12-14
nbc15.com	19997	2023-12-14
nbc16.com	41495	2026-09-06
nbc24.com	8531	2026-09-04
nbc29.com	16840	2023-12-14
nbcbayarea.com	123712	2026-09-06
nbcboston.com	5342	2026-06-04
nbcchicago.com	145443	2026-09-06
nbcconnecticut.com	162685	2026-09-06
nbcdfw.com	143185	2026-09-06
nbclosangeles.com	140646	2026-09-06
nbcmiami.com	115869	2026-09-06
nbcmontana.com	45519	2026-09-06
nbcnews.com	183070	2026-09-06
nbcnewyork.com	139851	2026-09-06
nbcphiladelphia.com	142430	2026-09-06
nbcrightnow.com	52964	2026-09-06
nbcsandiego.com	116668	2026-09-06
nbcsvg.com	9647	2026-09-04
nbcwashington.com	92803	2026-09-06
nbnnews.com.au	29604	2026-09-04
nbr.co.nz	26673	2026-09-06
ncadvertiser.com	56294	2025-10-26
nclawyersweekly.com	7647	2026-06-03
ncnewsonline.com	57493	2026-09-06
ncpa.org	6760	2026-09-04
ncr-iran.org	8468	2026-09-06
ncregister.com	19954	2026-09-06
ncronline.org	16624	2025-10-08
ncspin.com	5162	2026-09-04
ndtv.com	342023	2025-05-26
nebraska.tv	35194	2026-09-06
necn.com	82611	2025-02-13
nehandaradio.com	14184	2026-09-06
neindia.com	7145	2026-09-06
neonnettle.com	10439	2022-07-30
neoskosmos.com	21182	2026-09-06
neowin.net	47848	2025-11-08
nepalnational.com	101929	2026-09-06
nerdist.com	18885	2026-09-05
nesn.com	37146	2026-09-06
netflixlife.com	5901	2026-09-06
netindian.in	5818	2025-08-21
netnewsledger.com	20486	2026-09-06
netscape.com	176186	2026-09-06
netsdaily.com	7322	2026-09-04
netwerk24.com	10158	2025-01-22
networkworld.com	7790	2026-09-04
neurologyadvisor.com	9552	2026-09-04
nevadaappeal.com	12575	2025-09-05
nevadabusiness.com	7515	2026-09-04
nevadanewsandviews.com	6482	2026-09-06
neveitalia.it	11740	2026-03-07
newagebd.net	23289	2025-05-26
newarab.com	9672	2025-09-21
newarkadvertiser.co.uk	34070	2026-09-06
newarkadvocate.com	6177	2023-09-11
newarkpostonline.com	5186	2026-09-05
newbernsj.com	11722	2026-09-06
newburyportnews.com	30001	2026-09-04
newburytoday.co.uk	28528	2026-09-06
newbusinessethiopia.com	13981	2026-09-01
newcanaanite.com	7817	2026-09-05
newcastleherald.com.au	153440	2026-09-06
newcivilengineer.com	14241	2026-09-04
newcountry991.com	6309	2022-04-29
newdelhitimes.com	68237	2026-09-01
newegg.com	26201	2026-09-06
newelectronics.co.uk	12266	2026-06-05
newfoodmagazine.com	5975	2026-03-31
newhamrecorder.co.uk	29443	2026-09-06
newhavenindependent.org	11651	2026-09-05
newidea.com.au	14504	2026-09-03
newindianexpress.com	150329	2026-09-06
newjerseyhills.com	40494	2026-09-01
newjerseytelegraph.com	115884	2026-09-06
newkerala.com	245547	2026-08-11
newmilfordspectrum.com	51343	2022-03-01
newnigerianpolitics.com	5405	2026-08-13
neworleanscitybusiness.com	16544	2026-06-03
neworleanssun.com	58475	2026-09-06
newportri.com	6992	2023-09-08
newrepublic.com	23900	2026-09-06
newrock1041.fm	7175	2026-07-07
news-daily.com	80971	2026-09-04
news-expressky.com	27090	2026-09-06
news-gazette.com	128591	2026-09-06
news-herald.com	52538	2026-09-06
news-journal.com	9474	2026-09-06
news-journalonline.com	17642	2023-09-11
news-leader.com	8165	2023-09-11
news-mail.com.au	44484	2021-04-28
news-medical.net	104162	2026-09-06
news-press.com	12874	2023-09-11
news-star.com	10618	2026-08-18
news.am	93773	2026-09-05
news.az	54252	2026-09-06
news.cn	13336	2022-04-14
news.com.au	91981	2024-07-30
news.err.ee	23415	2022-10-20
news.statetimes.in	7534	2020-06-12
news.tuoitre.vn	11664	2026-09-06
news12.com	73912	2026-09-06
news18.com	268439	2026-03-17
news24.com	167845	2026-09-06
news3lv.com	48619	2026-09-06
news4jax.com	159597	2026-09-06
news4sanantonio.com	50760	2026-09-06
news5cleveland.com	6019	2026-03-18
news8000.com	92039	2026-09-06
news9.com	77858	2026-09-06
news957.com	48715	2021-10-17
newsadvance.com	47270	2026-09-06
newsandsentinel.com	23578	2026-09-06
newsandstar.co.uk	191282	2026-09-06
newsandtribune.com	26572	2026-09-06
newsargus.com	25853	2026-09-06
newsbiscuit.com	6218	2026-09-06
newsblogged.com	5602	2026-05-27
newsbreak.com	10798	2025-12-06
newsbtc.com	36890	2026-09-04
newsbug.info	11091	2026-09-05
newsbusters.org	89166	2026-09-06
newsbytes.ph	5783	2026-09-05
newscenter1.tv	34400	2026-09-06
newscentermaine.com	38963	2026-03-19
newscentralasia.net	8542	2026-09-06
newschannel10.com	23200	2026-09-06
newschannel20.com	29073	2026-09-05
newschannel5.com	53315	2026-09-06
newschannel6now.com	24361	2026-09-06
newschannel9.com	41662	2026-09-06
newschannelnebraska.com	13127	2025-03-22
newschief.com	8585	2023-09-11
newscientist.com	17575	2026-09-05
newsdakota.com	21322	2026-09-01
newsday.co.tt	85761	2026-09-06
newsday.co.zw	30511	2026-08-20
newsday.com	105247	2026-09-06
newsdzezimbabwe.co.uk	7676	2025-12-25
newser.com	77831	2026-09-06
newsfirst.lk	12470	2026-03-19
newsghana.com.gh	84231	2026-08-06
newsherald.com	14695	2023-09-11
newshub.co.nz	18541	2024-07-04
newsincyprus.com	12862	2025-01-27
newsindiatimes.com	14578	2026-09-06
newsitem.com	27698	2026-09-06
newslaundry.com	5650	2026-09-06
newsleader.com	5481	2023-09-11
newsletter.co.uk	32306	2025-01-23
newsmakers.pk	22003	2026-09-06
newsmax.com	59273	2024-07-30
newsminer.com	34369	2026-09-06
newsnation.in	8047	2020-04-07
newsnationnow.com	6205	2025-12-25
newsnationtv.com	27052	2025-10-19
newsnow.co.uk	11469	2026-09-04
newsofbahrain.com	10103	2026-03-05
newson6.com	78723	2026-09-06
newsonair.com	29094	2021-11-26
newsone.com	9150	2026-09-06
newsonjapan.com	26916	2026-09-06
newsoptimist.ca	37573	2021-07-29
newspressnow.com	73661	2026-09-06
newsradio1029.com	75130	2026-09-06
newsradio1310.com	19350	2026-09-05
newsradio1440.com	23058	2025-03-17
newsradioklbj.com	7333	2026-09-01
newsregister.com	13702	2026-09-06
newsroompanama.com	13117	2026-09-06
newsshopper.co.uk	125361	2026-09-06
newstalk.com	45505	2026-09-06
newstalk1030.com	44632	2026-09-04
newstalk1280.com	25324	2026-09-05
newstalk1290.com	18846	2026-09-06
newstalk870.am	21274	2026-09-06
newstalkkgvo.com	16523	2026-09-05
newstalkkit.com	19931	2026-09-06
newstalkzb.co.nz	64582	2026-09-06
newstatesman.com	27767	2026-09-06
newstimes.com	131966	2025-06-12
newstoday.com.bd	12801	2021-01-24
newstodaynet.com	33609	2026-09-06
newstracklive.com	7310	2025-07-05
newstrib.com	7242	2023-05-01
newstribune.com	49262	2026-09-06
newsviewsnreviews.com	5466	2019-11-13
newswatchman.com	5268	2026-09-06
newsweek.com	290515	2026-09-06
newswest9.com	42241	2026-06-26
newswire.ca	22383	2026-09-04
newswire.net	5068	2026-09-03
newswiretoday.com	28852	2026-09-06
newswise.com	42240	2026-09-06
newswit.com	11877	2026-09-06
newsx.com	64189	2026-09-06
newsy.com	19898	2023-01-04
newtelegraphng.com	6479	2026-03-19
newtimesslo.com	8585	2026-09-03
newtoncountytimes.com	12138	2026-09-02
newtondailynews.com	7146	2026-09-05
newtownbee.com	14053	2026-09-05
newvision.co.ug	16462	2026-09-06
newwestrecord.ca	69228	2025-08-01
newyorker.com	16925	2026-09-06
newyorkstatesman.com	51290	2026-09-06
newyorktelegraph.com	179000	2026-09-06
newzealandstar.com	51857	2026-09-06
newzimbabwe.com	34617	2026-09-06
nextbigfuture.com	6442	2026-09-06
nextbigwhat.com	8748	2026-09-04
nextshark.com	11450	2026-08-29
nfl.com	9180	2026-03-18
nflspinzone.com	5172	2026-09-06
nhbr.com	7123	2026-09-06
nhk.or.jp	17436	2026-07-08
nhl.com	22373	2026-03-19
nhpbs.org	21161	2026-09-06
nhpr.org	28120	2026-09-06
nhregister.com	170698	2026-06-22
niagara-gazette.com	27706	2026-09-06
niagarafallsreview.ca	85465	2026-09-06
niagarathisweek.com	10679	2026-09-06
nichegamer.com	14158	2026-09-05
nigerianbulletin.com	9228	2026-07-01
nigerianeye.com	67563	2026-09-06
nigerianobservernews.com	14577	2026-09-05
nigerianpilot.com	7331	2020-10-27
nigeriasun.com	85969	2026-09-06
nih.gov	6202	2026-08-06
nikkei.com	16876	2026-09-06
nine.com.au	11530	2026-07-07
ninernoise.com	5875	2026-09-06
ninersnation.com	15744	2026-09-06
nintendoeverything.com	12931	2026-09-06
nintendolife.com	35009	2026-09-06
nintendoworldreport.com	15900	2026-09-06
nipawinjournal.com	10212	2026-06-28
niyitabiti.net	5586	2023-01-29
nj.com	120944	2026-02-23
nj1015.com	53946	2026-09-06
njbiz.com	17043	2026-06-04
njherald.com	11636	2023-09-11
nknews.org	11005	2026-09-04
nkytribune.com	10134	2026-03-11
nltimes.nl	23393	2026-09-06
nme.com	60580	2026-09-06
nmpoliticalreport.com	5512	2026-09-04
nna-leb.gov.lb	16290	2023-10-07
nny360.com	63749	2026-09-01
noise11.com	14618	2026-09-06
nola.com	80950	2026-09-06
nonpareilonline.com	59196	2026-09-06
noodls.com	5116	2025-05-02
noosanews.com.au	45618	2021-04-28
noozhawk.com	41601	2026-09-06
norfolkandtillsonburgnews.com	43489	2026-06-22
norfolkdailynews.com	33097	2026-09-06
norfolktoday.ca	10923	2026-09-04
normantranscript.com	25760	2026-09-06
northafricapost.com	13567	2026-09-06
northamptonchron.co.uk	23233	2025-01-23
northantstelegraph.co.uk	18240	2025-01-23
northbaynipissing.com	6905	2026-09-06
northcentralpa.com	35011	2026-09-06
northcoastcitizen.com	5728	2025-09-25
northcoastjournal.com	13159	2026-09-04
northcountrynow.com	67580	2026-09-06
northcountrypublicradio.org	56151	2026-09-06
northdenvernews.com	5869	2026-08-30
northdevongazette.co.uk	9532	2026-05-20
northeasttoday.in	15736	2026-09-05
northern-times.co.uk	46278	2026-09-06
northerndailyleader.com.au	105113	2026-09-06
northernirelandnews.com	19738	2024-12-03
northernirelandworld.com	23257	2025-01-23
northernminer.com	8589	2026-09-04
northernnews.ca	51710	2026-09-06
northernpublicradio.org	59475	2026-09-06
northernstar.com.au	43139	2021-04-28
northernstar.info	7113	2026-09-04
northernvirginiamag.com	5501	2026-09-04
northescambia.com	19343	2026-09-06
northfortmyersneighbor.com	6355	2026-09-04
northislandgazette.com	31639	2026-09-06
northjersey.com	17610	2023-09-11
northkoreatimes.com	35312	2026-09-06
northplattebulletin.com	6129	2026-09-06
northqueenslandregister.com.au	31197	2026-09-06
northsomersettimes.co.uk	34435	2026-09-06
northumberlandgazette.co.uk	17505	2025-01-23
northumberlandnews.com	7159	2026-09-06
northwaleschronicle.co.uk	107467	2026-09-06
northwalespioneer.co.uk	110861	2026-09-06
northwestgeorgianews.com	145499	2026-09-06
northwestmoinfo.com	24554	2026-09-04
northwestsignal.net	41222	2026-09-05
northweststar.com.au	62432	2026-09-06
northwichguardian.co.uk	127051	2026-09-06
norwichbulletin.com	8631	2023-09-11
nottinghampost.com	124477	2026-09-06
nova.ie	26692	2026-09-06
novinite.com	67283	2026-09-06
nowgrenada.com	6429	2026-09-05
nownews.com	14527	2022-10-31
nowtoronto.com	18392	2026-07-30
npr.org	142005	2026-09-06
nptelegraph.com	45615	2026-09-06
nrl.com	13690	2026-09-06
nrn.com	15826	2026-09-05
nrq.com	6091	2026-08-31
nrtoday.com	28198	2026-09-05
nsnews.com	74080	2026-07-30
nst.com.my	19661	2025-09-22
ntnews.com.au	51861	2024-07-22
ntv.co.ug	23792	2026-09-06
nuclear-news.net	19317	2026-09-06
nugget.ca	63220	2026-09-06
nujournal.com	14359	2026-09-05
numberfire.com	17288	2025-10-21
nurseryworld.co.uk	5910	2026-06-19
nursingtimes.net	10396	2026-09-05
nutraingredients-usa.com	6370	2025-10-15
nutraingredients.com	7586	2026-09-04
nvdaily.com	72434	2026-09-06
nvi.com.au	48650	2026-09-06
nwaonline.com	81994	2026-09-06
nwasianweekly.com	5589	2025-12-21
nwemail.co.uk	172780	2026-09-06
nwfdailynews.com	15489	2023-09-11
nwherald.com	10392	2023-05-01
nwitimes.com	107285	2026-09-06
ny1.com	5132	2026-04-22
nyasatimes.com	25937	2026-09-06
nydailynews.com	155614	2026-09-06
nylon.com	5445	2026-09-04
nymag.com	12115	2026-09-06
nynganobserver.com.au	46130	2026-09-06
nyoooz.com	21750	2026-09-06
nypost.com	252788	2026-09-06
nystateofpolitics.com	15869	2026-09-06
nysun.com	20863	2026-08-14
nytimes.com	289045	2026-09-06
nzcity.co.nz	275581	2026-09-06
nzdoctor.co.nz	20557	2026-09-06
nzherald.co.nz	305810	2026-09-06
oakdaleleader.com	7557	2026-09-04
oakridger.com	9789	2023-09-11
oann.com	70976	2026-09-06
oanow.com	32843	2026-09-06
oaoa.com	38684	2025-05-15
obantimes.co.uk	12192	2024-01-25
oberonreview.com.au	49693	2026-09-06
obj.ca	10637	2026-09-04
obozrevatel.com	40531	2025-03-05
obrag.org	7736	2026-09-05
observer-reporter.com	22072	2026-09-05
observer.com	8954	2026-09-04
observer.ug	34588	2026-09-06
observertoday.com	26210	2026-09-06
oc-breeze.com	12900	2023-04-02
ocala.com	12103	2023-09-11
ocbj.com	6185	2026-09-05
oceanfm.ie	15378	2026-09-06
ocj.com	9985	2026-09-06
ocregister.com	77519	2026-09-06
odnako.org	26694	2026-09-06
odt.co.nz	60570	2026-09-06
odwyerpr.com	11569	2026-09-06
oed.com	5029	2026-09-06
oedigital.com	18346	2026-09-04
offalyexpress.ie	62753	2026-05-12
offalyindependent.ie	41043	2026-09-06
officer.com	7322	2026-09-04
offshore-energy.biz	10861	2025-01-22
offshore-technology.com	10940	2026-09-04
ofm.co.za	18823	2026-09-06
og979.com	21908	2026-05-15
ohiostandard.com	42579	2026-09-06
ohsonline.com	5341	2026-09-04
oilandgas360.com	17417	2026-09-05
oilcity.news	6882	2025-04-03
oilprice.com	43689	2026-09-06
oilvoice.com	10120	2020-12-14
oireachtas.ie	10234	2026-09-03
ojaivalleynews.com	11144	2026-09-05
ok.co.uk	128175	2026-09-06
okaz.com.sa	10574	2026-09-06
okcfox.com	38461	2026-09-06
okgazette.com	5488	2026-09-02
oklahomacitysun.com	38129	2026-09-06
oklahoman.com	55294	2023-09-11
oklahomastar.com	21952	2026-09-06
okotoksonline.com	14951	2026-09-05
okotokstoday.ca	8948	2023-03-29
oldham-chronicle.co.uk	12862	2026-09-06
oleantimesherald.com	86784	2026-09-06
omaha.com	179712	2026-09-06
omakchronicle.com	14765	2026-09-05
omanobserver.om	37810	2026-09-06
ominecaexpress.com	26734	2026-09-06
on3.com	5021	2026-03-19
onclive.com	16070	2026-01-16
oncologynurseadvisor.com	6210	2026-09-04
onegreenplanet.org	32712	2026-09-05
oneidadispatch.com	36285	2026-09-06
oneindia.com	62305	2026-09-06
onenewsnow.com	10704	2021-08-10
onenewspage.com	286525	2026-09-06
onlineathens.com	9456	2023-09-11
onlinenigeria.com	70549	2025-03-25
onlineopinion.com.au	9383	2026-09-04
onthewater.com	5667	2026-09-03
onthewight.com	16477	2026-09-06
onwardstate.com	12651	2026-09-06
opalesque.com	5431	2026-09-03
opb.org	7713	2026-04-01
opednews.com	8733	2026-09-06
openpr.com	740322	2026-09-06
openthemagazine.com	10485	2026-09-06
opinionnigeria.com	32355	2026-09-06
opportunitiesforafricans.com	11104	2026-09-05
optics.org	8537	2026-03-25
orangeobserver.com	9356	2025-09-10
orangeville.com	6664	2026-09-06
orangevilletoday.ca	7302	2026-09-04
orcadian.co.uk	5067	2026-09-06
order-order.com	6865	2025-09-01
oregonlive.com	77250	2026-02-23
organiser.org	33761	2026-09-06
origin-businesstoday.intoday.in	40947	2021-06-25
originalfm.com	16807	2025-12-12
orissabarta.com	45115	2026-03-06
orissadiary.com	28580	2026-09-06
orissapost.com	137493	2026-09-06
orlandoecho.com	51561	2026-09-06
orlandosentinel.com	117545	2026-09-06
orlandoweekly.com	14936	2026-09-06
orlytaitzesq.com	27057	2026-09-02
orovillemr.com	15210	2026-09-06
oskaloosa.com	45112	2026-09-06
oskynews.org	6297	2026-09-04
oswegocountynewsnow.com	13198	2026-09-06
oswegocountytoday.com	12580	2026-09-06
ottawa.ctvnews.ca	29397	2025-01-23
ottawacitizen.com	54174	2026-09-06
ottawaherald.com	5736	2026-06-06
ottawasun.com	65251	2026-09-06
ottumwacourier.com	64697	2026-09-06
oudaily.com	6396	2026-09-05
ourmidland.com	73223	2025-12-18
ourtribune.com	5164	2022-10-28
out.com	7874	2026-09-05
outbreaknewstoday.com	7571	2024-04-16
outdoorlife.com	5347	2026-09-06
outdoornews.com	14407	2026-09-06
outdoornewsdaily.com	5453	2023-05-06
outerbanksvoice.com	9255	2026-09-06
outinperth.com	5709	2026-09-06
outlookindia.com	133263	2026-09-06
outsidelands.org	6565	2026-09-06
outsideonline.com	10899	2026-09-06
overdrive.in	6023	2026-09-04
overdriveonline.com	6211	2026-05-27
owensoundsuntimes.com	26688	2026-09-06
oxfordmail.co.uk	241019	2026-09-06
oxygen.com	5103	2026-09-04
oyetimes.com	10769	2026-08-31
packers.com	7801	2026-09-05
packworld.com	8007	2025-12-28
padovanews.it	13520	2026-09-06
paducahsun.com	18970	2026-09-05
pagalguy.com	16441	2026-09-02
pagesix.com	51111	2026-09-06
pagosadailypost.com	7704	2026-09-04
pagosasun.com	13654	2026-09-06
paherald.sk.ca	14525	2026-09-05
pajhwok.com	26590	2026-09-06
pakistanpressfoundation.org	7371	2026-09-01
pakistantelegraph.com	100327	2026-09-06
pakistantoday.com.pk	30840	2026-09-06
pakobserver.net	83500	2026-09-06
palatinate.org.uk	9137	2026-09-06
palestinechronicle.com	8588	2025-08-01
palestineherald.com	10936	2026-09-06
palestinemonitor.org	38912	2026-05-15
palmbeachdailynews.com	7786	2023-09-11
palmbeachpost.com	26187	2023-09-11
palmcoastobserver.com	5119	2023-02-01
palmettobusinessdaily.com	6608	2024-01-26
paloaltoonline.com	18772	2026-09-06
pamplinmedia.com	24300	2022-12-14
panapress.com	23117	2026-05-10
panarmenian.net	24741	2026-07-30
pandct.com	10486	2026-02-15
panorama.am	26854	2026-09-06
panow.com	84116	2026-09-06
pantagraph.com	90382	2026-09-06
paperads.com	17379	2026-07-22
paperpk.com	13989	2026-07-20
parabolicarc.com	8426	2023-11-29
parade.com	9416	2025-09-12
paradisepost.com	11928	2026-09-06
parentherald.com	13184	2026-09-04
parents.com	7116	2026-03-17
parisguardian.com	67183	2026-09-06
parisstaronline.com	39957	2026-09-06
parkeschampionpost.com.au	20510	2026-09-03
parking-net.com	6510	2025-03-11
parking.net	10700	2026-09-04
parkrapidsenterprise.com	31854	2026-09-06
parkrecord.com	18561	2026-09-05
parliament.gov.to	20421	2026-08-18
parrysound.com	7657	2026-09-06
parsonssun.com	15498	2026-08-23
pasadenastarnews.com	46656	2026-09-06
pasoroblesdailynews.com	17029	2026-09-05
pastemagazine.com	11445	2026-09-06
patch.com	239055	2026-09-06
patentlyapple.com	6478	2024-07-30
patheos.com	32796	2026-06-18
patriotledger.com	9693	2023-09-11
patriotpost.us	37033	2026-09-04
patriots.com	6380	2026-09-06
pauldavisoncrime.com	8986	2026-09-03
paulickreport.com	26925	2026-02-06
paultan.org	34488	2026-09-06
paysonroundup.com	10046	2026-09-06
pbcommercial.com	7169	2026-04-07
pbn.com	8460	2026-04-18
pbs.org	26129	2026-09-05
pc-tablet.co.in	7418	2025-04-05
pcgamesn.com	29888	2026-09-06
pcmag.com	39156	2026-09-06
pctechmag.com	7064	2026-09-06
pcworld.co.nz	5685	2023-01-27
peacearchnews.com	36973	2026-09-06
peacefmonline.com	145649	2025-01-26
peakoil.com	17695	2026-09-06
peconicpublicbroadcasting.org	6972	2020-06-16
pedestrian.tv	30704	2026-09-04
peeblesshirenews.com	94706	2026-09-06
pehub.com	15188	2026-09-04
pembinavalleyonline.com	25725	2026-09-06
pembrokeobserver.com	38995	2026-08-29
pembroketoday.ca	11771	2026-09-02
penarthtimes.co.uk	117414	2026-09-06
penbaypilot.com	37637	2026-09-06
pendletoday.co.uk	5505	2021-12-13
peninsulaclarion.com	5080	2026-09-06
peninsuladailynews.com	11627	2026-09-06
pennlive.com	108037	2026-03-08
pennrecord.com	13340	2025-05-21
pensacolasjet.com	6352	2026-09-06
pentictonherald.ca	85588	2026-09-06
people.com	58098	2026-02-05
peoplesdailyng.com	33481	2026-04-09
peoplesreview.com.np	6702	2026-09-06
peoplesworld.org	18388	2026-09-04
peoriapublicradio.org	14883	2021-05-05
perezhilton.com	34397	2026-08-10
performancedrive.com.au	13678	2025-07-21
perhamfocus.com	25243	2026-09-06
perishablenews.com	21978	2026-09-05
perrynewspapers.com	5234	2026-09-04
personneltoday.com	9152	2026-09-03
perthnow.com.au	81783	2026-09-06
petapixel.com	12964	2026-09-06
peterboroughtoday.co.uk	19466	2025-01-23
petoskeynews.com	13149	2023-09-11
pghcitypaper.com	9642	2026-04-25
phandroid.com	17713	2026-09-05
pharmaceuticalonline.com	9827	2026-09-06
pharmacytimes.com	12321	2026-03-25
pharmatimes.com	5564	2026-09-03
pharmiweb.com	39419	2026-06-01
pharostribune.com	20047	2026-09-06
philamirror.info	7659	2026-05-24
philenews.com	18599	2026-07-23
philippinetimes.com	91241	2026-09-06
phillymag.com	6492	2026-09-06
phillytrib.com	40721	2026-09-06
phillyvoice.com	35600	2026-09-06
philstar.com	171930	2026-09-06
phinphanatic.com	6216	2026-09-06
phnompenhpost.com	44711	2026-07-31
phoenixfm.com	6595	2026-09-06
phoenixherald.com	109616	2026-09-06
phoenixnewtimes.com	7981	2026-09-05
phoenixvillenews.com	8403	2021-09-28
phonearena.com	41624	2025-08-21
phoronix.com	9796	2026-09-06
photonics.com	8114	2026-01-03
photonicsonline.com	5508	2026-09-05
phys.org	148868	2026-01-29
physiciansweekly.com	7449	2026-01-06
pikefm.com	9969	2026-09-06
pilotonline.com	71796	2026-09-06
pina.com.fj	21044	2026-09-05
pinchercreekecho.com	8956	2026-09-06
pineandlakes.com	34587	2026-09-06
pineisland-eagle.com	7477	2026-09-04
pinkbike.com	9096	2024-08-26
pinknews.co.uk	20157	2022-11-29
pinkun.com	5191	2025-12-06
pinkvilla.com	221580	2026-09-06
pinstripealley.com	19798	2026-09-06
pionline.com	18259	2026-06-18
piquenewsmagazine.com	60540	2025-09-05
pireport.org	10970	2026-09-04
pistonheads.com	5751	2026-09-06
pitchfork.com	18541	2026-09-06
pittsburghmagazine.com	6142	2026-09-04
pittsburghstar.com	114912	2026-09-06
piworld.com	8161	2026-09-04
pix11.com	19492	2025-06-12
pizzamarketplace.com	5572	2026-09-04
pjmedia.com	49071	2026-09-06
pjstar.com	10980	2023-09-11
placenorthwest.co.uk	17006	2026-06-04
plaintalk.net	5706	2026-09-04
planetf1.com	46931	2026-09-06
planetizen.com	14972	2025-07-30
planetprinceton.com	10760	2026-09-06
plansponsor.com	6388	2026-07-31
plasticsnews.com	9513	2026-04-29
playbill.com	25082	2026-09-06
playstationlifestyle.net	16263	2026-09-05
pleasantonweekly.com	12698	2026-09-06
plenglish.com	62030	2026-09-01
plos.org	6010	2026-09-04
pluggedin.com	5521	2026-09-04
plymouthherald.co.uk	105663	2026-09-06
pmlive.com	10069	2026-09-04
pmnewsnigeria.com	55376	2026-09-06
pna.gov.ph	7058	2026-03-08
pnj.com	13200	2023-09-11
poandpo.com	22819	2025-05-09
pocket-lint.com	26752	2026-09-06
pocketgamer.com	7793	2026-09-04
pocketnow.com	11447	2025-09-04
poconorecord.com	7358	2023-09-11
pokernews.com	34262	2026-09-06
polandsun.com	5706	2023-12-21
police1.com	7593	2026-09-02
polishforums.com	9805	2026-09-05
politicaldog101.com	31276	2026-09-06
politicalwire.com	58511	2026-09-06
politico.com	67856	2025-11-05
politico.eu	41850	2026-09-06
politics.co.uk	8826	2026-09-04
politicsweb.co.za	10838	2026-09-06
politicususa.com	7324	2026-02-28
politifact.com	12917	2026-09-05
polity.org.za	34059	2025-01-23
polkio.com	18709	2026-09-06
polygon.com	37376	2026-09-06
poncacitynews.com	9907	2026-09-06
pontefractandcastlefordexpress.co.uk	5456	2021-12-14
popcrush.com	18554	2026-09-06
popmatters.com	6121	2025-10-29
popsci.com	12867	2026-09-06
popsugar.com	65094	2026-09-04
popsugar.com.au	14474	2025-05-08
popularmechanics.com	15208	2026-09-05
portageonline.com	27717	2026-09-06
portcitydaily.com	15979	2026-09-04
portclintonnewsherald.com	6288	2023-09-11
portfolio-adviser.com	7296	2026-09-04
portlandmercury.com	12150	2026-09-04
portlandtribune.com	8782	2026-09-06
portnews.com.au	65271	2026-09-06
portsmouth-dailytimes.com	7671	2026-09-05
portsmouth.co.uk	25284	2025-01-23
portstephensexaminer.com.au	58234	2026-09-06
porttechnology.org	5116	2026-08-28
positivelyfilipino.com	6229	2026-09-02
post-journal.com	24853	2026-09-06
postandcourier.com	123507	2026-09-06
postbulletin.com	63264	2026-09-06
postcourier.com.pg	43846	2026-09-06
postcrescent.com	12995	2023-09-11
postindependent.com	14553	2026-09-05
postnewsgroup.com	6628	2026-08-31
postonline.co.uk	9200	2026-09-04
postregister.com	69509	2026-09-06
poststar.com	66275	2026-09-06
potchefstroomherald.co.za	10484	2023-10-04
potomaclocal.com	14478	2026-09-06
pottsmerc.com	51199	2026-09-06
poughkeepsiejournal.com	7141	2023-09-11
poundingtherock.com	8972	2026-09-06
powderbulksolids.com	7656	2026-09-05
powelltribune.com	19123	2026-09-04
power-technology.com	11756	2026-09-04
power103.com	8457	2026-09-06
power1057.com	7701	2026-09-06
power1069fm.com	22458	2026-08-09
power923.com	6404	2026-09-06
power959.com	20075	2026-09-05
power965.com	6877	2025-01-27
power96radio.com	51638	2026-09-06
power98fm.com	24036	2026-09-06
powerboise.com	5240	2026-08-22
powerlineblog.com	11521	2026-07-02
powermag.com	6203	2026-09-05
powerorlando.com	8047	2026-09-04
powerpage.org	7064	2026-01-18
poynter.org	5552	2026-09-04
pqbnews.com	32581	2026-09-06
pr-inside.com	186389	2026-09-06
pr.com	17029	2026-09-06
pragativadi.com	54912	2026-09-06
prairiepublic.org	43006	2026-09-06
praise933.com	5194	2024-04-28
prajasakti.com	11555	2026-06-26
pratttribune.com	5184	2023-09-12
predominantlyorange.com	7930	2026-09-06
premierchristianradio.com	11066	2023-06-07
premiumbeautynews.com	6059	2026-09-05
premiumtimesng.com	111649	2026-09-06
prescottenews.com	9377	2026-08-04
press-citizen.com	9004	2023-09-11
pressandguide.com	17310	2025-11-04
pressandjournal.co.uk	196721	2025-05-27
pressconnects.com	6069	2023-09-11
pressdemocrat.com	32955	2026-09-06
pressenterpriseonline.com	87096	2026-01-28
pressenza.com	12630	2026-09-06
pressgazette.co.uk	7313	2026-09-04
pressherald.com	133328	2026-09-06
pressofatlanticcity.com	83026	2026-09-06
pressparty.com	8869	2026-01-02
presspublications.com	6521	2026-09-03
presspubs.com	7760	2026-09-05
pressreleasepoint.com	60727	2026-09-03
pressrepublican.com	20112	2026-09-05
presstelegram.com	47237	2026-09-06
presstv.com	18559	2021-06-22
presstv.ir	65484	2026-07-22
prestigeonline.com	8959	2026-09-04
prestwichandwhitefieldguide.co.uk	18621	2023-03-07
prevention.com	11839	2026-09-06
prima.co.uk	8792	2026-09-06
primepublishers.com	5249	2026-09-05
princegeorgecitizen.com	137171	2025-09-05
princeton.edu	9143	2026-09-06
princetonol.com	11519	2026-09-06
printingnews.com	8737	2022-11-18
printweek.com	9505	2026-05-29
printweek.in	8892	2026-09-06
prisonplanet.com	5521	2026-08-12
priyo.com	19475	2026-09-05
prleap.com	9583	2026-09-05
prnewswire.co.uk	14883	2026-09-04
prnewswire.com	1311339	2026-09-06
proactiveinvestors.co.uk	61506	2026-09-06
proactiveinvestors.com	64191	2026-09-05
proactiveinvestors.com.au	34293	2026-09-04
probuilder.com	7509	2026-09-04
producer.com	14827	2025-05-22
professionaladviser.com	13785	2026-09-04
professionalpensions.com	10987	2026-09-04
progress-index.com	6209	2023-09-11
progressive-charlestown.com	20411	2026-09-06
progressivegrocer.com	7553	2025-09-09
progressiverailroading.com	10685	2026-09-06
projectnoah.org	19442	2026-09-06
prokerala.com	637550	2026-09-06
prolificnorth.co.uk	21481	2026-07-21
promptnewsonline.com	39251	2026-09-06
propakistani.pk	84620	2026-09-06
propertyweek.com	27636	2026-09-04
propublica.org	5461	2026-09-04
prospectmagazine.co.uk	8233	2026-09-05
providencejournal.com	22218	2023-09-11
prowrestling.net	18401	2026-09-06
prpeak.com	86658	2025-09-05
prrecordgazette.com	12870	2026-09-06
prunderground.com	11996	2026-08-09
prweb.com	172530	2026-09-06
prweek.com	13527	2026-07-02
psu.com	7048	2025-06-06
psu.edu	25099	2026-09-05
psychcentral.com	5022	2024-10-01
psychiatryadvisor.com	8757	2026-09-04
psychologytoday.com	23396	2026-09-01
ptinews.com	297015	2024-03-31
ptleader.com	7619	2026-09-06
publicnewsservice.org	19341	2025-08-20
publicnow.com	17005	2022-09-16
publicradioeast.org	53870	2026-09-06
publicradiotulsa.org	55841	2026-09-06
publishersweekly.com	20975	2026-09-04
pullmanradio.com	13508	2026-09-05
pulse.com.gh	49036	2026-03-19
pulse.ng	86874	2026-03-18
punchjump.com	11340	2026-09-05
punchng.com	295300	2026-09-06
punknews.org	9318	2026-09-05
punto.com.ph	8924	2026-09-06
purdueexponent.org	36780	2026-09-06
purerock96.com	9315	2026-09-06
purplerow.com	6069	2026-09-06
pushsquare.com	29589	2026-09-06
pv-magazine.com	18465	2026-06-04
pv-tech.org	13631	2026-09-04
pvvt.com	5700	2026-09-02
pwcs.edu	10390	2022-08-01
pymnts.com	23608	2026-09-06
q102.ie	16960	2026-09-06
q105.fm	6705	2026-09-06
q1057.com	9695	2026-09-04
q1061.com	8347	2026-09-06
q1065.fm	23950	2026-09-06
q106dot5.com	21526	2026-09-06
q106fm.com	8250	2026-09-04
q107.com	20477	2026-09-06
q1077.com	25072	2026-09-05
q107fm.ca	6514	2020-06-10
q108.com	7891	2026-09-04
q13fox.com	32112	2023-04-18
q93fm.com	14903	2026-09-04
q957.com	18815	2025-10-31
q95fm.net	8602	2026-08-21
q961.com	23903	2026-09-06
q985online.com	37923	2026-09-06
q98fm.com	7057	2026-09-06
qatar-tribune.com	33413	2026-09-06
qatarliving.com	8727	2026-09-06
qchron.com	13095	2026-09-05
qconline.com	70117	2026-09-06
qctimes.com	96280	2026-09-06
qns.com	12185	2026-09-06
qsrmagazine.com	6347	2026-02-19
qsrweb.com	7114	2026-09-04
qt.com.au	56636	2021-06-23
quadcitiesdaily.com	21617	2026-01-02
queanbeyanage.com.au	69546	2026-09-06
queensjournal.ca	5223	2026-08-31
queenslandcountrylife.com.au	50225	2026-09-06
queerty.com	6744	2026-09-05
quesnelobserver.com	29853	2026-09-06
quickcountry.com	48322	2026-09-06
quicknews-africa.net	37148	2026-09-05
quickworldnews.com	19319	2021-10-16
quintenews.com	27508	2026-09-06
qvc.com	59059	2026-07-08
qxmagazine.com	26771	2026-07-27
qz.com	34087	2026-04-13
racer.com	13748	2026-01-08
radaronline.com	33994	2026-09-06
radio.com	43725	2025-12-15
radio.gov.pk	58561	2026-09-06
radiocayman.gov.ky	8317	2026-09-04
radioinfo.com.au	6174	2025-01-22
radioink.com	15051	2026-09-06
radioiowa.com	16240	2026-07-27
radiojamaicanewsonline.com	29712	2026-09-04
radiokerry.ie	24915	2026-09-06
radiokorea.com	28815	2026-08-10
radiotamazuj.org	13257	2026-09-05
radiotimes.com	40861	2026-09-06
radiotoday.co.uk	5806	2026-09-06
radiotoday.com.au	8181	2025-06-14
radiousa.com	8269	2026-09-04
radiox.co.uk	6832	2026-09-04
radyonatin.com	11629	2025-10-03
rafu.com	5399	2026-09-06
ragtrader.com.au	7725	2026-09-04
railpage.com.au	73388	2023-10-15
railway-technology.com	5673	2026-09-03
railwayage.com	8580	2026-01-31
railwaygazette.com	10929	2026-09-06
rap-up.com	9390	2026-02-07
rapidcityjournal.com	58718	2026-09-05
rapidtvnews.com	6195	2026-02-17
rappler.com	84076	2026-09-06
rappnews.com	9635	2026-08-30
rapsinews.com	6019	2025-12-09
rashtranews.com	23678	2026-08-04
rasmussenreports.com	7776	2026-09-04
ravallirepublic.com	53781	2026-09-05
rawstory.com	64872	2026-09-06
rbj.net	12065	2026-06-04
rbth.com	6316	2026-09-06
rcps.info	37674	2026-06-15
rcreader.com	8121	2026-09-06
rcrwireless.com	8524	2026-09-04
reachfm.ca	13597	2026-01-01
readingchronicle.co.uk	138326	2026-09-06
readingeagle.com	58325	2026-09-06
readmedia.com	32376	2026-09-06
readwrite.com	6433	2024-10-10
realclearpolitics.com	31789	2026-05-17
realestate.com.au	14215	2026-09-06
realestatebusiness.com.au	8977	2026-09-06
realgeni.com	32458	2025-04-16
realitytea.com	42173	2026-09-05
realitytvworld.com	35781	2026-09-04
realradio804.com	6461	2026-09-04
realscreen.com	6878	2026-06-24
reason.com	15777	2026-09-06
rechargenews.com	10460	2026-09-04
record-bee.com	11218	2026-09-06
record-eagle.com	80531	2026-09-06
recordcourier.com	10467	2025-09-04
recorder.ca	48816	2026-09-06
recorder.com	35046	2026-09-06
recordernews.com	6816	2023-10-26
recorderonline.com	51990	2026-09-06
recordnet.com	9191	2023-09-11
recordonline.com	10835	2023-09-11
redandblack.com	9988	2026-09-06
redbluffdailynews.com	12944	2026-09-06
reddeeradvocate.com	21570	2026-09-06
redding.com	5466	2023-09-11
redditchadvertiser.co.uk	110403	2026-09-06
redditchstandard.co.uk	14995	2026-09-06
redeyeradioshow.com	14671	2026-08-28
redfm.ie	11648	2026-09-06
rediff.com	85724	2026-09-06
redlandcitybulletin.com.au	65091	2026-09-06
redlandsdailyfacts.com	44909	2026-09-06
redriverradio.org	57325	2026-09-06
redstate.com	76167	2026-09-06
redwatch.org.au	11914	2026-09-05
reflector.com	102594	2026-09-06
reformer.com	47438	2026-09-06
regina.ctvnews.ca	15942	2025-04-08
register-herald.com	61263	2026-09-05
registercitizen.com	111574	2026-04-21
registerguard.com	9843	2023-09-10
registerherald.com	6606	2025-09-17
rejournals.com	8752	2025-07-14
rekordeast.co.za	10868	2021-02-24
relevantmagazine.com	8505	2026-09-05
relevantradio.com	9361	2026-06-04
reliefweb.int	163718	2026-03-28
religionnews.com	16623	2026-07-17
relish.com	7311	2026-08-31
relix.com	6610	2026-09-06
renalandurologynews.com	8211	2026-09-04
renewableenergymagazine.com	10315	2026-09-04
renews.biz	22747	2025-01-23
renfrewtoday.ca	11838	2026-09-02
rep-am.com	52992	2025-02-04
repeatingislands.com	7054	2026-09-06
reporter.net	18295	2026-09-04
reporterherald.com	39721	2026-09-06
reporternews.com	9509	2023-09-11
republic-online.com	26031	2026-08-26
republicaneagle.com	5677	2026-09-06
republicanherald.com	46954	2026-09-06
republicofmining.com	6923	2026-08-07
republicworld.com	41980	2026-03-17
republikein.com.na	6512	2026-09-05
rescue.org	5796	2026-08-26
reseller.co.nz	14612	2026-09-04
resilience.org	5435	2026-09-04
respect-mag.com	5648	2026-09-01
restaurantmagazine.com	13847	2026-09-04
restaurantnews.com	13743	2026-09-04
restaurantnewsrelease.com	13482	2026-09-04
restaurantonline.co.uk	6173	2026-09-04
restonnow.com	6591	2024-05-17
retaildetail.eu	7317	2026-09-04
retaildive.com	12690	2026-09-06
retailtimes.co.uk	18827	2026-09-05
reuters.com	928661	2026-07-21
revengeofthebirds.com	7061	2026-09-06
reverb.com	6060	2022-05-04
reviewjournal.com	39661	2026-09-06
reviewonline.com	18614	2026-09-05
reviewtimes.com	6175	2020-06-10
revolutionradio.org	7537	2025-09-24
revolvermag.com	6193	2025-01-22
rewind943.com	9863	2026-09-04
rexburgstandardjournal.com	7387	2026-09-05
rfa.org	13530	2026-09-05
rfdtv.com	25795	2026-09-06
rferl.org	46067	2026-09-06
rfglobalnet.com	5449	2026-09-05
rfi.fr	62531	2026-09-06
rgj.com	9002	2023-09-11
rheaheraldnews.com	8706	2026-09-05
rheinpfalz.de	6895	2020-11-26
rhyljournal.co.uk	114875	2026-09-06
ricentral.com	6562	2026-09-05
richlandsource.com	29191	2026-09-06
richmond-news.com	74966	2025-09-05
richmond.com	91344	2026-09-06
richmondandtwickenhamtimes.co.uk	113081	2026-09-06
richmondbizsense.com	7445	2026-09-04
richmondfreepress.com	7220	2026-02-12
richmondregister.com	27655	2026-09-06
ricochet.com	33598	2025-06-14
ridgecrestca.com	9152	2026-09-06
riggosrag.com	6988	2026-09-06
rightspeak.net	12523	2026-09-06
rigzone.com	31029	2026-09-06
ringsidereport.com	6093	2026-08-31
riotimesonline.com	44926	2026-09-06
riponadvance.com	8508	2026-09-04
riponpress.com	7774	2026-09-06
ripplesnigeria.com	10801	2026-02-09
risingapple.com	5946	2026-09-06
risingbd.com	7134	2023-02-02
risingkashmir.com	6154	2025-07-25
risk.net	7899	2026-09-04
rismedia.com	15036	2026-09-04
rivals.com	5169	2025-06-14
river1037.com	15297	2026-09-06
river105.com	11694	2026-08-10
river967.com	22235	2026-09-04
riverbender.com	7579	2025-01-23
riverfronttimes.com	8051	2025-08-16
rivergrandrapids.com	31674	2026-09-06
rivernewsonline.com	15198	2026-09-03
riviera-maya-news.com	11678	2026-09-01
rnanews.com	6696	2026-09-06
rnz.co.nz	160899	2026-09-06
road.cc	10374	2026-09-06
roadandtrack.com	12491	2026-09-06
roadsafety.co.za	10789	2026-09-06
roanoke.com	77223	2026-09-06
roarmag.org	22564	2026-09-06
robbreport.com	16833	2026-09-06
robesonian.com	6000	2026-09-06
roboticstomorrow.com	7689	2026-09-04
rochdaleonline.co.uk	11368	2025-11-25
rochestercitynewspaper.com	5405	2023-03-06
rock101.com	10992	2026-08-31
rock1015.com	6167	2026-09-06
rock107.com	10076	2026-09-04
rock937online.com	24042	2025-03-27
rock947.com	9740	2022-11-22
rock967online.com	21472	2026-09-06
rockdalenewtoncitizen.com	71558	2026-08-23
rockpapershotgun.com	20222	2026-09-06
rocksound.tv	5145	2026-09-04
rockymounttelegram.com	62856	2026-09-06
rockytopinsider.com	8165	2026-09-06
rogerebert.com	23518	2026-01-29
rollcall.com	11665	2026-09-05
rollingout.com	36521	2025-12-23
rollingstone.com	55344	2026-09-06
rollingstoneindia.com	6459	2026-09-03
romania-insider.com	16431	2026-09-06
romaniapress.com	67468	2026-09-04
romesentinel.com	13959	2026-09-06
romfordrecorder.co.uk	50313	2026-09-06
romseyadvertiser.co.uk	52579	2024-10-26
roscommonherald.ie	52569	2026-09-06
ross-shirejournal.co.uk	52411	2026-09-06
rosslandtelegraph.com	5841	2026-09-05
rotherhamadvertiser.co.uk	7306	2025-01-23
rotowire.com	12582	2026-09-06
roundupweb.com	5541	2026-09-04
routesonline.com	12955	2026-07-31
royalcentral.co.uk	13857	2026-09-05
royalgazette.com	55224	2026-09-06
royalsreview.com	8179	2026-09-06
royston-crow.co.uk	30695	2026-09-06
rozanaspokesman.com	14043	2026-09-06
rrdailyherald.com	24034	2026-09-05
rri.ro	10002	2026-09-06
rrobserver.com	6511	2026-09-04
rrr.org.au	25583	2026-09-06
rrstar.com	9459	2023-09-11
rsn.net.au	11216	2026-09-06
rstreet.org	8376	2026-09-06
rt.com	14479	2026-09-06
rte.ie	181206	2026-09-06
rthk.hk	11707	2026-09-04
rtoinsider.com	5974	2026-09-04
rtrfm.com.au	6108	2026-09-04
rttnews.com	135137	2026-09-06
rubbernews.com	9503	2026-06-18
runcornandwidnesworld.co.uk	91913	2026-09-06
runnersworld.com	10339	2026-09-06
runningmagazine.ca	6464	2026-09-06
runwaygirlnetwork.com	5635	2026-03-31
rushlane.com	8976	2026-09-06
russiaherald.com	133588	2026-09-06
russianmachineneverbreaks.com	7509	2026-09-06
russianradio7.com	8075	2025-01-20
rustourismnews.com	6198	2026-09-06
ruthfullyyours.com	25532	2026-08-01
rutland-times.co.uk	11741	2026-09-06
rutlandherald.com	40968	2026-09-06
rvasia.org	8268	2026-08-11
ryeandbattleobserver.co.uk	5120	2022-02-09
sabcnews.com	8897	2026-03-19
sacobserver.com	7011	2026-05-28
sacurrent.com	17053	2026-09-05
safc.com	10896	2024-07-16
saharareporters.com	100643	2026-09-06
sahilonline.org	12011	2026-09-06
sail-world.com	21768	2026-09-06
sailingscuttlebutt.com	8762	2026-07-12
saipantribune.com	7237	2025-05-29
sakshi.com	36429	2025-06-05
sakshipost.com	32841	2026-09-05
salemnews.com	29684	2026-09-05
salemnews.net	17386	2026-09-05
salina.com	9487	2023-09-10
salinapost.com	31605	2026-09-06
salisburyjournal.co.uk	122138	2026-09-06
salon.com	32960	2026-09-06
saltlakecitysun.com	146436	2026-09-06
saltwire.com	82410	2026-09-06
samaa.tv	61491	2026-09-06
sammobile.com	26335	2026-08-26
samoanews.com	5927	2026-09-05
samoaobserver.ws	9370	2026-09-06
sana.sy	28809	2026-09-06
sanangelolive.com	28199	2026-09-06
sanantoniopost.com	63131	2026-09-06
sandiegoreader.com	13139	2025-08-22
sandiegosun.com	178492	2026-09-06
sandiegouniontribune.com	214840	2026-09-06
sanews.gov.za	15446	2026-09-06
sanfordherald.com	52416	2026-09-06
sanilacbroadcasting.com	5339	2025-01-09
sanjuanjournal.com	5782	2026-09-04
sanmarcosrecord.com	10952	2026-09-05
sanremonews.it	5135	2026-09-06
santabanta.com	7476	2026-09-05
santacruzsentinel.com	22132	2026-09-06
santafenewmexican.com	63283	2026-09-06
santamariasun.com	5418	2026-09-03
santamariatimes.com	93146	2026-09-06
saobserver.net	45545	2026-09-06
saps.gov.za	37740	2025-11-19
sarajevotimes.com	5933	2026-03-02
saratogian.com	39157	2026-09-06
sarniathisweek.com	35616	2026-01-20
saskatoon.ctvnews.ca	14577	2025-01-22
satellitetoday.com	7211	2026-09-04
satnews.com	14587	2026-09-06
saudigazette.com.sa	54271	2026-03-18
saukvalley.com	7863	2020-12-17
saultstar.com	59812	2026-09-06
saultthisweek.com	48731	2026-06-22
savannahnow.com	16081	2023-09-11
savejersey.com	6126	2026-09-05
savingadvice.com	6102	2026-09-06
sb.by	18925	2026-09-04
sbcnews.co.uk	7219	2024-12-05
sbnation.com	47516	2026-09-06
sbr.com.sg	20012	2026-09-06
sbs.com.au	84833	2026-09-06
sbsun.com	45539	2026-09-06
sbwire.com	16543	2022-01-13
scallywagandvagabond.com	9122	2026-09-06
scdailypress.com	7072	2023-01-30
schoolsweek.co.uk	7252	2026-07-03
schroders.com	5010	2024-02-09
science.org	5028	2024-04-24
science20.com	7665	2026-09-06
sciencealert.com	18890	2026-09-06
scienceblog.com	15621	2026-09-06
scienceblogs.com	14654	2026-09-06
sciencebusiness.net	9408	2026-02-09
sciencedaily.com	32157	2026-08-06
sciencemag.org	12882	2021-10-07
sciencenews.org	5511	2026-09-04
scientificamerican.com	14329	2026-09-06
scmagazine.com	10578	2024-09-25
scmp.com	160522	2026-09-06
scnow.com	44790	2026-09-06
sconeadvocate.com.au	71466	2026-09-06
scoop.co.nz	284252	2026-09-06
scotsman.com	80113	2025-01-23
scottishconstructionnow.com	6896	2026-09-04
scottishhousingnews.com	7014	2026-09-04
scottishlegal.com	6268	2026-09-04
scpr.org	7524	2024-02-29
screencrush.com	10299	2026-09-04
screendaily.com	27103	2025-09-05
screenrant.com	209663	2026-09-06
scrippsnews.com	14231	2026-03-19
scroll.in	55990	2026-09-06
sctimes.com	6903	2023-09-10
scvnews.com	21765	2026-09-06
sdbj.com	5863	2026-09-04
sdcexec.com	8119	2025-12-28
sdjewishworld.com	6525	2026-09-06
sdpb.org	14659	2026-09-04
se933.com	20791	2026-09-06
seacoastonline.com	17956	2024-10-24
seafoodsource.com	6470	2025-01-23
seaforthhuronexpositor.com	22724	2026-09-06
seahawks.com	6315	2026-09-06
searchenginejournal.com	6564	2026-09-05
searchengineland.com	9451	2026-09-04
searchlight.vc	23146	2026-09-04
seasideradio.co.uk	13571	2026-09-04
seatrade-maritime.com	9491	2025-01-09
seattlepi.com	165051	2025-11-18
seattletimes.com	70978	2026-07-15
securityinfowatch.com	9734	2026-09-05
sedaliademocrat.com	12212	2026-09-05
seekingalpha.com	143605	2026-09-06
seenews.com	23417	2025-11-19
segmentnext.com	12742	2025-07-30
seguingazette.com	7170	2026-09-05
seguintoday.com	5191	2026-09-06
sej.org	15095	2026-09-04
selectscience.net	14602	2026-09-04
semissourian.com	16204	2026-08-30
sen.com.au	17190	2024-11-11
senate.gov.ph	10256	2025-08-20
seneweb.com	81744	2026-04-30
sent-trib.com	33170	2025-09-17
sentinel-standard.com	6658	2023-09-09
sentinelandenterprise.com	20913	2026-09-06
sentinelassam.com	82498	2026-09-06
sentinelsource.com	22605	2025-02-13
sequimgazette.com	6253	2026-09-05
serbian.cri.cn	11021	2026-09-06
setexasrecord.com	13902	2025-05-21
sevendaysvt.com	19997	2026-09-05
seventeen.com	10867	2026-09-03
seychellesnewsagency.com	7022	2026-02-17
sfchronicle.com	86527	2025-11-18
sfexaminer.com	15489	2026-09-06
sfgate.com	557090	2026-07-08
sfist.com	16275	2026-09-06
sflcn.com	6330	2026-06-04
sfstation.com	9519	2026-09-06
sgvtribune.com	47926	2026-09-06
shabait.com	5325	2026-09-04
shacknews.com	30437	2026-09-06
shafaqna.com	40455	2026-09-06
shanghaiist.com	6071	2026-07-11
shanghainews.net	88964	2026-09-06
shanghaisun.com	154859	2026-09-06
shankennewsdaily.com	7263	2026-09-04
shannonside.ie	29041	2026-09-06
sharecast.com	18144	2026-03-26
sharechat.co.nz	5700	2026-09-04
sharenet.co.za	17881	2026-08-25
shark1053.com	22449	2026-09-06
sharonherald.com	24523	2026-09-06
sheboyganpress.com	9278	2023-09-11
shekicks.net	6454	2026-09-05
sheknows.com	28410	2026-09-05
shelbystar.com	6592	2023-09-11
sheltonherald.com	53654	2025-11-18
shephardmedia.com	8531	2026-09-04
sheppnews.com.au	6976	2025-10-15
sherbrookerecord.com	5284	2026-09-05
sheridanmedia.com	22486	2026-09-06
sherwoodparknews.com	16715	2026-09-06
shetlandtimes.co.uk	8460	2026-09-06
shetnews.co.uk	16435	2026-09-06
shieldsgazette.com	12833	2025-01-23
shine.cn	8014	2025-06-14
ship-technology.com	5384	2026-09-02
shipandbunker.com	17442	2026-09-05
shipnc.com	8538	2026-09-05
shippingtribune.com	6112	2026-09-05
shippingwatch.com	7709	2026-06-26
shockya.com	5765	2026-09-06
shorehamherald.co.uk	6130	2022-02-09
shorelinebeacon.com	23344	2026-08-29
shorelinemedia.net	23566	2026-09-06
shorenewsnetwork.com	18724	2026-03-12
shortlist.com	6769	2026-09-04
showbiz411.com	6174	2026-09-06
shreveporttimes.com	9564	2023-09-11
shropshirelive.com	11827	2026-09-06
shropshirestar.com	67852	2026-03-26
si.com	255470	2026-09-06
siasat.com	164570	2026-09-06
sidneydailynews.com	17900	2025-09-17
sidneyherald.com	11709	2026-09-05
sierraleonetimes.com	70461	2026-09-06
sierrawave.net	6363	2026-09-05
sify.com	66086	2026-09-04
signalscv.com	22287	2026-09-05
siliconangle.com	18718	2026-09-06
siliconera.com	19659	2026-09-06
siliconindia.com	22817	2026-09-05
siliconrepublic.com	19971	2026-09-04
siliconvalley.com	14938	2026-09-05
silive.com	59235	2026-02-23
silverandblackpride.com	15594	2026-09-06
silverbirdtv.com	8995	2026-09-06
simcoe.com	14012	2026-09-06
simcoereformer.ca	51110	2026-09-06
simpleflying.com	8160	2026-09-01
sina.com	68991	2025-01-09
sina.com.hk	30252	2026-09-06
singaporestar.com	76720	2026-09-06
singersroom.com	17113	2026-09-06
singletonargus.com.au	75801	2026-09-06
siouxcityjournal.com	261485	2026-09-06
siouxlandnews.com	8292	2026-09-06
sis.gov.eg	9722	2025-11-14
siskiyoudaily.com	5408	2023-09-11
sitkasentinel.com	35188	2026-09-06
sj-r.com	11627	2023-09-11
skift.com	17996	2026-09-05
sknvibes.com	13001	2026-09-06
skopjediem.com	6634	2026-09-04
sky.com	87578	2026-08-27
skymetweather.com	6226	2026-09-05
skynews.com.au	72895	2026-07-26
slamonline.com	5481	2025-09-10
slashdot.org	5538	2024-09-09
slashfilm.com	42779	2026-09-06
slashgear.com	56814	2026-09-06
slate.com	42521	2026-09-06
sleepreviewmag.com	5241	2026-09-06
slguardian.org	24277	2026-09-06
slippedisc.com	7131	2026-09-06
slotocash.im	6832	2023-11-30
sloughobserver.co.uk	113487	2026-09-06
sloveniatimes.com	12811	2025-11-18
sltrib.com	30249	2026-09-06
slugmag.com	5476	2026-09-06
smallbiztrends.com	13250	2026-09-06
smallwarsjournal.com	6274	2026-06-04
smartcanucks.ca	13853	2026-09-06
smartcompany.com.au	10077	2026-09-04
smartpropertyinvestment.com.au	6269	2026-09-06
smdailyjournal.com	137001	2026-07-31
smdp.com	12446	2026-09-06
smenet.org	5127	2026-09-04
smetimes.in	13970	2026-09-04
smh.com.au	270595	2026-09-06
smithsonianmag.com	5398	2026-09-02
smn-news.com	16027	2026-09-06
smnewsnet.com	11006	2026-03-23
smokymountainnews.com	9198	2026-09-04
snl24.com	37194	2026-07-02
snntv.com	12417	2024-07-01
snopes.com	13727	2026-03-19
so-co-it.com	5992	2026-07-02
soapoperadigest.com	6183	2026-09-06
socaltech.com	5712	2025-12-24
socialistparty.org.uk	5103	2025-01-22
socialmediatoday.com	12810	2026-09-04
sofiaglobe.com	9624	2026-09-04
sofrep.com	14334	2026-04-18
softpedia.com	5650	2024-12-01
softrock941.com	5118	2023-02-13
soglos.com	5909	2026-09-02
sojo1049.com	42002	2026-09-06
solomonstarnews.com	9202	2026-04-30
somdnews.com	22026	2026-09-06
somerset-kentucky.com	30749	2026-09-06
somersetcountygazette.co.uk	191914	2026-09-06
somersetlive.co.uk	96182	2026-09-06
sooeveningnews.com	5730	2023-09-09
sookenewsmirror.com	39276	2026-09-06
soompi.com	34234	2026-09-06
sott.net	72989	2026-09-06
sounderatheart.com	7587	2026-09-06
soundonsound.com	25677	2026-09-06
southbendtribune.com	14724	2023-09-11
southcarolinapublicradio.org	77084	2026-09-06
southcoastregister.com.au	52418	2026-09-06
southcoasttoday.com	12183	2025-05-13
southdadenewsleader.com	8814	2026-09-05
southeastagnet.com	6362	2026-09-05
southeastasiapost.com	101203	2026-09-06
southeastradio.ie	8693	2026-09-06
southeastsun.com	5753	2025-01-17
southernhighlandnews.com.au	64340	2026-09-06
southernliving.com	11781	2026-03-17
southernminn.com	91854	2026-09-06
southernstandard.com	5879	2025-07-19
southernstar.ie	13245	2026-09-05
southgatearc.org	6902	2022-10-08
southpeacenews.com	8514	2026-09-06
southtahoenow.com	54396	2026-09-06
southwalesargus.co.uk	194783	2026-09-06
southwalesguardian.co.uk	95332	2026-09-06
southwhidbeyrecord.com	6154	2026-09-06
sowetan.co.za	6532	2026-09-06
sowetanlive.co.za	56173	2025-10-16
soyacincau.com	15989	2026-09-05
space.com	23922	2026-09-06
spacecoastdaily.com	12208	2026-09-06
spacedaily.com	21827	2026-09-06
spaceref.com	6301	2026-09-03
spacewar.com	31665	2026-09-06
spaldingtoday.co.uk	8426	2023-12-04
spanishvida.com	5324	2026-09-06
spartaindependent.com	5428	2026-09-04
spectator.co.uk	41838	2025-12-16
spectator.org	8421	2026-08-20
spectator.sme.sk	10290	2026-02-18
spectrumlocalnews.com	9095	2026-06-26
spectrummagazine.org	5950	2024-10-24
spectrumnews1.com	7443	2026-02-12
speedcafe.com	32159	2026-09-06
speedwaymedia.com	16696	2026-09-06
spencerdailyreporter.com	5800	2026-09-05
spiked-online.com	6917	2026-09-06
spin.com	7322	2026-03-12
spin1038.com	7539	2026-09-06
spoilertv.com	28068	2026-09-06
spokanepublicradio.org	64556	2026-09-06
spokesman.com	59250	2026-09-06
sportsnet.ca	5652	2022-01-17
spotlightnepal.com	8451	2026-09-06
spotrac.com	57099	2026-09-06
springer.com	5931	2026-09-06
springfieldnewssun.com	54222	2026-09-06
sprucegroveexaminer.com	16626	2026-09-06
sputnikglobe.com	35875	2026-09-06
sputniknews.com	115856	2023-04-05
squamishchief.com	72879	2025-09-05
squatchrocks.com	44551	2026-09-06
srilankamirror.com	14798	2026-09-06
srilankasource.com	98714	2026-09-06
srpressgazette.com	6474	2026-09-06
ssuchronicle.com	20914	2020-04-15
stabroeknews.com	84877	2026-03-26
staffingindustry.com	7493	2024-12-01
stalbansreview.co.uk	82873	2025-12-09
stalbertgazette.com	58824	2025-09-05
stamfordadvocate.com	157056	2025-06-12
stamfordmercury.co.uk	8132	2023-12-04
stampedeblue.com	10188	2026-09-04
standard-democrat.com	5151	2026-08-28
standard-freeholder.com	44302	2026-09-06
standard-journal.com	66518	2026-09-06
standard.co.uk	210505	2026-09-06
standard.net	17853	2026-09-06
standard.net.au	78305	2026-09-06
standardbredcanada.ca	34949	2026-09-06
standardmedia.co.ke	195842	2026-09-06
standardspeaker.com	48389	2026-09-06
stanforddaily.com	6380	2026-08-30
star945.com	8038	2026-09-04
star967.net	13534	2026-03-20
star98.net	10384	2026-09-06
staradvertiser.com	53598	2026-09-06
starbeacon.com	28587	2026-09-06
starcommunity.com.au	9165	2026-04-29
starcourier.com	5441	2023-09-10
stardem.com	33971	2026-09-06
starfm1023.com	6853	2026-08-31
stargazette.com	5321	2023-09-11
starherald.com	50639	2026-09-06
starkvilledailynews.com	5623	2026-09-05
starlocalmedia.com	58913	2026-09-06
starmometer.com	9202	2026-06-08
starnewsonline.com	11634	2023-09-11
starobserver.com.au	8380	2026-09-06
starofmysore.com	34930	2026-09-06
starradiovegas.com	5978	2022-06-24
startribune.com	263278	2026-08-25
starweekly.com.au	25547	2026-03-02
state.gov	15210	2026-09-02
statecollege.com	13833	2026-09-06
statenews.com	9083	2026-09-06
stateofreform.com	5750	2026-03-27
statesboroherald.com	8976	2026-09-06
statesman.com	34154	2026-03-25
statesmanjournal.com	9447	2023-09-11
statesville.com	48020	2026-09-06
staugustine.com	10411	2023-09-11
stawelltimes.com.au	30202	2026-09-03
stcatharinesstandard.ca	109075	2026-09-06
steelers.com	6683	2026-09-06
steinbachonline.com	25527	2026-09-06
stellar.ie	10573	2026-09-06
stereoboard.com	20696	2026-09-06
stereogum.com	20692	2026-09-06
stettlerindependent.com	11836	2026-09-04
stevenspointjournal.com	8837	2023-09-11
stevivor.com	6004	2026-08-24
stgeorgeutah.com	24138	2026-09-06
sthelensstar.co.uk	138105	2026-09-06
stiripesurse.ro	39419	2026-09-05
stlamerican.com	18137	2026-09-06
stlouisstar.com	95717	2026-09-06
stlpublicradio.org	8721	2023-09-01
stltoday.com	242250	2026-09-06
stock-world.de	6893	2024-12-30
stockandland.com.au	39504	2026-09-06
stockhouse.com	12208	2026-07-28
stockjournal.com.au	39838	2026-09-06
stockmarketwire.com	21652	2022-02-23
stokesentinel.co.uk	103294	2026-09-06
stornowaygazette.co.uk	7135	2025-01-23
stourbridgenews.co.uk	145000	2026-09-06
straight.com	16985	2026-09-06
straitstimes.com	198604	2026-09-06
strangehorizons.com	5167	2026-09-05
strategypage.com	10734	2026-09-06
stratford-herald.com	19581	2026-09-06
stratfordbeaconherald.com	40727	2026-09-06
stratfordobserver.co.uk	10050	2026-09-06
strathroyagedispatch.com	35086	2026-01-25
strathroytoday.ca	8590	2026-09-04
streetinsider.com	368521	2024-12-02
streetsblog.org	9533	2026-09-04
stripes.com	98042	2026-09-06
stroudnewsandjournal.co.uk	119019	2026-09-06
stthomastimesjournal.com	41332	2026-09-06
stthomastoday.ca	9273	2026-09-05
stuff.co.nz	290589	2024-01-16
stuff.tv	8258	2026-09-06
stupiddope.com	18434	2025-10-20
sturgisjournal.com	6692	2023-09-11
stuttgartdailyleader.com	12791	2026-09-04
stwnewspress.com	10543	2026-09-06
stylecaster.com	15528	2026-09-06
suasnews.com	5853	2026-09-05
sudantribune.com	6768	2025-02-16
suffolknews.co.uk	11984	2026-09-06
summitdaily.com	21906	2026-09-06
sun-sentinel.com	111388	2026-09-06
suncommercial.com	55384	2026-09-06
sundaymail.co.zw	13635	2025-01-23
sundaynews.co.zw	14210	2025-01-22
sundaystandard.info	7255	2026-08-31
sundaytimes.lk	11155	2026-09-06
sundayworld.co.za	10802	2026-07-15
sundayworld.com	50448	2025-11-24
sunderlandecho.com	19890	2025-01-23
sungazette.com	20392	2026-09-05
sunjournal.com	109640	2026-09-06
sunlive.co.nz	44265	2026-09-06
sunnewsonline.com	41578	2024-06-26
sunny1031.com	7117	2026-09-06
sunny1063.com	13719	2026-02-19
sunny923.com	13154	2026-09-04
sunny943.com	11634	2026-09-06
sunnysidesun.com	5601	2023-04-13
sunshinecoastdaily.com.au	63851	2021-06-23
sunshinestatenews.com	9785	2023-07-22
sunstar.com.ph	96167	2026-09-06
suntimes.com	118276	2026-09-06
superbike-news.co.uk	10659	2026-09-06
superherohype.com	19163	2026-09-06
superhits106.com	8091	2026-09-06
superiortelegram.com	19466	2026-09-06
supermarketnews.com	9836	2026-09-04
supertalk.fm	13049	2026-09-06
supertalk1270.com	7896	2026-09-05
supertalk1570.com	16594	2026-07-09
surfky.com	6423	2026-05-29
surinametimes.com	11368	2026-09-06
surinenglish.com	21583	2026-09-06
surreycomet.co.uk	154270	2026-09-06
sussexexpress.co.uk	45134	2025-01-23
sverigesradio.se	7180	2026-04-15
swag1049.com	11866	2026-09-04
swapacd.com	41096	2025-09-25
swarajyamag.com	36344	2026-07-24
sweetwaternow.com	19744	2026-09-06
swfinstitute.org	15178	2024-06-11
swiftcurrentonline.com	22786	2026-09-06
swimmingworldmagazine.com	6148	2026-02-23
swimswam.com	31506	2026-09-06
swindonadvertiser.co.uk	156587	2026-09-06
swiowanewssource.com	10687	2026-09-06
swishappeal.com	5054	2026-09-06
swissinfo.ch	102498	2026-09-06
swnewsmedia.com	10991	2025-08-05
swoknews.com	68671	2026-09-06
swtimes.com	7227	2023-09-11
swvatoday.com	19072	2026-09-05
swxrightnow.com	5318	2020-12-17
sydneysun.com	70023	2026-09-06
syfy.com	22086	2026-09-05
syracuse.com	73906	2026-02-19
t-g.com	6430	2026-09-06
t3.com	29404	2026-09-06
t95.com	5077	2026-08-27
taftmidwaydriller.com	5946	2026-09-04
tag911.ae	9101	2026-09-06
tahlequahdailypress.com	34903	2026-09-06
tahoedailytribune.com	14404	2026-09-04
taipeitimes.com	109498	2026-09-06
taiwannews.com.tw	47002	2025-11-28
taiwansun.com	39764	2026-09-06
taku105.com	6608	2024-02-15
talk1073.com	5862	2026-09-04
talkandroid.com	8023	2026-07-30
talkers.com	7633	2026-09-04
talkingpointsmemo.com	25747	2026-09-05
talkingretail.com	13334	2026-09-06
talkradio1170.com	24565	2021-09-07
talkradio960.com	21585	2026-09-05
talkvietnam.com	179795	2023-11-26
tallahassee.com	13322	2023-09-11
tamilguardian.com	5598	2026-09-06
tampabay.com	40369	2026-03-26
tanzanianewsreports.com	17569	2026-09-05
taosnews.com	12557	2026-09-06
tapeop.com	9978	2026-09-03
tapinto.net	6703	2023-08-03
targatocn.it	6842	2026-09-06
targetednews.com	175260	2026-09-06
tasnimnews.com	10617	2025-10-07
tass.com	97872	2026-04-09
tasteofcountry.com	22604	2026-09-06
tasteofhome.com	11405	2026-09-04
tatler.com	7917	2026-09-04
tatlerasia.com	6896	2025-10-27
tauntongazette.com	6714	2023-09-11
taylorvilledailynews.com	22913	2026-09-06
tbnewswatch.com	27463	2025-09-05
tbnweekly.com	13489	2026-05-04
tbsnews.net	21092	2026-03-19
tcpalm.com	12606	2023-09-11
tctimes.com	7748	2026-09-06
tctmd.com	5075	2026-05-19
td.org	5155	2026-03-11
tdh.gov.tm	5259	2026-09-05
tdn.com	62818	2026-09-06
tdtnews.com	31212	2026-09-06
team-bhp.com	42769	2026-06-08
teammyrtlebeach.com	20251	2023-08-29
teamtalk.com	75599	2026-09-06
teamusa.org	6354	2023-08-16
techcabal.com	16209	2026-09-06
techcentral.co.za	8322	2026-05-14
techcentral.ie	5828	2026-09-04
techcrunch.com	68157	2026-09-06
techdirt.com	41986	2026-09-06
techmoran.com	8871	2026-09-06
technewstoday.com	6238	2024-04-04
technical.ly	7641	2026-09-06
technuter.com	6634	2026-06-04
techradar.com	111783	2026-09-06
techreport.com	6990	2026-03-27
techrepublic.com	7472	2026-09-05
techshout.com	5599	2025-09-07
techspot.com	26953	2026-09-06
techstory.in	47726	2026-08-27
techtimes.com	51743	2026-09-06
techxplore.com	35782	2026-01-29
tehachapinews.com	9938	2026-09-06
tehelka.com	7045	2025-09-08
telecomasia.net	7976	2026-01-12
telecompaper.com	61797	2026-09-06
telecomtv.com	6080	2026-09-04
telegrafi.com	6160	2026-08-28
telegram.com	19979	2023-09-11
telegraph.co.uk	238741	2024-11-25
telegraphherald.com	93578	2026-09-06
telegraphindia.com	208030	2024-07-30
teletrader.com	7453	2024-03-13
televisual.com	6608	2026-09-04
tellerreport.com	12622	2024-04-09
telluridenews.com	5040	2026-09-04
tellychakkar.com	94830	2025-02-28
tempo.com.ph	19338	2025-05-27
tennessean.com	23387	2023-09-11
tennesseedaily.com	140074	2026-09-06
tenterfieldstar.com.au	47019	2026-09-06
terracestandard.com	28590	2026-09-06
terradaily.com	25058	2026-09-04
tert.am	5822	2024-11-27
tewkesburyadmag.co.uk	18216	2021-03-11
texarkanagazette.com	33619	2026-09-06
texasguardian.com	215608	2026-09-06
texasmonthly.com	9598	2026-06-22
texastribune.org	9055	2026-09-05
textileworld.com	10595	2026-09-05
thailand-business-news.com	28897	2026-09-06
thailandnews.net	35312	2026-09-06
thatballsouttahere.com	5052	2026-09-06
thatsmags.com	5879	2025-02-07
the-daily-record.com	10173	2023-09-11
the-dispatch.com	13066	2026-09-05
the-independent.com	28061	2026-09-06
the-journal.com	14093	2026-03-19
the-leader.com	6615	2023-09-11
the-messenger.com	97507	2026-09-06
the-review.com	9253	2023-09-11
the-star.co.ke	77135	2026-09-06
the-sun.com	27475	2026-09-04
the42.ie	76570	2026-09-06
the72.co.uk	10982	2026-09-05
theadanews.com	12338	2026-09-05
theadvertiser.com	7982	2023-09-11
theadviser.com.au	7362	2026-09-06
theadvocate.com	64990	2026-09-05
theadvocate.com.au	62578	2026-09-06
theadvocatengr.com	10123	2021-09-14
theafricareport.com	9656	2026-08-21
theage.com.au	250562	2026-09-06
thealpenanews.com	24726	2026-09-05
theamericanconservative.com	8625	2026-09-06
theanswertampa.com	5052	2024-09-25
thearabtribune.com	9300	2026-09-05
theargus.co.uk	171559	2026-09-06
theartnewspaper.com	14035	2026-09-05
theartsdesk.com	13117	2026-09-06
theasian.asia	6118	2026-09-06
theatermania.com	6003	2026-09-04
theathletic.com	40386	2024-05-13
theatlantic.com	32237	2026-09-06
theaustralian.com.au	85916	2024-07-31
theautochannel.com	11199	2026-09-06
thebangladeshtoday.com	6426	2026-09-06
thebatavian.com	22415	2026-09-06
thebeacon.net	5143	2026-09-02
thebeat925.ca	10417	2026-09-04
thebeatdfw.com	11703	2026-09-06
thebeatofthecapital.com	17486	2026-09-06
thebeijinger.com	16138	2026-09-05
thebftonline.com	31931	2026-09-04
thebigdm.com	7578	2026-09-05
thebiglead.com	27317	2026-09-06
thebigstation93blx.com	9704	2026-09-06
theblacksheartimes.com	7289	2026-09-02
theblaze.com	29761	2026-09-06
theboar.org	6077	2026-09-06
theboltonnews.co.uk	159806	2026-09-06
theboneonline.com	15029	2026-09-06
theboot.com	19590	2026-09-06
theborneopost.com	50107	2026-08-30
thebostonpilot.com	21184	2026-09-04
theboxhouston.com	6561	2026-09-05
thebreakingtimes.com	6436	2026-02-05
thebrunswicknews.com	36986	2026-09-06
thebullamarillo.com	9965	2024-04-29
thebulletin.be	8715	2026-05-14
thebulltulsa.com	42888	2025-10-10
thebusinessdesk.com	30866	2026-09-06
thebusinessjournal.com	9651	2026-09-05
thecabin.net	19807	2026-09-01
thecable.ng	102206	2026-08-07
thecaribbeancamera.com	6696	2026-09-05
thecattlesite.com	9183	2026-09-06
thecentersquare.com	47172	2026-06-26
thechiefleader.com	5696	2026-09-05
thechronicle-online.com	36551	2026-06-29
thechronicle.com.au	59588	2024-07-26
thechronicle.com.gh	27265	2026-09-05
thechronicleherald.ca	29241	2020-11-12
thechronicleonline.com	6398	2024-10-01
thecitizen.co.tz	21058	2026-09-06
thecitizen.com	10853	2026-09-06
thecitizen.in	6715	2026-09-04
thecoast.net.nz	8058	2026-09-03
thecollegefix.com	6946	2026-09-06
thecomet.net	41128	2026-09-06
thecommonsenseshow.com	5386	2022-03-12
thecommunityvoice.com	5655	2026-09-05
theconservativetreehouse.com	47915	2026-09-06
theconstructionindex.co.uk	28279	2026-09-06
theconversation.com	102125	2026-09-06
thecork.ie	5236	2026-09-06
thecorner.eu	6041	2026-09-04
thecourier.co.uk	126383	2025-05-27
thecourier.com	6262	2024-02-01
thecourier.com.au	65075	2026-09-06
thecourierexpress.com	34079	2026-09-05
thecragandcanyon.ca	9334	2026-09-06
thecranberryeagle.com	6309	2026-01-17
thecrimson.com	17990	2026-09-04
thedailybeast.com	72440	2026-09-06
thedailyblog.co.nz	22536	2026-09-06
thedailycitizen.com	13014	2024-08-22
thedailyjournal.com	8370	2023-09-11
thedailymash.co.uk	12104	2026-09-05
thedailymeal.com	24066	2026-09-06
thedailynewnation.com	27080	2024-07-26
thedailynewsonline.com	33646	2026-09-06
thedailyrecord.com	30684	2026-06-04
thedailyreporter.com	5901	2023-09-08
thedailyreview.com	39867	2026-09-06
thedailystar.com	35801	2026-09-06
thedailystar.net	216911	2026-09-06
thedailytimes.com	48459	2026-09-06
thedailyworld.com	8349	2026-09-05
theday.com	76094	2024-12-10
thedenverchannel.com	21269	2022-09-07
thedestinlog.com	5975	2023-09-11
thedickinsonpress.com	36410	2026-09-06
thedigitalcourier.com	35103	2026-09-06
thediplomat.com	22931	2026-09-06
thediplomat.ro	11169	2026-09-04
thedp.com	9863	2026-09-04
thedrinksbusiness.com	15102	2026-09-04
thedrum.com	26119	2026-07-15
theduke.fm	7549	2025-08-29
theeagle.com	35933	2026-09-06
theeagle1069.com	11505	2026-09-03
theeagleonline.com.ng	59775	2026-09-06
theeastafrican.co.ke	17594	2026-08-15
theedgemarkets.com	47793	2023-05-12
theedinburghreporter.co.uk	7795	2026-09-06
theengineer.co.uk	9656	2026-06-05
theenterpriseleader.com	376144	2025-04-18
theepochtimes.com	314655	2026-09-06
thefacts.com	21612	2026-09-06
thefader.com	8018	2026-09-04
thefamuanonline.com	5063	2026-06-02
thefan1075.com	76085	2026-09-06
thefanfm.com	20321	2021-03-19
thefastmode.com	16159	2026-09-04
thefederalist.com	30130	2026-09-05
thefencepost.com	10229	2026-09-05
thefirstnews.com	5660	2024-01-28
thefranklinnewspost.com	6660	2026-09-01
thefreepress.ca	29102	2026-09-05
thefreshloaf.com	13666	2026-09-06
thefrisky.com	8666	2026-06-03
thefrontierpost.com	90163	2026-09-06
thefutoncritic.com	38761	2026-09-06
thegadgetman.org.uk	5027	2026-09-03
thegame730am.com	18800	2025-12-01
thegamenashville.com	50438	2026-09-06
thegardenisland.com	17651	2026-09-06
thegazette.com	53509	2026-09-06
theglobeandmail.com	195810	2026-09-06
thegrio.com	41093	2026-09-06
thegrocer.co.uk	30005	2025-09-05
theguardian.com	483590	2026-09-06
theguardian.pe.ca	27018	2020-11-12
thehardtackle.com	50152	2026-09-06
thehawkeye.com	9259	2022-12-02
thehayride.com	5739	2026-09-04
thehealthsite.com	34374	2026-02-16
thehendersonnews.com	10575	2024-05-30
theherald-news.com	9633	2026-01-29
theherald.co.za	7139	2026-09-06
theheraldghana.com	11789	2026-09-05
thehill.com	140700	2026-01-07
thehimalayantimes.com	33165	2026-03-30
thehindu.com	978035	2026-09-06
thehindubusinessline.com	274514	2026-09-06
thehitavada.com	30207	2026-09-06
thehits.co.nz	8407	2026-09-03
thehollywoodgossip.com	16854	2026-09-06
thehorse.com	5111	2026-04-13
thehot1039.com	7097	2026-09-06
thehour.com	150380	2026-06-22
theiet.org	13467	2026-09-05
theifp.ca	7299	2026-09-06
theindependent.co.zw	13749	2026-06-25
theindependent.com	69691	2026-09-06
theindependent.sg	6847	2026-03-17
theindianawaaz.com	31527	2026-09-06
theindychannel.com	8382	2020-08-11
theinertia.com	10413	2026-09-05
theintell.com	5596	2023-01-24
theintelligencer.com	80557	2026-06-22
theintelligencer.net	25288	2026-09-06
theintermountain.com	18106	2026-09-05
theirishfield.ie	12144	2026-09-06
theislamicmonthly.com	5903	2026-09-06
theislandnow.com	5886	2025-10-02
theisonews.com	30453	2020-10-30
theitem.com	25562	2026-09-06
thejakartapost.com	69489	2026-09-06
thejc.com	11354	2026-09-06
thejerseytomatopress.com	8608	2025-07-12
thejetpress.com	5377	2026-09-06
thejournal.ie	119804	2026-09-06
thejoyfm.com	8203	2026-01-05
thejudge13.com	5652	2026-09-06
thekansan.com	9305	2026-09-04
thelancasterandmorecambecitizen.co.uk	31708	2023-02-07
thelancet.com	7560	2024-04-30
theland.com.au	45076	2026-09-06
thelandryhat.com	5848	2026-09-06
theleader.com.au	87460	2026-09-06
theleader.info	16686	2026-09-06
theleafchronicle.com	6764	2023-09-11
theledger.com	15716	2023-09-11
thelincolnite.co.uk	16781	2025-10-23
thelinkpaper.ca	5162	2026-09-05
thelocal.at	7086	2026-09-05
thelocal.ch	7688	2026-09-06
thelocal.de	12822	2026-09-06
thelocal.dk	7975	2026-09-06
thelocal.es	9628	2026-09-06
thelocal.fr	16430	2026-09-06
thelocal.it	8287	2026-09-06
thelocal.no	7360	2026-09-06
thelocal.se	11208	2026-09-05
thelondoner.ca	36738	2025-12-17
themag.co.uk	13996	2026-09-06
themainewire.com	9520	2026-09-05
themalaysianinsight.com	24614	2024-09-16
themaneland.com	5975	2026-09-06
themarketsdaily.com	573176	2026-09-06
themarysue.com	33483	2026-09-06
themedialine.org	22810	2026-09-06
themediaonline.co.za	6045	2026-09-04
themercury.com.au	36877	2024-07-29
themiamihurricane.com	5459	2026-09-06
themiddlemarket.com	23964	2026-08-19
themilitant.com	5429	2026-09-04
themobileindian.com	12712	2026-09-04
themonitor.com	5325	2021-01-11
themorningbulletin.com.au	63217	2021-06-23
themorningsun.com	33753	2026-09-06
themoscowtimes.com	22434	2026-09-06
themountainmail.com	22658	2026-09-06
themountainpress.com	26014	2026-09-06
themunicheye.com	8062	2026-09-04
themusic.com.au	9878	2026-08-12
thenassauguardian.com	24659	2026-09-05
thenation.com	19485	2026-09-06
thenational.ae	31171	2020-10-14
thenational.com.pg	19560	2026-09-06
thenational.scot	109469	2026-09-06
thenationalherald.com	7932	2026-05-07
thenationalnews.com	60766	2026-09-06
thenationonlineng.net	197956	2026-09-06
thenelsondaily.com	6189	2024-09-27
thenewamerican.com	8650	2026-09-05
thenewdaily.com.au	23374	2025-01-23
thenewdawnliberia.com	24032	2026-09-05
thenewpulsefm.com	6672	2026-09-06
thenews-chronicle.com	36773	2025-01-29
thenews-messenger.com	7786	2023-09-11
thenews.com.pk	489239	2026-09-06
thenewsguard.com	9318	2026-09-06
thenewsherald.com	24066	2026-09-06
thenewsminute.com	31809	2026-09-06
thenewsnigeria.com.ng	11420	2026-09-06
thenewsstar.com	6563	2023-09-11
thenewswheel.com	6752	2026-07-07
thenextweb.com	11270	2026-09-06
thenigerianvoice.com	9550	2026-03-11
thenortheasttoday.com	6563	2025-10-20
thenorthernecho.co.uk	223061	2026-09-06
thenorthlines.com	46558	2026-09-06
thenorthwestern.com	9314	2023-09-11
theoaklandpress.com	43561	2026-09-06
theobserver.ca	47838	2026-09-06
theolivepress.es	31293	2026-07-30
theonion.com	9754	2026-09-04
theonlinecitizen.com	8082	2025-02-13
theparisnews.com	31332	2026-09-06
thepeakfm.com	8290	2026-09-06
thepeninsulaqatar.com	165449	2026-09-06
thepeoplesperson.com	35784	2026-09-06
thepeterboroughexaminer.com	59992	2026-09-06
thephinsider.com	10656	2026-09-06
thephuketnews.com	19442	2025-03-05
thepienews.com	5240	2026-09-05
thepigsite.com	8017	2026-09-04
thepilot.com	7378	2026-09-05
thepinetree.net	5646	2026-09-06
thepinknews.com	20841	2026-09-06
thepiratescove.us	9007	2025-09-07
theplainsman.com	6597	2026-08-11
thepoint.gm	14580	2026-09-04
thepointsguy.com	19567	2026-09-06
theportugalnews.com	49307	2026-09-06
thepost.on.ca	23589	2026-08-28
thepostathens.com	11504	2026-09-06
thepoultrysite.com	8204	2026-09-04
theprint.in	20423	2026-08-04
theproducenews.com	11398	2026-01-03
theprogress.com	32190	2026-09-06
theprogressnews.com	15968	2026-09-05
theprovince.com	27746	2026-09-06
theprowersjournal.com	5682	2026-09-05
thepublicopinion.com	26347	2023-09-11
thequietus.com	10008	2026-09-05
thequint.com	6366	2026-03-16
therakyatpost.com	18798	2026-09-05
theranch.fm	9204	2026-09-03
therealdeal.com	50829	2026-07-24
therebelrocks.com	19458	2022-08-22
therecord.com	33944	2026-09-06
theredstonerocket.com	5124	2026-09-02
thereflector.com	10110	2026-09-03
theregister.com	36974	2026-09-06
thereporter.com	11329	2026-09-06
thereporteronline.com	43820	2026-09-06
therepublic.com	102406	2026-04-01
theridgefieldpress.com	54487	2025-06-14
therightscoop.com	14175	2026-09-06
theroar.com.au	38172	2026-09-06
therockofrochester.com	36451	2026-09-06
therolladailynews.com	8983	2026-08-24
theroot.com	18537	2026-09-06
therural.com.au	42813	2026-09-06
thesalemnewsonline.com	28326	2026-09-01
thescarboroughnews.co.uk	18854	2025-01-23
thescore.com	5139	2026-03-18
thescore1260.com	44618	2026-09-06
thescottishfarmer.co.uk	25328	2026-09-06
thescottishsun.co.uk	6966	2026-02-23
thesheridanpress.com	6744	2026-09-05
theshillongtimes.com	49852	2026-09-06
thesierraleonetelegraph.com	8657	2026-09-04
thesixthaxis.com	9594	2026-09-06
theskanner.com	6754	2026-05-10
theskinny.co.uk	6733	2026-09-03
thesource.com	37729	2026-09-06
thesouthafrican.com	133618	2026-09-06
thesouthern.com	56300	2026-09-06
thesouthernreporter.co.uk	9553	2025-01-23
thespec.com	34190	2026-09-06
thespectrum.com	5397	2023-09-09
thespiritsbusiness.com	12924	2026-09-04
thespread.com	20558	2026-05-11
thespun.com	17568	2023-10-13
thestandard.co.zw	20544	2026-09-01
thestandard.com.hk	105808	2026-03-02
thestandard.org.nz	7041	2025-10-04
thestar.co.uk	20920	2025-01-23
thestar.com	98017	2026-09-04
thestar.com.my	494450	2026-09-06
thestarphoenix.com	38500	2026-09-06
thestarpress.com	7271	2023-09-11
thestatesman.com	68849	2026-06-10
thestkittsnevisobserver.com	5100	2026-03-17
thestrad.com	8272	2025-09-05
thestranger.com	13023	2026-09-05
thestreet.com	43387	2026-08-04
thestreetjournal.org	48434	2026-01-16
thesubtimes.com	14335	2025-10-04
thesuburban.com	18114	2026-09-06
thesudburystar.com	61305	2026-09-06
thesun.co.uk	70395	2026-08-13
thesun.ie	20857	2026-03-18
thesun.my	39404	2026-02-08
thesun.ng	38087	2026-09-06
thesunchronicle.com	84586	2026-09-06
thesundaily.my	99874	2023-11-06
thesylvaherald.com	5934	2026-09-03
thetab.com	32263	2026-09-05
thetablet.co.uk	5973	2026-09-06
thetablet.org	9146	2026-09-04
thetandd.com	58904	2026-09-06
thetelegram.com	22428	2020-11-11
thetelegraph.com	163596	2026-06-22
thetelegraphandargus.co.uk	178963	2026-09-06
thethaiger.com	14483	2026-03-19
thetidenewsonline.com	34632	2026-09-03
thetimes-tribune.com	70470	2026-09-06
thetimes.co.uk	214037	2024-06-05
thetimes.com	85555	2026-09-06
thetimesherald.com	5081	2023-09-11
thetimesnews.com	12442	2026-09-06
thetimestribune.com	24922	2026-09-06
thetottenhamindependent.co.uk	96169	2026-09-06
thetowntalk.com	5540	2023-09-11
thetrucker.com	14170	2026-09-06
thetruthaboutcars.com	16263	2026-09-05
theturtleislandnews.com	18784	2026-09-06
thetyee.ca	9119	2026-09-03
theuknews.com	38394	2026-09-06
theunion.com	19848	2026-09-05
theurbandaily.com	9350	2026-09-04
theusnews.com	141245	2026-09-06
theverge.com	66694	2026-09-06
thevermilion.com	5961	2026-09-06
thevisitor.co.uk	5324	2021-12-13
thevoicebw.com	6374	2024-08-09
thevoiceslu.com	15290	2026-09-05
thevwindependent.com	8529	2026-09-05
thewave.ca	10659	2025-12-07
theweek.co.uk	12509	2023-09-12
theweek.com	54127	2026-09-06
theweek.in	89857	2026-08-25
theweektoday.com	18233	2024-09-18
thewest.com.au	9215	2026-09-05
thewesterlysun.com	24634	2026-09-05
thewestmorlandgazette.co.uk	197107	2026-09-06
thewestonforum.com	6800	2025-10-31
thewestonmercury.co.uk	57888	2026-09-06
thewhig.com	50716	2026-09-06
thewhiskeywash.com	14836	2026-09-06
thewire.in	44530	2024-03-27
thewolf.ca	8113	2026-09-02
theworld.org	9079	2026-06-26
theworldlink.com	21980	2026-09-06
thewrap.com	80168	2026-09-06
thexboxhub.com	10030	2026-09-04
thexradio.com	11042	2026-09-04
theyeshivaworld.com	34703	2026-09-06
theyucatantimes.com	9446	2025-06-10
thezimbabwean.co	6921	2026-09-06
thezimbabwedaily.com	16271	2026-02-04
thezimbabwemail.com	31972	2026-08-29
thirdsector.co.uk	8964	2026-07-03
thisdaylive.com	168050	2026-09-06
thisisanfield.com	21552	2026-01-24
thisislancashire.co.uk	54733	2023-02-07
thisislocallondon.co.uk	155513	2025-12-03
thisismoney.co.uk	52701	2025-11-06
thisisoxfordshire.co.uk	172539	2026-09-06
thisisthewestcountry.co.uk	18359	2023-02-07
thisiswiltshire.co.uk	137847	2026-09-06
thomasnet.com	15573	2024-02-05
thompsoncitizen.net	86287	2025-01-20
thunder987.com	5645	2021-03-31
thurrockgazette.co.uk	94036	2026-09-06
thurstontalk.com	6205	2026-09-06
thv11.com	51235	2026-06-05
thyblackman.com	10201	2026-09-06
tibet.net	9818	2026-09-05
tickerreport.com	448273	2026-09-06
ticotimes.net	6449	2026-01-09
tide1009.com	6739	2026-03-09
tiftongazette.com	10390	2026-09-06
tigerdroppings.com	5399	2022-01-13
tigernet.com	9295	2025-11-20
tigersroar.com	9916	2026-09-04
tillamookheadlightherald.com	14374	2026-09-06
timberjay.com	6845	2026-09-04
time.com	26511	2026-09-06
timeout.com	19506	2026-09-04
timeoutdubai.com	8263	2023-01-03
times-gazette.com	8414	2023-09-11
times-herald.com	6720	2026-09-04
times-journal.com	6294	2026-09-06
times-news.com	38397	2026-09-06
times-series.co.uk	102202	2026-09-06
times-standard.com	15821	2026-09-06
times.co.sz	9098	2026-03-15
timesandstar.co.uk	154027	2026-09-06
timesargus.com	34241	2026-09-06
timesbulletin.com	6963	2026-08-06
timesca.com	14524	2026-09-06
timescall.com	40239	2026-09-06
timescitizen.com	6058	2026-09-05
timescolonist.com	119190	2025-01-21
timesdaily.com	46014	2026-09-06
timesenterprise.com	9073	2026-09-04
timesfreepress.com	36636	2026-09-06
timesgazette.com	8366	2025-09-17
timesherald.com	45170	2026-09-06
timesheraldonline.com	10541	2026-09-06
timeshighereducation.com	11436	2026-09-06
timesleader.com	21680	2026-09-06
timesleader.net	6303	2026-09-04
timesleaderonline.com	18631	2026-09-05
timeslive.co.za	137946	2026-09-06
timesnews.net	36240	2025-11-11
timesnewspapers.com	5032	2026-09-04
timesnownews.com	143696	2026-04-29
timesofearth.com	6444	2026-09-06
timesofisrael.com	138709	2023-11-04
timesofmalta.com	121997	2026-04-15
timesofoman.com	53252	2026-09-06
timesofsandiego.com	24417	2026-09-06
timesonline.com	9679	2023-09-11
timesrecordnews.com	9821	2023-09-11
timesreporter.com	10999	2023-09-11
timesrepublican.com	22361	2026-09-06
timesreview.com	23630	2026-06-04
timestelegram.com	7281	2023-09-11
timesunion.com	119604	2025-11-14
timeswv.com	18868	2026-09-05
timminspress.com	58459	2026-09-06
timminstimes.com	44691	2026-01-26
tipperarylive.ie	30669	2026-05-14
tippfm.com	18541	2026-07-17
tippmidwestradio.com	13324	2026-09-04
tirebusiness.com	6666	2026-06-09
titansradio.com	16462	2026-08-31
titusvilleherald.com	22168	2022-12-01
tivysideadvertiser.co.uk	126131	2026-09-06
tmcnet.com	437717	2025-01-23
tmj4.com	6376	2026-03-19
tmz.com	54140	2026-09-06
tnledger.com	49728	2026-08-28
tnonline.com	38100	2026-09-05
tnp.sg	13213	2025-10-30
today.az	57389	2026-07-15
today.com	69807	2026-09-06
today.ng	48383	2024-06-20
today.rtl.lu	6406	2026-05-21
todayfm.com	16715	2026-09-06
todayheadline.co	7585	2025-01-27
toffeeweb.com	8721	2026-09-06
tokyoreporter.com	5125	2026-09-06
tolonews.com	32868	2024-06-06
tomsguide.com	53391	2026-09-06
tomshardware.com	19561	2026-09-06
tonyskansascity.com	46319	2026-09-06
topspeed.com	25618	2026-09-06
topwirenews.com	19570	2026-08-31
tor.com	21154	2024-01-23
toronto.citynews.ca	78696	2026-09-06
toronto.com	16268	2026-09-06
toronto.ctvnews.ca	37722	2025-01-23
torontosun.com	96208	2026-09-06
torontotelegraph.com	105367	2026-09-06
torquenews.com	29768	2026-09-06
totaltele.com	9701	2026-09-04
toucharcade.com	6249	2025-04-19
towleroad.com	15902	2024-04-28
townandcountrymag.com	18969	2026-09-06
townhall.com	94680	2026-09-06
townsvillebulletin.com.au	91106	2026-09-06
toynews-online.biz	5656	2026-09-03
tpr.org	35074	2026-09-06
tradearabia.com	117625	2026-09-06
tradeonlytoday.com	5810	2026-09-04
tradersmagazine.com	8259	2026-09-04
tradewindsnews.com	8151	2026-03-18
trains.com	13705	2026-09-05
trak.in	9369	2026-09-06
transylvaniatimes.com	9850	2026-09-06
travelandleisure.com	22155	2026-03-17
travelbizmonitor.com	8841	2026-08-27
traveldailymedia.com	27645	2026-06-05
traveldailynews.asia	10250	2026-04-19
traveldailynews.com	24067	2026-01-24
travelextra.ie	11782	2026-09-06
traveller.com.au	6007	2023-04-11
travelmarketreport.com	12060	2026-09-04
travelmole.com	9334	2026-05-01
travelweekly.com	19561	2026-02-06
travelweekly.com.au	18063	2026-09-04
trbusiness.com	9099	2026-09-04
trend.az	32638	2026-09-06
trentonian.ca	44449	2026-06-22
trentonian.com	30703	2026-09-06
trib.com	63106	2026-09-04
tribdem.com	59493	2026-09-06
tribecacitizen.com	5611	2026-09-05
triblive.com	99379	2026-05-04
tribstar.com	51421	2026-09-05
tribtoday.com	29313	2026-09-05
tribtown.com	97408	2025-04-15
tribune.com.pk	263219	2026-09-06
tribune.net.ph	67211	2026-09-06
tribune242.com	45604	2026-09-04
tribuneindia.com	289177	2026-09-06
tribuneledgernews.com	34534	2026-09-05
tribuneonlineng.com	163793	2026-09-06
tribunnews.com	10202	2026-09-02
tribute.ca	8148	2025-01-21
tricitynews.com	79527	2025-08-01
trinidadexpress.com	52262	2026-09-06
trinidadtimes.com	53571	2026-09-06
triplicate.com	5738	2026-09-03
troyrecord.com	38665	2026-09-06
trtworld.com	11841	2026-03-19
truebluela.com	10951	2026-09-06
truenorthreports.com	6071	2023-06-30
trumbulltimes.com	49197	2025-06-14
trussvilletribune.com	12426	2026-09-06
trust.org	37925	2026-04-28
trustedreviews.com	22616	2026-09-06
truthout.org	19210	2026-09-05
tsln.com	8215	2026-09-06
tsn.ca	166366	2026-09-06
tspr.org	24637	2026-09-06
ttgasia.com	13181	2026-09-06
ttnworldwide.com	7478	2026-09-06
ttrweekly.com	10839	2026-09-06
tucson.com	195135	2026-09-06
tucsonpost.com	40425	2026-09-06
tucsonsentinel.com	21556	2025-07-21
tucsonweekly.com	8396	2026-09-06
tudno.co.uk	20766	2023-04-26
tuko.co.ke	17879	2026-03-19
tulsaworld.com	111077	2026-09-06
tuoitrenews.vn	28862	2025-04-16
turkishpress.com	8519	2024-03-13
turlockjournal.com	5331	2026-09-05
turnto10.com	51037	2026-09-06
turnto23.com	50019	2026-09-06
tuscaloosanews.com	10891	2023-09-11
tv6tnt.com	23469	2026-09-05
tvfanatic.com	6905	2025-05-15
tvgrapevine.com	16793	2026-09-04
tvguide.co.uk	1956694	2026-09-05
tvguide.com	9812	2026-09-05
tvline.com	20956	2026-09-06
tvnewscheck.com	26336	2026-09-05
tvnz.co.nz	5645	2021-10-05
tvone.tv	5527	2026-09-03
tvovermind.com	19924	2026-09-06
tvseriesfinale.com	6169	2026-09-06
tvtechnology.com	11650	2026-09-05
tvtonight.com.au	29012	2026-09-06
tweaktown.com	28503	2025-03-01
tweeddailynews.com.au	45440	2021-04-28
twincities.com	39030	2026-09-06
twinsdaily.com	15716	2026-09-06
twitchy.com	63213	2026-09-06
twtd.co.uk	111154	2026-09-06
tylerpaper.com	28666	2026-09-06
typepad.com	10528	2024-12-01
tyrepress.com	6795	2026-09-04
ualrpublicradio.org	49646	2026-09-06
uark.edu	7297	2026-09-04
ubergizmo.com	8001	2026-09-04
ucanews.com	24644	2025-01-23
ucla.edu	6785	2026-09-05
udaipurkiran.com	79603	2026-09-06
udayavani.com	18334	2026-09-02
udn.com	7791	2026-09-06
uefa.com	8140	2024-07-24
uexpress.com	18136	2026-01-13
ufc.com	7194	2026-09-06
uk.com	8324	2026-09-06
ukiahdailyjournal.com	10840	2026-09-06
ukrainianjournal.com	15275	2026-01-27
ukrinform.net	22093	2026-03-19
uky.edu	8869	2026-09-04
ulladullatimes.com.au	63059	2026-09-06
uloop.com	11082	2026-09-06
ultimateclassicrock.com	16394	2026-09-06
ummid.com	19294	2026-09-06
umn.edu	14155	2026-09-04
un.org	6562	2026-09-04
uncrate.com	10149	2026-09-05
undercurrentnews.com	33122	2026-09-06
undertheradar.co.nz	25211	2026-09-06
undertheradarmag.com	18765	2026-07-24
undp.org	27899	2026-09-06
unesco.org	5061	2026-08-09
unian.info	12516	2026-02-09
uniindia.com	31007	2026-03-17
union-bulletin.com	45531	2026-09-06
uniondemocrat.com	13389	2026-09-05
unionleader.com	99291	2026-09-06
unionrecorder.com	12250	2026-09-06
unitaid.eu	25148	2026-08-02
unitedwithisrael.org	13845	2026-07-22
universetoday.com	5246	2026-09-06
universityworldnews.com	14244	2026-09-06
unm.edu	5496	2026-09-04
unmultimedia.org	7763	2023-10-16
uow.edu.au	17760	2024-11-07
updatesnews.com	25511	2022-10-01
upenn.edu	7187	2026-09-05
upi.com	102194	2026-09-06
upnorthlive.com	38781	2026-09-06
uppermichiganssource.com	33743	2026-09-06
upr.org	52404	2026-09-06
uproxx.com	21011	2026-09-03
upstract.com	65174	2021-06-14
upstreamonline.com	24941	2026-09-06
urbanacitizen.com	5866	2025-09-17
urbanmilwaukee.com	34032	2026-09-06
urdupoint.com	44060	2025-01-27
us103.com	26107	2026-05-31
us105fm.com	37534	2026-09-06
usanetwork.com	7362	2025-08-13
usatoday.com	217936	2025-04-26
usembassy.gov	7982	2026-08-31
usf.edu	64607	2026-02-26
usmagazine.com	66962	2026-09-06
usnews.com	60090	2024-07-31
usni.org	7584	2026-06-01
utahindependent.com	23014	2026-09-06
uticaod.com	14125	2023-09-11
utilitydive.com	9831	2026-09-05
utv44.com	6230	2026-09-05
v100fm.com	6387	2026-09-06
v100rocks.com	14172	2026-09-05
v1019.com	19871	2026-09-06
vaalweekblad.com	14927	2023-11-09
vaildaily.com	28994	2026-09-06
valdostadailytimes.com	75983	2026-09-05
valleybreeze.com	13847	2026-09-05
valleymorningstar.com	6006	2021-01-11
valleynewslive.com	33337	2026-09-06
valuewalk.com	9489	2025-01-23
vancourier.com	30069	2021-01-13
vancouverisland.ctvnews.ca	24415	2026-06-19
vancouversun.com	58901	2026-09-06
vandaliaradio.com	11990	2026-09-06
vanguardngr.com	220763	2026-09-06
vanityfair.com	19040	2026-09-06
variety.com	96941	2026-09-06
varsity.co.uk	8853	2026-09-06
vavel.com	12292	2026-09-02
vccircle.com	11306	2026-09-04
vcstar.com	9705	2023-09-11
vcyamerica.org	5662	2023-07-13
vdare.com	10802	2024-07-25
vegnews.com	12977	2026-09-06
venezuelastar.com	21209	2026-09-06
venturebeat.com	5743	2025-08-30
venturesafrica.com	22144	2024-11-16
vermilionstandard.com	12830	2026-09-06
vermontbiz.com	25372	2026-09-06
vernonmorningstar.com	52685	2026-09-06
verticalmag.com	13991	2026-09-06
vervetimes.com	11695	2025-01-26
vestnikkavkaza.net	24786	2022-01-22
veteranstoday.com	14175	2025-02-13
vg247.com	9509	2026-08-27
vgchartz.com	40765	2026-09-06
vibe.com	12087	2026-09-04
vice.com	20787	2026-09-06
vicnews.com	38422	2026-09-06
victoriaadvocate.com	5625	2026-09-06
victorygirlsblog.com	6810	2026-09-06
videtteonline.com	7606	2026-09-06
vietnamnet.vn	30619	2026-06-03
vietnamnews.vn	64473	2026-09-06
vietnamtribune.com	61475	2026-09-06
viewngr.com	44838	2025-01-29
vikings.com	5752	2026-09-06
vikingsterritory.com	18670	2026-09-06
villagesoup.com	21386	2024-09-18
vindy.com	49742	2026-09-05
vir.com.vn	29538	2026-09-05
virginislandsdailynews.com	19862	2026-09-06
virginislandsnewsonline.com	37421	2026-09-06
virginradio.co.uk	8276	2026-09-01
visayandailystar.com	32164	2026-06-06
vision.org.au	8529	2026-07-31
visionmp.com	10399	2026-07-10
vladtv.com	46284	2026-09-06
vmagazine.com	7602	2026-06-03
vnews.com	20983	2026-09-06
vnexpress.net	16986	2026-03-19
voanews.com	134105	2025-03-20
voazimbabwe.com	12730	2026-03-20
vocm.com	39930	2026-09-06
vogue.co.uk	18927	2026-09-06
vogue.com	33914	2026-09-06
vogue.in	10795	2026-09-06
voice-online.co.uk	11044	2026-09-06
voicenews.com	19643	2025-11-04
voiceofalexandria.com	81399	2026-09-06
voiceofvienna.org	15718	2026-09-05
voiceonline.com	10060	2026-09-06
vol.at	16784	2026-09-06
volcanodiscovery.com	17766	2026-08-31
vovworld.vn	9520	2026-01-25
vox.com	20132	2026-09-06
voxy.co.nz	48332	2026-07-07
vpm.org	20009	2023-01-27
vpr.org	5702	2022-06-22
vtcng.com	14715	2026-09-06
vtdigger.org	12834	2026-09-06
vulcanadvocate.com	8821	2026-09-06
vulture.com	26006	2026-09-06
vvdailypress.com	8735	2023-09-11
w4country.com	6008	2026-09-06
wa1a.com	10502	2026-09-06
waateanews.com	26216	2026-09-06
waaytv.com	47338	2026-08-02
wabcradio.com	7619	2025-02-02
wabe.org	21327	2026-04-24
wabi.tv	38514	2026-09-06
wabx.net	34275	2026-09-06
wach.com	38826	2026-09-06
wacotrib.com	70892	2026-09-06
wadenapj.com	25628	2026-09-06
wadk.com	36626	2026-09-06
waer.org	41313	2026-09-06
wafb.com	39055	2026-09-06
waff.com	33799	2026-09-06
wagmtv.com	12415	2026-09-05
wahoo-ashland-waverly.com	17414	2026-09-05
wahpetondailynews.com	16020	2026-09-06
wajr.com	5145	2026-09-06
waka.com	11306	2026-09-06
wakefieldexpress.co.uk	18345	2025-01-23
wakg.com	7977	2026-08-09
walb.com	33875	2026-09-06
walesonline.co.uk	256780	2026-09-06
walkermn.com	15095	2026-09-06
wallaceburgcourierpress.com	38498	2026-06-29
wallowa.com	8445	2026-09-05
wallpaper.com	15466	2026-09-06
walls102.com	8142	2023-06-13
wallstreet-online.de	85772	2026-09-06
wam.ae	15139	2023-11-04
wamc.org	53223	2026-09-06
wamda.com	5890	2026-09-04
wandsworthguardian.co.uk	132288	2026-09-06
wandtv.com	61464	2026-09-06
wantedinrome.com	9051	2026-09-06
wape.com	13026	2026-09-05
wapt.com	68839	2026-09-06
wardsauto.com	7046	2026-02-03
warm1033.com	24345	2026-09-06
warm1069.com	9856	2026-09-04
warm98.com	11716	2026-09-06
warringtonguardian.co.uk	156893	2026-09-06
warsawvoice.pl	12750	2026-03-18
warwickdailynews.com.au	51988	2021-04-28
warwickonline.com	5963	2026-09-03
warwickshireworld.com	12934	2025-01-23
washingtonblade.com	8556	2026-09-06
washingtonexaminer.com	162436	2026-09-06
washingtonian.com	13123	2026-09-04
washingtoninformer.com	7019	2026-09-04
washingtonpost.com	306594	2024-08-02
washingtontimes.com	292813	2026-04-13
washtimesherald.com	43457	2026-09-06
waste360.com	5106	2025-01-19
wataugademocrat.com	49743	2026-09-06
watchingamerica.com	8157	2026-09-06
waterford-news.ie	68209	2026-09-06
watermarkonline.com	35425	2025-11-03
wateronline.com	10966	2026-09-06
waterwaysjournal.net	5503	2026-09-04
watfordobserver.co.uk	112513	2026-09-06
watoday.com.au	133828	2026-09-06
wattsupwiththat.com	8492	2026-09-06
wausaudailyherald.com	9127	2023-09-11
waxahachietx.com	5980	2026-09-05
wbaa.org	78403	2026-09-06
wbal.com	70125	2026-07-04
wbaltv.com	75834	2026-09-06
wbap.com	89257	2026-09-06
wbay.com	39409	2026-09-06
wbbjtv.com	34684	2026-09-06
wbckfm.com	23781	2025-11-29
wbco.com	6280	2026-09-06
wbez.org	6654	2026-09-06
wbfo.org	39821	2025-04-01
wbgo.org	6024	2026-09-05
wbir.com	60093	2026-06-05
wbiw.com	46987	2026-09-06
wbjournal.com	13682	2026-09-04
wbkb11.com	6931	2026-09-06
wbko.com	24200	2026-09-06
wbkr.com	25702	2026-09-06
wblk.com	38800	2026-09-05
wblm.com	33828	2026-09-06
wbls.com	9575	2026-09-04
wbmq.net	17237	2020-08-26
wbng.com	23964	2026-09-06
wbnowqct.com	5771	2026-09-04
wbnq.com	12967	2026-09-06
wboc.com	91903	2026-09-06
wboi.org	45966	2026-09-06
wbrc.com	47649	2026-09-06
wbrz.com	74001	2026-09-06
wbsm.com	20531	2026-09-06
wbszfm.com	5338	2026-09-04
wbt.com	8762	2026-09-05
wbtmdanville.com	9571	2026-08-24
wbtv.com	36804	2026-09-06
wbur.org	54750	2026-09-06
wbwn.com	9551	2026-09-06
wcax.com	40837	2026-09-06
wcbe.org	59491	2026-09-06
wcbi.com	21544	2026-09-05
wcbm.com	30925	2026-09-06
wccbcharlotte.com	42173	2026-09-06
wccftech.com	48236	2026-09-06
wccq.com	9401	2024-05-24
wcfcourier.com	114438	2026-09-06
wchstv.com	37577	2026-09-06
wcjb.com	33448	2026-09-06
wclk.com	33981	2026-09-06
wclo.com	10685	2025-05-20
wcnc.com	66822	2026-06-06
wcoapensacola.com	43613	2026-09-06
wcpo.com	33226	2026-09-06
wcrz.com	22200	2026-09-06
wcsmradio.com	10459	2026-09-05
wcsufm.org	65542	2026-09-06
wcsx.com	18200	2026-09-06
wcsy.com	39584	2026-09-05
wcti12.com	43582	2026-09-06
wctrib.com	54390	2026-09-06
wctv.tv	29957	2026-09-06
wcvb.com	104278	2026-09-06
wcyb.com	34549	2026-09-06
wcyy.com	30366	2026-09-06
wdadradio.com	14920	2026-09-06
wdam.com	36077	2026-09-06
wdbj7.com	35342	2026-09-06
wdbo.com	50037	2026-09-06
wdbqam.com	10091	2026-09-05
wdef.com	24777	2026-07-21
wdel.com	26028	2026-09-06
wden.com	5753	2026-09-06
wdet.org	10292	2026-09-04
wdez.com	22860	2026-09-06
wdhafm.com	15945	2026-09-06
wdio.com	63202	2026-09-06
wdiy.org	45404	2026-09-06
wdjx.com	8772	2026-09-04
wdkx.com	5395	2022-07-25
wdrb.com	101048	2026-09-01
wdrv.com	9325	2026-09-04
wdsm710.com	40391	2026-09-06
wdsu.com	106283	2026-09-06
wdtimes.com	34612	2026-09-06
wdtv.com	20774	2026-09-06
wdzz.com	9041	2026-09-06
weaa.org	51021	2025-02-25
wealthmanagement.com	17443	2026-09-05
weareiowa.com	7839	2026-03-16
weartv.com	35915	2026-09-06
weatherforddemocrat.com	14240	2026-09-03
weathernationtv.com	6143	2026-09-04
weau.com	32052	2026-09-06
webcamfeet.com	5756	2021-11-12
webindia123.com	431193	2026-09-06
webmd.com	10302	2026-08-31
webpronews.com	31776	2026-09-06
webwire.com	38088	2026-09-05
wect.com	36894	2026-09-06
weeklyblitz.net	32185	2026-09-06
weeklytimesnow.com.au	11584	2024-07-22
weforum.org	8434	2024-01-12
wegotthiscovered.com	68271	2025-02-24
weirtondailytimes.com	22164	2026-09-05
weisradio.com	18260	2026-01-06
wellandtribune.ca	72860	2026-09-06
wellingtondailynews.com	5444	2026-08-30
wellingtontimes.com.au	37392	2026-09-06
wellsvilledaily.com	5537	2022-04-14
wemu.org	34738	2026-09-06
wenatcheeworld.com	25544	2026-09-06
wenxuecity.com	36216	2026-09-06
weny.com	30571	2026-09-06
wesa.fm	41179	2026-06-04
wesh.com	79372	2026-09-06
wesm913.org	17888	2022-01-28
westcentralonline.com	17675	2026-09-06
westcentralsbest.com	48527	2026-09-06
westerlynews.ca	31510	2026-09-06
westernadvocate.com.au	112527	2026-09-06
westernmassnews.com	23322	2026-09-06
westernpeople.ie	36263	2026-09-06
westerntelegraph.co.uk	126227	2026-09-06
westernweekender.com.au	5705	2026-09-06
westernwheel.ca	6258	2025-09-05
westfaironline.com	12650	2026-09-04
westhawaiitoday.com	20280	2026-09-06
westkentuckystar.com	29993	2026-09-06
westmeathexaminer.ie	47969	2026-09-06
westmeathindependent.ie	47082	2026-09-06
westofthei.com	7228	2026-09-05
westport-news.com	54149	2022-03-01
westseattleblog.com	48551	2026-09-06
westsussextoday.co.uk	7480	2022-02-09
westword.com	13243	2026-09-06
wetaskiwintimes.com	15597	2026-09-06
weyburnreview.com	37373	2021-07-29
wfaa.com	64004	2026-06-05
wfae.org	71205	2026-09-06
wfasam.com	13054	2021-05-17
wfav951.com	14216	2026-09-04
wfdd.org	52914	2026-09-06
wfgr.com	21383	2024-07-03
wfin.com	45335	2025-06-14
wfirnews.com	5317	2026-09-04
wfit.org	6676	2026-09-04
wfiwradio.com	12394	2026-09-05
wfls.com	17448	2026-09-04
wflx.com	33237	2026-09-06
wfmd.com	14728	2026-09-06
wfmj.com	111502	2026-09-06
wfms.com	7312	2026-09-06
wfmynews2.com	66653	2026-06-05
wfmz.com	255633	2026-09-06
wfnc640am.com	68934	2026-08-18
wfnt.com	13283	2026-09-05
wfsb.com	37072	2026-09-06
wfsu.org	48759	2026-09-06
wftv.com	46147	2026-09-06
wftw.com	69191	2025-03-28
wfuv.org	9665	2026-09-06
wfxd.com	6582	2026-04-09
wfxl.com	6512	2025-09-11
wfyi.org	14982	2026-09-06
wgac.com	6642	2026-09-06
wgal.com	83607	2026-09-06
wgan.com	15481	2026-09-05
wgauradio.com	61130	2026-09-06
wgbh.org	24128	2026-09-04
wgcu.org	32005	2026-09-06
wgil.com	10102	2026-08-31
wglr.com	25586	2026-09-06
wglt.org	61346	2026-09-06
wgmd.com	40770	2026-09-06
wgme.com	42786	2026-09-06
wgna.com	34151	2026-09-06
wgni.com	9371	2026-09-06
wgnsradio.com	16837	2026-07-31
wgntv.com	7621	2026-05-05
wgog.com	6209	2026-09-04
wgow.com	46891	2026-09-06
wgowam.com	75035	2026-09-06
wgrd.com	45073	2026-09-05
wgrr.com	10042	2026-09-05
wgrz.com	46639	2026-06-05
wgxa.tv	11092	2026-09-06
wharfedaleobserver.co.uk	118565	2026-09-06
whas11.com	68292	2026-06-25
whatdidyousay.org	15446	2025-11-11
whatech.com	27625	2026-09-06
whathifi.com	11410	2026-09-05
whatsnew2day.com	14117	2025-01-27
whatson.ae	21021	2026-09-04
whatsonstage.com	11397	2026-09-06
whatsontv.co.uk	5261	2021-06-10
whattheythink.com	14237	2026-08-28
whav.net	5601	2026-09-02
whbl.com	71083	2026-09-06
whby.com	9307	2026-09-04
whcuradio.com	10235	2024-06-23
whdg.com	16692	2026-09-04
whdh.com	55975	2026-09-06
whec.com	132001	2026-09-06
whidbeynewstimes.com	6251	2026-09-06
whig.com	60452	2026-09-06
whio.com	46499	2026-09-06
whitecourtstar.com	13546	2026-09-06
whitehorsestar.com	5917	2026-01-29
whitehouse.gov	6012	2026-03-17
whitsundaytimes.com.au	56923	2021-04-28
whittierdailynews.com	47140	2026-09-06
whiznews.com	15058	2026-09-06
whky.com	22033	2026-09-06
whmi.com	25662	2026-09-06
whnt.com	6192	2025-06-12
who.int	10321	2026-09-04
whopam.com	24234	2026-09-06
whqr.org	46432	2026-09-06
whro.org	15171	2026-09-06
whrpfm.com	9062	2026-09-06
whsv.com	29356	2026-09-06
whtc.com	48686	2026-09-06
whtimes.co.uk	56934	2026-09-06
whvoradio.com	13931	2026-05-31
whyy.org	26735	2026-09-06
wiartonecho.com	22753	2026-08-29
wibailoutpeople.org	5847	2026-09-06
wibc.com	28955	2026-09-06
wibqam.com	45131	2026-01-10
wibw.com	46871	2026-09-06
wibx950.com	30105	2026-09-06
wickedlocal.com	236673	2023-09-11
wicz.com	62279	2026-09-06
wifc.com	19666	2026-09-06
wifr.com	24848	2026-08-03
wigantoday.net	27415	2025-01-23
wiky.com	41099	2026-09-06
wild1029.com	9280	2026-09-06
wild1049hd.com	6114	2023-03-21
wild941.com	24067	2026-09-06
wiley.com	5264	2026-08-14
williamsondailynews.com	7225	2026-09-06
willistonherald.com	14733	2026-09-06
willitsnews.com	6614	2026-09-06
willmarradio.com	44419	2026-09-05
wilm-tv.com	8193	2021-09-20
wilmingtonbiz.com	12073	2025-01-22
wilsonpost.com	5372	2023-03-01
wilsontimes.com	5852	2026-08-29
wiltonbulletin.com	62996	2025-06-14
wiltsglosstandard.co.uk	117982	2026-09-06
wiltshiretimes.co.uk	147933	2026-09-06
wilx.com	33901	2026-09-06
wimbledonguardian.co.uk	122032	2026-09-06
wimsradio.com	17459	2026-09-06
wimz.com	6766	2026-08-24
winchesterstar.com	62126	2026-09-06
wincountry.com	19774	2026-09-06
windfm.com	7014	2026-09-06
windowscentral.com	34107	2026-09-06
windowstorussia.com	5923	2026-06-10
windpowermonthly.com	7211	2026-07-02
windsor.ctvnews.ca	20740	2025-04-09
windsorite.ca	19835	2025-09-22
windsorstar.com	58818	2026-09-06
windtech-international.com	9418	2026-09-04
wingsmagazine.com	5893	2026-09-04
wink104.com	10490	2026-09-06
winknews.com	55966	2026-09-06
winnipeg.ctvnews.ca	27808	2025-04-25
winnipegfreepress.com	327482	2026-09-06
winnipegsun.com	54618	2026-09-06
winonadailynews.com	37931	2026-09-05
winonapost.com	10566	2026-09-06
winsfordguardian.co.uk	67252	2023-03-07
winteriscoming.net	8624	2026-09-06
wiog.com	5174	2026-09-06
wionews.com	25883	2026-02-12
wiov.com	7373	2026-09-06
wired.com	21334	2026-09-06
wiredprnews.com	26047	2025-10-24
wirralglobe.co.uk	136132	2026-09-06
wirx.com	19929	2026-08-31
wisbechstandard.co.uk	36301	2026-09-06
wisbusiness.com	14314	2026-09-04
wisc.edu	13834	2026-09-06
wiscassetnewspaper.com	25070	2026-09-06
wiscnews.com	66694	2026-09-06
wisconsin106.com	15308	2025-03-13
wisconsinagconnection.com	14821	2026-09-04
wisconsinrapidstribune.com	9142	2023-09-11
wisfarmer.com	5440	2023-09-11
wishtv.com	72040	2026-09-06
wislawjournal.com	11691	2026-06-03
wisn.com	75292	2026-09-06
wispolitics.com	20579	2026-07-23
wisr680.com	9416	2026-09-06
wistv.com	39000	2026-09-06
withinnigeria.com	12604	2026-03-04
witl.com	37817	2026-09-06
witn.com	37137	2026-09-06
witneygazette.co.uk	133226	2026-09-06
wits.ac.za	5553	2026-09-06
wivk.com	12642	2026-09-06
wixx.com	27780	2026-09-06
wiznation.com	13797	2026-09-06
wjactv.com	34775	2026-09-06
wjbc.com	40046	2026-08-18
wjbq.com	28674	2026-09-06
wjbr.com	12970	2025-12-04
wjcl.com	72657	2026-09-06
wjct.org	72063	2026-09-06
wjcw.com	56200	2026-08-18
wjez.com	10865	2026-09-06
wjfw.com	20979	2026-09-06
wjhg.com	26173	2026-09-06
wjimam.com	23474	2025-12-01
wjla.com	50683	2026-09-06
wjle.com	6117	2026-09-06
wjmi.com	18966	2026-05-04
wjnt.com	23076	2026-04-22
wjol.com	34889	2026-09-06
wjon.com	38356	2026-09-06
wjoxam.com	50601	2026-04-07
wjpf.com	5992	2026-08-31
wjr.com	43802	2026-09-05
wjrz.com	14100	2026-09-06
wjsu.org	19822	2025-03-11
wjtn.com	20877	2026-09-06
wjvl.com	5257	2025-03-09
wkar.org	18371	2026-09-06
wkbw.com	41677	2026-09-06
wkdq.com	37157	2026-09-06
wkdzradio.com	16789	2026-08-27
wkfr.com	25030	2026-09-05
wkjc.com	42870	2026-09-06
wkkg.com	9935	2026-09-04
wkmi.com	17491	2025-11-30
wkml.com	16229	2026-09-06
wkms.org	55085	2026-09-06
wknofm.org	84635	2026-09-06
wkow.com	6158	2026-05-21
wkrb13.com	486644	2025-04-18
wksn.com	20822	2026-09-06
wksu.org	17996	2022-12-08
wktn.com	10407	2026-09-06
wktv.com	43104	2026-09-06
wkuherald.com	9498	2026-09-06
wkvi.com	7749	2026-09-06
wkxi.com	15993	2026-05-09
wkyc.com	70523	2026-06-06
wkyt.com	34323	2026-09-06
wkyufm.org	45429	2026-09-06
wkzo.com	77503	2026-09-06
wlad.com	5157	2026-09-04
wlav.com	10544	2026-09-06
wlbt.com	8276	2026-03-19
wlds.com	11639	2026-09-05
wlec.com	23149	2026-09-06
wlevradio.com	9866	2026-09-06
wlfi.com	25707	2026-09-06
wlip.com	23073	2026-09-04
wlkm.com	8804	2026-09-04
wlky.com	83344	2026-09-06
wlni.com	5321	2026-04-30
wlos.com	42096	2026-09-06
wlox.com	33883	2026-09-06
wlrfm.com	16614	2026-07-28
wlrh.org	26634	2026-09-05
wlrn.org	50514	2026-09-06
wlsam.com	54541	2026-09-04
wltribune.com	33531	2026-09-06
wltx.com	63246	2026-06-25
wltz.com	6311	2026-09-01
wlwi.com	6345	2026-09-06
wlwt.com	92394	2026-09-06
wmac-am.com	48576	2026-09-06
wmagazine.com	6598	2026-09-04
wmal.com	39584	2026-09-06
wmay.com	11097	2025-04-11
wmbfnews.com	39809	2026-09-06
wmcactionnews5.com	21076	2021-05-19
wmdt.com	34156	2026-09-05
wmfe.org	18986	2024-04-02
wmgk.com	16930	2026-09-06
wmicentral.com	10589	2026-09-05
wmmq.com	34225	2026-09-06
wmnf.org	7636	2026-09-06
wmot.org	24000	2025-08-12
wmra.org	45664	2026-09-06
wmtram.com	10412	2026-09-06
wmtv15news.com	20124	2026-09-06
wmtw.com	74878	2026-09-06
wmuk.org	25227	2026-09-06
wmur.com	96129	2026-09-06
wn.com	399364	2026-07-15
wnaw.com	19232	2026-09-06
wnax.com	9075	2026-09-04
wnbf.com	18115	2026-09-06
wncv.com	9283	2026-09-06
wncw.org	32592	2026-09-06
wncy.com	27599	2026-09-04
wnd.com	37955	2026-09-06
wndu.com	32359	2026-09-06
wnem.com	24150	2026-09-06
wnep.com	57274	2026-06-05
wnewsj.com	19288	2025-05-15
wnir.com	9629	2026-09-04
wnmtradio.com	19176	2022-12-08
wnmufm.org	72697	2026-09-06
wnpr.org	6587	2021-07-14
wntxradio.com	19392	2026-08-10
wnyt.com	45063	2026-03-11
woad.com	19065	2026-04-22
wobm.com	59823	2026-09-06
wogb.fm	17380	2026-09-06
wogx.com	18767	2026-09-04
wohfradio.com	29580	2026-09-06
wokq.com	27998	2026-09-06
wokv.com	65086	2026-09-06
womanandhome.com	25646	2026-09-06
womansworld.com	13385	2026-09-06
womenofchina.cn	11042	2025-06-09
womenshealthmag.com	17403	2026-09-05
wondradio.com	42448	2026-09-06
wonkette.com	5766	2026-07-29
woodallscm.com	5682	2026-09-04
woodlandsonline.com	10464	2026-09-06
woodstocksentinelreview.com	41604	2026-09-06
woodwardnews.net	10455	2026-09-05
woodworkingnetwork.com	9527	2025-12-16
woonsocketcall.com	12714	2026-09-06
worcesternews.co.uk	109930	2026-09-06
wordpress.com	17208	2026-09-06
workers.org	5585	2026-03-06
workerscompensation.com	8491	2026-09-06
workersliberty.org	8719	2025-11-07
worksopguardian.co.uk	12974	2025-01-23
world-nuclear-news.org	7463	2026-09-04
worldathletics.org	5006	2026-09-05
worldbank.org	10233	2026-09-04
worldboxingnews.net	7275	2025-03-04
worldcasinodirectory.com	8078	2026-09-06
worldcrunch.com	14971	2025-01-23
worldipreview.com	5147	2026-09-04
worldoil.com	14021	2026-09-06
worldpoliticsreview.com	5298	2026-08-06
worldscreen.com	13861	2025-08-22
worldsoccertalk.com	14787	2022-08-10
worldtempus.com	6405	2026-09-06
wortfm.org	6174	2025-05-02
worthingherald.co.uk	6867	2022-02-10
worthplaying.com	13753	2026-09-06
worthynews.com	6324	2026-09-06
wosu.org	15826	2026-09-06
woub.org	10799	2026-09-04
wowo.com	10408	2026-09-06
wowt.com	39173	2026-09-06
wpbf.com	68563	2026-09-06
wpde.com	49499	2026-09-06
wpdh.com	45229	2026-09-06
wphm.net	13328	2026-08-08
wpr.org	11907	2026-09-05
wprl.org	54300	2025-10-06
wpsdlocal6.com	54467	2026-09-06
wpst.com	37104	2026-09-06
wpsu.org	65809	2026-09-06
wptv.com	52779	2026-09-06
wpxi.com	45962	2026-09-06
wqad.com	51386	2026-06-05
wqcmfm.com	13722	2026-08-30
wqcs.org	57190	2026-09-06
wqel.com	5819	2026-09-05
wqut.com	21668	2026-09-06
wral.com	153950	2026-09-06
wraltechwire.com	12216	2025-11-06
wrcbtv.com	57393	2022-01-13
wrdw.com	39370	2026-09-06
wreg.com	6285	2026-08-24
wrestlezone.com	39372	2026-09-06
wrestlinginc.com	63764	2026-09-06
wrestlingnewssource.com	25672	2026-07-06
wrexham.com	15960	2026-09-06
wrfalp.com	7900	2026-09-04
wrganews.com	13091	2026-09-06
wrhi.com	5555	2026-07-14
wrif.com	30912	2026-09-06
writersdigest.com	5840	2026-09-06
wrjn.com	5638	2026-09-04
wrjo.com	5699	2026-09-04
wrkf.org	37953	2026-09-06
wrkr.com	24726	2026-09-05
wrmf.com	11222	2026-09-04
wror.com	21073	2026-09-06
wrp.org.uk	6365	2026-09-05
wrrv.com	39401	2026-09-06
wruf.com	10679	2026-09-06
wrur.org	9509	2026-09-04
wrvo.org	62671	2026-09-06
wsau.com	104296	2026-09-06
wsaw.com	31477	2026-09-06
wsaz.com	28394	2026-09-06
wsbradio.com	63996	2026-09-06
wsbs.com	13037	2026-09-05
wsbt.com	41087	2026-09-06
wsbtv.com	55325	2026-09-06
wscountytimes.co.uk	6332	2022-02-09
wset.com	43317	2026-09-06
wsfa.com	32501	2026-09-06
wsfl.com	7262	2026-09-06
wsgw.com	20324	2026-09-04
wshu.org	40907	2026-09-06
wsiltv.com	53441	2026-08-02
wsipam.com	5015	2026-07-25
wsiu.org	76821	2026-09-06
wsj.com	58643	2026-06-22
wsjm.com	30732	2026-09-05
wsjs.com	5407	2026-07-31
wskg.org	6784	2026-03-08
wsls.com	137613	2026-09-06
wsmv.com	37159	2026-09-06
wsnewspublishers.com	7109	2025-08-29
wsoctv.com	46369	2026-09-06
wsrkfm.com	18558	2026-09-06
wsu.edu	8629	2026-09-06
wsvaonline.com	5422	2024-04-02
wsvn.com	48862	2026-09-06
wsws.org	41097	2026-09-06
wtae.com	81564	2026-09-06
wtap.com	5700	2026-03-19
wtaq.com	53756	2026-09-06
wtax.com	7000	2024-05-20
wtbdfm.com	11527	2024-01-02
wtbx.com	24821	2026-09-04
wthitv.com	38113	2026-09-06
wthr.com	77073	2026-08-11
wtka.com	15955	2024-08-27
wtkr.com	57862	2026-09-06
wtma.com	107207	2026-09-06
wtmj.com	42363	2026-07-15
wtmx.com	10489	2026-09-04
wtoc.com	35854	2026-09-06
wtok.com	23723	2026-09-06
wtol.com	61161	2026-06-06
wtop.com	89636	2026-09-06
wtov9.com	35663	2026-09-06
wtsp.com	75398	2026-06-06
wttf.com	31538	2026-09-06
wttw.com	14739	2025-12-16
wtug.com	19348	2026-09-06
wtva.com	47738	2026-09-06
wtvbam.com	56189	2026-09-06
wtvm.com	27767	2026-09-06
wtvq.com	20346	2026-09-03
wtvr.com	51902	2026-09-06
wtvy.com	22349	2026-09-06
wtxl.com	32065	2026-09-06
wuft.org	40359	2026-09-06
wuky.org	28427	2026-09-06
wunc.org	21495	2026-09-05
wupe.com	18245	2026-09-06
wusa9.com	68551	2026-06-05
wutc.org	40626	2026-09-06
wuuqradio.com	12219	2026-09-04
wuwf.org	53751	2026-09-06
wuwm.com	17454	2026-09-04
wvasfm.org	51110	2026-09-06
wvel.com	7415	2026-08-18
wvfm1065.com	5078	2020-12-07
wvgazettemail.com	43768	2026-09-06
wvik.org	53328	2026-09-06
wvlkam.com	68829	2026-09-06
wvlnam.com	8648	2026-07-29
wvmetronews.com	24846	2026-09-04
wvnews.com	110265	2026-01-24
wvnn.com	40826	2026-08-18
wvpublic.org	12793	2026-09-04
wvrecord.com	5873	2025-05-20
wvtf.org	34086	2026-09-06
wvtm13.com	67404	2026-09-06
wvxu.org	44225	2026-09-06
wwaytv3.com	30059	2026-09-06
wwd.com	46922	2026-09-06
wweek.com	12141	2026-08-21
wwisradio.com	5376	2026-09-04
wwjb.com	5988	2025-02-24
wwki.com	5957	2026-09-06
wwltv.com	56312	2026-06-05
wwmt.com	42559	2026-09-06
wwno.org	46875	2026-09-06
wwnytv.com	26221	2026-09-06
wwqq101.com	5875	2026-09-06
wxerfm.com	19182	2026-09-06
wxfx.com	9328	2026-09-05
wxii12.com	78373	2026-09-06
wxkr.com	13907	2026-09-05
wxlo.com	9871	2026-09-06
wxow.com	52531	2026-09-06
wxpr.org	31684	2026-09-06
wxxinews.org	55520	2026-09-06
wxxv25.com	27551	2026-09-06
wxyz.com	52774	2026-09-06
wydaily.com	15631	2026-09-06
wyff4.com	81558	2026-09-06
wynn1063.com	20582	2026-09-06
wyomingnews.com	94213	2026-09-06
wyomingnewsnow.tv	37508	2026-09-06
wyomingpublicmedia.org	44825	2026-09-06
wypr.org	52511	2026-09-06
wyrk.com	43820	2026-09-06
wyshradio.com	5214	2026-09-04
wyso.org	45021	2026-09-06
wysu.org	25811	2026-09-06
wzid.com	6970	2026-09-05
wzozfm.com	19376	2026-09-06
wzpl.com	8048	2026-09-06
wzzm13.com	69198	2026-06-26
x1071.com	31511	2026-09-06
xboxachievements.com	9229	2025-04-26
xinhuanet.com	172414	2026-06-16
xlcountry.com	14459	2026-09-06
xpatloop.com	10253	2026-07-22
xtra99.com	17980	2026-09-06
xxlmag.com	13749	2026-09-05
y-103.com	9738	2026-09-06
y100fm.com	8052	2026-09-04
y101.com	14389	2026-09-04
y101hits.com	10244	2026-09-06
y102montgomery.com	23113	2026-09-06
y105fm.com	41409	2026-09-06
y105music.com	26224	2026-09-06
y108.ca	8124	2026-09-03
y94.com	37598	2026-09-06
y95country.com	29152	2026-09-06
yachtsandyachting.com	30739	2026-09-06
yahoo.com	6418240	2026-09-06
yakimaherald.com	99329	2026-09-06
yaktrinews.com	8775	2023-06-26
yale.edu	11793	2026-09-05
yaledailynews.com	5862	2026-01-16
yalibnan.com	9469	2026-09-06
yambolnews.net	6474	2025-10-22
yanksgoyard.com	5642	2026-09-06
yankton.net	61429	2026-09-06
yardbarker.com	167718	2026-09-06
yasstribune.com.au	69754	2026-09-06
ycombinator.com	5950	2026-09-06
ydr.com	6710	2023-09-11
yellowhammernews.com	14316	2026-09-06
yen.com.gh	10134	2026-03-19
yenisafak.com	20714	2025-09-16
yeovilexpress.co.uk	58449	2023-06-08
yesweekly.com	10501	2026-09-05
yle.fi	17093	2026-09-04
yna.co.kr	6410	2026-03-12
ynaija.com	9207	2026-09-06
ynetnews.com	67343	2026-09-06
yorkdispatch.com	14408	2023-09-11
yorknewstimes.com	47579	2026-09-06
yorkpress.co.uk	170626	2026-09-06
yorkregion.com	12395	2026-09-06
yorkshireeveningpost.co.uk	26040	2025-01-23
yorkshirepost.co.uk	60971	2025-01-23
yorktonthisweek.com	42911	2021-07-29
youngwitness.com.au	19976	2026-09-04
youralaskalink.com	22714	2026-09-05
yourdemocracy.net	5708	2026-09-05
yourdemocracy.net.au	19241	2026-09-06
youredm.com	7476	2026-06-26
yourfortdodge.com	19785	2026-09-03
yourlocalguardian.co.uk	190704	2026-09-06
yourobserver.com	13482	2025-09-10
yourradioplace.com	8067	2026-09-05
yoursourceone.com	81498	2026-09-05
yourstephenvilletx.com	5064	2026-09-06
yourstory.com	36279	2026-09-03
yourtango.com	49235	2026-09-06
yourthurrock.com	11157	2026-09-06
yovizag.com	6835	2026-09-05
ypradio.org	68582	2026-09-06
yubanet.com	8996	2026-09-05
yukon-news.com	6479	2026-09-06
yumasun.com	60639	2026-09-06
z100fm.com	5689	2026-09-03
z100missoula.com	15099	2026-09-06
z1023online.com	17006	2026-09-06
z103.fm	11188	2024-08-29
z1077fm.com	11298	2026-09-05
z937.com	21092	2026-09-06
z93jamz.com	17208	2026-09-06
z94.com	26312	2026-09-06
z943radio.com	8741	2025-01-06
z96.com	10728	2026-09-06
zawya.com	200107	2026-09-06
zazoom.it	10637	2026-09-04
zdnet.com	41002	2026-09-06
zerohedge.com	135003	2026-09-06
zfenglish.com	40850	2026-09-04
ziarelive.ro	5451	2024-08-01
zigwheels.com	21012	2026-09-06
zimbabwesituation.com	15654	2026-07-20
zimbabwestar.com	53961	2026-09-06
zimeye.net	10520	2026-08-23
zizonline.com	6743	2026-08-28
zmescience.com	13532	2026-09-06
znsbahamas.com	5936	2026-09-06
zodiakmalawi.com	6777	2026-09-04
zonebourse.com	6769	2026-05-15
zrock103.com	9101	2026-09-06
zululandobserver.co.za	18680	2023-08-31
