1005freshradio.ca	8946	2026-07-18
1009theeagle.com	11639	2026-08-07
1010wcsi.com	7307	2025-08-27
1011now.com	33146	2026-08-09
1015hankfm.com	9175	2025-07-28
1015thehawk.com	10170	2026-03-23
1015vibe.com	8332	2026-08-08
1019thebeatfm.com	9206	2025-05-15
1019thekeg.com	26327	2026-05-12
1019therock.com	25407	2026-08-09
1021thefox.com	9179	2026-08-06
1023thebullfm.com	17945	2026-07-01
1023thewolf.com	8196	2026-07-24
1025kiss.com	37326	2026-08-09
1025wowcountry.com	7444	2026-08-07
1027kord.com	32886	2026-08-09
1027thevibe.com	7765	2026-08-08
102thebear.com	6073	2026-08-09
1031freshradio.ca	8923	2026-07-22
1033theeagle.com	6656	2026-08-07
1033wvyb.com	8623	2026-08-08
1035kissfmboise.com	24810	2026-08-09
1035theeagle.com	9324	2026-07-29
1037theloon.com	27468	2026-08-09
1039wvbo.com	27566	2026-08-09
103gbfrocks.com	36060	2026-08-09
103kkcn.com	19291	2026-08-08
103weup.com	9922	2026-08-08
103wjod.com	23517	2026-08-09
1041wdlt.com	9450	2026-08-09
1043freshradio.ca	8348	2026-06-29
1043theparty.com	7331	2026-08-09
1045bobfm.com	5391	2024-09-10
1045freshradio.ca	7538	2026-08-07
1045theteam.com	22797	2026-08-09
1045thezone.com	30045	2026-08-08
1045wjjk.com	5825	2026-08-09
1049maxcountry.com	8001	2021-04-15
1049nashicon.com	5849	2026-08-09
1049thebeat.com	17815	2026-08-09
1049theedge.com	7670	2023-01-13
1049thewolf.com	15883	2026-08-08
104thehawk.com	10931	2026-08-08
1050talk.com	7314	2020-02-18
1053hotfm.com	6027	2026-08-09
1055thehawk.com	6159	2024-06-16
1057thehawk.com	55853	2026-08-09
1057thepoint.com	15879	2026-08-09
1057thex.com	9240	2026-08-09
1059thehog.com	9298	2026-06-27
1063cowboycountry.com	6354	2021-01-15
1063thebuzz.com	30875	2026-08-09
1063thegroove.com	7832	2026-08-08
1065thearch.com	11959	2026-08-08
1065thebuzz.com	15662	2026-08-08
1069morefm.com	6042	2022-09-07
1073modfm.com	24943	2026-06-09
1073theeagle.com	9230	2026-08-08
1073wsjy.com	5991	2025-11-22
1075daverocks.com	7753	2026-08-08
1075koolfm.com	7662	2026-08-07
1075thegame.com	41253	2026-08-09
1075zoofm.com	8459	2022-07-07
1077thebone.com	7130	2026-08-07
1079ishot.com	47960	2026-08-09
107jamz.com	17546	2026-08-08
1090kaay.com	19743	2026-08-09
10news.com	97145	2026-08-09
10tv.com	62651	2026-06-25
1150kknw.com	5713	2026-08-09
1170kfaq.com	5326	2020-05-08
11alive.com	76527	2026-06-06
1280wnam.com	22183	2026-02-02
1290wlby.com	38440	2026-08-09
12news.com	62356	2026-06-26
12newsnow.com	54381	2026-06-06
12onyourside.com	12766	2026-08-09
1310kfka.com	13824	2026-08-09
1310news.com	29075	2020-12-03
1350kman.com	15751	2026-08-08
1370wfea.com	8635	2026-08-09
1380kcim.com	8887	2026-03-18
13abc.com	29426	2026-08-09
13newsnow.com	73852	2026-06-06
13wham.com	41278	2026-08-09
13wmaz.com	59415	2026-06-06
1470kyyw.com	8943	2026-08-09
1470wmbd.com	10508	2023-03-10
1490wosh.com	81699	2026-08-09
14news.com	40677	2026-08-09
1520theticket.com	53163	2026-06-29
1590walg.com	17537	2020-08-26
1630kcjj.com	13923	2026-08-09
1660thefan.com	10612	2020-12-04
1prime.biz	32781	2023-12-29
247sports.com	6960	2023-02-02
247wallst.com	16318	2026-08-09
27east.com	7868	2026-08-08
29news.com	10676	2026-08-08
2ec.com.au	5213	2026-08-09
2gb.com	31553	2026-08-09
2hd.com.au	5912	2024-12-18
2lt.com.au	15732	2026-08-09
2merkato.com	5189	2026-08-09
2news.com	81597	2026-08-09
2nm.com.au	5159	2026-08-09
2paragraphs.com	14431	2026-08-07
360cities.net	23862	2026-06-04
360nobs.com	5978	2020-10-03
3aw.com.au	19358	2026-08-09
3blmedia.com	8229	2026-08-07
3quarksdaily.com	9653	2026-05-24
4029tv.com	65197	2026-08-09
411mania.com	105251	2025-11-29
41nbc.com	26533	2026-08-08
4bc.com.au	27799	2026-08-09
4ni.co.uk	13855	2026-08-09
51.ca	7472	2026-08-09
5280.com	5601	2026-08-07
560cfos.ca	11980	2025-07-31
570news.com	56393	2021-10-17
5newsonline.com	51740	2026-06-06
5tjt.com	10304	2026-06-04
6000.co.za	5231	2026-08-09
620ckrm.com	26041	2026-08-09
640wxsm.com	68343	2026-08-09
660wxqw.com	20062	2025-06-14
680kfeq.com	13560	2026-07-31
680news.com	113457	2021-10-17
6abc.com	60895	2026-08-09
6pr.com.au	10589	2026-08-09
702.co.za	24442	2024-01-15
710keel.com	25974	2026-08-07
730ckdm.com	6558	2026-08-09
740thefan.com	28397	2026-08-09
790business.com	41914	2022-08-10
790wpic.com	61852	2026-07-20
7news.com.au	5070	2026-03-12
7newsbelize.com	38033	2026-08-08
7thspace.com	39838	2024-09-15
850wftl.com	18211	2026-05-06
895thelake.ca	8534	2023-11-21
90min.com	58926	2025-09-29
915thebeat.com	8646	2026-08-04
919thebend.ca	10859	2026-02-10
91x.fm	5235	2026-07-08
921theticket.com	85819	2026-08-09
921wrou.com	25342	2026-08-06
927thedrive.net	19679	2026-08-09
927thevan.com	17709	2026-08-09
929nin.com	47186	2026-08-09
929peakfm.com	13752	2026-08-09
929thebull.com	31015	2026-08-09
929thelake.com	30505	2026-08-09
929theticket.com	9356	2026-08-09
929zzu.com	8814	2026-08-09
92moose.fm	28989	2026-08-09
92q.com	17248	2026-08-09
92qnashville.com	10462	2026-08-09
931coast.com	6705	2026-08-09
931freshradio.ca	8087	2026-08-07
931kmkt.com	18246	2026-08-05
931thebeat.com	9156	2026-08-09
931theborder.ca	8735	2025-09-08
933nashicon.com	5751	2026-08-09
933thedrive.com	38033	2026-08-09
937kclb.com	9652	2026-08-03
937kcountry.com	5151	2026-08-07
937nashicon.com	7073	2025-03-17
937theeagle.com	5812	2026-08-07
93q.com	19390	2026-08-09
93x.com	5490	2026-08-09
940wfaw.com	27438	2024-10-06
941theduke.com	7612	2026-08-07
943jackfm.com	22811	2026-08-07
943thepoint.com	56949	2026-08-09
945thehawkradio.com	5909	2026-08-09
945themoose.com	8678	2026-08-07
947wls.com	5715	2026-08-07
949whom.com	28693	2026-08-09
951kbby.com	8856	2026-08-09
953thebear.com	30919	2026-08-09
953thescore.com	60481	2026-08-09
955glo.com	8992	2026-08-08
955wtvy.com	6007	2026-08-07
959kissfm.com	12313	2026-08-09
95kqds.com	9642	2026-08-05
95rockfm.com	31359	2026-08-09
95sx.com	10319	2026-08-09
961jamz.com	8876	2026-08-09
961theeagle.com	34405	2026-08-09
963jackfm.com	8481	2026-08-08
963kklz.com	16730	2026-08-09
963theblaze.com	27600	2026-08-09
963wdvd.com	5193	2026-08-03
963xke.com	6188	2026-08-09
965bobfm.com	7279	2024-08-08
965kvki.com	39254	2026-08-08
965therock.com	20144	2026-08-08
967theeagle.net	32395	2026-08-09
969therock.com	14912	2026-08-08
96fm.ie	5762	2026-08-06
96krock.com	27053	2026-08-06
96kzel.com	9065	2026-08-06
971kissfm.com	5102	2022-09-16
973thedawg.com	46003	2026-08-09
975kgkl.com	21425	2026-08-08
975klak.com	6919	2020-05-30
975now.com	34664	2026-08-09
975thevibe.com	22606	2026-08-09
975wabd.com	11024	2026-08-09
977thebay.com	6069	2026-08-07
977theriver.com	12897	2025-05-26
979kickfm.com	31848	2026-08-09
979nashicon.com	5476	2026-08-09
979x.com	10396	2026-08-08
97rockonline.com	33150	2026-08-09
97x.com	22063	2026-08-07
97xonline.com	7898	2026-08-08
97zokonline.com	38545	2026-08-09
980waav.com	77011	2026-08-07
981thehawk.com	35703	2026-08-09
981themax.com	9225	2026-08-09
983nashicon.com	5915	2026-08-09
983thecoast.com	34932	2026-08-03
983thesnake.com	21510	2026-08-08
983wlcs.com	6154	2026-07-27
985kissfm.net	6061	2026-08-09
985thebull.com	12687	2026-07-13
987jack.com	23522	2026-08-09
987thebomb.com	6525	2026-08-07
987thebull.com	11551	2026-08-05
989magicfm.com	10473	2026-08-09
989xfm.ca	5638	2026-08-07
98cool.ca	11008	2026-08-08
98fm.com	14174	2026-08-07
98kupd.com	9143	2026-08-08
98q.com	7038	2026-08-07
98rocks.fm	18117	2026-07-21
98theticket.com	15783	2021-01-15
991thewhale.com	32373	2026-08-09
993kjoy.com	9683	2026-08-09
993thex.com	6073	2026-07-24
995qyk.com	21085	2026-08-07
995thewolf.com	7192	2026-08-08
997wtn.com	79228	2026-07-20
999ktdy.com	35565	2026-08-09
999thefoxrocks.com	7170	2026-08-09
999thepoint.com	27007	2026-08-09
99jamzmiami.com	5347	2026-08-07
9and10news.com	61043	2026-08-08
9news.com	62857	2026-06-05
9news.com.au	107292	2026-05-31
9thlevel.ie	8248	2025-12-04
9to5mac.com	21569	2026-08-09
aa.com.tr	87152	2026-08-09
aaj.tv	6866	2025-10-27
aarp.org	13929	2026-08-07
aawsat.com	123382	2026-08-09
abajournal.com	10672	2026-08-09
abbynews.com	32712	2026-08-09
abc-7.com	25368	2025-02-05
abc.net.au	194373	2026-08-09
abc10.com	72693	2026-06-25
abc11.com	76858	2026-08-09
abc12.com	36046	2026-08-09
abc13.com	84826	2026-08-09
abc15.com	54407	2026-08-09
abc17news.com	107407	2026-08-09
abc23.com	10400	2026-08-09
abc30.com	67473	2026-08-09
abc3340.com	41212	2026-08-09
abc57.com	58403	2026-08-09
abc6.com	10148	2026-01-23
abc6onyourside.com	40380	2026-08-09
abc7.com	70843	2026-08-09
abc7amarillo.com	32269	2026-08-09
abc7chicago.com	98133	2026-08-09
abc7news.com	76981	2026-08-09
abc7ny.com	84154	2026-08-09
abcactionnews.com	47042	2025-08-18
abcaudio.com	5535	2026-06-09
abccolumbia.com	41147	2026-08-08
abcfoxmontana.com	10097	2020-03-03
abcnews.com	16211	2026-08-09
abcnews4.com	47009	2026-08-09
abcnewsradioonline.com	21946	2021-04-12
abebooks.co.uk	5398	2023-12-06
aberdeennews.com	16891	2023-09-11
abnnewswire.net	7310	2026-08-07
aboutmyarea.co.uk	7782	2026-06-14
abovethelaw.com	27525	2026-08-07
abplive.com	7280	2026-03-17
abqjournal.com	85828	2026-08-09
abs-cbn.com	45218	2025-02-12
abstvradio.com	8738	2026-08-08
accesswdun.com	132647	2026-05-26
accountantsdaily.com.au	6800	2026-08-09
accountingtoday.com	18811	2026-08-07
aceshowbiz.com	109413	2026-08-09
ack.net	7170	2026-08-08
acm.org	8233	2025-11-11
acrofan.com	16721	2024-06-05
acs.org	8403	2026-08-07
actionforex.com	42507	2026-08-08
actionnews5.com	20571	2026-08-09
actionnewsjax.com	42366	2026-08-09
actionnewsnow.com	17223	2026-03-19
actmedia.eu	16892	2026-08-07
actuarialpost.co.uk	6511	2026-08-06
adage.com	9059	2026-07-23
adb.org	5237	2026-08-06
adelaidenow.com.au	56534	2024-07-27
adgully.com	77005	2026-08-08
adirondackdailyenterprise.com	16924	2026-04-13
adn.com	46620	2026-08-09
adnews.com.au	11482	2026-08-09
adsoftheworld.com	7091	2022-05-07
advanced-television.com	16875	2026-08-07
advancedbiofuelsusa.info	14500	2023-07-26
advertiser.ie	5112	2026-08-09
advertisernewssouth.com	5200	2026-08-06
advisor.ca	10865	2026-07-14
advocate-news.com	17906	2026-08-09
advocate.com	8958	2026-08-07
advocateanddemocrat.com	29612	2026-08-08
adweek.com	32047	2026-08-08
aei.org	22864	2026-08-08
aero-news.net	93342	2026-08-09
aerospace-technology.com	5672	2024-11-14
aerotechnews.com	7728	2026-08-07
af.mil	23754	2025-02-27
afa.net	5060	2026-08-08
afaqs.com	13788	2026-08-09
afar.com	7558	2026-08-08
afghanislamicpress.com	5619	2026-08-09
afghanistannews.net	55436	2026-08-09
afghanistansun.com	52203	2026-08-09
afghanistantimes.af	5533	2022-02-18
afl.com.au	16749	2026-08-09
afloat.ie	22337	2026-08-07
afn.net	7605	2024-09-08
afr.com	151996	2026-08-09
afr.net	8191	2026-08-08
africa-newsroom.com	43811	2026-08-09
africa.com	24435	2026-08-08
africabusiness.com	6811	2026-08-07
africaintelligence.com	12170	2026-08-07
africaleader.com	100244	2026-08-09
african.business	13985	2025-12-02
africanews.com	45356	2026-08-09
africanexaminer.com	17773	2026-07-23
afro.com	8115	2026-08-09
afropages.fr	37473	2025-09-18
agassizharrisonobserver.com	42098	2026-08-09
agenda.ge	9624	2025-02-27
aginfo.net	23184	2026-08-09
agnews890.com	5708	2026-08-01
agreenliving.org	5844	2022-05-27
agri-pulse.com	6764	2026-08-08
agriculture.com	27864	2026-03-17
agriland.ie	45203	2026-01-13
agrinews-pubs.com	13219	2026-08-09
agupdate.com	17149	2026-08-07
agweek.com	12283	2026-08-08
agwired.com	8240	2026-08-09
ahram.org.eg	100191	2026-08-07
ai-cio.com	5395	2026-08-06
aidesep.org.pe	5933	2025-10-03
aikenstandard.com	5935	2023-06-19
ainonline.com	9971	2026-08-07
airdriecityview.com	43048	2025-01-23
airdrieecho.com	9201	2026-08-09
airdrietoday.com	18510	2023-05-11
airforce-technology.com	6914	2026-08-07
airforcetimes.com	9356	2026-08-09
airliners.net	10712	2026-04-23
airport-technology.com	6135	2026-07-23
ajc.com	73285	2026-08-09
ajmc.com	14664	2026-04-24
ajot.com	10041	2026-08-07
ajp.com.au	6366	2026-08-07
akp.gov.kh	23165	2026-08-09
akronnewsreporter.com	8527	2026-08-09
al-monitor.com	48789	2026-08-09
al.com	75487	2026-03-25
alabamanews.net	13758	2023-04-13
alabamawx.com	14666	2025-08-14
alamogordonews.com	6066	2026-08-08
alarabiya.net	20388	2025-12-05
alaraby.co.uk	8389	2022-11-16
alaska-native-news.com	8603	2026-08-09
alaskahighwaynews.ca	45396	2023-11-01
alaskapublic.org	8348	2026-08-08
alaskasnewssource.com	12099	2026-08-08
albanyherald.com	81229	2025-06-06
albawaba.com	71723	2026-08-09
alberta.ca	5509	2026-08-08
albuquerqueexpress.com	94232	2026-08-09
aldergrovestar.com	32453	2026-08-09
aldianews.com	8959	2026-08-07
aleteia.org	17999	2026-08-09
algemeiner.com	36737	2026-08-07
alice1077.com	10510	2026-08-09
alice965.com	14474	2026-08-05
alipac.us	32618	2026-08-09
aljazeera.com	121010	2026-08-09
allaboutthejersey.com	5354	2026-08-08
allaccess.com	12520	2024-11-05
allafrica.com	581617	2026-08-09
alleywatch.com	20995	2026-08-09
allhiphop.com	23567	2026-08-09
alligator.org	8751	2026-08-09
allkpop.com	61894	2026-08-06
allmediany.com	7207	2020-10-14
allthehitsb951.com	10260	2026-08-09
alltoc.com	8831	2026-04-15
allure.com	6834	2026-08-09
almanacnews.com	12002	2026-08-08
almanar.com.lb	11558	2026-01-24
almayadeen.net	5251	2025-01-26
alt1017.com	10060	2024-11-19
altaz933.com	7234	2026-08-08
altenergymag.com	9051	2026-08-05
alternet.org	32019	2026-08-09
altondailynews.com	9971	2021-06-21
altoonamirror.com	21884	2026-08-09
altpress.com	9018	2025-01-23
am-online.com	20323	2025-12-12
am1050.com	7241	2024-08-08
am1070theanswer.com	5920	2024-05-17
am1100theflag.com	18222	2026-06-10
am1590theanswer.com	6050	2022-07-01
am920theanswer.com	5919	2024-05-17
am9501007fm.com	27723	2026-06-08
am970theanswer.com	5919	2024-05-17
amarillo.com	9981	2023-09-11
amarillosrockstation.com	9190	2026-08-09
amarujala.com	148264	2026-06-15
amazinavenue.com	8632	2026-08-09
amazingmadison.com	26502	2026-08-07
amazonaws.com	35940	2026-08-04
americamagazine.org	14969	2026-08-07
americanbanker.com	26264	2026-08-07
americanbazaaronline.com	9185	2026-08-09
americanfreepress.net	10087	2026-06-11
americanisraelite.com	7051	2026-08-06
americanpress.com	27182	2026-08-09
americansongwriter.com	48596	2026-08-09
americanthinker.com	50892	2026-08-09
americantop40.com	13856	2026-08-09
amestrib.com	8559	2023-09-11
amherstbulletin.com	5118	2026-08-07
ammonnews.net	14001	2026-08-06
amny.com	20470	2026-08-09
amren.com	20598	2026-08-09
amsterdamnews.com	10106	2026-08-07
analystratings.com	5117	2021-04-29
anandabazar.com	12880	2023-08-22
ancient-origins.net	20247	2026-08-09
andhrawishesh.com	6851	2026-05-02
andina.pe	10818	2025-04-22
andoveradvertiser.co.uk	106580	2026-08-09
androidauthority.com	20619	2026-08-09
androidcentral.com	38428	2026-08-09
androidcommunity.com	6682	2022-02-03
androidheadlines.com	38407	2026-07-30
androidpolice.com	37760	2026-08-09
angelusnews.com	5360	2026-08-07
anglocelt.ie	46981	2026-08-09
angop.ao	7651	2025-01-03
anhuinews.com	17998	2026-08-07
animenewsnetwork.com	59865	2025-09-07
aninews.in	554710	2026-08-09
annistonstar.com	25936	2026-08-09
ansa.it	14719	2026-08-09
ansamed.info	9391	2023-03-13
antaranews.com	73316	2026-08-09
antigojournal.com	32784	2026-08-07
antiguaobserver.com	14286	2026-08-07
antiwar.com	22319	2026-08-09
antonyloewenstein.com	6761	2026-08-09
aol.co.uk	249068	2026-08-09
aol.com	278061	2026-08-09
ap.org	20431	2026-06-04
apartmenttherapy.com	14278	2026-04-26
apnews.com	386275	2025-03-05
app.com	16834	2023-09-11
app.com.pk	33134	2026-04-24
appeal-democrat.com	19459	2026-08-08
applevalleynewsnow.com	9057	2026-08-09
apr.org	32624	2026-08-09
aps.dz	13186	2026-08-09
aqha.com	5136	2026-03-27
arabherald.com	112390	2026-08-09
arabianbusiness.com	34763	2026-01-29
arabnews.com	167392	2026-08-09
arabtimesonline.com	47979	2026-08-09
araratadvertiser.com.au	23498	2026-08-09
archaeology.org	5598	2026-08-09
archdaily.com	83238	2026-08-09
archinect.com	42571	2026-08-09
architectsjournal.co.uk	18524	2026-08-09
architecturaldigest.com	8664	2026-08-07
architectureanddesign.com.au	19252	2026-08-07
archyde.com	14291	2025-01-27
ardmoreite.com	5643	2026-07-16
areadevelopment.com	6823	2026-08-07
areanews.com.au	49501	2026-08-09
argentinastar.com	36972	2026-08-09
argus-press.com	11548	2026-08-08
argusleader.com	11421	2023-09-10
argusmedia.com	7545	2026-08-07
argusobserver.com	14907	2026-08-07
argyllshireadvertiser.co.uk	5460	2024-01-25
ariananews.af	18770	2026-08-09
arirang.co.kr	11819	2022-10-11
arirang.com	11761	2022-10-11
arizona.edu	6950	2026-08-08
arizonadailyindependent.com	11814	2026-08-09
arka.am	10331	2026-08-08
arkansasbusiness.com	16124	2026-03-11
arkansasonline.com	171151	2026-08-09
arkansasrazorbacks.com	8268	2026-08-06
arktimes.com	20230	2026-08-07
arlnow.com	28167	2026-08-08
armenianweekly.com	6504	2026-08-07
armenpress.am	85985	2025-06-04
armidaleexpress.com.au	53584	2026-08-09
armstrongeconomics.com	10976	2026-08-09
army-technology.com	8525	2026-08-07
army.mil	5081	2026-06-18
armytimes.com	10073	2026-08-07
arn.ps	12963	2026-08-09
arnnet.com.au	18093	2026-08-07
arrowheadaddict.com	6582	2026-08-09
arrowheadpride.com	15078	2026-08-09
arsenal.com	14060	2026-07-22
arsenalnews.co.uk	59703	2026-08-09
arstechnica.com	14303	2026-08-09
artdaily.com	47861	2026-08-09
artemis.bm	6180	2026-08-07
artfixdaily.com	6664	2025-11-18
artforum.com	5088	2026-08-07
artnet.com	19077	2026-08-07
artnews.com	9022	2026-08-08
artsjournal.com	9734	2026-08-08
arynews.tv	30755	2026-08-09
as.com	10088	2026-03-19
asahi.com	44346	2026-08-09
asbarez.com	6735	2026-07-15
ashepostandtimes.com	13711	2026-08-09
ashleycountyledger.com	30480	2026-08-08
asiaasset.com	6011	2026-08-09
asiabulletin.com	98269	2026-08-09
asianage.com	35413	2026-08-08
asianews.it	14986	2026-07-09
asianews.network	28197	2026-08-07
asianimage.co.uk	82241	2026-08-09
asianjournal.com	11755	2026-08-08
asiaone.com	148771	2026-08-09
askmen.com	5934	2026-06-04
aspendailynews.com	50013	2026-08-09
aspenpublicradio.org	46036	2026-08-09
aspentimes.com	21247	2026-08-09
astanatimes.com	9013	2026-08-09
astroawani.com	7022	2025-11-17
astronomy.com	6194	2026-08-09
asurampage.com	6084	2026-08-08
at40.com	6095	2021-10-15
athens-times.com	105578	2026-07-26
athensmessenger.com	8902	2026-08-09
athensreview.com	18963	2026-08-09
athleticsnation.com	5434	2026-08-09
atholdailynews.com	20575	2026-08-09
atlantablackstar.com	28181	2026-06-04
atlantaleader.com	15871	2026-08-09
atlantanewsfirst.com	27846	2026-08-09
atlantic.ctvnews.ca	32788	2025-01-23
atlanticcouncil.org	8349	2026-08-08
attackofthefanboy.com	20783	2026-08-09
attitude.co.uk	7223	2026-08-07
atvtoday.co.uk	19555	2026-08-09
auburnpub.com	65344	2026-08-09
augustafreepress.com	38392	2026-08-09
austinchronicle.com	31321	2026-08-06
austinglobe.com	87410	2026-08-09
australianherald.com	39152	2026-08-09
australiannews.net	77808	2026-08-09
autoblog.com	23954	2026-06-28
autocarindia.com	20327	2026-08-09
autoconnectedcar.com	5835	2026-08-07
autoevolution.com	85876	2026-05-10
autoexpress.co.uk	17014	2026-08-09
autonews.com	18592	2026-06-18
autoremarketing.com	6085	2026-08-07
autospies.com	24407	2026-08-09
autoweek.com	13052	2026-08-09
avclub.com	26821	2026-05-14
avenuemail.in	19906	2026-08-05
averyjournal.com	11654	2026-08-09
avherald.com	5982	2026-08-09
aviationweek.com	20271	2026-08-08
avn.com	11814	2026-08-08
avondhupress.ie	5621	2026-08-09
avweb.com	7613	2026-08-07
awesome98.com	30172	2026-08-09
awfulannouncing.com	28984	2026-08-09
awn.com	9004	2026-08-07
axios.com	16472	2024-06-05
axisoflogic.com	6291	2022-07-23
axs.com	10667	2025-01-20
aysor.am	5394	2026-08-07
azbigmedia.com	13144	2026-08-09
azbusinessdaily.com	9052	2024-01-25
azcapitoltimes.com	7853	2026-08-09
azcardinals.com	5127	2026-08-09
azcentral.com	69880	2023-09-11
azdailysun.com	49461	2026-08-09
azerbaijannews.net	63011	2026-08-09
azernews.az	57749	2026-08-09
azertag.az	46217	2026-06-23
azfamily.com	50269	2026-08-09
azocleantech.com	9009	2026-08-06
azom.com	15620	2026-08-08
azonano.com	5805	2026-08-07
azorobotics.com	5037	2026-08-06
azpbs.org	6991	2026-08-06
azsnakepit.com	7259	2026-08-09
b100quadcities.com	29169	2026-08-09
b1027.com	28328	2026-08-09
b1039.com	17884	2026-04-17
b1047.com	5569	2026-08-07
b105country.com	15121	2026-08-09
b106fm.com	8749	2026-08-09
b92.net	11321	2026-07-19
b93.net	29611	2026-08-09
b93radio.com	17724	2026-08-08
b975.com	10998	2026-08-08
b97hawaii.com	6881	2026-07-30
b98.com	9805	2026-08-09
b985.com	11314	2026-08-09
b985.fm	33047	2026-08-09
b987.com	6186	2026-08-09
badlefthook.com	11678	2026-08-09
baguiomidlandcourier.com.ph	5491	2024-07-30
baidu.com	49418	2026-08-08
bainbridgereview.com	5290	2026-08-07
bakercityherald.com	7874	2026-08-08
bakersfield.com	94454	2026-08-09
bakersfieldnow.com	38459	2026-08-09
bakeryinfo.co.uk	5136	2025-09-05
balkaninsight.com	6925	2026-08-07
ballinaadvocate.com.au	34874	2021-04-28
balloon-juice.com	20047	2026-03-11
ballot-access.org	7266	2026-08-09
balls.ie	5072	2026-08-09
ballstatedaily.com	6910	2026-07-15
baltic-course.com	5550	2026-04-04
baltictimes.com	18261	2026-08-08
baltimorebeatdown.com	7227	2026-08-08
baltimoreravens.com	8742	2026-08-09
baltimorestar.com	100114	2026-08-09
baltimoresun.com	137185	2026-08-09
bamsmackpow.com	6178	2026-08-09
banana1015.com	28943	2026-08-09
banburycake.co.uk	41634	2023-03-07
banburyguardian.co.uk	14854	2025-01-23
bandt.com.au	18724	2026-08-07
bangkokpost.com	150331	2026-08-09
bangladeshinfo.com	12248	2025-06-14
bangladeshsun.com	68529	2026-08-09
banglamirrornews.com	23689	2026-06-08
banglanews24.com	5026	2025-10-28
bangordailynews.com	52991	2026-08-09
bankerandtradesman.com	13529	2026-08-09
bankinfosecurity.com	15857	2026-08-09
bankingnews.gr	6202	2026-08-09
banklesstimes.com	11479	2026-07-31
banksnews.gr	10591	2025-07-24
baptistnews.com	7244	2026-08-07
barandbench.com	34055	2026-08-09
barbadostoday.bb	41443	2026-08-09
barcablaugranes.com	17402	2026-08-09
baristanet.com	5189	2023-08-22
barnsleychronicle.com	5523	2025-10-16
barrie.ctvnews.ca	20049	2025-01-23
barrons.com	76655	2026-06-18
barryanddistrictnews.co.uk	92914	2026-08-09
bartlesvilleradio.com	39039	2026-08-09
basildonstandard.co.uk	30362	2021-03-11
basingstokegazette.co.uk	113090	2026-08-09
bassresource.com	5177	2025-04-17
batemansbaypost.com.au	71656	2026-08-09
batonrougepost.com	48571	2026-08-09
baxterbulletin.com	9366	2026-08-08
bay939.com.au	5825	2026-08-08
baylorlariat.com	6002	2026-06-23
baynews9.com	8091	2026-08-09
bayshorebroadcasting.ca	14285	2026-08-09
baystreet.ca	38133	2026-08-09
baytownsun.com	19211	2026-08-08
bbc.co.uk	341831	2026-08-09
bbc.com	214450	2026-08-09
bbj.hu	9401	2025-10-20
bc.ctvnews.ca	35669	2025-01-23
bcdemocrat.com	7924	2025-07-02
bchomez.com	35967	2026-07-24
bclocalnews.com	7159	2020-04-07
bcps.org	38714	2026-08-05
bctv.org	5464	2026-08-09
bdnews24.com	65821	2025-11-13
bdonline.co.uk	9209	2025-09-05
bdtonline.com	60768	2026-08-08
beach951.com	16537	2026-08-08
bear104.com	13509	2026-08-08
bearingarms.com	20465	2026-08-09
beat.com.au	16527	2026-06-04
beat102103.com	8462	2026-08-08
beatricedailysun.com	52348	2026-08-09
beaufortcountynow.com	16325	2026-08-09
beaumontenterprise.com	67505	2025-11-18
beaver1003.com	8522	2026-08-06
beckersasc.com	11332	2026-08-01
beckershospitalreview.com	27729	2026-08-01
beckersspine.com	7564	2026-08-01
bedfordgazette.com	18534	2026-08-08
bedfordtoday.co.uk	15205	2025-01-23
beefmagazine.com	5014	2025-01-01
begadistrictnews.com.au	61024	2026-08-09
behindthesteelcurtain.com	17181	2026-08-09
beijingbulletin.com	111053	2026-08-09
belfastlive.co.uk	108058	2026-08-09
belfasttelegraph.co.uk	131950	2026-02-16
belgrade-news.com	5942	2026-08-08
bellanaija.com	11489	2026-08-09
belmondnews.com	5764	2026-01-26
beloitdailynews.com	36449	2026-08-07
bemidjipioneer.com	38637	2026-08-09
benarnews.org	5320	2025-09-02
bendbulletin.com	50514	2026-08-09
bendigoadvertiser.com.au	66100	2026-08-09
bendsource.com	13851	2026-08-09
benefitscanada.com	7113	2026-08-07
beniciaindependent.com	5318	2026-08-09
benningtonbanner.com	47328	2026-08-09
benzinga.com	342285	2026-08-06
berkeley.edu	5406	2026-08-09
berkshireeagle.com	71388	2026-08-09
berksmontnews.com	5896	2021-08-26
bernama.com	21124	2026-03-19
bernews.com	28614	2026-08-09
bestmediainfo.com	24436	2026-08-08
bet.com	21763	2026-07-31
betakit.com	6613	2026-08-07
betanews.com	14454	2026-01-15
bethesdamagazine.com	10099	2026-08-08
bevnet.com	19188	2026-07-03
bexhillobserver.net	5028	2022-02-09
bfi.org.uk	5046	2026-08-07
bgdailynews.com	66577	2026-08-09
bgnes.com	8231	2026-08-09
bgr.com	28395	2026-08-09
bgr.in	20873	2023-01-29
bhaskar.com	5185	2026-08-09
bhg.com	12912	2026-03-17
bhpioneer.com	33864	2026-08-09
bianet.org	17729	2026-08-09
biblestudytools.com	5932	2026-08-07
bicesteradvertiser.net	126482	2026-08-09
big104fm.com	7579	2026-04-24
bigblueview.com	17547	2026-08-09
bigcountry1073.com	5827	2026-08-09
bigcountry969.com	24408	2026-08-09
bigcountry995.com	50899	2026-06-30
bigfrog104.com	36146	2026-08-09
biggleswadetoday.co.uk	9031	2025-01-23
bigislandnow.com	9848	2026-08-09
bigissue.com	10115	2026-08-07
bignewsnetwork.com	873893	2026-08-09
bigoven.com	10201	2026-08-09
bigrigs.com.au	10236	2026-06-25
bigtakeover.com	5244	2025-08-22
bikebiz.com	5917	2026-08-07
bikeportland.org	6562	2026-08-03
bikeradar.com	7952	2026-08-09
bilkulonline.com	9335	2026-08-09
billboard.com	78378	2026-08-09
billingsgazette.com	78736	2026-08-09
billoreilly.com	13089	2026-07-15
binnews.com	24675	2026-08-07
biodiversitylibrary.org	16519	2026-02-24
biofuelsdigest.com	15476	2025-01-23
biomassmagazine.com	8971	2026-08-07
biometricupdate.com	15473	2026-08-08
biopharmadive.com	7294	2026-08-09
bioprepwatch.com	17621	2026-04-10
biospace.com	7263	2026-02-19
biospectrumindia.com	13694	2026-06-05
birminghammail.co.uk	302027	2026-08-09
birminghamstar.com	26068	2026-08-09
birminghamtimes.com	7698	2026-08-08
bismarcktribune.com	61946	2026-08-08
bizcommunity.com	67507	2026-08-08
bizenglish.adaderana.lk	6999	2026-02-24
bizjournals.com	49218	2022-06-19
biznews.com	18108	2026-08-09
bizpacreview.com	42842	2023-09-06
biztimes.com	15443	2026-08-08
biztoc.com	1997950	2026-01-16
bizwest.com	12184	2026-08-09
bjpenn.com	32085	2026-08-09
bjreview.com	30990	2026-08-07
bjreview.com.cn	17631	2026-08-07
bkreader.com	8037	2026-08-09
blabbermouth.net	16076	2026-08-05
blackamericaweb.com	15152	2026-08-09
blackandteal.com	6252	2026-08-09
blackenterprise.com	37909	2026-08-09
blackhillsfox.com	13340	2024-07-01
blacklistednews.com	9929	2024-08-07
blackpoolgazette.co.uk	23696	2025-01-23
blackseagrain.net	7057	2022-02-09
blayneychronicle.com.au	52639	2026-08-09
blazersedge.com	12695	2026-08-09
blazin1023.com	6117	2026-08-09
bleachernation.com	41095	2025-03-05
bleacherreport.com	64411	2026-08-09
bleedcubbieblue.com	14690	2026-08-09
bleedingcool.com	111116	2026-08-09
bleedinggreennation.com	12129	2026-08-09
blessyouboys.com	6172	2026-08-09
blingee.com	5682	2024-06-04
blockislandtimes.com	5515	2026-08-07
bloggingdirty.com	5877	2026-08-09
bloggingtheboys.com	20265	2026-08-09
blogherald.com	5722	2026-08-05
blogspot.com	5351	2026-08-09
blogto.com	32346	2026-07-14
bloodhorse.com	32112	2026-08-09
bloody-disgusting.com	23757	2026-08-05
bloodyelbow.com	28845	2025-10-06
blooloop.com	11763	2026-08-07
bloomberg.com	168406	2026-06-22
bloombergquint.com	20998	2022-05-05
bluebirdbanter.com	6151	2026-08-09
bluemountaineagle.com	23910	2026-08-08
bluemountainsgazette.com.au	61792	2026-08-09
bluenc.com	5047	2026-06-30
blueprint.ng	90765	2026-08-09
blueridgenow.com	8748	2023-09-11
blueshirtbanter.com	5266	2026-08-09
blufftonicon.com	12270	2026-08-09
bmj.com	33556	2025-11-26
bmmagazine.co.uk	8794	2026-08-09
bmwblog.com	9690	2026-08-09
bnamericas.com	16560	2026-03-31
bnd.com	5862	2024-07-27
bnn-news.com	13531	2026-08-07
bnnbloomberg.ca	257441	2026-08-09
bobfm.co.uk	10062	2026-08-07
bocanewsnow.com	5949	2026-08-09
boersennews.de	6899	2026-08-04
bognor.co.uk	5973	2022-02-10
boingboing.net	31870	2026-08-09
boisestatepublicradio.org	34972	2026-08-08
bold.dk	10137	2026-08-07
bolivarmonews.com	5199	2026-08-04
bollywoodhungama.com	50492	2026-08-09
bollywoodlife.com	8083	2026-02-16
bollywoodmantra.com	5165	2023-06-01
bolnews.com	8267	2025-12-08
bonappetit.com	6421	2026-08-09
bondbuyer.com	14739	2026-08-07
boom1019.com	6594	2026-08-07
boom997.com	6626	2026-06-23
boorowanewsonline.com.au	17537	2026-08-06
boothbayregister.com	32149	2026-08-09
bordermail.com.au	98609	2026-08-09
bordertelegraph.com	97380	2026-08-09
borderwatch.com.au	7562	2026-05-05
boredpanda.com	389643	2026-08-09
borehamwoodtimes.co.uk	112915	2026-08-09
borgenproject.org	5567	2026-07-28
borneobulletin.com.bn	79107	2025-04-28
boston.com	66334	2026-08-09
bostonglobe.com	145893	2026-08-09
bostonherald.com	59469	2026-08-09
bostonstar.com	109639	2026-08-09
bournemouthecho.co.uk	163745	2026-08-09
bowenislandundercurrent.com	61387	2025-09-05
boxden.com	78610	2024-10-17
boxinginsider.com	5636	2026-08-09
boxingnews24.com	12627	2026-07-17
boxingnewsonline.net	11431	2026-08-09
bozemandailychronicle.com	158689	2026-08-09
bozemanskissfm.com	14971	2026-08-07
bozone.com	14260	2026-08-09
bpr.org	23840	2023-01-31
bracknellnews.co.uk	101481	2026-08-09
bradfordera.com	74101	2026-08-09
braidwoodtimes.com.au	52161	2026-08-09
brainerddispatch.com	57456	2026-08-09
braintreeandwithamtimes.co.uk	134980	2026-08-09
bramptonguardian.com	12718	2026-08-09
brandonsun.com	68476	2026-08-09
bransontrilakesnews.com	46698	2026-08-08
brantfordexpositor.ca	43569	2026-08-09
bravenewcoin.com	10406	2026-08-09
bravotv.com	9777	2026-08-09
brazilsun.com	50510	2026-08-09
breakingbelizenews.com	7788	2026-03-19
breakingdefense.com	13611	2026-08-07
breakingnews.ie	106880	2026-08-09
breakingtravelnews.com	13060	2023-08-26
brecorder.com	74251	2026-02-23
breitbart.com	291086	2026-08-09
brentwoodlive.co.uk	113918	2026-08-09
bridgemi.com	11058	2026-08-07
bridgwatermercury.co.uk	97606	2026-08-09
bridportnews.co.uk	103599	2026-08-09
briefingwire.com	80911	2026-08-09
brightonandhovenews.org	10650	2026-08-09
brightontoday.ca	9026	2026-08-09
brightsideofthesun.com	8624	2026-08-09
bringmethenews.com	15509	2023-09-18
brisbanetimes.com.au	237229	2026-08-09
bristol247.com	10749	2025-11-19
bristolpost.co.uk	128806	2026-08-09
britainnews.net	66655	2026-08-09
britannica.com	21901	2025-11-12
broadbandtvnews.com	6237	2026-06-17
broadcastnow.co.uk	13529	2025-09-04
broadwayworld.com	55810	2026-05-08
brobible.com	14850	2026-08-09
brokernews.com.au	7233	2026-08-07
bromsgroveadvertiser.co.uk	109267	2026-08-09
bromsgrovestandard.co.uk	14882	2026-08-09
brookingsradio.com	22093	2026-08-06
brooklyneagle.com	14334	2026-08-09
brooklynpaper.com	8980	2026-08-09
brooklynvegan.com	36525	2026-08-09
broomfieldenterprise.com	12877	2026-08-09
browndailyherald.com	7373	2026-08-06
brownfieldagnews.com	10795	2026-07-31
brownsvilleherald.com	16485	2021-03-17
brownwoodnews.com	17647	2026-08-09
brudirect.com	25319	2026-08-08
bruneinews.net	77568	2026-08-09
bryantimes.com	56596	2026-08-09
bssnews.net	154682	2026-08-09
bu.edu	6149	2026-08-06
bubblear.com	10892	2026-08-09
buccaneers.com	6447	2026-08-09
buckscountycouriertimes.com	10343	2023-01-24
bucksfreepress.co.uk	121623	2026-08-09
bucksherald.co.uk	12536	2025-01-23
bucksinsider.com	8630	2026-08-09
bucyrustelegraphforum.com	5927	2023-09-11
budapesttimes.hu	10572	2026-08-09
buenosairesherald.com	5315	2026-08-09
buffalobulletin.com	11413	2026-08-07
buffalonews.com	138704	2026-08-09
buffalorising.com	5936	2026-08-08
buildersmerchantsnews.co.uk	5547	2026-08-07
building.co.uk	13478	2025-09-05
bulawayo24.com	61056	2026-08-09
bulgariagazette.com	6870	2025-09-26
bulletsforever.com	7183	2026-08-09
bunburymail.com.au	103628	2026-08-09
bundesliga.com	7612	2026-08-09
burlingtoncountytimes.com	11222	2023-09-11
burlingtonfreepress.com	5470	2023-09-11
burnabynow.com	71750	2025-08-01
burnham-on-sea.com	16865	2026-08-09
burnhamandhighbridgeweeklynews.co.uk	94221	2026-08-09
burnleyexpress.net	21025	2025-01-23
burntorangenation.com	7148	2026-08-09
bursa.ro	5863	2026-08-09
burytimes.co.uk	160182	2026-08-09
business-humanrights.org	10731	2026-07-29
business-review.eu	17906	2026-08-07
business2community.com	14783	2026-08-07
businessdailyafrica.com	40818	2026-08-09
businessday.co.za	10816	2026-08-09
businessdayghana.com	7847	2026-08-07
businessden.com	5238	2026-08-07
businessghana.com	145071	2026-08-09
businessgreen.com	18293	2026-07-17
businessincameroon.com	6645	2026-08-07
businessinsider.co.za	8106	2023-02-28
businessinsider.com	347642	2026-08-09
businessinsider.com.au	24044	2023-10-12
businessinsider.in	71647	2025-01-13
businessinsurance.com	9730	2026-08-07
businesslive.co.za	10121	2025-10-13
businessmirror.com.ph	121961	2025-05-14
businessnorth.com	9298	2026-08-08
businessoffashion.com	15909	2026-06-29
businesspost.ie	34692	2026-08-08
businessrecord.com	20810	2024-01-04
businessreport.com	7859	2026-08-07
businesstech.co.za	9105	2022-09-28
businesstimes.com.sg	77815	2026-08-09
businesstoday.in	166122	2026-08-09
businesstraveller.com	10762	2025-01-23
businesstravelnewseurope.com	7049	2026-04-06
businesswire.com	90653	2023-04-18
businesswireindia.com	12266	2026-05-18
businessworld.in	33533	2026-07-15
busseltonmail.com.au	44472	2026-07-27
butlereagle.com	56973	2026-08-09
buxtonadvertiser.co.uk	12680	2025-01-23
buzzfeed.com	86778	2026-08-09
buzzfeednews.com	7389	2026-01-01
bwog.com	16085	2026-08-08
bworldonline.com	87497	2026-08-09
bxr.com	9088	2026-08-08
byronnews.com.au	34848	2021-04-28
byu.edu	6000	2026-07-15
c-mw.net	6283	2026-08-08
c21media.net	26240	2026-08-07
cachevalleydaily.com	17401	2026-08-09
cadforum.cz	13531	2026-08-09
cadillacnews.com	32135	2026-08-09
cagesideseats.com	41934	2026-08-09
cagle.com	21449	2025-01-23
cairnspost.com.au	243455	2026-08-09
cairoscene.com	22260	2026-08-09
caixinglobal.com	24303	2026-06-08
cajnewsafrica.com	6542	2026-08-08
cajunradio.com	15805	2026-08-07
calaverasenterprise.com	5038	2026-08-07
calcoastnews.com	8431	2026-08-09
calculatedriskblog.com	14512	2026-01-12
calcuttanews.net	160182	2026-08-09
caledoncitizen.com	5850	2026-08-06
caledonenterprise.com	5464	2026-08-09
caledoniacourier.com	26208	2026-08-09
caledonianrecord.com	173683	2026-08-09
calgary.ctvnews.ca	30489	2025-01-23
calgaryherald.com	50584	2026-08-09
calgarysun.com	71341	2026-08-09
californianewswire.com	7883	2026-08-07
californiatelegraph.com	149014	2026-08-09
caller.com	7121	2023-09-11
callnewspapers.com	5383	2026-08-06
cambodiantimes.com	149083	2026-08-09
cambrian-news.co.uk	20405	2026-08-09
cambridge-news.co.uk	74670	2026-08-09
cambridge.org	7026	2026-03-01
cambridgetimes.ca	9436	2026-08-09
cambstimes.co.uk	39001	2026-08-09
camdencourier.com.au	51088	2026-08-09
cameroon-tribune.cm	14426	2026-08-09
campaignasia.com	8422	2026-08-07
campaignbrief.com	14318	2026-08-07
campaignindia.in	10122	2026-08-07
campaignlive.co.uk	25986	2026-08-07
campaignseries.co.uk	10186	2023-02-07
campbellrivermirror.com	31798	2026-08-09
campbeltowncourier.co.uk	5717	2024-01-25
campusreform.org	7013	2026-01-05
canada.com	38456	2026-08-07
canadafreepress.com	33147	2025-07-27
canadiancattlemen.ca	6469	2026-08-06
canadianinquirer.net	16099	2026-08-08
canadianlawyermag.com	6438	2026-08-07
canadianmanufacturing.com	8979	2026-08-07
canadianminingjournal.com	9547	2026-08-07
canadianreviewer.com	8966	2026-08-05
canadianunderwriter.ca	6526	2026-07-14
canberratimes.com.au	121360	2026-08-09
cancertherapyadvisor.com	7496	2026-08-07
candgnews.com	14261	2026-08-09
canindia.com	45226	2025-11-20
canoncitydailyrecord.com	26443	2026-08-09
canowindranews.com.au	25736	2024-09-09
cantechletter.com	20754	2026-05-12
cantondailyledger.com	5834	2023-09-10
cantonrep.com	17009	2023-09-11
canyon-news.com	11629	2026-08-08
capeandislands.org	39731	2026-08-09
capebretonpost.com	23307	2020-11-12
capecod.com	13012	2026-08-09
capecodtimes.com	12400	2023-09-11
capegazette.com	20535	2026-01-06
capenews.net	14495	2026-08-07
capetalk.co.za	25547	2024-01-15
capitalethiopia.com	14687	2026-08-09
capitalfm.co.ke	57451	2026-06-15
capitalfm.com	9928	2026-08-08
capitalgazette.com	79770	2026-08-09
capitalpress.com	17355	2026-08-08
capitolfax.com	17515	2026-08-07
capitolhillseattle.com	5959	2026-02-16
capjournal.com	17533	2026-08-09
capradio.org	38709	2026-08-08
captivasanibel.com	12328	2026-08-07
carandbike.com	12268	2026-07-15
caranddriver.com	11328	2026-08-09
carbon-pulse.com	17777	2025-08-13
carbuzz.com	51544	2026-08-09
cardinalcourieronline.com	10292	2026-02-05
careerindia.com	9269	2026-06-26
caribbeanherald.com	60956	2026-08-09
caribjournal.com	6572	2026-08-09
carletonvilleherald.com	12062	2023-10-11
carlow-nationalist.ie	61394	2026-08-09
carlyleobserver.com	30710	2021-07-29
carmagazine.co.uk	5290	2026-08-07
carnegieendowment.org	5340	2026-08-06
carnewschina.com	6047	2026-08-09
carolinacoastonline.com	26626	2026-08-09
carolinajournal.com	10761	2026-08-07
carrollspaper.com	39712	2026-08-08
carscoops.com	52913	2026-08-09
carsguide.com.au	6540	2025-03-31
carsonnow.org	134054	2026-08-09
cartermatt.com	27960	2026-05-08
cartoonbrew.com	5094	2026-08-07
casino.org	7003	2026-08-09
castanet.net	188887	2023-11-21
castanetkamloops.net	72748	2026-08-09
castlegarsource.com	6182	2026-08-05
catcountry1029.com	17359	2026-08-08
catcountry1073.com	50773	2026-08-09
catholic.org	9621	2026-06-29
catholicculture.org	29284	2026-08-08
catholicnewsagency.com	11036	2026-01-23
catholicphilly.com	8669	2026-08-07
catholicregister.org	7459	2026-08-09
catholicworldreport.com	32761	2026-08-09
caughtoffside.com	49456	2026-08-09
cavalierdaily.com	9459	2026-08-09
cbc.bb	19751	2026-08-09
cbc.ca	373002	2026-08-09
cbn.com	24971	2026-08-09
cbr.com	25341	2023-10-27
cbs12.com	44044	2026-08-09
cbs19.tv	57735	2026-06-06
cbs2iowa.com	40805	2026-08-09
cbs46.com	9757	2022-03-01
cbs4indy.com	5543	2024-08-20
cbs4local.com	40739	2026-08-09
cbs58.com	75278	2026-08-09
cbs6albany.com	40425	2026-08-09
cbs7.com	10489	2024-08-12
cbs8.com	55118	2026-06-05
cbsnews.com	210069	2026-08-09
ccenterdispatch.com	18399	2026-03-06
ccm.net	10814	2025-04-02
cdapress.com	22984	2026-08-09
cdispatch.com	19282	2026-08-08
cecildaily.com	19176	2026-08-09
cedarnews.net	5062	2026-07-26
cei.int	6571	2026-08-08
celebdirtylaundry.com	48266	2026-08-09
celebuzz.com	5937	2026-06-26
cemnet.com	10908	2026-08-07
centralasiatimes.com	32620	2026-08-09
centralchronicle.com	29979	2026-03-24
centraljersey.com	19200	2025-05-26
centralmaine.com	97561	2026-08-09
centralmoinfo.com	31980	2026-08-09
centraltelegraph.com.au	20824	2020-06-29
centralwesterndaily.com.au	63573	2026-08-09
centreforaviation.com	24653	2026-08-09
cessnockadvertiser.com.au	59335	2026-08-09
cfnrfm.ca	9656	2026-07-09
cfox.com	10911	2026-08-04
cfr.org	7997	2026-08-09
cfweradio.ca	6764	2026-08-08
cgtn.com	15100	2025-08-27
chad.co.uk	20199	2025-01-23
chaffeecountytimes.com	8024	2026-08-08
chalkbeat.org	8212	2026-08-06
championnewspapers.com	6090	2026-08-08
channel3000.com	131314	2026-08-09
channel4.com	20311	2026-08-09
channel5belize.com	19313	2025-05-24
channelafrica.co.za	14128	2026-08-09
channeleye.co.uk	5515	2024-08-12
channelnewsasia.com	177093	2026-08-09
channelstv.com	88519	2026-08-04
channelweb.co.uk	5809	2025-04-17
chanute.com	28949	2026-08-01
chapelboro.com	20147	2026-06-24
chardandilminsternews.co.uk	94955	2026-08-09
charismamag.com	18512	2023-07-17
charismanews.com	12185	2025-08-02
charkoosta.com	6530	2026-08-08
charlestoncitypaper.com	8254	2026-08-09
charlotteobserver.com	9913	2024-07-31
charter97.org	70754	2026-03-02
chathamdailynews.ca	47123	2026-08-09
chathamstartribune.com	10790	2026-08-08
chathamthisweek.com	37069	2026-03-13
chattanoogan.com	81265	2026-08-09
chattooga1180.com	11894	2026-07-31
chch.com	21904	2026-08-09
cheatsheet.com	28644	2026-03-18
cheboygannews.com	5551	2023-09-10
cheknews.ca	18769	2026-08-09
chelmsfordweeklynews.co.uk	114804	2026-08-09
chemeurope.com	7866	2026-08-07
chennaionline.com	16984	2026-08-09
cherokeephoenix.org	8487	2026-08-09
chessbase.com	10266	2026-08-09
chesterstandard.co.uk	153016	2026-08-09
chiangraitimes.com	23064	2026-08-09
chicagobusiness.com	22332	2026-07-06
chicagocrusader.com	8281	2026-08-08
chicagonow.com	9019	2022-08-18
chicagotribune.com	160031	2026-08-09
chichester.co.uk	7095	2022-02-10
chickashanews.com	6097	2026-08-06
chicoer.com	23171	2026-08-09
chieftain.com	9189	2023-09-11
chilecomparte.cl	24504	2026-08-09
chimpreports.com	14690	2026-08-09
china.org.cn	183261	2026-08-09
chinadaily.com.cn	587472	2026-08-09
chinadailyhk.com	10481	2025-01-27
chinadigitaltimes.net	8017	2026-06-05
chinafile.com	8463	2026-08-05
chinamil.com.cn	21283	2026-08-09
chinanationalnews.com	150903	2026-08-09
chinatechnews.com	8820	2026-08-09
chinaview.cn	30639	2026-03-19
chinookobserver.com	7932	2026-08-09
chipchick.com	22920	2026-08-09
chippewa.com	57920	2026-08-09
chorleycitizen.co.uk	18568	2023-02-07
chortle.co.uk	17592	2026-08-09
chosun.com	17595	2024-09-12
chrisd.ca	7646	2026-08-09
christianitydaily.com	5106	2026-08-08
christianitytoday.com	10564	2026-08-09
christiannewswire.com	6497	2026-08-08
christianpost.com	71830	2026-08-09
christiantoday.com	5231	2026-08-09
chron.com	549721	2025-11-18
chronicle-tribune.com	10379	2026-08-09
chronicle.co.zw	47194	2025-01-23
chronicle.com	5109	2025-11-18
chronicle.gi	7306	2026-03-17
chronicle.lu	34482	2026-08-08
chroniclejournal.com	67887	2026-08-09
chroniclelive.co.uk	132164	2026-08-09
chronicleonline.com	75029	2026-08-08
chronicletimes.com	5591	2026-08-07
chronline.com	36286	2026-08-09
chronogram.com	7625	2026-08-09
chvnradio.com	25306	2026-08-09
cinaradio.com	5567	2026-08-09
cincinnati.com	30235	2024-10-21
cincinnatimagazine.com	5725	2026-08-07
cincinnatisun.com	43447	2026-08-09
cincyjungle.com	14005	2026-08-09
cinemablend.com	84401	2026-08-09
cineuropa.net	5310	2022-08-20
cineuropa.org	28824	2026-03-27
cio.com	12010	2026-01-20
circlevilleherald.com	6551	2026-08-09
cisnfm.com	10132	2026-08-04
cities929.com	14683	2026-08-08
citizen-times.com	8165	2023-09-11
citizen.co.za	98818	2026-08-09
citizen.digital	7318	2026-02-22
citizen.on.ca	6403	2026-08-06
citizensvoice.com	55910	2026-08-09
citr.ca	5040	2025-11-02
city-countyobserver.com	15742	2026-01-31
cityam.com	60629	2026-08-09
citybeat.com	10354	2025-01-22
cityfarmer.info	5105	2026-08-09
citynews.com.au	18100	2025-09-04
citywatchla.com	9162	2026-08-09
cityweekly.net	5861	2026-08-06
citywireselector.com	7388	2022-10-19
civilbeat.org	8501	2026-07-26
civilserviceworld.com	7047	2026-08-09
civilsociety.co.uk	5963	2026-08-07
cjhk.ca	7829	2026-03-03
cjls.com	6152	2026-04-07
cjme.com	30900	2026-08-09
cjonline.com	13533	2023-09-11
cjoy.com	8910	2023-12-05
ckbw.ca	8373	2026-03-02
ckdr.net	10129	2025-10-01
ckfm.ca	6389	2024-05-10
ckom.com	31612	2026-08-09
ckua.com	10353	2026-08-09
ckxsfm.com	11544	2026-08-07
clactonandfrintongazette.co.uk	145519	2026-08-09
claimsjournal.com	13070	2026-08-07
clare.fm	24938	2026-08-09
clarechampion.ie	10179	2026-08-09
clareherald.com	7750	2026-08-09
claremoreprogress.com	7659	2026-08-09
clarionledger.com	9660	2023-09-11
clarksvillenow.com	13743	2026-08-09
clarksvilleonline.com	21811	2026-08-09
classic107.com	13309	2026-08-09
classiccountry1070.com	6263	2024-02-24
classichits925.com	10023	2026-08-07
classicrock1051.com	16764	2024-04-27
classicrock1069.com	5507	2022-01-10
classicrock961.com	31902	2026-08-09
classy100.com	35854	2026-08-09
claytodayonline.com	6567	2026-08-09
cleantechnica.com	34366	2026-08-09
clearwatertimes.com	29109	2026-08-09
clemsontigers.com	5715	2026-06-23
cleveland.com	30463	2026-03-09
cleveland19.com	47796	2026-08-09
clevelandbanner.com	12006	2026-08-09
clevelandbrowns.com	5434	2026-08-09
clevelandjewishnews.com	83929	2026-08-09
clevelandstar.com	113978	2026-08-09
clevescene.com	11163	2026-08-07
clichemag.com	14258	2026-08-07
click2houston.com	98069	2026-08-09
clickondetroit.com	160215	2026-08-09
clickorlando.com	133224	2026-08-09
clickthecity.com	7274	2025-10-21
clinicaladvisor.com	6577	2026-08-07
clinicalleader.com	7407	2026-08-08
clintonherald.com	38737	2026-08-09
clintonnewsrecord.com	22971	2026-08-09
closerweekly.com	6547	2026-08-09
cloverdalereporter.com	34523	2026-08-09
cltampa.com	9620	2026-08-08
club937.com	24871	2026-08-08
clutchpoints.com	38968	2026-06-13
clydebankpost.co.uk	100987	2026-08-09
cmcmarkets.com	5856	2026-03-09
cmo.com.au	5228	2024-01-20
cnbc.com	131145	2026-08-09
cnbcafrica.com	21294	2026-08-07
cnbctv18.com	7702	2026-03-19
cnet.com	450426	2026-08-09
cnn.com	297748	2026-08-09
cnnphilippines.com	80976	2024-01-29
cnsnews.com	60537	2025-08-26
cntraveler.com	6315	2026-08-09
cntraveller.com	5412	2026-08-09
cnweekly.com	12207	2021-07-26
cnycentral.com	31650	2026-08-09
cnynews.com	18827	2026-08-09
coast1009.com	20301	2026-08-09
coast931.com	5282	2026-08-08
coast973.com	8714	2026-08-08
coastalcourier.com	5632	2026-08-09
coastaldigest.com	19050	2026-07-27
coastalnewstoday.com	14623	2024-01-03
coastalpoint.com	6332	2026-08-07
coastalradio.ca	7173	2026-08-07
coastfm.co.uk	11110	2025-01-27
coastreporter.net	84071	2025-09-09
cobrapost.com	11720	2026-08-08
cochranetimes.com	8979	2026-08-09
cochranetimespost.ca	49587	2026-08-09
cochranetoday.ca	8500	2023-01-30
coffscoastadvocate.com.au	43733	2021-03-24
cogconnected.com	10409	2026-08-09
coincommunity.com	144852	2026-04-03
coindesk.com	30576	2026-08-09
coinspeaker.com	33240	2026-08-08
cointelegraph.com	42037	2026-08-09
coinweek.com	7781	2026-06-04
coladaily.com	8916	2026-08-05
coldlakesun.com	12925	2026-08-09
collider.com	118804	2026-08-09
colombogazette.com	9203	2026-08-09
colombopage.com	20989	2023-11-30
coloradoan.com	6487	2023-09-11
coloradohometownweekly.com	15493	2026-08-09
coloradopolitics.com	6290	2026-03-19
coloradostar.com	40275	2026-08-09
columbiadailyherald.com	9127	2023-09-11
columbiagorgenews.com	18116	2026-08-06
columbiamissourian.com	27667	2026-08-09
columbian.com	103671	2026-08-09
columbiatribune.com	10247	2023-09-11
columbustelegram.com	53548	2026-08-08
combatpress.com	12174	2026-08-09
comicbook.com	186587	2026-08-09
comicbookmovie.com	27457	2026-08-09
comicsbeat.com	10732	2026-07-30
comingsoon.net	57182	2026-08-09
commercial-news.com	14601	2026-08-09
commercialappeal.com	11594	2023-09-11
commercialmotor.com	5370	2026-06-03
commercialobserver.com	12411	2026-08-09
comminit.com	8001	2026-07-10
commodityonline.com	27788	2025-02-12
commonsnews.org	7904	2023-06-14
communityadvocate.com	6637	2026-08-08
communityimpact.com	19614	2026-07-01
communitynewspapergroup.com	19893	2026-08-08
communitynewspapers.com	13226	2026-08-04
communityni.org	5202	2022-02-11
communitypress.ca	38218	2026-06-22
comoxvalleyrecord.com	33002	2026-08-09
complex.com	21892	2026-08-09
complianceweek.com	5472	2026-08-07
compositesworld.com	8788	2026-08-07
compsmag.com	6764	2024-03-22
computerweekly.com	39216	2026-07-31
computerworld.com	10895	2026-08-07
computing.co.uk	8424	2026-06-22
comunicati.net	56760	2022-02-08
con-telegraph.ie	56779	2026-08-09
concordmonitor.com	32238	2026-08-09
conference-news.co.uk	7599	2026-08-07
connachttribune.ie	15670	2026-02-24
connectionnewspapers.com	8914	2026-08-06
connectradio.fm	20093	2026-08-09
connectsavannah.com	7554	2026-08-09
connexionfrance.com	28119	2026-08-09
consilium.europa.eu	24508	2024-07-15
consortiumnews.com	5331	2026-08-08
constructiondive.com	7503	2026-08-09
constructionenquirer.com	5767	2026-08-07
constructionequipment.com	5169	2026-08-07
constructionequipmentguide.com	6389	2025-03-03
constructionnews.co.uk	14601	2026-08-07
constructionweekonline.com	8096	2024-07-13
consumerelectronicsnet.com	16079	2024-02-09
conwaydailysun.com	20417	2026-08-06
cookingchanneltv.com	5605	2023-03-29
cookislandsnews.com	10521	2026-08-08
cool987fm.com	12191	2026-08-07
coolsocial.net	9498	2023-01-16
coolum-news.com.au	20346	2020-06-29
coosavalleynews.com	9772	2026-08-09
cootamundraherald.com.au	37499	2026-08-09
corkindependent.com	9151	2026-08-07
cornell.edu	7633	2026-08-07
cornellsun.com	8656	2026-08-08
cornwalllive.com	6249	2026-08-05
cornwallseawaynews.com	24191	2026-08-09
coronadonewsca.com	13274	2026-08-08
corsicanadailysun.com	23446	2026-08-09
corvallisadvocate.com	6088	2026-08-08
cosmeticsandtoiletries.com	7465	2026-02-10
cosmopolitan.com	67800	2026-08-09
cosmosmagazine.com	9093	2025-10-20
cotswoldjournal.co.uk	102233	2026-08-09
countercurrents.org	21930	2026-08-09
counterpunch.org	23855	2026-07-18
country-guide.ca	5855	2025-05-21
country104.com	8331	2026-07-30
country105.com	10298	2026-07-27
country1053.ca	9597	2025-05-20
country93.ca	8557	2026-07-18
country94.ca	14854	2025-12-08
countrylife.co.uk	9396	2026-08-09
countryliving.com	9643	2026-08-09
countypress.co.uk	139359	2026-08-09
countytimes.co.uk	117707	2026-08-09
countyweeklynews.ca	37959	2026-06-22
courant.com	101709	2026-08-09
courier-journal.com	18161	2023-09-11
courier-tribune.com	11367	2026-08-08
courierjournal.net	8618	2026-08-07
couriermail.com.au	182103	2024-07-31
couriernews.com	67013	2026-08-09
courierpostonline.com	8906	2023-09-11
courierpress.com	8075	2023-09-11
courthousenews.com	44459	2026-07-16
coventryobserver.co.uk	11150	2026-08-09
coventrytelegraph.net	99279	2026-08-09
covers.com	36830	2026-08-08
covnews.com	5838	2026-08-08
cowboystatedaily.com	5388	2026-07-12
cowichanvalleycitizen.com	33509	2026-08-09
cowraguardian.com.au	27304	2026-08-07
cp24.com	105003	2026-08-09
cpac.ca	6601	2024-12-16
cpapracticeadvisor.com	11461	2026-08-07
cpbj.com	8732	2026-06-04
cpfc.co.uk	5012	2026-06-25
cphpost.dk	7973	2026-08-08
cpr.org	13301	2026-02-25
cqnews.com.au	44410	2021-04-28
cracked.com	30921	2026-08-09
craigdailypress.com	6420	2026-08-09
crainscleveland.com	13200	2026-06-18
crainsdetroit.com	16510	2026-03-31
crainsnewyork.com	16163	2026-03-16
cranbrooktownsman.com	29890	2026-08-09
crash.net	33634	2026-08-09
cravenherald.co.uk	154287	2026-08-09
crawleyobserver.co.uk	5858	2022-02-09
creativebloq.com	12672	2026-08-09
creativereview.co.uk	5161	2026-07-15
crescent-news.com	29305	2026-08-08
crestonnews.com	7132	2026-08-07
crestviewbulletin.com	6232	2026-08-07
crikey.com.au	14177	2026-08-09
crimeonline.com	7164	2026-03-18
crn.com	11293	2026-08-09
crn.com.au	12364	2026-08-07
crooksandliars.com	40365	2026-08-09
crookstontimes.com	5681	2025-01-30
crookwellgazette.com.au	69335	2026-08-09
crossmap.com	32205	2026-08-09
crossrhythms.co.uk	6720	2026-08-08
crossville-chronicle.com	27497	2026-08-09
crowrivermedia.com	50371	2025-10-29
cruisehive.com	9551	2026-08-09
cruiseindustrynews.com	7311	2026-08-09
crunchyroll.com	15924	2023-01-31
cruxnow.com	13821	2026-08-09
csindy.com	6448	2025-04-21
csmonitor.com	24997	2026-08-09
csoonline.com	10187	2026-08-07
csrwire.com	8038	2026-08-07
ctgtribune.com	15346	2025-06-01
ctmirror.org	12544	2026-08-09
ctnewsjunkie.com	5507	2026-08-07
ctpost.com	162446	2025-10-26
ctpublic.org	7913	2026-03-18
ctvnews.ca	171361	2026-08-05
cubaheadlines.com	39555	2026-08-09
cubbiescrib.com	5861	2026-08-09
cuinsight.com	19885	2025-07-09
cullmantimes.com	10076	2026-08-07
cultofmac.com	9015	2026-08-09
culturemap.com	33146	2026-08-08
cumberlink.com	50523	2026-08-08
cumbriacrack.com	30229	2025-01-23
curacaochronicle.com	8932	2026-08-07
curbed.com	6099	2026-08-06
curetoday.com	6790	2026-02-12
currentargus.com	8970	2026-08-08
cwtv.com	5674	2026-08-08
cypnow.co.uk	6355	2026-06-19
cyprus-mail.com	80851	2026-08-09
dabangasudan.org	7100	2026-08-06
dagblog.com	50779	2025-10-13
daijiworld.com	141849	2026-03-16
daily-chronicle.com	8022	2020-12-17
daily-jeff.com	8203	2023-09-11
daily-journal.com	20849	2025-02-04
daily-sun.com	38361	2025-12-09
daily-times.com	5025	2023-09-10
daily-tribune.com	7472	2026-08-09
dailyadvance.com	56493	2026-08-09
dailyadvertiser.com.au	84661	2026-08-09
dailyadvocate.com	12256	2025-05-15
dailyamerican.com	13653	2023-09-11
dailyastorian.com	12429	2026-08-09
dailybreeze.com	48161	2026-08-09
dailybruin.com	6676	2026-08-09
dailybulldog.com	9642	2026-08-09
dailybulletin.com	45890	2026-08-09
dailycal.org	22284	2026-08-07
dailycaller.com	104832	2026-08-09
dailycamera.com	42489	2026-08-09
dailycampus.com	6502	2026-07-17
dailycardinal.com	7785	2026-08-07
dailycitizen.news	13575	2025-02-06
dailycomet.com	6054	2023-09-11
dailycommercial.com	9991	2023-09-11
dailydemocrat.com	13351	2026-08-09
dailydispatch.co.za	8282	2026-08-09
dailydot.com	46018	2026-08-09
dailyecho.co.uk	169826	2026-08-09
dailyemerald.com	6792	2026-08-08
dailyexaminer.com.au	42309	2021-03-24
dailyexcelsior.com	183621	2026-08-09
dailyexpress.com.my	91331	2026-07-01
dailyforex.com	11616	2026-08-07
dailyfreeman.com	44432	2026-08-09
dailyfx.com	24052	2024-08-30
dailygalaxy.com	9804	2026-08-09
dailygazette.com	82546	2026-08-09
dailyherald.com	120389	2025-09-08
dailyheraldtribune.com	14007	2026-08-09
dailyhive.com	64048	2026-08-09
dailyindependent.com	35816	2026-08-09
dailyinterlake.com	13446	2026-06-11
dailyiowegian.com	6412	2020-05-27
dailyitem.com	53341	2026-08-09
dailyjournal.net	102260	2025-05-15
dailyjournalonline.com	42993	2026-08-09
dailykos.com	179588	2026-08-09
dailyliberal.com.au	88831	2026-08-09
dailylocal.com	52156	2026-08-09
dailymail.co.uk	1278695	2026-04-21
dailymail.com	40995	2026-08-09
dailymaverick.co.za	79137	2026-08-09
dailymercury.com.au	49265	2021-06-23
dailymirror.lk	58466	2026-08-09
dailynebraskan.com	5279	2026-08-07
dailynews.co.th	6843	2023-07-05
dailynews.co.tz	14659	2026-08-09
dailynews.co.zw	16548	2026-08-09
dailynews.com	54852	2026-08-09
dailynews.lk	33827	2023-12-29
dailynewsegypt.com	14118	2025-01-26
dailynexus.com	5762	2026-08-06
dailynorseman.com	10567	2026-08-09
dailynorthwestern.com	11969	2026-08-07
dailyorange.com	9932	2025-02-23
dailypakistan.com.pk	17801	2026-08-09
dailypioneer.com	79992	2026-08-09
dailypolitical.com	622402	2026-08-09
dailypost.co.uk	92957	2026-08-09
dailypost.ng	282612	2026-08-09
dailypost.vu	15801	2026-08-08
dailypostathenian.com	20487	2026-08-08
dailypress.com	77346	2026-08-09
dailypress.net	23177	2026-08-08
dailyprincetonian.com	7849	2026-07-30
dailyprogress.com	57707	2026-08-07
dailyrecord.co.uk	306528	2026-08-09
dailyrecord.com	9244	2023-09-11
dailyrecordnews.com	22541	2026-08-09
dailyreporter.com	8550	2026-06-03
dailyrepublic.com	89584	2026-08-09
dailyridge.com	17971	2026-08-09
dailysabah.com	63676	2026-08-09
dailysentinel.com	5526	2026-08-08
dailysignal.com	26348	2026-07-17
dailystar.co.uk	318570	2026-08-09
dailystar.com.lb	7273	2025-09-29
dailystarjournal.com	8779	2020-11-25
dailysun.co.za	30224	2022-09-11
dailytarheel.com	10006	2026-07-13
dailytelegraph.com.au	163773	2024-07-31
dailythepatriot.com	16962	2026-08-07
dailytimes.com	17631	2026-08-07
dailytimes.com.pk	142364	2026-06-25
dailytrib.com	6686	2026-08-08
dailytribune.com	25590	2025-11-05
dailytrojan.com	8998	2026-08-03
dailytrust.com	68990	2026-08-09
dailytrust.com.ng	21882	2021-06-24
dailyunion.com	23986	2026-08-09
dailyuw.com	7176	2026-07-13
dailyvoice.com	184665	2026-07-03
dailyworld.com	5461	2023-09-11
dakotanewsnow.com	19311	2026-08-09
dakotawarcollege.com	8792	2026-08-08
dallascowboys.com	10758	2026-08-09
dallasnews.com	51183	2026-04-01
dallasobserver.com	9831	2026-08-08
dallassun.com	121134	2026-08-09
dallasvoice.com	8259	2026-08-07
daltonsbusiness.com	5648	2026-07-19
danspapers.com	9505	2026-08-09
darientimes.com	58921	2025-08-31
darkhorizons.com	21577	2026-08-09
darkreading.com	13187	2025-02-20
darlingtonandstocktontimes.co.uk	107027	2026-08-09
datacenterdynamics.com	18830	2025-06-14
datacenterknowledge.com	5742	2026-08-08
daventryexpress.co.uk	10264	2025-01-23
davisenterprise.com	22885	2026-08-09
dawgpounddaily.com	5220	2026-08-09
dawn.com	261252	2026-07-20
dayton.com	5431	2024-09-04
daytonatimes.com	5404	2026-08-07
daytondailynews.com	54504	2026-08-09
dazebaonews.it	6505	2026-01-15
dazeddigital.com	18044	2026-08-09
dcourier.com	8783	2026-08-09
dcvelocity.com	5139	2026-08-07
deadline.com	163691	2026-08-09
deadlinedetroit.com	11393	2026-08-09
dealstreetasia.com	38760	2026-08-09
decanter.com	5469	2026-08-09
decaturdaily.com	47257	2026-08-09
decaturish.com	6881	2026-08-08
deccanchronicle.com	129143	2026-08-09
deccanherald.com	64357	2026-03-15
decider.com	34961	2026-08-09
defence.pk	18327	2026-05-12
defenceweb.co.za	15498	2026-08-07
defensenews.com	12172	2026-08-07
defenseone.com	8854	2026-08-07
defenseworld.net	60871	2026-04-30
defpen.com	12269	2026-08-09
dekhnews.com	5202	2025-04-11
delano.lu	6113	2025-01-11
delaware.gov	8949	2026-08-07
delawareonline.com	12601	2023-09-11
delawarepublic.org	48395	2026-08-09
delawarestatenews.net	5676	2021-02-16
delcotimes.com	59710	2026-08-09
delgazette.com	6444	2025-04-15
delmartimes.net	6342	2024-06-13
delmarvanow.com	6603	2023-09-11
delphosherald.com	5222	2026-08-05
delrionewsherald.com	10116	2021-01-22
delta-optimist.com	64492	2025-01-23
democracynow.org	35223	2026-08-07
democratandchronicle.com	9032	2023-09-11
democratherald.com	58495	2026-08-06
denbighshirefreepress.co.uk	108200	2026-08-09
denofgeek.com	8748	2026-08-07
dentonrc.com	31369	2026-08-09
denverbroncos.com	6301	2026-08-09
denverpost.com	52128	2026-08-09
derbyshiretimes.co.uk	23955	2025-01-23
derbytelegraph.co.uk	84058	2026-08-09
derryjournal.com	15278	2025-01-23
derrynow.com	41481	2026-05-21
deseret.com	38925	2026-08-09
desertsun.com	11610	2023-09-11
desiblitz.com	16833	2026-08-09
design-reuse.com	8285	2026-08-06
designboom.com	20306	2026-08-09
designnews.com	5853	2024-12-01
designyoutrust.com	5791	2026-08-08
desimartini.com	34149	2025-02-18
desmoinesregister.com	26539	2023-09-11
desototimes.com	5535	2026-08-07
destructoid.com	24027	2026-07-04
detroitnews.com	45794	2023-09-11
devdiscourse.com	137412	2026-07-03
developingtelecoms.com	14852	2026-08-07
devilslakejournal.com	6012	2026-08-07
devondispatch.ca	15876	2026-08-09
devonlive.com	9630	2026-06-20
dewsburyreporter.co.uk	12517	2025-01-23
dezeen.com	26904	2026-07-31
dfnionline.com	9987	2026-08-07
dglobe.com	30723	2026-08-09
dhakacourier.com.bd	8121	2026-08-08
dhakatribune.com	28341	2026-03-10
dhal3.com	7635	2026-08-09
diamonds.net	8812	2024-06-24
dicardiology.com	6340	2026-08-07
digg.com	24784	2026-07-25
diginomica.com	7199	2026-07-16
digit.in	31256	2026-08-09
digitaljournal.com	194857	2026-08-09
digitalsignagetoday.com	5002	2026-08-07
digitalspy.com	86524	2026-08-09
digitaltrends.com	42336	2026-08-09
digitimes.com	29249	2026-08-09
dinamalar.com	35340	2026-07-04
directorstalkinterviews.com	29266	2026-08-04
discoverairdrie.com	16543	2026-08-09
discoverestevan.com	19114	2026-08-09
discovermagazine.com	18473	2026-07-15
dispatch.com	35521	2023-09-11
dispatchlive.co.za	30383	2025-01-25
dissexpress.co.uk	19696	2026-08-09
dissidentvoice.org	9623	2026-03-22
divyabhaskar.co.in	28982	2026-08-07
diymag.com	10849	2026-08-07
djc.com	37097	2026-08-07
djcoregon.com	5745	2026-06-03
djmag.com	11863	2026-08-07
djournal.com	77414	2026-08-09
dl-online.com	30605	2026-08-09
dmagazine.com	16552	2026-08-09
dmnews.com	5287	2026-07-31
dnaindia.com	180911	2026-01-23
dnd.com.pk	16558	2026-08-09
dnews.com	30143	2026-08-09
dnj.com	6738	2023-09-11
dodgeglobe.com	8477	2026-08-08
domain-b.com	5307	2026-07-14
dominicanrepublicpost.com	23086	2026-08-09
dominicantoday.com	14574	2026-08-09
doncasterfreepress.co.uk	24323	2025-01-23
donegallive.ie	27845	2026-05-20
donegalnews.com	16243	2026-08-08
doorcountydailynews.com	7941	2026-08-09
dorsetecho.co.uk	152921	2026-08-09
dose.ca	14494	2026-08-09
dothaneagle.com	63503	2026-08-08
dotnews.com	7844	2026-08-07
douglas-budget.com	37018	2026-08-07
downtoearth.org.in	20324	2026-08-09
drapersonline.com	18361	2026-08-07
draytonvalleywesternreview.com	14844	2026-08-09
drbicuspid.com	11808	2025-10-30
dreadcentral.com	17199	2026-08-09
dredgingtoday.com	11447	2026-08-07
drgnews.com	26038	2026-08-09
drive.com.au	41233	2026-05-31
driving.ca	14412	2026-08-09
droid-life.com	7652	2026-08-08
droitwichadvertiser.co.uk	19310	2021-05-03
droitwichstandard.co.uk	9800	2026-08-09
drudge.com	18197	2026-08-09
drugstorenews.com	5369	2025-09-08
dslreports.com	19516	2025-02-26
dtinews.vn	5601	2023-07-17
dtnext.in	7229	2024-12-16
dtnpf.com	9878	2026-08-09
dualshockers.com	27448	2026-08-09
dubaicityguide.com	7003	2026-08-08
dublinlive.ie	7571	2026-03-11
dudleynews.co.uk	127669	2026-08-09
duke.edu	6267	2026-08-07
duke.fm	22472	2026-08-07
dukechronicle.com	8423	2026-07-09
dukefmduluth.com	7915	2025-03-18
duluthnewstribune.com	64180	2026-08-09
dumbartonreporter.co.uk	88552	2026-08-09
duncanbanner.com	13317	2026-08-09
dundalkdemocrat.ie	56109	2026-05-14
dunfermlinepress.com	103020	2026-08-09
dungogchronicle.com.au	54699	2026-08-09
dunmowbroadcast.co.uk	30478	2026-08-09
dunyanews.tv	150122	2026-08-09
dupagepolicyjournal.com	21655	2026-08-09
dupontregistry.com	7662	2026-01-09
durangoherald.com	95892	2026-08-09
durhamregion.com	23930	2026-08-09
dutchnews.nl	21797	2026-08-07
dvidshub.net	16259	2025-01-26
dw.com	120791	2026-08-09
dwell.com	7046	2026-08-07
dynamicbusiness.com	6020	2026-08-09
e-flux.com	10174	2026-08-07
e-know.ca	17612	2026-08-09
eacourier.com	9858	2026-08-09
eadt.co.uk	137513	2026-08-09
eaglecountryonline.com	9210	2026-08-07
eagledayton.com	8951	2026-08-09
eaglesanantonio.com	8682	2026-08-09
eagletimes.com	12955	2025-11-19
eagletribune.com	126011	2026-08-09
ealingtimes.co.uk	113584	2026-08-09
earthquake-report.com	9134	2025-07-21
earthquakenewstoday.com	63211	2025-12-30
earthsky.org	5389	2026-08-09
eastbayri.com	9471	2026-08-09
eastbaytimes.com	76549	2026-08-09
eastbourneherald.co.uk	6199	2022-02-09
eastcountymagazine.org	18708	2026-08-09
easternmirrornagaland.com	36779	2026-07-27
easternontarionetwork.com	44622	2026-06-15
easternriverinachronicle.com.au	93372	2026-08-09
eastidahonews.com	45732	2026-07-09
eastlondonadvertiser.co.uk	35735	2026-08-09
eastlothiancourier.com	105719	2026-08-09
eastoregonian.com	24017	2026-08-09
easttexasradio.com	16468	2026-08-08
eastvalleytribune.com	5853	2026-08-09
easy93.com	5313	2025-06-14
easyreadernews.com	7295	2026-07-25
eater.com	24919	2026-08-07
eaworldview.com	6791	2026-08-09
ebar.com	17369	2025-01-23
ecb.europa.eu	5683	2026-08-07
echo-news.co.uk	175874	2026-08-09
echo.net.au	11542	2025-01-23
echolive.ie	58868	2026-08-09
echonews.com.au	18377	2020-06-29
echopress.com	33551	2026-08-08
ecns.cn	39072	2026-08-03
eco-business.com	11640	2026-08-07
ecofinagency.com	6427	2026-03-19
econintersect.com	7938	2025-01-23
economist.com	30787	2025-09-05
economynext.com	6721	2026-02-28
econotimes.com	89151	2026-08-09
ecr.co.za	44524	2026-08-09
ed.fm	9450	2026-08-09
edenmagnet.com.au	80542	2026-08-09
edge.ca	11072	2026-08-04
edie.net	8412	2025-01-23
editorandpublisher.com	17309	2026-08-09
editorinleaf.com	5247	2026-08-09
edmonton.ctvnews.ca	26612	2025-01-23
edmontonexaminer.com	22667	2026-06-29
edmontonjournal.com	36795	2026-08-09
edmontonsun.com	72587	2026-08-09
edp24.co.uk	176216	2026-08-09
edsource.org	6670	2026-06-24
educationtimes.com	10986	2026-08-09
edweek.org	5624	2026-06-03
eejournal.com	10537	2026-08-07
eenadu.net	5152	2026-08-08
eenews.net	41610	2026-08-07
efe.com	19085	2026-04-15
effinghamdailynews.com	16848	2026-08-07
effinghamradio.com	11379	2026-08-09
efinancialcareers.com	6106	2026-08-07
egyptindependent.com	18966	2026-08-09
eham.net	20228	2026-08-09
ehfcl.com	251751	2020-08-27
einnews.com	148652	2024-06-01
ejpress.org	6032	2026-08-06
ekathimerini.com	5808	2020-04-10
el-balad.com	197068	2026-08-09
elclasificado.com	8848	2026-07-16
eldoradonews.com	14228	2026-08-09
electric949.com	7895	2026-08-07
electronicsweekly.com	19078	2026-08-07
electropages.com	10849	2026-08-07
elitedaily.com	16079	2026-08-08
elitetraveler.com	5239	2026-08-09
elkharttruth.com	19143	2026-08-08
elkodaily.com	54354	2026-08-09
elle.com	21722	2026-08-09
elliotlakestandard.ca	47239	2026-08-09
ellsworthamerican.com	9358	2026-08-09
ellwoodcityledger.com	6226	2023-09-11
elmwoodparkschools.org	17893	2022-03-02
elpais.com	24253	2026-08-09
elpasoinc.com	106689	2026-08-09
elpasotimes.com	10448	2023-09-11
elwakt.com	34770	2024-06-08
elystandard.co.uk	39743	2026-08-09
emarketer.com	5597	2026-08-04
emirates247.com	15362	2026-06-10
emissourian.com	13520	2025-09-01
emmetsburgnews.com	5120	2026-08-06
empireofthekop.com	17774	2026-08-09
empireonline.com	11672	2026-08-08
emporiagazette.com	25607	2026-08-09
empr.com	10789	2026-08-07
ems1.com	12724	2026-08-09
en.apa.az	69891	2026-08-09
en.ce.cn	31641	2026-08-09
en.dangcongsan.vn	5991	2024-10-12
en.gmw.cn	7405	2025-07-02
en.kremlin.ru	5586	2026-08-08
en.people.cn	121448	2026-08-09
en.portnews.ru	5371	2026-03-08
en.qantara.de	10657	2023-10-26
en.qdnd.vn	9658	2026-03-18
en.tempo.co	45710	2026-08-09
en.trend.az	72164	2025-07-09
en.vietnamplus.vn	79240	2026-03-16
enca.com	64535	2026-08-09
endocrinologyadvisor.com	7834	2026-08-07
energeticcity.ca	21691	2026-07-21
energy-pedia.com	23341	2026-08-09
energy-storage.news	7853	2026-08-07
energy953.com	10401	2026-08-06
energycentral.com	24116	2025-05-30
energyfm.net	6729	2026-07-31
energyglobal.com	7447	2025-12-09
energyvoice.com	5581	2025-01-10
enewschannels.com	7279	2026-08-07
enewscourier.com	16043	2026-08-09
enfieldindependent.co.uk	95886	2026-08-09
eng.belta.by	41337	2026-03-10
eng.kavkaz-uzel.eu	7417	2026-08-09
eng.lsm.lv	5866	2025-01-02
engadget.com	46702	2026-08-09
engineering.com	5838	2026-08-07
engineeringnews.co.za	38488	2026-07-31
english.news.cn	290726	2026-08-09
english.pravda.ru	7558	2026-08-08
english.radio.cz	19588	2026-08-09
english.republika.mk	10713	2026-08-09
english.vov.vn	15732	2026-03-16
english.wafa.ps	187315	2026-08-09
enidnews.com	38907	2026-08-09
enn.com	13847	2026-08-07
enr.com	5411	2026-08-09
enrsi.rtvs.sk	5287	2025-01-19
enstarz.com	28044	2026-08-09
enterprisenews.com	7137	2023-09-11
enterprisepub.com	5411	2026-08-07
entornointeligente.com	10140	2026-07-30
entrepreneur.com	10008	2026-08-08
envirotech-online.com	5000	2025-08-14
enviweb.cz	6581	2026-07-14
eonline.com	83429	2026-08-09
ephotozine.com	35871	2025-11-18
eppingforestguardian.co.uk	96820	2026-08-09
eptrail.com	12199	2026-08-09
epw.in	9740	2026-08-08
equibase.com	25375	2026-04-29
equipmentworld.com	5145	2026-05-28
equitybulls.com	74933	2026-08-09
erienewsnow.com	92772	2026-08-09
escapistmagazine.com	8261	2026-06-09
esmmagazine.com	10988	2026-08-09
espn.com	59087	2026-03-19
esquire.com	30260	2026-08-09
essence.com	30981	2026-07-07
essexlive.news	5571	2026-07-02
estevanmercury.ca	31586	2021-07-29
etcanada.com	13319	2023-10-30
eteknix.com	18269	2026-08-09
etfdailynews.com	228558	2025-10-07
etftrends.com	32437	2026-08-03
ethanolproducer.com	7991	2026-08-08
etnow.com	11085	2026-08-07
etonline.com	71395	2026-03-25
eturbonews.com	153793	2026-06-28
eugenedailynews.com	6102	2024-08-21
euobserver.com	13265	2026-08-09
euractiv.com	39817	2026-01-22
eurasiareview.com	40474	2026-08-07
eurekalert.org	75600	2026-08-07
eureporter.co	11352	2026-06-18
euro-petrole.com	8101	2026-08-09
eurogamer.net	42536	2026-08-09
euronews.com	107865	2026-08-09
europapress.es	8999	2026-08-03
europeanpharmaceuticalreview.com	5123	2026-03-26
europeantour.com	5282	2025-06-12
europesun.com	175006	2026-08-09
eurovoix.com	11406	2026-08-08
euroweeklynews.com	6756	2026-03-19
eurweb.com	31422	2026-08-09
evanstonnow.com	9132	2026-08-08
eveningexpress.co.uk	107905	2021-11-08
eveningnews24.co.uk	102088	2026-08-09
eveningtelegraph.co.uk	66368	2021-09-22
eveningtimes.co.uk	5790	2023-03-07
eveningtribune.com	7512	2023-09-11
eventhubs.com	16122	2026-08-08
evertiq.com	8431	2026-08-07
everydayhealth.com	6808	2026-08-08
everything2.com	36374	2026-01-01
eveshamjournal.co.uk	111009	2026-08-09
evo.co.uk	5644	2026-08-09
ew.com	37810	2026-03-17
ewn.co.za	107759	2026-08-09
ewnews.com	5168	2023-02-02
ewrestlingnews.com	80712	2025-07-14
examiner.com.au	81481	2026-08-09
examiner.net	9531	2026-08-07
excelsio.net	6983	2026-08-04
exchangerates.org.uk	12962	2025-11-03
exclaim.ca	27419	2026-08-08
executivebiz.com	8654	2026-08-07
executivegov.com	9092	2026-08-08
exetertoday.ca	10023	2026-08-09
expatforum.com	5471	2026-01-22
expertclick.com	11527	2026-08-07
expertreviews.co.uk	10151	2026-08-07
exploreseiowa.com	26330	2026-03-30
explosion.com	5408	2026-08-09
express.co.uk	394584	2026-08-09
expressandstar.com	67218	2026-03-26
expressnews.com	67773	2025-08-28
extra.ie	5396	2026-03-14
extralunchmoney.com	14998	2024-09-26
extratime.com	7732	2025-09-09
extratv.com	6028	2026-08-06
extremetech.com	8332	2025-01-22
eyeonannapolis.net	17252	2026-08-09
eyeontaiwan.com	5141	2023-03-22
eyeradio.org	16613	2026-08-09
f4wonline.com	33565	2026-08-09
faceofmalawi.com	45001	2026-08-08
fairfaxtimes.com	10917	2026-08-08
fairfieldcitizenonline.com	69732	2022-03-01
fairfieldsuntimes.com	44495	2026-08-09
fairmontsentinel.com	9751	2026-08-08
fairviewpost.com	13147	2026-08-09
falkirkherald.co.uk	16511	2025-01-23
falmouthpacket.co.uk	132719	2026-08-09
famagusta-gazette.com	18052	2025-12-06
familydestinationsguide.com	9807	2026-03-19
famoushookups.com	22648	2025-04-17
fandompost.com	49898	2026-08-09
fangoria.com	7995	2026-07-30
fangraphs.com	27017	2026-08-09
fansided.com	53002	2026-08-09
fantasypros.com	7629	2025-08-19
faribaultcountyregister.com	16126	2026-08-09
fark.com	5825	2026-07-15
farmersjournal.ie	50487	2026-08-07
farminglife.com	11464	2025-01-23
farminguk.com	14415	2026-08-09
farmprogress.com	14728	2024-08-06
farmweekly.com.au	35732	2026-08-09
fastcasual.com	9412	2026-08-07
fastcompany.com	6912	2026-06-28
fauquier.com	6245	2026-07-30
fauquiernow.com	6526	2026-08-07
fayettetribune.com	6232	2026-08-07
fayobserver.com	12278	2023-09-11
faz.net	6154	2026-08-07
fbcnews.com.fj	8735	2026-03-19
fbherald.com	33793	2026-08-08
fdlreporter.com	8392	2023-09-11
feedstuffs.com	9101	2024-11-15
femalefirst.co.uk	37702	2026-08-09
femina.in	9237	2026-08-09
fenlandcitizen.co.uk	21039	2026-08-09
fermanaghherald.com	9419	2026-08-09
fftimes.com	8988	2026-08-06
fhtimes.com	12758	2026-08-09
fibre2fashion.com	15979	2026-06-02
fiercebiotech.com	5682	2026-06-16
fiercepharma.com	5605	2026-06-19
fifetoday.co.uk	14548	2025-01-23
fijilive.com	17738	2025-04-23
fijisun.com.fj	16870	2026-08-09
fijitimes.com	45574	2023-11-30
fijivillage.com	47515	2026-08-09
file770.com	21123	2026-08-08
fillmorecountyjournal.com	7701	2026-08-03
film-news.co.uk	52044	2026-08-09
filmfare.com	23192	2026-08-09
filmibeat.com	48806	2026-08-09
fin24.com	6131	2020-06-05
finance-commerce.com	15997	2026-06-03
financial-news.co.uk	12001	2026-08-08
financial-planning.com	11114	2026-08-07
financialbuzz.com	18207	2025-09-03
financialcontent.com	219371	2026-08-09
financialexpress.com	186827	2026-07-15
financialpost.com	51609	2026-08-08
financialstandard.com.au	7425	2025-01-23
finanzen.ch	36508	2026-08-08
finanzen.net	5403	2026-07-29
finanznachrichten.de	773751	2026-08-09
finchannel.com	6188	2026-08-09
finextra.com	9191	2025-12-08
fingerlakes1.com	61483	2026-08-09
finsmes.com	35430	2025-06-09
firehouse.com	7436	2026-08-08
firerescue1.com	12060	2026-08-09
firetrench.com	6866	2021-10-26
firstalert4.com	20340	2026-08-09
firstalert7.com	5747	2026-08-09
firstcoastnews.com	63319	2026-06-05
firstcomicsnews.com	20559	2026-07-28
firstlightradio.com	26626	2024-02-14
firstpost.com	146450	2026-03-17
firstshowing.net	12277	2026-08-09
fitsnews.com	6163	2026-08-08
fitzhugh.ca	40958	2025-08-29
flaglerlive.com	13630	2026-08-09
flagpole.com	6054	2026-05-20
flanews.com	6192	2025-11-07
flcourier.com	8143	2026-08-08
fleetnews.co.uk	7396	2026-07-24
fleetworld.co.uk	7041	2026-08-07
flickeringmyth.com	32525	2026-08-09
flightglobal.com	22577	2026-08-07
floppingaces.net	14162	2026-02-11
floridanewswire.com	8792	2026-08-06
floridapolitics.com	10589	2026-04-06
floridastatesman.com	62423	2026-08-09
floridatoday.com	13611	2023-09-11
floridatrend.com	5376	2026-08-07
floridaweekly.com	15833	2026-08-09
floydct.com	16030	2026-08-09
fltimes.com	23218	2026-08-09
fly92.com	5290	2026-08-07
flyingmag.com	9396	2026-08-08
fm104.ie	17226	2026-08-08
fm96.com	8099	2026-08-04
fm99.com	5832	2026-08-09
fnarena.com	17895	2026-06-17
focusdailynews.com	6989	2026-08-08
focustaiwan.tw	60096	2026-08-09
fohonline.com	5339	2026-08-08
fonearena.com	18863	2026-08-08
fontanaheraldnews.com	11923	2026-08-05
foodandwine.com	5391	2026-02-23
foodbev.com	9534	2026-08-09
fooddive.com	7103	2026-08-09
foodista.com	14756	2026-08-05
foodmanufacture.co.uk	7513	2026-08-07
foodnavigator-usa.com	7309	2026-07-08
foodnavigator.com	7221	2026-08-07
foodsafetynews.com	5195	2026-08-09
fool.ca	50441	2026-06-04
fool.co.uk	40206	2026-05-12
fool.com	364274	2026-08-09
fool.com.au	49200	2026-06-04
football.london	13513	2023-02-02
football365.com	5098	2023-02-02
footwearnews.com	13853	2025-05-13
forbes.com	620906	2026-08-09
forbesadvocate.com.au	27321	2026-08-09
forbesindia.com	9610	2026-08-07
forcechange.com	8201	2026-08-09
forconstructionpros.com	13234	2025-12-29
ford-trucks.com	36815	2025-08-25
foreignaffairs.co.nz	50515	2025-01-23
foreignpolicy.com	16746	2026-08-09
forexcrunch.com	25695	2026-02-02
forexlive.com	77319	2025-07-19
forextv.com	134608	2025-08-05
forimmediaterelease.net	5657	2026-08-08
formula1.com	18016	2026-08-09
forsythnews.com	6907	2026-08-08
fortmcmurraytoday.com	14329	2026-08-09
fortmorgantimes.com	31486	2026-08-09
fortsaskatchewanrecord.com	15177	2026-08-09
fortune.com	44662	2026-08-09
fortworthbusiness.com	9171	2026-08-07
forward.com	24796	2026-08-08
fosters.com	9701	2023-09-11
foundry-planet.com	5165	2026-08-09
fourfourtwo.com	25669	2026-08-09
fox1023.com	18031	2026-08-03
fox10phoenix.com	90955	2026-08-09
fox10tv.com	35435	2026-08-09
fox11online.com	43948	2026-08-09
fox13memphis.com	39242	2026-08-09
fox13news.com	57754	2026-08-09
fox13now.com	35631	2026-08-08
fox13seattle.com	27173	2026-08-09
fox17.com	39464	2026-08-09
fox17online.com	63723	2026-08-09
fox19.com	38063	2026-08-09
fox21online.com	31754	2026-08-09
fox23.com	35428	2026-08-09
fox23maine.com	47560	2026-08-09
fox26houston.com	67777	2026-08-09
fox29.com	76160	2026-08-09
fox2detroit.com	55216	2026-08-09
fox2now.com	9453	2025-07-02
fox32chicago.com	89229	2026-08-09
fox34.com	27533	2026-08-09
fox35orlando.com	92754	2026-08-09
fox40.com	5235	2025-07-03
fox42kptm.com	8512	2026-08-09
fox43.com	71906	2026-06-25
fox4beaumont.com	31947	2026-08-09
fox4kc.com	7267	2025-07-02
fox4news.com	60241	2026-08-09
fox56.com	36766	2026-08-09
fox59.com	7441	2025-11-18
fox5atlanta.com	93283	2026-08-09
fox5dc.com	64208	2026-08-09
fox5ny.com	69721	2026-08-09
fox5vegas.com	24273	2026-08-09
fox61.com	63743	2026-06-06
fox6now.com	85139	2026-08-09
fox7austin.com	72940	2026-08-09
fox8.com	7734	2026-05-31
fox8live.com	31012	2026-08-09
fox8tv.com	13737	2026-08-07
fox9.com	54703	2026-08-09
fox969.com	19151	2026-08-09
foxbaltimore.com	47821	2026-08-09
foxbangor.com	61175	2026-08-09
foxbusiness.com	76816	2026-08-09
foxcarolina.com	31727	2026-08-09
foxcincinnati.com	9274	2026-08-09
foxillinois.com	29431	2026-08-09
foxla.com	68409	2026-08-09
foxnews.com	373678	2026-08-09
foxradiook.com	11446	2026-08-06
foxreno.com	31038	2026-08-09
foxrochester.com	27572	2026-08-09
foxsanantonio.com	48018	2026-08-09
foxsports.com.au	6342	2023-07-05
foxtel.com.au	12343	2026-06-23
foxwilmington.com	40157	2026-08-09
foxy99.com	13904	2026-08-09
france24.com	167191	2026-02-12
franklinfavorite.com	27525	2026-08-07
frasercoastchronicle.com.au	46313	2021-04-28
fredericknewspost.com	41817	2026-08-08
fredericksburg.com	57170	2026-08-08
freebeacon.com	20584	2026-08-09
freedom929.com	10242	2026-08-05
freedom95.us	6430	2026-08-07
freedom970.com	7959	2026-08-08
freemalaysiatoday.com	98435	2026-08-09
freep.com	46354	2024-06-25
freepressjournal.in	434936	2026-08-09
freepressseries.co.uk	91411	2026-08-09
freerepublic.com	480086	2026-08-09
freestonecountytimesonline.com	5226	2026-08-08
freethoughtblogs.com	6510	2026-08-09
freightwaves.com	6759	2026-01-21
freightweek.org	5202	2026-08-06
fremonttribune.com	72233	2026-08-08
freshfruitportal.com	9208	2026-08-08
freshplaza.com	82875	2026-07-27
fresnobee.com	5973	2024-07-17
frieze.com	5071	2026-01-28
froggy1003.com	11360	2026-08-09
froggy929.com	10680	2025-05-24
froggyweb.com	26658	2026-08-08
frontiersman.com	8569	2026-06-10
frontpageafricaonline.com	25698	2026-08-09
frontpagemag.com	21141	2026-05-29
fruitnet.com	10024	2025-09-04
ft.com	12476	2026-02-05
ft.lk	46829	2026-08-08
ftadviser.com	14770	2026-08-07
ftnnews.com	15128	2026-06-04
ftvlive.com	12874	2026-08-09
fudzilla.com	5476	2026-01-06
fukuoka-now.com	6060	2026-08-08
fultonsun.com	11402	2026-08-09
fun107.com	26534	2026-08-09
funds-europe.com	7755	2026-08-07
fundsforngos.org	23413	2026-08-07
funkytaurusmedia.com	145599	2026-08-09
furninfo.com	7158	2025-09-04
furnituretoday.com	11167	2026-06-04
futaa.com	15659	2020-11-27
futurity.org	10416	2026-08-07
fwi.co.uk	19248	2026-08-09
fwweekly.com	5662	2026-08-09
fxempire.com	10506	2026-03-09
fxstreet.com	125442	2026-03-05
gadget.co.za	6897	2026-08-06
gadgetsmagazine.com.ph	6133	2026-08-08
gadsdentimes.com	8135	2023-09-11
gainesville.com	15883	2023-09-11
gainesvilleregister.com	6865	2026-08-07
gainesvilletimes.com	11318	2026-08-07
galesburg.com	6937	2023-09-11
galusaustralis.com	7671	2020-08-18
galvnews.com	41914	2026-08-09
galwaybayfm.ie	21688	2026-08-09
gamasutra.com	12921	2022-06-24
gamenguide.com	6710	2026-08-07
gamepur.com	22146	2024-08-14
gamerant.com	132116	2026-08-09
gameranx.com	19177	2026-08-07
gamereactor.eu	24460	2026-08-09
gamerevolution.com	10455	2026-07-19
gamesindustry.biz	19213	2026-08-07
gamespot.com	45822	2026-01-20
gamesradar.com	64347	2026-08-09
gamewatcher.com	5200	2026-08-06
gamingbolt.com	19266	2026-08-09
gamingintelligence.com	5152	2026-08-07
gananoquereporter.com	39901	2026-08-09
ganggreennation.com	8392	2026-08-08
gardenandgun.com	5180	2026-08-07
garoweonline.com	7803	2026-08-09
gasgoo.com	16074	2026-08-09
gastongazette.com	9600	2023-09-11
gasworld.com	10705	2026-05-24
gator995.com	17724	2026-08-08
gattonstar.com.au	44798	2021-04-28
gaytimes.co.uk	10016	2024-05-06
gazetaexpress.com	24763	2026-08-05
gazette-news.co.uk	146887	2026-08-09
gazette.com	190103	2026-08-09
gazetteandherald.co.uk	119486	2026-08-09
gazetteherald.co.uk	143433	2026-08-09
gazettejournal.net	6280	2026-08-05
gazettelive.co.uk	92040	2026-08-09
gazettenet.com	36867	2026-08-09
gazetteseries.co.uk	117236	2026-08-09
gazettetimes.com	49347	2026-08-06
gazettextra.com	53717	2026-08-09
gbtribune.com	12985	2026-08-07
gcaptain.com	19293	2026-08-09
gcmaz.com	12801	2026-08-09
gctelegram.com	8450	2026-07-20
gdnonline.com	169472	2026-08-09
gds.ro	6100	2024-11-05
gearjunkie.com	12032	2026-08-08
geekwire.com	12997	2026-08-09
geeky-gadgets.com	48247	2026-08-09
geekzone.co.nz	7229	2026-08-09
geelongadvertiser.com.au	107008	2026-08-09
geneamusings.com	8305	2026-08-09
genengnews.com	9392	2026-06-04
geneticliteracyproject.org	10187	2026-03-20
geo.tv	153633	2026-08-09
geograph.org.uk	6215	2024-07-13
georgeherald.com	32229	2026-08-09
georgiatoday.ge	15319	2026-08-08
geosuper.tv	34533	2026-08-09
getreading.co.uk	50971	2024-05-03
getreligion.org	6582	2024-02-02
getsurrey.co.uk	88519	2026-08-09
gettysburgtimes.com	31494	2026-08-08
ggrasia.com	7764	2026-06-29
ghanafa.org	6583	2026-08-09
ghanaiantimes.com.gh	42166	2026-08-08
ghanamma.com	121225	2026-08-09
ghananewsagency.org	7849	2020-05-06
ghanaweb.com	247740	2026-03-03
ghettoradio.co.ke	9871	2026-08-09
giants.com	7499	2026-08-08
gigulate.com	36126	2026-05-21
gigwise.com	5491	2026-08-09
gillettenewsrecord.com	39454	2026-08-08
gilmermirror.com	24491	2026-08-09
giornaledibrescia.it	8277	2026-04-11
girlslife.com	6565	2026-08-09
gisborneherald.co.nz	15364	2025-02-04
gisuser.com	10177	2026-08-09
github.com	10382	2026-08-09
gizbot.com	5744	2026-07-23
gizchina.com	41076	2026-08-09
gizmochina.com	11012	2026-03-19
gizmodo.co.uk	9499	2020-09-09
gizmodo.com	55471	2026-08-09
gizmodo.com.au	32551	2024-07-11
gjsentinel.com	107075	2026-08-09
gladstoneobserver.com.au	52613	2021-06-23
glamour.com	14825	2026-08-09
glamsham.com	61363	2026-08-08
glasgowtimes.co.uk	191731	2026-08-09
glasgowworld.com	9356	2025-01-23
glassonweb.com	8977	2026-08-08
gleninnesexaminer.com.au	46220	2026-08-09
glidemagazine.com	8396	2026-08-09
globalcapital.com	15451	2025-10-20
globalcement.com	8076	2026-08-07
globalissues.org	9947	2026-08-09
globalnews.ca	151277	2026-08-09
globalsecurity.org	144534	2026-08-09
globalsistersreport.org	5992	2026-08-08
globaltimes.cn	58338	2026-08-09
globalvoices.org	7037	2026-08-09
globegazette.com	55291	2026-08-08
globenewswire.com	285961	2025-11-14
globes.co.il	15624	2026-08-09
gloucesteradvocate.com.au	59774	2026-08-09
gloucestershirelive.co.uk	11049	2026-05-13
gloucestertimes.com	34315	2026-08-09
gmanetwork.com	22387	2026-07-19
gmatclub.com	29293	2025-11-20
gmauthority.com	17532	2025-11-18
gmenhq.com	6332	2026-08-09
gna.org.gh	11444	2026-02-22
gnnliberia.com	14017	2026-08-09
go.com	359868	2026-02-10
go955.com	17481	2024-10-08
goal.com	111252	2026-03-19
gobankingrates.com	23037	2026-08-06
gocomics.com	23592	2025-08-13
gocountry105.com	10869	2026-08-07
godanriver.com	49556	2026-08-04
goderichsignalstar.com	22866	2026-08-09
goerie.com	15023	2023-09-11
goldcoastbulletin.com.au	141462	2024-07-30
goldderby.com	20241	2026-08-09
goldseiten.de	22114	2026-03-23
golocalprov.com	16443	2026-07-21
goodereader.com	5416	2026-08-09
goodhousekeeping.com	17878	2026-08-09
goodmenproject.com	69387	2025-01-23
gopusa.com	16072	2025-01-21
gosanangelo.com	5421	2023-09-11
goshennews.com	83268	2026-08-09
goskagit.com	266998	2026-08-09
goss.ie	41578	2026-08-09
gossipcop.com	5937	2021-09-01
gothamist.com	22389	2026-08-09
goulburnpost.com.au	94471	2026-08-09
goupstate.com	13769	2026-05-17
gov.uk	110881	2026-08-07
govconwire.com	8546	2026-08-07
governing.com	13816	2026-08-09
governorswindenergycoalition.org	6990	2026-08-09
govexec.com	12326	2026-08-08
govinfosecurity.com	15864	2026-08-09
govtech.com	20792	2026-08-09
gowatertown.net	27312	2026-08-07
gpb.org	14943	2026-07-22
gponline.com	5504	2026-07-02
gq-magazine.co.uk	12431	2026-08-08
gq.co.za	5280	2026-08-09
gq.com	12737	2026-08-08
gqindia.com	9628	2026-08-09
grainews.ca	6978	2025-05-22
grandforksgazette.ca	28961	2026-08-09
grandforksherald.com	73355	2026-08-09
grandhaventribune.com	18612	2026-08-09
grandprix.com	9501	2026-08-07
grandprix247.com	19560	2026-08-09
grandrapidsmn.com	31726	2026-08-09
granthamjournal.co.uk	6444	2023-12-04
graphic.com.gh	61598	2026-08-09
gratefulweb.com	24367	2026-08-07
graziadaily.co.uk	5049	2026-02-03
grbj.com	6001	2023-04-15
greanvillepost.com	9077	2026-08-09
great98.net	10150	2022-09-19
greatbendpost.com	34759	2026-08-09
greaterbelize.com	5911	2026-08-09
greatfallstribune.com	6218	2023-09-08
greatlakesadvocate.com.au	59902	2026-08-09
greekcitytimes.com	18898	2026-03-10
greekherald.com	62453	2026-08-09
greekreporter.com	30344	2026-06-07
greeleytribune.com	36336	2026-08-09
greenbaypressgazette.com	11617	2023-09-11
greencarcongress.com	11692	2024-07-30
greenevillesun.com	19875	2026-08-09
greenfieldreporter.com	43235	2025-05-15
greenleft.org.au	8124	2026-08-07
greenocktelegraph.co.uk	127667	2026-08-09
greensboro.com	56339	2026-08-09
greensburgdailynews.com	40099	2026-08-09
greenvilleonline.com	6965	2023-09-11
greenwichfreepress.com	6987	2026-08-09
greenwichtime.com	135194	2025-06-12
grenadachronicle.com	18047	2026-08-09
grenfellrecord.com.au	26093	2026-08-07
grimsbytelegraph.co.uk	77282	2026-08-09
grmdaily.com	11485	2026-06-28
groove993.com	11369	2026-06-19
ground.news	19048	2025-01-25
groundup.org.za	8565	2026-08-07
gsmarena.com	43017	2026-08-09
guampdn.com	51497	2026-08-09
guardian-series.co.uk	97329	2026-08-09
guardian.co.tt	47696	2026-08-09
guardian.ng	78980	2026-04-05
guelphmercury.com	9828	2026-08-09
guernicamag.com	7443	2026-07-15
guernseypress.com	79878	2026-08-09
guitarworld.com	16867	2026-08-09
gulf-times.com	55555	2026-08-09
gulf104.com	21609	2026-08-09
gulfbusiness.com	19994	2026-04-03
gulfcoastmedia.com	7844	2026-08-07
gulfcoastnewsnow.com	24234	2026-08-09
gulfnews.com	195409	2026-08-09
gulftoday.ae	52129	2026-03-19
gulte.com	40367	2026-08-09
gurlstudio.com	5527	2023-02-20
gurufocus.com	19152	2026-07-11
guyanachronicle.com	6750	2020-07-23
gvnews.com	8897	2026-08-08
gwdtoday.com	125393	2025-11-04
gwhatchet.com	8643	2026-08-04
gwinnettdailypost.com	84615	2026-08-07
gx94radio.com	26206	2026-08-09
gympietimes.com.au	53769	2021-04-28
haaretz.com	64617	2026-08-09
haberx.com	6873	2025-09-08
habseyesontheprize.com	6572	2026-08-09
hackaday.com	10967	2026-08-09
hackneygazette.co.uk	29536	2026-08-09
haitilibre.com	9965	2026-08-09
haitisun.com	49279	2026-08-09
halesowennews.co.uk	140955	2026-08-09
halfwheel.com	11406	2026-08-09
halifax.citynews.ca	6698	2025-10-14
halifaxcourier.co.uk	18225	2025-01-23
haligonia.ca	5389	2026-08-07
hallmarknews.com	15913	2026-08-09
halsteadgazette.co.uk	123314	2026-08-09
hamhigh.co.uk	55589	2026-08-09
hamlethub.com	14685	2026-07-28
hamodia.com	8109	2023-02-02
hampshirechronicle.co.uk	147482	2026-08-09
hampshirereview.com	7488	2026-08-06
hancinema.net	58199	2026-07-28
hanfordsentinel.com	25412	2026-08-09
hani.co.kr	11542	2026-08-08
hannaherald.com	8820	2026-08-09
hannibal.net	11309	2026-08-07
hannity.com	16708	2026-08-05
hapakenya.com	9207	2026-08-07
hapblog.com	8337	2025-05-22
harboroughmail.co.uk	11120	2025-01-23
hardcoregamer.com	13269	2026-08-08
hardenexpress.com.au	46906	2026-08-09
hardwoodparoxysm.com	8999	2026-07-31
harnesslink.com	28200	2026-08-08
harpersbazaar.com	24867	2026-08-09
harringayonline.com	47037	2026-08-09
harrisondaily.com	22213	2026-08-08
harrogate-news.co.uk	6137	2026-08-09
harrogateadvertiser.co.uk	15619	2025-01-23
harrowtimes.co.uk	94864	2026-08-09
hartenergy.com	8026	2025-09-18
hartfordbusiness.com	20881	2026-08-08
hartfordcitynewstimes.com	37100	2026-08-05
hartlepoolmail.co.uk	13236	2025-01-23
harvard.edu	14259	2026-08-08
harwichandmanningtreestandard.co.uk	126506	2026-08-09
hauraki.co.nz	9239	2026-08-07
havanatimes.org	6788	2026-08-09
havasunews.com	36866	2026-08-09
havredailynews.com	12009	2026-07-19
hawaii.edu	8681	2026-08-09
hawaiinewsnow.com	43167	2026-08-09
hawaiipublicradio.org	26514	2026-08-09
hawaiitelegraph.com	123015	2026-08-09
hawaiitribune-herald.com	18838	2026-08-09
hawkesburygazette.com.au	56749	2025-07-28
hayspost.com	32484	2026-08-09
hazard-herald.com	28030	2026-08-09
hcamag.com	10051	2026-08-07
hccommunityjournal.com	9730	2026-08-09
hcplive.com	11811	2026-03-27
hd983.com	16151	2026-07-03
hdnews.net	6727	2026-08-02
headlineplanet.com	8701	2026-08-09
healio.com	38931	2026-08-08
health.com	6689	2026-03-17
healthcanal.com	7276	2025-02-04
healthcaredive.com	7782	2026-08-07
healthcarefinancenews.com	5465	2026-06-03
healthcareitnews.com	14929	2026-06-04
healthday.com	6668	2026-08-07
healthleadersmedia.com	15931	2026-06-30
heart.co.uk	21163	2026-08-07
heartfm.ca	13629	2026-08-07
heaven1460.com	9104	2026-07-20
heavy.com	23260	2026-06-18
hedgeweek.com	6175	2026-05-20
helenair.com	64048	2026-08-08
helihub.com	5597	2024-07-26
hellenicshippingnews.com	160775	2026-08-09
hellobeautiful.com	5387	2026-08-09
hellomagazine.com	106443	2026-08-09
helsinkitimes.fi	6420	2026-08-09
hemeltoday.co.uk	10711	2025-01-23
hendersondispatch.com	15994	2026-08-07
hendersonvillelightning.com	6335	2026-08-08
henleystandard.co.uk	10995	2026-08-09
henricocitizen.com	6023	2026-08-08
henryherald.com	63901	2026-08-05
hepburnadvocate.com.au	48551	2026-08-09
her.ie	53028	2026-06-26
herald-citizen.com	11560	2026-08-08
herald-dispatch.com	53386	2026-08-09
herald-review.com	67772	2026-08-09
herald-zeitung.com	14328	2026-08-08
herald.co.zw	61471	2025-01-23
heraldandnews.com	22991	2026-08-08
heraldbanner.com	8797	2026-08-09
heraldbulletin.com	61339	2026-08-09
heraldcourier.com	40943	2026-08-09
heralddemocrat.com	9152	2026-08-01
heraldextra.com	19596	2026-08-09
heraldglobe.com	151392	2026-08-09
heraldgoa.in	14837	2026-08-09
heraldlive.co.za	30798	2025-01-25
heraldmailmedia.com	43614	2023-09-11
heraldmalaysia.com	22801	2026-03-11
heraldnet.com	18250	2026-08-08
heraldnews.com	11208	2023-09-11
heraldpalladium.com	36492	2026-08-09
heraldscotland.com	146823	2026-08-09
heraldseries.co.uk	133948	2026-08-09
heraldstandard.com	19902	2026-08-08
heraldstaronline.com	20725	2026-08-08
heraldsun.com.au	122647	2024-07-31
heraldtribune.com	22337	2023-09-11
herefordtimes.com	67035	2026-08-09
heritage.org	39649	2026-08-03
heritagefl.com	10032	2026-08-06
hermistonherald.com	7580	2026-08-09
hertfordshiremercury.co.uk	22775	2025-11-04
hertsad.co.uk	38679	2026-08-09
hexham-courant.co.uk	129270	2026-08-09
hexus.net	6999	2025-02-25
hiawathaworldonline.com	37472	2026-07-27
hickoryrecord.com	49223	2026-08-08
hiddenremote.com	6492	2026-08-08
highlandcountypress.com	24339	2026-08-09
highlandradio.com	53815	2026-08-09
highrivertimes.com	9011	2026-08-09
highschoolot.com	5755	2026-06-09
highsnobiety.com	21896	2026-08-09
highway989.com	9762	2026-07-01
hillingdontimes.co.uk	119936	2026-08-09
hillsdale.net	5253	2023-09-11
hilltimes.com	8035	2026-08-09
hindi.cri.cn	10130	2026-08-09
hindustantimes.com	514821	2026-08-09
hiphopdx.com	39549	2026-05-18
hiphopnc.com	11718	2026-08-09
hiphopwired.com	11739	2026-08-08
hirunews.lk	7226	2026-03-05
history.com	12277	2026-08-09
historyextra.com	5302	2026-08-09
hitc.com	91036	2026-08-09
hitconsultant.net	9334	2026-08-07
hits1053sanantonio.com	6789	2026-08-09
hits96.com	18195	2026-08-07
hits973.com	9723	2026-08-08
hitsfm.net	44591	2026-08-09
hjnews.com	24630	2026-08-09
hltv.org	128348	2025-08-12
hngn.com	51353	2026-08-09
hngnews.com	43714	2026-08-09
hoganstand.com	26396	2026-08-09
hogshaven.com	9886	2026-08-09
hola.com	23968	2026-08-09
hollandsentinel.com	16685	2023-09-10
hollywoodlife.com	31576	2026-08-05
hollywoodreporter.com	70625	2026-08-09
homelandsecuritynewswire.com	9243	2026-08-08
homenewshere.com	66063	2026-08-09
homernews.com	5189	2026-08-08
hometownregister.com	115980	2026-08-09
hometownsource.com	76068	2026-08-09
hometownstation.com	24098	2026-08-09
hometownstations.com	72136	2026-08-09
hongkongherald.com	47020	2026-08-09
honisoit.com	6547	2026-08-09
honolulumagazine.com	9532	2026-08-09
hoodline.com	5815	2025-01-23
hopestandard.com	38373	2026-08-09
horseandhound.co.uk	18700	2026-08-09
hortweek.com	23116	2026-07-02
hospitalitydesign.com	5896	2026-08-07
hospitalitynet.org	56909	2026-06-29
hot101.com	10581	2026-08-08
hot1017.com	6653	2025-01-24
hot1029.com	15147	2026-08-07
hot1033.com	9337	2026-08-09
hot1047.com	28384	2026-08-09
hot105fm.com	7000	2026-08-07
hot1077radio.com	9029	2026-08-09
hot96.com	34718	2026-08-09
hot967.fm	5584	2023-03-17
hot967fm.com	26673	2026-08-08
hot969boston.com	25042	2026-08-09
hot97.com	17363	2026-08-08
hot975fm.com	16857	2026-08-09
hotair.com	91895	2026-08-09
hotaugusta.com	14846	2026-08-09
hotcountrybull.com	7573	2024-01-26
hoteliermiddleeast.com	7467	2023-03-21
hotelnewsresource.com	11059	2026-08-09
hotelscombined.com	5944	2026-08-08
hothardware.com	11598	2026-08-09
hotpress.com	15944	2026-08-09
hotspotatl.com	10833	2026-08-09
houmatoday.com	11760	2023-09-11
houseandgarden.co.uk	6341	2026-08-07
housebeautiful.com	11397	2026-08-08
housingwire.com	16309	2026-08-09
houstonchronicle.com	122357	2025-07-23
houstonherald.com	13168	2026-08-09
houstoniamag.com	5721	2026-08-06
houstonianonline.com	8919	2026-08-03
houstonpress.com	7709	2026-08-07
houstonpublicmedia.org	29310	2026-08-09
houstontexans.com	5282	2026-08-09
howestreet.com	10983	2026-08-09
howstuffworks.com	14191	2026-04-20
howtogeek.com	30495	2026-08-09
hpherald.com	5643	2026-08-07
hpj.com	14546	2026-08-09
hppr.org	49891	2026-08-09
hpr2.org	8519	2021-06-02
hrmagazine.co.uk	19243	2026-05-29
hrreporter.com	6715	2026-08-08
hrw.org	11966	2026-08-09
hsj.co.uk	13651	2025-09-05
htrnews.com	10229	2023-09-11
htsstlucia.org	6203	2026-08-08
htxt.co.za	12065	2026-08-07
hub-4.com	6238	2026-08-09
hubcityradio.com	7900	2026-08-09
hubspot.com	7694	2026-08-07
hucknalldispatch.co.uk	11608	2025-01-23
hudsoncountyview.com	10542	2026-08-09
hudsonreporter.com	7874	2026-04-24
hudsonstarobserver.com	6138	2026-08-08
hudsonvalley360.com	28171	2024-04-23
hudsonvalleycountry.com	43770	2026-08-09
huewire.com	25115	2026-07-10
huffingtonpost.ca	6676	2021-03-09
huffingtonpost.co.uk	41124	2026-08-09
huffpost.com	59784	2026-07-26
hulldailymail.co.uk	101792	2026-08-09
human-wrongs-watch.net	5228	2026-03-01
humanevents.com	9308	2026-08-09
humanitariannews.org	105823	2021-09-28
humanresourcesonline.net	7872	2026-08-07
humboldtjournal.ca	32771	2021-07-29
hungarytoday.hu	24875	2026-08-09
huntspost.co.uk	39518	2026-08-09
hup.hu	6521	2026-07-06
hurriyetdailynews.com	44681	2026-08-09
huskeradio.com	11884	2026-07-24
hutchnews.com	11848	2023-09-10
hydrocarbonprocessing.com	13669	2026-08-08
hypebeast.com	63481	2026-02-15
hypebot.com	12945	2026-08-07
hyperallergic.com	10170	2026-08-07
i1071.com	8884	2021-04-30
i24news.tv	27605	2026-08-09
i95rock.com	15702	2026-08-09
i95rocks.com	19281	2026-08-09
iafrica.com	22439	2026-08-09
iam-media.com	5328	2026-03-21
ianslive.in	300238	2026-08-09
ibcworldnews.com	24800	2026-08-09
iberianet.com	8444	2022-06-22
iberkshires.com	36678	2026-08-09
iberonews.com	6133	2026-08-08
ibinews.com	10505	2025-09-04
ibj.com	7855	2026-08-07
ibtimes.co.in	58174	2026-08-09
ibtimes.co.uk	73780	2026-08-09
ibtimes.com	193544	2026-08-09
ibtimes.com.au	32347	2026-08-09
ibtimes.sg	7279	2026-03-16
icaew.com	8151	2026-08-08
icenews.is	9811	2026-08-09
iconnect007.com	14962	2026-06-11
icsf.net	13201	2026-08-07
idahobusinessreview.com	7707	2026-06-04
idahopress.com	79472	2026-08-09
idahostatejournal.com	93233	2026-08-09
idahostatesman.com	5302	2024-07-30
ideastream.org	19346	2026-08-09
idg.com.au	6314	2023-02-14
idrw.org	66454	2026-08-09
idsnews.com	12747	2026-08-07
ieyenews.com	17503	2026-03-17
ifa.com.au	6640	2026-06-25
ifamagazine.com	11527	2026-01-16
ifiberone.com	57438	2023-02-15
igamingbusiness.com	15166	2026-08-07
igberetvnews.com	7537	2025-11-26
ign.com	81368	2026-08-09
iheart.com	15159488	2026-08-09
ijpr.org	32825	2026-08-09
ijr.com	5157	2026-03-19
ilfordrecorder.co.uk	29317	2026-08-09
illawarramercury.com.au	99457	2026-08-09
illinoistimes.com	9502	2026-08-08
ilonggotechblog.com	9735	2026-07-22
ilovebobfm.com	9784	2026-08-09
iloveqatar.net	6388	2025-11-27
imemc.org	10273	2026-08-09
imore.com	27836	2025-05-23
imparcialoaxaca.mx	5071	2026-04-01
impartialreporter.com	119333	2026-08-09
imt.ie	5892	2026-08-08
in-cumbria.com	14947	2026-08-09
in.gr	6896	2026-08-09
inc.com	5320	2025-08-22
inc42.com	11305	2024-02-02
indaily.com.au	8422	2025-01-20
indcatholicnews.com	9300	2026-08-09
inddist.com	9485	2025-10-03
indeonline.com	8553	2023-09-11
independantexpress.com	14258	2026-02-17
independent.co.uk	261754	2026-08-09
independent.com	17442	2026-08-09
independent.com.mt	24517	2026-08-09
independent.ie	289738	2026-05-19
independentnews.com	25132	2026-08-09
independentsentinel.com	45911	2026-06-10
independenttribune.com	46424	2026-08-09
india.com	282169	2026-02-23
indiablooms.com	35338	2026-08-09
indiaeducationdiary.in	57685	2026-08-09
indiagazette.com	262390	2026-08-09
indiainfoline.com	11946	2026-08-07
indianagazette.com	5626	2026-03-19
indianapolisrecorder.com	5862	2026-04-02
indianautosblog.com	9032	2026-07-13
indiancooperative.com	14465	2026-08-09
indianewengland.com	27748	2026-08-08
indianexpress.com	484102	2026-07-31
indiantelevision.com	24132	2025-01-23
indianweekender.co.nz	14541	2026-08-09
indiapost.com	10419	2026-08-07
indiatimes.com	2644177	2026-08-09
indiatoday.in	181286	2026-06-29
indiatvnews.com	127245	2026-07-15
indiawest.com	25524	2026-06-22
indiedb.com	15816	2025-11-16
indiewire.com	16426	2026-08-08
indonesiatribune.com	16825	2026-08-08
industrialinfo.com	10107	2026-08-07
industrytoday.co.uk	5784	2024-08-30
indysmix.com	10727	2026-08-09
indystar.com	25111	2023-09-11
indyweek.com	5238	2026-02-12
inews.co.uk	6840	2026-06-09
inewsgr.com	13021	2026-08-09
inferse.com	6265	2026-07-27
infiniteunknown.net	11693	2025-04-11
infonews.co.nz	8622	2026-08-08
inform.kz	15122	2023-09-17
informationng.com	37287	2026-08-09
informationweek.com	6889	2026-08-08
inforum.com	97064	2026-08-09
infosecurity-magazine.com	11738	2026-08-07
infotechlead.com	6684	2026-08-07
infotel.ca	204502	2026-05-01
infowars.com	37273	2025-06-05
infoworld.com	9490	2026-08-08
inlander.com	12975	2026-08-06
inlandnewstoday.com	17357	2026-08-08
inman.com	20720	2026-07-07
inmaricopa.com	9172	2026-08-09
innovationintextiles.com	5638	2026-08-07
innovationtoronto.com	12603	2025-07-14
inquirer.com	78305	2026-08-09
inquirer.net	247882	2026-07-29
inquisitr.com	72061	2025-05-14
insidebitcoins.com	25596	2026-08-07
insideclimatenews.org	5881	2026-06-23
insideedition.com	15008	2025-09-11
insideevs.com	27591	2026-08-09
insidefutbol.com	17215	2026-08-09
insidefutures.com	7921	2020-12-29
insidehalton.com	13296	2026-08-09
insidehighered.com	9322	2026-05-12
insideindianabusiness.com	21376	2026-08-08
insidelacrosse.com	6347	2024-12-01
insidenova.com	68999	2026-08-09
insideottawavalley.com	8931	2026-08-09
insidepulse.com	6942	2026-08-08
insider.com	15591	2024-01-08
insideretail.asia	8860	2026-08-09
insidermedia.com	8897	2025-01-23
insidermonkey.com	173158	2026-08-09
insidethegames.biz	24663	2024-09-13
insidetheiggles.com	7196	2026-08-09
insightnews.com	6590	2026-08-09
instinctmagazine.com	5281	2026-08-09
institutionalinvestor.com	6333	2025-12-11
instyle.com	18917	2026-03-17
insuranceage.co.uk	7862	2026-08-07
insurancebusinessmag.com	30665	2026-08-07
insuranceinsider.com	7697	2026-08-07
insurancejournal.com	72247	2026-08-09
insurancenewsnet.com	70667	2026-06-04
integra927.com	5224	2024-06-03
intelligencer.ca	50356	2026-08-09
intelligentinsurer.com	11839	2026-08-05
interest.co.nz	14429	2026-08-09
interestingengineering.com	6703	2026-03-19
interfax.com	40978	2026-03-19
interfax.com.ua	61275	2026-08-08
intergameonline.com	15693	2026-05-17
interior-news.com	27889	2026-08-09
interlochenpublicradio.org	35629	2026-08-09
international-adviser.com	7941	2026-08-06
internationaltimes.it	5858	2026-08-08
intouchweekly.com	13648	2026-08-09
intrafish.com	14731	2026-08-07
inverelltimes.com.au	54155	2026-08-09
inverness-courier.co.uk	79854	2026-08-09
investegate.co.uk	551328	2026-08-07
investing.com	84818	2026-03-26
investinglive.com	15373	2026-08-09
investingnews.com	18622	2026-08-07
investmentexecutive.com	18640	2026-08-09
investmentnews.com	16445	2026-08-08
investmentwatchblog.com	55624	2026-08-09
investmentweek.co.uk	18099	2026-08-03
investopedia.com	18705	2026-03-17
investordaily.com.au	10101	2026-06-24
investorideas.com	8221	2026-08-07
investorplace.com	21510	2026-08-06
investors.com	45922	2026-08-09
investorschronicle.co.uk	12475	2026-08-07
invezz.com	37889	2025-09-23
inyourpocket.com	5325	2026-08-04
iol.co.za	227944	2025-01-23
iomtoday.co.im	27450	2026-08-09
iowapublicradio.org	50008	2026-08-09
iowastatedaily.com	6833	2026-08-06
ipe.com	9537	2025-09-04
ipolitics.ca	10831	2025-04-24
ipowerrichmond.com	13071	2026-08-09
ippmedia.com	8175	2025-02-26
ipsnews.net	18028	2026-08-07
ipswichadvertiser.com.au	21261	2020-06-29
ipswichstar.co.uk	92903	2026-08-09
ipwatchdog.com	9196	2026-08-09
iradio.ie	8824	2026-08-06
iranherald.com	68675	2026-08-09
iranoilgas.com	6990	2026-08-09
iraq-businessnews.com	6607	2026-08-09
iraqsun.com	81695	2026-08-09
irasciblemusings.com	20726	2024-01-20
irishamerica.com	6788	2026-07-27
irishcentral.com	19159	2026-08-09
irishdentist.ie	6577	2026-08-09
irishecho.com	5524	2026-08-09
irishexaminer.com	121026	2026-08-09
irishmirror.ie	174617	2026-08-09
irishnews.com	85202	2026-08-09
irishsun.com	48344	2026-08-09
irishtimes.com	222041	2026-08-09
ironmountaindailynews.com	24819	2026-08-09
irrawaddy.com	10690	2025-12-09
irrigator.com.au	52449	2026-08-09
irvinetimes.com	93057	2026-08-09
islamicinvitationturkey.com	12331	2026-08-07
island.lk	54091	2026-07-27
islandpacket.com	5017	2024-07-29
islands.com	24136	2026-08-09
islingtongazette.co.uk	28983	2026-08-09
islingtontribune.co.uk	6170	2026-08-07
ispreview.co.uk	5520	2026-08-09
israelherald.com	37223	2026-08-09
israelnationalnews.com	247606	2026-08-09
israeltoday.co.il	6119	2025-04-16
isthmus.com	15699	2026-08-09
it-online.co.za	82287	2026-08-08
italian.cri.cn	10967	2026-08-09
itbrief.co.nz	13524	2026-08-09
itbusinessnet.com	162628	2026-08-09
itechpost.com	18059	2026-08-07
itemlive.com	12459	2026-08-09
itemonline.com	17908	2026-08-08
ithaca.com	6366	2026-08-09
ithacajournal.com	5125	2023-09-11
itnews.com.au	11382	2026-08-09
itnewsafrica.com	10421	2026-08-09
itnewsonline.com	131375	2026-08-09
itnonline.com	8039	2026-08-07
itp.net	8530	2023-03-21
itpro.co.uk	9219	2023-04-11
itsnicethat.com	7849	2026-08-07
itv.com	100917	2025-06-02
itweb.co.za	14383	2026-08-07
itwire.com	23092	2026-08-07
ivpressonline.com	91456	2026-08-08
iwf.org	6281	2025-09-09
iwradio.co.uk	54202	2026-08-09
j-14.com	5231	2025-08-11
jacarandafm.com	47760	2026-08-09
jacksonprogress-argus.com	67417	2026-08-09
jacksonsun.com	6477	2023-09-11
jacksonville.com	16128	2023-09-11
jacksonvilleprogress.com	10792	2026-08-09
jagonews24.com	28631	2026-04-15
jagranjosh.com	82106	2026-08-09
jaguars.com	6955	2026-08-09
jalopnik.com	25879	2026-08-09
jamaica-gleaner.com	91536	2026-08-09
jamaica-star.com	40370	2026-08-08
jamaicantimes.com	40653	2026-08-09
jamaicaobserver.com	221257	2026-08-09
jambands.com	6999	2026-08-09
jambase.com	11492	2025-12-12
jamestown.org	5190	2026-08-07
jamestownsun.com	52443	2026-08-09
janes.com	20540	2026-07-30
japanherald.com	67194	2026-08-09
japantimes.co.jp	118941	2026-08-04
japantoday.com	72741	2026-08-09
jaxdailyrecord.com	8843	2024-01-03
jaysjournal.com	5138	2026-08-09
jayski.com	6195	2025-01-18
jbhe.com	9283	2026-08-08
jckonline.com	8174	2026-08-07
jcnnewswire.com	16745	2026-08-08
jconline.com	6301	2023-09-10
jcpost.com	27323	2026-08-09
jdnews.com	12918	2026-08-09
jdsupra.com	313287	2026-07-15
jeepforum.com	5241	2026-06-11
jerseyeveningpost.com	82441	2026-08-09
jewishjournal.com	10648	2023-03-03
jewishlink.news	5362	2023-06-17
jewishpress.com	41859	2026-08-09
jewishtimes.com	5169	2026-08-07
jewishworldreview.com	8554	2026-08-07
jezebel.com	10103	2026-08-09
jg-tc.com	57084	2026-08-09
jhnewsandguide.com	17954	2026-08-09
jhu.edu	18539	2026-08-09
jns.org	32302	2026-08-09
joblo.com	39802	2026-07-30
joe.co.uk	22824	2026-04-16
joe.ie	23908	2026-04-15
johnogroat-journal.co.uk	46553	2026-08-09
johnsoncitypress.com	21521	2025-12-16
jonathanturley.org	7544	2026-08-09
joplinglobe.com	89959	2026-08-09
jordantimes.com	57528	2026-08-09
jose947.com	15323	2025-03-13
journal-advocate.com	29938	2026-08-09
journal-news.com	38732	2026-08-09
journal-news.net	28051	2026-08-09
journal-spectator.com	9839	2025-11-25
journal-topics.com	8760	2026-08-08
journal.com.ph	14841	2026-08-09
journalgazette.net	78856	2026-08-09
journalinquirer.com	22390	2023-06-03
journalism.co.uk	5485	2026-08-06
journalismpakistan.com	7263	2026-08-09
journalnow.com	73481	2026-08-08
journalpatriot.com	10342	2026-08-07
journalpioneer.com	22877	2020-11-11
journalrecord.com	37118	2026-06-03
journalreview.com	10967	2026-08-09
journalstandard.com	5432	2023-09-10
journalstar.com	111306	2026-08-09
journaltimes.com	69592	2026-08-09
jowhar.com	8001	2026-08-09
jox2fm.com	41278	2025-07-23
joxfm.com	18581	2026-08-09
joy.org.au	11913	2026-08-09
jpost.com	173679	2026-08-09
jsonline.com	32169	2023-09-11
jta.org	11234	2025-05-12
jtv.com	50626	2026-08-05
jumpradio.ca	7573	2026-06-29
juneauempire.com	8054	2026-08-09
juneesoutherncross.com.au	104494	2026-08-09
juniorminingnetwork.com	20692	2026-08-08
junkee.com	6676	2026-02-19
jurist.org	6889	2026-03-19
just-auto.com	11269	2026-08-07
just-drinks.com	7603	2026-08-07
just-food.com	8923	2026-08-07
just-style.com	9166	2026-08-07
justarsenal.com	17616	2026-08-09
justblogbaby.com	5697	2026-08-09
justice.gov	5015	2025-11-26
justiceinfo.net	9649	2026-08-08
justicenewsflash.com	7822	2026-07-14
justjared.com	611881	2026-07-05
justjaredjr.com	121450	2026-08-09
justmeans.com	17128	2023-01-06
justsecurity.org	5508	2026-08-07
juxtapoz.com	6197	2026-05-13
jweekly.com	11274	2026-08-08
jwire.com.au	13910	2026-07-22
k100country.com	5835	2026-08-09
k101fm.net	41439	2026-04-22
k1047.com	23520	2026-08-09
k105.com	12301	2026-07-16
k12.wi.us	18157	2026-07-29
k2radio.com	26363	2026-08-07
k923orlando.com	8989	2026-08-09
k945.com	38312	2026-08-09
k96fm.com	17230	2026-08-09
k985.com	5843	2020-12-09
k99.com	22226	2026-08-09
k99online.com	6541	2026-01-28
k99wigm.com	8049	2026-08-08
kaaltv.com	75975	2026-03-17
kabc.com	30221	2026-08-09
kachwanya.com	7091	2026-08-07
kacu.org	56505	2026-08-09
kafe.com	5647	2026-08-08
kagstv.com	38121	2026-06-06
kaieteurnewsonline.com	31105	2026-08-09
kait8.com	34488	2026-08-09
kajo.com	5791	2026-08-09
kake.com	51195	2026-08-09
kalb.com	17558	2026-08-09
kalw.org	48580	2026-08-09
kamcity.com	15232	2025-11-18
kamloopsbcnow.com	12281	2026-08-09
kamloopsthisweek.com	20035	2023-10-27
kansascity.com	5375	2024-07-30
kansaspublicradio.org	23665	2026-08-09
kanw.com	37966	2025-07-07
kaok.com	41871	2026-08-08
kare11.com	62042	2026-06-25
karennews.org	7327	2026-08-07
karriere.at	11037	2024-03-25
kashmirlife.net	42482	2026-08-09
kashmirreader.com	50047	2026-08-09
kashmirtimes.com	19655	2026-08-09
kashmirtimes.in	16699	2025-04-18
kasu.org	95014	2026-08-09
katc.com	46973	2026-08-09
katcountry989.com	44842	2026-08-05
katherinetimes.com.au	62964	2026-08-09
kathmandupost.com	27957	2026-08-09
katm.com	6232	2026-08-08
katsfm.com	43168	2026-08-09
katt.com	9371	2026-08-09
katu.com	43097	2026-08-09
katv.com	35409	2026-08-09
kawc.org	63317	2026-08-09
kawowo.com	7211	2026-08-09
kazu.org	67610	2026-08-09
kbat.com	27546	2026-08-09
kbcy.com	5483	2026-08-09
kber.com	8784	2026-08-09
kbew98country.com	5034	2026-08-09
kbft.org	7849	2026-08-06
kbhbradio.com	8708	2025-01-23
kbia.org	37588	2026-08-09
kbnd.com	7470	2026-08-07
kbnwnews.com	5548	2026-07-19
kboo.fm	6807	2026-08-09
kbrx.com	7757	2026-08-04
kbs.co.kr	64749	2026-08-09
kbtt.fm	20146	2026-07-04
kbtx.com	28074	2026-08-09
kbull93.com	13417	2022-09-06
kbur.com	16640	2026-08-09
kbzk.com	39044	2026-08-09
kcbd.com	30634	2026-08-09
kcbx.org	31607	2026-08-09
kcby.com	34889	2026-08-09
kcchronicle.com	7039	2023-05-01
kcci.com	84026	2026-08-09
kccu.org	58206	2026-08-09
kcentv.com	51557	2026-06-06
kcet.org	7715	2023-09-25
kchanews.com	10468	2026-08-09
kciiradio.com	24154	2026-08-07
kclr96fm.com	8487	2026-08-09
kclu.org	46900	2026-08-09
kcra.com	111641	2026-08-09
kcrg.com	36783	2026-08-09
kcrr.com	26382	2026-08-09
kcrw.com	21945	2026-01-30
kctv5.com	41876	2026-08-09
kcur.org	16276	2026-08-09
kdal610.com	12741	2025-09-30
kdat.com	45612	2026-08-09
kdhlradio.com	58415	2026-08-09
kdhnews.com	89714	2026-08-09
kdks.fm	16607	2026-07-04
kdlg.org	17369	2025-01-27
kdminer.com	6563	2026-08-08
kdramastars.com	20591	2026-08-07
kdrv.com	29816	2026-08-09
kdux.com	9744	2026-08-07
kdvr.com	6504	2026-02-17
kdwn.com	7218	2022-11-12
keanradio.com	21077	2026-08-09
kearneyhub.com	50106	2026-08-09
kecofm.com	9018	2026-08-06
kedm.org	55948	2026-08-09
keighleynews.co.uk	131808	2026-08-09
kekbfm.com	33449	2026-08-09
kelo.com	81951	2026-08-09
kelofm.com	17893	2026-08-08
kelownacapnews.com	53647	2026-08-09
kelownadailycourier.ca	61100	2026-08-09
kenoraonline.com	7083	2025-08-25
kenoshanews.com	7298	2025-08-27
kens5.com	72133	2026-06-05
kentlive.news	5708	2026-07-02
kentonline.co.uk	95564	2026-08-09
kentuckynewera.com	34617	2026-08-09
kenw.org	42579	2026-08-09
kenyan-post.com	44868	2026-08-09
kenyans.co.ke	16332	2026-03-18
kenyastar.com	67374	2026-08-09
keprtv.com	25980	2026-06-05
keralakaumudi.com	5142	2026-08-09
keranews.org	24762	2026-08-08
kerrang.com	13513	2026-08-09
kesn1033.com	9325	2020-10-06
kesq.com	81230	2026-08-09
ketchikandailynews.com	6923	2026-08-09
ketr.org	48425	2026-08-09
ketv.com	79022	2026-08-09
kevinmd.com	18014	2026-05-27
keyc.com	18898	2026-08-08
keyj.com	20624	2026-08-09
keysnews.com	50053	2026-08-09
keyt.com	103918	2026-08-09
keyw.com	24982	2026-08-09
kezi.com	27960	2026-08-09
kezj.com	22051	2026-08-08
kfdi.com	10996	2026-01-28
kfdm.com	33704	2026-08-09
kffm.com	29349	2026-08-09
kfgo.com	72224	2026-08-09
kfilradio.com	61556	2026-08-09
kfiz.com	10655	2026-08-09
kfm.co.ug	8614	2026-04-20
kfm.co.za	9754	2024-01-15
kfmx.com	31199	2026-08-09
kfor.com	7646	2026-06-11
kfox95.com	28379	2026-08-09
kfoxtv.com	39206	2026-08-09
kfqd.com	6516	2026-07-31
kfru.com	37979	2026-08-09
kfrxfm.com	17293	2026-08-05
kfvs12.com	51353	2026-08-09
kfyo.com	19184	2026-08-07
kfyrtv.com	29045	2026-08-09
kgab.com	6496	2026-03-06
kggo.com	10442	2026-08-08
kgmi.com	7909	2024-01-16
kgmo.com	7189	2026-07-15
kgns.tv	22964	2026-08-09
kgoradio.com	26604	2022-10-06
kgou.org	66679	2026-08-09
kgw.com	58191	2026-07-14
khaama.com	22209	2026-08-09
khak.com	39196	2026-08-09
khaleejtimes.com	156187	2026-08-04
khaosodenglish.com	9434	2025-01-23
khay.com	5479	2026-08-09
khit1075.com	22113	2026-08-08
khits.com	51157	2026-08-03
khmertimeskh.com	29011	2025-07-08
khop.com	10349	2026-08-09
khou.com	72508	2026-06-06
khq.com	83136	2026-08-09
khqa.com	31597	2026-08-09
kicdam.com	7503	2024-07-31
kickam1530.com	24496	2026-08-09
kickoff.com	30965	2026-08-09
kicks105.com	20513	2026-08-09
kicks1063.com	11493	2026-08-09
kicks99.com	15815	2026-08-07
kickscountry.com	5004	2026-07-23
kicksonfire.com	45793	2026-06-01
kidderminstershuttle.co.uk	113876	2026-08-09
kiiitv.com	55653	2026-06-05
kiimfm.com	6191	2026-08-09
kikn.com	32331	2026-08-09
kilburntimes.co.uk	47986	2026-08-09
kildare-nationalist.ie	55840	2026-08-09
kilgorenewsherald.com	11784	2026-08-09
kilkennypeople.ie	58431	2026-05-14
kimatv.com	28907	2026-06-06
kimberleybulletin.com	29278	2026-08-09
kimt.com	57875	2026-08-09
kincardinenews.com	21517	2026-08-09
king5.com	67787	2026-06-05
kingdomfm.co.uk	18364	2025-01-03
kingfm.com	35671	2026-08-09
kingfut.com	10148	2026-08-09
kingstonthisweek.com	36695	2026-03-26
kinja.com	15310	2026-04-27
kink.fm	5470	2026-08-06
kinston.com	7625	2026-08-08
kion546.com	5562	2025-08-21
kios.org	47562	2026-07-28
kiow.com	15734	2026-08-09
kiplinger.com	15057	2026-08-09
kirksvilledailyexpress.com	8675	2026-08-09
kiro7.com	64216	2026-08-09
kism.com	9523	2026-08-07
kiss-1031.com	9161	2026-08-08
kiss951.com	29972	2026-08-07
kisscasper.com	24939	2026-08-09
kissfm969.com	25611	2026-08-09
kissrocks.com	7980	2026-08-09
kisswtlz.com	21851	2026-08-07
kitchener.citynews.ca	6837	2025-01-26
kitchener.ctvnews.ca	24550	2025-01-23
kitchenertoday.com	6824	2021-10-17
kitco.com	27434	2026-08-08
kitguru.net	21617	2026-08-09
kitsapsun.com	5916	2023-09-11
kitv.com	59186	2026-08-09
kivitv.com	7643	2026-03-19
kiwaradio.com	13658	2026-08-09
kiwiblog.co.nz	8936	2026-08-09
kix106.com	5977	2026-08-09
kix953.com	14884	2026-08-07
kix96.com	5954	2026-08-08
kixi.com	9208	2026-08-07
kixs.com	19227	2026-08-09
kixweb.com	7540	2026-08-07
kizn.com	6911	2026-08-09
kjas.com	10958	2026-08-09
kjct8.com	20657	2026-08-09
kjlhradio.com	6629	2026-08-08
kjmo.com	7596	2025-03-17
kjo1055.com	5498	2026-08-01
kjrh.com	18434	2026-08-09
kjzz.org	38738	2026-08-09
kkco11news.com	11978	2026-08-09
kkfm.com	13292	2026-08-09
kkgb.com	17847	2026-08-08
kkiq.com	16151	2026-08-07
kkoh.com	75510	2026-08-07
kkrv.com	14776	2026-08-08
kktv.com	25488	2026-08-09
kkyr.com	24475	2026-08-09
kkyx.com	7121	2026-08-07
klake.com	8869	2024-02-15
klaq.com	29031	2026-08-09
klaw.com	26372	2026-08-09
klcc.org	92496	2026-08-09
klce.com	5932	2024-08-29
klewtv.com	26166	2026-06-06
klif.com	78975	2026-08-09
klik1240.com	31383	2024-10-16
klin.com	15047	2026-08-09
klkl.fm	21080	2026-07-02
klkntv.com	37300	2026-08-08
klll.com	8913	2026-08-09
klove.com	5091	2026-08-03
klrc.com	5089	2026-08-07
kltv.com	34062	2026-08-09
klur.com	6110	2026-08-09
klyq.com	6235	2025-03-12
kmaj1440.com	110636	2026-07-20
kmaland.com	29790	2026-08-09
kmbc.com	78682	2026-08-09
kmch.com	12022	2026-08-08
kmfm.co.uk	8736	2026-08-09
kmhk.com	18211	2026-08-09
kmit.com	5077	2026-08-06
kmjnow.com	70498	2026-08-09
kmmo.com	22511	2026-08-01
kmmsam.com	12859	2026-08-08
kmov.com	18034	2023-12-04
kmuw.org	45995	2026-08-09
kmvt.com	18582	2026-08-09
kmxs.com	7563	2026-08-05
kmxt.org	18085	2026-08-09
knac.com	17752	2026-08-08
knau.org	41916	2026-08-09
knbr.com	14484	2025-05-22
knco.com	7410	2026-08-03
kneb.com	8538	2021-03-30
knek.com	20278	2026-08-09
kniakrls.com	48473	2026-04-10
knoe.com	30667	2026-08-09
knopnews2.com	23263	2026-08-09
knoxnews.com	11024	2023-09-11
knoxradio.com	13677	2026-08-07
knpr.org	70639	2026-08-09
knsiradio.com	19499	2026-08-07
knue.com	35386	2026-08-09
knzr.com	12841	2026-05-14
koaa.com	51471	2026-08-09
koamnewsnow.com	30632	2026-08-09
koat.com	63308	2026-08-09
kob.com	132316	2026-08-09
kobi5.com	24694	2026-08-09
koco.com	87242	2026-08-09
kodiakdailymirror.com	6713	2026-08-07
koel.com	25287	2026-08-08
kogt.com	7191	2026-08-08
koimoi.com	72039	2026-08-09
koka.am	21788	2026-08-09
kokomoperspective.com	42673	2023-11-03
kokomotribune.com	60049	2026-08-09
kold.com	42204	2026-08-09
kolotv.com	29180	2026-08-09
komando.com	9995	2026-08-09
komonews.com	36107	2026-08-09
komu.com	51919	2026-08-09
kono1011.com	9355	2026-08-09
kool1017.com	34221	2026-08-09
kool1079.com	29713	2026-08-09
kool965.com	18759	2026-08-09
kool973.com	5257	2026-08-05
kool98.com	7220	2026-08-06
koolam.com	11241	2026-08-09
koolfmabilene.com	19484	2026-08-09
kopsource.com	65646	2024-11-23
koreabizwire.com	47083	2026-02-12
koreabridge.net	5152	2026-08-09
koreaherald.com	134803	2026-08-09
korean.cri.cn	8360	2026-08-09
koreatimes.co.kr	119969	2026-08-09
koreatimesus.com	6498	2025-07-18
kosu.org	32665	2026-05-09
kotaku.com	19207	2026-08-09
kotaku.com.au	19078	2026-07-30
kotaradio.com	8378	2026-08-09
kotatv.com	22200	2026-08-09
kowb1290.com	14270	2026-08-09
koxe.com	13525	2026-08-04
koze.com	10132	2026-07-31
kpax.com	45303	2026-08-09
kpbs.org	51766	2026-08-09
kpcnews.com	67563	2026-08-09
kpcw.org	38353	2026-08-09
kpel965.com	36243	2026-08-08
kpfa.org	13421	2026-08-09
kphrfm.com	11967	2026-08-09
kpic.com	37717	2026-08-09
kpla.com	9301	2026-08-09
kplctv.com	39289	2026-08-09
kpopstarz.com	22622	2026-08-09
kpq.com	14736	2026-08-09
kprs.com	8779	2026-07-30
kptv.com	32083	2026-08-09
kpvi.com	56525	2026-08-09
kqky.com	10095	2026-04-28
kqvt.com	14578	2026-08-09
kqxy.com	10309	2026-08-08
krcgtv.com	38435	2026-08-09
krcoam.com	5925	2022-04-05
krcrtv.com	44578	2026-08-09
krcu.org	66879	2026-08-09
krdo.com	110297	2026-08-09
krem.com	51326	2026-06-26
krforadio.com	53610	2026-08-09
krgv.com	63772	2026-08-09
kristv.com	38566	2026-08-09
krmg.com	32110	2026-08-09
krmsradio.com	5628	2026-08-08
krna.com	27890	2026-08-09
krnb.com	15430	2026-08-09
krny.com	11495	2026-08-08
kroc.com	41757	2026-08-09
krock.com.au	7249	2026-08-09
krock1017fm.com	5079	2021-05-15
krocnews.com	15475	2026-08-09
krod.com	17547	2026-08-07
krqe.com	5338	2025-11-18
krro.com	25651	2026-08-09
krrq.com	20582	2026-08-08
krrvonline.com	13272	2026-08-07
krtv.com	34791	2026-08-09
krvn.com	7917	2021-02-12
krvs.org	25074	2026-08-09
krwg.org	52365	2026-08-09
ks95.com	14906	2026-08-08
ksal.com	11689	2026-08-09
ksam1017.com	6981	2026-08-09
ksat.com	164516	2026-08-09
ksbw.com	63245	2026-08-09
ksby.com	55414	2026-08-09
kscj.com	8822	2026-08-09
ksdk.com	66285	2026-06-06
ksenam.com	13692	2026-08-09
ksfa860.com	14240	2026-08-09
ksfr.org	6095	2026-08-09
ksgf.com	12566	2026-05-23
kshb.com	46423	2026-08-09
kshe95.com	9927	2026-08-07
ksisradio.com	18825	2026-08-07
ksjbam.com	6214	2026-08-09
ksks.com	10796	2026-08-09
ksl.com	139916	2026-08-09
ksla.com	34363	2026-08-09
kslx.com	7461	2026-08-08
ksmb.com	20010	2026-08-09
ksmu.org	89249	2026-08-09
ksnblocal4.com	18479	2026-08-09
ksnt.com	7165	2025-07-16
ksoo.com	5993	2021-08-01
kspr.com	11386	2020-07-08
ksro.com	23115	2025-09-15
kstp.com	59468	2026-03-19
ksusentinel.com	36224	2026-06-19
ksut.org	38475	2026-08-09
kswo.com	27558	2026-08-09
ksyl.com	28619	2026-08-09
ktar.com	56303	2026-06-03
ktbb.com	47811	2026-08-09
ktbs.com	99736	2026-08-09
ktcx.com	6154	2026-08-08
kten.com	50538	2026-08-09
ktep.org	42330	2026-08-09
ktgl.com	8618	2026-08-08
kticradio.com	7000	2021-05-28
ktik.com	7775	2026-08-09
ktiv.com	37356	2026-08-09
ktla.com	8210	2025-05-28
ktlo.com	37244	2026-08-07
ktnv.com	6090	2026-03-18
ktop1490.com	81929	2026-08-09
ktre.com	22536	2026-08-09
ktsa.com	19252	2026-08-07
kttn.com	17326	2025-11-10
ktts.com	11047	2025-11-23
ktucam.com	9209	2023-08-24
ktul.com	39684	2026-08-09
ktuu.com	8725	2020-07-16
ktvb.com	59027	2026-06-06
ktvh.com	31273	2026-08-08
ktvl.com	5764	2026-08-09
ktvo.com	28998	2026-08-09
ktvq.com	33478	2026-08-09
ktvu.com	65880	2026-08-09
ktvz.com	150835	2026-08-09
ktwb.com	8220	2026-08-07
ktxs.com	33636	2026-08-09
ku.edu	6697	2026-08-06
kuaf.com	47941	2026-08-09
kuam.com	24726	2026-04-30
kucb.org	8851	2026-08-08
kuenselonline.com	10121	2026-08-08
kuer.org	17199	2026-08-09
kugn.com	65465	2026-07-20
kuic.com	14887	2026-08-09
kulr8.com	69385	2026-08-09
kuna.net.kw	50048	2026-02-25
kunc.org	52932	2026-08-09
kunm.org	38412	2026-08-09
kunr.org	27618	2026-08-09
kuow.org	32434	2026-08-09
kurv.com	25135	2026-08-08
kusi.com	21626	2024-01-30
kut.org	13549	2026-08-08
kutx.org	5235	2026-08-09
kuvo.org	10255	2026-08-06
kuwaittimes.com	10873	2025-01-27
kuwaittimes.net	15352	2022-01-04
kuzz.com	6203	2026-08-09
kval.com	40388	2026-08-09
kvia.com	124293	2026-08-09
kvmr.org	8325	2026-08-09
kvnf.org	55040	2026-08-09
kvoa.com	47837	2026-08-09
kvoo.com	8055	2020-12-07
kvor.com	81180	2026-08-09
kvpionline.com	15701	2026-08-08
kvpr.org	35615	2026-08-09
kvrr.com	24641	2026-08-09
kvue.com	62654	2026-06-25
kw3.com	13511	2026-08-09
kwayradio.com	6687	2026-08-05
kwbu.org	78374	2026-08-09
kwcdcountry.com	11140	2026-08-09
kwch.com	28929	2026-08-09
kwhl.com	5399	2026-08-09
kwin.com	23040	2026-08-08
kwiq.com	8476	2026-07-23
kwit.org	75015	2026-08-09
kwqc.com	31178	2026-08-09
kwsn.com	21872	2026-08-09
kwtx.com	26313	2026-08-09
kwwl.com	6192	2026-03-17
kwxx.com	11536	2026-07-23
kx947.fm	6606	2026-08-09
kxel.com	62077	2026-08-09
kxii.com	17675	2026-08-09
kxkx.com	25022	2026-08-09
kxl.com	21984	2026-08-09
kxlf.com	37970	2026-08-09
kxlh.com	31784	2026-08-09
kxly.com	108866	2026-08-09
kxly920.com	16346	2026-08-09
kxrb.com	33157	2026-08-09
kxxv.com	53423	2026-08-09
kxzz1580am.com	8657	2022-01-03
ky3.com	52671	2026-08-09
kygl.com	21695	2026-08-09
kyis.com	9999	2026-08-09
kyivpost.com	66850	2026-08-09
kykz.com	5585	2026-08-08
kyma.com	58444	2026-08-09
kynt1450.com	14728	2026-08-09
kyodonews.net	22836	2026-08-04
kysdc.com	13668	2026-08-09
kyssfm.com	31370	2026-08-09
kyuk.org	26662	2026-08-09
kztv10.com	26337	2026-08-08
kzyx.org	47532	2026-08-09
labelsandlabeling.com	9341	2026-04-07
labmate-online.com	7410	2025-08-07
labusinessjournal.com	6184	2026-08-04
lacrossetribune.com	123941	2026-08-09
ladailypost.com	24389	2026-08-09
ladunliadinews.com	8588	2025-07-28
ladysmithchronicle.com	33928	2026-08-09
lagrandeobserver.com	13318	2026-08-09
lagrangenews.com	6605	2026-08-08
lagunabeachindy.com	5065	2026-08-08
lahainanews.com	5315	2026-08-09
laineygossip.com	14114	2026-08-07
laist.com	38790	2026-08-09
lajollalight.com	5593	2024-06-12
lakeexpo.com	8158	2026-08-08
lakegenevanews.net	29865	2026-08-03
lakenewsonline.com	10921	2026-08-07
lakersnation.com	15792	2026-08-09
lakeshoreadvance.com	23072	2026-08-09
lakeshowlife.com	6043	2026-08-09
lamag.com	10182	2026-08-09
lancashiretelegraph.co.uk	214705	2026-08-09
lancasterfarming.com	10163	2026-08-09
lancasterguardian.co.uk	14852	2025-01-23
lancasteronline.com	97304	2026-08-09
lanereport.com	5035	2026-08-06
lankanewspapers.com	5238	2026-08-09
lankaweb.com	16123	2026-08-08
lansingstatejournal.com	8274	2023-09-11
laois-nationalist.ie	57049	2026-08-09
laosnews.net	94909	2026-08-09
laprensalatina.com	37186	2026-05-11
laramieboomerang.com	5085	2021-02-04
lasentinel.net	12449	2025-08-23
lasvegasweekly.com	7543	2026-08-09
latestly.com	108148	2025-01-27
latimes.com	184366	2026-08-09
latinamericanpost.com	11182	2026-08-09
latinfinance.com	12257	2026-08-08
latinnews.com	5453	2025-09-15
latinpost.com	19958	2026-08-08
latintimes.com	29166	2026-08-09
latpro.com	42075	2023-03-23
laughingplace.com	17181	2026-08-09
law360.com	147891	2026-08-08
lawandcrime.com	6285	2026-03-17
lawfuel.com	5312	2026-08-08
lawgazette.co.uk	18504	2025-09-05
lawofficer.com	10530	2026-07-31
lawstreetmedia.com	8732	2026-08-05
lawyersweekly.com.au	11738	2026-08-09
lbc.co.uk	77091	2026-08-09
lbcgroup.tv	7553	2026-07-13
lbpost.com	13790	2026-08-08
lcsun-news.com	11231	2023-09-11
leaderherald.com	10592	2023-10-24
leaderlive.co.uk	181911	2026-08-09
leaderpost.com	63855	2026-08-09
leadership.ng	101036	2026-08-09
leadertelegram.com	56619	2026-08-09
leamingtonobserver.co.uk	14342	2026-08-09
leavenworthtimes.com	9903	2026-07-24
lebanon-express.com	21448	2023-04-25
lebanondemocrat.com	81786	2026-08-09
ledburyreporter.co.uk	107722	2026-08-09
ledgertranscript.com	15352	2026-08-09
leducrep.com	16376	2026-08-09
leftfootforward.org	5725	2026-08-09
legalinsurrection.com	16703	2026-08-09
legallyindia.com	22590	2026-08-09
legalnewsline.com	16721	2026-08-08
legit.ng	17884	2026-03-19
legitgov.org	12508	2026-08-07
lehighacrescitizen.com	5465	2026-08-07
lehighvalleylive.com	48122	2026-02-23
leicestermercury.co.uk	117161	2026-08-09
leighjournal.co.uk	98555	2026-08-09
leightonbuzzardonline.co.uk	9193	2025-01-23
leinsterexpress.ie	59110	2026-05-12
leinsterleader.ie	62211	2026-05-12
leitrimobserver.ie	49217	2026-05-14
lelezard.com	35745	2026-06-02
lemonde.fr	9061	2026-04-15
lenconnect.com	10474	2023-09-11
lendio.com	8488	2023-07-02
lep.co.uk	26299	2025-01-23
lestimes.com	7303	2026-08-08
lethbridgeherald.com	63994	2026-08-09
letsrecycle.com	6075	2026-08-07
letsrun.com	12170	2026-06-01
lewistownsentinel.com	15399	2026-08-08
lewrockwell.com	31823	2026-06-04
lex18.com	37565	2026-08-09
lexch.com	23129	2026-08-05
lexology.com	31975	2026-07-15
lfpress.com	24816	2026-08-09
lgbtqnation.com	8913	2026-06-21
lgcplus.com	9888	2026-08-07
libcom.org	5243	2026-08-02
liberianobserver.com	17030	2026-08-08
libertyballers.com	8077	2026-08-08
libn.com	11056	2026-06-03
librivox.org	8558	2026-08-09
lichfieldlive.co.uk	14257	2026-08-09
lifeandstylemag.com	11879	2026-08-06
lifehacker.com	21359	2026-08-09
lifehacker.com.au	22827	2024-10-09
lifenews.com	17961	2026-08-08
lightreading.com	19029	2026-06-15
liherald.com	7308	2026-08-08
liliputing.com	5086	2026-07-22
lillooetnews.net	17763	2020-08-18
limaohio.com	35794	2025-04-15
limerickleader.ie	62755	2026-05-27
limerickpost.ie	12616	2026-08-09
lincolnshireworld.com	14183	2025-01-23
listenupyall.com	7699	2026-08-08
listverse.com	14304	2026-08-09
lite96.com	5798	2024-02-21
lite987.com	28689	2026-08-09
liteonline.com	22901	2026-08-09
literock959.com	22060	2025-03-27
literock969.com	8820	2022-04-18
lithgowmercury.com.au	46809	2026-08-09
littleapplepost.com	24544	2026-08-09
littlehamptongazette.co.uk	6387	2022-02-10
live.com	16087	2020-11-21
live5news.com	38605	2026-08-09
live955.com	10706	2026-08-07
live959.com	13482	2026-08-09
live95fm.ie	17615	2026-08-09
livecharts.co.uk	15296	2026-08-07
livejournal.com	96262	2026-08-09
livelaw.in	73988	2026-08-09
liveleak.com	5908	2021-05-30
livemint.com	224735	2026-08-09
livenews.co.nz	49615	2026-08-09
liverpoolecho.co.uk	213218	2026-08-09
liverpoolfc.com	12986	2026-08-09
livesaildie.com	9469	2026-08-09
livescience.com	16932	2026-08-09
ljworld.com	16414	2026-08-09
lloydslist.com	6574	2025-08-26
lmfm.ie	16404	2026-08-09
lmtonline.com	181735	2026-06-22
lmtribune.com	48224	2026-08-09
lobotero.com	7052	2026-08-09
local10.com	135494	2026-08-09
local12.com	36137	2026-08-09
local21news.com	41322	2026-08-09
local3news.com	48399	2026-08-09
localberkshire.co.uk	9988	2023-03-07
localgov.co.uk	12210	2026-08-07
localmatters.co.nz	6127	2026-08-09
localmemphis.com	55339	2026-06-06
localnews8.com	155484	2026-08-09
lockhaven.com	24419	2026-08-08
lockportjournal.com	24836	2026-08-09
locusmag.com	8767	2025-07-17
lodinews.com	7866	2026-08-08
loeildelaphotographie.com	9555	2025-04-10
loganbanner.com	6504	2026-08-06
logandaily.com	5312	2026-08-08
logisticsmanager.com	5684	2026-08-06
lohud.com	10472	2023-09-11
lombardiave.com	5641	2026-08-09
lompocrecord.com	29381	2026-08-08
london-now.co.uk	15926	2026-08-09
london.ctvnews.ca	22226	2025-01-23
londonlovesbusiness.com	26420	2026-08-09
londonmercury.com	34583	2026-08-09
londontheatre1.com	6181	2026-08-09
lonestar995fm.com	30784	2026-08-09
lonestarball.com	7968	2026-08-09
longbeachstar.com	28882	2024-09-21
longfordleader.ie	53948	2026-05-15
longisland.com	23759	2026-08-09
longislandpress.com	14826	2026-08-09
loopjamaica.com	16567	2021-05-20
loopnews.com	14595	2024-07-21
lordsofpain.net	6837	2020-04-18
losaltosonline.com	7253	2026-08-05
lostcoastoutpost.com	14294	2026-08-09
loudountimes.com	8356	2026-08-06
loudwire.com	20723	2026-08-09
louisianaradionetwork.com	9153	2026-08-09
louisianarecord.com	5312	2025-05-20
lovefm.com	8306	2026-08-08
lovinmalta.com	7683	2026-03-19
lowellsun.com	25907	2026-08-09
lowkickmma.com	24164	2026-08-09
lowvelder.co.za	20975	2023-08-31
lpheralddispatch.com	9417	2026-08-08
lrt.lt	16797	2026-08-09
lse.co.uk	94388	2025-01-23
lsionline.com	14800	2025-11-17
ltn.com.tw	15600	2026-08-09
lubbockonline.com	11096	2023-09-11
ludlowadvertiser.co.uk	125057	2026-08-09
lufkindailynews.com	33908	2026-08-09
lusakatimes.com	16334	2026-03-19
lutontoday.co.uk	13300	2025-01-23
luxtimes.lu	9904	2025-07-21
luxurytravelmagazine.com	12450	2026-08-09
lvb.com	8186	2026-06-04
lynnnews.co.uk	37033	2026-08-09
macaubusiness.com	15766	2025-08-13
macaudailytimes.com.mo	18441	2026-08-07
macdailynews.com	6934	2026-08-07
macleayargus.com.au	65402	2026-08-09
macmegasite.com	8764	2026-01-29
macobserver.com	5646	2025-08-19
macombdaily.com	38961	2026-08-09
macrobusiness.com.au	29967	2026-08-09
macrumors.com	6927	2026-07-10
mactech.com	12405	2026-08-08
macupdate.com	11718	2026-08-09
macworld.com	9069	2026-08-09
madamenoire.com	11201	2026-08-09
madinamerica.com	9867	2026-08-09
madison.com	123115	2026-08-09
madisonrecord.com	9887	2025-05-21
madrock1025.com	29491	2026-06-30
magic1021.com	9795	2026-08-08
magic1029fm.com	10119	2026-08-09
magic106.com	8646	2026-08-04
magic1073fm.com	9025	2026-08-09
magic93fm.com	10340	2026-08-09
magic943fm.com	5037	2026-08-09
magic983.com	18068	2026-08-08
magicbricks.com	8887	2026-08-01
magicvalley.com	79005	2026-08-07
magnoliareporter.com	24429	2026-08-09
mailtimes.com.au	41815	2026-08-09
mailtribune.com	10799	2023-06-01
mainebiz.biz	15466	2026-08-08
mainemirror.com	15887	2026-08-09
mainepublic.org	14418	2026-03-18
mainichi.jp	15562	2026-07-23
mainlinemedianews.com	29307	2026-08-09
mainstreetnews.com	6257	2026-08-09
maitlandmercury.com.au	109030	2026-08-09
makeuseof.com	23642	2026-08-09
malawi24.com	14817	2026-08-09
malawivoice.com	12610	2026-08-09
malaya.com.ph	31133	2026-04-22
malaymail.com	104909	2026-03-19
malaysiakini.com	77073	2026-08-09
malaysiasun.com	66692	2026-08-09
maldivesindependent.com	7000	2026-08-09
maldonandburnhamstandard.co.uk	126533	2026-08-09
malibutimes.com	5510	2026-08-08
maltatoday.com.mt	38916	2026-03-12
malverngazette.co.uk	116683	2026-08-09
mamamia.com.au	28950	2026-08-09
managingmadrid.com	12818	2026-08-09
manchestereveningnews.co.uk	263506	2026-08-09
manchesterjournal.com	12196	2026-08-08
mandurahmail.com.au	72285	2026-08-09
mangalorean.com	54197	2026-08-09
manicapost.co.zw	6458	2025-01-22
manilametro.com	5842	2024-07-24
manilastandard.net	10136	2026-03-18
manilatimes.net	372740	2026-08-09
manitobacooperator.ca	9836	2026-08-09
mankatofreepress.com	96203	2026-08-09
manningrivertimes.com.au	84723	2026-08-09
mansfieldnewsjournal.com	7976	2023-09-11
mantecabulletin.com	9137	2026-08-08
manufacturing.net	21568	2025-10-02
manutd.com	13965	2026-05-04
manxradio.com	21633	2026-08-09
mapleridgenews.com	32155	2026-08-09
maravipost.com	25425	2026-08-09
marca.com	7042	2026-05-24
marcellusdrilling.com	14889	2026-08-07
marconews.com	5934	2023-09-11
mareeg.com	8098	2026-08-03
margaretrivermail.com.au	37228	2025-08-20
marieclaire.co.uk	15986	2026-08-09
marieclaire.com	23558	2026-08-09
mariettatimes.com	18863	2026-08-08
marinecorpstimes.com	7906	2026-08-07
marinelink.com	29388	2026-08-09
marinelog.com	9329	2025-11-20
marinetechnologynews.com	7246	2026-08-06
marinij.com	33124	2026-08-09
maritime-executive.com	32294	2026-08-09
maritimeprofessional.com	5923	2026-08-07
marketbusinessnews.com	19466	2026-08-09
marketing-interactive.com	15244	2026-08-07
marketplace.org	12396	2026-08-08
marketpulse.com	11932	2026-08-07
marketrealist.com	8582	2026-08-09
markets.co	5867	2022-01-09
marketscreener.com	999061	2026-05-18
marketswired.com	5202	2025-01-04
marketwatch.com	422150	2026-07-06
marklevinshow.com	9965	2026-08-08
marshallindependent.com	17784	2026-08-08
marshfieldnewsherald.com	8584	2023-09-11
marthastewart.com	11116	2026-03-17
martinsvillebulletin.com	35837	2026-08-08
maryland.gov	7946	2026-08-09
marylandreporter.com	6678	2026-06-04
maryvilleforum.com	20314	2024-11-15
masala.com	18108	2024-07-13
mashable.com	47576	2026-08-09
massachusettsnewswire.com	7052	2026-08-07
massachusettssun.com	43898	2026-08-09
massdevice.com	8486	2026-02-21
masslawyersweekly.com	19316	2026-06-04
masslive.com	108215	2026-02-23
mathrubhumi.com	5608	2026-06-23
matr.net	6748	2026-08-09
mauinews.com	20606	2026-08-09
mauinow.com	16042	2026-08-09
maurice-info.mu	9235	2026-08-07
mavsmoneyball.com	7109	2026-08-09
max94one.com	23593	2026-08-09
maximumfun.org	6465	2026-08-09
mayerthorpefreelancer.com	15522	2026-08-09
mayonews.ie	20592	2026-05-21
mb.com.ph	181792	2026-08-09
mbcradio.com	6024	2026-08-09
mbtmag.com	18138	2025-09-17
mcalesternews.com	17165	2026-08-09
mcall.com	80041	2026-08-09
mcdonoughvoice.com	5718	2023-09-10
mcdowellnews.com	39474	2026-08-09
mcknights.com	8837	2026-03-11
mcphersonsentinel.com	6035	2026-07-21
mdislander.com	9768	2026-08-06
mdjonline.com	145364	2026-08-09
meadvilletribune.com	42780	2026-08-08
meathchronicle.ie	44661	2026-08-09
meaww.com	20365	2026-03-17
medafricatimes.com	6605	2026-08-08
medcitynews.com	14323	2026-08-09
mediaforfreedom.com	5275	2026-04-27
mediaite.com	85245	2026-08-02
mediamatters.org	15010	2026-08-08
medianama.com	11549	2026-08-07
mediapost.com	24936	2026-08-08
medicaldaily.com	8568	2026-08-09
medicalnewstoday.com	5515	2026-08-09
medicalxpress.com	141329	2026-01-29
medicinehatnews.com	73167	2026-08-09
medindia.net	39216	2026-08-09
medium.com	145786	2026-08-03
medpagetoday.com	25044	2025-01-28
medscape.com	48262	2026-08-08
meed.com	24117	2026-08-07
mega979.com	6695	2026-08-09
mega993online.com	29324	2026-08-09
melfortjournal.com	10437	2026-07-04
meltontimes.co.uk	8291	2025-01-23
memphisflyer.com	7083	2026-08-07
memphissun.com	104818	2026-08-09
memri.org	9885	2025-04-22
menafn.com	973875	2026-03-10
mendocinobeacon.com	15557	2026-08-09
menshealth.com	30308	2026-08-09
mensxp.com	27455	2026-08-09
mentalfloss.com	14634	2026-08-09
meobserver.org	5527	2026-07-14
mercopress.com	22981	2026-08-09
mercurynews.com	81362	2026-08-09
meridianstar.com	36426	2026-08-08
merimbulanewsweekly.com.au	70901	2026-08-09
mesabitribune.com	53751	2026-08-09
messagemedia.co	11756	2026-08-09
messenger-inquirer.com	85526	2026-08-09
messenger.com.ge	5928	2026-08-07
messengernews.net	13429	2026-08-08
messengernewspapers.co.uk	144495	2026-08-09
metal.com	22237	2026-08-07
metalunderground.com	14546	2026-08-08
metro.co.uk	149627	2026-08-09
metro.us	86034	2025-11-03
metrojacksonville.com	11902	2026-08-08
metrotimes.com	12133	2026-05-14
metroweekly.com	6633	2026-08-09
metrowestdailynews.com	10026	2023-09-11
metv.com	11099	2026-08-08
metvmall.com	12496	2026-06-06
mexicoledger.com	8056	2026-08-09
mexiconewsdaily.com	6811	2026-03-15
mexicostar.com	65002	2026-08-09
mg.co.za	30543	2026-08-07
mgoblog.com	14877	2025-08-28
miamiherald.com	8780	2024-07-31
miaminewtimes.com	8729	2026-08-08
miamistudent.net	5439	2026-07-15
miamitimesonline.com	8742	2026-08-07
michigan.gov	5321	2023-02-02
michigandaily.com	7609	2026-08-09
michiganradio.org	23666	2024-01-10
michigansthumb.com	78149	2026-06-22
mid-day.com	99305	2026-08-09
middle-east-online.com	6284	2026-08-09
middleeasteye.net	47725	2026-08-09
middleeastmonitor.com	77114	2026-08-09
middleeaststar.com	115739	2026-08-09
middlenecknews.com	5337	2026-08-09
middletownpress.com	123670	2026-04-21
midhurstandpetworth.co.uk	5526	2022-02-10
midmichigannow.com	35714	2026-08-09
midnorthmonitor.com	49166	2026-08-09
midsussextimes.co.uk	5984	2022-02-10
midutahradio.com	16943	2026-08-09
midweekherald.co.uk	35366	2026-08-09
midwestradio.ie	25361	2026-08-09
mihomepaper.com	12568	2026-03-04
milawyersweekly.com	9157	2026-06-03
milehighreport.com	12654	2026-08-09
milforddailynews.com	8053	2023-09-07
milfordmercury.co.uk	91383	2026-08-09
milfordmirror.com	59636	2025-06-14
military.com	33635	2026-08-09
militarytimes.com	13666	2026-08-08
miltonkeynes.co.uk	14120	2025-01-23
milwaukeesun.com	45957	2026-08-09
mindat.org	13155	2025-01-23
minicassia.com	6201	2024-03-21
mining-journal.com	7397	2026-05-26
mining-technology.com	10914	2026-08-07
mining.com	47198	2026-08-08
mininggazette.com	10816	2026-08-09
miningjournal.net	22500	2026-08-08
miningmx.com	7104	2026-08-08
miningnews.net	11257	2026-05-26
miningweekly.com	49322	2026-08-07
minnlawyer.com	7668	2026-06-04
minnpost.com	9045	2026-08-09
minotdailynews.com	18219	2026-08-08
miragenews.com	628953	2026-08-09
mirror.co.uk	696103	2026-08-09
mis-asia.com	10384	2026-07-26
mishpacha.com	8338	2026-08-09
missioncityrecord.com	42572	2026-08-09
missionlocal.org	7273	2026-08-09
mississauga.com	7854	2026-08-09
mississippivalleypublishing.com	23213	2026-08-09
missoulian.com	135274	2026-08-09
missourinet.com	8104	2026-07-25
mit.edu	10164	2026-08-07
mitchelladvocate.com	22791	2026-08-09
mitchellrepublic.com	31704	2026-08-09
mix100.com	5917	2026-08-05
mix1005.fm	24058	2026-08-08
mix100lubbock.com	15812	2026-08-09
mix103.com	9942	2026-08-09
mix1043fm.com	28422	2026-08-09
mix1069.com	14815	2026-08-08
mix106radio.com	25390	2026-08-09
mix108.com	35527	2026-08-09
mix929.com	24376	2026-08-08
mix931fm.com	30657	2026-08-09
mix941.com	21171	2026-08-07
mix941kmxj.com	20152	2026-08-09
mix949.com	27358	2026-08-09
mix957.net	8804	2024-01-04
mix957gr.com	20649	2026-08-09
mix965tulsa.com	6755	2025-10-22
mix979fm.com	13543	2024-04-26
mix987.com	9389	2026-07-18
mixx993.com	17576	2026-08-08
mizzima.com	20944	2025-01-23
mlb.com	78211	2026-08-09
mlbtraderumors.com	56857	2026-08-09
mlive.com	129535	2026-02-23
mmafighting.com	27307	2026-08-09
mmamania.com	25327	2026-08-09
mmanews.com	16189	2026-04-22
mmegi.bw	6934	2026-08-07
mmm-online.com	5456	2026-08-07
mobihealthnews.com	6860	2026-06-03
mobilesyrup.com	21009	2026-08-08
mobileworldlive.com	12275	2026-03-03
mobilitytechzone.com	5977	2024-09-17
mobypicture.com	32801	2023-10-03
moddb.com	38275	2025-11-16
model-engineer.co.uk	20636	2026-07-24
modernghana.com	172805	2026-07-20
modernhealthcare.com	11836	2026-06-18
modernreaders.com	462461	2025-04-18
moelane.com	11594	2025-07-17
mohavedailynews.com	14153	2026-08-09
mojo1029.com	11582	2026-08-09
moldpres.md	9534	2025-01-14
monacolife.net	5611	2026-08-09
mondaq.com	131161	2026-08-08
mondovisione.com	33622	2026-01-14
mondoweiss.net	7367	2026-08-08
moneycontrol.com	444442	2026-08-09
moneylife.in	21977	2026-08-07
moneymanagement.com.au	13351	2026-06-24
moneymarketing.co.uk	24198	2026-08-08
moneytalksnews.com	11715	2026-08-09
moneyweb.co.za	37490	2024-04-02
moneyweek.com	9554	2026-08-09
mongabay.com	10133	2026-08-09
monitor.co.ug	71515	2026-04-22
monocle.com	6035	2026-08-09
monroenews.com	13644	2023-09-11
monstersandcritics.com	55350	2025-10-02
montanarightnow.com	63608	2026-08-09
montereycountyweekly.com	13791	2026-07-09
montereyherald.com	12859	2026-08-09
montgomery-herald.com	6187	2025-05-20
montgomeryadvertiser.com	8465	2023-09-11
montgomerynews.com	6458	2021-09-28
montreal.ctvnews.ca	32918	2025-01-23
montrealgazette.com	41131	2026-08-09
montrosepress.com	15823	2026-08-09
mooseradio.com	14525	2026-08-08
moreechampion.com.au	59293	2026-08-09
morganton.com	34810	2026-08-08
morning-times.com	36364	2026-08-08
morningadvertiser.co.uk	9662	2026-08-07
morningjournal.com	50167	2026-08-09
morningjournalnews.com	21870	2026-08-08
morningstar.com	104318	2026-08-09
morningstaronline.co.uk	41706	2026-08-09
morningsun.net	65716	2026-08-08
moroccoworldnews.com	17856	2026-08-09
mortgageintroducer.com	8340	2022-03-18
mortgagenewsdaily.com	7996	2026-08-07
mortgagesolutions.co.uk	14586	2026-08-07
mortgagestrategy.co.uk	23768	2026-08-07
morungexpress.com	74478	2026-08-09
mothership.sg	13261	2025-03-10
motor1.com	20673	2026-08-09
motorcyclenews.com	26236	2026-08-09
motorsport.com	23182	2026-08-09
moultonadvertiser.com	16619	2026-08-08
moultrieobserver.com	15804	2026-08-08
mountaineagle.com	10014	2026-08-08
mountvernonnews.com	10856	2026-08-08
mouthshut.com	5612	2026-08-09
movieweb.com	82198	2026-08-09
mpamag.com	7722	2026-08-07
mpnews.com.au	5068	2026-08-08
mpnnow.com	10032	2023-09-11
mprnews.org	27286	2026-08-09
mrt.com	64966	2026-06-22
mrtopstep.com	18821	2024-11-22
mscnews.net	5840	2026-08-09
msn.com	2860431	2023-06-23
mtairynews.com	5992	2026-08-09
mtdemocrat.com	27907	2026-08-09
mtexpress.com	11575	2026-08-08
mtlblog.com	7223	2026-08-09
mtpr.org	17927	2026-08-08
mtstandard.com	60327	2026-08-08
mudgeeguardian.com.au	52036	2026-08-09
multifamilybiz.com	6094	2026-08-07
mumbrella.com.au	23789	2025-11-20
murfreesboropost.com	6340	2023-03-01
murrayledger.com	10725	2026-08-08
muscatdaily.com	19689	2026-08-09
muscatinejournal.com	107095	2026-08-09
music-news.com	20555	2025-12-16
musicrow.com	7500	2026-07-30
musketfire.com	7293	2026-08-09
muskogeephoenix.com	22356	2026-08-08
muskokaregion.com	7985	2026-08-09
muswellbrookchronicle.com.au	70003	2026-08-09
mv-voice.com	11026	2026-08-08
mvariety.com	31451	2026-08-09
mvtimes.com	18345	2026-08-07
mwnation.com	18233	2026-08-09
mxdwn.com	6809	2026-08-09
my1035.com	12306	2026-08-08
my40.tv	7419	2022-01-31
my957.com	6748	2026-08-05
my9nj.com	6172	2026-08-06
myalbertlea.com	12521	2026-06-08
myalgomamanitoulinnow.com	5735	2026-06-03
myanmarmuslim.net	18759	2024-11-05
myanmarnews.net	58074	2026-08-09
myaustinminnesota.com	20340	2025-06-14
myb106.com	27453	2026-08-08
mybeachradio.com	20323	2024-04-01
mybroadband.co.za	6013	2022-09-28
mycariboonow.com	9471	2026-06-04
mycentraljersey.com	12905	2023-09-11
mycentralnebraska.com	36829	2026-08-07
mycentraloregon.com	50193	2026-08-09
mycolumbuspower.com	13037	2026-08-09
mycountry955.com	30856	2026-08-09
mycouriertribune.com	7801	2024-10-05
mycowichanvalleynow.com	8504	2026-06-03
myeasternshoremd.com	11829	2026-08-08
myedmondsnews.com	20239	2026-06-15
myfox28columbus.com	40204	2026-08-09
myfox8.com	5960	2025-08-29
myheraldreview.com	9725	2026-01-16
myhorrynews.com	9398	2026-08-09
myiowainfo.com	17053	2026-05-01
myjournalcourier.com	67919	2026-06-22
myjournals.org	7241	2023-08-26
myjoyonline.com	111154	2026-03-19
myk104.com	7838	2026-08-08
mykiss1031.com	25181	2026-08-08
mykisscountry937.com	34004	2026-08-09
myklgr.com	21165	2026-08-07
mykxlg.com	86994	2026-08-09
myleaderpaper.com	34863	2026-08-09
mylloydminsternow.com	5646	2026-06-03
mylondon.news	6996	2026-08-09
mymagic106.com	6380	2026-08-08
mymagic949.com	9147	2026-08-08
mymagicgr.com	8906	2024-04-29
mymajic933.com	6401	2026-07-01
mymcmedia.org	12898	2026-08-07
mymix1061.com	15722	2026-08-08
mymixfm.com	37607	2026-08-09
mymmanews.com	9104	2026-08-08
mymoinfo.com	20081	2026-08-07
mymotherlode.com	178660	2026-08-09
mymuskokanow.com	6585	2026-06-01
mynbc5.com	72913	2026-08-09
myneworleans.com	9954	2026-08-08
mynews13.com	9567	2026-08-05
mynews4.com	33910	2026-08-09
mynewsla.com	66930	2026-08-09
mynorthbaynow.com	5340	2026-06-04
mynorthwest.com	220475	2026-07-20
mynspr.org	46174	2026-08-09
myozarksonline.com	17388	2026-08-07
myplainview.com	49460	2026-06-22
myprincegeorgenow.com	13790	2026-06-04
myq105.com	15645	2026-08-09
myq1075.com	20605	2026-08-09
myqcountry.com	12612	2026-07-30
myrecordjournal.com	12869	2023-12-30
mysailing.com.au	6257	2026-08-09
mysanantonio.com	83417	2025-11-18
myspiritfm.com	9919	2026-08-09
mystar98.com	20545	2026-08-08
mysteinbach.ca	10457	2026-08-09
mysteriousuniverse.org	10556	2026-08-07
mystratfordnow.com	7047	2026-06-03
mysuncoast.com	34522	2026-08-09
mytimminsnow.com	5104	2026-06-03
myuscountry.com	17621	2026-06-08
mywebtimes.com	8503	2023-05-01
naftemporiki.gr	8078	2026-08-01
nagalandpost.com	49549	2026-06-08
nagariknetwork.com	28805	2026-03-16
nagpurtoday.in	17494	2026-08-07
naharnet.com	88990	2026-08-09
naija247news.com	61160	2026-08-09
nairaland.com	77881	2025-07-26
nairametrics.com	12220	2026-03-04
nairobiwire.com	14441	2026-08-07
nakedcapitalism.com	12360	2026-08-09
namibian.com.na	31865	2026-08-09
namibiansun.com	21926	2026-08-09
nampa.org	44517	2024-11-08
nanaimobulletin.com	32566	2026-08-09
nancyonnorwalk.com	5376	2026-08-09
nantonnews.com	8312	2026-08-09
napaneeguide.com	40235	2026-08-09
napaneetoday.ca	10070	2026-08-07
napavalleyregister.com	69168	2026-08-09
naplesnews.com	11875	2023-09-11
naroomanewsonline.com.au	71169	2026-08-09
narrominenewsonline.com.au	44974	2026-08-09
nasa.gov	8359	2026-08-08
nasdaq.com	55614	2026-08-07
nashfm100.com	5756	2026-08-08
nashfm1025.com	5817	2026-08-06
nashvilleherald.com	101837	2026-08-09
nashvillepost.com	14243	2026-08-07
nashvillescene.com	11981	2026-08-07
nation.co.ke	29367	2022-02-18
nation.com.pk	11096	2022-06-06
nation.sc	31676	2026-08-08
nationalaccordnewspaper.com	54106	2026-08-09
nationalgeographic.com	10891	2026-08-09
nationalheraldindia.com	6988	2026-03-15
nationalhogfarmer.com	5929	2025-01-21
nationalinterest.org	48930	2026-01-29
nationalmemo.com	10253	2026-08-07
nationalmortgagenews.com	14555	2026-08-08
nationalmortgageprofessional.com	6336	2025-01-22
nationalnetworkonline.com	5287	2026-08-09
nationalobserver.com	21303	2026-07-14
nationalpost.com	53654	2026-08-09
nationalreview.com	12378	2021-07-27
nationaltribune.com.au	8043	2025-01-27
nationnews.com	31002	2026-08-09
nationofchange.org	6473	2026-03-18
nationthailand.com	16496	2026-03-16
natlawreview.com	117778	2026-08-08
naturalgasintel.com	18656	2026-07-15
naturalgasworld.com	12123	2025-02-26
naturalnews.com	64246	2026-08-09
nature.com	37046	2026-08-09
natureworldnews.com	17936	2026-08-08
naval-technology.com	6921	2026-08-07
naveenbharat.in	7607	2022-04-24
navhindtimes.in	32576	2026-08-09
navy.mil	6855	2025-03-06
navytimes.com	10334	2026-08-06
nba.com	18601	2026-03-18
nbc-2.com	55163	2025-02-05
nbc.com	6467	2026-08-07
nbc11news.com	9500	2023-12-14
nbc12.com	30170	2023-12-14
nbc15.com	19997	2023-12-14
nbc16.com	40472	2026-08-09
nbc24.com	8372	2026-08-09
nbc29.com	16840	2023-12-14
nbcbayarea.com	122844	2026-08-09
nbcboston.com	5342	2026-06-04
nbcchicago.com	144476	2026-08-09
nbcconnecticut.com	161856	2026-08-09
nbcdfw.com	142285	2026-08-09
nbclosangeles.com	139691	2026-08-09
nbcmiami.com	115166	2026-08-09
nbcmontana.com	44447	2026-08-09
nbcnews.com	181868	2026-08-09
nbcnewyork.com	139154	2026-08-09
nbcphiladelphia.com	141362	2026-08-09
nbcrightnow.com	52818	2026-08-09
nbcsandiego.com	115996	2026-08-09
nbcsvg.com	9481	2026-08-07
nbcwashington.com	92082	2026-08-09
nbnnews.com.au	29441	2026-08-07
nbr.co.nz	26306	2026-08-09
ncadvertiser.com	56294	2025-10-26
nclawyersweekly.com	7647	2026-06-03
ncnewsonline.com	57296	2026-08-09
ncpa.org	6668	2026-08-07
ncr-iran.org	8367	2026-08-09
ncregister.com	19704	2026-08-09
ncronline.org	16624	2025-10-08
ncspin.com	5098	2026-08-07
ndtv.com	342023	2025-05-26
nebraska.tv	34494	2026-08-09
necn.com	82611	2025-02-13
nehandaradio.com	14091	2026-08-08
neindia.com	7022	2026-08-07
neonnettle.com	10439	2022-07-30
neoskosmos.com	20896	2026-08-09
neowin.net	47848	2025-11-08
nepalnational.com	99250	2026-08-09
nerdist.com	18733	2026-08-08
nesn.com	36571	2026-08-09
netflixlife.com	5812	2026-08-09
netindian.in	5818	2025-08-21
netnewsledger.com	20215	2026-08-09
netscape.com	174858	2026-08-09
netsdaily.com	7282	2026-08-09
netwerk24.com	10158	2025-01-22
networkworld.com	7744	2026-08-07
neurologyadvisor.com	9434	2026-08-07
nevadaappeal.com	12575	2025-09-05
nevadabusiness.com	7420	2026-08-08
nevadanewsandviews.com	6358	2026-08-09
neveitalia.it	11740	2026-03-07
newagebd.net	23289	2025-05-26
newarab.com	9672	2025-09-21
newarkadvertiser.co.uk	33262	2026-08-09
newarkadvocate.com	6177	2023-09-11
newarkpostonline.com	5143	2026-08-07
newbernsj.com	11646	2026-08-09
newburyportnews.com	29863	2026-08-08
newburytoday.co.uk	27835	2026-08-09
newbusinessethiopia.com	13973	2026-08-08
newcanaanite.com	7743	2026-08-09
newcastleherald.com.au	151677	2026-08-09
newcivilengineer.com	14128	2026-08-07
newcountry991.com	6309	2022-04-29
newdelhitimes.com	68173	2026-08-04
newegg.com	25976	2026-08-09
newelectronics.co.uk	12266	2026-06-05
newfoodmagazine.com	5975	2026-03-31
newhamrecorder.co.uk	28967	2026-08-09
newhavenindependent.org	11495	2026-08-09
newidea.com.au	14487	2026-08-06
newindianexpress.com	148115	2026-08-09
newjerseyhills.com	40488	2026-08-08
newjerseytelegraph.com	114600	2026-08-09
newkerala.com	245028	2026-08-09
newmilfordspectrum.com	51343	2022-03-01
neworleanscitybusiness.com	16544	2026-06-03
neworleanssun.com	57885	2026-08-09
newportri.com	6992	2023-09-08
newrepublic.com	23470	2026-08-09
newrock1041.fm	7175	2026-07-07
news-daily.com	80925	2026-08-09
news-expressky.com	27021	2026-08-09
news-gazette.com	128154	2026-08-09
news-herald.com	51908	2026-08-09
news-journal.com	9290	2026-08-09
news-journalonline.com	17642	2023-09-11
news-leader.com	8165	2023-09-11
news-mail.com.au	44484	2021-04-28
news-medical.net	103152	2026-08-08
news-press.com	12874	2023-09-11
news-star.com	10616	2026-08-04
news.am	92921	2026-08-08
news.az	52934	2026-08-09
news.cn	13336	2022-04-14
news.com.au	91981	2024-07-30
news.err.ee	23415	2022-10-20
news.statetimes.in	7534	2020-06-12
news.tuoitre.vn	10798	2026-08-09
news12.com	73553	2026-08-09
news18.com	268439	2026-03-17
news24.com	167485	2026-08-09
news3lv.com	47469	2026-08-09
news4jax.com	157716	2026-08-09
news4sanantonio.com	49585	2026-08-09
news5cleveland.com	6019	2026-03-18
news8000.com	91530	2026-08-09
news9.com	77279	2026-08-09
news957.com	48715	2021-10-17
newsadvance.com	47220	2026-08-09
newsandsentinel.com	23299	2026-08-08
newsandstar.co.uk	189431	2026-08-09
newsandtribune.com	26477	2026-08-07
newsargus.com	25757	2026-08-09
newsbiscuit.com	6110	2026-08-09
newsblogged.com	5602	2026-05-27
newsbreak.com	10798	2025-12-06
newsbtc.com	36866	2026-08-08
newsbug.info	10961	2026-08-09
newsbusters.org	88054	2026-08-09
newsbytes.ph	5657	2026-08-08
newscenter1.tv	34186	2026-08-09
newscentermaine.com	38963	2026-03-19
newscentralasia.net	8394	2026-08-09
newschannel10.com	23003	2026-08-09
newschannel20.com	29022	2026-08-08
newschannel5.com	53236	2026-08-09
newschannel6now.com	24191	2026-08-09
newschannel9.com	40683	2026-08-09
newschannelnebraska.com	13127	2025-03-22
newschief.com	8585	2023-09-11
newscientist.com	17418	2026-08-07
newsdakota.com	21314	2026-08-08
newsday.co.tt	85758	2026-08-07
newsday.co.zw	30366	2026-08-09
newsday.com	103908	2026-08-09
newsdzezimbabwe.co.uk	7676	2025-12-25
newser.com	76580	2026-08-09
newsfirst.lk	12470	2026-03-19
newsghana.com.gh	84231	2026-08-06
newsherald.com	14695	2023-09-11
newshub.co.nz	18541	2024-07-04
newsincyprus.com	12862	2025-01-27
newsindiatimes.com	14424	2026-08-08
newsitem.com	27440	2026-08-09
newslaundry.com	5542	2026-08-08
newsleader.com	5481	2023-09-11
newsletter.co.uk	32306	2025-01-23
newsmakers.pk	21615	2026-08-08
newsmax.com	59273	2024-07-30
newsminer.com	34179	2026-08-09
newsnation.in	8047	2020-04-07
newsnationnow.com	6205	2025-12-25
newsnationtv.com	27052	2025-10-19
newsnow.co.uk	11441	2026-08-05
newsofbahrain.com	10103	2026-03-05
newson6.com	78158	2026-08-09
newsonair.com	29094	2021-11-26
newsone.com	8984	2026-08-08
newsonjapan.com	26617	2026-08-09
newsoptimist.ca	37573	2021-07-29
newspressnow.com	73538	2026-08-09
newsradio1029.com	75105	2026-08-09
newsradio1310.com	19189	2026-08-08
newsradio1440.com	23058	2025-03-17
newsradioklbj.com	7329	2026-08-04
newsregister.com	13615	2026-08-08
newsroompanama.com	12856	2026-08-09
newsshopper.co.uk	124274	2026-08-09
newstalk.com	44838	2026-08-09
newstalk1030.com	44608	2026-08-09
newstalk1280.com	25107	2026-08-08
newstalk1290.com	18780	2026-08-07
newstalk870.am	21003	2026-08-08
newstalkkgvo.com	16375	2026-08-08
newstalkkit.com	19752	2026-08-08
newstalkzb.co.nz	63891	2026-08-09
newstatesman.com	27598	2026-08-09
newstimes.com	131966	2025-06-12
newstoday.com.bd	12801	2021-01-24
newstodaynet.com	32503	2026-08-08
newstracklive.com	7310	2025-07-05
newstrib.com	7242	2023-05-01
newstribune.com	48306	2026-08-09
newsviewsnreviews.com	5466	2019-11-13
newswatchman.com	5196	2026-08-09
newsweek.com	288842	2026-08-09
newswest9.com	42241	2026-06-26
newswire.ca	22172	2026-08-08
newswire.net	5051	2026-08-06
newswiretoday.com	28582	2026-08-08
newswise.com	41334	2026-08-09
newsx.com	62614	2026-08-09
newsy.com	19898	2023-01-04
newtelegraphng.com	6479	2026-03-19
newtimesslo.com	8507	2026-08-06
newtoncountytimes.com	12131	2026-07-30
newtondailynews.com	7074	2026-08-08
newtownbee.com	13905	2026-08-09
newvision.co.ug	15728	2026-08-09
newwestrecord.ca	69228	2025-08-01
newyorker.com	16712	2026-08-09
newyorkstatesman.com	50227	2026-08-09
newyorktelegraph.com	177998	2026-08-09
newzealandstar.com	51178	2026-08-09
newzimbabwe.com	34382	2026-08-09
nextbigfuture.com	6358	2026-08-08
nextbigwhat.com	8730	2026-08-07
nextshark.com	11447	2026-08-07
nfl.com	9180	2026-03-18
nflspinzone.com	5063	2026-08-09
nhbr.com	7075	2026-08-07
nhk.or.jp	17436	2026-07-08
nhl.com	22373	2026-03-19
nhpbs.org	20984	2026-08-09
nhpr.org	27828	2026-08-08
nhregister.com	170698	2026-06-22
niagara-gazette.com	27511	2026-08-09
niagarafallsreview.ca	83525	2026-08-09
niagarathisweek.com	10370	2026-08-09
nichegamer.com	14073	2026-08-08
nigerianbulletin.com	9228	2026-07-01
nigerianeye.com	66469	2026-08-09
nigerianobservernews.com	14335	2026-08-09
nigerianpilot.com	7331	2020-10-27
nigeriasun.com	85056	2026-08-09
nih.gov	6202	2026-08-06
nikkei.com	16271	2026-08-09
nine.com.au	11530	2026-07-07
ninernoise.com	5719	2026-08-09
ninersnation.com	15564	2026-08-09
nintendoeverything.com	12593	2026-08-09
nintendolife.com	34755	2026-08-09
nintendoworldreport.com	15724	2026-08-09
nipawinjournal.com	10212	2026-06-28
niyitabiti.net	5586	2023-01-29
nj.com	120944	2026-02-23
nj1015.com	53498	2026-08-09
njbiz.com	17043	2026-06-04
njherald.com	11636	2023-09-11
nknews.org	10899	2026-08-07
nkytribune.com	10134	2026-03-11
nltimes.nl	22821	2026-08-09
nme.com	59918	2026-08-09
nmpoliticalreport.com	5484	2026-08-09
nna-leb.gov.lb	16290	2023-10-07
nny360.com	63548	2026-08-09
noise11.com	14408	2026-08-09
nola.com	80324	2026-08-09
nonpareilonline.com	59088	2026-08-09
noodls.com	5116	2025-05-02
noosanews.com.au	45618	2021-04-28
noozhawk.com	41013	2026-08-09
norfolkandtillsonburgnews.com	43489	2026-06-22
norfolkdailynews.com	32910	2026-08-09
norfolktoday.ca	10790	2026-08-07
normantranscript.com	25636	2026-08-07
northafricapost.com	13388	2026-08-09
northamptonchron.co.uk	23233	2025-01-23
northantstelegraph.co.uk	18240	2025-01-23
northbaynipissing.com	6766	2026-08-09
northcentralpa.com	34768	2026-08-09
northcoastcitizen.com	5728	2025-09-25
northcoastjournal.com	13091	2026-08-06
northcountrynow.com	66843	2026-08-09
northcountrypublicradio.org	55676	2026-08-09
northdenvernews.com	5839	2026-08-06
northdevongazette.co.uk	9532	2026-05-20
northeasttoday.in	14916	2026-08-09
northern-times.co.uk	46124	2026-08-09
northerndailyleader.com.au	103800	2026-08-09
northernirelandnews.com	19738	2024-12-03
northernirelandworld.com	23257	2025-01-23
northernminer.com	8450	2026-08-08
northernnews.ca	51109	2026-08-09
northernpublicradio.org	58863	2026-08-09
northernstar.com.au	43139	2021-04-28
northernstar.info	7048	2026-07-24
northernvirginiamag.com	5385	2026-08-07
northescambia.com	19125	2026-08-09
northfortmyersneighbor.com	6275	2026-08-08
northislandgazette.com	31191	2026-08-09
northjersey.com	17610	2023-09-11
northkoreatimes.com	34705	2026-08-09
northplattebulletin.com	6051	2026-08-07
northqueenslandregister.com.au	30978	2026-08-09
northsomersettimes.co.uk	33793	2026-08-09
northumberlandgazette.co.uk	17505	2025-01-23
northumberlandnews.com	6936	2026-08-09
northwaleschronicle.co.uk	106393	2026-08-09
northwalespioneer.co.uk	109722	2026-08-09
northwestgeorgianews.com	145460	2026-08-09
northwestmoinfo.com	24398	2026-08-07
northwestsignal.net	41082	2026-08-08
northweststar.com.au	61510	2026-08-09
northwichguardian.co.uk	125841	2026-08-09
norwichbulletin.com	8631	2023-09-11
nottinghampost.com	123332	2026-08-09
nova.ie	26447	2026-08-09
novinite.com	66417	2026-08-09
nowgrenada.com	6321	2026-08-09
nownews.com	14527	2022-10-31
nowtoronto.com	18392	2026-07-30
npr.org	141201	2026-08-09
nptelegraph.com	45598	2026-08-07
nrl.com	13669	2026-08-09
nrn.com	15635	2026-08-08
nrq.com	6088	2026-08-03
nrtoday.com	28073	2026-08-09
nsnews.com	74080	2026-07-30
nst.com.my	19661	2025-09-22
ntnews.com.au	51861	2024-07-22
ntv.co.ug	23423	2026-08-09
nuclear-news.net	19012	2026-08-09
nugget.ca	62581	2026-08-09
nujournal.com	14219	2026-08-09
numberfire.com	17288	2025-10-21
nurseryworld.co.uk	5910	2026-06-19
nursingtimes.net	10323	2026-08-08
nutraingredients-usa.com	6370	2025-10-15
nutraingredients.com	7452	2026-08-07
nvdaily.com	71927	2026-08-09
nvi.com.au	47738	2026-08-09
nwaonline.com	81161	2026-08-09
nwasianweekly.com	5589	2025-12-21
nwemail.co.uk	170963	2026-08-09
nwfdailynews.com	15489	2023-09-11
nwherald.com	10392	2023-05-01
nwitimes.com	107165	2026-08-09
ny1.com	5132	2026-04-22
nyasatimes.com	25385	2026-08-09
nydailynews.com	154601	2026-08-09
nylon.com	5390	2026-08-07
nymag.com	11953	2026-08-07
nynganobserver.com.au	45246	2026-08-09
nyoooz.com	21742	2026-08-03
nypost.com	247995	2026-08-09
nystateofpolitics.com	15778	2026-08-09
nysun.com	20782	2026-08-09
nytimes.com	288865	2026-08-09
nzcity.co.nz	272666	2026-08-09
nzdoctor.co.nz	20382	2026-08-09
nzherald.co.nz	302965	2026-08-09
oakdaleleader.com	7446	2026-08-07
oakridger.com	9789	2023-09-11
oann.com	70639	2026-08-09
oanow.com	32806	2026-08-09
oaoa.com	38684	2025-05-15
obantimes.co.uk	12192	2024-01-25
oberonreview.com.au	48533	2026-08-09
obj.ca	10564	2026-08-08
obozrevatel.com	40531	2025-03-05
obrag.org	7532	2026-08-09
observer-reporter.com	21916	2026-08-09
observer.com	8804	2026-08-08
observer.ug	34372	2026-08-09
observertoday.com	25915	2026-08-09
oc-breeze.com	12900	2023-04-02
ocala.com	12103	2023-09-11
ocbj.com	6062	2026-08-08
oceanfm.ie	15074	2026-08-09
ocj.com	9891	2026-08-09
ocregister.com	76370	2026-08-09
odnako.org	26154	2026-08-09
odt.co.nz	59758	2026-08-09
odwyerpr.com	11460	2026-08-07
oedigital.com	18164	2026-08-07
offalyexpress.ie	62753	2026-05-12
offalyindependent.ie	40423	2026-08-09
officer.com	7211	2026-08-08
offshore-energy.biz	10861	2025-01-22
offshore-technology.com	10850	2026-08-07
ofm.co.za	18703	2026-08-09
og979.com	21908	2026-05-15
ohiostandard.com	41684	2026-08-09
ohsonline.com	5270	2026-08-08
oilandgas360.com	17313	2026-08-08
oilcity.news	6882	2025-04-03
oilprice.com	43129	2026-08-09
oilvoice.com	10120	2020-12-14
oireachtas.ie	10218	2026-08-07
ojaivalleynews.com	11063	2026-08-08
ok.co.uk	127717	2026-08-09
okaz.com.sa	9502	2026-08-09
okcfox.com	37329	2026-08-09
okgazette.com	5451	2026-08-09
oklahomacitysun.com	37618	2026-08-09
oklahoman.com	55294	2023-09-11
oklahomastar.com	21529	2026-08-09
okotoksonline.com	14732	2026-08-09
okotokstoday.ca	8948	2023-03-29
oldham-chronicle.co.uk	12794	2026-08-08
oleantimesherald.com	86484	2026-08-09
omaha.com	179567	2026-08-09
omakchronicle.com	14711	2026-08-09
omanobserver.om	36891	2026-08-09
ominecaexpress.com	26325	2026-08-09
on3.com	5021	2026-03-19
onclive.com	16070	2026-01-16
oncologynurseadvisor.com	6110	2026-08-07
onegreenplanet.org	32627	2026-08-07
oneidadispatch.com	35687	2026-08-09
oneindia.com	61342	2026-08-09
onenewsnow.com	10704	2021-08-10
onenewspage.com	286199	2026-08-09
onlineathens.com	9456	2023-09-11
onlinenigeria.com	70549	2025-03-25
onlineopinion.com.au	9288	2026-08-07
onthewater.com	5587	2026-08-07
onthewight.com	16333	2026-08-09
onwardstate.com	12581	2026-08-08
opalesque.com	5389	2026-08-07
opb.org	7713	2026-04-01
opednews.com	8631	2026-08-09
openpr.com	740118	2026-08-06
openthemagazine.com	10025	2026-08-09
opinionnigeria.com	31778	2026-08-09
opportunitiesforafricans.com	11008	2026-08-07
optics.org	8537	2026-03-25
orangeobserver.com	9356	2025-09-10
orangeville.com	6482	2026-08-09
orangevilletoday.ca	7230	2026-08-07
orcadian.co.uk	5022	2026-08-09
order-order.com	6865	2025-09-01
oregonlive.com	77250	2026-02-23
organiser.org	32731	2026-08-09
origin-businesstoday.intoday.in	40947	2021-06-25
originalfm.com	16807	2025-12-12
orissabarta.com	45115	2026-03-06
orissadiary.com	27875	2026-08-09
orissapost.com	135799	2026-08-09
orlandoecho.com	50750	2026-08-09
orlandosentinel.com	115951	2026-08-09
orlandoweekly.com	14779	2026-08-08
orlytaitzesq.com	27044	2026-08-08
orovillemr.com	14795	2026-08-09
oskaloosa.com	45021	2026-08-08
oskynews.org	6229	2026-08-06
oswegocountynewsnow.com	13140	2026-08-09
oswegocountytoday.com	12449	2026-08-08
ottawa.ctvnews.ca	29397	2025-01-23
ottawacitizen.com	53818	2026-08-09
ottawaherald.com	5736	2026-06-06
ottawasun.com	64829	2026-08-09
ottumwacourier.com	64508	2026-08-09
oudaily.com	6377	2026-08-07
ourmidland.com	73223	2025-12-18
ourtribune.com	5164	2022-10-28
out.com	7706	2026-08-08
outbreaknewstoday.com	7571	2024-04-16
outdoorlife.com	5220	2026-08-09
outdoornews.com	14169	2026-07-30
outdoornewsdaily.com	5453	2023-05-06
outerbanksvoice.com	9097	2026-08-09
outinperth.com	5596	2026-08-09
outlookindia.com	132108	2026-08-09
outsidelands.org	6554	2026-08-09
outsideonline.com	10778	2026-08-09
overdrive.in	5987	2026-08-07
overdriveonline.com	6211	2026-05-27
owensoundsuntimes.com	26135	2026-08-09
oxfordmail.co.uk	238457	2026-08-09
oxygen.com	5013	2026-08-08
oyetimes.com	10764	2026-08-07
packers.com	7707	2026-08-09
packworld.com	8007	2025-12-28
padovanews.it	13473	2026-08-08
paducahsun.com	18878	2026-08-09
pagalguy.com	16438	2026-08-06
pagesix.com	50026	2026-08-09
pagosadailypost.com	7540	2026-08-09
pagosasun.com	13430	2026-08-09
paherald.sk.ca	14270	2026-08-08
pajhwok.com	26285	2026-08-09
pakistanpressfoundation.org	7318	2026-08-06
pakistantelegraph.com	98962	2026-08-09
pakistantoday.com.pk	30141	2026-08-09
pakobserver.net	82615	2026-08-09
palatinate.org.uk	9038	2026-08-09
palestinechronicle.com	8588	2025-08-01
palestineherald.com	10895	2026-08-09
palestinemonitor.org	38912	2026-05-15
palmbeachdailynews.com	7786	2023-09-11
palmbeachpost.com	26187	2023-09-11
palmcoastobserver.com	5119	2023-02-01
palmettobusinessdaily.com	6608	2024-01-26
paloaltoonline.com	18569	2026-08-09
pamplinmedia.com	24300	2022-12-14
panapress.com	23117	2026-05-10
panarmenian.net	24741	2026-07-30
pandct.com	10486	2026-02-15
panorama.am	26656	2026-08-09
panow.com	83257	2026-08-09
pantagraph.com	90309	2026-08-09
paperads.com	17379	2026-07-22
paperpk.com	13989	2026-07-20
parabolicarc.com	8426	2023-11-29
parade.com	9416	2025-09-12
paradisepost.com	11643	2026-08-09
parentherald.com	13164	2026-08-09
parents.com	7116	2026-03-17
parisguardian.com	66159	2026-08-09
parisstaronline.com	39439	2026-08-09
parkeschampionpost.com.au	20452	2026-08-07
parking-net.com	6510	2025-03-11
parking.net	10535	2026-08-07
parkrapidsenterprise.com	31588	2026-08-09
parkrecord.com	18251	2026-08-09
parliament.gov.to	20420	2026-06-29
parrysound.com	7471	2026-08-09
parsonssun.com	15493	2026-08-01
pasadenastarnews.com	45759	2026-08-09
pasoroblesdailynews.com	16862	2026-08-08
pastemagazine.com	11281	2026-08-09
patch.com	237876	2026-08-08
patentlyapple.com	6478	2024-07-30
patheos.com	32796	2026-06-18
patriotledger.com	9693	2023-09-11
patriotpost.us	36569	2026-08-09
patriots.com	6313	2026-08-08
pauldavisoncrime.com	8928	2026-08-08
paulickreport.com	26925	2026-02-06
paultan.org	34005	2026-08-09
paysonroundup.com	10002	2026-08-07
pbcommercial.com	7169	2026-04-07
pbn.com	8460	2026-04-18
pbs.org	26107	2026-08-07
pc-tablet.co.in	7418	2025-04-05
pcgamesn.com	29751	2026-08-09
pcmag.com	38734	2026-08-09
pctechmag.com	6768	2026-08-09
pcworld.co.nz	5685	2023-01-27
peacearchnews.com	36386	2026-08-09
peacefmonline.com	145649	2025-01-26
peakoil.com	17473	2026-08-09
peconicpublicbroadcasting.org	6972	2020-06-16
pedestrian.tv	30608	2026-08-09
peeblesshirenews.com	93878	2026-08-09
pehub.com	15029	2026-08-07
pembinavalleyonline.com	25386	2026-08-09
pembrokeobserver.com	38540	2026-08-09
pembroketoday.ca	11650	2026-08-08
penarthtimes.co.uk	116409	2026-08-09
penbaypilot.com	37204	2026-08-09
pendletoday.co.uk	5505	2021-12-13
peninsulaclarion.com	5027	2026-08-08
peninsuladailynews.com	11395	2026-08-09
pennlive.com	108037	2026-03-08
pennrecord.com	13340	2025-05-21
pensacolasjet.com	6267	2026-08-09
pentictonherald.ca	85152	2026-08-09
people.com	58098	2026-02-05
peoplesdailyng.com	33481	2026-04-09
peoplesreview.com.np	6324	2026-08-09
peoplesworld.org	18191	2026-08-07
peoriapublicradio.org	14883	2021-05-05
perezhilton.com	34396	2026-08-08
performancedrive.com.au	13678	2025-07-21
perhamfocus.com	25031	2026-08-09
perishablenews.com	21648	2026-08-09
perrynewspapers.com	5214	2026-08-07
personneltoday.com	9051	2026-08-07
perthnow.com.au	79132	2026-08-09
petapixel.com	12642	2026-08-09
peterboroughtoday.co.uk	19466	2025-01-23
petoskeynews.com	13149	2023-09-11
pghcitypaper.com	9642	2026-04-25
phandroid.com	17500	2026-08-08
pharmaceuticalonline.com	9716	2026-08-09
pharmacytimes.com	12321	2026-03-25
pharmatimes.com	5524	2026-08-06
pharmiweb.com	39419	2026-06-01
pharostribune.com	19960	2026-08-08
philamirror.info	7659	2026-05-24
philenews.com	18599	2026-07-23
philippinetimes.com	90058	2026-08-09
phillymag.com	6441	2026-08-07
phillytrib.com	40551	2026-08-09
phillyvoice.com	35230	2026-08-09
philstar.com	169447	2026-08-09
phinphanatic.com	6054	2026-08-09
phnompenhpost.com	44711	2026-07-31
phoenixfm.com	6517	2026-08-08
phoenixherald.com	108936	2026-08-09
phoenixnewtimes.com	7877	2026-08-08
phoenixvillenews.com	8403	2021-09-28
phonearena.com	41624	2025-08-21
phoronix.com	9795	2026-07-29
photonics.com	8114	2026-01-03
photonicsonline.com	5448	2026-08-06
phys.org	148868	2026-01-29
physiciansweekly.com	7449	2026-01-06
pikefm.com	9901	2026-08-09
pilotonline.com	70525	2026-08-09
pina.com.fj	20793	2026-08-09
pinchercreekecho.com	8873	2026-08-09
pineandlakes.com	34290	2026-08-09
pineisland-eagle.com	7370	2026-08-09
pinkbike.com	9096	2024-08-26
pinknews.co.uk	20157	2022-11-29
pinkun.com	5191	2025-12-06
pinkvilla.com	221124	2026-08-09
pinstripealley.com	19437	2026-08-09
pionline.com	18259	2026-06-18
piquenewsmagazine.com	60540	2025-09-05
pireport.org	10966	2026-08-07
pistonheads.com	5655	2026-08-09
pitchfork.com	17716	2026-08-09
pittsburghmagazine.com	6084	2026-08-07
pittsburghstar.com	114065	2026-08-09
piworld.com	8052	2026-08-07
pix11.com	19492	2025-06-12
pizzamarketplace.com	5491	2026-08-07
pjmedia.com	48401	2026-08-09
pjstar.com	10980	2023-09-11
placenorthwest.co.uk	17006	2026-06-04
plaintalk.net	5660	2026-08-08
planetf1.com	46569	2026-08-09
planetizen.com	14972	2025-07-30
planetprinceton.com	10637	2026-08-09
plansponsor.com	6388	2026-07-31
plasticsnews.com	9513	2026-04-29
playbill.com	24599	2026-08-09
playstationlifestyle.net	16105	2026-08-07
pleasantonweekly.com	12497	2026-08-09
plenglish.com	61986	2026-08-05
plos.org	5971	2026-08-07
pluggedin.com	5465	2026-08-07
plymouthherald.co.uk	104484	2026-08-09
pmlive.com	10030	2026-08-07
pmnewsnigeria.com	54618	2026-08-09
pna.gov.ph	7058	2026-03-08
pnj.com	13200	2023-09-11
poandpo.com	22819	2025-05-09
pocket-lint.com	26516	2026-08-09
pocketgamer.com	7630	2026-08-09
pocketnow.com	11447	2025-09-04
poconorecord.com	7358	2023-09-11
pokernews.com	33908	2026-08-09
polandsun.com	5706	2023-12-21
police1.com	7510	2026-07-26
polishforums.com	9779	2026-08-08
politicaldog101.com	30798	2026-08-09
politicalwire.com	57014	2026-08-09
politico.com	67856	2025-11-05
politico.eu	41496	2026-08-09
politics.co.uk	8819	2026-08-06
politicsweb.co.za	10579	2026-08-09
politicususa.com	7324	2026-02-28
politifact.com	12867	2026-08-08
polity.org.za	34059	2025-01-23
polkio.com	18633	2026-08-08
polygon.com	36395	2026-08-09
poncacitynews.com	9863	2026-08-09
pontefractandcastlefordexpress.co.uk	5456	2021-12-14
popcrush.com	18285	2026-08-09
popmatters.com	6121	2025-10-29
popsci.com	12679	2026-08-09
popsugar.com	65052	2026-08-07
popsugar.com.au	14474	2025-05-08
popularmechanics.com	14990	2026-08-09
portageonline.com	27240	2026-08-09
portcitydaily.com	15802	2026-08-09
portclintonnewsherald.com	6288	2023-09-11
portfolio-adviser.com	7221	2026-08-07
portlandmercury.com	12034	2026-08-08
portlandtribune.com	8665	2026-08-09
portnews.com.au	64156	2026-08-09
portsmouth-dailytimes.com	7643	2026-08-08
portsmouth.co.uk	25284	2025-01-23
portstephensexaminer.com.au	57458	2026-08-09
positivelyfilipino.com	6137	2026-08-05
post-journal.com	24567	2026-08-09
postandcourier.com	122542	2026-08-09
postbulletin.com	62803	2026-08-09
postcourier.com.pg	43197	2026-08-09
postcrescent.com	12995	2023-09-11
postindependent.com	14366	2026-08-08
postnewsgroup.com	6564	2026-08-09
postonline.co.uk	9088	2026-08-07
postregister.com	68771	2026-08-09
poststar.com	66224	2026-08-07
potchefstroomherald.co.za	10484	2023-10-04
potomaclocal.com	14354	2026-08-07
pottsmerc.com	50540	2026-08-09
poughkeepsiejournal.com	7141	2023-09-11
poundingtherock.com	8901	2026-08-09
powderbulksolids.com	7613	2026-08-07
powelltribune.com	18711	2026-08-09
power-technology.com	11652	2026-08-07
power103.com	8338	2026-08-08
power1057.com	7567	2026-08-09
power1069fm.com	22458	2026-08-09
power923.com	6357	2026-08-09
power959.com	19876	2026-08-08
power965.com	6877	2025-01-27
power96radio.com	51082	2026-08-09
power98fm.com	23722	2026-08-09
powerboise.com	5239	2026-07-01
powerlineblog.com	11521	2026-07-02
powermag.com	6156	2026-08-06
powerorlando.com	7896	2026-08-08
powerpage.org	7064	2026-01-18
poynter.org	5498	2026-08-07
pqbnews.com	32077	2026-08-09
pr-inside.com	180497	2026-08-09
pr.com	16850	2026-08-08
pragativadi.com	53804	2026-08-09
prairiepublic.org	42556	2026-08-09
praise933.com	5194	2024-04-28
prajasakti.com	11555	2026-06-26
pratttribune.com	5184	2023-09-12
predominantlyorange.com	7804	2026-08-09
premierchristianradio.com	11066	2023-06-07
premiumbeautynews.com	5995	2026-08-07
premiumtimesng.com	110351	2026-08-09
prescottenews.com	9377	2026-08-04
press-citizen.com	9004	2023-09-11
pressandguide.com	17310	2025-11-04
pressandjournal.co.uk	196721	2025-05-27
pressconnects.com	6069	2023-09-11
pressdemocrat.com	31651	2026-08-09
pressenterpriseonline.com	87096	2026-01-28
pressenza.com	12464	2026-08-09
pressgazette.co.uk	7271	2026-08-07
pressherald.com	132517	2026-08-09
pressofatlanticcity.com	82879	2026-08-09
pressparty.com	8869	2026-01-02
presspublications.com	6473	2026-08-06
presspubs.com	7682	2026-08-07
pressreleasepoint.com	60651	2026-07-27
pressrepublican.com	20039	2026-08-09
presstelegram.com	46352	2026-08-09
presstv.com	18559	2021-06-22
presstv.ir	65484	2026-07-22
prestigeonline.com	8908	2026-08-07
prestwichandwhitefieldguide.co.uk	18621	2023-03-07
prevention.com	11675	2026-08-09
prima.co.uk	8693	2026-08-09
primepublishers.com	5213	2026-08-08
princegeorgecitizen.com	137171	2025-09-05
princeton.edu	9092	2026-07-31
princetonol.com	11374	2026-08-09
printingnews.com	8737	2022-11-18
printweek.com	9505	2026-05-29
printweek.in	8763	2026-08-09
prisonplanet.com	5519	2026-07-27
prleap.com	9526	2026-08-07
prnewswire.co.uk	14847	2026-08-07
prnewswire.com	1301249	2026-08-09
proactiveinvestors.co.uk	60925	2026-08-09
proactiveinvestors.com	63546	2026-08-09
proactiveinvestors.com.au	34004	2026-08-08
probuilder.com	7479	2026-08-07
producer.com	14827	2025-05-22
professionaladviser.com	13660	2026-08-07
professionalpensions.com	10894	2026-08-07
progress-index.com	6209	2023-09-11
progressive-charlestown.com	20196	2026-08-09
progressivegrocer.com	7553	2025-09-09
progressiverailroading.com	10542	2026-08-09
projectnoah.org	19434	2026-07-30
prokerala.com	629766	2026-08-09
prolificnorth.co.uk	21481	2026-07-21
promptnewsonline.com	38490	2026-08-09
propakistani.pk	83925	2026-08-09
propertyweek.com	27465	2026-08-07
propublica.org	5423	2026-08-07
prospectmagazine.co.uk	8158	2026-08-08
providencejournal.com	22218	2023-09-11
prowrestling.net	18183	2026-08-09
prpeak.com	86658	2025-09-05
prrecordgazette.com	12739	2026-08-09
prunderground.com	11996	2026-08-09
prweb.com	172508	2026-07-25
prweek.com	13527	2026-07-02
psu.com	7048	2025-06-06
psu.edu	24985	2026-08-07
psychcentral.com	5022	2024-10-01
psychiatryadvisor.com	8652	2026-08-05
psychologytoday.com	23395	2026-07-07
ptinews.com	297015	2024-03-31
ptleader.com	7365	2026-08-09
publicnewsservice.org	19341	2025-08-20
publicnow.com	17005	2022-09-16
publicradioeast.org	53159	2026-08-09
publicradiotulsa.org	55411	2026-08-09
publishersweekly.com	20793	2026-08-08
pullmanradio.com	13356	2026-08-08
pulse.com.gh	49036	2026-03-19
pulse.ng	86874	2026-03-18
punchjump.com	11265	2026-08-08
punchng.com	290689	2026-08-09
punknews.org	9205	2026-08-09
punto.com.ph	8749	2026-08-09
purdueexponent.org	36646	2026-08-08
purerock96.com	9271	2026-08-09
purplerow.com	5929	2026-08-09
pushsquare.com	29263	2026-08-09
pv-magazine.com	18465	2026-06-04
pv-tech.org	13469	2026-08-07
pvvt.com	5678	2026-08-05
pwcs.edu	10390	2022-08-01
pymnts.com	23099	2026-08-08
q102.ie	16918	2026-08-08
q105.fm	6576	2026-08-09
q1057.com	9648	2026-08-07
q1061.com	8208	2026-08-08
q1065.fm	23750	2026-08-09
q106dot5.com	21481	2026-08-09
q106fm.com	8219	2026-08-07
q107.com	20430	2026-08-09
q1077.com	24839	2026-08-07
q107fm.ca	6514	2020-06-10
q108.com	7845	2026-08-06
q13fox.com	32112	2023-04-18
q93fm.com	14717	2026-08-08
q957.com	18815	2025-10-31
q95fm.net	8601	2026-07-27
q961.com	23684	2026-08-09
q985online.com	37496	2026-08-09
q98fm.com	6924	2026-08-09
qatar-tribune.com	33043	2026-08-09
qatarliving.com	8267	2026-08-09
qchron.com	13001	2026-08-09
qconline.com	70054	2026-08-09
qctimes.com	96144	2026-08-09
qns.com	11979	2026-08-09
qsrmagazine.com	6347	2026-02-19
qsrweb.com	7006	2026-08-07
qt.com.au	56636	2021-06-23
quadcitiesdaily.com	21617	2026-01-02
queanbeyanage.com.au	68352	2026-08-09
queensjournal.ca	5196	2026-08-04
queenslandcountrylife.com.au	49882	2026-08-09
queerty.com	6637	2026-06-22
quesnelobserver.com	29446	2026-08-09
quickcountry.com	47880	2026-08-09
quicknews-africa.net	36797	2026-08-08
quickworldnews.com	19319	2021-10-16
quintenews.com	27246	2026-08-09
qvc.com	59059	2026-07-08
qxmagazine.com	26771	2026-07-27
qz.com	34087	2026-04-13
racer.com	13748	2026-01-08
radaronline.com	33068	2026-08-09
radio.com	43725	2025-12-15
radio.gov.pk	57641	2026-08-09
radiocayman.gov.ky	8175	2026-08-09
radioinfo.com.au	6174	2025-01-22
radioink.com	14874	2026-08-09
radioiowa.com	16240	2026-07-27
radiojamaicanewsonline.com	29657	2026-08-08
radiokerry.ie	24570	2026-08-09
radiokorea.com	28814	2026-06-20
radiotamazuj.org	12991	2026-08-09
radiotimes.com	40159	2026-08-09
radiotoday.co.uk	5745	2026-08-08
radiotoday.com.au	8181	2025-06-14
radiousa.com	8235	2026-08-05
radiox.co.uk	6766	2026-08-07
radyonatin.com	11629	2025-10-03
rafu.com	5334	2026-08-08
ragtrader.com.au	7626	2026-08-07
railpage.com.au	73388	2023-10-15
railway-technology.com	5672	2026-08-07
railwayage.com	8580	2026-01-31
railwaygazette.com	10819	2026-08-09
rap-up.com	9390	2026-02-07
rapidcityjournal.com	58660	2026-08-08
rapidtvnews.com	6195	2026-02-17
rappler.com	83451	2026-08-09
rappnews.com	9564	2026-08-09
rapsinews.com	6019	2025-12-09
rashtranews.com	23678	2026-08-04
rasmussenreports.com	7714	2026-08-07
ravallirepublic.com	53733	2026-08-09
rawstory.com	63103	2026-08-09
rbj.net	12065	2026-06-04
rbth.com	6310	2026-08-07
rcps.info	37674	2026-06-15
rcreader.com	7932	2026-08-09
rcrwireless.com	8417	2026-08-07
reachfm.ca	13597	2026-01-01
readingchronicle.co.uk	137054	2026-08-09
readingeagle.com	57618	2026-08-09
readmedia.com	32136	2026-08-06
readwrite.com	6433	2024-10-10
realclearpolitics.com	31789	2026-05-17
realestate.com.au	14006	2026-08-09
realestatebusiness.com.au	8864	2026-08-09
realgeni.com	32458	2025-04-16
realitytea.com	41492	2026-08-09
realitytvworld.com	35692	2026-08-07
realradio804.com	6375	2026-08-07
realscreen.com	6878	2026-06-24
reason.com	15507	2026-08-09
rechargenews.com	10361	2026-08-07
record-bee.com	10735	2026-08-08
record-eagle.com	80277	2026-08-09
recordcourier.com	10467	2025-09-04
recorder.ca	47938	2026-08-09
recorder.com	34761	2026-08-09
recordernews.com	6816	2023-10-26
recorderonline.com	51828	2026-08-09
recordnet.com	9191	2023-09-11
recordonline.com	10835	2023-09-11
redandblack.com	9931	2026-08-06
redbluffdailynews.com	12652	2026-08-09
reddeeradvocate.com	21412	2026-08-08
redding.com	5466	2023-09-11
redditchadvertiser.co.uk	109527	2026-08-09
redditchstandard.co.uk	14794	2026-08-09
redeyeradioshow.com	14670	2026-08-04
redfm.ie	11624	2026-08-07
rediff.com	83579	2026-08-09
redlandcitybulletin.com.au	64074	2026-08-09
redlandsdailyfacts.com	44037	2026-08-09
redriverradio.org	56725	2026-08-09
redstate.com	75051	2026-08-09
redwatch.org.au	11819	2026-08-08
reflector.com	101292	2026-08-09
reformer.com	47159	2026-08-09
regina.ctvnews.ca	15942	2025-04-08
register-herald.com	61147	2026-08-08
registercitizen.com	111574	2026-04-21
registerguard.com	9843	2023-09-10
registerherald.com	6606	2025-09-17
rejournals.com	8752	2025-07-14
rekordeast.co.za	10868	2021-02-24
relevantmagazine.com	8433	2026-08-08
relevantradio.com	9361	2026-06-04
reliefweb.int	163718	2026-03-28
religionnews.com	16623	2026-07-17
relish.com	7240	2026-08-09
relix.com	6452	2026-08-09
renalandurologynews.com	8073	2026-08-07
renewableenergymagazine.com	10202	2026-08-07
renews.biz	22747	2025-01-23
renfrewtoday.ca	11710	2026-08-09
rep-am.com	52992	2025-02-04
repeatingislands.com	6998	2026-08-08
reporter.net	18250	2026-08-09
reporterherald.com	38389	2026-08-09
reporternews.com	9509	2023-09-11
republic-online.com	26030	2026-07-02
republicaneagle.com	5626	2026-08-04
republicanherald.com	45911	2026-08-09
republicofmining.com	6923	2026-08-07
republicworld.com	41980	2026-03-17
republikein.com.na	6387	2026-08-09
rescue.org	5790	2026-08-07
reseller.co.nz	14539	2026-08-07
resilience.org	5385	2026-08-07
respect-mag.com	5645	2026-06-11
restaurantmagazine.com	13718	2026-08-09
restaurantnews.com	13612	2026-08-08
restaurantnewsrelease.com	13364	2026-08-08
restaurantonline.co.uk	6032	2026-08-07
restonnow.com	6591	2024-05-17
retaildetail.eu	7181	2026-08-07
retaildive.com	12495	2026-08-09
retailtimes.co.uk	18509	2026-08-07
reuters.com	928661	2026-07-21
revengeofthebirds.com	6973	2026-08-09
reverb.com	6060	2022-05-04
reviewjournal.com	38924	2026-08-09
reviewonline.com	18433	2026-08-08
reviewtimes.com	6175	2020-06-10
revolutionradio.org	7537	2025-09-24
revolvermag.com	6193	2025-01-22
rewind943.com	9769	2026-08-07
rexburgstandardjournal.com	7285	2026-08-09
rfa.org	13508	2026-08-06
rfdtv.com	25412	2026-08-09
rferl.org	45912	2026-08-08
rfglobalnet.com	5406	2026-08-07
rfi.fr	62527	2026-08-08
rgj.com	9002	2023-09-11
rheaheraldnews.com	8638	2026-08-08
rheinpfalz.de	6895	2020-11-26
rhyljournal.co.uk	113652	2026-08-09
ricentral.com	6536	2026-08-07
richlandsource.com	28943	2026-08-09
richmond-news.com	74966	2025-09-05
richmond.com	91224	2026-08-09
richmondandtwickenhamtimes.co.uk	112008	2026-08-09
richmondbizsense.com	7356	2026-08-07
richmondfreepress.com	7220	2026-02-12
richmondregister.com	27549	2026-08-09
ricochet.com	33598	2025-06-14
ridgecrestca.com	9097	2026-08-08
riggosrag.com	6807	2026-08-09
rightspeak.net	12345	2026-08-09
rigzone.com	30813	2026-08-09
ringsidereport.com	6082	2026-08-08
riotimesonline.com	42412	2026-08-09
riponadvance.com	8435	2026-08-07
riponpress.com	7712	2026-08-08
ripplesnigeria.com	10801	2026-02-09
risingapple.com	5841	2026-08-09
risingbd.com	7134	2023-02-02
risingkashmir.com	6154	2025-07-25
risk.net	7858	2026-08-07
rismedia.com	14892	2026-08-08
rivals.com	5169	2025-06-14
river1037.com	15290	2026-08-01
river967.com	22216	2026-08-07
riverbender.com	7579	2025-01-23
riverfronttimes.com	8051	2025-08-16
rivergrandrapids.com	31542	2026-08-09
rivernewsonline.com	15101	2026-08-07
riviera-maya-news.com	11617	2026-08-08
rnanews.com	6581	2026-08-09
rnz.co.nz	158856	2026-08-09
road.cc	10259	2026-08-09
roadandtrack.com	12264	2026-08-09
roadsafety.co.za	10609	2026-08-09
roanoke.com	77181	2026-08-06
roarmag.org	21237	2026-08-09
robbreport.com	16573	2026-08-09
robesonian.com	5844	2026-08-08
roboticstomorrow.com	7602	2026-08-07
rochdaleonline.co.uk	11368	2025-11-25
rochestercitynewspaper.com	5405	2023-03-06
rock101.com	10988	2026-08-07
rock1015.com	6033	2026-08-09
rock107.com	10048	2026-08-07
rock937online.com	24042	2025-03-27
rock947.com	9740	2022-11-22
rock967online.com	21248	2026-08-09
rockdalenewtoncitizen.com	71515	2026-08-09
rockpapershotgun.com	20051	2026-08-09
rocksound.tv	5049	2026-08-07
rockymounttelegram.com	62061	2026-08-09
rockytopinsider.com	7974	2026-08-09
rogerebert.com	23518	2026-01-29
rollcall.com	11557	2026-08-09
rollingout.com	36521	2025-12-23
rollingstone.com	54760	2026-08-09
rollingstoneindia.com	6344	2026-08-08
romania-insider.com	15994	2026-08-07
romaniapress.com	67040	2026-08-07
romesentinel.com	13770	2026-08-09
romfordrecorder.co.uk	49565	2026-08-09
romseyadvertiser.co.uk	52579	2024-10-26
roscommonherald.ie	52094	2026-08-09
ross-shirejournal.co.uk	52187	2026-08-09
rosslandtelegraph.com	5805	2026-08-05
rotherhamadvertiser.co.uk	7306	2025-01-23
rotowire.com	12165	2026-08-09
roundupweb.com	5450	2026-08-06
routesonline.com	12955	2026-07-31
royalcentral.co.uk	13771	2026-08-09
royalgazette.com	54595	2026-08-09
royalsreview.com	8047	2026-08-09
royston-crow.co.uk	30191	2026-08-09
rozanaspokesman.com	13651	2026-08-09
rrdailyherald.com	23877	2026-08-08
rri.ro	9890	2026-08-09
rrobserver.com	6443	2026-08-09
rrr.org.au	25293	2026-08-09
rrstar.com	9459	2023-09-11
rsn.net.au	11106	2026-08-09
rstreet.org	8350	2026-08-05
rt.com	14411	2026-08-09
rte.ie	179437	2026-08-09
rthk.hk	11700	2026-07-26
rtoinsider.com	5847	2026-08-09
rtrfm.com.au	6077	2026-08-07
rttnews.com	130896	2026-08-09
rubbernews.com	9503	2026-06-18
runcornandwidnesworld.co.uk	90940	2026-08-09
runnersworld.com	10185	2026-08-09
runningmagazine.ca	6372	2026-08-09
runwaygirlnetwork.com	5635	2026-03-31
rushlane.com	8775	2026-08-09
russiaherald.com	131864	2026-08-09
russianmachineneverbreaks.com	7442	2026-08-09
russianradio7.com	8075	2025-01-20
rustourismnews.com	5899	2026-08-09
ruthfullyyours.com	25532	2026-08-01
rutland-times.co.uk	11315	2026-08-09
rutlandherald.com	40715	2026-08-08
rvasia.org	8262	2026-08-09
ryeandbattleobserver.co.uk	5120	2022-02-09
sabcnews.com	8897	2026-03-19
sacobserver.com	7011	2026-05-28
sacurrent.com	16823	2026-08-09
safc.com	10896	2024-07-16
saharareporters.com	99852	2026-08-09
sahilonline.org	11861	2026-08-09
sail-world.com	21525	2026-08-09
sailingscuttlebutt.com	8762	2026-07-12
saipantribune.com	7237	2025-05-29
sakshi.com	36429	2025-06-05
sakshipost.com	32525	2026-08-08
salemnews.com	29523	2026-08-09
salemnews.net	17189	2026-08-08
salina.com	9487	2023-09-10
salinapost.com	30893	2026-08-09
salisburyjournal.co.uk	120938	2026-08-09
salon.com	32767	2026-08-09
saltlakecitysun.com	145905	2026-08-09
saltwire.com	81654	2026-08-09
samaa.tv	60242	2026-08-09
sammobile.com	26192	2026-08-07
samoanews.com	5778	2026-08-08
samoaobserver.ws	9094	2026-08-09
sana.sy	27960	2026-08-09
sanangelolive.com	27944	2026-08-09
sanantoniopost.com	62137	2026-08-09
sandiegoreader.com	13139	2025-08-22
sandiegosun.com	177774	2026-08-09
sandiegouniontribune.com	212979	2026-08-09
sanews.gov.za	14546	2026-08-09
sanfordherald.com	52139	2026-08-09
sanilacbroadcasting.com	5339	2025-01-09
sanjuanjournal.com	5711	2026-08-09
sanmarcosrecord.com	10929	2026-08-05
santabanta.com	7339	2026-08-08
santacruzsentinel.com	21668	2026-08-09
santafenewmexican.com	62743	2026-08-09
santamariasun.com	5353	2026-08-06
santamariatimes.com	92568	2026-08-09
saobserver.net	44909	2026-08-09
saps.gov.za	37740	2025-11-19
sarajevotimes.com	5933	2026-03-02
saratogian.com	38530	2026-08-09
sarniathisweek.com	35616	2026-01-20
saskatoon.ctvnews.ca	14577	2025-01-22
satellitetoday.com	7185	2026-08-06
satnews.com	14461	2026-08-09
saudigazette.com.sa	54271	2026-03-18
saukvalley.com	7863	2020-12-17
saultstar.com	58554	2026-08-09
saultthisweek.com	48731	2026-06-22
savannahnow.com	16081	2023-09-11
savejersey.com	6083	2026-08-07
savingadvice.com	5956	2026-08-09
sb.by	18678	2026-08-07
sbcnews.co.uk	7219	2024-12-05
sbnation.com	47022	2026-08-09
sbr.com.sg	19622	2026-08-09
sbs.com.au	84026	2026-08-09
sbsun.com	44663	2026-08-09
sbwire.com	16543	2022-01-13
scallywagandvagabond.com	9018	2026-08-07
scdailypress.com	7072	2023-01-30
schoolsweek.co.uk	7252	2026-07-03
schroders.com	5010	2024-02-09
science.org	5028	2024-04-24
science20.com	7182	2026-08-09
sciencealert.com	18665	2026-08-09
scienceblog.com	14968	2026-08-09
scienceblogs.com	14580	2026-08-09
sciencebusiness.net	9408	2026-02-09
sciencedaily.com	32157	2026-08-06
sciencemag.org	12882	2021-10-07
sciencenews.org	5449	2026-08-07
scientificamerican.com	14158	2026-08-09
scmagazine.com	10578	2024-09-25
scmp.com	158184	2026-08-09
scnow.com	44773	2026-08-06
sconeadvocate.com.au	70201	2026-08-09
scoop.co.nz	280397	2026-08-09
scotsman.com	80113	2025-01-23
scottishconstructionnow.com	6765	2026-08-07
scottishhousingnews.com	6861	2026-08-07
scottishlegal.com	6134	2026-08-07
scpr.org	7524	2024-02-29
screencrush.com	10202	2026-08-07
screendaily.com	27103	2025-09-05
screenrant.com	205763	2026-08-09
scrippsnews.com	14231	2026-03-19
scroll.in	55547	2026-08-09
sctimes.com	6903	2023-09-10
scvnews.com	21503	2026-08-09
sdcexec.com	8119	2025-12-28
sdjewishworld.com	6405	2026-08-09
sdpb.org	14545	2026-08-07
se933.com	20565	2026-08-09
seacoastonline.com	17956	2024-10-24
seafoodsource.com	6470	2025-01-23
seaforthhuronexpositor.com	22450	2026-08-09
seahawks.com	6238	2026-08-09
searchenginejournal.com	6424	2026-08-08
searchengineland.com	9408	2026-08-05
searchlight.vc	22983	2026-08-07
seasideradio.co.uk	13543	2026-07-31
seatrade-maritime.com	9491	2025-01-09
seattlepi.com	165051	2025-11-18
seattletimes.com	70978	2026-07-15
securityinfowatch.com	9622	2026-08-06
sedaliademocrat.com	11997	2026-08-08
seekingalpha.com	141843	2026-08-09
seenews.com	23417	2025-11-19
segmentnext.com	12742	2025-07-30
seguingazette.com	7118	2026-08-09
seguintoday.com	5123	2026-08-08
sej.org	14891	2026-08-07
selectscience.net	14545	2026-08-07
semissourian.com	15742	2026-08-09
sen.com.au	17190	2024-11-11
senate.gov.ph	10256	2025-08-20
seneweb.com	81744	2026-04-30
sent-trib.com	33170	2025-09-17
sentinel-standard.com	6658	2023-09-09
sentinelandenterprise.com	20256	2026-08-09
sentinelassam.com	80859	2026-08-09
sentinelsource.com	22605	2025-02-13
sequimgazette.com	6151	2026-08-07
serbian.cri.cn	10520	2026-08-09
setexasrecord.com	13902	2025-05-21
sevendaysvt.com	19820	2026-08-07
seventeen.com	10866	2026-07-30
seychellesnewsagency.com	7022	2026-02-17
sfchronicle.com	86527	2025-11-18
sfexaminer.com	15368	2026-08-09
sfgate.com	557090	2026-07-08
sfist.com	16083	2026-08-09
sflcn.com	6330	2026-06-04
sfstation.com	9426	2026-08-09
sgvtribune.com	47000	2026-08-09
shabait.com	5261	2026-08-09
shacknews.com	30141	2026-08-08
shafaqna.com	39373	2026-08-09
shanghaiist.com	6071	2026-07-11
shanghainews.net	87335	2026-08-09
shanghaisun.com	153690	2026-08-09
shankennewsdaily.com	7206	2026-08-07
shannonside.ie	28631	2026-08-09
sharecast.com	18144	2026-03-26
sharechat.co.nz	5643	2026-08-07
sharenet.co.za	17871	2026-07-31
shark1053.com	22348	2026-08-07
sharonherald.com	24355	2026-08-08
sheboyganpress.com	9278	2023-09-11
shekicks.net	6394	2026-08-07
sheknows.com	28128	2026-08-09
shelbystar.com	6592	2023-09-11
sheltonherald.com	53654	2025-11-18
shephardmedia.com	8485	2026-08-07
sheppnews.com.au	6976	2025-10-15
sherbrookerecord.com	5186	2026-08-09
sheridanmedia.com	22221	2026-08-09
sherwoodparknews.com	16532	2026-08-09
shetlandtimes.co.uk	8198	2026-08-09
shetnews.co.uk	16247	2026-08-09
shieldsgazette.com	12833	2025-01-23
shine.cn	8014	2025-06-14
ship-technology.com	5381	2026-07-16
shipandbunker.com	17155	2026-08-07
shipnc.com	8494	2026-08-06
shippingtribune.com	5934	2026-08-08
shippingwatch.com	7709	2026-06-26
shockya.com	5691	2026-08-09
shorehamherald.co.uk	6130	2022-02-09
shorelinebeacon.com	23160	2026-08-09
shorelinemedia.net	23320	2026-08-09
shorenewsnetwork.com	18724	2026-03-12
shortlist.com	6664	2026-08-07
showbiz411.com	6030	2026-08-09
shreveporttimes.com	9564	2023-09-11
shropshirelive.com	11624	2026-08-09
shropshirestar.com	67852	2026-03-26
si.com	253596	2026-08-09
siasat.com	162410	2026-08-09
sidneydailynews.com	17900	2025-09-17
sidneyherald.com	11637	2026-08-09
sierraleonetimes.com	69564	2026-08-09
sierrawave.net	6233	2026-08-08
sify.com	66054	2026-08-08
signalscv.com	21958	2026-08-09
siliconangle.com	18520	2026-08-09
siliconera.com	19483	2026-08-09
siliconindia.com	22605	2026-08-08
siliconrepublic.com	19821	2026-08-07
siliconvalley.com	14693	2026-08-09
silive.com	59235	2026-02-23
silverandblackpride.com	15381	2026-08-09
silverbirdtv.com	8553	2026-08-09
simcoe.com	13744	2026-08-09
simcoereformer.ca	49928	2026-08-09
simpleflying.com	8159	2026-07-10
sina.com	68991	2025-01-09
sina.com.hk	29961	2026-08-09
singaporestar.com	75636	2026-08-09
singersroom.com	16794	2026-08-09
singletonargus.com.au	74491	2026-08-09
siouxcityjournal.com	261333	2026-08-09
siouxlandnews.com	8112	2026-08-09
sis.gov.eg	9722	2025-11-14
siskiyoudaily.com	5408	2023-09-11
sitkasentinel.com	33495	2026-08-09
sj-r.com	11627	2023-09-11
skift.com	17863	2026-08-09
sknvibes.com	12896	2026-08-09
skopjediem.com	6519	2026-08-07
sky.com	87576	2026-07-22
skymetweather.com	6185	2026-08-08
skynews.com.au	72895	2026-07-26
slamonline.com	5481	2025-09-10
slashdot.org	5538	2024-09-09
slashfilm.com	42296	2026-08-09
slashgear.com	56054	2026-08-09
slate.com	42146	2026-08-09
sleepreviewmag.com	5195	2026-08-07
slguardian.org	23662	2026-08-09
slippedisc.com	6997	2026-08-09
slotocash.im	6832	2023-11-30
sloughobserver.co.uk	112585	2026-08-09
sloveniatimes.com	12811	2025-11-18
sltrib.com	30201	2026-08-09
slugmag.com	5321	2026-08-09
smallbiztrends.com	12959	2026-08-09
smallwarsjournal.com	6274	2026-06-04
smartcanucks.ca	13586	2026-08-09
smartcompany.com.au	9965	2026-08-07
smartpropertyinvestment.com.au	6191	2026-08-09
smdailyjournal.com	137001	2026-07-31
smdp.com	12315	2026-08-09
smenet.org	5086	2026-08-08
smetimes.in	13949	2026-08-07
smh.com.au	267932	2026-08-09
smithsonianmag.com	5383	2026-08-07
smn-news.com	15737	2026-08-09
smnewsnet.com	11006	2026-03-23
smokymountainnews.com	9115	2026-08-06
snl24.com	37194	2026-07-02
snntv.com	12417	2024-07-01
snopes.com	13727	2026-03-19
so-co-it.com	5992	2026-07-02
soapoperadigest.com	6106	2026-08-07
socaltech.com	5712	2025-12-24
socialistparty.org.uk	5103	2025-01-22
socialmediatoday.com	12712	2026-08-07
sofiaglobe.com	9549	2026-08-09
sofrep.com	14334	2026-04-18
softpedia.com	5650	2024-12-01
softrock941.com	5118	2023-02-13
soglos.com	5891	2026-08-06
sojo1049.com	41726	2026-08-09
solomonstarnews.com	9202	2026-04-30
somdnews.com	21296	2026-08-09
somerset-kentucky.com	30700	2026-08-08
somersetcountygazette.co.uk	189893	2026-08-09
somersetlive.co.uk	95143	2026-08-09
sooeveningnews.com	5730	2023-09-09
sookenewsmirror.com	38651	2026-08-09
soompi.com	33724	2026-08-09
sott.net	72583	2026-08-09
sounderatheart.com	7476	2026-08-09
soundonsound.com	25580	2026-08-09
southbendtribune.com	14724	2023-09-11
southcarolinapublicradio.org	76368	2026-08-09
southcoastregister.com.au	51380	2026-08-09
southcoasttoday.com	12183	2025-05-13
southdadenewsleader.com	8782	2026-08-09
southeastagnet.com	6266	2026-08-08
southeastasiapost.com	99646	2026-08-09
southeastradio.ie	8489	2026-08-09
southeastsun.com	5753	2025-01-17
southernhighlandnews.com.au	63190	2026-08-09
southernliving.com	11781	2026-03-17
southernminn.com	91196	2026-08-09
southernstandard.com	5879	2025-07-19
southernstar.ie	12962	2026-08-09
southgatearc.org	6902	2022-10-08
southpeacenews.com	8403	2026-08-09
southtahoenow.com	54243	2026-08-09
southwalesargus.co.uk	192533	2026-08-09
southwalesguardian.co.uk	94487	2026-08-09
southwhidbeyrecord.com	6035	2026-08-08
sowetan.co.za	5888	2026-08-09
sowetanlive.co.za	56173	2025-10-16
soyacincau.com	15851	2026-08-09
space.com	23645	2026-08-09
spacecoastdaily.com	12078	2026-08-09
spacedaily.com	21115	2026-08-09
spacewar.com	31580	2026-08-09
spaldingtoday.co.uk	8426	2023-12-04
spanishvida.com	5286	2026-08-09
spartaindependent.com	5394	2026-08-06
spectator.co.uk	41838	2025-12-16
spectator.org	8343	2026-08-09
spectator.sme.sk	10290	2026-02-18
spectrumlocalnews.com	9095	2026-06-26
spectrummagazine.org	5950	2024-10-24
spectrumnews1.com	7443	2026-02-12
speedcafe.com	31904	2026-08-08
speedwaymedia.com	16300	2026-08-09
spencerdailyreporter.com	5665	2026-08-07
spiked-online.com	6808	2026-08-09
spin.com	7322	2026-03-12
spin1038.com	7497	2026-08-07
spoilertv.com	27872	2026-08-09
spokanepublicradio.org	63832	2026-08-09
spokesman.com	58461	2026-08-09
sportsnet.ca	5652	2022-01-17
spotlightnepal.com	8172	2026-08-09
spotrac.com	56954	2026-08-09
springer.com	5537	2026-08-09
springfieldnewssun.com	53962	2026-08-09
sprucegroveexaminer.com	16444	2026-08-09
sputnikglobe.com	35352	2026-08-09
sputniknews.com	115856	2023-04-05
squamishchief.com	72879	2025-09-05
squatchrocks.com	44175	2026-08-09
srilankamirror.com	14364	2026-08-09
srilankasource.com	97172	2026-08-09
srpressgazette.com	6407	2026-08-09
ssuchronicle.com	20914	2020-04-15
stabroeknews.com	84877	2026-03-26
staffingindustry.com	7493	2024-12-01
stalbansreview.co.uk	82873	2025-12-09
stalbertgazette.com	58824	2025-09-05
stamfordadvocate.com	157056	2025-06-12
stamfordmercury.co.uk	8132	2023-12-04
stampedeblue.com	10101	2026-08-09
standard-democrat.com	5102	2026-08-08
standard-freeholder.com	43497	2026-08-09
standard-journal.com	66314	2026-08-09
standard.co.uk	208350	2026-08-09
standard.net	17721	2026-08-09
standard.net.au	77063	2026-08-09
standardbredcanada.ca	34540	2026-08-09
standardmedia.co.ke	193581	2026-08-09
standardspeaker.com	47558	2026-08-09
stanforddaily.com	6370	2026-08-09
star945.com	7898	2026-08-07
star967.net	13534	2026-03-20
star98.net	10250	2026-08-08
staradvertiser.com	52844	2026-08-09
starbeacon.com	28448	2026-08-09
starcommunity.com.au	9165	2026-04-29
starcourier.com	5441	2023-09-10
stardem.com	33203	2026-08-09
starfm1023.com	6849	2026-08-03
stargazette.com	5321	2023-09-11
starherald.com	50556	2026-08-09
starkvilledailynews.com	5611	2026-08-06
starlocalmedia.com	58812	2026-08-09
starmometer.com	9202	2026-06-08
starnewsonline.com	11634	2023-09-11
starobserver.com.au	8286	2026-08-09
starofmysore.com	34439	2026-08-09
starradiovegas.com	5978	2022-06-24
startribune.com	263276	2026-07-30
starweekly.com.au	25547	2026-03-02
state.gov	15192	2026-08-07
statecollege.com	13671	2026-08-09
statenews.com	9044	2026-08-08
stateofreform.com	5750	2026-03-27
statesboroherald.com	8833	2026-08-09
statesman.com	34154	2026-03-25
statesmanjournal.com	9447	2023-09-11
statesville.com	47990	2026-08-07
staugustine.com	10411	2023-09-11
stawelltimes.com.au	30184	2026-08-09
stcatharinesstandard.ca	106711	2026-08-09
steelers.com	6610	2026-08-09
steinbachonline.com	25002	2026-08-09
stellar.ie	10514	2026-08-07
stereoboard.com	20428	2026-08-09
stereogum.com	20300	2026-08-09
stettlerindependent.com	11746	2026-08-08
stevenspointjournal.com	8837	2023-09-11
stevivor.com	5999	2026-08-04
stgeorgeutah.com	23929	2026-08-09
sthelensstar.co.uk	136861	2026-08-09
stiripesurse.ro	38931	2026-08-08
stlamerican.com	17990	2026-08-09
stlouisstar.com	95218	2026-08-09
stlpublicradio.org	8721	2023-09-01
stltoday.com	242120	2026-08-09
stock-world.de	6893	2024-12-30
stockandland.com.au	39209	2026-08-09
stockhouse.com	12208	2026-07-28
stockjournal.com.au	39536	2026-08-09
stockmarketwire.com	21652	2022-02-23
stokesentinel.co.uk	102134	2026-08-09
stornowaygazette.co.uk	7135	2025-01-23
stourbridgenews.co.uk	143887	2026-08-09
straight.com	16831	2026-08-09
straitstimes.com	197148	2026-08-09
strangehorizons.com	5110	2026-08-09
strategypage.com	10611	2026-08-09
stratford-herald.com	18984	2026-08-09
stratfordbeaconherald.com	40251	2026-08-09
stratfordobserver.co.uk	9872	2026-08-09
strathroyagedispatch.com	35086	2026-01-25
strathroytoday.ca	8491	2026-08-07
streetinsider.com	368521	2024-12-02
streetsblog.org	9323	2026-08-09
stripes.com	97559	2026-08-09
stroudnewsandjournal.co.uk	118030	2026-08-09
stthomastimesjournal.com	40880	2026-08-09
stthomastoday.ca	9158	2026-08-07
stuff.co.nz	290589	2024-01-16
stuff.tv	8035	2026-08-08
stupiddope.com	18434	2025-10-20
sturgisjournal.com	6692	2023-09-11
stuttgartdailyleader.com	12593	2026-08-07
stwnewspress.com	10488	2026-08-08
stylecaster.com	15315	2026-08-09
suasnews.com	5795	2026-08-08
sudantribune.com	6768	2025-02-16
suffolknews.co.uk	11772	2026-08-09
summitdaily.com	21724	2026-08-09
sun-sentinel.com	109847	2026-08-09
suncommercial.com	54504	2026-08-09
sundaymail.co.zw	13635	2025-01-23
sundaynews.co.zw	14210	2025-01-22
sundaystandard.info	7171	2026-08-03
sundaytimes.lk	10944	2026-08-08
sundayworld.co.za	10802	2026-07-15
sundayworld.com	50448	2025-11-24
sunderlandecho.com	19890	2025-01-23
sungazette.com	20228	2026-08-08
sunjournal.com	108882	2026-08-09
sunlive.co.nz	44028	2026-08-09
sunnewsonline.com	41578	2024-06-26
sunny1031.com	7029	2026-08-09
sunny1063.com	13719	2026-02-19
sunny923.com	13138	2026-08-07
sunny943.com	11369	2026-08-08
sunnysidesun.com	5601	2023-04-13
sunshinecoastdaily.com.au	63851	2021-06-23
sunshinestatenews.com	9785	2023-07-22
sunstar.com.ph	95435	2026-08-09
suntimes.com	117389	2026-08-09
superbike-news.co.uk	10515	2026-08-09
superherohype.com	18318	2026-08-09
superhits106.com	7990	2026-08-09
superiortelegram.com	19334	2026-08-09
supermarketnews.com	9739	2026-08-07
supertalk.fm	12859	2026-08-09
supertalk1270.com	7822	2026-08-08
supertalk1570.com	16594	2026-07-09
surfky.com	6423	2026-05-29
surinametimes.com	11151	2026-08-09
surinenglish.com	20977	2026-08-09
surreycomet.co.uk	153216	2026-08-09
sussexexpress.co.uk	45134	2025-01-23
sverigesradio.se	7180	2026-04-15
swag1049.com	11859	2026-08-08
swapacd.com	41096	2025-09-25
swarajyamag.com	36344	2026-07-24
sweetwaternow.com	19518	2026-08-09
swfinstitute.org	15178	2024-06-11
swiftcurrentonline.com	22354	2026-08-09
swimmingworldmagazine.com	6148	2026-02-23
swimswam.com	31043	2026-08-09
swindonadvertiser.co.uk	154869	2026-08-09
swiowanewssource.com	10658	2026-08-08
swissinfo.ch	102039	2026-08-09
swnewsmedia.com	10991	2025-08-05
swoknews.com	68497	2026-08-09
swtimes.com	7227	2023-09-11
swvatoday.com	19068	2026-06-28
swxrightnow.com	5318	2020-12-17
sydneysun.com	68818	2026-08-09
syfy.com	22014	2026-08-08
syracuse.com	73906	2026-02-19
t-g.com	6279	2026-08-09
t3.com	29040	2026-08-09
t95.com	5072	2026-08-04
taftmidwaydriller.com	5898	2026-08-08
tag911.ae	8973	2026-08-09
tahlequahdailypress.com	34693	2026-08-09
tahoedailytribune.com	14252	2026-08-08
taipeitimes.com	108167	2026-08-09
taiwannews.com.tw	47002	2025-11-28
taiwansun.com	38968	2026-08-09
taku105.com	6608	2024-02-15
talk1073.com	5752	2026-08-06
talkandroid.com	8023	2026-07-30
talkers.com	7523	2026-08-07
talkingpointsmemo.com	25591	2026-08-09
talkingretail.com	13194	2026-08-07
talkradio1170.com	24565	2021-09-07
talkradio960.com	21282	2026-08-08
talkvietnam.com	179795	2023-11-26
tallahassee.com	13322	2023-09-11
tamilguardian.com	5466	2026-08-08
tampabay.com	40369	2026-03-26
tanzanianewsreports.com	17559	2026-08-07
taosnews.com	12443	2026-08-09
tapeop.com	9969	2026-08-06
tapinto.net	6703	2023-08-03
targatocn.it	6563	2026-08-09
targetednews.com	171182	2026-08-09
tasnimnews.com	10617	2025-10-07
tass.com	97872	2026-04-09
tasteofcountry.com	22392	2026-08-09
tasteofhome.com	11304	2026-08-09
tatler.com	7803	2026-08-07
tatlerasia.com	6896	2025-10-27
tauntongazette.com	6714	2023-09-11
taylorvilledailynews.com	22021	2026-08-09
tbnewswatch.com	27463	2025-09-05
tbnweekly.com	13489	2026-05-04
tbsnews.net	21092	2026-03-19
tcpalm.com	12606	2023-09-11
tctimes.com	7700	2026-08-09
tctmd.com	5075	2026-05-19
td.org	5155	2026-03-11
tdh.gov.tm	5216	2026-08-08
tdn.com	62740	2026-08-09
tdtnews.com	31107	2026-08-09
team-bhp.com	42769	2026-06-08
teammyrtlebeach.com	20251	2023-08-29
teamtalk.com	74816	2026-08-09
teamusa.org	6354	2023-08-16
techcabal.com	15972	2026-08-08
techcentral.co.za	8322	2026-05-14
techcentral.ie	5706	2026-08-07
techcrunch.com	67690	2026-08-09
techdirt.com	41581	2026-08-09
techmoran.com	8765	2026-08-07
technewstoday.com	6238	2024-04-04
technical.ly	7560	2026-08-09
technuter.com	6634	2026-06-04
techradar.com	110416	2026-08-09
techreport.com	6990	2026-03-27
techrepublic.com	7218	2026-08-08
techshout.com	5599	2025-09-07
techspot.com	26670	2026-08-09
techstory.in	47592	2026-08-09
techtimes.com	50732	2026-08-09
techxplore.com	35782	2026-01-29
tehachapinews.com	9888	2026-08-09
tehelka.com	7045	2025-09-08
telecomasia.net	7976	2026-01-12
telecompaper.com	60578	2026-08-09
telecomtv.com	6036	2026-08-07
telegrafi.com	6158	2026-08-09
telegram.com	19979	2023-09-11
telegraph.co.uk	238741	2024-11-25
telegraphherald.com	93177	2026-08-09
telegraphindia.com	208030	2024-07-30
teletrader.com	7453	2024-03-13
televisual.com	6469	2026-08-07
tellerreport.com	12622	2024-04-09
telluridenews.com	5026	2026-08-06
tellychakkar.com	94830	2025-02-28
tempo.com.ph	19338	2025-05-27
tennessean.com	23387	2023-09-11
tennesseedaily.com	138687	2026-08-09
tenterfieldstar.com.au	46085	2026-08-09
terracestandard.com	28191	2026-08-09
terradaily.com	25016	2026-08-09
tert.am	5822	2024-11-27
tewkesburyadmag.co.uk	18216	2021-03-11
texarkanagazette.com	32956	2026-08-09
texasguardian.com	214672	2026-08-09
texasmonthly.com	9598	2026-06-22
texastribune.org	8914	2026-08-07
textileworld.com	10530	2026-08-09
thailand-business-news.com	28211	2026-08-09
thailandnews.net	34651	2026-08-09
thatsmags.com	5879	2025-02-07
the-daily-record.com	10173	2023-09-11
the-dispatch.com	12981	2026-08-09
the-independent.com	26749	2026-08-09
the-journal.com	14093	2026-03-19
the-leader.com	6615	2023-09-11
the-messenger.com	96743	2026-08-09
the-review.com	9253	2023-09-11
the-star.co.ke	75758	2026-08-09
the-sun.com	27434	2026-08-09
the42.ie	76106	2026-08-09
the72.co.uk	10395	2026-08-09
theadanews.com	12292	2026-08-09
theadvertiser.com	7982	2023-09-11
theadviser.com.au	7267	2026-08-07
theadvocate.com	64900	2026-08-09
theadvocate.com.au	61289	2026-08-09
theadvocatengr.com	10123	2021-09-14
theafricareport.com	9626	2026-07-18
theage.com.au	248129	2026-08-09
thealpenanews.com	24463	2026-08-08
theamericanconservative.com	8469	2026-08-09
theanswertampa.com	5052	2024-09-25
thearabtribune.com	9236	2026-08-09
theargus.co.uk	169797	2026-08-09
theartnewspaper.com	13871	2026-08-07
theartsdesk.com	12997	2026-08-09
theasian.asia	6070	2026-08-09
theatermania.com	5932	2026-08-06
theathletic.com	40386	2024-05-13
theatlantic.com	31947	2026-08-09
theaustralian.com.au	85916	2024-07-31
theautochannel.com	11141	2026-08-09
thebangladeshtoday.com	6261	2026-08-09
thebatavian.com	22218	2026-08-09
thebeacon.net	5088	2026-08-06
thebeat925.ca	10316	2026-08-07
thebeatdfw.com	11129	2026-08-09
thebeatofthecapital.com	17281	2026-08-08
thebeijinger.com	16109	2026-08-09
thebftonline.com	31439	2026-08-09
thebigdm.com	7561	2026-08-07
thebiglead.com	26256	2026-08-09
thebigstation93blx.com	9657	2026-08-09
theblacksheartimes.com	7220	2026-08-07
theblaze.com	29193	2026-08-09
theboar.org	6019	2026-08-09
theboltonnews.co.uk	158018	2026-08-09
theboneonline.com	14754	2026-08-09
theboot.com	19401	2026-08-09
theborneopost.com	49953	2026-07-17
thebostonpilot.com	21082	2026-08-07
theboxhouston.com	6432	2026-08-07
thebreakingtimes.com	6436	2026-02-05
thebrunswicknews.com	36837	2026-08-09
thebullamarillo.com	9965	2024-04-29
thebulletin.be	8715	2026-05-14
thebulltulsa.com	42888	2025-10-10
thebusinessdesk.com	30224	2026-08-09
thebusinessjournal.com	9376	2026-08-08
thecabin.net	19786	2026-08-08
thecable.ng	102206	2026-08-07
thecaribbeancamera.com	6585	2026-08-09
thecattlesite.com	9080	2026-08-07
thecentersquare.com	47172	2026-06-26
thechiefleader.com	5601	2026-08-07
thechronicle-online.com	36551	2026-06-29
thechronicle.com.au	59588	2024-07-26
thechronicle.com.gh	26707	2026-08-09
thechronicleherald.ca	29241	2020-11-12
thechronicleonline.com	6398	2024-10-01
thecitizen.co.tz	20522	2026-08-09
thecitizen.com	10692	2026-08-09
thecitizen.in	6694	2026-08-07
thecoast.net.nz	8044	2026-08-07
thecollegefix.com	6813	2026-08-09
thecomet.net	40503	2026-08-09
thecommonsenseshow.com	5386	2022-03-12
thecommunityvoice.com	5634	2026-08-09
theconservativetreehouse.com	47490	2026-08-09
theconstructionindex.co.uk	27614	2026-08-09
theconversation.com	101084	2026-08-09
thecork.ie	5160	2026-08-09
thecorner.eu	5981	2026-08-07
thecourier.co.uk	126383	2025-05-27
thecourier.com	6262	2024-02-01
thecourier.com.au	63837	2026-08-09
thecourierexpress.com	33808	2026-08-08
thecragandcanyon.ca	9237	2026-08-09
thecranberryeagle.com	6309	2026-01-17
thecrimson.com	17871	2026-08-09
thedailybeast.com	70922	2026-08-09
thedailyblog.co.nz	22265	2026-08-09
thedailycitizen.com	13014	2024-08-22
thedailyjournal.com	8370	2023-09-11
thedailymash.co.uk	11983	2026-08-08
thedailymeal.com	23784	2026-08-09
thedailynewnation.com	27080	2024-07-26
thedailynewsonline.com	33498	2026-08-09
thedailyrecord.com	30684	2026-06-04
thedailyreporter.com	5901	2023-09-08
thedailyreview.com	39704	2026-08-09
thedailystar.com	35677	2026-08-08
thedailystar.net	215023	2026-08-09
thedailytimes.com	48191	2026-08-09
thedailyworld.com	8128	2026-08-07
theday.com	76094	2024-12-10
thedenverchannel.com	21269	2022-09-07
thedestinlog.com	5975	2023-09-11
thedickinsonpress.com	36150	2026-08-09
thedigitalcourier.com	34894	2026-08-09
thediplomat.com	22757	2026-08-07
thediplomat.ro	11068	2026-08-07
thedp.com	9767	2026-08-07
thedrinksbusiness.com	14917	2026-08-07
thedrum.com	26119	2026-07-15
theduke.fm	7549	2025-08-29
theeagle.com	35878	2026-08-09
theeagle1069.com	11502	2026-08-08
theeagleonline.com.ng	58425	2026-08-09
theeastafrican.co.ke	17585	2026-08-09
theedgemarkets.com	47793	2023-05-12
theedinburghreporter.co.uk	7297	2026-08-09
theengineer.co.uk	9656	2026-06-05
theenterpriseleader.com	376144	2025-04-18
theepochtimes.com	312170	2026-08-09
thefacts.com	21497	2026-08-09
thefader.com	7998	2026-08-07
thefamuanonline.com	5063	2026-06-02
thefan1075.com	75492	2026-08-09
thefanfm.com	20321	2021-03-19
thefastmode.com	15882	2026-08-07
thefederalist.com	29891	2026-08-07
thefencepost.com	10114	2026-08-08
thefirstnews.com	5660	2024-01-28
thefranklinnewspost.com	6659	2026-07-30
thefreepress.ca	28708	2026-08-09
thefreshloaf.com	13594	2026-08-09
thefrisky.com	8666	2026-06-03
thefrontierpost.com	89207	2026-08-09
thefutoncritic.com	38369	2026-08-09
thegame730am.com	18800	2025-12-01
thegamenashville.com	49847	2026-08-09
thegardenisland.com	17350	2026-08-09
thegazette.com	52104	2026-08-09
theglobeandmail.com	193676	2026-08-09
thegrio.com	40596	2026-08-09
thegrocer.co.uk	30005	2025-09-05
theguardian.com	479123	2026-08-09
theguardian.pe.ca	27018	2020-11-12
thehardtackle.com	49228	2026-08-09
thehawkeye.com	9259	2022-12-02
thehayride.com	5572	2026-08-07
thehealthsite.com	34374	2026-02-16
thehendersonnews.com	10575	2024-05-30
theherald-news.com	9633	2026-01-29
theherald.co.za	6994	2026-08-09
theheraldghana.com	11407	2026-08-07
thehill.com	140700	2026-01-07
thehimalayantimes.com	33165	2026-03-30
thehindu.com	965791	2026-08-09
thehindubusinessline.com	269823	2026-08-09
thehitavada.com	29586	2026-08-09
thehits.co.nz	8399	2026-07-30
thehollywoodgossip.com	16612	2026-08-09
thehorse.com	5111	2026-04-13
thehot1039.com	6967	2026-08-09
thehour.com	150380	2026-06-22
theiet.org	13453	2026-08-06
theifp.ca	7070	2026-08-08
theindependent.co.zw	13749	2026-06-25
theindependent.com	69586	2026-08-09
theindependent.sg	6847	2026-03-17
theindianawaaz.com	30989	2026-08-09
theindychannel.com	8382	2020-08-11
theinertia.com	10233	2026-08-08
theintell.com	5596	2023-01-24
theintelligencer.com	80557	2026-06-22
theintelligencer.net	25005	2026-08-09
theintermountain.com	17872	2026-08-08
theirishfield.ie	11980	2026-08-09
theislandnow.com	5886	2025-10-02
theisonews.com	30453	2020-10-30
theitem.com	24902	2026-08-09
thejakartapost.com	68843	2026-08-09
thejc.com	11044	2026-08-09
thejerseytomatopress.com	8608	2025-07-12
thejetpress.com	5191	2026-08-09
thejournal.ie	118716	2026-08-09
thejoyfm.com	8203	2026-01-05
thejudge13.com	5512	2026-08-09
thekansan.com	9298	2026-08-08
thelancasterandmorecambecitizen.co.uk	31708	2023-02-07
thelancet.com	7560	2024-04-30
theland.com.au	44682	2026-08-09
thelandryhat.com	5659	2026-08-09
theleader.com.au	86114	2026-08-09
theleader.info	16450	2026-08-09
theleafchronicle.com	6764	2023-09-11
theledger.com	15716	2023-09-11
thelincolnite.co.uk	16781	2025-10-23
thelinkpaper.ca	5065	2026-08-08
thelocal.at	6938	2026-08-08
thelocal.ch	7553	2026-08-08
thelocal.de	12605	2026-08-09
thelocal.dk	7835	2026-08-08
thelocal.es	9438	2026-08-09
thelocal.fr	16161	2026-08-09
thelocal.it	8114	2026-08-09
thelocal.no	7236	2026-08-09
thelocal.se	10940	2026-08-08
thelondoner.ca	36738	2025-12-17
themag.co.uk	13678	2026-08-09
themainewire.com	9202	2026-08-09
themalaysianinsight.com	24614	2024-09-16
themaneland.com	5899	2026-08-09
themarketsdaily.com	556400	2026-08-09
themarysue.com	32803	2026-08-09
themedialine.org	22560	2026-08-09
themediaonline.co.za	5967	2026-08-07
themercury.com.au	36877	2024-07-29
themiamihurricane.com	5397	2026-08-09
themiddlemarket.com	23865	2026-08-07
themobileindian.com	12586	2026-08-07
themonitor.com	5325	2021-01-11
themorningbulletin.com.au	63217	2021-06-23
themorningsun.com	33172	2026-08-09
themoscowtimes.com	22208	2026-08-09
themountainmail.com	22600	2026-08-09
themountainpress.com	25865	2026-08-09
themunicheye.com	8019	2026-08-08
themusic.com.au	9851	2026-08-09
thenassauguardian.com	24371	2026-08-08
thenation.com	19317	2026-08-09
thenational.ae	31171	2020-10-14
thenational.com.pg	18896	2026-08-07
thenational.scot	108428	2026-08-09
thenationalherald.com	7932	2026-05-07
thenationalnews.com	59865	2026-08-09
thenationonlineng.net	196468	2026-08-09
thenelsondaily.com	6189	2024-09-27
thenewamerican.com	8510	2026-08-08
thenewdaily.com.au	23374	2025-01-23
thenewdawnliberia.com	23792	2026-08-07
thenewpulsefm.com	6552	2026-08-09
thenews-chronicle.com	36773	2025-01-29
thenews-messenger.com	7786	2023-09-11
thenews.com.pk	486407	2026-08-08
thenewsguard.com	9247	2026-08-08
thenewsherald.com	23611	2026-08-09
thenewsminute.com	31693	2026-08-09
thenewsnigeria.com.ng	11369	2026-08-09
thenewsstar.com	6563	2023-09-11
thenewswheel.com	6752	2026-07-07
thenextweb.com	10914	2026-08-09
thenigerianvoice.com	9550	2026-03-11
thenortheasttoday.com	6563	2025-10-20
thenorthernecho.co.uk	220377	2026-08-09
thenorthlines.com	46058	2026-08-09
thenorthwestern.com	9314	2023-09-11
theoaklandpress.com	42861	2026-08-09
theobserver.ca	46884	2026-08-09
theolivepress.es	31293	2026-07-30
theonion.com	9645	2026-08-07
theonlinecitizen.com	8082	2025-02-13
theparisnews.com	31245	2026-08-09
thepeakfm.com	8279	2026-07-30
thepeninsulaqatar.com	164106	2026-08-09
thepeoplesperson.com	35212	2026-08-09
thepeterboroughexaminer.com	58812	2026-08-09
thephinsider.com	10546	2026-08-09
thephuketnews.com	19442	2025-03-05
thepienews.com	5168	2026-08-07
thepigsite.com	7938	2026-08-07
thepilot.com	7317	2026-08-09
thepinetree.net	5464	2026-08-09
thepinknews.com	20598	2026-08-07
thepiratescove.us	9007	2025-09-07
theplainsman.com	6596	2026-08-09
thepoint.gm	14303	2026-08-07
thepointsguy.com	19418	2026-08-09
theportugalnews.com	48567	2026-08-09
thepost.on.ca	23404	2026-08-09
thepostathens.com	11418	2026-08-09
thepoultrysite.com	8127	2026-08-07
theprint.in	20423	2026-08-04
theproducenews.com	11398	2026-01-03
theprogress.com	31663	2026-08-09
theprogressnews.com	15857	2026-08-09
theprovince.com	27091	2026-08-09
theprowersjournal.com	5620	2026-08-07
thepublicopinion.com	26347	2023-09-11
thequietus.com	9881	2026-08-07
thequint.com	6366	2026-03-16
therakyatpost.com	18497	2026-08-09
theranch.fm	9198	2026-06-11
therealdeal.com	50829	2026-07-24
therebelrocks.com	19458	2022-08-22
therecord.com	33258	2026-08-09
theredstonerocket.com	5069	2026-08-05
thereflector.com	10030	2026-08-08
theregister.com	36534	2026-08-09
thereporter.com	11095	2026-08-09
thereporteronline.com	43235	2026-08-09
therepublic.com	102406	2026-04-01
theridgefieldpress.com	54487	2025-06-14
therightscoop.com	14037	2026-08-09
theroar.com.au	38017	2026-08-09
therockofrochester.com	36140	2026-08-09
therolladailynews.com	8979	2026-07-30
theroot.com	18279	2026-08-09
therural.com.au	41906	2026-08-09
thesalemnewsonline.com	28325	2026-08-03
thescarboroughnews.co.uk	18854	2025-01-23
thescore.com	5139	2026-03-18
thescore1260.com	43896	2026-08-09
thescottishfarmer.co.uk	25046	2026-08-09
thescottishsun.co.uk	6966	2026-02-23
thesheridanpress.com	6719	2026-08-08
theshillongtimes.com	48365	2026-08-09
thesierraleonetelegraph.com	8620	2026-08-09
thesixthaxis.com	9487	2026-08-07
theskanner.com	6754	2026-05-10
theskinny.co.uk	6508	2026-08-07
thesource.com	37409	2026-08-08
thesouthafrican.com	132675	2026-08-09
thesouthern.com	56183	2026-08-09
thesouthernreporter.co.uk	9553	2025-01-23
thespec.com	33900	2026-08-09
thespectrum.com	5397	2023-09-09
thespiritsbusiness.com	12717	2026-08-07
thespread.com	20558	2026-05-11
thespun.com	17568	2023-10-13
thestandard.co.zw	20397	2026-08-09
thestandard.com.hk	105808	2026-03-02
thestandard.org.nz	7041	2025-10-04
thestar.co.uk	20920	2025-01-23
thestar.com	97992	2026-08-07
thestar.com.my	490373	2026-08-09
thestarphoenix.com	37203	2026-08-09
thestarpress.com	7271	2023-09-11
thestatesman.com	68849	2026-06-10
thestkittsnevisobserver.com	5100	2026-03-17
thestrad.com	8272	2025-09-05
thestranger.com	12908	2026-08-08
thestreet.com	43387	2026-08-04
thestreetjournal.org	48434	2026-01-16
thesubtimes.com	14335	2025-10-04
thesuburban.com	17973	2026-08-08
thesudburystar.com	60668	2026-08-09
thesun.co.uk	70394	2026-08-07
thesun.ie	20857	2026-03-18
thesun.my	39404	2026-02-08
thesun.ng	34794	2026-08-09
thesunchronicle.com	84171	2026-08-09
thesundaily.my	99874	2023-11-06
thesylvaherald.com	5916	2026-08-05
thetab.com	31714	2026-08-08
thetablet.co.uk	5855	2026-08-09
thetablet.org	9079	2026-08-07
thetandd.com	58847	2026-08-08
thetelegram.com	22428	2020-11-11
thetelegraph.com	163596	2026-06-22
thetelegraphandargus.co.uk	177035	2026-08-09
thethaiger.com	14483	2026-03-19
thetidenewsonline.com	34419	2026-08-03
thetimes-tribune.com	69319	2026-08-09
thetimes.co.uk	214037	2024-06-05
thetimes.com	85365	2026-08-09
thetimesherald.com	5081	2023-09-11
thetimesnews.com	12348	2026-08-08
thetimestribune.com	24817	2026-08-09
thetottenhamindependent.co.uk	95371	2026-08-09
thetowntalk.com	5540	2023-09-11
thetrucker.com	13941	2026-08-09
thetruthaboutcars.com	16181	2026-08-08
theturtleislandnews.com	18515	2026-08-08
thetyee.ca	9002	2026-08-09
theuknews.com	37882	2026-08-09
theunion.com	19716	2026-08-08
theurbandaily.com	9340	2026-08-06
theusnews.com	140827	2026-08-09
theverge.com	65831	2026-08-09
thevermilion.com	5659	2026-08-09
thevisitor.co.uk	5324	2021-12-13
thevoicebw.com	6374	2024-08-09
thevoiceslu.com	15137	2026-08-09
thevwindependent.com	8425	2026-08-08
thewave.ca	10659	2025-12-07
theweek.co.uk	12509	2023-09-12
theweek.com	53750	2026-08-09
theweek.in	89372	2026-08-09
theweektoday.com	18233	2024-09-18
thewest.com.au	9157	2026-07-23
thewesterlysun.com	24544	2026-08-09
thewestmorlandgazette.co.uk	194886	2026-08-09
thewestonforum.com	6800	2025-10-31
thewestonmercury.co.uk	56905	2026-08-09
thewhig.com	49408	2026-08-09
thewhiskeywash.com	14612	2026-08-09
thewire.in	44530	2024-03-27
thewolf.ca	8103	2026-08-08
theworld.org	9079	2026-06-26
theworldlink.com	21898	2026-08-09
thewrap.com	79242	2026-08-09
thexboxhub.com	9876	2026-08-09
thexradio.com	10933	2026-08-08
theyeshivaworld.com	33461	2026-08-09
theyucatantimes.com	9446	2025-06-10
thezimbabwean.co	6754	2026-08-09
thezimbabwedaily.com	16271	2026-02-04
thezimbabwemail.com	31875	2026-08-09
thirdsector.co.uk	8964	2026-07-03
thisdaylive.com	166365	2026-08-09
thisisanfield.com	21552	2026-01-24
thisislancashire.co.uk	54733	2023-02-07
thisislocallondon.co.uk	155513	2025-12-03
thisismoney.co.uk	52701	2025-11-06
thisisoxfordshire.co.uk	170253	2026-08-09
thisisthewestcountry.co.uk	18359	2023-02-07
thisiswiltshire.co.uk	137077	2026-08-09
thomasnet.com	15573	2024-02-05
thompsoncitizen.net	86287	2025-01-20
thunder987.com	5645	2021-03-31
thurrockgazette.co.uk	92839	2026-08-09
thurstontalk.com	6143	2026-08-08
thv11.com	51235	2026-06-05
thyblackman.com	10119	2026-08-09
tibet.net	9694	2026-08-07
tickerreport.com	439193	2026-08-09
ticotimes.net	6449	2026-01-09
tide1009.com	6739	2026-03-09
tiftongazette.com	10303	2026-08-08
tigerdroppings.com	5399	2022-01-13
tigernet.com	9295	2025-11-20
tigersroar.com	9906	2026-08-08
tillamookheadlightherald.com	14277	2026-08-07
timberjay.com	6742	2026-08-07
time.com	26104	2026-08-09
timeout.com	19309	2026-08-08
timeoutdubai.com	8263	2023-01-03
times-gazette.com	8414	2023-09-11
times-herald.com	6669	2026-08-09
times-journal.com	6262	2026-08-08
times-news.com	38223	2026-08-09
times-series.co.uk	101330	2026-08-09
times-standard.com	15115	2026-08-09
times.co.sz	9098	2026-03-15
timesandstar.co.uk	152262	2026-08-09
timesargus.com	34098	2026-08-09
timesbulletin.com	6963	2026-08-06
timesca.com	14264	2026-08-09
timescall.com	39112	2026-08-09
timescitizen.com	5996	2026-08-09
timescolonist.com	119190	2025-01-21
timesdaily.com	45913	2026-08-08
timesenterprise.com	9008	2026-08-07
timesfreepress.com	35999	2026-08-09
timesgazette.com	8366	2025-09-17
timesherald.com	44496	2026-08-09
timesheraldonline.com	10321	2026-08-09
timeshighereducation.com	11249	2026-08-09
timesleader.com	21113	2026-08-09
timesleader.net	6260	2026-08-09
timesleaderonline.com	18479	2026-08-08
timeslive.co.za	136812	2026-08-09
timesnews.net	36240	2025-11-11
timesnownews.com	143696	2026-04-29
timesofearth.com	6389	2026-08-09
timesofisrael.com	138709	2023-11-04
timesofmalta.com	121997	2026-04-15
timesofoman.com	52435	2026-08-09
timesofsandiego.com	24173	2026-08-09
timesonline.com	9679	2023-09-11
timesrecordnews.com	9821	2023-09-11
timesreporter.com	10999	2023-09-11
timesrepublican.com	22129	2026-08-09
timesreview.com	23630	2026-06-04
timestelegram.com	7281	2023-09-11
timesunion.com	119604	2025-11-14
timeswv.com	18766	2026-08-09
timminspress.com	57269	2026-08-09
timminstimes.com	44691	2026-01-26
tipperarylive.ie	30669	2026-05-14
tippfm.com	18541	2026-07-17
tippmidwestradio.com	13197	2026-08-07
tirebusiness.com	6666	2026-06-09
titansradio.com	16456	2026-08-08
titusvilleherald.com	22168	2022-12-01
tivysideadvertiser.co.uk	125146	2026-08-09
tmcnet.com	437717	2025-01-23
tmj4.com	6376	2026-03-19
tmz.com	52954	2026-08-09
tnledger.com	49705	2026-08-08
tnonline.com	37735	2026-08-08
tnp.sg	13213	2025-10-30
today.az	57389	2026-07-15
today.com	69318	2026-08-09
today.ng	48383	2024-06-20
today.rtl.lu	6406	2026-05-21
todayfm.com	16609	2026-08-07
todayheadline.co	7585	2025-01-27
toffeeweb.com	8470	2026-08-09
tolonews.com	32868	2024-06-06
tomsguide.com	52562	2026-08-09
tomshardware.com	19141	2026-08-09
tonyskansascity.com	45782	2026-08-09
topspeed.com	25037	2026-08-09
topwirenews.com	19566	2026-08-07
tor.com	21154	2024-01-23
toronto.citynews.ca	77766	2026-08-09
toronto.com	16129	2026-08-09
toronto.ctvnews.ca	37722	2025-01-23
torontosun.com	95283	2026-08-09
torontotelegraph.com	104081	2026-08-09
torquenews.com	29574	2026-08-09
totaltele.com	9676	2026-08-07
toucharcade.com	6249	2025-04-19
towleroad.com	15902	2024-04-28
townandcountrymag.com	18719	2026-08-09
townhall.com	93241	2026-08-09
townsvillebulletin.com.au	90191	2026-08-09
toynews-online.biz	5641	2026-08-07
tpr.org	34717	2026-08-09
tradearabia.com	116586	2026-08-09
tradeonlytoday.com	5736	2026-08-07
tradersmagazine.com	8175	2026-08-07
tradewindsnews.com	8151	2026-03-18
trains.com	13628	2026-07-15
trak.in	9188	2026-08-09
transylvaniatimes.com	9798	2026-08-09
travelandleisure.com	22155	2026-03-17
travelbizmonitor.com	8756	2026-08-09
traveldailymedia.com	27645	2026-06-05
traveldailynews.asia	10250	2026-04-19
traveldailynews.com	24067	2026-01-24
travelextra.ie	11386	2026-08-09
traveller.com.au	6007	2023-04-11
travelmarketreport.com	11894	2026-08-07
travelmole.com	9334	2026-05-01
travelweekly.com	19561	2026-02-06
travelweekly.com.au	17706	2026-08-09
trbusiness.com	9014	2026-08-07
trend.az	31560	2026-06-27
trentonian.ca	44449	2026-06-22
trentonian.com	30349	2026-08-09
trib.com	63041	2026-08-09
tribdem.com	59245	2026-08-09
tribecacitizen.com	5514	2026-08-09
triblive.com	99379	2026-05-04
tribstar.com	51237	2026-08-08
tribtoday.com	29046	2026-08-08
tribtown.com	97408	2025-04-15
tribune.com.pk	260271	2026-08-09
tribune.net.ph	66614	2026-08-09
tribune242.com	45141	2026-08-08
tribuneindia.com	284516	2026-08-09
tribuneledgernews.com	34494	2026-08-05
tribuneonlineng.com	161013	2026-08-09
tribunnews.com	9356	2026-08-09
tribute.ca	8148	2025-01-21
tricitynews.com	79527	2025-08-01
trinidadexpress.com	51862	2026-08-09
trinidadtimes.com	52848	2026-08-09
triplicate.com	5736	2026-08-03
troyrecord.com	37782	2026-08-09
trtworld.com	11841	2026-03-19
truebluela.com	10799	2026-08-09
truenorthreports.com	6071	2023-06-30
trumbulltimes.com	49197	2025-06-14
trussvilletribune.com	12199	2026-08-08
trust.org	37925	2026-04-28
trustedreviews.com	22348	2026-08-09
truthout.org	18981	2026-08-08
tsln.com	8101	2026-08-08
tsn.ca	165129	2026-08-09
tspr.org	24191	2026-08-09
ttgasia.com	13062	2026-08-07
ttnworldwide.com	7178	2026-08-09
ttrweekly.com	10669	2026-08-07
tucson.com	194796	2026-08-09
tucsonpost.com	39690	2026-08-09
tucsonsentinel.com	21556	2025-07-21
tucsonweekly.com	8363	2026-08-09
tudno.co.uk	20766	2023-04-26
tuko.co.ke	17879	2026-03-19
tulsaworld.com	111027	2026-08-09
tuoitrenews.vn	28862	2025-04-16
turkishpress.com	8519	2024-03-13
turlockjournal.com	5249	2026-08-08
turnto10.com	49862	2026-08-09
turnto23.com	49526	2026-08-09
tuscaloosanews.com	10891	2023-09-11
tv6tnt.com	23237	2026-08-09
tvfanatic.com	6905	2025-05-15
tvgrapevine.com	16750	2026-08-09
tvguide.co.uk	1956532	2026-08-09
tvguide.com	9743	2026-08-08
tvline.com	20327	2026-08-09
tvnewscheck.com	25814	2026-08-07
tvnz.co.nz	5645	2021-10-05
tvone.tv	5325	2026-08-06
tvovermind.com	19839	2026-08-09
tvseriesfinale.com	6076	2026-08-09
tvtechnology.com	11472	2026-08-07
tvtonight.com.au	28695	2026-08-09
tweaktown.com	28503	2025-03-01
tweeddailynews.com.au	45440	2021-04-28
twincities.com	38140	2026-08-09
twinsdaily.com	15447	2026-08-09
twitchy.com	62528	2026-08-09
twtd.co.uk	110215	2026-08-09
tylerpaper.com	28469	2026-08-09
typepad.com	10528	2024-12-01
tyrepress.com	6655	2026-08-07
ualrpublicradio.org	48815	2026-08-09
uark.edu	7152	2026-08-07
ubergizmo.com	7907	2026-08-07
ucanews.com	24644	2025-01-23
ucla.edu	6731	2026-08-08
udaipurkiran.com	79140	2026-08-09
udayavani.com	18331	2026-08-02
udn.com	7347	2026-08-09
uefa.com	8140	2024-07-24
uexpress.com	18136	2026-01-13
ufc.com	7082	2026-08-09
uk.com	8243	2026-08-09
ukiahdailyjournal.com	10435	2026-08-09
ukrainianjournal.com	15275	2026-01-27
ukrinform.net	22093	2026-03-19
uky.edu	8795	2026-08-07
ulladullatimes.com.au	61937	2026-08-09
uloop.com	10957	2026-08-09
ultimateclassicrock.com	16258	2026-08-09
ummid.com	19172	2026-08-09
umn.edu	14003	2026-08-08
un.org	6550	2026-08-06
uncrate.com	10024	2026-08-08
undercurrentnews.com	32665	2026-08-07
undertheradar.co.nz	24967	2026-08-09
undertheradarmag.com	18765	2026-07-24
undp.org	27343	2026-08-09
unesco.org	5061	2026-08-09
unian.info	12516	2026-02-09
uniindia.com	31007	2026-03-17
union-bulletin.com	44889	2026-08-09
uniondemocrat.com	13296	2026-08-08
unionleader.com	98228	2026-08-09
unionrecorder.com	12199	2026-08-09
unitaid.eu	25148	2026-08-02
unitedwithisrael.org	13845	2026-07-22
universetoday.com	5125	2026-08-09
universityworldnews.com	14190	2026-08-06
unm.edu	5453	2026-08-08
unmultimedia.org	7763	2023-10-16
uow.edu.au	17760	2024-11-07
updatesnews.com	25511	2022-10-01
upenn.edu	7097	2026-08-08
upi.com	100971	2026-08-09
upnorthlive.com	37856	2026-08-09
uppermichiganssource.com	33338	2026-08-09
upr.org	51831	2026-08-09
uproxx.com	20996	2026-08-05
upstract.com	65174	2021-06-14
upstreamonline.com	24715	2026-08-09
urbanacitizen.com	5866	2025-09-17
urbanmilwaukee.com	33556	2026-08-09
urdupoint.com	44060	2025-01-27
us103.com	26107	2026-05-31
us105fm.com	37223	2026-08-09
usanetwork.com	7362	2025-08-13
usatoday.com	217936	2025-04-26
usembassy.gov	7972	2026-08-06
usf.edu	64607	2026-02-26
usmagazine.com	65189	2026-08-09
usnews.com	60090	2024-07-31
usni.org	7584	2026-06-01
utahindependent.com	22489	2026-08-09
uticaod.com	14125	2023-09-11
utilitydive.com	9700	2026-08-09
utv44.com	6069	2026-08-08
v100fm.com	6339	2026-08-08
v100rocks.com	14142	2026-08-07
v1019.com	19566	2026-08-09
vaalweekblad.com	14927	2023-11-09
vaildaily.com	28731	2026-08-09
valdostadailytimes.com	75830	2026-08-08
valleybreeze.com	13730	2026-08-07
valleymorningstar.com	6006	2021-01-11
valleynewslive.com	32844	2026-08-09
valuewalk.com	9489	2025-01-23
vancourier.com	30069	2021-01-13
vancouverisland.ctvnews.ca	24415	2026-06-19
vancouversun.com	58521	2026-08-09
vandaliaradio.com	11862	2026-08-07
vanguardngr.com	218668	2026-08-09
vanityfair.com	18901	2026-08-09
variety.com	95472	2026-08-09
varsity.co.uk	8751	2026-08-09
vavel.com	12241	2026-08-05
vccircle.com	11073	2026-08-07
vcstar.com	9705	2023-09-11
vcyamerica.org	5662	2023-07-13
vdare.com	10802	2024-07-25
vegnews.com	12930	2026-08-07
venezuelastar.com	20794	2026-08-09
venturebeat.com	5743	2025-08-30
venturesafrica.com	22144	2024-11-16
vermilionstandard.com	12701	2026-08-09
vermontbiz.com	25148	2026-08-09
vernonmorningstar.com	51975	2026-08-09
verticalmag.com	13851	2026-08-09
vervetimes.com	11695	2025-01-26
vestnikkavkaza.net	24786	2022-01-22
veteranstoday.com	14175	2025-02-13
vg247.com	9508	2026-06-23
vgchartz.com	40429	2026-08-09
vibe.com	12042	2026-08-09
vice.com	19783	2026-08-09
vicnews.com	37812	2026-08-09
victoriaadvocate.com	5439	2026-08-09
victorygirlsblog.com	6715	2026-08-09
vietnamnet.vn	30619	2026-06-03
vietnamnews.vn	62988	2026-08-09
vietnamtribune.com	60267	2026-08-09
viewngr.com	44838	2025-01-29
vikings.com	5698	2026-08-09
vikingsterritory.com	18506	2026-08-09
villagesoup.com	21386	2024-09-18
vindy.com	49222	2026-08-09
vir.com.vn	29356	2026-08-07
virginislandsdailynews.com	19718	2026-08-07
virginislandsnewsonline.com	36936	2026-08-09
virginradio.co.uk	8274	2026-07-29
visayandailystar.com	32164	2026-06-06
vision.org.au	8529	2026-07-31
visionmp.com	10399	2026-07-10
vladtv.com	46078	2026-08-09
vmagazine.com	7602	2026-06-03
vnews.com	20755	2026-08-09
vnexpress.net	16986	2026-03-19
voanews.com	134105	2025-03-20
voazimbabwe.com	12730	2026-03-20
vocm.com	39380	2026-08-09
vogue.co.uk	18683	2026-08-09
vogue.com	33368	2026-08-09
vogue.in	10644	2026-08-09
voice-online.co.uk	10987	2026-08-07
voicenews.com	19643	2025-11-04
voiceofalexandria.com	81227	2026-08-09
voiceofvienna.org	15581	2026-08-09
voiceonline.com	9837	2026-08-09
vol.at	16438	2026-08-08
volcanodiscovery.com	17732	2026-08-08
vovworld.vn	9520	2026-01-25
vox.com	20046	2026-08-09
voxy.co.nz	48332	2026-07-07
vpm.org	20009	2023-01-27
vpr.org	5702	2022-06-22
vtcng.com	14326	2026-08-09
vtdigger.org	12678	2026-08-09
vulcanadvocate.com	8738	2026-08-09
vulture.com	25770	2026-08-09
vvdailypress.com	8735	2023-09-11
w4country.com	5960	2026-08-09
wa1a.com	10367	2026-08-09
waateanews.com	25929	2026-08-09
waaytv.com	47338	2026-08-02
wabcradio.com	7619	2025-02-02
wabe.org	21327	2026-04-24
wabi.tv	38048	2026-08-09
wabx.net	33717	2026-08-09
wach.com	37891	2026-08-09
wacotrib.com	70835	2026-08-06
wadenapj.com	25450	2026-08-09
wadk.com	36357	2026-08-08
waer.org	40809	2026-08-09
wafb.com	38660	2026-08-09
waff.com	33368	2026-08-09
wagmtv.com	12338	2026-08-08
wahoo-ashland-waverly.com	17395	2026-08-08
wahpetondailynews.com	15743	2026-08-09
wajr.com	5035	2026-08-09
waka.com	11038	2026-08-09
wakefieldexpress.co.uk	18345	2025-01-23
wakg.com	7977	2026-08-09
walb.com	33457	2026-08-09
walesonline.co.uk	254037	2026-08-09
walkermn.com	14784	2026-08-09
wallaceburgcourierpress.com	38498	2026-06-29
wallowa.com	8409	2026-08-08
wallpaper.com	15263	2026-08-09
walls102.com	8142	2023-06-13
wallstreet-online.de	85576	2026-08-09
wam.ae	15139	2023-11-04
wamc.org	52417	2026-08-09
wamda.com	5842	2026-08-05
wandsworthguardian.co.uk	131194	2026-08-09
wandtv.com	61036	2026-08-09
wantedinrome.com	8977	2026-08-08
wape.com	12700	2026-08-08
wapt.com	67815	2026-08-09
wardsauto.com	7046	2026-02-03
warm1033.com	24253	2026-08-08
warm1069.com	9737	2026-08-08
warm98.com	11625	2026-08-09
warringtonguardian.co.uk	155294	2026-08-09
warsawvoice.pl	12750	2026-03-18
warwickdailynews.com.au	51988	2021-04-28
warwickonline.com	5957	2026-08-03
warwickshireworld.com	12934	2025-01-23
washingtonblade.com	8456	2026-08-09
washingtonexaminer.com	161885	2026-08-09
washingtonian.com	13009	2026-08-07
washingtoninformer.com	6903	2026-08-07
washingtonpost.com	306594	2024-08-02
washingtontimes.com	292813	2026-04-13
washtimesherald.com	43357	2026-08-09
waste360.com	5106	2025-01-19
wataugademocrat.com	49122	2026-08-09
watchingamerica.com	8117	2026-08-09
waterford-news.ie	67684	2026-08-09
watermarkonline.com	35425	2025-11-03
wateronline.com	10856	2026-08-08
waterwaysjournal.net	5429	2026-08-07
watfordobserver.co.uk	111472	2026-08-09
watoday.com.au	132781	2026-08-09
wattsupwiththat.com	8322	2026-08-09
wausaudailyherald.com	9127	2023-09-11
waxahachietx.com	5977	2026-08-07
wbaa.org	77723	2026-08-09
wbal.com	70125	2026-07-04
wbaltv.com	74744	2026-08-09
wbap.com	88879	2026-08-09
wbay.com	38786	2026-08-09
wbbjtv.com	34379	2026-08-09
wbckfm.com	23781	2025-11-29
wbco.com	6185	2026-08-07
wbez.org	6464	2026-08-09
wbfo.org	39821	2025-04-01
wbgo.org	5991	2026-08-08
wbir.com	60093	2026-06-05
wbiw.com	46494	2026-08-09
wbjournal.com	13610	2026-08-07
wbkb11.com	6873	2026-08-09
wbko.com	23725	2026-08-09
wbkr.com	25403	2026-08-09
wblk.com	38578	2026-08-09
wblm.com	33542	2026-08-09
wbls.com	9530	2026-08-07
wbmq.net	17237	2020-08-26
wbng.com	23702	2026-08-09
wbnowqct.com	5703	2026-08-07
wbnq.com	12834	2026-08-09
wboc.com	91415	2026-08-09
wboi.org	45611	2026-08-09
wbrc.com	47126	2026-08-09
wbrz.com	72940	2026-08-09
wbsm.com	20331	2026-08-09
wbszfm.com	5336	2026-07-22
wbt.com	8458	2026-08-09
wbtmdanville.com	9570	2026-08-07
wbtv.com	36337	2026-08-09
wbur.org	54215	2026-08-09
wbwn.com	9506	2026-08-09
wcax.com	40270	2026-08-09
wcbe.org	58959	2026-08-09
wcbi.com	21247	2026-08-08
wcbm.com	29598	2026-08-09
wccbcharlotte.com	41742	2026-08-09
wccftech.com	47750	2026-08-09
wccq.com	9401	2024-05-24
wcfcourier.com	114299	2026-08-09
wchstv.com	36740	2026-08-09
wcjb.com	33071	2026-08-09
wclk.com	33509	2026-08-09
wclo.com	10685	2025-05-20
wcnc.com	66822	2026-06-06
wcoapensacola.com	43588	2026-08-09
wcpo.com	32825	2026-08-09
wcrz.com	22057	2026-08-09
wcsmradio.com	10308	2026-08-08
wcsufm.org	64946	2026-08-09
wcsx.com	17925	2026-08-09
wcsy.com	39577	2026-08-05
wcti12.com	42261	2026-08-09
wctrib.com	54034	2026-08-09
wctv.tv	29527	2026-08-09
wcvb.com	102963	2026-08-09
wcyb.com	33735	2026-08-09
wcyy.com	30141	2026-08-09
wdadradio.com	14752	2026-08-09
wdam.com	35642	2026-08-09
wdbj7.com	34913	2026-08-09
wdbo.com	48910	2026-08-09
wdbqam.com	9985	2026-08-08
wdef.com	24777	2026-07-21
wdel.com	25900	2026-08-09
wden.com	5704	2026-08-06
wdet.org	10188	2026-08-07
wdez.com	22715	2026-08-09
wdhafm.com	15690	2026-08-09
wdio.com	62646	2026-08-09
wdiy.org	44948	2026-08-09
wdjx.com	8662	2026-08-09
wdkx.com	5395	2022-07-25
wdrb.com	100727	2026-08-09
wdrv.com	9213	2026-08-08
wdsm710.com	39950	2026-08-09
wdsu.com	105155	2026-08-09
wdtimes.com	34069	2026-08-09
wdtv.com	20438	2026-08-09
wdzz.com	8991	2026-08-08
weaa.org	51021	2025-02-25
wealthmanagement.com	17275	2026-08-07
weareiowa.com	7839	2026-03-16
weartv.com	35073	2026-08-09
weatherforddemocrat.com	14212	2026-08-09
weathernationtv.com	6090	2026-08-09
weau.com	31587	2026-08-09
webcamfeet.com	5756	2021-11-12
webindia123.com	425527	2026-08-09
webmd.com	10283	2026-08-03
webwire.com	37163	2026-08-08
wect.com	36384	2026-08-07
weeklyblitz.net	31984	2026-08-08
weeklytimesnow.com.au	11584	2024-07-22
weforum.org	8434	2024-01-12
wegotthiscovered.com	68271	2025-02-24
weirtondailytimes.com	21933	2026-08-08
weisradio.com	18260	2026-01-06
wellandtribune.ca	71576	2026-08-09
wellingtondailynews.com	5441	2026-07-16
wellingtontimes.com.au	36526	2026-08-09
wellsvilledaily.com	5537	2022-04-14
wemu.org	34361	2026-08-09
wenatcheeworld.com	25423	2026-08-08
wenxuecity.com	35017	2026-08-09
weny.com	30302	2026-08-09
wesa.fm	41179	2026-06-04
wesh.com	78225	2026-08-09
wesm913.org	17888	2022-01-28
westcentralonline.com	17217	2026-08-09
westcentralsbest.com	48327	2026-08-09
westerlynews.ca	31073	2026-08-09
westernadvocate.com.au	111392	2026-08-09
westernmassnews.com	22970	2026-08-09
westernpeople.ie	35718	2026-08-09
westerntelegraph.co.uk	124865	2026-08-09
westernweekender.com.au	5581	2026-08-09
westernwheel.ca	6258	2025-09-05
westfaironline.com	12415	2026-08-09
westhawaiitoday.com	19967	2026-08-09
westkentuckystar.com	29814	2026-08-09
westmeathexaminer.ie	47295	2026-08-09
westmeathindependent.ie	46400	2026-08-09
westofthei.com	7147	2026-08-09
westport-news.com	54149	2022-03-01
westseattleblog.com	47940	2026-08-09
westsussextoday.co.uk	7480	2022-02-09
westword.com	13063	2026-08-09
wetaskiwintimes.com	15411	2026-08-09
weyburnreview.com	37373	2021-07-29
wfaa.com	64004	2026-06-05
wfae.org	70198	2026-08-09
wfasam.com	13054	2021-05-17
wfav951.com	14133	2026-08-07
wfdd.org	52110	2026-08-09
wfgr.com	21383	2024-07-03
wfin.com	45335	2025-06-14
wfirnews.com	5250	2026-08-07
wfit.org	6667	2026-08-06
wfiwradio.com	11984	2026-08-08
wfls.com	17430	2026-08-09
wflx.com	32837	2026-08-09
wfmd.com	13976	2026-08-09
wfmj.com	110689	2026-08-09
wfms.com	7263	2026-08-09
wfmynews2.com	66653	2026-06-05
wfmz.com	254623	2026-08-09
wfnc640am.com	68933	2026-07-20
wfnt.com	13210	2026-08-07
wfsb.com	36500	2026-08-09
wfsu.org	48271	2026-08-09
wftv.com	45191	2026-08-09
wftw.com	69191	2025-03-28
wfuv.org	9633	2026-08-09
wfxd.com	6582	2026-04-09
wfxl.com	6512	2025-09-11
wfyi.org	14885	2026-08-09
wgac.com	6535	2026-08-08
wgal.com	82291	2026-08-09
wgan.com	15237	2026-08-08
wgauradio.com	59867	2026-08-09
wgbh.org	23964	2026-08-08
wgcu.org	31209	2026-08-09
wgil.com	10101	2026-08-01
wglr.com	25387	2026-08-09
wglt.org	60762	2026-08-09
wgmd.com	40592	2026-08-09
wgme.com	41738	2026-08-09
wgna.com	33777	2026-08-09
wgni.com	9199	2026-08-09
wgnsradio.com	16837	2026-07-31
wgntv.com	7621	2026-05-05
wgog.com	6099	2026-08-08
wgow.com	46862	2026-08-09
wgowam.com	74953	2026-08-09
wgrd.com	44898	2026-08-08
wgrr.com	10012	2026-08-08
wgrz.com	46639	2026-06-05
wgxa.tv	10356	2026-08-09
wharfedaleobserver.co.uk	117329	2026-08-09
whas11.com	68292	2026-06-25
whatdidyousay.org	15446	2025-11-11
whatech.com	27479	2026-08-08
whathifi.com	11263	2026-08-08
whatsnew2day.com	14117	2025-01-27
whatson.ae	20857	2026-08-09
whatsonstage.com	11252	2026-08-09
whatsontv.co.uk	5261	2021-06-10
whattheythink.com	14030	2026-08-07
whbl.com	70031	2026-08-09
whby.com	9248	2026-08-07
whcuradio.com	10235	2024-06-23
whdg.com	16565	2026-08-08
whdh.com	55304	2026-08-09
whec.com	131139	2026-08-09
whidbeynewstimes.com	6135	2026-08-07
whig.com	60147	2026-08-08
whio.com	45457	2026-08-09
whitecourtstar.com	13417	2026-08-09
whitehorsestar.com	5917	2026-01-29
whitehouse.gov	6012	2026-03-17
whitsundaytimes.com.au	56923	2021-04-28
whittierdailynews.com	46288	2026-08-09
whiznews.com	14906	2026-08-07
whky.com	21709	2026-08-09
whmi.com	24982	2026-08-09
whnt.com	6192	2025-06-12
who.int	10277	2026-08-07
whopam.com	23978	2026-08-09
whqr.org	45960	2026-08-09
whro.org	14804	2026-08-09
whrpfm.com	9013	2026-08-07
whsv.com	29177	2026-08-09
whtc.com	48154	2026-08-09
whtimes.co.uk	56083	2026-08-09
whvoradio.com	13931	2026-05-31
whyy.org	26563	2026-08-09
wiartonecho.com	22574	2026-08-09
wibailoutpeople.org	5741	2026-08-09
wibc.com	28614	2026-08-09
wibqam.com	45131	2026-01-10
wibw.com	46212	2026-08-09
wibx950.com	29990	2026-08-09
wickedlocal.com	236673	2023-09-11
wicz.com	62088	2026-08-09
wifc.com	19527	2026-08-09
wifr.com	24848	2026-08-03
wigantoday.net	27415	2025-01-23
wiky.com	40531	2026-08-09
wild1029.com	9193	2026-08-09
wild1049hd.com	6114	2023-03-21
wild941.com	23780	2026-08-09
wiley.com	5262	2026-08-04
williamsondailynews.com	7213	2026-07-30
willistonherald.com	14507	2026-08-09
willitsnews.com	6489	2026-08-09
willmarradio.com	44184	2026-08-09
wilm-tv.com	8193	2021-09-20
wilmingtonbiz.com	12073	2025-01-22
wilsonpost.com	5372	2023-03-01
wilsontimes.com	5710	2026-08-09
wiltonbulletin.com	62996	2025-06-14
wiltsglosstandard.co.uk	116830	2026-08-09
wiltshiretimes.co.uk	146693	2026-08-09
wilx.com	33514	2026-08-09
wimbledonguardian.co.uk	121097	2026-08-09
wimsradio.com	17300	2026-08-09
wimz.com	6765	2026-08-05
winchesterstar.com	61822	2026-08-09
wincountry.com	19611	2026-08-08
windfm.com	6891	2026-08-09
windowscentral.com	33909	2026-08-09
windowstorussia.com	5923	2026-06-10
windpowermonthly.com	7211	2026-07-02
windsor.ctvnews.ca	20740	2025-04-09
windsorite.ca	19835	2025-09-22
windsorstar.com	58192	2026-08-09
windtech-international.com	9285	2026-08-07
wingsmagazine.com	5816	2026-08-07
wink104.com	10350	2026-08-08
winknews.com	55262	2026-08-09
winnipeg.ctvnews.ca	27808	2025-04-25
winnipegfreepress.com	322952	2026-08-09
winnipegsun.com	54336	2026-08-09
winonadailynews.com	37915	2026-08-06
winonapost.com	10490	2026-08-08
winsfordguardian.co.uk	67252	2023-03-07
winteriscoming.net	8471	2026-08-09
wiog.com	5033	2026-08-08
wionews.com	25883	2026-02-12
wiov.com	7307	2026-08-06
wired.com	21061	2026-08-09
wiredprnews.com	26047	2025-10-24
wirralglobe.co.uk	134653	2026-08-09
wirx.com	19922	2026-08-09
wisbechstandard.co.uk	35753	2026-08-09
wisbusiness.com	14119	2026-08-07
wisc.edu	13729	2026-08-09
wiscassetnewspaper.com	24783	2026-08-09
wiscnews.com	66657	2026-08-09
wisconsin106.com	15308	2025-03-13
wisconsinagconnection.com	14706	2026-08-07
wisconsinrapidstribune.com	9142	2023-09-11
wisfarmer.com	5440	2023-09-11
wishtv.com	71588	2026-08-09
wislawjournal.com	11691	2026-06-03
wisn.com	74219	2026-08-09
wispolitics.com	20579	2026-07-23
wisr680.com	9212	2026-08-09
wistv.com	38593	2026-08-09
withinnigeria.com	12604	2026-03-04
witl.com	37563	2026-08-09
witn.com	36526	2026-08-09
witneygazette.co.uk	131684	2026-08-09
wits.ac.za	5464	2026-08-07
wivk.com	12407	2026-08-09
wixx.com	27583	2026-08-07
wiznation.com	13416	2026-08-09
wjactv.com	33910	2026-08-09
wjbc.com	40045	2026-08-03
wjbq.com	28489	2026-08-09
wjbr.com	12970	2025-12-04
wjcl.com	71488	2026-08-09
wjct.org	71230	2026-08-09
wjcw.com	56199	2026-07-20
wjez.com	10769	2026-08-09
wjfw.com	20803	2026-08-09
wjhg.com	25821	2026-08-09
wjimam.com	23474	2025-12-01
wjla.com	49455	2026-08-09
wjle.com	6025	2026-08-09
wjmi.com	18966	2026-05-04
wjnt.com	23076	2026-04-22
wjol.com	34722	2026-08-09
wjon.com	38071	2026-08-09
wjoxam.com	50601	2026-04-07
wjpf.com	5987	2026-08-06
wjr.com	43669	2026-08-09
wjrz.com	13841	2026-08-09
wjsu.org	19822	2025-03-11
wjtn.com	20650	2026-08-09
wjvl.com	5257	2025-03-09
wkar.org	18234	2026-08-09
wkbw.com	41303	2026-08-09
wkdq.com	36845	2026-08-09
wkdzradio.com	16788	2026-08-01
wkfr.com	24723	2026-08-09
wkjc.com	42522	2026-08-09
wkkg.com	9837	2026-08-07
wkmi.com	17491	2025-11-30
wkml.com	15915	2026-08-08
wkms.org	54541	2026-08-09
wknofm.org	83119	2026-08-09
wkow.com	6158	2026-05-21
wkrb13.com	486644	2025-04-18
wksn.com	20599	2026-08-09
wksu.org	17996	2022-12-08
wktn.com	10211	2026-08-07
wktv.com	42841	2026-08-09
wkuherald.com	9464	2026-08-06
wkvi.com	7618	2026-08-07
wkxi.com	15993	2026-05-09
wkyc.com	70523	2026-06-06
wkyt.com	33591	2026-08-09
wkyufm.org	44565	2026-08-09
wkzo.com	77065	2026-08-09
wlad.com	5066	2026-08-07
wlav.com	10470	2026-08-09
wlbt.com	8276	2026-03-19
wlds.com	11572	2026-08-09
wlec.com	22941	2026-08-09
wlevradio.com	9775	2026-08-08
wlfi.com	25557	2026-08-08
wlip.com	22973	2026-08-08
wlkm.com	8716	2026-08-07
wlky.com	82138	2026-08-09
wlni.com	5321	2026-04-30
wlos.com	41150	2026-08-09
wlox.com	33415	2026-08-09
wlrfm.com	16614	2026-07-28
wlrh.org	26584	2026-08-06
wlrn.org	49834	2026-08-09
wlsam.com	54505	2026-08-07
wltribune.com	33106	2026-08-09
wltx.com	63246	2026-06-25
wltz.com	6310	2026-06-19
wlwi.com	6297	2026-08-09
wlwt.com	91191	2026-08-09
wmac-am.com	48333	2026-08-09
wmagazine.com	6493	2026-08-07
wmal.com	39509	2026-08-09
wmay.com	11097	2025-04-11
wmbfnews.com	39416	2026-08-09
wmcactionnews5.com	21076	2021-05-19
wmdt.com	33846	2026-08-09
wmfe.org	18986	2024-04-02
wmgk.com	16577	2026-08-09
wmicentral.com	10525	2026-08-07
wmmq.com	33994	2026-08-09
wmnf.org	7517	2026-08-07
wmot.org	24000	2025-08-12
wmra.org	45105	2026-08-09
wmtram.com	10171	2026-08-08
wmtv15news.com	19552	2026-08-09
wmtw.com	73752	2026-08-09
wmuk.org	24821	2026-08-09
wmur.com	94919	2026-08-09
wn.com	399364	2026-07-15
wnaw.com	18974	2026-08-09
wnax.com	9031	2026-08-07
wnbf.com	17966	2026-08-09
wncv.com	9190	2026-08-09
wncw.org	32160	2026-08-09
wncy.com	27550	2026-08-07
wnd.com	37532	2026-08-09
wndu.com	31769	2026-08-09
wnem.com	23705	2026-08-09
wnep.com	57274	2026-06-05
wnewsj.com	19288	2025-05-15
wnir.com	9601	2026-08-07
wnmtradio.com	19176	2022-12-08
wnmufm.org	71825	2026-08-09
wnpr.org	6587	2021-07-14
wnyt.com	45063	2026-03-11
woad.com	19065	2026-04-22
wobm.com	59557	2026-08-09
wogb.fm	17283	2026-08-09
wogx.com	18615	2026-08-08
wohfradio.com	29338	2026-08-09
wokq.com	27726	2026-08-09
wokv.com	63792	2026-08-09
womanandhome.com	25255	2026-08-09
womansworld.com	13001	2026-08-09
womenofchina.cn	11042	2025-06-09
womenshealthmag.com	17285	2026-08-08
wondradio.com	42118	2026-08-09
wonkette.com	5766	2026-07-29
woodallscm.com	5563	2026-08-07
woodlandsonline.com	10239	2026-08-09
woodstocksentinelreview.com	41145	2026-08-09
woodwardnews.net	10415	2026-08-05
woodworkingnetwork.com	9527	2025-12-16
woonsocketcall.com	12606	2026-08-09
worcesternews.co.uk	108252	2026-08-09
wordpress.com	17126	2026-08-09
workers.org	5585	2026-03-06
workerscompensation.com	8400	2026-08-08
workersliberty.org	8719	2025-11-07
worksopguardian.co.uk	12974	2025-01-23
world-nuclear-news.org	7379	2026-08-07
worldbank.org	10208	2026-08-04
worldboxingnews.net	7275	2025-03-04
worldcasinodirectory.com	7959	2026-08-09
worldcrunch.com	14971	2025-01-23
worldipreview.com	5118	2026-08-07
worldoil.com	13817	2026-08-09
worldpoliticsreview.com	5298	2026-08-06
worldscreen.com	13861	2025-08-22
worldsoccertalk.com	14787	2022-08-10
worldtempus.com	6333	2026-08-09
wortfm.org	6174	2025-05-02
worthingherald.co.uk	6867	2022-02-10
worthplaying.com	13534	2026-08-08
worthynews.com	6083	2026-08-09
wosu.org	15597	2026-08-07
woub.org	10759	2026-08-07
wowo.com	10037	2026-08-09
wowt.com	38589	2026-08-09
wpbf.com	67443	2026-08-09
wpde.com	48379	2026-08-09
wpdh.com	44818	2026-08-09
wphm.net	13328	2026-08-08
wpr.org	11640	2026-08-09
wprl.org	54300	2025-10-06
wpsdlocal6.com	54086	2026-08-09
wpst.com	36906	2026-08-09
wpsu.org	65313	2026-08-09
wptv.com	52238	2026-08-09
wpxi.com	45031	2026-08-09
wqad.com	51386	2026-06-05
wqcmfm.com	13720	2026-08-05
wqcs.org	56600	2026-08-09
wqel.com	5724	2026-08-07
wqut.com	21624	2026-08-09
wral.com	152166	2026-08-09
wraltechwire.com	12216	2025-11-06
wrcbtv.com	57393	2022-01-13
wrdw.com	38702	2026-08-09
wrestlezone.com	38725	2026-08-09
wrestlinginc.com	62966	2026-08-09
wrestlingnewssource.com	25672	2026-07-06
wrexham.com	15734	2026-08-09
wrfalp.com	7823	2026-08-07
wrganews.com	12685	2026-08-09
wrhi.com	5555	2026-07-14
wrif.com	30527	2026-08-09
writersdigest.com	5734	2026-08-09
wrjn.com	5492	2026-08-07
wrjo.com	5697	2026-08-04
wrkf.org	37587	2026-08-09
wrkr.com	24605	2026-08-08
wrmf.com	11101	2026-08-09
wror.com	20705	2026-08-09
wrp.org.uk	6285	2026-08-08
wrrv.com	39120	2026-08-09
wruf.com	10626	2026-08-07
wrur.org	9437	2026-08-08
wrvo.org	62115	2026-08-09
wsau.com	103792	2026-08-09
wsaw.com	31065	2026-08-09
wsaz.com	27958	2026-08-09
wsbradio.com	62842	2026-08-09
wsbs.com	12903	2026-08-08
wsbt.com	40005	2026-08-09
wsbtv.com	54281	2026-08-09
wscountytimes.co.uk	6332	2022-02-09
wset.com	42371	2026-08-09
wsfa.com	32141	2026-08-09
wsfl.com	7193	2026-08-09
wsgw.com	20280	2026-08-07
wshu.org	40709	2026-08-08
wsiltv.com	53441	2026-08-02
wsipam.com	5015	2026-07-25
wsiu.org	76176	2026-08-09
wsj.com	58643	2026-06-22
wsjm.com	30722	2026-08-06
wsjs.com	5407	2026-07-31
wskg.org	6784	2026-03-08
wsls.com	136015	2026-08-09
wsmv.com	36338	2026-08-09
wsnewspublishers.com	7109	2025-08-29
wsoctv.com	45336	2026-08-09
wsrkfm.com	18490	2026-08-09
wsu.edu	8573	2026-08-09
wsvaonline.com	5422	2024-04-02
wsvn.com	48116	2026-08-09
wsws.org	40694	2026-08-09
wtae.com	80502	2026-08-09
wtap.com	5700	2026-03-19
wtaq.com	53582	2026-08-07
wtax.com	7000	2024-05-20
wtbdfm.com	11527	2024-01-02
wtbx.com	24787	2026-08-05
wthitv.com	37648	2026-08-09
wtka.com	15955	2024-08-27
wtkr.com	57606	2026-08-09
wtma.com	106972	2026-08-08
wtmj.com	42363	2026-07-15
wtmx.com	10323	2026-08-08
wtoc.com	35294	2026-08-09
wtok.com	23497	2026-08-09
wtol.com	61161	2026-06-06
wtop.com	89009	2026-08-09
wtov9.com	34869	2026-08-09
wtsp.com	75398	2026-06-06
wttf.com	31331	2026-08-09
wttw.com	14739	2025-12-16
wtug.com	19085	2026-08-09
wtva.com	47328	2026-08-09
wtvbam.com	55536	2026-08-09
wtvm.com	27515	2026-08-09
wtvq.com	20155	2026-08-09
wtvr.com	51544	2026-08-09
wtvy.com	22155	2026-08-08
wtxl.com	31414	2026-08-09
wuft.org	39928	2026-08-09
wuky.org	27947	2026-08-09
wunc.org	21256	2026-08-08
wupe.com	17977	2026-08-09
wusa9.com	68551	2026-06-05
wutc.org	40233	2026-08-09
wuuqradio.com	12085	2026-08-07
wuwf.org	53204	2026-08-09
wuwm.com	17402	2026-08-09
wvasfm.org	50757	2026-08-09
wvel.com	7414	2026-07-31
wvfm1065.com	5078	2020-12-07
wvgazettemail.com	43517	2026-08-09
wvik.org	52783	2026-08-09
wvlkam.com	68747	2026-08-09
wvlnam.com	8648	2026-07-29
wvmetronews.com	24461	2026-08-09
wvnews.com	110265	2026-01-24
wvnn.com	40825	2026-08-07
wvpublic.org	12669	2026-08-08
wvrecord.com	5873	2025-05-20
wvtf.org	33613	2026-08-09
wvtm13.com	66485	2026-08-09
wvxu.org	43583	2026-08-09
wwaytv3.com	29380	2026-08-09
wwd.com	46070	2026-08-09
wweek.com	12140	2026-08-05
wwisradio.com	5312	2026-08-08
wwjb.com	5988	2025-02-24
wwki.com	5863	2026-08-09
wwltv.com	56312	2026-06-05
wwmt.com	41540	2026-08-09
wwno.org	46429	2026-08-09
wwnytv.com	25890	2026-08-09
wwqq101.com	5772	2026-08-08
wxerfm.com	19004	2026-08-08
wxfx.com	9301	2026-08-06
wxii12.com	77286	2026-08-09
wxkr.com	13880	2026-08-06
wxlo.com	9768	2026-08-09
wxow.com	52190	2026-08-09
wxpr.org	31247	2026-08-09
wxxinews.org	54958	2026-08-09
wxxv25.com	27221	2026-08-09
wxyz.com	52250	2026-08-09
wydaily.com	15525	2026-08-09
wyff4.com	80433	2026-08-09
wynn1063.com	20535	2026-08-09
wyomingnews.com	93268	2026-08-09
wyomingnewsnow.tv	36889	2026-08-09
wyomingpublicmedia.org	44392	2026-08-09
wypr.org	51989	2026-08-09
wyrk.com	43475	2026-08-09
wyshradio.com	5180	2026-08-07
wyso.org	44396	2026-08-09
wysu.org	25263	2026-08-09
wzid.com	6778	2026-08-08
wzozfm.com	19211	2026-08-09
wzpl.com	7906	2026-08-08
wzzm13.com	69198	2026-06-26
x1071.com	31237	2026-08-09
xboxachievements.com	9229	2025-04-26
xinhuanet.com	172414	2026-06-16
xlcountry.com	14241	2026-08-09
xpatloop.com	10253	2026-07-22
xtra99.com	17780	2026-08-09
xxlmag.com	13647	2026-08-07
y-103.com	9690	2026-08-09
y100fm.com	7857	2026-08-07
y101.com	14246	2026-08-08
y101hits.com	10108	2026-08-09
y102montgomery.com	22980	2026-08-09
y105fm.com	40981	2026-08-09
y105music.com	25997	2026-08-09
y108.ca	8111	2026-08-08
y94.com	37183	2026-08-09
y95country.com	28877	2026-08-09
yachtsandyachting.com	30302	2026-08-09
yahoo.com	6386548	2026-08-09
yakimaherald.com	98857	2026-08-09
yaktrinews.com	8775	2023-06-26
yale.edu	11697	2026-08-07
yaledailynews.com	5862	2026-01-16
yalibnan.com	9305	2026-08-09
yambolnews.net	6474	2025-10-22
yanksgoyard.com	5496	2026-08-09
yankton.net	61017	2026-08-09
yardbarker.com	165692	2026-08-09
yasstribune.com.au	68548	2026-08-09
ycombinator.com	5918	2026-08-09
ydr.com	6710	2023-09-11
yellowhammernews.com	14024	2026-08-09
yen.com.gh	10134	2026-03-19
yenisafak.com	20714	2025-09-16
yeovilexpress.co.uk	58449	2023-06-08
yesweekly.com	10480	2026-08-06
yle.fi	16980	2026-08-07
yna.co.kr	6410	2026-03-12
ynaija.com	9094	2026-08-09
ynetnews.com	66434	2026-08-09
yorkdispatch.com	14408	2023-09-11
yorknewstimes.com	47523	2026-08-09
yorkpress.co.uk	168717	2026-08-09
yorkregion.com	12095	2026-08-09
yorkshireeveningpost.co.uk	26040	2025-01-23
yorkshirepost.co.uk	60971	2025-01-23
yorktonthisweek.com	42911	2021-07-29
youngwitness.com.au	19912	2026-08-06
youralaskalink.com	22476	2026-08-08
yourdemocracy.net	5572	2026-08-09
yourdemocracy.net.au	18923	2026-08-09
youredm.com	7476	2026-06-26
yourfortdodge.com	19781	2026-08-04
yourlocalguardian.co.uk	189168	2026-08-09
yourobserver.com	13482	2025-09-10
yoursourceone.com	81115	2026-08-09
yourstephenvilletx.com	5061	2026-08-09
yourstory.com	36278	2026-07-04
yourtango.com	48293	2026-08-09
yourthurrock.com	11013	2026-08-09
yovizag.com	6700	2026-08-08
ypradio.org	67830	2026-08-09
yubanet.com	8853	2026-08-08
yukon-news.com	6393	2026-08-09
yumasun.com	60215	2026-08-09
z100fm.com	5682	2026-08-07
z100missoula.com	14862	2026-08-09
z1023online.com	16961	2026-08-09
z103.fm	11188	2024-08-29
z1077fm.com	11184	2026-08-09
z937.com	21005	2026-08-09
z93jamz.com	16722	2026-08-09
z94.com	26149	2026-08-09
z943radio.com	8741	2025-01-06
z96.com	10594	2026-08-09
zawya.com	199877	2026-08-08
zazoom.it	10633	2026-08-03
zdnet.com	40689	2026-08-07
zerohedge.com	133548	2026-08-09
zfenglish.com	40414	2026-08-07
ziarelive.ro	5451	2024-08-01
zigwheels.com	20879	2026-08-09
zimbabwesituation.com	15654	2026-07-20
zimbabwestar.com	53091	2026-08-09
zimeye.net	10503	2026-07-05
zizonline.com	6658	2026-08-07
zmescience.com	13351	2026-08-08
znsbahamas.com	5838	2026-08-09
zodiakmalawi.com	6770	2026-08-04
zonebourse.com	6769	2026-05-15
zrock103.com	9058	2026-08-09
zululandobserver.co.za	18680	2023-08-31
