1005freshradio.ca	8944	2026-07-06
1009theeagle.com	11634	2026-07-02
1010wcsi.com	7307	2025-08-27
1011now.com	32654	2026-07-12
1015hankfm.com	9175	2025-07-28
1015thehawk.com	10170	2026-03-23
1015vibe.com	8082	2026-07-10
1019thebeatfm.com	9206	2025-05-15
1019thekeg.com	26327	2026-05-12
1019therock.com	25271	2026-07-11
1021thefox.com	9142	2026-07-11
1023thebullfm.com	17945	2026-07-01
1023thewolf.com	8194	2026-07-06
1025kiss.com	36927	2026-07-11
1025wowcountry.com	7370	2026-07-12
1027kord.com	32509	2026-07-12
1027thevibe.com	7630	2026-07-12
102thebear.com	6018	2026-07-12
1031freshradio.ca	8922	2026-07-06
1033theeagle.com	6650	2026-07-01
1033wvyb.com	8585	2026-07-11
1035kissfmboise.com	24625	2026-07-10
1035theeagle.com	9305	2026-07-09
1037theloon.com	27137	2026-07-12
1039wvbo.com	26971	2026-07-12
103gbfrocks.com	35825	2026-07-12
103kkcn.com	19127	2026-07-11
103weup.com	9834	2026-07-11
103wjod.com	23252	2026-07-12
1041wdlt.com	9400	2026-07-12
1043freshradio.ca	8348	2026-06-29
1043theparty.com	7202	2026-07-12
1045bobfm.com	5391	2024-09-10
1045freshradio.ca	7536	2026-07-07
1045theteam.com	22574	2026-07-12
1045thezone.com	29904	2026-07-12
1045wjjk.com	5681	2026-07-12
1049maxcountry.com	8001	2021-04-15
1049nashicon.com	5822	2026-07-12
1049thebeat.com	17745	2026-07-11
1049theedge.com	7670	2023-01-13
1049thewolf.com	15667	2026-07-11
104thehawk.com	10892	2026-07-11
1050talk.com	7314	2020-02-18
1053hotfm.com	5887	2026-07-12
1055thehawk.com	6159	2024-06-16
1057thehawk.com	55555	2026-07-12
1057thepoint.com	15621	2026-07-11
1057thex.com	9184	2026-07-12
1059thehog.com	9298	2026-06-27
1063cowboycountry.com	6354	2021-01-15
1063thebuzz.com	30681	2026-07-12
1063thegroove.com	7769	2026-07-12
1065thearch.com	11816	2026-07-11
1065thebuzz.com	15489	2026-07-10
1069morefm.com	6042	2022-09-07
1073modfm.com	24943	2026-06-09
1073theeagle.com	8932	2026-07-11
1073wsjy.com	5991	2025-11-22
1075daverocks.com	7744	2026-07-12
1075koolfm.com	7552	2026-07-10
1075thegame.com	40513	2026-07-12
1075zoofm.com	8459	2022-07-07
1077thebone.com	7062	2026-07-10
1079ishot.com	47678	2026-07-11
107jamz.com	17269	2026-07-11
1090kaay.com	19715	2026-07-10
10news.com	96283	2026-07-12
10tv.com	62651	2026-06-25
1150kknw.com	5638	2026-07-12
1170kfaq.com	5326	2020-05-08
11alive.com	76527	2026-06-06
1280wnam.com	22183	2026-02-02
1290wlby.com	38412	2026-07-10
12news.com	62356	2026-06-26
12newsnow.com	54381	2026-06-06
12onyourside.com	12472	2026-07-12
1310kfka.com	13718	2026-07-10
1310news.com	29075	2020-12-03
1350kman.com	15577	2026-07-11
1370wfea.com	8374	2026-07-11
1380kcim.com	8887	2026-03-18
13abc.com	29060	2026-07-12
13newsnow.com	73852	2026-06-06
13wham.com	40238	2026-07-12
13wmaz.com	59415	2026-06-06
1470kyyw.com	8894	2026-07-11
1470wmbd.com	10508	2023-03-10
1490wosh.com	81671	2026-07-10
14news.com	40106	2026-07-12
1520theticket.com	53163	2026-06-29
1590walg.com	17537	2020-08-26
1630kcjj.com	13913	2026-07-10
1660thefan.com	10612	2020-12-04
1prime.biz	32781	2023-12-29
247sports.com	6960	2023-02-02
247wallst.com	16093	2026-07-12
27east.com	7717	2026-07-11
29news.com	10411	2026-07-12
2ec.com.au	5085	2026-07-12
2gb.com	31418	2026-07-12
2hd.com.au	5912	2024-12-18
2lt.com.au	15454	2026-07-12
2merkato.com	5161	2026-07-12
2news.com	80760	2026-07-12
2nm.com.au	5004	2026-07-12
2paragraphs.com	14331	2026-07-10
360cities.net	23862	2026-06-04
360nobs.com	5978	2020-10-03
3aw.com.au	19182	2026-07-12
3blmedia.com	7971	2026-07-11
3quarksdaily.com	9653	2026-05-24
4029tv.com	64294	2026-07-12
411mania.com	105251	2025-11-29
41nbc.com	26242	2026-07-11
4bc.com.au	27728	2026-07-10
4ni.co.uk	13697	2026-07-12
51.ca	7444	2026-07-12
5280.com	5566	2026-07-12
560cfos.ca	11980	2025-07-31
570news.com	56393	2021-10-17
5newsonline.com	51740	2026-06-06
5tjt.com	10304	2026-06-04
6000.co.za	5121	2026-07-12
620ckrm.com	25383	2026-07-12
640wxsm.com	67438	2026-07-12
660wxqw.com	20062	2025-06-14
680kfeq.com	13551	2026-07-09
680news.com	113457	2021-10-17
6abc.com	60142	2026-07-12
6pr.com.au	10499	2026-07-10
702.co.za	24442	2024-01-15
710keel.com	25799	2026-07-11
740thefan.com	27971	2026-07-12
790business.com	41914	2022-08-10
790wpic.com	61851	2026-06-22
7news.com.au	5070	2026-03-12
7newsbelize.com	37358	2026-07-11
7thspace.com	39838	2024-09-15
850wftl.com	18211	2026-05-06
895thelake.ca	8534	2023-11-21
90min.com	58926	2025-09-29
915thebeat.com	8645	2026-06-29
919thebend.ca	10859	2026-02-10
91x.fm	5235	2026-07-08
921theticket.com	85503	2026-07-12
921wrou.com	25340	2026-07-10
927thedrive.net	19444	2026-07-11
927thevan.com	17542	2026-07-12
929nin.com	46983	2026-07-11
929peakfm.com	13680	2026-07-12
929thebull.com	30752	2026-07-12
929thelake.com	30316	2026-07-10
929theticket.com	9290	2026-07-12
929zzu.com	8622	2026-07-11
92moose.fm	28784	2026-07-10
92q.com	16520	2026-07-12
92qnashville.com	10373	2026-07-12
931coast.com	6670	2026-07-11
931freshradio.ca	8078	2026-07-06
931kmkt.com	18242	2026-07-07
931thebeat.com	9081	2026-07-12
931theborder.ca	8735	2025-09-08
933nashicon.com	5722	2026-07-12
933thedrive.com	37323	2026-07-12
937kcountry.com	5056	2026-07-10
937nashicon.com	7073	2025-03-17
937theeagle.com	5800	2026-07-09
93q.com	19249	2026-07-12
93x.com	5422	2026-07-12
940wfaw.com	27438	2024-10-06
941theduke.com	7591	2026-07-10
943jackfm.com	22583	2026-07-11
943thepoint.com	56751	2026-07-12
945thehawkradio.com	5867	2026-07-11
945themoose.com	8672	2026-07-09
947wls.com	5689	2026-07-10
949whom.com	28545	2026-07-10
951kbby.com	8782	2026-07-12
953thebear.com	30583	2026-07-12
953thescore.com	59755	2026-07-12
955glo.com	8952	2026-07-11
955wtvy.com	5948	2026-07-04
959kissfm.com	12214	2026-07-11
95kqds.com	9607	2026-07-10
95rockfm.com	31079	2026-07-12
95sx.com	10183	2026-07-12
961jamz.com	8822	2026-07-12
961theeagle.com	34194	2026-07-12
963jackfm.com	8419	2026-07-10
963kklz.com	16455	2026-07-12
963theblaze.com	27365	2026-07-12
963wdvd.com	5190	2026-07-06
963xke.com	6069	2026-07-11
965bobfm.com	7279	2024-08-08
965kvki.com	38934	2026-07-12
965therock.com	19981	2026-07-11
967theeagle.net	32057	2026-07-12
969therock.com	14903	2026-07-04
96fm.ie	5728	2026-07-10
96kzel.com	9028	2026-07-11
971kissfm.com	5102	2022-09-16
973thedawg.com	45596	2026-07-12
975kgkl.com	21270	2026-07-11
975klak.com	6919	2020-05-30
975now.com	34546	2026-07-12
975thevibe.com	22400	2026-07-12
975wabd.com	10885	2026-07-12
977thebay.com	5947	2026-07-11
977theriver.com	12897	2025-05-26
979kickfm.com	31644	2026-07-12
979nashicon.com	5448	2026-07-12
979x.com	10299	2026-07-12
97rockonline.com	32793	2026-07-12
97x.com	21912	2026-07-10
97xonline.com	7677	2026-07-11
97zokonline.com	38290	2026-07-12
980waav.com	76984	2026-07-10
981thehawk.com	35432	2026-07-12
981themax.com	9171	2026-07-12
983nashicon.com	5886	2026-07-12
983thecoast.com	34920	2026-07-06
983thesnake.com	21259	2026-07-12
983wlcs.com	6152	2026-07-01
985kissfm.net	6009	2026-07-12
985thebull.com	12685	2026-07-01
987jack.com	23343	2026-07-12
987thebomb.com	6486	2026-07-09
987thebull.com	11548	2026-06-10
989magicfm.com	10331	2026-07-12
989xfm.ca	5557	2026-07-12
98cool.ca	10848	2026-07-11
98fm.com	14119	2026-07-10
98kupd.com	9008	2026-07-11
98q.com	6898	2026-07-10
98rocks.fm	18116	2026-07-01
98theticket.com	15783	2021-01-15
991thewhale.com	32112	2026-07-12
993kjoy.com	9610	2026-07-12
993thex.com	6072	2026-07-08
995qyk.com	20807	2026-07-12
995thewolf.com	7179	2026-07-10
997wtn.com	79227	2026-06-22
999ktdy.com	35292	2026-07-11
999thefoxrocks.com	7127	2026-07-12
999thepoint.com	26848	2026-07-12
99jamzmiami.com	5131	2026-07-11
9and10news.com	60812	2026-07-11
9news.com	62857	2026-06-05
9news.com.au	107292	2026-05-31
9thlevel.ie	8248	2025-12-04
9to5mac.com	21025	2026-07-12
aa.com.tr	84922	2026-07-12
aaj.tv	6866	2025-10-27
aarp.org	13879	2026-07-10
aawsat.com	121681	2026-07-12
abajournal.com	10537	2026-07-12
abbynews.com	32235	2026-07-12
abc-7.com	25368	2025-02-05
abc.net.au	191054	2026-07-12
abc10.com	72693	2026-06-25
abc11.com	76048	2026-07-12
abc12.com	35779	2026-07-12
abc13.com	84049	2026-07-12
abc15.com	54097	2026-07-12
abc17news.com	106677	2026-07-12
abc23.com	10290	2026-07-12
abc30.com	66897	2026-07-12
abc3340.com	40092	2026-07-12
abc57.com	57944	2026-07-12
abc6.com	10148	2026-01-23
abc6onyourside.com	39382	2026-07-12
abc7.com	69844	2026-07-12
abc7amarillo.com	31437	2026-07-12
abc7chicago.com	97195	2026-07-12
abc7news.com	76095	2026-07-12
abc7ny.com	83269	2026-07-12
abcactionnews.com	47042	2025-08-18
abcaudio.com	5535	2026-06-09
abccolumbia.com	40834	2026-07-12
abcfoxmontana.com	10097	2020-03-03
abcnews.com	14050	2026-07-12
abcnews4.com	45857	2026-07-12
abcnewsradioonline.com	21946	2021-04-12
abebooks.co.uk	5398	2023-12-06
aberdeennews.com	16891	2023-09-11
abnnewswire.net	7269	2026-07-10
aboutmyarea.co.uk	7782	2026-06-14
abovethelaw.com	27435	2026-07-10
abplive.com	7280	2026-03-17
abqjournal.com	85333	2026-07-12
abs-cbn.com	45218	2025-02-12
abstvradio.com	8612	2026-07-11
accesswdun.com	132647	2026-05-26
accountantsdaily.com.au	6708	2026-07-12
accountingtoday.com	18614	2026-07-11
aceshowbiz.com	108881	2026-07-12
ack.net	7060	2026-07-10
acm.org	8233	2025-11-11
acrofan.com	16721	2024-06-05
acs.org	8289	2026-07-10
actionforex.com	41838	2026-07-11
actionnews5.com	20048	2026-07-12
actionnewsjax.com	41492	2026-07-12
actionnewsnow.com	17223	2026-03-19
actmedia.eu	16531	2026-07-10
actuarialpost.co.uk	6377	2026-07-10
adage.com	9058	2026-06-18
adb.org	5211	2026-07-09
adelaidenow.com.au	56534	2024-07-27
adgully.com	76019	2026-07-11
adirondackdailyenterprise.com	16924	2026-04-13
adn.com	45882	2026-07-12
adnews.com.au	11151	2026-07-12
adsoftheworld.com	7091	2022-05-07
advanced-television.com	16605	2026-07-12
advancedbiofuelsusa.info	14500	2023-07-26
advertiser.ie	5066	2026-07-09
advertisernewssouth.com	5169	2026-07-10
advisor.ca	10854	2026-07-10
advocate-news.com	17315	2026-07-12
advocate.com	8811	2026-07-12
advocateanddemocrat.com	29361	2026-07-12
adweek.com	31832	2026-07-11
aei.org	22636	2026-07-10
aero-news.net	92955	2026-07-12
aerospace-technology.com	5672	2024-11-14
aerotechnews.com	7715	2026-07-11
af.mil	23754	2025-02-27
afa.net	5021	2026-07-10
afaqs.com	13599	2026-07-12
afar.com	7481	2026-07-10
afghanislamicpress.com	5504	2026-07-12
afghanistannews.net	54675	2026-07-12
afghanistansun.com	51461	2026-07-12
afghanistantimes.af	5533	2022-02-18
afl.com.au	16299	2026-07-12
afloat.ie	22336	2026-07-08
afn.net	7605	2024-09-08
afr.com	150557	2026-07-12
afr.net	7972	2026-07-11
africa-newsroom.com	43353	2026-07-12
africa.com	24163	2026-07-11
africabusiness.com	6772	2026-07-10
africaintelligence.com	12166	2026-07-10
africaleader.com	99194	2026-07-12
african.business	13985	2025-12-02
africanews.com	44940	2026-07-12
africanexaminer.com	17747	2026-07-11
afro.com	7888	2026-07-12
afropages.fr	37473	2025-09-18
agassizharrisonobserver.com	41609	2026-07-12
agenda.ge	9624	2025-02-27
aginfo.net	22946	2026-07-12
agnews890.com	5705	2026-07-01
agreenliving.org	5844	2022-05-27
agri-pulse.com	6601	2026-07-12
agriculture.com	27864	2026-03-17
agriland.ie	45203	2026-01-13
agrinews-pubs.com	12936	2026-07-12
agupdate.com	17136	2026-07-12
agweek.com	12174	2026-07-11
agwired.com	8129	2026-07-12
ahram.org.eg	99510	2026-07-12
ai-cio.com	5381	2026-07-10
aidesep.org.pe	5933	2025-10-03
aikenstandard.com	5935	2023-06-19
ainonline.com	9963	2026-07-10
airdriecityview.com	43048	2025-01-23
airdrieecho.com	9110	2026-07-12
airdrietoday.com	18510	2023-05-11
airforce-technology.com	6854	2026-07-10
airforcetimes.com	9230	2026-07-10
airliners.net	10712	2026-04-23
airport-technology.com	6132	2026-07-09
ajc.com	73171	2026-07-12
ajmc.com	14664	2026-04-24
ajot.com	9918	2026-07-02
ajp.com.au	6212	2026-07-12
akp.gov.kh	22844	2026-07-12
akronnewsreporter.com	8273	2026-07-11
al-monitor.com	48014	2026-07-12
al.com	75487	2026-03-25
alabamanews.net	13758	2023-04-13
alabamawx.com	14666	2025-08-14
alamogordonews.com	6045	2026-07-10
alarabiya.net	20388	2025-12-05
alaraby.co.uk	8389	2022-11-16
alaska-native-news.com	8474	2026-07-11
alaskahighwaynews.ca	45396	2023-11-01
alaskapublic.org	8157	2026-07-11
alaskasnewssource.com	11828	2026-07-12
albanyherald.com	81229	2025-06-06
albawaba.com	71357	2026-07-12
alberta.ca	5454	2026-07-11
albuquerqueexpress.com	93687	2026-07-12
aldergrovestar.com	31960	2026-07-12
aldianews.com	8909	2026-07-10
aleteia.org	17766	2026-07-12
algemeiner.com	36526	2026-07-10
alice1077.com	10371	2026-07-12
alice965.com	14471	2026-07-11
alipac.us	32231	2026-07-12
aljazeera.com	119559	2026-07-12
allaboutthejersey.com	5314	2026-07-11
allaccess.com	12520	2024-11-05
allafrica.com	575621	2026-07-11
alleywatch.com	20949	2026-07-10
allhiphop.com	23170	2026-07-12
alligator.org	8668	2026-07-12
allkpop.com	61182	2026-07-12
allmediany.com	7207	2020-10-14
allthehitsb951.com	10127	2026-07-12
alltoc.com	8831	2026-04-15
allure.com	6776	2026-07-12
almanacnews.com	11814	2026-07-12
almanar.com.lb	11558	2026-01-24
almayadeen.net	5251	2025-01-26
alt1017.com	10060	2024-11-19
altaz933.com	7128	2026-07-11
alternet.org	31182	2026-07-12
altondailynews.com	9971	2021-06-21
altoonamirror.com	21451	2026-07-12
altpress.com	9018	2025-01-23
am-online.com	20323	2025-12-12
am1050.com	7241	2024-08-08
am1070theanswer.com	5920	2024-05-17
am1100theflag.com	18222	2026-06-10
am1590theanswer.com	6050	2022-07-01
am920theanswer.com	5919	2024-05-17
am9501007fm.com	27723	2026-06-08
am970theanswer.com	5919	2024-05-17
amarillo.com	9981	2023-09-11
amarillosrockstation.com	9133	2026-07-12
amarujala.com	148264	2026-06-15
amazinavenue.com	8502	2026-07-12
amazingmadison.com	26453	2026-07-10
americamagazine.org	14809	2026-07-11
americanbanker.com	25909	2026-07-11
americanbazaaronline.com	8728	2026-07-12
americanfreepress.net	10087	2026-06-11
americanisraelite.com	7048	2026-07-08
americanpress.com	26996	2026-07-12
americansongwriter.com	47536	2026-07-12
americanthinker.com	50272	2026-07-12
americantop40.com	13725	2026-07-11
amestrib.com	8559	2023-09-11
amherstbulletin.com	5076	2026-07-09
ammonnews.net	13991	2026-07-11
amny.com	20067	2026-07-12
amren.com	20365	2026-07-12
amsterdamnews.com	9940	2026-07-10
analystratings.com	5117	2021-04-29
anandabazar.com	12880	2023-08-22
ancient-origins.net	20124	2026-07-12
andhrawishesh.com	6851	2026-05-02
andina.pe	10818	2025-04-22
andoveradvertiser.co.uk	105362	2026-07-12
androidauthority.com	20186	2026-07-12
androidcentral.com	38232	2026-07-12
androidcommunity.com	6682	2022-02-03
androidpolice.com	37350	2026-07-12
angelusnews.com	5261	2026-07-10
anglocelt.ie	46226	2026-07-12
angop.ao	7651	2025-01-03
anhuinews.com	17850	2026-07-10
animenewsnetwork.com	59865	2025-09-07
aninews.in	545146	2026-07-12
annistonstar.com	25831	2026-07-12
ansa.it	14596	2026-07-10
ansamed.info	9391	2023-03-13
antaranews.com	72097	2026-07-12
antigojournal.com	32686	2026-07-12
antiguaobserver.com	14116	2026-07-11
antiwar.com	22074	2026-07-12
antonyloewenstein.com	6564	2026-07-12
aol.co.uk	234565	2026-07-12
aol.com	276396	2026-07-12
ap.org	20431	2026-06-04
apartmenttherapy.com	14278	2026-04-26
apnews.com	386275	2025-03-05
app.com	16834	2023-09-11
app.com.pk	33134	2026-04-24
appeal-democrat.com	19407	2026-07-11
applevalleynewsnow.com	8682	2026-07-12
apr.org	32201	2026-07-12
aps.dz	13044	2026-07-12
aqha.com	5136	2026-03-27
arabherald.com	110937	2026-07-12
arabianbusiness.com	34763	2026-01-29
arabnews.com	165107	2026-07-12
arabtimesonline.com	47708	2026-07-12
araratadvertiser.com.au	23473	2026-07-11
archaeology.org	5526	2026-07-10
archdaily.com	82754	2026-07-12
archinect.com	42133	2026-07-12
architectsjournal.co.uk	18401	2026-07-10
architecturaldigest.com	8554	2026-07-11
architectureanddesign.com.au	19236	2026-07-10
archyde.com	14291	2025-01-27
ardmoreite.com	5642	2026-06-25
areadevelopment.com	6751	2026-07-12
areanews.com.au	48649	2026-07-12
argentinastar.com	36069	2026-07-12
argus-press.com	11475	2026-07-11
argusleader.com	11421	2023-09-10
argusmedia.com	7374	2026-07-12
argusobserver.com	14855	2026-07-12
argyllshireadvertiser.co.uk	5460	2024-01-25
ariananews.af	18548	2026-07-12
arirang.co.kr	11819	2022-10-11
arirang.com	11761	2022-10-11
arizona.edu	6941	2026-06-15
arizonadailyindependent.com	11712	2026-07-12
arka.am	10150	2026-07-12
arkansasbusiness.com	16124	2026-03-11
arkansasonline.com	169366	2026-07-12
arkansasrazorbacks.com	8240	2026-07-12
arktimes.com	20127	2026-07-11
arlnow.com	27795	2026-07-11
armenianweekly.com	6415	2026-07-11
armenpress.am	85985	2025-06-04
armidaleexpress.com.au	52611	2026-07-12
armstrongeconomics.com	10849	2026-07-12
army-technology.com	8463	2026-07-10
army.mil	5081	2026-06-18
armytimes.com	9964	2026-07-10
arn.ps	12675	2026-07-12
arnnet.com.au	18018	2026-07-10
arrowheadaddict.com	6437	2026-07-12
arrowheadpride.com	14927	2026-07-12
arsenal.com	14029	2026-07-12
arsenalnews.co.uk	59539	2026-07-12
arstechnica.com	14039	2026-07-12
artdaily.com	47231	2026-07-12
artemis.bm	6061	2026-07-10
artfixdaily.com	6664	2025-11-18
artnet.com	19029	2026-07-09
artnews.com	8785	2026-07-10
artsjournal.com	9716	2026-07-12
arynews.tv	28301	2026-06-29
as.com	10088	2026-03-19
asahi.com	43956	2026-07-12
asbarez.com	6726	2026-07-11
ashepostandtimes.com	13658	2026-07-11
ashleycountyledger.com	30431	2026-07-12
asiaasset.com	5933	2026-07-12
asiabulletin.com	96326	2026-07-12
asianage.com	35399	2026-07-11
asianews.it	14986	2026-07-09
asianews.network	27365	2026-07-10
asianimage.co.uk	81525	2026-07-12
asianjournal.com	11664	2026-07-11
asiaone.com	145491	2026-07-12
askmen.com	5934	2026-06-04
aspendailynews.com	49793	2026-07-12
aspenpublicradio.org	45479	2026-07-12
aspentimes.com	20935	2026-07-12
astanatimes.com	8863	2026-07-12
astroawani.com	7022	2025-11-17
astronomy.com	6124	2026-07-11
asurampage.com	6054	2026-07-11
at40.com	6095	2021-10-15
athens-times.com	103809	2026-07-12
athensmessenger.com	8828	2026-07-12
athensreview.com	18941	2026-07-11
athleticsnation.com	5366	2026-07-12
atholdailynews.com	20411	2026-07-12
atlantablackstar.com	28181	2026-06-04
atlantaleader.com	15518	2026-07-12
atlantanewsfirst.com	27229	2026-07-12
atlantic.ctvnews.ca	32788	2025-01-23
atlanticcouncil.org	8315	2026-07-10
attackofthefanboy.com	20151	2026-07-12
attitude.co.uk	7016	2026-07-10
atvtoday.co.uk	19162	2026-07-12
auburnpub.com	65289	2026-07-12
augustafreepress.com	38070	2026-07-12
austinchronicle.com	31220	2026-07-10
austinglobe.com	86083	2026-07-12
australianherald.com	38512	2026-07-12
australiannews.net	76707	2026-07-12
autoblog.com	23954	2026-06-28
autocarindia.com	20006	2026-07-12
autoconnectedcar.com	5792	2026-07-10
autoevolution.com	85876	2026-05-10
autoexpress.co.uk	16809	2026-07-12
autonews.com	18592	2026-06-18
autoremarketing.com	6001	2026-07-10
autospies.com	24081	2026-07-12
autoweek.com	12903	2026-07-12
avclub.com	26821	2026-05-14
avenuemail.in	19844	2026-07-12
averyjournal.com	11198	2026-07-12
avherald.com	5948	2026-07-11
aviationweek.com	19979	2026-07-10
avn.com	11660	2026-07-11
avondhupress.ie	5506	2026-07-12
avweb.com	7495	2026-07-11
awesome98.com	29906	2026-07-12
awfulannouncing.com	28529	2026-07-12
awn.com	8850	2026-07-12
axios.com	16472	2024-06-05
axisoflogic.com	6291	2022-07-23
axs.com	10667	2025-01-20
azbigmedia.com	12870	2026-07-12
azbusinessdaily.com	9052	2024-01-25
azcapitoltimes.com	7795	2026-07-11
azcardinals.com	5052	2026-07-10
azcentral.com	69880	2023-09-11
azdailysun.com	49274	2026-07-12
azerbaijannews.net	62034	2026-07-12
azernews.az	56670	2026-07-12
azertag.az	46217	2026-06-23
azfamily.com	49476	2026-07-12
azocleantech.com	8955	2026-07-11
azom.com	15476	2026-07-11
azonano.com	5768	2026-07-10
azorobotics.com	5020	2026-07-09
azpbs.org	6961	2026-07-10
azsnakepit.com	7154	2026-07-12
b100quadcities.com	28948	2026-07-12
b1027.com	28044	2026-07-12
b1039.com	17884	2026-04-17
b1047.com	5457	2026-07-10
b105country.com	15023	2026-07-11
b106fm.com	8675	2026-07-12
b92.net	11294	2026-07-12
b93.net	29213	2026-07-12
b93radio.com	17484	2026-07-10
b975.com	10932	2026-07-10
b97hawaii.com	6878	2026-07-02
b98.com	9733	2026-07-12
b985.com	11045	2026-07-12
b985.fm	32723	2026-07-12
b987.com	6114	2026-07-12
badlefthook.com	11585	2026-07-12
baguiomidlandcourier.com.ph	5491	2024-07-30
baidu.com	49331	2026-07-12
bainbridgereview.com	5242	2026-07-10
bakercityherald.com	7757	2026-07-12
bakersfield.com	94133	2026-07-12
bakersfieldnow.com	37500	2026-07-12
bakeryinfo.co.uk	5136	2025-09-05
balkaninsight.com	6779	2026-07-11
ballinaadvocate.com.au	34874	2021-04-28
balloon-juice.com	20047	2026-03-11
ballot-access.org	7163	2026-07-12
ballstatedaily.com	6907	2026-07-11
baltic-course.com	5550	2026-04-04
baltictimes.com	18078	2026-07-10
baltimorebeatdown.com	7173	2026-07-12
baltimoreravens.com	8650	2026-07-12
baltimorestar.com	99504	2026-07-12
baltimoresun.com	135349	2026-07-12
bamsmackpow.com	6039	2026-07-12
banana1015.com	28750	2026-07-12
banburycake.co.uk	41634	2023-03-07
banburyguardian.co.uk	14854	2025-01-23
bandt.com.au	18296	2026-07-12
bangkokpost.com	149602	2026-07-12
bangladeshinfo.com	12248	2025-06-14
bangladeshsun.com	67576	2026-07-12
banglamirrornews.com	23689	2026-06-08
banglanews24.com	5026	2025-10-28
bangordailynews.com	51881	2026-07-12
bankerandtradesman.com	13416	2026-07-12
bankinfosecurity.com	15617	2026-07-11
bankingnews.gr	5569	2026-07-12
banklesstimes.com	11426	2026-07-09
banksnews.gr	10591	2025-07-24
baptistnews.com	7076	2026-07-10
barandbench.com	33251	2026-07-11
barbadostoday.bb	41047	2026-07-12
barcablaugranes.com	17182	2026-07-12
baristanet.com	5189	2023-08-22
barnsleychronicle.com	5523	2025-10-16
barrie.ctvnews.ca	20049	2025-01-23
barrons.com	76655	2026-06-18
barryanddistrictnews.co.uk	92016	2026-07-12
bartlesvilleradio.com	38584	2026-07-11
basildonstandard.co.uk	30362	2021-03-11
basingstokegazette.co.uk	111905	2026-07-12
bassresource.com	5177	2025-04-17
batemansbaypost.com.au	70559	2026-07-12
batonrougepost.com	47423	2026-07-12
baxterbulletin.com	9231	2026-07-11
bay939.com.au	5735	2026-07-10
baylorlariat.com	6002	2026-06-23
baynews9.com	8042	2026-07-12
bayshorebroadcasting.ca	14147	2026-07-12
baystreet.ca	37516	2026-07-11
baytownsun.com	19165	2026-07-11
bbc.co.uk	337075	2026-07-12
bbc.com	213291	2026-07-12
bbj.hu	9401	2025-10-20
bc.ctvnews.ca	35669	2025-01-23
bcdemocrat.com	7924	2025-07-02
bchomez.com	34370	2026-07-12
bclocalnews.com	7159	2020-04-07
bctv.org	5374	2026-07-10
bdnews24.com	65821	2025-11-13
bdonline.co.uk	9209	2025-09-05
bdtonline.com	60609	2026-07-12
beach951.com	16308	2026-07-11
bear104.com	13471	2026-07-11
bearingarms.com	20210	2026-07-12
beat.com.au	16527	2026-06-04
beat102103.com	8430	2026-07-09
beatricedailysun.com	52295	2026-07-12
beaufortcountynow.com	16218	2026-07-12
beaumontenterprise.com	67505	2025-11-18
beaver1003.com	8482	2026-07-11
beckersspine.com	7424	2026-07-10
bedfordgazette.com	18405	2026-07-11
bedfordtoday.co.uk	15205	2025-01-23
beefmagazine.com	5014	2025-01-01
begadistrictnews.com.au	59841	2026-07-12
behindthesteelcurtain.com	17130	2026-07-12
beijingbulletin.com	110197	2026-07-12
belfastlive.co.uk	106704	2026-07-12
belfasttelegraph.co.uk	131950	2026-02-16
belgrade-news.com	5840	2026-07-11
bellanaija.com	11293	2026-07-12
belmondnews.com	5764	2026-01-26
beloitdailynews.com	36342	2026-07-12
bemidjipioneer.com	38345	2026-07-12
benarnews.org	5320	2025-09-02
bendbulletin.com	50157	2026-07-12
bendigoadvertiser.com.au	64901	2026-07-12
bendsource.com	13614	2026-07-12
benefitscanada.com	7050	2026-07-10
beniciaindependent.com	5282	2026-07-11
benningtonbanner.com	47038	2026-07-12
benzinga.com	339199	2026-07-12
berkeley.edu	5348	2026-07-09
berkshireeagle.com	70853	2026-07-12
berksmontnews.com	5896	2021-08-26
bernama.com	21124	2026-03-19
bernews.com	28097	2026-07-12
bestmediainfo.com	23968	2026-07-12
bet.com	21749	2026-07-10
betakit.com	6514	2026-07-11
betanews.com	14454	2026-01-15
bethesdamagazine.com	9936	2026-07-11
bevnet.com	19188	2026-07-03
bexhillobserver.net	5028	2022-02-09
bfi.org.uk	5003	2026-07-10
bgdailynews.com	66439	2026-07-12
bgnes.com	7706	2026-07-12
bgr.com	27511	2026-07-12
bgr.in	20873	2023-01-29
bhaskar.com	5168	2026-07-09
bhg.com	12912	2026-03-17
bhpioneer.com	33705	2026-07-12
bianet.org	17613	2026-07-11
biblestudytools.com	5877	2026-07-10
bicesteradvertiser.net	125043	2026-07-12
big104fm.com	7579	2026-04-24
bigblueview.com	17388	2026-07-12
bigcountry1073.com	5798	2026-07-12
bigcountry969.com	24262	2026-07-11
bigcountry995.com	50899	2026-06-30
bigfrog104.com	35924	2026-07-12
biggleswadetoday.co.uk	9031	2025-01-23
bigislandnow.com	9558	2026-07-12
bigissue.com	10028	2026-07-10
bignewsnetwork.com	864144	2026-07-12
bigoven.com	10151	2026-07-12
bigrigs.com.au	10236	2026-06-25
bigtakeover.com	5244	2025-08-22
bikebiz.com	5860	2026-07-11
bikeportland.org	6559	2026-06-17
bikeradar.com	7812	2026-07-12
bilkulonline.com	9000	2026-07-12
billboard.com	77473	2026-07-12
billingsgazette.com	78655	2026-07-12
billoreilly.com	13081	2026-07-10
binnews.com	24601	2026-07-10
biodiversitylibrary.org	16519	2026-02-24
biofuelsdigest.com	15476	2025-01-23
biomassmagazine.com	8859	2026-07-10
biometricupdate.com	15151	2026-07-12
biopharmadive.com	7166	2026-07-10
bioprepwatch.com	17621	2026-04-10
biospace.com	7263	2026-02-19
biospectrumindia.com	13694	2026-06-05
birminghammail.co.uk	298980	2026-07-12
birminghamstar.com	25579	2026-07-12
birminghamtimes.com	7628	2026-07-12
bismarcktribune.com	61899	2026-07-11
bizcommunity.com	66598	2026-07-11
bizenglish.adaderana.lk	6999	2026-02-24
bizjournals.com	49218	2022-06-19
biznews.com	17961	2026-07-12
bizpacreview.com	42842	2023-09-06
biztimes.com	15290	2026-07-11
biztoc.com	1997950	2026-01-16
bizwest.com	12047	2026-07-12
bjpenn.com	31774	2026-07-12
bjreview.com	30796	2026-07-10
bjreview.com.cn	17477	2026-07-10
bkreader.com	7871	2026-07-12
blabbermouth.net	16054	2026-07-10
blackamericaweb.com	14763	2026-07-12
blackandteal.com	6126	2026-07-12
blackenterprise.com	37752	2026-07-12
blackhillsfox.com	13340	2024-07-01
blacklistednews.com	9929	2024-08-07
blackpoolgazette.co.uk	23696	2025-01-23
blackseagrain.net	7057	2022-02-09
blayneychronicle.com.au	51608	2026-07-12
blazersedge.com	12562	2026-07-12
blazin1023.com	6063	2026-07-12
bleachernation.com	41095	2025-03-05
bleacherreport.com	63649	2026-07-12
bleedcubbieblue.com	14465	2026-07-12
bleedingcool.com	109717	2026-07-12
bleedinggreennation.com	12029	2026-07-12
blessyouboys.com	6024	2026-07-12
blingee.com	5682	2024-06-04
blockislandtimes.com	5491	2026-07-10
bloggingdirty.com	5699	2026-07-12
bloggingtheboys.com	20061	2026-07-12
blogherald.com	5702	2026-07-07
blogspot.com	5337	2026-07-10
blogto.com	32345	2026-07-12
bloodhorse.com	31714	2026-07-12
bloodyelbow.com	28845	2025-10-06
blooloop.com	11628	2026-07-10
bloomberg.com	168406	2026-06-22
bloombergquint.com	20998	2022-05-05
bluebirdbanter.com	6068	2026-07-12
bluemountaineagle.com	23857	2026-07-12
bluemountainsgazette.com.au	60822	2026-07-12
bluenc.com	5047	2026-06-30
blueprint.ng	88447	2026-07-12
blueridgenow.com	8748	2023-09-11
blueshirtbanter.com	5204	2026-07-12
blufftonicon.com	12081	2026-07-12
bmj.com	33556	2025-11-26
bmmagazine.co.uk	8585	2026-07-11
bmwblog.com	9573	2026-07-12
bnamericas.com	16560	2026-03-31
bnd.com	5862	2024-07-27
bnn-news.com	13378	2026-07-10
bnnbloomberg.ca	256752	2026-07-12
bobfm.co.uk	10038	2026-07-11
bocanewsnow.com	5795	2026-07-12
boersennews.de	6896	2026-07-11
bognor.co.uk	5973	2022-02-10
boingboing.net	31473	2026-07-12
boisestatepublicradio.org	34848	2026-07-10
bold.dk	10128	2026-07-12
bolivarmonews.com	5190	2026-07-07
bollywoodhungama.com	49929	2026-07-12
bollywoodlife.com	8083	2026-02-16
bollywoodmantra.com	5165	2023-06-01
bolnews.com	8267	2025-12-08
bonappetit.com	6341	2026-07-12
bondbuyer.com	14575	2026-07-10
boom1019.com	6592	2026-06-18
boom997.com	6626	2026-06-23
boorowanewsonline.com.au	17479	2026-07-09
boothbayregister.com	31717	2026-07-12
bordermail.com.au	97076	2026-07-12
bordertelegraph.com	96383	2026-07-12
borderwatch.com.au	7562	2026-05-05
boredpanda.com	376243	2026-07-12
borehamwoodtimes.co.uk	112129	2026-07-12
borgenproject.org	5504	2026-07-12
borneobulletin.com.bn	79107	2025-04-28
boston.com	65793	2026-07-12
bostonglobe.com	144114	2026-07-12
bostonherald.com	57738	2026-07-12
bostonstar.com	108923	2026-07-12
bournemouthecho.co.uk	161876	2026-07-12
bowenislandundercurrent.com	61387	2025-09-05
boxden.com	78610	2024-10-17
boxinginsider.com	5549	2026-07-12
boxingnews24.com	12561	2026-07-12
boxingnewsonline.net	11135	2026-07-12
bozemandailychronicle.com	156993	2026-07-12
bozemanskissfm.com	14902	2026-07-10
bozone.com	14062	2026-07-12
bpr.org	23840	2023-01-31
bracknellnews.co.uk	100482	2026-07-12
bradfordera.com	73775	2026-07-12
braidwoodtimes.com.au	51124	2026-07-12
brainerddispatch.com	57105	2026-07-12
braintreeandwithamtimes.co.uk	133334	2026-07-12
bramptonguardian.com	12405	2026-07-12
brandonsun.com	67176	2026-07-12
bransontrilakesnews.com	46547	2026-07-11
brantfordexpositor.ca	43026	2026-07-12
bravenewcoin.com	10234	2026-07-12
bravotv.com	9639	2026-07-12
brazilsun.com	49500	2026-07-12
breakingbelizenews.com	7788	2026-03-19
breakingdefense.com	13506	2026-07-10
breakingnews.ie	105668	2026-07-12
breakingtravelnews.com	13060	2023-08-26
brecorder.com	74251	2026-02-23
breitbart.com	288884	2026-07-12
brentwoodlive.co.uk	112428	2026-07-12
bridgemi.com	10948	2026-07-10
bridgwatermercury.co.uk	96630	2026-07-12
bridportnews.co.uk	102677	2026-07-12
briefingwire.com	80178	2026-07-12
brightonandhovenews.org	10428	2026-07-12
brightontoday.ca	8894	2026-07-12
brightsideofthesun.com	8544	2026-07-12
bringmethenews.com	15509	2023-09-18
brisbanetimes.com.au	234557	2026-07-12
bristol247.com	10749	2025-11-19
bristolpost.co.uk	127605	2026-07-12
britainnews.net	65696	2026-07-12
britannica.com	21901	2025-11-12
broadbandtvnews.com	6237	2026-06-17
broadcastnow.co.uk	13529	2025-09-04
broadwayworld.com	55810	2026-05-08
brobible.com	14458	2026-07-12
brokernews.com.au	7098	2026-07-10
bromsgroveadvertiser.co.uk	108415	2026-07-12
bromsgrovestandard.co.uk	14705	2026-07-12
brookingsradio.com	22085	2026-07-11
brooklyneagle.com	13954	2026-07-11
brooklynpaper.com	8817	2026-07-12
brooklynvegan.com	36436	2026-07-12
broomfieldenterprise.com	12550	2026-07-12
browndailyherald.com	7367	2026-07-10
brownsvilleherald.com	16485	2021-03-17
brownwoodnews.com	17471	2026-07-12
brudirect.com	25165	2026-07-12
bruneinews.net	76515	2026-07-12
bryantimes.com	56386	2026-07-12
bssnews.net	151862	2026-07-12
bu.edu	6122	2026-07-09
bubblear.com	10754	2026-07-12
buccaneers.com	6385	2026-07-10
buckscountycouriertimes.com	10343	2023-01-24
bucksfreepress.co.uk	120383	2026-07-12
bucksherald.co.uk	12536	2025-01-23
bucksinsider.com	8460	2026-07-12
bucyrustelegraphforum.com	5927	2023-09-11
budapesttimes.hu	10472	2026-07-12
buenosairesherald.com	5226	2026-07-12
buffalobulletin.com	11353	2026-07-11
buffalonews.com	138578	2026-07-12
buffalorising.com	5833	2026-07-11
buildersmerchantsnews.co.uk	5475	2026-07-10
building.co.uk	13478	2025-09-05
bulawayo24.com	60916	2026-07-10
bulgariagazette.com	6870	2025-09-26
bulletsforever.com	7104	2026-07-12
bunburymail.com.au	102451	2026-07-12
bundesliga.com	7475	2026-07-12
burlingtoncountytimes.com	11222	2023-09-11
burlingtonfreepress.com	5470	2023-09-11
burnabynow.com	71750	2025-08-01
burnham-on-sea.com	16700	2026-07-12
burnhamandhighbridgeweeklynews.co.uk	93326	2026-07-12
burnleyexpress.net	21025	2025-01-23
burntorangenation.com	7116	2026-07-12
bursa.ro	5754	2026-07-12
burytimes.co.uk	158542	2026-07-12
business-humanrights.org	10715	2026-07-08
business-review.eu	17685	2026-07-11
business2community.com	14763	2026-07-09
businessdailyafrica.com	40381	2026-07-12
businessday.co.za	9749	2026-07-12
businessdayghana.com	7554	2026-07-11
businessden.com	5197	2026-07-10
businessghana.com	143755	2026-07-12
businessgreen.com	18242	2026-07-10
businessincameroon.com	6522	2026-07-11
businessinsider.co.za	8106	2023-02-28
businessinsider.com	346178	2026-07-12
businessinsider.com.au	24044	2023-10-12
businessinsider.in	71647	2025-01-13
businessinsurance.com	9416	2026-07-10
businesslive.co.za	10121	2025-10-13
businessmirror.com.ph	121961	2025-05-14
businessnorth.com	9267	2026-07-11
businessoffashion.com	15909	2026-06-29
businesspost.ie	34545	2026-07-12
businessrecord.com	20810	2024-01-04
businessreport.com	7775	2026-07-10
businesstech.co.za	9105	2022-09-28
businesstimes.com.sg	76269	2026-07-12
businesstoday.in	164038	2026-07-12
businesstraveller.com	10762	2025-01-23
businesstravelnewseurope.com	7049	2026-04-06
businesswire.com	90653	2023-04-18
businesswireindia.com	12266	2026-05-18
businessworld.in	33489	2026-07-12
butlereagle.com	56112	2026-07-12
buxtonadvertiser.co.uk	12680	2025-01-23
buzzfeed.com	86141	2026-07-12
buzzfeednews.com	7389	2026-01-01
bwog.com	16062	2026-07-07
bworldonline.com	86338	2026-07-12
bxr.com	9035	2026-07-12
byronnews.com.au	34848	2021-04-28
byu.edu	5998	2026-07-09
c-mw.net	6230	2026-07-08
c21media.net	26077	2026-07-10
cachevalleydaily.com	17191	2026-07-12
cadforum.cz	13432	2026-07-12
cadillacnews.com	31968	2026-07-12
cagesideseats.com	41300	2026-07-12
cagle.com	21449	2025-01-23
cairnspost.com.au	240810	2026-07-12
cairoscene.com	21905	2026-07-12
caixinglobal.com	24303	2026-06-08
cajnewsafrica.com	6438	2026-07-10
cajunradio.com	15648	2026-07-10
calcoastnews.com	8332	2026-07-12
calculatedriskblog.com	14512	2026-01-12
calcuttanews.net	155500	2026-07-12
caledoncitizen.com	5782	2026-07-09
caledonenterprise.com	5357	2026-07-12
caledoniacourier.com	25867	2026-07-12
caledonianrecord.com	173234	2026-07-12
calgary.ctvnews.ca	30489	2025-01-23
calgaryherald.com	50053	2026-07-12
calgarysun.com	70649	2026-07-12
californianewswire.com	7867	2026-07-07
californiatelegraph.com	147045	2026-07-12
caller.com	7121	2023-09-11
callnewspapers.com	5341	2026-07-08
cambodiantimes.com	147205	2026-07-12
cambrian-news.co.uk	20005	2026-07-12
cambridge-news.co.uk	73502	2026-07-12
cambridge.org	7026	2026-03-01
cambridgetimes.ca	9214	2026-07-12
cambstimes.co.uk	38773	2026-07-12
camdencourier.com.au	50274	2026-07-12
cameroon-tribune.cm	14268	2026-07-12
campaignasia.com	8312	2026-07-10
campaignbrief.com	14092	2026-07-10
campaignindia.in	10031	2026-07-10
campaignlive.co.uk	25984	2026-06-25
campaignseries.co.uk	10186	2023-02-07
campbellrivermirror.com	31332	2026-07-12
campbeltowncourier.co.uk	5717	2024-01-25
campusreform.org	7013	2026-01-05
canada.com	38402	2026-07-12
canadafreepress.com	33147	2025-07-27
canadiancattlemen.ca	6447	2026-07-12
canadianinquirer.net	16024	2026-07-12
canadianlawyermag.com	6358	2026-07-11
canadianmanufacturing.com	8842	2026-07-10
canadianminingjournal.com	9405	2026-07-10
canadianreviewer.com	8913	2026-07-09
canadianunderwriter.ca	6516	2026-07-10
canberratimes.com.au	119567	2026-07-12
cancertherapyadvisor.com	7385	2026-07-10
candgnews.com	14060	2026-07-12
canindia.com	45226	2025-11-20
canoncitydailyrecord.com	25586	2026-07-12
canowindranews.com.au	25736	2024-09-09
cantechletter.com	20754	2026-05-12
cantondailyledger.com	5834	2023-09-10
cantonrep.com	17009	2023-09-11
canyon-news.com	11392	2026-07-11
capeandislands.org	39217	2026-07-12
capebretonpost.com	23307	2020-11-12
capecod.com	12898	2026-07-12
capecodtimes.com	12400	2023-09-11
capegazette.com	20535	2026-01-06
capenews.net	14372	2026-07-12
capetalk.co.za	25547	2024-01-15
capitalethiopia.com	14606	2026-07-12
capitalfm.co.ke	57451	2026-06-15
capitalfm.com	9838	2026-07-10
capitalgazette.com	78463	2026-07-12
capitalpress.com	17243	2026-07-10
capitolfax.com	17327	2026-07-11
capitolhillseattle.com	5959	2026-02-16
capjournal.com	17402	2026-07-12
capradio.org	38631	2026-07-11
captivasanibel.com	12202	2026-07-10
carandbike.com	12241	2026-07-12
caranddriver.com	11145	2026-07-12
carbon-pulse.com	17777	2025-08-13
carbuzz.com	50798	2026-07-12
cardinalcourieronline.com	10292	2026-02-05
careerindia.com	9269	2026-06-26
caribbeanherald.com	59854	2026-07-12
caribjournal.com	6433	2026-07-12
carletonvilleherald.com	12062	2023-10-11
carlow-nationalist.ie	60798	2026-07-12
carlyleobserver.com	30710	2021-07-29
carmagazine.co.uk	5240	2026-07-11
carnegieendowment.org	5316	2026-07-10
carnewschina.com	5910	2026-07-12
carolinacoastonline.com	26506	2026-07-12
carolinajournal.com	10568	2026-07-11
carrollspaper.com	39499	2026-07-12
carscoops.com	52372	2026-07-12
carsguide.com.au	6540	2025-03-31
carsonnow.org	133848	2026-07-12
cartermatt.com	27960	2026-05-08
cartoonbrew.com	5024	2026-07-10
casino.org	6875	2026-07-12
castanet.net	188887	2023-11-21
castanetkamloops.net	70445	2026-07-12
castlegarsource.com	6152	2026-07-08
catcountry1029.com	17247	2026-07-11
catcountry1073.com	50373	2026-07-12
catholic.org	9621	2026-06-29
catholicculture.org	28946	2026-07-12
catholicnewsagency.com	11036	2026-01-23
catholicphilly.com	8622	2026-07-10
catholicregister.org	7376	2026-07-11
catholicworldreport.com	32426	2026-07-12
caughtoffside.com	48629	2026-07-12
cavalierdaily.com	9395	2026-07-12
cbc.bb	19361	2026-07-12
cbc.ca	369255	2026-07-12
cbn.com	24824	2026-07-12
cbr.com	25341	2023-10-27
cbs12.com	43005	2026-07-12
cbs19.tv	57735	2026-06-06
cbs2iowa.com	39868	2026-07-12
cbs46.com	9757	2022-03-01
cbs4indy.com	5543	2024-08-20
cbs4local.com	39739	2026-07-12
cbs58.com	74683	2026-07-12
cbs6albany.com	39434	2026-07-12
cbs7.com	10489	2024-08-12
cbs8.com	55118	2026-06-05
cbsnews.com	208709	2026-07-12
ccenterdispatch.com	18399	2026-03-06
ccm.net	10814	2025-04-02
cdapress.com	22581	2026-07-12
cdispatch.com	19083	2026-07-11
cecildaily.com	18475	2026-07-12
cei.int	6462	2026-07-11
celebdirtylaundry.com	47837	2026-07-12
celebuzz.com	5937	2026-06-26
cemnet.com	10812	2026-07-10
centralasiatimes.com	32257	2026-07-12
centralchronicle.com	29979	2026-03-24
centraljersey.com	19200	2025-05-26
centralmaine.com	96840	2026-07-12
centralmoinfo.com	31816	2026-07-12
centraltelegraph.com.au	20824	2020-06-29
centralwesterndaily.com.au	62375	2026-07-12
centreforaviation.com	23990	2026-07-11
cessnockadvertiser.com.au	58358	2026-07-12
cfnrfm.ca	9656	2026-07-09
cfox.com	10905	2026-06-29
cfr.org	7929	2026-07-11
cfweradio.ca	6668	2026-07-11
cgtn.com	15100	2025-08-27
chad.co.uk	20199	2025-01-23
chaffeecountytimes.com	8006	2026-07-10
chalkbeat.org	8133	2026-07-10
championnewspapers.com	6063	2026-07-12
channel3000.com	130731	2026-07-12
channel4.com	20054	2026-07-12
channel5belize.com	19313	2025-05-24
channelafrica.co.za	13632	2026-07-12
channeleye.co.uk	5515	2024-08-12
channelnewsasia.com	175527	2026-07-12
channelstv.com	87573	2026-07-12
channelweb.co.uk	5809	2025-04-17
chanute.com	28946	2026-07-08
chapelboro.com	20147	2026-06-24
chardandilminsternews.co.uk	94006	2026-07-12
charismamag.com	18512	2023-07-17
charismanews.com	12185	2025-08-02
charkoosta.com	6504	2026-07-10
charlestoncitypaper.com	8159	2026-07-12
charlotteobserver.com	9913	2024-07-31
charter97.org	70754	2026-03-02
chathamdailynews.ca	46177	2026-07-12
chathamstartribune.com	10742	2026-07-09
chathamthisweek.com	37069	2026-03-13
chattanoogan.com	80508	2026-07-12
chattooga1180.com	11681	2026-07-12
chch.com	21440	2026-07-12
cheatsheet.com	28644	2026-03-18
cheboygannews.com	5551	2023-09-10
cheknews.ca	18099	2026-07-12
chelmsfordweeklynews.co.uk	113287	2026-07-12
chemeurope.com	7801	2026-07-10
chennaionline.com	16730	2026-07-11
cherokeephoenix.org	8439	2026-07-12
chessbase.com	10148	2026-07-12
chesterstandard.co.uk	151577	2026-07-12
chiangraitimes.com	22654	2026-07-12
chicagobusiness.com	22332	2026-07-06
chicagocrusader.com	8211	2026-07-05
chicagonow.com	9019	2022-08-18
chicagotribune.com	158284	2026-07-12
chichester.co.uk	7095	2022-02-10
chickashanews.com	6085	2026-07-09
chicoer.com	22696	2026-07-12
chieftain.com	9189	2023-09-11
chilecomparte.cl	24226	2026-07-12
chimpreports.com	14244	2026-07-12
china.org.cn	182565	2026-07-12
chinadaily.com.cn	582011	2026-07-12
chinadailyhk.com	10481	2025-01-27
chinadigitaltimes.net	8017	2026-06-05
chinafile.com	8458	2026-07-10
chinamil.com.cn	21010	2026-07-12
chinanationalnews.com	149497	2026-07-12
chinatechnews.com	8266	2026-07-12
chinaview.cn	30639	2026-03-19
chinookobserver.com	7816	2026-07-12
chipchick.com	22578	2026-07-12
chippewa.com	57861	2026-07-12
chorleycitizen.co.uk	18568	2023-02-07
chortle.co.uk	17348	2026-07-12
chosun.com	17595	2024-09-12
chrisd.ca	7546	2026-07-12
christianitydaily.com	5041	2026-07-11
christianitytoday.com	10474	2026-07-12
christiannewswire.com	6420	2026-07-10
christianpost.com	71353	2026-07-12
christiantoday.com	5078	2026-07-12
chron.com	549721	2025-11-18
chronicle-tribune.com	10332	2026-07-11
chronicle.co.zw	47194	2025-01-23
chronicle.com	5109	2025-11-18
chronicle.gi	7306	2026-03-17
chronicle.lu	33739	2026-07-11
chroniclejournal.com	67489	2026-07-12
chroniclelive.co.uk	130494	2026-07-12
chronicleonline.com	74862	2026-07-12
chronicletimes.com	5496	2026-07-10
chronline.com	35633	2026-07-12
chronogram.com	7465	2026-07-12
chvnradio.com	24981	2026-07-12
cinaradio.com	5055	2026-07-11
cincinnati.com	30235	2024-10-21
cincinnatimagazine.com	5638	2026-07-10
cincinnatisun.com	42667	2026-07-12
cincyjungle.com	13876	2026-07-12
cinemablend.com	83589	2026-07-12
cineuropa.net	5310	2022-08-20
cineuropa.org	28824	2026-03-27
cio.com	12010	2026-01-20
circlevilleherald.com	6462	2026-07-10
cisnfm.com	10126	2026-06-11
cities929.com	14538	2026-07-11
citizen-times.com	8165	2023-09-11
citizen.co.za	97531	2026-07-12
citizen.digital	7318	2026-02-22
citizen.on.ca	6329	2026-07-09
citizensvoice.com	54815	2026-07-12
citr.ca	5040	2025-11-02
city-countyobserver.com	15742	2026-01-31
cityam.com	60017	2026-07-12
citybeat.com	10354	2025-01-22
cityfarmer.info	5031	2026-07-12
citynews.com.au	18100	2025-09-04
citywatchla.com	9011	2026-07-12
cityweekly.net	5797	2026-07-08
citywireselector.com	7388	2022-10-19
civilbeat.org	8468	2026-07-07
civilserviceworld.com	6945	2026-07-10
civilsociety.co.uk	5871	2026-07-10
cjhk.ca	7829	2026-03-03
cjls.com	6152	2026-04-07
cjme.com	30426	2026-07-12
cjonline.com	13533	2023-09-11
cjoy.com	8910	2023-12-05
ckbw.ca	8373	2026-03-02
ckdr.net	10129	2025-10-01
ckfm.ca	6389	2024-05-10
ckom.com	31129	2026-07-12
ckua.com	10294	2026-07-12
ckxsfm.com	11418	2026-07-10
clactonandfrintongazette.co.uk	143872	2026-07-12
claimsjournal.com	12911	2026-07-10
clare.fm	24686	2026-07-12
clarechampion.ie	10083	2026-07-12
clareherald.com	7658	2026-07-12
claremoreprogress.com	7587	2026-07-12
clarionledger.com	9660	2023-09-11
clarksvillenow.com	13564	2026-07-12
clarksvilleonline.com	21508	2026-07-12
classic107.com	13037	2026-07-12
classiccountry1070.com	6263	2024-02-24
classichits925.com	9891	2026-07-11
classicrock1051.com	16764	2024-04-27
classicrock1069.com	5507	2022-01-10
classicrock961.com	31626	2026-07-12
classy100.com	35781	2026-07-12
claytodayonline.com	6460	2026-07-10
cleantechnica.com	34013	2026-07-12
clearwatertimes.com	28713	2026-07-12
clemsontigers.com	5715	2026-06-23
cleveland.com	30463	2026-03-09
cleveland19.com	47188	2026-07-12
clevelandbanner.com	11893	2026-07-11
clevelandbrowns.com	5397	2026-07-08
clevelandjewishnews.com	82779	2026-07-12
clevelandstar.com	113147	2026-07-12
clevescene.com	11067	2026-07-10
clichemag.com	14159	2026-07-12
click2houston.com	97095	2026-07-12
clickondetroit.com	158262	2026-07-12
clickorlando.com	131449	2026-07-12
clickthecity.com	7274	2025-10-21
clinicaladvisor.com	6503	2026-07-10
clinicalleader.com	7327	2026-07-11
clintonherald.com	38665	2026-07-12
clintonnewsrecord.com	22698	2026-07-12
closerweekly.com	6343	2026-07-12
cloverdalereporter.com	33999	2026-07-12
cltampa.com	9455	2026-07-12
club937.com	24685	2026-07-11
clutchpoints.com	38968	2026-06-13
clydebankpost.co.uk	100177	2026-07-12
cmcmarkets.com	5856	2026-03-09
cmo.com.au	5228	2024-01-20
cnbc.com	129406	2026-07-12
cnbcafrica.com	20734	2026-07-12
cnbctv18.com	7702	2026-03-19
cnet.com	449862	2026-07-12
cnn.com	294764	2026-07-12
cnnphilippines.com	80976	2024-01-29
cnsnews.com	60537	2025-08-26
cntraveler.com	6200	2026-07-12
cntraveller.com	5265	2026-07-12
cnweekly.com	12207	2021-07-26
cnycentral.com	30778	2026-07-12
cnynews.com	18292	2026-07-11
coast1009.com	20079	2026-07-12
coast931.com	5107	2026-07-12
coast973.com	8661	2026-07-12
coastalcourier.com	5557	2026-07-09
coastaldigest.com	19027	2026-07-12
coastalnewstoday.com	14623	2024-01-03
coastalpoint.com	6277	2026-07-10
coastalradio.ca	7154	2026-07-10
coastfm.co.uk	11110	2025-01-27
coastreporter.net	84071	2025-09-09
cobrapost.com	11631	2026-07-11
cochranetimes.com	8887	2026-07-12
cochranetimespost.ca	48982	2026-07-12
cochranetoday.ca	8500	2023-01-30
coffscoastadvocate.com.au	43733	2021-03-24
cogconnected.com	10232	2026-07-12
coincommunity.com	144852	2026-04-03
coindesk.com	30086	2026-07-12
coinspeaker.com	33178	2026-07-10
cointelegraph.com	41515	2026-07-12
coinweek.com	7781	2026-06-04
coladaily.com	8892	2026-07-10
coldlakesun.com	12793	2026-07-12
collider.com	116644	2026-07-12
colombogazette.com	9062	2026-07-12
colombopage.com	20989	2023-11-30
coloradoan.com	6487	2023-09-11
coloradohometownweekly.com	15169	2026-07-12
coloradopolitics.com	6290	2026-03-19
coloradostar.com	39691	2026-07-12
columbiadailyherald.com	9127	2023-09-11
columbiagorgenews.com	17971	2026-07-10
columbiamissourian.com	27552	2026-07-12
columbian.com	102696	2026-07-12
columbiatribune.com	10247	2023-09-11
columbustelegram.com	53500	2026-07-12
combatpress.com	12103	2026-07-12
comicbook.com	184487	2026-07-12
comicbookmovie.com	26966	2026-07-12
comingsoon.net	55786	2026-07-12
commercial-news.com	14527	2026-07-12
commercialappeal.com	11594	2023-09-11
commercialmotor.com	5370	2026-06-03
commercialobserver.com	12108	2026-07-12
comminit.com	8001	2026-07-10
commodityonline.com	27788	2025-02-12
commonsnews.org	7904	2023-06-14
communityadvocate.com	6533	2026-07-12
communityimpact.com	19614	2026-07-01
communitynewspapergroup.com	19780	2026-07-11
communitynewspapers.com	13047	2026-07-11
communityni.org	5202	2022-02-11
communitypress.ca	38218	2026-06-22
comoxvalleyrecord.com	32508	2026-07-12
complex.com	21711	2026-07-12
complianceweek.com	5438	2026-07-10
compositesworld.com	8676	2026-07-10
compsmag.com	6764	2024-03-22
computerweekly.com	39168	2026-07-07
computerworld.com	10806	2026-07-11
computing.co.uk	8424	2026-06-22
comunicati.net	56760	2022-02-08
con-telegraph.ie	55968	2026-07-12
concordmonitor.com	32036	2026-07-12
conference-news.co.uk	7556	2026-07-08
connachttribune.ie	15670	2026-02-24
connectionnewspapers.com	8886	2026-07-03
connectradio.fm	19881	2026-07-12
connectsavannah.com	7542	2026-07-04
connexionfrance.com	27827	2026-07-12
consilium.europa.eu	24508	2024-07-15
consortiumnews.com	5263	2026-07-11
constructiondive.com	7375	2026-07-10
constructionenquirer.com	5703	2026-07-10
constructionequipment.com	5136	2026-07-10
constructionequipmentguide.com	6389	2025-03-03
constructionnews.co.uk	14441	2026-07-10
constructionweekonline.com	8096	2024-07-13
consumerelectronicsnet.com	16079	2024-02-09
conwaydailysun.com	20406	2026-07-09
cookingchanneltv.com	5605	2023-03-29
cookislandsnews.com	10309	2026-07-12
cool987fm.com	12053	2026-07-12
coolsocial.net	9498	2023-01-16
coolum-news.com.au	20346	2020-06-29
coosavalleynews.com	9526	2026-07-12
cootamundraherald.com.au	36592	2026-07-12
corkindependent.com	9056	2026-07-10
cornell.edu	7565	2026-07-10
cornellsun.com	8640	2026-07-11
cornwalllive.com	6247	2026-06-09
cornwallseawaynews.com	23992	2026-07-12
coronadonewsca.com	13150	2026-07-10
corsicanadailysun.com	23343	2026-07-12
corvallisadvocate.com	6038	2026-07-10
cosmeticsandtoiletries.com	7465	2026-02-10
cosmopolitan.com	66933	2026-07-12
cosmosmagazine.com	9093	2025-10-20
cotswoldjournal.co.uk	101170	2026-07-12
countercurrents.org	21259	2026-07-12
counterpunch.org	23767	2026-07-12
country-guide.ca	5855	2025-05-21
country104.com	8326	2026-07-05
country105.com	10296	2026-07-06
country1053.ca	9597	2025-05-20
country93.ca	8555	2026-07-06
country94.ca	14854	2025-12-08
countrylife.co.uk	9243	2026-07-12
countryliving.com	9515	2026-07-12
countypress.co.uk	138243	2026-07-12
countytimes.co.uk	116394	2026-07-12
countyweeklynews.ca	37959	2026-06-22
courant.com	99952	2026-07-12
courier-journal.com	18161	2023-09-11
courier-tribune.com	11322	2026-07-11
courierjournal.net	8538	2026-07-11
couriermail.com.au	182103	2024-07-31
couriernews.com	66758	2026-07-12
courierpostonline.com	8906	2023-09-11
courierpress.com	8075	2023-09-11
coventryobserver.co.uk	10965	2026-07-12
coventrytelegraph.net	98232	2026-07-12
covers.com	36660	2026-07-12
covnews.com	5768	2026-07-10
cowboystatedaily.com	5388	2026-07-12
cowichanvalleycitizen.com	32991	2026-07-12
cowraguardian.com.au	27260	2026-07-10
cp24.com	103540	2026-07-12
cpac.ca	6601	2024-12-16
cpapracticeadvisor.com	11197	2026-07-12
cpbj.com	8732	2026-06-04
cpfc.co.uk	5012	2026-06-25
cphpost.dk	7769	2026-07-11
cpr.org	13301	2026-02-25
cqnews.com.au	44410	2021-04-28
cracked.com	30566	2026-07-12
craigdailypress.com	6363	2026-07-12
crainscleveland.com	13200	2026-06-18
crainsdetroit.com	16510	2026-03-31
crainsnewyork.com	16163	2026-03-16
cranbrooktownsman.com	29523	2026-07-12
crash.net	33154	2026-07-12
cravenherald.co.uk	152703	2026-07-12
crawleyobserver.co.uk	5858	2022-02-09
creativebloq.com	12455	2026-07-12
creativereview.co.uk	5152	2026-07-10
crescent-news.com	28958	2026-07-12
crestonnews.com	7071	2026-07-11
crestviewbulletin.com	6197	2026-07-11
crikey.com.au	14050	2026-07-12
crimeonline.com	7164	2026-03-18
crn.com	11195	2026-07-10
crn.com.au	12317	2026-07-10
crooksandliars.com	39945	2026-07-12
crookstontimes.com	5681	2025-01-30
crookwellgazette.com.au	68219	2026-07-12
crossmap.com	31618	2026-07-12
crossville-chronicle.com	27423	2026-07-12
crowrivermedia.com	50371	2025-10-29
cruisehive.com	9456	2026-07-12
cruiseindustrynews.com	7085	2026-07-12
crunchyroll.com	15924	2023-01-31
cruxnow.com	13750	2026-07-12
csindy.com	6448	2025-04-21
csmonitor.com	24814	2026-07-12
csoonline.com	10058	2026-07-10
csrwire.com	7974	2026-07-11
ctgtribune.com	15346	2025-06-01
ctmirror.org	12353	2026-07-12
ctnewsjunkie.com	5408	2026-07-10
ctpost.com	162446	2025-10-26
ctpublic.org	7913	2026-03-18
ctvnews.ca	171357	2026-06-22
cubaheadlines.com	37348	2026-07-12
cubbiescrib.com	5673	2026-07-12
cuinsight.com	19885	2025-07-09
cullmantimes.com	10040	2026-07-12
cultofmac.com	8898	2026-07-12
culturemap.com	32788	2026-07-12
cumberlink.com	50431	2026-07-11
cumbriacrack.com	30229	2025-01-23
curacaochronicle.com	8588	2026-06-25
curbed.com	6091	2026-07-09
curetoday.com	6790	2026-02-12
currentargus.com	8936	2026-07-11
cwtv.com	5655	2026-07-12
cypnow.co.uk	6355	2026-06-19
cyprus-mail.com	78877	2026-07-12
dabangasudan.org	7061	2026-07-09
dagblog.com	50779	2025-10-13
daijiworld.com	141849	2026-03-16
daily-chronicle.com	8022	2020-12-17
daily-jeff.com	8203	2023-09-11
daily-journal.com	20849	2025-02-04
daily-sun.com	38361	2025-12-09
daily-times.com	5025	2023-09-10
daily-tribune.com	7319	2026-07-12
dailyadvance.com	55618	2026-07-12
dailyadvertiser.com.au	83102	2026-07-12
dailyadvocate.com	12256	2025-05-15
dailyamerican.com	13653	2023-09-11
dailyastorian.com	12196	2026-07-12
dailybreeze.com	47272	2026-07-12
dailybruin.com	6590	2026-07-12
dailybulldog.com	9516	2026-07-12
dailybulletin.com	45013	2026-07-12
dailycal.org	22191	2026-07-12
dailycaller.com	104200	2026-07-12
dailycamera.com	41485	2026-07-12
dailycardinal.com	7758	2026-07-08
dailycitizen.news	13575	2025-02-06
dailycomet.com	6054	2023-09-11
dailycommercial.com	9991	2023-09-11
dailydemocrat.com	13026	2026-07-12
dailydispatch.co.za	8051	2026-07-12
dailydot.com	45599	2026-07-12
dailyecho.co.uk	168097	2026-07-12
dailyemerald.com	6775	2026-07-07
dailyexaminer.com.au	42309	2021-03-24
dailyexcelsior.com	181241	2026-07-12
dailyexpress.com.my	91331	2026-07-01
dailyforex.com	11524	2026-07-12
dailyfreeman.com	43892	2026-07-12
dailyfx.com	24052	2024-08-30
dailygalaxy.com	9522	2026-07-12
dailygazette.com	78619	2026-07-12
dailyherald.com	120389	2025-09-08
dailyheraldtribune.com	13871	2026-07-12
dailyhive.com	63574	2026-07-12
dailyindependent.com	35660	2026-07-12
dailyinterlake.com	13446	2026-06-11
dailyiowegian.com	6412	2020-05-27
dailyitem.com	53158	2026-07-12
dailyjournal.net	102260	2025-05-15
dailyjournalonline.com	42843	2026-07-11
dailykos.com	177082	2026-07-12
dailyliberal.com.au	87364	2026-07-12
dailylocal.com	51271	2026-07-12
dailymail.co.uk	1278695	2026-04-21
dailymail.com	31574	2026-07-12
dailymaverick.co.za	78410	2026-07-12
dailymercury.com.au	49265	2021-06-23
dailymirror.lk	57578	2026-07-12
dailynebraskan.com	5276	2026-06-30
dailynews.co.th	6843	2023-07-05
dailynews.co.tz	14238	2026-07-12
dailynews.co.zw	16125	2026-07-12
dailynews.com	53708	2026-07-12
dailynews.lk	33827	2023-12-29
dailynewsegypt.com	14118	2025-01-26
dailynexus.com	5745	2026-07-09
dailynorseman.com	10514	2026-07-12
dailynorthwestern.com	11887	2026-07-10
dailyorange.com	9932	2025-02-23
dailypakistan.com.pk	17062	2026-07-12
dailypioneer.com	77179	2026-07-12
dailypolitical.com	608808	2026-07-12
dailypost.co.uk	91759	2026-07-12
dailypost.ng	278773	2026-07-12
dailypost.vu	15630	2026-07-11
dailypostathenian.com	20415	2026-07-10
dailypress.com	76017	2026-07-12
dailypress.net	22863	2026-07-12
dailyprincetonian.com	7834	2026-07-09
dailyprogress.com	57678	2026-07-11
dailyrecord.co.uk	304237	2026-07-12
dailyrecord.com	9244	2023-09-11
dailyrecordnews.com	22404	2026-07-12
dailyreporter.com	8550	2026-06-03
dailyrepublic.com	89286	2026-07-12
dailyridge.com	16440	2026-07-10
dailysabah.com	62577	2026-07-12
dailysentinel.com	5499	2026-07-11
dailysignal.com	26215	2026-07-12
dailystar.co.uk	315714	2026-07-12
dailystar.com.lb	7273	2025-09-29
dailystarjournal.com	8779	2020-11-25
dailysun.co.za	30224	2022-09-11
dailytarheel.com	10004	2026-07-10
dailytelegraph.com.au	163773	2024-07-31
dailythepatriot.com	16701	2026-07-12
dailytimes.com	17591	2026-07-10
dailytimes.com.pk	142364	2026-06-25
dailytrib.com	6594	2026-07-11
dailytribune.com	25590	2025-11-05
dailytrojan.com	8997	2026-06-24
dailytrust.com	67688	2026-07-12
dailytrust.com.ng	21882	2021-06-24
dailyunion.com	23953	2026-07-12
dailyuw.com	7168	2026-07-09
dailyvoice.com	184665	2026-07-03
dailyworld.com	5461	2023-09-11
dakotanewsnow.com	18894	2026-07-12
dakotawarcollege.com	8701	2026-07-12
dallascowboys.com	10663	2026-07-10
dallasnews.com	51183	2026-04-01
dallasobserver.com	9704	2026-07-10
dallassun.com	120255	2026-07-12
dallasvoice.com	8179	2026-07-12
daltonsbusiness.com	5646	2026-07-09
danspapers.com	9480	2026-07-08
darientimes.com	58921	2025-08-31
darkhorizons.com	21320	2026-07-12
darkreading.com	13187	2025-02-20
darlingtonandstocktontimes.co.uk	106070	2026-07-12
datacenterdynamics.com	18830	2025-06-14
datacenterknowledge.com	5673	2026-07-10
daventryexpress.co.uk	10264	2025-01-23
davisenterprise.com	22711	2026-07-12
dawgpounddaily.com	5053	2026-07-12
dawn.com	260936	2026-07-12
dayton.com	5431	2024-09-04
daytonatimes.com	5364	2026-07-10
daytondailynews.com	53908	2026-07-12
dazebaonews.it	6505	2026-01-15
dazeddigital.com	17902	2026-07-12
dcourier.com	8601	2026-07-12
dcvelocity.com	5117	2026-07-09
deadline.com	161486	2026-07-12
deadlinedetroit.com	11279	2026-07-12
dealstreetasia.com	38452	2026-07-12
decanter.com	5384	2026-07-10
decaturdaily.com	46998	2026-07-12
decaturish.com	6811	2026-07-12
deccanchronicle.com	125029	2026-07-12
deccanherald.com	64357	2026-03-15
decider.com	34513	2026-07-12
defence.pk	18327	2026-05-12
defenceweb.co.za	15373	2026-07-10
defensenews.com	12018	2026-07-12
defenseone.com	8786	2026-07-09
defenseworld.net	60871	2026-04-30
defpen.com	12251	2026-07-01
dekhnews.com	5202	2025-04-11
delano.lu	6113	2025-01-11
delaware.gov	8886	2026-07-11
delawareonline.com	12601	2023-09-11
delawarepublic.org	47772	2026-07-12
delawarestatenews.net	5676	2021-02-16
delcotimes.com	59067	2026-07-12
delgazette.com	6444	2025-04-15
delmartimes.net	6342	2024-06-13
delmarvanow.com	6603	2023-09-11
delrionewsherald.com	10116	2021-01-22
delta-optimist.com	64492	2025-01-23
democracynow.org	34796	2026-07-11
democratandchronicle.com	9032	2023-09-11
democratherald.com	58472	2026-07-11
denbighshirefreepress.co.uk	107157	2026-07-12
denofgeek.com	8572	2026-07-12
dentonrc.com	31231	2026-07-12
denverbroncos.com	6260	2026-07-09
denverpost.com	51235	2026-07-12
derbyshiretimes.co.uk	23955	2025-01-23
derbytelegraph.co.uk	83241	2026-07-12
derryjournal.com	15278	2025-01-23
derrynow.com	41481	2026-05-21
deseret.com	38894	2026-07-12
desertsun.com	11610	2023-09-11
desiblitz.com	16591	2026-07-12
design-reuse.com	8144	2026-07-10
designboom.com	20101	2026-07-12
designnews.com	5853	2024-12-01
designyoutrust.com	5764	2026-07-12
desimartini.com	34149	2025-02-18
desmoinesregister.com	26539	2023-09-11
desototimes.com	5515	2026-07-12
destructoid.com	24027	2026-07-04
detroitnews.com	45794	2023-09-11
devdiscourse.com	137412	2026-07-03
developingtelecoms.com	14582	2026-07-10
devilslakejournal.com	5855	2026-07-12
devondispatch.ca	15709	2026-07-12
devonlive.com	9630	2026-06-20
dewsburyreporter.co.uk	12517	2025-01-23
dezeen.com	26900	2026-06-18
dfnionline.com	9892	2026-07-10
dglobe.com	30455	2026-07-12
dhakacourier.com.bd	8071	2026-07-10
dhakatribune.com	28341	2026-03-10
dhal3.com	5771	2026-07-12
diamonds.net	8812	2024-06-24
dicardiology.com	6309	2026-07-10
digg.com	24321	2026-07-12
digit.in	30733	2026-07-12
digitaljournal.com	194526	2026-07-12
digitalspy.com	85534	2026-07-12
digitaltrends.com	41691	2026-07-12
digitimes.com	28166	2026-07-12
dinamalar.com	35340	2026-07-04
discoverairdrie.com	16333	2026-07-12
discoverestevan.com	18727	2026-07-12
discovermagazine.com	18461	2026-07-11
dispatch.com	35521	2023-09-11
dispatchlive.co.za	30383	2025-01-25
dissexpress.co.uk	19038	2026-07-12
dissidentvoice.org	9623	2026-03-22
divyabhaskar.co.in	28971	2026-07-07
diymag.com	10768	2026-07-10
djc.com	36616	2026-07-10
djcoregon.com	5745	2026-06-03
djmag.com	11693	2026-07-12
djournal.com	77321	2026-07-12
dl-online.com	30350	2026-07-12
dmagazine.com	16548	2026-07-02
dmnews.com	5273	2026-07-07
dnaindia.com	180911	2026-01-23
dnd.com.pk	16529	2026-07-07
dnews.com	29942	2026-07-12
dnj.com	6738	2023-09-11
dodgeglobe.com	8471	2026-07-02
domain-b.com	5302	2026-07-03
dominicanrepublicpost.com	22173	2026-07-12
dominicantoday.com	14282	2026-07-12
doncasterfreepress.co.uk	24323	2025-01-23
donegallive.ie	27845	2026-05-20
donegalnews.com	15944	2026-07-12
doorcountydailynews.com	7805	2026-07-12
dorsetecho.co.uk	151494	2026-07-12
dose.ca	13939	2026-07-12
dothaneagle.com	63472	2026-07-12
dotnews.com	7772	2026-07-11
douglas-budget.com	36962	2026-07-09
downtoearth.org.in	20058	2026-07-12
drapersonline.com	18226	2026-07-10
draytonvalleywesternreview.com	14688	2026-07-12
drbicuspid.com	11808	2025-10-30
dreadcentral.com	16867	2026-07-12
dredgingtoday.com	11378	2026-07-12
drgnews.com	25770	2026-07-12
drive.com.au	41233	2026-05-31
driving.ca	14316	2026-07-12
droid-life.com	7552	2026-07-12
droitwichadvertiser.co.uk	19310	2021-05-03
droitwichstandard.co.uk	9662	2026-07-12
drudge.com	17854	2026-07-12
drugstorenews.com	5369	2025-09-08
dslreports.com	19516	2025-02-26
dtinews.vn	5601	2023-07-17
dtnext.in	7229	2024-12-16
dtnpf.com	9858	2026-07-11
dualshockers.com	27104	2026-07-12
dubaicityguide.com	6924	2026-07-12
dublinlive.ie	7571	2026-03-11
dudleynews.co.uk	126527	2026-07-12
duke.edu	6215	2026-07-10
duke.fm	22286	2026-07-11
dukechronicle.com	8423	2026-07-09
dukefmduluth.com	7915	2025-03-18
duluthnewstribune.com	63756	2026-07-12
dumbartonreporter.co.uk	87784	2026-07-12
duncanbanner.com	13224	2026-07-12
dundalkdemocrat.ie	56109	2026-05-14
dunfermlinepress.com	102052	2026-07-12
dungogchronicle.com.au	53717	2026-07-12
dunmowbroadcast.co.uk	30198	2026-07-12
dunyanews.tv	148766	2026-07-12
dupagepolicyjournal.com	21396	2026-07-12
dupontregistry.com	7662	2026-01-09
durangoherald.com	95159	2026-07-12
durhamregion.com	23741	2026-07-12
dutchnews.nl	21593	2026-07-11
dvidshub.net	16259	2025-01-26
dw.com	120002	2026-07-12
dwell.com	7004	2026-07-10
dynamicbusiness.com	5867	2026-07-12
e-flux.com	10061	2026-07-11
e-know.ca	17352	2026-07-12
eacourier.com	9804	2026-07-11
eadt.co.uk	135746	2026-07-12
eaglecountryonline.com	9058	2026-07-12
eagledayton.com	8716	2026-07-12
eaglesanantonio.com	8419	2026-07-12
eagletimes.com	12955	2025-11-19
eagletribune.com	125755	2026-07-12
ealingtimes.co.uk	112328	2026-07-12
earthquake-report.com	9134	2025-07-21
earthquakenewstoday.com	63211	2025-12-30
earthsky.org	5350	2026-07-12
eastbayri.com	9271	2026-07-10
eastbaytimes.com	74934	2026-07-12
eastbourneherald.co.uk	6199	2022-02-09
eastcountymagazine.org	18614	2026-07-12
easternmirrornagaland.com	36444	2026-07-12
easternontarionetwork.com	44622	2026-06-15
easternriverinachronicle.com.au	92109	2026-07-12
eastidahonews.com	45732	2026-07-09
eastlondonadvertiser.co.uk	35572	2026-07-12
eastlothiancourier.com	104665	2026-07-12
eastoregonian.com	23818	2026-07-12
easttexasradio.com	16201	2026-07-12
eastvalleytribune.com	5806	2026-07-12
easy93.com	5313	2025-06-14
easyreadernews.com	7265	2026-07-11
eater.com	24838	2026-07-10
eaworldview.com	6728	2026-07-12
ebar.com	17369	2025-01-23
ecb.europa.eu	5573	2026-07-10
echo-news.co.uk	173683	2026-07-12
echo.net.au	11542	2025-01-23
echolive.ie	58003	2026-07-12
echonews.com.au	18377	2020-06-29
echopress.com	33276	2026-07-12
ecns.cn	39058	2026-07-10
eco-business.com	11519	2026-07-11
ecofinagency.com	6427	2026-03-19
econintersect.com	7938	2025-01-23
economist.com	30787	2025-09-05
economynext.com	6721	2026-02-28
econotimes.com	88381	2026-07-12
ecr.co.za	44120	2026-07-12
ed.fm	9369	2026-07-12
edenmagnet.com.au	79252	2026-07-12
edge.ca	11069	2026-06-22
edie.net	8412	2025-01-23
editorandpublisher.com	17042	2026-07-11
editorinleaf.com	5131	2026-07-10
edmonton.ctvnews.ca	26612	2025-01-23
edmontonexaminer.com	22667	2026-06-29
edmontonjournal.com	35960	2026-07-12
edmontonsun.com	71979	2026-07-12
edp24.co.uk	173741	2026-07-12
edsource.org	6670	2026-06-24
educationtimes.com	10365	2026-07-12
edweek.org	5624	2026-06-03
eejournal.com	10451	2026-07-10
eenadu.net	5149	2026-06-25
eenews.net	41074	2026-07-11
efe.com	19085	2026-04-15
effinghamdailynews.com	16806	2026-07-10
effinghamradio.com	11269	2026-07-12
efinancialcareers.com	5971	2026-07-10
egyptindependent.com	18557	2026-07-12
eham.net	20142	2026-07-12
ehfcl.com	251751	2020-08-27
einnews.com	148652	2024-06-01
ejpress.org	5965	2026-07-12
ekathimerini.com	5808	2020-04-10
el-balad.com	191085	2026-07-12
eldoradonews.com	14061	2026-07-12
electric949.com	7775	2026-07-11
electronicsweekly.com	18833	2026-07-12
electropages.com	10768	2026-07-10
elitedaily.com	15972	2026-07-11
elitetraveler.com	5168	2026-07-12
elkharttruth.com	19048	2026-07-11
elkodaily.com	54202	2026-07-11
elle.com	21472	2026-07-12
elliotlakestandard.ca	46641	2026-07-12
ellsworthamerican.com	9258	2026-07-12
ellwoodcityledger.com	6226	2023-09-11
elmwoodparkschools.org	17893	2022-03-02
elpais.com	23905	2026-07-12
elpasoinc.com	106235	2026-07-12
elpasotimes.com	10448	2023-09-11
elwakt.com	34770	2024-06-08
elystandard.co.uk	39531	2026-07-12
emarketer.com	5566	2026-07-10
emirates247.com	15362	2026-06-10
emissourian.com	13520	2025-09-01
emmetsburgnews.com	5097	2026-07-09
empireofthekop.com	17545	2026-07-12
empireonline.com	11538	2026-07-11
emporiagazette.com	25510	2026-07-11
empr.com	10656	2026-07-10
ems1.com	12609	2026-07-12
en.apa.az	68156	2026-07-12
en.ce.cn	31326	2026-07-12
en.dangcongsan.vn	5991	2024-10-12
en.gmw.cn	7405	2025-07-02
en.kremlin.ru	5535	2026-07-10
en.people.cn	120163	2026-07-11
en.portnews.ru	5371	2026-03-08
en.qantara.de	10657	2023-10-26
en.qdnd.vn	9658	2026-03-18
en.tempo.co	44452	2026-07-12
en.trend.az	72164	2025-07-09
en.vietnamplus.vn	79240	2026-03-16
enca.com	64086	2026-07-12
endocrinologyadvisor.com	7712	2026-07-10
energeticcity.ca	21569	2026-07-12
energy-pedia.com	23029	2026-07-10
energy-storage.news	7714	2026-07-10
energycentral.com	24116	2025-05-30
energyfm.net	6727	2026-06-23
energyglobal.com	7447	2025-12-09
energyvoice.com	5581	2025-01-10
enewschannels.com	7209	2026-07-10
enewscourier.com	16022	2026-07-11
enfieldindependent.co.uk	95053	2026-07-12
eng.belta.by	41337	2026-03-10
eng.kavkaz-uzel.eu	6699	2026-07-12
eng.lsm.lv	5866	2025-01-02
engadget.com	46202	2026-07-12
engineering.com	5673	2026-07-10
engineeringnews.co.za	38127	2026-07-10
english.news.cn	284887	2026-07-12
english.pravda.ru	7194	2026-07-10
english.radio.cz	19285	2026-07-12
english.republika.mk	10598	2026-07-12
english.vov.vn	15732	2026-03-16
english.wafa.ps	186667	2026-07-12
enidnews.com	38765	2026-07-11
enn.com	13772	2026-07-10
enr.com	5284	2026-07-11
enrsi.rtvs.sk	5287	2025-01-19
enstarz.com	27815	2026-07-12
enterprisenews.com	7137	2023-09-11
enterprisepub.com	5398	2026-07-10
entornointeligente.com	10116	2026-07-12
entrepreneur.com	9966	2026-07-10
envirotech-online.com	5000	2025-08-14
enviweb.cz	6568	2026-07-12
eonline.com	82537	2026-07-12
ephotozine.com	35871	2025-11-18
eppingforestguardian.co.uk	95981	2026-07-12
eptrail.com	11609	2026-07-12
epw.in	9669	2026-07-11
equibase.com	25375	2026-04-29
equipmentworld.com	5145	2026-05-28
equitybulls.com	74021	2026-07-12
erienewsnow.com	92339	2026-07-12
escapistmagazine.com	8261	2026-06-09
esmmagazine.com	10665	2026-07-10
espn.com	59087	2026-03-19
esquire.com	29799	2026-07-12
essence.com	30981	2026-07-07
essexlive.news	5571	2026-07-02
estevanmercury.ca	31586	2021-07-29
etcanada.com	13319	2023-10-30
eteknix.com	18115	2026-07-12
etfdailynews.com	228558	2025-10-07
etftrends.com	32208	2026-07-12
ethanolproducer.com	7907	2026-07-12
etnow.com	10967	2026-07-10
etonline.com	71395	2026-03-25
eturbonews.com	153793	2026-06-28
eugenedailynews.com	6102	2024-08-21
euobserver.com	13059	2026-07-12
euractiv.com	39817	2026-01-22
eurasiareview.com	40245	2026-07-12
eurekalert.org	75391	2026-07-10
eureporter.co	11352	2026-06-18
euro-petrole.com	8009	2026-07-10
eurogamer.net	42276	2026-07-12
euronews.com	106541	2026-07-12
europapress.es	8975	2026-07-09
europeanpharmaceuticalreview.com	5123	2026-03-26
europeantour.com	5282	2025-06-12
europesun.com	173051	2026-07-12
eurovoix.com	11361	2026-07-12
euroweeklynews.com	6756	2026-03-19
eurweb.com	31077	2026-07-12
evanstonnow.com	8979	2026-07-12
eveningexpress.co.uk	107905	2021-11-08
eveningnews24.co.uk	100715	2026-07-12
eveningtelegraph.co.uk	66368	2021-09-22
eveningtimes.co.uk	5790	2023-03-07
eveningtribune.com	7512	2023-09-11
eventhubs.com	16010	2026-07-12
evertiq.com	8285	2026-07-10
everydayhealth.com	6756	2026-07-11
everything2.com	36374	2026-01-01
eveshamjournal.co.uk	109888	2026-07-12
evo.co.uk	5572	2026-07-12
ew.com	37810	2026-03-17
ewn.co.za	106814	2026-07-12
ewnews.com	5168	2023-02-02
ewrestlingnews.com	80712	2025-07-14
examiner.com.au	80222	2026-07-12
examiner.net	9520	2026-07-11
excelsio.net	6976	2026-07-10
exchangerates.org.uk	12962	2025-11-03
exclaim.ca	27225	2026-07-12
executivebiz.com	8505	2026-07-10
executivegov.com	8932	2026-07-11
exetertoday.ca	9905	2026-07-12
expatforum.com	5471	2026-01-22
expertclick.com	11438	2026-07-12
expertreviews.co.uk	10103	2026-07-10
exploreseiowa.com	26330	2026-03-30
explosion.com	5068	2026-07-12
express.co.uk	387459	2026-07-12
expressandstar.com	67218	2026-03-26
expressnews.com	67773	2025-08-28
extra.ie	5396	2026-03-14
extralunchmoney.com	14998	2024-09-26
extratime.com	7732	2025-09-09
extratv.com	5993	2026-07-10
extremetech.com	8332	2025-01-22
eyeonannapolis.net	17023	2026-07-12
eyeontaiwan.com	5141	2023-03-22
eyeradio.org	16271	2026-07-12
f4wonline.com	32704	2026-07-12
faceofmalawi.com	44882	2026-07-10
fairfaxtimes.com	10830	2026-07-10
fairfieldcitizenonline.com	69732	2022-03-01
fairfieldsuntimes.com	44230	2026-07-12
fairmontsentinel.com	9643	2026-07-11
fairviewpost.com	13016	2026-07-12
falkirkherald.co.uk	16511	2025-01-23
falmouthpacket.co.uk	131285	2026-07-12
famagusta-gazette.com	18052	2025-12-06
familydestinationsguide.com	9807	2026-03-19
famoushookups.com	22648	2025-04-17
fandompost.com	49070	2026-07-12
fangraphs.com	26710	2026-07-12
fansided.com	52347	2026-07-12
fantasypros.com	7629	2025-08-19
faribaultcountyregister.com	16002	2026-07-12
fark.com	5811	2026-07-12
farmersjournal.ie	50479	2026-07-07
farminglife.com	11464	2025-01-23
farminguk.com	14268	2026-07-12
farmprogress.com	14728	2024-08-06
farmweekly.com.au	35429	2026-07-12
fastcasual.com	9309	2026-07-10
fastcompany.com	6912	2026-06-28
fauquier.com	6244	2026-06-26
fauquiernow.com	6496	2026-07-11
fayettetribune.com	6222	2026-07-11
fayobserver.com	12278	2023-09-11
fbcnews.com.fj	8735	2026-03-19
fbherald.com	33789	2026-07-08
fdlreporter.com	8392	2023-09-11
feedstuffs.com	9101	2024-11-15
femalefirst.co.uk	36319	2026-07-12
femina.in	9121	2026-07-11
fenlandcitizen.co.uk	20410	2026-07-12
fermanaghherald.com	9211	2026-07-12
fftimes.com	8904	2026-07-10
fhtimes.com	12546	2026-07-12
fibre2fashion.com	15979	2026-06-02
fiercebiotech.com	5682	2026-06-16
fiercepharma.com	5605	2026-06-19
fifetoday.co.uk	14548	2025-01-23
fijilive.com	17738	2025-04-23
fijisun.com.fj	16298	2026-07-12
fijitimes.com	45574	2023-11-30
fijivillage.com	46923	2026-07-12
file770.com	20974	2026-07-12
fillmorecountyjournal.com	7622	2026-07-08
film-news.co.uk	51252	2026-07-12
filmfare.com	22914	2026-07-12
filmibeat.com	48154	2026-07-12
fin24.com	6131	2020-06-05
finance-commerce.com	15997	2026-06-03
financial-news.co.uk	11886	2026-07-08
financial-planning.com	11028	2026-07-11
financialbuzz.com	18207	2025-09-03
financialcontent.com	216762	2026-07-12
financialpost.com	51489	2026-07-12
financialstandard.com.au	7425	2025-01-23
finanzen.ch	35484	2026-07-11
finanzen.net	5401	2026-06-18
finanznachrichten.de	765305	2026-07-12
finchannel.com	6071	2026-07-12
finextra.com	9191	2025-12-08
fingerlakes1.com	60529	2026-07-11
finsmes.com	35430	2025-06-09
firehouse.com	7337	2026-07-11
firerescue1.com	11895	2026-07-12
firetrench.com	6866	2021-10-26
firstalert4.com	19724	2026-07-12
firstalert7.com	5446	2026-07-12
firstcoastnews.com	63319	2026-06-05
firstlightradio.com	26626	2024-02-14
firstpost.com	146450	2026-03-17
firstshowing.net	12106	2026-07-12
fitsnews.com	6063	2026-07-12
fitzhugh.ca	40958	2025-08-29
flaglerlive.com	13307	2026-07-12
flagpole.com	6054	2026-05-20
flanews.com	6192	2025-11-07
flcourier.com	8077	2026-07-12
fleetworld.co.uk	6905	2026-07-10
flickeringmyth.com	32245	2026-07-12
flightglobal.com	22217	2026-07-12
floppingaces.net	14162	2026-02-11
floridanewswire.com	8786	2026-07-10
floridapolitics.com	10589	2026-04-06
floridastatesman.com	61540	2026-07-12
floridatoday.com	13611	2023-09-11
floridatrend.com	5342	2026-07-09
floridaweekly.com	15532	2026-07-12
floydct.com	15875	2026-07-12
fltimes.com	23031	2026-07-12
fly92.com	5235	2026-07-12
flyingmag.com	9288	2026-07-11
fm104.ie	17164	2026-07-11
fm96.com	8091	2026-06-25
fm99.com	5706	2026-07-10
fnarena.com	17895	2026-06-17
focusdailynews.com	6967	2026-07-11
focustaiwan.tw	59185	2026-07-12
fohonline.com	5266	2026-07-09
fonearena.com	18627	2026-07-11
fontanaheraldnews.com	11915	2026-07-09
foodandwine.com	5391	2026-02-23
foodbev.com	9347	2026-07-10
fooddive.com	6963	2026-07-10
foodmanufacture.co.uk	7375	2026-07-11
foodnavigator-usa.com	7309	2026-07-08
foodnavigator.com	7067	2026-07-10
foodsafetynews.com	5071	2026-07-12
fool.ca	50441	2026-06-04
fool.co.uk	40206	2026-05-12
fool.com	358328	2026-07-12
fool.com.au	49200	2026-06-04
football.london	13513	2023-02-02
football365.com	5098	2023-02-02
footwearnews.com	13853	2025-05-13
forbes.com	614799	2026-07-12
forbesadvocate.com.au	27251	2026-07-09
forbesindia.com	9481	2026-07-08
forcechange.com	8050	2026-07-12
forconstructionpros.com	13234	2025-12-29
ford-trucks.com	36815	2025-08-25
foreignaffairs.co.nz	50515	2025-01-23
foreignpolicy.com	16390	2026-07-12
forexcrunch.com	25695	2026-02-02
forexlive.com	77319	2025-07-19
forextv.com	134608	2025-08-05
formula1.com	17796	2026-07-12
forsythnews.com	6838	2026-07-11
fortmcmurraytoday.com	14199	2026-07-12
fortmorgantimes.com	30444	2026-07-12
fortsaskatchewanrecord.com	15020	2026-07-12
fortune.com	43495	2026-07-12
fortworthbusiness.com	9109	2026-07-10
forward.com	24761	2026-06-30
fosters.com	9701	2023-09-11
foundry-planet.com	5129	2026-07-10
fourfourtwo.com	25358	2026-07-12
fox1023.com	18022	2026-07-08
fox10phoenix.com	90039	2026-07-12
fox10tv.com	34779	2026-07-12
fox11online.com	42806	2026-07-12
fox13memphis.com	38919	2026-07-12
fox13news.com	57035	2026-07-12
fox13now.com	35277	2026-07-12
fox13seattle.com	26573	2026-07-12
fox17.com	38391	2026-07-12
fox17online.com	63296	2026-07-12
fox19.com	37630	2026-07-12
fox21online.com	31206	2026-07-12
fox23.com	34347	2026-07-12
fox23maine.com	46492	2026-07-12
fox26houston.com	66893	2026-07-12
fox29.com	75527	2026-07-12
fox2detroit.com	54719	2026-07-12
fox2now.com	9453	2025-07-02
fox32chicago.com	88541	2026-07-12
fox34.com	27159	2026-07-12
fox35orlando.com	91920	2026-07-12
fox40.com	5235	2025-07-03
fox42kptm.com	8282	2026-07-11
fox43.com	71906	2026-06-25
fox4beaumont.com	31126	2026-07-12
fox4kc.com	7267	2025-07-02
fox4news.com	59464	2026-07-12
fox56.com	35754	2026-07-12
fox59.com	7441	2025-11-18
fox5atlanta.com	92226	2026-07-12
fox5dc.com	63444	2026-07-12
fox5ny.com	69158	2026-07-12
fox5vegas.com	23953	2026-07-12
fox61.com	63743	2026-06-06
fox6now.com	84575	2026-07-12
fox7austin.com	72305	2026-07-12
fox8.com	7734	2026-05-31
fox8live.com	30564	2026-07-12
fox8tv.com	13710	2026-07-11
fox9.com	54186	2026-07-12
fox969.com	18567	2026-07-12
foxbaltimore.com	46497	2026-07-12
foxbangor.com	60979	2026-07-12
foxbusiness.com	76515	2026-07-12
foxcarolina.com	31200	2026-07-12
foxcincinnati.com	9219	2026-07-12
foxillinois.com	29271	2026-07-11
foxla.com	67857	2026-07-12
foxnews.com	370628	2026-07-12
foxradiook.com	11441	2026-06-12
foxreno.com	30119	2026-07-12
foxrochester.com	26871	2026-07-12
foxsanantonio.com	46840	2026-07-12
foxsports.com.au	6342	2023-07-05
foxtel.com.au	12343	2026-06-23
foxwilmington.com	39440	2026-07-12
foxy99.com	13619	2026-07-12
france24.com	167191	2026-02-12
franklinfavorite.com	27485	2026-07-10
frasercoastchronicle.com.au	46313	2021-04-28
fredericknewspost.com	41663	2026-07-12
fredericksburg.com	57128	2026-07-10
freebeacon.com	20461	2026-07-12
freedom929.com	10206	2026-07-09
freedom95.us	6424	2026-07-10
freedom970.com	7947	2026-07-09
freemalaysiatoday.com	95254	2026-07-12
freep.com	46354	2024-06-25
freepressjournal.in	428262	2026-07-12
freepressseries.co.uk	90547	2026-07-12
freerepublic.com	476935	2026-07-12
freestonecountytimesonline.com	5157	2026-07-09
freethoughtblogs.com	6379	2026-07-12
freightwaves.com	6759	2026-01-21
freightweek.org	5151	2026-07-10
fremonttribune.com	72161	2026-07-12
freshfruitportal.com	9074	2026-07-10
freshplaza.com	82482	2026-07-11
fresnobee.com	5973	2024-07-17
frieze.com	5071	2026-01-28
froggy1003.com	11335	2026-07-12
froggy929.com	10680	2025-05-24
froggyweb.com	26431	2026-07-11
frontiersman.com	8569	2026-06-10
frontpagemag.com	21141	2026-05-29
fruitnet.com	10024	2025-09-04
ft.com	12476	2026-02-05
ft.lk	46046	2026-07-12
ftadviser.com	14558	2026-07-10
ftnnews.com	15128	2026-06-04
ftvlive.com	12695	2026-07-12
fudzilla.com	5476	2026-01-06
fukuoka-now.com	6004	2026-07-10
fultonsun.com	11099	2026-07-12
fun107.com	26335	2026-07-12
funds-europe.com	7658	2026-07-10
fundsforngos.org	22163	2026-07-10
funkytaurusmedia.com	143990	2026-07-12
furninfo.com	7158	2025-09-04
furnituretoday.com	11167	2026-06-04
futaa.com	15659	2020-11-27
futurity.org	10382	2026-07-09
fwi.co.uk	18991	2026-07-12
fwweekly.com	5593	2026-07-12
fxempire.com	10506	2026-03-09
fxstreet.com	125442	2026-03-05
gadget.co.za	6782	2026-07-12
gadgetsmagazine.com.ph	5999	2026-07-12
gadsdentimes.com	8135	2023-09-11
gainesville.com	15883	2023-09-11
gainesvilleregister.com	6838	2026-07-11
gainesvilletimes.com	11203	2026-07-12
galesburg.com	6937	2023-09-11
galusaustralis.com	7671	2020-08-18
galvnews.com	41730	2026-07-11
galwaybayfm.ie	21485	2026-07-12
gamasutra.com	12921	2022-06-24
gamenguide.com	6572	2026-07-11
gamepur.com	22146	2024-08-14
gamerant.com	130841	2026-07-12
gameranx.com	19095	2026-07-10
gamereactor.eu	24024	2026-07-12
gamerevolution.com	10450	2026-07-07
gamesindustry.biz	19103	2026-07-10
gamespot.com	45822	2026-01-20
gamesradar.com	63326	2026-07-12
gamewatcher.com	5155	2026-07-11
gamingbolt.com	18812	2026-07-12
gananoquereporter.com	39289	2026-07-12
ganggreennation.com	8358	2026-07-10
gardenandgun.com	5171	2026-07-09
garoweonline.com	7728	2026-07-12
gasgoo.com	15607	2026-07-12
gastongazette.com	9600	2023-09-11
gasworld.com	10705	2026-05-24
gator995.com	17564	2026-07-11
gattonstar.com.au	44798	2021-04-28
gaytimes.co.uk	10016	2024-05-06
gazette-news.co.uk	145240	2026-07-12
gazette.com	189464	2026-07-12
gazetteandherald.co.uk	118259	2026-07-12
gazetteherald.co.uk	141352	2026-07-12
gazettejournal.net	6212	2026-07-09
gazettelive.co.uk	90877	2026-07-12
gazettenet.com	36559	2026-07-12
gazetteseries.co.uk	116290	2026-07-12
gazettetimes.com	49333	2026-07-11
gazettextra.com	53186	2026-07-12
gbtribune.com	12882	2026-07-11
gcaptain.com	19024	2026-07-12
gcmaz.com	12658	2026-07-12
gctelegram.com	8449	2026-07-11
gdnonline.com	166224	2026-07-12
gds.ro	6100	2024-11-05
gearjunkie.com	11914	2026-07-11
geeky-gadgets.com	47589	2026-07-12
geelongadvertiser.com.au	105917	2026-07-12
geneamusings.com	8172	2026-07-12
genengnews.com	9392	2026-06-04
geneticliteracyproject.org	10187	2026-03-20
geo.tv	152091	2026-07-12
geograph.org.uk	6215	2024-07-13
georgeherald.com	31924	2026-07-12
georgiatoday.ge	14959	2026-07-12
geosuper.tv	33918	2026-07-12
getreading.co.uk	50971	2024-05-03
getreligion.org	6582	2024-02-02
getsurrey.co.uk	87461	2026-07-12
gettysburgtimes.com	31347	2026-07-11
ggrasia.com	7764	2026-06-29
ghanafa.org	6469	2026-07-12
ghanaiantimes.com.gh	41384	2026-07-10
ghanamma.com	120346	2026-07-12
ghananewsagency.org	7849	2020-05-06
ghanaweb.com	247740	2026-03-03
ghettoradio.co.ke	9734	2026-07-12
giants.com	7436	2026-07-12
gigulate.com	36126	2026-05-21
gigwise.com	5303	2026-07-12
gillettenewsrecord.com	39275	2026-07-12
gilmermirror.com	24281	2026-07-12
giornaledibrescia.it	8277	2026-04-11
girlslife.com	6496	2026-07-12
gisborneherald.co.nz	15364	2025-02-04
gisuser.com	10004	2026-07-12
github.com	10209	2026-07-12
gizbot.com	5680	2026-07-12
gizchina.com	40942	2026-07-12
gizmochina.com	11012	2026-03-19
gizmodo.co.uk	9499	2020-09-09
gizmodo.com	54382	2026-07-12
gizmodo.com.au	32551	2024-07-11
gjsentinel.com	106567	2026-07-12
gladstoneobserver.com.au	52613	2021-06-23
glamour.com	14752	2026-07-12
glamsham.com	60880	2026-07-12
glasgowtimes.co.uk	189868	2026-07-12
glasgowworld.com	9356	2025-01-23
glassonweb.com	8889	2026-07-11
gleninnesexaminer.com.au	45279	2026-07-12
glidemagazine.com	8211	2026-07-11
globalcapital.com	15451	2025-10-20
globalcement.com	7989	2026-07-10
globalissues.org	9727	2026-07-12
globalnews.ca	149882	2026-07-12
globalsecurity.org	141677	2026-07-12
globalsistersreport.org	5926	2026-07-11
globaltimes.cn	57776	2026-07-12
globalvoices.org	6988	2026-07-12
globegazette.com	55242	2026-07-12
globenewswire.com	285961	2025-11-14
globes.co.il	15465	2026-07-12
gloucesteradvocate.com.au	58642	2026-07-12
gloucestershirelive.co.uk	11049	2026-05-13
gloucestertimes.com	34155	2026-07-12
gmatclub.com	29293	2025-11-20
gmauthority.com	17532	2025-11-18
gmenhq.com	6149	2026-07-12
gna.org.gh	11444	2026-02-22
gnnliberia.com	13919	2026-07-12
go.com	359868	2026-02-10
go955.com	17481	2024-10-08
goal.com	111252	2026-03-19
gobankingrates.com	23023	2026-07-09
gocomics.com	23592	2025-08-13
gocountry105.com	10773	2026-07-11
godanriver.com	49552	2026-07-12
goderichsignalstar.com	22582	2026-07-12
goerie.com	15023	2023-09-11
goldcoastbulletin.com.au	141462	2024-07-30
goldderby.com	20042	2026-07-12
goldseiten.de	22114	2026-03-23
golocalprov.com	16393	2026-07-12
goodereader.com	5355	2026-07-12
goodhousekeeping.com	17329	2026-07-12
goodmenproject.com	69387	2025-01-23
gopusa.com	16072	2025-01-21
gosanangelo.com	5421	2023-09-11
goshennews.com	82967	2026-07-12
goskagit.com	266217	2026-07-12
goss.ie	40907	2026-07-12
gossipcop.com	5937	2021-09-01
gothamist.com	22062	2026-07-12
goulburnpost.com.au	93121	2026-07-12
goupstate.com	13769	2026-05-17
gov.uk	110714	2026-07-10
govconwire.com	8409	2026-07-10
governing.com	13681	2026-07-12
governorswindenergycoalition.org	6930	2026-07-12
govexec.com	12216	2026-07-12
govinfosecurity.com	15628	2026-07-11
govtech.com	20551	2026-07-12
gowatertown.net	27162	2026-07-10
gpb.org	14905	2026-07-12
gponline.com	5504	2026-07-02
gq-magazine.co.uk	12248	2026-07-12
gq.co.za	5123	2026-07-12
gq.com	12530	2026-07-11
gqindia.com	9465	2026-07-12
grainews.ca	6978	2025-05-22
grandforksgazette.ca	28605	2026-07-12
grandforksherald.com	72844	2026-07-12
grandhaventribune.com	18522	2026-07-11
grandprix.com	9383	2026-07-12
grandprix247.com	19354	2026-07-12
grandrapidsmn.com	31242	2026-07-12
granthamjournal.co.uk	6444	2023-12-04
graphic.com.gh	61204	2026-07-12
gratefulweb.com	24142	2026-07-12
graziadaily.co.uk	5049	2026-02-03
grbj.com	6001	2023-04-15
greanvillepost.com	8993	2026-07-12
great98.net	10150	2022-09-19
greatbendpost.com	34089	2026-07-12
greaterbelize.com	5496	2026-07-12
greatfallstribune.com	6218	2023-09-08
greatlakesadvocate.com.au	59089	2026-07-12
greekcitytimes.com	18898	2026-03-10
greekherald.com	61454	2026-07-12
greekreporter.com	30344	2026-06-07
greeleytribune.com	35312	2026-07-12
greenbaypressgazette.com	11617	2023-09-11
greencarcongress.com	11692	2024-07-30
greenevillesun.com	19593	2026-07-12
greenfieldreporter.com	43235	2025-05-15
greenleft.org.au	8075	2026-07-12
greenocktelegraph.co.uk	126298	2026-07-12
greensboro.com	56289	2026-07-10
greensburgdailynews.com	40027	2026-07-10
greenvilleonline.com	6965	2023-09-11
greenwichfreepress.com	6881	2026-07-12
greenwichtime.com	135194	2025-06-12
grenadachronicle.com	17493	2026-07-12
grenfellrecord.com.au	26030	2026-07-09
grimsbytelegraph.co.uk	76767	2026-07-12
grmdaily.com	11485	2026-06-28
groove993.com	11369	2026-06-19
ground.news	19048	2025-01-25
groundup.org.za	8440	2026-07-10
gsmarena.com	42449	2026-07-12
guampdn.com	51129	2026-07-12
guardian-series.co.uk	96508	2026-07-12
guardian.co.tt	47131	2026-07-12
guardian.ng	78980	2026-04-05
guelphmercury.com	9537	2026-07-12
guernicamag.com	7427	2026-06-16
guernseypress.com	79582	2026-07-12
guitarworld.com	16632	2026-07-12
gulf-times.com	55455	2026-07-12
gulf104.com	21534	2026-07-12
gulfbusiness.com	19994	2026-04-03
gulfcoastmedia.com	7670	2026-07-12
gulfcoastnewsnow.com	22975	2026-07-12
gulfnews.com	194126	2026-07-12
gulftoday.ae	52129	2026-03-19
gulte.com	39447	2026-07-12
gurlstudio.com	5527	2023-02-20
gurufocus.com	19152	2026-07-11
guyanachronicle.com	6750	2020-07-23
gvnews.com	8848	2026-07-10
gwdtoday.com	125393	2025-11-04
gwhatchet.com	8606	2026-07-12
gwinnettdailypost.com	84604	2026-07-09
gx94radio.com	25692	2026-07-12
gympietimes.com.au	53769	2021-04-28
haaretz.com	64056	2026-07-12
haberx.com	6873	2025-09-08
habseyesontheprize.com	6547	2026-07-11
hackaday.com	10743	2026-07-12
hackneygazette.co.uk	29423	2026-07-12
haitilibre.com	9853	2026-07-12
haitisun.com	48387	2026-07-12
halesowennews.co.uk	139877	2026-07-12
halfwheel.com	11294	2026-07-12
halifax.citynews.ca	6698	2025-10-14
halifaxcourier.co.uk	18225	2025-01-23
haligonia.ca	5314	2026-07-11
hallmarknews.com	15492	2026-07-12
halsteadgazette.co.uk	121763	2026-07-12
hamhigh.co.uk	54803	2026-07-12
hamodia.com	8109	2023-02-02
hampshirechronicle.co.uk	145869	2026-07-12
hampshirereview.com	7428	2026-07-10
hancinema.net	58075	2026-07-12
hanfordsentinel.com	25114	2026-07-12
hani.co.kr	11254	2026-07-12
hannaherald.com	8741	2026-07-12
hannibal.net	11167	2026-07-12
hannity.com	16506	2026-07-12
hapakenya.com	9161	2026-07-09
hapblog.com	8337	2025-05-22
harboroughmail.co.uk	11120	2025-01-23
hardcoregamer.com	13211	2026-07-10
hardenexpress.com.au	46039	2026-07-12
hardwoodparoxysm.com	8993	2026-07-01
harnesslink.com	28166	2026-07-12
harpersbazaar.com	24577	2026-07-12
harringayonline.com	46721	2026-07-12
harrisondaily.com	22149	2026-07-12
harrogateadvertiser.co.uk	15619	2025-01-23
harrowtimes.co.uk	94061	2026-07-12
hartenergy.com	8026	2025-09-18
hartfordbusiness.com	20629	2026-07-10
hartfordcitynewstimes.com	37084	2026-07-09
hartlepoolmail.co.uk	13236	2025-01-23
harvard.edu	14189	2026-07-10
harwichandmanningtreestandard.co.uk	124904	2026-07-12
hauraki.co.nz	9210	2026-07-08
havanatimes.org	6626	2026-07-12
havasunews.com	36516	2026-07-12
hawaii.edu	8599	2026-07-10
hawaiinewsnow.com	42608	2026-07-12
hawaiipublicradio.org	26354	2026-07-11
hawaiitelegraph.com	121699	2026-07-12
hawaiitribune-herald.com	18443	2026-07-12
hawkesburygazette.com.au	56749	2025-07-28
hayspost.com	31850	2026-07-12
hazard-herald.com	27908	2026-07-11
hcamag.com	9738	2026-07-10
hccommunityjournal.com	9650	2026-07-12
hcplive.com	11811	2026-03-27
hd983.com	16151	2026-07-03
hdnews.net	6722	2026-07-07
headlineplanet.com	8665	2026-07-12
healio.com	38621	2026-07-12
health.com	6689	2026-03-17
healthcanal.com	7276	2025-02-04
healthcaredive.com	7671	2026-07-12
healthcarefinancenews.com	5465	2026-06-03
healthcareitnews.com	14929	2026-06-04
healthday.com	6623	2026-07-10
healthleadersmedia.com	15931	2026-06-30
heart.co.uk	21098	2026-07-10
heartfm.ca	13543	2026-07-10
heaven1460.com	9103	2026-06-22
heavy.com	23260	2026-06-18
hedgeweek.com	6175	2026-05-20
helenair.com	63973	2026-07-12
helihub.com	5597	2024-07-26
hellenicshippingnews.com	159423	2026-07-12
hellobeautiful.com	5296	2026-07-11
hellomagazine.com	104948	2026-07-12
helsinkitimes.fi	6337	2026-07-12
hemeltoday.co.uk	10711	2025-01-23
hendersondispatch.com	15905	2026-07-11
hendersonvillelightning.com	6298	2026-07-12
henleystandard.co.uk	10865	2026-07-12
henricocitizen.com	5796	2026-07-10
henryherald.com	63893	2026-07-08
hepburnadvocate.com.au	47728	2026-07-12
her.ie	53028	2026-06-26
herald-citizen.com	11430	2026-07-12
herald-dispatch.com	53101	2026-07-12
herald-review.com	67704	2026-07-12
herald-zeitung.com	14162	2026-07-11
herald.co.zw	61471	2025-01-23
heraldandnews.com	22883	2026-07-12
heraldbanner.com	8754	2026-07-11
heraldbulletin.com	61122	2026-07-12
heraldcourier.com	40933	2026-07-05
heralddemocrat.com	9147	2026-07-10
heraldextra.com	19457	2026-07-12
heraldglobe.com	149266	2026-07-12
heraldgoa.in	14085	2026-07-12
heraldlive.co.za	30798	2025-01-25
heraldmailmedia.com	43614	2023-09-11
heraldmalaysia.com	22801	2026-03-11
heraldnet.com	18026	2026-07-12
heraldnews.com	11208	2023-09-11
heraldpalladium.com	36364	2026-07-11
heraldscotland.com	145243	2026-07-12
heraldseries.co.uk	132387	2026-07-12
heraldstandard.com	19732	2026-07-12
heraldstaronline.com	20500	2026-07-11
heraldsun.com.au	122647	2024-07-31
heraldtribune.com	22337	2023-09-11
herefordtimes.com	66219	2026-07-12
heritagefl.com	9913	2026-07-09
hermistonherald.com	7498	2026-07-12
hertfordshiremercury.co.uk	22775	2025-11-04
hertsad.co.uk	38430	2026-07-12
hexham-courant.co.uk	128217	2026-07-12
hexus.net	6999	2025-02-25
hiawathaworldonline.com	37470	2026-06-24
hickoryrecord.com	49202	2026-07-10
hiddenremote.com	6473	2026-07-12
highlandcountypress.com	23890	2026-07-12
highlandradio.com	53177	2026-07-12
highrivertimes.com	8919	2026-07-12
highschoolot.com	5755	2026-06-09
highsnobiety.com	21764	2026-07-12
highway989.com	9762	2026-07-01
hillingdontimes.co.uk	118714	2026-07-12
hillsdale.net	5253	2023-09-11
hilltimes.com	7789	2026-07-12
hindi.cri.cn	9603	2026-07-12
hindustantimes.com	505452	2026-07-12
hiphopdx.com	39549	2026-05-18
hiphopnc.com	11375	2026-07-12
hiphopwired.com	11548	2026-07-12
hirunews.lk	7226	2026-03-05
history.com	12154	2026-07-12
historyextra.com	5239	2026-07-12
hitconsultant.net	9183	2026-07-10
hits1053sanantonio.com	6577	2026-07-12
hits96.com	18111	2026-07-10
hits973.com	9451	2026-07-11
hitsfm.net	44182	2026-07-12
hjnews.com	24580	2026-07-11
hltv.org	128348	2025-08-12
hngn.com	50629	2026-07-12
hngnews.com	43112	2026-07-12
hoganstand.com	26114	2026-07-12
hogshaven.com	9808	2026-07-11
hola.com	23443	2026-07-12
hollandsentinel.com	16685	2023-09-10
hollywoodlife.com	31449	2026-06-24
hollywoodreporter.com	69597	2026-07-12
homelandsecuritynewswire.com	9117	2026-07-11
homenewshere.com	65710	2026-07-12
homernews.com	5129	2026-07-11
hometownregister.com	115245	2026-07-12
hometownsource.com	75009	2026-07-12
hometownstation.com	23870	2026-07-12
hometownstations.com	71958	2026-07-12
hongkongherald.com	46283	2026-07-12
honisoit.com	6514	2026-07-10
honolulumagazine.com	9371	2026-07-12
hoodline.com	5815	2025-01-23
hopestandard.com	37897	2026-07-12
horseandhound.co.uk	18631	2026-07-10
hortweek.com	23116	2026-07-02
hospitalitydesign.com	5849	2026-07-12
hospitalitynet.org	56909	2026-06-29
hot101.com	10450	2026-07-12
hot1017.com	6653	2025-01-24
hot1029.com	15050	2026-07-02
hot1033.com	9199	2026-07-12
hot1047.com	28242	2026-07-12
hot105fm.com	6825	2026-07-11
hot1077radio.com	8977	2026-07-12
hot96.com	34128	2026-07-12
hot967.fm	5584	2023-03-17
hot967fm.com	26510	2026-07-11
hot969boston.com	24680	2026-07-12
hot97.com	17249	2026-07-12
hot975fm.com	16764	2026-07-12
hotair.com	91017	2026-07-12
hotaugusta.com	14508	2026-07-12
hotcountrybull.com	7573	2024-01-26
hoteliermiddleeast.com	7467	2023-03-21
hotelnewsresource.com	10807	2026-07-10
hotelscombined.com	5926	2026-06-23
hothardware.com	11379	2026-07-11
hotpress.com	15628	2026-07-12
hotspotatl.com	10585	2026-07-12
houmatoday.com	11760	2023-09-11
houseandgarden.co.uk	6249	2026-07-10
housebeautiful.com	11227	2026-07-11
housingwire.com	15909	2026-07-12
houstonchronicle.com	122357	2025-07-23
houstonherald.com	13105	2026-07-11
houstoniamag.com	5686	2026-07-10
houstonianonline.com	8913	2026-07-01
houstonpress.com	7594	2026-07-12
houstonpublicmedia.org	28732	2026-07-12
houstontexans.com	5252	2026-07-11
howestreet.com	10915	2026-07-12
howstuffworks.com	14191	2026-04-20
howtogeek.com	29693	2026-07-12
hpherald.com	5624	2026-07-11
hpj.com	14401	2026-07-10
hppr.org	49335	2026-07-12
hpr2.org	8519	2021-06-02
hrmagazine.co.uk	19243	2026-05-29
hrreporter.com	6617	2026-07-10
hrw.org	11875	2026-07-10
hsj.co.uk	13651	2025-09-05
htrnews.com	10229	2023-09-11
htsstlucia.org	6112	2026-07-12
htxt.co.za	11893	2026-07-10
hub-4.com	6172	2026-07-12
hubcityradio.com	7812	2026-07-12
hubspot.com	7657	2026-07-10
hucknalldispatch.co.uk	11608	2025-01-23
hudsoncountyview.com	10405	2026-07-12
hudsonreporter.com	7874	2026-04-24
hudsonstarobserver.com	6069	2026-07-12
hudsonvalley360.com	28171	2024-04-23
hudsonvalleycountry.com	43370	2026-07-12
huewire.com	25115	2026-07-10
huffingtonpost.ca	6676	2021-03-09
huffingtonpost.co.uk	40637	2026-07-12
huffpost.com	59774	2026-07-10
hulldailymail.co.uk	101169	2026-07-12
human-wrongs-watch.net	5228	2026-03-01
humanevents.com	9180	2026-07-12
humanitariannews.org	105823	2021-09-28
humanresourcesonline.net	7754	2026-07-10
humboldtjournal.ca	32771	2021-07-29
hungarytoday.hu	24716	2026-07-12
huntspost.co.uk	39254	2026-07-12
hup.hu	6521	2026-07-06
hurriyetdailynews.com	43763	2026-07-12
huskeradio.com	11883	2026-07-11
hutchnews.com	11848	2023-09-10
hydrocarbonprocessing.com	13523	2026-07-10
hypebeast.com	63481	2026-02-15
hypebot.com	12829	2026-07-10
hyperallergic.com	10043	2026-07-11
i1071.com	8884	2021-04-30
i24news.tv	27267	2026-07-12
i95rock.com	15493	2026-07-12
i95rocks.com	19099	2026-07-10
iafrica.com	22359	2026-07-11
iam-media.com	5328	2026-03-21
ianslive.in	295698	2026-07-12
ibcworldnews.com	24511	2026-07-12
iberianet.com	8444	2022-06-22
iberkshires.com	36247	2026-07-12
iberonews.com	6035	2026-07-10
ibinews.com	10505	2025-09-04
ibj.com	7842	2026-07-10
ibtimes.co.in	57605	2026-07-12
ibtimes.co.uk	70695	2026-07-12
ibtimes.com	192240	2026-07-12
ibtimes.com.au	31260	2026-07-12
ibtimes.sg	7279	2026-03-16
icaew.com	8086	2026-07-12
icenews.is	9676	2026-07-12
iconnect007.com	14962	2026-06-11
icsf.net	13074	2026-07-10
idahobusinessreview.com	7707	2026-06-04
idahopress.com	78813	2026-07-12
idahostatejournal.com	91877	2026-07-12
idahostatesman.com	5302	2024-07-30
ideastream.org	18957	2026-07-12
idg.com.au	6314	2023-02-14
idrw.org	65633	2026-07-12
idsnews.com	12680	2026-07-12
ieyenews.com	17503	2026-03-17
ifa.com.au	6640	2026-06-25
ifamagazine.com	11527	2026-01-16
ifiberone.com	57438	2023-02-15
igamingbusiness.com	14963	2026-07-11
igberetvnews.com	7537	2025-11-26
ign.com	80245	2026-07-12
iheart.com	14966421	2026-07-12
ijpr.org	32471	2026-07-12
ijr.com	5157	2026-03-19
ilfordrecorder.co.uk	29210	2026-07-12
illawarramercury.com.au	97856	2026-07-12
illinoistimes.com	9410	2026-07-10
ilonggotechblog.com	9733	2026-07-12
ilovebobfm.com	9534	2026-07-12
iloveqatar.net	6388	2025-11-27
imemc.org	10123	2026-07-12
imore.com	27836	2025-05-23
imparcialoaxaca.mx	5071	2026-04-01
impartialreporter.com	118332	2026-07-12
imt.ie	5815	2026-07-11
in-cumbria.com	14742	2026-07-12
in.gr	6867	2026-07-11
inc.com	5320	2025-08-22
inc42.com	11305	2024-02-02
indaily.com.au	8422	2025-01-20
indcatholicnews.com	9108	2026-07-12
inddist.com	9485	2025-10-03
indeonline.com	8553	2023-09-11
independantexpress.com	14258	2026-02-17
independent.co.uk	258539	2026-07-12
independent.com	16997	2026-07-12
independent.com.mt	23956	2026-07-12
independent.ie	289738	2026-05-19
independentnews.com	25062	2026-07-12
independentsentinel.com	45911	2026-06-10
independenttribune.com	46377	2026-07-12
india.com	282169	2026-02-23
indiablooms.com	34672	2026-07-12
indiaeducationdiary.in	57125	2026-07-12
indiagazette.com	255946	2026-07-12
indiainfoline.com	11802	2026-07-10
indianagazette.com	5626	2026-03-19
indianapolisrecorder.com	5862	2026-04-02
indianautosblog.com	9029	2026-07-11
indiancooperative.com	14131	2026-07-11
indianewengland.com	27487	2026-07-11
indianexpress.com	478796	2026-07-12
indiantelevision.com	24132	2025-01-23
indianweekender.co.nz	14388	2026-07-12
indiapost.com	10257	2026-07-09
indiatimes.com	2604429	2026-07-12
indiatoday.in	181286	2026-06-29
indiatvnews.com	127153	2026-07-12
indiawest.com	25524	2026-06-22
indiedb.com	15816	2025-11-16
indiewire.com	16224	2026-07-11
indonesiatribune.com	16810	2026-06-17
industrialinfo.com	10024	2026-07-10
industrytoday.co.uk	5784	2024-08-30
indysmix.com	10654	2026-07-12
indystar.com	25111	2023-09-11
indyweek.com	5238	2026-02-12
inews.co.uk	6840	2026-06-09
inewsgr.com	12675	2026-07-12
infiniteunknown.net	11693	2025-04-11
infonews.co.nz	8573	2026-07-11
inform.kz	15122	2023-09-17
informationng.com	36968	2026-07-12
informationweek.com	6838	2026-07-11
inforum.com	96271	2026-07-12
infosecurity-magazine.com	11620	2026-07-10
infotechlead.com	6485	2026-07-11
infotel.ca	204502	2026-05-01
infowars.com	37273	2025-06-05
infoworld.com	9378	2026-07-10
inlander.com	12950	2026-07-09
inlandnewstoday.com	17249	2026-07-11
inman.com	20720	2026-07-07
inmaricopa.com	9084	2026-07-12
innovationintextiles.com	5587	2026-07-09
innovationtoronto.com	12603	2025-07-14
inquirer.com	77031	2026-07-12
inquirer.net	247866	2026-07-12
inquisitr.com	72061	2025-05-14
insidebitcoins.com	25594	2026-07-09
insideclimatenews.org	5881	2026-06-23
insideedition.com	15008	2025-09-11
insideevs.com	27425	2026-07-12
insidefutbol.com	16722	2026-07-12
insidefutures.com	7921	2020-12-29
insidehalton.com	12915	2026-07-12
insidehighered.com	9322	2026-05-12
insideindianabusiness.com	21092	2026-07-11
insidelacrosse.com	6347	2024-12-01
insidenova.com	68805	2026-07-11
insideottawavalley.com	8702	2026-07-12
insidepulse.com	6907	2026-07-10
insider.com	15591	2024-01-08
insideretail.asia	8702	2026-07-10
insidermedia.com	8897	2025-01-23
insidermonkey.com	171752	2026-07-12
insidethegames.biz	24663	2024-09-13
insidetheiggles.com	7016	2026-07-12
insightnews.com	6535	2026-07-09
instinctmagazine.com	5071	2026-07-12
institutionalinvestor.com	6333	2025-12-11
instyle.com	18917	2026-03-17
insuranceage.co.uk	7778	2026-07-10
insurancebusinessmag.com	29967	2026-07-10
insuranceinsider.com	7694	2026-07-05
insurancejournal.com	71556	2026-07-12
insurancenewsnet.com	70667	2026-06-04
integra927.com	5224	2024-06-03
intelligencer.ca	48967	2026-07-12
intelligentinsurer.com	11820	2026-06-23
interest.co.nz	14153	2026-07-12
interestingengineering.com	6703	2026-03-19
interfax.com	40978	2026-03-19
interfax.com.ua	60042	2026-07-11
intergameonline.com	15693	2026-05-17
interior-news.com	27545	2026-07-12
interlochenpublicradio.org	35516	2026-07-12
international-adviser.com	7886	2026-07-10
internationaltimes.it	5763	2026-07-12
intouchweekly.com	13216	2026-07-12
intrafish.com	14565	2026-07-10
inverelltimes.com.au	53039	2026-07-12
inverness-courier.co.uk	79470	2026-07-12
investegate.co.uk	545938	2026-07-10
investing.com	84818	2026-03-26
investinglive.com	14256	2026-07-12
investingnews.com	18585	2026-07-07
investmentexecutive.com	18151	2026-07-12
investmentnews.com	16154	2026-07-11
investmentwatchblog.com	55258	2026-07-11
investmentweek.co.uk	18079	2026-07-10
investopedia.com	18705	2026-03-17
investordaily.com.au	10101	2026-06-24
investorideas.com	8125	2026-07-10
investorplace.com	21438	2026-07-10
investors.com	45772	2026-07-08
investorschronicle.co.uk	12210	2026-07-11
invezz.com	37889	2025-09-23
inyourpocket.com	5312	2026-07-03
iol.co.za	227944	2025-01-23
iomtoday.co.im	27107	2026-07-12
iowapublicradio.org	49542	2026-07-12
iowastatedaily.com	6775	2026-07-09
ipe.com	9537	2025-09-04
ipolitics.ca	10831	2025-04-24
ipowerrichmond.com	12624	2026-07-12
ippmedia.com	8175	2025-02-26
ipsnews.net	17935	2026-07-10
ipswichadvertiser.com.au	21261	2020-06-29
ipswichstar.co.uk	91651	2026-07-12
ipwatchdog.com	9108	2026-07-12
iradio.ie	8805	2026-07-09
iranherald.com	67325	2026-07-12
iranoilgas.com	6926	2026-07-12
iraqsun.com	80409	2026-07-12
irasciblemusings.com	20726	2024-01-20
irishamerica.com	6786	2026-06-24
irishcentral.com	19017	2026-07-12
irishdentist.ie	6359	2026-07-12
irishecho.com	5445	2026-07-12
irishexaminer.com	119578	2026-07-12
irishmirror.ie	173410	2026-07-12
irishnews.com	84516	2026-07-12
irishsun.com	47652	2026-07-12
irishtimes.com	219572	2026-07-12
ironmountaindailynews.com	24378	2026-07-11
irrawaddy.com	10690	2025-12-09
irrigator.com.au	51572	2026-07-12
irvinetimes.com	92184	2026-07-12
islamicinvitationturkey.com	12045	2026-07-12
island.lk	53606	2026-07-12
islandpacket.com	5017	2024-07-29
islands.com	23370	2026-07-12
islingtongazette.co.uk	28877	2026-07-12
islingtontribune.co.uk	6094	2026-07-11
ispreview.co.uk	5465	2026-07-12
israelherald.com	36403	2026-07-12
israelnationalnews.com	244879	2026-07-12
israeltoday.co.il	6119	2025-04-16
isthmus.com	15489	2026-07-12
it-online.co.za	81508	2026-07-12
italian.cri.cn	10450	2026-07-12
itbrief.co.nz	12830	2026-07-10
itbusinessnet.com	162150	2026-07-12
itechpost.com	17759	2026-07-11
itemlive.com	12187	2026-07-12
itemonline.com	17852	2026-07-11
ithaca.com	6332	2026-07-11
ithacajournal.com	5125	2023-09-11
itnews.com.au	11295	2026-07-12
itnewsafrica.com	10356	2026-07-10
itnewsonline.com	129730	2026-07-12
itnonline.com	8013	2026-07-10
itp.net	8530	2023-03-21
itpro.co.uk	9219	2023-04-11
itsnicethat.com	7792	2026-07-10
itv.com	100917	2025-06-02
itweb.co.za	14069	2026-07-10
itwire.com	22816	2026-07-11
ivpressonline.com	91348	2026-07-12
iwf.org	6281	2025-09-09
iwradio.co.uk	53995	2026-07-10
j-14.com	5231	2025-08-11
jacarandafm.com	47327	2026-07-12
jacksonprogress-argus.com	67360	2026-07-12
jacksonsun.com	6477	2023-09-11
jacksonville.com	16128	2023-09-11
jacksonvilleprogress.com	10741	2026-07-11
jagonews24.com	28631	2026-04-15
jagranjosh.com	80644	2026-07-12
jaguars.com	6887	2026-07-12
jalopnik.com	25380	2026-07-12
jamaica-gleaner.com	90601	2026-07-12
jamaica-star.com	39974	2026-07-10
jamaicantimes.com	39960	2026-07-12
jamaicaobserver.com	219918	2026-07-12
jambands.com	6847	2026-07-12
jambase.com	11492	2025-12-12
jamestown.org	5114	2026-07-11
jamestownsun.com	52095	2026-07-12
janes.com	20533	2026-07-09
japanherald.com	65998	2026-07-12
japantimes.co.jp	118934	2026-07-10
japantoday.com	71932	2026-06-25
jaxdailyrecord.com	8843	2024-01-03
jayski.com	6195	2025-01-18
jbhe.com	9146	2026-07-10
jckonline.com	8072	2026-07-10
jcnnewswire.com	16583	2026-07-10
jconline.com	6301	2023-09-10
jcpost.com	26759	2026-07-12
jdnews.com	12794	2026-07-12
jdsupra.com	313197	2026-07-12
jeepforum.com	5241	2026-06-11
jerseyeveningpost.com	82164	2026-07-12
jewishjournal.com	10648	2023-03-03
jewishlink.news	5362	2023-06-17
jewishpress.com	41672	2026-07-12
jewishtimes.com	5067	2026-07-10
jewishworldreview.com	8443	2026-07-10
jezebel.com	9864	2026-07-12
jg-tc.com	57017	2026-07-11
jhnewsandguide.com	17843	2026-07-11
jhu.edu	18407	2026-07-12
jns.org	31146	2026-07-12
joe.co.uk	22824	2026-04-16
joe.ie	23908	2026-04-15
johnogroat-journal.co.uk	46387	2026-07-12
johnsoncitypress.com	21521	2025-12-16
jonathanturley.org	7398	2026-07-12
joplinglobe.com	89713	2026-07-12
jordantimes.com	57334	2026-07-12
jose947.com	15323	2025-03-13
journal-advocate.com	28969	2026-07-12
journal-news.com	38442	2026-07-12
journal-news.net	27897	2026-07-12
journal-spectator.com	9839	2025-11-25
journal-topics.com	8668	2026-07-11
journal.com.ph	14589	2026-07-12
journalgazette.net	78430	2026-07-12
journalinquirer.com	22390	2023-06-03
journalism.co.uk	5469	2026-07-10
journalismpakistan.com	7133	2026-07-12
journalnow.com	73444	2026-07-11
journalpatriot.com	10274	2026-07-09
journalpioneer.com	22877	2020-11-11
journalrecord.com	37118	2026-06-03
journalreview.com	10834	2026-07-12
journalstandard.com	5432	2023-09-10
journalstar.com	111203	2026-07-12
journaltimes.com	69554	2026-07-12
jowhar.com	7830	2026-07-12
jox2fm.com	41278	2025-07-23
joxfm.com	17711	2026-07-12
joy.org.au	11739	2026-07-12
jpost.com	169405	2026-07-12
jsonline.com	32169	2023-09-11
jta.org	11234	2025-05-12
jtv.com	50611	2026-07-10
jumpradio.ca	7573	2026-06-29
juneauempire.com	7988	2026-07-11
juneesoutherncross.com.au	103090	2026-07-12
juniorminingnetwork.com	20168	2026-07-11
junkee.com	6676	2026-02-19
jurist.org	6889	2026-03-19
just-auto.com	11135	2026-07-10
just-drinks.com	7493	2026-07-10
just-food.com	8814	2026-07-10
just-style.com	9065	2026-07-10
justarsenal.com	17276	2026-07-12
justblogbaby.com	5539	2026-07-12
justice.gov	5015	2025-11-26
justiceinfo.net	9542	2026-07-12
justicenewsflash.com	7818	2026-07-08
justjared.com	611881	2026-07-05
justjaredjr.com	121439	2026-07-08
justmeans.com	17128	2023-01-06
justsecurity.org	5400	2026-07-10
juxtapoz.com	6197	2026-05-13
jweekly.com	11148	2026-07-12
jwire.com.au	13906	2026-06-27
k100country.com	5805	2026-07-12
k101fm.net	41439	2026-04-22
k1047.com	23200	2026-07-12
k105.com	12300	2026-07-01
k12.wi.us	18154	2026-07-07
k2radio.com	26256	2026-07-10
k923orlando.com	8760	2026-07-11
k945.com	38067	2026-07-11
k96fm.com	17011	2026-07-12
k985.com	5843	2020-12-09
k99.com	21962	2026-07-12
k99online.com	6541	2026-01-28
k99wigm.com	7838	2026-07-11
kaaltv.com	75975	2026-03-17
kabc.com	30138	2026-07-10
kachwanya.com	7055	2026-07-11
kacu.org	55949	2026-07-12
kafe.com	5537	2026-07-11
kagstv.com	38121	2026-06-06
kaieteurnewsonline.com	30303	2026-07-12
kait8.com	34027	2026-07-12
kajo.com	5718	2026-07-12
kake.com	50725	2026-07-12
kalb.com	17336	2026-07-12
kalw.org	48048	2026-07-12
kamcity.com	15232	2025-11-18
kamloopsbcnow.com	12134	2026-07-12
kamloopsthisweek.com	20035	2023-10-27
kansascity.com	5375	2024-07-30
kansaspublicradio.org	23211	2026-07-12
kanw.com	37966	2025-07-07
kaok.com	41790	2026-07-12
kare11.com	62042	2026-06-25
karennews.org	7315	2026-07-12
karriere.at	11037	2024-03-25
kashmirlife.net	41707	2026-07-12
kashmirreader.com	48999	2026-07-11
kashmirtimes.com	19600	2026-07-11
kashmirtimes.in	16699	2025-04-18
kasu.org	94044	2026-07-12
katc.com	46423	2026-07-12
katcountry989.com	44810	2026-07-10
katherinetimes.com.au	62140	2026-07-12
kathmandupost.com	27316	2026-07-12
katm.com	6202	2026-07-12
katsfm.com	42817	2026-07-12
katt.com	9315	2026-07-12
katu.com	41986	2026-07-12
katv.com	34432	2026-07-12
kawc.org	62718	2026-07-12
kawowo.com	6998	2026-07-12
kazu.org	66968	2026-07-12
kbat.com	27143	2026-07-12
kbcy.com	5455	2026-07-12
kber.com	8727	2026-07-12
kbft.org	7813	2026-07-09
kbhbradio.com	8708	2025-01-23
kbia.org	37156	2026-07-12
kbnd.com	7353	2026-07-10
kboo.fm	6711	2026-07-11
kbrx.com	7751	2026-06-12
kbs.co.kr	63938	2026-07-12
kbtt.fm	20146	2026-07-04
kbtx.com	27680	2026-07-12
kbull93.com	13417	2022-09-06
kbur.com	16634	2026-07-11
kbzk.com	38609	2026-07-12
kcbd.com	30255	2026-07-12
kcbx.org	31228	2026-07-12
kcby.com	33909	2026-07-12
kcchronicle.com	7039	2023-05-01
kcci.com	82962	2026-07-12
kccu.org	57779	2026-07-12
kcentv.com	51557	2026-06-06
kcet.org	7715	2023-09-25
kchanews.com	10304	2026-07-12
kciiradio.com	24138	2026-07-11
kclr96fm.com	8280	2026-07-12
kclu.org	46513	2026-07-12
kcra.com	110434	2026-07-12
kcrg.com	36281	2026-07-12
kcrr.com	26115	2026-07-12
kcrw.com	21945	2026-01-30
kctv5.com	41249	2026-07-12
kcur.org	16079	2026-07-12
kdal610.com	12741	2025-09-30
kdat.com	45301	2026-07-12
kdhlradio.com	57624	2026-07-12
kdhnews.com	89133	2026-07-12
kdks.fm	16607	2026-07-04
kdlg.org	17369	2025-01-27
kdminer.com	6481	2026-07-12
kdramastars.com	20468	2026-07-11
kdrv.com	29635	2026-07-12
kdux.com	9742	2026-06-25
kdvr.com	6504	2026-02-17
kdwn.com	7218	2022-11-12
keanradio.com	21021	2026-07-12
kearneyhub.com	50085	2026-07-12
kecofm.com	9014	2026-07-04
kedm.org	55222	2026-07-12
keighleynews.co.uk	130707	2026-07-12
kekbfm.com	33156	2026-07-12
kelo.com	81384	2026-07-12
kelofm.com	17782	2026-07-10
kelownacapnews.com	52919	2026-07-12
kelownadailycourier.ca	60749	2026-07-12
kenoraonline.com	7083	2025-08-25
kenoshanews.com	7298	2025-08-27
kens5.com	72133	2026-06-05
kentlive.news	5708	2026-07-02
kentonline.co.uk	94829	2026-07-12
kentuckynewera.com	34502	2026-07-12
kenw.org	42173	2026-07-12
kenyan-post.com	44464	2026-07-12
kenyans.co.ke	16332	2026-03-18
kenyastar.com	65954	2026-07-12
keprtv.com	25980	2026-06-05
keranews.org	24500	2026-07-11
kerrang.com	13321	2026-07-11
kesn1033.com	9325	2020-10-06
kesq.com	80412	2026-07-12
ketchikandailynews.com	6893	2026-07-10
ketr.org	47945	2026-07-12
ketv.com	77970	2026-07-12
kevinmd.com	18014	2026-05-27
keyc.com	18710	2026-07-12
keyj.com	20473	2026-07-12
keysnews.com	49766	2026-07-12
keyt.com	103225	2026-07-12
keyw.com	24722	2026-07-11
kezi.com	27729	2026-07-12
kezj.com	21831	2026-07-11
kfdi.com	10996	2026-01-28
kfdm.com	32828	2026-07-12
kffm.com	29078	2026-07-12
kfgo.com	71449	2026-07-12
kfilradio.com	60545	2026-07-12
kfiz.com	10489	2026-07-12
kfm.co.ug	8614	2026-04-20
kfm.co.za	9754	2024-01-15
kfmx.com	30945	2026-07-12
kfor.com	7646	2026-06-11
kfox95.com	28102	2026-07-11
kfoxtv.com	38161	2026-07-12
kfqd.com	6512	2026-07-07
kfru.com	37773	2026-07-12
kfrxfm.com	17291	2026-07-02
kfvs12.com	50704	2026-07-12
kfyo.com	19075	2026-07-11
kfyrtv.com	28654	2026-07-12
kgab.com	6496	2026-03-06
kggo.com	10398	2026-07-11
kgmi.com	7909	2024-01-16
kgmo.com	7188	2026-07-10
kgns.tv	22582	2026-07-12
kgoradio.com	26604	2022-10-06
kgou.org	65915	2026-07-12
khaama.com	21820	2026-07-12
khak.com	38893	2026-07-12
khaleejtimes.com	156179	2026-06-26
khaosodenglish.com	9434	2025-01-23
khay.com	5450	2026-07-12
khit1075.com	22073	2026-07-11
khits.com	51156	2026-06-22
khmertimeskh.com	29011	2025-07-08
khop.com	10214	2026-07-12
khou.com	72508	2026-06-06
khq.com	82872	2026-07-12
khqa.com	31361	2026-07-12
kicdam.com	7503	2024-07-31
kickam1530.com	24302	2026-07-12
kickoff.com	30373	2026-07-12
kicks105.com	20253	2026-07-12
kicks1063.com	11303	2026-07-11
kicks99.com	15538	2026-07-12
kickscountry.com	5002	2026-07-04
kicksonfire.com	45793	2026-06-01
kidderminstershuttle.co.uk	112854	2026-07-12
kiiitv.com	55653	2026-06-05
kiimfm.com	6161	2026-07-12
kikn.com	32047	2026-07-12
kilburntimes.co.uk	47207	2026-07-12
kildare-nationalist.ie	55236	2026-07-12
kilgorenewsherald.com	11729	2026-07-12
kilkennypeople.ie	58431	2026-05-14
kimatv.com	28907	2026-06-06
kimberleybulletin.com	28919	2026-07-12
kimt.com	57487	2026-07-12
kincardinenews.com	21252	2026-07-12
king5.com	67787	2026-06-05
kingdomfm.co.uk	18364	2025-01-03
kingfm.com	35343	2026-07-12
kingfut.com	10103	2026-07-12
kingstonthisweek.com	36695	2026-03-26
kinja.com	15310	2026-04-27
kink.fm	5464	2026-07-10
kinston.com	7574	2026-07-11
kion546.com	5562	2025-08-21
kios.org	47391	2026-07-12
kiow.com	15529	2026-07-12
kiplinger.com	14813	2026-07-12
kirksvilledailyexpress.com	8556	2026-07-12
kiro7.com	63311	2026-07-12
kism.com	9367	2026-07-10
kiss-1031.com	9108	2026-07-12
kiss951.com	29674	2026-07-11
kisscasper.com	24868	2026-07-11
kissfm969.com	25474	2026-07-11
kissrocks.com	7767	2026-07-11
kisswtlz.com	21804	2026-07-10
kitchener.citynews.ca	6837	2025-01-26
kitchener.ctvnews.ca	24550	2025-01-23
kitchenertoday.com	6824	2021-10-17
kitco.com	27211	2026-07-11
kitguru.net	21372	2026-07-11
kitsapsun.com	5916	2023-09-11
kitv.com	58862	2026-07-12
kivitv.com	7643	2026-03-19
kiwaradio.com	13488	2026-07-12
kiwiblog.co.nz	8768	2026-07-12
kix106.com	5948	2026-07-12
kix953.com	14882	2026-07-02
kix96.com	5926	2026-07-12
kixi.com	9089	2026-07-11
kixs.com	19029	2026-07-12
kixweb.com	7536	2026-07-10
kizn.com	6881	2026-07-12
kjas.com	10870	2026-07-12
kjct8.com	20277	2026-07-12
kjlhradio.com	6531	2026-07-10
kjmo.com	7596	2025-03-17
kjo1055.com	5493	2026-06-26
kjrh.com	18255	2026-07-12
kjzz.org	37960	2026-07-12
kkco11news.com	11588	2026-07-12
kkfm.com	13232	2026-07-12
kkgb.com	17808	2026-07-11
kkiq.com	16141	2026-07-10
kkoh.com	75483	2026-07-10
kkrv.com	14764	2026-07-07
kktv.com	25063	2026-07-12
kkyr.com	24258	2026-07-12
kkyx.com	6913	2026-07-10
klake.com	8869	2024-02-15
klaq.com	28864	2026-07-12
klaw.com	26193	2026-07-12
klcc.org	91286	2026-07-12
klce.com	5932	2024-08-29
klewtv.com	26166	2026-06-06
klif.com	78561	2026-07-12
klik1240.com	31383	2024-10-16
klin.com	14875	2026-07-12
klkl.fm	21080	2026-07-02
klkntv.com	36918	2026-07-12
klll.com	8843	2026-07-11
klove.com	5076	2026-07-08
klrc.com	5026	2026-07-10
kltv.com	33701	2026-07-12
klur.com	6082	2026-07-12
klyq.com	6235	2025-03-12
kmaj1440.com	110635	2026-07-01
kmaland.com	29596	2026-07-12
kmbc.com	77615	2026-07-12
kmch.com	11837	2026-07-12
kmfm.co.uk	8659	2026-07-12
kmhk.com	17880	2026-07-12
kmit.com	5015	2026-07-10
kmjnow.com	69933	2026-07-12
kmmo.com	22501	2026-07-12
kmmsam.com	12786	2026-07-11
kmov.com	18034	2023-12-04
kmuw.org	45421	2026-07-12
kmvt.com	18237	2026-07-12
kmxs.com	7562	2026-07-06
kmxt.org	17565	2026-07-12
knac.com	17639	2026-07-09
knau.org	41398	2026-07-12
knbr.com	14484	2025-05-22
knco.com	7348	2026-07-10
kneb.com	8538	2021-03-30
knek.com	20226	2026-07-12
kniakrls.com	48473	2026-04-10
knoe.com	30099	2026-07-12
knopnews2.com	22879	2026-07-12
knoxnews.com	11024	2023-09-11
knoxradio.com	13494	2026-07-10
knpr.org	69954	2026-07-12
knsiradio.com	19335	2026-07-12
knue.com	35139	2026-07-12
knzr.com	12841	2026-05-14
koaa.com	50846	2026-07-12
koamnewsnow.com	30258	2026-07-12
koat.com	62267	2026-07-12
kob.com	131581	2026-07-12
kobi5.com	24440	2026-07-12
koco.com	86001	2026-07-12
kodiakdailymirror.com	6700	2026-07-10
koel.com	25119	2026-07-12
kogt.com	7072	2026-07-12
koimoi.com	71713	2026-07-12
koka.am	21731	2026-07-12
kokomoperspective.com	42673	2023-11-03
kokomotribune.com	59823	2026-07-12
kold.com	41784	2026-07-12
kolotv.com	28641	2026-07-12
komando.com	9938	2026-07-12
komonews.com	35104	2026-07-12
komu.com	51518	2026-07-12
kono1011.com	9095	2026-07-11
kool1017.com	33861	2026-07-12
kool1079.com	29427	2026-07-12
kool965.com	18558	2026-07-12
kool973.com	5255	2026-07-06
kool98.com	7158	2026-07-11
koolam.com	11092	2026-07-10
koolfmabilene.com	18870	2026-07-12
kopsource.com	65646	2024-11-23
koreabizwire.com	47083	2026-02-12
koreabridge.net	5092	2026-07-12
koreaherald.com	133071	2026-07-12
korean.cri.cn	7985	2026-07-12
koreatimes.co.kr	119004	2026-07-12
koreatimesus.com	6498	2025-07-18
kosu.org	32665	2026-05-09
kotaku.com	18660	2026-07-12
kotaku.com.au	19077	2026-07-02
kotaradio.com	7951	2026-07-11
kotatv.com	21713	2026-07-12
kowb1290.com	14185	2026-07-12
koxe.com	13515	2026-07-12
koze.com	10129	2026-07-09
kpax.com	44818	2026-07-12
kpbs.org	50949	2026-07-12
kpcnews.com	67317	2026-07-12
kpcw.org	37804	2026-07-12
kpel965.com	35968	2026-07-11
kpfa.org	13113	2026-07-12
kphrfm.com	11961	2026-07-08
kpic.com	36717	2026-07-12
kpla.com	9227	2026-07-12
kplctv.com	38912	2026-07-12
kpopstarz.com	22504	2026-07-11
kpq.com	14470	2026-07-12
kprs.com	8775	2026-07-12
kptv.com	31686	2026-07-12
kpvi.com	56346	2026-07-11
kqky.com	10095	2026-04-28
kqvt.com	14494	2026-07-09
kqxy.com	10175	2026-07-12
krcgtv.com	37413	2026-07-12
krcoam.com	5925	2022-04-05
krcrtv.com	43550	2026-07-12
krcu.org	66151	2026-07-12
krdo.com	109560	2026-07-12
krem.com	51326	2026-06-26
krforadio.com	53090	2026-07-12
krgv.com	63058	2026-07-12
kristv.com	38124	2026-07-12
krmg.com	31641	2026-07-12
krmsradio.com	5458	2026-07-11
krna.com	27620	2026-07-12
krnb.com	15200	2026-07-11
krny.com	11404	2026-07-11
kroc.com	41358	2026-07-12
krock.com.au	7102	2026-07-12
krock1017fm.com	5079	2021-05-15
krocnews.com	15290	2026-07-12
krod.com	17478	2026-07-10
krqe.com	5338	2025-11-18
krro.com	25189	2026-07-12
krrq.com	20531	2026-07-12
krrvonline.com	13093	2026-07-10
krtv.com	34362	2026-07-12
krvn.com	7917	2021-02-12
krvs.org	24773	2026-07-12
krwg.org	51767	2026-07-12
ks95.com	14724	2026-07-11
ksal.com	11450	2026-07-12
ksam1017.com	6930	2026-07-12
ksat.com	162892	2026-07-12
ksbw.com	62340	2026-07-12
ksby.com	54873	2026-07-12
kscj.com	8649	2026-07-11
ksdk.com	66285	2026-06-06
ksenam.com	13460	2026-07-12
ksfa860.com	14002	2026-07-11
ksfr.org	5708	2026-07-12
ksgf.com	12566	2026-05-23
kshb.com	45890	2026-07-12
kshe95.com	9772	2026-07-11
ksisradio.com	18708	2026-07-12
ksjbam.com	6054	2026-07-11
ksks.com	10763	2026-07-12
ksl.com	138897	2026-07-12
ksla.com	33795	2026-07-12
kslx.com	7346	2026-07-10
ksmb.com	19871	2026-07-12
ksmu.org	88161	2026-07-12
ksnblocal4.com	18068	2026-07-12
ksnt.com	7165	2025-07-16
ksoo.com	5993	2021-08-01
kspr.com	11386	2020-07-08
ksro.com	23115	2025-09-15
kstp.com	59468	2026-03-19
ksusentinel.com	36224	2026-06-19
ksut.org	37963	2026-07-12
kswo.com	27331	2026-07-12
ksyl.com	28383	2026-07-10
ktar.com	56303	2026-06-03
ktbb.com	46869	2026-07-12
ktbs.com	99214	2026-07-12
ktcx.com	6098	2026-07-12
kten.com	49893	2026-07-12
ktep.org	42062	2026-07-12
ktgl.com	8614	2026-07-08
kticradio.com	7000	2021-05-28
ktik.com	7346	2026-07-12
ktiv.com	36707	2026-07-12
ktla.com	8210	2025-05-28
ktnv.com	6090	2026-03-18
ktop1490.com	81326	2026-07-12
ktre.com	22363	2026-07-12
ktsa.com	19050	2026-07-12
kttn.com	17326	2025-11-10
ktts.com	11047	2025-11-23
ktucam.com	9209	2023-08-24
ktul.com	38611	2026-07-12
ktuu.com	8725	2020-07-16
ktvb.com	59027	2026-06-06
ktvh.com	30865	2026-07-12
ktvl.com	5535	2026-07-11
ktvo.com	28796	2026-07-12
ktvq.com	33025	2026-07-12
ktvu.com	65274	2026-07-12
ktvz.com	150253	2026-07-12
ktwb.com	8202	2026-07-08
ktxs.com	32820	2026-07-12
ku.edu	6667	2026-07-09
kuaf.com	47488	2026-07-12
kuam.com	24726	2026-04-30
kucb.org	8834	2026-07-11
kuenselonline.com	10027	2026-07-11
kuer.org	17132	2026-07-11
kugn.com	65464	2026-06-22
kuic.com	14818	2026-07-12
kulr8.com	69307	2026-07-12
kuna.net.kw	50048	2026-02-25
kunc.org	52433	2026-07-12
kunm.org	37961	2026-07-12
kunr.org	27212	2026-07-12
kuow.org	31838	2026-07-12
kurv.com	24812	2026-07-12
kusi.com	21626	2024-01-30
kut.org	13453	2026-07-12
kutx.org	5158	2026-07-12
kuvo.org	10244	2026-07-11
kuwaittimes.com	10873	2025-01-27
kuwaittimes.net	15352	2022-01-04
kuzz.com	6128	2026-07-11
kval.com	39242	2026-07-12
kvia.com	123602	2026-07-12
kvmr.org	8132	2026-07-12
kvnf.org	54421	2026-07-12
kvoa.com	47488	2026-07-12
kvoo.com	8055	2020-12-07
kvor.com	81095	2026-07-12
kvpionline.com	15507	2026-07-11
kvpr.org	35271	2026-07-12
kvrr.com	24396	2026-07-11
kvue.com	62654	2026-06-25
kw3.com	13230	2026-07-12
kwayradio.com	6625	2026-07-10
kwbu.org	77904	2026-07-12
kwcdcountry.com	10995	2026-07-12
kwch.com	28469	2026-07-12
kwhl.com	5393	2026-07-07
kwin.com	22906	2026-07-12
kwiq.com	8475	2026-07-06
kwit.org	74551	2026-07-12
kwqc.com	30749	2026-07-11
kwsn.com	21554	2026-07-12
kwtx.com	25971	2026-07-12
kwwl.com	6192	2026-03-17
kwxx.com	11533	2026-07-12
kx947.fm	6538	2026-07-12
kxel.com	61704	2026-07-12
kxii.com	17409	2026-07-12
kxkx.com	24820	2026-07-12
kxl.com	21509	2026-07-12
kxlf.com	37570	2026-07-12
kxlh.com	31417	2026-07-12
kxly.com	108483	2026-07-12
kxly920.com	15965	2026-07-12
kxrb.com	33017	2026-07-12
kxxv.com	53070	2026-07-12
kxzz1580am.com	8657	2022-01-03
ky3.com	51865	2026-07-12
kygl.com	21343	2026-07-12
kyis.com	9924	2026-07-12
kyivpost.com	66005	2026-07-12
kykz.com	5557	2026-07-12
kyma.com	57956	2026-07-12
kynt1450.com	14538	2026-07-12
kyodonews.net	22811	2026-07-12
kysdc.com	13233	2026-07-12
kyssfm.com	31115	2026-07-12
kyuk.org	26232	2026-07-12
kztv10.com	26075	2026-07-12
kzyx.org	47063	2026-07-12
labelsandlabeling.com	9341	2026-04-07
labmate-online.com	7410	2025-08-07
labusinessjournal.com	6072	2026-07-07
lacrossetribune.com	123830	2026-07-12
ladailypost.com	23897	2026-07-12
ladunliadinews.com	8588	2025-07-28
ladysmithchronicle.com	33408	2026-07-12
lagrandeobserver.com	13261	2026-07-11
lagrangenews.com	6474	2026-07-11
lagunabeachindy.com	5046	2026-07-11
lahainanews.com	5262	2026-07-10
laineygossip.com	13986	2026-07-10
laist.com	38259	2026-07-12
lajollalight.com	5593	2024-06-12
lakeexpo.com	8103	2026-07-11
lakegenevanews.net	29861	2026-07-12
lakenewsonline.com	10854	2026-07-09
lakersnation.com	15638	2026-07-12
lakeshoreadvance.com	22790	2026-07-12
lakeshowlife.com	5800	2026-07-12
lamag.com	9882	2026-07-12
lancashiretelegraph.co.uk	212250	2026-07-12
lancasterfarming.com	10090	2026-07-12
lancasterguardian.co.uk	14852	2025-01-23
lancasteronline.com	96733	2026-07-12
lankaweb.com	15985	2026-07-12
lansingstatejournal.com	8274	2023-09-11
laois-nationalist.ie	56476	2026-07-12
laosnews.net	93607	2026-07-12
laprensalatina.com	37186	2026-05-11
laramieboomerang.com	5085	2021-02-04
lasentinel.net	12449	2025-08-23
lasvegasweekly.com	7435	2026-07-12
latestly.com	108148	2025-01-27
latimes.com	182753	2026-07-12
latinamericanpost.com	11109	2026-07-12
latinfinance.com	12240	2026-07-10
latinnews.com	5453	2025-09-15
latinpost.com	19932	2026-07-07
latintimes.com	28923	2026-07-12
latpro.com	42075	2023-03-23
laughingplace.com	16760	2026-07-12
law360.com	146836	2026-07-11
lawandcrime.com	6285	2026-03-17
lawfuel.com	5150	2026-07-12
lawgazette.co.uk	18504	2025-09-05
lawofficer.com	10524	2026-07-11
lawstreetmedia.com	8728	2026-07-09
lawyersweekly.com.au	11605	2026-07-10
lbc.co.uk	75462	2026-07-12
lbcgroup.tv	7508	2026-06-10
lbpost.com	13703	2026-07-11
lcsun-news.com	11231	2023-09-11
leaderherald.com	10592	2023-10-24
leaderlive.co.uk	180248	2026-07-12
leaderpost.com	62133	2026-07-12
leadership.ng	98102	2026-07-12
leadertelegram.com	55642	2026-07-12
leamingtonobserver.co.uk	14167	2026-07-12
leavenworthtimes.com	9900	2026-07-09
lebanon-express.com	21448	2023-04-25
lebanondemocrat.com	81212	2026-07-12
ledburyreporter.co.uk	106704	2026-07-12
ledgertranscript.com	15128	2026-07-11
leducrep.com	16205	2026-07-12
leftfootforward.org	5585	2026-07-12
legalinsurrection.com	16439	2026-07-12
legallyindia.com	22181	2026-07-11
legalnewsline.com	16610	2026-07-12
legit.ng	17884	2026-03-19
legitgov.org	12465	2026-07-12
lehighacrescitizen.com	5438	2026-07-03
lehighvalleylive.com	48122	2026-02-23
leicestermercury.co.uk	116297	2026-07-12
leighjournal.co.uk	97725	2026-07-12
leightonbuzzardonline.co.uk	9193	2025-01-23
leinsterexpress.ie	59110	2026-05-12
leinsterleader.ie	62211	2026-05-12
leitrimobserver.ie	49217	2026-05-14
lelezard.com	35745	2026-06-02
lemonde.fr	9061	2026-04-15
lenconnect.com	10474	2023-09-11
lendio.com	8488	2023-07-02
lep.co.uk	26299	2025-01-23
lestimes.com	7207	2026-07-10
lethbridgeherald.com	63180	2026-07-12
letsrecycle.com	6003	2026-07-10
letsrun.com	12170	2026-06-01
lewistownsentinel.com	15229	2026-07-12
lewrockwell.com	31823	2026-06-04
lex18.com	37018	2026-07-12
lexch.com	23108	2026-07-12
lexology.com	31967	2026-07-12
lfpress.com	24511	2026-07-12
lgbtqnation.com	8913	2026-06-21
lgcplus.com	9803	2026-07-10
libcom.org	5237	2026-07-09
liberianobserver.com	16806	2026-07-11
libertyballers.com	8012	2026-07-12
libn.com	11056	2026-06-03
librivox.org	8492	2026-07-12
lichfieldlive.co.uk	14013	2026-07-12
lifeandstylemag.com	11873	2026-07-07
lifehacker.com	21092	2026-07-12
lifehacker.com.au	22827	2024-10-09
lifenews.com	17752	2026-07-12
lightreading.com	19029	2026-06-15
liherald.com	7141	2026-07-12
liliputing.com	5077	2026-07-12
lillooetnews.net	17763	2020-08-18
limaohio.com	35794	2025-04-15
limerickleader.ie	62755	2026-05-27
limerickpost.ie	12358	2026-07-12
lincolnshireworld.com	14183	2025-01-23
listenupyall.com	7625	2026-07-12
listverse.com	14199	2026-07-12
lite96.com	5798	2024-02-21
lite987.com	28574	2026-07-12
liteonline.com	22717	2026-07-12
literock959.com	22060	2025-03-27
literock969.com	8820	2022-04-18
lithgowmercury.com.au	45815	2026-07-12
littleapplepost.com	24023	2026-07-12
littlehamptongazette.co.uk	6387	2022-02-10
live.com	16087	2020-11-21
live5news.com	38133	2026-07-12
live955.com	10703	2026-07-10
live959.com	13431	2026-07-10
live95fm.ie	17469	2026-07-12
livecharts.co.uk	15199	2026-07-10
livejournal.com	95954	2026-07-12
livelaw.in	71962	2026-07-12
liveleak.com	5908	2021-05-30
livemint.com	220243	2026-07-12
livenews.co.nz	48823	2026-07-12
liverpoolecho.co.uk	210898	2026-07-12
liverpoolfc.com	12814	2026-07-12
livesaildie.com	9292	2026-07-12
livescience.com	16757	2026-07-12
ljworld.com	16269	2026-07-12
lloydslist.com	6574	2025-08-26
lmfm.ie	16269	2026-07-10
lmtonline.com	181735	2026-06-22
lmtribune.com	47931	2026-07-12
lobotero.com	6945	2026-07-12
local10.com	134308	2026-07-12
local12.com	35137	2026-07-12
local21news.com	40252	2026-07-12
local3news.com	47715	2026-07-12
localberkshire.co.uk	9988	2023-03-07
localgov.co.uk	12077	2026-07-12
localmatters.co.nz	6037	2026-07-10
localmemphis.com	55339	2026-06-06
localnews8.com	154892	2026-07-12
lockhaven.com	24164	2026-07-12
lockportjournal.com	24719	2026-07-12
locusmag.com	8767	2025-07-17
lodinews.com	7801	2026-07-12
loeildelaphotographie.com	9555	2025-04-10
loganbanner.com	6499	2026-07-11
logandaily.com	5235	2026-07-11
logisticsmanager.com	5622	2026-07-10
lohud.com	10472	2023-09-11
lombardiave.com	5508	2026-07-12
lompocrecord.com	29272	2026-07-12
london-now.co.uk	14172	2026-07-12
london.ctvnews.ca	22226	2025-01-23
londonlovesbusiness.com	25821	2026-07-12
londonmercury.com	33946	2026-07-12
londontheatre1.com	6114	2026-07-12
lonestar995fm.com	30390	2026-07-12
lonestarball.com	7857	2026-07-12
longbeachstar.com	28882	2024-09-21
longfordleader.ie	53948	2026-05-15
longisland.com	23383	2026-07-12
longislandpress.com	14477	2026-07-12
loopjamaica.com	16567	2021-05-20
loopnews.com	14595	2024-07-21
lordsofpain.net	6837	2020-04-18
losaltosonline.com	7191	2026-07-12
lostcoastoutpost.com	14203	2026-07-12
loudountimes.com	8344	2026-07-10
loudwire.com	20591	2026-07-12
louisianaradionetwork.com	9039	2026-07-12
louisianarecord.com	5312	2025-05-20
lovefm.com	8162	2026-07-11
lovinmalta.com	7683	2026-03-19
lowellsun.com	25235	2026-07-12
lowkickmma.com	23844	2026-07-12
lowvelder.co.za	20975	2023-08-31
lpheralddispatch.com	9327	2026-07-11
lrt.lt	16630	2026-07-12
lse.co.uk	94388	2025-01-23
lsionline.com	14800	2025-11-17
ltn.com.tw	15411	2026-07-12
lubbockonline.com	11096	2023-09-11
ludlowadvertiser.co.uk	124116	2026-07-12
lufkindailynews.com	33587	2026-07-12
lusakatimes.com	16334	2026-03-19
lutontoday.co.uk	13300	2025-01-23
luxtimes.lu	9904	2025-07-21
luxurytravelmagazine.com	12231	2026-07-12
lvb.com	8186	2026-06-04
lynnnews.co.uk	36151	2026-07-12
macaubusiness.com	15766	2025-08-13
macaudailytimes.com.mo	18067	2026-07-10
macdailynews.com	6775	2026-07-11
macleayargus.com.au	64449	2026-07-12
macmegasite.com	8764	2026-01-29
macobserver.com	5646	2025-08-19
macombdaily.com	38241	2026-07-12
macrobusiness.com.au	29734	2026-07-12
macrumors.com	6927	2026-07-10
mactech.com	12252	2026-07-11
macupdate.com	11651	2026-07-11
macworld.com	8905	2026-07-12
madamenoire.com	11070	2026-07-12
madinamerica.com	9819	2026-07-12
madison.com	123008	2026-07-12
madisonrecord.com	9887	2025-05-21
madrock1025.com	29491	2026-06-30
magic1021.com	9505	2026-07-11
magic1029fm.com	10067	2026-07-12
magic106.com	8643	2026-07-06
magic1073fm.com	8942	2026-07-12
magic93fm.com	10262	2026-07-12
magic983.com	17785	2026-07-10
magicbricks.com	8882	2026-07-12
magicvalley.com	78959	2026-07-12
magnoliareporter.com	24152	2026-07-12
mailtimes.com.au	41734	2026-07-12
mailtribune.com	10799	2023-06-01
mainebiz.biz	15293	2026-07-10
mainemirror.com	15365	2026-07-12
mainepublic.org	14418	2026-03-18
mainichi.jp	15560	2026-07-07
mainlinemedianews.com	28477	2026-07-12
mainstreetnews.com	6204	2026-07-11
maitlandmercury.com.au	107864	2026-07-12
makeuseof.com	23118	2026-07-12
malawi24.com	14429	2026-07-12
malawivoice.com	12274	2026-07-12
malaya.com.ph	31133	2026-04-22
malaymail.com	104909	2026-03-19
malaysiakini.com	76674	2026-07-12
malaysiasun.com	65512	2026-07-12
maldivesindependent.com	6940	2026-07-12
maldonandburnhamstandard.co.uk	124965	2026-07-12
maltatoday.com.mt	38916	2026-03-12
malverngazette.co.uk	115493	2026-07-12
mamamia.com.au	28820	2026-07-12
managingmadrid.com	12671	2026-07-12
manchestereveningnews.co.uk	260571	2026-07-12
manchesterjournal.com	12117	2026-07-12
mandurahmail.com.au	71342	2026-07-12
mangalorean.com	53097	2026-07-12
manicapost.co.zw	6458	2025-01-22
manilametro.com	5842	2024-07-24
manilastandard.net	10136	2026-03-18
manilatimes.net	359024	2026-07-12
manitobacooperator.ca	9720	2026-07-12
mankatofreepress.com	95692	2026-07-12
manningrivertimes.com.au	83763	2026-07-12
mansfieldnewsjournal.com	7976	2023-09-11
mantecabulletin.com	9021	2026-07-11
manufacturing.net	21568	2025-10-02
manutd.com	13965	2026-05-04
manxradio.com	21317	2026-07-12
mapleridgenews.com	31643	2026-07-12
maravipost.com	25077	2026-07-12
marca.com	7042	2026-05-24
marcellusdrilling.com	14739	2026-07-08
marconews.com	5934	2023-09-11
mareeg.com	8096	2026-07-04
margaretrivermail.com.au	37228	2025-08-20
marieclaire.co.uk	15898	2026-07-12
marieclaire.com	23214	2026-07-12
mariettatimes.com	18647	2026-07-12
marinecorpstimes.com	7810	2026-07-10
marinelink.com	29126	2026-07-12
marinelog.com	9329	2025-11-20
marinetechnologynews.com	7188	2026-07-10
marinij.com	32438	2026-07-12
maritime-executive.com	31916	2026-07-12
maritimeprofessional.com	5858	2026-07-10
marketbusinessnews.com	19407	2026-07-09
marketing-interactive.com	15165	2026-07-10
marketplace.org	12171	2026-07-11
marketpulse.com	11926	2026-07-07
marketrealist.com	8567	2026-07-06
markets.co	5867	2022-01-09
marketscreener.com	999061	2026-05-18
marketswired.com	5202	2025-01-04
marketwatch.com	422150	2026-07-06
marklevinshow.com	9944	2026-07-11
marshallindependent.com	17646	2026-07-11
marshfieldnewsherald.com	8584	2023-09-11
marthastewart.com	11116	2026-03-17
martinsvillebulletin.com	35827	2026-07-11
maryland.gov	7789	2026-07-12
marylandreporter.com	6678	2026-06-04
maryvilleforum.com	20314	2024-11-15
masala.com	18108	2024-07-13
mashable.com	46482	2026-07-12
massachusettsnewswire.com	6990	2026-07-10
massachusettssun.com	43133	2026-07-12
massdevice.com	8486	2026-02-21
masslawyersweekly.com	19316	2026-06-04
masslive.com	108215	2026-02-23
mathrubhumi.com	5608	2026-06-23
matr.net	6601	2026-07-12
mauinews.com	20396	2026-07-12
mauinow.com	15695	2026-07-12
maurice-info.mu	9168	2026-07-11
mavsmoneyball.com	7037	2026-07-12
max94one.com	23543	2026-07-12
maximumfun.org	6353	2026-07-11
mayerthorpefreelancer.com	15366	2026-07-12
mayonews.ie	20592	2026-05-21
mb.com.ph	181204	2026-07-12
mbcradio.com	5916	2026-07-12
mbtmag.com	18138	2025-09-17
mcalesternews.com	17033	2026-07-12
mcall.com	79113	2026-07-12
mcdonoughvoice.com	5718	2023-09-10
mcdowellnews.com	39441	2026-07-10
mcknights.com	8837	2026-03-11
mcphersonsentinel.com	6034	2026-06-24
mdislander.com	9682	2026-07-08
mdjonline.com	145274	2026-07-12
meadvilletribune.com	42645	2026-07-12
meathchronicle.ie	44007	2026-07-12
meaww.com	20365	2026-03-17
medafricatimes.com	6495	2026-07-10
medcitynews.com	14297	2026-07-05
mediaforfreedom.com	5275	2026-04-27
mediaite.com	85098	2026-07-12
mediamatters.org	14887	2026-07-11
medianama.com	11389	2026-07-10
mediapost.com	24509	2026-07-10
medicaldaily.com	7825	2026-07-11
medicalnewstoday.com	5470	2026-07-12
medicalxpress.com	141329	2026-01-29
medicinehatnews.com	72315	2026-07-12
medpagetoday.com	25044	2025-01-28
medscape.com	47580	2026-07-10
meed.com	23888	2026-07-10
mega979.com	6490	2026-07-12
mega993online.com	28986	2026-07-12
melfortjournal.com	10437	2026-07-04
meltontimes.co.uk	8291	2025-01-23
memphisflyer.com	7006	2026-07-09
memphissun.com	104160	2026-07-12
memri.org	9885	2025-04-22
menafn.com	973875	2026-03-10
mendocinobeacon.com	15103	2026-07-12
menshealth.com	30052	2026-07-12
mensxp.com	27148	2026-07-12
mentalfloss.com	14424	2026-07-12
meobserver.org	5516	2026-07-12
mercopress.com	22806	2026-07-12
mercurynews.com	79625	2026-07-12
meridianstar.com	36369	2026-07-11
merimbulanewsweekly.com.au	69730	2026-07-12
mesabitribune.com	53066	2026-07-12
messagemedia.co	11519	2026-07-12
messenger-inquirer.com	84949	2026-07-12
messenger.com.ge	5862	2026-07-10
messengernews.net	13279	2026-07-11
messengernewspapers.co.uk	142982	2026-07-12
metal.com	22201	2026-07-07
metalunderground.com	14385	2026-07-12
metro.co.uk	147221	2026-07-12
metro.us	86034	2025-11-03
metrojacksonville.com	11642	2026-07-12
metrotimes.com	12133	2026-05-14
metroweekly.com	6585	2026-07-12
metrowestdailynews.com	10026	2023-09-11
metv.com	11014	2026-07-09
metvmall.com	12496	2026-06-06
mexicoledger.com	7984	2026-07-11
mexiconewsdaily.com	6811	2026-03-15
mexicostar.com	63853	2026-07-12
mg.co.za	30076	2026-07-12
mgoblog.com	14877	2025-08-28
miamiherald.com	8780	2024-07-31
miaminewtimes.com	8598	2026-07-11
miamistudent.net	5438	2026-07-01
miamitimesonline.com	8596	2026-07-10
michigan.gov	5321	2023-02-02
michigandaily.com	7535	2026-07-12
michiganradio.org	23666	2024-01-10
michigansthumb.com	78149	2026-06-22
mid-day.com	98722	2026-07-12
middle-east-online.com	5723	2026-07-12
middleeasteye.net	46186	2026-07-12
middleeastmonitor.com	76291	2026-07-12
middleeaststar.com	113938	2026-07-12
middlenecknews.com	5203	2026-07-12
middletownpress.com	123670	2026-04-21
midhurstandpetworth.co.uk	5526	2022-02-10
midmichigannow.com	34788	2026-07-12
midnorthmonitor.com	48568	2026-07-12
midsussextimes.co.uk	5984	2022-02-10
midutahradio.com	16793	2026-07-11
midweekherald.co.uk	35079	2026-07-12
midwestradio.ie	25150	2026-07-11
mihomepaper.com	12568	2026-03-04
milawyersweekly.com	9157	2026-06-03
milehighreport.com	12496	2026-07-12
milforddailynews.com	8053	2023-09-07
milfordmercury.co.uk	90532	2026-07-12
milfordmirror.com	59636	2025-06-14
military.com	33171	2026-07-12
militarytimes.com	13441	2026-07-11
miltonkeynes.co.uk	14120	2025-01-23
milwaukeesun.com	45246	2026-07-12
mindat.org	13155	2025-01-23
minicassia.com	6201	2024-03-21
mining-journal.com	7397	2026-05-26
mining-technology.com	10799	2026-07-10
mining.com	46899	2026-07-11
mininggazette.com	10601	2026-07-12
miningjournal.net	22253	2026-07-12
miningmx.com	6940	2026-07-10
miningnews.net	11257	2026-05-26
miningweekly.com	49106	2026-07-10
minnlawyer.com	7668	2026-06-04
minnpost.com	8833	2026-07-12
minotdailynews.com	18047	2026-07-11
miragenews.com	621498	2026-07-12
mirror.co.uk	690543	2026-07-12
mis-asia.com	10372	2026-07-11
mishpacha.com	8228	2026-07-12
missioncityrecord.com	42105	2026-07-12
missionlocal.org	7149	2026-07-12
mississauga.com	7729	2026-07-12
mississippivalleypublishing.com	22952	2026-07-11
missoulian.com	135165	2026-07-12
mit.edu	10078	2026-07-10
mitchelladvocate.com	22517	2026-07-12
mitchellrepublic.com	31475	2026-07-12
mix100.com	5915	2026-07-01
mix1005.fm	24056	2026-07-02
mix100lubbock.com	15720	2026-07-11
mix103.com	9871	2026-07-12
mix1043fm.com	28229	2026-07-11
mix1069.com	14607	2026-07-11
mix106radio.com	25214	2026-07-12
mix108.com	35234	2026-07-12
mix929.com	24142	2026-07-11
mix931fm.com	30516	2026-07-11
mix941.com	21167	2026-07-08
mix941kmxj.com	20050	2026-07-12
mix949.com	27039	2026-07-12
mix957.net	8804	2024-01-04
mix957gr.com	20611	2026-07-12
mix965tulsa.com	6755	2025-10-22
mix979fm.com	13543	2024-04-26
mix987.com	9358	2026-07-11
mixx993.com	17348	2026-07-10
mizzima.com	20944	2025-01-23
mlb.com	77797	2026-07-12
mlbtraderumors.com	55945	2026-07-12
mlive.com	129535	2026-02-23
mmafighting.com	27023	2026-07-12
mmamania.com	25115	2026-07-12
mmanews.com	16189	2026-04-22
mmegi.bw	6802	2026-07-10
mmm-online.com	5400	2026-07-10
mobihealthnews.com	6860	2026-06-03
mobilesyrup.com	20847	2026-07-10
mobileworldlive.com	12275	2026-03-03
mobilitytechzone.com	5977	2024-09-17
mobypicture.com	32801	2023-10-03
moddb.com	38275	2025-11-16
model-engineer.co.uk	20635	2026-06-22
modernghana.com	172453	2026-07-12
modernhealthcare.com	11836	2026-06-18
modernreaders.com	462461	2025-04-18
moelane.com	11594	2025-07-17
mohavedailynews.com	14070	2026-07-12
mojo1029.com	11500	2026-07-12
moldpres.md	9534	2025-01-14
monacolife.net	5497	2026-07-12
mondaq.com	129483	2026-07-12
mondovisione.com	33622	2026-01-14
mondoweiss.net	7308	2026-07-12
moneycontrol.com	434292	2026-07-12
moneylife.in	21626	2026-07-10
moneymanagement.com.au	13351	2026-06-24
moneymarketing.co.uk	24030	2026-07-11
moneytalksnews.com	11406	2026-07-12
moneyweb.co.za	37490	2024-04-02
moneyweek.com	9460	2026-07-12
mongabay.com	9846	2026-07-12
monitor.co.ug	71515	2026-04-22
monocle.com	5963	2026-07-12
monroenews.com	13644	2023-09-11
monstersandcritics.com	55350	2025-10-02
montanarightnow.com	63541	2026-07-12
montereycountyweekly.com	13791	2026-07-09
montereyherald.com	12665	2026-07-12
montgomery-herald.com	6187	2025-05-20
montgomeryadvertiser.com	8465	2023-09-11
montgomerynews.com	6458	2021-09-28
montreal.ctvnews.ca	32918	2025-01-23
montrealgazette.com	39476	2026-07-12
montrosepress.com	15706	2026-07-12
mooseradio.com	14407	2026-07-10
moreechampion.com.au	58135	2026-07-12
morganton.com	34788	2026-07-11
morning-times.com	36300	2026-07-11
morningadvertiser.co.uk	9535	2026-07-10
morningjournal.com	49608	2026-07-12
morningjournalnews.com	21708	2026-07-12
morningstar.com	102768	2026-07-12
morningstaronline.co.uk	41199	2026-07-12
morningsun.net	65560	2026-07-11
moroccoworldnews.com	16810	2026-07-12
mortgageintroducer.com	8340	2022-03-18
mortgagenewsdaily.com	7910	2026-07-10
mortgagesolutions.co.uk	14306	2026-07-10
mortgagestrategy.co.uk	23610	2026-07-10
morungexpress.com	73289	2026-07-12
mothership.sg	13261	2025-03-10
motor1.com	20289	2026-07-12
motorcyclenews.com	25927	2026-07-12
motorsport.com	22593	2026-07-12
moultonadvertiser.com	16558	2026-07-10
moultrieobserver.com	15739	2026-07-12
mountaineagle.com	9960	2026-07-11
mountvernonnews.com	10804	2026-07-03
mouthshut.com	5577	2026-07-12
movieweb.com	80969	2026-07-12
mpamag.com	7573	2026-07-10
mpnnow.com	10032	2023-09-11
mprnews.org	27251	2026-07-12
mrt.com	64966	2026-06-22
mrtopstep.com	18821	2024-11-22
mscnews.net	5657	2026-07-12
msn.com	2860431	2023-06-23
mtairynews.com	5901	2026-07-12
mtdemocrat.com	27708	2026-07-11
mtexpress.com	11468	2026-07-12
mtlblog.com	7155	2026-07-12
mtpr.org	17841	2026-07-11
mtstandard.com	60266	2026-07-12
mudgeeguardian.com.au	51142	2026-07-12
multifamilybiz.com	6045	2026-07-10
mumbrella.com.au	23789	2025-11-20
murfreesboropost.com	6340	2023-03-01
murrayledger.com	10685	2026-07-11
muscatdaily.com	19328	2026-07-12
muscatinejournal.com	106927	2026-07-12
music-news.com	20555	2025-12-16
musketfire.com	7103	2026-07-12
muskogeephoenix.com	22306	2026-07-08
muskokaregion.com	7793	2026-07-12
muswellbrookchronicle.com.au	69004	2026-07-12
mv-voice.com	10867	2026-07-11
mvariety.com	31221	2026-07-11
mvtimes.com	18227	2026-07-10
mwnation.com	17811	2026-07-12
mxdwn.com	6600	2026-07-12
my1035.com	12238	2026-07-11
my40.tv	7419	2022-01-31
my957.com	6716	2026-07-10
myalbertlea.com	12521	2026-06-08
myalgomamanitoulinnow.com	5735	2026-06-03
myanmarmuslim.net	18759	2024-11-05
myanmarnews.net	57091	2026-07-12
myaustinminnesota.com	20340	2025-06-14
myb106.com	27288	2026-07-11
mybeachradio.com	20323	2024-04-01
mybroadband.co.za	6013	2022-09-28
mycariboonow.com	9471	2026-06-04
mycentraljersey.com	12905	2023-09-11
mycentralnebraska.com	36780	2026-07-10
mycentraloregon.com	50186	2026-07-09
mycolumbuspower.com	12716	2026-07-12
mycountry955.com	30631	2026-07-12
mycouriertribune.com	7801	2024-10-05
mycowichanvalleynow.com	8504	2026-06-03
myeasternshoremd.com	11750	2026-07-11
myedmondsnews.com	20239	2026-06-15
myfox28columbus.com	39198	2026-07-12
myfox8.com	5960	2025-08-29
myheraldreview.com	9725	2026-01-16
myhorrynews.com	9304	2026-07-12
myiowainfo.com	17053	2026-05-01
myjournalcourier.com	67919	2026-06-22
myjournals.org	7241	2023-08-26
myjoyonline.com	111154	2026-03-19
myk104.com	7584	2026-07-11
mykiss1031.com	25015	2026-07-11
mykisscountry937.com	33686	2026-07-12
myklgr.com	21094	2026-07-10
mykxlg.com	86597	2026-07-12
myleaderpaper.com	34669	2026-07-12
mylloydminsternow.com	5646	2026-06-03
mylondon.news	6991	2026-06-29
mymagic106.com	6329	2026-07-12
mymagic949.com	8911	2026-07-11
mymagicgr.com	8906	2024-04-29
mymajic933.com	6401	2026-07-01
mymcmedia.org	12808	2026-07-10
mymix1061.com	15669	2026-07-12
mymixfm.com	36880	2026-07-12
mymmanews.com	9031	2026-07-12
mymoinfo.com	19961	2026-07-11
mymotherlode.com	177530	2026-07-12
mymuskokanow.com	6585	2026-06-01
mynbc5.com	71808	2026-07-12
myneworleans.com	9857	2026-07-10
mynews13.com	9462	2026-07-12
mynews4.com	33046	2026-07-12
mynewsla.com	65399	2026-07-12
mynorthbaynow.com	5340	2026-06-04
mynorthwest.com	220001	2026-07-12
mynspr.org	45633	2026-07-12
myozarksonline.com	17385	2026-07-10
myplainview.com	49460	2026-06-22
myprincegeorgenow.com	13790	2026-06-04
myq105.com	15390	2026-07-12
myq1075.com	20335	2026-07-12
myqcountry.com	12605	2026-07-08
myrecordjournal.com	12869	2023-12-30
mysailing.com.au	6184	2026-07-12
mysanantonio.com	83417	2025-11-18
myspiritfm.com	9666	2026-07-12
mystar98.com	20477	2026-07-12
mysteinbach.ca	10395	2026-07-12
mysteriousuniverse.org	10544	2026-07-10
mystratfordnow.com	7047	2026-06-03
mysuncoast.com	34092	2026-07-12
mytimminsnow.com	5104	2026-06-03
myuscountry.com	17621	2026-06-08
mywebtimes.com	8503	2023-05-01
naftemporiki.gr	8006	2026-07-10
nagalandpost.com	49549	2026-06-08
nagariknetwork.com	28805	2026-03-16
nagpurtoday.in	17457	2026-07-11
naharnet.com	87846	2026-07-12
naija247news.com	60730	2026-07-12
nairaland.com	77881	2025-07-26
nairametrics.com	12220	2026-03-04
nairobiwire.com	14225	2026-07-10
nakedcapitalism.com	12216	2026-07-12
namibian.com.na	31248	2026-07-12
namibiansun.com	21592	2026-07-12
nampa.org	44517	2024-11-08
nanaimobulletin.com	32043	2026-07-12
nancyonnorwalk.com	5295	2026-07-12
nantonnews.com	8232	2026-07-12
napaneeguide.com	39613	2026-07-12
napaneetoday.ca	9940	2026-07-12
napavalleyregister.com	68958	2026-07-12
naplesnews.com	11875	2023-09-11
naroomanewsonline.com.au	70023	2026-07-12
narrominenewsonline.com.au	44157	2026-07-12
nasa.gov	8211	2026-07-10
nasdaq.com	55608	2026-07-10
nashfm100.com	5729	2026-07-12
nashfm1025.com	5790	2026-07-12
nashvilleherald.com	101227	2026-07-12
nashvillepost.com	14221	2026-07-12
nashvillescene.com	11917	2026-07-11
nation.co.ke	29367	2022-02-18
nation.com.pk	11096	2022-06-06
nation.sc	31319	2026-07-11
nationalaccordnewspaper.com	53329	2026-07-12
nationalgeographic.com	10752	2026-07-12
nationalheraldindia.com	6988	2026-03-15
nationalhogfarmer.com	5929	2025-01-21
nationalinterest.org	48930	2026-01-29
nationalmemo.com	10162	2026-07-10
nationalmortgagenews.com	14376	2026-07-11
nationalmortgageprofessional.com	6336	2025-01-22
nationalnetworkonline.com	5224	2026-07-11
nationalobserver.com	21279	2026-07-11
nationalpost.com	53019	2026-07-12
nationalreview.com	12378	2021-07-27
nationaltribune.com.au	8043	2025-01-27
nationnews.com	30757	2026-07-12
nationofchange.org	6473	2026-03-18
nationthailand.com	16496	2026-03-16
natlawreview.com	116803	2026-07-11
naturalgasintel.com	18644	2026-07-11
naturalgasworld.com	12123	2025-02-26
naturalnews.com	63383	2026-07-12
nature.com	36799	2026-07-12
natureworldnews.com	17840	2026-07-10
naval-technology.com	6859	2026-07-10
naveenbharat.in	7607	2022-04-24
navhindtimes.in	32170	2026-07-12
navy.mil	6855	2025-03-06
navytimes.com	10188	2026-07-11
nba.com	18601	2026-03-18
nbc-2.com	55163	2025-02-05
nbc.com	6437	2026-07-10
nbc11news.com	9500	2023-12-14
nbc12.com	30170	2023-12-14
nbc15.com	19997	2023-12-14
nbc16.com	39344	2026-07-12
nbc24.com	8222	2026-07-12
nbc29.com	16840	2023-12-14
nbcbayarea.com	121896	2026-07-12
nbcboston.com	5342	2026-06-04
nbcchicago.com	143526	2026-07-12
nbcconnecticut.com	161036	2026-07-12
nbcdfw.com	141405	2026-07-12
nbclosangeles.com	138677	2026-07-12
nbcmiami.com	114470	2026-07-12
nbcmontana.com	43427	2026-07-12
nbcnews.com	180706	2026-07-12
nbcnewyork.com	138463	2026-07-12
nbcphiladelphia.com	140275	2026-07-12
nbcrightnow.com	52664	2026-07-12
nbcsandiego.com	115378	2026-07-12
nbcsvg.com	9317	2026-07-10
nbcwashington.com	91365	2026-07-12
nbnnews.com.au	29267	2026-07-10
nbr.co.nz	25984	2026-07-12
ncadvertiser.com	56294	2025-10-26
nclawyersweekly.com	7647	2026-06-03
ncnewsonline.com	57099	2026-07-12
ncpa.org	6574	2026-07-10
ncr-iran.org	8260	2026-07-12
ncregister.com	19440	2026-07-12
ncronline.org	16624	2025-10-08
ncspin.com	5030	2026-07-10
ndtv.com	342023	2025-05-26
nebraska.tv	33771	2026-07-12
necn.com	82611	2025-02-13
nehandaradio.com	14007	2026-07-11
neindia.com	6882	2026-07-10
neonnettle.com	10439	2022-07-30
neoskosmos.com	20594	2026-07-12
neowin.net	47848	2025-11-08
nepalnational.com	97835	2026-07-12
nerdist.com	18505	2026-07-10
netflixlife.com	5742	2026-07-11
netindian.in	5818	2025-08-21
netnewsledger.com	19960	2026-07-12
netscape.com	173656	2026-07-12
netsdaily.com	7229	2026-07-12
netwerk24.com	10158	2025-01-22
networkworld.com	7682	2026-07-10
neurologyadvisor.com	9329	2026-07-10
nevadaappeal.com	12575	2025-09-05
nevadabusiness.com	7306	2026-07-10
nevadanewsandviews.com	6170	2026-07-12
neveitalia.it	11740	2026-03-07
newagebd.net	23289	2025-05-26
newarab.com	9672	2025-09-21
newarkadvertiser.co.uk	32362	2026-07-12
newarkadvocate.com	6177	2023-09-11
newarkpostonline.com	5100	2026-07-10
newbernsj.com	11573	2026-07-11
newburyportnews.com	29744	2026-07-11
newburytoday.co.uk	27110	2026-07-12
newbusinessethiopia.com	13942	2026-07-10
newcanaanite.com	7668	2026-07-11
newcastleherald.com.au	150029	2026-07-12
newcivilengineer.com	13998	2026-07-11
newcountry991.com	6309	2022-04-29
newdelhitimes.com	68126	2026-07-10
newegg.com	25747	2026-07-12
newelectronics.co.uk	12266	2026-06-05
newfoodmagazine.com	5975	2026-03-31
newhamrecorder.co.uk	28857	2026-07-12
newhavenindependent.org	11306	2026-07-12
newidea.com.au	14446	2026-07-12
newindianexpress.com	146647	2026-07-12
newjerseyhills.com	40478	2026-07-12
newjerseytelegraph.com	113207	2026-07-12
newkerala.com	234577	2026-07-12
newmilfordspectrum.com	51343	2022-03-01
neworleanscitybusiness.com	16544	2026-06-03
neworleanssun.com	57288	2026-07-12
newportri.com	6992	2023-09-08
newrepublic.com	22991	2026-07-12
newrock1041.fm	7175	2026-07-07
news-daily.com	80858	2026-07-12
news-expressky.com	26932	2026-07-12
news-gazette.com	127711	2026-07-12
news-herald.com	51265	2026-07-12
news-journal.com	9125	2026-07-12
news-journalonline.com	17642	2023-09-11
news-leader.com	8165	2023-09-11
news-mail.com.au	44484	2021-04-28
news-medical.net	102100	2026-07-11
news-press.com	12874	2023-09-11
news-star.com	10608	2026-07-06
news.am	91468	2026-07-10
news.az	51462	2026-07-12
news.cn	13336	2022-04-14
news.com.au	91981	2024-07-30
news.err.ee	23415	2022-10-20
news.statetimes.in	7534	2020-06-12
news.tuoitre.vn	10059	2026-07-12
news12.com	73224	2026-07-12
news18.com	268439	2026-03-17
news24.com	167069	2026-07-12
news3lv.com	46287	2026-07-12
news4jax.com	155774	2026-07-12
news4sanantonio.com	48394	2026-07-12
news5cleveland.com	6019	2026-03-18
news8000.com	91002	2026-07-12
news9.com	76694	2026-07-12
news957.com	48715	2021-10-17
newsadvance.com	47182	2026-07-11
newsandsentinel.com	23029	2026-07-12
newsandstar.co.uk	187498	2026-07-12
newsandtribune.com	26349	2026-07-12
newsargus.com	25632	2026-07-12
newsbiscuit.com	6006	2026-07-12
newsblogged.com	5602	2026-05-27
newsbreak.com	10798	2025-12-06
newsbtc.com	36842	2026-07-10
newsbug.info	10800	2026-07-11
newsbusters.org	86923	2026-07-12
newsbytes.ph	5536	2026-07-11
newscenter1.tv	33975	2026-07-12
newscentermaine.com	38963	2026-03-19
newscentralasia.net	8248	2026-07-12
newschannel10.com	22829	2026-07-12
newschannel20.com	28952	2026-07-10
newschannel5.com	53169	2026-07-12
newschannel6now.com	24015	2026-07-12
newschannel9.com	39598	2026-07-12
newschannelnebraska.com	13127	2025-03-22
newschief.com	8585	2023-09-11
newscientist.com	17205	2026-07-11
newsdakota.com	21306	2026-07-11
newsday.co.tt	85749	2026-07-11
newsday.co.zw	29909	2026-07-12
newsday.com	102519	2026-07-12
newsdzezimbabwe.co.uk	7676	2025-12-25
newser.com	75306	2026-07-12
newsfirst.lk	12470	2026-03-19
newsghana.com.gh	83444	2026-07-12
newsherald.com	14695	2023-09-11
newshub.co.nz	18541	2024-07-04
newsincyprus.com	12862	2025-01-27
newsindiatimes.com	14294	2026-07-12
newsitem.com	27176	2026-07-11
newslaundry.com	5432	2026-07-12
newsleader.com	5481	2023-09-11
newsletter.co.uk	32306	2025-01-23
newsmakers.pk	21157	2026-07-10
newsmax.com	59273	2024-07-30
newsminer.com	33988	2026-07-12
newsnation.in	8047	2020-04-07
newsnationnow.com	6205	2025-12-25
newsnationtv.com	27052	2025-10-19
newsnow.co.uk	11425	2026-07-08
newsofbahrain.com	10103	2026-03-05
newson6.com	77534	2026-07-12
newsonair.com	29094	2021-11-26
newsone.com	8826	2026-07-12
newsonjapan.com	26296	2026-07-12
newsoptimist.ca	37573	2021-07-29
newspressnow.com	73386	2026-07-11
newsradio1029.com	75077	2026-07-10
newsradio1310.com	18999	2026-07-11
newsradio1440.com	23058	2025-03-17
newsradioklbj.com	7326	2026-07-08
newsregister.com	13543	2026-07-12
newsroompanama.com	12595	2026-07-12
newsshopper.co.uk	123152	2026-07-12
newstalk.com	44299	2026-07-12
newstalk1030.com	44580	2026-07-10
newstalk1280.com	24865	2026-07-11
newstalk1290.com	18713	2026-07-12
newstalk870.am	20720	2026-07-12
newstalkkgvo.com	16248	2026-07-12
newstalkkit.com	19556	2026-07-11
newstalkzb.co.nz	63208	2026-07-12
newstatesman.com	27394	2026-07-12
newstimes.com	131966	2025-06-12
newstoday.com.bd	12801	2021-01-24
newstodaynet.com	31541	2026-07-11
newstracklive.com	7310	2025-07-05
newstrib.com	7242	2023-05-01
newstribune.com	47375	2026-07-12
newsviewsnreviews.com	5466	2019-11-13
newswatchman.com	5132	2026-07-10
newsweek.com	287174	2026-07-12
newswest9.com	42241	2026-06-26
newswire.ca	21953	2026-07-11
newswire.net	5036	2026-07-03
newswiretoday.com	28333	2026-07-11
newswise.com	40475	2026-07-11
newsx.com	60802	2026-07-12
newsy.com	19898	2023-01-04
newtelegraphng.com	6479	2026-03-19
newtimesslo.com	8430	2026-07-09
newtoncountytimes.com	12119	2026-07-08
newtondailynews.com	7002	2026-07-11
newtownbee.com	13786	2026-07-12
newvision.co.ug	15041	2026-07-12
newwestrecord.ca	69228	2025-08-01
newyorker.com	16511	2026-07-12
newyorkstatesman.com	49213	2026-07-12
newyorktelegraph.com	177047	2026-07-12
newzealandstar.com	50577	2026-07-12
newzimbabwe.com	34120	2026-07-12
nextbigfuture.com	6203	2026-07-12
nextbigwhat.com	8624	2026-07-09
nextshark.com	11399	2026-07-10
nfl.com	9180	2026-03-18
nhbr.com	6996	2026-07-08
nhk.or.jp	17436	2026-07-08
nhl.com	22373	2026-03-19
nhpbs.org	20835	2026-07-12
nhpr.org	27543	2026-07-12
nhregister.com	170698	2026-06-22
niagara-gazette.com	27280	2026-07-12
niagarafallsreview.ca	81559	2026-07-12
niagarathisweek.com	10065	2026-07-12
nichegamer.com	13769	2026-07-12
nigerianbulletin.com	9228	2026-07-01
nigerianeye.com	65318	2026-07-12
nigerianobservernews.com	14025	2026-07-12
nigerianpilot.com	7331	2020-10-27
nigeriasun.com	84104	2026-07-12
nih.gov	6196	2026-07-10
nikkei.com	15606	2026-07-12
nine.com.au	11530	2026-07-07
ninernoise.com	5560	2026-07-12
ninersnation.com	15421	2026-07-12
nintendoeverything.com	12314	2026-07-12
nintendolife.com	34531	2026-07-12
nintendoworldreport.com	15550	2026-07-12
nipawinjournal.com	10212	2026-06-28
niyitabiti.net	5586	2023-01-29
nj.com	120944	2026-02-23
nj1015.com	53073	2026-07-12
njbiz.com	17043	2026-06-04
njherald.com	11636	2023-09-11
nknews.org	10806	2026-07-12
nkytribune.com	10134	2026-03-11
nltimes.nl	22254	2026-07-12
nme.com	59266	2026-07-12
nmpoliticalreport.com	5448	2026-07-10
nna-leb.gov.lb	16290	2023-10-07
nny360.com	63250	2026-07-12
noise11.com	14201	2026-07-11
nola.com	79657	2026-07-12
nonpareilonline.com	59027	2026-07-11
noodls.com	5116	2025-05-02
noosanews.com.au	45618	2021-04-28
noozhawk.com	40530	2026-07-12
norfolkandtillsonburgnews.com	43489	2026-06-22
norfolkdailynews.com	32687	2026-07-11
norfolktoday.ca	10673	2026-07-12
normantranscript.com	25561	2026-07-12
northafricapost.com	13187	2026-07-12
northamptonchron.co.uk	23233	2025-01-23
northantstelegraph.co.uk	18240	2025-01-23
northbaynipissing.com	6608	2026-07-12
northcentralpa.com	34507	2026-07-12
northcoastcitizen.com	5728	2025-09-25
northcoastjournal.com	13023	2026-07-12
northcountrynow.com	65940	2026-07-12
northcountrypublicradio.org	55190	2026-07-12
northdenvernews.com	5808	2026-07-12
northdevongazette.co.uk	9532	2026-05-20
northeasttoday.in	14675	2026-06-26
northern-times.co.uk	45983	2026-07-12
northerndailyleader.com.au	102494	2026-07-12
northernirelandnews.com	19738	2024-12-03
northernirelandworld.com	23257	2025-01-23
northernminer.com	8297	2026-07-10
northernnews.ca	50484	2026-07-12
northernpublicradio.org	58240	2026-07-12
northernstar.com.au	43139	2021-04-28
northernvirginiamag.com	5280	2026-07-10
northescambia.com	18890	2026-07-12
northfortmyersneighbor.com	6164	2026-07-12
northislandgazette.com	30764	2026-07-12
northjersey.com	17610	2023-09-11
northkoreatimes.com	34102	2026-07-12
northplattebulletin.com	5978	2026-07-11
northqueenslandregister.com.au	30723	2026-07-12
northsomersettimes.co.uk	33521	2026-07-12
northumberlandgazette.co.uk	17505	2025-01-23
northumberlandnews.com	6684	2026-07-12
northwaleschronicle.co.uk	105332	2026-07-12
northwalespioneer.co.uk	108656	2026-07-12
northwestgeorgianews.com	145420	2026-07-12
northwestmoinfo.com	24203	2026-07-10
northwestsignal.net	40938	2026-07-12
northweststar.com.au	60645	2026-07-12
northwichguardian.co.uk	124615	2026-07-12
norwichbulletin.com	8631	2023-09-11
nottinghampost.com	122343	2026-07-12
nova.ie	26215	2026-07-12
novinite.com	65503	2026-07-12
nowgrenada.com	6179	2026-07-11
nownews.com	14527	2022-10-31
nowtoronto.com	18364	2026-06-25
npr.org	140382	2026-07-12
nptelegraph.com	45587	2026-07-12
nrl.com	13642	2026-07-12
nrn.com	15436	2026-07-10
nrq.com	6084	2026-07-06
nrtoday.com	27950	2026-07-12
nsnews.com	73865	2026-07-12
nst.com.my	19661	2025-09-22
ntnews.com.au	51861	2024-07-22
ntv.co.ug	23367	2026-06-30
nuclear-news.net	18685	2026-07-12
nugget.ca	61899	2026-07-12
nujournal.com	14047	2026-07-12
numberfire.com	17288	2025-10-21
nurseryworld.co.uk	5910	2026-06-19
nursingtimes.net	10229	2026-07-10
nutraingredients-usa.com	6370	2025-10-15
nutraingredients.com	7324	2026-07-11
nvdaily.com	71311	2026-07-12
nvi.com.au	46923	2026-07-12
nwaonline.com	80308	2026-07-12
nwasianweekly.com	5589	2025-12-21
nwemail.co.uk	169077	2026-07-12
nwfdailynews.com	15489	2023-09-11
nwherald.com	10392	2023-05-01
nwitimes.com	107053	2026-07-12
ny1.com	5132	2026-04-22
nyasatimes.com	24804	2026-07-12
nydailynews.com	153523	2026-07-12
nylon.com	5336	2026-07-10
nymag.com	11794	2026-07-10
nynganobserver.com.au	44439	2026-07-12
nypost.com	242812	2026-07-12
nystateofpolitics.com	15660	2026-07-11
nysun.com	20404	2026-07-12
nytimes.com	288554	2026-07-12
nzcity.co.nz	269806	2026-07-12
nzdoctor.co.nz	20191	2026-07-12
nzherald.co.nz	300763	2026-07-12
oakdaleleader.com	7334	2026-07-12
oakridger.com	9789	2023-09-11
oann.com	70303	2026-07-12
oanow.com	32773	2026-07-06
oaoa.com	38684	2025-05-15
obantimes.co.uk	12192	2024-01-25
oberonreview.com.au	47502	2026-07-12
obj.ca	10505	2026-07-12
obozrevatel.com	40531	2025-03-05
obrag.org	7371	2026-07-11
observer-reporter.com	21732	2026-07-12
observer.com	8626	2026-07-11
observer.ug	34135	2026-07-12
observertoday.com	25575	2026-07-12
oc-breeze.com	12900	2023-04-02
ocala.com	12103	2023-09-11
ocbj.com	5928	2026-07-11
oceanfm.ie	14777	2026-07-12
ocj.com	9789	2026-07-12
ocregister.com	75202	2026-07-12
odnako.org	25744	2026-07-12
odt.co.nz	58778	2026-07-12
odwyerpr.com	11314	2026-07-10
oedigital.com	17972	2026-07-10
offalyexpress.ie	62753	2026-05-12
offalyindependent.ie	39737	2026-07-12
officer.com	7094	2026-07-10
offshore-energy.biz	10861	2025-01-22
offshore-technology.com	10747	2026-07-10
ofm.co.za	18570	2026-07-11
og979.com	21908	2026-05-15
ohiostandard.com	40909	2026-07-12
ohsonline.com	5202	2026-07-11
oilandgas360.com	17183	2026-07-11
oilcity.news	6882	2025-04-03
oilprice.com	42567	2026-07-12
oilvoice.com	10120	2020-12-14
oireachtas.ie	10201	2026-07-12
ojaivalleynews.com	10995	2026-07-10
ok.co.uk	127134	2026-07-12
okaz.com.sa	8694	2026-07-12
okcfox.com	36123	2026-07-12
okgazette.com	5405	2026-07-11
oklahomacitysun.com	37079	2026-07-12
oklahoman.com	55294	2023-09-11
oklahomastar.com	21078	2026-07-12
okotoksonline.com	14489	2026-07-12
okotokstoday.ca	8948	2023-03-29
oldham-chronicle.co.uk	12759	2026-07-12
oleantimesherald.com	86194	2026-07-12
omaha.com	179491	2026-07-12
omakchronicle.com	14622	2026-07-12
omanobserver.om	35952	2026-07-12
ominecaexpress.com	25983	2026-07-12
on3.com	5021	2026-03-19
onclive.com	16070	2026-01-16
oncologynurseadvisor.com	6003	2026-07-10
onegreenplanet.org	32500	2026-07-12
oneidadispatch.com	35166	2026-07-12
oneindia.com	60404	2026-07-12
onenewsnow.com	10704	2021-08-10
onenewspage.com	286144	2026-06-09
onlineathens.com	9456	2023-09-11
onlinenigeria.com	70549	2025-03-25
onlineopinion.com.au	9204	2026-07-12
onthewater.com	5506	2026-07-10
onthewight.com	16194	2026-07-12
onwardstate.com	12548	2026-07-12
opalesque.com	5350	2026-07-10
opb.org	7713	2026-04-01
opednews.com	8543	2026-07-12
openpr.com	740024	2026-07-10
openthemagazine.com	9716	2026-07-12
opinionnigeria.com	31227	2026-07-12
opportunitiesforafricans.com	10919	2026-07-10
optics.org	8537	2026-03-25
orangeobserver.com	9356	2025-09-10
orangeville.com	6281	2026-07-12
orangevilletoday.ca	7152	2026-07-10
order-order.com	6865	2025-09-01
oregonlive.com	77250	2026-02-23
organiser.org	31681	2026-07-12
origin-businesstoday.intoday.in	40947	2021-06-25
originalfm.com	16807	2025-12-12
orissabarta.com	45115	2026-03-06
orissadiary.com	27114	2026-07-12
orissapost.com	133944	2026-07-12
orlandoecho.com	49947	2026-07-12
orlandosentinel.com	114442	2026-07-12
orlandoweekly.com	14612	2026-07-10
orlytaitzesq.com	27002	2026-07-12
orovillemr.com	14396	2026-07-12
oskaloosa.com	44912	2026-07-12
oskynews.org	6204	2026-07-12
oswegocountynewsnow.com	13080	2026-07-11
oswegocountytoday.com	12349	2026-07-11
ottawa.ctvnews.ca	29397	2025-01-23
ottawacitizen.com	53437	2026-07-12
ottawaherald.com	5736	2026-06-06
ottawasun.com	64392	2026-07-12
ottumwacourier.com	64295	2026-07-12
oudaily.com	6363	2026-07-11
ourmidland.com	73223	2025-12-18
ourtribune.com	5164	2022-10-28
out.com	7542	2026-07-12
outbreaknewstoday.com	7571	2024-04-16
outdoorlife.com	5084	2026-07-12
outdoornewsdaily.com	5453	2023-05-06
outerbanksvoice.com	8941	2026-07-12
outinperth.com	5464	2026-07-12
outlookindia.com	130840	2026-07-12
outsidelands.org	6543	2026-07-10
outsideonline.com	10666	2026-07-11
overdrive.in	5950	2026-07-10
overdriveonline.com	6211	2026-05-27
owensoundsuntimes.com	25850	2026-07-12
oxfordmail.co.uk	235778	2026-07-12
oyetimes.com	10755	2026-07-07
packers.com	7636	2026-07-10
packworld.com	8007	2025-12-28
padovanews.it	13399	2026-07-06
paducahsun.com	18779	2026-07-11
pagalguy.com	16434	2026-07-08
pagesix.com	48940	2026-07-12
pagosadailypost.com	7363	2026-07-10
pagosasun.com	13216	2026-07-12
paherald.sk.ca	13979	2026-07-12
pajhwok.com	25955	2026-07-12
pakistanpressfoundation.org	7277	2026-07-07
pakistantelegraph.com	97581	2026-07-12
pakistantoday.com.pk	28926	2026-07-12
pakobserver.net	81689	2026-07-12
palatinate.org.uk	8992	2026-07-08
palestinechronicle.com	8588	2025-08-01
palestineherald.com	10853	2026-07-11
palestinemonitor.org	38912	2026-05-15
palmbeachdailynews.com	7786	2023-09-11
palmbeachpost.com	26187	2023-09-11
palmcoastobserver.com	5119	2023-02-01
palmettobusinessdaily.com	6608	2024-01-26
paloaltoonline.com	18372	2026-07-11
pamplinmedia.com	24300	2022-12-14
panapress.com	23117	2026-05-10
panarmenian.net	24276	2026-07-11
pandct.com	10486	2026-02-15
panow.com	82405	2026-07-12
pantagraph.com	90232	2026-07-12
paperpk.com	13899	2026-07-11
parabolicarc.com	8426	2023-11-29
parade.com	9416	2025-09-12
paradisepost.com	11372	2026-07-12
parents.com	7116	2026-03-17
parisguardian.com	65030	2026-07-12
parisstaronline.com	38954	2026-07-12
parkeschampionpost.com.au	20392	2026-07-09
parking-net.com	6510	2025-03-11
parking.net	10308	2026-07-10
parkrapidsenterprise.com	31299	2026-07-12
parkrecord.com	17965	2026-07-12
parliament.gov.to	20420	2026-06-29
parrysound.com	7252	2026-07-12
parsonssun.com	15482	2026-07-08
pasadenastarnews.com	44840	2026-07-12
pasoroblesdailynews.com	16792	2026-07-11
pastemagazine.com	11148	2026-07-12
patch.com	236830	2026-07-12
patentlyapple.com	6478	2024-07-30
patheos.com	32796	2026-06-18
patriotledger.com	9693	2023-09-11
patriotpost.us	36161	2026-07-10
patriots.com	6264	2026-06-15
pauldavisoncrime.com	8863	2026-07-12
paulickreport.com	26925	2026-02-06
paultan.org	33452	2026-07-12
paysonroundup.com	9957	2026-07-12
pbcommercial.com	7169	2026-04-07
pbn.com	8460	2026-04-18
pbs.org	26086	2026-07-10
pc-tablet.co.in	7418	2025-04-05
pcgamesn.com	29623	2026-07-12
pcmag.com	38337	2026-07-12
pctechmag.com	6389	2026-07-12
pcworld.co.nz	5685	2023-01-27
peacearchnews.com	35851	2026-07-12
peacefmonline.com	145649	2025-01-26
peakoil.com	17268	2026-07-12
peconicpublicbroadcasting.org	6972	2020-06-16
pedestrian.tv	30481	2026-07-12
peeblesshirenews.com	93037	2026-07-12
pehub.com	14827	2026-07-10
pembinavalleyonline.com	25049	2026-07-12
pembrokeobserver.com	37901	2026-07-12
pembroketoday.ca	11505	2026-07-11
penarthtimes.co.uk	115392	2026-07-12
penbaypilot.com	36748	2026-07-12
pendletoday.co.uk	5505	2021-12-13
peninsuladailynews.com	11122	2026-07-11
pennlive.com	108037	2026-03-08
pennrecord.com	13340	2025-05-21
pensacolasjet.com	6193	2026-07-12
pentictonherald.ca	84598	2026-07-12
people.com	58098	2026-02-05
peoplesdailyng.com	33481	2026-04-09
peoplesreview.com.np	5982	2026-07-12
peoplesworld.org	18000	2026-07-10
peoriapublicradio.org	14883	2021-05-05
perezhilton.com	33990	2026-07-12
performancedrive.com.au	13678	2025-07-21
perhamfocus.com	24818	2026-07-12
perishablenews.com	21362	2026-07-10
perrynewspapers.com	5186	2026-07-10
personneltoday.com	8930	2026-07-10
perthnow.com.au	76524	2026-07-12
petapixel.com	12308	2026-07-12
peterboroughtoday.co.uk	19466	2025-01-23
petoskeynews.com	13149	2023-09-11
pghcitypaper.com	9642	2026-04-25
phandroid.com	17305	2026-07-11
pharmaceuticalonline.com	9620	2026-07-12
pharmacytimes.com	12321	2026-03-25
pharmatimes.com	5493	2026-07-10
pharmiweb.com	39419	2026-06-01
pharostribune.com	19858	2026-07-11
philamirror.info	7659	2026-05-24
philenews.com	18282	2026-07-12
philippinetimes.com	88799	2026-07-12
phillymag.com	6378	2026-07-10
phillytrib.com	40324	2026-07-12
phillyvoice.com	34866	2026-07-12
philstar.com	166794	2026-07-12
phinphanatic.com	5904	2026-07-12
phnompenhpost.com	44428	2026-07-12
phoenixfm.com	6440	2026-07-12
phoenixherald.com	108251	2026-07-12
phoenixnewtimes.com	7754	2026-07-11
phoenixvillenews.com	8403	2021-09-28
phonearena.com	41624	2025-08-21
phoronix.com	9793	2026-06-20
photonics.com	8114	2026-01-03
photonicsonline.com	5400	2026-07-09
phys.org	148868	2026-01-29
physiciansweekly.com	7449	2026-01-06
pikefm.com	9820	2026-07-12
pilotonline.com	69286	2026-07-12
pina.com.fj	20547	2026-07-12
pinchercreekecho.com	8794	2026-07-12
pineandlakes.com	33987	2026-07-12
pineisland-eagle.com	7253	2026-07-11
pinkbike.com	9096	2024-08-26
pinknews.co.uk	20157	2022-11-29
pinkun.com	5191	2025-12-06
pinkvilla.com	220640	2026-07-12
pinstripealley.com	19093	2026-07-12
pionline.com	18259	2026-06-18
piquenewsmagazine.com	60540	2025-09-05
pireport.org	10962	2026-07-10
pistonheads.com	5568	2026-07-12
pitchfork.com	17422	2026-07-12
pittsburghmagazine.com	6035	2026-07-11
pittsburghstar.com	113223	2026-07-12
piworld.com	7934	2026-07-09
pix11.com	19492	2025-06-12
pizzamarketplace.com	5425	2026-07-10
pjmedia.com	47680	2026-07-12
pjstar.com	10980	2023-09-11
placenorthwest.co.uk	17006	2026-06-04
plaintalk.net	5594	2026-07-10
planetf1.com	46194	2026-07-12
planetizen.com	14972	2025-07-30
planetprinceton.com	10549	2026-07-12
plansponsor.com	6336	2026-07-10
plasticsnews.com	9513	2026-04-29
playbill.com	24128	2026-07-12
playstationlifestyle.net	16018	2026-07-10
pleasantonweekly.com	12301	2026-07-12
plenglish.com	61980	2026-07-07
plos.org	5935	2026-07-10
pluggedin.com	5412	2026-07-11
plymouthherald.co.uk	103223	2026-07-12
pmlive.com	9992	2026-07-10
pmnewsnigeria.com	53184	2026-07-12
pna.gov.ph	7058	2026-03-08
pnj.com	13200	2023-09-11
poandpo.com	22819	2025-05-09
pocket-lint.com	26299	2026-07-12
pocketgamer.com	7438	2026-07-12
pocketnow.com	11447	2025-09-04
poconorecord.com	7358	2023-09-11
pokernews.com	33475	2026-07-12
polandsun.com	5706	2023-12-21
police1.com	7455	2026-07-12
polishforums.com	9714	2026-07-12
politicaldog101.com	30422	2026-07-12
politicalwire.com	55570	2026-07-12
politico.com	67856	2025-11-05
politico.eu	41137	2026-07-12
politics.co.uk	8806	2026-07-11
politicsweb.co.za	10312	2026-07-12
politicususa.com	7324	2026-02-28
politifact.com	12749	2026-07-10
polity.org.za	34059	2025-01-23
polkio.com	18569	2026-07-12
polygon.com	35528	2026-07-12
poncacitynews.com	9815	2026-07-09
pontefractandcastlefordexpress.co.uk	5456	2021-12-14
popcrush.com	18109	2026-07-11
popmatters.com	6121	2025-10-29
popsci.com	12481	2026-07-12
popsugar.com	65025	2026-07-10
popsugar.com.au	14474	2025-05-08
popularmechanics.com	14794	2026-07-12
portageonline.com	26772	2026-07-12
portcitydaily.com	15604	2026-07-12
portclintonnewsherald.com	6288	2023-09-11
portfolio-adviser.com	7147	2026-07-09
portlandmercury.com	11953	2026-07-12
portlandtribune.com	8525	2026-07-12
portnews.com.au	63112	2026-07-12
portsmouth-dailytimes.com	7612	2026-07-11
portsmouth.co.uk	25284	2025-01-23
portstephensexaminer.com.au	56792	2026-07-12
positivelyfilipino.com	6066	2026-07-08
post-journal.com	24253	2026-07-12
postandcourier.com	121605	2026-07-12
postbulletin.com	62322	2026-07-12
postcourier.com.pg	42537	2026-07-12
postcrescent.com	12995	2023-09-11
postindependent.com	14184	2026-07-10
postnewsgroup.com	6437	2026-07-12
postonline.co.uk	9006	2026-07-10
postregister.com	67995	2026-07-12
poststar.com	66184	2026-07-11
potchefstroomherald.co.za	10484	2023-10-04
potomaclocal.com	14190	2026-07-10
pottsmerc.com	49893	2026-07-12
poughkeepsiejournal.com	7141	2023-09-11
poundingtherock.com	8830	2026-07-12
powderbulksolids.com	7567	2026-07-10
powelltribune.com	18261	2026-07-11
power-technology.com	11539	2026-07-10
power103.com	8220	2026-07-12
power1057.com	7426	2026-07-12
power1069fm.com	22284	2026-07-11
power923.com	6303	2026-07-12
power959.com	19660	2026-07-10
power965.com	6877	2025-01-27
power96radio.com	50489	2026-07-12
power98fm.com	23395	2026-07-12
powerboise.com	5239	2026-07-01
powerlineblog.com	11521	2026-07-02
powermag.com	6101	2026-07-12
powerorlando.com	7689	2026-07-11
powerpage.org	7064	2026-01-18
poynter.org	5438	2026-07-10
pqbnews.com	31602	2026-07-12
pr-inside.com	176704	2026-07-12
pr.com	16676	2026-07-12
pragativadi.com	52800	2026-07-12
prairiepublic.org	42097	2026-07-12
praise933.com	5194	2024-04-28
prajasakti.com	11555	2026-06-26
pratttribune.com	5184	2023-09-12
predominantlyorange.com	7665	2026-07-12
premierchristianradio.com	11066	2023-06-07
premiumbeautynews.com	5944	2026-07-12
premiumtimesng.com	108946	2026-07-12
press-citizen.com	9004	2023-09-11
pressandguide.com	17310	2025-11-04
pressandjournal.co.uk	196721	2025-05-27
pressconnects.com	6069	2023-09-11
pressdemocrat.com	30377	2026-07-12
pressenterpriseonline.com	87096	2026-01-28
pressenza.com	12244	2026-07-12
pressgazette.co.uk	7217	2026-07-10
pressherald.com	131649	2026-07-12
pressofatlanticcity.com	82754	2026-07-12
pressparty.com	8869	2026-01-02
presspublications.com	6431	2026-07-09
presspubs.com	7612	2026-07-10
pressreleasepoint.com	60627	2026-07-12
pressrepublican.com	19924	2026-07-12
presstelegram.com	45510	2026-07-12
presstv.com	18559	2021-06-22
presstv.ir	65151	2026-07-12
prestigeonline.com	8870	2026-07-10
prestwichandwhitefieldguide.co.uk	18621	2023-03-07
prevention.com	11501	2026-07-12
prima.co.uk	8570	2026-07-12
primepublishers.com	5172	2026-07-11
princegeorgecitizen.com	137171	2025-09-05
princeton.edu	9085	2026-07-12
princetonol.com	11230	2026-07-12
printingnews.com	8737	2022-11-18
printweek.com	9505	2026-05-29
printweek.in	8682	2026-07-11
prleap.com	9484	2026-07-11
prnewswire.co.uk	14796	2026-07-10
prnewswire.com	1291012	2026-07-12
proactiveinvestors.co.uk	60256	2026-07-11
proactiveinvestors.com	62750	2026-07-11
proactiveinvestors.com.au	33667	2026-07-12
probuilder.com	7430	2026-07-11
producer.com	14827	2025-05-22
professionaladviser.com	13502	2026-07-10
professionalpensions.com	10790	2026-07-10
progress-index.com	6209	2023-09-11
progressive-charlestown.com	19962	2026-07-12
progressivegrocer.com	7553	2025-09-09
progressiverailroading.com	10372	2026-07-11
projectnoah.org	19430	2026-07-03
prokerala.com	621934	2026-07-12
prolificnorth.co.uk	21411	2026-07-10
promptnewsonline.com	37732	2026-07-12
propakistani.pk	82424	2026-07-12
propertyweek.com	27247	2026-07-10
propublica.org	5381	2026-07-10
prospectmagazine.co.uk	8085	2026-07-11
providencejournal.com	22218	2023-09-11
prowrestling.net	17962	2026-07-12
prpeak.com	86658	2025-09-05
prrecordgazette.com	12606	2026-07-12
prunderground.com	11884	2026-07-12
prweb.com	172498	2026-07-12
prweek.com	13527	2026-07-02
psu.com	7048	2025-06-06
psu.edu	24892	2026-07-11
psychcentral.com	5022	2024-10-01
psychiatryadvisor.com	8540	2026-07-10
psychologytoday.com	23395	2026-07-07
ptinews.com	297015	2024-03-31
ptleader.com	7092	2026-07-12
publicnewsservice.org	19341	2025-08-20
publicnow.com	17005	2022-09-16
publicradioeast.org	52499	2026-07-12
publicradiotulsa.org	54968	2026-07-12
publishersweekly.com	20579	2026-07-10
pullmanradio.com	13214	2026-07-12
pulse.com.gh	49036	2026-03-19
pulse.ng	86874	2026-03-18
punchjump.com	11193	2026-07-11
punchng.com	285915	2026-07-12
punknews.org	9083	2026-07-12
punto.com.ph	8575	2026-07-12
purdueexponent.org	36520	2026-07-12
purerock96.com	9217	2026-07-12
purplerow.com	5807	2026-07-12
pushsquare.com	28984	2026-07-12
pv-magazine.com	18465	2026-06-04
pv-tech.org	13312	2026-07-10
pvvt.com	5653	2026-07-09
pwcs.edu	10390	2022-08-01
pymnts.com	22566	2026-07-11
q102.ie	16858	2026-07-11
q105.fm	6437	2026-07-12
q1057.com	9610	2026-07-11
q1061.com	8074	2026-07-12
q1065.fm	23547	2026-07-10
q106dot5.com	21429	2026-07-12
q106fm.com	8198	2026-07-10
q107.com	20400	2026-07-10
q1077.com	24586	2026-07-10
q107fm.ca	6514	2020-06-10
q108.com	7805	2026-07-11
q13fox.com	32112	2023-04-18
q93fm.com	14506	2026-07-11
q957.com	18815	2025-10-31
q95fm.net	8598	2026-07-05
q961.com	23458	2026-07-12
q985online.com	37147	2026-07-12
q98fm.com	6784	2026-07-12
qatar-tribune.com	32722	2026-07-12
qatarliving.com	8083	2026-07-12
qchron.com	12904	2026-07-12
qconline.com	69988	2026-07-11
qctimes.com	96011	2026-07-12
qns.com	11760	2026-07-12
qsrmagazine.com	6347	2026-02-19
qsrweb.com	6903	2026-07-10
qt.com.au	56636	2021-06-23
quadcitiesdaily.com	21617	2026-01-02
queanbeyanage.com.au	67234	2026-07-12
queensjournal.ca	5164	2026-06-30
queenslandcountrylife.com.au	49439	2026-07-12
queerty.com	6637	2026-06-22
quesnelobserver.com	29067	2026-07-12
quickcountry.com	47466	2026-07-12
quicknews-africa.net	36064	2026-07-11
quickworldnews.com	19319	2021-10-16
quintenews.com	26980	2026-07-12
qvc.com	59059	2026-07-08
qxmagazine.com	26346	2026-07-12
qz.com	34087	2026-04-13
racer.com	13748	2026-01-08
radaronline.com	32138	2026-07-12
radio.com	43725	2025-12-15
radio.gov.pk	56719	2026-07-12
radiocayman.gov.ky	8022	2026-07-12
radioinfo.com.au	6174	2025-01-22
radioink.com	14662	2026-07-10
radiojamaicanewsonline.com	29652	2026-06-24
radiokerry.ie	24212	2026-07-12
radiokorea.com	28814	2026-06-20
radiotamazuj.org	12747	2026-07-12
radiotimes.com	39529	2026-07-12
radiotoday.co.uk	5674	2026-07-10
radiotoday.com.au	8181	2025-06-14
radiousa.com	8204	2026-07-10
radiox.co.uk	6710	2026-07-10
radyonatin.com	11629	2025-10-03
rafu.com	5270	2026-07-12
ragtrader.com.au	7527	2026-07-10
railpage.com.au	73388	2023-10-15
railway-technology.com	5669	2026-07-03
railwayage.com	8580	2026-01-31
railwaygazette.com	10690	2026-07-12
rap-up.com	9390	2026-02-07
rapidcityjournal.com	58613	2026-07-11
rapidtvnews.com	6195	2026-02-17
rappler.com	82865	2026-07-12
rappnews.com	9469	2026-07-12
rapsinews.com	6019	2025-12-09
rasmussenreports.com	7655	2026-07-10
ravallirepublic.com	53674	2026-07-11
rawstory.com	61233	2026-07-12
rbj.net	12065	2026-06-04
rbth.com	6289	2026-07-12
rcps.info	37674	2026-06-15
rcreader.com	7758	2026-07-12
rcrwireless.com	8324	2026-07-10
reachfm.ca	13597	2026-01-01
readingchronicle.co.uk	135779	2026-07-12
readingeagle.com	56931	2026-07-12
readmedia.com	31900	2026-07-10
readwrite.com	6433	2024-10-10
realclearpolitics.com	31789	2026-05-17
realestate.com.au	13808	2026-07-12
realestatebusiness.com.au	8743	2026-07-12
realgeni.com	32458	2025-04-16
realitytea.com	40792	2026-07-12
realitytvworld.com	35585	2026-07-11
realradio804.com	6311	2026-07-10
realscreen.com	6878	2026-06-24
reason.com	15196	2026-07-12
rechargenews.com	10296	2026-07-02
record-bee.com	10322	2026-07-12
record-eagle.com	79986	2026-07-12
recordcourier.com	10467	2025-09-04
recorder.ca	47248	2026-07-12
recorder.com	34452	2026-07-12
recordernews.com	6816	2023-10-26
recorderonline.com	51613	2026-07-11
recordnet.com	9191	2023-09-11
recordonline.com	10835	2023-09-11
redandblack.com	9900	2026-07-10
redbluffdailynews.com	12381	2026-07-12
reddeeradvocate.com	21246	2026-07-12
redding.com	5466	2023-09-11
redditchadvertiser.co.uk	108663	2026-07-12
redditchstandard.co.uk	14603	2026-07-12
redeyeradioshow.com	14669	2026-06-29
redfm.ie	11601	2026-07-09
rediff.com	81731	2026-07-12
redlandcitybulletin.com.au	63103	2026-07-12
redlandsdailyfacts.com	43230	2026-07-12
redriverradio.org	56163	2026-07-12
redstate.com	73999	2026-07-12
redwatch.org.au	11706	2026-07-12
reflector.com	99880	2026-07-12
reformer.com	46864	2026-07-12
regina.ctvnews.ca	15942	2025-04-08
register-herald.com	61014	2026-07-11
registercitizen.com	111574	2026-04-21
registerguard.com	9843	2023-09-10
registerherald.com	6606	2025-09-17
rejournals.com	8752	2025-07-14
rekordeast.co.za	10868	2021-02-24
relevantmagazine.com	8344	2026-07-10
relevantradio.com	9361	2026-06-04
reliefweb.int	163718	2026-03-28
religionnews.com	16576	2026-06-27
relish.com	7120	2026-07-12
relix.com	6274	2026-07-12
renalandurologynews.com	7932	2026-07-10
renewableenergymagazine.com	10093	2026-07-10
renews.biz	22747	2025-01-23
renfrewtoday.ca	11563	2026-07-12
rep-am.com	52992	2025-02-04
repeatingislands.com	6967	2026-07-12
reporter.net	18201	2026-07-12
reporterherald.com	37081	2026-07-12
reporternews.com	9509	2023-09-11
republic-online.com	26030	2026-07-02
republicaneagle.com	5593	2026-07-10
republicanherald.com	44917	2026-07-12
republicofmining.com	6903	2026-06-18
republicworld.com	41980	2026-03-17
republikein.com.na	6228	2026-07-11
rescue.org	5788	2026-07-10
reseller.co.nz	14471	2026-07-09
resilience.org	5333	2026-07-10
respect-mag.com	5645	2026-06-11
restaurantmagazine.com	13572	2026-07-10
restaurantnews.com	13484	2026-07-10
restaurantnewsrelease.com	13233	2026-07-10
restaurantonline.co.uk	5868	2026-07-10
restonnow.com	6591	2024-05-17
retaildetail.eu	7041	2026-07-10
retaildive.com	12323	2026-07-10
retailtimes.co.uk	18045	2026-07-10
reuters.com	928660	2026-06-28
revengeofthebirds.com	6902	2026-07-12
reverb.com	6060	2022-05-04
reviewjournal.com	38222	2026-07-12
reviewonline.com	18252	2026-07-12
reviewtimes.com	6175	2020-06-10
revolutionradio.org	7537	2025-09-24
revolvermag.com	6193	2025-01-22
rewind943.com	9666	2026-07-11
rexburgstandardjournal.com	7177	2026-07-12
rfa.org	13491	2026-07-11
rfdtv.com	24962	2026-07-11
rferl.org	45730	2026-07-12
rfglobalnet.com	5359	2026-07-10
rfi.fr	62520	2026-07-07
rgj.com	9002	2023-09-11
rheaheraldnews.com	8563	2026-07-11
rheinpfalz.de	6895	2020-11-26
rhyljournal.co.uk	112492	2026-07-12
ricentral.com	6523	2026-07-12
richlandsource.com	28701	2026-07-12
richmond-news.com	74966	2025-09-05
richmond.com	91160	2026-07-12
richmondandtwickenhamtimes.co.uk	110938	2026-07-12
richmondbizsense.com	7262	2026-07-10
richmondfreepress.com	7220	2026-02-12
richmondregister.com	27420	2026-07-12
ricochet.com	33598	2025-06-14
ridgecrestca.com	9060	2026-07-10
riggosrag.com	6610	2026-07-12
rightspeak.net	12184	2026-07-12
rigzone.com	30593	2026-07-12
ringsidereport.com	6055	2026-07-12
riotimesonline.com	40335	2026-07-12
riponadvance.com	8330	2026-07-10
riponpress.com	7653	2026-07-12
ripplesnigeria.com	10801	2026-02-09
risingapple.com	5630	2026-07-12
risingbd.com	7134	2023-02-02
risingkashmir.com	6154	2025-07-25
risk.net	7821	2026-07-09
rismedia.com	14745	2026-07-11
rivals.com	5169	2025-06-14
river1037.com	15282	2026-07-09
river967.com	22198	2026-07-10
riverbender.com	7579	2025-01-23
riverfronttimes.com	8051	2025-08-16
rivergrandrapids.com	31410	2026-07-12
rivernewsonline.com	15009	2026-07-11
riviera-maya-news.com	11550	2026-07-11
rnanews.com	6501	2026-07-12
rnz.co.nz	156848	2026-07-12
road.cc	10122	2026-07-12
roadandtrack.com	12083	2026-07-12
roadsafety.co.za	10476	2026-07-12
roanoke.com	77169	2026-07-12
roarmag.org	19443	2026-07-12
robbreport.com	16315	2026-07-12
robesonian.com	5675	2026-07-12
roboticstomorrow.com	7529	2026-07-10
rochdaleonline.co.uk	11368	2025-11-25
rochestercitynewspaper.com	5405	2023-03-06
rock101.com	10982	2026-07-06
rock1015.com	6007	2026-07-11
rock107.com	10011	2026-07-10
rock937online.com	24042	2025-03-27
rock947.com	9740	2022-11-22
rock967online.com	21034	2026-07-12
rockdalenewtoncitizen.com	71444	2026-07-12
rockpapershotgun.com	19868	2026-07-12
rockymounttelegram.com	61205	2026-07-12
rockytopinsider.com	7793	2026-07-12
rogerebert.com	23518	2026-01-29
rollcall.com	11377	2026-07-12
rollingout.com	36521	2025-12-23
rollingstone.com	54198	2026-07-12
rollingstoneindia.com	6220	2026-07-10
romania-insider.com	15593	2026-07-10
romaniapress.com	66299	2026-07-10
romesentinel.com	13522	2026-07-12
romfordrecorder.co.uk	49199	2026-07-12
romseyadvertiser.co.uk	52579	2024-10-26
roscommonherald.ie	51557	2026-07-12
ross-shirejournal.co.uk	51990	2026-07-12
rosslandtelegraph.com	5766	2026-07-08
rotherhamadvertiser.co.uk	7306	2025-01-23
rotowire.com	11670	2026-07-12
roundupweb.com	5361	2026-07-07
routesonline.com	12913	2026-07-10
royalcentral.co.uk	13715	2026-07-12
royalgazette.com	54009	2026-07-12
royalsreview.com	7916	2026-07-12
royston-crow.co.uk	30055	2026-07-12
rozanaspokesman.com	13061	2026-07-12
rrdailyherald.com	23679	2026-07-12
rri.ro	9768	2026-07-12
rrobserver.com	6376	2026-07-12
rrr.org.au	24999	2026-07-12
rrstar.com	9459	2023-09-11
rsn.net.au	11008	2026-07-12
rstreet.org	8300	2026-07-10
rt.com	14353	2026-07-11
rte.ie	177566	2026-07-12
rthk.hk	11696	2026-07-10
rtoinsider.com	5703	2026-07-12
rtrfm.com.au	6042	2026-07-10
rttnews.com	126687	2026-07-12
rubbernews.com	9503	2026-06-18
runcornandwidnesworld.co.uk	89968	2026-07-12
runnersworld.com	10027	2026-07-12
runningmagazine.ca	6287	2026-07-12
runwaygirlnetwork.com	5635	2026-03-31
rushlane.com	8578	2026-07-12
russiaherald.com	130155	2026-07-12
russianmachineneverbreaks.com	7362	2026-07-12
russianradio7.com	8075	2025-01-20
rustourismnews.com	5625	2026-07-12
ruthfullyyours.com	25530	2026-07-11
rutland-times.co.uk	10869	2026-07-12
rutlandherald.com	40499	2026-07-11
rvasia.org	8142	2026-07-12
ryeandbattleobserver.co.uk	5120	2022-02-09
sabcnews.com	8897	2026-03-19
sacobserver.com	7011	2026-05-28
sacurrent.com	16601	2026-07-12
safc.com	10896	2024-07-16
saharareporters.com	99026	2026-07-12
sahilonline.org	11655	2026-07-12
sail-world.com	21267	2026-07-12
sailingscuttlebutt.com	8762	2026-07-12
saipantribune.com	7237	2025-05-29
sakshi.com	36429	2025-06-05
sakshipost.com	32181	2026-07-12
salemnews.com	29366	2026-07-11
salemnews.net	16997	2026-07-12
salina.com	9487	2023-09-10
salinapost.com	30251	2026-07-12
salisburyjournal.co.uk	119728	2026-07-12
salon.com	32565	2026-07-12
saltlakecitysun.com	145328	2026-07-12
saltwire.com	80880	2026-07-12
samaa.tv	58942	2026-07-12
sammobile.com	25974	2026-07-10
samoanews.com	5638	2026-07-12
samoaobserver.ws	8839	2026-07-12
sana.sy	27058	2026-07-12
sanangelolive.com	27677	2026-07-12
sanantoniopost.com	61257	2026-07-12
sandiegoreader.com	13139	2025-08-22
sandiegosun.com	176990	2026-07-12
sandiegouniontribune.com	211243	2026-07-12
sanews.gov.za	13632	2026-07-12
sanfordherald.com	51805	2026-07-12
sanilacbroadcasting.com	5339	2025-01-09
sanjuanjournal.com	5627	2026-07-12
sanmarcosrecord.com	10909	2026-07-12
santabanta.com	7164	2026-07-11
santacruzsentinel.com	21247	2026-07-12
santafenewmexican.com	62173	2026-07-12
santamariasun.com	5285	2026-07-09
santamariatimes.com	91954	2026-07-12
saobserver.net	44276	2026-07-12
saps.gov.za	37740	2025-11-19
sarajevotimes.com	5933	2026-03-02
saratogian.com	37922	2026-07-12
sarniathisweek.com	35616	2026-01-20
saskatoon.ctvnews.ca	14577	2025-01-22
satellitetoday.com	7161	2026-07-10
satnews.com	14342	2026-07-12
saudigazette.com.sa	54271	2026-03-18
saukvalley.com	7863	2020-12-17
saultstar.com	57257	2026-07-12
saultthisweek.com	48731	2026-06-22
savannahnow.com	16081	2023-09-11
savejersey.com	6025	2026-07-11
savingadvice.com	5831	2026-07-12
sb.by	18392	2026-07-10
sbcnews.co.uk	7219	2024-12-05
sbnation.com	46618	2026-07-12
sbr.com.sg	19215	2026-07-12
sbs.com.au	83231	2026-07-12
sbsun.com	43798	2026-07-12
sbwire.com	16543	2022-01-13
scallywagandvagabond.com	8946	2026-07-12
scdailypress.com	7072	2023-01-30
schoolsweek.co.uk	7252	2026-07-03
schroders.com	5010	2024-02-09
science.org	5028	2024-04-24
science20.com	6609	2026-07-12
sciencealert.com	18466	2026-07-12
scienceblog.com	14629	2026-07-12
scienceblogs.com	14498	2026-07-12
sciencebusiness.net	9408	2026-02-09
sciencedaily.com	32155	2026-06-21
sciencemag.org	12882	2021-10-07
sciencenews.org	5388	2026-07-10
scientificamerican.com	14003	2026-07-12
scmagazine.com	10578	2024-09-25
scmp.com	155892	2026-07-12
scnow.com	44755	2026-07-08
sconeadvocate.com.au	69023	2026-07-12
scoop.co.nz	276707	2026-07-12
scotsman.com	80113	2025-01-23
scottishconstructionnow.com	6651	2026-07-10
scottishhousingnews.com	6731	2026-07-10
scottishlegal.com	6014	2026-07-10
scpr.org	7524	2024-02-29
screencrush.com	10129	2026-07-12
screendaily.com	27103	2025-09-05
screenrant.com	202067	2026-07-12
scrippsnews.com	14231	2026-03-19
scroll.in	55115	2026-07-12
sctimes.com	6903	2023-09-10
scvnews.com	21252	2026-07-12
sdcexec.com	8119	2025-12-28
sdjewishworld.com	6299	2026-07-12
sdpb.org	14433	2026-07-11
se933.com	20346	2026-07-10
seacoastonline.com	17956	2024-10-24
seafoodsource.com	6470	2025-01-23
seaforthhuronexpositor.com	22170	2026-07-12
seahawks.com	6189	2026-07-12
searchenginejournal.com	6277	2026-07-12
searchlight.vc	22811	2026-07-10
seasideradio.co.uk	13507	2026-07-10
seatrade-maritime.com	9491	2025-01-09
seattlepi.com	165051	2025-11-18
seattletimes.com	70795	2026-07-12
securityinfowatch.com	9521	2026-07-10
sedaliademocrat.com	11774	2026-07-12
seekingalpha.com	139987	2026-07-12
seenews.com	23417	2025-11-19
segmentnext.com	12742	2025-07-30
seguingazette.com	7055	2026-07-11
seguintoday.com	5077	2026-07-10
sej.org	14686	2026-07-10
selectscience.net	14444	2026-07-10
semissourian.com	15075	2026-07-12
sen.com.au	17190	2024-11-11
senate.gov.ph	10256	2025-08-20
seneweb.com	81744	2026-04-30
sent-trib.com	33170	2025-09-17
sentinel-standard.com	6658	2023-09-09
sentinelandenterprise.com	19626	2026-07-12
sentinelassam.com	79312	2026-07-12
sentinelsource.com	22605	2025-02-13
sequimgazette.com	6045	2026-07-10
serbian.cri.cn	10053	2026-07-12
setexasrecord.com	13902	2025-05-21
sevendaysvt.com	19648	2026-07-10
seventeen.com	10859	2026-07-09
seychellesnewsagency.com	7022	2026-02-17
sfchronicle.com	86527	2025-11-18
sfexaminer.com	15264	2026-07-12
sfgate.com	557090	2026-07-08
sfist.com	15880	2026-07-11
sflcn.com	6330	2026-06-04
sfstation.com	9337	2026-07-12
sgvtribune.com	46114	2026-07-12
shabait.com	5202	2026-07-12
shacknews.com	29841	2026-07-12
shafaqna.com	38378	2026-07-12
shanghaiist.com	6071	2026-07-11
shanghainews.net	85885	2026-07-12
shanghaisun.com	152738	2026-07-12
shankennewsdaily.com	7137	2026-07-10
shannonside.ie	28270	2026-07-12
sharecast.com	18144	2026-03-26
sharechat.co.nz	5605	2026-07-08
sharenet.co.za	16976	2026-07-10
shark1053.com	22236	2026-07-10
sharonherald.com	24191	2026-07-12
sheboyganpress.com	9278	2023-09-11
shekicks.net	6356	2026-07-12
sheknows.com	27829	2026-07-12
shelbystar.com	6592	2023-09-11
sheltonherald.com	53654	2025-11-18
shephardmedia.com	8423	2026-07-10
sheppnews.com.au	6976	2025-10-15
sherbrookerecord.com	5078	2026-07-11
sheridanmedia.com	21957	2026-07-12
sherwoodparknews.com	16376	2026-07-12
shetlandtimes.co.uk	7940	2026-07-12
shetnews.co.uk	16088	2026-07-12
shieldsgazette.com	12833	2025-01-23
shine.cn	8014	2025-06-14
ship-technology.com	5380	2026-06-26
shipandbunker.com	16906	2026-07-10
shipnc.com	8439	2026-07-11
shippingtribune.com	5799	2026-07-11
shippingwatch.com	7709	2026-06-26
shockya.com	5661	2026-07-10
shorehamherald.co.uk	6130	2022-02-09
shorelinebeacon.com	22887	2026-07-12
shorelinemedia.net	23027	2026-07-12
shorenewsnetwork.com	18724	2026-03-12
shortlist.com	6548	2026-07-11
showbiz411.com	5913	2026-07-12
shreveporttimes.com	9564	2023-09-11
shropshirelive.com	11396	2026-07-12
shropshirestar.com	67852	2026-03-26
si.com	251675	2026-07-12
siasat.com	160259	2026-07-12
sidneydailynews.com	17900	2025-09-17
sidneyherald.com	11571	2026-07-12
sierraleonetimes.com	68626	2026-07-12
sierrawave.net	6086	2026-07-11
sify.com	66014	2026-07-10
signalscv.com	21582	2026-07-12
siliconangle.com	18320	2026-07-12
siliconera.com	19315	2026-07-12
siliconindia.com	22386	2026-07-11
siliconrepublic.com	19678	2026-07-10
siliconvalley.com	14416	2026-07-12
silive.com	59235	2026-02-23
silverandblackpride.com	15213	2026-07-12
silverbirdtv.com	8254	2026-07-12
simcoe.com	13462	2026-07-12
simcoereformer.ca	48789	2026-07-12
simpleflying.com	8159	2026-07-10
sina.com	68991	2025-01-09
sina.com.hk	29531	2026-07-12
singaporestar.com	74762	2026-07-12
singersroom.com	16443	2026-07-12
singletonargus.com.au	73276	2026-07-12
siouxcityjournal.com	261223	2026-07-12
siouxlandnews.com	7942	2026-07-12
sis.gov.eg	9722	2025-11-14
siskiyoudaily.com	5408	2023-09-11
sitkasentinel.com	31862	2026-07-12
sj-r.com	11627	2023-09-11
skift.com	17702	2026-07-10
sknvibes.com	12789	2026-07-10
skopjediem.com	6404	2026-07-10
sky.com	87564	2026-07-07
skymetweather.com	6159	2026-07-05
skynews.com.au	72545	2026-07-12
slamonline.com	5481	2025-09-10
slashdot.org	5538	2024-09-09
slashfilm.com	41756	2026-07-12
slashgear.com	55398	2026-07-12
slate.com	41769	2026-07-12
sleepreviewmag.com	5154	2026-07-10
slguardian.org	23093	2026-07-12
slippedisc.com	6867	2026-07-12
slotocash.im	6832	2023-11-30
sloughobserver.co.uk	111680	2026-07-12
sloveniatimes.com	12811	2025-11-18
sltrib.com	30148	2026-07-12
slugmag.com	5178	2026-07-12
smallbiztrends.com	12764	2026-07-12
smallwarsjournal.com	6274	2026-06-04
smartcanucks.ca	13356	2026-07-12
smartcompany.com.au	9844	2026-07-10
smartpropertyinvestment.com.au	6111	2026-07-12
smdailyjournal.com	136541	2026-07-12
smdp.com	12203	2026-07-12
smenet.org	5036	2026-07-10
smetimes.in	13941	2026-07-06
smh.com.au	264929	2026-07-12
smithsonianmag.com	5374	2026-07-11
smn-news.com	15557	2026-07-12
smnewsnet.com	11006	2026-03-23
smokymountainnews.com	9022	2026-07-09
snl24.com	37194	2026-07-02
snntv.com	12417	2024-07-01
snopes.com	13727	2026-03-19
so-co-it.com	5992	2026-07-02
soapoperadigest.com	6033	2026-07-12
socaltech.com	5712	2025-12-24
socialistparty.org.uk	5103	2025-01-22
socialmediatoday.com	12623	2026-07-10
sofiaglobe.com	9449	2026-07-10
sofrep.com	14334	2026-04-18
softpedia.com	5650	2024-12-01
softrock941.com	5118	2023-02-13
soglos.com	5868	2026-07-11
sojo1049.com	41462	2026-07-12
solomonstarnews.com	9202	2026-04-30
somdnews.com	20529	2026-07-12
somerset-kentucky.com	30659	2026-07-11
somersetcountygazette.co.uk	187794	2026-07-12
somersetlive.co.uk	94096	2026-07-12
sooeveningnews.com	5730	2023-09-09
sookenewsmirror.com	38023	2026-07-12
soompi.com	33179	2026-07-12
sott.net	72316	2026-07-12
sounderatheart.com	7364	2026-07-12
soundonsound.com	25461	2026-07-12
southbendtribune.com	14724	2023-09-11
southcarolinapublicradio.org	75652	2026-07-12
southcoastregister.com.au	50503	2026-07-12
southcoasttoday.com	12183	2025-05-13
southdadenewsleader.com	8758	2026-07-10
southeastagnet.com	6167	2026-07-11
southeastasiapost.com	98446	2026-07-12
southeastradio.ie	8294	2026-07-12
southeastsun.com	5753	2025-01-17
southernhighlandnews.com.au	62211	2026-07-12
southernliving.com	11781	2026-03-17
southernminn.com	90543	2026-07-12
southernstandard.com	5879	2025-07-19
southernstar.ie	12687	2026-07-12
southgatearc.org	6902	2022-10-08
southpeacenews.com	8246	2026-07-12
southtahoenow.com	54092	2026-07-12
southwalesargus.co.uk	190196	2026-07-12
southwalesguardian.co.uk	93630	2026-07-12
southwhidbeyrecord.com	5913	2026-07-10
sowetan.co.za	5216	2026-07-12
sowetanlive.co.za	56173	2025-10-16
soyacincau.com	15725	2026-07-11
space.com	23403	2026-07-12
spacecoastdaily.com	11949	2026-07-12
spacedaily.com	20401	2026-07-12
spacewar.com	31547	2026-07-09
spaldingtoday.co.uk	8426	2023-12-04
spanishvida.com	5248	2026-07-12
spartaindependent.com	5356	2026-07-10
spectator.co.uk	41838	2025-12-16
spectator.org	8302	2026-06-21
spectator.sme.sk	10290	2026-02-18
spectrumlocalnews.com	9095	2026-06-26
spectrummagazine.org	5950	2024-10-24
spectrumnews1.com	7443	2026-02-12
speedcafe.com	31708	2026-07-12
speedwaymedia.com	15972	2026-07-12
spencerdailyreporter.com	5534	2026-07-10
spiked-online.com	6711	2026-07-12
spin.com	7322	2026-03-12
spin1038.com	7455	2026-07-09
spoilertv.com	27737	2026-07-12
spokanepublicradio.org	63147	2026-07-12
spokesman.com	57625	2026-07-12
sportsnet.ca	5652	2022-01-17
spotlightnepal.com	7921	2026-07-12
spotrac.com	56752	2026-07-12
springer.com	5026	2026-07-12
springfieldnewssun.com	53704	2026-07-12
sprucegroveexaminer.com	16283	2026-07-12
sputnikglobe.com	34838	2026-07-12
sputniknews.com	115856	2023-04-05
squamishchief.com	72879	2025-09-05
squatchrocks.com	43799	2026-07-12
srilankamirror.com	13914	2026-07-12
srilankasource.com	96287	2026-07-12
srpressgazette.com	6348	2026-07-12
ssuchronicle.com	20914	2020-04-15
stabroeknews.com	84877	2026-03-26
staffingindustry.com	7493	2024-12-01
stalbansreview.co.uk	82873	2025-12-09
stalbertgazette.com	58824	2025-09-05
stamfordadvocate.com	157056	2025-06-12
stamfordmercury.co.uk	8132	2023-12-04
stampedeblue.com	10029	2026-07-12
standard-freeholder.com	42828	2026-07-12
standard-journal.com	66085	2026-07-12
standard.co.uk	206051	2026-07-12
standard.net	17600	2026-07-12
standard.net.au	75809	2026-07-12
standardbredcanada.ca	34112	2026-07-12
standardmedia.co.ke	191289	2026-07-12
standardspeaker.com	46791	2026-07-12
stanforddaily.com	6359	2026-07-06
star945.com	7712	2026-07-11
star967.net	13534	2026-03-20
star98.net	10121	2026-07-12
staradvertiser.com	52040	2026-07-12
starbeacon.com	28296	2026-07-12
starcommunity.com.au	9165	2026-04-29
starcourier.com	5441	2023-09-10
stardem.com	32398	2026-07-12
starfm1023.com	6846	2026-07-06
stargazette.com	5321	2023-09-11
starherald.com	50502	2026-07-11
starkvilledailynews.com	5595	2026-07-09
starlocalmedia.com	58641	2026-07-11
starmometer.com	9202	2026-06-08
starnewsonline.com	11634	2023-09-11
starobserver.com.au	8192	2026-07-12
starofmysore.com	33945	2026-07-12
starradiovegas.com	5978	2022-06-24
startribune.com	263274	2026-06-27
starweekly.com.au	25547	2026-03-02
state.gov	15156	2026-07-12
statecollege.com	13505	2026-07-12
statenews.com	9007	2026-07-11
stateofreform.com	5750	2026-03-27
statesboroherald.com	8705	2026-07-12
statesman.com	34154	2026-03-25
statesmanjournal.com	9447	2023-09-11
statesville.com	47964	2026-07-08
staugustine.com	10411	2023-09-11
stawelltimes.com.au	30161	2026-07-11
stcatharinesstandard.ca	104312	2026-07-12
steelers.com	6547	2026-07-12
steinbachonline.com	24473	2026-07-12
stellar.ie	10459	2026-07-10
stereoboard.com	20168	2026-07-12
stereogum.com	19928	2026-07-12
stettlerindependent.com	11653	2026-07-12
stevenspointjournal.com	8837	2023-09-11
stevivor.com	5963	2026-06-11
stgeorgeutah.com	23714	2026-07-12
sthelensstar.co.uk	135607	2026-07-12
stiripesurse.ro	38279	2026-07-11
stlamerican.com	17834	2026-07-12
stlouisstar.com	94668	2026-07-12
stlpublicradio.org	8721	2023-09-01
stltoday.com	242029	2026-07-12
stock-world.de	6893	2024-12-30
stockandland.com.au	38905	2026-07-12
stockhouse.com	10553	2026-07-12
stockjournal.com.au	39243	2026-07-12
stockmarketwire.com	21652	2022-02-23
stokesentinel.co.uk	101065	2026-07-12
stornowaygazette.co.uk	7135	2025-01-23
stourbridgenews.co.uk	142801	2026-07-12
straight.com	16660	2026-07-12
straitstimes.com	195702	2026-07-12
strangehorizons.com	5052	2026-07-11
strategypage.com	10487	2026-07-12
stratford-herald.com	18387	2026-07-12
stratfordbeaconherald.com	39803	2026-07-12
stratfordobserver.co.uk	9710	2026-07-12
strathroyagedispatch.com	35086	2026-01-25
strathroytoday.ca	8383	2026-07-10
streetinsider.com	368521	2024-12-02
streetsblog.org	9080	2026-07-11
stripes.com	97059	2026-07-12
stroudnewsandjournal.co.uk	117081	2026-07-12
stthomastimesjournal.com	40443	2026-07-12
stthomastoday.ca	9044	2026-07-10
stuff.co.nz	290589	2024-01-16
stuff.tv	7848	2026-07-12
stupiddope.com	18434	2025-10-20
sturgisjournal.com	6692	2023-09-11
stuttgartdailyleader.com	12401	2026-07-10
stwnewspress.com	10437	2026-07-11
stylecaster.com	15141	2026-07-12
suasnews.com	5705	2026-07-10
sudantribune.com	6768	2025-02-16
suffolknews.co.uk	11571	2026-07-12
summitdaily.com	21513	2026-07-12
sun-sentinel.com	108365	2026-07-12
suncommercial.com	53682	2026-07-12
sundaymail.co.zw	13635	2025-01-23
sundaynews.co.zw	14210	2025-01-22
sundaystandard.info	7102	2026-07-07
sundaytimes.lk	10727	2026-07-11
sundayworld.co.za	10773	2026-07-12
sundayworld.com	50448	2025-11-24
sunderlandecho.com	19890	2025-01-23
sungazette.com	20048	2026-07-12
sunjournal.com	108054	2026-07-12
sunlive.co.nz	43774	2026-07-12
sunnewsonline.com	41578	2024-06-26
sunny1031.com	6955	2026-07-12
sunny1063.com	13719	2026-02-19
sunny923.com	13122	2026-07-10
sunny943.com	11127	2026-07-11
sunnysidesun.com	5601	2023-04-13
sunshinecoastdaily.com.au	63851	2021-06-23
sunshinestatenews.com	9785	2023-07-22
sunstar.com.ph	94597	2026-07-12
suntimes.com	116543	2026-07-12
superbike-news.co.uk	10409	2026-07-12
superherohype.com	17430	2026-07-12
superhits106.com	7906	2026-07-11
superiortelegram.com	19173	2026-07-12
supermarketnews.com	9635	2026-07-10
supertalk.fm	12662	2026-07-12
supertalk1270.com	7746	2026-07-12
supertalk1570.com	16594	2026-07-09
surfky.com	6423	2026-05-29
surinametimes.com	10927	2026-07-12
surinenglish.com	20352	2026-07-12
surreycomet.co.uk	152175	2026-07-12
sussexexpress.co.uk	45134	2025-01-23
sverigesradio.se	7180	2026-04-15
swag1049.com	11854	2026-07-12
swapacd.com	41096	2025-09-25
sweetwaternow.com	19316	2026-07-12
swfinstitute.org	15178	2024-06-11
swiftcurrentonline.com	21903	2026-07-12
swimmingworldmagazine.com	6148	2026-02-23
swimswam.com	30956	2026-07-05
swindonadvertiser.co.uk	153116	2026-07-12
swiowanewssource.com	10635	2026-07-10
swissinfo.ch	101680	2026-07-12
swnewsmedia.com	10991	2025-08-05
swoknews.com	68290	2026-07-12
swtimes.com	7227	2023-09-11
swvatoday.com	19068	2026-06-28
swxrightnow.com	5318	2020-12-17
sydneysun.com	67624	2026-07-12
syfy.com	21951	2026-07-12
syracuse.com	73906	2026-02-19
t-g.com	6143	2026-07-12
t3.com	28665	2026-07-12
t95.com	5068	2026-07-09
taftmidwaydriller.com	5844	2026-07-10
tag911.ae	8852	2026-07-12
tahlequahdailypress.com	34507	2026-07-11
tahoedailytribune.com	14106	2026-07-12
taipeitimes.com	106830	2026-07-12
taiwannews.com.tw	47002	2025-11-28
taiwansun.com	38252	2026-07-12
taku105.com	6608	2024-02-15
talk1073.com	5659	2026-07-10
talkers.com	7446	2026-07-10
talkingpointsmemo.com	25393	2026-07-12
talkingretail.com	13080	2026-07-10
talkradio1170.com	24565	2021-09-07
talkradio960.com	20987	2026-07-12
talkvietnam.com	179795	2023-11-26
tallahassee.com	13322	2023-09-11
tamilguardian.com	5312	2026-07-11
tampabay.com	40369	2026-03-26
tanzanianewsreports.com	17540	2026-07-06
taosnews.com	12338	2026-07-12
tapeop.com	9948	2026-07-12
tapinto.net	6703	2023-08-03
targatocn.it	6253	2026-07-12
targetednews.com	166281	2026-07-11
tasnimnews.com	10617	2025-10-07
tass.com	97872	2026-04-09
tasteofcountry.com	22252	2026-07-12
tasteofhome.com	11189	2026-07-12
tatler.com	7704	2026-07-12
tatlerasia.com	6896	2025-10-27
tauntongazette.com	6714	2023-09-11
taylorvilledailynews.com	21505	2026-07-12
tbnewswatch.com	27463	2025-09-05
tbnweekly.com	13489	2026-05-04
tbsnews.net	21092	2026-03-19
tcpalm.com	12606	2023-09-11
tctimes.com	7650	2026-07-12
tctmd.com	5075	2026-05-19
td.org	5155	2026-03-11
tdh.gov.tm	5180	2026-07-11
tdn.com	62673	2026-07-11
tdtnews.com	30987	2026-07-12
team-bhp.com	42769	2026-06-08
teammyrtlebeach.com	20251	2023-08-29
teamtalk.com	74093	2026-07-12
teamusa.org	6354	2023-08-16
techcabal.com	15725	2026-07-11
techcentral.co.za	8322	2026-05-14
techcentral.ie	5600	2026-07-10
techcrunch.com	67205	2026-07-12
techdirt.com	41170	2026-07-12
techmoran.com	8690	2026-07-12
technewstoday.com	6238	2024-04-04
technical.ly	7490	2026-07-10
technuter.com	6634	2026-06-04
techradar.com	108954	2026-07-12
techreport.com	6990	2026-03-27
techrepublic.com	7100	2026-06-20
techshout.com	5599	2025-09-07
techspot.com	26374	2026-07-12
techstory.in	47213	2026-07-12
techtimes.com	49578	2026-07-12
techxplore.com	35782	2026-01-29
tehachapinews.com	9832	2026-07-08
tehelka.com	7045	2025-09-08
telecomasia.net	7976	2026-01-12
telecompaper.com	59267	2026-07-11
telecomtv.com	5975	2026-07-10
telegrafi.com	6147	2026-07-03
telegram.com	19979	2023-09-11
telegraph.co.uk	238741	2024-11-25
telegraphherald.com	92780	2026-07-12
telegraphindia.com	208030	2024-07-30
teletrader.com	7453	2024-03-13
televisual.com	6343	2026-07-10
tellerreport.com	12622	2024-04-09
telluridenews.com	5013	2026-07-12
tellychakkar.com	94830	2025-02-28
tempo.com.ph	19338	2025-05-27
tennessean.com	23387	2023-09-11
tennesseedaily.com	137212	2026-07-12
tenterfieldstar.com.au	45229	2026-07-12
terracestandard.com	27855	2026-07-12
terradaily.com	24942	2026-07-08
tert.am	5822	2024-11-27
tewkesburyadmag.co.uk	18216	2021-03-11
texarkanagazette.com	32294	2026-07-12
texasguardian.com	213800	2026-07-12
texasmonthly.com	9598	2026-06-22
texastribune.org	8759	2026-07-12
textileworld.com	10477	2026-07-12
thailand-business-news.com	27661	2026-07-12
thailandnews.net	33950	2026-07-12
thatsmags.com	5879	2025-02-07
the-daily-record.com	10173	2023-09-11
the-dispatch.com	12875	2026-07-12
the-independent.com	25406	2026-07-12
the-journal.com	14093	2026-03-19
the-leader.com	6615	2023-09-11
the-messenger.com	95981	2026-07-12
the-review.com	9253	2023-09-11
the-star.co.ke	74246	2026-07-12
the-sun.com	27389	2026-07-11
the42.ie	75631	2026-07-12
the72.co.uk	9908	2026-07-12
theadanews.com	12257	2026-07-11
theadvertiser.com	7982	2023-09-11
theadviser.com.au	7176	2026-07-12
theadvocate.com	64827	2026-07-11
theadvocate.com.au	60042	2026-07-12
theadvocatengr.com	10123	2021-09-14
theage.com.au	245342	2026-07-12
thealpenanews.com	24142	2026-07-11
theamericanconservative.com	8323	2026-07-12
theanswertampa.com	5052	2024-09-25
thearabtribune.com	9170	2026-07-12
theargus.co.uk	167951	2026-07-12
theartnewspaper.com	13760	2026-07-11
theartsdesk.com	12901	2026-07-12
theasian.asia	6020	2026-07-12
theatermania.com	5865	2026-07-11
theathletic.com	40386	2024-05-13
theatlantic.com	31626	2026-07-12
theaustralian.com.au	85916	2024-07-31
theautochannel.com	10931	2026-07-12
thebangladeshtoday.com	6087	2026-07-12
thebatavian.com	21996	2026-07-12
thebeacon.net	5031	2026-07-10
thebeat925.ca	10226	2026-07-10
thebeatdfw.com	10589	2026-07-12
thebeatofthecapital.com	17112	2026-07-11
thebeijinger.com	16081	2026-07-10
thebftonline.com	30857	2026-07-12
thebigdm.com	7541	2026-07-11
thebiglead.com	25330	2026-07-12
thebigstation93blx.com	9605	2026-07-12
theblacksheartimes.com	7155	2026-07-11
theblaze.com	28577	2026-07-12
theboar.org	5949	2026-07-12
theboltonnews.co.uk	156268	2026-07-12
theboneonline.com	14475	2026-07-11
theboot.com	19252	2026-07-12
theborneopost.com	49747	2026-07-12
thebostonpilot.com	20991	2026-07-09
theboxhouston.com	6303	2026-07-12
thebreakingtimes.com	6436	2026-02-05
thebrunswicknews.com	36706	2026-07-12
thebullamarillo.com	9965	2024-04-29
thebulletin.be	8715	2026-05-14
thebulltulsa.com	42888	2025-10-10
thebusinessdesk.com	29504	2026-07-10
thebusinessjournal.com	9126	2026-07-11
thecabin.net	19734	2026-07-11
thecaribbeancamera.com	6465	2026-07-12
thecattlesite.com	8989	2026-07-10
thecentersquare.com	47172	2026-06-26
thechiefleader.com	5514	2026-07-10
thechronicle-online.com	36551	2026-06-29
thechronicle.com.au	59588	2024-07-26
thechronicle.com.gh	26128	2026-07-12
thechronicleherald.ca	29241	2020-11-12
thechronicleonline.com	6398	2024-10-01
thecitizen.co.tz	19980	2026-07-12
thecitizen.com	10565	2026-07-10
thecitizen.in	6672	2026-07-10
thecoast.net.nz	8033	2026-07-08
thecollegefix.com	6688	2026-07-12
thecomet.net	40213	2026-07-12
thecommonsenseshow.com	5386	2022-03-12
thecommunityvoice.com	5604	2026-07-11
theconservativetreehouse.com	47040	2026-07-12
theconstructionindex.co.uk	26947	2026-07-12
theconversation.com	99995	2026-07-12
thecork.ie	5093	2026-07-12
thecorner.eu	5855	2026-07-10
thecourier.co.uk	126383	2025-05-27
thecourier.com	6262	2024-02-01
thecourier.com.au	62622	2026-07-12
thecourierexpress.com	33482	2026-07-11
thecragandcanyon.ca	9146	2026-07-12
thecranberryeagle.com	6309	2026-01-17
thecrimson.com	17796	2026-07-11
thedailybeast.com	69298	2026-07-12
thedailyblog.co.nz	22047	2026-07-12
thedailycitizen.com	13014	2024-08-22
thedailyjournal.com	8370	2023-09-11
thedailymash.co.uk	11868	2026-07-11
thedailymeal.com	23532	2026-07-12
thedailynewnation.com	27080	2024-07-26
thedailynewsonline.com	33353	2026-07-12
thedailyrecord.com	30684	2026-06-04
thedailyreporter.com	5901	2023-09-08
thedailyreview.com	39520	2026-07-12
thedailystar.com	35524	2026-07-12
thedailystar.net	213294	2026-07-12
thedailytimes.com	47919	2026-07-12
thedailyworld.com	7952	2026-07-11
theday.com	76094	2024-12-10
thedenverchannel.com	21269	2022-09-07
thedestinlog.com	5975	2023-09-11
thedickinsonpress.com	35911	2026-07-12
thedigitalcourier.com	34679	2026-07-12
thediplomat.com	22506	2026-07-11
thediplomat.ro	10973	2026-07-10
thedp.com	9724	2026-07-10
thedrinksbusiness.com	14690	2026-07-10
thedrum.com	26111	2026-07-11
theduke.fm	7549	2025-08-29
theeagle.com	35811	2026-07-12
theeagle1069.com	11496	2026-06-23
theeagleonline.com.ng	56942	2026-07-12
theeastafrican.co.ke	17569	2026-07-09
theedgemarkets.com	47793	2023-05-12
theedinburghreporter.co.uk	6845	2026-07-12
theengineer.co.uk	9656	2026-06-05
theenterpriseleader.com	376144	2025-04-18
theepochtimes.com	309516	2026-07-12
thefacts.com	21351	2026-07-12
thefader.com	7979	2026-07-10
thefamuanonline.com	5063	2026-06-02
thefan1075.com	74793	2026-07-12
thefanfm.com	20321	2021-03-19
thefastmode.com	15500	2026-07-10
thefederalist.com	29646	2026-07-10
thefencepost.com	9974	2026-07-10
thefirstnews.com	5660	2024-01-28
thefranklinnewspost.com	6656	2026-07-10
thefreepress.ca	28354	2026-07-12
thefreshloaf.com	13546	2026-07-11
thefrisky.com	8666	2026-06-03
thefrontierpost.com	88164	2026-07-12
thefutoncritic.com	38022	2026-07-12
thegame730am.com	18800	2025-12-01
thegamenashville.com	49385	2026-07-12
thegardenisland.com	17032	2026-07-12
thegazette.com	50684	2026-07-12
theglobeandmail.com	191497	2026-07-12
thegrio.com	40093	2026-07-12
thegrocer.co.uk	30005	2025-09-05
theguardian.com	474774	2026-07-12
theguardian.pe.ca	27018	2020-11-12
thehardtackle.com	48334	2026-07-12
thehawkeye.com	9259	2022-12-02
thehayride.com	5402	2026-07-11
thehealthsite.com	34374	2026-02-16
thehendersonnews.com	10575	2024-05-30
theherald-news.com	9633	2026-01-29
theherald.co.za	6758	2026-07-12
theheraldghana.com	11051	2026-07-12
thehill.com	140700	2026-01-07
thehimalayantimes.com	33165	2026-03-30
thehindu.com	953167	2026-07-12
thehindubusinessline.com	265156	2026-07-12
thehitavada.com	28954	2026-07-12
thehits.co.nz	8393	2026-07-12
thehollywoodgossip.com	16374	2026-07-12
thehorse.com	5111	2026-04-13
thehot1039.com	6830	2026-07-12
thehour.com	150380	2026-06-22
theiet.org	13436	2026-07-11
theifp.ca	6981	2026-07-10
theindependent.co.zw	13749	2026-06-25
theindependent.com	69538	2026-07-12
theindependent.sg	6847	2026-03-17
theindianawaaz.com	30364	2026-07-12
theindychannel.com	8382	2020-08-11
theinertia.com	10081	2026-07-12
theintell.com	5596	2023-01-24
theintelligencer.com	80557	2026-06-22
theintelligencer.net	24710	2026-07-12
theintermountain.com	17657	2026-07-11
theirishfield.ie	11856	2026-07-11
theislandnow.com	5886	2025-10-02
theisonews.com	30453	2020-10-30
theitem.com	24309	2026-07-12
thejakartapost.com	68170	2026-07-12
thejc.com	10733	2026-07-12
thejerseytomatopress.com	8608	2025-07-12
thejetpress.com	5042	2026-07-12
thejournal.ie	117680	2026-07-12
thejoyfm.com	8203	2026-01-05
thejudge13.com	5400	2026-07-12
thekansan.com	9296	2026-06-18
thelancasterandmorecambecitizen.co.uk	31708	2023-02-07
thelancet.com	7560	2024-04-30
theland.com.au	44300	2026-07-12
thelandryhat.com	5490	2026-07-12
theleader.com.au	84840	2026-07-12
theleader.info	16251	2026-07-12
theleafchronicle.com	6764	2023-09-11
theledger.com	15716	2023-09-11
thelincolnite.co.uk	16781	2025-10-23
thelocal.at	6828	2026-07-10
thelocal.ch	7450	2026-07-12
thelocal.de	12405	2026-07-12
thelocal.dk	7711	2026-07-11
thelocal.es	9235	2026-07-11
thelocal.fr	15889	2026-07-12
thelocal.it	7953	2026-07-12
thelocal.no	7151	2026-07-12
thelocal.se	10740	2026-07-11
thelondoner.ca	36738	2025-12-17
themag.co.uk	13407	2026-07-12
themainewire.com	8893	2026-07-12
themalaysianinsight.com	24614	2024-09-16
themaneland.com	5826	2026-07-11
themarketsdaily.com	538957	2026-07-12
themarysue.com	32733	2026-07-09
themedialine.org	22333	2026-07-12
themediaonline.co.za	5885	2026-07-10
themercury.com.au	36877	2024-07-29
themiamihurricane.com	5375	2026-07-12
themiddlemarket.com	23618	2026-07-10
themobileindian.com	12447	2026-07-10
themonitor.com	5325	2021-01-11
themorningbulletin.com.au	63217	2021-06-23
themorningsun.com	32575	2026-07-12
themoscowtimes.com	21980	2026-07-12
themountainmail.com	22516	2026-07-12
themountainpress.com	25708	2026-07-11
themunicheye.com	7911	2026-07-11
themusic.com.au	9630	2026-07-11
thenassauguardian.com	24054	2026-07-11
thenation.com	19155	2026-07-11
thenational.ae	31171	2020-10-14
thenational.com.pg	18317	2026-07-10
thenational.scot	107387	2026-07-12
thenationalherald.com	7932	2026-05-07
thenationalnews.com	59013	2026-07-12
thenationonlineng.net	194896	2026-07-06
thenelsondaily.com	6189	2024-09-27
thenewamerican.com	8382	2026-07-12
thenewdaily.com.au	23374	2025-01-23
thenewdawnliberia.com	23558	2026-07-10
thenewpulsefm.com	6432	2026-07-12
thenews-chronicle.com	36773	2025-01-29
thenews-messenger.com	7786	2023-09-11
thenews.com.pk	484123	2026-07-12
thenewsguard.com	9173	2026-07-10
thenewsherald.com	23144	2026-07-12
thenewsminute.com	31537	2026-07-12
thenewsnigeria.com.ng	11107	2026-07-12
thenewsstar.com	6563	2023-09-11
thenewswheel.com	6752	2026-07-07
thenextweb.com	10440	2026-07-12
thenigerianvoice.com	9550	2026-03-11
thenortheasttoday.com	6563	2025-10-20
thenorthernecho.co.uk	217614	2026-07-12
thenorthlines.com	45553	2026-07-12
thenorthwestern.com	9314	2023-09-11
theoaklandpress.com	42134	2026-07-12
theobserver.ca	45982	2026-07-12
theonion.com	9526	2026-07-12
theonlinecitizen.com	8082	2025-02-13
theparisnews.com	31160	2026-07-12
thepeakfm.com	8260	2026-07-10
thepeninsulaqatar.com	162838	2026-07-12
thepeoplesperson.com	34601	2026-07-12
thepeterboroughexaminer.com	57600	2026-07-12
thephinsider.com	10474	2026-07-12
thephuketnews.com	19442	2025-03-05
thepienews.com	5080	2026-07-10
thepigsite.com	7865	2026-07-10
thepilot.com	7266	2026-07-11
thepinetree.net	5331	2026-07-12
thepinknews.com	20372	2026-07-10
thepiratescove.us	9007	2025-09-07
theplainsman.com	6575	2026-07-12
thepoint.gm	13991	2026-07-12
thepointsguy.com	19232	2026-07-12
theportugalnews.com	47855	2026-07-12
thepost.on.ca	23115	2026-07-12
thepostathens.com	11414	2026-07-10
thepoultrysite.com	8050	2026-07-10
theproducenews.com	11398	2026-01-03
theprogress.com	31172	2026-07-12
theprogressnews.com	15733	2026-07-12
theprovince.com	26426	2026-07-12
theprowersjournal.com	5562	2026-07-12
thepublicopinion.com	26347	2023-09-11
thequietus.com	9782	2026-07-11
thequint.com	6366	2026-03-16
therakyatpost.com	18173	2026-07-12
theranch.fm	9198	2026-06-11
therealdeal.com	50482	2026-07-12
therebelrocks.com	19458	2022-08-22
therecord.com	32556	2026-07-12
thereflector.com	9933	2026-07-09
theregister.com	36094	2026-07-12
thereporter.com	10875	2026-07-12
thereporteronline.com	42625	2026-07-12
therepublic.com	102406	2026-04-01
theridgefieldpress.com	54487	2025-06-14
therightscoop.com	13860	2026-07-12
theroar.com.au	37886	2026-07-12
therockofrochester.com	35806	2026-07-12
therolladailynews.com	8971	2026-07-11
theroot.com	18007	2026-07-12
therural.com.au	41095	2026-07-12
thesalemnewsonline.com	28323	2026-07-08
thescarboroughnews.co.uk	18854	2025-01-23
thescore.com	5139	2026-03-18
thescore1260.com	43210	2026-07-12
thescottishfarmer.co.uk	24734	2026-07-12
thescottishsun.co.uk	6966	2026-02-23
thesheridanpress.com	6698	2026-07-11
theshillongtimes.com	46795	2026-07-12
thesierraleonetelegraph.com	8570	2026-07-11
thesixthaxis.com	9414	2026-07-11
theskanner.com	6754	2026-05-10
theskinny.co.uk	6422	2026-07-10
thesource.com	37065	2026-07-12
thesouthafrican.com	131763	2026-07-12
thesouthern.com	56069	2026-07-12
thesouthernreporter.co.uk	9553	2025-01-23
thespec.com	33597	2026-07-12
thespectrum.com	5397	2023-09-09
thespiritsbusiness.com	12491	2026-07-10
thespread.com	20558	2026-05-11
thespun.com	17568	2023-10-13
thestandard.co.zw	20212	2026-07-12
thestandard.com.hk	105808	2026-03-02
thestandard.org.nz	7041	2025-10-04
thestar.co.uk	20920	2025-01-23
thestar.com	97970	2026-07-10
thestar.com.my	486206	2026-07-12
thestarphoenix.com	35660	2026-07-12
thestarpress.com	7271	2023-09-11
thestatesman.com	68849	2026-06-10
thestkittsnevisobserver.com	5100	2026-03-17
thestrad.com	8272	2025-09-05
thestranger.com	12794	2026-07-10
thestreet.com	43383	2026-07-10
thestreetjournal.org	48434	2026-01-16
thesubtimes.com	14335	2025-10-04
thesuburban.com	17870	2026-07-12
thesudburystar.com	60020	2026-07-12
thesun.co.uk	70390	2026-06-26
thesun.ie	20857	2026-03-18
thesun.my	39404	2026-02-08
thesun.ng	31571	2026-07-12
thesunchronicle.com	83673	2026-07-12
thesundaily.my	99874	2023-11-06
thesylvaherald.com	5887	2026-07-08
thetab.com	31165	2026-07-12
thetablet.co.uk	5686	2026-07-12
thetablet.org	9024	2026-07-08
thetandd.com	58748	2026-07-11
thetelegram.com	22428	2020-11-11
thetelegraph.com	163596	2026-06-22
thetelegraphandargus.co.uk	175118	2026-07-12
thethaiger.com	14483	2026-03-19
thetidenewsonline.com	34149	2026-07-05
thetimes-tribune.com	68217	2026-07-12
thetimes.co.uk	214037	2024-06-05
thetimes.com	85145	2026-07-12
thetimesherald.com	5081	2023-09-11
thetimesnews.com	12248	2026-07-12
thetimestribune.com	24717	2026-07-12
thetottenhamindependent.co.uk	94542	2026-07-12
thetowntalk.com	5540	2023-09-11
thetrucker.com	13709	2026-07-12
thetruthaboutcars.com	16094	2026-07-12
theturtleislandnews.com	18256	2026-07-10
thetyee.ca	8864	2026-07-11
theuknews.com	37353	2026-07-12
theunion.com	19568	2026-07-11
theurbandaily.com	9330	2026-06-24
theusnews.com	140358	2026-07-12
theverge.com	65000	2026-07-12
thevermilion.com	5505	2026-07-12
thevisitor.co.uk	5324	2021-12-13
thevoicebw.com	6374	2024-08-09
thevoiceslu.com	14988	2026-07-11
thevwindependent.com	8310	2026-07-11
thewave.ca	10659	2025-12-07
theweek.co.uk	12509	2023-09-12
theweek.com	53350	2026-07-12
theweek.in	88615	2026-07-12
theweektoday.com	18233	2024-09-18
thewest.com.au	9148	2026-07-05
thewesterlysun.com	24471	2026-07-11
thewestmorlandgazette.co.uk	192642	2026-07-12
thewestonforum.com	6800	2025-10-31
thewestonmercury.co.uk	55870	2026-07-12
thewhig.com	48057	2026-07-12
thewhiskeywash.com	14387	2026-07-12
thewire.in	44530	2024-03-27
thewolf.ca	8091	2026-06-30
theworld.org	9079	2026-06-26
theworldlink.com	21819	2026-07-12
thewrap.com	78394	2026-07-12
thexboxhub.com	9742	2026-07-10
thexradio.com	10829	2026-07-11
theyeshivaworld.com	32219	2026-07-12
theyucatantimes.com	9446	2025-06-10
thezimbabwean.co	6616	2026-07-12
thezimbabwedaily.com	16271	2026-02-04
thezimbabwemail.com	31713	2026-07-12
thirdsector.co.uk	8964	2026-07-03
thisdaylive.com	164604	2026-07-12
thisisanfield.com	21552	2026-01-24
thisislancashire.co.uk	54733	2023-02-07
thisislocallondon.co.uk	155513	2025-12-03
thisismoney.co.uk	52701	2025-11-06
thisisoxfordshire.co.uk	167895	2026-07-12
thisisthewestcountry.co.uk	18359	2023-02-07
thisiswiltshire.co.uk	136281	2026-07-12
thomasnet.com	15573	2024-02-05
thompsoncitizen.net	86287	2025-01-20
thunder987.com	5645	2021-03-31
thurrockgazette.co.uk	91615	2026-07-12
thurstontalk.com	6077	2026-07-12
thv11.com	51235	2026-06-05
thyblackman.com	10057	2026-07-12
tibet.net	9597	2026-07-10
tickerreport.com	426857	2026-07-12
ticotimes.net	6449	2026-01-09
tide1009.com	6739	2026-03-09
tiftongazette.com	10243	2026-07-10
tigerdroppings.com	5399	2022-01-13
tigernet.com	9295	2025-11-20
tigersroar.com	9900	2026-07-07
tillamookheadlightherald.com	14200	2026-07-11
timberjay.com	6643	2026-07-11
time.com	25705	2026-07-12
timeout.com	19107	2026-07-12
timeoutdubai.com	8263	2023-01-03
times-gazette.com	8414	2023-09-11
times-herald.com	6596	2026-07-10
times-journal.com	6225	2026-07-11
times-news.com	38054	2026-07-12
times-series.co.uk	100436	2026-07-12
times-standard.com	14716	2026-07-12
times.co.sz	9098	2026-03-15
timesandstar.co.uk	150497	2026-07-12
timesargus.com	33891	2026-07-11
timesbulletin.com	6962	2026-07-01
timesca.com	14020	2026-07-11
timescall.com	38002	2026-07-12
timescitizen.com	5934	2026-07-11
timescolonist.com	119190	2025-01-21
timesdaily.com	45823	2026-07-12
timesenterprise.com	8951	2026-07-10
timesfreepress.com	35221	2026-07-12
timesgazette.com	8366	2025-09-17
timesherald.com	43787	2026-07-12
timesheraldonline.com	10090	2026-07-12
timeshighereducation.com	11043	2026-07-11
timesleader.com	20575	2026-07-12
timesleader.net	6217	2026-07-09
timesleaderonline.com	18352	2026-07-11
timeslive.co.za	135585	2026-07-12
timesnews.net	36240	2025-11-11
timesnownews.com	143696	2026-04-29
timesofearth.com	6332	2026-07-12
timesofisrael.com	138709	2023-11-04
timesofmalta.com	121997	2026-04-15
timesofoman.com	51627	2026-07-12
timesofsandiego.com	23881	2026-07-12
timesonline.com	9679	2023-09-11
timesrecordnews.com	9821	2023-09-11
timesreporter.com	10999	2023-09-11
timesrepublican.com	21838	2026-07-12
timesreview.com	23630	2026-06-04
timestelegram.com	7281	2023-09-11
timesunion.com	119604	2025-11-14
timeswv.com	18659	2026-07-12
timminspress.com	56023	2026-07-12
timminstimes.com	44691	2026-01-26
tipperarylive.ie	30669	2026-05-14
tippfm.com	18535	2026-07-12
tippmidwestradio.com	13071	2026-07-07
tirebusiness.com	6666	2026-06-09
titansradio.com	16453	2026-06-29
titusvilleherald.com	22168	2022-12-01
tivysideadvertiser.co.uk	124127	2026-07-12
tmcnet.com	437717	2025-01-23
tmj4.com	6376	2026-03-19
tmz.com	51675	2026-07-12
tnledger.com	49204	2026-07-10
tnonline.com	37383	2026-07-12
tnp.sg	13213	2025-10-30
today.az	57332	2026-07-11
today.com	68860	2026-07-12
today.ng	48383	2024-06-20
today.rtl.lu	6406	2026-05-21
todayfm.com	16519	2026-07-11
todayheadline.co	7585	2025-01-27
toffeeweb.com	8346	2026-07-12
tolonews.com	32868	2024-06-06
tomsguide.com	51796	2026-07-12
tomshardware.com	18791	2026-07-12
tonyskansascity.com	45261	2026-07-12
topspeed.com	24502	2026-07-12
topwirenews.com	19559	2026-07-09
tor.com	21154	2024-01-23
toronto.citynews.ca	76871	2026-07-12
toronto.com	15962	2026-07-12
toronto.ctvnews.ca	37722	2025-01-23
torontosun.com	94355	2026-07-12
torontotelegraph.com	102810	2026-07-12
torquenews.com	29341	2026-07-12
totaltele.com	9665	2026-07-09
toucharcade.com	6249	2025-04-19
towleroad.com	15902	2024-04-28
townandcountrymag.com	18495	2026-07-12
townhall.com	91761	2026-07-12
townsvillebulletin.com.au	89228	2026-07-12
toynews-online.biz	5626	2026-07-09
tpr.org	34344	2026-07-12
tradearabia.com	115154	2026-07-12
tradeonlytoday.com	5653	2026-07-11
tradersmagazine.com	8094	2026-07-10
tradewindsnews.com	8151	2026-03-18
trains.com	13616	2026-07-12
trak.in	8973	2026-07-12
transylvaniatimes.com	9725	2026-07-12
travelandleisure.com	22155	2026-03-17
travelbizmonitor.com	8624	2026-07-11
traveldailymedia.com	27645	2026-06-05
traveldailynews.asia	10250	2026-04-19
traveldailynews.com	24067	2026-01-24
travelextra.ie	11071	2026-07-12
traveller.com.au	6007	2023-04-11
travelmarketreport.com	11737	2026-07-10
travelmole.com	9334	2026-05-01
travelweekly.com	19561	2026-02-06
travelweekly.com.au	17356	2026-07-12
trbusiness.com	8920	2026-07-12
trend.az	31560	2026-06-27
trentonian.ca	44449	2026-06-22
trentonian.com	29929	2026-07-12
trib.com	62982	2026-07-12
tribdem.com	58933	2026-07-12
tribecacitizen.com	5413	2026-07-10
triblive.com	99379	2026-05-04
tribstar.com	51045	2026-07-11
tribtoday.com	28740	2026-07-12
tribtown.com	97408	2025-04-15
tribune.com.pk	257201	2026-07-12
tribune.net.ph	66021	2026-07-12
tribune242.com	44735	2026-07-12
tribuneindia.com	279121	2026-07-12
tribuneledgernews.com	34467	2026-07-09
tribuneonlineng.com	158325	2026-07-12
tribunnews.com	7712	2026-07-12
tribute.ca	8148	2025-01-21
tricitynews.com	79527	2025-08-01
trinidadexpress.com	51468	2026-07-12
trinidadtimes.com	52126	2026-07-12
troyrecord.com	36927	2026-07-12
trtworld.com	11841	2026-03-19
truebluela.com	10650	2026-07-12
truenorthreports.com	6071	2023-06-30
trumbulltimes.com	49197	2025-06-14
trussvilletribune.com	11986	2026-07-12
trust.org	37925	2026-04-28
trustedreviews.com	22081	2026-07-11
truthout.org	18756	2026-07-12
tsln.com	7983	2026-07-11
tsn.ca	164087	2026-07-12
tspr.org	23757	2026-07-12
ttgasia.com	12939	2026-07-10
ttnworldwide.com	6858	2026-07-12
ttrweekly.com	10528	2026-07-10
tucson.com	194451	2026-07-12
tucsonpost.com	38975	2026-07-12
tucsonsentinel.com	21556	2025-07-21
tucsonweekly.com	8333	2026-07-09
tudno.co.uk	20766	2023-04-26
tuko.co.ke	17879	2026-03-19
tulsaworld.com	110974	2026-07-12
tuoitrenews.vn	28862	2025-04-16
turkishpress.com	8519	2024-03-13
turlockjournal.com	5177	2026-07-11
turnto10.com	48645	2026-07-12
turnto23.com	48990	2026-07-12
tuscaloosanews.com	10891	2023-09-11
tv6tnt.com	22970	2026-07-12
tvfanatic.com	6905	2025-05-15
tvgrapevine.com	16660	2026-07-12
tvguide.co.uk	1926084	2026-07-12
tvguide.com	9685	2026-07-12
tvline.com	19850	2026-07-12
tvnewscheck.com	25370	2026-07-11
tvnz.co.nz	5645	2021-10-05
tvone.tv	5129	2026-07-09
tvovermind.com	19770	2026-07-12
tvseriesfinale.com	5980	2026-07-12
tvtechnology.com	11343	2026-07-10
tvtonight.com.au	28347	2026-07-12
tweaktown.com	28503	2025-03-01
tweeddailynews.com.au	45440	2021-04-28
twincities.com	37207	2026-07-12
twinsdaily.com	15096	2026-07-12
twitchy.com	61815	2026-07-12
twtd.co.uk	109399	2026-07-12
tylerpaper.com	28293	2026-07-12
typepad.com	10528	2024-12-01
tyrepress.com	6483	2026-07-10
ualrpublicradio.org	48003	2026-07-12
uark.edu	7079	2026-07-10
ubergizmo.com	7849	2026-07-11
ucanews.com	24644	2025-01-23
ucla.edu	6670	2026-07-11
udaipurkiran.com	78644	2026-07-12
udayavani.com	18326	2026-06-28
udn.com	6833	2026-07-12
uefa.com	8140	2024-07-24
uexpress.com	18136	2026-01-13
ufc.com	6989	2026-07-12
uk.com	8159	2026-07-12
ukiahdailyjournal.com	10213	2026-07-12
ukrainianjournal.com	15275	2026-01-27
ukrinform.net	22093	2026-03-19
uky.edu	8737	2026-07-10
ulladullatimes.com.au	60996	2026-07-12
uloop.com	10852	2026-07-12
ultimateclassicrock.com	16122	2026-07-12
ummid.com	19039	2026-07-12
umn.edu	13868	2026-07-10
un.org	6533	2026-07-09
uncrate.com	9908	2026-07-11
undercurrentnews.com	32227	2026-07-10
undertheradar.co.nz	24674	2026-07-12
undertheradarmag.com	18698	2026-07-12
undp.org	26746	2026-07-12
unian.info	12516	2026-02-09
uniindia.com	31007	2026-03-17
union-bulletin.com	44125	2026-07-12
uniondemocrat.com	13195	2026-07-11
unionleader.com	97168	2026-07-12
unionrecorder.com	12151	2026-07-12
universetoday.com	5008	2026-07-12
universityworldnews.com	14097	2026-07-12
unm.edu	5416	2026-07-11
unmultimedia.org	7763	2023-10-16
uow.edu.au	17760	2024-11-07
updatesnews.com	25511	2022-10-01
upenn.edu	6997	2026-07-10
upi.com	99643	2026-07-12
upnorthlive.com	36894	2026-07-12
uppermichiganssource.com	32967	2026-07-12
upr.org	51265	2026-07-12
uproxx.com	20991	2026-07-07
upstract.com	65174	2021-06-14
upstreamonline.com	24400	2026-07-12
urbanacitizen.com	5866	2025-09-17
urbanmilwaukee.com	33028	2026-07-12
urdupoint.com	44060	2025-01-27
us103.com	26107	2026-05-31
us105fm.com	36924	2026-07-12
usanetwork.com	7362	2025-08-13
usatoday.com	217936	2025-04-26
usembassy.gov	7956	2026-07-01
usf.edu	64607	2026-02-26
usmagazine.com	63493	2026-07-12
usnews.com	60090	2024-07-31
usni.org	7584	2026-06-01
utahindependent.com	21938	2026-07-12
uticaod.com	14125	2023-09-11
utilitydive.com	9575	2026-07-10
utv44.com	5862	2026-07-12
v100fm.com	6288	2026-07-12
v100rocks.com	14100	2026-07-11
v1019.com	19246	2026-07-12
vaalweekblad.com	14927	2023-11-09
vaildaily.com	28487	2026-07-12
valdostadailytimes.com	75694	2026-07-11
valleybreeze.com	13623	2026-07-12
valleymorningstar.com	6006	2021-01-11
valleynewslive.com	32377	2026-07-12
valuewalk.com	9489	2025-01-23
vancourier.com	30069	2021-01-13
vancouverisland.ctvnews.ca	24415	2026-06-19
vancouversun.com	58134	2026-07-12
vandaliaradio.com	11730	2026-07-11
vanguardngr.com	215175	2026-07-12
vanityfair.com	18773	2026-07-12
variety.com	94208	2026-07-12
varsity.co.uk	8689	2026-07-12
vavel.com	12212	2026-07-11
vccircle.com	10826	2026-07-10
vcstar.com	9705	2023-09-11
vcyamerica.org	5662	2023-07-13
vdare.com	10802	2024-07-25
vegnews.com	12892	2026-07-11
venezuelastar.com	20375	2026-07-12
venturebeat.com	5743	2025-08-30
venturesafrica.com	22144	2024-11-16
vermilionstandard.com	12570	2026-07-12
vermontbiz.com	24960	2026-07-12
vernonmorningstar.com	51248	2026-07-12
verticalmag.com	13685	2026-07-12
vervetimes.com	11695	2025-01-26
vestnikkavkaza.net	24786	2022-01-22
veteranstoday.com	14175	2025-02-13
vg247.com	9508	2026-06-23
vgchartz.com	40138	2026-07-11
vibe.com	11993	2026-07-11
vice.com	18846	2026-07-12
vicnews.com	37207	2026-07-12
victoriaadvocate.com	5288	2026-07-12
victorygirlsblog.com	6617	2026-07-12
vietnamnet.vn	30619	2026-06-03
vietnamnews.vn	61537	2026-07-12
vietnamtribune.com	59156	2026-07-12
viewngr.com	44838	2025-01-29
vikings.com	5656	2026-07-09
vikingsterritory.com	18352	2026-07-12
villagesoup.com	21386	2024-09-18
vindy.com	48673	2026-07-12
vir.com.vn	29136	2026-07-11
virginislandsdailynews.com	19565	2026-07-10
virginislandsnewsonline.com	36415	2026-07-12
virginradio.co.uk	8273	2026-07-06
visayandailystar.com	32164	2026-06-06
vision.org.au	8528	2026-07-10
visionmp.com	10399	2026-07-10
vladtv.com	45830	2026-07-12
vmagazine.com	7602	2026-06-03
vnews.com	20500	2026-07-12
vnexpress.net	16986	2026-03-19
voanews.com	134105	2025-03-20
voazimbabwe.com	12730	2026-03-20
vocm.com	38866	2026-07-12
vogue.co.uk	18429	2026-07-12
vogue.com	32877	2026-07-12
vogue.in	10499	2026-07-12
voice-online.co.uk	10940	2026-07-10
voicenews.com	19643	2025-11-04
voiceofalexandria.com	81012	2026-07-12
voiceofvienna.org	15408	2026-07-11
voiceonline.com	9601	2026-07-12
vol.at	16005	2026-07-11
volcanodiscovery.com	17696	2026-07-12
vovworld.vn	9520	2026-01-25
vox.com	19949	2026-07-12
voxy.co.nz	48332	2026-07-07
vpm.org	20009	2023-01-27
vpr.org	5702	2022-06-22
vtcng.com	14141	2026-07-12
vtdigger.org	12525	2026-07-12
vulcanadvocate.com	8657	2026-07-12
vulture.com	25522	2026-07-12
vvdailypress.com	8735	2023-09-11
w4country.com	5931	2026-07-12
wa1a.com	10224	2026-07-12
waateanews.com	25651	2026-07-12
waaytv.com	47227	2026-07-12
wabcradio.com	7619	2025-02-02
wabe.org	21327	2026-04-24
wabi.tv	37626	2026-07-12
wabx.net	33129	2026-07-12
wach.com	36934	2026-07-12
wacotrib.com	70803	2026-07-11
wadenapj.com	25255	2026-07-12
wadk.com	36074	2026-07-12
waer.org	40288	2026-07-12
wafb.com	38233	2026-07-12
waff.com	32887	2026-07-12
wagmtv.com	12242	2026-07-10
wahoo-ashland-waverly.com	17376	2026-07-12
wahpetondailynews.com	15461	2026-07-12
waka.com	10808	2026-07-12
wakefieldexpress.co.uk	18345	2025-01-23
wakg.com	7974	2026-07-12
walb.com	33103	2026-07-12
walesonline.co.uk	251079	2026-07-12
walkermn.com	14465	2026-07-12
wallaceburgcourierpress.com	38498	2026-06-29
wallowa.com	8350	2026-07-10
wallpaper.com	15067	2026-07-12
walls102.com	8142	2023-06-13
wallstreet-online.de	85384	2026-07-12
wam.ae	15139	2023-11-04
wamc.org	51569	2026-07-12
wamda.com	5809	2026-07-09
wandsworthguardian.co.uk	130122	2026-07-12
wandtv.com	60624	2026-07-12
wantedinrome.com	8866	2026-07-12
wape.com	12313	2026-07-11
wapt.com	66829	2026-07-12
wardsauto.com	7046	2026-02-03
warm1033.com	24162	2026-07-12
warm1069.com	9607	2026-07-11
warm98.com	11551	2026-07-12
warringtonguardian.co.uk	153702	2026-07-12
warsawvoice.pl	12750	2026-03-18
warwickdailynews.com.au	51988	2021-04-28
warwickonline.com	5948	2026-07-11
warwickshireworld.com	12934	2025-01-23
washingtonblade.com	8350	2026-07-12
washingtonexaminer.com	160664	2026-07-12
washingtonian.com	12909	2026-07-11
washingtoninformer.com	6786	2026-07-11
washingtonpost.com	306594	2024-08-02
washingtontimes.com	292813	2026-04-13
washtimesherald.com	43245	2026-07-12
waste360.com	5106	2025-01-19
wataugademocrat.com	48510	2026-07-12
watchingamerica.com	8080	2026-07-11
waterford-news.ie	67045	2026-07-12
watermarkonline.com	35425	2025-11-03
wateronline.com	10727	2026-07-10
waterwaysjournal.net	5368	2026-07-10
watfordobserver.co.uk	110448	2026-07-12
watoday.com.au	131565	2026-07-12
wattsupwiththat.com	8155	2026-07-12
wausaudailyherald.com	9127	2023-09-11
waxahachietx.com	5976	2026-07-09
wbaa.org	77032	2026-07-12
wbal.com	70125	2026-07-04
wbaltv.com	73704	2026-07-12
wbap.com	88465	2026-07-12
wbay.com	38214	2026-07-12
wbbjtv.com	34056	2026-07-12
wbckfm.com	23781	2025-11-29
wbco.com	6086	2026-07-11
wbez.org	6272	2026-07-12
wbfo.org	39821	2025-04-01
wbgo.org	5963	2026-07-08
wbir.com	60093	2026-06-05
wbiw.com	46111	2026-07-12
wbjournal.com	13528	2026-07-12
wbkb11.com	6795	2026-07-12
wbko.com	23284	2026-07-12
wbkr.com	25114	2026-07-12
wblk.com	38358	2026-07-12
wblm.com	33260	2026-07-12
wbls.com	9442	2026-07-11
wbmq.net	17237	2020-08-26
wbng.com	23402	2026-07-12
wbnowqct.com	5640	2026-07-10
wbnq.com	12695	2026-07-12
wboc.com	90829	2026-07-12
wboi.org	45234	2026-07-12
wbrc.com	46514	2026-07-12
wbrz.com	71891	2026-07-12
wbsm.com	20161	2026-07-12
wbszfm.com	5335	2026-07-12
wbt.com	8127	2026-07-12
wbtmdanville.com	9569	2026-07-11
wbtv.com	35874	2026-07-12
wbur.org	53712	2026-07-12
wbwn.com	9470	2026-07-12
wcax.com	39664	2026-07-12
wcbe.org	58460	2026-07-12
wcbi.com	20772	2026-07-11
wcbm.com	28276	2026-07-12
wccbcharlotte.com	41270	2026-07-12
wccftech.com	47215	2026-07-12
wccq.com	9401	2024-05-24
wcfcourier.com	114149	2026-07-12
wchstv.com	35826	2026-07-12
wcjb.com	32638	2026-07-12
wclk.com	33025	2026-07-12
wclo.com	10685	2025-05-20
wcnc.com	66822	2026-06-06
wcoapensacola.com	43560	2026-07-10
wcpo.com	32412	2026-07-12
wcrz.com	21923	2026-07-10
wcsmradio.com	10177	2026-07-11
wcsufm.org	64327	2026-07-12
wcsx.com	17643	2026-07-12
wcsy.com	39571	2026-07-06
wcti12.com	40945	2026-07-12
wctrib.com	53666	2026-07-12
wctv.tv	29043	2026-07-12
wcvb.com	101725	2026-07-12
wcyb.com	32843	2026-07-12
wcyy.com	29931	2026-07-10
wdadradio.com	14522	2026-07-11
wdam.com	35178	2026-07-12
wdbj7.com	34501	2026-07-12
wdbo.com	47709	2026-07-12
wdbqam.com	9893	2026-07-12
wdef.com	24644	2026-07-12
wdel.com	25741	2026-07-12
wden.com	5678	2026-07-12
wdet.org	10061	2026-07-10
wdez.com	22574	2026-07-12
wdhafm.com	15418	2026-07-12
wdio.com	62117	2026-07-12
wdiy.org	44476	2026-07-12
wdjx.com	8566	2026-07-10
wdkx.com	5395	2022-07-25
wdrb.com	100274	2026-07-12
wdrv.com	9083	2026-07-11
wdsm710.com	39528	2026-07-12
wdsu.com	104080	2026-07-12
wdtimes.com	33500	2026-07-12
wdtv.com	20137	2026-07-12
wdzz.com	8939	2026-07-12
weaa.org	51021	2025-02-25
wealthmanagement.com	17077	2026-07-11
weareiowa.com	7839	2026-03-16
weartv.com	34150	2026-07-12
weatherforddemocrat.com	14179	2026-07-11
weathernationtv.com	6054	2026-07-12
weau.com	31080	2026-07-12
webcamfeet.com	5756	2021-11-12
webindia123.com	419825	2026-07-12
webmd.com	10270	2026-07-07
webwire.com	36401	2026-07-12
wect.com	35964	2026-07-12
weeklyblitz.net	31807	2026-07-12
weeklytimesnow.com.au	11584	2024-07-22
weforum.org	8434	2024-01-12
wegotthiscovered.com	68271	2025-02-24
weirtondailytimes.com	21693	2026-07-11
weisradio.com	18260	2026-01-06
wellandtribune.ca	70296	2026-07-12
wellingtondailynews.com	5440	2026-07-07
wellingtontimes.com.au	35736	2026-07-12
wellsvilledaily.com	5537	2022-04-14
wemu.org	33941	2026-07-12
wenatcheeworld.com	25319	2026-07-11
wenxuecity.com	33852	2026-07-12
weny.com	30068	2026-07-12
wesa.fm	41179	2026-06-04
wesh.com	77152	2026-07-12
wesm913.org	17888	2022-01-28
westcentralonline.com	16775	2026-07-12
westcentralsbest.com	48087	2026-07-12
westerlynews.ca	30675	2026-07-12
westernadvocate.com.au	110318	2026-07-12
westernmassnews.com	22584	2026-07-12
westernpeople.ie	35096	2026-07-12
westerntelegraph.co.uk	123437	2026-07-12
westernweekender.com.au	5478	2026-07-12
westernwheel.ca	6258	2025-09-05
westfaironline.com	12165	2026-07-12
westhawaiitoday.com	19623	2026-07-12
westkentuckystar.com	29641	2026-07-12
westmeathexaminer.ie	46618	2026-07-12
westmeathindependent.ie	45677	2026-07-12
westofthei.com	7050	2026-07-12
westport-news.com	54149	2022-03-01
westseattleblog.com	47315	2026-07-12
westsussextoday.co.uk	7480	2022-02-09
westword.com	12900	2026-07-12
wetaskiwintimes.com	15251	2026-07-12
weyburnreview.com	37373	2021-07-29
wfaa.com	64004	2026-06-05
wfae.org	69121	2026-07-12
wfasam.com	13054	2021-05-17
wfav951.com	14050	2026-07-10
wfdd.org	51223	2026-07-12
wfgr.com	21383	2024-07-03
wfin.com	45335	2025-06-14
wfirnews.com	5209	2026-07-10
wfit.org	6657	2026-07-10
wfiwradio.com	11698	2026-07-11
wfls.com	17392	2026-07-12
wflx.com	32444	2026-07-12
wfmd.com	13383	2026-07-11
wfmj.com	109890	2026-07-12
wfms.com	7230	2026-07-12
wfmynews2.com	66653	2026-06-05
wfmz.com	253662	2026-07-12
wfnc640am.com	68932	2026-06-25
wfnt.com	13115	2026-07-11
wfsb.com	36005	2026-07-12
wfsu.org	47755	2026-07-12
wftv.com	44229	2026-07-12
wftw.com	69191	2025-03-28
wfuv.org	9604	2026-07-12
wfxd.com	6582	2026-04-09
wfxl.com	6512	2025-09-11
wfyi.org	14798	2026-07-11
wgac.com	6440	2026-07-12
wgal.com	80992	2026-07-12
wgan.com	14980	2026-07-10
wgauradio.com	58647	2026-07-12
wgbh.org	23802	2026-07-11
wgcu.org	30423	2026-07-12
wgil.com	10100	2026-07-09
wglr.com	25258	2026-07-11
wglt.org	60182	2026-07-12
wgmd.com	40402	2026-07-12
wgme.com	40701	2026-07-12
wgna.com	33416	2026-07-12
wgni.com	9079	2026-07-12
wgnsradio.com	16749	2026-07-12
wgntv.com	7621	2026-05-05
wgog.com	5998	2026-07-12
wgow.com	46787	2026-07-12
wgowam.com	74868	2026-07-12
wgrd.com	44724	2026-07-12
wgrr.com	9972	2026-07-11
wgrz.com	46639	2026-06-05
wgxa.tv	9552	2026-07-12
wharfedaleobserver.co.uk	116061	2026-07-12
whas11.com	68292	2026-06-25
whatdidyousay.org	15446	2025-11-11
whatech.com	27398	2026-07-11
whathifi.com	11102	2026-07-12
whatsnew2day.com	14117	2025-01-27
whatson.ae	20684	2026-07-12
whatsonstage.com	11096	2026-07-12
whatsontv.co.uk	5261	2021-06-10
whbl.com	68963	2026-07-12
whby.com	9160	2026-07-10
whcuradio.com	10235	2024-06-23
whdg.com	16367	2026-07-11
whdh.com	54576	2026-07-12
whec.com	130372	2026-07-12
whidbeynewstimes.com	6010	2026-07-10
whig.com	59894	2026-07-12
whio.com	44390	2026-07-12
whitecourtstar.com	13285	2026-07-12
whitehorsestar.com	5917	2026-01-29
whitehouse.gov	6012	2026-03-17
whitsundaytimes.com.au	56923	2021-04-28
whittierdailynews.com	45444	2026-07-12
whiznews.com	14776	2026-07-12
whky.com	21393	2026-07-12
whmi.com	24270	2026-07-12
whnt.com	6192	2025-06-12
who.int	10225	2026-07-11
whopam.com	23652	2026-07-12
whqr.org	45500	2026-07-12
whro.org	14472	2026-07-12
whrpfm.com	8960	2026-07-12
whsv.com	28963	2026-07-12
whtc.com	47603	2026-07-12
whtimes.co.uk	55152	2026-07-12
whvoradio.com	13931	2026-05-31
whyy.org	26383	2026-07-12
wiartonecho.com	22301	2026-07-12
wibailoutpeople.org	5620	2026-07-11
wibc.com	28245	2026-07-12
wibqam.com	45131	2026-01-10
wibw.com	45607	2026-07-12
wibx950.com	29895	2026-07-11
wickedlocal.com	236673	2023-09-11
wicz.com	61919	2026-07-12
wifc.com	19382	2026-07-12
wifr.com	24611	2026-07-12
wigantoday.net	27415	2025-01-23
wiky.com	39941	2026-07-12
wild1029.com	9117	2026-07-12
wild1049hd.com	6114	2023-03-21
wild941.com	23508	2026-07-12
wiley.com	5260	2026-07-09
williamsondailynews.com	7200	2026-07-09
willistonherald.com	14307	2026-07-12
willitsnews.com	6405	2026-07-12
willmarradio.com	43925	2026-07-11
wilm-tv.com	8193	2021-09-20
wilmingtonbiz.com	12073	2025-01-22
wilsonpost.com	5372	2023-03-01
wilsontimes.com	5529	2026-07-12
wiltonbulletin.com	62996	2025-06-14
wiltsglosstandard.co.uk	115890	2026-07-12
wiltshiretimes.co.uk	145382	2026-07-12
wilx.com	33160	2026-07-12
wimbledonguardian.co.uk	120047	2026-07-12
wimsradio.com	17153	2026-07-12
wimz.com	6760	2026-07-06
winchesterstar.com	61507	2026-07-12
wincountry.com	19424	2026-07-12
windfm.com	6765	2026-07-11
windowscentral.com	33691	2026-07-12
windowstorussia.com	5923	2026-06-10
windpowermonthly.com	7211	2026-07-02
windsor.ctvnews.ca	20740	2025-04-09
windsorite.ca	19835	2025-09-22
windsorstar.com	57633	2026-07-12
windtech-international.com	9162	2026-07-10
wingsmagazine.com	5727	2026-07-09
wink104.com	10217	2026-07-12
winknews.com	54519	2026-07-12
winnipeg.ctvnews.ca	27808	2025-04-25
winnipegfreepress.com	318601	2026-07-12
winnipegsun.com	53982	2026-07-12
winonadailynews.com	37896	2026-07-09
winonapost.com	10421	2026-07-10
winsfordguardian.co.uk	67252	2023-03-07
winteriscoming.net	8272	2026-07-12
wionews.com	25883	2026-02-12
wiov.com	7261	2026-07-12
wired.com	20744	2026-07-12
wiredprnews.com	26047	2025-10-24
wirralglobe.co.uk	133141	2026-07-12
wirx.com	19919	2026-07-09
wisbechstandard.co.uk	35533	2026-07-12
wisbusiness.com	13963	2026-07-10
wisc.edu	13665	2026-07-12
wiscassetnewspaper.com	24503	2026-07-12
wiscnews.com	66631	2026-07-11
wisconsin106.com	15308	2025-03-13
wisconsinagconnection.com	14596	2026-07-10
wisconsinrapidstribune.com	9142	2023-09-11
wisfarmer.com	5440	2023-09-11
wishtv.com	71181	2026-07-12
wislawjournal.com	11691	2026-06-03
wisn.com	73143	2026-07-12
wispolitics.com	20426	2026-07-10
wisr680.com	8999	2026-07-11
wistv.com	38170	2026-07-12
withinnigeria.com	12604	2026-03-04
witl.com	37328	2026-07-12
witn.com	35871	2026-07-12
witneygazette.co.uk	130150	2026-07-12
wits.ac.za	5384	2026-07-10
wivk.com	12187	2026-07-12
wixx.com	27402	2026-07-10
wiznation.com	13064	2026-07-12
wjactv.com	32950	2026-07-12
wjbc.com	39974	2026-07-09
wjbq.com	28331	2026-07-10
wjbr.com	12970	2025-12-04
wjcl.com	70382	2026-07-12
wjct.org	70463	2026-07-12
wjcw.com	56198	2026-06-22
wjez.com	10673	2026-07-12
wjfw.com	20604	2026-07-12
wjhg.com	25462	2026-07-12
wjimam.com	23474	2025-12-01
wjla.com	48232	2026-07-12
wjle.com	5928	2026-07-12
wjmi.com	18966	2026-05-04
wjnt.com	23076	2026-04-22
wjol.com	34537	2026-07-12
wjon.com	37751	2026-07-12
wjoxam.com	50601	2026-04-07
wjpf.com	5985	2026-07-10
wjr.com	43542	2026-07-12
wjrz.com	13558	2026-07-12
wjsu.org	19822	2025-03-11
wjtn.com	20429	2026-07-10
wjvl.com	5257	2025-03-09
wkar.org	18098	2026-07-12
wkbw.com	40916	2026-07-12
wkdq.com	36572	2026-07-12
wkdzradio.com	16787	2026-06-14
wkfr.com	24422	2026-07-12
wkjc.com	42149	2026-07-12
wkkg.com	9730	2026-07-10
wkmi.com	17491	2025-11-30
wkml.com	15622	2026-07-12
wkms.org	53992	2026-07-12
wknofm.org	81576	2026-07-12
wkow.com	6158	2026-05-21
wkrb13.com	486644	2025-04-18
wksn.com	20376	2026-07-10
wksu.org	17996	2022-12-08
wktn.com	10025	2026-07-12
wktv.com	42580	2026-07-12
wkuherald.com	9450	2026-07-10
wkvi.com	7482	2026-07-10
wkxi.com	15993	2026-05-09
wkyc.com	70523	2026-06-06
wkyt.com	32874	2026-07-12
wkyufm.org	43694	2026-07-12
wkzo.com	76580	2026-07-12
wlav.com	10389	2026-07-12
wlbt.com	8276	2026-03-19
wlds.com	11503	2026-07-10
wlec.com	22723	2026-07-12
wlevradio.com	9704	2026-07-12
wlfi.com	25427	2026-07-11
wlip.com	22868	2026-07-10
wlkm.com	8639	2026-07-10
wlky.com	80999	2026-07-12
wlni.com	5321	2026-04-30
wlos.com	40116	2026-07-12
wlox.com	33013	2026-07-12
wlrfm.com	16412	2026-07-12
wlrh.org	26531	2026-07-12
wlrn.org	49179	2026-07-12
wlsam.com	54470	2026-07-10
wltribune.com	32704	2026-07-12
wltx.com	63246	2026-06-25
wltz.com	6310	2026-06-19
wlwi.com	6264	2026-07-12
wlwt.com	89990	2026-07-12
wmac-am.com	48079	2026-07-12
wmagazine.com	6381	2026-07-10
wmal.com	39438	2026-07-12
wmay.com	11097	2025-04-11
wmbfnews.com	39029	2026-07-12
wmcactionnews5.com	21076	2021-05-19
wmdt.com	33516	2026-07-12
wmfe.org	18986	2024-04-02
wmgk.com	16246	2026-07-12
wmicentral.com	10444	2026-07-12
wmmq.com	33755	2026-07-12
wmnf.org	7406	2026-07-11
wmot.org	24000	2025-08-12
wmra.org	44525	2026-07-12
wmtram.com	9920	2026-07-11
wmtv15news.com	18984	2026-07-12
wmtw.com	72726	2026-07-12
wmuk.org	24393	2026-07-12
wmur.com	93716	2026-07-12
wn.com	399042	2026-07-12
wnaw.com	18761	2026-07-12
wnax.com	8971	2026-07-10
wnbf.com	17822	2026-07-12
wncv.com	9109	2026-07-12
wncw.org	31719	2026-07-12
wncy.com	27501	2026-07-10
wnd.com	37100	2026-07-12
wndu.com	31140	2026-07-12
wnem.com	23249	2026-07-12
wnep.com	57274	2026-06-05
wnewsj.com	19288	2025-05-15
wnir.com	9568	2026-07-09
wnmtradio.com	19176	2022-12-08
wnmufm.org	70986	2026-07-12
wnpr.org	6587	2021-07-14
wnyt.com	45063	2026-03-11
woad.com	19065	2026-04-22
wobm.com	59363	2026-07-12
wogb.fm	17185	2026-07-12
wogx.com	18454	2026-07-04
wohfradio.com	29093	2026-07-12
wokq.com	27465	2026-07-12
wokv.com	62498	2026-07-12
womanandhome.com	24854	2026-07-12
womansworld.com	12618	2026-07-12
womenofchina.cn	11042	2025-06-09
womenshealthmag.com	17160	2026-07-11
wondradio.com	41731	2026-07-12
wonkette.com	5739	2026-06-22
woodallscm.com	5438	2026-07-10
woodlandsonline.com	10018	2026-07-12
woodstocksentinelreview.com	40715	2026-07-12
woodwardnews.net	10393	2026-07-10
woodworkingnetwork.com	9527	2025-12-16
woonsocketcall.com	12488	2026-07-12
worcesternews.co.uk	107104	2026-07-12
wordpress.com	17062	2026-07-12
workers.org	5585	2026-03-06
workerscompensation.com	8321	2026-07-11
workersliberty.org	8719	2025-11-07
worksopguardian.co.uk	12974	2025-01-23
world-nuclear-news.org	7287	2026-07-10
worldbank.org	10189	2026-07-07
worldboxingnews.net	7275	2025-03-04
worldcasinodirectory.com	7838	2026-07-11
worldcrunch.com	14971	2025-01-23
worldipreview.com	5080	2026-07-10
worldoil.com	13636	2026-07-11
worldpoliticsreview.com	5243	2026-07-10
worldscreen.com	13861	2025-08-22
worldsoccertalk.com	14787	2022-08-10
worldtempus.com	6278	2026-07-11
wortfm.org	6174	2025-05-02
worthingherald.co.uk	6867	2022-02-10
worthplaying.com	13325	2026-07-10
worthynews.com	5819	2026-07-12
wosu.org	15370	2026-07-11
woub.org	10706	2026-07-11
wowo.com	9759	2026-07-12
wowt.com	38015	2026-07-12
wpbf.com	66325	2026-07-12
wpde.com	47129	2026-07-12
wpdh.com	44391	2026-07-12
wphm.net	13327	2026-07-01
wpr.org	11349	2026-07-11
wprl.org	54300	2025-10-06
wpsdlocal6.com	53702	2026-07-12
wpst.com	36727	2026-07-12
wpsu.org	64837	2026-07-12
wptv.com	51716	2026-07-12
wpxi.com	44100	2026-07-12
wqad.com	51386	2026-06-05
wqcmfm.com	13716	2026-06-20
wqcs.org	56053	2026-07-12
wqel.com	5622	2026-07-10
wqut.com	21568	2026-07-12
wral.com	150475	2026-07-12
wraltechwire.com	12216	2025-11-06
wrcbtv.com	57393	2022-01-13
wrdw.com	38091	2026-07-12
wrestlezone.com	38004	2026-07-11
wrestlinginc.com	62220	2026-07-12
wrestlingnewssource.com	25672	2026-07-06
wrexham.com	15521	2026-07-12
wrfalp.com	7745	2026-07-10
wrganews.com	12362	2026-07-12
wrhi.com	5534	2026-07-07
wrif.com	30136	2026-07-12
writersdigest.com	5605	2026-07-12
wrjn.com	5351	2026-07-10
wrjo.com	5695	2026-07-06
wrkf.org	37203	2026-07-12
wrkr.com	24485	2026-07-10
wrmf.com	10967	2026-07-11
wror.com	20335	2026-07-12
wrp.org.uk	6203	2026-07-11
wrrv.com	38835	2026-07-11
wruf.com	10581	2026-07-11
wrur.org	9371	2026-07-12
wrvo.org	61505	2026-07-12
wsau.com	103285	2026-07-12
wsaw.com	30671	2026-07-12
wsaz.com	27554	2026-07-12
wsbradio.com	61782	2026-07-12
wsbs.com	12782	2026-07-10
wsbt.com	38910	2026-07-12
wsbtv.com	53348	2026-07-12
wscountytimes.co.uk	6332	2022-02-09
wset.com	41340	2026-07-12
wsfa.com	31804	2026-07-12
wsfl.com	7117	2026-07-12
wsgw.com	20234	2026-07-10
wshu.org	40526	2026-07-12
wsiltv.com	53396	2026-07-11
wsiu.org	75476	2026-07-12
wsj.com	58643	2026-06-22
wsjm.com	30708	2026-07-12
wsjs.com	5404	2026-07-08
wskg.org	6784	2026-03-08
wsls.com	134441	2026-07-12
wsmv.com	35533	2026-07-12
wsnewspublishers.com	7109	2025-08-29
wsoctv.com	44317	2026-07-12
wsrkfm.com	18438	2026-07-09
wsu.edu	8514	2026-07-09
wsvaonline.com	5422	2024-04-02
wsvn.com	47367	2026-07-12
wsws.org	40317	2026-07-12
wtae.com	79476	2026-07-12
wtap.com	5700	2026-03-19
wtaq.com	53428	2026-07-10
wtax.com	7000	2024-05-20
wtbdfm.com	11527	2024-01-02
wtbx.com	24756	2026-07-10
wthitv.com	37279	2026-07-12
wtka.com	15955	2024-08-27
wtkr.com	57367	2026-07-12
wtma.com	106588	2026-07-12
wtmj.com	42324	2026-07-12
wtmx.com	10105	2026-07-10
wtoc.com	34795	2026-07-12
wtok.com	23301	2026-07-12
wtol.com	61161	2026-06-06
wtop.com	88339	2026-07-12
wtov9.com	33977	2026-07-12
wtsp.com	75398	2026-06-06
wttf.com	31101	2026-07-12
wttw.com	14739	2025-12-16
wtug.com	18883	2026-07-12
wtva.com	47004	2026-07-12
wtvbam.com	54832	2026-07-12
wtvm.com	27295	2026-07-12
wtvq.com	19894	2026-07-12
wtvr.com	51085	2026-07-12
wtvy.com	21919	2026-07-12
wtxl.com	30814	2026-07-12
wuft.org	39509	2026-07-12
wuky.org	27485	2026-07-12
wunc.org	21040	2026-07-10
wupe.com	17733	2026-07-12
wusa9.com	68551	2026-06-05
wutc.org	39827	2026-07-12
wuuqradio.com	11944	2026-07-11
wuwf.org	52631	2026-07-12
wuwm.com	17319	2026-07-11
wvasfm.org	50397	2026-07-12
wvel.com	7412	2026-07-02
wvfm1065.com	5078	2020-12-07
wvgazettemail.com	43261	2026-07-12
wvik.org	52238	2026-07-12
wvlkam.com	68663	2026-07-12
wvlnam.com	8629	2026-07-09
wvmetronews.com	24067	2026-07-12
wvnews.com	110265	2026-01-24
wvnn.com	40823	2026-06-22
wvpublic.org	12544	2026-07-11
wvrecord.com	5873	2025-05-20
wvtf.org	33124	2026-07-12
wvtm13.com	65587	2026-07-12
wvxu.org	42952	2026-07-12
wwaytv3.com	28640	2026-07-12
wwd.com	45240	2026-07-12
wweek.com	11998	2026-07-12
wwisradio.com	5249	2026-07-11
wwjb.com	5988	2025-02-24
wwki.com	5785	2026-07-12
wwltv.com	56312	2026-06-05
wwmt.com	40483	2026-07-12
wwno.org	45984	2026-07-12
wwnytv.com	25570	2026-07-12
wwqq101.com	5702	2026-07-12
wxerfm.com	18828	2026-07-10
wxfx.com	9264	2026-07-11
wxii12.com	76255	2026-07-12
wxkr.com	13843	2026-07-11
wxlo.com	9687	2026-07-12
wxow.com	51882	2026-07-12
wxpr.org	30794	2026-07-12
wxxinews.org	54426	2026-07-12
wxxv25.com	26862	2026-07-12
wxyz.com	51713	2026-07-12
wydaily.com	15413	2026-07-12
wyff4.com	79309	2026-07-12
wynn1063.com	20483	2026-07-12
wyomingnews.com	92279	2026-07-12
wyomingnewsnow.tv	36196	2026-07-12
wyomingpublicmedia.org	43944	2026-07-12
wypr.org	51457	2026-07-12
wyrk.com	43183	2026-07-12
wyshradio.com	5141	2026-07-08
wyso.org	43781	2026-07-12
wysu.org	24730	2026-07-12
wzid.com	6551	2026-07-11
wzozfm.com	19044	2026-07-12
wzpl.com	7771	2026-07-12
wzzm13.com	69198	2026-06-26
x1071.com	30982	2026-07-11
xboxachievements.com	9229	2025-04-26
xinhuanet.com	172414	2026-06-16
xlcountry.com	14051	2026-07-12
xpatloop.com	10250	2026-07-11
xtra99.com	17559	2026-07-11
xxlmag.com	13542	2026-07-10
y-103.com	9632	2026-07-12
y100fm.com	7623	2026-07-12
y101.com	14043	2026-07-10
y101hits.com	9969	2026-07-12
y102montgomery.com	22841	2026-07-12
y105fm.com	40533	2026-07-12
y105music.com	25814	2026-07-12
y108.ca	8100	2026-07-07
y94.com	36780	2026-07-12
y95country.com	28651	2026-07-12
yachtsandyachting.com	29840	2026-07-12
yahoo.com	6355081	2026-07-12
yakimaherald.com	98299	2026-07-12
yaktrinews.com	8775	2023-06-26
yale.edu	11612	2026-07-10
yaledailynews.com	5862	2026-01-16
yalibnan.com	9133	2026-07-12
yambolnews.net	6474	2025-10-22
yanksgoyard.com	5339	2026-07-12
yankton.net	60610	2026-07-12
yardbarker.com	163776	2026-07-12
yasstribune.com.au	67402	2026-07-12
ycombinator.com	5885	2026-07-11
ydr.com	6710	2023-09-11
yellowhammernews.com	13728	2026-07-12
yen.com.gh	10134	2026-03-19
yenisafak.com	20714	2025-09-16
yeovilexpress.co.uk	58449	2023-06-08
yesweekly.com	10454	2026-07-11
yle.fi	16868	2026-07-10
yna.co.kr	6410	2026-03-12
ynaija.com	8959	2026-07-12
ynetnews.com	65486	2026-07-12
yorkdispatch.com	14408	2023-09-11
yorknewstimes.com	47486	2026-07-12
yorkpress.co.uk	166627	2026-07-12
yorkregion.com	11801	2026-07-12
yorkshireeveningpost.co.uk	26040	2025-01-23
yorkshirepost.co.uk	60971	2025-01-23
yorktonthisweek.com	42911	2021-07-29
youngwitness.com.au	19855	2026-07-09
youralaskalink.com	22219	2026-07-12
yourdemocracy.net	5435	2026-07-12
yourdemocracy.net.au	18613	2026-07-12
youredm.com	7476	2026-06-26
yourfortdodge.com	19780	2026-07-09
yourlocalguardian.co.uk	187637	2026-07-12
yourobserver.com	13482	2025-09-10
yoursourceone.com	80350	2026-07-12
yourstephenvilletx.com	5056	2026-07-08
yourstory.com	36278	2026-07-04
yourtango.com	47339	2026-07-12
yourthurrock.com	10861	2026-07-12
yovizag.com	6577	2026-07-11
ypradio.org	67066	2026-07-12
yubanet.com	8739	2026-07-11
yukon-news.com	6291	2026-07-12
yumasun.com	59746	2026-07-12
z100fm.com	5678	2026-07-12
z100missoula.com	14651	2026-07-12
z1023online.com	16905	2026-07-12
z103.fm	11188	2024-08-29
z1077fm.com	11062	2026-07-12
z937.com	20932	2026-07-12
z93jamz.com	16181	2026-07-12
z94.com	25989	2026-07-12
z943radio.com	8741	2025-01-06
z96.com	10447	2026-07-12
zawya.com	199620	2026-07-12
zazoom.it	10625	2026-07-10
zdnet.com	40425	2026-07-12
zerohedge.com	132107	2026-07-12
zfenglish.com	39911	2026-07-10
ziarelive.ro	5451	2024-08-01
zigwheels.com	20853	2026-07-11
zimbabwesituation.com	15629	2026-07-06
zimbabwestar.com	52212	2026-07-12
zimeye.net	10503	2026-07-05
zizonline.com	6575	2026-07-10
zmescience.com	13195	2026-07-12
znsbahamas.com	5730	2026-07-10
zodiakmalawi.com	6752	2026-07-09
zonebourse.com	6769	2026-05-15
zrock103.com	9002	2026-07-12
zululandobserver.co.za	18680	2023-08-31
