1005freshradio.ca	8954	2026-09-12
1009theeagle.com	11642	2026-08-20
1010wcsi.com	7307	2025-08-27
1011now.com	33718	2026-09-13
1015hankfm.com	9175	2025-07-28
1015thehawk.com	10170	2026-03-23
1015vibe.com	8623	2026-09-11
1019thebeatfm.com	9206	2025-05-15
1019thekeg.com	26327	2026-05-12
1019therock.com	25497	2026-09-09
1021thefox.com	9214	2026-09-12
1023thebullfm.com	17949	2026-09-10
1023thewolf.com	8201	2026-09-04
1025kiss.com	37813	2026-09-12
1025wowcountry.com	7548	2026-09-13
1027kord.com	33358	2026-09-14
1027thevibe.com	7934	2026-09-13
102thebear.com	6131	2026-09-13
1031freshradio.ca	8931	2026-09-14
1033theeagle.com	6668	2026-09-01
1033wvyb.com	8679	2026-09-11
1035kissfmboise.com	25101	2026-09-13
1035theeagle.com	9324	2026-07-29
1037theloon.com	27837	2026-09-13
1039wvbo.com	28262	2026-09-14
103gbfrocks.com	36333	2026-09-13
103kkcn.com	19480	2026-09-13
103weup.com	10062	2026-09-14
103wjod.com	23854	2026-09-13
1041wdlt.com	9512	2026-09-13
1043freshradio.ca	8350	2026-09-14
1043theparty.com	7491	2026-09-13
1045bobfm.com	5391	2024-09-10
1045freshradio.ca	7548	2026-09-14
1045theteam.com	23048	2026-09-13
1045thezone.com	30341	2026-09-14
1045wjjk.com	5991	2026-09-13
1049maxcountry.com	8001	2021-04-15
1049nashicon.com	5906	2026-09-13
1049thebeat.com	17926	2026-09-13
1049theedge.com	7670	2023-01-13
1049thewolf.com	16182	2026-09-14
104thehawk.com	10965	2026-09-12
1050talk.com	7314	2020-02-18
1053hotfm.com	6192	2026-09-13
1055thehawk.com	6159	2024-06-16
1057thehawk.com	56292	2026-09-14
1057thepoint.com	16118	2026-09-14
1057thex.com	9300	2026-09-13
1059thehog.com	9300	2026-08-30
1063cowboycountry.com	6354	2021-01-15
1063thebuzz.com	31129	2026-09-13
1063thegroove.com	7910	2026-09-13
1065thearch.com	12110	2026-09-12
1065thebuzz.com	15872	2026-09-14
1069morefm.com	6042	2022-09-07
1073modfm.com	24944	2026-08-10
1073theeagle.com	9457	2026-09-11
1073wsjy.com	5991	2025-11-22
1075daverocks.com	7765	2026-09-13
1075koolfm.com	7798	2026-09-11
1075thegame.com	42159	2026-09-14
1075zoofm.com	8459	2022-07-07
1077thebone.com	7214	2026-09-11
1079ishot.com	48346	2026-09-13
107jamz.com	17863	2026-09-13
1090kaay.com	19774	2026-09-13
10news.com	98242	2026-09-14
10tv.com	62651	2026-06-25
1150kknw.com	5806	2026-09-14
1170kfaq.com	5326	2020-05-08
11alive.com	76527	2026-06-06
1280wnam.com	22183	2026-02-02
1290wlby.com	38471	2026-09-13
12news.com	62356	2026-06-26
12newsnow.com	54381	2026-06-06
12onyourside.com	13148	2026-09-14
1310kfka.com	13955	2026-09-11
1310news.com	29075	2020-12-03
1350kman.com	15969	2026-09-13
1370wfea.com	8940	2026-09-12
1380kcim.com	8887	2026-03-18
13abc.com	29851	2026-09-14
13newsnow.com	73852	2026-06-06
13wham.com	42538	2026-09-14
13wmaz.com	59415	2026-06-06
1470kyyw.com	9006	2026-09-14
1470wmbd.com	10508	2023-03-10
1490wosh.com	81729	2026-09-12
14news.com	41320	2026-09-14
1520theticket.com	53163	2026-06-29
1590walg.com	17537	2020-08-26
1630kcjj.com	13940	2026-09-13
1660thefan.com	10612	2020-12-04
1prime.biz	32781	2023-12-29
247sports.com	6960	2023-02-02
247wallst.com	19420	2026-09-14
27east.com	8050	2026-09-12
29news.com	10942	2026-09-13
2ec.com.au	5395	2026-09-14
2gb.com	31746	2026-09-14
2hd.com.au	5912	2024-12-18
2lt.com.au	16083	2026-09-14
2merkato.com	5221	2026-09-13
2news.com	82637	2026-09-14
2nm.com.au	5350	2026-09-13
2paragraphs.com	14497	2026-09-12
360cities.net	23862	2026-06-04
360nobs.com	5978	2020-10-03
3aw.com.au	19550	2026-09-14
3ba.com.au	5034	2026-09-14
3blmedia.com	8533	2026-09-14
3quarksdaily.com	9653	2026-05-24
4029tv.com	66439	2026-09-14
411mania.com	105251	2025-11-29
41nbc.com	26887	2026-09-13
4bc.com.au	27903	2026-09-14
4ni.co.uk	14059	2026-09-11
51.ca	7515	2026-09-11
5280.com	5631	2026-09-10
560cfos.ca	11980	2025-07-31
570news.com	56393	2021-10-17
5newsonline.com	51740	2026-06-06
5tjt.com	10304	2026-06-04
6000.co.za	5335	2026-09-13
620ckrm.com	26842	2026-09-14
640wxsm.com	69358	2026-09-14
660wxqw.com	20062	2025-06-14
680kfeq.com	13564	2026-09-05
680news.com	113457	2021-10-17
6abc.com	61753	2026-09-14
6pr.com.au	10693	2026-09-14
702.co.za	24442	2024-01-15
710keel.com	26224	2026-09-13
730ckdm.com	6817	2026-09-13
740thefan.com	28981	2026-09-14
790business.com	41914	2022-08-10
790wpic.com	61853	2026-08-18
7news.com.au	5070	2026-03-12
7newsbelize.com	38853	2026-09-12
7thspace.com	39838	2024-09-15
850wftl.com	18211	2026-05-06
895thelake.ca	8534	2023-11-21
90min.com	58926	2025-09-29
915thebeat.com	8656	2026-09-14
919thebend.ca	10859	2026-02-10
91x.fm	5277	2026-09-11
921theticket.com	86375	2026-09-14
921wrou.com	25343	2026-08-10
927thedrive.net	19893	2026-09-11
927thevan.com	17931	2026-09-14
929nin.com	47541	2026-09-13
929peakfm.com	13855	2026-09-13
929thebull.com	31418	2026-09-13
929thelake.com	30742	2026-09-13
929theticket.com	9431	2026-09-13
929zzu.com	9213	2026-09-14
92moose.fm	29273	2026-09-14
92q.com	18179	2026-09-14
92qnashville.com	10545	2026-09-12
931coast.com	6752	2026-09-11
931freshradio.ca	8108	2026-09-14
931kmkt.com	18250	2026-08-23
931thebeat.com	9260	2026-09-13
931theborder.ca	8735	2025-09-08
933nashicon.com	5801	2026-09-09
933thedrive.com	38969	2026-09-14
937kclb.com	9653	2026-08-10
937kcountry.com	5272	2026-09-14
937nashicon.com	7073	2025-03-17
937theeagle.com	5831	2026-09-11
93q.com	19555	2026-09-13
93x.com	5566	2026-09-13
940wfaw.com	27438	2024-10-06
941theduke.com	7652	2026-09-11
943jackfm.com	23103	2026-09-13
943thepoint.com	57280	2026-09-14
945thehawkradio.com	5947	2026-09-13
945themoose.com	8687	2026-09-09
947wls.com	5747	2026-09-11
949whom.com	28889	2026-09-14
951kbby.com	8959	2026-09-13
953thebear.com	31449	2026-09-14
953thescore.com	61347	2026-09-14
955glo.com	9035	2026-09-12
955wtvy.com	6076	2026-09-01
959kissfm.com	12445	2026-09-13
95kqds.com	9688	2026-09-11
95rockfm.com	31700	2026-09-13
95sx.com	10473	2026-09-13
961jamz.com	8940	2026-09-13
961theeagle.com	34701	2026-09-13
963bigfm.com	7374	2026-09-02
963jackfm.com	8574	2026-09-14
963kklz.com	17051	2026-09-13
963theblaze.com	27903	2026-09-14
963wdvd.com	5199	2026-08-31
963xke.com	6306	2026-09-13
965bobfm.com	7279	2024-08-08
965kvki.com	39631	2026-09-13
965therock.com	20330	2026-09-13
967theeagle.net	32845	2026-09-13
969therock.com	14920	2026-09-06
96fm.ie	5800	2026-09-10
96krock.com	27053	2026-08-06
96kzel.com	9099	2026-09-12
971kissfm.com	5102	2022-09-16
973thedawg.com	46559	2026-09-14
975kgkl.com	21615	2026-09-13
975klak.com	6919	2020-05-30
975now.com	34841	2026-09-13
975thevibe.com	22864	2026-09-13
975wabd.com	11189	2026-09-14
977thebay.com	6214	2026-09-12
977theriver.com	12897	2025-05-26
979kickfm.com	32159	2026-09-14
979nashicon.com	5534	2026-09-13
979x.com	10494	2026-09-13
97rockonline.com	33540	2026-09-13
97x.com	22237	2026-09-11
97xonline.com	8055	2026-09-11
97zokonline.com	38915	2026-09-12
980waav.com	77043	2026-09-13
981thehawk.com	36068	2026-09-13
981themax.com	9286	2026-09-13
983nashicon.com	5974	2026-09-13
983thecoast.com	34934	2026-08-10
983thesnake.com	21786	2026-09-12
983wlcs.com	6156	2026-08-18
985kissfm.net	6118	2026-09-12
985thebull.com	12689	2026-09-02
987jack.com	23754	2026-09-14
987thebomb.com	6541	2026-09-04
987thebull.com	11553	2026-08-12
989magicfm.com	10650	2026-09-13
989xfm.ca	5746	2026-09-13
98cool.ca	11201	2026-09-07
98fm.com	14256	2026-09-11
98kupd.com	9252	2026-09-11
98q.com	7176	2026-09-11
98rocks.fm	18119	2026-08-13
98theticket.com	15783	2021-01-15
991thewhale.com	32693	2026-09-13
993kjoy.com	9787	2026-09-14
993thex.com	6075	2026-09-07
995qyk.com	21443	2026-09-14
995thewolf.com	7210	2026-09-10
997wtn.com	79229	2026-08-18
999ktdy.com	35938	2026-09-13
999thefoxrocks.com	7211	2026-09-13
999thepoint.com	27241	2026-09-13
99jamzmiami.com	5585	2026-09-12
9and10news.com	61337	2026-09-12
9news.com	62857	2026-06-05
9news.com.au	107292	2026-05-31
9thlevel.ie	8248	2025-12-04
9to5mac.com	22236	2026-09-13
aa.com.tr	90021	2026-09-14
aaj.tv	6866	2025-10-27
aarp.org	13986	2026-09-13
aawsat.com	125629	2026-09-14
abajournal.com	10826	2026-09-13
abbynews.com	33283	2026-09-14
abc-7.com	25368	2025-02-05
abc.net.au	198424	2026-09-14
abc10.com	72693	2026-06-25
abc11.com	77871	2026-09-14
abc12.com	36400	2026-09-14
abc13.com	85921	2026-09-14
abc15.com	54798	2026-09-14
abc17news.com	108100	2026-09-14
abc23.com	10512	2026-09-12
abc30.com	68316	2026-09-14
abc3340.com	42541	2026-09-14
abc57.com	58996	2026-09-14
abc6.com	10148	2026-01-23
abc6onyourside.com	41596	2026-09-13
abc7.com	72077	2026-09-14
abc7amarillo.com	33203	2026-09-14
abc7chicago.com	99374	2026-09-14
abc7news.com	78205	2026-09-14
abc7ny.com	85241	2026-09-14
abcactionnews.com	47042	2025-08-18
abcaudio.com	5535	2026-06-09
abccolumbia.com	41641	2026-09-13
abcfoxmontana.com	10097	2020-03-03
abcnews.com	18942	2026-09-14
abcnews4.com	48309	2026-09-14
abcnewsradioonline.com	21946	2021-04-12
abebooks.co.uk	5398	2023-12-06
aberdeennews.com	16891	2023-09-11
abnnewswire.net	7362	2026-09-14
aboutmyarea.co.uk	7782	2026-06-14
abovethelaw.com	27647	2026-09-11
abplive.com	7280	2026-03-17
abqjournal.com	86420	2026-09-14
abs-cbn.com	45218	2025-02-12
abstvradio.com	8889	2026-09-10
accesswdun.com	132647	2026-05-26
accountantsdaily.com.au	6915	2026-09-13
accountingtoday.com	19059	2026-09-12
aceshowbiz.com	110010	2026-09-10
ack.net	7269	2026-09-12
acm.org	8233	2025-11-11
acrofan.com	16721	2024-06-05
acs.org	8537	2026-09-11
actionforex.com	43407	2026-09-14
actionnews5.com	21165	2026-09-14
actionnewsjax.com	43517	2026-09-14
actionnewsnow.com	17223	2026-03-19
actmedia.eu	17349	2026-09-14
actuarialpost.co.uk	6638	2026-09-11
adage.com	9059	2026-07-23
adb.org	5286	2026-09-10
adelaidenow.com.au	56534	2024-07-27
adgully.com	78332	2026-09-14
adirondackdailyenterprise.com	16924	2026-04-13
adn.com	47509	2026-09-14
adnews.com.au	11657	2026-08-25
adsoftheworld.com	7091	2022-05-07
advanced-television.com	17206	2026-09-14
advancedbiofuelsusa.info	14500	2023-07-26
advertiser.ie	5171	2026-09-11
advertisernewssouth.com	5241	2026-09-13
advisor.ca	10865	2026-07-14
advocate-news.com	18716	2026-09-13
advocate.com	9189	2026-09-12
advocateanddemocrat.com	29886	2026-09-13
adweek.com	32320	2026-09-13
aei.org	22973	2026-09-14
aero-news.net	93865	2026-09-14
aerospace-technology.com	5672	2024-11-14
aerotechnews.com	7758	2026-09-13
af.mil	23754	2025-02-27
afa.net	5106	2026-09-11
afaqs.com	14102	2026-09-14
afar.com	7662	2026-09-12
afghanislamicpress.com	5766	2026-09-13
afghanistannews.net	56522	2026-09-14
afghanistansun.com	53282	2026-09-14
afghanistantimes.af	5533	2022-02-18
afl.com.au	17406	2026-09-14
afloat.ie	22339	2026-09-10
afn.net	7605	2024-09-08
afp.com	7433	2026-09-12
afr.com	153908	2026-09-14
afr.net	8499	2026-09-13
africa-newsroom.com	44710	2026-09-14
africa.com	24885	2026-09-14
africabusiness.com	6858	2026-09-09
africaintelligence.com	12170	2026-08-07
africaleader.com	101628	2026-09-14
african.business	13985	2025-12-02
africanews.com	45860	2026-09-13
africanexaminer.com	17773	2026-07-23
afro.com	8239	2026-08-29
afropages.fr	37473	2025-09-18
agassizharrisonobserver.com	42686	2026-09-14
agenda.ge	9624	2025-02-27
aginfo.net	23450	2026-09-13
agnews890.com	5709	2026-09-01
agreenliving.org	5844	2022-05-27
agri-pulse.com	6934	2026-09-13
agriculture.com	27864	2026-03-17
agriland.ie	45203	2026-01-13
agrinews-pubs.com	13537	2026-09-14
agupdate.com	17169	2026-09-13
agweek.com	12417	2026-09-12
agwired.com	8370	2026-09-14
ahram.org.eg	100228	2026-09-10
ai-cio.com	5427	2026-09-11
aidesep.org.pe	5933	2025-10-03
aikenstandard.com	5935	2023-06-19
ainonline.com	9975	2026-09-11
airdriecityview.com	43048	2025-01-23
airdrieecho.com	9314	2026-09-13
airdrietoday.com	18510	2023-05-11
airforce-technology.com	6980	2026-09-11
airforcetimes.com	9509	2026-09-13
airliners.net	10712	2026-04-23
airport-technology.com	6142	2026-09-11
ajc.com	73442	2026-09-13
ajmc.com	14664	2026-04-24
ajot.com	10138	2026-09-03
ajp.com.au	6548	2026-09-14
akipress.com	110333	2026-09-14
akp.gov.kh	23557	2026-09-13
akronnewsreporter.com	8860	2026-09-13
al-monitor.com	49736	2026-09-14
al.com	75487	2026-03-25
alabamanews.net	13758	2023-04-13
alabamawx.com	14666	2025-08-14
alamogordonews.com	6086	2026-09-12
alarabiya.net	20388	2025-12-05
alaraby.co.uk	8389	2022-11-16
alaska-native-news.com	8784	2026-09-13
alaskahighwaynews.ca	45396	2023-11-01
alaskapublic.org	8590	2026-09-12
alaskasnewssource.com	12406	2026-09-14
albanyherald.com	81229	2025-06-06
albawaba.com	72384	2026-09-13
alberta.ca	5590	2026-09-12
albuquerqueexpress.com	94877	2026-09-14
aldergrovestar.com	33055	2026-09-14
aldianews.com	9033	2026-09-11
aleteia.org	18333	2026-09-13
algemeiner.com	37035	2026-09-12
alice1077.com	10677	2026-09-13
alice965.com	14481	2026-09-13
alipac.us	33150	2026-09-14
aljazeera.com	123005	2026-09-14
allaboutthejersey.com	5398	2026-09-13
allaccess.com	12520	2024-11-05
allafrica.com	589182	2026-09-14
alleywatch.com	21033	2026-09-14
allhiphop.com	24067	2026-09-14
alligator.org	8914	2026-09-13
allkpop.com	62192	2026-08-23
allmediany.com	7207	2020-10-14
allthehitsb951.com	10423	2026-09-13
alltoc.com	8831	2026-04-15
allure.com	6924	2026-09-12
almanacnews.com	12240	2026-09-13
almanar.com.lb	11558	2026-01-24
almayadeen.net	5251	2025-01-26
alt1017.com	10060	2024-11-19
altaz933.com	7328	2026-09-11
altenergymag.com	9058	2026-09-02
alternet.org	33132	2026-09-13
altondailynews.com	9971	2021-06-21
altoonamirror.com	22388	2026-09-14
altpress.com	9018	2025-01-23
am-online.com	20323	2025-12-12
am1050.com	7241	2024-08-08
am1070theanswer.com	5920	2024-05-17
am1100theflag.com	18223	2026-08-12
am1590theanswer.com	6050	2022-07-01
am920theanswer.com	5919	2024-05-17
am9501007fm.com	27723	2026-06-08
am970theanswer.com	5919	2024-05-17
amarillo.com	9981	2023-09-11
amarillosrockstation.com	9249	2026-09-13
amarujala.com	148264	2026-06-15
amazinavenue.com	8736	2026-09-13
amazingmadison.com	26562	2026-09-11
amazonaws.com	35940	2026-08-04
americamagazine.org	15161	2026-09-12
americanbanker.com	26689	2026-09-12
americanbazaaronline.com	9732	2026-09-14
americanfreepress.net	10087	2026-06-11
americanisraelite.com	7079	2026-09-09
americanpress.com	27426	2026-09-13
americansongwriter.com	49919	2026-09-14
americanthinker.com	51669	2026-09-13
americantop40.com	14027	2026-09-12
amestrib.com	8559	2023-09-11
amherstbulletin.com	5162	2026-09-11
ammoland.com	22560	2026-08-31
ammonnews.net	14011	2026-09-10
amny.com	20946	2026-09-14
amren.com	20876	2026-09-13
amsterdamnews.com	10290	2026-09-13
analystratings.com	5117	2021-04-29
anandabazar.com	12880	2023-08-22
anchoragepress.com	5844	2026-09-14
ancient-origins.net	20362	2026-09-14
andhrawishesh.com	6851	2026-05-02
andina.pe	10818	2025-04-22
andoveradvertiser.co.uk	108016	2026-09-14
androidauthority.com	21068	2026-09-09
androidcentral.com	38668	2026-09-14
androidcommunity.com	6682	2022-02-03
androidheadlines.com	38407	2026-07-30
androidpolice.com	38359	2026-09-13
angelusnews.com	5480	2026-09-11
anglocelt.ie	47793	2026-09-13
angop.ao	7651	2025-01-03
anhuinews.com	18173	2026-09-14
animenewsnetwork.com	59865	2025-09-07
aninews.in	567405	2026-09-14
annistonstar.com	26038	2026-09-13
ansa.it	14848	2026-09-11
ansamed.info	9391	2023-03-13
antaranews.com	74892	2026-09-14
antigojournal.com	32902	2026-09-14
antiguaobserver.com	14373	2026-09-08
antiwar.com	22601	2026-09-14
antonyloewenstein.com	7003	2026-09-14
aol.co.uk	267687	2026-09-14
aol.com	289198	2026-09-14
ap.org	20431	2026-06-04
apartmenttherapy.com	14278	2026-04-26
apnews.com	386275	2025-03-05
app.com	16834	2023-09-11
app.com.pk	33134	2026-04-24
appeal-democrat.com	19523	2026-09-13
appleinsider.com	47626	2026-09-08
applevalleynewsnow.com	9568	2026-09-13
apr.org	33121	2026-09-14
aps.dz	13325	2026-09-13
aqha.com	5136	2026-03-27
arabherald.com	114119	2026-09-14
arabianbusiness.com	34763	2026-01-29
arabnews.com	170341	2026-09-14
arabtimesonline.com	48311	2026-09-13
araratadvertiser.com.au	23520	2026-09-14
archaeology.org	5683	2026-09-12
archdaily.com	83801	2026-09-14
archinect.com	43100	2026-09-13
architectsjournal.co.uk	18670	2026-09-11
architecturaldigest.com	8785	2026-09-11
architectureanddesign.com.au	19272	2026-09-11
archyde.com	14291	2025-01-27
ardmoreite.com	5647	2026-09-10
areadevelopment.com	6937	2026-09-13
areanews.com.au	50672	2026-09-14
argentinastar.com	37860	2026-09-14
argus-press.com	11614	2026-09-14
argusleader.com	11421	2023-09-10
argusmedia.com	7637	2026-08-26
argusobserver.com	14964	2026-09-14
argyllshireadvertiser.co.uk	5460	2024-01-25
ariananews.af	19059	2026-09-13
arirang.co.kr	11819	2022-10-11
arirang.com	11761	2022-10-11
arizona.edu	6968	2026-09-10
arizonadailyindependent.com	11937	2026-09-13
arka.am	10609	2026-09-14
arkansasbusiness.com	16124	2026-03-11
arkansasonline.com	173382	2026-09-14
arkansasrazorbacks.com	8316	2026-09-13
arktimes.com	20360	2026-09-13
arlnow.com	28627	2026-09-12
armenianweekly.com	6614	2026-09-11
armenpress.am	85985	2025-06-04
armidaleexpress.com.au	54912	2026-09-14
armstrongeconomics.com	11136	2026-09-14
army-technology.com	8606	2026-09-11
army.mil	5081	2026-06-18
armytimes.com	10175	2026-09-12
arn.ps	13271	2026-09-13
arnnet.com.au	18205	2026-09-14
arrowheadaddict.com	6768	2026-09-14
arrowheadpride.com	15307	2026-09-14
arsenal.com	14061	2026-08-21
arsenalnews.co.uk	59931	2026-09-13
arstechnica.com	14606	2026-09-13
artdaily.com	48690	2026-09-14
artemis.bm	6345	2026-09-11
artfixdaily.com	6664	2025-11-18
artforum.com	5251	2026-09-11
artnet.com	19077	2026-08-07
artnews.com	9323	2026-09-13
artshub.com.au	12609	2026-09-14
artsjournal.com	9753	2026-09-12
arynews.tv	33771	2026-09-14
as.com	10088	2026-03-19
asahi.com	44649	2026-09-02
asbarez.com	6735	2026-07-15
ashepostandtimes.com	13769	2026-09-12
ashleycountyledger.com	30571	2026-09-13
asiaasset.com	6128	2026-09-13
asiabulletin.com	100821	2026-09-14
asianage.com	35429	2026-09-13
asianews.it	14986	2026-07-09
asianews.network	29247	2026-09-14
asianimage.co.uk	83134	2026-09-14
asianjournal.com	11867	2026-09-14
asiaone.com	152975	2026-09-14
askmen.com	5934	2026-06-04
aspendailynews.com	50164	2026-08-30
aspenpublicradio.org	46694	2026-09-14
aspentimes.com	21607	2026-09-14
astanatimes.com	9243	2026-09-14
astroawani.com	7022	2025-11-17
astronomy.com	6279	2026-09-13
asurampage.com	6130	2026-09-12
at40.com	6095	2021-10-15
athens-times.com	106130	2026-09-13
athensmessenger.com	9002	2026-09-13
athensreview.com	18999	2026-09-11
athleticsnation.com	5505	2026-09-14
atholdailynews.com	20785	2026-09-13
atlantablackstar.com	28181	2026-06-04
atlantafalcons.com	5033	2026-09-14
atlantaleader.com	16309	2026-09-14
atlantanewsfirst.com	28632	2026-09-14
atlantic.ctvnews.ca	32788	2025-01-23
atlanticcouncil.org	8386	2026-09-14
attackofthefanboy.com	21398	2026-09-13
attitude.co.uk	7460	2026-09-11
atvtoday.co.uk	20020	2026-09-12
auburnpub.com	65403	2026-09-13
augustafreepress.com	38785	2026-09-14
austinchronicle.com	31453	2026-09-12
austinglobe.com	89173	2026-09-14
australianherald.com	39902	2026-09-14
australiannews.net	79439	2026-09-14
autoblog.com	23954	2026-06-28
autocarindia.com	20785	2026-09-14
autoconnectedcar.com	5902	2026-09-13
autoevolution.com	85876	2026-05-10
autoexpress.co.uk	17262	2026-09-14
autonews.com	18592	2026-06-18
autoremarketing.com	6177	2026-09-12
autospies.com	24779	2026-09-14
autoweek.com	13251	2026-09-14
avclub.com	26821	2026-05-14
avenuemail.in	19912	2026-09-11
averyjournal.com	12242	2026-09-14
avherald.com	6042	2026-09-13
aviationweek.com	20521	2026-09-14
avn.com	11973	2026-09-12
avondhupress.ie	5764	2026-09-13
avweb.com	7757	2026-09-11
awesome98.com	30531	2026-09-13
awfulannouncing.com	29582	2026-09-14
awn.com	9259	2026-09-11
axios.com	16472	2024-06-05
axisoflogic.com	6291	2022-07-23
axs.com	10667	2025-01-20
aysor.am	5431	2026-09-11
azbigmedia.com	13421	2026-09-14
azbusinessdaily.com	9052	2024-01-25
azcapitoltimes.com	7910	2026-09-11
azcardinals.com	5223	2026-09-14
azcentral.com	69880	2023-09-11
azdailysun.com	49694	2026-09-13
azerbaijannews.net	64222	2026-09-14
azernews.az	59254	2026-09-14
azertag.az	46217	2026-06-23
azfamily.com	51294	2026-09-14
azocleantech.com	9084	2026-09-12
azom.com	15777	2026-09-14
azonano.com	5851	2026-09-14
azorobotics.com	5072	2026-09-11
azpbs.org	7013	2026-09-12
azsnakepit.com	7389	2026-09-14
b100quadcities.com	29463	2026-09-11
b1027.com	28686	2026-09-13
b1039.com	17884	2026-04-17
b1047.com	5691	2026-09-13
b105country.com	15240	2026-09-12
b106fm.com	8855	2026-09-14
b92.net	11321	2026-07-19
b93.net	30072	2026-09-12
b93radio.com	18050	2026-09-14
b975.com	11090	2026-09-14
b97hawaii.com	6883	2026-09-02
b98.com	9906	2026-09-13
b985.com	11580	2026-09-13
b985.fm	33500	2026-09-14
b987.com	6277	2026-09-13
badlefthook.com	11818	2026-09-13
baguiomidlandcourier.com.ph	5491	2024-07-30
baidu.com	49499	2026-09-14
bainbridgereview.com	5352	2026-09-11
bakercityherald.com	8029	2026-09-12
bakersfield.com	94862	2026-09-14
bakersfieldnow.com	39508	2026-09-13
bakeryinfo.co.uk	5136	2025-09-05
balkaninsight.com	7117	2026-09-14
ballinaadvocate.com.au	34874	2021-04-28
balloon-juice.com	20047	2026-03-11
ballot-access.org	7378	2026-09-13
balls.ie	5222	2026-09-13
ballstatedaily.com	6910	2026-07-15
baltic-course.com	5550	2026-04-04
baltictimes.com	18454	2026-09-11
baltimorebeatdown.com	7322	2026-09-14
baltimoreravens.com	8870	2026-09-14
baltimorestar.com	100853	2026-09-14
baltimoresun.com	139295	2026-09-14
bamsmackpow.com	6348	2026-09-14
banana1015.com	29160	2026-09-13
banburycake.co.uk	41634	2023-03-07
banburyguardian.co.uk	14854	2025-01-23
bandt.com.au	19317	2026-09-14
bangkokpost.com	151070	2026-08-25
bangladeshinfo.com	12248	2025-06-14
bangladeshsun.com	70354	2026-09-14
banglamirrornews.com	23689	2026-06-08
banglanews24.com	5026	2025-10-28
bangordailynews.com	54266	2026-09-14
bankerandtradesman.com	13673	2026-09-13
bankinfosecurity.com	16155	2026-09-12
bankingnews.gr	6983	2026-09-13
banklesstimes.com	11479	2026-07-31
banksnews.gr	10591	2025-07-24
baptistnews.com	7443	2026-09-14
barandbench.com	35137	2026-09-14
barbadostoday.bb	42016	2026-09-14
barcablaugranes.com	17761	2026-09-14
baristanet.com	5189	2023-08-22
barnsleychronicle.com	5523	2025-10-16
barrie.ctvnews.ca	20049	2025-01-23
barrons.com	76655	2026-06-18
barryanddistrictnews.co.uk	93976	2026-09-14
bartlesvilleradio.com	39323	2026-09-12
basildonstandard.co.uk	30362	2021-03-11
basingstokegazette.co.uk	114539	2026-09-14
bassresource.com	5177	2025-04-17
batemansbaypost.com.au	73191	2026-09-14
batonrougepost.com	50011	2026-09-14
baxterbulletin.com	9557	2026-09-12
bay939.com.au	5939	2026-09-14
baylorlariat.com	6172	2026-09-12
baynews9.com	8092	2026-08-27
bayshorebroadcasting.ca	14444	2026-09-13
baystreet.ca	38898	2026-09-14
baytownsun.com	19285	2026-09-11
bbc.co.uk	347641	2026-09-14
bbc.com	215893	2026-09-14
bbj.hu	9401	2025-10-20
bc.ctvnews.ca	35669	2025-01-23
bcdemocrat.com	7924	2025-07-02
bchomez.com	35967	2026-07-24
bclocalnews.com	7159	2020-04-07
bcps.org	38714	2026-08-05
bctv.org	5580	2026-09-13
bdnews24.com	65821	2025-11-13
bdonline.co.uk	9209	2025-09-05
bdtonline.com	60925	2026-09-13
beach951.com	16755	2026-09-11
bear104.com	13543	2026-09-12
bearingarms.com	20725	2026-09-14
beat.com.au	16527	2026-06-04
beat102103.com	8483	2026-09-11
beatricedailysun.com	52435	2026-09-13
beaufortcountynow.com	16440	2026-09-14
beaumontenterprise.com	67505	2025-11-18
beaver1003.com	8581	2026-09-11
beckersasc.com	11332	2026-08-01
beckershospitalreview.com	27729	2026-08-01
beckersspine.com	7564	2026-08-01
bedfordgazette.com	18663	2026-09-13
bedfordtoday.co.uk	15205	2025-01-23
beefcentral.com	6016	2026-09-14
beefmagazine.com	5014	2025-01-01
begadistrictnews.com.au	62739	2026-09-14
behindthesteelcurtain.com	17294	2026-09-14
beijingbulletin.com	112349	2026-09-14
belfastlive.co.uk	109872	2026-09-14
belfasttelegraph.co.uk	131950	2026-02-16
belgrade-news.com	6070	2026-09-12
bellanaija.com	11712	2026-09-14
belmondnews.com	5764	2026-01-26
beloitdailynews.com	36573	2026-09-14
bemidjipioneer.com	38977	2026-09-13
benarnews.org	5320	2025-09-02
bendbulletin.com	50959	2026-09-14
bendigoadvertiser.com.au	67590	2026-09-14
bendsource.com	14122	2026-09-13
benefitscanada.com	7199	2026-09-11
beniciaindependent.com	5332	2026-09-12
benningtonbanner.com	47650	2026-09-14
benzinga.com	342285	2026-08-06
berkeley.edu	5460	2026-09-14
berkshireeagle.com	72039	2026-09-14
berksmontnews.com	5896	2021-08-26
bernama.com	21124	2026-03-19
bernews.com	29375	2026-09-14
bestmediainfo.com	24657	2026-08-21
bet.com	21767	2026-08-31
betakit.com	6734	2026-09-14
betanews.com	14454	2026-01-15
bethesdamagazine.com	10286	2026-09-11
bevnet.com	19188	2026-07-03
bexhillobserver.net	5028	2022-02-09
bfi.org.uk	5096	2026-09-12
bgdailynews.com	66779	2026-09-13
bgnes.com	9187	2026-09-14
bgr.com	29460	2026-09-14
bgr.in	20873	2023-01-29
bhaskar.com	5216	2026-09-14
bhg.com	12912	2026-03-17
bhpioneer.com	34079	2026-09-14
bianet.org	17845	2026-09-13
biblestudytools.com	6026	2026-09-12
bicesteradvertiser.net	127894	2026-09-14
big104fm.com	7579	2026-04-24
bigblueview.com	17865	2026-09-14
bigcountry1073.com	5887	2026-09-14
bigcountry969.com	24508	2026-09-08
bigcountry995.com	50900	2026-08-17
bigfrog104.com	36487	2026-09-13
biggleswadetoday.co.uk	9031	2025-01-23
bigislandnow.com	10223	2026-09-13
bigissue.com	10228	2026-09-11
bignewsnetwork.com	886939	2026-09-14
bigoven.com	10259	2026-09-13
bigrigs.com.au	10236	2026-06-25
bigtakeover.com	5244	2025-08-22
bikebiz.com	5991	2026-09-11
bikeportland.org	6570	2026-09-08
bikeradar.com	8072	2026-09-13
bilkulonline.com	9681	2026-09-14
billboard.com	79575	2026-09-14
billingsgazette.com	78871	2026-09-13
billoreilly.com	13089	2026-07-15
binnews.com	24878	2026-09-11
biodiversitylibrary.org	16519	2026-02-24
biofuelsdigest.com	15476	2025-01-23
biomassmagazine.com	9115	2026-09-11
biometricupdate.com	15848	2026-09-11
biopharmadive.com	7443	2026-09-14
bioprepwatch.com	17621	2026-04-10
biospace.com	7263	2026-02-19
biospectrumindia.com	13694	2026-06-05
birminghammail.co.uk	305697	2026-09-14
birminghamstar.com	26662	2026-09-14
birminghamtimes.com	7784	2026-09-14
bismarcktribune.com	62018	2026-09-13
bizcommunity.com	68692	2026-09-11
bizenglish.adaderana.lk	6999	2026-02-24
bizjournals.com	49218	2022-06-19
biznews.com	18240	2026-09-13
bizpacreview.com	42842	2023-09-06
biztimes.com	15606	2026-09-14
biztoc.com	1997950	2026-01-16
bizwest.com	12358	2026-09-13
bjpenn.com	32464	2026-09-14
bjreview.com	31208	2026-09-14
bjreview.com.cn	17803	2026-09-14
bkreader.com	8244	2026-09-13
blabbermouth.net	16098	2026-09-11
blackamericaweb.com	15732	2026-09-14
blackandteal.com	6450	2026-09-13
blackenterprise.com	38089	2026-09-13
blackhillsfox.com	13340	2024-07-01
blacklistednews.com	9929	2024-08-07
blackpoolgazette.co.uk	23696	2025-01-23
blackseagrain.net	7057	2022-02-09
blayneychronicle.com.au	54034	2026-09-14
blazersedge.com	12869	2026-09-13
blazin1023.com	6178	2026-09-13
bleachernation.com	41095	2025-03-05
bleacherreport.com	65095	2026-09-14
bleedcubbieblue.com	14980	2026-09-14
bleedingcool.com	112793	2026-09-14
bleedinggreennation.com	12353	2026-09-14
blessyouboys.com	6350	2026-09-14
blingee.com	5682	2024-06-04
blockislandtimes.com	5539	2026-09-11
bloggingdirty.com	6125	2026-09-14
bloggingtheboys.com	20575	2026-09-14
blogherald.com	5763	2026-09-09
blogspot.com	5371	2026-09-13
blogto.com	32346	2026-07-14
bloodhorse.com	32671	2026-09-14
bloody-disgusting.com	23757	2026-08-05
bloodyelbow.com	28845	2025-10-06
blooloop.com	11932	2026-09-11
bloomberg.com	168406	2026-06-22
bloombergquint.com	20998	2022-05-05
bluebirdbanter.com	6255	2026-09-14
bluemountaineagle.com	23953	2026-09-12
bluemountainsgazette.com.au	63136	2026-09-14
bluenc.com	5047	2026-06-30
blueprint.ng	93591	2026-09-14
blueridgenow.com	8748	2023-09-11
blueshirtbanter.com	5367	2026-09-13
blufftonicon.com	12457	2026-09-13
bmj.com	33556	2025-11-26
bmmagazine.co.uk	9034	2026-09-14
bmwblog.com	9852	2026-09-13
bnamericas.com	16560	2026-03-31
bnd.com	5862	2024-07-27
bnionline.net	5153	2026-09-12
bnn-news.com	13739	2026-09-13
bnnbloomberg.ca	258366	2026-09-14
bobfm.co.uk	10080	2026-09-12
bocanewsnow.com	6116	2026-09-13
boerse-social.com	7315	2026-09-12
boersennews.de	6901	2026-09-03
bognor.co.uk	5973	2022-02-10
boingboing.net	31981	2026-09-09
boisestatepublicradio.org	35121	2026-09-12
bold.dk	10144	2026-09-13
bolivarmonews.com	5218	2026-09-08
bollyspice.com	5153	2026-09-14
bollywoodhungama.com	51172	2026-09-14
bollywoodlife.com	8083	2026-02-16
bollywoodmantra.com	5165	2023-06-01
bolnews.com	8267	2025-12-08
bonappetit.com	6521	2026-09-13
bondbuyer.com	14935	2026-09-11
bonnercountydailybee.com	10853	2026-09-13
boom1019.com	6604	2026-09-11
boom997.com	6630	2026-09-02
boorowanewsonline.com.au	17618	2026-09-09
boothbayregister.com	32611	2026-09-13
bordermail.com.au	100756	2026-09-14
bordertelegraph.com	98616	2026-09-14
borderwatch.com.au	7562	2026-05-05
boredpanda.com	405795	2026-09-14
borehamwoodtimes.co.uk	113940	2026-09-14
borgenproject.org	5577	2026-08-11
borneobulletin.com.bn	79107	2025-04-28
boston.com	67039	2026-09-14
bostonglobe.com	146781	2026-09-14
bostonherald.com	61643	2026-09-14
bostonstar.com	110549	2026-09-14
bournemouthecho.co.uk	166099	2026-09-14
bowenislandundercurrent.com	61387	2025-09-05
boxden.com	78610	2024-10-17
boxinginsider.com	5702	2026-09-13
boxingnews24.com	12756	2026-09-14
boxingnewsonline.net	11814	2026-09-13
bozemandailychronicle.com	159624	2026-09-14
bozemanskissfm.com	15052	2026-09-13
bozone.com	14453	2026-09-13
bpr.org	23840	2023-01-31
bracknellnews.co.uk	102658	2026-09-14
bradfordera.com	74494	2026-09-14
braidwoodtimes.com.au	53573	2026-09-14
brainerddispatch.com	57912	2026-09-13
braintreeandwithamtimes.co.uk	137043	2026-09-14
bramptonguardian.com	13060	2026-09-13
brandonsun.com	70124	2026-09-14
bransontrilakesnews.com	46823	2026-09-13
brantfordexpositor.ca	44258	2026-09-14
bravenewcoin.com	10606	2026-09-14
bravotv.com	9944	2026-09-14
brazilsun.com	51717	2026-09-14
breakingbelizenews.com	7788	2026-03-19
breakingdefense.com	13714	2026-09-11
breakingnews.ie	108156	2026-09-10
breakingtravelnews.com	13060	2023-08-26
brecorder.com	74251	2026-02-23
breitbart.com	293718	2026-09-14
brentwoodlive.co.uk	115744	2026-09-14
bridgemi.com	11160	2026-09-11
bridgwatermercury.co.uk	98757	2026-09-14
bridportnews.co.uk	104752	2026-09-14
briefingwire.com	81236	2026-09-13
brightonandhovenews.org	10948	2026-09-13
brightontoday.ca	9149	2026-09-13
brightsideofthesun.com	8716	2026-09-13
bringmethenews.com	15509	2023-09-18
brisbanetimes.com.au	240124	2026-09-14
bristol247.com	10749	2025-11-19
bristolpost.co.uk	130280	2026-09-13
britainnews.net	67918	2026-09-14
britannica.com	21901	2025-11-12
broadbandtvnews.com	6237	2026-06-17
broadcastnow.co.uk	13529	2025-09-04
broadwayworld.com	55810	2026-05-08
brobible.com	15297	2026-09-14
brokernews.com.au	7407	2026-09-14
bromsgroveadvertiser.co.uk	110328	2026-09-14
bromsgrovestandard.co.uk	15140	2026-09-13
brookingsradio.com	22177	2026-09-12
brooklyneagle.com	14747	2026-09-11
brooklynpaper.com	9194	2026-09-14
brooklynvegan.com	36626	2026-09-13
broomfieldenterprise.com	13283	2026-09-14
browndailyherald.com	7397	2026-09-09
brownfieldagnews.com	10795	2026-07-31
brownsvilleherald.com	16485	2021-03-17
brownwoodnews.com	17917	2026-09-14
brownwoodtx.com	5780	2026-09-12
brudirect.com	25569	2026-09-13
bruneinews.net	80102	2026-09-14
bryantimes.com	56809	2026-09-14
bssnews.net	158471	2026-09-14
bu.edu	6189	2026-09-14
bubblear.com	11062	2026-09-14
buccaneers.com	6547	2026-09-14
buckscountycouriertimes.com	10343	2023-01-24
bucksfreepress.co.uk	123111	2026-09-14
bucksherald.co.uk	12536	2025-01-23
bucksinsider.com	8827	2026-09-14
bucyrustelegraphforum.com	5927	2023-09-11
budapesttimes.hu	10684	2026-09-14
buenosairesherald.com	5432	2026-09-13
buffalobulletin.com	11489	2026-09-13
buffalonews.com	138890	2026-09-14
buffalorising.com	6049	2026-09-13
buildersmerchantsnews.co.uk	5625	2026-09-11
building.co.uk	13478	2025-09-05
bulawayo24.com	61198	2026-09-13
bulgariagazette.com	6870	2025-09-26
bulletsforever.com	7240	2026-09-10
bunburymail.com.au	105177	2026-09-14
bundesliga.com	7844	2026-09-13
burlingtoncountytimes.com	11222	2023-09-11
burlingtonfreepress.com	5470	2023-09-11
burnabynow.com	71750	2025-08-01
burnham-on-sea.com	17075	2026-09-14
burnhamandhighbridgeweeklynews.co.uk	95275	2026-09-14
burnleyexpress.net	21025	2025-01-23
burntorangenation.com	7199	2026-09-14
bursa.ro	6024	2026-09-13
burytimes.co.uk	162248	2026-09-14
business-humanrights.org	10744	2026-09-09
business-review.eu	18173	2026-09-13
business-standard.com	659412	2026-09-14
business2community.com	14801	2026-09-03
businessdailyafrica.com	41355	2026-09-13
businessday.co.za	12110	2026-09-14
businessdayghana.com	8285	2026-09-14
businessden.com	5311	2026-09-11
businessghana.com	146439	2026-09-14
businessgreen.com	18293	2026-07-17
businessincameroon.com	6803	2026-09-13
businessinsider.co.za	8106	2023-02-28
businessinsider.com	349341	2026-09-14
businessinsider.com.au	24044	2023-10-12
businessinsider.in	71647	2025-01-13
businessinsurance.com	10112	2026-09-11
businesslive.co.za	10121	2025-10-13
businessmirror.com.ph	121961	2025-05-14
businessnorth.com	9337	2026-09-11
businessoffashion.com	15909	2026-06-29
businesspost.ie	34902	2026-09-14
businessrecord.com	20810	2024-01-04
businessreport.com	7963	2026-09-11
businesstech.co.za	9105	2022-09-28
businesstimes.com.sg	79633	2026-09-14
businesstoday.in	169131	2026-09-14
businesstraveller.com	10762	2025-01-23
businesstravelnewseurope.com	7049	2026-04-06
businesswire.com	90653	2023-04-18
businesswireindia.com	12266	2026-05-18
businessworld.in	33533	2026-07-15
busseltonmail.com.au	44472	2026-07-27
butlercountytimesgazette.com	7233	2026-09-06
butlereagle.com	57922	2026-09-14
buxtonadvertiser.co.uk	12680	2025-01-23
buzzfeed.com	87509	2026-09-14
buzzfeednews.com	7389	2026-01-01
bwog.com	16098	2026-08-28
bworldonline.com	88900	2026-09-14
bxr.com	9148	2026-09-13
byronnews.com.au	34848	2021-04-28
byu.edu	6000	2026-07-15
c-mw.net	6362	2026-09-12
c21media.net	26556	2026-09-14
cachevalleydaily.com	17653	2026-09-14
cadforum.cz	13635	2026-09-14
cadillacnews.com	32289	2026-09-14
cagesideseats.com	42710	2026-09-14
cagle.com	21449	2025-01-23
cairnspost.com.au	246754	2026-09-14
cairoscene.com	22679	2026-09-14
caixinglobal.com	24303	2026-06-08
cajnewsafrica.com	6707	2026-09-14
cajunradio.com	15997	2026-09-13
calaverasenterprise.com	5112	2026-09-09
calcoastnews.com	8553	2026-09-14
calculatedriskblog.com	14512	2026-01-12
calcuttanews.net	165790	2026-09-14
caledoncitizen.com	5937	2026-09-10
caledonenterprise.com	5594	2026-09-14
caledoniacourier.com	26690	2026-09-14
caledonianrecord.com	174145	2026-09-14
calgary.ctvnews.ca	30489	2025-01-23
calgaryherald.com	51202	2026-09-14
calgarysun.com	72214	2026-09-14
californianewswire.com	7898	2026-09-11
californiatelegraph.com	151328	2026-09-14
caller.com	7121	2023-09-11
callnewspapers.com	5431	2026-09-11
cambodiantimes.com	152974	2026-09-14
cambrian-news.co.uk	20754	2026-09-13
cambridge-news.co.uk	76058	2026-09-14
cambridge.org	7026	2026-03-01
cambridgetimes.ca	9722	2026-09-13
cambstimes.co.uk	39786	2026-09-14
camdencourier.com.au	52203	2026-09-14
cameroon-tribune.cm	14640	2026-09-13
campaignasia.com	8558	2026-09-14
campaignbrief.com	14612	2026-09-14
campaignindia.in	10219	2026-09-11
campaignlive.co.uk	26131	2026-09-11
campaignseries.co.uk	10186	2023-02-07
campbellrivermirror.com	32388	2026-09-14
campbeltowncourier.co.uk	5717	2024-01-25
campusreform.org	7013	2026-01-05
canada.com	38503	2026-09-13
canadafreepress.com	33147	2025-07-27
canadiancattlemen.ca	6501	2026-09-13
canadianinquirer.net	16571	2026-09-14
canadianlawyermag.com	6543	2026-09-14
canadianmanufacturing.com	9135	2026-09-10
canadianminingjournal.com	9730	2026-09-12
canadianreviewer.com	9012	2026-09-11
canadianunderwriter.ca	6526	2026-07-14
canberratimes.com.au	123620	2026-09-14
cancertherapyadvisor.com	7640	2026-09-13
candgnews.com	14502	2026-09-11
canindia.com	45226	2025-11-20
canoncitydailyrecord.com	27297	2026-09-13
canowindranews.com.au	25736	2024-09-09
cantechletter.com	20754	2026-05-12
cantondailyledger.com	5834	2023-09-10
cantonrep.com	17009	2023-09-11
canyon-news.com	11930	2026-09-14
capeandislands.org	40406	2026-09-14
capebretonpost.com	23307	2020-11-12
capecod.com	13144	2026-09-14
capecodtimes.com	12400	2023-09-11
capegazette.com	20535	2026-01-06
capenews.net	14624	2026-09-13
capetalk.co.za	25547	2024-01-15
capitalethiopia.com	14811	2026-09-13
capitalfm.co.ke	57451	2026-06-15
capitalfm.com	10033	2026-09-12
capitalgazette.com	81447	2026-09-14
capitalpress.com	17503	2026-09-12
capitolfax.com	17654	2026-09-11
capitolhillseattle.com	5959	2026-02-16
capjournal.com	17709	2026-09-13
capradio.org	38800	2026-09-12
captivasanibel.com	12482	2026-09-09
carandbike.com	12268	2026-07-15
caranddriver.com	11550	2026-09-13
carbon-pulse.com	17777	2025-08-13
carbuzz.com	52350	2026-09-14
cardinalcourieronline.com	10292	2026-02-05
careerindia.com	9269	2026-06-26
caribbeanherald.com	62324	2026-09-14
caribjournal.com	6749	2026-09-14
carletonvilleherald.com	12062	2023-10-11
carlow-nationalist.ie	61902	2026-09-13
carlyleobserver.com	30710	2021-07-29
carmagazine.co.uk	5360	2026-09-11
carnegieendowment.org	5369	2026-09-11
carnewschina.com	6205	2026-09-14
carolinacoastonline.com	26759	2026-09-13
carolinajournal.com	11007	2026-09-14
carrollspaper.com	39927	2026-09-14
carscoops.com	53456	2026-09-13
carsguide.com.au	6540	2025-03-31
carsonnow.org	134300	2026-09-14
cartermatt.com	27960	2026-05-08
cartoonbrew.com	5199	2026-09-12
casino.org	7166	2026-09-13
castanet.net	188887	2023-11-21
castanetkamloops.net	75436	2026-09-14
castlegarsource.com	6212	2026-09-13
catcountry1029.com	17497	2026-09-12
catcountry1073.com	51316	2026-09-13
catholic.org	9621	2026-06-29
catholicculture.org	29648	2026-09-12
catholicnewsagency.com	11036	2026-01-23
catholicphilly.com	8729	2026-09-11
catholicregister.org	7579	2026-09-12
catholicworldreport.com	33099	2026-09-14
cathstan.org	5032	2026-09-13
caughtoffside.com	50446	2026-09-14
cavalierdaily.com	9590	2026-09-14
cbc.bb	20175	2026-09-14
cbc.ca	377787	2026-09-14
cbn.com	25139	2026-09-13
cbr.com	25341	2023-10-27
cbs12.com	45368	2026-09-14
cbs19.tv	57735	2026-06-06
cbs2iowa.com	41944	2026-09-14
cbs46.com	9757	2022-03-01
cbs4indy.com	5543	2024-08-20
cbs4local.com	41901	2026-09-14
cbs58.com	76044	2026-09-14
cbs6albany.com	41603	2026-09-14
cbs7.com	10489	2024-08-12
cbs8.com	55118	2026-06-05
cbsnews.com	211804	2026-09-14
ccenterdispatch.com	18399	2026-03-06
ccm.net	10814	2025-04-02
cdapress.com	23341	2026-09-01
cdispatch.com	19537	2026-09-12
cecildaily.com	20034	2026-09-14
cedarnews.net	5376	2026-09-06
cei.int	6716	2026-09-12
celebdirtylaundry.com	48820	2026-09-14
celebuzz.com	5937	2026-06-26
cemnet.com	11028	2026-09-11
centralasiatimes.com	33309	2026-09-14
centralchronicle.com	29979	2026-03-24
centraljersey.com	19200	2025-05-26
centralmaine.com	98381	2026-09-14
centralmoinfo.com	32226	2026-09-14
centraltelegraph.com.au	20824	2020-06-29
centralwesterndaily.com.au	65118	2026-09-14
centreforaviation.com	25028	2026-09-14
cessnockadvertiser.com.au	60647	2026-09-14
cfnrfm.ca	9656	2026-07-09
cfox.com	10923	2026-09-13
cfr.org	8059	2026-09-12
cfweradio.ca	6923	2026-09-13
cgtn.com	15100	2025-08-27
chad.co.uk	20199	2025-01-23
chaffeecountytimes.com	8053	2026-09-11
chalkbeat.org	8247	2026-09-11
championnewspapers.com	6132	2026-09-12
channel3000.com	132060	2026-09-14
channel4.com	20597	2026-09-13
channel5belize.com	19313	2025-05-24
channelafrica.co.za	14750	2026-09-13
channeleye.co.uk	5515	2024-08-12
channellife.com.au	5003	2026-09-14
channelnewsasia.com	179151	2026-09-14
channelstv.com	88519	2026-08-04
channelweb.co.uk	5809	2025-04-17
chanute.com	28950	2026-09-04
chapelboro.com	20147	2026-06-24
chardandilminsternews.co.uk	96073	2026-09-14
charismamag.com	18512	2023-07-17
charismanews.com	12185	2025-08-02
charkoosta.com	6551	2026-09-11
charlestoncitypaper.com	8378	2026-09-13
charlotteobserver.com	9913	2024-07-31
charter97.org	70754	2026-03-02
chathamdailynews.ca	48351	2026-09-14
chathamstartribune.com	10843	2026-09-14
chathamthisweek.com	37069	2026-03-13
chattanoogan.com	82325	2026-09-14
chattooga1180.com	12273	2026-09-14
chch.com	22504	2026-09-13
cheatsheet.com	28644	2026-03-18
cheboygannews.com	5551	2023-09-10
cheknews.ca	19593	2026-09-14
chelmsfordweeklynews.co.uk	115042	2026-08-14
chemeurope.com	7967	2026-09-14
chennaionline.com	17905	2026-09-14
cherokeephoenix.org	8550	2026-09-13
chessbase.com	10428	2026-09-13
chesterstandard.co.uk	154810	2026-09-14
chiangraitimes.com	24055	2026-09-14
chicagobusiness.com	22332	2026-07-06
chicagocrusader.com	8378	2026-09-12
chicagonow.com	9019	2022-08-18
chicagotribune.com	162177	2026-09-14
chichester.co.uk	7095	2022-02-10
chickashanews.com	6114	2026-09-11
chicoer.com	23850	2026-09-14
chieftain.com	9189	2023-09-11
chilecomparte.cl	24915	2026-09-14
chimpreports.com	15234	2026-09-13
china.org.cn	184202	2026-09-14
chinadaily.com.cn	594528	2026-09-14
chinadailyhk.com	10481	2025-01-27
chinadigitaltimes.net	8017	2026-06-05
chinafile.com	8466	2026-09-04
chinamil.com.cn	21609	2026-09-14
chinanationalnews.com	153055	2026-09-14
chinatechnews.com	9166	2026-09-14
chinaview.cn	30639	2026-03-19
chinookobserver.com	8073	2026-09-14
chipchick.com	23283	2026-09-14
chippewa.com	58023	2026-09-13
chorleycitizen.co.uk	18568	2023-02-07
chortle.co.uk	18040	2026-09-13
chosun.com	17595	2024-09-12
chrisd.ca	7767	2026-09-13
christianitydaily.com	5186	2026-09-12
christianitytoday.com	10713	2026-09-12
christiannewswire.com	6593	2026-09-13
christianpost.com	72400	2026-09-14
christiantoday.com	5378	2026-09-13
chron.com	549721	2025-11-18
chronicle-tribune.com	10438	2026-09-14
chronicle.co.zw	47194	2025-01-23
chronicle.com	5109	2025-11-18
chronicle.gi	7306	2026-03-17
chronicle.lu	35347	2026-09-14
chroniclejournal.com	68370	2026-09-14
chroniclelive.co.uk	134173	2026-09-14
chronicleonline.com	75278	2026-09-14
chronicletimes.com	5689	2026-09-11
chronline.com	37079	2026-09-13
chronogram.com	7822	2026-09-13
chvnradio.com	25699	2026-09-14
cinaradio.com	6732	2026-09-14
cincinnati.com	30235	2024-10-21
cincinnatimagazine.com	5798	2026-09-11
cincinnatisun.com	44549	2026-09-14
cincyjungle.com	14225	2026-09-14
cinemablend.com	85410	2026-09-14
cineuropa.net	5310	2022-08-20
cineuropa.org	28824	2026-03-27
cio.com	12010	2026-01-20
circlevilleherald.com	6651	2026-09-12
cisnfm.com	10149	2026-09-09
cities929.com	14865	2026-09-13
citizen-times.com	8165	2023-09-11
citizen.co.za	100505	2026-09-14
citizen.digital	7318	2026-02-22
citizen.on.ca	6492	2026-09-10
citizensvoice.com	57434	2026-09-14
citr.ca	5040	2025-11-02
city-countyobserver.com	15742	2026-01-31
cityam.com	61288	2026-09-14
citybeat.com	10354	2025-01-22
cityfarmer.info	5201	2026-09-14
citynews.com.au	18100	2025-09-04
citywatchla.com	9399	2026-09-11
cityweekly.net	5926	2026-08-28
citywireselector.com	7388	2022-10-19
civic.md	7943	2026-09-08
civilbeat.org	8515	2026-09-07
civilserviceworld.com	7179	2026-09-11
civilsociety.co.uk	6080	2026-09-10
cjhk.ca	7829	2026-03-03
cjls.com	6152	2026-04-07
cjme.com	31597	2026-09-14
cjonline.com	13533	2023-09-11
cjoy.com	8910	2023-12-05
ckbw.ca	8373	2026-03-02
ckdr.net	10129	2025-10-01
ckfm.ca	6389	2024-05-10
ckom.com	32325	2026-09-14
ckua.com	10422	2026-09-14
ckxsfm.com	11705	2026-09-11
clactonandfrintongazette.co.uk	147600	2026-09-14
claimsjournal.com	13262	2026-09-11
clare.fm	25285	2026-09-13
clarechampion.ie	10346	2026-09-13
clareherald.com	7853	2026-09-14
claremoreprogress.com	7727	2026-09-14
clarionledger.com	9660	2023-09-11
clarksvillenow.com	13973	2026-09-13
clarksvilleonline.com	22190	2026-09-14
classic107.com	13617	2026-09-13
classiccountry1070.com	6263	2024-02-24
classichits925.com	10144	2026-09-11
classicrock1051.com	16764	2024-04-27
classicrock1069.com	5507	2022-01-10
classicrock961.com	32186	2026-09-13
classy100.com	35957	2026-09-13
claytodayonline.com	6692	2026-09-12
cleantechnica.com	34738	2026-09-14
clearwatertimes.com	29600	2026-09-14
clemsontigers.com	5719	2026-09-11
cleveland.com	30463	2026-03-09
cleveland19.com	48534	2026-09-14
clevelandbanner.com	12138	2026-09-13
clevelandbrowns.com	5507	2026-09-14
clevelandjewishnews.com	85098	2026-09-13
clevelandstar.com	115124	2026-09-14
clevescene.com	11291	2026-09-11
clichemag.com	14271	2026-08-15
click2houston.com	99243	2026-09-14
clickondetroit.com	162633	2026-09-14
clickorlando.com	135478	2026-09-14
clickthecity.com	7274	2025-10-21
clinicaladvisor.com	6664	2026-09-11
clinicalleader.com	7508	2026-09-12
clintonherald.com	38818	2026-09-13
clintonnewsrecord.com	23289	2026-09-13
closerweekly.com	6879	2026-09-14
cloverdalereporter.com	35199	2026-09-14
cltampa.com	9820	2026-09-11
club937.com	25078	2026-09-12
clutchpoints.com	38968	2026-06-13
clydebankpost.co.uk	101984	2026-09-14
cmcmarkets.com	5856	2026-03-09
cmo.com.au	5228	2024-01-20
cnbc.com	133122	2026-09-14
cnbcafrica.com	21960	2026-09-11
cnbctv18.com	7702	2026-03-19
cnc3.co.tt	20458	2026-08-25
cnet.com	451248	2026-09-14
cnn.com	301358	2026-09-14
cnnphilippines.com	80976	2024-01-29
cnsnews.com	60537	2025-08-26
cntraveler.com	6442	2026-09-13
cntraveller.com	5596	2026-09-13
cnweekly.com	12207	2021-07-26
cnycentral.com	32632	2026-09-14
cnynews.com	19500	2026-09-13
coast1009.com	20549	2026-09-13
coast931.com	5476	2026-09-13
coast973.com	8774	2026-09-13
coastalcourier.com	5712	2026-09-10
coastaldigest.com	19050	2026-07-27
coastalnewstoday.com	14623	2024-01-03
coastalpoint.com	6396	2026-09-11
coastalradio.ca	7188	2026-09-11
coastfm.co.uk	11110	2025-01-27
coastreporter.net	84071	2025-09-09
cobrapost.com	11832	2026-09-12
cochranetimes.com	9095	2026-09-13
cochranetimespost.ca	50295	2026-09-13
cochranetoday.ca	8500	2023-01-30
coffscoastadvocate.com.au	43733	2021-03-24
cogconnected.com	10631	2026-09-14
coincommunity.com	144852	2026-04-03
coindesk.com	30736	2026-08-18
coinspeaker.com	33308	2026-09-13
cointelegraph.com	42556	2026-09-14
coinweek.com	7781	2026-06-04
coladaily.com	8957	2026-09-13
coldlakesun.com	13089	2026-09-13
collider.com	121677	2026-09-14
colombogazette.com	9346	2026-09-13
colombopage.com	20989	2023-11-30
coloradoan.com	6487	2023-09-11
coloradohometownweekly.com	15898	2026-09-13
coloradopolitics.com	6290	2026-03-19
coloradostar.com	41046	2026-09-14
columbiabasinherald.com	7911	2026-08-28
columbiadailyherald.com	9127	2023-09-11
columbiagorgenews.com	18328	2026-09-13
columbiamissourian.com	27822	2026-09-14
columbian.com	104770	2026-09-13
columbiatribune.com	10247	2023-09-11
columbustelegram.com	53629	2026-09-13
combatpress.com	12258	2026-09-13
comicbook.com	188921	2026-09-14
comicbookmovie.com	28006	2026-09-14
comicsbeat.com	10732	2026-07-30
comingsoon.net	58572	2026-09-03
commercial-news.com	14713	2026-09-13
commercialappeal.com	11594	2023-09-11
commercialmotor.com	5370	2026-06-03
commercialobserver.com	12742	2026-09-13
comminit.com	8001	2026-07-10
commodityonline.com	27788	2025-02-12
commonsnews.org	7904	2023-06-14
communityadvocate.com	6765	2026-09-12
communityimpact.com	19614	2026-07-01
communitynewspapergroup.com	20028	2026-09-12
communitynewspapers.com	13226	2026-08-04
communityni.org	5202	2022-02-11
communitypress.ca	38218	2026-06-22
comoxvalleyrecord.com	33602	2026-09-14
complex.com	22220	2026-09-14
complianceweek.com	5525	2026-09-11
compositesworld.com	8919	2026-09-11
compsmag.com	6764	2024-03-22
computerweekly.com	39290	2026-09-07
computerworld.com	10999	2026-09-11
computing.co.uk	8424	2026-06-22
comunicati.net	56760	2022-02-08
con-telegraph.ie	57685	2026-09-14
concordmonitor.com	32486	2026-09-13
conference-news.co.uk	7657	2026-09-10
connachttribune.ie	15670	2026-02-24
connectionnewspapers.com	8936	2026-09-04
connectradio.fm	20314	2026-09-13
connectsavannah.com	7592	2026-09-13
connexionfrance.com	28513	2026-09-13
consilium.europa.eu	24508	2024-07-15
consortiumnews.com	5415	2026-09-12
constructiondive.com	7658	2026-09-12
constructionenquirer.com	5845	2026-09-11
constructionequipment.com	5206	2026-09-11
constructionequipmentguide.com	6389	2025-03-03
constructionnews.co.uk	14816	2026-09-11
constructionweekonline.com	8096	2024-07-13
consumerelectronicsnet.com	16079	2024-02-09
conwaydailysun.com	20441	2026-09-13
cookingchanneltv.com	5605	2023-03-29
cookislandsnews.com	10755	2026-09-13
cool987fm.com	12390	2026-09-11
coolsocial.net	9498	2023-01-16
coolum-news.com.au	20346	2020-06-29
coosavalleynews.com	10078	2026-09-13
cootamundraherald.com.au	38585	2026-09-14
corkindependent.com	9275	2026-09-10
cornell.edu	7750	2026-09-11
cornellsun.com	8769	2026-09-14
cornwalllive.com	6250	2026-09-09
cornwallseawaynews.com	24417	2026-09-14
coronadonewsca.com	13431	2026-09-12
corsicanadailysun.com	23591	2026-09-14
corvallisadvocate.com	6148	2026-09-11
cosmeticsandtoiletries.com	7465	2026-02-10
cosmopolitan.com	68805	2026-09-14
cosmosmagazine.com	9093	2025-10-20
cotswoldjournal.co.uk	103575	2026-09-14
countercurrents.org	22759	2026-09-14
counterpunch.org	23942	2026-09-03
country-guide.ca	5855	2025-05-21
country104.com	8333	2026-09-05
country105.com	10306	2026-08-28
country1053.ca	9597	2025-05-20
country93.ca	8565	2026-09-10
country94.ca	14854	2025-12-08
countrylife.co.uk	9579	2026-09-13
countryliving.com	9805	2026-09-13
countypress.co.uk	140833	2026-09-14
countytimes.co.uk	119295	2026-09-14
countyweeklynews.ca	37959	2026-06-22
courant.com	103944	2026-09-14
courier-journal.com	18161	2023-09-11
courier-tribune.com	11403	2026-09-11
courierjournal.net	8699	2026-09-09
couriermail.com.au	182103	2024-07-31
couriernews.com	67320	2026-09-14
courierpostonline.com	8906	2023-09-11
courierpress.com	8075	2023-09-11
courthousenews.com	44459	2026-07-16
coventryobserver.co.uk	11343	2026-09-13
coventrytelegraph.net	100606	2026-09-13
covers.com	37089	2026-09-14
covnews.com	5886	2026-09-13
cowboystatedaily.com	5388	2026-07-12
cowichanvalleycitizen.com	34138	2026-09-14
cowraguardian.com.au	27361	2026-09-14
cp24.com	106821	2026-09-14
cpac.ca	6601	2024-12-16
cpapracticeadvisor.com	11802	2026-09-14
cpbj.com	8732	2026-06-04
cpfc.co.uk	5012	2026-06-25
cphpost.dk	8306	2026-09-12
cpr.org	13301	2026-02-25
cqnews.com.au	44410	2021-04-28
cracked.com	31356	2026-09-13
craigdailypress.com	6493	2026-09-13
crainscleveland.com	13200	2026-06-18
crainsdetroit.com	16510	2026-03-31
crainsnewyork.com	16163	2026-03-16
cranbrooktownsman.com	30366	2026-09-14
crash.net	34340	2026-09-13
cravenherald.co.uk	156238	2026-09-14
crawleyobserver.co.uk	5858	2022-02-09
creativebloq.com	12954	2026-09-13
creativereview.co.uk	5161	2026-07-15
crescent-news.com	29754	2026-09-12
crestonnews.com	7222	2026-09-11
crestviewbulletin.com	6297	2026-09-12
crikey.com.au	14348	2026-09-14
crimeonline.com	7164	2026-03-18
crn.com	11414	2026-09-11
crn.com.au	12421	2026-09-14
crooksandliars.com	40883	2026-09-14
crookstontimes.com	5681	2025-01-30
crookwellgazette.com.au	70882	2026-09-14
crossmap.com	33193	2026-09-14
crossrhythms.co.uk	6824	2026-09-13
crossville-chronicle.com	27552	2026-09-13
crowdfundinsider.com	87115	2026-08-27
crowrivermedia.com	50371	2025-10-29
cruisehive.com	9689	2026-09-13
cruiseindustrynews.com	7596	2026-09-13
crunchyroll.com	15924	2023-01-31
cruxnow.com	13920	2026-09-13
csindy.com	6448	2025-04-21
csmonitor.com	25212	2026-09-13
csoonline.com	10312	2026-09-11
csrwire.com	8151	2026-09-11
ctgtribune.com	15346	2025-06-01
ctinsider.com	61825	2026-09-10
ctmirror.org	12761	2026-09-12
ctnewsjunkie.com	5614	2026-09-11
ctpost.com	162446	2025-10-26
ctpublic.org	7913	2026-03-18
ctvnews.ca	171367	2026-09-11
cubaheadlines.com	42028	2026-09-14
cubbiescrib.com	6047	2026-09-14
cuinsight.com	19885	2025-07-09
cullmantimes.com	10118	2026-09-12
cultofmac.com	9108	2026-09-12
culturemap.com	33608	2026-09-13
cumberlink.com	50628	2026-09-14
cumbriacrack.com	30229	2025-01-23
curacaochronicle.com	9633	2026-09-11
curbed.com	6111	2026-09-03
curetoday.com	6790	2026-02-12
currentargus.com	9025	2026-09-13
cwtv.com	5716	2026-09-13
cypnow.co.uk	6355	2026-06-19
cyprus-mail.com	83246	2026-09-14
dabangasudan.org	7175	2026-09-13
dagblog.com	50779	2025-10-13
daijiworld.com	141849	2026-03-16
daily-chronicle.com	8022	2020-12-17
daily-jeff.com	8203	2023-09-11
daily-journal.com	20849	2025-02-04
daily-sun.com	38361	2025-12-09
daily-times.com	5025	2023-09-10
daily-tribune.com	7679	2026-09-13
dailyadvance.com	57591	2026-09-14
dailyadvertiser.com.au	86647	2026-09-14
dailyadvocate.com	12256	2025-05-15
dailyamerican.com	13653	2023-09-11
dailyastorian.com	12706	2026-09-13
dailybreeze.com	49302	2026-09-14
dailybruin.com	6824	2026-09-13
dailybulldog.com	9802	2026-09-13
dailybulletin.com	47041	2026-09-14
dailycal.org	22394	2026-09-11
dailycaller.com	105640	2026-09-14
dailycamera.com	43768	2026-09-13
dailycampus.com	6560	2026-09-12
dailycardinal.com	7851	2026-09-12
dailycitizen.news	13575	2025-02-06
dailycomet.com	6054	2023-09-11
dailycommercial.com	9991	2023-09-11
dailydemocrat.com	13822	2026-09-13
dailydispatch.co.za	8487	2026-09-14
dailydot.com	46480	2026-09-14
dailyecho.co.uk	172109	2026-09-14
dailyemerald.com	6806	2026-09-13
dailyexaminer.com.au	42309	2021-03-24
dailyexcelsior.com	186441	2026-09-14
dailyexpress.com.my	91331	2026-07-01
dailyforex.com	11747	2026-09-13
dailyfreeman.com	45086	2026-09-13
dailyfx.com	24052	2024-08-30
dailygalaxy.com	10144	2026-09-13
dailygazette.com	87873	2026-09-14
dailyherald.com	120389	2025-09-08
dailyheraldtribune.com	14171	2026-09-13
dailyhive.com	64601	2026-09-13
dailyindependent.com	36052	2026-09-14
dailyinterlake.com	13660	2026-09-13
dailyiowegian.com	6412	2020-05-27
dailyitem.com	53572	2026-09-13
dailyjournal.net	102260	2025-05-15
dailyjournalonline.com	43088	2026-08-29
dailykos.com	182641	2026-09-14
dailyliberal.com.au	90803	2026-09-14
dailylocal.com	53190	2026-09-14
dailymail.co.uk	1278695	2026-04-21
dailymail.com	52973	2026-09-14
dailymaverick.co.za	80078	2026-09-14
dailymercury.com.au	49265	2021-06-23
dailymirror.lk	59271	2026-09-08
dailynebraskan.com	5324	2026-09-12
dailynews.co.th	6843	2023-07-05
dailynews.co.tz	15281	2026-09-13
dailynews.co.zw	17037	2026-09-14
dailynews.com	56205	2026-09-14
dailynews.lk	33827	2023-12-29
dailynewsegypt.com	14118	2025-01-26
dailynexus.com	5782	2026-09-05
dailynorseman.com	10690	2026-09-14
dailynorthwestern.com	12054	2026-09-12
dailyorange.com	9932	2025-02-23
dailypakistan.com.pk	18718	2026-09-13
dailypioneer.com	83889	2026-09-14
dailypolitical.com	635202	2026-09-14
dailypost.co.uk	94454	2026-09-14
dailypost.ng	287207	2026-09-14
dailypost.vu	15975	2026-09-14
dailypostathenian.com	20583	2026-09-11
dailypress.com	78979	2026-09-14
dailypress.net	23536	2026-09-14
dailyprincetonian.com	7914	2026-09-13
dailyprogress.com	57788	2026-09-13
dailyrecord.co.uk	309411	2026-09-14
dailyrecord.com	9244	2023-09-11
dailyrecordnews.com	22696	2026-09-13
dailyreporter.com	8550	2026-06-03
dailyrepublic.com	89891	2026-09-13
dailyridge.com	19275	2026-09-14
dailysabah.com	65090	2026-09-13
dailysentinel.com	5548	2026-09-13
dailysignal.com	26348	2026-07-17
dailystar.co.uk	321990	2026-09-14
dailystar.com.lb	7273	2025-09-29
dailystarjournal.com	8779	2020-11-25
dailysun.co.za	30224	2022-09-11
dailytarheel.com	10412	2026-09-14
dailytelegraph.com.au	163773	2024-07-31
dailythepatriot.com	17205	2026-09-11
dailytimes.com	17680	2026-09-12
dailytimes.com.pk	142364	2026-06-25
dailytrib.com	6802	2026-09-12
dailytribune.com	25590	2025-11-05
dailytrojan.com	9106	2026-09-13
dailytrust.com	70756	2026-09-14
dailytrust.com.ng	21882	2021-06-24
dailyunion.com	24048	2026-09-13
dailyuw.com	7176	2026-07-13
dailyvoice.com	184665	2026-07-03
dailyworld.com	5461	2023-09-11
dairylandexpress.com	5015	2026-09-14
dakotanewsnow.com	19836	2026-09-14
dakotawarcollege.com	8861	2026-09-14
dallascowboys.com	10942	2026-09-14
dallasnews.com	51183	2026-04-01
dallasobserver.com	9982	2026-09-13
dallassun.com	122320	2026-09-14
dallasvoice.com	8355	2026-09-11
daltonsbusiness.com	5652	2026-09-10
danspapers.com	9615	2026-09-13
darientimes.com	58921	2025-08-31
darkhorizons.com	21879	2026-09-14
darkreading.com	13187	2025-02-20
darlingtonandstocktontimes.co.uk	108336	2026-09-14
datacenterdynamics.com	18830	2025-06-14
datacenterknowledge.com	5823	2026-09-11
daventryexpress.co.uk	10264	2025-01-23
davisenterprise.com	23082	2026-09-13
dawgpounddaily.com	5451	2026-09-14
dawn.com	261252	2026-07-20
dayton.com	5431	2024-09-04
daytonatimes.com	5436	2026-09-11
daytondailynews.com	55224	2026-09-14
dazebaonews.it	6505	2026-01-15
dazeddigital.com	18200	2026-09-11
dcourier.com	8945	2026-09-13
dcvelocity.com	5175	2026-09-10
deadline.com	166816	2026-09-14
deadlinedetroit.com	11517	2026-09-14
dealstreetasia.com	39146	2026-09-14
decanter.com	5539	2026-09-13
decaturdaily.com	47571	2026-09-14
decaturish.com	6964	2026-09-14
deccanchronicle.com	134762	2026-09-14
deccanherald.com	64357	2026-03-15
decider.com	35411	2026-09-14
defence.pk	18327	2026-05-12
defenceweb.co.za	15633	2026-09-11
defensenews.com	12330	2026-09-11
defenseone.com	8929	2026-09-13
defenseworld.net	60871	2026-04-30
defpen.com	12285	2026-09-02
dekhnews.com	5202	2025-04-11
delano.lu	6113	2025-01-11
delaware.gov	9035	2026-09-11
delawareonline.com	12601	2023-09-11
delawarepublic.org	49208	2026-09-14
delawarestatenews.net	5676	2021-02-16
delcotimes.com	60466	2026-09-14
delfi.lt	5064	2026-09-11
delgazette.com	6444	2025-04-15
delmartimes.net	6342	2024-06-13
delmarvanow.com	6603	2023-09-11
delphosherald.com	5222	2026-08-05
delrionewsherald.com	10116	2021-01-22
delta-optimist.com	64492	2025-01-23
democracynow.org	35706	2026-09-11
democratandchronicle.com	9032	2023-09-11
democratherald.com	58527	2026-09-13
denbighshirefreepress.co.uk	109561	2026-09-14
denofgeek.com	8860	2026-09-14
dentonrc.com	31516	2026-09-13
denverbroncos.com	6367	2026-09-14
denverpost.com	53226	2026-09-14
derbyshiretimes.co.uk	23955	2025-01-23
derbytelegraph.co.uk	85212	2026-09-14
derryjournal.com	15278	2025-01-23
derrynow.com	41481	2026-05-21
deseret.com	38975	2026-09-11
desertsun.com	11610	2023-09-11
desiblitz.com	17154	2026-09-13
design-reuse.com	8447	2026-09-10
designboom.com	20543	2026-09-13
designnews.com	5853	2024-12-01
designyoutrust.com	5818	2026-09-13
desimartini.com	34149	2025-02-18
desmoinesregister.com	26539	2023-09-11
desototimes.com	5550	2026-09-11
destructoid.com	24027	2026-07-04
detroitnews.com	45794	2023-09-11
devdiscourse.com	137412	2026-07-03
developingtelecoms.com	15168	2026-09-14
devilslakejournal.com	6170	2026-09-12
devondispatch.ca	16107	2026-09-13
devonlive.com	9630	2026-06-20
dewsburyreporter.co.uk	12517	2025-01-23
dezeen.com	26904	2026-07-31
dfnionline.com	10103	2026-09-11
dglobe.com	31049	2026-09-13
dhakacourier.com.bd	8196	2026-09-12
dhakatribune.com	28341	2026-03-10
dhal3.com	8766	2026-09-14
diamonds.net	8812	2024-06-24
dicardiology.com	6378	2026-09-11
digg.com	25565	2026-09-14
diginomica.com	7199	2026-07-16
digit.in	31917	2026-09-14
digitaljournal.com	195190	2026-09-14
digitalsignagetoday.com	5065	2026-09-11
digitalspy.com	87687	2026-09-14
digitaltrends.com	42891	2026-09-03
digitimes.com	30587	2026-09-14
dinamalar.com	35343	2026-09-07
directorstalkinterviews.com	29266	2026-08-04
discoverairdrie.com	16853	2026-09-14
discoverestevan.com	19678	2026-09-14
discovermagazine.com	18473	2026-07-15
dispatch.com	35521	2023-09-11
dispatchlive.co.za	30383	2025-01-25
dissexpress.co.uk	20537	2026-09-14
dissidentvoice.org	9623	2026-03-22
divyabhaskar.co.in	28992	2026-09-10
diymag.com	10926	2026-09-11
djc.com	37686	2026-09-11
djcoregon.com	5745	2026-06-03
djmag.com	12023	2026-09-11
djournal.com	77547	2026-09-13
dl-online.com	30891	2026-09-13
dmagazine.com	16703	2026-09-11
dmnews.com	5511	2026-09-11
dnaindia.com	180911	2026-01-23
dnd.com.pk	16600	2026-09-12
dnews.com	30304	2026-08-30
dnj.com	6738	2023-09-11
dodgeglobe.com	8482	2026-09-06
dohanews.co	6774	2026-08-10
domain-b.com	5336	2026-09-09
dominicanrepublicpost.com	24093	2026-09-14
dominicantoday.com	14952	2026-09-13
doncasterfreepress.co.uk	24323	2025-01-23
donegallive.ie	27845	2026-05-20
donegalnews.com	16680	2026-09-14
doorcountydailynews.com	8097	2026-09-12
dorsetecho.co.uk	154731	2026-09-14
dose.ca	15203	2026-09-14
dothaneagle.com	63544	2026-09-12
dotnews.com	7944	2026-09-12
douglas-budget.com	37103	2026-09-12
downtoearth.org.in	20657	2026-09-14
drapersonline.com	18528	2026-09-14
draytonvalleywesternreview.com	15062	2026-09-13
drbicuspid.com	11808	2025-10-30
dreadcentral.com	17586	2026-09-13
dredgingtoday.com	11606	2026-09-11
drgnews.com	26277	2026-09-13
drive.com.au	41233	2026-05-31
driving.ca	14537	2026-09-13
droid-life.com	7790	2026-09-12
droitwichadvertiser.co.uk	19310	2021-05-03
droitwichstandard.co.uk	10003	2026-09-13
drudge.com	18615	2026-09-14
drugstorenews.com	5369	2025-09-08
dslreports.com	19516	2025-02-26
dtinews.vn	5601	2023-07-17
dtnext.in	7229	2024-12-16
dtnpf.com	9898	2026-09-12
dualshockers.com	27915	2026-09-14
dubaicityguide.com	7116	2026-09-13
dublinlive.ie	7571	2026-03-11
dudleynews.co.uk	129082	2026-09-14
duke.edu	6342	2026-09-10
duke.fm	22717	2026-09-13
dukechronicle.com	8423	2026-07-09
dukefmduluth.com	7915	2025-03-18
duluthnewstribune.com	64647	2026-09-13
dumbartonreporter.co.uk	89521	2026-09-14
duncanbanner.com	13411	2026-09-13
dundalkdemocrat.ie	56109	2026-05-14
dunfermlinepress.com	104239	2026-09-14
dungogchronicle.com.au	56121	2026-09-14
dunmowbroadcast.co.uk	31411	2026-09-14
dunyanews.tv	151755	2026-09-14
dupagepolicyjournal.com	21969	2026-09-14
dupontregistry.com	7662	2026-01-09
durangoherald.com	96720	2026-09-13
durhamregion.com	24178	2026-09-13
dutchnews.nl	22072	2026-09-14
dvidshub.net	16259	2025-01-26
dw.com	121783	2026-09-14
dwell.com	7116	2026-09-11
dynamicbusiness.com	6222	2026-09-12
e-flux.com	10423	2026-09-14
e-know.ca	17906	2026-09-14
eacourier.com	9922	2026-09-12
eadt.co.uk	139636	2026-09-14
eaglecountryonline.com	9401	2026-09-14
eagledayton.com	9245	2026-09-14
eaglesanantonio.com	8903	2026-09-14
eagletimes.com	12955	2025-11-19
eagletribune.com	126312	2026-09-14
ealingtimes.co.uk	115096	2026-09-14
earthquake-report.com	9134	2025-07-21
earthquakenewstoday.com	63211	2025-12-30
earthsky.org	5434	2026-09-13
eastbayri.com	9721	2026-09-13
eastbaytimes.com	78600	2026-09-14
eastbourneherald.co.uk	6199	2022-02-09
eastcountymagazine.org	18886	2026-09-07
easternmirrornagaland.com	37122	2026-09-14
easternontarionetwork.com	44622	2026-06-15
easternriverinachronicle.com.au	95086	2026-09-14
eastidahonews.com	45732	2026-07-09
eastlondonadvertiser.co.uk	36493	2026-09-14
eastlothiancourier.com	106996	2026-09-14
eastoregonian.com	24242	2026-09-14
easttexasradio.com	16720	2026-09-14
eastvalleytribune.com	5898	2026-09-14
easy93.com	5313	2025-06-14
easyreadernews.com	7295	2026-07-25
eater.com	25032	2026-09-12
eaworldview.com	6875	2026-09-13
ebar.com	17369	2025-01-23
ecb.europa.eu	5740	2026-09-12
echo-news.co.uk	178638	2026-09-14
echo.net.au	11542	2025-01-23
echolive.ie	59780	2026-09-13
echonews.com.au	18377	2020-06-29
echopress.com	33881	2026-09-13
ecns.cn	39089	2026-09-04
eco-business.com	11828	2026-09-12
ecofinagency.com	6427	2026-03-19
econintersect.com	7938	2025-01-23
economist.com	30787	2025-09-05
economynext.com	6721	2026-02-28
econotimes.com	90121	2026-09-14
ecr.co.za	45032	2026-09-14
ed.fm	9547	2026-09-13
edenmagnet.com.au	82289	2026-09-14
edge.ca	11080	2026-09-13
edie.net	8412	2025-01-23
editorandpublisher.com	17589	2026-09-13
editorinleaf.com	5375	2026-09-13
edmonton.ctvnews.ca	26612	2025-01-23
edmontonexaminer.com	22667	2026-06-29
edmontonjournal.com	38018	2026-09-14
edmontonsun.com	73394	2026-09-14
edp24.co.uk	179365	2026-09-14
edsource.org	6670	2026-06-24
educationtimes.com	11601	2026-09-13
edweek.org	5624	2026-06-03
eejournal.com	10662	2026-09-11
eenadu.net	5152	2026-08-08
eenews.net	41827	2026-08-28
efe.com	19085	2026-04-15
effinghamdailynews.com	16892	2026-09-11
effinghamradio.com	11516	2026-09-14
efinancialcareers.com	6256	2026-09-11
egyptindependent.com	19455	2026-09-13
eham.net	20351	2026-09-13
ehfcl.com	251751	2020-08-27
einnews.com	148652	2024-06-01
ejpress.org	6122	2026-09-13
ekathimerini.com	5808	2020-04-10
el-balad.com	204399	2026-09-14
elclasificado.com	8848	2026-07-16
eldoradonews.com	14581	2026-09-14
electric949.com	8050	2026-09-11
electronicsweekly.com	19344	2026-09-14
electropages.com	10941	2026-09-12
elitedaily.com	16184	2026-09-13
elitetraveler.com	5342	2026-09-13
elkharttruth.com	19305	2026-09-14
elkodaily.com	54556	2026-09-13
elle.com	22065	2026-09-14
elliotlakestandard.ca	47951	2026-09-13
ellsworthamerican.com	9497	2026-09-14
ellwoodcityledger.com	6226	2023-09-11
elmwoodparkschools.org	17893	2022-03-02
elpais.com	24702	2026-09-14
elpasoinc.com	107246	2026-09-14
elpasotimes.com	10448	2023-09-11
elwakt.com	34770	2024-06-08
elystandard.co.uk	40539	2026-09-14
emarketer.com	5624	2026-09-10
emirates247.com	15362	2026-06-10
emissourian.com	13520	2025-09-01
emmetsburgnews.com	5150	2026-09-11
empireofthekop.com	18050	2026-09-13
empireonline.com	11807	2026-09-13
emporiagazette.com	25756	2026-09-14
empr.com	10925	2026-09-11
ems1.com	12879	2026-09-13
en.apa.az	71922	2026-09-14
en.ce.cn	32037	2026-09-14
en.dangcongsan.vn	5991	2024-10-12
en.gmw.cn	7405	2025-07-02
en.kremlin.ru	5681	2026-09-13
en.people.cn	123047	2026-09-14
en.portnews.ru	5371	2026-03-08
en.qantara.de	10657	2023-10-26
en.qdnd.vn	9658	2026-03-18
en.tempo.co	47253	2026-09-14
en.trend.az	72164	2025-07-09
en.vietnamplus.vn	79240	2026-03-16
enca.com	65064	2026-09-14
endocrinologyadvisor.com	7971	2026-09-11
energeticcity.ca	21691	2026-07-21
energy-pedia.com	23709	2026-09-13
energy-storage.news	8035	2026-09-14
energy953.com	10401	2026-08-06
energycentral.com	24116	2025-05-30
energyfm.net	6729	2026-07-31
energyglobal.com	7447	2025-12-09
energylivenews.com	17268	2026-09-12
energyvoice.com	5581	2025-01-10
enewschannels.com	7387	2026-09-11
enewscourier.com	16087	2026-09-13
enfieldindependent.co.uk	96882	2026-09-14
eng.belta.by	41337	2026-03-10
eng.kavkaz-uzel.eu	8346	2026-09-14
eng.lsm.lv	5866	2025-01-02
engadget.com	47499	2026-09-14
engineering.com	6027	2026-09-11
engineeringnews.co.za	38488	2026-07-31
english.news.cn	297441	2026-09-14
english.pravda.ru	8438	2026-09-11
english.radio.cz	19917	2026-09-13
english.republika.mk	10880	2026-09-14
english.vov.vn	15732	2026-03-16
english.wafa.ps	188067	2026-09-14
enidnews.com	39082	2026-09-14
enn.com	13948	2026-09-11
enr.com	5575	2026-09-14
enrsi.rtvs.sk	5287	2025-01-19
enstarz.com	28259	2026-09-13
enterprisenews.com	7137	2023-09-11
enterprisepub.com	5496	2026-09-09
entornointeligente.com	10145	2026-09-09
entrepreneur.com	10053	2026-09-10
envirotech-online.com	5000	2025-08-14
enviweb.cz	6581	2026-07-14
eonline.com	84468	2026-09-14
ephotozine.com	35871	2025-11-18
eppingforestguardian.co.uk	97851	2026-09-14
eptrail.com	12869	2026-09-13
epw.in	9885	2026-09-12
equibase.com	25375	2026-04-29
equipmentworld.com	5145	2026-05-28
equitybulls.com	75970	2026-09-14
erienewsnow.com	93321	2026-09-14
escapistmagazine.com	8261	2026-06-09
esmmagazine.com	11309	2026-09-11
espn.com	59087	2026-03-19
esquire.com	30789	2026-09-14
essence.com	30981	2026-07-07
essexlive.news	5571	2026-07-02
estevanmercury.ca	31586	2021-07-29
etcanada.com	13319	2023-10-30
eteknix.com	18481	2026-09-13
etfdailynews.com	228558	2025-10-07
etftrends.com	32437	2026-08-03
ethanolproducer.com	8087	2026-09-13
etnow.com	11239	2026-09-11
etonline.com	71395	2026-03-25
eturbonews.com	153793	2026-06-28
eugenedailynews.com	6102	2024-08-21
euobserver.com	13522	2026-09-13
euractiv.com	39817	2026-01-22
eurasiareview.com	40879	2026-09-14
eurekalert.org	75786	2026-09-09
eureporter.co	11352	2026-06-18
euro-petrole.com	8222	2026-09-13
eurogamer.net	42880	2026-09-13
euronews.com	109794	2026-09-14
europapress.es	9013	2026-09-11
europeanpharmaceuticalreview.com	5123	2026-03-26
europeantour.com	5282	2025-06-12
europesun.com	177330	2026-09-14
eurovoix.com	11513	2026-09-13
euroweeklynews.com	6756	2026-03-19
eurweb.com	31870	2026-09-13
evanstonnow.com	9295	2026-09-14
eveningexpress.co.uk	107905	2021-11-08
eveningnews24.co.uk	103834	2026-09-14
eveningtelegraph.co.uk	66368	2021-09-22
eveningtimes.co.uk	5790	2023-03-07
eveningtribune.com	7512	2023-09-11
eventhubs.com	16222	2026-09-14
evertiq.com	8640	2026-09-14
everydayhealth.com	6861	2026-09-11
everything2.com	36374	2026-01-01
eveshamjournal.co.uk	112502	2026-09-14
evo.co.uk	5747	2026-09-12
ew.com	37810	2026-03-17
ewn.co.za	108968	2026-09-14
ewnews.com	5168	2023-02-02
ewrestlingnews.com	80712	2025-07-14
examiner.com.au	83138	2026-09-14
examiner.net	9538	2026-09-07
excelsio.net	6989	2026-09-10
exchangerates.org.uk	12962	2025-11-03
exclaim.ca	27654	2026-09-14
executivebiz.com	8828	2026-09-11
executivegov.com	9271	2026-09-12
exetertoday.ca	10183	2026-09-13
expatforum.com	5471	2026-01-22
expertclick.com	11578	2026-09-12
expertreviews.co.uk	10199	2026-09-11
exploreseiowa.com	26330	2026-03-30
explosion.com	5524	2026-09-10
express.co.uk	403484	2026-09-14
expressandstar.com	67218	2026-03-26
expressnews.com	67773	2025-08-28
extra.ie	5396	2026-03-14
extralunchmoney.com	14998	2024-09-26
extratime.com	7732	2025-09-09
extratv.com	6075	2026-09-14
extremetech.com	8332	2025-01-22
eyeonannapolis.net	17589	2026-09-14
eyeontaiwan.com	5141	2023-03-22
eyeradio.org	17024	2026-09-13
f4wonline.com	34714	2026-09-14
faceofmalawi.com	45192	2026-09-14
fairfaxtimes.com	11011	2026-09-12
fairfieldcitizenonline.com	69732	2022-03-01
fairfieldsuntimes.com	44775	2026-09-14
fairmontsentinel.com	9865	2026-09-12
fairviewpost.com	13309	2026-09-13
falkirkherald.co.uk	16511	2025-01-23
falmouthpacket.co.uk	134508	2026-09-14
famagusta-gazette.com	18052	2025-12-06
familydestinationsguide.com	9807	2026-03-19
famoushookups.com	22648	2025-04-17
fandompost.com	50583	2026-09-02
fangoria.com	7995	2026-07-30
fangraphs.com	27337	2026-09-14
fansided.com	53833	2026-09-14
fantasypros.com	7629	2025-08-19
faribaultcountyregister.com	16308	2026-09-13
fark.com	5825	2026-07-15
farmersjournal.ie	50487	2026-08-07
farminglife.com	11464	2025-01-23
farminguk.com	14596	2026-09-14
farmprogress.com	14728	2024-08-06
farmweekly.com.au	36096	2026-09-14
fastcasual.com	9532	2026-09-14
fastcompany.com	6912	2026-06-28
fauquier.com	6250	2026-09-02
fauquiernow.com	6592	2026-08-28
fayettetribune.com	6252	2026-09-08
fayobserver.com	12278	2023-09-11
faz.net	6154	2026-08-07
fbcnews.com.fj	8735	2026-03-19
fbherald.com	33802	2026-09-14
fdlreporter.com	8392	2023-09-11
feedstuffs.com	9101	2024-11-15
femalefirst.co.uk	39395	2026-09-14
femina.in	9364	2026-09-12
fenlandcitizen.co.uk	21815	2026-09-14
fermanaghherald.com	9718	2026-09-14
fftimes.com	9101	2026-09-10
fhtimes.com	13086	2026-09-13
fibre2fashion.com	15979	2026-06-02
fiercebiotech.com	5682	2026-06-16
fiercepharma.com	5647	2026-08-24
fifetoday.co.uk	14548	2025-01-23
fijilive.com	17738	2025-04-23
fijisun.com.fj	17709	2026-09-14
fijitimes.com	45574	2023-11-30
fijivillage.com	48267	2026-09-14
file770.com	21408	2026-09-14
fillmorecountyjournal.com	7807	2026-09-11
film-news.co.uk	53069	2026-09-14
filmfare.com	23668	2026-09-13
filmibeat.com	49802	2026-09-14
fin24.com	6131	2020-06-05
finance-commerce.com	15997	2026-06-03
financial-news.co.uk	12207	2026-09-13
financial-planning.com	11219	2026-09-11
financialbuzz.com	18207	2025-09-03
financialcontent.com	220404	2026-09-13
financialexpress.com	186827	2026-07-15
financialpost.com	51800	2026-09-14
financialstandard.com.au	7425	2025-01-23
finanzen.ch	37618	2026-09-14
finanzen.net	5405	2026-09-10
finanznachrichten.de	781831	2026-09-14
finchannel.com	6446	2026-09-13
finextra.com	9191	2025-12-08
fingerlakes1.com	62980	2026-09-14
finsmes.com	35430	2025-06-09
firehouse.com	7565	2026-09-11
firerescue1.com	12323	2026-09-13
firetrench.com	6866	2021-10-26
firstalert4.com	21103	2026-09-14
firstalert7.com	6114	2026-09-14
firstcoastnews.com	63319	2026-06-05
firstcomicsnews.com	20797	2026-09-13
firstlightradio.com	26626	2024-02-14
firstpost.com	146450	2026-03-17
firstshowing.net	12472	2026-09-13
fitsnews.com	6292	2026-09-14
fitzhugh.ca	40958	2025-08-29
flaglerlive.com	13862	2026-09-14
flagpole.com	6054	2026-05-20
flanews.com	6192	2025-11-07
flcourier.com	8210	2026-09-12
fleetnews.co.uk	7396	2026-07-24
fleetworld.co.uk	7142	2026-08-27
flickeringmyth.com	32860	2026-09-14
flightaware.com	9179	2026-08-13
flightglobal.com	22794	2026-09-14
floppingaces.net	14162	2026-02-11
floridanewswire.com	8801	2026-09-10
floridapolitics.com	10589	2026-04-06
floridastatesman.com	63594	2026-09-14
floridatoday.com	13611	2023-09-11
floridatrend.com	5420	2026-09-10
floridaweekly.com	16211	2026-09-14
floydct.com	16207	2026-09-13
fltimes.com	23484	2026-09-13
fluther.com	16647	2026-09-14
fly92.com	5397	2026-09-14
flyingmag.com	9537	2026-09-12
fm104.ie	17274	2026-09-10
fm96.com	8118	2026-09-13
fm99.com	5985	2026-09-14
fnarena.com	17895	2026-06-17
focusdailynews.com	7019	2026-09-14
focustaiwan.tw	61322	2026-09-14
fohonline.com	5415	2026-09-11
fonearena.com	19240	2026-09-12
fontanaheraldnews.com	11939	2026-09-12
foodandwine.com	5391	2026-02-23
foodbev.com	9751	2026-09-11
fooddive.com	7251	2026-09-14
foodista.com	14756	2026-08-05
foodmanufacture.co.uk	7647	2026-09-11
foodnavigator-usa.com	7309	2026-07-08
foodnavigator.com	7430	2026-09-14
foodsafetynews.com	5352	2026-09-14
fool.ca	50441	2026-06-04
fool.co.uk	40206	2026-05-12
fool.com	372979	2026-09-14
fool.com.au	49200	2026-06-04
football.london	13513	2023-02-02
football365.com	5098	2023-02-02
footwearnews.com	13853	2025-05-13
forbes.com	625561	2026-09-11
forbesadvocate.com.au	27389	2026-09-10
forbesindia.com	9814	2026-09-14
forcechange.com	8382	2026-09-14
forconstructionpros.com	13234	2025-12-29
ford-trucks.com	36815	2025-08-25
foreignaffairs.co.nz	50515	2025-01-23
foreignpolicy.com	17159	2026-09-12
forexcrunch.com	25695	2026-02-02
forexlive.com	77319	2025-07-19
forextv.com	134608	2025-08-05
forimmediaterelease.net	5697	2026-09-13
formula1.com	18336	2026-09-14
forsythnews.com	6973	2026-09-11
fortmcmurraytoday.com	14493	2026-09-13
fortmorgantimes.com	32764	2026-09-13
fortsaskatchewanrecord.com	15398	2026-09-13
fortune.com	45926	2026-09-14
fortworthbusiness.com	9253	2026-09-11
forward.com	24830	2026-09-03
fosters.com	9701	2023-09-11
foundry-planet.com	5214	2026-09-13
fourfourtwo.com	26065	2026-09-13
fox1023.com	18039	2026-09-11
fox10phoenix.com	92077	2026-09-14
fox10tv.com	36259	2026-09-14
fox11online.com	45250	2026-09-14
fox13memphis.com	39582	2026-09-14
fox13news.com	58691	2026-09-14
fox13now.com	36075	2026-09-13
fox13seattle.com	27996	2026-09-14
fox17.com	40794	2026-09-14
fox17online.com	64225	2026-09-14
fox19.com	38569	2026-09-14
fox21online.com	32314	2026-09-14
fox23.com	36612	2026-09-14
fox23maine.com	48853	2026-09-14
fox26houston.com	68898	2026-09-14
fox29.com	76930	2026-09-14
fox2detroit.com	55758	2026-09-14
fox2now.com	9453	2025-07-02
fox32chicago.com	90065	2026-09-14
fox34.com	27965	2026-09-14
fox35orlando.com	93690	2026-09-13
fox40.com	5235	2025-07-03
fox42kptm.com	8715	2026-09-12
fox43.com	71906	2026-06-25
fox4beaumont.com	32885	2026-09-14
fox4kc.com	7267	2025-07-02
fox4news.com	61159	2026-09-13
fox56.com	37964	2026-09-14
fox59.com	7441	2025-11-18
fox5atlanta.com	94727	2026-09-14
fox5dc.com	65181	2026-09-14
fox5ny.com	70456	2026-09-14
fox5vegas.com	24660	2026-09-14
fox61.com	63743	2026-06-06
fox6now.com	85781	2026-09-14
fox7austin.com	73741	2026-09-14
fox8.com	7734	2026-05-31
fox8live.com	31559	2026-09-14
fox8tv.com	13763	2026-09-13
fox9.com	55338	2026-09-14
fox969.com	19829	2026-09-14
foxbaltimore.com	49425	2026-09-14
foxbangor.com	61443	2026-09-14
foxbusiness.com	77175	2026-09-14
foxcarolina.com	32392	2026-09-14
foxcincinnati.com	9336	2026-09-13
foxillinois.com	29550	2026-09-14
foxla.com	69091	2026-09-14
foxnews.com	377165	2026-09-14
foxradiook.com	11447	2026-08-18
foxreno.com	32084	2026-09-14
foxrochester.com	28403	2026-09-14
foxsanantonio.com	49448	2026-09-14
foxsports.com.au	6342	2023-07-05
foxtel.com.au	12343	2026-06-23
foxwilmington.com	41046	2026-09-14
foxy99.com	14247	2026-09-14
france24.com	167191	2026-02-12
franklinfavorite.com	27578	2026-09-11
frasercoastchronicle.com.au	46313	2021-04-28
fredericknewspost.com	42000	2026-09-14
fredericksburg.com	57241	2026-09-14
freebeacon.com	20747	2026-09-13
freedom929.com	10267	2026-09-09
freedom95.us	6434	2026-08-29
freedom970.com	7975	2026-09-11
freemalaysiatoday.com	102340	2026-09-14
freep.com	46354	2024-06-25
freepressjournal.in	443704	2026-09-14
freepressseries.co.uk	92448	2026-09-14
freerepublic.com	483749	2026-09-14
freestonecountytimesonline.com	5286	2026-08-31
freethoughtblogs.com	6682	2026-09-13
freightwaves.com	6759	2026-01-21
freightweek.org	5268	2026-09-11
fremonttribune.com	72358	2026-09-13
freshfruitportal.com	9383	2026-09-11
freshplaza.com	83824	2026-09-11
fresnobee.com	5973	2024-07-17
frieze.com	5071	2026-01-28
froggy1003.com	11408	2026-09-14
froggy929.com	10680	2025-05-24
froggyweb.com	26974	2026-09-14
frontiersman.com	8569	2026-06-10
frontpageafricaonline.com	26290	2026-09-13
frontpagemag.com	21141	2026-05-29
fruitnet.com	10024	2025-09-04
ft.com	12476	2026-02-05
ft.lk	47635	2026-09-14
ftadviser.com	14970	2026-09-08
ftnnews.com	15128	2026-06-04
ftvlive.com	13099	2026-09-14
fudzilla.com	5476	2026-01-06
fukuoka-now.com	6161	2026-09-11
fultonsun.com	11801	2026-09-14
fun107.com	26811	2026-09-13
funds-europe.com	7887	2026-09-11
fundsforngos.org	24830	2026-09-11
funkytaurusmedia.com	147541	2026-09-14
furninfo.com	7158	2025-09-04
furnituretoday.com	11167	2026-06-04
futaa.com	15659	2020-11-27
futurity.org	10464	2026-09-09
fwi.co.uk	19547	2026-09-14
fwweekly.com	5744	2026-09-11
fxempire.com	10506	2026-03-09
fxstreet.com	125442	2026-03-05
gadget.co.za	7054	2026-09-14
gadgetsmagazine.com.ph	6298	2026-09-13
gadsdentimes.com	8135	2023-09-11
gainesville.com	15883	2023-09-11
gainesvilleregister.com	6888	2026-09-13
gainesvilletimes.com	11463	2026-09-11
galesburg.com	6937	2023-09-11
galusaustralis.com	7671	2020-08-18
galvnews.com	42147	2026-09-13
galwaybayfm.ie	21947	2026-09-13
gamasutra.com	12921	2022-06-24
gamenguide.com	6866	2026-09-14
gamepur.com	22146	2024-08-14
gamerant.com	133766	2026-09-14
gameranx.com	19295	2026-09-10
gamereactor.eu	24951	2026-09-13
gamerevolution.com	10470	2026-09-10
gamesindustry.biz	19372	2026-09-11
gamespot.com	45822	2026-01-20
gamesradar.com	65669	2026-09-14
gamewatcher.com	5279	2026-09-07
gamingbolt.com	19826	2026-09-12
gamingintelligence.com	5371	2026-09-11
gananoquereporter.com	40328	2026-08-29
ganggreennation.com	8456	2026-09-13
gardenandgun.com	5203	2026-09-09
garoweonline.com	7910	2026-09-13
gasgoo.com	16653	2026-09-14
gastongazette.com	9600	2023-09-11
gasworld.com	10705	2026-05-24
gator995.com	17907	2026-09-13
gattonstar.com.au	44798	2021-04-28
gaytimes.co.uk	10016	2024-05-06
gazetaexpress.com	24763	2026-08-05
gazette-news.co.uk	148924	2026-09-14
gazette.com	190853	2026-09-14
gazetteandherald.co.uk	120984	2026-09-14
gazetteherald.co.uk	145867	2026-09-14
gazettejournal.net	6365	2026-09-11
gazettelive.co.uk	93498	2026-09-14
gazettenet.com	37251	2026-09-13
gazetteseries.co.uk	118434	2026-09-14
gazettetimes.com	49376	2026-09-09
gazettextra.com	54365	2026-09-14
gbtribune.com	13151	2026-09-12
gcaptain.com	19592	2026-09-14
gcmaz.com	12943	2026-09-14
gctelegram.com	8452	2026-08-20
gdnonline.com	172985	2026-09-14
gds.ro	6100	2024-11-05
gearjunkie.com	12055	2026-08-14
geekwire.com	13044	2026-08-20
geeky-gadgets.com	48625	2026-08-25
geekzone.co.nz	7445	2026-09-14
geelongadvertiser.com.au	108392	2026-09-14
geneamusings.com	9497	2026-09-13
genengnews.com	9392	2026-06-04
geneticliteracyproject.org	10187	2026-03-20
geo.tv	155656	2026-09-14
geograph.org.uk	6215	2024-07-13
georgeherald.com	32650	2026-09-14
georgiatoday.ge	15763	2026-09-11
geosuper.tv	35367	2026-09-13
getreading.co.uk	50971	2024-05-03
getreligion.org	6582	2024-02-02
getsurrey.co.uk	89851	2026-09-14
gettysburgtimes.com	31675	2026-09-12
ggrasia.com	7764	2026-06-29
ghanafa.org	6808	2026-09-14
ghanaiantimes.com.gh	43065	2026-09-12
ghanamma.com	123031	2026-09-12
ghananewsagency.org	7849	2020-05-06
ghanavisions.com	24639	2026-09-11
ghanaweb.com	247740	2026-03-03
ghettoradio.co.ke	9975	2026-09-13
giants.com	7583	2026-09-12
gigulate.com	36126	2026-05-21
gigwise.com	5725	2026-09-10
gillettenewsrecord.com	39686	2026-09-12
gilmermirror.com	24728	2026-09-12
giornaledibrescia.it	8277	2026-04-11
girlslife.com	6642	2026-09-14
gisborneherald.co.nz	15364	2025-02-04
gisuser.com	10468	2026-09-13
github.com	10521	2026-09-14
gizbot.com	5744	2026-07-23
gizchina.com	41260	2026-09-14
gizmochina.com	11012	2026-03-19
gizmodo.co.uk	9499	2020-09-09
gizmodo.com	56853	2026-09-14
gizmodo.com.au	32551	2024-07-11
gjsentinel.com	107664	2026-09-14
gladstoneobserver.com.au	52613	2021-06-23
glamour.com	14905	2026-09-13
glamsham.com	61979	2026-09-13
glasgowtimes.co.uk	194083	2026-09-14
glasgowworld.com	9356	2025-01-23
glassonweb.com	9098	2026-09-12
gleninnesexaminer.com.au	47516	2026-09-14
glidemagazine.com	8609	2026-09-14
globalbankingandfinance.com	7320	2026-08-24
globalcapital.com	15451	2025-10-20
globalcement.com	8179	2026-09-10
globalissues.org	10199	2026-09-14
globalnews.ca	152858	2026-09-14
globalsecurity.org	147103	2026-09-13
globalsistersreport.org	6092	2026-09-12
globaltimes.cn	59224	2026-09-14
globalvoices.org	7092	2026-09-14
globegazette.com	55368	2026-09-13
globenewswire.com	285961	2025-11-14
globes.co.il	15788	2026-09-10
gloucesteradvocate.com.au	61332	2026-09-14
gloucestershirelive.co.uk	11049	2026-05-13
gloucestertimes.com	34527	2026-09-14
gmanetwork.com	22387	2026-07-19
gmatclub.com	29293	2025-11-20
gmauthority.com	17532	2025-11-18
gmenhq.com	6602	2026-09-14
gna.org.gh	11444	2026-02-22
gnnliberia.com	14135	2026-09-13
go.com	359868	2026-02-10
go955.com	17481	2024-10-08
goal.com	111252	2026-03-19
gobankingrates.com	23055	2026-09-10
gocomics.com	23592	2025-08-13
gocountry105.com	10987	2026-09-11
godanriver.com	49573	2026-09-13
goderichsignalstar.com	23203	2026-09-13
goerie.com	15023	2023-09-11
goldcoastbulletin.com.au	141462	2024-07-30
goldderby.com	20550	2026-09-14
goldseiten.de	22114	2026-03-23
golocalprov.com	16443	2026-07-21
goodereader.com	5491	2026-09-14
goodhousekeeping.com	18613	2026-09-14
goodmenproject.com	69387	2025-01-23
gopusa.com	16072	2025-01-21
gosanangelo.com	5421	2023-09-11
goshennews.com	83638	2026-09-14
goskagit.com	267989	2026-09-14
goss.ie	42407	2026-09-13
gossipcop.com	5937	2021-09-01
gothamist.com	22744	2026-09-13
goulburnpost.com.au	96422	2026-09-14
goupstate.com	13769	2026-05-17
gov.uk	110997	2026-09-11
govconwire.com	8810	2026-09-11
governing.com	13989	2026-09-14
governorswindenergycoalition.org	7070	2026-09-13
govexec.com	12438	2026-09-11
govinfosecurity.com	16169	2026-09-11
govtech.com	21076	2026-09-13
gowatertown.net	27490	2026-09-11
gpb.org	15025	2026-09-12
gponline.com	5504	2026-07-02
gq-magazine.co.uk	12715	2026-09-14
gq.co.za	5457	2026-09-13
gq.com	12981	2026-09-13
gqindia.com	9840	2026-09-14
grainews.ca	6978	2025-05-22
grandforksgazette.ca	29465	2026-09-14
grandforksherald.com	73999	2026-09-14
grandhaventribune.com	18720	2026-09-12
grandprix.com	9756	2026-09-13
grandprix247.com	19849	2026-09-14
grandrapidsmn.com	32256	2026-09-14
granthamjournal.co.uk	6444	2023-12-04
graphic.com.gh	62079	2026-09-13
gratefulweb.com	24656	2026-09-13
graziadaily.co.uk	5049	2026-02-03
grbj.com	6001	2023-04-15
greanvillepost.com	9171	2026-09-13
great98.net	10150	2022-09-19
greatbendpost.com	35623	2026-09-14
greaterbelize.com	6399	2026-09-12
greatfallstribune.com	6218	2023-09-08
greatlakesadvocate.com.au	61042	2026-09-14
greekcitytimes.com	18898	2026-03-10
greekherald.com	63559	2026-09-14
greekreporter.com	30344	2026-06-07
greeleytribune.com	37807	2026-09-14
greenbaypressgazette.com	11617	2023-09-11
greencarcongress.com	11692	2024-07-30
greenevillesun.com	20304	2026-09-14
greenfieldreporter.com	43235	2025-05-15
greenleft.org.au	8174	2026-09-09
greenocktelegraph.co.uk	129350	2026-09-14
greensboro.com	56406	2026-09-13
greensburgdailynews.com	40166	2026-09-09
greenvilleonline.com	6965	2023-09-11
greenwichfreepress.com	7116	2026-09-13
greenwichtime.com	135194	2025-06-12
grenadachronicle.com	18607	2026-09-14
grenfellrecord.com.au	26164	2026-09-09
grimsbytelegraph.co.uk	78125	2026-09-14
grmdaily.com	11485	2026-06-28
groove993.com	11369	2026-06-19
ground.news	19048	2025-01-25
groundup.org.za	8722	2026-09-11
gsmarena.com	43742	2026-09-14
guampdn.com	51954	2026-09-14
guardian-series.co.uk	98338	2026-09-14
guardian.co.tt	48373	2026-09-14
guardian.ng	78980	2026-04-05
guelphmercury.com	10157	2026-09-14
guernicamag.com	7443	2026-07-15
guernseypress.com	80244	2026-09-14
guitarworld.com	17181	2026-09-13
gulf-times.com	55697	2026-09-13
gulf104.com	21713	2026-09-13
gulfbusiness.com	19994	2026-04-03
gulfcoastmedia.com	8089	2026-09-13
gulfcoastnewsnow.com	25862	2026-09-14
gulfnews.com	196904	2026-09-14
gulftoday.ae	52129	2026-03-19
gulte.com	41584	2026-09-14
gurlstudio.com	5527	2023-02-20
gurufocus.com	19152	2026-07-11
guyanachronicle.com	6750	2020-07-23
gvnews.com	8948	2026-09-13
gwdtoday.com	125393	2025-11-04
gwhatchet.com	8725	2026-09-14
gwinnettdailypost.com	84623	2026-09-11
gx94radio.com	26853	2026-09-14
gympietimes.com.au	53769	2021-04-28
haaretz.com	65331	2026-09-14
haberler.com	9534	2026-08-25
haberx.com	6873	2025-09-08
habseyesontheprize.com	6620	2026-09-13
hackaday.com	11264	2026-09-14
hackneygazette.co.uk	30197	2026-09-14
haitilibre.com	10107	2026-09-13
haitisun.com	50332	2026-09-14
halesowennews.co.uk	142356	2026-09-14
halfwheel.com	11545	2026-09-13
halifax.citynews.ca	6698	2025-10-14
halifaxcourier.co.uk	18225	2025-01-23
haligonia.ca	5455	2026-09-13
hallmarknews.com	16396	2026-09-13
halsteadgazette.co.uk	125296	2026-09-14
hamhigh.co.uk	56530	2026-09-14
hamlethub.com	14689	2026-09-06
hamodia.com	8109	2023-02-02
hampshirechronicle.co.uk	149458	2026-09-14
hampshirereview.com	7550	2026-09-09
hancinema.net	58373	2026-09-14
hanfordsentinel.com	25760	2026-09-14
hani.co.kr	12050	2026-09-14
hannaherald.com	8921	2026-09-13
hannibal.net	11481	2026-09-13
hannity.com	16708	2026-08-05
hapakenya.com	9254	2026-09-11
hapblog.com	8337	2025-05-22
harboroughmail.co.uk	11120	2025-01-23
hardcoregamer.com	13365	2026-09-14
hardenexpress.com.au	48081	2026-09-14
hardwoodparoxysm.com	9005	2026-09-02
harnesslink.com	28239	2026-09-14
harpersbazaar.com	25202	2026-09-14
harringayonline.com	47318	2026-09-13
harrisondaily.com	22294	2026-09-13
harrogate-news.co.uk	6242	2026-09-14
harrogateadvertiser.co.uk	15619	2025-01-23
harrowtimes.co.uk	95879	2026-09-14
hartenergy.com	8026	2025-09-18
hartfordbusiness.com	21197	2026-09-11
hartfordcitynewstimes.com	37120	2026-09-13
hartlepoolmail.co.uk	13236	2025-01-23
harvard.edu	14349	2026-09-11
harwichandmanningtreestandard.co.uk	128512	2026-09-14
hauraki.co.nz	9268	2026-09-14
havanatimes.org	6980	2026-09-13
havasunews.com	37262	2026-09-14
havredailynews.com	12009	2026-07-19
hawaii.edu	8785	2026-09-12
hawaiinewsnow.com	43892	2026-09-14
hawaiipublicradio.org	26726	2026-09-12
hawaiitelegraph.com	124591	2026-09-14
hawaiitribune-herald.com	19326	2026-09-13
hawkesburygazette.com.au	56749	2025-07-28
hayspost.com	33387	2026-09-14
hazard-herald.com	28179	2026-09-14
hcamag.com	10426	2026-09-12
hccommunityjournal.com	9826	2026-09-14
hcplive.com	11811	2026-03-27
hd983.com	16151	2026-07-03
hdnews.net	6728	2026-09-01
headlineplanet.com	8745	2026-09-14
healio.com	39309	2026-09-14
health.com	6689	2026-03-17
healthcanal.com	7276	2025-02-04
healthcaredive.com	7922	2026-09-14
healthcarefinancenews.com	5465	2026-06-03
healthcareitnews.com	14929	2026-06-04
healthday.com	6700	2026-09-11
healthleadersmedia.com	15931	2026-06-30
heart.co.uk	21230	2026-09-11
heartfm.ca	13764	2026-09-11
heaven1460.com	9105	2026-08-18
heavy.com	23260	2026-06-18
hedgeweek.com	6175	2026-05-20
helenair.com	64179	2026-09-13
helihub.com	5597	2024-07-26
hellenicshippingnews.com	162296	2026-09-14
hellobeautiful.com	5503	2026-09-13
hellomagazine.com	108398	2026-09-14
helsinkitimes.fi	6541	2026-09-14
hemeltoday.co.uk	10711	2025-01-23
hendersondispatch.com	16079	2026-09-12
hendersonvillelightning.com	6408	2026-09-14
henleystandard.co.uk	11107	2026-09-13
henricocitizen.com	6337	2026-09-12
henryherald.com	63908	2026-09-09
hepburnadvocate.com.au	49680	2026-09-14
her.ie	53028	2026-06-26
herald-citizen.com	11681	2026-09-13
herald-dispatch.com	53753	2026-09-14
herald-review.com	67879	2026-09-13
herald-zeitung.com	14506	2026-09-13
herald.co.zw	61471	2025-01-23
heraldandnews.com	23096	2026-09-12
heraldbanner.com	8835	2026-09-11
heraldbulletin.com	61559	2026-09-14
heraldcourier.com	40961	2026-09-13
heralddemocrat.com	9160	2026-09-10
heraldextra.com	19768	2026-09-13
heraldglobe.com	155709	2026-09-14
heraldgoa.in	15713	2026-09-14
heraldlive.co.za	30798	2025-01-25
heraldmailmedia.com	43614	2023-09-11
heraldmalaysia.com	22801	2026-03-11
heraldnet.com	18517	2026-09-13
heraldnews.com	11208	2023-09-11
heraldpalladium.com	36672	2026-09-14
heraldscotland.com	149116	2026-09-14
heraldseries.co.uk	135902	2026-09-14
heraldstandard.com	20111	2026-09-12
heraldstaronline.com	21016	2026-09-12
heraldsun.com.au	122647	2024-07-31
heraldtribune.com	22337	2023-09-11
herefordtimes.com	68643	2026-09-14
heritage.org	39651	2026-09-11
heritagefl.com	10186	2026-09-10
hermistonherald.com	7677	2026-09-12
hertfordshiremercury.co.uk	22775	2025-11-04
hertsad.co.uk	39593	2026-09-14
hexham-courant.co.uk	130703	2026-09-14
hexus.net	6999	2025-02-25
hiawathaworldonline.com	37475	2026-08-31
hickoryrecord.com	49272	2026-09-13
hiddenremote.com	6552	2026-09-13
highlandcountypress.com	24816	2026-09-14
highlandradio.com	54646	2026-09-14
highrivertimes.com	9130	2026-09-13
highschoolot.com	5769	2026-09-11
highsnobiety.com	22073	2026-09-14
highway989.com	9765	2026-09-09
hillingdontimes.co.uk	121406	2026-09-14
hillsdale.net	5253	2023-09-11
hilltimes.com	8363	2026-09-14
hindi.cri.cn	10776	2026-09-14
hindustantimes.com	526997	2026-09-14
hiphopdx.com	39549	2026-05-18
hiphopnc.com	12113	2026-09-14
hiphopwired.com	11984	2026-09-14
hirunews.lk	7226	2026-03-05
history.com	12421	2026-09-12
historyextra.com	5374	2026-09-11
hitc.com	92294	2026-09-14
hitconsultant.net	9487	2026-09-11
hits1053sanantonio.com	6981	2026-09-11
hits96.com	18325	2026-09-11
hits973.com	10007	2026-09-11
hitsfm.net	45031	2026-09-11
hjnews.com	24685	2026-09-12
hltv.org	128348	2025-08-12
hngn.com	52012	2026-09-14
hngnews.com	44462	2026-09-14
hoganstand.com	26708	2026-09-13
hogshaven.com	10013	2026-09-14
hola.com	24542	2026-09-14
hollandsentinel.com	16685	2023-09-10
hollywoodlife.com	31576	2026-08-05
hollywoodreporter.com	72038	2026-09-14
homelandsecuritynewswire.com	9392	2026-09-12
homenewshere.com	66471	2026-09-14
homernews.com	5258	2026-09-12
hometownregister.com	116844	2026-09-14
hometownsource.com	77179	2026-09-14
hometownstation.com	24382	2026-09-14
hometownstations.com	72330	2026-09-14
hongkongherald.com	47967	2026-09-14
honisoit.com	6633	2026-09-14
honolulumagazine.com	9707	2026-09-14
hoodline.com	5815	2025-01-23
hopestandard.com	38930	2026-09-14
horseandhound.co.uk	18774	2026-09-13
hortweek.com	23116	2026-07-02
hospitalitydesign.com	5914	2026-08-17
hospitalitynet.org	56909	2026-06-29
hot101.com	10755	2026-09-13
hot1017.com	6653	2025-01-24
hot1029.com	15231	2026-09-10
hot1033.com	9501	2026-09-13
hot1047.com	28559	2026-09-13
hot105fm.com	7157	2026-09-12
hot1077radio.com	9088	2026-09-13
hot96.com	35419	2026-09-14
hot967.fm	5584	2023-03-17
hot967fm.com	26820	2026-09-11
hot969boston.com	25479	2026-09-13
hot97.com	17514	2026-09-12
hot975fm.com	16995	2026-09-12
hotair.com	92945	2026-09-14
hotaugusta.com	15270	2026-09-13
hotcountrybull.com	7573	2024-01-26
hoteliermiddleeast.com	7467	2023-03-21
hotelnewsresource.com	11356	2026-09-13
hotelscombined.com	6004	2026-09-13
hothardware.com	11849	2026-09-13
hotpress.com	16319	2026-09-13
hotspotatl.com	11153	2026-09-14
houmatoday.com	11760	2023-09-11
houseandgarden.co.uk	6456	2026-09-14
housebeautiful.com	11592	2026-09-13
housingwire.com	16823	2026-09-13
houstonchronicle.com	122357	2025-07-23
houstonherald.com	13256	2026-09-13
houstoniamag.com	5741	2026-09-12
houstonianonline.com	8925	2026-09-03
houstonpress.com	7867	2026-09-13
houstonpublicmedia.org	29996	2026-09-14
houstontexans.com	5329	2026-09-13
howestreet.com	11006	2026-08-18
howstuffworks.com	14191	2026-04-20
howtogeek.com	31465	2026-09-14
hpcwire.com	13520	2026-08-24
hpherald.com	5679	2026-09-11
hpj.com	14771	2026-09-13
hppr.org	50551	2026-09-14
hpr2.org	8519	2021-06-02
hrmagazine.co.uk	19243	2026-05-29
hrreporter.com	6845	2026-09-11
hrw.org	12058	2026-09-11
hsj.co.uk	13651	2025-09-05
htrnews.com	10229	2023-09-11
htsstlucia.org	6331	2026-09-13
htxt.co.za	12254	2026-09-12
hub-4.com	6319	2026-09-14
hubcityradio.com	7998	2026-09-13
hubspot.com	7740	2026-09-10
hucknalldispatch.co.uk	11608	2025-01-23
hudsoncountyview.com	10733	2026-09-12
hudsonreporter.com	7874	2026-04-24
hudsonstarobserver.com	6233	2026-09-14
hudsonvalley360.com	28171	2024-04-23
hudsonvalleycountry.com	44305	2026-09-13
huewire.com	25119	2026-09-03
huffingtonpost.ca	6676	2021-03-09
huffingtonpost.co.uk	41673	2026-09-13
huffpost.com	59785	2026-08-17
hulldailymail.co.uk	102778	2026-09-14
human-wrongs-watch.net	5228	2026-03-01
humanevents.com	9429	2026-09-14
humanitariannews.org	105823	2021-09-28
humanresourcesonline.net	8051	2026-09-14
humboldtjournal.ca	32771	2021-07-29
hungarytoday.hu	25072	2026-09-13
huntspost.co.uk	40366	2026-09-14
hup.hu	6525	2026-09-12
hurriyetdailynews.com	45855	2026-09-14
huskeradio.com	11885	2026-09-02
huskerstoday.com	7252	2026-09-06
hutchnews.com	11848	2023-09-10
hydrocarbonprocessing.com	13842	2026-09-11
hypebeast.com	63481	2026-02-15
hypebot.com	13101	2026-09-11
hyperallergic.com	10339	2026-09-12
i1071.com	8884	2021-04-30
i24news.tv	28095	2026-09-14
i95rock.com	15936	2026-09-14
i95rocks.com	19492	2026-09-11
iafrica.com	22516	2026-09-13
iam-media.com	5328	2026-03-21
ianslive.in	305926	2026-09-14
ibcworldnews.com	25577	2026-09-13
iberianet.com	8444	2022-06-22
iberkshires.com	37287	2026-09-14
iberonews.com	6214	2026-09-13
ibinews.com	10505	2025-09-04
ibj.com	7870	2026-09-10
ibtimes.co.in	58839	2026-09-13
ibtimes.co.uk	77799	2026-09-14
ibtimes.com	194736	2026-09-13
ibtimes.com.au	33413	2026-09-14
ibtimes.sg	7279	2026-03-16
icaew.com	8223	2026-09-13
icenews.is	9974	2026-09-13
iconnect007.com	14962	2026-06-11
icsf.net	13361	2026-09-14
idahobusinessreview.com	7707	2026-06-04
idahopress.com	80331	2026-09-14
idahostatejournal.com	94829	2026-09-14
idahostatesman.com	5302	2024-07-30
ideastream.org	19829	2026-09-12
idg.com.au	6314	2023-02-14
idiva.com	19700	2026-09-12
idrw.org	67483	2026-09-14
idsnews.com	12863	2026-09-14
ieyenews.com	17503	2026-03-17
ifa.com.au	6640	2026-06-25
ifamagazine.com	11527	2026-01-16
ifiberone.com	57438	2023-02-15
ifp.co.in	18205	2026-08-31
igamingbusiness.com	15421	2026-09-12
igberetvnews.com	7537	2025-11-26
ign.com	82945	2026-09-14
iheart.com	15410639	2026-09-14
ijpr.org	33314	2026-09-13
ijr.com	5157	2026-03-19
ilfordrecorder.co.uk	29986	2026-09-14
illawarramercury.com.au	101379	2026-09-14
illinoistimes.com	9625	2026-09-14
ilonggotechblog.com	9762	2026-09-05
ilovebobfm.com	10100	2026-09-14
iloveqatar.net	6388	2025-11-27
imemc.org	10473	2026-09-14
imore.com	27836	2025-05-23
imparcialoaxaca.mx	5071	2026-04-01
impartialreporter.com	120552	2026-09-14
imt.ie	5974	2026-09-12
in-cumbria.com	15195	2026-09-14
in.gr	6931	2026-09-12
inc.com	5320	2025-08-22
inc42.com	11305	2024-02-02
indaily.com.au	8422	2025-01-20
indcatholicnews.com	9530	2026-09-14
inddist.com	9485	2025-10-03
indeonline.com	8553	2023-09-11
independantexpress.com	14258	2026-02-17
independent.co.uk	265018	2026-09-14
independent.com	18011	2026-09-14
independent.com.mt	25070	2026-09-06
independent.ie	289738	2026-05-19
independentnews.com	25177	2026-09-14
independentsentinel.com	45911	2026-06-10
independenttribune.com	46479	2026-09-12
india.com	282169	2026-02-23
indiablooms.com	36206	2026-09-14
indiaeducationdiary.in	58446	2026-09-14
indiagazette.com	270166	2026-09-14
indiainfoline.com	12059	2026-09-11
indianagazette.com	5626	2026-03-19
indianapolisrecorder.com	5862	2026-04-02
indianautosblog.com	9032	2026-07-13
indiancooperative.com	14831	2026-09-12
indianewengland.com	28069	2026-09-13
indianexpress.com	484102	2026-07-31
indiankanoon.org	74205	2026-09-13
indiantelevision.com	24132	2025-01-23
indianweekender.co.nz	14773	2026-09-14
indiapost.com	10688	2026-09-14
indiatimes.com	2693659	2026-09-14
indiatoday.in	181286	2026-06-29
indiatvnews.com	127245	2026-07-15
indiawest.com	25524	2026-06-22
indiedb.com	15816	2025-11-16
indiewire.com	16792	2026-09-14
indonesiatribune.com	16882	2026-09-12
industrialinfo.com	10217	2026-09-11
industrytoday.co.uk	5784	2024-08-30
indysmix.com	10826	2026-09-13
indystar.com	25111	2023-09-11
indyweek.com	5238	2026-02-12
inews.co.uk	6841	2026-08-19
inewsgr.com	13450	2026-09-14
inferse.com	6299	2026-09-05
infiniteunknown.net	11693	2025-04-11
infonews.co.nz	8700	2026-09-14
inform.kz	15122	2023-09-17
informationng.com	37611	2026-09-13
informationweek.com	6947	2026-09-12
inforum.com	97945	2026-09-14
infosecurity-magazine.com	11892	2026-09-11
infotechlead.com	6947	2026-09-13
infotel.ca	204502	2026-05-01
infowars.com	37273	2025-06-05
infoworld.com	9598	2026-09-11
inlander.com	12998	2026-09-11
inlandnewstoday.com	17504	2026-09-12
inman.com	20720	2026-07-07
inmaricopa.com	9271	2026-09-14
innovationintextiles.com	5701	2026-09-11
innovationtoronto.com	12603	2025-07-14
inquirer.com	79728	2026-09-14
inquirer.net	248296	2026-09-09
inquisitr.com	72061	2025-05-14
insidebitcoins.com	25608	2026-09-14
insideclimatenews.org	5881	2026-06-23
insideedition.com	15008	2025-09-11
insideevs.com	27779	2026-09-13
insidefutbol.com	17825	2026-09-13
insidefutures.com	7921	2020-12-29
insidehalton.com	13745	2026-09-13
insidehighered.com	9322	2026-05-12
insideindianabusiness.com	21719	2026-09-12
insidelacrosse.com	6347	2024-12-01
insidenova.com	69228	2026-09-13
insideottawavalley.com	9189	2026-09-13
insidepulse.com	7005	2026-09-14
insider.com	15591	2024-01-08
insideretail.asia	9061	2026-09-14
insidermedia.com	8897	2025-01-23
insidermonkey.com	175895	2026-09-14
insidethegames.biz	24663	2024-09-13
insidetheiggles.com	7408	2026-09-14
insightnews.com	6639	2026-09-10
instinctmagazine.com	5473	2026-09-14
institutionalinvestor.com	6333	2025-12-11
instyle.com	18917	2026-03-17
insuranceage.co.uk	7951	2026-09-11
insurancebusinessmag.com	31481	2026-09-14
insuranceinsider.com	7699	2026-09-08
insurancejournal.com	73049	2026-09-14
insurancenewsnet.com	70667	2026-06-04
integra927.com	5224	2024-06-03
intelligencer.ca	52166	2026-09-14
intelligentinsurer.com	11921	2026-09-13
interest.co.nz	14778	2026-09-14
interestingengineering.com	6703	2026-03-19
interfax.com	40978	2026-03-19
interfax.com.ua	62654	2026-09-12
intergameonline.com	15693	2026-05-17
interior-news.com	28362	2026-09-14
interlochenpublicradio.org	36195	2026-09-14
international-adviser.com	8001	2026-09-11
internationaltimes.it	5981	2026-09-13
intouchweekly.com	14342	2026-09-14
intrafish.com	14958	2026-09-14
inverelltimes.com.au	55717	2026-09-14
inverness-courier.co.uk	80326	2026-09-14
investegate.co.uk	556738	2026-09-14
investing.com	84818	2026-03-26
investinglive.com	16671	2026-09-14
investingnews.com	18666	2026-09-14
investmentexecutive.com	18662	2026-08-11
investmentnews.com	16775	2026-09-11
investmentwatchblog.com	56582	2026-09-14
investmentweek.co.uk	18110	2026-09-11
investopedia.com	18705	2026-03-17
investordaily.com.au	10101	2026-06-24
investorideas.com	8325	2026-09-11
investorplace.com	21606	2026-09-11
investors.com	46811	2026-09-14
investorschronicle.co.uk	12696	2026-09-07
invezz.com	37889	2025-09-23
inyourpocket.com	5334	2026-09-05
iol.co.za	227944	2025-01-23
iomtoday.co.im	27739	2026-09-13
iowapublicradio.org	50582	2026-09-14
iowastatedaily.com	6996	2026-09-14
ipe.com	9537	2025-09-04
ipolitics.ca	10831	2025-04-24
ipowerrichmond.com	13658	2026-09-14
ippmedia.com	8175	2025-02-26
ipsnews.net	18144	2026-09-14
ipswichadvertiser.com.au	21261	2020-06-29
ipswichstar.co.uk	94443	2026-09-14
ipwatchdog.com	9308	2026-09-13
iradio.ie	8851	2026-09-11
iranherald.com	70160	2026-09-14
iranoilgas.com	7082	2026-09-13
iraq-businessnews.com	6770	2026-09-14
iraqinews.com	11997	2026-09-13
iraqsun.com	83184	2026-09-14
irasciblemusings.com	20726	2024-01-20
irishamerica.com	6788	2026-07-27
irishcentral.com	19346	2026-09-13
irishdentist.ie	6924	2026-09-14
irishecho.com	5625	2026-09-12
irishexaminer.com	122761	2026-09-14
irishmirror.ie	176115	2026-09-14
irishnews.com	86129	2026-09-14
irishsun.com	49208	2026-09-14
irishtimes.com	225012	2026-09-14
ironmountaindailynews.com	25361	2026-09-14
irrawaddy.com	10690	2025-12-09
irrigator.com.au	53665	2026-09-14
irvinetimes.com	94112	2026-09-14
islamicinvitationturkey.com	12710	2026-09-13
island.lk	54091	2026-07-27
islandpacket.com	5017	2024-07-29
islands.com	24946	2026-09-14
islingtongazette.co.uk	29626	2026-09-14
islingtontribune.co.uk	6281	2026-09-11
ispreview.co.uk	5680	2026-09-13
israelherald.com	38149	2026-09-14
israelnationalnews.com	250472	2026-09-14
israeltoday.co.il	6119	2025-04-16
isthmus.com	15912	2026-09-13
it-online.co.za	83166	2026-09-12
italian.cri.cn	11609	2026-09-14
itbrief.co.nz	14267	2026-09-14
itbusinessnet.com	162964	2026-09-14
itechpost.com	18380	2026-09-11
itemlive.com	12755	2026-09-14
itemonline.com	17983	2026-09-13
ithaca.com	6414	2026-09-10
ithacajournal.com	5125	2023-09-11
itnews.com.au	11502	2026-09-13
itnewsafrica.com	10486	2026-08-31
itnewsonline.com	131433	2026-08-10
itnonline.com	8081	2026-09-11
itp.net	8530	2023-03-21
itpro.co.uk	9219	2023-04-11
itsnicethat.com	7917	2026-09-11
itv.com	100917	2025-06-02
itweb.co.za	14741	2026-09-11
itwire.com	23433	2026-09-14
ivpressonline.com	91653	2026-09-13
iwf.org	6281	2025-09-09
iwradio.co.uk	54406	2026-09-14
j-14.com	5231	2025-08-11
jacarandafm.com	48280	2026-09-14
jacksonprogress-argus.com	67498	2026-09-14
jacksonsun.com	6477	2023-09-11
jacksonville.com	16128	2023-09-11
jacksonvilleprogress.com	10855	2026-09-12
jagonews24.com	28631	2026-04-15
jagranjosh.com	84142	2026-09-14
jaguars.com	7063	2026-09-14
jalopnik.com	26468	2026-09-14
jamaica-gleaner.com	92895	2026-09-14
jamaica-star.com	40937	2026-09-11
jamaicantimes.com	41543	2026-09-14
jamaicaobserver.com	222817	2026-09-14
jambands.com	7176	2026-09-11
jambase.com	11492	2025-12-12
jamestown.org	5213	2026-09-11
jamestownsun.com	52886	2026-09-13
janes.com	20543	2026-09-02
japanherald.com	68759	2026-09-14
japantimes.co.jp	118956	2026-09-12
japantoday.com	73734	2026-09-14
jaxdailyrecord.com	8843	2024-01-03
jaysjournal.com	5298	2026-09-14
jayski.com	6195	2025-01-18
jbhe.com	9445	2026-09-13
jckonline.com	8291	2026-09-11
jcnnewswire.com	17013	2026-09-14
jconline.com	6301	2023-09-10
jcpost.com	28017	2026-09-14
jdnews.com	13034	2026-09-12
jdsupra.com	313287	2026-07-15
jeepforum.com	5241	2026-06-11
jerseyeveningpost.com	82801	2026-09-13
jewishjournal.com	10648	2023-03-03
jewishlink.news	5362	2023-06-17
jewishpress.com	42128	2026-09-11
jewishtimes.com	5298	2026-09-11
jewishworldreview.com	8691	2026-09-11
jezebel.com	10334	2026-09-13
jg-tc.com	57172	2026-09-13
jhnewsandguide.com	18100	2026-09-14
jhu.edu	18665	2026-09-13
jns.org	33441	2026-09-14
joblo.com	39802	2026-07-30
joe.co.uk	22824	2026-04-16
joe.ie	23908	2026-04-15
johnogroat-journal.co.uk	46805	2026-09-13
johnsoncitypress.com	21521	2025-12-16
jonathanturley.org	7717	2026-09-13
joplinglobe.com	90218	2026-09-14
jordantimes.com	57735	2026-09-13
jose947.com	15323	2025-03-13
journal-advocate.com	31103	2026-09-13
journal-news.com	39120	2026-09-14
journal-news.net	28228	2026-09-14
journal-spectator.com	9839	2025-11-25
journal-topics.com	8853	2026-09-13
journal.com.ph	15141	2026-09-13
journalgazette.net	79341	2026-09-14
journalinquirer.com	22390	2023-06-03
journalism.co.uk	5503	2026-09-10
journalismpakistan.com	7357	2026-09-14
journalnow.com	73550	2026-09-12
journalpatriot.com	10423	2026-09-13
journalpioneer.com	22877	2020-11-11
journalrecord.com	37118	2026-06-03
journalreview.com	11137	2026-09-13
journalstandard.com	5432	2023-09-10
journalstar.com	111551	2026-09-13
journaltimes.com	69645	2026-09-13
jowhar.com	8279	2026-09-14
jox2fm.com	41278	2025-07-23
joxfm.com	19655	2026-09-14
joy.org.au	12206	2026-09-14
jpost.com	179089	2026-09-14
jsonline.com	32169	2023-09-11
jta.org	11234	2025-05-12
jtv.com	50639	2026-09-08
jumpradio.ca	7574	2026-08-31
juneauempire.com	8159	2026-09-14
juneesoutherncross.com.au	106318	2026-09-14
juniorminingnetwork.com	21323	2026-09-12
junkee.com	6676	2026-02-19
jurist.org	6889	2026-03-19
just-auto.com	11434	2026-09-11
just-drinks.com	7737	2026-09-11
just-food.com	9051	2026-09-11
just-style.com	9289	2026-09-11
justarsenal.com	18056	2026-09-13
justblogbaby.com	5961	2026-09-14
justice.gov	5015	2025-11-26
justiceinfo.net	9779	2026-09-12
justicenewsflash.com	7822	2026-07-14
justjared.com	611973	2026-09-14
justjaredjr.com	121468	2026-09-13
justmeans.com	17128	2023-01-06
justsecurity.org	5636	2026-09-13
juxtapoz.com	6197	2026-05-13
jweekly.com	11429	2026-09-11
jwire.com.au	13920	2026-09-10
k100country.com	5893	2026-09-13
k101fm.net	41439	2026-04-22
k1047.com	23858	2026-09-13
k105.com	12302	2026-08-31
k12.wi.us	18160	2026-09-10
k2radio.com	26521	2026-09-12
k923orlando.com	9212	2026-09-12
k945.com	38603	2026-09-11
k96fm.com	17557	2026-09-13
k985.com	5843	2020-12-09
k99.com	22621	2026-09-14
k99online.com	6541	2026-01-28
k99wigm.com	8285	2026-09-11
kaaltv.com	75975	2026-03-17
kabc.com	30321	2026-09-13
kachwanya.com	7098	2026-09-13
kacu.org	57149	2026-09-14
kafe.com	5775	2026-09-11
kagstv.com	38121	2026-06-06
kaieteurnewsonline.com	32161	2026-09-13
kait8.com	35036	2026-09-14
kajo.com	5841	2026-09-10
kake.com	51797	2026-09-14
kalb.com	17829	2026-09-14
kalw.org	49211	2026-09-14
kamcity.com	15232	2025-11-18
kamloopsbcnow.com	12455	2026-09-14
kamloopsthisweek.com	20035	2023-10-27
kansascity.com	5375	2024-07-30
kansaspublicradio.org	24202	2026-09-14
kanw.com	37966	2025-07-07
kaok.com	41979	2026-09-13
kare11.com	62042	2026-06-25
karennews.org	7340	2026-09-14
karriere.at	11037	2024-03-25
kashmirlife.net	43425	2026-09-14
kashmirreader.com	51168	2026-09-14
kashmirtimes.com	19710	2026-09-12
kashmirtimes.in	16699	2025-04-18
kasu.org	96306	2026-09-14
katc.com	47394	2026-09-01
katcountry989.com	44882	2026-09-11
katherinetimes.com.au	64116	2026-09-14
kathmandupost.com	28809	2026-09-14
katm.com	6296	2026-09-14
katsfm.com	43625	2026-09-13
katt.com	9432	2026-09-13
katu.com	44408	2026-09-14
katv.com	36554	2026-09-14
kawc.org	64055	2026-09-14
kawowo.com	7509	2026-09-13
kazu.org	68383	2026-09-14
kbat.com	28016	2026-09-13
kbcy.com	5541	2026-09-13
kber.com	8845	2026-09-13
kbew98country.com	5134	2026-09-13
kbft.org	7864	2026-09-13
kbhbradio.com	8708	2025-01-23
kbia.org	38094	2026-09-14
kbnd.com	7603	2026-09-11
kbnwnews.com	5551	2026-09-02
kboo.fm	6931	2026-09-14
kbrx.com	7764	2026-09-13
kbs.co.kr	65731	2026-09-14
kbtt.fm	20149	2026-08-31
kbtx.com	28613	2026-09-14
kbull93.com	13417	2022-09-06
kbur.com	16654	2026-09-09
kbzk.com	39585	2026-09-14
kcbd.com	31074	2026-09-14
kcbx.org	32033	2026-09-14
kcby.com	35944	2026-09-14
kcchronicle.com	7039	2023-05-01
kcci.com	85408	2026-09-14
kccu.org	58766	2026-09-14
kcentv.com	51557	2026-06-06
kcet.org	7715	2023-09-25
kchanews.com	10736	2026-09-12
kciiradio.com	24166	2026-09-13
kclr96fm.com	8781	2026-09-14
kclu.org	47362	2026-09-14
kcra.com	113284	2026-09-14
kcrg.com	37445	2026-09-14
kcrr.com	26706	2026-09-13
kcrw.com	21945	2026-01-30
kctv5.com	42625	2026-09-14
kcur.org	16504	2026-09-12
kdal610.com	12741	2025-09-30
kdat.com	46006	2026-09-13
kdhlradio.com	59369	2026-09-13
kdhnews.com	90506	2026-09-14
kdks.fm	16609	2026-08-31
kdlg.org	17369	2025-01-27
kdminer.com	6647	2026-09-13
kdramastars.com	20670	2026-09-10
kdrv.com	30044	2026-09-14
kdux.com	9745	2026-09-04
kdvr.com	6504	2026-02-17
kdwn.com	7218	2022-11-12
keanradio.com	21147	2026-09-14
kearneyhub.com	50149	2026-09-12
kecofm.com	9028	2026-09-13
kedm.org	56964	2026-09-14
keighleynews.co.uk	133107	2026-09-14
kekbfm.com	33863	2026-09-13
kelo.com	82688	2026-09-14
kelofm.com	18065	2026-09-14
kelownacapnews.com	54501	2026-09-14
kelownadailycourier.ca	61512	2026-09-14
kenoraonline.com	7083	2025-08-25
kenoshanews.com	7298	2025-08-27
kens5.com	72133	2026-06-05
kentlive.news	5708	2026-07-02
kentonline.co.uk	96409	2026-09-14
kentuckynewera.com	34769	2026-09-13
kenw.org	43054	2026-09-14
kenyan-post.com	45432	2026-09-13
kenyans.co.ke	16332	2026-03-18
kenyastar.com	69149	2026-09-14
keprtv.com	25980	2026-06-05
keralakaumudi.com	6014	2026-09-03
keranews.org	25099	2026-09-14
kerrang.com	13551	2026-08-17
kesn1033.com	9325	2020-10-06
kesq.com	82274	2026-09-14
ketchikandailynews.com	6956	2026-09-12
ketr.org	49009	2026-09-14
ketv.com	80417	2026-09-14
kevinmd.com	18014	2026-05-27
keyc.com	19130	2026-09-14
keyj.com	20801	2026-09-13
keysnews.com	50395	2026-09-14
keyt.com	104780	2026-09-14
keyw.com	25292	2026-09-12
kezi.com	28199	2026-09-13
kezj.com	22247	2026-09-12
kfdi.com	10996	2026-01-28
kfdm.com	34701	2026-09-14
kffm.com	29740	2026-09-11
kfgo.com	73219	2026-09-14
kfilradio.com	62750	2026-09-14
kfiz.com	10857	2026-09-14
kfm.co.ug	8614	2026-04-20
kfm.co.za	9754	2024-01-15
kfmx.com	31501	2026-09-13
kfor.com	7646	2026-06-11
kfox95.com	28678	2026-09-12
kfoxtv.com	40371	2026-09-14
kfqd.com	6520	2026-09-13
kfru.com	38235	2026-09-13
kfrxfm.com	17293	2026-08-05
kfvs12.com	52154	2026-09-14
kfyo.com	19315	2026-09-12
kfyrtv.com	29540	2026-09-14
kgab.com	6496	2026-03-06
kggo.com	10486	2026-09-12
kgmi.com	7909	2024-01-16
kgmo.com	7190	2026-09-11
kgns.tv	23396	2026-09-13
kgoradio.com	26604	2022-10-06
kgou.org	67598	2026-09-14
kgw.com	58192	2026-09-11
khaama.com	22726	2026-09-13
khak.com	39589	2026-09-14
khaleejtimes.com	156192	2026-09-01
khaosodenglish.com	9434	2025-01-23
khay.com	5538	2026-09-13
khit1075.com	22149	2026-09-12
khits.com	51159	2026-09-02
khmertimeskh.com	29011	2025-07-08
khop.com	10509	2026-09-14
khou.com	72508	2026-06-06
khq.com	83405	2026-09-14
khqa.com	31917	2026-09-14
kicdam.com	7503	2024-07-31
kickam1530.com	24786	2026-09-13
kickoff.com	31764	2026-09-13
kicks105.com	20860	2026-09-13
kicks1063.com	11753	2026-09-13
kicks99.com	16211	2026-09-12
kickscountry.com	5007	2026-09-12
kicksonfire.com	45793	2026-06-01
kidderminstershuttle.co.uk	115182	2026-09-14
kiiitv.com	55653	2026-06-05
kiimfm.com	6251	2026-09-13
kikn.com	32726	2026-09-13
kilburntimes.co.uk	48990	2026-09-14
kildare-nationalist.ie	56338	2026-09-14
kilgorenewsherald.com	11852	2026-09-12
kilkennypeople.ie	58431	2026-05-14
kimatv.com	28907	2026-06-06
kimberleybulletin.com	29751	2026-09-14
kimt.com	58412	2026-09-14
kincardinenews.com	21695	2026-08-29
king5.com	67787	2026-06-05
kingdomfm.co.uk	18364	2025-01-03
kingfm.com	36038	2026-09-14
kingfut.com	10226	2026-09-13
kingstonthisweek.com	36695	2026-03-26
kinja.com	15310	2026-04-27
kink.fm	5478	2026-09-12
kinston.com	7663	2026-09-12
kion546.com	5562	2025-08-21
kios.org	47564	2026-08-15
kiow.com	15979	2026-09-13
kiplinger.com	15345	2026-09-13
kirksvilledailyexpress.com	8845	2026-09-13
kiro7.com	65397	2026-09-14
kism.com	9717	2026-09-11
kiss-1031.com	9224	2026-09-13
kiss951.com	30313	2026-09-13
kisscasper.com	25073	2026-09-12
kissfm969.com	25773	2026-09-14
kissrocks.com	8153	2026-09-13
kisswtlz.com	21921	2026-09-11
kitchener.citynews.ca	6837	2025-01-26
kitchener.ctvnews.ca	24550	2025-01-23
kitchenertoday.com	6824	2021-10-17
kitco.com	27744	2026-09-11
kitguru.net	21892	2026-09-13
kitsapsun.com	5916	2023-09-11
kitv.com	59582	2026-09-14
kivitv.com	7643	2026-03-19
kiwaradio.com	13901	2026-09-13
kiwiblog.co.nz	9144	2026-09-14
kix106.com	6037	2026-09-13
kix953.com	14885	2026-08-31
kix96.com	6014	2026-09-13
kixi.com	9320	2026-09-11
kixs.com	19509	2026-09-13
kixweb.com	7542	2026-08-31
kizn.com	6972	2026-09-14
kjas.com	11088	2026-09-14
kjct8.com	20968	2026-09-14
kjlhradio.com	6731	2026-09-13
kjmo.com	7596	2025-03-17
kjo1055.com	5505	2026-09-09
kjrh.com	18657	2026-09-12
kjzz.org	39664	2026-09-14
kkco11news.com	12302	2026-09-14
kkfm.com	13355	2026-09-13
kkgb.com	17884	2026-09-12
kkiq.com	16168	2026-09-11
kkoh.com	75542	2026-09-13
kkrv.com	14783	2026-09-03
kktv.com	25854	2026-09-14
kkyr.com	24787	2026-09-13
kkyx.com	7314	2026-09-11
klake.com	8869	2024-02-15
klaq.com	29225	2026-09-13
klaw.com	26614	2026-09-13
klcc.org	93955	2026-09-14
klce.com	5932	2024-08-29
klewtv.com	26166	2026-06-06
klif.com	79454	2026-09-14
klik1240.com	31383	2024-10-16
klin.com	15262	2026-09-14
klkl.fm	21081	2026-08-10
klkntv.com	37821	2026-09-14
klll.com	9008	2026-09-12
klove.com	5133	2026-09-13
klrc.com	5176	2026-09-14
kltv.com	34516	2026-09-13
klur.com	6168	2026-09-13
klyq.com	6235	2025-03-12
kmaj1440.com	110689	2026-09-14
kmaland.com	30050	2026-09-13
kmbc.com	80046	2026-09-14
kmch.com	12178	2026-09-13
kmfm.co.uk	8793	2026-09-14
kmhk.com	18606	2026-09-13
kmit.com	5154	2026-09-12
kmjnow.com	71054	2026-09-14
kmmo.com	22521	2026-09-11
kmmsam.com	12937	2026-09-11
kmov.com	18034	2023-12-04
kmuw.org	46666	2026-09-14
kmvt.com	18941	2026-09-14
kmxs.com	7566	2026-08-19
kmxt.org	18688	2026-09-14
knac.com	17904	2026-09-12
knau.org	42570	2026-09-14
knbr.com	14484	2025-05-22
knco.com	7410	2026-08-03
kneb.com	8538	2021-03-30
knek.com	20338	2026-09-13
kniakrls.com	48473	2026-04-10
knoe.com	31246	2026-09-14
knopnews2.com	23724	2026-09-14
knoxnews.com	11024	2023-09-11
knoxradio.com	13889	2026-09-14
knpr.org	71469	2026-09-14
knsiradio.com	19700	2026-09-14
knue.com	35694	2026-09-13
knzr.com	12841	2026-05-14
koaa.com	52185	2026-09-14
koamnewsnow.com	31089	2026-09-13
koat.com	64631	2026-09-14
kob.com	133139	2026-09-14
kobi5.com	25034	2026-09-14
koco.com	88785	2026-09-14
kodiakdailymirror.com	6732	2026-09-09
koel.com	25500	2026-09-13
kogt.com	7347	2026-09-14
koimoi.com	72412	2026-08-24
koka.am	21817	2026-09-09
kokomoperspective.com	42673	2023-11-03
kokomotribune.com	60313	2026-09-14
kold.com	42745	2026-09-14
kolotv.com	29907	2026-09-14
komando.com	10070	2026-09-13
komonews.com	37242	2026-09-14
komu.com	52467	2026-09-14
kono1011.com	9574	2026-09-12
kool1017.com	34608	2026-09-13
kool1079.com	30081	2026-09-13
kool965.com	18940	2026-09-12
kool973.com	5266	2026-08-26
kool98.com	7306	2026-09-11
koolam.com	11440	2026-09-14
koolfmabilene.com	20148	2026-09-13
kopsource.com	65646	2024-11-23
koreabizwire.com	47083	2026-02-12
koreabridge.net	5230	2026-09-13
koreaherald.com	137017	2026-09-14
korean.cri.cn	8913	2026-09-14
koreatimes.co.kr	121331	2026-09-14
koreatimesus.com	6498	2025-07-18
kosu.org	32665	2026-05-09
kotaku.com	19938	2026-09-14
kotaku.com.au	19084	2026-09-07
kotaradio.com	8946	2026-09-13
kotatv.com	22764	2026-09-14
kowb1290.com	14362	2026-09-13
koxe.com	13537	2026-09-11
koze.com	10135	2026-09-08
kpax.com	45908	2026-09-14
kpbs.org	52724	2026-09-14
kpcnews.com	67863	2026-09-13
kpcw.org	38981	2026-09-14
kpel965.com	36586	2026-09-13
kpfa.org	13805	2026-09-14
kphrfm.com	11970	2026-09-04
kpic.com	38807	2026-09-14
kpla.com	9397	2026-09-13
kplctv.com	39767	2026-09-14
kpopstarz.com	22733	2026-09-12
kpq.com	14975	2026-09-14
kprs.com	8794	2026-09-11
kptv.com	32494	2026-09-14
kpvi.com	56703	2026-09-12
kqky.com	10095	2026-04-28
kqvt.com	14694	2026-09-11
kqxy.com	10479	2026-09-13
krcgtv.com	39625	2026-09-13
krcoam.com	5925	2022-04-05
krcrtv.com	45773	2026-09-13
krcu.org	67827	2026-09-14
krdo.com	111261	2026-09-14
krem.com	51326	2026-06-26
krforadio.com	54197	2026-09-14
krgv.com	64622	2026-09-14
kristv.com	39139	2026-09-14
krmg.com	32702	2026-09-14
krmsradio.com	5742	2026-09-12
krna.com	28190	2026-09-13
krnb.com	15731	2026-09-13
krny.com	11595	2026-09-11
kroc.com	42222	2026-09-13
krock.com.au	7446	2026-09-14
krock1017fm.com	5079	2021-05-15
krocnews.com	15662	2026-09-13
krod.com	17623	2026-09-12
krqe.com	5338	2025-11-18
krro.com	26270	2026-09-14
krrq.com	20643	2026-09-13
krrvonline.com	13472	2026-09-11
krtv.com	35361	2026-09-14
krvn.com	7917	2021-02-12
krvs.org	25436	2026-09-14
krwg.org	53119	2026-09-14
ks95.com	15097	2026-09-11
ksal.com	11993	2026-09-13
ksam1017.com	7051	2026-09-13
ksat.com	166566	2026-09-14
ksbw.com	64465	2026-09-14
ksby.com	56113	2026-09-14
kscj.com	9014	2026-09-13
ksdk.com	66285	2026-06-06
ksenam.com	13971	2026-09-14
ksfa860.com	14485	2026-09-12
ksfr.org	6533	2026-09-14
ksgf.com	12566	2026-05-23
kshb.com	47095	2026-09-13
kshe95.com	10052	2026-09-11
ksisradio.com	18940	2026-09-12
ksjbam.com	6250	2026-09-05
ksks.com	10866	2026-09-14
ksl.com	141319	2026-09-14
ksla.com	34887	2026-09-14
kslx.com	7567	2026-09-11
ksmb.com	20174	2026-09-14
ksmu.org	90569	2026-09-14
ksnblocal4.com	19019	2026-09-14
ksnt.com	7165	2025-07-16
ksoo.com	5993	2021-08-01
kspr.com	11386	2020-07-08
ksro.com	23115	2025-09-15
kstp.com	59468	2026-03-19
ksusentinel.com	36224	2026-06-19
ksut.org	39127	2026-09-14
kswo.com	27863	2026-09-13
ksyl.com	28784	2026-08-28
ktar.com	56303	2026-06-03
ktbb.com	48913	2026-09-14
ktbs.com	100264	2026-09-14
ktcx.com	6218	2026-09-13
kten.com	51368	2026-09-14
ktep.org	42652	2026-09-14
ktgl.com	8620	2026-08-31
kticradio.com	7000	2021-05-28
ktik.com	8297	2026-09-14
ktiv.com	38210	2026-09-14
ktla.com	8210	2025-05-28
ktlo.com	37245	2026-08-18
ktnv.com	6090	2026-03-18
ktop1490.com	82817	2026-09-14
ktre.com	22753	2026-09-13
ktsa.com	19548	2026-09-14
kttn.com	17326	2025-11-10
ktts.com	11047	2025-11-23
ktucam.com	9209	2023-08-24
ktul.com	40871	2026-09-14
ktuu.com	8725	2020-07-16
ktvb.com	59027	2026-06-06
ktvh.com	31748	2026-09-13
ktvl.com	5914	2026-09-12
ktvo.com	29279	2026-09-14
ktvq.com	34041	2026-09-14
ktvu.com	66601	2026-09-14
ktvz.com	151629	2026-09-14
ktwb.com	8237	2026-09-10
ktxs.com	34549	2026-09-13
ku.edu	6748	2026-09-11
kuaf.com	48478	2026-09-14
kuam.com	24726	2026-04-30
kucb.org	8866	2026-09-11
kuenselonline.com	10191	2026-09-01
kuer.org	17287	2026-09-12
kugn.com	65466	2026-08-18
kuic.com	14940	2026-09-14
kulr8.com	69504	2026-09-14
kuna.net.kw	50048	2026-02-25
kunc.org	53512	2026-09-14
kunm.org	38941	2026-09-14
kunr.org	28085	2026-09-14
kuow.org	33012	2026-09-14
kurv.com	25535	2026-09-13
kusi.com	21626	2024-01-30
kut.org	13655	2026-09-11
kutx.org	5305	2026-09-13
kuvo.org	10276	2026-09-11
kuwaittimes.com	10873	2025-01-27
kuwaittimes.net	15352	2022-01-04
kuzz.com	6293	2026-09-13
kval.com	41626	2026-09-13
kvia.com	125105	2026-09-14
kvmr.org	8574	2026-09-14
kvnf.org	55896	2026-09-14
kvoa.com	48263	2026-09-14
kvoo.com	8055	2020-12-07
kvor.com	81284	2026-09-13
kvpionline.com	15874	2026-09-03
kvpr.org	36018	2026-09-14
kvrr.com	24930	2026-09-14
kvue.com	62654	2026-06-25
kw3.com	13807	2026-09-14
kwayradio.com	6749	2026-09-11
kwbu.org	78977	2026-09-14
kwcdcountry.com	11376	2026-09-13
kwch.com	29502	2026-09-14
kwhl.com	5404	2026-09-13
kwin.com	23207	2026-09-13
kwiq.com	8481	2026-08-26
kwit.org	75547	2026-09-14
kwqc.com	31725	2026-09-14
kwsn.com	22297	2026-09-14
kwtx.com	26809	2026-09-14
kwwl.com	6192	2026-03-17
kwxx.com	11542	2026-08-31
kx947.fm	6692	2026-09-13
kxel.com	62520	2026-09-11
kxii.com	17952	2026-09-12
kxkx.com	25297	2026-09-14
kxl.com	22585	2026-09-14
kxlf.com	38449	2026-09-13
kxlh.com	32237	2026-09-13
kxly.com	109225	2026-09-14
kxly920.com	17083	2026-09-14
kxrb.com	33338	2026-09-14
kxxv.com	53898	2026-09-14
kxzz1580am.com	8657	2022-01-03
ky3.com	53730	2026-09-14
kygl.com	22078	2026-09-12
kyis.com	10108	2026-09-14
kyivpost.com	67962	2026-09-14
kykz.com	5655	2026-09-13
kyma.com	59076	2026-09-14
kynt1450.com	14977	2026-09-14
kyodonews.net	22852	2026-09-13
kysdc.com	14220	2026-09-14
kyssfm.com	31744	2026-09-13
kyuk.org	27156	2026-09-14
kztv10.com	26631	2026-09-13
kzyx.org	48073	2026-09-14
labelsandlabeling.com	9341	2026-04-07
labmate-online.com	7410	2025-08-07
labusinessjournal.com	6273	2026-09-08
lacrossetribune.com	124143	2026-09-13
ladailypost.com	24739	2026-09-13
ladunliadinews.com	8588	2025-07-28
ladysmithchronicle.com	34545	2026-09-14
lagazzettadelmezzogiorno.it	8032	2026-08-25
lagrandeobserver.com	13390	2026-09-13
lagrangenews.com	6723	2026-08-29
lagunabeachindy.com	5077	2026-09-04
lahainanews.com	5399	2026-09-13
laineygossip.com	14260	2026-09-11
laist.com	39397	2026-09-13
lajollalight.com	5593	2024-06-12
lakeexpo.com	8208	2026-09-11
lakegenevanews.net	29875	2026-09-07
lakelandtimes.com	5124	2026-09-11
lakenewsonline.com	10998	2026-09-11
lakersnation.com	15985	2026-09-13
lakeshoreadvance.com	23406	2026-09-13
lakeshowlife.com	6277	2026-09-14
lamag.com	10506	2026-09-12
lancashiretelegraph.co.uk	217760	2026-09-14
lancasterfarming.com	10265	2026-09-13
lancasterguardian.co.uk	14852	2025-01-23
lancasteronline.com	98052	2026-09-14
lanereport.com	5162	2026-09-11
lankabusinessonline.com	5412	2026-09-14
lankanewspapers.com	6865	2026-09-14
lankaweb.com	16306	2026-09-13
lansingstatejournal.com	8274	2023-09-11
laois-nationalist.ie	57554	2026-09-13
laosnews.net	98039	2026-09-14
laprensalatina.com	37186	2026-05-11
laramieboomerang.com	5085	2021-02-04
larouchepub.com	5026	2026-09-09
lasentinel.net	12449	2025-08-23
lasvegassun.com	104378	2026-09-13
lasvegasweekly.com	7705	2026-09-13
latestly.com	108148	2025-01-27
latimes.com	186482	2026-09-14
latinamericanpost.com	11294	2026-09-13
latinfinance.com	12268	2026-09-13
latinnews.com	5453	2025-09-15
latinpost.com	19974	2026-09-10
latintimes.com	29678	2026-09-14
latpro.com	42075	2023-03-23
laughingplace.com	17876	2026-09-14
law360.com	149075	2026-09-12
lawandcrime.com	6285	2026-03-17
lawfuel.com	5492	2026-09-14
lawgazette.co.uk	18504	2025-09-05
lawofficer.com	10555	2026-09-12
lawstreetmedia.com	8737	2026-09-10
lawyersweekly.com.au	11891	2026-09-14
lbc.co.uk	79032	2026-09-14
lbcgroup.tv	7553	2026-07-13
lbpost.com	13898	2026-09-13
lcsun-news.com	11231	2023-09-11
leaderherald.com	10592	2023-10-24
leaderlive.co.uk	184052	2026-09-14
leaderpost.com	65719	2026-09-14
leadership.ng	104305	2026-09-13
leadertelegram.com	57842	2026-09-14
leamingtonobserver.co.uk	14567	2026-09-13
leavenworthtimes.com	9908	2026-08-30
lebanon-express.com	21448	2023-04-25
lebanondemocrat.com	82413	2026-09-13
ledburyreporter.co.uk	109017	2026-09-14
ledgertranscript.com	15646	2026-09-13
leducrep.com	16620	2026-09-13
leftfootforward.org	5882	2026-09-14
legalinsurrection.com	17030	2026-09-14
legallyindia.com	24262	2026-09-14
legalnewsline.com	16845	2026-09-14
legit.ng	17884	2026-03-19
legitgov.org	12575	2026-09-13
lehighacrescitizen.com	5497	2026-09-10
lehighvalleylive.com	48122	2026-02-23
leicestermercury.co.uk	118444	2026-09-14
leighjournal.co.uk	99560	2026-09-14
leightonbuzzardonline.co.uk	9193	2025-01-23
leinsterexpress.ie	59110	2026-05-12
leinsterleader.ie	62211	2026-05-12
leitrimobserver.ie	49217	2026-05-14
lelezard.com	35745	2026-06-02
lemonde.fr	9061	2026-04-15
lenconnect.com	10474	2023-09-11
lendio.com	8488	2023-07-02
lep.co.uk	26299	2025-01-23
lestimes.com	7400	2026-09-10
lethbridgeherald.com	65069	2026-09-14
letsrecycle.com	6164	2026-09-11
letsrun.com	12170	2026-06-01
lewistownsentinel.com	15651	2026-09-14
lewrockwell.com	31823	2026-06-04
lex18.com	38312	2026-09-14
lexch.com	23189	2026-09-12
lexology.com	31975	2026-07-15
lfpress.com	25152	2026-09-14
lgbtqnation.com	8913	2026-06-21
lgcplus.com	9968	2026-09-11
libcom.org	5252	2026-09-07
liberianobserver.com	17306	2026-09-14
libertyballers.com	8131	2026-09-11
libn.com	11056	2026-06-03
librivox.org	8622	2026-09-13
lichfieldlive.co.uk	14649	2026-09-14
lifeandstylemag.com	11886	2026-09-08
lifehacker.com	21744	2026-09-14
lifehacker.com.au	22827	2024-10-09
lifenews.com	18248	2026-09-14
lightreading.com	19163	2026-09-12
liherald.com	7500	2026-09-14
liliputing.com	5086	2026-07-22
lillooetnews.net	17763	2020-08-18
limaohio.com	35794	2025-04-15
limerickleader.ie	62755	2026-05-27
limerickpost.ie	12916	2026-09-13
lincolnshireworld.com	14183	2025-01-23
lincolntimesnews.com	5034	2026-09-12
listenupyall.com	7783	2026-09-12
listverse.com	14418	2026-09-14
lite96.com	5798	2024-02-21
lite987.com	28884	2026-09-12
liteonline.com	23178	2026-09-13
literock959.com	22060	2025-03-27
literock969.com	8820	2022-04-18
lithgowmercury.com.au	48216	2026-09-14
littleapplepost.com	25204	2026-09-14
littlehamptongazette.co.uk	6387	2022-02-10
live.com	16087	2020-11-21
live5news.com	39184	2026-09-14
live955.com	10710	2026-09-11
live959.com	13577	2026-09-12
live95fm.ie	17816	2026-09-13
livecharts.co.uk	15429	2026-09-11
livejournal.com	96554	2026-09-14
livelaw.in	76418	2026-09-13
liveleak.com	5908	2021-05-30
livemint.com	230691	2026-09-14
livenews.co.nz	50729	2026-09-14
liverpoolecho.co.uk	216160	2026-09-14
liverpoolfc.com	13184	2026-09-14
livesaildie.com	9728	2026-09-13
livescience.com	17120	2026-09-13
ljworld.com	16591	2026-09-12
lloydslist.com	6574	2025-08-26
lmfm.ie	16557	2026-09-13
lmtonline.com	181735	2026-06-22
lmtribune.com	48465	2026-08-30
lobotero.com	7177	2026-09-13
local10.com	136965	2026-09-14
local12.com	37372	2026-09-14
local21news.com	42623	2026-09-13
local3news.com	49129	2026-09-14
localberkshire.co.uk	9988	2023-03-07
localgov.co.uk	12337	2026-09-11
localmatters.co.nz	6223	2026-09-13
localmemphis.com	55339	2026-06-06
localnews8.com	156229	2026-09-14
lockhaven.com	24752	2026-09-14
lockportjournal.com	24967	2026-09-13
locusmag.com	8767	2025-07-17
lodinews.com	7934	2026-09-14
loeildelaphotographie.com	9555	2025-04-10
loganbanner.com	6515	2026-09-10
logandaily.com	5402	2026-09-12
logisticsmanager.com	5791	2026-09-11
lohud.com	10472	2023-09-11
lombardiave.com	5842	2026-09-14
lompocrecord.com	29524	2026-09-14
london-now.co.uk	18195	2026-09-14
london.ctvnews.ca	22226	2025-01-23
londonlovesbusiness.com	27124	2026-09-13
londonmercury.com	35308	2026-09-14
londontheatre1.com	6315	2026-09-13
lonestar995fm.com	31316	2026-09-13
lonestarball.com	8079	2026-09-14
longbeachstar.com	28882	2024-09-21
longfordleader.ie	53948	2026-05-15
longisland.com	24145	2026-09-13
longislandpress.com	15287	2026-09-13
loopjamaica.com	16567	2021-05-20
loopnews.com	14595	2024-07-21
lordsofpain.net	6837	2020-04-18
losaltosonline.com	7325	2026-09-14
lostcoastoutpost.com	14390	2026-09-13
loudountimes.com	8379	2026-09-12
loudwire.com	20880	2026-09-13
louisianaradionetwork.com	9288	2026-09-12
louisianarecord.com	5312	2025-05-20
lovefm.com	8472	2026-09-12
lovinmalta.com	7683	2026-03-19
lowellsun.com	26728	2026-09-14
lowkickmma.com	24447	2026-09-13
lowvelder.co.za	20975	2023-08-31
lpheralddispatch.com	9515	2026-09-12
lrt.lt	17009	2026-09-13
lse.co.uk	94388	2025-01-23
lsionline.com	14800	2025-11-17
ltn.com.tw	15821	2026-09-13
lubbockonline.com	11096	2023-09-11
ludlowadvertiser.co.uk	126272	2026-09-14
lufkindailynews.com	34463	2026-09-14
lusakatimes.com	16334	2026-03-19
lutontoday.co.uk	13300	2025-01-23
luxtimes.lu	9904	2025-07-21
luxurytravelmagazine.com	12736	2026-09-13
lvb.com	8186	2026-06-04
lynnnews.co.uk	38134	2026-09-14
macaubusiness.com	15766	2025-08-13
macaudailytimes.com.mo	18963	2026-09-14
macdailynews.com	7120	2026-09-11
macleayargus.com.au	66759	2026-09-14
macmegasite.com	8764	2026-01-29
macobserver.com	5646	2025-08-19
macombdaily.com	39806	2026-09-13
macrobusiness.com.au	30235	2026-09-14
macrumors.com	6928	2026-08-31
mactech.com	12615	2026-09-12
macupdate.com	11789	2026-09-13
macworld.com	9268	2026-09-12
madamenoire.com	11340	2026-09-13
madinamerica.com	9942	2026-09-14
madison.com	123296	2026-09-13
madisonrecord.com	9887	2025-05-21
madrock1025.com	29493	2026-08-20
magic1021.com	10104	2026-09-11
magic1029fm.com	10181	2026-09-13
magic106.com	8657	2026-09-14
magic1073fm.com	9129	2026-09-13
magic93fm.com	10449	2026-09-14
magic943fm.com	5099	2026-09-13
magic983.com	18388	2026-09-12
magicbricks.com	8896	2026-09-10
magicvalley.com	79080	2026-09-13
magnoliareporter.com	24734	2026-09-14
mailtimes.com.au	41901	2026-09-13
mailtribune.com	10799	2023-06-01
mainebiz.biz	15664	2026-09-11
mainemirror.com	16493	2026-09-14
mainepublic.org	14418	2026-03-18
mainichi.jp	15565	2026-09-13
mainlinemedianews.com	30361	2026-09-13
mainstreetnews.com	6404	2026-09-13
maitlandmercury.com.au	110543	2026-09-14
makeuseof.com	24430	2026-09-13
malawi24.com	15268	2026-09-13
malawivoice.com	12979	2026-09-10
malaya.com.ph	31133	2026-04-22
malaymail.com	104909	2026-03-19
malaysiakini.com	77632	2026-09-14
malaysiasun.com	68348	2026-09-14
maldivesindependent.com	7070	2026-09-13
maldonandburnhamstandard.co.uk	128527	2026-09-14
malibutimes.com	5613	2026-09-11
maltatoday.com.mt	38916	2026-03-12
malverngazette.co.uk	118245	2026-09-14
mamamia.com.au	29292	2026-09-14
managingmadrid.com	12989	2026-09-14
manchestereveningnews.co.uk	267049	2026-09-14
manchesterjournal.com	12269	2026-09-14
mandurahmail.com.au	73522	2026-09-14
mangalorean.com	55399	2026-09-14
manicapost.co.zw	6458	2025-01-22
manilametro.com	5842	2024-07-24
manilastandard.net	10136	2026-03-18
manilatimes.net	384695	2026-09-14
manitobacooperator.ca	9994	2026-09-13
mankatofreepress.com	96714	2026-09-14
manningrivertimes.com.au	85998	2026-09-14
mansfieldnewsjournal.com	7976	2023-09-11
mantecabulletin.com	9276	2026-09-11
manufacturing.net	21568	2025-10-02
manutd.com	13965	2026-05-04
manxradio.com	22001	2026-09-13
mapleridgenews.com	32788	2026-09-14
maravipost.com	25951	2026-09-13
marca.com	7042	2026-05-24
marcellusdrilling.com	15075	2026-09-11
marconews.com	5934	2023-09-11
mareeg.com	8100	2026-08-11
margaretrivermail.com.au	37228	2025-08-20
marieclaire.co.uk	16100	2026-09-13
marieclaire.com	23982	2026-09-13
mariettatimes.com	19131	2026-09-12
marinecorpstimes.com	8001	2026-09-12
marinelink.com	29790	2026-09-14
marinelog.com	9329	2025-11-20
marinetechnologynews.com	7338	2026-09-10
marinij.com	34113	2026-09-14
maritime-executive.com	32771	2026-09-14
maritimeprofessional.com	6080	2026-09-14
marketbusinessnews.com	19666	2026-09-14
marketing-interactive.com	15326	2026-09-14
marketplace.org	12659	2026-09-12
marketpulse.com	11945	2026-09-12
marketrealist.com	8608	2026-09-11
markets.co	5867	2022-01-09
marketscreener.com	999061	2026-05-18
marketswired.com	5202	2025-01-04
marketwatch.com	422152	2026-08-27
marklevinshow.com	9990	2026-09-12
marshallindependent.com	17945	2026-09-12
marshfieldnewsherald.com	8584	2023-09-11
marthastewart.com	11116	2026-03-17
martinsvillebulletin.com	35855	2026-09-13
maryland.gov	8142	2026-09-14
marylandreporter.com	6678	2026-06-04
maryvilleforum.com	20314	2024-11-15
masala.com	18108	2024-07-13
mashable.com	48882	2026-09-14
massachusettsnewswire.com	7141	2026-09-11
massachusettssun.com	44915	2026-09-14
massdevice.com	8486	2026-02-21
masslawyersweekly.com	19316	2026-06-04
masslive.com	108215	2026-02-23
mathrubhumi.com	5608	2026-06-23
matr.net	6945	2026-09-14
mauinews.com	20785	2026-09-13
mauinow.com	16549	2026-09-14
maurice-info.mu	9325	2026-09-13
mavsmoneyball.com	7178	2026-09-12
max94one.com	23654	2026-09-13
maximumfun.org	6604	2026-09-12
mayerthorpefreelancer.com	15744	2026-09-13
mayonews.ie	20592	2026-05-21
mb.com.ph	182277	2026-09-07
mbcradio.com	6162	2026-09-13
mbtmag.com	18138	2025-09-17
mcalesternews.com	17283	2026-09-14
mcall.com	81288	2026-09-14
mccookgazette.com	5109	2026-08-29
mcdonoughvoice.com	5718	2023-09-10
mcdowellnews.com	39502	2026-09-13
mcknights.com	8837	2026-03-11
mcphersonsentinel.com	6037	2026-08-21
mdislander.com	9862	2026-09-11
mdjonline.com	145460	2026-09-14
meadvilletribune.com	42911	2026-09-14
meathchronicle.ie	45291	2026-09-13
meaww.com	20365	2026-03-17
medafricatimes.com	6684	2026-09-11
medcitynews.com	14337	2026-09-13
mediaforfreedom.com	5275	2026-04-27
mediaite.com	85264	2026-09-12
mediamatters.org	15139	2026-09-12
medianama.com	11832	2026-09-14
mediapost.com	25384	2026-09-14
medicaldaily.com	9656	2026-09-14
medicalnewstoday.com	5562	2026-09-14
medicalxpress.com	141329	2026-01-29
medicinehatnews.com	74265	2026-09-14
medindia.net	39307	2026-08-18
medium.com	145786	2026-08-03
medpagetoday.com	25044	2025-01-28
medscape.com	49168	2026-09-14
meed.com	24389	2026-09-11
mega979.com	6956	2026-09-13
mega993online.com	29764	2026-09-13
melfortjournal.com	10437	2026-07-04
meltontimes.co.uk	8291	2025-01-23
memphisflyer.com	7185	2026-09-11
memphissun.com	105594	2026-09-14
memri.org	9885	2025-04-22
menafn.com	973875	2026-03-10
mendocinobeacon.com	16197	2026-09-13
menshealth.com	30649	2026-09-14
mensxp.com	27848	2026-09-14
mentalfloss.com	14930	2026-09-14
meobserver.org	5527	2026-07-14
mercopress.com	23176	2026-09-14
mercurynews.com	83636	2026-09-14
meridianstar.com	36523	2026-09-12
merimbulanewsweekly.com.au	72473	2026-09-14
mesabitribune.com	54582	2026-09-14
messagemedia.co	12035	2026-09-13
messenger-inquirer.com	86171	2026-09-14
messenger.com.ge	6011	2026-09-14
messengernews.net	13617	2026-09-12
messengernewspapers.co.uk	146196	2026-09-14
metal.com	22313	2026-09-14
metalunderground.com	14724	2026-09-14
metro.co.uk	152883	2026-09-14
metro.us	86034	2025-11-03
metrojacksonville.com	12276	2026-09-14
metrotimes.com	12133	2026-05-14
metroweekly.com	6689	2026-09-11
metrowestdailynews.com	10026	2023-09-11
metv.com	11188	2026-09-14
metvmall.com	12496	2026-06-06
mexicoledger.com	8154	2026-09-13
mexiconewsdaily.com	6811	2026-03-15
mexicostar.com	66386	2026-09-14
mg.co.za	30881	2026-09-13
mgoblog.com	14877	2025-08-28
miamiherald.com	8780	2024-07-31
miaminewtimes.com	8872	2026-09-13
miamistudent.net	5504	2026-09-13
miamitimesonline.com	8935	2026-09-11
michigan.gov	5321	2023-02-02
michigandaily.com	7703	2026-09-14
michiganradio.org	23666	2024-01-10
michigansthumb.com	78149	2026-06-22
mid-day.com	100037	2026-09-14
middle-east-online.com	6956	2026-09-13
middleeasteye.net	49428	2026-09-14
middleeastmonitor.com	78154	2026-09-13
middleeaststar.com	117890	2026-09-14
middlenecknews.com	5503	2026-09-13
middletownpress.com	123670	2026-04-21
midhurstandpetworth.co.uk	5526	2022-02-10
midmichigannow.com	36824	2026-09-13
midnorthmonitor.com	49870	2026-09-13
midsussextimes.co.uk	5984	2022-02-10
midutahradio.com	17109	2026-09-11
midweekherald.co.uk	36277	2026-09-14
midwestradio.ie	25675	2026-09-13
mihomepaper.com	12568	2026-03-04
milawyersweekly.com	9157	2026-06-03
milehighreport.com	12871	2026-09-14
milforddailynews.com	8053	2023-09-07
milfordmercury.co.uk	92367	2026-09-14
milfordmirror.com	59636	2025-06-14
military.com	34195	2026-09-13
militarytimes.com	13909	2026-09-12
miltonkeynes.co.uk	14120	2025-01-23
milwaukeesun.com	46883	2026-09-14
mindat.org	13155	2025-01-23
minicassia.com	6201	2024-03-21
mining-journal.com	7397	2026-05-26
mining-technology.com	11077	2026-09-11
mining.com	48037	2026-09-14
mininggazette.com	11090	2026-09-13
miningjournal.net	22772	2026-09-12
miningmx.com	7299	2026-09-11
miningnews.net	11257	2026-05-26
miningweekly.com	49576	2026-09-11
minnlawyer.com	7668	2026-06-04
minnpost.com	9335	2026-09-12
minotdailynews.com	18435	2026-09-12
miragenews.com	638036	2026-09-14
mirror.co.uk	702794	2026-09-14
mis-asia.com	10393	2026-08-25
mishpacha.com	8468	2026-09-10
missioncityrecord.com	43128	2026-09-14
missionlocal.org	7431	2026-09-13
mississauga.com	7994	2026-09-13
mississippivalleypublishing.com	23559	2026-09-13
missoulian.com	135442	2026-09-13
missourinet.com	8104	2026-07-25
mit.edu	10297	2026-09-14
mitchelladvocate.com	23112	2026-09-13
mitchellrepublic.com	31998	2026-09-13
mix100.com	5920	2026-09-04
mix1005.fm	24062	2026-09-03
mix100lubbock.com	15902	2026-09-13
mix103.com	10045	2026-09-13
mix1043fm.com	28676	2026-09-12
mix1069.com	15088	2026-09-14
mix106radio.com	25676	2026-09-13
mix108.com	35909	2026-09-13
mix929.com	24610	2026-09-12
mix931fm.com	30828	2026-09-11
mix941.com	21174	2026-09-11
mix941kmxj.com	20245	2026-09-12
mix949.com	27718	2026-09-13
mix957.net	8804	2024-01-04
mix957gr.com	20676	2026-09-11
mix965tulsa.com	6755	2025-10-22
mix979fm.com	13543	2024-04-26
mix987.com	9431	2026-09-11
mixx993.com	17821	2026-09-11
mizzima.com	20944	2025-01-23
mlb.com	78563	2026-09-14
mlbtraderumors.com	57655	2026-09-14
mlive.com	129535	2026-02-23
mmafighting.com	27666	2026-09-14
mmamania.com	25640	2026-09-14
mmanews.com	16189	2026-04-22
mmegi.bw	7149	2026-09-14
mmm-online.com	5508	2026-09-11
mnnonline.org	5020	2026-09-11
mobihealthnews.com	6860	2026-06-03
mobilesyrup.com	21194	2026-09-11
mobileworldlive.com	12275	2026-03-03
mobilitytechzone.com	5977	2024-09-17
mobypicture.com	32801	2023-10-03
moddb.com	38275	2025-11-16
model-engineer.co.uk	20638	2026-08-22
modernghana.com	172805	2026-07-20
modernhealthcare.com	11836	2026-06-18
modernreaders.com	462461	2025-04-18
moelane.com	11594	2025-07-17
mohavedailynews.com	14261	2026-09-14
mojo1029.com	11704	2026-09-12
moldpres.md	9534	2025-01-14
monacolife.net	5753	2026-09-11
mondaq.com	132872	2026-09-14
mondovisione.com	33622	2026-01-14
mondoweiss.net	7432	2026-09-13
moneycontrol.com	456485	2026-09-14
moneylife.in	22315	2026-09-13
moneymanagement.com.au	13351	2026-06-24
moneymarketing.co.uk	24382	2026-09-11
moneytalksnews.com	12194	2026-09-13
moneyweb.co.za	37490	2024-04-02
moneyweek.com	9656	2026-09-14
mongabay.com	10495	2026-09-14
monitor.co.ug	71515	2026-04-22
monocle.com	6125	2026-09-14
monroenews.com	13644	2023-09-11
monstersandcritics.com	55350	2025-10-02
montanarightnow.com	63705	2026-09-13
montereycountyweekly.com	13791	2026-07-09
montereyherald.com	13140	2026-09-13
montgomery-herald.com	6187	2025-05-20
montgomeryadvertiser.com	8465	2023-09-11
montgomerynews.com	6458	2021-09-28
montreal.ctvnews.ca	32918	2025-01-23
montrealgazette.com	42975	2026-09-14
montrosepress.com	15966	2026-09-14
mooseradio.com	14658	2026-09-11
moreechampion.com.au	60891	2026-09-14
morganton.com	34828	2026-09-12
morning-times.com	36455	2026-09-12
morningadvertiser.co.uk	9824	2026-09-11
morningjournal.com	50818	2026-09-14
morningjournalnews.com	22056	2026-09-12
morningstar.com	105969	2026-09-14
morningstaronline.co.uk	42444	2026-09-13
morningsun.net	65913	2026-09-12
moroccoworldnews.com	18951	2026-09-14
mortgageintroducer.com	8340	2022-03-18
mortgagenewsdaily.com	8101	2026-09-11
mortgagesolutions.co.uk	14913	2026-09-11
mortgagestrategy.co.uk	23938	2026-09-11
morungexpress.com	76028	2026-09-14
mothership.sg	13261	2025-03-10
motor1.com	21334	2026-09-14
motorcyclenews.com	26669	2026-09-14
motorsport.com	23599	2026-08-27
moultonadvertiser.com	16682	2026-09-10
moultrieobserver.com	15909	2026-09-11
mountaineagle.com	10075	2026-09-12
mountvernonnews.com	10954	2026-08-31
mouthshut.com	5626	2026-09-08
movieweb.com	83733	2026-09-14
mpamag.com	7901	2026-09-14
mpnews.com.au	5171	2026-09-13
mpnnow.com	10032	2023-09-11
mprnews.org	27420	2026-09-14
mrt.com	64966	2026-06-22
mrtopstep.com	18821	2024-11-22
mscnews.net	6076	2026-09-13
msn.com	2860431	2023-06-23
msnbc.com	74323	2026-08-25
msu.edu	5021	2026-09-11
mtairynews.com	6095	2026-09-13
mtdemocrat.com	28163	2026-09-12
mtexpress.com	11714	2026-09-12
mtlblog.com	7337	2026-09-14
mtpr.org	18030	2026-09-12
mtstandard.com	60428	2026-09-13
mudgeeguardian.com.au	53291	2026-09-14
multifamilybiz.com	6159	2026-09-13
mumbrella.com.au	23789	2025-11-20
murfreesboropost.com	6340	2023-03-01
murrayledger.com	10774	2026-09-14
muscatdaily.com	20130	2026-09-13
muscatinejournal.com	107322	2026-09-13
music-news.com	20555	2025-12-16
musicrow.com	7500	2026-07-30
musketfire.com	7580	2026-09-14
muskogeephoenix.com	22386	2026-09-10
muskokaregion.com	8237	2026-09-13
muswellbrookchronicle.com.au	71361	2026-09-14
mv-voice.com	11231	2026-09-12
mvariety.com	31762	2026-09-13
mvtimes.com	18500	2026-09-12
mwnation.com	18738	2026-09-13
mxdwn.com	6900	2026-09-13
my1035.com	12378	2026-09-11
my40.tv	7419	2022-01-31
my957.com	6789	2026-09-11
my9nj.com	6223	2026-09-10
myalbertlea.com	12521	2026-06-08
myalgomamanitoulinnow.com	5735	2026-06-03
myanmarmuslim.net	18759	2024-11-05
myanmarnews.net	59259	2026-09-14
myaustinminnesota.com	20340	2025-06-14
myb106.com	27661	2026-09-12
mybeachradio.com	20323	2024-04-01
mybroadband.co.za	6013	2022-09-28
mycariboonow.com	9471	2026-06-04
mycentraljersey.com	12905	2023-09-11
mycentralnebraska.com	36896	2026-09-11
mycentraloregon.com	50209	2026-09-14
mycolumbuspower.com	13484	2026-09-14
mycountry955.com	31199	2026-09-13
mycouriertribune.com	7801	2024-10-05
mycowichanvalleynow.com	8504	2026-06-03
myeasternshoremd.com	11919	2026-09-11
myedmondsnews.com	20239	2026-06-15
myfox28columbus.com	41413	2026-09-14
myfox8.com	5960	2025-08-29
myheraldreview.com	9725	2026-01-16
myhorrynews.com	9500	2026-09-13
myiowainfo.com	17053	2026-05-01
myjournalcourier.com	67919	2026-06-22
myjournals.org	7241	2023-08-26
myjoyonline.com	111154	2026-03-19
myk104.com	8244	2026-09-14
mykiss1031.com	25390	2026-09-12
mykisscountry937.com	34443	2026-09-13
myklgr.com	21260	2026-09-13
mykxlg.com	87375	2026-09-14
myleaderpaper.com	35081	2026-09-14
mylloydminsternow.com	5646	2026-06-03
mylondon.news	6998	2026-08-18
mymagic106.com	6443	2026-09-13
mymagic949.com	9350	2026-09-11
mymagicgr.com	8906	2024-04-29
mymajic933.com	6402	2026-08-18
mymcmedia.org	13010	2026-09-14
mymix1061.com	15787	2026-09-13
mymixfm.com	38497	2026-09-14
mymmanews.com	9186	2026-09-14
mymoinfo.com	20221	2026-09-12
mymotherlode.com	180099	2026-09-14
mymuskokanow.com	6585	2026-06-01
mynbc5.com	74334	2026-09-14
myneworleans.com	10060	2026-09-11
mynews13.com	9608	2026-08-27
mynews4.com	34950	2026-09-13
mynewsla.com	68949	2026-09-14
mynorthbaynow.com	5340	2026-06-04
mynorthwest.com	220475	2026-07-20
mynspr.org	46872	2026-09-14
myozarksonline.com	17392	2026-09-11
myplainview.com	49460	2026-06-22
myprincegeorgenow.com	13790	2026-06-04
myq105.com	15935	2026-09-13
myq1075.com	20917	2026-09-13
myqcountry.com	12618	2026-09-11
myrecordjournal.com	12869	2023-12-30
mysailing.com.au	6356	2026-09-12
mysanantonio.com	83417	2025-11-18
myspiritfm.com	10202	2026-09-13
mystar98.com	20650	2026-09-13
mysteinbach.ca	10534	2026-09-13
mysteriousuniverse.org	10571	2026-09-11
mystratfordnow.com	7047	2026-06-03
mysuncoast.com	35113	2026-09-14
mytimminsnow.com	5104	2026-06-03
myuscountry.com	17621	2026-06-08
mywebtimes.com	8503	2023-05-01
n4g.com	34448	2026-08-29
naftemporiki.gr	8161	2026-09-14
nagalandpost.com	49549	2026-06-08
nagariknetwork.com	28805	2026-03-16
nagpurtoday.in	17510	2026-08-14
naharnet.com	90405	2026-09-13
naija247news.com	61558	2026-09-14
naijanews.com	10997	2026-09-06
nairaland.com	77881	2025-07-26
nairametrics.com	12220	2026-03-04
nairobiwire.com	14719	2026-09-14
nakedcapitalism.com	12534	2026-09-13
namibian.com.na	32619	2026-09-13
namibiansun.com	22342	2026-09-11
nampa.org	44517	2024-11-08
nanaimobulletin.com	33211	2026-09-14
nancyonnorwalk.com	5505	2026-09-14
nantonnews.com	8412	2026-09-13
napaneeguide.com	40938	2026-09-13
napaneetoday.ca	10235	2026-09-11
napavalleyregister.com	69414	2026-09-14
naplesnews.com	11875	2023-09-11
naroomanewsonline.com.au	72725	2026-09-14
narrominenewsonline.com.au	46113	2026-09-14
nasa.gov	8512	2026-09-14
nasdaq.com	55635	2026-09-09
nashfm100.com	5815	2026-09-13
nashfm1025.com	5817	2026-08-06
nashvilleherald.com	102585	2026-09-14
nashvillepost.com	14287	2026-09-14
nashvillescene.com	12057	2026-09-11
nation.africa	39708	2026-09-14
nation.co.ke	29367	2022-02-18
nation.com.pk	11096	2022-06-06
nation.sc	32065	2026-09-14
nationalaccordnewspaper.com	54321	2026-08-16
nationalgeographic.com	11051	2026-09-13
nationalheraldindia.com	6988	2026-03-15
nationalhogfarmer.com	5929	2025-01-21
nationalinterest.org	48930	2026-01-29
nationalmemo.com	10365	2026-09-11
nationalmortgagenews.com	14758	2026-09-12
nationalmortgageprofessional.com	6336	2025-01-22
nationalnetworkonline.com	5392	2026-09-13
nationalobserver.com	21303	2026-07-14
nationalpost.com	54490	2026-09-14
nationalreview.com	12378	2021-07-27
nationaltribune.com.au	8043	2025-01-27
nationnews.com	31395	2026-09-13
nationofchange.org	6473	2026-03-18
nationthailand.com	16496	2026-03-16
natlawreview.com	118878	2026-09-14
naturalgasintel.com	18656	2026-07-15
naturalgasworld.com	12123	2025-02-26
naturalnews.com	65326	2026-09-14
nature.com	37367	2026-09-14
natureworldnews.com	18054	2026-09-14
naval-technology.com	6999	2026-09-11
naveenbharat.in	7607	2022-04-24
navhindtimes.in	32983	2026-09-13
navy.mil	6855	2025-03-06
navytimes.com	10465	2026-09-12
nba.com	18601	2026-03-18
nbc-2.com	55163	2025-02-05
nbc.com	6501	2026-09-11
nbc11news.com	9500	2023-12-14
nbc12.com	30170	2023-12-14
nbc15.com	19997	2023-12-14
nbc16.com	41740	2026-09-13
nbc24.com	8564	2026-09-12
nbc29.com	16840	2023-12-14
nbcbayarea.com	123889	2026-09-14
nbcboston.com	5342	2026-06-04
nbcchicago.com	145659	2026-09-14
nbcconnecticut.com	162879	2026-09-14
nbcdfw.com	143381	2026-09-14
nbclosangeles.com	140860	2026-09-14
nbcmiami.com	116021	2026-09-14
nbcmontana.com	45766	2026-09-14
nbcnews.com	183361	2026-09-14
nbcnewyork.com	140008	2026-09-14
nbcphiladelphia.com	142671	2026-09-14
nbcrightnow.com	53033	2026-09-14
nbcsandiego.com	116835	2026-09-14
nbcsvg.com	9688	2026-09-11
nbcwashington.com	92966	2026-09-14
nbnnews.com.au	29650	2026-09-11
nbr.co.nz	26752	2026-09-14
ncadvertiser.com	56294	2025-10-26
nclawyersweekly.com	7647	2026-06-03
ncnewsonline.com	57537	2026-09-13
ncpa.org	6779	2026-09-11
ncr-iran.org	8497	2026-09-14
ncregister.com	20004	2026-09-13
ncronline.org	16624	2025-10-08
ncspin.com	5180	2026-09-11
ndtv.com	342023	2025-05-26
nebraska.tv	35353	2026-09-13
necn.com	82611	2025-02-13
nehandaradio.com	14206	2026-09-12
neindia.com	7177	2026-09-13
neonnettle.com	10439	2022-07-30
neoskosmos.com	21261	2026-09-14
neowin.net	47848	2025-11-08
nepalnational.com	102549	2026-09-14
nerdist.com	18916	2026-09-14
nesn.com	37292	2026-09-14
netflixlife.com	5927	2026-09-13
netindian.in	5818	2025-08-21
netnewsledger.com	20560	2026-09-13
netscape.com	176569	2026-09-14
netsdaily.com	7333	2026-09-14
netwerk24.com	10158	2025-01-22
networkworld.com	7798	2026-09-11
neurologyadvisor.com	9570	2026-09-10
nevadaappeal.com	12575	2025-09-05
nevadabusiness.com	7533	2026-09-12
nevadanewsandviews.com	6517	2026-09-13
neveitalia.it	11740	2026-03-07
newagebd.net	23289	2025-05-26
newarab.com	9672	2025-09-21
newarkadvertiser.co.uk	34286	2026-09-14
newarkadvocate.com	6177	2023-09-11
newarkpostonline.com	5202	2026-09-11
newbernsj.com	11738	2026-09-14
newburyportnews.com	30039	2026-09-14
newburytoday.co.uk	28722	2026-09-14
newbusinessethiopia.com	13981	2026-09-01
newcanaanite.com	7841	2026-09-13
newcastleherald.com.au	153894	2026-09-14
newcivilengineer.com	14273	2026-09-14
newcountry991.com	6309	2022-04-29
newdelhitimes.com	68292	2026-09-10
newegg.com	26257	2026-09-14
newelectronics.co.uk	12266	2026-06-05
newfoodmagazine.com	5975	2026-03-31
newhamrecorder.co.uk	29641	2026-09-14
newhavenindependent.org	11691	2026-09-11
newidea.com.au	14516	2026-09-14
newindianexpress.com	150956	2026-09-14
newjerseyhills.com	40496	2026-09-11
newjerseytelegraph.com	116168	2026-09-14
newkerala.com	245547	2026-08-11
newmilfordspectrum.com	51343	2022-03-01
newnigerianpolitics.com	5405	2026-08-13
neworleanscitybusiness.com	16544	2026-06-03
neworleanssun.com	58619	2026-09-14
newportri.com	6992	2023-09-08
newrepublic.com	23996	2026-09-13
newrock1041.fm	7175	2026-07-07
news-daily.com	80985	2026-09-13
news-expressky.com	27109	2026-09-13
news-gazette.com	128728	2026-09-14
news-herald.com	52697	2026-09-14
news-journal.com	9512	2026-09-13
news-journalonline.com	17642	2023-09-11
news-leader.com	8165	2023-09-11
news-mail.com.au	44484	2021-04-28
news-medical.net	104381	2026-09-14
news-press.com	12874	2023-09-11
news-star.com	10618	2026-08-18
news.am	93926	2026-09-10
news.az	54586	2026-09-14
news.cn	13336	2022-04-14
news.com.au	91981	2024-07-30
news.err.ee	23415	2022-10-20
news.statetimes.in	7534	2020-06-12
news.tuoitre.vn	11869	2026-09-14
news12.com	74003	2026-09-14
news18.com	268439	2026-03-17
news24.com	167919	2026-09-14
news3lv.com	48883	2026-09-14
news4jax.com	160054	2026-09-14
news4sanantonio.com	51028	2026-09-14
news5cleveland.com	6019	2026-03-18
news8000.com	92207	2026-09-14
news9.com	77998	2026-09-14
news957.com	48715	2021-10-17
newsadvance.com	47286	2026-09-13
newsandsentinel.com	23647	2026-09-14
newsandstar.co.uk	191762	2026-09-14
newsandtribune.com	26609	2026-09-14
newsargus.com	25905	2026-09-13
newsbiscuit.com	6243	2026-09-13
newsblogged.com	5602	2026-05-27
newsbreak.com	10798	2025-12-06
newsbtc.com	36901	2026-09-12
newsbug.info	11132	2026-09-14
newsbusters.org	89461	2026-09-14
newsbytes.ph	5815	2026-09-14
newscenter1.tv	34463	2026-09-14
newscentermaine.com	38963	2026-03-19
newscentralasia.net	8599	2026-09-14
newschannel10.com	23238	2026-09-14
newschannel20.com	29079	2026-09-11
newschannel5.com	53327	2026-09-14
newschannel6now.com	24384	2026-09-14
newschannel9.com	41891	2026-09-14
newschannelnebraska.com	13127	2025-03-22
newschief.com	8585	2023-09-11
newscientist.com	17621	2026-09-12
newsdakota.com	21323	2026-09-08
newsday.co.tt	85762	2026-09-12
newsday.co.zw	30511	2026-08-20
newsday.com	105554	2026-09-14
newsdzezimbabwe.co.uk	7676	2025-12-25
newser.com	78128	2026-09-14
newsfirst.lk	12470	2026-03-19
newsghana.com.gh	84231	2026-08-06
newsherald.com	14695	2023-09-11
newshub.co.nz	18541	2024-07-04
newsincyprus.com	12862	2025-01-27
newsindiatimes.com	14621	2026-09-14
newsitem.com	27768	2026-09-14
newslaundry.com	5685	2026-09-14
newsleader.com	5481	2023-09-11
newsletter.co.uk	32306	2025-01-23
newsmakers.pk	22139	2026-09-14
newsmax.com	59273	2024-07-30
newsminer.com	34434	2026-09-14
newsnation.in	8047	2020-04-07
newsnationnow.com	6205	2025-12-25
newsnationtv.com	27052	2025-10-19
newsnow.co.uk	11472	2026-09-11
newsofbahrain.com	10103	2026-03-05
newson6.com	78860	2026-09-14
newsonair.com	29094	2021-11-26
newsone.com	9189	2026-09-13
newsonjapan.com	27007	2026-09-14
newsoptimist.ca	37573	2021-07-29
newspressnow.com	73702	2026-09-14
newsradio1029.com	75136	2026-09-13
newsradio1310.com	19378	2026-09-12
newsradio1440.com	23058	2025-03-17
newsradioklbj.com	7335	2026-09-13
newsregister.com	13727	2026-09-13
newsroompanama.com	13181	2026-09-13
newsshopper.co.uk	125628	2026-09-14
newstalk.com	45669	2026-09-13
newstalk1030.com	44638	2026-09-12
newstalk1280.com	25361	2026-09-12
newstalk1290.com	18865	2026-09-12
newstalk870.am	21331	2026-09-14
newstalkkgvo.com	16549	2026-09-13
newstalkkit.com	19969	2026-09-12
newstalkzb.co.nz	64789	2026-09-14
newstatesman.com	27829	2026-09-14
newstimes.com	131966	2025-06-12
newstoday.com.bd	12801	2021-01-24
newstodaynet.com	33928	2026-09-14
newstracklive.com	7310	2025-07-05
newstrib.com	7242	2023-05-01
newstribune.com	49480	2026-09-14
newsviewsnreviews.com	5466	2019-11-13
newswatchman.com	5290	2026-09-13
newsweek.com	290908	2026-09-13
newswest9.com	42241	2026-06-26
newswire.ca	22432	2026-09-11
newswire.net	5082	2026-09-12
newswiretoday.com	28941	2026-09-12
newswise.com	42417	2026-09-14
newswit.com	11931	2026-09-14
newsx.com	64543	2026-09-14
newsy.com	19898	2023-01-04
newtelegraphng.com	6479	2026-03-19
newtimesslo.com	8604	2026-09-10
newtoncountytimes.com	12138	2026-09-02
newtondailynews.com	7161	2026-09-12
newtownbee.com	14088	2026-09-12
newvision.co.ug	16604	2026-09-13
newwestrecord.ca	69228	2025-08-01
newyorker.com	16977	2026-09-13
newyorkstatesman.com	51540	2026-09-14
newyorktelegraph.com	179253	2026-09-14
newzealandstar.com	52060	2026-09-14
newzimbabwe.com	34680	2026-09-13
nextbigfuture.com	6462	2026-09-13
nextbigwhat.com	8752	2026-09-11
nextshark.com	11450	2026-08-29
nfl.com	9180	2026-03-18
nflspinzone.com	5190	2026-09-12
nhbr.com	7147	2026-09-11
nhk.or.jp	17436	2026-07-08
nhl.com	22373	2026-03-19
nhpbs.org	21216	2026-09-14
nhpr.org	28178	2026-09-14
nhregister.com	170718	2026-09-10
niagara-gazette.com	27738	2026-09-14
niagarafallsreview.ca	85992	2026-09-13
niagarathisweek.com	10739	2026-09-14
nichegamer.com	14158	2026-09-05
nigerianbulletin.com	9228	2026-07-01
nigerianeye.com	67821	2026-09-13
nigerianobservernews.com	14650	2026-09-14
nigerianpilot.com	7331	2020-10-27
nigeriasun.com	86254	2026-09-14
nih.gov	6203	2026-09-12
nikkei.com	17025	2026-09-14
nine.com.au	11530	2026-07-07
ninernoise.com	5920	2026-09-14
ninersnation.com	15807	2026-09-14
nintendoeverything.com	13018	2026-09-13
nintendolife.com	35075	2026-09-13
nintendoworldreport.com	15984	2026-09-14
nipawinjournal.com	10212	2026-06-28
niyitabiti.net	5586	2023-01-29
nj.com	120944	2026-02-23
nj1015.com	54040	2026-09-14
njbiz.com	17043	2026-06-04
njherald.com	11636	2023-09-11
nknews.org	11036	2026-09-14
nkytribune.com	10134	2026-03-11
nltimes.nl	23532	2026-09-13
nme.com	60734	2026-09-14
nmpoliticalreport.com	5517	2026-09-10
nna-leb.gov.lb	16290	2023-10-07
nny360.com	63749	2026-09-01
noise11.com	14690	2026-09-14
nola.com	81127	2026-09-14
nonpareilonline.com	59235	2026-09-13
noodls.com	5116	2025-05-02
noosanews.com.au	45618	2021-04-28
noozhawk.com	41749	2026-09-14
norfolkandtillsonburgnews.com	43489	2026-06-22
norfolkdailynews.com	33166	2026-09-14
norfolktoday.ca	10953	2026-09-12
normantranscript.com	25781	2026-09-13
northafricapost.com	13613	2026-09-13
northamptonchron.co.uk	23233	2025-01-23
northantstelegraph.co.uk	18240	2025-01-23
northbaynipissing.com	6938	2026-09-14
northcentralpa.com	35100	2026-09-14
northcoastcitizen.com	5728	2025-09-25
northcoastjournal.com	13178	2026-09-13
northcountrynow.com	67755	2026-09-13
northcountrypublicradio.org	56254	2026-09-14
northdenvernews.com	5869	2026-08-30
northdevongazette.co.uk	9532	2026-05-20
northeasttoday.in	15915	2026-09-13
northern-times.co.uk	46324	2026-09-13
northerndailyleader.com.au	105461	2026-09-14
northernirelandnews.com	19738	2024-12-03
northernirelandworld.com	23257	2025-01-23
northernminer.com	8625	2026-09-12
northernnews.ca	51853	2026-09-13
northernpublicradio.org	59611	2026-09-14
northernstar.com.au	43139	2021-04-28
northernstar.info	7136	2026-09-13
northernvirginiamag.com	5527	2026-09-11
northescambia.com	19400	2026-09-13
northfortmyersneighbor.com	6366	2026-09-10
northislandgazette.com	31719	2026-09-14
northjersey.com	17610	2023-09-11
northkoreatimes.com	35477	2026-09-14
northplattebulletin.com	6156	2026-09-14
northqueenslandregister.com.au	31265	2026-09-14
northsomersettimes.co.uk	34655	2026-09-14
northumberlandgazette.co.uk	17505	2025-01-23
northumberlandnews.com	7212	2026-09-13
northwaleschronicle.co.uk	107727	2026-09-14
northwalespioneer.co.uk	111165	2026-09-14
northwestgeorgianews.com	145511	2026-09-13
northwestmoinfo.com	24591	2026-09-11
northwestsignal.net	41268	2026-09-12
northweststar.com.au	62668	2026-09-14
northwichguardian.co.uk	127337	2026-09-14
norwichbulletin.com	8631	2023-09-11
nottinghampost.com	124765	2026-09-14
nova.ie	26754	2026-09-13
novinite.com	67457	2026-09-14
nowgrenada.com	6462	2026-09-11
nownews.com	14527	2022-10-31
nowtoronto.com	18392	2026-07-30
npr.org	142185	2026-09-14
nptelegraph.com	45623	2026-09-14
nrl.com	13693	2026-09-13
nrn.com	15865	2026-09-12
nrq.com	6091	2026-08-31
nrtoday.com	28241	2026-09-11
nsnews.com	74080	2026-07-30
nst.com.my	19661	2025-09-22
ntnews.com.au	51861	2024-07-22
ntv.co.ug	23883	2026-09-14
nuclear-news.net	19391	2026-09-13
nugget.ca	63369	2026-09-13
nujournal.com	14389	2026-09-13
numberfire.com	17288	2025-10-21
nurseryworld.co.uk	5910	2026-06-19
nursingtimes.net	10425	2026-09-14
nutraingredients-usa.com	6370	2025-10-15
nutraingredients.com	7624	2026-09-14
nvdaily.com	72645	2026-09-14
nvi.com.au	48872	2026-09-14
nwaonline.com	82194	2026-09-14
nwasianweekly.com	5589	2025-12-21
nwemail.co.uk	173304	2026-09-14
nwfdailynews.com	15489	2023-09-11
nwherald.com	10392	2023-05-01
nwitimes.com	107312	2026-09-13
ny1.com	5132	2026-04-22
nyasatimes.com	26061	2026-09-14
nydailynews.com	155874	2026-09-14
nylon.com	5462	2026-09-11
nymag.com	12148	2026-09-12
nynganobserver.com.au	46366	2026-09-14
nyoooz.com	21751	2026-09-09
nypost.com	253963	2026-09-14
nystateofpolitics.com	15892	2026-09-12
nysun.com	20863	2026-08-14
nytimes.com	289138	2026-09-14
nzcity.co.nz	276371	2026-09-14
nzdoctor.co.nz	20598	2026-09-14
nzherald.co.nz	306557	2026-09-14
oakdaleleader.com	7589	2026-09-13
oakridger.com	9789	2023-09-11
oann.com	71058	2026-09-14
oanow.com	32848	2026-09-13
oaoa.com	38684	2025-05-15
obantimes.co.uk	12192	2024-01-25
oberonreview.com.au	49984	2026-09-14
obj.ca	10656	2026-09-11
obozrevatel.com	40531	2025-03-05
obrag.org	7771	2026-09-13
observer-reporter.com	22105	2026-09-12
observer.com	8995	2026-09-13
observer.ug	34655	2026-09-14
observertoday.com	26285	2026-09-14
oc-breeze.com	12900	2023-04-02
ocala.com	12103	2023-09-11
ocbj.com	6214	2026-09-12
oceanfm.ie	15453	2026-09-14
ocj.com	10010	2026-09-14
ocregister.com	77778	2026-09-14
odnako.org	27000	2026-09-14
odt.co.nz	60790	2026-09-14
odwyerpr.com	11593	2026-09-11
oed.com	5033	2026-09-12
oedigital.com	18388	2026-09-11
offalyexpress.ie	62753	2026-05-12
offalyindependent.ie	41118	2026-09-13
officer.com	7338	2026-09-11
offshore-energy.biz	10861	2025-01-22
offshore-technology.com	10966	2026-09-11
ofm.co.za	18863	2026-09-13
og979.com	21908	2026-05-15
ohiostandard.com	42826	2026-09-14
ohsonline.com	5360	2026-09-12
oilandgas360.com	17439	2026-09-11
oilcity.news	6882	2025-04-03
oilprice.com	43833	2026-09-14
oilvoice.com	10120	2020-12-14
oireachtas.ie	10235	2026-09-13
ojaivalleynews.com	11163	2026-09-13
ok.co.uk	128299	2026-09-14
okaz.com.sa	10818	2026-09-14
okcfox.com	38721	2026-09-14
okgazette.com	5495	2026-09-13
oklahomacitysun.com	38263	2026-09-14
oklahoman.com	55294	2023-09-11
oklahomastar.com	22067	2026-09-14
okotoksonline.com	15000	2026-09-13
okotokstoday.ca	8948	2023-03-29
oldham-chronicle.co.uk	12917	2026-09-13
oleantimesherald.com	86856	2026-09-14
omaha.com	179761	2026-09-13
omakchronicle.com	14784	2026-09-10
omanobserver.om	38062	2026-09-14
ominecaexpress.com	26806	2026-09-14
on3.com	5021	2026-03-19
onclive.com	16070	2026-01-16
oncologynurseadvisor.com	6231	2026-09-11
onegreenplanet.org	32733	2026-09-11
oneidadispatch.com	36402	2026-09-14
oneindia.com	62571	2026-09-14
onenewsnow.com	10704	2021-08-10
onenewspage.com	286601	2026-09-14
onlineathens.com	9456	2023-09-11
onlinenigeria.com	70549	2025-03-25
onlineopinion.com.au	9412	2026-09-14
onthewater.com	5680	2026-09-11
onthewight.com	16519	2026-09-13
onwardstate.com	12669	2026-09-12
opalesque.com	5438	2026-09-13
opb.org	7713	2026-04-01
opednews.com	8749	2026-09-13
openpr.com	741753	2026-09-14
openthemagazine.com	10596	2026-09-14
opinionnigeria.com	32502	2026-09-14
opportunitiesforafricans.com	11124	2026-09-11
optics.org	8537	2026-03-25
orangeobserver.com	9356	2025-09-10
orangeville.com	6700	2026-09-13
orangevilletoday.ca	7317	2026-09-11
orcadian.co.uk	5082	2026-09-13
order-order.com	6865	2025-09-01
oregonlive.com	77250	2026-02-23
organiser.org	34039	2026-09-14
origin-businesstoday.intoday.in	40947	2021-06-25
originalfm.com	16807	2025-12-12
orissabarta.com	45115	2026-03-06
orissadiary.com	28741	2026-09-14
orissapost.com	137985	2026-09-14
orlandoecho.com	51784	2026-09-14
orlandosentinel.com	117897	2026-09-14
orlandoweekly.com	14970	2026-09-14
orlytaitzesq.com	27062	2026-09-13
orovillemr.com	15315	2026-09-14
oskaloosa.com	45136	2026-09-14
oskynews.org	6321	2026-09-14
oswegocountynewsnow.com	13213	2026-09-14
oswegocountytoday.com	12614	2026-09-13
ottawa.ctvnews.ca	29397	2025-01-23
ottawacitizen.com	54276	2026-09-14
ottawaherald.com	5736	2026-06-06
ottawasun.com	65359	2026-09-14
ottumwacourier.com	64756	2026-09-14
oudaily.com	6403	2026-09-12
ourmidland.com	73223	2025-12-18
ourtribune.com	5164	2022-10-28
out.com	7910	2026-09-12
outbreaknewstoday.com	7571	2024-04-16
outdoorlife.com	5374	2026-09-13
outdoornews.com	14460	2026-09-12
outdoornewsdaily.com	5453	2023-05-06
outerbanksvoice.com	9302	2026-09-13
outinperth.com	5743	2026-09-14
outlookindia.com	133553	2026-09-14
outsidelands.org	6568	2026-09-13
outsideonline.com	10923	2026-09-13
overdrive.in	6031	2026-09-12
overdriveonline.com	6211	2026-05-27
owensoundsuntimes.com	26986	2026-09-14
oxfordmail.co.uk	241704	2026-09-14
oxygen.com	5117	2026-09-14
oyetimes.com	10769	2026-08-31
packers.com	7829	2026-09-14
packworld.com	8007	2025-12-28
padovanews.it	13533	2026-09-13
paducahsun.com	18993	2026-09-13
pagalguy.com	16442	2026-09-09
pagesix.com	51357	2026-09-14
pagosadailypost.com	7747	2026-09-11
pagosasun.com	13701	2026-09-13
paherald.sk.ca	14609	2026-09-13
pajhwok.com	26657	2026-09-13
pakistanpressfoundation.org	7380	2026-09-08
pakistantelegraph.com	100671	2026-09-14
pakistantoday.com.pk	30984	2026-09-13
pakobserver.net	83767	2026-09-14
palatinate.org.uk	9164	2026-09-14
palestinechronicle.com	8588	2025-08-01
palestineherald.com	10942	2026-09-13
palestinemonitor.org	38912	2026-05-15
palmbeachdailynews.com	7786	2023-09-11
palmbeachpost.com	26187	2023-09-11
palmcoastobserver.com	5119	2023-02-01
palmettobusinessdaily.com	6608	2024-01-26
paloaltoonline.com	18812	2026-09-13
pamplinmedia.com	24300	2022-12-14
panapress.com	23117	2026-05-10
panarmenian.net	24741	2026-07-30
pandct.com	10486	2026-02-15
panorama.am	26945	2026-09-14
panow.com	84307	2026-09-14
pantagraph.com	90397	2026-09-13
paperads.com	17379	2026-07-22
paperpk.com	13989	2026-07-20
parabolicarc.com	8426	2023-11-29
parade.com	9416	2025-09-12
paradisepost.com	11995	2026-09-13
parentherald.com	13188	2026-09-13
parents.com	7116	2026-03-17
parisguardian.com	67460	2026-09-14
parisstaronline.com	40077	2026-09-14
parkeschampionpost.com.au	20523	2026-09-10
parking-net.com	6510	2025-03-11
parking.net	10752	2026-09-11
parkrapidsenterprise.com	31930	2026-09-14
parkrecord.com	18628	2026-09-12
parliament.gov.to	20421	2026-08-18
parrysound.com	7704	2026-09-13
parsonssun.com	15498	2026-08-23
pasadenastarnews.com	46884	2026-09-14
pasoroblesdailynews.com	17061	2026-09-12
pastemagazine.com	11509	2026-09-13
patch.com	239348	2026-09-14
patentlyapple.com	6478	2024-07-30
patheos.com	32796	2026-06-18
patriotledger.com	9693	2023-09-11
patriotpost.us	37122	2026-09-11
patriots.com	6397	2026-09-12
pauldavisoncrime.com	8999	2026-09-12
paulickreport.com	26925	2026-02-06
paultan.org	34669	2026-09-14
paysonroundup.com	10058	2026-09-13
pbcommercial.com	7169	2026-04-07
pbn.com	8460	2026-04-18
pbs.org	26130	2026-09-11
pc-tablet.co.in	7418	2025-04-05
pcgamesn.com	29927	2026-09-13
pcmag.com	39305	2026-09-13
pctechmag.com	7134	2026-09-13
pcworld.co.nz	5685	2023-01-27
pcworld.com	16024	2026-09-12
peacearchnews.com	37092	2026-09-14
peacefmonline.com	145649	2025-01-26
peakoil.com	17738	2026-09-14
peconicpublicbroadcasting.org	6972	2020-06-16
pedestrian.tv	30727	2026-09-14
peeblesshirenews.com	94884	2026-09-14
pehub.com	15256	2026-09-11
pembinavalleyonline.com	25810	2026-09-13
pembrokeobserver.com	38995	2026-08-29
pembroketoday.ca	11772	2026-09-08
penarthtimes.co.uk	117666	2026-09-14
penbaypilot.com	37751	2026-09-14
pendletoday.co.uk	5505	2021-12-13
peninsulaclarion.com	5099	2026-09-13
peninsuladailynews.com	11695	2026-09-13
pennlive.com	108037	2026-03-08
pennrecord.com	13340	2025-05-21
pensacolasjet.com	6367	2026-09-13
pentictonherald.ca	85771	2026-09-14
people.com	58098	2026-02-05
peoplesdailyng.com	33481	2026-04-09
peoplesreview.com.np	6805	2026-09-14
peoplesworld.org	18418	2026-09-11
peoriapublicradio.org	14883	2021-05-05
perezhilton.com	34397	2026-08-10
performancedrive.com.au	13678	2025-07-21
perhamfocus.com	25297	2026-09-13
perishablenews.com	22042	2026-09-12
perrynewspapers.com	5242	2026-09-11
personneltoday.com	9152	2026-09-03
perthnow.com.au	82410	2026-09-14
petapixel.com	13044	2026-09-14
peterboroughtoday.co.uk	19466	2025-01-23
petoskeynews.com	13149	2023-09-11
pghcitypaper.com	9642	2026-04-25
phandroid.com	17766	2026-09-12
pharmaceuticalonline.com	9858	2026-09-13
pharmacytimes.com	12321	2026-03-25
pharmatimes.com	5575	2026-09-10
pharmiweb.com	39419	2026-06-01
pharostribune.com	20066	2026-09-13
philamirror.info	7659	2026-05-24
philenews.com	18599	2026-07-23
philippinetimes.com	91593	2026-09-14
phillymag.com	6502	2026-09-10
phillytrib.com	40762	2026-09-14
phillyvoice.com	35699	2026-09-14
philstar.com	172620	2026-09-14
phinphanatic.com	6249	2026-09-14
phnompenhpost.com	44711	2026-07-31
phoenixfm.com	6617	2026-09-14
phoenixherald.com	109811	2026-09-14
phoenixnewtimes.com	8005	2026-09-11
phoenixvillenews.com	8403	2021-09-28
phonearena.com	41624	2025-08-21
phoronix.com	9796	2026-09-06
photonics.com	8114	2026-01-03
photonicsonline.com	5520	2026-09-11
phys.org	148868	2026-01-29
physiciansweekly.com	7449	2026-01-06
pikefm.com	9989	2026-09-13
pilotonline.com	72077	2026-09-14
pina.com.fj	21083	2026-09-14
pinchercreekecho.com	8974	2026-09-13
pineandlakes.com	34658	2026-09-13
pineisland-eagle.com	7480	2026-09-13
pinkbike.com	9096	2024-08-26
pinknews.co.uk	20157	2022-11-29
pinkun.com	5191	2025-12-06
pinkvilla.com	221694	2026-09-14
pinstripealley.com	19879	2026-09-13
pionline.com	18259	2026-06-18
piquenewsmagazine.com	60540	2025-09-05
pireport.org	10971	2026-09-11
pistonheads.com	5777	2026-09-13
pitchfork.com	18777	2026-09-14
pittsburghmagazine.com	6153	2026-09-11
pittsburghstar.com	115150	2026-09-14
piworld.com	8179	2026-09-14
pix11.com	19492	2025-06-12
pizzamarketplace.com	5586	2026-09-11
pjmedia.com	49234	2026-09-14
pjstar.com	10980	2023-09-11
placenorthwest.co.uk	17006	2026-06-04
plaintalk.net	5720	2026-09-11
planetf1.com	47037	2026-09-13
planetizen.com	14972	2025-07-30
planetprinceton.com	10783	2026-09-13
plansponsor.com	6388	2026-07-31
plasticsnews.com	9513	2026-04-29
playbill.com	25194	2026-09-14
playstationlifestyle.net	16310	2026-09-13
pleasantonweekly.com	12738	2026-09-14
plenglish.com	62030	2026-09-01
plos.org	6020	2026-09-11
pluggedin.com	5534	2026-09-12
plymouthherald.co.uk	105959	2026-09-14
pmlive.com	10079	2026-09-11
pmnewsnigeria.com	55581	2026-09-14
pna.gov.ph	7058	2026-03-08
pnj.com	13200	2023-09-11
poandpo.com	22819	2025-05-09
pocket-lint.com	26814	2026-09-14
pocketgamer.com	7823	2026-09-12
pocketnow.com	11447	2025-09-04
poconorecord.com	7358	2023-09-11
pokernews.com	34368	2026-09-14
polandsun.com	5706	2023-12-21
police1.com	7613	2026-09-10
polishforums.com	9812	2026-09-13
politicaldog101.com	31402	2026-09-14
politicalwire.com	58875	2026-09-14
politico.com	67856	2025-11-05
politico.eu	41982	2026-09-14
politics.co.uk	8830	2026-09-11
politicsweb.co.za	10889	2026-09-13
politicususa.com	7324	2026-02-28
politifact.com	12932	2026-09-12
polity.org.za	34059	2025-01-23
polkio.com	18731	2026-09-12
pollstar.com	6661	2026-09-10
polygon.com	37610	2026-09-14
poncacitynews.com	9921	2026-09-12
pontefractandcastlefordexpress.co.uk	5456	2021-12-14
popcrush.com	18609	2026-09-14
popmatters.com	6121	2025-10-29
popsci.com	12911	2026-09-13
popsugar.com	65098	2026-09-11
popsugar.com.au	14474	2025-05-08
popularmechanics.com	15234	2026-09-11
portageonline.com	27842	2026-09-14
portcitydaily.com	16019	2026-09-12
portclintonnewsherald.com	6288	2023-09-11
portfolio-adviser.com	7311	2026-09-10
portlandmercury.com	12187	2026-09-13
portlandtribune.com	8817	2026-09-13
portnews.com.au	65571	2026-09-14
portsmouth-dailytimes.com	7678	2026-09-12
portsmouth.co.uk	25284	2025-01-23
portstephensexaminer.com.au	58444	2026-09-14
porttechnology.org	5116	2026-08-28
positivelyfilipino.com	6238	2026-09-09
post-journal.com	24921	2026-09-13
postandcourier.com	123866	2026-09-14
postbulletin.com	63381	2026-09-13
postcourier.com.pg	44057	2026-09-14
postcrescent.com	12995	2023-09-11
postindependent.com	14592	2026-09-12
postnewsgroup.com	6629	2026-09-08
postonline.co.uk	9228	2026-09-14
postregister.com	69677	2026-09-14
poststar.com	66299	2026-09-13
potchefstroomherald.co.za	10484	2023-10-04
potomaclocal.com	14521	2026-09-13
pottsmerc.com	51343	2026-09-14
poughkeepsiejournal.com	7141	2023-09-11
poundingtherock.com	8989	2026-09-13
powderbulksolids.com	7664	2026-09-12
powelltribune.com	19226	2026-09-13
power-technology.com	11788	2026-09-11
power103.com	8486	2026-09-13
power1057.com	7732	2026-09-14
power1069fm.com	22458	2026-08-09
power923.com	6419	2026-09-13
power959.com	20123	2026-09-12
power965.com	6877	2025-01-27
power96radio.com	51762	2026-09-13
power98fm.com	24098	2026-09-14
powerboise.com	5241	2026-09-07
powerlineblog.com	11521	2026-07-02
powermag.com	6214	2026-09-11
powerorlando.com	8072	2026-09-11
powerpage.org	7064	2026-01-18
poynter.org	5565	2026-09-11
pqbnews.com	32683	2026-09-14
pr-inside.com	187832	2026-09-14
pr.com	17071	2026-09-13
pragativadi.com	55218	2026-09-13
prairiepublic.org	43102	2026-09-14
praise933.com	5194	2024-04-28
prajasakti.com	11555	2026-06-26
pratttribune.com	5184	2023-09-12
predominantlyorange.com	7951	2026-09-14
premierchristianradio.com	11066	2023-06-07
premiumbeautynews.com	6080	2026-09-13
premiumtimesng.com	111998	2026-09-14
prescottenews.com	9377	2026-08-04
press-citizen.com	9004	2023-09-11
pressandguide.com	17310	2025-11-04
pressandjournal.co.uk	196721	2025-05-27
pressconnects.com	6069	2023-09-11
pressdemocrat.com	33297	2026-09-14
pressenterpriseonline.com	87096	2026-01-28
pressenza.com	12675	2026-09-13
pressgazette.co.uk	7329	2026-09-11
pressherald.com	133533	2026-09-14
pressofatlanticcity.com	83066	2026-09-14
pressparty.com	8869	2026-01-02
presspublications.com	6532	2026-09-11
presspubs.com	7769	2026-09-13
pressreleasepoint.com	60727	2026-09-03
pressrepublican.com	20126	2026-09-13
presstelegram.com	47454	2026-09-14
presstv.com	18559	2021-06-22
presstv.ir	65484	2026-07-22
prestigeonline.com	8987	2026-09-14
prestwichandwhitefieldguide.co.uk	18621	2023-03-07
prevention.com	11871	2026-09-13
prima.co.uk	8817	2026-09-14
primepublishers.com	5256	2026-09-14
princegeorgecitizen.com	137171	2025-09-05
princeton.edu	9175	2026-09-14
princetonol.com	11554	2026-09-14
printingnews.com	8737	2022-11-18
printweek.com	9505	2026-05-29
printweek.in	8921	2026-09-13
prisonplanet.com	5521	2026-08-12
priyo.com	19475	2026-09-05
prleap.com	9596	2026-09-12
prnewswire.co.uk	14900	2026-09-10
prnewswire.com	1314093	2026-09-14
proactiveinvestors.co.uk	61702	2026-09-12
proactiveinvestors.com	64336	2026-09-14
proactiveinvestors.com.au	34392	2026-09-12
probuilder.com	7515	2026-09-11
producer.com	14827	2025-05-22
professionaladviser.com	13826	2026-09-11
professionalpensions.com	11013	2026-09-11
progress-index.com	6209	2023-09-11
progressive-charlestown.com	20471	2026-09-14
progressivegrocer.com	7553	2025-09-09
progressiverailroading.com	10720	2026-09-12
projectnoah.org	19442	2026-09-06
prokerala.com	639604	2026-09-14
prolificnorth.co.uk	21481	2026-07-21
promptnewsonline.com	39428	2026-09-13
propakistani.pk	84666	2026-09-08
propertyweek.com	27699	2026-09-11
propublica.org	5471	2026-09-11
prospectmagazine.co.uk	8245	2026-09-12
providencejournal.com	22218	2023-09-11
prowrestling.net	18437	2026-09-13
prpeak.com	86658	2025-09-05
prrecordgazette.com	12904	2026-09-13
prunderground.com	11996	2026-08-09
prweb.com	172534	2026-09-12
prweek.com	13527	2026-07-02
psu.com	7048	2025-06-06
psu.edu	25134	2026-09-12
psychcentral.com	5022	2024-10-01
psychiatryadvisor.com	8782	2026-09-11
psychologytoday.com	23396	2026-09-01
ptinews.com	297015	2024-03-31
ptleader.com	7681	2026-09-14
publicnewsservice.org	19341	2025-08-20
publicnow.com	17005	2022-09-16
publicradioeast.org	54036	2026-09-14
publicradiotulsa.org	55933	2026-09-14
publishersweekly.com	21018	2026-09-12
pullmanradio.com	13539	2026-09-13
pulse.com.gh	49036	2026-03-19
pulse.ng	86874	2026-03-18
punchjump.com	11360	2026-09-11
punchng.com	296452	2026-09-14
punknews.org	9345	2026-09-13
punto.com.ph	8966	2026-09-13
purdueexponent.org	36838	2026-09-14
purerock96.com	9332	2026-09-13
purplerow.com	6091	2026-09-14
pushsquare.com	29643	2026-09-14
pv-magazine.com	18465	2026-06-04
pv-tech.org	13676	2026-09-11
pvvt.com	5706	2026-09-09
pwcs.edu	10390	2022-08-01
pymnts.com	23723	2026-09-14
q102.ie	16965	2026-09-10
q105.fm	6736	2026-09-14
q1057.com	9706	2026-09-12
q1061.com	8377	2026-09-13
q1065.fm	23984	2026-09-11
q106dot5.com	21541	2026-09-13
q106fm.com	8259	2026-09-11
q107.com	20490	2026-09-11
q1077.com	25126	2026-09-11
q107fm.ca	6514	2020-06-10
q108.com	7901	2026-09-11
q13fox.com	32112	2023-04-18
q93fm.com	14934	2026-09-11
q957.com	18815	2025-10-31
q95fm.net	8602	2026-08-21
q961.com	23932	2026-09-11
q985online.com	38012	2026-09-13
q98fm.com	7087	2026-09-13
qatar-tribune.com	33521	2026-09-13
qatarliving.com	8947	2026-09-14
qchron.com	13106	2026-09-10
qconline.com	70155	2026-09-13
qctimes.com	96323	2026-09-13
qns.com	12236	2026-09-13
qsrmagazine.com	6347	2026-02-19
qsrweb.com	7132	2026-09-11
qt.com.au	56636	2021-06-23
quadcitiesdaily.com	21617	2026-01-02
queanbeyanage.com.au	69873	2026-09-14
queensjournal.ca	5246	2026-09-11
queenslandcountrylife.com.au	50318	2026-09-14
queerty.com	6744	2026-09-05
quesnelobserver.com	29914	2026-09-14
quickcountry.com	48416	2026-09-13
quicknews-africa.net	37254	2026-09-13
quickworldnews.com	19319	2021-10-16
quintenews.com	27568	2026-09-13
qvc.com	59059	2026-07-08
qxmagazine.com	26771	2026-07-27
qz.com	34087	2026-04-13
racer.com	13748	2026-01-08
radaronline.com	34209	2026-09-14
radio.com	43725	2025-12-15
radio.gov.pk	58774	2026-09-14
radiocayman.gov.ky	8356	2026-09-14
radioinfo.com.au	6174	2025-01-22
radioink.com	15093	2026-09-13
radioiowa.com	16240	2026-07-27
radiojamaicanewsonline.com	29735	2026-09-13
radiokerry.ie	25002	2026-09-13
radiokorea.com	28815	2026-08-10
radiotamazuj.org	13338	2026-09-13
radiotimes.com	41047	2026-09-14
radiotoday.co.uk	5829	2026-09-11
radiotoday.com.au	8181	2025-06-14
radiousa.com	8276	2026-09-11
radiox.co.uk	6840	2026-09-11
radyonatin.com	11629	2025-10-03
rafu.com	5419	2026-09-13
ragtrader.com.au	7759	2026-09-14
railpage.com.au	73388	2023-10-15
railway-technology.com	5674	2026-09-08
railwayage.com	8580	2026-01-31
railwaygazette.com	10963	2026-09-13
rap-up.com	9390	2026-02-07
rapidcityjournal.com	58730	2026-09-13
rapidtvnews.com	6195	2026-02-17
rappler.com	84246	2026-09-14
rappnews.com	9635	2026-08-30
rapsinews.com	6019	2025-12-09
rashtranews.com	23678	2026-08-04
rasmussenreports.com	7797	2026-09-12
ravallirepublic.com	53792	2026-09-13
rawstory.com	65260	2026-09-14
rbj.net	12065	2026-06-04
rbth.com	6316	2026-09-06
rcps.info	37674	2026-06-15
rcreader.com	8168	2026-09-14
rcrwireless.com	8537	2026-09-11
reachfm.ca	13597	2026-01-01
readingchronicle.co.uk	138587	2026-09-14
readingeagle.com	58478	2026-09-14
readmedia.com	32404	2026-09-09
readwrite.com	6433	2024-10-10
realclearpolitics.com	31789	2026-05-17
realestate.com.au	14269	2026-09-14
realestatebusiness.com.au	9005	2026-09-14
realgeni.com	32458	2025-04-16
realitytea.com	42336	2026-09-13
realitytvworld.com	35796	2026-09-13
realradio804.com	6475	2026-09-11
realscreen.com	6878	2026-06-24
reason.com	15851	2026-09-14
rechargenews.com	10493	2026-09-11
record-bee.com	11347	2026-09-14
record-eagle.com	80583	2026-09-14
recordcourier.com	10467	2025-09-04
recorder.ca	49216	2026-09-14
recorder.com	35108	2026-09-13
recordernews.com	6816	2023-10-26
recorderonline.com	52037	2026-09-12
recordnet.com	9191	2023-09-11
recordonline.com	10835	2023-09-11
redandblack.com	10013	2026-09-13
redbluffdailynews.com	13022	2026-09-13
reddeeradvocate.com	21598	2026-09-13
redding.com	5466	2023-09-11
redditchadvertiser.co.uk	110627	2026-09-14
redditchstandard.co.uk	15046	2026-09-13
redeyeradioshow.com	14671	2026-08-28
redfm.ie	11655	2026-09-12
rediff.com	86270	2026-09-14
redlandcitybulletin.com.au	65360	2026-09-14
redlandsdailyfacts.com	45089	2026-09-14
redriverradio.org	57461	2026-09-14
redstate.com	76427	2026-09-14
redwatch.org.au	11940	2026-09-14
reflector.com	102995	2026-09-14
reformer.com	47490	2026-09-13
regina.ctvnews.ca	15942	2025-04-08
register-herald.com	61289	2026-09-12
registercitizen.com	111574	2026-04-21
registerguard.com	9843	2023-09-10
registerherald.com	6606	2025-09-17
rejournals.com	8752	2025-07-14
rekordeast.co.za	10868	2021-02-24
relevantmagazine.com	8513	2026-09-11
relevantradio.com	9361	2026-06-04
reliefweb.int	163718	2026-03-28
religionnews.com	16623	2026-07-17
relish.com	7311	2026-08-31
relix.com	6639	2026-09-13
renalandurologynews.com	8236	2026-09-11
renewableenergymagazine.com	10347	2026-09-11
renews.biz	22747	2025-01-23
renfrewtoday.ca	11838	2026-09-02
rep-am.com	52992	2025-02-04
repeatingislands.com	7064	2026-09-11
reporter.net	18310	2026-09-13
reporterherald.com	40011	2026-09-14
reporternews.com	9509	2023-09-11
republic-online.com	26031	2026-08-26
republicaneagle.com	5698	2026-09-12
republicanherald.com	47180	2026-09-14
republicofmining.com	6923	2026-08-07
republicworld.com	41980	2026-03-17
republikein.com.na	6547	2026-09-11
rescue.org	5797	2026-09-09
reseller.co.nz	14639	2026-09-14
resilience.org	5454	2026-09-11
respect-mag.com	5648	2026-09-01
restaurantmagazine.com	13876	2026-09-13
restaurantnews.com	13771	2026-09-13
restaurantnewsrelease.com	13505	2026-09-13
restaurantonline.co.uk	6210	2026-09-11
restonnow.com	6591	2024-05-17
retaildetail.eu	7352	2026-09-11
retaildive.com	12725	2026-09-14
retailtimes.co.uk	18970	2026-09-13
reuters.com	928661	2026-07-21
revengeofthebirds.com	7081	2026-09-14
reverb.com	6060	2022-05-04
reviewjournal.com	39826	2026-09-14
reviewonline.com	18655	2026-09-14
reviewtimes.com	6175	2020-06-10
revolutionradio.org	7537	2025-09-24
revolvermag.com	6193	2025-01-22
rewind943.com	9882	2026-09-11
rexburgstandardjournal.com	7415	2026-09-13
rfa.org	13534	2026-09-08
rfdtv.com	25860	2026-09-13
rferl.org	46113	2026-09-13
rfglobalnet.com	5457	2026-09-11
rfi.fr	62533	2026-09-12
rgj.com	9002	2023-09-11
rheaheraldnews.com	8721	2026-09-12
rheinpfalz.de	6895	2020-11-26
rhyljournal.co.uk	115152	2026-09-14
ricentral.com	6569	2026-09-11
richlandsource.com	29245	2026-09-13
richmond-news.com	74966	2025-09-05
richmond.com	91391	2026-09-14
richmondandtwickenhamtimes.co.uk	113354	2026-09-14
richmondbizsense.com	7460	2026-09-11
richmondfreepress.com	7220	2026-02-12
richmondregister.com	27677	2026-09-13
ricochet.com	33598	2025-06-14
ridgecrestca.com	9161	2026-09-12
riggosrag.com	7031	2026-09-14
rightspeak.net	12561	2026-09-13
rigzone.com	31084	2026-09-13
ringsidereport.com	6094	2026-09-08
riotimesonline.com	45667	2026-09-14
riponadvance.com	8516	2026-09-11
riponpress.com	7794	2026-09-14
ripplesnigeria.com	10801	2026-02-09
risingapple.com	5970	2026-09-13
risingbd.com	7134	2023-02-02
risingkashmir.com	6154	2025-07-25
risk.net	7905	2026-09-10
rismedia.com	15073	2026-09-11
rivals.com	5169	2025-06-14
river1037.com	15297	2026-09-06
river105.com	11695	2026-09-09
river967.com	22238	2026-09-11
riverbender.com	7579	2025-01-23
riverfronttimes.com	8051	2025-08-16
rivergrandrapids.com	31697	2026-09-14
rivernewsonline.com	15228	2026-09-11
riviera-maya-news.com	11701	2026-09-12
rnanews.com	6735	2026-09-13
rnz.co.nz	161434	2026-09-14
road.cc	10393	2026-09-13
roadandtrack.com	12529	2026-09-14
roadsafety.co.za	10840	2026-09-14
roanoke.com	77237	2026-09-12
roarmag.org	22914	2026-09-14
robbreport.com	16889	2026-09-13
robesonian.com	6034	2026-09-13
roboticstomorrow.com	7712	2026-09-11
rochdaleonline.co.uk	11368	2025-11-25
rochestercitynewspaper.com	5405	2023-03-06
rock101.com	10995	2026-09-08
rock1015.com	6204	2026-09-12
rock107.com	10079	2026-09-12
rock937online.com	24042	2025-03-27
rock947.com	9740	2022-11-22
rock967online.com	21527	2026-09-13
rockdalenewtoncitizen.com	71558	2026-08-23
rockpapershotgun.com	20265	2026-09-13
rocksound.tv	5177	2026-09-11
rockymounttelegram.com	63119	2026-09-14
rockytopinsider.com	8228	2026-09-14
rogerebert.com	23518	2026-01-29
rollcall.com	11688	2026-09-11
rollingout.com	36521	2025-12-23
rollingstone.com	55485	2026-09-14
rollingstoneindia.com	6486	2026-09-11
romania-insider.com	16431	2026-09-06
romaniapress.com	67628	2026-09-11
romesentinel.com	14019	2026-09-14
romfordrecorder.co.uk	50586	2026-09-14
romseyadvertiser.co.uk	52579	2024-10-26
roscommonherald.ie	52606	2026-09-13
ross-shirejournal.co.uk	52471	2026-09-14
rosslandtelegraph.com	5850	2026-09-12
rotherhamadvertiser.co.uk	7306	2025-01-23
rotowire.com	12737	2026-09-14
roundupweb.com	5571	2026-09-11
routesonline.com	12955	2026-07-31
royalcentral.co.uk	13873	2026-09-12
royalgazette.com	55359	2026-09-14
royalsreview.com	8203	2026-09-13
royston-crow.co.uk	30876	2026-09-14
rozanaspokesman.com	14136	2026-09-13
rrdailyherald.com	24085	2026-09-13
rri.ro	10045	2026-09-13
rrobserver.com	6531	2026-09-11
rrr.org.au	25664	2026-09-14
rrstar.com	9459	2023-09-11
rsn.net.au	11246	2026-09-14
rstreet.org	8389	2026-09-11
rt.com	14489	2026-09-14
rte.ie	181687	2026-09-14
rthk.hk	11707	2026-09-04
rtoinsider.com	6005	2026-09-14
rtrfm.com.au	6115	2026-09-14
rttnews.com	136116	2026-09-14
rubbernews.com	9503	2026-06-18
runcornandwidnesworld.co.uk	92141	2026-09-14
runnersworld.com	10373	2026-09-13
runningmagazine.ca	6485	2026-09-12
runwaygirlnetwork.com	5635	2026-03-31
rushlane.com	9033	2026-09-14
russiaherald.com	134095	2026-09-14
russianmachineneverbreaks.com	7537	2026-09-14
russianradio7.com	8075	2025-01-20
rustourismnews.com	6306	2026-09-13
ruthfullyyours.com	25532	2026-08-01
rutland-times.co.uk	11846	2026-09-14
rutlandherald.com	41033	2026-09-14
rvasia.org	8268	2026-08-11
ryeandbattleobserver.co.uk	5120	2022-02-09
sabcnews.com	8897	2026-03-19
sacobserver.com	7011	2026-05-28
sacurrent.com	17108	2026-09-13
safc.com	10896	2024-07-16
saharareporters.com	100843	2026-09-13
saharasamay.com	17976	2026-09-11
sahilonline.org	12071	2026-09-13
sail-world.com	21866	2026-09-13
sailingscuttlebutt.com	8762	2026-07-12
saipantribune.com	7237	2025-05-29
sakshi.com	36429	2025-06-05
sakshipost.com	32886	2026-09-14
salemnews.com	29716	2026-09-14
salemnews.net	17434	2026-09-12
salina.com	9487	2023-09-10
salinapost.com	31764	2026-09-14
salisburyjournal.co.uk	122451	2026-09-14
salon.com	33007	2026-09-13
saltlakecitysun.com	146576	2026-09-14
saltwire.com	82583	2026-09-13
samaa.tv	61811	2026-09-14
sammobile.com	26335	2026-08-26
samoanews.com	5955	2026-09-12
samoaobserver.ws	9438	2026-09-14
sana.sy	29058	2026-09-14
sanangelolive.com	28252	2026-09-13
sanantoniopost.com	63411	2026-09-14
sandiegoreader.com	13139	2025-08-22
sandiegosun.com	178743	2026-09-14
sandiegouniontribune.com	215255	2026-09-14
sanews.gov.za	15763	2026-09-14
sanfordherald.com	52520	2026-09-13
sanilacbroadcasting.com	5339	2025-01-09
sanjuanjournal.com	5798	2026-09-14
sanmarcosrecord.com	10957	2026-09-13
sanremonews.it	5205	2026-09-14
santabanta.com	7519	2026-09-12
santacruzsentinel.com	22252	2026-09-14
santafenewmexican.com	63463	2026-09-14
santamariasun.com	5433	2026-09-10
santamariatimes.com	93315	2026-09-14
saobserver.net	45643	2026-09-14
saps.gov.za	37740	2025-11-19
sarajevotimes.com	5933	2026-03-02
saratogian.com	39294	2026-09-14
sarniathisweek.com	35616	2026-01-20
saskatoon.ctvnews.ca	14577	2025-01-22
satellitetoday.com	7220	2026-09-11
satnews.com	14625	2026-09-14
saudigazette.com.sa	54271	2026-03-18
saukvalley.com	7863	2020-12-17
saultstar.com	60101	2026-09-13
saultthisweek.com	48731	2026-06-22
savannahnow.com	16081	2023-09-11
savejersey.com	6139	2026-09-14
savingadvice.com	6145	2026-09-13
sb.by	18960	2026-09-11
sbcnews.co.uk	7219	2024-12-05
sbnation.com	47622	2026-09-14
sbr.com.sg	20107	2026-09-14
sbs.com.au	85059	2026-09-14
sbsun.com	45744	2026-09-14
sbwire.com	16543	2022-01-13
scallywagandvagabond.com	9151	2026-09-13
scdailypress.com	7072	2023-01-30
schoolsweek.co.uk	7252	2026-07-03
schroders.com	5010	2024-02-09
science.org	5028	2024-04-24
science20.com	7789	2026-09-14
sciencealert.com	18945	2026-09-14
scienceblog.com	15776	2026-09-14
scienceblogs.com	14679	2026-09-13
sciencebusiness.net	9408	2026-02-09
sciencedaily.com	32157	2026-08-06
sciencemag.org	12882	2021-10-07
sciencenews.org	5525	2026-09-11
scientificamerican.com	14365	2026-09-13
scmagazine.com	10578	2024-09-25
scmp.com	161165	2026-09-14
scnow.com	44803	2026-09-12
sconeadvocate.com.au	71796	2026-09-14
scoop.co.nz	285277	2026-09-14
scotsman.com	80113	2025-01-23
scottishconstructionnow.com	6927	2026-09-11
scottishhousingnews.com	7057	2026-09-11
scottishlegal.com	6308	2026-09-11
scpr.org	7524	2024-02-29
screencrush.com	10321	2026-09-11
screendaily.com	27103	2025-09-05
screenrant.com	210793	2026-09-14
scrippsnews.com	14231	2026-03-19
scroll.in	56111	2026-09-14
sctimes.com	6903	2023-09-10
scvnews.com	21827	2026-09-13
sdbj.com	5886	2026-09-11
sdcexec.com	8119	2025-12-28
sdjewishworld.com	6551	2026-09-14
sdpb.org	14678	2026-09-11
se933.com	20825	2026-09-12
seacoastonline.com	17956	2024-10-24
seafoodsource.com	6470	2025-01-23
seaforthhuronexpositor.com	22783	2026-09-13
seahawks.com	6342	2026-09-11
searchenginejournal.com	6605	2026-09-13
searchengineland.com	9460	2026-09-12
searchlight.vc	23186	2026-09-11
seasideradio.co.uk	13585	2026-09-11
seatrade-maritime.com	9491	2025-01-09
seattlepi.com	165051	2025-11-18
seattletimes.com	70978	2026-07-15
securityinfowatch.com	9751	2026-09-11
sedaliademocrat.com	12267	2026-09-12
seekingalpha.com	144022	2026-09-14
seenews.com	23417	2025-11-19
segmentnext.com	12742	2025-07-30
seguingazette.com	7191	2026-09-13
seguintoday.com	5208	2026-09-12
sej.org	15138	2026-09-11
selectscience.net	14615	2026-09-11
semissourian.com	16204	2026-08-30
sen.com.au	17190	2024-11-11
senate.gov.ph	10256	2025-08-20
seneweb.com	81744	2026-04-30
sent-trib.com	33170	2025-09-17
sentinel-standard.com	6658	2023-09-09
sentinelandenterprise.com	21078	2026-09-14
sentinelassam.com	82961	2026-09-14
sentinelsource.com	22605	2025-02-13
sequimgazette.com	6277	2026-09-12
serbian.cri.cn	11161	2026-09-14
setexasrecord.com	13902	2025-05-21
sevendaysvt.com	20045	2026-09-11
seventeen.com	10867	2026-09-03
seychellesnewsagency.com	7022	2026-02-17
sfchronicle.com	86527	2025-11-18
sfexaminer.com	15516	2026-09-13
sfgate.com	557091	2026-09-12
sfist.com	16314	2026-09-14
sflcn.com	6330	2026-06-04
sfstation.com	9545	2026-09-13
sgvtribune.com	48132	2026-09-14
shabait.com	5338	2026-09-13
shacknews.com	30500	2026-09-14
shafaqna.com	40727	2026-09-14
shanghaiist.com	6071	2026-07-11
shanghainews.net	89445	2026-09-14
shanghaisun.com	155216	2026-09-14
shankennewsdaily.com	7275	2026-09-11
shannonside.ie	29161	2026-09-13
sharecast.com	18144	2026-03-26
sharechat.co.nz	5728	2026-09-14
sharenet.co.za	17881	2026-08-25
shark1053.com	22484	2026-09-13
sharonherald.com	24557	2026-09-14
sheboyganpress.com	9278	2023-09-11
shekicks.net	6464	2026-09-12
sheknows.com	28462	2026-09-13
shelbystar.com	6592	2023-09-11
sheltonherald.com	53654	2025-11-18
shephardmedia.com	8547	2026-09-11
sheppnews.com.au	6976	2025-10-15
sherbrookerecord.com	5309	2026-09-12
sheridanmedia.com	22545	2026-09-14
sherwoodparknews.com	16753	2026-09-13
shetlandtimes.co.uk	8520	2026-09-14
shetnews.co.uk	16477	2026-09-13
shieldsgazette.com	12833	2025-01-23
shine.cn	8014	2025-06-14
ship-technology.com	5385	2026-09-12
shipandbunker.com	17516	2026-09-14
shipnc.com	8549	2026-09-12
shippingtribune.com	6152	2026-09-12
shippingwatch.com	7709	2026-06-26
shockya.com	5787	2026-09-14
shorehamherald.co.uk	6130	2022-02-09
shorelinebeacon.com	23344	2026-08-29
shorelinemedia.net	23659	2026-09-13
shorenewsnetwork.com	18724	2026-03-12
shortlist.com	6790	2026-09-11
showbiz411.com	6218	2026-09-14
shreveporttimes.com	9564	2023-09-11
shropshirelive.com	11886	2026-09-14
shropshirestar.com	67852	2026-03-26
si.com	255965	2026-09-14
siasat.com	165155	2026-09-14
sidneydailynews.com	17900	2025-09-17
sidneyherald.com	11730	2026-09-12
sierraleonetimes.com	70741	2026-09-14
sierrawave.net	6393	2026-09-14
sify.com	66094	2026-09-11
signalscv.com	22287	2026-09-05
siliconangle.com	18758	2026-09-14
siliconera.com	19698	2026-09-13
siliconindia.com	22861	2026-09-14
siliconrepublic.com	20008	2026-09-13
siliconvalley.com	14990	2026-09-13
silive.com	59239	2026-09-14
silverandblackpride.com	15648	2026-09-14
silverbirdtv.com	9090	2026-09-14
simcoe.com	14071	2026-09-13
simcoereformer.ca	51372	2026-09-14
simpleflying.com	8160	2026-09-01
sina.com	68991	2025-01-09
sina.com.hk	30315	2026-09-14
singaporestar.com	77036	2026-09-14
singersroom.com	17182	2026-09-13
singletonargus.com.au	76129	2026-09-14
siouxcityjournal.com	261533	2026-09-13
siouxlandnews.com	8328	2026-09-12
sis.gov.eg	9722	2025-11-14
siskiyoudaily.com	5408	2023-09-11
sitkasentinel.com	35576	2026-09-14
sj-r.com	11627	2023-09-11
skift.com	18030	2026-09-14
sknvibes.com	13019	2026-09-13
skopjediem.com	6665	2026-09-11
sky.com	87580	2026-09-10
skymetweather.com	6238	2026-09-12
skynews.com.au	72895	2026-07-26
slamonline.com	5481	2025-09-10
slashdot.org	5538	2024-09-09
slashfilm.com	42885	2026-09-14
slashgear.com	57036	2026-09-14
slate.com	42603	2026-09-14
sleepreviewmag.com	5252	2026-09-12
slguardian.org	24457	2026-09-14
slippedisc.com	7163	2026-09-14
slotocash.im	6832	2023-11-30
sloughobserver.co.uk	113682	2026-09-14
sloveniatimes.com	12811	2025-11-18
sltrib.com	30262	2026-09-13
slugmag.com	5511	2026-09-13
smallbiztrends.com	13324	2026-09-14
smallwarsjournal.com	6274	2026-06-04
smartcanucks.ca	13918	2026-09-14
smartcompany.com.au	10109	2026-09-14
smartpropertyinvestment.com.au	6287	2026-09-12
smdailyjournal.com	137001	2026-07-31
smdp.com	12475	2026-09-13
smenet.org	5134	2026-09-11
smetimes.in	13973	2026-09-10
smh.com.au	271267	2026-09-14
smithsonianmag.com	5400	2026-09-09
smn-news.com	16111	2026-09-14
smnewsnet.com	11006	2026-03-23
smokymountainnews.com	9220	2026-09-13
snl24.com	37194	2026-07-02
snntv.com	12417	2024-07-01
snopes.com	13727	2026-03-19
so-co-it.com	5992	2026-07-02
soapoperadigest.com	6202	2026-09-14
socaltech.com	5712	2025-12-24
socialistparty.org.uk	5103	2025-01-22
socialmediatoday.com	12836	2026-09-14
sofiaglobe.com	9649	2026-09-12
sofrep.com	14334	2026-04-18
softpedia.com	5650	2024-12-01
softrock941.com	5118	2023-02-13
soglos.com	5914	2026-09-10
sojo1049.com	42065	2026-09-13
solomonstarnews.com	9202	2026-04-30
somdnews.com	22214	2026-09-14
somerset-kentucky.com	30766	2026-09-13
somersetcountygazette.co.uk	192413	2026-09-14
somersetlive.co.uk	96451	2026-09-14
sooeveningnews.com	5730	2023-09-09
sookenewsmirror.com	39404	2026-09-14
soompi.com	34385	2026-09-14
sott.net	73084	2026-09-14
sounderatheart.com	7611	2026-09-13
soundonsound.com	25693	2026-09-12
southbendtribune.com	14724	2023-09-11
southcarolinapublicradio.org	77239	2026-09-14
southcoastregister.com.au	52692	2026-09-14
southcoasttoday.com	12183	2025-05-13
southdadenewsleader.com	8825	2026-09-12
southeastagnet.com	6388	2026-09-12
southeastasiapost.com	101553	2026-09-14
southeastradio.ie	8735	2026-09-12
southeastsun.com	5753	2025-01-17
southernhighlandnews.com.au	64641	2026-09-14
southernliving.com	11781	2026-03-17
southernminn.com	92017	2026-09-14
southernstandard.com	5879	2025-07-19
southernstar.ie	13312	2026-09-11
southgatearc.org	6902	2022-10-08
southpeacenews.com	8541	2026-09-14
southtahoenow.com	54436	2026-09-14
southwalesargus.co.uk	195352	2026-09-14
southwalesguardian.co.uk	95538	2026-09-14
southwhidbeyrecord.com	6162	2026-09-08
sowetan.co.za	6684	2026-09-14
sowetanlive.co.za	56173	2025-10-16
soyacincau.com	16028	2026-09-14
space.com	23986	2026-09-13
spacecoastdaily.com	12231	2026-09-12
spacedaily.com	22021	2026-09-14
spaceref.com	6301	2026-09-03
spacewar.com	31723	2026-09-14
spaldingtoday.co.uk	8426	2023-12-04
spanishvida.com	5334	2026-09-12
spartaindependent.com	5441	2026-09-13
spectator.co.uk	41838	2025-12-16
spectator.org	8421	2026-08-20
spectator.sme.sk	10290	2026-02-18
spectrumlocalnews.com	9095	2026-06-26
spectrummagazine.org	5950	2024-10-24
spectrumnews1.com	7443	2026-02-12
speedcafe.com	32242	2026-09-14
speedwaymedia.com	16799	2026-09-14
spencerdailyreporter.com	5843	2026-09-10
spiked-online.com	6941	2026-09-14
spin.com	7322	2026-03-12
spin1038.com	7551	2026-09-11
spoilertv.com	28120	2026-09-14
spokanepublicradio.org	64726	2026-09-14
spokesman.com	59437	2026-09-14
sportsnet.ca	5652	2022-01-17
spotlightnepal.com	8526	2026-09-14
spotrac.com	57124	2026-09-13
springer.com	6042	2026-09-14
springfieldnewssun.com	54279	2026-09-13
sprucegroveexaminer.com	16664	2026-09-13
sputnikglobe.com	36023	2026-09-14
sputniknews.com	115856	2023-04-05
squamishchief.com	72879	2025-09-05
squatchrocks.com	44631	2026-09-13
srilankamirror.com	14928	2026-09-14
srilankasource.com	99141	2026-09-14
srpressgazette.com	6492	2026-09-13
ssuchronicle.com	20914	2020-04-15
stabroeknews.com	84877	2026-03-26
staffingindustry.com	7493	2024-12-01
stalbansreview.co.uk	82873	2025-12-09
stalbertgazette.com	58824	2025-09-05
stamfordadvocate.com	157056	2025-06-12
stamfordmercury.co.uk	8132	2023-12-04
stampedeblue.com	10208	2026-09-14
standard-democrat.com	5151	2026-08-28
standard-freeholder.com	44598	2026-09-14
standard-journal.com	66577	2026-09-14
standard.co.uk	211127	2026-09-14
standard.net	17885	2026-09-13
standard.net.au	78659	2026-09-14
standardbredcanada.ca	35050	2026-09-14
standardmedia.co.ke	196415	2026-09-14
standardspeaker.com	48589	2026-09-14
stanforddaily.com	6385	2026-09-10
star945.com	8060	2026-09-11
star967.net	13534	2026-03-20
star98.net	10415	2026-09-13
staradvertiser.com	53795	2026-09-14
starbeacon.com	28619	2026-09-14
starcommunity.com.au	9165	2026-04-29
starcourier.com	5441	2023-09-10
stardem.com	34182	2026-09-13
starfm1023.com	6853	2026-08-31
stargazette.com	5321	2023-09-11
starherald.com	50657	2026-09-13
starkvilledailynews.com	5628	2026-09-11
starlocalmedia.com	58928	2026-09-13
starmometer.com	9202	2026-06-08
starnewsonline.com	11634	2023-09-11
starobserver.com.au	8408	2026-09-14
starofmysore.com	35055	2026-09-13
starradiovegas.com	5978	2022-06-24
startribune.com	263278	2026-08-25
starweekly.com.au	25547	2026-03-02
state.gov	15216	2026-09-12
statecollege.com	13880	2026-09-14
statenews.com	9110	2026-09-13
stateofreform.com	5750	2026-03-27
statesboroherald.com	9003	2026-09-13
statesman.com	34154	2026-03-25
statesmanjournal.com	9447	2023-09-11
statesville.com	48024	2026-09-13
staugustine.com	10411	2023-09-11
stawelltimes.com.au	30206	2026-09-14
stcatharinesstandard.ca	109678	2026-09-14
steelers.com	6709	2026-09-14
steinbachonline.com	25628	2026-09-14
stellar.ie	10593	2026-09-10
stereoboard.com	20773	2026-09-14
stereogum.com	20792	2026-09-12
stettlerindependent.com	11860	2026-09-13
stevenspointjournal.com	8837	2023-09-11
stevivor.com	6004	2026-08-24
stgeorgeutah.com	24198	2026-09-14
sthelensstar.co.uk	138409	2026-09-14
stiripesurse.ro	39555	2026-09-14
stlamerican.com	18180	2026-09-14
stlouisstar.com	95876	2026-09-14
stlpublicradio.org	8721	2023-09-01
stltoday.com	242290	2026-09-13
stock-world.de	6893	2024-12-30
stockandland.com.au	39578	2026-09-14
stockhouse.com	12208	2026-07-28
stockjournal.com.au	39938	2026-09-14
stockmarketwire.com	21652	2022-02-23
stokesentinel.co.uk	103600	2026-09-14
stornowaygazette.co.uk	7135	2025-01-23
stourbridgenews.co.uk	145323	2026-09-14
straight.com	17042	2026-09-14
straitstimes.com	198982	2026-09-14
strangehorizons.com	5185	2026-09-13
strategypage.com	10768	2026-09-14
stratford-herald.com	19734	2026-09-14
stratfordbeaconherald.com	40836	2026-09-13
stratfordobserver.co.uk	10091	2026-09-14
strathroyagedispatch.com	35086	2026-01-25
strathroytoday.ca	8619	2026-09-13
streetinsider.com	368521	2024-12-02
streetsblog.org	9590	2026-09-14
stripes.com	98147	2026-09-14
stroudnewsandjournal.co.uk	119253	2026-09-14
stthomastimesjournal.com	41430	2026-09-14
stthomastoday.ca	9299	2026-09-13
stuff.co.nz	290589	2024-01-16
stuff.tv	8317	2026-09-13
stupiddope.com	18434	2025-10-20
sturgisjournal.com	6692	2023-09-11
stuttgartdailyleader.com	12823	2026-09-11
stwnewspress.com	10550	2026-09-10
stylecaster.com	15567	2026-09-13
suasnews.com	5874	2026-09-12
sudantribune.com	6768	2025-02-16
suffolknews.co.uk	12043	2026-09-14
summitdaily.com	21952	2026-09-13
sun-sentinel.com	111731	2026-09-14
suncommercial.com	55632	2026-09-14
sundaymail.co.zw	13635	2025-01-23
sundaynews.co.zw	14210	2025-01-22
sundaystandard.info	7273	2026-09-14
sundaytimes.lk	11213	2026-09-13
sundayworld.co.za	10802	2026-07-15
sundayworld.com	50448	2025-11-24
sunderlandecho.com	19890	2025-01-23
sungazette.com	20430	2026-09-14
sunjournal.com	109824	2026-09-14
sunlive.co.nz	44331	2026-09-14
sunnewsonline.com	41578	2024-06-26
sunny1031.com	7132	2026-09-13
sunny1063.com	13719	2026-02-19
sunny923.com	13158	2026-09-11
sunny943.com	11678	2026-09-12
sunnysidesun.com	5601	2023-04-13
sunshinecoastdaily.com.au	63851	2021-06-23
sunshinestatenews.com	9785	2023-07-22
sunstar.com.ph	96348	2026-09-14
suntimes.com	118504	2026-09-14
superbike-news.co.uk	10709	2026-09-14
superherohype.com	19371	2026-09-14
superhits106.com	8104	2026-09-13
superiortelegram.com	19502	2026-09-14
supermarketnews.com	9854	2026-09-11
supertalk.fm	13119	2026-09-14
supertalk1270.com	7912	2026-09-11
supertalk1570.com	16594	2026-07-09
surfky.com	6423	2026-05-29
surinametimes.com	11422	2026-09-14
surinenglish.com	21716	2026-09-14
surreycomet.co.uk	154556	2026-09-14
sussexexpress.co.uk	45134	2025-01-23
sverigesradio.se	7180	2026-04-15
swag1049.com	11869	2026-09-12
swapacd.com	41096	2025-09-25
swarajyamag.com	36344	2026-07-24
sweetwaternow.com	19791	2026-09-14
swfinstitute.org	15178	2024-06-11
swiftcurrentonline.com	22884	2026-09-13
swimmingworldmagazine.com	6148	2026-02-23
swimswam.com	31619	2026-09-14
swindonadvertiser.co.uk	157053	2026-09-14
swiowanewssource.com	10692	2026-09-13
swishappeal.com	5070	2026-09-13
swissinfo.ch	102610	2026-09-14
swnewsmedia.com	10991	2025-08-05
swoknews.com	68720	2026-09-14
swtimes.com	7227	2023-09-11
swvatoday.com	19074	2026-09-09
swxrightnow.com	5318	2020-12-17
sydneysun.com	70369	2026-09-14
syfy.com	22104	2026-09-13
syracuse.com	73906	2026-02-19
t-g.com	6467	2026-09-13
t3.com	29498	2026-09-14
t95.com	5079	2026-09-09
taftmidwaydriller.com	5954	2026-09-10
tag911.ae	9139	2026-09-13
tahlequahdailypress.com	34956	2026-09-14
tahoedailytribune.com	14438	2026-09-12
taipeitimes.com	109799	2026-09-14
taiwannews.com.tw	47002	2025-11-28
taiwansun.com	40000	2026-09-14
taku105.com	6608	2024-02-15
talk1073.com	5881	2026-09-11
talkandroid.com	8023	2026-07-30
talkers.com	7653	2026-09-11
talkingpointsmemo.com	25781	2026-09-12
talkingretail.com	13365	2026-09-14
talkradio1170.com	24565	2021-09-07
talkradio960.com	21641	2026-09-13
talkvietnam.com	179795	2023-11-26
tallahassee.com	13322	2023-09-11
tamilguardian.com	5656	2026-09-11
tampabay.com	40369	2026-03-26
tanzanianewsreports.com	17575	2026-09-12
taosnews.com	12597	2026-09-13
tapeop.com	9979	2026-09-13
tapinto.net	6703	2023-08-03
targatocn.it	6940	2026-09-13
targetednews.com	176198	2026-09-14
tasnimnews.com	10617	2025-10-07
tass.com	97872	2026-04-09
tasteofcountry.com	22658	2026-09-14
tasteofhome.com	11439	2026-09-14
tatler.com	7949	2026-09-12
tatlerasia.com	6896	2025-10-27
tauntongazette.com	6714	2023-09-11
taylorvilledailynews.com	23222	2026-09-14
tbnewswatch.com	27463	2025-09-05
tbnweekly.com	13489	2026-05-04
tbsnews.net	21092	2026-03-19
tcpalm.com	12606	2023-09-11
tctimes.com	7759	2026-09-13
tctmd.com	5075	2026-05-19
td.org	5155	2026-03-11
tdh.gov.tm	5282	2026-09-13
tdn.com	62843	2026-09-13
tdtnews.com	31264	2026-09-14
team-bhp.com	42769	2026-06-08
teammyrtlebeach.com	20251	2023-08-29
teamtalk.com	75767	2026-09-14
teamusa.org	6354	2023-08-16
techcabal.com	16286	2026-09-13
techcentral.co.za	8322	2026-05-14
techcentral.ie	5864	2026-09-11
techcrunch.com	68259	2026-09-13
techdirt.com	42090	2026-09-12
techmoran.com	8894	2026-09-13
technewstoday.com	6238	2024-04-04
technical.ly	7654	2026-09-13
technuter.com	6634	2026-06-04
techradar.com	112175	2026-09-14
techreport.com	6990	2026-03-27
techrepublic.com	7541	2026-09-11
techshout.com	5599	2025-09-07
techspot.com	27021	2026-09-12
techstory.in	47726	2026-08-27
techtimes.com	51994	2026-09-13
techxplore.com	35782	2026-01-29
tehachapinews.com	9945	2026-09-12
tehelka.com	7045	2025-09-08
telecomasia.net	7976	2026-01-12
telecompaper.com	62122	2026-09-14
telecomtv.com	6098	2026-09-11
telegrafi.com	6160	2026-08-28
telegram.com	19979	2023-09-11
telegraph.co.uk	238741	2024-11-25
telegraphherald.com	93735	2026-09-14
telegraphindia.com	208030	2024-07-30
teletrader.com	7453	2024-03-13
televisual.com	6644	2026-09-11
tellerreport.com	12622	2024-04-09
telluridenews.com	5041	2026-09-09
tellychakkar.com	94830	2025-02-28
tempo.com.ph	19338	2025-05-27
tennessean.com	23387	2023-09-11
tennesseedaily.com	140411	2026-09-14
tenterfieldstar.com.au	47270	2026-09-14
terracestandard.com	28651	2026-09-14
terradaily.com	25068	2026-09-13
tert.am	5822	2024-11-27
tewkesburyadmag.co.uk	18216	2021-03-11
texarkanagazette.com	33788	2026-09-14
texasguardian.com	215872	2026-09-14
texasmonthly.com	9598	2026-06-22
texastribune.org	9079	2026-09-13
textileworld.com	10601	2026-09-13
thailand-business-news.com	29084	2026-09-14
thailandnews.net	35477	2026-09-14
thatballsouttahere.com	5077	2026-09-13
thatsmags.com	5879	2025-02-07
the-daily-record.com	10173	2023-09-11
the-dispatch.com	13084	2026-09-11
the-independent.com	28305	2026-09-13
the-journal.com	14093	2026-03-19
the-leader.com	6615	2023-09-11
the-messenger.com	97761	2026-09-14
the-review.com	9253	2023-09-11
the-star.co.ke	77534	2026-09-14
the-sun.com	27485	2026-09-13
the42.ie	76694	2026-09-14
the72.co.uk	11115	2026-09-13
theadanews.com	12345	2026-09-13
theadvertiser.com	7982	2023-09-11
theadviser.com.au	7384	2026-09-13
theadvocate.com	65006	2026-09-13
theadvocate.com.au	62902	2026-09-14
theadvocatengr.com	10123	2021-09-14
theafricareport.com	9656	2026-08-21
theage.com.au	251138	2026-09-14
thealpenanews.com	24788	2026-09-12
theamericanconservative.com	8669	2026-09-14
theanswertampa.com	5052	2024-09-25
thearabtribune.com	9322	2026-09-14
theargus.co.uk	171997	2026-09-14
theartnewspaper.com	14074	2026-09-11
theartsdesk.com	13141	2026-09-13
theasian.asia	6131	2026-09-14
theatermania.com	6017	2026-09-11
theathletic.com	40386	2024-05-13
theatlantic.com	32322	2026-09-13
theaustralian.com.au	85916	2024-07-31
theautochannel.com	11218	2026-09-14
thebangladeshtoday.com	6506	2026-09-13
thebatavian.com	22456	2026-09-13
thebeacon.net	5159	2026-09-09
thebeat925.ca	10436	2026-09-11
thebeatdfw.com	11836	2026-09-14
thebeatofthecapital.com	17545	2026-09-14
thebeijinger.com	16148	2026-09-14
thebftonline.com	32073	2026-09-14
thebigdm.com	7584	2026-09-11
thebiglead.com	27581	2026-09-14
thebigstation93blx.com	9717	2026-09-12
theblacksheartimes.com	7305	2026-09-13
theblaze.com	29899	2026-09-14
theboar.org	6089	2026-09-11
theboltonnews.co.uk	160309	2026-09-14
theboneonline.com	15088	2026-09-11
theboot.com	19638	2026-09-14
theborneopost.com	50107	2026-08-30
thebostonpilot.com	21218	2026-09-11
theboxhouston.com	6577	2026-09-12
thebreakingtimes.com	6436	2026-02-05
thebrunswicknews.com	37022	2026-09-14
thebullamarillo.com	9965	2024-04-29
thebulletin.be	8715	2026-05-14
thebulltulsa.com	42888	2025-10-10
thebusinessdesk.com	31025	2026-09-13
thebusinessjournal.com	9701	2026-09-14
thecabin.net	19811	2026-09-12
thecable.ng	102206	2026-08-07
thecaribbeancamera.com	6724	2026-09-13
thecattlesite.com	9210	2026-09-14
thecentersquare.com	47172	2026-06-26
thechiefleader.com	5720	2026-09-12
thechronicle-online.com	36551	2026-06-29
thechronicle.com.au	59588	2024-07-26
thechronicle.com.gh	27403	2026-09-14
thechronicleherald.ca	29241	2020-11-12
thechronicleonline.com	6398	2024-10-01
thecitizen.co.tz	21186	2026-09-13
thecitizen.com	10883	2026-09-11
thecitizen.in	6719	2026-09-09
thecoast.net.nz	8061	2026-09-11
thecollegefix.com	6979	2026-09-13
thecomet.net	41360	2026-09-14
thecommonsenseshow.com	5386	2022-03-12
thecommunityvoice.com	5664	2026-09-12
theconservativetreehouse.com	48051	2026-09-14
theconstructionindex.co.uk	28442	2026-09-14
theconversation.com	102393	2026-09-14
thecork.ie	5253	2026-09-13
thecorner.eu	6054	2026-09-11
thecourier.co.uk	126383	2025-05-27
thecourier.com	6262	2024-02-01
thecourier.com.au	65413	2026-09-14
thecourierexpress.com	34169	2026-09-13
thecragandcanyon.ca	9353	2026-09-13
thecranberryeagle.com	6309	2026-01-17
thecrimson.com	18059	2026-09-14
thedailybeast.com	72821	2026-09-14
thedailyblog.co.nz	22630	2026-09-14
thedailycitizen.com	13014	2024-08-22
thedailyjournal.com	8370	2023-09-11
thedailymash.co.uk	12137	2026-09-12
thedailymeal.com	24133	2026-09-14
thedailynewnation.com	27080	2024-07-26
thedailynewsonline.com	33691	2026-09-13
thedailyrecord.com	30684	2026-06-04
thedailyreporter.com	5901	2023-09-08
thedailyreview.com	39902	2026-09-13
thedailystar.com	35827	2026-09-13
thedailystar.net	217397	2026-09-14
thedailytimes.com	48542	2026-09-14
thedailyworld.com	8405	2026-09-14
theday.com	76094	2024-12-10
thedenverchannel.com	21269	2022-09-07
thedestinlog.com	5975	2023-09-11
thedickinsonpress.com	36458	2026-09-13
thedigitalcourier.com	35189	2026-09-14
thediplomat.com	22991	2026-09-14
thediplomat.ro	11190	2026-09-11
thedp.com	9903	2026-09-13
thedrinksbusiness.com	15167	2026-09-12
thedrum.com	26119	2026-07-15
theduke.fm	7549	2025-08-29
theeagle.com	35958	2026-09-14
theeagle1069.com	11505	2026-09-03
theeagleonline.com.ng	60022	2026-09-14
theeastafrican.co.ke	17594	2026-08-15
theedgemarkets.com	47793	2023-05-12
theedinburghreporter.co.uk	7912	2026-09-13
theengineer.co.uk	9656	2026-06-05
theenterpriseleader.com	376144	2025-04-18
theepochtimes.com	315255	2026-09-14
thefacts.com	21652	2026-09-14
thefader.com	8026	2026-09-10
thefamuanonline.com	5063	2026-06-02
thefan1075.com	76271	2026-09-14
thefanfm.com	20321	2021-03-19
thefastmode.com	16223	2026-09-14
thefederalist.com	30179	2026-09-12
thefencepost.com	10257	2026-09-12
thefirstnews.com	5660	2024-01-28
thefranklinnewspost.com	6660	2026-09-01
thefreepress.ca	29169	2026-09-14
thefreshloaf.com	13684	2026-09-14
thefrisky.com	8666	2026-06-03
thefrontierpost.com	90446	2026-09-14
thefutoncritic.com	38867	2026-09-13
thegadgetman.org.uk	5082	2026-09-12
thegame730am.com	18800	2025-12-01
thegamenashville.com	50638	2026-09-14
thegardenisland.com	17723	2026-09-14
thegazette.com	53876	2026-09-14
theglobeandmail.com	196333	2026-09-14
thegrio.com	41201	2026-09-14
thegrocer.co.uk	30005	2025-09-05
theguardian.com	484770	2026-09-14
theguardian.pe.ca	27018	2020-11-12
thehardtackle.com	50328	2026-09-14
thehawkeye.com	9259	2022-12-02
thehayride.com	5775	2026-09-14
thehealthsite.com	34374	2026-02-16
thehendersonnews.com	10575	2024-05-30
theherald-news.com	9633	2026-01-29
theherald.co.za	7173	2026-09-11
theheraldghana.com	11860	2026-09-11
thehill.com	140700	2026-01-07
thehimalayantimes.com	33165	2026-03-30
thehindu.com	981163	2026-09-14
thehindubusinessline.com	275643	2026-09-14
thehitavada.com	30353	2026-09-14
thehits.co.nz	8410	2026-09-11
thehollywoodgossip.com	16908	2026-09-14
thehorse.com	5111	2026-04-13
thehot1039.com	7127	2026-09-13
thehour.com	150380	2026-06-22
theiet.org	13472	2026-09-12
theifp.ca	7336	2026-09-13
theindependent.co.zw	13749	2026-06-25
theindependent.com	69720	2026-09-14
theindependent.sg	6847	2026-03-17
theindianawaaz.com	31658	2026-09-13
theindychannel.com	8382	2020-08-11
theinertia.com	10438	2026-09-12
theintell.com	5596	2023-01-24
theintelligencer.com	80557	2026-06-22
theintelligencer.net	25358	2026-09-13
theintermountain.com	18155	2026-09-14
theirishfield.ie	12185	2026-09-13
theislamicmonthly.com	5920	2026-09-11
theislandnow.com	5886	2025-10-02
theisonews.com	30453	2020-10-30
theitem.com	25677	2026-09-14
thejakartapost.com	69685	2026-09-14
thejc.com	11428	2026-09-11
thejerseytomatopress.com	8608	2025-07-12
thejetpress.com	5427	2026-09-14
thejournal.ie	120086	2026-09-14
thejoyfm.com	8203	2026-01-05
thejudge13.com	5686	2026-09-14
thekansan.com	9305	2026-09-04
thelancasterandmorecambecitizen.co.uk	31708	2023-02-07
thelancet.com	7560	2024-04-30
theland.com.au	45177	2026-09-14
thelandryhat.com	5887	2026-09-14
theleader.com.au	87810	2026-09-14
theleader.info	16746	2026-09-13
theleafchronicle.com	6764	2023-09-11
theledger.com	15716	2023-09-11
thelincolnite.co.uk	16781	2025-10-23
thelinkpaper.ca	5177	2026-09-12
thelocal.at	7121	2026-09-14
thelocal.ch	7719	2026-09-12
thelocal.de	12875	2026-09-13
thelocal.dk	8007	2026-09-13
thelocal.es	9667	2026-09-12
thelocal.fr	16506	2026-09-14
thelocal.it	8330	2026-09-13
thelocal.no	7387	2026-09-12
thelocal.se	11287	2026-09-14
thelondoner.ca	36738	2025-12-17
themag.co.uk	14063	2026-09-13
themainewire.com	9593	2026-09-14
themalaysianinsight.com	24614	2024-09-16
themaneland.com	5994	2026-09-14
themarketsdaily.com	576703	2026-09-14
themarysue.com	33668	2026-09-14
themedialine.org	22869	2026-09-13
themediaonline.co.za	6066	2026-09-11
themercury.com.au	36877	2024-07-29
themiamihurricane.com	5492	2026-09-14
themiddlemarket.com	23964	2026-08-19
themilitant.com	5446	2026-09-11
themobileindian.com	12748	2026-09-11
themonitor.com	5325	2021-01-11
themorningbulletin.com.au	63217	2021-06-23
themorningsun.com	33902	2026-09-14
themoscowtimes.com	22486	2026-09-13
themountainmail.com	22673	2026-09-12
themountainpress.com	26064	2026-09-12
themunicheye.com	8104	2026-09-14
themusic.com.au	9878	2026-08-12
thenassauguardian.com	24722	2026-09-12
thenation.com	19550	2026-09-13
thenational.ae	31171	2020-10-14
thenational.com.pg	19740	2026-09-14
thenational.scot	109731	2026-09-14
thenationalherald.com	7932	2026-05-07
thenationalnews.com	61017	2026-09-14
thenationonlineng.net	198384	2026-09-14
thenelsondaily.com	6189	2024-09-27
thenewamerican.com	8679	2026-09-12
thenewdaily.com.au	23374	2025-01-23
thenewdawnliberia.com	24098	2026-09-11
thenewpulsefm.com	6701	2026-09-13
thenews-chronicle.com	36773	2025-01-29
thenews-messenger.com	7786	2023-09-11
thenews.com.pk	490027	2026-09-14
thenewsguard.com	9335	2026-09-13
thenewsherald.com	24162	2026-09-13
thenewsminute.com	31847	2026-09-14
thenewsnigeria.com.ng	11429	2026-09-13
thenewsstar.com	6563	2023-09-11
thenewswheel.com	6752	2026-07-07
thenextweb.com	11396	2026-09-13
thenigerianvoice.com	9550	2026-03-11
thenortheasttoday.com	6563	2025-10-20
thenorthernecho.co.uk	223722	2026-09-14
thenorthlines.com	46681	2026-09-13
thenorthwestern.com	9314	2023-09-11
theoaklandpress.com	43731	2026-09-14
theobserver.ca	48030	2026-09-14
theolivepress.es	31293	2026-07-30
theonion.com	9784	2026-09-13
theonlinecitizen.com	8082	2025-02-13
theparisnews.com	31362	2026-09-13
thepeak1041.com	13904	2026-09-13
thepeakfm.com	8296	2026-09-14
thepeninsulaqatar.com	165841	2026-09-14
thepeoplesperson.com	35923	2026-09-14
thepeterboroughexaminer.com	60312	2026-09-14
thephinsider.com	10702	2026-09-14
thephuketnews.com	19442	2025-03-05
thepienews.com	5260	2026-09-11
thepigsite.com	8039	2026-09-14
thepilot.com	7392	2026-09-12
thepinetree.net	5693	2026-09-14
thepinknews.com	20912	2026-09-12
thepiratescove.us	9007	2025-09-07
theplainsman.com	6597	2026-08-11
thepoint.gm	14646	2026-09-11
thepointsguy.com	19596	2026-09-13
theportugalnews.com	49484	2026-09-13
thepost.on.ca	23589	2026-08-28
thepostathens.com	11546	2026-09-14
thepoultrysite.com	8225	2026-09-14
theprint.in	20423	2026-08-04
theproducenews.com	11398	2026-01-03
theprogress.com	32283	2026-09-14
theprogressnews.com	16000	2026-09-12
theprovince.com	27895	2026-09-14
theprowersjournal.com	5693	2026-09-14
thepublicopinion.com	26347	2023-09-11
thequietus.com	10041	2026-09-13
thequint.com	6366	2026-03-16
therakyatpost.com	18879	2026-09-14
theranch.fm	9205	2026-09-08
therealdeal.com	50829	2026-07-24
therebelrocks.com	19458	2022-08-22
therecord.com	34166	2026-09-14
theredstonerocket.com	5139	2026-09-11
thereflector.com	10136	2026-09-11
theregister.com	37082	2026-09-14
thereminder.ca	98273	2026-09-14
thereporter.com	11381	2026-09-13
thereporteronline.com	43970	2026-09-14
therepublic.com	102406	2026-04-01
theridgefieldpress.com	54487	2025-06-14
therightscoop.com	14196	2026-09-13
theroar.com.au	38205	2026-09-14
therockofrochester.com	36516	2026-09-13
therolladailynews.com	8983	2026-08-24
theroot.com	18596	2026-09-13
therural.com.au	43042	2026-09-14
thesalemnewsonline.com	28326	2026-09-01
thescarboroughnews.co.uk	18854	2025-01-23
thescore.com	5139	2026-03-18
thescore1260.com	44893	2026-09-14
thescottishfarmer.co.uk	25415	2026-09-14
thescottishsun.co.uk	6966	2026-02-23
thesheridanpress.com	6752	2026-09-12
theshillongtimes.com	50246	2026-09-14
thesierraleonetelegraph.com	8666	2026-09-10
thesixthaxis.com	9624	2026-09-12
theskanner.com	6754	2026-05-10
theskinny.co.uk	6734	2026-09-10
thesource.com	37798	2026-09-13
thesouthafrican.com	133887	2026-09-14
thesouthern.com	56335	2026-09-14
thesouthernreporter.co.uk	9553	2025-01-23
thespec.com	34256	2026-09-14
thespectrum.com	5397	2023-09-09
thespiritsbusiness.com	12981	2026-09-11
thespread.com	20558	2026-05-11
thespun.com	17568	2023-10-13
thestandard.co.zw	20544	2026-09-01
thestandard.com.hk	105808	2026-03-02
thestandard.org.nz	7041	2025-10-04
thestar.co.uk	20920	2025-01-23
thestar.com	98021	2026-09-11
thestar.com.my	495573	2026-09-14
thestarphoenix.com	38821	2026-09-14
thestarpress.com	7271	2023-09-11
thestatesman.com	68849	2026-06-10
thestkittsnevisobserver.com	5100	2026-03-17
thestrad.com	8272	2025-09-05
thestranger.com	13043	2026-09-12
thestreet.com	43387	2026-08-04
thestreetjournal.org	48434	2026-01-16
thesubtimes.com	14335	2025-10-04
thesuburban.com	18150	2026-09-14
thesudburystar.com	61448	2026-09-13
thesun.co.uk	70396	2026-09-13
thesun.ie	20857	2026-03-18
thesun.my	39404	2026-02-08
thesun.ng	38747	2026-09-14
thesunchronicle.com	84723	2026-09-14
thesundaily.my	99874	2023-11-06
thesylvaherald.com	5937	2026-09-09
thetab.com	32392	2026-09-11
thetablet.co.uk	6020	2026-09-11
thetablet.org	9158	2026-09-11
thetandd.com	58925	2026-09-12
thetelegram.com	22428	2020-11-11
thetelegraph.com	163596	2026-06-22
thetelegraphandargus.co.uk	179478	2026-09-14
thethaiger.com	14483	2026-03-19
thetidenewsonline.com	34716	2026-09-14
thetimes-tribune.com	70666	2026-09-14
thetimes.co.uk	214037	2024-06-05
thetimes.com	85618	2026-09-14
thetimesherald.com	5081	2023-09-11
thetimesnews.com	12477	2026-09-14
thetimestribune.com	24956	2026-09-13
thetottenhamindependent.co.uk	96363	2026-09-14
thetowntalk.com	5540	2023-09-11
thetrucker.com	14228	2026-09-13
thetruthaboutcars.com	16284	2026-09-12
theturtleislandnews.com	18847	2026-09-13
thetyee.ca	9134	2026-09-14
theuknews.com	38533	2026-09-14
theunion.com	19886	2026-09-12
theurbandaily.com	9353	2026-09-10
theusnews.com	141373	2026-09-14
theverge.com	66898	2026-09-13
thevermilion.com	6056	2026-09-14
thevisitor.co.uk	5324	2021-12-13
thevoicebw.com	6374	2024-08-09
thevoiceslu.com	15321	2026-09-12
thevwindependent.com	8558	2026-09-14
thewave.ca	10659	2025-12-07
theweek.co.uk	12509	2023-09-12
theweek.com	54218	2026-09-13
theweek.in	89857	2026-08-25
theweektoday.com	18233	2024-09-18
thewest.com.au	9218	2026-09-07
thewesterlysun.com	24656	2026-09-14
thewestmorlandgazette.co.uk	197689	2026-09-14
thewestonforum.com	6800	2025-10-31
thewestonmercury.co.uk	58128	2026-09-14
thewhig.com	51022	2026-09-14
thewhiskeywash.com	14913	2026-09-13
thewire.in	44530	2024-03-27
thewolf.ca	8116	2026-09-13
theworld.org	9079	2026-06-26
theworldlink.com	22007	2026-09-13
thewrap.com	80415	2026-09-14
thexboxhub.com	10074	2026-09-13
thexradio.com	11072	2026-09-13
theyeshivaworld.com	35023	2026-09-14
theyucatantimes.com	9446	2025-06-10
thezimbabwean.co	6971	2026-09-14
thezimbabwedaily.com	16271	2026-02-04
thezimbabwemail.com	31972	2026-08-29
thirdsector.co.uk	8964	2026-07-03
thisdaylive.com	168492	2026-09-14
thisisanfield.com	21552	2026-01-24
thisislancashire.co.uk	54733	2023-02-07
thisislocallondon.co.uk	155513	2025-12-03
thisismoney.co.uk	52701	2025-11-06
thisisoxfordshire.co.uk	173178	2026-09-14
thisisthewestcountry.co.uk	18359	2023-02-07
thisiswiltshire.co.uk	138029	2026-09-14
thomasnet.com	15573	2024-02-05
thompsoncitizen.net	86287	2025-01-20
thunder987.com	5645	2021-03-31
thurrockgazette.co.uk	94340	2026-09-14
thurstontalk.com	6230	2026-09-14
thv11.com	51235	2026-06-05
thyblackman.com	10220	2026-09-13
tibet.net	9842	2026-09-14
tickerreport.com	450997	2026-09-14
ticotimes.net	6449	2026-01-09
tide1009.com	6739	2026-03-09
tiftongazette.com	10421	2026-09-14
tigerdroppings.com	5399	2022-01-13
tigernet.com	9295	2025-11-20
tigersroar.com	9919	2026-09-10
tillamookheadlightherald.com	14393	2026-09-13
timberjay.com	6863	2026-09-10
time.com	26575	2026-09-13
timeout.com	19556	2026-09-13
timeoutdubai.com	8263	2023-01-03
times-gazette.com	8414	2023-09-11
times-herald.com	6730	2026-09-12
times-journal.com	6305	2026-09-12
times-news.com	38435	2026-09-13
times-series.co.uk	102387	2026-09-14
times-standard.com	16010	2026-09-14
times.co.sz	9098	2026-03-15
timesandstar.co.uk	154458	2026-09-14
timesargus.com	34299	2026-09-13
timesbulletin.com	6963	2026-08-06
timesca.com	14589	2026-09-13
timescall.com	40490	2026-09-13
timescitizen.com	6074	2026-09-13
timescolonist.com	119190	2025-01-21
timesdaily.com	46060	2026-09-14
timesenterprise.com	9089	2026-09-10
timesfreepress.com	36803	2026-09-14
timesgazette.com	8366	2025-09-17
timesherald.com	45336	2026-09-14
timesheraldonline.com	10603	2026-09-13
timeshighereducation.com	11497	2026-09-14
timesleader.com	21802	2026-09-14
timesleader.net	6314	2026-09-12
timesleaderonline.com	18670	2026-09-14
timeslive.co.za	138265	2026-09-14
timesnews.net	36240	2025-11-11
timesnewspapers.com	5056	2026-09-11
timesnownews.com	143696	2026-04-29
timesofearth.com	6458	2026-09-13
timesofisrael.com	138709	2023-11-04
timesofmalta.com	121997	2026-04-15
timesofoman.com	53479	2026-09-13
timesofsandiego.com	24476	2026-09-14
timesonline.com	9679	2023-09-11
timesrecordnews.com	9821	2023-09-11
timesreporter.com	10999	2023-09-11
timesrepublican.com	22426	2026-09-14
timesreview.com	23630	2026-06-04
timestelegram.com	7281	2023-09-11
timesunion.com	119604	2025-11-14
timeswv.com	18893	2026-09-13
timminspress.com	58730	2026-09-13
timminstimes.com	44691	2026-01-26
tipperarylive.ie	30669	2026-05-14
tippfm.com	18541	2026-07-17
tippmidwestradio.com	13361	2026-09-11
tirebusiness.com	6666	2026-06-09
titansradio.com	16466	2026-09-13
titusvilleherald.com	22168	2022-12-01
tivysideadvertiser.co.uk	126396	2026-09-14
tmcnet.com	437717	2025-01-23
tmj4.com	6376	2026-03-19
tmz.com	54442	2026-09-14
tnledger.com	49743	2026-09-11
tnonline.com	38175	2026-09-14
tnp.sg	13213	2025-10-30
today.az	57389	2026-07-15
today.com	69931	2026-09-14
today.ng	48383	2024-06-20
today.rtl.lu	6406	2026-05-21
todayfm.com	16737	2026-09-12
todayheadline.co	7585	2025-01-27
toffeeweb.com	8790	2026-09-13
tokyoreporter.com	5167	2026-09-14
tolonews.com	32868	2024-06-06
tomsguide.com	53609	2026-09-14
tomshardware.com	19638	2026-09-13
tonyskansascity.com	46443	2026-09-14
topspeed.com	25799	2026-09-14
topwirenews.com	19571	2026-09-11
tor.com	21154	2024-01-23
toronto.citynews.ca	78912	2026-09-14
toronto.com	16306	2026-09-13
toronto.ctvnews.ca	37722	2025-01-23
torontosun.com	96456	2026-09-14
torontotelegraph.com	105689	2026-09-14
torquenews.com	29811	2026-09-13
totaltele.com	9704	2026-09-10
toucharcade.com	6249	2025-04-19
towleroad.com	15902	2024-04-28
townandcountrymag.com	19031	2026-09-14
townhall.com	95002	2026-09-14
townsvillebulletin.com.au	91358	2026-09-14
toynews-online.biz	5658	2026-09-10
tpr.org	35169	2026-09-14
tradearabia.com	118085	2026-09-14
tradeonlytoday.com	5821	2026-09-11
tradersmagazine.com	8278	2026-09-14
tradewindsnews.com	8151	2026-03-18
trains.com	13738	2026-09-13
trak.in	9422	2026-09-14
transylvaniatimes.com	9870	2026-09-13
travelandleisure.com	22155	2026-03-17
travelbizmonitor.com	8841	2026-08-27
traveldailymedia.com	27645	2026-06-05
traveldailynews.asia	10250	2026-04-19
traveldailynews.com	24067	2026-01-24
travelextra.ie	11876	2026-09-13
traveller.com.au	6007	2023-04-11
travelmarketreport.com	12104	2026-09-14
travelmole.com	9334	2026-05-01
travelweekly.com	19561	2026-02-06
travelweekly.com.au	18162	2026-09-14
trbusiness.com	9116	2026-09-12
trend.az	33244	2026-09-14
trentonian.ca	44449	2026-06-22
trentonian.com	30799	2026-09-14
trib.com	63121	2026-09-13
tribdem.com	59573	2026-09-14
tribecacitizen.com	5633	2026-09-13
triblive.com	99379	2026-05-04
tribstar.com	51478	2026-09-12
tribtoday.com	29383	2026-09-13
tribtown.com	97408	2025-04-15
tribune.com.pk	264087	2026-09-14
tribune.net.ph	67359	2026-09-14
tribune242.com	45745	2026-09-11
tribuneindia.com	290488	2026-09-14
tribuneledgernews.com	34540	2026-09-12
tribuneonlineng.com	164478	2026-09-14
tribunnews.com	10202	2026-09-02
tribute.ca	8148	2025-01-21
tricitynews.com	79527	2025-08-01
trinidadexpress.com	52381	2026-09-14
trinidadtimes.com	53744	2026-09-14
triplicate.com	5738	2026-09-03
troyrecord.com	38853	2026-09-14
trtworld.com	11841	2026-03-19
truebluela.com	10995	2026-09-13
truenorthreports.com	6071	2023-06-30
trumbulltimes.com	49197	2025-06-14
trussvilletribune.com	12465	2026-09-14
trust.org	37925	2026-04-28
trustedreviews.com	22696	2026-09-13
truthout.org	19263	2026-09-13
tsln.com	8241	2026-09-13
tsn.ca	166624	2026-09-14
tspr.org	24738	2026-09-14
ttgasia.com	13229	2026-09-14
ttnworldwide.com	7591	2026-09-13
ttrweekly.com	10881	2026-09-14
tucson.com	195247	2026-09-14
tucsonpost.com	40618	2026-09-14
tucsonsentinel.com	21556	2025-07-21
tucsonweekly.com	8403	2026-09-12
tudno.co.uk	20766	2023-04-26
tuko.co.ke	17879	2026-03-19
tulsaworld.com	111092	2026-09-12
tuoitrenews.vn	28862	2025-04-16
turkishpress.com	8519	2024-03-13
turlockjournal.com	5349	2026-09-12
turnto10.com	51317	2026-09-14
turnto23.com	50100	2026-09-14
tuscaloosanews.com	10891	2023-09-11
tv6tnt.com	23549	2026-09-14
tvfanatic.com	6905	2025-05-15
tvgrapevine.com	16799	2026-09-11
tvguide.co.uk	1956746	2026-09-13
tvguide.com	9822	2026-09-14
tvline.com	21116	2026-09-14
tvnewscheck.com	26445	2026-09-13
tvnz.co.nz	5645	2021-10-05
tvone.tv	5538	2026-09-09
tvovermind.com	19949	2026-09-13
tvseriesfinale.com	6188	2026-09-13
tvtechnology.com	11696	2026-09-11
tvtonight.com.au	29098	2026-09-14
tweaktown.com	28503	2025-03-01
tweeddailynews.com.au	45440	2021-04-28
twincities.com	39272	2026-09-14
twinsdaily.com	15777	2026-09-14
twitchy.com	63381	2026-09-13
twtd.co.uk	111362	2026-09-14
tylerpaper.com	28730	2026-09-14
typepad.com	10528	2024-12-01
tyrepress.com	6832	2026-09-11
ualrpublicradio.org	49831	2026-09-14
uark.edu	7325	2026-09-11
ubergizmo.com	8022	2026-09-12
ucanews.com	24644	2025-01-23
ucla.edu	6798	2026-09-12
udaipurkiran.com	79714	2026-09-14
udayavani.com	18335	2026-09-09
udn.com	7812	2026-09-14
uefa.com	8140	2024-07-24
uexpress.com	18136	2026-01-13
ufc.com	7230	2026-09-13
uk.com	8349	2026-09-13
ukiahdailyjournal.com	11025	2026-09-13
ukrainianjournal.com	15275	2026-01-27
ukrinform.net	22093	2026-03-19
uky.edu	8888	2026-09-11
ulladullatimes.com.au	63341	2026-09-14
uloop.com	11114	2026-09-13
ultimateclassicrock.com	16423	2026-09-12
ummid.com	19327	2026-09-13
umn.edu	14183	2026-09-11
un.org	6564	2026-09-11
uncrate.com	10170	2026-09-11
undercurrentnews.com	33237	2026-09-14
undertheradar.co.nz	25270	2026-09-14
undertheradarmag.com	18765	2026-07-24
undp.org	28031	2026-09-13
unesco.org	5061	2026-08-09
unian.info	12516	2026-02-09
uniindia.com	31007	2026-03-17
union-bulletin.com	45759	2026-09-14
uniondemocrat.com	13416	2026-09-12
unionleader.com	99575	2026-09-14
unionrecorder.com	12260	2026-09-12
unitaid.eu	25148	2026-08-02
unitedwithisrael.org	13845	2026-07-22
universetoday.com	5279	2026-09-13
universityworldnews.com	14282	2026-09-13
unm.edu	5506	2026-09-12
unmultimedia.org	7763	2023-10-16
uow.edu.au	17760	2024-11-07
updatesnews.com	25511	2022-10-01
upenn.edu	7191	2026-09-11
upi.com	102258	2026-09-08
upnorthlive.com	38998	2026-09-14
uppermichiganssource.com	33855	2026-09-14
upr.org	52526	2026-09-14
uproxx.com	21012	2026-09-09
upstract.com	65174	2021-06-14
upstreamonline.com	25000	2026-09-14
urbanacitizen.com	5866	2025-09-17
urbanmilwaukee.com	34141	2026-09-13
urdupoint.com	44060	2025-01-27
us103.com	26107	2026-05-31
us105fm.com	37608	2026-09-13
usanetwork.com	7362	2025-08-13
usatoday.com	217936	2025-04-26
usembassy.gov	7985	2026-09-11
usf.edu	64607	2026-02-26
usmagazine.com	67366	2026-09-14
usnews.com	60090	2024-07-31
usni.org	7584	2026-06-01
utahindependent.com	23152	2026-09-14
utdailybeacon.com	5011	2026-09-11
uticaod.com	14125	2023-09-11
utilitydive.com	9855	2026-09-13
utv44.com	6259	2026-09-12
v100fm.com	6402	2026-09-13
v100rocks.com	14182	2026-09-12
v1019.com	19933	2026-09-14
vaalweekblad.com	14927	2023-11-09
vaildaily.com	29054	2026-09-14
valdostadailytimes.com	76016	2026-09-12
valleybreeze.com	13899	2026-09-13
valleymorningstar.com	6006	2021-01-11
valleynewslive.com	33445	2026-09-14
valuewalk.com	9489	2025-01-23
vancourier.com	30069	2021-01-13
vancouverisland.ctvnews.ca	24416	2026-09-11
vancouversun.com	58988	2026-09-14
vandaliaradio.com	12012	2026-09-11
vanguardngr.com	221657	2026-09-14
vanityfair.com	19068	2026-09-13
variety.com	97430	2026-09-14
varsity.co.uk	8883	2026-09-14
vavel.com	12304	2026-09-14
vccircle.com	11374	2026-09-14
vcstar.com	9705	2023-09-11
vcyamerica.org	5662	2023-07-13
vdare.com	10802	2024-07-25
vegnews.com	12986	2026-09-12
venezuelastar.com	21311	2026-09-14
venturebeat.com	5743	2025-08-30
venturesafrica.com	22144	2024-11-16
vermilionstandard.com	12865	2026-09-13
vermontbiz.com	25423	2026-09-13
vernonmorningstar.com	52816	2026-09-14
verticalmag.com	14022	2026-09-14
vervetimes.com	11695	2025-01-26
vestnikkavkaza.net	24786	2022-01-22
veteranstoday.com	14175	2025-02-13
vg247.com	9510	2026-09-08
vgchartz.com	40868	2026-09-14
vibe.com	12099	2026-09-13
vice.com	21013	2026-09-14
vicnews.com	38528	2026-09-14
victoriaadvocate.com	5663	2026-09-13
victorygirlsblog.com	6835	2026-09-14
videtteonline.com	7611	2026-09-14
vietnamnet.vn	30619	2026-06-03
vietnamnews.vn	64953	2026-09-14
vietnamtribune.com	61792	2026-09-14
viewngr.com	44838	2025-01-29
vikings.com	5776	2026-09-14
vikingsterritory.com	18710	2026-09-14
villagesoup.com	21386	2024-09-18
vindy.com	49887	2026-09-14
vir.com.vn	29591	2026-09-14
virginislandsdailynews.com	19907	2026-09-13
virginislandsnewsonline.com	37545	2026-09-13
virginradio.co.uk	8276	2026-09-01
visayandailystar.com	32164	2026-06-06
vision.org.au	8529	2026-07-31
visionmp.com	10399	2026-07-10
vladtv.com	46349	2026-09-13
vmagazine.com	7602	2026-06-03
vnews.com	21027	2026-09-13
vnexpress.net	16986	2026-03-19
voanews.com	134105	2025-03-20
voazimbabwe.com	12730	2026-03-20
vocm.com	40060	2026-09-13
vogue.co.uk	18998	2026-09-13
vogue.com	34140	2026-09-14
vogue.in	10830	2026-09-13
voice-online.co.uk	11063	2026-09-12
voicenews.com	19643	2025-11-04
voiceofalexandria.com	81453	2026-09-13
voiceofvienna.org	15760	2026-09-13
voiceonline.com	10121	2026-09-14
vol.at	16882	2026-09-13
volcanodiscovery.com	17768	2026-09-10
vovworld.vn	9520	2026-01-25
vox.com	20149	2026-09-13
voxy.co.nz	48332	2026-07-07
vpm.org	20009	2023-01-27
vpr.org	5702	2022-06-22
vtcng.com	14807	2026-09-14
vtdigger.org	12874	2026-09-13
vulcanadvocate.com	8838	2026-09-13
vulture.com	26066	2026-09-14
vvdailypress.com	8735	2023-09-11
w4country.com	6018	2026-09-13
wa1a.com	10532	2026-09-13
waateanews.com	26282	2026-09-14
waaytv.com	47338	2026-08-02
wabcradio.com	7619	2025-02-02
wabe.org	21327	2026-04-24
wabi.tv	38616	2026-09-14
wabx.net	34419	2026-09-14
wach.com	39036	2026-09-13
wacotrib.com	70905	2026-09-12
wadenapj.com	25680	2026-09-13
wadk.com	36679	2026-09-11
waer.org	41436	2026-09-14
wafb.com	39135	2026-09-14
waff.com	33893	2026-09-14
wagmtv.com	12439	2026-09-11
wahoo-ashland-waverly.com	17423	2026-09-10
wahpetondailynews.com	16075	2026-09-14
wajr.com	5161	2026-09-10
waka.com	11368	2026-09-13
wakefieldexpress.co.uk	18345	2025-01-23
wakg.com	7978	2026-09-11
walb.com	33976	2026-09-14
walesonline.co.uk	257465	2026-09-14
walkermn.com	15162	2026-09-14
wallaceburgcourierpress.com	38498	2026-06-29
wallowa.com	8453	2026-09-11
wallpaper.com	15520	2026-09-13
walls102.com	8142	2023-06-13
wallstreet-online.de	85809	2026-09-14
wam.ae	15139	2023-11-04
wamc.org	53386	2026-09-14
wamda.com	5902	2026-09-14
wandsworthguardian.co.uk	132532	2026-09-14
wandtv.com	61533	2026-09-14
wantedinrome.com	9069	2026-09-14
wape.com	13087	2026-09-12
wapt.com	69101	2026-09-14
wardsauto.com	7046	2026-02-03
warm1033.com	24360	2026-09-13
warm1069.com	9873	2026-09-11
warm98.com	11728	2026-09-13
warringtonguardian.co.uk	157292	2026-09-14
warsawvoice.pl	12750	2026-03-18
warwickdailynews.com.au	51988	2021-04-28
warwickonline.com	5967	2026-09-11
warwickshireworld.com	12934	2025-01-23
washingtonblade.com	8577	2026-09-12
washingtonexaminer.com	162704	2026-09-14
washingtonian.com	13142	2026-09-11
washingtoninformer.com	7052	2026-09-11
washingtonjewishweek.com	5011	2026-09-12
washingtonpost.com	306594	2024-08-02
washingtontimes.com	292813	2026-04-13
washtimesherald.com	43496	2026-09-14
waste360.com	5106	2025-01-19
wataugademocrat.com	49910	2026-09-14
watchingamerica.com	8167	2026-09-12
waterford-news.ie	68270	2026-09-13
watermarkonline.com	35425	2025-11-03
wateronline.com	10994	2026-09-14
waterwaysjournal.net	5517	2026-09-11
watfordobserver.co.uk	112769	2026-09-14
watoday.com.au	134098	2026-09-14
wattsupwiththat.com	8535	2026-09-14
wausaudailyherald.com	9127	2023-09-11
waxahachietx.com	5982	2026-09-13
wbaa.org	78548	2026-09-14
wbal.com	70127	2026-09-07
wbaltv.com	76124	2026-09-14
wbap.com	89358	2026-09-14
wbay.com	39536	2026-09-14
wbbjtv.com	34746	2026-09-14
wbckfm.com	23781	2025-11-29
wbco.com	6299	2026-09-11
wbez.org	6700	2026-09-13
wbfo.org	39821	2025-04-01
wbgo.org	6030	2026-09-14
wbir.com	60093	2026-06-05
wbiw.com	47093	2026-09-13
wbjournal.com	13702	2026-09-11
wbkb11.com	6957	2026-09-14
wbko.com	24308	2026-09-14
wbkr.com	25777	2026-09-13
wblk.com	38842	2026-09-14
wblm.com	33905	2026-09-14
wbls.com	9586	2026-09-11
wbmq.net	17237	2020-08-26
wbng.com	24018	2026-09-12
wbnowqct.com	5782	2026-09-11
wbnq.com	12998	2026-09-13
wboc.com	92128	2026-09-14
wboi.org	46039	2026-09-14
wbrc.com	47802	2026-09-14
wbrz.com	74261	2026-09-14
wbsm.com	20578	2026-09-13
wbszfm.com	5340	2026-09-10
wbt.com	8832	2026-09-13
wbtmdanville.com	9573	2026-09-11
wbtv.com	36910	2026-09-13
wbur.org	54881	2026-09-12
wbwn.com	9564	2026-09-14
wcax.com	40973	2026-09-14
wcbe.org	59620	2026-09-14
wcbi.com	21569	2026-09-14
wcbm.com	31162	2026-09-14
wccbcharlotte.com	42294	2026-09-14
wccftech.com	48369	2026-09-14
wccq.com	9401	2024-05-24
wcfcourier.com	114480	2026-09-13
wchstv.com	37767	2026-09-14
wcjb.com	33538	2026-09-14
wclk.com	34088	2026-09-14
wclo.com	10685	2025-05-20
wcnc.com	66822	2026-06-06
wcoapensacola.com	43619	2026-09-13
wcpo.com	33327	2026-09-14
wcrz.com	22240	2026-09-12
wcsmradio.com	10489	2026-09-11
wcsufm.org	65671	2026-09-14
wcsx.com	18258	2026-09-13
wcsy.com	39590	2026-09-13
wcti12.com	43914	2026-09-14
wctrib.com	54496	2026-09-13
wctv.tv	30057	2026-09-14
wcvb.com	104594	2026-09-14
wcyb.com	34719	2026-09-14
wcyy.com	30432	2026-09-14
wdadradio.com	14961	2026-09-13
wdam.com	36194	2026-09-14
wdbj7.com	35438	2026-09-13
wdbo.com	50301	2026-09-14
wdbqam.com	10110	2026-09-11
wdef.com	24777	2026-07-21
wdel.com	26080	2026-09-14
wden.com	5763	2026-09-13
wdet.org	10312	2026-09-12
wdez.com	22905	2026-09-14
wdhafm.com	16008	2026-09-13
wdio.com	63322	2026-09-14
wdiy.org	45515	2026-09-14
wdjx.com	8791	2026-09-12
wdkx.com	5395	2022-07-25
wdrb.com	101048	2026-09-01
wdrv.com	9342	2026-09-11
wdsm710.com	40501	2026-09-14
wdsu.com	106564	2026-09-14
wdtimes.com	34752	2026-09-14
wdtv.com	20852	2026-09-14
wdzz.com	9056	2026-09-13
weaa.org	51021	2025-02-25
wealthmanagement.com	17484	2026-09-11
weareiowa.com	7839	2026-03-16
weartv.com	36117	2026-09-14
weatherforddemocrat.com	14250	2026-09-13
weathernationtv.com	6150	2026-09-11
weau.com	32150	2026-09-14
webcamfeet.com	5756	2021-11-12
webindia123.com	432919	2026-09-14
webmd.com	10303	2026-09-09
webpronews.com	32206	2026-09-13
webwire.com	38317	2026-09-14
wect.com	36992	2026-09-14
weeklyblitz.net	32237	2026-09-14
weeklytimesnow.com.au	11584	2024-07-22
weforum.org	8434	2024-01-12
wegotthiscovered.com	68271	2025-02-24
weirtondailytimes.com	22210	2026-09-12
weisradio.com	18260	2026-01-06
wellandtribune.ca	73244	2026-09-14
wellingtondailynews.com	5444	2026-08-30
wellingtontimes.com.au	37615	2026-09-14
wellsvilledaily.com	5537	2022-04-14
wemu.org	34825	2026-09-14
wenatcheeworld.com	25571	2026-09-12
wenxuecity.com	36526	2026-09-14
weny.com	30632	2026-09-14
wesa.fm	41179	2026-06-04
wesh.com	79674	2026-09-14
wesm913.org	17888	2022-01-28
westcentralonline.com	17791	2026-09-14
westcentralsbest.com	48595	2026-09-14
westerlynews.ca	31586	2026-09-14
westernadvocate.com.au	112805	2026-09-14
westernmassnews.com	23393	2026-09-13
westernpeople.ie	36319	2026-09-13
westerntelegraph.co.uk	126562	2026-09-14
westernweekender.com.au	5735	2026-09-14
westernwheel.ca	6258	2025-09-05
westfaironline.com	12706	2026-09-14
westhawaiitoday.com	20365	2026-09-13
westkentuckystar.com	30035	2026-09-14
westmeathexaminer.ie	48037	2026-09-13
westmeathindependent.ie	47170	2026-09-13
westofthei.com	7234	2026-09-12
westport-news.com	54149	2022-03-01
westseattleblog.com	48711	2026-09-14
westsussextoday.co.uk	7480	2022-02-09
westword.com	13279	2026-09-14
wetaskiwintimes.com	15635	2026-09-13
weyburnreview.com	37373	2021-07-29
wfaa.com	64004	2026-06-05
wfae.org	71447	2026-09-14
wfasam.com	13054	2021-05-17
wfav951.com	14232	2026-09-11
wfdd.org	53090	2026-09-14
wfgr.com	21383	2024-07-03
wfin.com	45335	2025-06-14
wfirnews.com	5328	2026-09-11
wfit.org	6687	2026-09-13
wfiwradio.com	12490	2026-09-12
wfls.com	17456	2026-09-14
wflx.com	33333	2026-09-14
wfmd.com	14961	2026-09-14
wfmj.com	111667	2026-09-14
wfms.com	7322	2026-09-13
wfmynews2.com	66653	2026-06-05
wfmz.com	256036	2026-09-14
wfnc640am.com	68934	2026-08-18
wfnt.com	13305	2026-09-13
wfsb.com	37197	2026-09-14
wfsu.org	48867	2026-09-14
wftv.com	46385	2026-09-14
wftw.com	69191	2025-03-28
wfuv.org	9675	2026-09-14
wfxd.com	6582	2026-04-09
wfxl.com	6512	2025-09-11
wfyi.org	15002	2026-09-12
wgac.com	6667	2026-09-11
wgal.com	83922	2026-09-14
wgan.com	15527	2026-09-13
wgauradio.com	61440	2026-09-14
wgbh.org	24167	2026-09-12
wgcu.org	32175	2026-09-14
wgil.com	10105	2026-09-12
wglr.com	25606	2026-09-13
wglt.org	61472	2026-09-14
wgmd.com	40823	2026-09-14
wgme.com	42979	2026-09-14
wgna.com	34240	2026-09-13
wgni.com	9420	2026-09-13
wgnsradio.com	16837	2026-07-31
wgntv.com	7621	2026-05-05
wgog.com	6234	2026-09-13
wgow.com	46897	2026-09-13
wgowam.com	75056	2026-09-13
wgrd.com	45102	2026-09-13
wgrr.com	10051	2026-09-12
wgrz.com	46639	2026-06-05
wgxa.tv	11258	2026-09-13
wharfedaleobserver.co.uk	118874	2026-09-14
whas11.com	68292	2026-06-25
whatdidyousay.org	15446	2025-11-11
whatech.com	27625	2026-09-06
whathifi.com	11443	2026-09-12
whatsnew2day.com	14117	2025-01-27
whatson.ae	21070	2026-09-12
whatsonstage.com	11435	2026-09-13
whatsontv.co.uk	5261	2021-06-10
whattheythink.com	14237	2026-08-28
whav.net	5601	2026-09-02
whbl.com	71353	2026-09-14
whby.com	9319	2026-09-11
whcuradio.com	10235	2024-06-23
whdg.com	16708	2026-09-11
whdh.com	56112	2026-09-14
whec.com	132213	2026-09-14
whidbeynewstimes.com	6259	2026-09-09
whig.com	60511	2026-09-14
whio.com	46747	2026-09-14
whitecourtstar.com	13580	2026-09-13
whitehorsestar.com	5917	2026-01-29
whitehouse.gov	6012	2026-03-17
whitsundaytimes.com.au	56923	2021-04-28
whittierdailynews.com	47340	2026-09-14
whiznews.com	15095	2026-09-13
whky.com	22106	2026-09-14
whmi.com	25810	2026-09-14
whnt.com	6192	2025-06-12
who.int	10334	2026-09-11
whopam.com	24296	2026-09-13
whqr.org	46563	2026-09-14
whro.org	15247	2026-09-13
whrpfm.com	9077	2026-09-13
whsv.com	29418	2026-09-13
whtc.com	48810	2026-09-14
whtimes.co.uk	57142	2026-09-14
whvoradio.com	13931	2026-05-31
whyy.org	26792	2026-09-13
wiartonecho.com	22753	2026-08-29
wibailoutpeople.org	5867	2026-09-14
wibc.com	29026	2026-09-14
wibqam.com	45131	2026-01-10
wibw.com	47008	2026-09-14
wibx950.com	30132	2026-09-14
wickedlocal.com	236673	2023-09-11
wicz.com	62324	2026-09-14
wifc.com	19712	2026-09-14
wifr.com	24848	2026-08-03
wigantoday.net	27415	2025-01-23
wiky.com	41235	2026-09-14
wild1029.com	9295	2026-09-13
wild1049hd.com	6114	2023-03-21
wild941.com	24124	2026-09-14
wiley.com	5264	2026-08-14
williamsondailynews.com	7230	2026-09-09
willistonherald.com	14778	2026-09-13
willitsnews.com	6642	2026-09-13
willmarradio.com	44472	2026-09-12
wilm-tv.com	8193	2021-09-20
wilmingtonbiz.com	12073	2025-01-22
wilsonpost.com	5372	2023-03-01
wilsontimes.com	5852	2026-08-29
wiltonbulletin.com	62996	2025-06-14
wiltsglosstandard.co.uk	118261	2026-09-14
wiltshiretimes.co.uk	148239	2026-09-14
wilx.com	33996	2026-09-14
wimbledonguardian.co.uk	122243	2026-09-14
wimsradio.com	17496	2026-09-13
wimz.com	6767	2026-09-07
winchesterstar.com	62248	2026-09-14
wincountry.com	19828	2026-09-14
windfm.com	7041	2026-09-14
windowscentral.com	34157	2026-09-14
windowstorussia.com	5923	2026-06-10
windpowermonthly.com	7211	2026-07-02
windsor.ctvnews.ca	20740	2025-04-09
windsorite.ca	19835	2025-09-22
windsorstar.com	58964	2026-09-14
windtech-international.com	9448	2026-09-11
wingsmagazine.com	5907	2026-09-11
wink104.com	10520	2026-09-13
winknews.com	56177	2026-09-14
winnipeg.ctvnews.ca	27808	2025-04-25
winnipegfreepress.com	328651	2026-09-14
winnipegsun.com	54703	2026-09-14
winonadailynews.com	37937	2026-09-13
winonapost.com	10581	2026-09-10
winsfordguardian.co.uk	67252	2023-03-07
winteriscoming.net	8653	2026-09-13
wiog.com	5205	2026-09-14
wionews.com	25883	2026-02-12
wiov.com	7388	2026-09-13
wired.com	21407	2026-09-13
wiredprnews.com	26047	2025-10-24
wirralglobe.co.uk	136498	2026-09-14
wirx.com	19929	2026-08-31
wisbechstandard.co.uk	36493	2026-09-14
wisbusiness.com	14357	2026-09-11
wisc.edu	13869	2026-09-14
wiscassetnewspaper.com	25131	2026-09-14
wiscnews.com	66705	2026-09-13
wisconsin106.com	15308	2025-03-13
wisconsinagconnection.com	14846	2026-09-11
wisconsinrapidstribune.com	9142	2023-09-11
wisfarmer.com	5440	2023-09-11
wishtv.com	72161	2026-09-14
wislawjournal.com	11691	2026-06-03
wisn.com	75560	2026-09-14
wispolitics.com	20579	2026-07-23
wisr680.com	9459	2026-09-13
wistv.com	39087	2026-09-14
withinnigeria.com	12604	2026-03-04
witl.com	37882	2026-09-14
witn.com	37288	2026-09-14
witneygazette.co.uk	133627	2026-09-14
wits.ac.za	5575	2026-09-13
wivk.com	12693	2026-09-13
wixx.com	27818	2026-09-13
wiznation.com	13876	2026-09-14
wjactv.com	34977	2026-09-13
wjbc.com	40047	2026-09-08
wjbq.com	28733	2026-09-13
wjbr.com	12970	2025-12-04
wjcl.com	72967	2026-09-14
wjct.org	72277	2026-09-14
wjcw.com	56200	2026-08-18
wjez.com	10889	2026-09-13
wjfw.com	21024	2026-09-14
wjhg.com	26263	2026-09-14
wjimam.com	23474	2025-12-01
wjla.com	50980	2026-09-14
wjle.com	6132	2026-09-13
wjmi.com	18966	2026-05-04
wjnt.com	23076	2026-04-22
wjol.com	34929	2026-09-14
wjon.com	38427	2026-09-13
wjoxam.com	50601	2026-04-07
wjpf.com	5992	2026-08-31
wjr.com	43827	2026-09-14
wjrz.com	14147	2026-09-14
wjsu.org	19822	2025-03-11
wjtn.com	20916	2026-09-12
wjvl.com	5257	2025-03-09
wkar.org	18408	2026-09-13
wkbw.com	41762	2026-09-13
wkdq.com	37216	2026-09-13
wkdzradio.com	16789	2026-08-27
wkfr.com	25096	2026-09-13
wkjc.com	42933	2026-09-12
wkkg.com	9956	2026-09-12
wkmi.com	17491	2025-11-30
wkml.com	16283	2026-09-12
wkms.org	55201	2026-09-14
wknofm.org	84999	2026-09-14
wkow.com	6158	2026-05-21
wkrb13.com	486644	2025-04-18
wksn.com	20857	2026-09-11
wksu.org	17996	2022-12-08
wktn.com	10447	2026-09-12
wktv.com	43188	2026-09-14
wkuherald.com	9520	2026-09-14
wkvi.com	7775	2026-09-11
wkxi.com	15993	2026-05-09
wkyc.com	70523	2026-06-06
wkyt.com	34495	2026-09-14
wkyufm.org	45638	2026-09-14
wkzo.com	77619	2026-09-14
wlad.com	5175	2026-09-11
wlav.com	10570	2026-09-13
wlbt.com	8276	2026-03-19
wlds.com	11655	2026-09-12
wlec.com	23195	2026-09-13
wlevradio.com	9881	2026-09-13
wlfi.com	25741	2026-09-14
wlip.com	23091	2026-09-11
wlkm.com	8826	2026-09-14
wlky.com	83642	2026-09-14
wlni.com	5321	2026-04-30
wlos.com	42307	2026-09-14
wlox.com	33998	2026-09-14
wlrfm.com	16614	2026-07-28
wlrh.org	26645	2026-09-13
wlrn.org	50666	2026-09-14
wlsam.com	54549	2026-09-11
wltribune.com	33601	2026-09-14
wltx.com	63246	2026-06-25
wltz.com	6311	2026-09-01
wlwi.com	6355	2026-09-13
wlwt.com	92722	2026-09-14
wmac-am.com	48638	2026-09-13
wmagazine.com	6634	2026-09-13
wmal.com	39599	2026-09-12
wmay.com	11097	2025-04-11
wmbfnews.com	39890	2026-09-14
wmcactionnews5.com	21076	2021-05-19
wmdt.com	34251	2026-09-14
wmfe.org	18986	2024-04-02
wmgk.com	17000	2026-09-13
wmicentral.com	10602	2026-09-13
wmmq.com	34282	2026-09-13
wmnf.org	7671	2026-09-14
wmot.org	24000	2025-08-12
wmra.org	45802	2026-09-14
wmtram.com	10456	2026-09-11
wmtv15news.com	20261	2026-09-14
wmtw.com	75160	2026-09-14
wmuk.org	25309	2026-09-14
wmur.com	96465	2026-09-14
wn.com	399364	2026-07-15
wnaw.com	19280	2026-09-13
wnax.com	9088	2026-09-11
wnbf.com	18143	2026-09-14
wncv.com	9298	2026-09-13
wncw.org	32686	2026-09-14
wncy.com	27612	2026-09-13
wnd.com	38062	2026-09-14
wndu.com	32492	2026-09-13
wnem.com	24264	2026-09-14
wnep.com	57274	2026-06-05
wnewsj.com	19288	2025-05-15
wnir.com	9636	2026-09-11
wnmtradio.com	19176	2022-12-08
wnmufm.org	72902	2026-09-14
wnpr.org	6587	2021-07-14
wntxradio.com	19392	2026-08-10
wnyt.com	45063	2026-03-11
woad.com	19065	2026-04-22
wobm.com	59897	2026-09-14
wogb.fm	17406	2026-09-13
wogx.com	18799	2026-09-12
wohfradio.com	29626	2026-09-14
wokq.com	28070	2026-09-13
wokv.com	65407	2026-09-14
womanandhome.com	25736	2026-09-13
womansworld.com	13453	2026-09-14
womenofchina.cn	11042	2025-06-09
womenshealthmag.com	17424	2026-09-12
wondradio.com	42515	2026-09-11
wonkette.com	5766	2026-07-29
woodallscm.com	5707	2026-09-11
woodlandsonline.com	10535	2026-09-14
woodstocksentinelreview.com	41706	2026-09-14
woodwardnews.net	10456	2026-09-10
woodworkingnetwork.com	9527	2025-12-16
woonsocketcall.com	12744	2026-09-14
worcesternews.co.uk	110440	2026-09-14
wordpress.com	17226	2026-09-14
workers.org	5585	2026-03-06
workerscompensation.com	8503	2026-09-11
workersliberty.org	8719	2025-11-07
worksopguardian.co.uk	12974	2025-01-23
world-nuclear-news.org	7490	2026-09-11
worldathletics.org	5011	2026-09-10
worldbank.org	10233	2026-09-04
worldboxingnews.net	7275	2025-03-04
worldcasinodirectory.com	8103	2026-09-13
worldcrunch.com	14971	2025-01-23
worldipreview.com	5158	2026-09-11
worldoil.com	14060	2026-09-14
worldpoliticsreview.com	5298	2026-08-06
worldscreen.com	13861	2025-08-22
worldsoccertalk.com	14787	2022-08-10
worldtempus.com	6425	2026-09-14
wortfm.org	6174	2025-05-02
worthingherald.co.uk	6867	2022-02-10
worthplaying.com	13794	2026-09-12
worthynews.com	6390	2026-09-14
wosu.org	15867	2026-09-13
woub.org	10812	2026-09-11
wowo.com	10497	2026-09-14
wowt.com	39282	2026-09-13
wpbf.com	68873	2026-09-14
wpde.com	49728	2026-09-14
wpdh.com	45322	2026-09-13
wphm.net	13328	2026-08-08
wpr.org	11975	2026-09-13
wprl.org	54300	2025-10-06
wpsdlocal6.com	54598	2026-09-14
wpst.com	37159	2026-09-13
wpsu.org	65916	2026-09-14
wptv.com	52913	2026-09-13
wpxi.com	46197	2026-09-14
wqad.com	51386	2026-06-05
wqcmfm.com	13723	2026-09-11
wqcs.org	57329	2026-09-14
wqel.com	5840	2026-09-11
wqut.com	21685	2026-09-13
wral.com	154385	2026-09-14
wraltechwire.com	12216	2025-11-06
wrcbtv.com	57393	2022-01-13
wrdw.com	39549	2026-09-14
wreg.com	6285	2026-08-24
wrestlezone.com	39548	2026-09-13
wrestlinginc.com	63967	2026-09-14
wrestlingnewssource.com	25672	2026-07-06
wrexham.com	16012	2026-09-14
wrfalp.com	7927	2026-09-11
wrganews.com	13214	2026-09-14
wrhi.com	5599	2026-09-13
wrif.com	31005	2026-09-14
writersdigest.com	5874	2026-09-13
wrjn.com	5681	2026-09-14
wrjo.com	5700	2026-09-12
wrkf.org	38033	2026-09-14
wrkr.com	24754	2026-09-13
wrmf.com	11244	2026-09-12
wror.com	21142	2026-09-13
wrp.org.uk	6384	2026-09-14
wrrv.com	39458	2026-09-14
wruf.com	10725	2026-09-14
wrur.org	9518	2026-09-13
wrvo.org	62796	2026-09-14
wsau.com	104422	2026-09-14
wsaw.com	31599	2026-09-14
wsaz.com	28486	2026-09-14
wsbradio.com	64287	2026-09-14
wsbs.com	13060	2026-09-12
wsbt.com	41318	2026-09-14
wsbtv.com	55587	2026-09-14
wscountytimes.co.uk	6332	2022-02-09
wset.com	43544	2026-09-14
wsfa.com	32575	2026-09-14
wsfl.com	7284	2026-09-13
wsgw.com	20340	2026-09-11
wshu.org	40964	2026-09-13
wsiltv.com	53441	2026-08-02
wsipam.com	5015	2026-07-25
wsiu.org	76978	2026-09-14
wsj.com	58643	2026-06-22
wsjm.com	30735	2026-09-12
wsjs.com	5407	2026-07-31
wskg.org	6784	2026-03-08
wsls.com	138009	2026-09-14
wsmv.com	37350	2026-09-14
wsnewspublishers.com	7109	2025-08-29
wsoctv.com	46585	2026-09-14
wsrkfm.com	18575	2026-09-13
wsu.edu	8641	2026-09-11
wsvaonline.com	5422	2024-04-02
wsvn.com	49030	2026-09-14
wsws.org	41202	2026-09-14
wtae.com	81825	2026-09-14
wtap.com	5700	2026-03-19
wtaq.com	53793	2026-09-13
wtax.com	7000	2024-05-20
wtbdfm.com	11527	2024-01-02
wtbx.com	24828	2026-09-11
wthitv.com	38213	2026-09-12
wthr.com	77073	2026-08-11
wtka.com	15955	2024-08-27
wtkr.com	57914	2026-09-14
wtma.com	107266	2026-09-13
wtmj.com	42363	2026-07-15
wtmx.com	10513	2026-09-11
wtoc.com	36004	2026-09-14
wtok.com	23775	2026-09-14
wtol.com	61161	2026-06-06
wtop.com	89766	2026-09-14
wtov9.com	35841	2026-09-14
wtsp.com	75398	2026-06-06
wttf.com	31579	2026-09-13
wttw.com	14739	2025-12-16
wtug.com	19409	2026-09-14
wtva.com	47855	2026-09-14
wtvbam.com	56350	2026-09-14
wtvm.com	27827	2026-09-14
wtvq.com	20358	2026-09-09
wtvr.com	51985	2026-09-14
wtvy.com	22384	2026-09-13
wtxl.com	32209	2026-09-14
wuft.org	40463	2026-09-14
wuky.org	28539	2026-09-14
wunc.org	21533	2026-09-11
wupe.com	18296	2026-09-13
wusa9.com	68551	2026-06-05
wutc.org	40707	2026-09-14
wuuqradio.com	12246	2026-09-10
wuwf.org	53867	2026-09-14
wuwm.com	17468	2026-09-13
wvasfm.org	51189	2026-09-14
wvel.com	7415	2026-08-18
wvfm1065.com	5078	2020-12-07
wvgazettemail.com	43840	2026-09-13
wvik.org	53449	2026-09-14
wvlkam.com	68850	2026-09-13
wvlnam.com	8648	2026-07-29
wvmetronews.com	24925	2026-09-11
wvnews.com	110265	2026-01-24
wvnn.com	40826	2026-08-18
wvpublic.org	12823	2026-09-13
wvrecord.com	5873	2025-05-20
wvtf.org	34187	2026-09-14
wvtm13.com	67652	2026-09-14
wvxu.org	44354	2026-09-14
wwaytv3.com	30237	2026-09-14
wwd.com	47232	2026-09-14
wweek.com	12141	2026-08-21
wwisradio.com	5389	2026-09-14
wwjb.com	5988	2025-02-24
wwki.com	5968	2026-09-13
wwltv.com	56312	2026-06-05
wwmt.com	42796	2026-09-14
wwno.org	46975	2026-09-14
wwnytv.com	26291	2026-09-14
wwqq101.com	5886	2026-09-14
wxerfm.com	19236	2026-09-14
wxfx.com	9337	2026-09-12
wxii12.com	78675	2026-09-14
wxkr.com	13917	2026-09-12
wxlo.com	9889	2026-09-14
wxow.com	52663	2026-09-14
wxpr.org	31778	2026-09-14
wxxinews.org	55650	2026-09-14
wxxv25.com	27624	2026-09-14
wxyz.com	52892	2026-09-13
wydaily.com	15660	2026-09-13
wyff4.com	81837	2026-09-14
wynn1063.com	20597	2026-09-13
wyomingnews.com	94470	2026-09-14
wyomingnewsnow.tv	37687	2026-09-14
wyomingpublicmedia.org	44925	2026-09-14
wypr.org	52612	2026-09-14
wyrk.com	43901	2026-09-14
wyshradio.com	5220	2026-09-10
wyso.org	45163	2026-09-14
wysu.org	25929	2026-09-14
wzid.com	7005	2026-09-14
wzozfm.com	19413	2026-09-13
wzpl.com	8078	2026-09-13
wzzm13.com	69198	2026-06-26
x1071.com	31569	2026-09-13
xboxachievements.com	9229	2025-04-26
xinhuanet.com	172415	2026-09-10
xlcountry.com	14517	2026-09-13
xpatloop.com	10253	2026-07-22
xtra99.com	18009	2026-09-12
xxlmag.com	13771	2026-09-12
y-103.com	9755	2026-09-13
y100fm.com	8094	2026-09-11
y101.com	14405	2026-09-11
y101hits.com	10277	2026-09-13
y102montgomery.com	23139	2026-09-13
y105fm.com	41507	2026-09-13
y105music.com	26269	2026-09-12
y108.ca	8128	2026-09-14
y94.com	37720	2026-09-14
y95country.com	29216	2026-09-14
yachtsandyachting.com	30887	2026-09-13
yahoo.com	6425868	2026-09-14
yakimaherald.com	99521	2026-09-14
yaktrinews.com	8775	2023-06-26
yale.edu	11812	2026-09-11
yaledailynews.com	5862	2026-01-16
yalibnan.com	9513	2026-09-14
yambolnews.net	6474	2025-10-22
yanksgoyard.com	5671	2026-09-13
yankton.net	61521	2026-09-14
yardbarker.com	168208	2026-09-14
yasstribune.com.au	70067	2026-09-14
ycombinator.com	5959	2026-09-14
ydr.com	6710	2023-09-11
yellowhammernews.com	14396	2026-09-13
yen.com.gh	10134	2026-03-19
yenisafak.com	20714	2025-09-16
yeovilexpress.co.uk	58449	2023-06-08
yesweekly.com	10504	2026-09-09
yle.fi	17123	2026-09-11
yna.co.kr	6410	2026-03-12
ynaija.com	9235	2026-09-13
ynetnews.com	67568	2026-09-14
yorkdispatch.com	14408	2023-09-11
yorknewstimes.com	47595	2026-09-11
yorkpress.co.uk	171116	2026-09-14
yorkregion.com	12458	2026-09-13
yorkshireeveningpost.co.uk	26040	2025-01-23
yorkshirepost.co.uk	60971	2025-01-23
yorktonthisweek.com	42911	2021-07-29
youngwitness.com.au	19987	2026-09-09
youralaskalink.com	22767	2026-09-12
yourdemocracy.net	5718	2026-09-14
yourdemocracy.net.au	19263	2026-09-10
youredm.com	7476	2026-06-26
yourfortdodge.com	19787	2026-09-10
yourlocalguardian.co.uk	191069	2026-09-14
yourobserver.com	13482	2025-09-10
yourradioplace.com	8107	2026-09-13
yoursourceone.com	81537	2026-09-13
yourstephenvilletx.com	5064	2026-09-06
yourstory.com	36279	2026-09-03
yourtango.com	49474	2026-09-14
yourthurrock.com	11193	2026-09-13
yovizag.com	6859	2026-09-12
ypradio.org	68778	2026-09-14
yubanet.com	9025	2026-09-12
yukon-news.com	6497	2026-09-14
yumasun.com	60775	2026-09-14
z100fm.com	5689	2026-09-03
z100missoula.com	15151	2026-09-13
z1023online.com	17023	2026-09-13
z103.fm	11188	2024-08-29
z1077fm.com	11327	2026-09-12
z937.com	21107	2026-09-13
z93jamz.com	17353	2026-09-14
z94.com	26347	2026-09-13
z943radio.com	8741	2025-01-06
z96.com	10759	2026-09-14
zawya.com	200174	2026-09-14
zazoom.it	10637	2026-09-04
zdnet.com	41078	2026-09-11
zerohedge.com	135378	2026-09-14
zfenglish.com	40973	2026-09-11
ziarelive.ro	5451	2024-08-01
zigwheels.com	21037	2026-09-14
zimbabwesituation.com	15654	2026-07-20
zimbabwestar.com	54213	2026-09-14
zimeye.net	10547	2026-09-13
zizonline.com	6773	2026-09-14
zmescience.com	13562	2026-09-11
znsbahamas.com	5950	2026-09-11
zodiakmalawi.com	6781	2026-09-09
zonebourse.com	6769	2026-05-15
zrock103.com	9118	2026-09-13
zululandobserver.co.za	18680	2023-08-31
