1005freshradio.ca	8943	2026-06-27
1009theeagle.com	11633	2026-06-24
1010wcsi.com	7307	2025-08-27
1011now.com	32397	2026-06-28
1015hankfm.com	9175	2025-07-28
1015thehawk.com	10170	2026-03-23
1015vibe.com	7968	2026-06-26
1019thebeatfm.com	9206	2025-05-15
1019thekeg.com	26327	2026-05-12
1019therock.com	25199	2026-06-28
1021thefox.com	9122	2026-06-28
1023thewolf.com	8191	2026-06-18
1025kiss.com	36755	2026-06-28
1025wowcountry.com	7329	2026-06-28
1027kord.com	32330	2026-06-28
1027thevibe.com	7575	2026-06-28
102thebear.com	5992	2026-06-28
1031freshradio.ca	8919	2026-06-28
1033theeagle.com	6639	2026-06-22
1033wvyb.com	8565	2026-06-26
1035kissfmboise.com	24539	2026-06-28
1035theeagle.com	9303	2026-06-23
1037theloon.com	26970	2026-06-28
1039wvbo.com	26661	2026-06-28
103gbfrocks.com	35698	2026-06-28
103kkcn.com	19063	2026-06-27
103weup.com	9804	2026-06-26
103wjod.com	23129	2026-06-28
1041wdlt.com	9372	2026-06-28
1043freshradio.ca	8347	2026-06-09
1043theparty.com	7155	2026-06-28
1045bobfm.com	5391	2024-09-10
1045freshradio.ca	7534	2026-06-18
1045theteam.com	22468	2026-06-27
1045thezone.com	29883	2026-06-28
1045wjjk.com	5622	2026-06-28
1049maxcountry.com	8001	2021-04-15
1049nashicon.com	5807	2026-06-28
1049thebeat.com	17721	2026-06-27
1049theedge.com	7670	2023-01-13
1049thewolf.com	15545	2026-06-27
104thehawk.com	10870	2026-06-28
1050talk.com	7314	2020-02-18
1053hotfm.com	5832	2026-06-28
1055thehawk.com	6159	2024-06-16
1057thehawk.com	55374	2026-06-28
1057thepoint.com	15485	2026-06-28
1057thex.com	9156	2026-06-28
1059thehog.com	9298	2026-06-27
1063cowboycountry.com	6354	2021-01-15
1063thebuzz.com	30583	2026-06-28
1063thegroove.com	7741	2026-06-28
1065thearch.com	11737	2026-06-27
1065thebuzz.com	15407	2026-06-28
1069morefm.com	6042	2022-09-07
1073modfm.com	24943	2026-06-09
1073theeagle.com	8804	2026-06-26
1073wsjy.com	5991	2025-11-22
1075daverocks.com	7741	2026-06-23
1075koolfm.com	7509	2026-06-28
1075thegame.com	40062	2026-06-28
1075zoofm.com	8459	2022-07-07
1077thebone.com	7027	2026-06-27
1079ishot.com	47569	2026-06-28
107jamz.com	17145	2026-06-28
1090kaay.com	19703	2026-06-28
10news.com	95847	2026-06-28
10tv.com	62651	2026-06-25
1150kknw.com	5601	2026-06-28
1170kfaq.com	5326	2020-05-08
11alive.com	76527	2026-06-06
1280wnam.com	22183	2026-02-02
1290wlby.com	38400	2026-06-28
12news.com	62356	2026-06-26
12newsnow.com	54381	2026-06-06
12onyourside.com	12327	2026-06-28
1310kfka.com	13662	2026-06-27
1310news.com	29075	2020-12-03
1350kman.com	15507	2026-06-28
1370wfea.com	8252	2026-06-27
1380kcim.com	8887	2026-03-18
13abc.com	28876	2026-06-28
13newsnow.com	73852	2026-06-06
13wham.com	39765	2026-06-28
13wmaz.com	59415	2026-06-06
1470kyyw.com	8867	2026-06-28
1470wmbd.com	10508	2023-03-10
1490wosh.com	81659	2026-06-28
14news.com	39799	2026-06-28
1520theticket.com	53161	2026-06-28
1590walg.com	17537	2020-08-26
1630kcjj.com	13908	2026-06-25
1660thefan.com	10612	2020-12-04
1prime.biz	32781	2023-12-29
247sports.com	6960	2023-02-02
247wallst.com	16014	2026-06-28
27east.com	7638	2026-06-28
29news.com	10255	2026-06-28
2ec.com.au	5013	2026-06-28
2gb.com	31359	2026-06-28
2hd.com.au	5912	2024-12-18
2lt.com.au	15306	2026-06-28
2merkato.com	5139	2026-06-27
2news.com	80337	2026-06-28
2paragraphs.com	14307	2026-06-28
360cities.net	23862	2026-06-04
360nobs.com	5978	2020-10-03
3aw.com.au	19096	2026-06-28
3blmedia.com	7860	2026-06-26
3quarksdaily.com	9653	2026-05-24
4029tv.com	63839	2026-06-28
411mania.com	105251	2025-11-29
41nbc.com	26103	2026-06-26
4bc.com.au	27699	2026-06-27
4ni.co.uk	13613	2026-06-26
51.ca	7435	2026-06-27
5280.com	5545	2026-06-26
560cfos.ca	11980	2025-07-31
570news.com	56393	2021-10-17
5newsonline.com	51740	2026-06-06
5tjt.com	10304	2026-06-04
6000.co.za	5068	2026-06-28
620ckrm.com	25054	2026-06-28
640wxsm.com	66942	2026-06-28
660wxqw.com	20062	2025-06-14
680kfeq.com	13550	2026-06-25
680news.com	113457	2021-10-17
6abc.com	59782	2026-06-28
6pr.com.au	10453	2026-06-28
702.co.za	24442	2024-01-15
710keel.com	25703	2026-06-26
740thefan.com	27786	2026-06-28
790business.com	41914	2022-08-10
790wpic.com	61851	2026-06-22
7news.com.au	5070	2026-03-12
7newsbelize.com	37035	2026-06-27
7thspace.com	39838	2024-09-15
850wftl.com	18211	2026-05-06
895thelake.ca	8534	2023-11-21
90min.com	58926	2025-09-29
915thebeat.com	8643	2026-06-28
919thebend.ca	10859	2026-02-10
91x.fm	5192	2026-06-26
921theticket.com	85204	2026-06-28
921wrou.com	25339	2026-06-25
927thedrive.net	19311	2026-06-27
927thevan.com	17457	2026-06-26
929nin.com	46893	2026-06-28
929peakfm.com	13645	2026-06-28
929thebull.com	30619	2026-06-28
929thelake.com	30231	2026-06-28
929theticket.com	9240	2026-06-28
929zzu.com	8550	2026-06-28
92moose.fm	28672	2026-06-28
92q.com	16202	2026-06-28
92qnashville.com	10335	2026-06-28
931coast.com	6652	2026-06-26
931freshradio.ca	8070	2026-06-28
931kmkt.com	18240	2026-06-22
931thebeat.com	9046	2026-06-28
931theborder.ca	8735	2025-09-08
933nashicon.com	5706	2026-06-28
933thedrive.com	36983	2026-06-28
937kcountry.com	5005	2026-06-26
937nashicon.com	7073	2025-03-17
937theeagle.com	5797	2026-06-25
93q.com	19191	2026-06-28
93x.com	5388	2026-06-28
940wfaw.com	27438	2024-10-06
941theduke.com	7575	2026-06-25
943jackfm.com	22453	2026-06-26
943thepoint.com	56620	2026-06-28
945thehawkradio.com	5846	2026-06-28
945themoose.com	8671	2026-06-26
947wls.com	5673	2026-06-26
949whom.com	28458	2026-06-28
951kbby.com	8746	2026-06-28
953thebear.com	30439	2026-06-28
953thescore.com	59375	2026-06-28
955glo.com	8928	2026-06-28
955wtvy.com	5926	2026-06-26
959kissfm.com	12178	2026-06-28
95kqds.com	9586	2026-06-26
95rockfm.com	30946	2026-06-28
95sx.com	10126	2026-06-28
961jamz.com	8793	2026-06-28
961theeagle.com	34085	2026-06-28
963jackfm.com	8385	2026-06-26
963kklz.com	16332	2026-06-28
963theblaze.com	27252	2026-06-28
963wdvd.com	5188	2026-06-23
963xke.com	6013	2026-06-28
965bobfm.com	7279	2024-08-08
965kvki.com	38782	2026-06-28
965therock.com	19913	2026-06-28
967theeagle.net	31906	2026-06-28
969therock.com	14898	2026-06-28
96fm.ie	5706	2026-06-26
96kzel.com	9006	2026-06-28
971kissfm.com	5102	2022-09-16
973thedawg.com	45414	2026-06-28
975kgkl.com	21202	2026-06-28
975klak.com	6919	2020-05-30
975now.com	34479	2026-06-28
975thevibe.com	22299	2026-06-28
975wabd.com	10829	2026-06-28
977thebay.com	5887	2026-06-27
977theriver.com	12897	2025-05-26
979kickfm.com	31526	2026-06-28
979nashicon.com	5433	2026-06-28
979x.com	10261	2026-06-28
97rockonline.com	32619	2026-06-28
97x.com	21846	2026-06-26
97xonline.com	7585	2026-06-27
97zokonline.com	38181	2026-06-28
980waav.com	76971	2026-06-28
981thehawk.com	35282	2026-06-28
981themax.com	9143	2026-06-28
983nashicon.com	5871	2026-06-28
983thecoast.com	34914	2026-06-22
983thesnake.com	21159	2026-06-28
983wlcs.com	6151	2026-06-22
985kissfm.net	5981	2026-06-28
987jack.com	23259	2026-06-28
987thebomb.com	6479	2026-06-26
987thebull.com	11548	2026-06-10
989magicfm.com	10274	2026-06-28
989xfm.ca	5517	2026-06-26
98cool.ca	10785	2026-06-28
98fm.com	14079	2026-06-26
98kupd.com	8940	2026-06-27
98q.com	6827	2026-06-26
98theticket.com	15783	2021-01-15
991thewhale.com	31959	2026-06-28
993kjoy.com	9574	2026-06-28
993thex.com	6070	2026-06-12
995qyk.com	20661	2026-06-28
995thewolf.com	7169	2026-06-26
997wtn.com	79227	2026-06-22
999ktdy.com	35180	2026-06-28
999thefoxrocks.com	7103	2026-06-28
999thepoint.com	26775	2026-06-28
99jamzmiami.com	5036	2026-06-27
9and10news.com	60658	2026-06-27
9news.com	62857	2026-06-05
9news.com.au	107292	2026-05-31
9thlevel.ie	8248	2025-12-04
9to5mac.com	20774	2026-06-28
aa.com.tr	83873	2026-06-28
aaj.tv	6866	2025-10-27
aarp.org	13843	2026-06-26
aawsat.com	120806	2026-06-28
abajournal.com	10482	2026-06-28
abbynews.com	32030	2026-06-28
abc-7.com	25368	2025-02-05
abc.net.au	189443	2026-06-28
abc10.com	72693	2026-06-25
abc11.com	75661	2026-06-28
abc12.com	35643	2026-06-28
abc13.com	83699	2026-06-28
abc15.com	53946	2026-06-28
abc17news.com	106286	2026-06-28
abc23.com	10268	2026-06-26
abc30.com	66645	2026-06-28
abc3340.com	39581	2026-06-28
abc57.com	57683	2026-06-28
abc6.com	10148	2026-01-23
abc6onyourside.com	38903	2026-06-28
abc7.com	69340	2026-06-28
abc7amarillo.com	31061	2026-06-28
abc7chicago.com	96728	2026-06-28
abc7news.com	75656	2026-06-28
abc7ny.com	82826	2026-06-28
abcactionnews.com	47042	2025-08-18
abcaudio.com	5535	2026-06-09
abccolumbia.com	40677	2026-06-28
abcfoxmontana.com	10097	2020-03-03
abcnews.com	13009	2026-06-28
abcnews4.com	45337	2026-06-28
abcnewsradioonline.com	21946	2021-04-12
abebooks.co.uk	5398	2023-12-06
aberdeennews.com	16891	2023-09-11
abnnewswire.net	7243	2026-06-26
aboutmyarea.co.uk	7782	2026-06-14
abovethelaw.com	27410	2026-06-27
abplive.com	7280	2026-03-17
abqjournal.com	85100	2026-06-28
abs-cbn.com	45218	2025-02-12
abstvradio.com	8563	2026-06-27
accesswdun.com	132647	2026-05-26
accountantsdaily.com.au	6654	2026-06-27
accountingtoday.com	18511	2026-06-27
aceshowbiz.com	108557	2026-06-28
ack.net	7003	2026-06-27
acm.org	8233	2025-11-11
acrofan.com	16721	2024-06-05
acs.org	8250	2026-06-26
actionforex.com	41509	2026-06-27
actionnews5.com	19811	2026-06-28
actionnewsjax.com	41068	2026-06-28
actionnewsnow.com	17223	2026-03-19
actmedia.eu	16329	2026-06-26
actuarialpost.co.uk	6314	2026-06-26
adage.com	9058	2026-06-18
adb.org	5199	2026-06-26
adelaidenow.com.au	56534	2024-07-27
adgully.com	75587	2026-06-27
adirondackdailyenterprise.com	16924	2026-04-13
adn.com	45523	2026-06-28
adnews.com.au	11002	2026-06-28
adsoftheworld.com	7091	2022-05-07
advanced-television.com	16472	2026-06-26
advancedbiofuelsusa.info	14500	2023-07-26
advertiser.ie	5047	2026-06-27
advertisernewssouth.com	5153	2026-06-26
advisor.ca	10760	2026-06-26
advocate-news.com	17051	2026-06-28
advocate.com	8731	2026-06-28
advocateanddemocrat.com	29235	2026-06-28
adweek.com	31712	2026-06-28
aei.org	22526	2026-06-28
aero-news.net	92780	2026-06-28
aerospace-technology.com	5672	2024-11-14
aerotechnews.com	7704	2026-06-19
af.mil	23754	2025-02-27
afa.net	5003	2026-06-26
afaqs.com	13484	2026-06-28
afar.com	7445	2026-06-27
afghanislamicpress.com	5446	2026-06-28
afghanistannews.net	54234	2026-06-28
afghanistansun.com	51039	2026-06-28
afghanistantimes.af	5533	2022-02-18
afl.com.au	16069	2026-06-28
afloat.ie	22335	2026-06-28
afn.net	7605	2024-09-08
afr.com	149858	2026-06-28
afr.net	7866	2026-06-27
africa-newsroom.com	43187	2026-06-28
africa.com	24037	2026-06-26
africabusiness.com	6748	2026-06-26
africaintelligence.com	12163	2026-06-26
africaleader.com	98509	2026-06-28
african.business	13985	2025-12-02
africanews.com	44710	2026-06-28
africanexaminer.com	17742	2026-06-27
afro.com	7814	2026-06-28
afropages.fr	37473	2025-09-18
agassizharrisonobserver.com	41390	2026-06-28
agenda.ge	9624	2025-02-27
aginfo.net	22821	2026-06-28
agnews890.com	5704	2026-06-26
agreenliving.org	5844	2022-05-27
agri-pulse.com	6517	2026-06-28
agriculture.com	27864	2026-03-17
agriland.ie	45203	2026-01-13
agrinews-pubs.com	12796	2026-06-28
agupdate.com	17129	2026-06-28
agweek.com	12118	2026-06-28
agwired.com	8067	2026-06-28
ahram.org.eg	99064	2026-06-28
ai-cio.com	5370	2026-06-27
aidesep.org.pe	5933	2025-10-03
aikenstandard.com	5935	2023-06-19
ainonline.com	9961	2026-06-24
airdriecityview.com	43048	2025-01-23
airdrieecho.com	9070	2026-06-28
airdrietoday.com	18510	2023-05-11
airforce-technology.com	6822	2026-06-27
airforcetimes.com	9192	2026-06-26
airliners.net	10712	2026-04-23
airport-technology.com	6126	2026-06-23
ajc.com	73092	2026-06-28
ajmc.com	14664	2026-04-24
ajot.com	9867	2026-06-26
ajp.com.au	6135	2026-06-27
akp.gov.kh	22682	2026-06-28
akronnewsreporter.com	8114	2026-06-28
al-monitor.com	47681	2026-06-28
al.com	75487	2026-03-25
alabamanews.net	13758	2023-04-13
alabamawx.com	14666	2025-08-14
alamogordonews.com	6036	2026-06-26
alarabiya.net	20388	2025-12-05
alaraby.co.uk	8389	2022-11-16
alaska-native-news.com	8407	2026-06-27
alaskahighwaynews.ca	45396	2023-11-01
alaskapublic.org	8077	2026-06-27
alaskasnewssource.com	11684	2026-06-28
albanyherald.com	81229	2025-06-06
albawaba.com	71185	2026-06-28
alberta.ca	5421	2026-06-27
albuquerqueexpress.com	93451	2026-06-28
aldergrovestar.com	31728	2026-06-28
aldianews.com	8884	2026-06-18
aleteia.org	17651	2026-06-28
algemeiner.com	36426	2026-06-28
alice1077.com	10316	2026-06-28
alice965.com	14468	2026-06-24
alipac.us	32050	2026-06-28
aljazeera.com	118936	2026-06-28
allaboutthejersey.com	5287	2026-06-27
allaccess.com	12520	2024-11-05
allafrica.com	572780	2026-06-28
alleywatch.com	20929	2026-06-26
allhiphop.com	22967	2026-06-28
alligator.org	8618	2026-06-28
allkpop.com	60772	2026-06-28
allmediany.com	7207	2020-10-14
allthehitsb951.com	10072	2026-06-28
alltoc.com	8831	2026-04-15
allure.com	6731	2026-06-26
almanacnews.com	11724	2026-06-28
almanar.com.lb	11558	2026-01-24
almayadeen.net	5251	2025-01-26
alt1017.com	10060	2024-11-19
altaz933.com	7071	2026-06-27
alternet.org	30698	2026-06-28
altondailynews.com	9971	2021-06-21
altoonamirror.com	21189	2026-06-28
altpress.com	9018	2025-01-23
am-online.com	20323	2025-12-12
am1050.com	7241	2024-08-08
am1070theanswer.com	5920	2024-05-17
am1100theflag.com	18222	2026-06-10
am1590theanswer.com	6050	2022-07-01
am920theanswer.com	5919	2024-05-17
am9501007fm.com	27723	2026-06-08
am970theanswer.com	5919	2024-05-17
amarillo.com	9981	2023-09-11
amarillosrockstation.com	9106	2026-06-28
amarujala.com	148264	2026-06-15
amazinavenue.com	8431	2026-06-28
amazingmadison.com	26433	2026-06-26
americamagazine.org	14734	2026-06-28
americanbanker.com	25755	2026-06-26
americanbazaaronline.com	8509	2026-06-28
americanfreepress.net	10087	2026-06-11
americanpress.com	26893	2026-06-28
americansongwriter.com	46996	2026-06-28
americanthinker.com	49961	2026-06-28
americantop40.com	13675	2026-06-28
amestrib.com	8559	2023-09-11
amherstbulletin.com	5057	2026-06-27
ammonnews.net	13988	2026-06-28
amny.com	19859	2026-06-28
amren.com	20271	2026-06-28
amsterdamnews.com	9850	2026-06-28
analystratings.com	5117	2021-04-29
anandabazar.com	12880	2023-08-22
ancient-origins.net	20059	2026-06-28
andhrawishesh.com	6851	2026-05-02
andina.pe	10818	2025-04-22
andoveradvertiser.co.uk	104763	2026-06-28
androidauthority.com	19979	2026-06-28
androidcentral.com	38137	2026-06-27
androidcommunity.com	6682	2022-02-03
androidpolice.com	37161	2026-06-28
angelusnews.com	5209	2026-06-26
anglocelt.ie	45836	2026-06-28
angop.ao	7651	2025-01-03
anhuinews.com	17781	2026-06-26
animenewsnetwork.com	59865	2025-09-07
aninews.in	540440	2026-06-28
annistonstar.com	25783	2026-06-28
ansa.it	14536	2026-06-26
ansamed.info	9391	2023-03-13
antaranews.com	71558	2026-06-28
antigojournal.com	32631	2026-06-28
antiwar.com	21958	2026-06-28
antonyloewenstein.com	6460	2026-06-28
aol.co.uk	232971	2026-06-28
aol.com	275795	2026-06-28
ap.org	20431	2026-06-04
apartmenttherapy.com	14278	2026-04-26
apnews.com	386275	2025-03-05
app.com	16834	2023-09-11
app.com.pk	33134	2026-04-24
appeal-democrat.com	19382	2026-06-27
applevalleynewsnow.com	8507	2026-06-28
apr.org	31991	2026-06-28
aps.dz	12993	2026-06-28
aqha.com	5136	2026-03-27
arabherald.com	110168	2026-06-28
arabianbusiness.com	34763	2026-01-29
arabnews.com	163949	2026-06-28
arabtimesonline.com	47588	2026-06-28
araratadvertiser.com.au	23469	2026-06-28
archaeology.org	5495	2026-06-26
archdaily.com	82467	2026-06-28
archinect.com	41948	2026-06-28
architectsjournal.co.uk	18339	2026-06-26
architecturaldigest.com	8484	2026-06-27
architectureanddesign.com.au	19227	2026-06-26
archyde.com	14291	2025-01-27
ardmoreite.com	5642	2026-06-25
areadevelopment.com	6713	2026-06-27
areanews.com.au	48210	2026-06-28
argentinastar.com	35415	2026-06-28
argus-press.com	11438	2026-06-26
argusleader.com	11421	2023-09-10
argusmedia.com	7305	2026-06-26
argusobserver.com	14830	2026-06-28
argyllshireadvertiser.co.uk	5460	2024-01-25
ariananews.af	18434	2026-06-28
arirang.co.kr	11819	2022-10-11
arirang.com	11761	2022-10-11
arizona.edu	6941	2026-06-15
arizonadailyindependent.com	11658	2026-06-28
arka.am	10052	2026-06-26
arkansasbusiness.com	16124	2026-03-11
arkansasonline.com	168539	2026-06-28
arkansasrazorbacks.com	8229	2026-06-25
arktimes.com	20075	2026-06-27
arlnow.com	27650	2026-06-28
armenianweekly.com	6366	2026-06-28
armenpress.am	85985	2025-06-04
armidaleexpress.com.au	52124	2026-06-28
armstrongeconomics.com	10785	2026-06-28
army-technology.com	8428	2026-06-27
army.mil	5081	2026-06-18
armytimes.com	9917	2026-06-26
arn.ps	12539	2026-06-28
arnnet.com.au	17973	2026-06-26
arrowheadaddict.com	6383	2026-06-28
arrowheadpride.com	14871	2026-06-28
arsenal.com	13963	2026-06-28
arsenalnews.co.uk	59457	2026-06-28
arstechnica.com	13906	2026-06-28
artdaily.com	46913	2026-06-28
artemis.bm	5989	2026-06-28
artfixdaily.com	6664	2025-11-18
artnet.com	18983	2026-06-27
artnews.com	8662	2026-06-27
artsjournal.com	9691	2026-06-27
arynews.tv	28239	2026-06-23
as.com	10088	2026-03-19
asahi.com	43806	2026-06-28
asbarez.com	6705	2026-06-28
ashepostandtimes.com	13637	2026-06-27
ashleycountyledger.com	30400	2026-06-28
asiaasset.com	5900	2026-06-28
asiabulletin.com	95426	2026-06-28
asianage.com	35393	2026-06-27
asianews.it	14942	2026-06-28
asianews.network	26963	2026-06-26
asianimage.co.uk	81149	2026-06-28
asianjournal.com	11617	2026-06-28
asiaone.com	143863	2026-06-28
askmen.com	5934	2026-06-04
aspendailynews.com	49718	2026-06-28
aspenpublicradio.org	45196	2026-06-28
aspentimes.com	20762	2026-06-28
astanatimes.com	8778	2026-06-28
astroawani.com	7022	2025-11-17
astronomy.com	6088	2026-06-28
asurampage.com	6033	2026-06-28
at40.com	6095	2021-10-15
athens-times.com	101910	2026-06-28
athensmessenger.com	8784	2026-06-27
athensreview.com	18929	2026-06-28
athleticsnation.com	5327	2026-06-28
atholdailynews.com	20332	2026-06-26
atlantablackstar.com	28181	2026-06-04
atlantaleader.com	15347	2026-06-28
atlantanewsfirst.com	26896	2026-06-28
atlantic.ctvnews.ca	32788	2025-01-23
atlanticcouncil.org	8293	2026-06-27
attackofthefanboy.com	19888	2026-06-28
attitude.co.uk	6910	2026-06-26
atvtoday.co.uk	18929	2026-06-28
auburnpub.com	65260	2026-06-28
augustafreepress.com	37907	2026-06-28
austinchronicle.com	31174	2026-06-27
austinglobe.com	85390	2026-06-28
australianherald.com	38205	2026-06-28
australiannews.net	76038	2026-06-28
autoblog.com	23954	2026-06-28
autocarindia.com	19832	2026-06-28
autoconnectedcar.com	5773	2026-06-28
autoevolution.com	85876	2026-05-10
autoexpress.co.uk	16676	2026-06-28
autonews.com	18592	2026-06-18
autoremarketing.com	5969	2026-06-26
autospies.com	23924	2026-06-28
autoweek.com	12830	2026-06-28
avclub.com	26821	2026-05-14
avenuemail.in	19533	2026-06-28
averyjournal.com	11014	2026-06-28
avherald.com	5925	2026-06-28
aviationweek.com	19892	2026-06-28
avn.com	11584	2026-06-27
avondhupress.ie	5442	2026-06-28
avweb.com	7439	2026-06-26
awesome98.com	29782	2026-06-28
awfulannouncing.com	28367	2026-06-28
awn.com	8790	2026-06-27
axios.com	16472	2024-06-05
axisoflogic.com	6291	2022-07-23
axs.com	10667	2025-01-20
azbigmedia.com	12766	2026-06-28
azbusinessdaily.com	9052	2024-01-25
azcapitoltimes.com	7764	2026-06-28
azcardinals.com	5033	2026-06-25
azcentral.com	69880	2023-09-11
azdailysun.com	49187	2026-06-28
azerbaijannews.net	61595	2026-06-28
azernews.az	56089	2026-06-28
azertag.az	46217	2026-06-23
azfamily.com	49062	2026-06-28
azocleantech.com	8919	2026-06-27
azom.com	15411	2026-06-27
azonano.com	5750	2026-06-25
azorobotics.com	5011	2026-06-25
azpbs.org	6924	2026-06-26
azsnakepit.com	7107	2026-06-28
b100quadcities.com	28850	2026-06-28
b1027.com	27909	2026-06-28
b1039.com	17884	2026-04-17
b1047.com	5409	2026-06-27
b105country.com	14981	2026-06-27
b106fm.com	8639	2026-06-28
b92.net	11233	2026-06-26
b93.net	28976	2026-06-28
b93radio.com	17385	2026-06-28
b975.com	10897	2026-06-26
b98.com	9697	2026-06-28
b985.com	10912	2026-06-28
b985.fm	32547	2026-06-28
b987.com	6080	2026-06-28
badlefthook.com	11541	2026-06-28
baguiomidlandcourier.com.ph	5491	2024-07-30
baidu.com	49314	2026-06-28
bainbridgereview.com	5222	2026-06-26
bakercityherald.com	7683	2026-06-27
bakersfield.com	93992	2026-06-28
bakersfieldnow.com	37050	2026-06-28
bakeryinfo.co.uk	5136	2025-09-05
balkaninsight.com	6706	2026-06-26
ballinaadvocate.com.au	34874	2021-04-28
balloon-juice.com	20047	2026-03-11
ballot-access.org	7111	2026-06-28
baltic-course.com	5550	2026-04-04
baltictimes.com	18003	2026-06-26
baltimorebeatdown.com	7161	2026-06-27
baltimoreravens.com	8634	2026-06-27
baltimorestar.com	99277	2026-06-28
baltimoresun.com	134439	2026-06-28
bamsmackpow.com	5970	2026-06-28
banana1015.com	28642	2026-06-28
banburycake.co.uk	41634	2023-03-07
banburyguardian.co.uk	14854	2025-01-23
bandt.com.au	18076	2026-06-28
bangkokpost.com	149407	2026-06-28
bangladeshinfo.com	12248	2025-06-14
bangladeshsun.com	67180	2026-06-28
banglamirrornews.com	23689	2026-06-08
banglanews24.com	5026	2025-10-28
bangordailynews.com	51375	2026-06-28
bankerandtradesman.com	13360	2026-06-28
bankinfosecurity.com	15495	2026-06-27
bankingnews.gr	5239	2026-06-28
banklesstimes.com	11321	2026-06-28
banksnews.gr	10591	2025-07-24
baptistnews.com	6976	2026-06-26
barandbench.com	32911	2026-06-28
barbadostoday.bb	40849	2026-06-28
barcablaugranes.com	17040	2026-06-28
baristanet.com	5189	2023-08-22
barnsleychronicle.com	5523	2025-10-16
barrie.ctvnews.ca	20049	2025-01-23
barrons.com	76655	2026-06-18
barryanddistrictnews.co.uk	91557	2026-06-28
bartlesvilleradio.com	38323	2026-06-28
basildonstandard.co.uk	30362	2021-03-11
basingstokegazette.co.uk	111296	2026-06-28
bassresource.com	5177	2025-04-17
batemansbaypost.com.au	70006	2026-06-28
batonrougepost.com	46849	2026-06-28
baxterbulletin.com	9165	2026-06-28
bay939.com.au	5685	2026-06-28
baylorlariat.com	6002	2026-06-23
baynews9.com	8015	2026-06-28
bayshorebroadcasting.ca	14085	2026-06-28
baystreet.ca	37208	2026-06-27
baytownsun.com	19129	2026-06-27
bbc.co.uk	334692	2026-06-28
bbc.com	212741	2026-06-28
bbj.hu	9401	2025-10-20
bc.ctvnews.ca	35669	2025-01-23
bcdemocrat.com	7924	2025-07-02
bchomez.com	32550	2026-06-28
bclocalnews.com	7159	2020-04-07
bctv.org	5334	2026-06-26
bdnews24.com	65821	2025-11-13
bdonline.co.uk	9209	2025-09-05
bdtonline.com	60546	2026-06-28
beach951.com	16175	2026-06-27
bear104.com	13451	2026-06-28
bearingarms.com	20084	2026-06-28
beat.com.au	16527	2026-06-04
beat102103.com	8423	2026-06-28
beatricedailysun.com	52227	2026-06-28
beaufortcountynow.com	16175	2026-06-28
beaumontenterprise.com	67505	2025-11-18
beaver1003.com	8454	2026-06-26
beckersspine.com	7337	2026-06-26
bedfordgazette.com	18352	2026-06-28
bedfordtoday.co.uk	15205	2025-01-23
beefmagazine.com	5014	2025-01-01
begadistrictnews.com.au	59239	2026-06-28
behindthesteelcurtain.com	17113	2026-06-26
beijingbulletin.com	109816	2026-06-28
belfastlive.co.uk	105934	2026-06-28
belfasttelegraph.co.uk	131950	2026-02-16
belgrade-news.com	5793	2026-06-27
bellanaija.com	11201	2026-06-28
belmondnews.com	5764	2026-01-26
beloitdailynews.com	36283	2026-06-28
bemidjipioneer.com	38205	2026-06-28
benarnews.org	5320	2025-09-02
bendbulletin.com	50001	2026-06-28
bendigoadvertiser.com.au	64327	2026-06-28
bendsource.com	13501	2026-06-28
benefitscanada.com	7022	2026-06-27
beniciaindependent.com	5264	2026-06-16
benningtonbanner.com	46885	2026-06-28
benzinga.com	337618	2026-06-28
berkeley.edu	5336	2026-06-28
berkshireeagle.com	70586	2026-06-28
berksmontnews.com	5896	2021-08-26
bernama.com	21124	2026-03-19
bernews.com	27823	2026-06-28
bestmediainfo.com	23708	2026-06-28
bet.com	21698	2026-06-28
betakit.com	6444	2026-06-27
betanews.com	14454	2026-01-15
bethesdamagazine.com	9870	2026-06-27
bevnet.com	19187	2026-06-27
bexhillobserver.net	5028	2022-02-09
bgdailynews.com	66392	2026-06-28
bgnes.com	7518	2026-06-28
bgr.com	27068	2026-06-28
bgr.in	20873	2023-01-29
bhaskar.com	5165	2026-06-26
bhg.com	12912	2026-03-17
bhpioneer.com	33636	2026-06-28
bianet.org	17565	2026-06-26
biblestudytools.com	5850	2026-06-26
bicesteradvertiser.net	124254	2026-06-28
big104fm.com	7579	2026-04-24
bigblueview.com	17340	2026-06-28
bigcountry1073.com	5782	2026-06-28
bigcountry969.com	24185	2026-06-28
bigcountry995.com	50898	2026-06-22
bigfrog104.com	35809	2026-06-28
biggleswadetoday.co.uk	9031	2025-01-23
bigislandnow.com	9443	2026-06-28
bigissue.com	9978	2026-06-26
bignewsnetwork.com	858943	2026-06-28
bigoven.com	10125	2026-06-28
bigrigs.com.au	10236	2026-06-25
bigtakeover.com	5244	2025-08-22
bikebiz.com	5829	2026-06-26
bikeportland.org	6559	2026-06-17
bikeradar.com	7728	2026-06-28
bilkulonline.com	8860	2026-06-28
billboard.com	77069	2026-06-28
billingsgazette.com	78588	2026-06-28
billoreilly.com	13057	2026-06-25
binnews.com	24539	2026-06-26
biodiversitylibrary.org	16519	2026-02-24
biofuelsdigest.com	15476	2025-01-23
biomassmagazine.com	8781	2026-06-26
biometricupdate.com	15010	2026-06-27
biopharmadive.com	7141	2026-06-26
bioprepwatch.com	17621	2026-04-10
biospace.com	7263	2026-02-19
biospectrumindia.com	13694	2026-06-05
birminghammail.co.uk	297277	2026-06-28
birminghamstar.com	25326	2026-06-28
birminghamtimes.com	7594	2026-06-27
bismarcktribune.com	61844	2026-06-28
bizcommunity.com	66119	2026-06-27
bizenglish.adaderana.lk	6999	2026-02-24
bizjournals.com	49218	2022-06-19
biznews.com	17892	2026-06-28
bizpacreview.com	42842	2023-09-06
biztimes.com	15233	2026-06-28
biztoc.com	1997950	2026-01-16
bizwest.com	11986	2026-06-28
bjpenn.com	31604	2026-06-28
bjreview.com	30708	2026-06-26
bjreview.com.cn	17404	2026-06-26
bkreader.com	7792	2026-06-28
blabbermouth.net	16046	2026-06-24
blackamericaweb.com	14577	2026-06-28
blackandteal.com	6062	2026-06-28
blackenterprise.com	37669	2026-06-28
blackhillsfox.com	13340	2024-07-01
blacklistednews.com	9929	2024-08-07
blackpoolgazette.co.uk	23696	2025-01-23
blackseagrain.net	7057	2022-02-09
blayneychronicle.com.au	51102	2026-06-28
blazersedge.com	12463	2026-06-28
blazin1023.com	6035	2026-06-28
bleachernation.com	41095	2025-03-05
bleacherreport.com	63288	2026-06-28
bleedcubbieblue.com	14350	2026-06-28
bleedingcool.com	109088	2026-06-28
bleedinggreennation.com	12004	2026-06-28
blessyouboys.com	5947	2026-06-28
blingee.com	5682	2024-06-04
blockislandtimes.com	5475	2026-06-26
bloggingdirty.com	5633	2026-06-28
bloggingtheboys.com	19968	2026-06-28
blogherald.com	5688	2026-06-28
blogspot.com	5326	2026-06-28
blogto.com	32296	2026-06-28
bloodhorse.com	31528	2026-06-28
bloodyelbow.com	28845	2025-10-06
blooloop.com	11546	2026-06-26
bloomberg.com	168406	2026-06-22
bloombergquint.com	20998	2022-05-05
bluebirdbanter.com	6033	2026-06-28
bluemountaineagle.com	23829	2026-06-27
bluemountainsgazette.com.au	60313	2026-06-28
blueprint.ng	87254	2026-06-28
blueridgenow.com	8748	2023-09-11
blueshirtbanter.com	5166	2026-06-28
blufftonicon.com	11959	2026-06-28
bmj.com	33556	2025-11-26
bmmagazine.co.uk	8477	2026-06-28
bmwblog.com	9501	2026-06-28
bnamericas.com	16560	2026-03-31
bnd.com	5862	2024-07-27
bnn-news.com	13324	2026-06-27
bnnbloomberg.ca	256424	2026-06-28
bobfm.co.uk	10027	2026-06-27
bocanewsnow.com	5722	2026-06-28
boersennews.de	6894	2026-06-19
bognor.co.uk	5973	2022-02-10
boingboing.net	31358	2026-06-26
boisestatepublicradio.org	34792	2026-06-28
bold.dk	10120	2026-06-23
bolivarmonews.com	5184	2026-06-16
bollywoodhungama.com	49656	2026-06-28
bollywoodlife.com	8083	2026-02-16
bollywoodmantra.com	5165	2023-06-01
bolnews.com	8267	2025-12-08
bonappetit.com	6306	2026-06-26
bondbuyer.com	14497	2026-06-27
boom1019.com	6592	2026-06-18
boom997.com	6626	2026-06-23
boorowanewsonline.com.au	17453	2026-06-26
boothbayregister.com	31494	2026-06-28
bordermail.com.au	96336	2026-06-28
bordertelegraph.com	95852	2026-06-28
borderwatch.com.au	7562	2026-05-05
boredpanda.com	370609	2026-06-28
borehamwoodtimes.co.uk	111714	2026-06-28
borgenproject.org	5425	2026-06-28
borneobulletin.com.bn	79107	2025-04-28
boston.com	65531	2026-06-28
bostonglobe.com	143073	2026-06-28
bostonherald.com	56923	2026-06-28
bostonstar.com	108580	2026-06-28
bournemouthecho.co.uk	160915	2026-06-28
bowenislandundercurrent.com	61387	2025-09-05
boxden.com	78610	2024-10-17
boxinginsider.com	5528	2026-06-28
boxingnews24.com	12336	2026-06-28
boxingnewsonline.net	10990	2026-06-28
bozemandailychronicle.com	156164	2026-06-28
bozemanskissfm.com	14866	2026-06-28
bozone.com	13961	2026-06-28
bpr.org	23840	2023-01-31
bracknellnews.co.uk	99991	2026-06-28
bradfordera.com	73587	2026-06-27
braidwoodtimes.com.au	50593	2026-06-28
brainerddispatch.com	56890	2026-06-28
braintreeandwithamtimes.co.uk	132464	2026-06-28
bramptonguardian.com	12264	2026-06-28
brandonsun.com	66511	2026-06-28
bransontrilakesnews.com	46482	2026-06-28
brantfordexpositor.ca	42743	2026-06-28
bravenewcoin.com	10158	2026-06-28
bravotv.com	9573	2026-06-28
brazilsun.com	48821	2026-06-28
breakingbelizenews.com	7788	2026-03-19
breakingdefense.com	13483	2026-06-25
breakingnews.ie	105082	2026-06-28
breakingtravelnews.com	13060	2023-08-26
brecorder.com	74251	2026-02-23
breitbart.com	287734	2026-06-28
brentwoodlive.co.uk	111626	2026-06-28
bridgemi.com	10893	2026-06-27
bridgwatermercury.co.uk	96149	2026-06-28
bridportnews.co.uk	102187	2026-06-28
briefingwire.com	79786	2026-06-28
brightonandhovenews.org	10310	2026-06-27
brightontoday.ca	8817	2026-06-28
brightsideofthesun.com	8480	2026-06-28
bringmethenews.com	15509	2023-09-18
brisbanetimes.com.au	233326	2026-06-28
bristol247.com	10749	2025-11-19
bristolpost.co.uk	126991	2026-06-28
britainnews.net	65172	2026-06-28
britannica.com	21901	2025-11-12
broadbandtvnews.com	6237	2026-06-17
broadcastnow.co.uk	13529	2025-09-04
broadwayworld.com	55810	2026-05-08
brobible.com	14283	2026-06-28
brokernews.com.au	7034	2026-06-26
bromsgroveadvertiser.co.uk	107969	2026-06-28
bromsgrovestandard.co.uk	14601	2026-06-28
brookingsradio.com	22080	2026-06-24
brooklyneagle.com	13749	2026-06-27
brooklynpaper.com	8762	2026-06-27
brooklynvegan.com	36393	2026-06-28
broomfieldenterprise.com	12376	2026-06-28
browndailyherald.com	7363	2026-06-15
brownsvilleherald.com	16485	2021-03-17
brownwoodnews.com	17389	2026-06-28
brudirect.com	25115	2026-06-28
bruneinews.net	76100	2026-06-28
bryantimes.com	56291	2026-06-28
bssnews.net	150521	2026-06-28
bu.edu	6111	2026-06-24
bubblear.com	10685	2026-06-28
buccaneers.com	6372	2026-06-26
buckscountycouriertimes.com	10343	2023-01-24
bucksfreepress.co.uk	119726	2026-06-28
bucksherald.co.uk	12536	2025-01-23
bucksinsider.com	8412	2026-06-28
bucyrustelegraphforum.com	5927	2023-09-11
budapesttimes.hu	10424	2026-06-28
buenosairesherald.com	5184	2026-06-28
buffalobulletin.com	11327	2026-06-26
buffalonews.com	138482	2026-06-28
buffalorising.com	5786	2026-06-27
buildersmerchantsnews.co.uk	5439	2026-06-26
building.co.uk	13478	2025-09-05
bulawayo24.com	60840	2026-06-28
bulgariagazette.com	6870	2025-09-26
bulletsforever.com	7051	2026-06-28
bunburymail.com.au	101900	2026-06-28
bundesliga.com	7404	2026-06-28
burlingtoncountytimes.com	11222	2023-09-11
burlingtonfreepress.com	5470	2023-09-11
burnabynow.com	71750	2025-08-01
burnham-on-sea.com	16618	2026-06-28
burnhamandhighbridgeweeklynews.co.uk	92878	2026-06-28
burnleyexpress.net	21025	2025-01-23
burntorangenation.com	7105	2026-06-27
bursa.ro	5685	2026-06-28
burytimes.co.uk	157666	2026-06-28
business-humanrights.org	10704	2026-06-26
business-review.eu	17581	2026-06-26
business2community.com	14754	2026-06-26
businessdailyafrica.com	40171	2026-06-28
businessday.co.za	9211	2026-06-28
businessdayghana.com	7394	2026-06-28
businessden.com	5163	2026-06-28
businessghana.com	143202	2026-06-28
businessgreen.com	18122	2026-06-26
businessincameroon.com	6451	2026-06-26
businessinsider.co.za	8106	2023-02-28
businessinsider.com	345465	2026-06-28
businessinsider.com.au	24044	2023-10-12
businessinsider.in	71647	2025-01-13
businessinsurance.com	9275	2026-06-27
businesslive.co.za	10121	2025-10-13
businessmirror.com.ph	121961	2025-05-14
businessnorth.com	9254	2026-06-24
businessoffashion.com	15906	2026-06-28
businessrecord.com	20810	2024-01-04
businessreport.com	7732	2026-06-27
businesstech.co.za	9105	2022-09-28
businesstimes.com.sg	75491	2026-06-28
businesstoday.in	163037	2026-06-28
businesstraveller.com	10762	2025-01-23
businesstravelnewseurope.com	7049	2026-04-06
businesswire.com	90653	2023-04-18
businesswireindia.com	12266	2026-05-18
businessworld.in	33326	2026-06-28
butlereagle.com	55711	2026-06-28
buxtonadvertiser.co.uk	12680	2025-01-23
buzzfeed.com	85762	2026-06-28
buzzfeednews.com	7389	2026-01-01
bworldonline.com	85753	2026-06-28
bxr.com	9009	2026-06-28
byronnews.com.au	34848	2021-04-28
byu.edu	5993	2026-06-18
c-mw.net	6210	2026-06-25
c21media.net	25974	2026-06-26
cachevalleydaily.com	17091	2026-06-28
cadforum.cz	13389	2026-06-28
cadillacnews.com	31897	2026-06-27
cagesideseats.com	41010	2026-06-28
cagle.com	21449	2025-01-23
cairnspost.com.au	239525	2026-06-28
cairoscene.com	21784	2026-06-28
caixinglobal.com	24303	2026-06-08
cajnewsafrica.com	6378	2026-06-28
cajunradio.com	15573	2026-06-28
calcoastnews.com	8291	2026-06-28
calculatedriskblog.com	14512	2026-01-12
calcuttanews.net	153288	2026-06-28
caledoncitizen.com	5753	2026-06-27
caledonenterprise.com	5296	2026-06-28
caledoniacourier.com	25719	2026-06-28
caledonianrecord.com	173072	2026-06-28
calgary.ctvnews.ca	30489	2025-01-23
calgaryherald.com	49795	2026-06-28
calgarysun.com	70290	2026-06-28
californianewswire.com	7860	2026-06-26
californiatelegraph.com	146080	2026-06-28
caller.com	7121	2023-09-11
callnewspapers.com	5324	2026-06-24
cambodiantimes.com	146244	2026-06-28
cambrian-news.co.uk	19833	2026-06-28
cambridge-news.co.uk	72846	2026-06-28
cambridge.org	7026	2026-03-01
cambridgetimes.ca	9109	2026-06-28
cambstimes.co.uk	38672	2026-06-28
camdencourier.com.au	49848	2026-06-28
cameroon-tribune.cm	14197	2026-06-28
campaignasia.com	8245	2026-06-26
campaignbrief.com	13985	2026-06-26
campaignindia.in	9995	2026-06-28
campaignlive.co.uk	25984	2026-06-25
campaignseries.co.uk	10186	2023-02-07
campbellrivermirror.com	31112	2026-06-28
campbeltowncourier.co.uk	5717	2024-01-25
campusreform.org	7013	2026-01-05
canada.com	38376	2026-06-27
canadafreepress.com	33147	2025-07-27
canadiancattlemen.ca	6434	2026-06-28
canadianinquirer.net	15956	2026-06-28
canadianlawyermag.com	6322	2026-06-27
canadianmanufacturing.com	8775	2026-06-26
canadianminingjournal.com	9310	2026-06-26
canadianreviewer.com	8889	2026-06-27
canadianunderwriter.ca	6471	2026-06-27
canberratimes.com.au	118683	2026-06-28
cancertherapyadvisor.com	7336	2026-06-26
candgnews.com	13974	2026-06-28
canindia.com	45226	2025-11-20
canoncitydailyrecord.com	25111	2026-06-28
canowindranews.com.au	25736	2024-09-09
cantechletter.com	20754	2026-05-12
cantondailyledger.com	5834	2023-09-10
cantonrep.com	17009	2023-09-11
canyon-news.com	11289	2026-06-28
capeandislands.org	38963	2026-06-28
capebretonpost.com	23307	2020-11-12
capecod.com	12813	2026-06-28
capecodtimes.com	12400	2023-09-11
capegazette.com	20535	2026-01-06
capenews.net	14293	2026-06-28
capetalk.co.za	25547	2024-01-15
capitalethiopia.com	14554	2026-06-27
capitalfm.co.ke	57451	2026-06-15
capitalfm.com	9792	2026-06-28
capitalgazette.com	77726	2026-06-28
capitalpress.com	17191	2026-06-26
capitolfax.com	17255	2026-06-26
capitolhillseattle.com	5959	2026-02-16
capjournal.com	17325	2026-06-28
capradio.org	38602	2026-06-27
captivasanibel.com	12134	2026-06-26
carandbike.com	12148	2026-06-28
caranddriver.com	11051	2026-06-28
carbon-pulse.com	17777	2025-08-13
carbuzz.com	50447	2026-06-28
cardinalcourieronline.com	10292	2026-02-05
careerindia.com	9269	2026-06-26
caribbeanherald.com	59099	2026-06-28
caribjournal.com	6361	2026-06-28
carletonvilleherald.com	12062	2023-10-11
carlow-nationalist.ie	60499	2026-06-28
carlyleobserver.com	30710	2021-07-29
carmagazine.co.uk	5209	2026-06-26
carnegieendowment.org	5301	2026-06-25
carnewschina.com	5819	2026-06-28
carolinacoastonline.com	26429	2026-06-28
carolinajournal.com	10465	2026-06-27
carrollspaper.com	39421	2026-06-28
carscoops.com	52137	2026-06-28
carsguide.com.au	6540	2025-03-31
carsonnow.org	133743	2026-06-28
cartermatt.com	27960	2026-05-08
casino.org	6807	2026-06-28
castanet.net	188887	2023-11-21
castanetkamloops.net	69420	2026-06-28
castlegarsource.com	6145	2026-06-26
catcountry1029.com	17191	2026-06-28
catcountry1073.com	50199	2026-06-28
catholicculture.org	28786	2026-06-28
catholicnewsagency.com	11036	2026-01-23
catholicphilly.com	8598	2026-06-26
catholicregister.org	7340	2026-06-28
catholicworldreport.com	32251	2026-06-28
caughtoffside.com	48198	2026-06-28
cavalierdaily.com	9358	2026-06-28
cbc.bb	19169	2026-06-28
cbc.ca	367358	2026-06-28
cbn.com	24756	2026-06-27
cbr.com	25341	2023-10-27
cbs12.com	42541	2026-06-28
cbs19.tv	57735	2026-06-06
cbs2iowa.com	39386	2026-06-28
cbs46.com	9757	2022-03-01
cbs4indy.com	5543	2024-08-20
cbs4local.com	39285	2026-06-28
cbs58.com	74380	2026-06-28
cbs6albany.com	38961	2026-06-28
cbs7.com	10489	2024-08-12
cbs8.com	55118	2026-06-05
cbsnews.com	207995	2026-06-28
ccenterdispatch.com	18399	2026-03-06
ccm.net	10814	2025-04-02
cdapress.com	22360	2026-06-28
cdispatch.com	18995	2026-06-28
cecildaily.com	18153	2026-06-28
cei.int	6399	2026-06-28
celebdirtylaundry.com	47632	2026-06-28
celebuzz.com	5937	2026-06-26
cemnet.com	10758	2026-06-26
centralasiatimes.com	32048	2026-06-28
centralchronicle.com	29979	2026-03-24
centraljersey.com	19200	2025-05-26
centralmaine.com	96449	2026-06-28
centralmoinfo.com	31756	2026-06-28
centraltelegraph.com.au	20824	2020-06-29
centralwesterndaily.com.au	61796	2026-06-28
centreforaviation.com	23788	2026-06-26
cessnockadvertiser.com.au	57874	2026-06-28
cfnrfm.ca	9629	2026-06-26
cfox.com	10903	2026-06-27
cfr.org	7900	2026-06-27
cfweradio.ca	6617	2026-06-27
cgtn.com	15100	2025-08-27
chad.co.uk	20199	2025-01-23
chaffeecountytimes.com	7990	2026-06-27
chalkbeat.org	8126	2026-06-27
championnewspapers.com	6048	2026-06-28
channel3000.com	130392	2026-06-28
channel4.com	19947	2026-06-28
channel5belize.com	19313	2025-05-24
channelafrica.co.za	13400	2026-06-28
channeleye.co.uk	5515	2024-08-12
channelnewsasia.com	174791	2026-06-28
channelstv.com	87427	2026-06-10
channelweb.co.uk	5809	2025-04-17
chapelboro.com	20147	2026-06-24
chardandilminsternews.co.uk	93530	2026-06-28
charismamag.com	18512	2023-07-17
charismanews.com	12185	2025-08-02
charkoosta.com	6485	2026-06-28
charlestoncitypaper.com	8115	2026-06-28
charlotteobserver.com	9913	2024-07-31
charter97.org	70754	2026-03-02
chathamdailynews.ca	45686	2026-06-28
chathamstartribune.com	10726	2026-06-28
chathamthisweek.com	37069	2026-03-13
chattanoogan.com	80184	2026-06-28
chattooga1180.com	11530	2026-06-28
chch.com	21209	2026-06-28
cheatsheet.com	28644	2026-03-18
cheboygannews.com	5551	2023-09-10
cheknews.ca	17772	2026-06-28
chelmsfordweeklynews.co.uk	112480	2026-06-28
chemeurope.com	7753	2026-06-26
chennaionline.com	16707	2026-06-26
cherokeephoenix.org	8412	2026-06-26
chessbase.com	10088	2026-06-28
chesterstandard.co.uk	150829	2026-06-28
chiangraitimes.com	22435	2026-06-28
chicagobusiness.com	22331	2026-06-18
chicagocrusader.com	8184	2026-06-28
chicagonow.com	9019	2022-08-18
chicagotribune.com	157415	2026-06-28
chichester.co.uk	7095	2022-02-10
chickashanews.com	6080	2026-06-24
chicoer.com	22419	2026-06-28
chieftain.com	9189	2023-09-11
chilecomparte.cl	24090	2026-06-28
chimpreports.com	13998	2026-06-28
china.org.cn	182153	2026-06-28
chinadaily.com.cn	579162	2026-06-28
chinadailyhk.com	10481	2025-01-27
chinadigitaltimes.net	8017	2026-06-05
chinafile.com	8457	2026-06-25
chinamil.com.cn	20855	2026-06-28
chinanationalnews.com	148779	2026-06-28
chinatechnews.com	7999	2026-06-28
chinaview.cn	30639	2026-03-19
chinookobserver.com	7759	2026-06-28
chipchick.com	22397	2026-06-28
chippewa.com	57804	2026-06-28
chorleycitizen.co.uk	18568	2023-02-07
chortle.co.uk	17272	2026-06-28
chosun.com	17595	2024-09-12
chrisd.ca	7496	2026-06-28
christianitydaily.com	5011	2026-06-27
christianitytoday.com	10408	2026-06-27
christiannewswire.com	6375	2026-06-27
christianpost.com	71095	2026-06-28
christiantoday.com	5003	2026-06-28
chron.com	549721	2025-11-18
chronicle-tribune.com	10313	2026-06-27
chronicle.co.zw	47194	2025-01-23
chronicle.com	5109	2025-11-18
chronicle.gi	7306	2026-03-17
chronicle.lu	33273	2026-06-27
chroniclejournal.com	67284	2026-06-28
chroniclelive.co.uk	129595	2026-06-28
chronicleonline.com	74777	2026-06-28
chronicletimes.com	5427	2026-06-26
chronline.com	35306	2026-06-28
chronogram.com	7367	2026-06-28
chvnradio.com	24840	2026-06-28
cincinnati.com	30235	2024-10-21
cincinnatimagazine.com	5606	2026-06-26
cincinnatisun.com	42289	2026-06-28
cincyjungle.com	13844	2026-06-28
cinemablend.com	83200	2026-06-28
cineuropa.net	5310	2022-08-20
cineuropa.org	28824	2026-03-27
cio.com	12010	2026-01-20
circlevilleherald.com	6424	2026-06-27
cisnfm.com	10126	2026-06-11
cities929.com	14473	2026-06-28
citizen-times.com	8165	2023-09-11
citizen.co.za	96868	2026-06-28
citizen.digital	7318	2026-02-22
citizen.on.ca	6297	2026-06-25
citizensvoice.com	54300	2026-06-28
citr.ca	5040	2025-11-02
city-countyobserver.com	15742	2026-01-31
cityam.com	59705	2026-06-28
citybeat.com	10354	2025-01-22
citynews.com.au	18100	2025-09-04
citywatchla.com	8941	2026-06-27
cityweekly.net	5764	2026-06-25
citywireselector.com	7388	2022-10-19
civilbeat.org	8453	2026-06-23
civilserviceworld.com	6903	2026-06-26
civilsociety.co.uk	5805	2026-06-26
cjhk.ca	7829	2026-03-03
cjls.com	6152	2026-04-07
cjme.com	30178	2026-06-28
cjonline.com	13533	2023-09-11
cjoy.com	8910	2023-12-05
ckbw.ca	8373	2026-03-02
ckdr.net	10129	2025-10-01
ckfm.ca	6389	2024-05-10
ckom.com	30880	2026-06-28
ckua.com	10263	2026-06-28
ckxsfm.com	11359	2026-06-26
clactonandfrintongazette.co.uk	142999	2026-06-28
claimsjournal.com	12844	2026-06-26
clare.fm	24540	2026-06-28
clarechampion.ie	10034	2026-06-28
clareherald.com	7618	2026-06-28
claremoreprogress.com	7567	2026-06-28
clarionledger.com	9660	2023-09-11
clarksvillenow.com	13466	2026-06-28
clarksvilleonline.com	21369	2026-06-28
classic107.com	12941	2026-06-28
classiccountry1070.com	6263	2024-02-24
classichits925.com	9820	2026-06-27
classicrock1051.com	16764	2024-04-27
classicrock1069.com	5507	2022-01-10
classicrock961.com	31514	2026-06-28
classy100.com	35745	2026-06-28
claytodayonline.com	6416	2026-06-28
cleantechnica.com	33844	2026-06-28
clearwatertimes.com	28558	2026-06-28
clemsontigers.com	5715	2026-06-23
cleveland.com	30463	2026-03-09
cleveland19.com	46911	2026-06-28
clevelandbanner.com	11847	2026-06-28
clevelandbrowns.com	5392	2026-06-26
clevelandjewishnews.com	82094	2026-06-28
clevelandstar.com	112829	2026-06-28
clevescene.com	11026	2026-06-26
clichemag.com	14113	2026-06-28
click2houston.com	96633	2026-06-28
clickondetroit.com	157316	2026-06-28
clickorlando.com	130642	2026-06-28
clickthecity.com	7274	2025-10-21
clinicaladvisor.com	6473	2026-06-25
clinicalleader.com	7292	2026-06-26
clintonherald.com	38647	2026-06-28
clintonnewsrecord.com	22576	2026-06-28
closerweekly.com	6248	2026-06-28
cloverdalereporter.com	33756	2026-06-28
cltampa.com	9363	2026-06-26
club937.com	24586	2026-06-27
clutchpoints.com	38968	2026-06-13
clydebankpost.co.uk	99729	2026-06-28
cmcmarkets.com	5856	2026-03-09
cmo.com.au	5228	2024-01-20
cnbc.com	128588	2026-06-28
cnbcafrica.com	20437	2026-06-28
cnbctv18.com	7702	2026-03-19
cnet.com	449584	2026-06-28
cnn.com	293329	2026-06-28
cnnphilippines.com	80976	2024-01-29
cnsnews.com	60537	2025-08-26
cntraveler.com	6140	2026-06-28
cntraveller.com	5182	2026-06-28
cnweekly.com	12207	2021-07-26
cnycentral.com	30357	2026-06-28
cnynews.com	18006	2026-06-27
coast1009.com	19992	2026-06-28
coast931.com	5017	2026-06-26
coast973.com	8633	2026-06-28
coastalcourier.com	5527	2026-06-26
coastaldigest.com	18988	2026-06-28
coastalnewstoday.com	14623	2024-01-03
coastalpoint.com	6250	2026-06-27
coastalradio.ca	7149	2026-06-26
coastfm.co.uk	11110	2025-01-27
coastreporter.net	84071	2025-09-09
cobrapost.com	11616	2026-06-27
cochranetimes.com	8846	2026-06-28
cochranetimespost.ca	48723	2026-06-28
cochranetoday.ca	8500	2023-01-30
coffscoastadvocate.com.au	43733	2021-03-24
cogconnected.com	10177	2026-06-27
coincommunity.com	144852	2026-04-03
coindesk.com	29835	2026-06-28
coinspeaker.com	33143	2026-06-27
cointelegraph.com	41244	2026-06-28
coinweek.com	7781	2026-06-04
coladaily.com	8877	2026-06-27
coldlakesun.com	12736	2026-06-28
collider.com	115531	2026-06-28
colombogazette.com	9008	2026-06-28
colombopage.com	20989	2023-11-30
coloradoan.com	6487	2023-09-11
coloradohometownweekly.com	15033	2026-06-28
coloradopolitics.com	6290	2026-03-19
coloradostar.com	39380	2026-06-28
columbiadailyherald.com	9127	2023-09-11
columbiagorgenews.com	17912	2026-06-27
columbiamissourian.com	27486	2026-06-28
columbian.com	102198	2026-06-28
columbiatribune.com	10247	2023-09-11
columbustelegram.com	53432	2026-06-28
combatpress.com	12074	2026-06-28
comicbook.com	183362	2026-06-28
comicbookmovie.com	26763	2026-06-28
comingsoon.net	55104	2026-06-28
commercial-news.com	14485	2026-06-28
commercialappeal.com	11594	2023-09-11
commercialmotor.com	5370	2026-06-03
commercialobserver.com	11982	2026-06-28
commodityonline.com	27788	2025-02-12
commonsnews.org	7904	2023-06-14
communityadvocate.com	6485	2026-06-28
communityimpact.com	19552	2026-06-27
communitynewspapergroup.com	19694	2026-06-28
communitynewspapers.com	12956	2026-06-28
communityni.org	5202	2022-02-11
communitypress.ca	38218	2026-06-22
comoxvalleyrecord.com	32265	2026-06-28
complex.com	21599	2026-06-28
complianceweek.com	5417	2026-06-27
compositesworld.com	8604	2026-06-26
compsmag.com	6764	2024-03-22
computerweekly.com	39089	2026-06-28
computerworld.com	10761	2026-06-27
computing.co.uk	8424	2026-06-22
comunicati.net	56760	2022-02-08
con-telegraph.ie	55518	2026-06-28
concordmonitor.com	31932	2026-06-28
conference-news.co.uk	7545	2026-06-25
connachttribune.ie	15670	2026-02-24
connectionnewspapers.com	8871	2026-06-23
connectradio.fm	19770	2026-06-27
connectsavannah.com	7538	2026-06-28
connexionfrance.com	27646	2026-06-28
consilium.europa.eu	24508	2024-07-15
consortiumnews.com	5223	2026-06-26
constructiondive.com	7335	2026-06-26
constructionenquirer.com	5660	2026-06-26
constructionequipment.com	5119	2026-06-26
constructionequipmentguide.com	6389	2025-03-03
constructionnews.co.uk	14335	2026-06-26
constructionweekonline.com	8096	2024-07-13
consumerelectronicsnet.com	16079	2024-02-09
conwaydailysun.com	20391	2026-06-25
cookingchanneltv.com	5605	2023-03-29
cookislandsnews.com	10218	2026-06-27
cool987fm.com	11984	2026-06-28
coolsocial.net	9498	2023-01-16
coolum-news.com.au	20346	2020-06-29
coosavalleynews.com	9420	2026-06-28
cootamundraherald.com.au	36183	2026-06-28
corkindependent.com	8995	2026-06-26
cornell.edu	7528	2026-06-26
cornellsun.com	8631	2026-06-28
cornwalllive.com	6247	2026-06-09
cornwallseawaynews.com	23884	2026-06-28
coronadonewsca.com	13089	2026-06-27
corsicanadailysun.com	23297	2026-06-28
corvallisadvocate.com	6012	2026-06-26
cosmeticsandtoiletries.com	7465	2026-02-10
cosmopolitan.com	66516	2026-06-28
cosmosmagazine.com	9093	2025-10-20
cotswoldjournal.co.uk	100632	2026-06-28
countercurrents.org	20915	2026-06-28
counterpunch.org	23593	2026-06-28
country-guide.ca	5855	2025-05-21
country104.com	8325	2026-06-26
country105.com	10292	2026-06-26
country1053.ca	9597	2025-05-20
country93.ca	8552	2026-06-15
country94.ca	14854	2025-12-08
countrylife.co.uk	9170	2026-06-28
countryliving.com	9456	2026-06-28
countypress.co.uk	137618	2026-06-28
countytimes.co.uk	115740	2026-06-28
countyweeklynews.ca	37959	2026-06-22
courant.com	99102	2026-06-28
courier-journal.com	18161	2023-09-11
courier-tribune.com	11303	2026-06-26
courierjournal.net	8506	2026-06-27
couriermail.com.au	182103	2024-07-31
couriernews.com	66654	2026-06-28
courierpostonline.com	8906	2023-09-11
courierpress.com	8075	2023-09-11
coventryobserver.co.uk	10858	2026-06-28
coventrytelegraph.net	97720	2026-06-28
covers.com	36646	2026-06-14
covnews.com	5731	2026-06-26
cowboystatedaily.com	5387	2026-06-19
cowichanvalleycitizen.com	32747	2026-06-28
cowraguardian.com.au	27245	2026-06-26
cp24.com	102840	2026-06-28
cpac.ca	6601	2024-12-16
cpapracticeadvisor.com	11085	2026-06-27
cpbj.com	8732	2026-06-04
cpfc.co.uk	5012	2026-06-25
cphpost.dk	7658	2026-06-28
cpr.org	13301	2026-02-25
cqnews.com.au	44410	2021-04-28
cracked.com	30387	2026-06-28
craigdailypress.com	6326	2026-06-24
crainscleveland.com	13200	2026-06-18
crainsdetroit.com	16510	2026-03-31
crainsnewyork.com	16163	2026-03-16
cranbrooktownsman.com	29374	2026-06-28
crash.net	32833	2026-06-28
cravenherald.co.uk	151932	2026-06-28
crawleyobserver.co.uk	5858	2022-02-09
creativebloq.com	12356	2026-06-28
creativereview.co.uk	5128	2026-06-27
crescent-news.com	28777	2026-06-27
crestonnews.com	7036	2026-06-27
crestviewbulletin.com	6175	2026-06-26
crikey.com.au	13989	2026-06-28
crimeonline.com	7164	2026-03-18
crn.com	11159	2026-06-26
crn.com.au	12297	2026-06-26
crooksandliars.com	39738	2026-06-28
crookstontimes.com	5681	2025-01-30
crookwellgazette.com.au	67638	2026-06-28
crossmap.com	31295	2026-06-28
crossville-chronicle.com	27392	2026-06-28
crowrivermedia.com	50371	2025-10-29
cruisehive.com	9408	2026-06-28
cruiseindustrynews.com	6985	2026-06-28
crunchyroll.com	15924	2023-01-31
cruxnow.com	13704	2026-06-28
csindy.com	6448	2025-04-21
csmonitor.com	24733	2026-06-28
csoonline.com	10020	2026-06-27
csrwire.com	7954	2026-06-25
ctgtribune.com	15346	2025-06-01
ctmirror.org	12256	2026-06-28
ctnewsjunkie.com	5369	2026-06-26
ctpost.com	162446	2025-10-26
ctpublic.org	7913	2026-03-18
ctvnews.ca	171357	2026-06-22
cubaheadlines.com	36156	2026-06-28
cubbiescrib.com	5595	2026-06-28
cuinsight.com	19885	2025-07-09
cullmantimes.com	10023	2026-06-28
cultofmac.com	8839	2026-06-28
culturemap.com	32616	2026-06-28
cumberlink.com	50415	2026-06-28
cumbriacrack.com	30229	2025-01-23
curacaochronicle.com	8588	2026-06-25
curbed.com	6087	2026-06-27
curetoday.com	6790	2026-02-12
currentargus.com	8914	2026-06-27
cwtv.com	5638	2026-06-28
cypnow.co.uk	6355	2026-06-19
cyprus-mail.com	77796	2026-06-28
dabangasudan.org	7046	2026-06-28
dagblog.com	50779	2025-10-13
daijiworld.com	141849	2026-03-16
daily-chronicle.com	8022	2020-12-17
daily-jeff.com	8203	2023-09-11
daily-journal.com	20849	2025-02-04
daily-sun.com	38361	2025-12-09
daily-times.com	5025	2023-09-10
daily-tribune.com	7237	2026-06-28
dailyadvance.com	55188	2026-06-28
dailyadvertiser.com.au	82408	2026-06-28
dailyadvocate.com	12256	2025-05-15
dailyamerican.com	13653	2023-09-11
dailyastorian.com	12079	2026-06-28
dailybreeze.com	46729	2026-06-28
dailybruin.com	6549	2026-06-28
dailybulldog.com	9447	2026-06-28
dailybulletin.com	44492	2026-06-28
dailycal.org	22138	2026-06-26
dailycaller.com	103808	2026-06-28
dailycamera.com	40973	2026-06-28
dailycardinal.com	7753	2026-06-20
dailycitizen.news	13575	2025-02-06
dailycomet.com	6054	2023-09-11
dailycommercial.com	9991	2023-09-11
dailydemocrat.com	12860	2026-06-28
dailydispatch.co.za	7768	2026-06-28
dailydot.com	45414	2026-06-28
dailyecho.co.uk	167158	2026-06-28
dailyemerald.com	6766	2026-06-25
dailyexaminer.com.au	42309	2021-03-24
dailyexcelsior.com	180122	2026-06-28
dailyexpress.com.my	91266	2026-06-28
dailyforex.com	11474	2026-06-28
dailyfreeman.com	43581	2026-06-28
dailyfx.com	24052	2024-08-30
dailygalaxy.com	9378	2026-06-28
dailygazette.com	76932	2026-06-28
dailyherald.com	120389	2025-09-08
dailyheraldtribune.com	13813	2026-06-28
dailyhive.com	63312	2026-06-28
dailyindependent.com	35612	2026-06-28
dailyinterlake.com	13446	2026-06-11
dailyiowegian.com	6412	2020-05-27
dailyitem.com	53074	2026-06-28
dailyjournal.net	102260	2025-05-15
dailyjournalonline.com	42769	2026-06-28
dailykos.com	175771	2026-06-28
dailyliberal.com.au	86622	2026-06-28
dailylocal.com	50831	2026-06-28
dailymail.co.uk	1278695	2026-04-21
dailymail.com	26863	2026-06-28
dailymaverick.co.za	78028	2026-06-28
dailymercury.com.au	49265	2021-06-23
dailymirror.lk	57065	2026-06-28
dailynebraskan.com	5275	2026-06-26
dailynews.co.th	6843	2023-07-05
dailynews.co.tz	13978	2026-06-28
dailynews.co.zw	15940	2026-06-28
dailynews.com	53083	2026-06-28
dailynews.lk	33827	2023-12-29
dailynewsegypt.com	14118	2025-01-26
dailynexus.com	5735	2026-06-27
dailynorseman.com	10494	2026-06-27
dailynorthwestern.com	11843	2026-06-26
dailyorange.com	9932	2025-02-23
dailypakistan.com.pk	16668	2026-06-28
dailypioneer.com	75918	2026-06-28
dailypolitical.com	603644	2026-06-28
dailypost.co.uk	91119	2026-06-28
dailypost.ng	276763	2026-06-28
dailypost.vu	15544	2026-06-28
dailypostathenian.com	20378	2026-06-27
dailypress.com	75394	2026-06-28
dailypress.net	22684	2026-06-27
dailyprincetonian.com	7828	2026-06-23
dailyprogress.com	57633	2026-06-27
dailyrecord.co.uk	302939	2026-06-28
dailyrecord.com	9244	2023-09-11
dailyrecordnews.com	22333	2026-06-27
dailyreporter.com	8550	2026-06-03
dailyrepublic.com	89137	2026-06-28
dailyridge.com	16420	2026-06-28
dailysabah.com	62062	2026-06-28
dailysentinel.com	5484	2026-06-27
dailysignal.com	25919	2026-06-28
dailystar.co.uk	313731	2026-06-28
dailystar.com.lb	7273	2025-09-29
dailystarjournal.com	8779	2020-11-25
dailysun.co.za	30224	2022-09-11
dailytarheel.com	9992	2026-06-25
dailytelegraph.com.au	163773	2024-07-31
dailythepatriot.com	16468	2026-06-28
dailytimes.com	17569	2026-06-28
dailytimes.com.pk	142364	2026-06-25
dailytrib.com	6550	2026-06-26
dailytribune.com	25590	2025-11-05
dailytrojan.com	8997	2026-06-24
dailytrust.com	67005	2026-06-28
dailytrust.com.ng	21882	2021-06-24
dailyunion.com	23936	2026-06-27
dailyuw.com	7157	2026-06-24
dailyvoice.com	184663	2026-06-15
dailyworld.com	5461	2023-09-11
dakotanewsnow.com	18719	2026-06-28
dakotawarcollege.com	8671	2026-06-28
dallascowboys.com	10633	2026-06-26
dallasnews.com	51183	2026-04-01
dallasobserver.com	9643	2026-06-28
dallassun.com	119855	2026-06-28
dallasvoice.com	8138	2026-06-28
daltonsbusiness.com	5644	2026-06-26
danspapers.com	9456	2026-06-28
darientimes.com	58921	2025-08-31
darkhorizons.com	21180	2026-06-28
darkreading.com	13187	2025-02-20
darlingtonandstocktontimes.co.uk	105578	2026-06-28
datacenterdynamics.com	18830	2025-06-14
datacenterknowledge.com	5628	2026-06-26
daventryexpress.co.uk	10264	2025-01-23
davisenterprise.com	22612	2026-06-28
dawn.com	260665	2026-06-28
dayton.com	5431	2024-09-04
daytonatimes.com	5346	2026-06-25
daytondailynews.com	53580	2026-06-28
dazebaonews.it	6505	2026-01-15
dazeddigital.com	17805	2026-06-28
dcourier.com	8524	2026-06-28
dcvelocity.com	5100	2026-06-26
deadline.com	160440	2026-06-28
deadlinedetroit.com	11230	2026-06-28
dealstreetasia.com	38263	2026-06-28
decanter.com	5291	2026-06-28
decaturdaily.com	46839	2026-06-28
decaturish.com	6772	2026-06-28
deccanchronicle.com	122956	2026-06-28
deccanherald.com	64357	2026-03-15
decider.com	34289	2026-06-28
defence.pk	18327	2026-05-12
defenceweb.co.za	15310	2026-06-26
defensenews.com	11921	2026-06-26
defenseone.com	8761	2026-06-28
defenseworld.net	60871	2026-04-30
defpen.com	12250	2026-06-18
dekhnews.com	5202	2025-04-11
delano.lu	6113	2025-01-11
delaware.gov	8846	2026-06-26
delawareonline.com	12601	2023-09-11
delawarepublic.org	47437	2026-06-28
delawarestatenews.net	5676	2021-02-16
delcotimes.com	58707	2026-06-28
delgazette.com	6444	2025-04-15
delmartimes.net	6342	2024-06-13
delmarvanow.com	6603	2023-09-11
delrionewsherald.com	10116	2021-01-22
delta-optimist.com	64492	2025-01-23
democracynow.org	34615	2026-06-26
democratandchronicle.com	9032	2023-09-11
democratherald.com	58461	2026-06-28
denbighshirefreepress.co.uk	106637	2026-06-28
denofgeek.com	8463	2026-06-26
dentonrc.com	31174	2026-06-27
denverbroncos.com	6256	2026-06-24
denverpost.com	50840	2026-06-28
derbyshiretimes.co.uk	23955	2025-01-23
derbytelegraph.co.uk	82852	2026-06-28
derryjournal.com	15278	2025-01-23
derrynow.com	41481	2026-05-21
deseret.com	38874	2026-06-27
desertsun.com	11610	2023-09-11
desiblitz.com	16504	2026-06-28
design-reuse.com	8059	2026-06-25
designboom.com	20006	2026-06-28
designnews.com	5853	2024-12-01
designyoutrust.com	5739	2026-06-28
desimartini.com	34149	2025-02-18
desmoinesregister.com	26539	2023-09-11
desototimes.com	5506	2026-06-27
destructoid.com	23984	2026-06-28
detroitnews.com	45794	2023-09-11
developingtelecoms.com	14430	2026-06-28
devilslakejournal.com	5752	2026-06-26
devondispatch.ca	15632	2026-06-28
devonlive.com	9630	2026-06-20
dewsburyreporter.co.uk	12517	2025-01-23
dezeen.com	26900	2026-06-18
dfnionline.com	9846	2026-06-26
dglobe.com	30324	2026-06-28
dhakacourier.com.bd	8048	2026-06-27
dhakatribune.com	28341	2026-03-10
diamonds.net	8812	2024-06-24
dicardiology.com	6297	2026-06-25
digg.com	23730	2026-06-28
digit.in	30461	2026-06-28
digitaljournal.com	194384	2026-06-28
digitalspy.com	85040	2026-06-28
digitaltrends.com	41340	2026-06-28
digitimes.com	27595	2026-06-28
dinamalar.com	35339	2026-06-15
discoverairdrie.com	16157	2026-06-28
discoverestevan.com	18548	2026-06-28
discovermagazine.com	18424	2026-06-27
dispatch.com	35521	2023-09-11
dispatchlive.co.za	30383	2025-01-25
dissexpress.co.uk	18730	2026-06-28
dissidentvoice.org	9623	2026-03-22
divyabhaskar.co.in	28968	2026-06-27
diymag.com	10738	2026-06-26
djc.com	36387	2026-06-26
djcoregon.com	5745	2026-06-03
djmag.com	11618	2026-06-26
djournal.com	77260	2026-06-28
dl-online.com	30229	2026-06-28
dmagazine.com	16545	2026-06-25
dmnews.com	5259	2026-06-28
dnaindia.com	180911	2026-01-23
dnd.com.pk	16518	2026-06-22
dnews.com	29823	2026-06-28
dnj.com	6738	2023-09-11
dodgeglobe.com	8467	2026-06-24
domain-b.com	5295	2026-06-25
dominicanrepublicpost.com	21760	2026-06-28
dominicantoday.com	14141	2026-06-28
doncasterfreepress.co.uk	24323	2025-01-23
donegallive.ie	27845	2026-05-20
donegalnews.com	15772	2026-06-28
doorcountydailynews.com	7732	2026-06-27
dorsetecho.co.uk	150740	2026-06-28
dose.ca	13623	2026-06-28
dothaneagle.com	63443	2026-06-28
dotnews.com	7737	2026-06-27
douglas-budget.com	36932	2026-06-25
downtoearth.org.in	19926	2026-06-28
drapersonline.com	18147	2026-06-26
draytonvalleywesternreview.com	14613	2026-06-28
drbicuspid.com	11808	2025-10-30
dreadcentral.com	16735	2026-06-26
dredgingtoday.com	11328	2026-06-26
drgnews.com	25646	2026-06-28
drive.com.au	41233	2026-05-31
driving.ca	14266	2026-06-27
droid-life.com	7505	2026-06-26
droitwichadvertiser.co.uk	19310	2021-05-03
droitwichstandard.co.uk	9588	2026-06-28
drudge.com	17660	2026-06-28
drugstorenews.com	5369	2025-09-08
dslreports.com	19516	2025-02-26
dtinews.vn	5601	2023-07-17
dtnext.in	7229	2024-12-16
dtnpf.com	9849	2026-06-27
dualshockers.com	26892	2026-06-28
dubaicityguide.com	6862	2026-06-26
dublinlive.ie	7571	2026-03-11
dudleynews.co.uk	125909	2026-06-28
duke.edu	6186	2026-06-28
duke.fm	22190	2026-06-27
dukechronicle.com	8416	2026-06-26
dukefmduluth.com	7915	2025-03-18
duluthnewstribune.com	63544	2026-06-28
dumbartonreporter.co.uk	87362	2026-06-28
duncanbanner.com	13194	2026-06-28
dundalkdemocrat.ie	56109	2026-05-14
dunfermlinepress.com	101545	2026-06-28
dungogchronicle.com.au	53182	2026-06-28
dunmowbroadcast.co.uk	30042	2026-06-28
dunyanews.tv	148048	2026-06-28
dupagepolicyjournal.com	21300	2026-06-28
dupontregistry.com	7662	2026-01-09
durangoherald.com	94698	2026-06-28
durhamregion.com	23598	2026-06-28
dutchnews.nl	21479	2026-06-26
dvidshub.net	16259	2025-01-26
dw.com	119571	2026-06-28
dwell.com	6961	2026-06-26
dynamicbusiness.com	5777	2026-06-28
e-flux.com	9977	2026-06-27
e-know.ca	17228	2026-06-27
eacourier.com	9778	2026-06-28
eadt.co.uk	134861	2026-06-28
eaglecountryonline.com	8982	2026-06-27
eagledayton.com	8618	2026-06-28
eaglesanantonio.com	8307	2026-06-28
eagletimes.com	12955	2025-11-19
eagletribune.com	125640	2026-06-28
ealingtimes.co.uk	111713	2026-06-28
earthquake-report.com	9134	2025-07-21
earthquakenewstoday.com	63211	2025-12-30
earthsky.org	5330	2026-06-28
eastbayri.com	9161	2026-06-27
eastbaytimes.com	74086	2026-06-28
eastbourneherald.co.uk	6199	2022-02-09
eastcountymagazine.org	18547	2026-06-28
easternmirrornagaland.com	36055	2026-06-28
easternontarionetwork.com	44622	2026-06-15
easternriverinachronicle.com.au	91470	2026-06-28
eastidahonews.com	45519	2026-06-28
eastlondonadvertiser.co.uk	35486	2026-06-27
eastlothiancourier.com	104093	2026-06-28
eastoregonian.com	23737	2026-06-28
easttexasradio.com	16089	2026-06-26
eastvalleytribune.com	5786	2026-06-28
easy93.com	5313	2025-06-14
easyreadernews.com	7212	2026-06-27
eater.com	24794	2026-06-27
eaworldview.com	6690	2026-06-28
ebar.com	17369	2025-01-23
ecb.europa.eu	5530	2026-06-26
echo-news.co.uk	172499	2026-06-28
echo.net.au	11542	2025-01-23
echolive.ie	57575	2026-06-28
echonews.com.au	18377	2020-06-29
echopress.com	33137	2026-06-28
ecns.cn	39051	2026-06-26
eco-business.com	11441	2026-06-26
ecofinagency.com	6427	2026-03-19
econintersect.com	7938	2025-01-23
economist.com	30787	2025-09-05
economynext.com	6721	2026-02-28
econotimes.com	87957	2026-06-28
ecr.co.za	43912	2026-06-28
ed.fm	9327	2026-06-28
edenmagnet.com.au	78627	2026-06-28
edge.ca	11069	2026-06-22
edie.net	8412	2025-01-23
editorandpublisher.com	16917	2026-06-27
editorinleaf.com	5069	2026-06-28
edmonton.ctvnews.ca	26612	2025-01-23
edmontonexaminer.com	22665	2026-06-28
edmontonjournal.com	35507	2026-06-28
edmontonsun.com	71717	2026-06-28
edp24.co.uk	172484	2026-06-28
edsource.org	6670	2026-06-24
educationtimes.com	10071	2026-06-28
edweek.org	5624	2026-06-03
eejournal.com	10412	2026-06-26
eenadu.net	5149	2026-06-25
eenews.net	40861	2026-06-27
efe.com	19085	2026-04-15
effinghamdailynews.com	16778	2026-06-26
effinghamradio.com	11198	2026-06-28
efinancialcareers.com	5903	2026-06-26
egyptindependent.com	18357	2026-06-28
eham.net	20086	2026-06-28
ehfcl.com	251751	2020-08-27
einnews.com	148652	2024-06-01
ejpress.org	5933	2026-06-26
ekathimerini.com	5808	2020-04-10
el-balad.com	187797	2026-06-28
eldoradonews.com	13975	2026-06-28
electric949.com	7714	2026-06-26
electronicsweekly.com	18744	2026-06-26
electropages.com	10718	2026-06-26
elitedaily.com	15905	2026-06-27
elitetraveler.com	5091	2026-06-28
elkharttruth.com	18992	2026-06-27
elkodaily.com	54098	2026-06-28
elle.com	21335	2026-06-28
elliotlakestandard.ca	46375	2026-06-28
ellsworthamerican.com	9200	2026-06-28
ellwoodcityledger.com	6226	2023-09-11
elmwoodparkschools.org	17893	2022-03-02
elpais.com	23776	2026-06-28
elpasoinc.com	106022	2026-06-28
elpasotimes.com	10448	2023-09-11
elwakt.com	34770	2024-06-08
elystandard.co.uk	39415	2026-06-28
emarketer.com	5551	2026-06-26
emirates247.com	15362	2026-06-10
emissourian.com	13520	2025-09-01
emmetsburgnews.com	5084	2026-06-25
empireofthekop.com	17436	2026-06-28
empireonline.com	11475	2026-06-27
emporiagazette.com	25451	2026-06-27
empr.com	10590	2026-06-26
ems1.com	12549	2026-06-28
en.apa.az	67181	2026-06-28
en.ce.cn	31141	2026-06-28
en.dangcongsan.vn	5991	2024-10-12
en.gmw.cn	7405	2025-07-02
en.kremlin.ru	5516	2026-06-28
en.people.cn	119504	2026-06-27
en.portnews.ru	5371	2026-03-08
en.qantara.de	10657	2023-10-26
en.qdnd.vn	9658	2026-03-18
en.tempo.co	43820	2026-06-28
en.trend.az	72164	2025-07-09
en.vietnamplus.vn	79240	2026-03-16
enca.com	63858	2026-06-28
endocrinologyadvisor.com	7661	2026-06-26
energeticcity.ca	21356	2026-06-28
energy-pedia.com	22883	2026-06-28
energy-storage.news	7642	2026-06-26
energycentral.com	24116	2025-05-30
energyfm.net	6727	2026-06-23
energyglobal.com	7447	2025-12-09
energyvoice.com	5581	2025-01-10
enewschannels.com	7169	2026-06-27
enewscourier.com	16006	2026-06-27
enfieldindependent.co.uk	94618	2026-06-28
eng.belta.by	41337	2026-03-10
eng.kavkaz-uzel.eu	6315	2026-06-28
eng.lsm.lv	5866	2025-01-02
engadget.com	46003	2026-06-28
engineering.com	5591	2026-06-26
engineeringnews.co.za	37882	2026-06-26
english.news.cn	282160	2026-06-28
english.pravda.ru	7073	2026-06-26
english.radio.cz	19143	2026-06-28
english.republika.mk	10549	2026-06-28
english.vov.vn	15732	2026-03-16
english.wafa.ps	186375	2026-06-28
enidnews.com	38677	2026-06-28
enn.com	13738	2026-06-26
enr.com	5219	2026-06-27
enrsi.rtvs.sk	5287	2025-01-19
enstarz.com	27769	2026-06-28
enterprisenews.com	7137	2023-09-11
enterprisepub.com	5394	2026-06-23
entornointeligente.com	10103	2026-06-28
entrepreneur.com	9957	2026-06-26
envirotech-online.com	5000	2025-08-14
enviweb.cz	6500	2026-06-27
eonline.com	82093	2026-06-28
ephotozine.com	35871	2025-11-18
eppingforestguardian.co.uk	95540	2026-06-28
eptrail.com	11283	2026-06-28
epw.in	9627	2026-06-27
equibase.com	25375	2026-04-29
equipmentworld.com	5145	2026-05-28
equitybulls.com	73516	2026-06-28
erienewsnow.com	92092	2026-06-28
escapistmagazine.com	8261	2026-06-09
esmmagazine.com	10524	2026-06-26
espn.com	59087	2026-03-19
esquire.com	29601	2026-06-28
essence.com	30936	2026-06-27
estevanmercury.ca	31586	2021-07-29
etcanada.com	13319	2023-10-30
eteknix.com	18037	2026-06-28
etfdailynews.com	228558	2025-10-07
etftrends.com	32058	2026-06-28
ethanolproducer.com	7864	2026-06-28
etnow.com	10902	2026-06-26
etonline.com	71395	2026-03-25
eturbonews.com	153793	2026-06-28
eugenedailynews.com	6102	2024-08-21
euobserver.com	12926	2026-06-28
euractiv.com	39817	2026-01-22
eurasiareview.com	39950	2026-06-28
eurekalert.org	75303	2026-06-26
eureporter.co	11352	2026-06-18
euro-petrole.com	7953	2026-06-26
eurogamer.net	42124	2026-06-28
euronews.com	105751	2026-06-28
europapress.es	8964	2026-06-26
europeanpharmaceuticalreview.com	5123	2026-03-26
europeantour.com	5282	2025-06-12
europesun.com	171660	2026-06-28
eurovoix.com	11326	2026-06-28
euroweeklynews.com	6756	2026-03-19
eurweb.com	30910	2026-06-28
evanstonnow.com	8920	2026-06-28
eveningexpress.co.uk	107905	2021-11-08
eveningnews24.co.uk	99993	2026-06-28
eveningtelegraph.co.uk	66368	2021-09-22
eveningtimes.co.uk	5790	2023-03-07
eveningtribune.com	7512	2023-09-11
eventhubs.com	15949	2026-06-28
evertiq.com	8199	2026-06-26
everydayhealth.com	6732	2026-06-27
everything2.com	36374	2026-01-01
eveshamjournal.co.uk	109314	2026-06-28
evo.co.uk	5529	2026-06-28
ew.com	37810	2026-03-17
ewn.co.za	106354	2026-06-28
ewnews.com	5168	2023-02-02
ewrestlingnews.com	80712	2025-07-14
examiner.com.au	79603	2026-06-28
examiner.net	9518	2026-06-24
excelsio.net	6975	2026-06-28
exchangerates.org.uk	12962	2025-11-03
exclaim.ca	27126	2026-06-28
executivebiz.com	8434	2026-06-26
executivegov.com	8857	2026-06-26
exetertoday.ca	9848	2026-06-26
expatforum.com	5471	2026-01-22
expertclick.com	11387	2026-06-28
expertreviews.co.uk	10072	2026-06-26
exploreseiowa.com	26330	2026-03-30
express.co.uk	384057	2026-06-28
expressandstar.com	67218	2026-03-26
expressnews.com	67773	2025-08-28
extra.ie	5396	2026-03-14
extralunchmoney.com	14998	2024-09-26
extratime.com	7732	2025-09-09
extratv.com	5980	2026-06-26
extremetech.com	8332	2025-01-22
eyeonannapolis.net	16877	2026-06-28
eyeontaiwan.com	5141	2023-03-22
eyeradio.org	16122	2026-06-28
f4wonline.com	32259	2026-06-28
faceofmalawi.com	44820	2026-06-26
fairfaxtimes.com	10793	2026-06-27
fairfieldcitizenonline.com	69732	2022-03-01
fairfieldsuntimes.com	44102	2026-06-28
fairmontsentinel.com	9566	2026-06-27
fairviewpost.com	12959	2026-06-28
falkirkherald.co.uk	16511	2025-01-23
falmouthpacket.co.uk	130565	2026-06-28
famagusta-gazette.com	18052	2025-12-06
familydestinationsguide.com	9807	2026-03-19
famoushookups.com	22648	2025-04-17
fandompost.com	48613	2026-06-28
fangraphs.com	26582	2026-06-28
fansided.com	52048	2026-06-28
fantasypros.com	7629	2025-08-19
faribaultcountyregister.com	15970	2026-06-28
fark.com	5746	2026-06-28
farminglife.com	11464	2025-01-23
farminguk.com	14196	2026-06-28
farmprogress.com	14728	2024-08-06
farmweekly.com.au	35273	2026-06-28
fastcasual.com	9263	2026-06-26
fastcompany.com	6912	2026-06-28
fauquier.com	6244	2026-06-26
fauquiernow.com	6475	2026-06-26
fayettetribune.com	6217	2026-06-24
fayobserver.com	12278	2023-09-11
fbcnews.com.fj	8735	2026-03-19
fbherald.com	33788	2026-06-26
fdlreporter.com	8392	2023-09-11
feedstuffs.com	9101	2024-11-15
femalefirst.co.uk	35629	2026-06-28
femina.in	9085	2026-06-28
fenlandcitizen.co.uk	20095	2026-06-28
fermanaghherald.com	9097	2026-06-28
fftimes.com	8866	2026-06-25
fhtimes.com	12435	2026-06-28
fibre2fashion.com	15979	2026-06-02
fiercebiotech.com	5682	2026-06-16
fiercepharma.com	5605	2026-06-19
fifetoday.co.uk	14548	2025-01-23
fijilive.com	17738	2025-04-23
fijisun.com.fj	15958	2026-06-28
fijitimes.com	45574	2023-11-30
fijivillage.com	46612	2026-06-28
file770.com	20882	2026-06-28
fillmorecountyjournal.com	7574	2026-06-23
film-news.co.uk	50870	2026-06-28
filmfare.com	22729	2026-06-28
filmibeat.com	47746	2026-06-28
fin24.com	6131	2020-06-05
finance-commerce.com	15997	2026-06-03
financial-news.co.uk	11834	2026-06-28
financial-planning.com	10982	2026-06-27
financialbuzz.com	18207	2025-09-03
financialcontent.com	216338	2026-06-28
financialpost.com	51432	2026-06-27
financialstandard.com.au	7425	2025-01-23
finanzen.ch	35037	2026-06-28
finanzen.net	5401	2026-06-18
finanznachrichten.de	761479	2026-06-28
finchannel.com	6027	2026-06-26
finextra.com	9191	2025-12-08
fingerlakes1.com	59998	2026-06-28
finsmes.com	35430	2025-06-09
firehouse.com	7293	2026-06-28
firerescue1.com	11808	2026-06-28
firetrench.com	6866	2021-10-26
firstalert4.com	19446	2026-06-28
firstalert7.com	5288	2026-06-28
firstcoastnews.com	63319	2026-06-05
firstlightradio.com	26626	2024-02-14
firstpost.com	146450	2026-03-17
firstshowing.net	12034	2026-06-28
fitsnews.com	6011	2026-06-28
fitzhugh.ca	40958	2025-08-29
flaglerlive.com	13164	2026-06-28
flagpole.com	6054	2026-05-20
flanews.com	6192	2025-11-07
flcourier.com	8052	2026-06-27
fleetworld.co.uk	6844	2026-06-26
flickeringmyth.com	32113	2026-06-28
flightglobal.com	22088	2026-06-28
floppingaces.net	14162	2026-02-11
floridanewswire.com	8784	2026-06-26
floridapolitics.com	10589	2026-04-06
floridastatesman.com	61027	2026-06-28
floridatoday.com	13611	2023-09-11
floridatrend.com	5325	2026-06-26
floridaweekly.com	15397	2026-06-28
floydct.com	15806	2026-06-28
fltimes.com	22946	2026-06-28
fly92.com	5204	2026-06-28
flyingmag.com	9232	2026-06-27
fm104.ie	17130	2026-06-28
fm96.com	8091	2026-06-25
fm99.com	5645	2026-06-26
fnarena.com	17895	2026-06-17
focusdailynews.com	6956	2026-06-25
focustaiwan.tw	58709	2026-06-28
fohonline.com	5228	2026-06-26
fonearena.com	18491	2026-06-27
fontanaheraldnews.com	11907	2026-06-24
foodandwine.com	5391	2026-02-23
foodbev.com	9265	2026-06-26
fooddive.com	6936	2026-06-26
foodmanufacture.co.uk	7321	2026-06-26
foodnavigator-usa.com	7274	2026-06-26
foodnavigator.com	6982	2026-06-26
foodsafetynews.com	5011	2026-06-28
fool.ca	50441	2026-06-04
fool.co.uk	40206	2026-05-12
fool.com	355565	2026-06-28
fool.com.au	49200	2026-06-04
football.london	13513	2023-02-02
football365.com	5098	2023-02-02
footwearnews.com	13853	2025-05-13
forbes.com	611903	2026-06-28
forbesadvocate.com.au	27223	2026-06-28
forbesindia.com	9478	2026-06-22
forcechange.com	8009	2026-06-28
forconstructionpros.com	13234	2025-12-29
ford-trucks.com	36815	2025-08-25
foreignaffairs.co.nz	50515	2025-01-23
foreignpolicy.com	16208	2026-06-27
forexcrunch.com	25695	2026-02-02
forexlive.com	77319	2025-07-19
forextv.com	134608	2025-08-05
formula1.com	17666	2026-06-28
forsythnews.com	6805	2026-06-28
fortmcmurraytoday.com	14141	2026-06-28
fortmorgantimes.com	29932	2026-06-28
fortsaskatchewanrecord.com	14947	2026-06-28
fortune.com	43036	2026-06-28
fortworthbusiness.com	9085	2026-06-26
forward.com	24748	2026-06-28
fosters.com	9701	2023-09-11
foundry-planet.com	5113	2026-06-26
fourfourtwo.com	25039	2026-06-28
fox1023.com	18019	2026-06-23
fox10phoenix.com	89623	2026-06-28
fox10tv.com	34482	2026-06-28
fox11online.com	42291	2026-06-28
fox13memphis.com	38763	2026-06-28
fox13news.com	56672	2026-06-28
fox13now.com	35123	2026-06-28
fox13seattle.com	26252	2026-06-28
fox17.com	37876	2026-06-28
fox17online.com	63051	2026-06-28
fox19.com	37426	2026-06-28
fox21online.com	30954	2026-06-28
fox23.com	34206	2026-06-28
fox23maine.com	45986	2026-06-28
fox26houston.com	66457	2026-06-28
fox29.com	75214	2026-06-28
fox2detroit.com	54451	2026-06-28
fox2now.com	9453	2025-07-02
fox32chicago.com	88195	2026-06-28
fox34.com	26979	2026-06-28
fox35orlando.com	91533	2026-06-28
fox40.com	5235	2025-07-03
fox42kptm.com	8159	2026-06-27
fox43.com	71906	2026-06-25
fox4beaumont.com	30769	2026-06-28
fox4kc.com	7267	2025-07-02
fox4news.com	59067	2026-06-28
fox56.com	35265	2026-06-28
fox59.com	7441	2025-11-18
fox5atlanta.com	91702	2026-06-28
fox5dc.com	63072	2026-06-28
fox5ny.com	68855	2026-06-28
fox5vegas.com	23800	2026-06-28
fox61.com	63743	2026-06-06
fox6now.com	84296	2026-06-28
fox7austin.com	71987	2026-06-28
fox8.com	7734	2026-05-31
fox8live.com	30305	2026-06-28
fox8tv.com	13703	2026-06-26
fox9.com	53892	2026-06-28
fox969.com	18247	2026-06-28
foxbaltimore.com	45879	2026-06-28
foxbangor.com	60883	2026-06-28
foxbusiness.com	76358	2026-06-28
foxcarolina.com	30930	2026-06-28
foxcincinnati.com	9191	2026-06-28
foxillinois.com	29182	2026-06-27
foxla.com	67551	2026-06-28
foxnews.com	369164	2026-06-28
foxradiook.com	11441	2026-06-12
foxreno.com	29719	2026-06-28
foxrochester.com	26529	2026-06-28
foxsanantonio.com	46259	2026-06-28
foxsports.com.au	6342	2023-07-05
foxtel.com.au	12343	2026-06-23
foxwilmington.com	39113	2026-06-28
foxy99.com	13496	2026-06-28
france24.com	167191	2026-02-12
franklinfavorite.com	27473	2026-06-26
frasercoastchronicle.com.au	46313	2021-04-28
fredericknewspost.com	41589	2026-06-28
fredericksburg.com	57098	2026-06-28
freebeacon.com	20402	2026-06-28
freedom929.com	10204	2026-06-23
freedom95.us	6421	2026-06-25
freedom970.com	7942	2026-06-25
freemalaysiatoday.com	93733	2026-06-28
freep.com	46354	2024-06-25
freepressjournal.in	424970	2026-06-28
freepressseries.co.uk	90109	2026-06-28
freerepublic.com	475258	2026-06-28
freestonecountytimesonline.com	5127	2026-06-26
freethoughtblogs.com	6318	2026-06-28
freightwaves.com	6759	2026-01-21
freightweek.org	5123	2026-06-26
fremonttribune.com	72074	2026-06-28
freshfruitportal.com	9006	2026-06-26
freshplaza.com	82082	2026-06-27
fresnobee.com	5973	2024-07-17
frieze.com	5071	2026-01-28
froggy1003.com	11323	2026-06-22
froggy929.com	10680	2025-05-24
froggyweb.com	26320	2026-06-27
frontiersman.com	8569	2026-06-10
frontpagemag.com	21141	2026-05-29
fruitnet.com	10024	2025-09-04
ft.com	12476	2026-02-05
ft.lk	45674	2026-06-27
ftadviser.com	14442	2026-06-26
ftnnews.com	15128	2026-06-04
ftvlive.com	12601	2026-06-28
fudzilla.com	5476	2026-01-06
fukuoka-now.com	5970	2026-06-27
fultonsun.com	10964	2026-06-27
fun107.com	26229	2026-06-28
funds-europe.com	7616	2026-06-26
fundsforngos.org	21575	2026-06-26
funkytaurusmedia.com	142971	2026-06-28
furninfo.com	7158	2025-09-04
furnituretoday.com	11167	2026-06-04
futaa.com	15659	2020-11-27
futurity.org	10372	2026-06-25
fwi.co.uk	18883	2026-06-28
fwweekly.com	5562	2026-06-26
fxempire.com	10506	2026-03-09
fxstreet.com	125442	2026-03-05
gadget.co.za	6718	2026-06-28
gadgetsmagazine.com.ph	5935	2026-06-27
gadsdentimes.com	8135	2023-09-11
gainesville.com	15883	2023-09-11
gainesvilleregister.com	6824	2026-06-28
gainesvilletimes.com	11149	2026-06-27
galesburg.com	6937	2023-09-11
galusaustralis.com	7671	2020-08-18
galvnews.com	41631	2026-06-27
galwaybayfm.ie	21352	2026-06-28
gamasutra.com	12921	2022-06-24
gamenguide.com	6494	2026-06-27
gamepur.com	22146	2024-08-14
gamerant.com	130178	2026-06-28
gameranx.com	19043	2026-06-26
gamereactor.eu	23780	2026-06-28
gamerevolution.com	10445	2026-06-25
gamesindustry.biz	19042	2026-06-26
gamespot.com	45822	2026-01-20
gamesradar.com	62871	2026-06-28
gamewatcher.com	5113	2026-06-28
gamingbolt.com	18600	2026-06-28
gananoquereporter.com	39007	2026-06-28
ganggreennation.com	8348	2026-06-28
gardenandgun.com	5166	2026-06-25
garoweonline.com	7697	2026-06-28
gasgoo.com	15365	2026-06-28
gastongazette.com	9600	2023-09-11
gasworld.com	10705	2026-05-24
gator995.com	17488	2026-06-26
gattonstar.com.au	44798	2021-04-28
gaytimes.co.uk	10016	2024-05-06
gazette-news.co.uk	144345	2026-06-28
gazette.com	189121	2026-06-28
gazetteandherald.co.uk	117606	2026-06-28
gazetteherald.co.uk	140289	2026-06-28
gazettejournal.net	6174	2026-06-24
gazettelive.co.uk	90227	2026-06-28
gazettenet.com	36404	2026-06-27
gazetteseries.co.uk	115808	2026-06-28
gazettetimes.com	49323	2026-06-26
gazettextra.com	52894	2026-06-28
gbtribune.com	12811	2026-06-26
gcaptain.com	18884	2026-06-28
gcmaz.com	12608	2026-06-28
gctelegram.com	8448	2026-06-27
gdnonline.com	164467	2026-06-28
gds.ro	6100	2024-11-05
gearjunkie.com	11868	2026-06-27
geeky-gadgets.com	47235	2026-06-28
geelongadvertiser.com.au	105358	2026-06-28
geneamusings.com	8103	2026-06-28
genengnews.com	9392	2026-06-04
geneticliteracyproject.org	10187	2026-03-20
geo.tv	151288	2026-06-28
geograph.org.uk	6215	2024-07-13
georgeherald.com	31756	2026-06-28
georgiatoday.ge	14772	2026-06-27
geosuper.tv	33576	2026-06-28
getreading.co.uk	50971	2024-05-03
getreligion.org	6582	2024-02-02
getsurrey.co.uk	86911	2026-06-28
gettysburgtimes.com	31265	2026-06-27
ggrasia.com	7758	2026-06-26
ghanafa.org	6428	2026-06-28
ghanaiantimes.com.gh	41131	2026-06-27
ghanamma.com	119745	2026-06-28
ghananewsagency.org	7849	2020-05-06
ghanaweb.com	247740	2026-03-03
ghettoradio.co.ke	9663	2026-06-28
giants.com	7421	2026-06-25
gigulate.com	36126	2026-05-21
gigwise.com	5195	2026-06-28
gillettenewsrecord.com	39184	2026-06-27
gilmermirror.com	24176	2026-06-28
giornaledibrescia.it	8277	2026-04-11
girlslife.com	6450	2026-06-28
gisborneherald.co.nz	15364	2025-02-04
gisuser.com	9900	2026-06-27
github.com	10136	2026-06-28
gizbot.com	5599	2026-06-28
gizchina.com	40872	2026-06-28
gizmochina.com	11012	2026-03-19
gizmodo.co.uk	9499	2020-09-09
gizmodo.com	53794	2026-06-28
gizmodo.com.au	32551	2024-07-11
gjsentinel.com	106317	2026-06-28
gladstoneobserver.com.au	52613	2021-06-23
glamour.com	14708	2026-06-28
glamsham.com	60616	2026-06-28
glasgowtimes.co.uk	188850	2026-06-28
glasgowworld.com	9356	2025-01-23
glassonweb.com	8842	2026-06-27
gleninnesexaminer.com.au	44808	2026-06-28
glidemagazine.com	8145	2026-06-28
globalcapital.com	15451	2025-10-20
globalcement.com	7937	2026-06-26
globalissues.org	9607	2026-06-28
globalnews.ca	149204	2026-06-28
globalsecurity.org	140222	2026-06-28
globalsistersreport.org	5891	2026-06-27
globaltimes.cn	57492	2026-06-28
globalvoices.org	6961	2026-06-28
globegazette.com	55200	2026-06-28
globenewswire.com	285961	2025-11-14
globes.co.il	15391	2026-06-28
gloucesteradvocate.com.au	58061	2026-06-28
gloucestershirelive.co.uk	11049	2026-05-13
gloucestertimes.com	34048	2026-06-28
gmatclub.com	29293	2025-11-20
gmauthority.com	17532	2025-11-18
gmenhq.com	6062	2026-06-28
gna.org.gh	11444	2026-02-22
gnnliberia.com	13853	2026-06-27
go.com	359868	2026-02-10
go955.com	17481	2024-10-08
goal.com	111252	2026-03-19
gobankingrates.com	23006	2026-06-27
gocomics.com	23592	2025-08-13
gocountry105.com	10709	2026-06-26
godanriver.com	49546	2026-06-27
goderichsignalstar.com	22458	2026-06-28
goerie.com	15023	2023-09-11
goldcoastbulletin.com.au	141462	2024-07-30
goldderby.com	19942	2026-06-28
goldseiten.de	22114	2026-03-23
golocalprov.com	16316	2026-06-28
goodereader.com	5334	2026-06-28
goodhousekeeping.com	17053	2026-06-28
goodmenproject.com	69387	2025-01-23
gopusa.com	16072	2025-01-21
gosanangelo.com	5421	2023-09-11
goshennews.com	82861	2026-06-28
goskagit.com	265844	2026-06-28
goss.ie	40527	2026-06-28
gossipcop.com	5937	2021-09-01
gothamist.com	21913	2026-06-28
goulburnpost.com.au	92420	2026-06-28
goupstate.com	13769	2026-05-17
gov.uk	110635	2026-06-27
govconwire.com	8356	2026-06-26
governing.com	13618	2026-06-27
governorswindenergycoalition.org	6900	2026-06-28
govexec.com	12175	2026-06-27
govinfosecurity.com	15508	2026-06-27
govtech.com	20439	2026-06-28
gowatertown.net	27092	2026-06-26
gpb.org	14854	2026-06-27
gponline.com	5492	2026-06-28
gq-magazine.co.uk	12186	2026-06-26
gq.co.za	5051	2026-06-28
gq.com	12461	2026-06-28
gqindia.com	9391	2026-06-28
grainews.ca	6978	2025-05-22
grandforksgazette.ca	28467	2026-06-28
grandforksherald.com	72585	2026-06-28
grandhaventribune.com	18480	2026-06-28
grandprix.com	9296	2026-06-28
grandprix247.com	19226	2026-06-28
grandrapidsmn.com	30984	2026-06-28
granthamjournal.co.uk	6444	2023-12-04
graphic.com.gh	61011	2026-06-28
gratefulweb.com	24046	2026-06-28
graziadaily.co.uk	5049	2026-02-03
grbj.com	6001	2023-04-15
greanvillepost.com	8954	2026-06-28
great98.net	10150	2022-09-19
greatbendpost.com	33779	2026-06-28
greaterbelize.com	5280	2026-06-28
greatfallstribune.com	6218	2023-09-08
greatlakesadvocate.com.au	58670	2026-06-28
greekcitytimes.com	18898	2026-03-10
greekherald.com	60920	2026-06-28
greekreporter.com	30344	2026-06-07
greeleytribune.com	34768	2026-06-28
greenbaypressgazette.com	11617	2023-09-11
greencarcongress.com	11692	2024-07-30
greenevillesun.com	19466	2026-06-28
greenfieldreporter.com	43235	2025-05-15
greenleft.org.au	8053	2026-06-27
greenocktelegraph.co.uk	125610	2026-06-28
greensboro.com	56274	2026-06-28
greensburgdailynews.com	40003	2026-06-28
greenvilleonline.com	6965	2023-09-11
greenwichfreepress.com	6824	2026-06-28
greenwichtime.com	135194	2025-06-12
grenadachronicle.com	17236	2026-06-28
grenfellrecord.com.au	26004	2026-06-28
grimsbytelegraph.co.uk	76565	2026-06-28
grmdaily.com	11485	2026-06-28
groove993.com	11369	2026-06-19
ground.news	19048	2025-01-25
groundup.org.za	8378	2026-06-28
gsmarena.com	42170	2026-06-28
guampdn.com	50890	2026-06-28
guardian-series.co.uk	96071	2026-06-28
guardian.co.tt	46822	2026-06-28
guardian.ng	78980	2026-04-05
guelphmercury.com	9389	2026-06-28
guernicamag.com	7427	2026-06-16
guernseypress.com	79415	2026-06-28
guitarworld.com	16515	2026-06-28
gulf-times.com	55407	2026-06-28
gulf104.com	21499	2026-06-28
gulfbusiness.com	19994	2026-04-03
gulfcoastmedia.com	7587	2026-06-28
gulfcoastnewsnow.com	22360	2026-06-28
gulfnews.com	193640	2026-06-28
gulftoday.ae	52129	2026-03-19
gulte.com	38969	2026-06-28
gurlstudio.com	5527	2023-02-20
guyanachronicle.com	6750	2020-07-23
gvnews.com	8830	2026-06-27
gwdtoday.com	125393	2025-11-04
gwhatchet.com	8595	2026-06-26
gwinnettdailypost.com	84601	2026-06-28
gx94radio.com	25413	2026-06-28
gympietimes.com.au	53769	2021-04-28
haaretz.com	63760	2026-06-28
haberx.com	6873	2025-09-08
habseyesontheprize.com	6525	2026-06-28
hackaday.com	10623	2026-06-28
hackneygazette.co.uk	29364	2026-06-27
haitilibre.com	9801	2026-06-28
haitisun.com	47821	2026-06-28
halesowennews.co.uk	139271	2026-06-28
halfwheel.com	11232	2026-06-28
halifax.citynews.ca	6698	2025-10-14
halifaxcourier.co.uk	18225	2025-01-23
haligonia.ca	5276	2026-06-28
hallmarknews.com	15301	2026-06-28
halsteadgazette.co.uk	120910	2026-06-28
hamhigh.co.uk	54392	2026-06-28
hamodia.com	8109	2023-02-02
hampshirechronicle.co.uk	145067	2026-06-28
hampshirereview.com	7399	2026-06-25
hancinema.net	57954	2026-06-28
hanfordsentinel.com	24961	2026-06-28
hani.co.kr	11077	2026-06-28
hannaherald.com	8710	2026-06-28
hannibal.net	11128	2026-06-27
hannity.com	16403	2026-06-27
hapakenya.com	9123	2026-06-24
hapblog.com	8337	2025-05-22
harboroughmail.co.uk	11120	2025-01-23
hardcoregamer.com	13189	2026-06-26
hardenexpress.com.au	45607	2026-06-28
harnesslink.com	28151	2026-06-27
harpersbazaar.com	24419	2026-06-28
harringayonline.com	46615	2026-06-28
harrisondaily.com	22121	2026-06-28
harrogateadvertiser.co.uk	15619	2025-01-23
harrowtimes.co.uk	93638	2026-06-28
hartenergy.com	8026	2025-09-18
hartfordbusiness.com	20518	2026-06-26
hartfordcitynewstimes.com	37077	2026-06-28
hartlepoolmail.co.uk	13236	2025-01-23
harvard.edu	14162	2026-06-26
harwichandmanningtreestandard.co.uk	124082	2026-06-28
hauraki.co.nz	9204	2026-06-28
havanatimes.org	6531	2026-06-28
havasunews.com	36313	2026-06-28
hawaii.edu	8557	2026-06-28
hawaiinewsnow.com	42331	2026-06-28
hawaiipublicradio.org	26283	2026-06-27
hawaiitelegraph.com	121111	2026-06-28
hawaiitribune-herald.com	18252	2026-06-28
hawkesburygazette.com.au	56749	2025-07-28
hayspost.com	31533	2026-06-28
hazard-herald.com	27861	2026-06-28
hcamag.com	9593	2026-06-26
hccommunityjournal.com	9608	2026-06-28
hcplive.com	11811	2026-03-27
hd983.com	16108	2026-06-26
hdnews.net	6721	2026-06-20
headlineplanet.com	8648	2026-06-28
healio.com	38489	2026-06-28
health.com	6689	2026-03-17
healthcanal.com	7276	2025-02-04
healthcaredive.com	7637	2026-06-26
healthcarefinancenews.com	5465	2026-06-03
healthcareitnews.com	14929	2026-06-04
healthday.com	6588	2026-06-26
healthleadersmedia.com	15922	2026-06-26
heart.co.uk	21057	2026-06-27
heartfm.ca	13493	2026-06-26
heaven1460.com	9103	2026-06-22
heavy.com	23260	2026-06-18
hedgeweek.com	6175	2026-05-20
helenair.com	63912	2026-06-28
helihub.com	5597	2024-07-26
hellenicshippingnews.com	158638	2026-06-28
hellobeautiful.com	5249	2026-06-28
hellomagazine.com	104167	2026-06-28
helsinkitimes.fi	6289	2026-06-28
hemeltoday.co.uk	10711	2025-01-23
hendersondispatch.com	15869	2026-06-28
hendersonvillelightning.com	6274	2026-06-27
henleystandard.co.uk	10830	2026-06-28
henricocitizen.com	5688	2026-06-28
henryherald.com	63890	2026-06-25
hepburnadvocate.com.au	47301	2026-06-28
her.ie	53028	2026-06-26
herald-citizen.com	11366	2026-06-27
herald-dispatch.com	52969	2026-06-28
herald-review.com	67649	2026-06-28
herald-zeitung.com	14076	2026-06-27
herald.co.zw	61471	2025-01-23
heraldandnews.com	22837	2026-06-27
heraldbanner.com	8739	2026-06-28
heraldbulletin.com	61029	2026-06-28
heraldcourier.com	40923	2026-06-25
heralddemocrat.com	9146	2026-06-22
heraldextra.com	19385	2026-06-28
heraldglobe.com	147992	2026-06-28
heraldgoa.in	13743	2026-06-28
heraldlive.co.za	30798	2025-01-25
heraldmailmedia.com	43614	2023-09-11
heraldmalaysia.com	22801	2026-03-11
heraldnet.com	17928	2026-06-28
heraldnews.com	11208	2023-09-11
heraldpalladium.com	36296	2026-06-28
heraldscotland.com	144469	2026-06-28
heraldseries.co.uk	131517	2026-06-28
heraldstandard.com	19644	2026-06-28
heraldstaronline.com	20388	2026-06-28
heraldsun.com.au	122647	2024-07-31
heraldtribune.com	22337	2023-09-11
herefordtimes.com	65882	2026-06-28
heritagefl.com	9857	2026-06-25
hermistonherald.com	7467	2026-06-28
hertfordshiremercury.co.uk	22775	2025-11-04
hertsad.co.uk	38303	2026-06-28
hexham-courant.co.uk	127641	2026-06-28
hexus.net	6999	2025-02-25
hiawathaworldonline.com	37470	2026-06-24
hickoryrecord.com	49197	2026-06-28
hiddenremote.com	6448	2026-06-28
highlandcountypress.com	23678	2026-06-28
highlandradio.com	52861	2026-06-28
highrivertimes.com	8876	2026-06-28
highschoolot.com	5755	2026-06-09
highsnobiety.com	21699	2026-06-28
hillingdontimes.co.uk	118085	2026-06-28
hillsdale.net	5253	2023-09-11
hilltimes.com	7653	2026-06-28
hindi.cri.cn	9336	2026-06-28
hindustantimes.com	501444	2026-06-28
hiphopdx.com	39549	2026-05-18
hiphopnc.com	11212	2026-06-28
hiphopwired.com	11453	2026-06-26
hirunews.lk	7226	2026-03-05
history.com	12081	2026-06-28
historyextra.com	5217	2026-06-28
hitconsultant.net	9173	2026-06-26
hits1053sanantonio.com	6478	2026-06-27
hits96.com	18074	2026-06-28
hits973.com	9339	2026-06-27
hitsfm.net	43924	2026-06-27
hjnews.com	24552	2026-06-27
hltv.org	128348	2025-08-12
hngn.com	50338	2026-06-28
hngnews.com	42812	2026-06-28
hoganstand.com	25979	2026-06-28
hogshaven.com	9782	2026-06-27
hola.com	23160	2026-06-28
hollandsentinel.com	16685	2023-09-10
hollywoodlife.com	31449	2026-06-24
hollywoodreporter.com	69131	2026-06-28
homelandsecuritynewswire.com	9063	2026-06-28
homenewshere.com	65505	2026-06-28
homernews.com	5097	2026-06-25
hometownregister.com	114913	2026-06-28
hometownsource.com	74619	2026-06-28
hometownstation.com	23756	2026-06-28
hometownstations.com	71833	2026-06-28
hongkongherald.com	45956	2026-06-28
honisoit.com	6503	2026-06-28
honolulumagazine.com	9292	2026-06-28
hoodline.com	5815	2025-01-23
hopestandard.com	37686	2026-06-28
horseandhound.co.uk	18569	2026-06-28
hortweek.com	23074	2026-06-27
hospitalitydesign.com	5819	2026-06-28
hospitalitynet.org	56901	2026-06-28
hot101.com	10394	2026-06-28
hot1017.com	6653	2025-01-24
hot1029.com	15047	2026-06-27
hot1033.com	9145	2026-06-28
hot1047.com	28184	2026-06-26
hot105fm.com	6746	2026-06-26
hot1077radio.com	8949	2026-06-28
hot96.com	33862	2026-06-28
hot967.fm	5584	2023-03-17
hot967fm.com	26444	2026-06-27
hot969boston.com	24523	2026-06-28
hot97.com	17156	2026-06-28
hot975fm.com	16719	2026-06-28
hotair.com	90598	2026-06-28
hotaugusta.com	14392	2026-06-28
hotcountrybull.com	7573	2024-01-26
hoteliermiddleeast.com	7467	2023-03-21
hotelnewsresource.com	10672	2026-06-27
hotelscombined.com	5926	2026-06-23
hothardware.com	11270	2026-06-26
hotpress.com	15460	2026-06-28
hotspotatl.com	10471	2026-06-28
houmatoday.com	11760	2023-09-11
houseandgarden.co.uk	6208	2026-06-26
housebeautiful.com	11173	2026-06-28
housingwire.com	15752	2026-06-28
houstonchronicle.com	122357	2025-07-23
houstonherald.com	13074	2026-06-26
houstoniamag.com	5665	2026-06-28
houstonpress.com	7542	2026-06-28
houstonpublicmedia.org	28451	2026-06-28
houstontexans.com	5240	2026-06-27
howestreet.com	10882	2026-06-28
howstuffworks.com	14191	2026-04-20
howtogeek.com	29302	2026-06-28
hpherald.com	5613	2026-06-25
hpj.com	14317	2026-06-28
hppr.org	49071	2026-06-28
hpr2.org	8519	2021-06-02
hrmagazine.co.uk	19243	2026-05-29
hrreporter.com	6578	2026-06-26
hrw.org	11827	2026-06-27
hsj.co.uk	13651	2025-09-05
htrnews.com	10229	2023-09-11
htsstlucia.org	6064	2026-06-27
htxt.co.za	11807	2026-06-26
hub-4.com	6149	2026-06-26
hubcityradio.com	7770	2026-06-28
hubspot.com	7637	2026-06-25
hucknalldispatch.co.uk	11608	2025-01-23
hudsoncountyview.com	10347	2026-06-28
hudsonreporter.com	7874	2026-04-24
hudsonstarobserver.com	6040	2026-06-26
hudsonvalley360.com	28171	2024-04-23
hudsonvalleycountry.com	43187	2026-06-28
huffingtonpost.ca	6676	2021-03-09
huffingtonpost.co.uk	40415	2026-06-28
huffpost.com	59769	2026-06-27
hulldailymail.co.uk	100949	2026-06-28
human-wrongs-watch.net	5228	2026-03-01
humanevents.com	9123	2026-06-27
humanitariannews.org	105823	2021-09-28
humanresourcesonline.net	7704	2026-06-26
humboldtjournal.ca	32771	2021-07-29
hungarytoday.hu	24612	2026-06-28
huntspost.co.uk	39111	2026-06-28
hurriyetdailynews.com	43346	2026-06-28
hutchnews.com	11848	2023-09-10
hydrocarbonprocessing.com	13438	2026-06-27
hypebeast.com	63481	2026-02-15
hypebot.com	12770	2026-06-26
hyperallergic.com	9985	2026-06-27
i1071.com	8884	2021-04-30
i24news.tv	27096	2026-06-28
i95rock.com	15422	2026-06-28
i95rocks.com	19037	2026-06-27
iafrica.com	22315	2026-06-26
iam-media.com	5328	2026-03-21
ianslive.in	293286	2026-06-28
ibcworldnews.com	24234	2026-06-28
iberianet.com	8444	2022-06-22
iberkshires.com	36006	2026-06-28
iberonews.com	5989	2026-06-26
ibinews.com	10505	2025-09-04
ibj.com	7837	2026-06-26
ibtimes.co.in	57290	2026-06-28
ibtimes.co.uk	68988	2026-06-28
ibtimes.com	191645	2026-06-28
ibtimes.com.au	30798	2026-06-28
ibtimes.sg	7279	2026-03-16
icaew.com	8045	2026-06-27
icenews.is	9612	2026-06-28
iconnect007.com	14962	2026-06-11
icsf.net	13014	2026-06-26
idahobusinessreview.com	7707	2026-06-04
idahopress.com	78469	2026-06-28
idahostatejournal.com	91248	2026-06-28
idahostatesman.com	5302	2024-07-30
ideastream.org	18764	2026-06-28
idg.com.au	6314	2023-02-14
idrw.org	65218	2026-06-28
idsnews.com	12653	2026-06-25
ieyenews.com	17503	2026-03-17
ifa.com.au	6640	2026-06-25
ifamagazine.com	11527	2026-01-16
ifiberone.com	57438	2023-02-15
igamingbusiness.com	14873	2026-06-27
igberetvnews.com	7537	2025-11-26
ign.com	79808	2026-06-28
iheart.com	14883908	2026-06-28
ijpr.org	32298	2026-06-28
ijr.com	5157	2026-03-19
ilfordrecorder.co.uk	29152	2026-06-27
illawarramercury.com.au	97162	2026-06-28
illinoistimes.com	9367	2026-06-28
ilonggotechblog.com	9730	2026-06-23
ilovebobfm.com	9421	2026-06-28
iloveqatar.net	6388	2025-11-27
imemc.org	10045	2026-06-28
imore.com	27836	2025-05-23
imparcialoaxaca.mx	5071	2026-04-01
impartialreporter.com	117774	2026-06-28
imt.ie	5786	2026-06-27
in-cumbria.com	14632	2026-06-28
in.gr	6855	2026-06-28
inc.com	5320	2025-08-22
inc42.com	11305	2024-02-02
indaily.com.au	8422	2025-01-20
indcatholicnews.com	9008	2026-06-28
inddist.com	9485	2025-10-03
indeonline.com	8553	2023-09-11
independantexpress.com	14258	2026-02-17
independent.co.uk	256920	2026-06-28
independent.com	16790	2026-06-28
independent.ie	289738	2026-05-19
independentnews.com	25023	2026-06-28
independentsentinel.com	45911	2026-06-10
independenttribune.com	46349	2026-06-27
india.com	282169	2026-02-23
indiablooms.com	34359	2026-06-28
indiaeducationdiary.in	56872	2026-06-28
indiagazette.com	252994	2026-06-28
indiainfoline.com	11735	2026-06-25
indianagazette.com	5626	2026-03-19
indianapolisrecorder.com	5862	2026-04-02
indianautosblog.com	9005	2026-06-26
indiancooperative.com	13961	2026-06-28
indianewengland.com	27376	2026-06-27
indianexpress.com	475002	2026-06-28
indiantelevision.com	24132	2025-01-23
indianweekender.co.nz	14326	2026-06-28
indiapost.com	10172	2026-06-27
indiatimes.com	2583686	2026-06-28
indiatvnews.com	126657	2026-06-28
indiawest.com	25524	2026-06-22
indiedb.com	15816	2025-11-16
indiewire.com	16129	2026-06-27
indonesiatribune.com	16810	2026-06-17
industrialinfo.com	9984	2026-06-27
industrytoday.co.uk	5784	2024-08-30
indysmix.com	10618	2026-06-28
indystar.com	25111	2023-09-11
indyweek.com	5238	2026-02-12
inews.co.uk	6840	2026-06-09
inewsgr.com	12522	2026-06-28
infiniteunknown.net	11693	2025-04-11
infonews.co.nz	8550	2026-06-28
inform.kz	15122	2023-09-17
informationng.com	36792	2026-06-28
informationweek.com	6815	2026-06-27
inforum.com	95899	2026-06-28
infosecurity-magazine.com	11561	2026-06-26
infotechlead.com	6376	2026-06-26
infotel.ca	204502	2026-05-01
infowars.com	37273	2025-06-05
infoworld.com	9313	2026-06-26
inlander.com	12936	2026-06-25
inlandnewstoday.com	17197	2026-06-27
inman.com	20672	2026-06-28
inmaricopa.com	9034	2026-06-28
innovationintextiles.com	5563	2026-06-26
innovationtoronto.com	12603	2025-07-14
inquirer.com	76377	2026-06-28
inquirer.net	247851	2026-06-28
inquisitr.com	72061	2025-05-14
insidebitcoins.com	25593	2026-06-15
insideclimatenews.org	5881	2026-06-23
insideedition.com	15008	2025-09-11
insideevs.com	27358	2026-06-28
insidefutbol.com	16516	2026-06-28
insidefutures.com	7921	2020-12-29
insidehalton.com	12728	2026-06-28
insidehighered.com	9322	2026-05-12
insideindianabusiness.com	20965	2026-06-27
insidelacrosse.com	6347	2024-12-01
insidenova.com	68706	2026-06-28
insideottawavalley.com	8586	2026-06-28
insidepulse.com	6885	2026-06-25
insider.com	15591	2024-01-08
insideretail.asia	8629	2026-06-26
insidermedia.com	8897	2025-01-23
insidermonkey.com	169689	2026-06-28
insidethegames.biz	24663	2024-09-13
insidetheiggles.com	6937	2026-06-28
insightnews.com	6507	2026-06-27
institutionalinvestor.com	6333	2025-12-11
instyle.com	18917	2026-03-17
insuranceage.co.uk	7734	2026-06-19
insurancebusinessmag.com	29686	2026-06-26
insuranceinsider.com	7689	2026-06-15
insurancejournal.com	71243	2026-06-28
insurancenewsnet.com	70667	2026-06-04
integra927.com	5224	2024-06-03
intelligencer.ca	48313	2026-06-28
intelligentinsurer.com	11820	2026-06-23
interest.co.nz	14030	2026-06-28
interestingengineering.com	6703	2026-03-19
interfax.com	40978	2026-03-19
interfax.com.ua	59406	2026-06-27
intergameonline.com	15693	2026-05-17
interior-news.com	27404	2026-06-28
interlochenpublicradio.org	35315	2026-06-28
international-adviser.com	7856	2026-06-26
internationaltimes.it	5713	2026-06-27
intouchweekly.com	13014	2026-06-27
intrafish.com	14503	2026-06-26
inverelltimes.com.au	52456	2026-06-28
inverness-courier.co.uk	79291	2026-06-28
investegate.co.uk	543449	2026-06-26
investing.com	84818	2026-03-26
investinglive.com	13710	2026-06-28
investingnews.com	18566	2026-06-26
investmentexecutive.com	17964	2026-06-28
investmentnews.com	16005	2026-06-27
investmentwatchblog.com	55246	2026-06-26
investmentweek.co.uk	18070	2026-06-25
investopedia.com	18705	2026-03-17
investordaily.com.au	10101	2026-06-24
investorideas.com	8074	2026-06-26
investorplace.com	21401	2026-06-26
investors.com	45743	2026-06-27
investorschronicle.co.uk	12105	2026-06-26
invezz.com	37889	2025-09-23
inyourpocket.com	5310	2026-06-28
iol.co.za	227944	2025-01-23
iomtoday.co.im	26941	2026-06-28
iowapublicradio.org	49297	2026-06-28
iowastatedaily.com	6737	2026-06-25
ipe.com	9537	2025-09-04
ipolitics.ca	10831	2025-04-24
ipowerrichmond.com	12422	2026-06-28
ippmedia.com	8175	2025-02-26
ipsnews.net	17870	2026-06-27
ipswichadvertiser.com.au	21261	2020-06-29
ipswichstar.co.uk	91003	2026-06-28
ipwatchdog.com	9067	2026-06-26
iradio.ie	8788	2026-06-23
iranherald.com	66669	2026-06-28
iranoilgas.com	6904	2026-06-28
iraqsun.com	79766	2026-06-28
irasciblemusings.com	20726	2024-01-20
irishamerica.com	6786	2026-06-24
irishcentral.com	18950	2026-06-28
irishdentist.ie	6220	2026-06-28
irishecho.com	5407	2026-06-27
irishexaminer.com	118849	2026-06-28
irishmirror.ie	172722	2026-06-28
irishnews.com	84120	2026-06-28
irishsun.com	47298	2026-06-28
irishtimes.com	218273	2026-06-28
ironmountaindailynews.com	24173	2026-06-28
irrawaddy.com	10690	2025-12-09
irrigator.com.au	51116	2026-06-28
irvinetimes.com	91750	2026-06-28
islamicinvitationturkey.com	11909	2026-06-28
island.lk	53133	2026-06-28
islandpacket.com	5017	2024-07-29
islands.com	22963	2026-06-28
islingtongazette.co.uk	28819	2026-06-27
islingtontribune.co.uk	6059	2026-06-26
ispreview.co.uk	5448	2026-06-26
israelherald.com	35965	2026-06-28
israelnationalnews.com	243536	2026-06-28
israeltoday.co.il	6119	2025-04-16
isthmus.com	15406	2026-06-28
it-online.co.za	81107	2026-06-27
italian.cri.cn	10200	2026-06-28
itbrief.co.nz	12525	2026-06-28
itbusinessnet.com	161937	2026-06-27
itechpost.com	17600	2026-06-28
itemlive.com	12051	2026-06-28
itemonline.com	17841	2026-06-28
ithaca.com	6320	2026-06-26
ithacajournal.com	5125	2023-09-11
itnews.com.au	11248	2026-06-26
itnewsafrica.com	10315	2026-06-26
itnewsonline.com	128939	2026-06-28
itnonline.com	8000	2026-06-27
itp.net	8530	2023-03-21
itpro.co.uk	9219	2023-04-11
itsnicethat.com	7763	2026-06-26
itv.com	100917	2025-06-02
itweb.co.za	13899	2026-06-26
itwire.com	22693	2026-06-28
ivpressonline.com	91285	2026-06-27
iwf.org	6281	2025-09-09
iwradio.co.uk	53884	2026-06-28
j-14.com	5231	2025-08-11
jacarandafm.com	47116	2026-06-28
jacksonprogress-argus.com	67316	2026-06-28
jacksonsun.com	6477	2023-09-11
jacksonville.com	16128	2023-09-11
jacksonvilleprogress.com	10718	2026-06-28
jagonews24.com	28631	2026-04-15
jagranjosh.com	79944	2026-06-28
jaguars.com	6872	2026-06-28
jalopnik.com	25110	2026-06-28
jamaica-gleaner.com	90230	2026-06-28
jamaica-star.com	39774	2026-06-26
jamaicantimes.com	39547	2026-06-28
jamaicaobserver.com	219202	2026-06-28
jambands.com	6778	2026-06-28
jambase.com	11492	2025-12-12
jamestown.org	5080	2026-06-26
jamestownsun.com	51926	2026-06-28
janes.com	20531	2026-06-24
japanherald.com	65371	2026-06-28
japantimes.co.jp	118932	2026-06-28
japantoday.com	71932	2026-06-25
jaxdailyrecord.com	8843	2024-01-03
jayski.com	6195	2025-01-18
jbhe.com	9089	2026-06-27
jckonline.com	8032	2026-06-26
jcnnewswire.com	16493	2026-06-27
jconline.com	6301	2023-09-10
jcpost.com	26476	2026-06-28
jdnews.com	12737	2026-06-27
jdsupra.com	312700	2026-06-27
jeepforum.com	5241	2026-06-11
jerseyeveningpost.com	82039	2026-06-28
jewishjournal.com	10648	2023-03-03
jewishlink.news	5362	2023-06-17
jewishpress.com	41610	2026-06-28
jewishtimes.com	5015	2026-06-26
jewishworldreview.com	8391	2026-06-26
jezebel.com	9754	2026-06-28
jg-tc.com	56992	2026-06-28
jhnewsandguide.com	17765	2026-06-28
jhu.edu	18341	2026-06-28
jns.org	30563	2026-06-28
joe.co.uk	22824	2026-04-16
joe.ie	23908	2026-04-15
johnogroat-journal.co.uk	46280	2026-06-28
johnsoncitypress.com	21521	2025-12-16
jonathanturley.org	7312	2026-06-28
joplinglobe.com	89622	2026-06-28
jordantimes.com	57245	2026-06-28
jose947.com	15323	2025-03-13
journal-advocate.com	28470	2026-06-28
journal-news.com	38290	2026-06-28
journal-news.net	27817	2026-06-28
journal-spectator.com	9839	2025-11-25
journal-topics.com	8628	2026-06-27
journal.com.ph	14477	2026-06-28
journalgazette.net	78217	2026-06-28
journalinquirer.com	22390	2023-06-03
journalism.co.uk	5458	2026-06-26
journalismpakistan.com	7097	2026-06-28
journalnow.com	73428	2026-06-26
journalpatriot.com	10246	2026-06-28
journalpioneer.com	22877	2020-11-11
journalrecord.com	37118	2026-06-03
journalreview.com	10750	2026-06-27
journalstandard.com	5432	2023-09-10
journalstar.com	111070	2026-06-28
journaltimes.com	69532	2026-06-28
jowhar.com	7791	2026-06-26
jox2fm.com	41278	2025-07-23
joxfm.com	17269	2026-06-28
joy.org.au	11638	2026-06-28
jpost.com	167176	2026-06-28
jsonline.com	32169	2023-09-11
jta.org	11234	2025-05-12
jtv.com	50596	2026-06-27
juneauempire.com	7957	2026-06-27
juneesoutherncross.com.au	102394	2026-06-28
juniorminingnetwork.com	19939	2026-06-27
junkee.com	6676	2026-02-19
jurist.org	6889	2026-03-19
just-auto.com	11066	2026-06-26
just-drinks.com	7442	2026-06-26
just-food.com	8761	2026-06-26
just-style.com	9012	2026-06-26
justarsenal.com	17106	2026-06-28
justblogbaby.com	5477	2026-06-28
justice.gov	5015	2025-11-26
justiceinfo.net	9501	2026-06-28
justjared.com	611562	2026-06-28
justjaredjr.com	121433	2026-06-28
justmeans.com	17128	2023-01-06
justsecurity.org	5354	2026-06-28
juxtapoz.com	6197	2026-05-13
jweekly.com	11091	2026-06-28
jwire.com.au	13906	2026-06-27
k100country.com	5787	2026-06-28
k101fm.net	41439	2026-04-22
k1047.com	23057	2026-06-28
k105.com	12298	2026-06-26
k12.wi.us	18153	2026-06-18
k2radio.com	26210	2026-06-28
k923orlando.com	8649	2026-06-27
k945.com	37948	2026-06-28
k96fm.com	16889	2026-06-28
k985.com	5843	2020-12-09
k99.com	21827	2026-06-28
k99online.com	6541	2026-01-28
k99wigm.com	7732	2026-06-27
kaaltv.com	75975	2026-03-17
kabc.com	30099	2026-06-28
kachwanya.com	6939	2026-06-27
kacu.org	55673	2026-06-28
kafe.com	5474	2026-06-27
kagstv.com	38121	2026-06-06
kaieteurnewsonline.com	29900	2026-06-28
kait8.com	33833	2026-06-28
kajo.com	5700	2026-06-25
kake.com	50481	2026-06-28
kalb.com	17233	2026-06-28
kalw.org	47779	2026-06-28
kamcity.com	15232	2025-11-18
kamloopsbcnow.com	12069	2026-06-28
kamloopsthisweek.com	20035	2023-10-27
kansascity.com	5375	2024-07-30
kansaspublicradio.org	22985	2026-06-28
kanw.com	37966	2025-07-07
kaok.com	41754	2026-06-28
kare11.com	62042	2026-06-25
karennews.org	7310	2026-06-28
karriere.at	11037	2024-03-25
kashmirlife.net	41377	2026-06-28
kashmirreader.com	48514	2026-06-28
kashmirtimes.com	19580	2026-06-26
kashmirtimes.in	16699	2025-04-18
kasu.org	93557	2026-06-28
katc.com	46141	2026-06-28
katcountry989.com	44791	2026-06-26
katherinetimes.com.au	61721	2026-06-28
kathmandupost.com	27023	2026-06-28
katm.com	6186	2026-06-28
katsfm.com	42646	2026-06-28
katt.com	9288	2026-06-28
katu.com	41422	2026-06-28
katv.com	33946	2026-06-28
kawc.org	62388	2026-06-28
kawowo.com	6902	2026-06-28
kazu.org	66622	2026-06-28
kbat.com	26901	2026-06-28
kbcy.com	5439	2026-06-28
kber.com	8700	2026-06-28
kbft.org	7802	2026-06-26
kbhbradio.com	8708	2025-01-23
kbia.org	36940	2026-06-28
kbnd.com	7297	2026-06-26
kboo.fm	6663	2026-06-28
kbrx.com	7751	2026-06-12
kbs.co.kr	63520	2026-06-28
kbtt.fm	20145	2026-06-22
kbtx.com	27490	2026-06-28
kbull93.com	13417	2022-09-06
kbur.com	16630	2026-06-26
kbzk.com	38355	2026-06-28
kcbd.com	30073	2026-06-28
kcbx.org	31037	2026-06-28
kcby.com	33481	2026-06-28
kcchronicle.com	7039	2023-05-01
kcci.com	82431	2026-06-28
kccu.org	57549	2026-06-28
kcentv.com	51557	2026-06-06
kcet.org	7715	2023-09-25
kchanews.com	10226	2026-06-28
kciiradio.com	24132	2026-06-26
kclr96fm.com	8151	2026-06-28
kclu.org	46334	2026-06-28
kcra.com	109876	2026-06-28
kcrg.com	35986	2026-06-28
kcrr.com	25988	2026-06-28
kcrw.com	21945	2026-01-30
kctv5.com	40927	2026-06-28
kcur.org	15987	2026-06-28
kdal610.com	12741	2025-09-30
kdat.com	45161	2026-06-28
kdhlradio.com	57234	2026-06-28
kdhnews.com	88831	2026-06-28
kdks.fm	16606	2026-06-23
kdlg.org	17369	2025-01-27
kdminer.com	6435	2026-06-28
kdramastars.com	20405	2026-06-27
kdrv.com	29539	2026-06-27
kdux.com	9742	2026-06-25
kdvr.com	6504	2026-02-17
kdwn.com	7218	2022-11-12
keanradio.com	20990	2026-06-28
kearneyhub.com	50052	2026-06-25
kecofm.com	9010	2026-06-26
kedm.org	54835	2026-06-28
keighleynews.co.uk	130157	2026-06-28
kekbfm.com	33001	2026-06-28
kelo.com	81134	2026-06-28
kelofm.com	17730	2026-06-26
kelownacapnews.com	52626	2026-06-28
kelownadailycourier.ca	60584	2026-06-28
kenoraonline.com	7083	2025-08-25
kenoshanews.com	7298	2025-08-27
kens5.com	72133	2026-06-05
kentonline.co.uk	94443	2026-06-28
kentuckynewera.com	34435	2026-06-28
kenw.org	41969	2026-06-28
kenyan-post.com	44191	2026-06-28
kenyans.co.ke	16332	2026-03-18
kenyastar.com	65114	2026-06-28
keprtv.com	25980	2026-06-05
keranews.org	24378	2026-06-27
kerrang.com	13226	2026-06-28
kesn1033.com	9325	2020-10-06
kesq.com	80005	2026-06-28
ketchikandailynews.com	6887	2026-06-26
ketr.org	47705	2026-06-28
ketv.com	77487	2026-06-28
kevinmd.com	18014	2026-05-27
keyc.com	18622	2026-06-28
keyj.com	20398	2026-06-28
keysnews.com	49632	2026-06-28
keyt.com	102872	2026-06-28
keyw.com	24598	2026-06-28
kezi.com	27625	2026-06-28
kezj.com	21739	2026-06-28
kfdi.com	10996	2026-01-28
kfdm.com	32425	2026-06-28
kffm.com	28958	2026-06-28
kfgo.com	71087	2026-06-28
kfilradio.com	60074	2026-06-28
kfiz.com	10409	2026-06-28
kfm.co.ug	8614	2026-04-20
kfm.co.za	9754	2024-01-15
kfmx.com	30826	2026-06-28
kfor.com	7646	2026-06-11
kfox95.com	27981	2026-06-27
kfoxtv.com	37687	2026-06-28
kfqd.com	6509	2026-06-22
kfru.com	37673	2026-06-28
kfrxfm.com	17290	2026-06-08
kfvs12.com	50372	2026-06-28
kfyo.com	19029	2026-06-27
kfyrtv.com	28492	2026-06-28
kgab.com	6496	2026-03-06
kggo.com	10374	2026-06-28
kgmi.com	7909	2024-01-16
kgns.tv	22392	2026-06-28
kgoradio.com	26604	2022-10-06
kgou.org	65537	2026-06-28
khaama.com	21582	2026-06-28
khak.com	38745	2026-06-28
khaleejtimes.com	156179	2026-06-26
khaosodenglish.com	9434	2025-01-23
khay.com	5435	2026-06-28
khit1075.com	22054	2026-06-28
khits.com	51156	2026-06-22
khmertimeskh.com	29011	2025-07-08
khop.com	10160	2026-06-28
khou.com	72508	2026-06-06
khq.com	82723	2026-06-28
khqa.com	31249	2026-06-28
kicdam.com	7503	2024-07-31
kickam1530.com	24182	2026-06-28
kickoff.com	30072	2026-06-28
kicks105.com	20133	2026-06-28
kicks1063.com	11222	2026-06-28
kicks99.com	15414	2026-06-28
kickscountry.com	5001	2026-06-28
kicksonfire.com	45793	2026-06-01
kidderminstershuttle.co.uk	112337	2026-06-28
kiiitv.com	55653	2026-06-05
kiimfm.com	6146	2026-06-28
kikn.com	31918	2026-06-28
kilburntimes.co.uk	46805	2026-06-28
kildare-nationalist.ie	54955	2026-06-28
kilgorenewsherald.com	11684	2026-06-28
kilkennypeople.ie	58431	2026-05-14
kimatv.com	28907	2026-06-06
kimberleybulletin.com	28770	2026-06-28
kimt.com	57273	2026-06-28
kincardinenews.com	21129	2026-06-28
king5.com	67787	2026-06-05
kingdomfm.co.uk	18364	2025-01-03
kingfm.com	35215	2026-06-28
kingfut.com	10081	2026-06-28
kingstonthisweek.com	36695	2026-03-26
kinja.com	15310	2026-04-27
kink.fm	5458	2026-06-24
kinston.com	7550	2026-06-25
kion546.com	5562	2025-08-21
kios.org	47234	2026-06-28
kiow.com	15438	2026-06-28
kiplinger.com	14694	2026-06-28
kirksvilledailyexpress.com	8492	2026-06-28
kiro7.com	62877	2026-06-28
kism.com	9276	2026-06-26
kiss-1031.com	9080	2026-06-28
kiss951.com	29553	2026-06-26
kisscasper.com	24843	2026-06-28
kissfm969.com	25422	2026-06-27
kissrocks.com	7670	2026-06-27
kisswtlz.com	21782	2026-06-26
kitchener.citynews.ca	6837	2025-01-26
kitchener.ctvnews.ca	24550	2025-01-23
kitchenertoday.com	6824	2021-10-17
kitco.com	27074	2026-06-27
kitguru.net	21267	2026-06-27
kitsapsun.com	5916	2023-09-11
kitv.com	58703	2026-06-28
kivitv.com	7643	2026-03-19
kiwaradio.com	13408	2026-06-28
kiwiblog.co.nz	8680	2026-06-28
kix106.com	5931	2026-06-28
kix96.com	5909	2026-06-28
kixi.com	9025	2026-06-26
kixs.com	18928	2026-06-28
kixweb.com	7534	2026-06-20
kizn.com	6859	2026-06-28
kjas.com	10826	2026-06-28
kjct8.com	20098	2026-06-28
kjlhradio.com	6484	2026-06-28
kjmo.com	7596	2025-03-17
kjo1055.com	5493	2026-06-26
kjrh.com	18163	2026-06-27
kjzz.org	37590	2026-06-28
kkco11news.com	11409	2026-06-28
kkfm.com	13200	2026-06-28
kkgb.com	17787	2026-06-28
kkiq.com	16138	2026-06-26
kkoh.com	75471	2026-06-28
kkrv.com	14762	2026-06-22
kktv.com	24873	2026-06-28
kkyr.com	24151	2026-06-28
kkyx.com	6826	2026-06-27
klake.com	8869	2024-02-15
klaq.com	28769	2026-06-28
klaw.com	26105	2026-06-28
klcc.org	90683	2026-06-28
klce.com	5932	2024-08-29
klewtv.com	26166	2026-06-06
klif.com	78452	2026-06-28
klik1240.com	31383	2024-10-16
klin.com	14805	2026-06-28
klkntv.com	36688	2026-06-27
klll.com	8821	2026-06-27
klove.com	5068	2026-06-22
kltv.com	33507	2026-06-28
klur.com	6066	2026-06-28
klyq.com	6235	2025-03-12
kmaj1440.com	110634	2026-06-22
kmaland.com	29493	2026-06-28
kmbc.com	77100	2026-06-28
kmch.com	11769	2026-06-28
kmfm.co.uk	8626	2026-06-25
kmhk.com	17715	2026-06-28
kmjnow.com	69635	2026-06-28
kmmo.com	22492	2026-06-23
kmmsam.com	12743	2026-06-28
kmov.com	18034	2023-12-04
kmuw.org	45136	2026-06-28
kmvt.com	18072	2026-06-28
kmxt.org	17301	2026-06-28
knac.com	17602	2026-06-27
knau.org	41126	2026-06-28
knbr.com	14484	2025-05-22
knco.com	7317	2026-06-27
kneb.com	8538	2021-03-30
knek.com	20199	2026-06-28
kniakrls.com	48473	2026-04-10
knoe.com	29810	2026-06-28
knopnews2.com	22696	2026-06-28
knoxnews.com	11024	2023-09-11
knoxradio.com	13403	2026-06-26
knpr.org	69606	2026-06-28
knsiradio.com	19256	2026-06-27
knue.com	35020	2026-06-28
knzr.com	12841	2026-05-14
koaa.com	50568	2026-06-28
koamnewsnow.com	30071	2026-06-28
koat.com	61779	2026-06-28
kob.com	131214	2026-06-28
kobi5.com	24338	2026-06-28
koco.com	85403	2026-06-28
kodiakdailymirror.com	6698	2026-06-26
koel.com	25032	2026-06-28
kogt.com	7029	2026-06-28
koimoi.com	71497	2026-06-28
koka.am	21699	2026-06-28
kokomoperspective.com	42673	2023-11-03
kokomotribune.com	59723	2026-06-28
kold.com	41585	2026-06-28
kolotv.com	28352	2026-06-28
komando.com	9914	2026-06-28
komonews.com	34658	2026-06-28
komu.com	51308	2026-06-28
kono1011.com	8973	2026-06-26
kool1017.com	33687	2026-06-28
kool1079.com	29285	2026-06-28
kool965.com	18461	2026-06-28
kool98.com	7126	2026-06-27
koolam.com	11010	2026-06-28
koolfmabilene.com	18599	2026-06-28
kopsource.com	65646	2024-11-23
koreabizwire.com	47083	2026-02-12
koreabridge.net	5049	2026-06-28
koreaherald.com	132172	2026-06-28
korean.cri.cn	7774	2026-06-28
koreatimes.co.kr	118512	2026-06-28
koreatimesus.com	6498	2025-07-18
kosu.org	32665	2026-05-09
kotaku.com	18374	2026-06-28
kotaradio.com	7791	2026-06-28
kotatv.com	21473	2026-06-28
kowb1290.com	14153	2026-06-28
koxe.com	13510	2026-06-28
koze.com	10127	2026-06-20
kpax.com	44580	2026-06-28
kpbs.org	50560	2026-06-28
kpcnews.com	67204	2026-06-28
kpcw.org	37536	2026-06-28
kpel965.com	35856	2026-06-28
kpfa.org	12945	2026-06-28
kphrfm.com	11956	2026-06-27
kpic.com	36286	2026-06-28
kpla.com	9191	2026-06-28
kplctv.com	38738	2026-06-28
kpopstarz.com	22454	2026-06-28
kpq.com	14334	2026-06-28
kprs.com	8773	2026-06-20
kptv.com	31486	2026-06-28
kpvi.com	56278	2026-06-28
kqky.com	10095	2026-04-28
kqvt.com	14462	2026-06-28
kqxy.com	10120	2026-06-28
krcgtv.com	36927	2026-06-28
krcoam.com	5925	2022-04-05
krcrtv.com	43084	2026-06-28
krcu.org	65785	2026-06-28
krdo.com	109177	2026-06-28
krem.com	51326	2026-06-26
krforadio.com	52847	2026-06-28
krgv.com	62725	2026-06-28
kristv.com	37898	2026-06-28
krmg.com	31415	2026-06-28
krmsradio.com	5427	2026-06-28
krna.com	27497	2026-06-28
krnb.com	15140	2026-06-27
krny.com	11357	2026-06-26
kroc.com	41189	2026-06-28
krock.com.au	7028	2026-06-28
krock1017fm.com	5079	2021-05-15
krocnews.com	15207	2026-06-28
krod.com	17446	2026-06-28
krqe.com	5338	2025-11-18
krro.com	24993	2026-06-28
krrq.com	20504	2026-06-28
krrvonline.com	12995	2026-06-26
krtv.com	34132	2026-06-28
krvn.com	7917	2021-02-12
krvs.org	24612	2026-06-28
krwg.org	51463	2026-06-28
ks95.com	14635	2026-06-27
ksal.com	11340	2026-06-28
ksam1017.com	6899	2026-06-27
ksat.com	162125	2026-06-28
ksbw.com	61905	2026-06-28
ksby.com	54624	2026-06-28
kscj.com	8566	2026-06-28
ksdk.com	66285	2026-06-06
ksenam.com	13343	2026-06-28
ksfa860.com	13914	2026-06-28
ksfr.org	5515	2026-06-28
ksgf.com	12566	2026-05-23
kshb.com	45623	2026-06-28
kshe95.com	9690	2026-06-26
ksisradio.com	18632	2026-06-28
ksjbam.com	5949	2026-06-27
ksks.com	10747	2026-06-28
ksl.com	138418	2026-06-28
ksla.com	33528	2026-06-28
kslx.com	7286	2026-06-26
ksmb.com	19818	2026-06-28
ksmu.org	87617	2026-06-28
ksnblocal4.com	17842	2026-06-28
ksnt.com	7165	2025-07-16
ksoo.com	5993	2021-08-01
kspr.com	11386	2020-07-08
ksro.com	23115	2025-09-15
kstp.com	59468	2026-03-19
ksusentinel.com	36224	2026-06-19
ksut.org	37694	2026-06-28
kswo.com	27215	2026-06-28
ksyl.com	28231	2026-06-27
ktar.com	56303	2026-06-03
ktbb.com	46366	2026-06-28
ktbs.com	98950	2026-06-28
ktcx.com	6068	2026-06-28
kten.com	49540	2026-06-28
ktep.org	41915	2026-06-28
ktgl.com	8611	2026-06-16
kticradio.com	7000	2021-05-28
ktik.com	7097	2026-06-28
ktiv.com	36358	2026-06-28
ktla.com	8210	2025-05-28
ktnv.com	6090	2026-03-18
ktop1490.com	81015	2026-06-28
ktre.com	22277	2026-06-28
ktsa.com	18927	2026-06-28
kttn.com	17326	2025-11-10
ktts.com	11047	2025-11-23
ktucam.com	9209	2023-08-24
ktul.com	38126	2026-06-28
ktuu.com	8725	2020-07-16
ktvb.com	59027	2026-06-06
ktvh.com	30640	2026-06-28
ktvl.com	5410	2026-06-27
ktvo.com	28671	2026-06-28
ktvq.com	32789	2026-06-28
ktvu.com	64961	2026-06-28
ktvz.com	149935	2026-06-28
ktwb.com	8198	2026-06-26
ktxs.com	32412	2026-06-28
ku.edu	6648	2026-06-26
kuaf.com	47254	2026-06-28
kuam.com	24726	2026-04-30
kucb.org	8828	2026-06-27
kuenselonline.com	9982	2026-06-28
kuer.org	17097	2026-06-28
kugn.com	65464	2026-06-22
kuic.com	14796	2026-06-28
kulr8.com	69258	2026-06-28
kuna.net.kw	50048	2026-02-25
kunc.org	52178	2026-06-28
kunm.org	37732	2026-06-28
kunr.org	27009	2026-06-28
kuow.org	31689	2026-06-28
kurv.com	24625	2026-06-26
kusi.com	21626	2024-01-30
kut.org	13403	2026-06-28
kutx.org	5124	2026-06-28
kuvo.org	10235	2026-06-27
kuwaittimes.com	10873	2025-01-27
kuwaittimes.net	15352	2022-01-04
kuzz.com	6090	2026-06-28
kval.com	38755	2026-06-28
kvia.com	123275	2026-06-28
kvmr.org	8043	2026-06-28
kvnf.org	54075	2026-06-28
kvoa.com	47271	2026-06-28
kvoo.com	8055	2020-12-07
kvor.com	81057	2026-06-28
kvpionline.com	15403	2026-06-27
kvpr.org	35067	2026-06-28
kvrr.com	24269	2026-06-28
kvue.com	62654	2026-06-25
kw3.com	13107	2026-06-28
kwayradio.com	6584	2026-06-26
kwbu.org	77656	2026-06-28
kwcdcountry.com	10906	2026-06-28
kwch.com	28249	2026-06-28
kwhl.com	5389	2026-06-27
kwin.com	22852	2026-06-28
kwiq.com	8474	2026-06-12
kwit.org	74327	2026-06-28
kwqc.com	30564	2026-06-28
kwsn.com	21425	2026-06-28
kwtx.com	25805	2026-06-28
kwwl.com	6192	2026-03-17
kwxx.com	11528	2026-06-26
kx947.fm	6508	2026-06-28
kxel.com	61519	2026-06-27
kxii.com	17293	2026-06-28
kxkx.com	24711	2026-06-28
kxl.com	21317	2026-06-28
kxlf.com	37346	2026-06-28
kxlh.com	31211	2026-06-28
kxly.com	108318	2026-06-28
kxly920.com	15820	2026-06-28
kxrb.com	32948	2026-06-26
kxxv.com	52900	2026-06-28
kxzz1580am.com	8657	2022-01-03
ky3.com	51459	2026-06-28
kygl.com	21176	2026-06-28
kyis.com	9887	2026-06-28
kyivpost.com	65557	2026-06-28
kykz.com	5538	2026-06-28
kyma.com	57711	2026-06-28
kynt1450.com	14475	2026-06-28
kyodonews.net	22715	2026-06-28
kysdc.com	13032	2026-06-28
kyssfm.com	30994	2026-06-28
kyuk.org	26023	2026-06-28
kztv10.com	25938	2026-06-27
kzyx.org	46821	2026-06-28
labelsandlabeling.com	9341	2026-04-07
labmate-online.com	7410	2025-08-07
labusinessjournal.com	6038	2026-06-23
lacrossetribune.com	123721	2026-06-28
ladailypost.com	23670	2026-06-28
ladunliadinews.com	8588	2025-07-28
ladysmithchronicle.com	33162	2026-06-28
lagrandeobserver.com	13236	2026-06-28
lagrangenews.com	6402	2026-06-27
lagunabeachindy.com	5033	2026-06-27
lahainanews.com	5248	2026-06-28
laineygossip.com	13940	2026-06-26
laist.com	37960	2026-06-28
lajollalight.com	5593	2024-06-12
lakeexpo.com	8075	2026-06-28
lakegenevanews.net	29855	2026-06-28
lakenewsonline.com	10823	2026-06-25
lakersnation.com	15523	2026-06-28
lakeshoreadvance.com	22661	2026-06-28
lakeshowlife.com	5613	2026-06-28
lamag.com	9741	2026-06-28
lancashiretelegraph.co.uk	210880	2026-06-28
lancasterfarming.com	10071	2026-06-26
lancasterguardian.co.uk	14852	2025-01-23
lancasteronline.com	96406	2026-06-28
lankaweb.com	15896	2026-06-28
lansingstatejournal.com	8274	2023-09-11
laois-nationalist.ie	56199	2026-06-28
laosnews.net	92977	2026-06-28
laprensalatina.com	37186	2026-05-11
laramieboomerang.com	5085	2021-02-04
lasentinel.net	12449	2025-08-23
lasvegasweekly.com	7386	2026-06-28
latestly.com	108148	2025-01-27
latimes.com	181944	2026-06-28
latinamericanpost.com	11077	2026-06-28
latinfinance.com	12239	2026-06-26
latinnews.com	5453	2025-09-15
latinpost.com	19930	2026-06-28
latintimes.com	28774	2026-06-28
latpro.com	42075	2023-03-23
laughingplace.com	16613	2026-06-28
law360.com	146350	2026-06-27
lawandcrime.com	6285	2026-03-17
lawfuel.com	5059	2026-06-28
lawgazette.co.uk	18504	2025-09-05
lawofficer.com	10517	2026-06-25
lawstreetmedia.com	8726	2026-06-25
lawyersweekly.com.au	11546	2026-06-26
lbc.co.uk	74691	2026-06-28
lbcgroup.tv	7508	2026-06-10
lbpost.com	13664	2026-06-27
lcsun-news.com	11231	2023-09-11
leaderherald.com	10592	2023-10-24
leaderlive.co.uk	179357	2026-06-28
leaderpost.com	61585	2026-06-27
leadership.ng	96766	2026-06-28
leadertelegram.com	55175	2026-06-28
leamingtonobserver.co.uk	14073	2026-06-28
leavenworthtimes.com	9896	2026-06-27
lebanon-express.com	21448	2023-04-25
lebanondemocrat.com	81036	2026-06-27
ledburyreporter.co.uk	106171	2026-06-28
ledgertranscript.com	15009	2026-06-26
leducrep.com	16126	2026-06-28
leftfootforward.org	5510	2026-06-28
legalinsurrection.com	16306	2026-06-28
legallyindia.com	21992	2026-06-28
legalnewsline.com	16554	2026-06-28
legit.ng	17884	2026-03-19
legitgov.org	12438	2026-06-26
lehighacrescitizen.com	5423	2026-06-26
lehighvalleylive.com	48122	2026-02-23
leicestermercury.co.uk	115885	2026-06-28
leighjournal.co.uk	97307	2026-06-28
leightonbuzzardonline.co.uk	9193	2025-01-23
leinsterexpress.ie	59110	2026-05-12
leinsterleader.ie	62211	2026-05-12
leitrimobserver.ie	49217	2026-05-14
lelezard.com	35745	2026-06-02
lemonde.fr	9061	2026-04-15
lenconnect.com	10474	2023-09-11
lendio.com	8488	2023-07-02
lep.co.uk	26299	2025-01-23
lestimes.com	7166	2026-06-27
lethbridgeherald.com	62784	2026-06-28
letsrecycle.com	5964	2026-06-26
letsrun.com	12170	2026-06-01
lewistownsentinel.com	15091	2026-06-28
lewrockwell.com	31823	2026-06-04
lex18.com	36714	2026-06-28
lexch.com	23061	2026-06-28
lexology.com	31933	2026-06-26
lfpress.com	24388	2026-06-28
lgbtqnation.com	8913	2026-06-21
lgcplus.com	9762	2026-06-26
libcom.org	5235	2026-06-26
liberianobserver.com	16685	2026-06-27
libertyballers.com	7951	2026-06-28
libn.com	11056	2026-06-03
librivox.org	8456	2026-06-28
lichfieldlive.co.uk	13928	2026-06-28
lifeandstylemag.com	11869	2026-06-26
lifehacker.com	20961	2026-06-28
lifehacker.com.au	22827	2024-10-09
lifenews.com	17629	2026-06-27
lightreading.com	19029	2026-06-15
liherald.com	7057	2026-06-28
liliputing.com	5061	2026-06-23
lillooetnews.net	17763	2020-08-18
limaohio.com	35794	2025-04-15
limerickleader.ie	62755	2026-05-27
limerickpost.ie	12236	2026-06-28
lincolnshireworld.com	14183	2025-01-23
listenupyall.com	7587	2026-06-28
listverse.com	14157	2026-06-28
lite96.com	5798	2024-02-21
lite987.com	28516	2026-06-28
liteonline.com	22630	2026-06-28
literock959.com	22060	2025-03-27
literock969.com	8820	2022-04-18
lithgowmercury.com.au	45316	2026-06-28
littleapplepost.com	23761	2026-06-28
littlehamptongazette.co.uk	6387	2022-02-10
live.com	16087	2020-11-21
live5news.com	37936	2026-06-28
live955.com	10699	2026-06-23
live959.com	13406	2026-06-28
live95fm.ie	17398	2026-06-28
livecharts.co.uk	15157	2026-06-26
livejournal.com	95837	2026-06-28
livelaw.in	71145	2026-06-28
liveleak.com	5908	2021-05-30
livemint.com	218164	2026-06-28
livenews.co.nz	48417	2026-06-28
liverpoolecho.co.uk	209592	2026-06-28
liverpoolfc.com	12748	2026-06-28
livesaildie.com	9175	2026-06-28
livescience.com	16676	2026-06-28
ljworld.com	16211	2026-06-28
lloydslist.com	6574	2025-08-26
lmfm.ie	16215	2026-06-28
lmtonline.com	181735	2026-06-22
lmtribune.com	47763	2026-06-28
lobotero.com	6895	2026-06-28
local10.com	133733	2026-06-28
local12.com	34634	2026-06-28
local21news.com	39735	2026-06-28
local3news.com	47453	2026-06-28
localberkshire.co.uk	9988	2023-03-07
localgov.co.uk	12010	2026-06-26
localmatters.co.nz	5991	2026-06-28
localmemphis.com	55339	2026-06-06
localnews8.com	154579	2026-06-28
lockhaven.com	24000	2026-06-27
lockportjournal.com	24659	2026-06-28
locusmag.com	8767	2025-07-17
lodinews.com	7716	2026-06-28
loeildelaphotographie.com	9555	2025-04-10
loganbanner.com	6494	2026-06-28
logandaily.com	5197	2026-06-27
logisticsmanager.com	5581	2026-06-26
lohud.com	10472	2023-09-11
lombardiave.com	5461	2026-06-28
lompocrecord.com	29206	2026-06-28
london-now.co.uk	13101	2026-06-28
london.ctvnews.ca	22226	2025-01-23
londonlovesbusiness.com	25517	2026-06-28
londonmercury.com	33656	2026-06-28
londontheatre1.com	6079	2026-06-28
lonestar995fm.com	30202	2026-06-28
lonestarball.com	7798	2026-06-28
longbeachstar.com	28882	2024-09-21
longfordleader.ie	53948	2026-05-15
longisland.com	23207	2026-06-28
longislandpress.com	14273	2026-06-28
loopjamaica.com	16567	2021-05-20
loopnews.com	14595	2024-07-21
lordsofpain.net	6837	2020-04-18
losaltosonline.com	7174	2026-06-28
lostcoastoutpost.com	14166	2026-06-28
loudountimes.com	8337	2026-06-25
loudwire.com	20526	2026-06-28
louisianaradionetwork.com	8988	2026-06-28
louisianarecord.com	5312	2025-05-20
lovefm.com	8091	2026-06-27
lovinmalta.com	7683	2026-03-19
lowellsun.com	24883	2026-06-28
lowkickmma.com	23718	2026-06-28
lowvelder.co.za	20975	2023-08-31
lpheralddispatch.com	9302	2026-06-26
lrt.lt	16541	2026-06-28
lse.co.uk	94388	2025-01-23
lsionline.com	14800	2025-11-17
ltn.com.tw	15324	2026-06-28
lubbockonline.com	11096	2023-09-11
ludlowadvertiser.co.uk	123603	2026-06-28
lufkindailynews.com	33440	2026-06-28
lusakatimes.com	16334	2026-03-19
lutontoday.co.uk	13300	2025-01-23
luxtimes.lu	9904	2025-07-21
luxurytravelmagazine.com	12138	2026-06-28
lvb.com	8186	2026-06-04
lynnnews.co.uk	35710	2026-06-28
macaubusiness.com	15766	2025-08-13
macaudailytimes.com.mo	17876	2026-06-26
macdailynews.com	6705	2026-06-27
macleayargus.com.au	63985	2026-06-28
macmegasite.com	8764	2026-01-29
macobserver.com	5646	2025-08-19
macombdaily.com	37902	2026-06-28
macrobusiness.com.au	29659	2026-06-28
macrumors.com	6925	2026-06-08
mactech.com	12165	2026-06-27
macupdate.com	11615	2026-06-27
macworld.com	8821	2026-06-28
madamenoire.com	11006	2026-06-28
madinamerica.com	9797	2026-06-28
madison.com	122903	2026-06-28
madisonrecord.com	9887	2025-05-21
magic1021.com	9375	2026-06-27
magic1029fm.com	10039	2026-06-28
magic106.com	8639	2026-06-28
magic1073fm.com	8903	2026-06-28
magic93fm.com	10223	2026-06-28
magic983.com	17678	2026-06-26
magicbricks.com	8880	2026-06-28
magicvalley.com	78942	2026-06-28
magnoliareporter.com	23996	2026-06-28
mailtimes.com.au	41688	2026-06-28
mailtribune.com	10799	2023-06-01
mainebiz.biz	15214	2026-06-26
mainemirror.com	15109	2026-06-28
mainepublic.org	14418	2026-03-18
mainlinemedianews.com	28073	2026-06-28
mainstreetnews.com	6196	2026-06-26
maitlandmercury.com.au	107277	2026-06-28
makeuseof.com	22828	2026-06-28
malawi24.com	14253	2026-06-28
malawivoice.com	12081	2026-06-28
malaya.com.ph	31133	2026-04-22
malaymail.com	104909	2026-03-19
malaysiakini.com	76478	2026-06-28
malaysiasun.com	64932	2026-06-28
maldivesindependent.com	6885	2026-06-28
maldonandburnhamstandard.co.uk	124117	2026-06-28
maltatoday.com.mt	38916	2026-03-12
malverngazette.co.uk	114857	2026-06-28
mamamia.com.au	28745	2026-06-28
managingmadrid.com	12610	2026-06-28
manchestereveningnews.co.uk	259065	2026-06-28
manchesterjournal.com	12080	2026-06-26
mandurahmail.com.au	70861	2026-06-28
mangalorean.com	52543	2026-06-28
manicapost.co.zw	6458	2025-01-22
manilametro.com	5842	2024-07-24
manilastandard.net	10136	2026-03-18
manilatimes.net	352710	2026-06-28
manitobacooperator.ca	9671	2026-06-28
mankatofreepress.com	95475	2026-06-28
manningrivertimes.com.au	83282	2026-06-28
mansfieldnewsjournal.com	7976	2023-09-11
mantecabulletin.com	8966	2026-06-27
manufacturing.net	21568	2025-10-02
manutd.com	13965	2026-05-04
manxradio.com	21163	2026-06-28
mapleridgenews.com	31411	2026-06-28
maravipost.com	24856	2026-06-28
marca.com	7042	2026-05-24
marcellusdrilling.com	14687	2026-06-26
marconews.com	5934	2023-09-11
mareeg.com	8093	2026-06-26
margaretrivermail.com.au	37228	2025-08-20
marieclaire.co.uk	15857	2026-06-28
marieclaire.com	23038	2026-06-28
mariettatimes.com	18506	2026-06-27
marinecorpstimes.com	7770	2026-06-27
marinelink.com	28946	2026-06-28
marinelog.com	9329	2025-11-20
marinetechnologynews.com	7140	2026-06-26
marinij.com	32079	2026-06-28
maritime-executive.com	31739	2026-06-28
maritimeprofessional.com	5804	2026-06-26
marketbusinessnews.com	19402	2026-06-27
marketing-interactive.com	15132	2026-06-26
marketplace.org	12053	2026-06-27
marketpulse.com	11920	2026-06-25
marketrealist.com	8558	2026-06-26
markets.co	5867	2022-01-09
marketscreener.com	999061	2026-05-18
marketswired.com	5202	2025-01-04
marklevinshow.com	9933	2026-06-27
marshallindependent.com	17541	2026-06-27
marshfieldnewsherald.com	8584	2023-09-11
marthastewart.com	11116	2026-03-17
martinsvillebulletin.com	35817	2026-06-28
maryland.gov	7706	2026-06-28
marylandreporter.com	6678	2026-06-04
maryvilleforum.com	20314	2024-11-15
masala.com	18108	2024-07-13
mashable.com	46006	2026-06-28
massachusettsnewswire.com	6966	2026-06-27
massachusettssun.com	42716	2026-06-28
massdevice.com	8486	2026-02-21
masslawyersweekly.com	19316	2026-06-04
masslive.com	108215	2026-02-23
mathrubhumi.com	5608	2026-06-23
matr.net	6517	2026-06-27
mauinews.com	20255	2026-06-28
mauinow.com	15542	2026-06-28
maurice-info.mu	9133	2026-06-28
mavsmoneyball.com	6993	2026-06-28
max94one.com	23516	2026-06-28
maximumfun.org	6298	2026-06-27
mayerthorpefreelancer.com	15293	2026-06-28
mayonews.ie	20592	2026-05-21
mb.com.ph	180940	2026-06-28
mbcradio.com	5850	2026-06-28
mbtmag.com	18138	2025-09-17
mcalesternews.com	16978	2026-06-28
mcall.com	78646	2026-06-28
mcdonoughvoice.com	5718	2023-09-10
mcdowellnews.com	39427	2026-06-27
mcknights.com	8837	2026-03-11
mcphersonsentinel.com	6034	2026-06-24
mdislander.com	9629	2026-06-26
mdjonline.com	145203	2026-06-28
meadvilletribune.com	42584	2026-06-27
meathchronicle.ie	43647	2026-06-28
meaww.com	20365	2026-03-17
medafricatimes.com	6453	2026-06-27
medcitynews.com	14292	2026-06-24
mediaforfreedom.com	5275	2026-04-27
mediaite.com	84471	2026-06-28
mediamatters.org	14817	2026-06-27
medianama.com	11301	2026-06-26
mediapost.com	24288	2026-06-28
medicaldaily.com	7594	2026-06-28
medicalnewstoday.com	5451	2026-06-27
medicalxpress.com	141329	2026-01-29
medicinehatnews.com	71907	2026-06-28
medpagetoday.com	25044	2025-01-28
medscape.com	47289	2026-06-26
meed.com	23740	2026-06-26
mega979.com	6389	2026-06-28
mega993online.com	28829	2026-06-28
melfortjournal.com	10426	2026-06-28
meltontimes.co.uk	8291	2025-01-23
memphisflyer.com	6964	2026-06-27
memphissun.com	103889	2026-06-28
memri.org	9885	2025-04-22
menafn.com	973875	2026-03-10
mendocinobeacon.com	14879	2026-06-28
menshealth.com	29937	2026-06-27
mensxp.com	26992	2026-06-28
mentalfloss.com	14322	2026-06-28
meobserver.org	5395	2026-06-28
mercopress.com	22740	2026-06-28
mercurynews.com	78745	2026-06-28
meridianstar.com	36346	2026-06-26
merimbulanewsweekly.com.au	69158	2026-06-28
mesabitribune.com	52759	2026-06-28
messagemedia.co	11406	2026-06-28
messenger-inquirer.com	84678	2026-06-28
messenger.com.ge	5830	2026-06-26
messengernews.net	13194	2026-06-28
messengernewspapers.co.uk	142189	2026-06-28
metal.com	22190	2026-06-26
metalunderground.com	14328	2026-06-26
metro.co.uk	145813	2026-06-28
metro.us	86034	2025-11-03
metrojacksonville.com	11513	2026-06-28
metrotimes.com	12133	2026-05-14
metroweekly.com	6555	2026-06-28
metrowestdailynews.com	10026	2023-09-11
metv.com	10979	2026-06-27
metvmall.com	12496	2026-06-06
mexicoledger.com	7949	2026-06-28
mexiconewsdaily.com	6811	2026-03-15
mexicostar.com	63239	2026-06-28
mg.co.za	29929	2026-06-28
mgoblog.com	14877	2025-08-28
miamiherald.com	8780	2024-07-31
miaminewtimes.com	8530	2026-06-27
miamistudent.net	5436	2026-06-12
miamitimesonline.com	8517	2026-06-27
michigan.gov	5321	2023-02-02
michigandaily.com	7499	2026-06-26
michiganradio.org	23666	2024-01-10
michigansthumb.com	78149	2026-06-22
mid-day.com	98413	2026-06-28
middleeasteye.net	45448	2026-06-28
middleeastmonitor.com	75917	2026-06-28
middleeaststar.com	112955	2026-06-28
middlenecknews.com	5122	2026-06-28
middletownpress.com	123670	2026-04-21
midhurstandpetworth.co.uk	5526	2022-02-10
midmichigannow.com	34349	2026-06-28
midnorthmonitor.com	48304	2026-06-28
midsussextimes.co.uk	5984	2022-02-10
midutahradio.com	16700	2026-06-27
midweekherald.co.uk	34961	2026-06-28
midwestradio.ie	25024	2026-06-28
mihomepaper.com	12568	2026-03-04
milawyersweekly.com	9157	2026-06-03
milehighreport.com	12430	2026-06-28
milforddailynews.com	8053	2023-09-07
milfordmercury.co.uk	90068	2026-06-28
milfordmirror.com	59636	2025-06-14
military.com	32929	2026-06-28
militarytimes.com	13342	2026-06-27
miltonkeynes.co.uk	14120	2025-01-23
milwaukeesun.com	44892	2026-06-28
mindat.org	13155	2025-01-23
minicassia.com	6201	2024-03-21
mining-journal.com	7397	2026-05-26
mining-technology.com	10733	2026-06-26
mining.com	46782	2026-06-28
mininggazette.com	10487	2026-06-28
miningjournal.net	22091	2026-06-28
miningmx.com	6883	2026-06-26
miningnews.net	11257	2026-05-26
miningweekly.com	49065	2026-06-26
minnlawyer.com	7668	2026-06-04
minnpost.com	8720	2026-06-26
minotdailynews.com	17911	2026-06-28
miragenews.com	617645	2026-06-28
mirror.co.uk	687138	2026-06-28
mis-asia.com	10358	2026-06-28
mishpacha.com	8152	2026-06-28
missioncityrecord.com	41899	2026-06-28
missionlocal.org	7090	2026-06-28
mississauga.com	7675	2026-06-27
mississippivalleypublishing.com	22823	2026-06-27
missoulian.com	135122	2026-06-28
mit.edu	10028	2026-06-26
mitchelladvocate.com	22392	2026-06-28
mitchellrepublic.com	31356	2026-06-28
mix1005.fm	24055	2026-06-25
mix100lubbock.com	15696	2026-06-27
mix103.com	9835	2026-06-28
mix1043fm.com	28141	2026-06-28
mix1069.com	14500	2026-06-27
mix106radio.com	25127	2026-06-28
mix108.com	35089	2026-06-28
mix929.com	24031	2026-06-27
mix931fm.com	30452	2026-06-28
mix941.com	21165	2026-06-26
mix941kmxj.com	20020	2026-06-27
mix949.com	26859	2026-06-28
mix957.net	8804	2024-01-04
mix957gr.com	20584	2026-06-28
mix965tulsa.com	6755	2025-10-22
mix979fm.com	13543	2024-04-26
mix987.com	9319	2026-06-26
mixx993.com	17237	2026-06-27
mizzima.com	20944	2025-01-23
mlb.com	77589	2026-06-28
mlbtraderumors.com	55609	2026-06-28
mlive.com	129535	2026-02-23
mmafighting.com	26870	2026-06-28
mmamania.com	25006	2026-06-28
mmanews.com	16189	2026-04-22
mmegi.bw	6741	2026-06-26
mmm-online.com	5371	2026-06-26
mobihealthnews.com	6860	2026-06-03
mobilesyrup.com	20773	2026-06-26
mobileworldlive.com	12275	2026-03-03
mobilitytechzone.com	5977	2024-09-17
mobypicture.com	32801	2023-10-03
moddb.com	38275	2025-11-16
model-engineer.co.uk	20635	2026-06-22
modernghana.com	172041	2026-06-28
modernhealthcare.com	11836	2026-06-18
modernreaders.com	462461	2025-04-18
moelane.com	11594	2025-07-17
mohavedailynews.com	14043	2026-06-28
mojo1029.com	11457	2026-06-28
moldpres.md	9534	2025-01-14
monacolife.net	5430	2026-06-26
mondaq.com	128602	2026-06-28
mondovisione.com	33622	2026-01-14
mondoweiss.net	7283	2026-06-28
moneycontrol.com	429624	2026-06-28
moneylife.in	21508	2026-06-28
moneymanagement.com.au	13351	2026-06-24
moneymarketing.co.uk	23952	2026-06-26
moneytalksnews.com	11153	2026-06-28
moneyweb.co.za	37490	2024-04-02
moneyweek.com	9409	2026-06-28
mongabay.com	9707	2026-06-27
monitor.co.ug	71515	2026-04-22
monocle.com	5915	2026-06-28
monroenews.com	13644	2023-09-11
monstersandcritics.com	55350	2025-10-02
montanarightnow.com	63504	2026-06-28
montereyherald.com	12552	2026-06-28
montgomery-herald.com	6187	2025-05-20
montgomeryadvertiser.com	8465	2023-09-11
montgomerynews.com	6458	2021-09-28
montreal.ctvnews.ca	32918	2025-01-23
montrealgazette.com	38678	2026-06-28
montrosepress.com	15640	2026-06-28
mooseradio.com	14323	2026-06-28
moreechampion.com.au	57532	2026-06-28
morganton.com	34779	2026-06-20
morning-times.com	36260	2026-06-28
morningadvertiser.co.uk	9478	2026-06-26
morningjournal.com	49273	2026-06-28
morningjournalnews.com	21568	2026-06-28
morningstar.com	102230	2026-06-28
morningstaronline.co.uk	40899	2026-06-28
morningsun.net	65501	2026-06-26
moroccoworldnews.com	16255	2026-06-28
mortgageintroducer.com	8340	2022-03-18
mortgagenewsdaily.com	7870	2026-06-26
mortgagesolutions.co.uk	14168	2026-06-26
mortgagestrategy.co.uk	23513	2026-06-26
morungexpress.com	72628	2026-06-28
mothership.sg	13261	2025-03-10
motor1.com	20118	2026-06-28
motorcyclenews.com	25775	2026-06-28
motorsport.com	22285	2026-06-28
moultonadvertiser.com	16532	2026-06-27
moultrieobserver.com	15696	2026-06-26
mountaineagle.com	9931	2026-06-27
mountvernonnews.com	10786	2026-06-25
movieweb.com	80413	2026-06-28
mpamag.com	7506	2026-06-26
mpnnow.com	10032	2023-09-11
mprnews.org	27233	2026-06-28
mrt.com	64966	2026-06-22
mrtopstep.com	18821	2024-11-22
mscnews.net	5562	2026-06-26
msn.com	2860431	2023-06-23
mtairynews.com	5866	2026-06-28
mtdemocrat.com	27609	2026-06-28
mtexpress.com	11396	2026-06-26
mtlblog.com	7119	2026-06-27
mtpr.org	17806	2026-06-26
mtstandard.com	60209	2026-06-28
mudgeeguardian.com.au	50688	2026-06-28
multifamilybiz.com	6019	2026-06-26
mumbrella.com.au	23789	2025-11-20
murfreesboropost.com	6340	2023-03-01
murrayledger.com	10665	2026-06-27
muscatdaily.com	19160	2026-06-28
muscatinejournal.com	106817	2026-06-28
music-news.com	20555	2025-12-16
musketfire.com	7014	2026-06-28
muskogeephoenix.com	22294	2026-06-25
muskokaregion.com	7688	2026-06-27
muswellbrookchronicle.com.au	68484	2026-06-28
mv-voice.com	10779	2026-06-27
mvariety.com	31062	2026-06-28
mvtimes.com	18165	2026-06-27
mwnation.com	17588	2026-06-28
mxdwn.com	6483	2026-06-28
my1035.com	12199	2026-06-28
my40.tv	7419	2022-01-31
my957.com	6697	2026-06-26
myalbertlea.com	12521	2026-06-08
myalgomamanitoulinnow.com	5735	2026-06-03
myanmarmuslim.net	18759	2024-11-05
myanmarnews.net	56591	2026-06-28
myaustinminnesota.com	20340	2025-06-14
myb106.com	27210	2026-06-26
mybeachradio.com	20323	2024-04-01
mybroadband.co.za	6013	2022-09-28
mycariboonow.com	9471	2026-06-04
mycentraljersey.com	12905	2023-09-11
mycentralnebraska.com	36762	2026-06-26
mycentraloregon.com	50180	2026-06-23
mycolumbuspower.com	12564	2026-06-28
mycountry955.com	30519	2026-06-28
mycouriertribune.com	7801	2024-10-05
mycowichanvalleynow.com	8504	2026-06-03
myeasternshoremd.com	11708	2026-06-27
myedmondsnews.com	20239	2026-06-15
myfox28columbus.com	38722	2026-06-28
myfox8.com	5960	2025-08-29
myheraldreview.com	9725	2026-01-16
myhorrynews.com	9263	2026-06-28
myiowainfo.com	17053	2026-05-01
myjournalcourier.com	67919	2026-06-22
myjournals.org	7241	2023-08-26
myjoyonline.com	111154	2026-03-19
myk104.com	7529	2026-06-27
mykiss1031.com	24933	2026-06-28
mykisscountry937.com	33520	2026-06-28
myklgr.com	21061	2026-06-26
mykxlg.com	86390	2026-06-28
myleaderpaper.com	34573	2026-06-28
mylloydminsternow.com	5646	2026-06-03
mylondon.news	6990	2026-06-24
mymagic106.com	6301	2026-06-28
mymagic949.com	8804	2026-06-27
mymagicgr.com	8906	2024-04-29
mymcmedia.org	12764	2026-06-27
mymix1061.com	15640	2026-06-28
mymixfm.com	36561	2026-06-28
mymmanews.com	9014	2026-06-28
mymoinfo.com	19908	2026-06-27
mymotherlode.com	176905	2026-06-28
mymuskokanow.com	6585	2026-06-01
mynbc5.com	71277	2026-06-28
myneworleans.com	9813	2026-06-26
mynews13.com	9395	2026-06-28
mynews4.com	32662	2026-06-28
mynewsla.com	64663	2026-06-28
mynorthbaynow.com	5340	2026-06-04
mynorthwest.com	219201	2026-06-28
mynspr.org	45342	2026-06-28
myozarksonline.com	17384	2026-06-22
myplainview.com	49460	2026-06-22
myprincegeorgenow.com	13790	2026-06-04
myq105.com	15261	2026-06-28
myq1075.com	20221	2026-06-28
myqcountry.com	12601	2026-06-26
myrecordjournal.com	12869	2023-12-30
mysailing.com.au	6146	2026-06-28
mysanantonio.com	83417	2025-11-18
myspiritfm.com	9523	2026-06-28
mystar98.com	20442	2026-06-28
mysteinbach.ca	10354	2026-06-28
mysteriousuniverse.org	10541	2026-06-26
mystratfordnow.com	7047	2026-06-03
mysuncoast.com	33858	2026-06-28
mytimminsnow.com	5104	2026-06-03
myuscountry.com	17621	2026-06-08
mywebtimes.com	8503	2023-05-01
naftemporiki.gr	7944	2026-06-26
nagalandpost.com	49549	2026-06-08
nagariknetwork.com	28805	2026-03-16
nagpurtoday.in	17370	2026-06-27
naharnet.com	87328	2026-06-28
naija247news.com	60610	2026-06-28
nairaland.com	77881	2025-07-26
nairametrics.com	12220	2026-03-04
nairobiwire.com	14116	2026-06-26
nakedcapitalism.com	12144	2026-06-28
namibian.com.na	30854	2026-06-28
namibiansun.com	21396	2026-06-27
nampa.org	44517	2024-11-08
nanaimobulletin.com	31803	2026-06-28
nancyonnorwalk.com	5259	2026-06-26
nantonnews.com	8202	2026-06-28
napaneeguide.com	39324	2026-06-28
napaneetoday.ca	9881	2026-06-28
napavalleyregister.com	68865	2026-06-28
naplesnews.com	11875	2023-09-11
naroomanewsonline.com.au	69433	2026-06-28
narrominenewsonline.com.au	43736	2026-06-28
nasa.gov	8156	2026-06-26
nasdaq.com	55603	2026-06-16
nashfm100.com	5714	2026-06-28
nashfm1025.com	5774	2026-06-28
nashvilleherald.com	100984	2026-06-28
nashvillepost.com	14217	2026-06-24
nashvillescene.com	11873	2026-06-26
nation.co.ke	29367	2022-02-18
nation.com.pk	11096	2022-06-06
nation.sc	31169	2026-06-28
nationalaccordnewspaper.com	52940	2026-06-28
nationalgeographic.com	10680	2026-06-28
nationalheraldindia.com	6988	2026-03-15
nationalhogfarmer.com	5929	2025-01-21
nationalinterest.org	48930	2026-01-29
nationalmemo.com	10108	2026-06-26
nationalmortgagenews.com	14296	2026-06-28
nationalmortgageprofessional.com	6336	2025-01-22
nationalnetworkonline.com	5196	2026-06-25
nationalpost.com	52665	2026-06-28
nationalreview.com	12378	2021-07-27
nationaltribune.com.au	8043	2025-01-27
nationnews.com	30585	2026-06-25
nationofchange.org	6473	2026-03-18
nationthailand.com	16496	2026-03-16
natlawreview.com	116339	2026-06-28
naturalgasintel.com	18603	2026-06-28
naturalgasworld.com	12123	2025-02-26
naturalnews.com	62938	2026-06-28
nature.com	36684	2026-06-27
natureworldnews.com	17816	2026-06-26
naval-technology.com	6819	2026-06-27
naveenbharat.in	7607	2022-04-24
navhindtimes.in	31985	2026-06-28
navy.mil	6855	2025-03-06
navytimes.com	10132	2026-06-27
nba.com	18601	2026-03-18
nbc-2.com	55163	2025-02-05
nbc.com	6427	2026-06-26
nbc11news.com	9500	2023-12-14
nbc12.com	30170	2023-12-14
nbc15.com	19997	2023-12-14
nbc16.com	38849	2026-06-28
nbc24.com	8112	2026-06-28
nbc29.com	16840	2023-12-14
nbcbayarea.com	121382	2026-06-28
nbcboston.com	5342	2026-06-04
nbcchicago.com	142995	2026-06-28
nbcconnecticut.com	160573	2026-06-28
nbcdfw.com	140934	2026-06-28
nbclosangeles.com	138132	2026-06-28
nbcmiami.com	114083	2026-06-28
nbcmontana.com	42959	2026-06-28
nbcnews.com	180179	2026-06-28
nbcnewyork.com	138082	2026-06-28
nbcphiladelphia.com	139659	2026-06-28
nbcrightnow.com	52587	2026-06-28
nbcsandiego.com	115038	2026-06-28
nbcsvg.com	9253	2026-06-27
nbcwashington.com	90961	2026-06-28
nbnnews.com.au	29197	2026-06-26
nbr.co.nz	25809	2026-06-28
ncadvertiser.com	56294	2025-10-26
nclawyersweekly.com	7647	2026-06-03
ncnewsonline.com	56990	2026-06-28
ncpa.org	6534	2026-06-27
ncr-iran.org	8203	2026-06-28
ncregister.com	19296	2026-06-28
ncronline.org	16624	2025-10-08
ncspin.com	5000	2026-06-26
ndtv.com	342023	2025-05-26
nebraska.tv	33417	2026-06-28
necn.com	82611	2025-02-13
nehandaradio.com	13956	2026-06-27
neindia.com	6820	2026-06-27
neonnettle.com	10439	2022-07-30
neoskosmos.com	20443	2026-06-27
neowin.net	47848	2025-11-08
nepalnational.com	97225	2026-06-28
nerdist.com	18414	2026-06-27
netflixlife.com	5730	2026-06-28
netindian.in	5818	2025-08-21
netnewsledger.com	19869	2026-06-28
netscape.com	173042	2026-06-28
netsdaily.com	7190	2026-06-28
netwerk24.com	10158	2025-01-22
networkworld.com	7665	2026-06-27
neurologyadvisor.com	9287	2026-06-26
nevadaappeal.com	12575	2025-09-05
nevadabusiness.com	7239	2026-06-26
nevadanewsandviews.com	6090	2026-06-26
neveitalia.it	11740	2026-03-07
newagebd.net	23289	2025-05-26
newarab.com	9672	2025-09-21
newarkadvertiser.co.uk	31884	2026-06-28
newarkadvocate.com	6177	2023-09-11
newarkpostonline.com	5072	2026-06-26
newbernsj.com	11532	2026-06-26
newburyportnews.com	29683	2026-06-28
newburytoday.co.uk	26730	2026-06-28
newbusinessethiopia.com	13928	2026-06-23
newcanaanite.com	7633	2026-06-28
newcastleherald.com.au	149165	2026-06-28
newcivilengineer.com	13932	2026-06-26
newcountry991.com	6309	2022-04-29
newegg.com	25626	2026-06-28
newelectronics.co.uk	12266	2026-06-05
newfoodmagazine.com	5975	2026-03-31
newhamrecorder.co.uk	28801	2026-06-27
newhavenindependent.org	11223	2026-06-27
newidea.com.au	14419	2026-06-26
newindianexpress.com	145909	2026-06-28
newjerseyhills.com	40473	2026-06-16
newjerseytelegraph.com	112538	2026-06-28
newkerala.com	229096	2026-06-28
newmilfordspectrum.com	51343	2022-03-01
neworleanscitybusiness.com	16544	2026-06-03
neworleanssun.com	56988	2026-06-28
newportri.com	6992	2023-09-08
newrepublic.com	22750	2026-06-28
newrock1041.fm	7170	2026-06-14
news-daily.com	80782	2026-06-28
news-expressky.com	26890	2026-06-28
news-gazette.com	127448	2026-06-28
news-herald.com	50883	2026-06-28
news-journal.com	9037	2026-06-28
news-journalonline.com	17642	2023-09-11
news-leader.com	8165	2023-09-11
news-mail.com.au	44484	2021-04-28
news-medical.net	101576	2026-06-28
news-press.com	12874	2023-09-11
news-star.com	10606	2026-06-22
news.am	90955	2026-06-26
news.az	50662	2026-06-28
news.cn	13336	2022-04-14
news.com.au	91981	2024-07-30
news.err.ee	23415	2022-10-20
news.statetimes.in	7534	2020-06-12
news.tuoitre.vn	9724	2026-06-28
news12.com	73056	2026-06-28
news18.com	268439	2026-03-17
news24.com	166768	2026-06-28
news3lv.com	45741	2026-06-28
news4jax.com	154864	2026-06-28
news4sanantonio.com	47836	2026-06-28
news5cleveland.com	6019	2026-03-18
news8000.com	90699	2026-06-28
news9.com	76407	2026-06-28
news957.com	48715	2021-10-17
newsadvance.com	47162	2026-06-28
newsandsentinel.com	22885	2026-06-27
newsandstar.co.uk	186530	2026-06-28
newsandtribune.com	26289	2026-06-28
newsargus.com	25570	2026-06-28
newsbiscuit.com	5951	2026-06-28
newsblogged.com	5602	2026-05-27
newsbreak.com	10798	2025-12-06
newsbtc.com	36814	2026-06-28
newsbug.info	10722	2026-06-26
newsbusters.org	86378	2026-06-28
newsbytes.ph	5476	2026-06-27
newscenter1.tv	33862	2026-06-28
newscentermaine.com	38963	2026-03-19
newscentralasia.net	8164	2026-06-28
newschannel10.com	22745	2026-06-28
newschannel20.com	28917	2026-06-27
newschannel5.com	53133	2026-06-28
newschannel6now.com	23933	2026-06-28
newschannel9.com	39065	2026-06-28
newschannelnebraska.com	13127	2025-03-22
newschief.com	8585	2023-09-11
newscientist.com	17133	2026-06-28
newsdakota.com	21301	2026-06-22
newsday.co.tt	85740	2026-06-27
newsday.co.zw	29671	2026-06-28
newsday.com	101853	2026-06-28
newsdzezimbabwe.co.uk	7676	2025-12-25
newser.com	74655	2026-06-28
newsfirst.lk	12470	2026-03-19
newsghana.com.gh	83047	2026-06-28
newsherald.com	14695	2023-09-11
newshub.co.nz	18541	2024-07-04
newsincyprus.com	12862	2025-01-27
newsindiatimes.com	14222	2026-06-28
newsitem.com	27060	2026-06-28
newslaundry.com	5380	2026-06-28
newsleader.com	5481	2023-09-11
newsletter.co.uk	32306	2025-01-23
newsmakers.pk	21000	2026-06-27
newsmax.com	59273	2024-07-30
newsminer.com	33901	2026-06-28
newsnation.in	8047	2020-04-07
newsnationnow.com	6205	2025-12-25
newsnationtv.com	27052	2025-10-19
newsnow.co.uk	11419	2026-06-26
newsofbahrain.com	10103	2026-03-05
newson6.com	77224	2026-06-28
newsonair.com	29094	2021-11-26
newsone.com	8738	2026-06-28
newsonjapan.com	26168	2026-06-28
newsoptimist.ca	37573	2021-07-29
newspressnow.com	73331	2026-06-28
newsradio1029.com	75065	2026-06-28
newsradio1310.com	18911	2026-06-28
newsradio1440.com	23058	2025-03-17
newsradioklbj.com	7323	2026-06-16
newsregister.com	13490	2026-06-27
newsroompanama.com	12455	2026-06-28
newsshopper.co.uk	122584	2026-06-28
newstalk.com	44006	2026-06-28
newstalk1030.com	44568	2026-06-28
newstalk1280.com	24752	2026-06-28
newstalk1290.com	18675	2026-06-26
newstalk870.am	20595	2026-06-28
newstalkkgvo.com	16182	2026-06-28
newstalkkit.com	19442	2026-06-28
newstalkzb.co.nz	62894	2026-06-28
newstatesman.com	27272	2026-06-28
newstimes.com	131966	2025-06-12
newstoday.com.bd	12801	2021-01-24
newstodaynet.com	31092	2026-06-27
newstracklive.com	7310	2025-07-05
newstrib.com	7242	2023-05-01
newstribune.com	46901	2026-06-28
newsviewsnreviews.com	5466	2019-11-13
newswatchman.com	5105	2026-06-26
newsweek.com	286407	2026-06-28
newswest9.com	42241	2026-06-26
newswire.ca	21831	2026-06-26
newswire.net	5033	2026-06-09
newswiretoday.com	28193	2026-06-28
newswise.com	40141	2026-06-28
newsx.com	59948	2026-06-28
newsy.com	19898	2023-01-04
newtelegraphng.com	6479	2026-03-19
newtimesslo.com	8396	2026-06-25
newtoncountytimes.com	12109	2026-06-24
newtondailynews.com	6948	2026-06-28
newtownbee.com	13717	2026-06-27
newvision.co.ug	14692	2026-06-28
newwestrecord.ca	69228	2025-08-01
newyorker.com	16439	2026-06-28
newyorkstatesman.com	48675	2026-06-28
newyorktelegraph.com	176530	2026-06-28
newzealandstar.com	50193	2026-06-28
newzimbabwe.com	33985	2026-06-28
nextbigfuture.com	6138	2026-06-27
nextbigwhat.com	8579	2026-06-24
nextshark.com	11383	2026-06-26
nfl.com	9180	2026-03-18
nhbr.com	6991	2026-06-24
nhl.com	22373	2026-03-19
nhpbs.org	20745	2026-06-28
nhpr.org	27399	2026-06-28
nhregister.com	170698	2026-06-22
niagara-gazette.com	27199	2026-06-28
niagarafallsreview.ca	80593	2026-06-28
niagarathisweek.com	9911	2026-06-28
nichegamer.com	13626	2026-06-28
nigerianbulletin.com	9182	2026-06-28
nigerianeye.com	64719	2026-06-28
nigerianobservernews.com	13844	2026-06-28
nigerianpilot.com	7331	2020-10-27
nigeriasun.com	83539	2026-06-28
nikkei.com	15295	2026-06-28
nine.com.au	11525	2026-06-25
ninernoise.com	5485	2026-06-28
ninersnation.com	15370	2026-06-28
nintendoeverything.com	12178	2026-06-28
nintendolife.com	34405	2026-06-28
nintendoworldreport.com	15475	2026-06-28
nipawinjournal.com	10212	2026-06-28
niyitabiti.net	5586	2023-01-29
nj.com	120944	2026-02-23
nj1015.com	52876	2026-06-28
njbiz.com	17043	2026-06-04
njherald.com	11636	2023-09-11
nknews.org	10758	2026-06-26
nkytribune.com	10134	2026-03-11
nltimes.nl	21966	2026-06-28
nme.com	58979	2026-06-28
nmpoliticalreport.com	5441	2026-06-25
nna-leb.gov.lb	16290	2023-10-07
nny360.com	63110	2026-06-28
noise11.com	14098	2026-06-27
nola.com	79302	2026-06-28
nonpareilonline.com	58955	2026-06-28
noodls.com	5116	2025-05-02
noosanews.com.au	45618	2021-04-28
noozhawk.com	40282	2026-06-28
norfolkandtillsonburgnews.com	43489	2026-06-22
norfolkdailynews.com	32577	2026-06-27
norfolktoday.ca	10616	2026-06-26
normantranscript.com	25526	2026-06-28
northafricapost.com	13083	2026-06-28
northamptonchron.co.uk	23233	2025-01-23
northantstelegraph.co.uk	18240	2025-01-23
northbaynipissing.com	6539	2026-06-28
northcentralpa.com	34364	2026-06-28
northcoastcitizen.com	5728	2025-09-25
northcoastjournal.com	12993	2026-06-27
northcountrynow.com	65480	2026-06-28
northcountrypublicradio.org	54919	2026-06-28
northdenvernews.com	5774	2026-06-27
northdevongazette.co.uk	9532	2026-05-20
northeasttoday.in	14675	2026-06-26
northern-times.co.uk	45918	2026-06-28
northerndailyleader.com.au	101858	2026-06-28
northernirelandnews.com	19738	2024-12-03
northernirelandworld.com	23257	2025-01-23
northernminer.com	8230	2026-06-26
northernnews.ca	50208	2026-06-28
northernpublicradio.org	57921	2026-06-28
northernstar.com.au	43139	2021-04-28
northernvirginiamag.com	5224	2026-06-26
northescambia.com	18771	2026-06-28
northfortmyersneighbor.com	6113	2026-06-26
northislandgazette.com	30568	2026-06-28
northjersey.com	17610	2023-09-11
northkoreatimes.com	33776	2026-06-28
northplattebulletin.com	5937	2026-06-28
northqueenslandregister.com.au	30599	2026-06-28
northsomersettimes.co.uk	33415	2026-06-28
northumberlandgazette.co.uk	17505	2025-01-23
northumberlandnews.com	6554	2026-06-28
northwaleschronicle.co.uk	104841	2026-06-28
northwalespioneer.co.uk	108119	2026-06-28
northwestgeorgianews.com	145396	2026-06-28
northwestmoinfo.com	24129	2026-06-27
northwestsignal.net	40875	2026-06-27
northweststar.com.au	60230	2026-06-28
northwichguardian.co.uk	123964	2026-06-28
norwichbulletin.com	8631	2023-09-11
nottinghampost.com	121816	2026-06-28
nova.ie	26077	2026-06-28
novinite.com	64996	2026-06-28
nowgrenada.com	6098	2026-06-28
nownews.com	14527	2022-10-31
nowtoronto.com	18364	2026-06-25
npr.org	139964	2026-06-28
nptelegraph.com	45572	2026-06-27
nrl.com	13633	2026-06-28
nrn.com	15357	2026-06-26
nrq.com	6081	2026-06-22
nrtoday.com	27879	2026-06-27
nsnews.com	73513	2026-06-24
nst.com.my	19661	2025-09-22
ntnews.com.au	51861	2024-07-22
ntv.co.ug	23360	2026-06-27
nuclear-news.net	18545	2026-06-28
nugget.ca	61600	2026-06-28
nujournal.com	13966	2026-06-28
numberfire.com	17288	2025-10-21
nurseryworld.co.uk	5910	2026-06-19
nursingtimes.net	10195	2026-06-26
nutraingredients-usa.com	6370	2025-10-15
nutraingredients.com	7256	2026-06-26
nvdaily.com	70974	2026-06-28
nvi.com.au	46508	2026-06-28
nwaonline.com	79930	2026-06-28
nwasianweekly.com	5589	2025-12-21
nwemail.co.uk	168148	2026-06-28
nwfdailynews.com	15489	2023-09-11
nwherald.com	10392	2023-05-01
nwitimes.com	106994	2026-06-28
ny1.com	5132	2026-04-22
nyasatimes.com	24571	2026-06-28
nydailynews.com	153000	2026-06-28
nylon.com	5309	2026-06-26
nymag.com	11717	2026-06-26
nynganobserver.com.au	44028	2026-06-28
nypost.com	240290	2026-06-28
nystateofpolitics.com	15602	2026-06-28
nysun.com	20261	2026-06-28
nytimes.com	288330	2026-06-28
nzcity.co.nz	268399	2026-06-28
nzdoctor.co.nz	20116	2026-06-27
nzherald.co.nz	299424	2026-06-28
oakdaleleader.com	7275	2026-06-17
oakridger.com	9789	2023-09-11
oann.com	70140	2026-06-28
oanow.com	32760	2026-06-27
oaoa.com	38684	2025-05-15
obantimes.co.uk	12192	2024-01-25
oberonreview.com.au	46987	2026-06-28
obj.ca	10470	2026-06-26
obozrevatel.com	40531	2025-03-05
obrag.org	7278	2026-06-26
observer-reporter.com	21637	2026-06-27
observer.com	8546	2026-06-27
observer.ug	34033	2026-06-28
observertoday.com	25399	2026-06-28
oc-breeze.com	12900	2023-04-02
ocala.com	12103	2023-09-11
ocbj.com	5858	2026-06-27
oceanfm.ie	14617	2026-06-28
ocj.com	9737	2026-06-28
ocregister.com	74596	2026-06-28
odnako.org	25470	2026-06-28
odt.co.nz	58163	2026-06-28
odwyerpr.com	11254	2026-06-27
oedigital.com	17851	2026-06-26
offalyexpress.ie	62753	2026-05-12
offalyindependent.ie	39369	2026-06-28
officer.com	7040	2026-06-26
offshore-energy.biz	10861	2025-01-22
offshore-technology.com	10701	2026-06-26
ofm.co.za	18530	2026-06-28
og979.com	21908	2026-05-15
ohiostandard.com	40536	2026-06-28
ohsonline.com	5176	2026-06-27
oilandgas360.com	17127	2026-06-27
oilcity.news	6882	2025-04-03
oilprice.com	42298	2026-06-28
oilvoice.com	10120	2020-12-14
oireachtas.ie	10169	2026-06-26
ojaivalleynews.com	10965	2026-06-28
ok.co.uk	126675	2026-06-28
okaz.com.sa	8403	2026-06-28
okcfox.com	35576	2026-06-28
okgazette.com	5380	2026-06-28
oklahomacitysun.com	36795	2026-06-28
oklahoman.com	55294	2023-09-11
oklahomastar.com	20841	2026-06-28
okotoksonline.com	14345	2026-06-28
okotokstoday.ca	8948	2023-03-29
oldham-chronicle.co.uk	12705	2026-06-27
oleantimesherald.com	86062	2026-06-28
omaha.com	179369	2026-06-28
omakchronicle.com	14576	2026-06-28
omanobserver.om	35500	2026-06-28
ominecaexpress.com	25836	2026-06-28
on3.com	5021	2026-03-19
onclive.com	16070	2026-01-16
oncologynurseadvisor.com	5958	2026-06-26
onegreenplanet.org	32455	2026-06-26
oneidadispatch.com	34913	2026-06-28
oneindia.com	59902	2026-06-28
onenewsnow.com	10704	2021-08-10
onenewspage.com	286144	2026-06-09
onlineathens.com	9456	2023-09-11
onlinenigeria.com	70549	2025-03-25
onlineopinion.com.au	9157	2026-06-28
onthewater.com	5460	2026-06-26
onthewight.com	16121	2026-06-28
onwardstate.com	12536	2026-06-28
opalesque.com	5340	2026-06-27
opb.org	7713	2026-04-01
opednews.com	8502	2026-06-28
openpr.com	740009	2026-06-27
openthemagazine.com	9555	2026-06-28
opinionnigeria.com	30926	2026-06-28
opportunitiesforafricans.com	10883	2026-06-26
optics.org	8537	2026-03-25
orangeobserver.com	9356	2025-09-10
orangeville.com	6197	2026-06-28
orangevilletoday.ca	7117	2026-06-26
order-order.com	6865	2025-09-01
oregonlive.com	77250	2026-02-23
organiser.org	31223	2026-06-28
origin-businesstoday.intoday.in	40947	2021-06-25
originalfm.com	16807	2025-12-12
orissabarta.com	45115	2026-03-06
orissadiary.com	26812	2026-06-28
orissapost.com	132993	2026-06-28
orlandoecho.com	49502	2026-06-28
orlandosentinel.com	113664	2026-06-28
orlandoweekly.com	14525	2026-06-26
orlytaitzesq.com	26973	2026-06-28
orovillemr.com	14182	2026-06-28
oskaloosa.com	44862	2026-06-28
oskynews.org	6180	2026-06-19
oswegocountynewsnow.com	13045	2026-06-28
oswegocountytoday.com	12289	2026-06-27
ottawa.ctvnews.ca	29397	2025-01-23
ottawacitizen.com	53243	2026-06-28
ottawaherald.com	5736	2026-06-06
ottawasun.com	64187	2026-06-28
ottumwacourier.com	64222	2026-06-28
oudaily.com	6350	2026-06-27
ourmidland.com	73223	2025-12-18
ourtribune.com	5164	2022-10-28
out.com	7456	2026-06-27
outbreaknewstoday.com	7571	2024-04-16
outdoorlife.com	5010	2026-06-28
outdoornewsdaily.com	5453	2023-05-06
outerbanksvoice.com	8875	2026-06-28
outinperth.com	5382	2026-06-28
outlookindia.com	130299	2026-06-28
outsidelands.org	6538	2026-06-28
outsideonline.com	10614	2026-06-28
overdrive.in	5933	2026-06-26
overdriveonline.com	6211	2026-05-27
owensoundsuntimes.com	25719	2026-06-28
oxfordmail.co.uk	234420	2026-06-28
oyetimes.com	10749	2026-06-26
packers.com	7615	2026-06-26
packworld.com	8007	2025-12-28
padovanews.it	13376	2026-06-11
paducahsun.com	18727	2026-06-27
pagalguy.com	16430	2026-06-12
pagesix.com	48452	2026-06-28
pagosadailypost.com	7277	2026-06-26
pagosasun.com	13108	2026-06-28
paherald.sk.ca	13859	2026-06-28
pajhwok.com	25822	2026-06-28
pakistanpressfoundation.org	7256	2026-06-23
pakistantelegraph.com	96933	2026-06-28
pakistantoday.com.pk	28184	2026-06-28
pakobserver.net	81201	2026-06-28
palatinate.org.uk	8986	2026-06-27
palestinechronicle.com	8588	2025-08-01
palestineherald.com	10832	2026-06-28
palestinemonitor.org	38912	2026-05-15
palmbeachdailynews.com	7786	2023-09-11
palmbeachpost.com	26187	2023-09-11
palmcoastobserver.com	5119	2023-02-01
palmettobusinessdaily.com	6608	2024-01-26
paloaltoonline.com	18271	2026-06-28
pamplinmedia.com	24300	2022-12-14
panapress.com	23117	2026-05-10
panarmenian.net	23881	2026-06-28
pandct.com	10486	2026-02-15
panow.com	81984	2026-06-28
pantagraph.com	90193	2026-06-28
paperpk.com	13781	2026-06-28
parabolicarc.com	8426	2023-11-29
parade.com	9416	2025-09-12
paradisepost.com	11243	2026-06-28
parents.com	7116	2026-03-17
parisguardian.com	64437	2026-06-28
parisstaronline.com	38693	2026-06-28
parkeschampionpost.com.au	20361	2026-06-28
parking-net.com	6510	2025-03-11
parking.net	10185	2026-06-26
parkrapidsenterprise.com	31156	2026-06-28
parkrecord.com	17807	2026-06-27
parliament.gov.to	20419	2026-06-19
parrysound.com	7143	2026-06-28
parsonssun.com	15480	2026-06-26
pasadenastarnews.com	44313	2026-06-28
pasoroblesdailynews.com	16717	2026-06-27
pastemagazine.com	11070	2026-06-27
patch.com	236382	2026-06-28
patentlyapple.com	6478	2024-07-30
patheos.com	32796	2026-06-18
patriotledger.com	9693	2023-09-11
patriotpost.us	35967	2026-06-27
patriots.com	6264	2026-06-15
pauldavisoncrime.com	8819	2026-06-28
paulickreport.com	26925	2026-02-06
paultan.org	33108	2026-06-28
paysonroundup.com	9934	2026-06-27
pbcommercial.com	7169	2026-04-07
pbn.com	8460	2026-04-18
pbs.org	26082	2026-06-18
pc-tablet.co.in	7418	2025-04-05
pcgamesn.com	29543	2026-06-28
pcmag.com	38113	2026-06-28
pctechmag.com	6234	2026-06-28
pcworld.co.nz	5685	2023-01-27
peacearchnews.com	35584	2026-06-28
peacefmonline.com	145649	2025-01-26
peakoil.com	17203	2026-06-28
peconicpublicbroadcasting.org	6972	2020-06-16
pedestrian.tv	30402	2026-06-28
peeblesshirenews.com	92580	2026-06-28
pehub.com	14729	2026-06-26
pembinavalleyonline.com	24879	2026-06-28
pembrokeobserver.com	37602	2026-06-28
pembroketoday.ca	11424	2026-06-28
penarthtimes.co.uk	114898	2026-06-28
penbaypilot.com	36514	2026-06-28
pendletoday.co.uk	5505	2021-12-13
peninsuladailynews.com	10995	2026-06-27
pennlive.com	108037	2026-03-08
pennrecord.com	13340	2025-05-21
pensacolasjet.com	6158	2026-06-28
pentictonherald.ca	84346	2026-06-28
people.com	58098	2026-02-05
peoplesdailyng.com	33481	2026-04-09
peoplesreview.com.np	5820	2026-06-28
peoplesworld.org	17925	2026-06-26
peoriapublicradio.org	14883	2021-05-05
performancedrive.com.au	13678	2025-07-21
perhamfocus.com	24715	2026-06-28
perishablenews.com	21244	2026-06-26
perrynewspapers.com	5180	2026-06-26
personneltoday.com	8869	2026-06-26
perthnow.com.au	75190	2026-06-28
peterboroughtoday.co.uk	19466	2025-01-23
petoskeynews.com	13149	2023-09-11
pghcitypaper.com	9642	2026-04-25
phandroid.com	17207	2026-06-28
pharmaceuticalonline.com	9570	2026-06-28
pharmacytimes.com	12321	2026-03-25
pharmatimes.com	5471	2026-06-26
pharmiweb.com	39419	2026-06-01
pharostribune.com	19811	2026-06-28
philamirror.info	7659	2026-05-24
philenews.com	17917	2026-06-28
philippinetimes.com	88223	2026-06-28
phillymag.com	6345	2026-06-26
phillytrib.com	40211	2026-06-28
phillyvoice.com	34660	2026-06-28
philstar.com	165523	2026-06-28
phinphanatic.com	5848	2026-06-28
phnompenhpost.com	44231	2026-06-28
phoenixfm.com	6408	2026-06-27
phoenixherald.com	107954	2026-06-28
phoenixnewtimes.com	7696	2026-06-27
phoenixvillenews.com	8403	2021-09-28
phonearena.com	41624	2025-08-21
phoronix.com	9793	2026-06-20
photonics.com	8114	2026-01-03
photonicsonline.com	5377	2026-06-26
phys.org	148868	2026-01-29
physiciansweekly.com	7449	2026-01-06
pikefm.com	9777	2026-06-28
pilotonline.com	68648	2026-06-28
pina.com.fj	20432	2026-06-28
pinchercreekecho.com	8763	2026-06-28
pineandlakes.com	33832	2026-06-28
pineisland-eagle.com	7213	2026-06-27
pinkbike.com	9096	2024-08-26
pinknews.co.uk	20157	2022-11-29
pinkun.com	5191	2025-12-06
pinkvilla.com	220382	2026-06-28
pinstripealley.com	18906	2026-06-28
pionline.com	18259	2026-06-18
piquenewsmagazine.com	60540	2025-09-05
pireport.org	10960	2026-06-26
pistonheads.com	5518	2026-06-28
pitchfork.com	17334	2026-06-28
pittsburghmagazine.com	5985	2026-06-26
pittsburghstar.com	112840	2026-06-28
piworld.com	7882	2026-06-26
pix11.com	19492	2025-06-12
pizzamarketplace.com	5402	2026-06-26
pjmedia.com	47356	2026-06-28
pjstar.com	10980	2023-09-11
placenorthwest.co.uk	17006	2026-06-04
plaintalk.net	5563	2026-06-28
planetf1.com	45992	2026-06-28
planetizen.com	14972	2025-07-30
planetprinceton.com	10515	2026-06-28
plansponsor.com	6301	2026-06-26
plasticsnews.com	9513	2026-04-29
playbill.com	23898	2026-06-28
playstationlifestyle.net	15983	2026-06-28
pleasantonweekly.com	12196	2026-06-27
plenglish.com	61967	2026-06-26
plos.org	5919	2026-06-26
pluggedin.com	5388	2026-06-27
plymouthherald.co.uk	102604	2026-06-28
pmlive.com	9972	2026-06-26
pmnewsnigeria.com	52480	2026-06-28
pna.gov.ph	7058	2026-03-08
pnj.com	13200	2023-09-11
poandpo.com	22819	2025-05-09
pocket-lint.com	26203	2026-06-28
pocketgamer.com	7346	2026-06-26
pocketnow.com	11447	2025-09-04
poconorecord.com	7358	2023-09-11
pokernews.com	33151	2026-06-28
polandsun.com	5706	2023-12-21
police1.com	7410	2026-06-28
polishforums.com	9701	2026-06-23
politicaldog101.com	30246	2026-06-28
politicalwire.com	54860	2026-06-28
politico.com	67856	2025-11-05
politico.eu	40888	2026-06-28
politics.co.uk	8800	2026-06-25
politicsweb.co.za	10174	2026-06-28
politicususa.com	7324	2026-02-28
politifact.com	12729	2026-06-28
polity.org.za	34059	2025-01-23
polkio.com	18538	2026-06-28
polygon.com	35138	2026-06-28
poncacitynews.com	9779	2026-06-20
pontefractandcastlefordexpress.co.uk	5456	2021-12-14
popcrush.com	18042	2026-06-28
popmatters.com	6121	2025-10-29
popsci.com	12402	2026-06-28
popsugar.com	65011	2026-06-24
popsugar.com.au	14474	2025-05-08
popularmechanics.com	14704	2026-06-28
portageonline.com	26533	2026-06-28
portcitydaily.com	15519	2026-06-27
portclintonnewsherald.com	6288	2023-09-11
portfolio-adviser.com	7118	2026-06-26
portlandmercury.com	11902	2026-06-27
portlandtribune.com	8463	2026-06-27
portnews.com.au	62633	2026-06-28
portsmouth-dailytimes.com	7602	2026-06-27
portsmouth.co.uk	25284	2025-01-23
portstephensexaminer.com.au	56408	2026-06-28
positivelyfilipino.com	6030	2026-06-24
post-journal.com	24084	2026-06-28
postandcourier.com	121081	2026-06-28
postbulletin.com	62073	2026-06-28
postcourier.com.pg	42231	2026-06-28
postcrescent.com	12995	2023-09-11
postindependent.com	14104	2026-06-28
postnewsgroup.com	6420	2026-06-24
postonline.co.uk	8961	2026-06-19
postregister.com	67646	2026-06-28
poststar.com	66121	2026-06-28
potchefstroomherald.co.za	10484	2023-10-04
potomaclocal.com	14142	2026-06-28
pottsmerc.com	49565	2026-06-28
poughkeepsiejournal.com	7141	2023-09-11
poundingtherock.com	8783	2026-06-28
powderbulksolids.com	7553	2026-06-27
powelltribune.com	18071	2026-06-28
power-technology.com	11480	2026-06-26
power103.com	8170	2026-06-28
power1057.com	7371	2026-06-28
power1069fm.com	22203	2026-06-27
power923.com	6275	2026-06-28
power959.com	19574	2026-06-28
power965.com	6877	2025-01-27
power96radio.com	50221	2026-06-28
power98fm.com	23247	2026-06-28
powerlineblog.com	11502	2026-06-28
powermag.com	6070	2026-06-25
powerorlando.com	7594	2026-06-27
powerpage.org	7064	2026-01-18
pqbnews.com	31376	2026-06-28
pr-inside.com	174500	2026-06-28
pr.com	16593	2026-06-27
pragativadi.com	52160	2026-06-28
prairiepublic.org	41867	2026-06-28
praise933.com	5194	2024-04-28
prajasakti.com	11555	2026-06-26
pratttribune.com	5184	2023-09-12
predominantlyorange.com	7616	2026-06-28
premierchristianradio.com	11066	2023-06-07
premiumbeautynews.com	5906	2026-06-28
premiumtimesng.com	108232	2026-06-28
press-citizen.com	9004	2023-09-11
pressandguide.com	17310	2025-11-04
pressandjournal.co.uk	196721	2025-05-27
pressconnects.com	6069	2023-09-11
pressdemocrat.com	29713	2026-06-28
pressenterpriseonline.com	87096	2026-01-28
pressenza.com	12148	2026-06-28
pressgazette.co.uk	7193	2026-06-26
pressherald.com	131183	2026-06-28
pressofatlanticcity.com	82656	2026-06-28
pressparty.com	8869	2026-01-02
presspublications.com	6408	2026-06-25
presspubs.com	7558	2026-06-27
pressreleasepoint.com	60588	2026-06-28
pressrepublican.com	19853	2026-06-28
presstelegram.com	44965	2026-06-28
presstv.com	18559	2021-06-22
presstv.ir	64676	2026-06-28
prestigeonline.com	8844	2026-06-26
prestwichandwhitefieldguide.co.uk	18621	2023-03-07
prevention.com	11439	2026-06-28
prima.co.uk	8509	2026-06-28
primepublishers.com	5155	2026-06-27
princegeorgecitizen.com	137171	2025-09-05
princeton.edu	9063	2026-06-28
princetonol.com	11140	2026-06-28
printingnews.com	8737	2022-11-18
printweek.com	9505	2026-05-29
printweek.in	8636	2026-06-28
prleap.com	9455	2026-06-27
prnewswire.co.uk	14769	2026-06-25
prnewswire.com	1283703	2026-06-28
proactiveinvestors.co.uk	59938	2026-06-27
proactiveinvestors.com	62411	2026-06-27
proactiveinvestors.com.au	33495	2026-06-26
probuilder.com	7411	2026-06-27
producer.com	14827	2025-05-22
professionaladviser.com	13417	2026-06-26
professionalpensions.com	10744	2026-06-26
progress-index.com	6209	2023-09-11
progressive-charlestown.com	19857	2026-06-28
progressivegrocer.com	7553	2025-09-09
progressiverailroading.com	10305	2026-06-27
projectnoah.org	19423	2026-06-24
prokerala.com	617534	2026-06-28
prolificnorth.co.uk	21294	2026-06-26
promptnewsonline.com	37343	2026-06-28
propakistani.pk	81774	2026-06-28
propertyweek.com	27135	2026-06-26
propublica.org	5353	2026-06-26
prospectmagazine.co.uk	8055	2026-06-27
providencejournal.com	22218	2023-09-11
prowrestling.net	17854	2026-06-28
prpeak.com	86658	2025-09-05
prrecordgazette.com	12549	2026-06-28
prunderground.com	11810	2026-06-27
prweb.com	172486	2026-06-26
prweek.com	13504	2026-06-26
psu.com	7048	2025-06-06
psu.edu	24845	2026-06-26
psychcentral.com	5022	2024-10-01
psychiatryadvisor.com	8500	2026-06-26
psychologytoday.com	23393	2026-06-27
ptinews.com	297015	2024-03-31
ptleader.com	6954	2026-06-28
publicnewsservice.org	19341	2025-08-20
publicnow.com	17005	2022-09-16
publicradioeast.org	52137	2026-06-28
publicradiotulsa.org	54746	2026-06-28
publishersweekly.com	20499	2026-06-27
pullmanradio.com	13154	2026-06-26
pulse.com.gh	49036	2026-03-19
pulse.ng	86874	2026-03-18
punchjump.com	11153	2026-06-27
punchng.com	283793	2026-06-28
punknews.org	9026	2026-06-28
punto.com.ph	8470	2026-06-28
purdueexponent.org	36439	2026-06-28
purerock96.com	9191	2026-06-28
purplerow.com	5742	2026-06-28
pushsquare.com	28820	2026-06-28
pv-magazine.com	18465	2026-06-04
pv-tech.org	13209	2026-06-28
pvvt.com	5644	2026-06-25
pwcs.edu	10390	2022-08-01
pymnts.com	22321	2026-06-27
q102.ie	16826	2026-06-28
q105.fm	6380	2026-06-28
q1057.com	9579	2026-06-26
q1061.com	8019	2026-06-28
q1065.fm	23474	2026-06-27
q106dot5.com	21402	2026-06-28
q106fm.com	8181	2026-06-25
q107.com	20377	2026-06-25
q1077.com	24465	2026-06-26
q107fm.ca	6514	2020-06-10
q108.com	7777	2026-06-26
q13fox.com	32112	2023-04-18
q93fm.com	14400	2026-06-27
q957.com	18815	2025-10-31
q95fm.net	8596	2026-06-20
q961.com	23354	2026-06-28
q985online.com	36983	2026-06-28
q98fm.com	6730	2026-06-28
qatar-tribune.com	32534	2026-06-28
qatarliving.com	7976	2026-06-28
qchron.com	12845	2026-06-27
qconline.com	69930	2026-06-28
qctimes.com	95932	2026-06-28
qns.com	11644	2026-06-28
qsrmagazine.com	6347	2026-02-19
qsrweb.com	6859	2026-06-26
qt.com.au	56636	2021-06-23
quadcitiesdaily.com	21617	2026-01-02
queanbeyanage.com.au	66669	2026-06-28
queensjournal.ca	5139	2026-06-28
queenslandcountrylife.com.au	49254	2026-06-28
queerty.com	6637	2026-06-22
quesnelobserver.com	28924	2026-06-28
quickcountry.com	47261	2026-06-28
quicknews-africa.net	35723	2026-06-28
quickworldnews.com	19319	2021-10-16
quintenews.com	26870	2026-06-28
qvc.com	59058	2026-06-25
qxmagazine.com	26002	2026-06-28
qz.com	34087	2026-04-13
racer.com	13748	2026-01-08
radaronline.com	31724	2026-06-28
radio.com	43725	2025-12-15
radio.gov.pk	56300	2026-06-28
radiocayman.gov.ky	7945	2026-06-28
radioinfo.com.au	6174	2025-01-22
radioink.com	14585	2026-06-28
radiojamaicanewsonline.com	29652	2026-06-24
radiokerry.ie	24043	2026-06-28
radiokorea.com	28814	2026-06-20
radiotamazuj.org	12636	2026-06-28
radiotimes.com	39218	2026-06-28
radiotoday.co.uk	5645	2026-06-27
radiotoday.com.au	8181	2025-06-14
radiousa.com	8185	2026-06-26
radiox.co.uk	6682	2026-06-27
radyonatin.com	11629	2025-10-03
rafu.com	5231	2026-06-28
ragtrader.com.au	7480	2026-06-26
railpage.com.au	73388	2023-10-15
railway-technology.com	5665	2026-06-22
railwayage.com	8580	2026-01-31
railwaygazette.com	10633	2026-06-28
rap-up.com	9390	2026-02-07
rapidcityjournal.com	58557	2026-06-28
rapidtvnews.com	6195	2026-02-17
rappler.com	82573	2026-06-28
rappnews.com	9414	2026-06-28
rapsinews.com	6019	2025-12-09
rasmussenreports.com	7625	2026-06-27
ravallirepublic.com	53649	2026-06-28
rawstory.com	60305	2026-06-28
rbj.net	12065	2026-06-04
rbth.com	6274	2026-06-28
rcps.info	37674	2026-06-15
rcreader.com	7659	2026-06-28
rcrwireless.com	8289	2026-06-26
reachfm.ca	13597	2026-01-01
readingchronicle.co.uk	135109	2026-06-28
readingeagle.com	56557	2026-06-28
readmedia.com	31723	2026-06-28
readwrite.com	6433	2024-10-10
realclearpolitics.com	31789	2026-05-17
realestate.com.au	13728	2026-06-28
realestatebusiness.com.au	8678	2026-06-28
realgeni.com	32458	2025-04-16
realitytea.com	40365	2026-06-28
realitytvworld.com	35543	2026-06-27
realradio804.com	6273	2026-06-26
realscreen.com	6878	2026-06-24
reason.com	15043	2026-06-28
rechargenews.com	10282	2026-06-28
record-bee.com	10269	2026-06-27
record-eagle.com	79888	2026-06-28
recordcourier.com	10467	2025-09-04
recorder.ca	46928	2026-06-28
recorder.com	34305	2026-06-28
recordernews.com	6816	2023-10-26
recorderonline.com	51508	2026-06-27
recordnet.com	9191	2023-09-11
recordonline.com	10835	2023-09-11
redandblack.com	9891	2026-06-28
redbluffdailynews.com	12256	2026-06-28
reddeeradvocate.com	21135	2026-06-27
redding.com	5466	2023-09-11
redditchadvertiser.co.uk	108206	2026-06-28
redditchstandard.co.uk	14491	2026-06-28
redeyeradioshow.com	14668	2026-06-23
redfm.ie	11594	2026-06-28
rediff.com	80808	2026-06-28
redlandcitybulletin.com.au	62613	2026-06-28
redlandsdailyfacts.com	42715	2026-06-28
redriverradio.org	55878	2026-06-28
redstate.com	73590	2026-06-28
redwatch.org.au	11641	2026-06-28
reflector.com	99181	2026-06-28
reformer.com	46739	2026-06-28
regina.ctvnews.ca	15942	2025-04-08
register-herald.com	60965	2026-06-27
registercitizen.com	111574	2026-04-21
registerguard.com	9843	2023-09-10
registerherald.com	6606	2025-09-17
rejournals.com	8752	2025-07-14
rekordeast.co.za	10868	2021-02-24
relevantmagazine.com	8315	2026-06-26
relevantradio.com	9361	2026-06-04
reliefweb.int	163718	2026-03-28
religionnews.com	16576	2026-06-27
relish.com	7090	2026-06-28
relix.com	6198	2026-06-28
renalandurologynews.com	7873	2026-06-26
renewableenergymagazine.com	10027	2026-06-26
renews.biz	22747	2025-01-23
renfrewtoday.ca	11490	2026-06-28
rep-am.com	52992	2025-02-04
repeatingislands.com	6951	2026-06-28
reporter.net	18175	2026-06-27
reporterherald.com	36429	2026-06-28
reporternews.com	9509	2023-09-11
republic-online.com	26029	2026-06-23
republicaneagle.com	5579	2026-06-28
republicanherald.com	44472	2026-06-28
republicofmining.com	6903	2026-06-18
republicworld.com	41980	2026-03-17
republikein.com.na	6157	2026-06-27
rescue.org	5786	2026-06-25
reseller.co.nz	14440	2026-06-26
resilience.org	5303	2026-06-26
respect-mag.com	5645	2026-06-11
restaurantmagazine.com	13489	2026-06-27
restaurantnews.com	13416	2026-06-27
restaurantnewsrelease.com	13164	2026-06-27
restaurantonline.co.uk	5801	2026-06-26
restonnow.com	6591	2024-05-17
retaildetail.eu	6960	2026-06-26
retaildive.com	12269	2026-06-26
retailtimes.co.uk	17842	2026-06-28
reuters.com	928660	2026-06-28
revengeofthebirds.com	6880	2026-06-27
reverb.com	6060	2022-05-04
reviewjournal.com	37875	2026-06-28
reviewonline.com	18129	2026-06-28
reviewtimes.com	6175	2020-06-10
revolutionradio.org	7537	2025-09-24
revolvermag.com	6193	2025-01-22
rewind943.com	9609	2026-06-27
rexburgstandardjournal.com	7118	2026-06-27
rfa.org	13478	2026-06-27
rfdtv.com	24762	2026-06-28
rferl.org	45640	2026-06-28
rfglobalnet.com	5338	2026-06-26
rfi.fr	62517	2026-06-27
rgj.com	9002	2023-09-11
rheaheraldnews.com	8537	2026-06-27
rheinpfalz.de	6895	2020-11-26
rhyljournal.co.uk	111914	2026-06-28
ricentral.com	6511	2026-06-27
richlandsource.com	28501	2026-06-28
richmond-news.com	74966	2025-09-05
richmond.com	91099	2026-06-26
richmondandtwickenhamtimes.co.uk	110376	2026-06-28
richmondbizsense.com	7220	2026-06-26
richmondfreepress.com	7220	2026-02-12
richmondregister.com	27374	2026-06-28
ricochet.com	33598	2025-06-14
ridgecrestca.com	9051	2026-06-26
riggosrag.com	6524	2026-06-28
rightspeak.net	12102	2026-06-28
rigzone.com	30482	2026-06-28
ringsidereport.com	6034	2026-06-27
riotimesonline.com	39534	2026-06-28
riponadvance.com	8287	2026-06-26
riponpress.com	7621	2026-06-28
ripplesnigeria.com	10801	2026-02-09
risingapple.com	5526	2026-06-28
risingbd.com	7134	2023-02-02
risingkashmir.com	6154	2025-07-25
risk.net	7774	2026-06-22
rismedia.com	14684	2026-06-26
rivals.com	5169	2025-06-14
river1037.com	15278	2026-06-27
river967.com	22187	2026-06-26
riverbender.com	7579	2025-01-23
riverfronttimes.com	8051	2025-08-16
rivergrandrapids.com	31308	2026-06-28
rivernewsonline.com	14957	2026-06-26
riviera-maya-news.com	11519	2026-06-27
rnanews.com	6446	2026-06-28
rnz.co.nz	155921	2026-06-28
road.cc	10050	2026-06-28
roadandtrack.com	11988	2026-06-28
roadsafety.co.za	10417	2026-06-28
roanoke.com	77141	2026-06-26
roarmag.org	18423	2026-06-28
robbreport.com	16188	2026-06-28
robesonian.com	5600	2026-06-28
roboticstomorrow.com	7489	2026-06-26
rochdaleonline.co.uk	11368	2025-11-25
rochestercitynewspaper.com	5405	2023-03-06
rock101.com	10979	2026-06-15
rock1015.com	5919	2026-06-27
rock107.com	9992	2026-06-26
rock937online.com	24042	2025-03-27
rock947.com	9740	2022-11-22
rock967online.com	20940	2026-06-28
rockdalenewtoncitizen.com	71409	2026-06-27
rockpapershotgun.com	19769	2026-06-28
rockymounttelegram.com	60754	2026-06-28
rockytopinsider.com	7730	2026-06-27
rogerebert.com	23518	2026-01-29
rollcall.com	11319	2026-06-28
rollingout.com	36521	2025-12-23
rollingstone.com	53953	2026-06-28
rollingstoneindia.com	6161	2026-06-26
romania-insider.com	15372	2026-06-26
romaniapress.com	65946	2026-06-27
romesentinel.com	13404	2026-06-28
romfordrecorder.co.uk	49012	2026-06-28
romseyadvertiser.co.uk	52579	2024-10-26
roscommonherald.ie	51293	2026-06-28
ross-shirejournal.co.uk	51886	2026-06-28
rosslandtelegraph.com	5755	2026-06-26
rotherhamadvertiser.co.uk	7306	2025-01-23
rotowire.com	11397	2026-06-28
roundupweb.com	5308	2026-06-27
routesonline.com	12885	2026-06-26
royalcentral.co.uk	13658	2026-06-25
royalgazette.com	53700	2026-06-28
royalsreview.com	7848	2026-06-28
royston-crow.co.uk	29982	2026-06-28
rozanaspokesman.com	12809	2026-06-28
rrdailyherald.com	23587	2026-06-28
rri.ro	9708	2026-06-28
rrobserver.com	6333	2026-06-28
rrr.org.au	24847	2026-06-28
rrstar.com	9459	2023-09-11
rsn.net.au	10956	2026-06-28
rstreet.org	8276	2026-06-27
rt.com	14336	2026-06-28
rte.ie	176585	2026-06-28
rthk.hk	11692	2026-06-28
rtoinsider.com	5636	2026-06-28
rtrfm.com.au	6029	2026-06-23
rttnews.com	124917	2026-06-28
rubbernews.com	9503	2026-06-18
runcornandwidnesworld.co.uk	89494	2026-06-28
runnersworld.com	9950	2026-06-28
runningmagazine.ca	6242	2026-06-28
runwaygirlnetwork.com	5635	2026-03-31
rushlane.com	8476	2026-06-28
russiaherald.com	129267	2026-06-28
russianmachineneverbreaks.com	7307	2026-06-28
russianradio7.com	8075	2025-01-20
rustourismnews.com	5480	2026-06-28
ruthfullyyours.com	25477	2026-06-28
rutland-times.co.uk	10649	2026-06-28
rutlandherald.com	40387	2026-06-28
rvasia.org	8106	2026-06-28
ryeandbattleobserver.co.uk	5120	2022-02-09
sabcnews.com	8897	2026-03-19
sacobserver.com	7011	2026-05-28
sacurrent.com	16492	2026-06-28
safc.com	10896	2024-07-16
saharareporters.com	98601	2026-06-28
sahilonline.org	11585	2026-06-28
sail-world.com	21126	2026-06-28
sailingscuttlebutt.com	8694	2026-06-28
saipantribune.com	7237	2025-05-29
sakshi.com	36429	2025-06-05
sakshipost.com	31988	2026-06-27
salemnews.com	29285	2026-06-28
salemnews.net	16881	2026-06-27
salina.com	9487	2023-09-10
salinapost.com	29964	2026-06-28
salisburyjournal.co.uk	119097	2026-06-28
salon.com	32446	2026-06-28
saltlakecitysun.com	145096	2026-06-28
saltwire.com	80461	2026-06-28
samaa.tv	58351	2026-06-28
sammobile.com	25871	2026-06-28
samoanews.com	5568	2026-06-26
samoaobserver.ws	8702	2026-06-28
sana.sy	26646	2026-06-28
sanangelolive.com	27551	2026-06-28
sanantoniopost.com	60828	2026-06-28
sandiegoreader.com	13139	2025-08-22
sandiegosun.com	176486	2026-06-28
sandiegouniontribune.com	210421	2026-06-28
sanews.gov.za	13299	2026-06-28
sanfordherald.com	51644	2026-06-28
sanilacbroadcasting.com	5339	2025-01-09
sanjuanjournal.com	5576	2026-06-28
sanmarcosrecord.com	10893	2026-06-27
santabanta.com	7064	2026-06-26
santacruzsentinel.com	21037	2026-06-28
santafenewmexican.com	61863	2026-06-28
santamariasun.com	5255	2026-06-25
santamariatimes.com	91736	2026-06-28
saobserver.net	44030	2026-06-28
saps.gov.za	37740	2025-11-19
sarajevotimes.com	5933	2026-03-02
saratogian.com	37629	2026-06-28
sarniathisweek.com	35616	2026-01-20
saskatoon.ctvnews.ca	14577	2025-01-22
satellitetoday.com	7151	2026-06-27
satnews.com	14289	2026-06-28
saudigazette.com.sa	54271	2026-03-18
saukvalley.com	7863	2020-12-17
saultstar.com	56670	2026-06-28
saultthisweek.com	48731	2026-06-22
savannahnow.com	16081	2023-09-11
savejersey.com	6005	2026-06-27
savingadvice.com	5774	2026-06-28
sb.by	18255	2026-06-26
sbcnews.co.uk	7219	2024-12-05
sbnation.com	46402	2026-06-28
sbs.com.au	82828	2026-06-28
sbsun.com	43300	2026-06-28
sbwire.com	16543	2022-01-13
scallywagandvagabond.com	8917	2026-06-28
scdailypress.com	7072	2023-01-30
schoolsweek.co.uk	7228	2026-06-26
schroders.com	5010	2024-02-09
science.org	5028	2024-04-24
science20.com	6353	2026-06-28
sciencealert.com	18373	2026-06-28
scienceblog.com	14546	2026-06-27
scienceblogs.com	14468	2026-06-28
sciencebusiness.net	9408	2026-02-09
sciencedaily.com	32155	2026-06-21
sciencemag.org	12882	2021-10-07
sciencenews.org	5357	2026-06-26
scientificamerican.com	13933	2026-06-28
scmagazine.com	10578	2024-09-25
scmp.com	154692	2026-06-28
scnow.com	44750	2026-06-28
sconeadvocate.com.au	68418	2026-06-28
scoop.co.nz	274839	2026-06-28
scotsman.com	80113	2025-01-23
scottishconstructionnow.com	6600	2026-06-26
scottishhousingnews.com	6674	2026-06-26
scottishlegal.com	5941	2026-06-26
scpr.org	7524	2024-02-29
screencrush.com	10099	2026-06-28
screendaily.com	27103	2025-09-05
screenrant.com	200226	2026-06-28
scrippsnews.com	14231	2026-03-19
scroll.in	54925	2026-06-28
sctimes.com	6903	2023-09-10
scvnews.com	21127	2026-06-28
sdcexec.com	8119	2025-12-28
sdjewishworld.com	6237	2026-06-28
sdpb.org	14381	2026-06-26
se933.com	20221	2026-06-27
seacoastonline.com	17956	2024-10-24
seafoodsource.com	6470	2025-01-23
seaforthhuronexpositor.com	22050	2026-06-28
seahawks.com	6176	2026-06-25
searchenginejournal.com	6204	2026-06-28
searchlight.vc	22737	2026-06-26
seasideradio.co.uk	13487	2026-06-26
seatrade-maritime.com	9491	2025-01-09
seattlepi.com	165051	2025-11-18
seattletimes.com	70074	2026-06-28
securityinfowatch.com	9485	2026-06-26
sedaliademocrat.com	11660	2026-06-28
seekingalpha.com	139286	2026-06-28
seenews.com	23417	2025-11-19
segmentnext.com	12742	2025-07-30
seguingazette.com	7034	2026-06-27
seguintoday.com	5055	2026-06-26
sej.org	14594	2026-06-26
selectscience.net	14409	2026-06-27
semissourian.com	14769	2026-06-28
sen.com.au	17190	2024-11-11
senate.gov.ph	10256	2025-08-20
seneweb.com	81744	2026-04-30
sent-trib.com	33170	2025-09-17
sentinel-standard.com	6658	2023-09-09
sentinelandenterprise.com	19293	2026-06-28
sentinelassam.com	78495	2026-06-28
sentinelsource.com	22605	2025-02-13
sequimgazette.com	5996	2026-06-26
serbian.cri.cn	9795	2026-06-28
setexasrecord.com	13902	2025-05-21
sevendaysvt.com	19549	2026-06-26
seventeen.com	10858	2026-06-22
seychellesnewsagency.com	7022	2026-02-17
sfchronicle.com	86527	2025-11-18
sfexaminer.com	15203	2026-06-28
sfgate.com	557088	2026-06-17
sfist.com	15784	2026-06-28
sflcn.com	6330	2026-06-04
sfstation.com	9302	2026-06-28
sgvtribune.com	45561	2026-06-28
shabait.com	5174	2026-06-27
shacknews.com	29691	2026-06-28
shafaqna.com	37835	2026-06-28
shanghainews.net	85171	2026-06-28
shanghaisun.com	152276	2026-06-28
shankennewsdaily.com	7109	2026-06-26
shannonside.ie	28083	2026-06-28
sharecast.com	18144	2026-03-26
sharechat.co.nz	5592	2026-06-26
sharenet.co.za	16410	2026-06-26
shark1053.com	22193	2026-06-28
sharonherald.com	24114	2026-06-28
sheboyganpress.com	9278	2023-09-11
shekicks.net	6330	2026-06-23
sheknows.com	27661	2026-06-28
shelbystar.com	6592	2023-09-11
sheltonherald.com	53654	2025-11-18
shephardmedia.com	8393	2026-06-26
sheppnews.com.au	6976	2025-10-15
sherbrookerecord.com	5014	2026-06-23
sheridanmedia.com	21829	2026-06-28
sherwoodparknews.com	16302	2026-06-28
shetlandtimes.co.uk	7796	2026-06-28
shetnews.co.uk	16002	2026-06-28
shieldsgazette.com	12833	2025-01-23
shine.cn	8014	2025-06-14
ship-technology.com	5380	2026-06-26
shipandbunker.com	16774	2026-06-27
shipnc.com	8414	2026-06-28
shippingtribune.com	5738	2026-06-27
shippingwatch.com	7709	2026-06-26
shockya.com	5652	2026-06-25
shorehamherald.co.uk	6130	2022-02-09
shorelinebeacon.com	22760	2026-06-28
shorelinemedia.net	22910	2026-06-27
shorenewsnetwork.com	18724	2026-03-12
shortlist.com	6488	2026-06-26
showbiz411.com	5860	2026-06-28
shreveporttimes.com	9564	2023-09-11
shropshirelive.com	11282	2026-06-28
shropshirestar.com	67852	2026-03-26
si.com	250739	2026-06-28
siasat.com	159185	2026-06-28
sidneydailynews.com	17900	2025-09-17
sidneyherald.com	11541	2026-06-27
sierraleonetimes.com	68013	2026-06-28
sierrawave.net	6031	2026-06-27
sify.com	65989	2026-06-28
signalscv.com	21398	2026-06-28
siliconangle.com	18243	2026-06-28
siliconera.com	19261	2026-06-28
siliconindia.com	22290	2026-06-27
siliconrepublic.com	19600	2026-06-26
siliconvalley.com	14293	2026-06-28
silive.com	59235	2026-02-23
silverandblackpride.com	15139	2026-06-28
silverbirdtv.com	8115	2026-06-28
simcoe.com	13321	2026-06-28
simcoereformer.ca	48199	2026-06-28
sina.com	68991	2025-01-09
sina.com.hk	29321	2026-06-28
singaporestar.com	74316	2026-06-28
singersroom.com	16307	2026-06-28
singletonargus.com.au	72629	2026-06-28
siouxcityjournal.com	261159	2026-06-28
siouxlandnews.com	7846	2026-06-28
sis.gov.eg	9722	2025-11-14
siskiyoudaily.com	5408	2023-09-11
sitkasentinel.com	31080	2026-06-28
sj-r.com	11627	2023-09-11
skift.com	17637	2026-06-28
sknvibes.com	12735	2026-06-27
skopjediem.com	6338	2026-06-26
sky.com	87552	2026-06-25
skymetweather.com	6149	2026-06-27
skynews.com.au	72177	2026-06-28
slamonline.com	5481	2025-09-10
slashdot.org	5538	2024-09-09
slashfilm.com	41502	2026-06-28
slashgear.com	55070	2026-06-28
slate.com	41578	2026-06-28
sleepreviewmag.com	5138	2026-06-27
slguardian.org	22765	2026-06-28
slippedisc.com	6807	2026-06-28
slotocash.im	6832	2023-11-30
sloughobserver.co.uk	111189	2026-06-28
sloveniatimes.com	12811	2025-11-18
sltrib.com	30121	2026-06-28
slugmag.com	5101	2026-06-28
smallbiztrends.com	12646	2026-06-28
smallwarsjournal.com	6274	2026-06-04
smartcanucks.ca	13229	2026-06-28
smartcompany.com.au	9777	2026-06-26
smartpropertyinvestment.com.au	6072	2026-06-28
smdailyjournal.com	136249	2026-06-28
smdp.com	12151	2026-06-27
smenet.org	5005	2026-06-26
smetimes.in	13940	2026-06-27
smh.com.au	263532	2026-06-28
smithsonianmag.com	5370	2026-06-26
smn-news.com	15455	2026-06-27
smnewsnet.com	11006	2026-03-23
smokymountainnews.com	8977	2026-06-26
snntv.com	12417	2024-07-01
snopes.com	13727	2026-03-19
so-co-it.com	5991	2026-06-27
soapoperadigest.com	5993	2026-06-28
socaltech.com	5712	2025-12-24
socialistparty.org.uk	5103	2025-01-22
socialmediatoday.com	12572	2026-06-26
sofiaglobe.com	9400	2026-06-26
sofrep.com	14334	2026-04-18
softpedia.com	5650	2024-12-01
softrock941.com	5118	2023-02-13
soglos.com	5857	2026-06-28
sojo1049.com	41350	2026-06-28
solomonstarnews.com	9202	2026-04-30
somdnews.com	20191	2026-06-28
somerset-kentucky.com	30620	2026-06-28
somersetcountygazette.co.uk	186787	2026-06-28
somersetlive.co.uk	93602	2026-06-28
sooeveningnews.com	5730	2023-09-09
sookenewsmirror.com	37721	2026-06-28
soompi.com	32897	2026-06-28
sott.net	72086	2026-06-28
sounderatheart.com	7312	2026-06-28
soundonsound.com	25427	2026-06-28
southbendtribune.com	14724	2023-09-11
southcarolinapublicradio.org	75276	2026-06-28
southcoastregister.com.au	50066	2026-06-28
southcoasttoday.com	12183	2025-05-13
southdadenewsleader.com	8756	2026-06-26
southeastagnet.com	6114	2026-06-26
southeastasiapost.com	97947	2026-06-28
southeastradio.ie	8196	2026-06-28
southeastsun.com	5753	2025-01-17
southernhighlandnews.com.au	61724	2026-06-28
southernliving.com	11781	2026-03-17
southernminn.com	90229	2026-06-28
southernstandard.com	5879	2025-07-19
southernstar.ie	12527	2026-06-28
southgatearc.org	6902	2022-10-08
southpeacenews.com	8174	2026-06-28
southtahoenow.com	54018	2026-06-28
southwalesargus.co.uk	189083	2026-06-28
southwalesguardian.co.uk	93194	2026-06-28
southwhidbeyrecord.com	5851	2026-06-26
sowetanlive.co.za	56173	2025-10-16
soyacincau.com	15680	2026-06-27
space.com	23277	2026-06-28
spacecoastdaily.com	11874	2026-06-28
spacedaily.com	20023	2026-06-28
spacewar.com	31482	2026-06-17
spaldingtoday.co.uk	8426	2023-12-04
spanishvida.com	5222	2026-06-28
spartaindependent.com	5335	2026-06-26
spectator.co.uk	41838	2025-12-16
spectator.org	8302	2026-06-21
spectator.sme.sk	10290	2026-02-18
spectrumlocalnews.com	9095	2026-06-26
spectrummagazine.org	5950	2024-10-24
spectrumnews1.com	7443	2026-02-12
speedcafe.com	31581	2026-06-28
speedwaymedia.com	15815	2026-06-28
spencerdailyreporter.com	5470	2026-06-26
spiked-online.com	6657	2026-06-28
spin.com	7322	2026-03-12
spin1038.com	7424	2026-06-27
spoilertv.com	27679	2026-06-28
spokanepublicradio.org	62789	2026-06-28
spokesman.com	57237	2026-06-28
sportsnet.ca	5652	2022-01-17
spotlightnepal.com	7795	2026-06-28
spotrac.com	56702	2026-06-28
springfieldnewssun.com	53551	2026-06-28
sprucegroveexaminer.com	16206	2026-06-28
sputnikglobe.com	34582	2026-06-28
sputniknews.com	115856	2023-04-05
squamishchief.com	72879	2025-09-05
squatchrocks.com	43618	2026-06-28
srilankamirror.com	13703	2026-06-28
srilankasource.com	95853	2026-06-28
srpressgazette.com	6319	2026-06-26
ssuchronicle.com	20914	2020-04-15
stabroeknews.com	84877	2026-03-26
staffingindustry.com	7493	2024-12-01
stalbansreview.co.uk	82873	2025-12-09
stalbertgazette.com	58824	2025-09-05
stamfordadvocate.com	157056	2025-06-12
stamfordmercury.co.uk	8132	2023-12-04
stampedeblue.com	10004	2026-06-28
standard-freeholder.com	42523	2026-06-28
standard-journal.com	66000	2026-06-28
standard.co.uk	204847	2026-06-28
standard.net	17525	2026-06-28
standard.net.au	75241	2026-06-28
standardbredcanada.ca	33887	2026-06-28
standardmedia.co.ke	190170	2026-06-28
standardspeaker.com	46420	2026-06-28
stanforddaily.com	6354	2026-06-19
star945.com	7633	2026-06-27
star967.net	13534	2026-03-20
star98.net	10065	2026-06-28
staradvertiser.com	51670	2026-06-28
starbeacon.com	28245	2026-06-28
starcommunity.com.au	9165	2026-04-29
starcourier.com	5441	2023-09-10
stardem.com	32019	2026-06-28
starfm1023.com	6844	2026-06-22
stargazette.com	5321	2023-09-11
starherald.com	50448	2026-06-28
starkvilledailynews.com	5589	2026-06-27
starlocalmedia.com	58550	2026-06-27
starmometer.com	9202	2026-06-08
starnewsonline.com	11634	2023-09-11
starobserver.com.au	8144	2026-06-28
starofmysore.com	33683	2026-06-28
starradiovegas.com	5978	2022-06-24
startribune.com	263274	2026-06-27
starweekly.com.au	25547	2026-03-02
state.gov	15137	2026-06-27
statecollege.com	13423	2026-06-28
statenews.com	8990	2026-06-28
stateofreform.com	5750	2026-03-27
statesboroherald.com	8647	2026-06-28
statesman.com	34154	2026-03-25
statesmanjournal.com	9447	2023-09-11
statesville.com	47962	2026-06-25
staugustine.com	10411	2023-09-11
stawelltimes.com.au	30157	2026-06-28
stcatharinesstandard.ca	103181	2026-06-28
steelers.com	6518	2026-06-28
steinbachonline.com	24264	2026-06-28
stellar.ie	10418	2026-06-26
stereoboard.com	20036	2026-06-28
stereogum.com	19736	2026-06-28
stettlerindependent.com	11593	2026-06-27
stevenspointjournal.com	8837	2023-09-11
stevivor.com	5963	2026-06-11
stgeorgeutah.com	23595	2026-06-28
sthelensstar.co.uk	134939	2026-06-28
stiripesurse.ro	38040	2026-06-28
stlamerican.com	17762	2026-06-28
stlouisstar.com	94453	2026-06-28
stlpublicradio.org	8721	2023-09-01
stltoday.com	241905	2026-06-28
stock-world.de	6893	2024-12-30
stockandland.com.au	38752	2026-06-28
stockhouse.com	9214	2026-06-28
stockjournal.com.au	39088	2026-06-28
stockmarketwire.com	21652	2022-02-23
stokesentinel.co.uk	100548	2026-06-28
stornowaygazette.co.uk	7135	2025-01-23
stourbridgenews.co.uk	142231	2026-06-28
straight.com	16571	2026-06-28
straitstimes.com	194995	2026-06-28
strangehorizons.com	5023	2026-06-28
strategypage.com	10424	2026-06-28
stratford-herald.com	18074	2026-06-28
stratfordbeaconherald.com	39585	2026-06-28
stratfordobserver.co.uk	9619	2026-06-28
strathroyagedispatch.com	35086	2026-01-25
strathroytoday.ca	8342	2026-06-26
streetinsider.com	368521	2024-12-02
streetsblog.org	9008	2026-06-27
stripes.com	96828	2026-06-28
stroudnewsandjournal.co.uk	116579	2026-06-28
stthomastimesjournal.com	40215	2026-06-28
stthomastoday.ca	8991	2026-06-28
stuff.co.nz	290589	2024-01-16
stuff.tv	7769	2026-06-28
stupiddope.com	18434	2025-10-20
sturgisjournal.com	6692	2023-09-11
stuttgartdailyleader.com	12315	2026-06-26
stwnewspress.com	10416	2026-06-27
stylecaster.com	15042	2026-06-28
suasnews.com	5635	2026-06-26
sudantribune.com	6768	2025-02-16
suffolknews.co.uk	11478	2026-06-28
summitdaily.com	21400	2026-06-28
sun-sentinel.com	107702	2026-06-28
suncommercial.com	53319	2026-06-28
sundaymail.co.zw	13635	2025-01-23
sundaynews.co.zw	14210	2025-01-22
sundaystandard.info	7067	2026-06-22
sundaytimes.lk	10621	2026-06-28
sundayworld.co.za	10676	2026-06-28
sundayworld.com	50448	2025-11-24
sunderlandecho.com	19890	2025-01-23
sungazette.com	19922	2026-06-28
sunjournal.com	107621	2026-06-28
sunlive.co.nz	43669	2026-06-28
sunnewsonline.com	41578	2024-06-26
sunny1031.com	6920	2026-06-28
sunny1063.com	13719	2026-02-19
sunny923.com	13110	2026-06-28
sunny943.com	11028	2026-06-26
sunnysidesun.com	5601	2023-04-13
sunshinecoastdaily.com.au	63851	2021-06-23
sunshinestatenews.com	9785	2023-07-22
sunstar.com.ph	94195	2026-06-28
suntimes.com	116123	2026-06-28
superbike-news.co.uk	10311	2026-06-28
superherohype.com	17083	2026-06-28
superhits106.com	7863	2026-06-27
superiortelegram.com	19102	2026-06-28
supermarketnews.com	9593	2026-06-26
supertalk.fm	12550	2026-06-28
supertalk1270.com	7705	2026-06-26
surfky.com	6423	2026-05-29
surinametimes.com	10815	2026-06-28
surinenglish.com	20043	2026-06-28
surreycomet.co.uk	151614	2026-06-28
sussexexpress.co.uk	45134	2025-01-23
sverigesradio.se	7180	2026-04-15
swag1049.com	11850	2026-06-26
swapacd.com	41096	2025-09-25
sweetwaternow.com	19214	2026-06-28
swfinstitute.org	15178	2024-06-11
swiftcurrentonline.com	21694	2026-06-28
swimmingworldmagazine.com	6148	2026-02-23
swimswam.com	30831	2026-06-28
swindonadvertiser.co.uk	152242	2026-06-28
swiowanewssource.com	10617	2026-06-28
swissinfo.ch	101472	2026-06-28
swnewsmedia.com	10991	2025-08-05
swoknews.com	68187	2026-06-28
swtimes.com	7227	2023-09-11
swvatoday.com	19068	2026-06-28
swxrightnow.com	5318	2020-12-17
sydneysun.com	66985	2026-06-28
syfy.com	21931	2026-06-27
syracuse.com	73906	2026-02-19
t-g.com	6072	2026-06-26
t3.com	28462	2026-06-28
t95.com	5065	2026-06-11
taftmidwaydriller.com	5825	2026-06-27
tag911.ae	8794	2026-06-28
tahlequahdailypress.com	34424	2026-06-28
tahoedailytribune.com	14020	2026-06-27
taipeitimes.com	106202	2026-06-28
taiwannews.com.tw	47002	2025-11-28
taiwansun.com	37863	2026-06-28
taku105.com	6608	2024-02-15
talk1073.com	5617	2026-06-26
talkers.com	7412	2026-06-26
talkingpointsmemo.com	25290	2026-06-28
talkingretail.com	13009	2026-06-28
talkradio1170.com	24565	2021-09-07
talkradio960.com	20847	2026-06-28
talkvietnam.com	179795	2023-11-26
tallahassee.com	13322	2023-09-11
tamilguardian.com	5218	2026-06-27
tampabay.com	40369	2026-03-26
tanzanianewsreports.com	17537	2026-06-23
taosnews.com	12264	2026-06-28
tapeop.com	9943	2026-06-26
tapinto.net	6703	2023-08-03
targatocn.it	6082	2026-06-28
targetednews.com	164741	2026-06-28
tasnimnews.com	10617	2025-10-07
tass.com	97872	2026-04-09
tasteofcountry.com	22177	2026-06-28
tasteofhome.com	11132	2026-06-27
tatler.com	7661	2026-06-28
tatlerasia.com	6896	2025-10-27
tauntongazette.com	6714	2023-09-11
taylorvilledailynews.com	21234	2026-06-28
tbnewswatch.com	27463	2025-09-05
tbnweekly.com	13489	2026-05-04
tbsnews.net	21092	2026-03-19
tcpalm.com	12606	2023-09-11
tctimes.com	7627	2026-06-28
tctmd.com	5075	2026-05-19
td.org	5155	2026-03-11
tdh.gov.tm	5137	2026-06-28
tdn.com	62614	2026-06-28
tdtnews.com	30930	2026-06-28
team-bhp.com	42769	2026-06-08
teammyrtlebeach.com	20251	2023-08-29
teamtalk.com	73715	2026-06-28
teamusa.org	6354	2023-08-16
techcabal.com	15586	2026-06-27
techcentral.co.za	8322	2026-05-14
techcentral.ie	5543	2026-06-26
techcrunch.com	67005	2026-06-28
techdirt.com	40969	2026-06-28
techmoran.com	8645	2026-06-27
technewstoday.com	6238	2024-04-04
technical.ly	7449	2026-06-28
technuter.com	6634	2026-06-04
techradar.com	108183	2026-06-28
techreport.com	6990	2026-03-27
techrepublic.com	7100	2026-06-20
techshout.com	5599	2025-09-07
techspot.com	26332	2026-06-28
techstory.in	46966	2026-06-28
techtimes.com	49136	2026-06-28
techxplore.com	35782	2026-01-29
tehachapinews.com	9806	2026-06-28
tehelka.com	7045	2025-09-08
telecomasia.net	7976	2026-01-12
telecompaper.com	58636	2026-06-28
telecomtv.com	5932	2026-06-26
telegram.com	19979	2023-09-11
telegraph.co.uk	238741	2024-11-25
telegraphherald.com	92576	2026-06-28
telegraphindia.com	208030	2024-07-30
teletrader.com	7453	2024-03-13
televisual.com	6284	2026-06-26
tellerreport.com	12622	2024-04-09
telluridenews.com	5006	2026-06-28
tellychakkar.com	94830	2025-02-28
tempo.com.ph	19338	2025-05-27
tennessean.com	23387	2023-09-11
tennesseedaily.com	136608	2026-06-28
tenterfieldstar.com.au	44788	2026-06-28
terracestandard.com	27714	2026-06-28
terradaily.com	24878	2026-06-17
tert.am	5822	2024-11-27
tewkesburyadmag.co.uk	18216	2021-03-11
texarkanagazette.com	32025	2026-06-28
texasguardian.com	213349	2026-06-28
texasmonthly.com	9598	2026-06-22
texastribune.org	8686	2026-06-28
textileworld.com	10443	2026-06-27
thailand-business-news.com	27306	2026-06-28
thailandnews.net	33604	2026-06-28
thatsmags.com	5879	2025-02-07
the-daily-record.com	10173	2023-09-11
the-dispatch.com	12831	2026-06-28
the-independent.com	24829	2026-06-28
the-journal.com	14093	2026-03-19
the-leader.com	6615	2023-09-11
the-messenger.com	95573	2026-06-28
the-review.com	9253	2023-09-11
the-star.co.ke	73487	2026-06-28
the-sun.com	27368	2026-06-28
the42.ie	75295	2026-06-28
the72.co.uk	9793	2026-06-28
theadanews.com	12238	2026-06-28
theadvertiser.com	7982	2023-09-11
theadviser.com.au	7123	2026-06-28
theadvocate.com	64768	2026-06-28
theadvocate.com.au	59447	2026-06-28
theadvocatengr.com	10123	2021-09-14
theage.com.au	244051	2026-06-28
thealpenanews.com	24008	2026-06-28
theamericanconservative.com	8241	2026-06-28
theanswertampa.com	5052	2024-09-25
thearabtribune.com	9139	2026-06-28
theargus.co.uk	167024	2026-06-28
theartnewspaper.com	13672	2026-06-26
theartsdesk.com	12853	2026-06-28
theasian.asia	5997	2026-06-28
theatermania.com	5827	2026-06-26
theathletic.com	40386	2024-05-13
theatlantic.com	31465	2026-06-28
theaustralian.com.au	85916	2024-07-31
theautochannel.com	10856	2026-06-28
thebangladeshtoday.com	6010	2026-06-28
thebatavian.com	21890	2026-06-28
thebeat925.ca	10185	2026-06-26
thebeatdfw.com	10315	2026-06-28
thebeatofthecapital.com	17034	2026-06-28
thebeijinger.com	16075	2026-06-22
thebftonline.com	30568	2026-06-27
thebigdm.com	7529	2026-06-27
thebiglead.com	24864	2026-06-28
thebigstation93blx.com	9577	2026-06-28
theblacksheartimes.com	7121	2026-06-27
theblaze.com	28271	2026-06-28
theboar.org	5913	2026-06-28
theboltonnews.co.uk	155318	2026-06-28
theboneonline.com	14369	2026-06-27
theboot.com	19180	2026-06-28
theborneopost.com	49167	2026-06-28
thebostonpilot.com	20944	2026-06-27
theboxhouston.com	6252	2026-06-28
thebreakingtimes.com	6436	2026-02-05
thebrunswicknews.com	36630	2026-06-28
thebullamarillo.com	9965	2024-04-29
thebulletin.be	8715	2026-05-14
thebulltulsa.com	42888	2025-10-10
thebusinessdesk.com	29128	2026-06-27
thebusinessjournal.com	9005	2026-06-27
thecabin.net	19699	2026-06-27
thecaribbeancamera.com	6396	2026-06-28
thecattlesite.com	8941	2026-06-27
thecentersquare.com	47172	2026-06-26
thechiefleader.com	5459	2026-06-26
thechronicle-online.com	36546	2026-06-28
thechronicle.com.au	59588	2024-07-26
thechronicle.com.gh	25928	2026-06-28
thechronicleherald.ca	29241	2020-11-12
thechronicleonline.com	6398	2024-10-01
thecitizen.co.tz	19726	2026-06-28
thecitizen.com	10503	2026-06-26
thecitizen.in	6664	2026-06-26
thecoast.net.nz	8027	2026-06-26
thecollegefix.com	6625	2026-06-28
thecomet.net	40071	2026-06-28
thecommonsenseshow.com	5386	2022-03-12
thecommunityvoice.com	5584	2026-06-27
theconservativetreehouse.com	46820	2026-06-28
theconstructionindex.co.uk	26616	2026-06-28
theconversation.com	99510	2026-06-28
thecork.ie	5067	2026-06-28
thecorner.eu	5783	2026-06-26
thecourier.co.uk	126383	2025-05-27
thecourier.com	6262	2024-02-01
thecourier.com.au	62050	2026-06-28
thecourierexpress.com	33348	2026-06-28
thecragandcanyon.ca	9105	2026-06-28
thecranberryeagle.com	6309	2026-01-17
thecrimson.com	17759	2026-06-28
thedailybeast.com	68533	2026-06-28
thedailyblog.co.nz	22010	2026-06-28
thedailycitizen.com	13014	2024-08-22
thedailyjournal.com	8370	2023-09-11
thedailymash.co.uk	11816	2026-06-27
thedailymeal.com	23433	2026-06-28
thedailynewnation.com	27080	2024-07-26
thedailynewsonline.com	33271	2026-06-28
thedailyrecord.com	30684	2026-06-04
thedailyreporter.com	5901	2023-09-08
thedailyreview.com	39439	2026-06-28
thedailystar.com	35453	2026-06-28
thedailystar.net	212399	2026-06-28
thedailytimes.com	47802	2026-06-28
thedailyworld.com	7856	2026-06-26
theday.com	76094	2024-12-10
thedenverchannel.com	21269	2022-09-07
thedestinlog.com	5975	2023-09-11
thedickinsonpress.com	35799	2026-06-28
thedigitalcourier.com	34556	2026-06-28
thediplomat.com	22382	2026-06-28
thediplomat.ro	10926	2026-06-26
thedp.com	9702	2026-06-26
thedrinksbusiness.com	14573	2026-06-26
thedrum.com	26044	2026-06-27
theduke.fm	7549	2025-08-29
theeagle.com	35764	2026-06-28
theeagle1069.com	11496	2026-06-23
theeagleonline.com.ng	56191	2026-06-28
theedgemarkets.com	47793	2023-05-12
theedinburghreporter.co.uk	6573	2026-06-28
theengineer.co.uk	9656	2026-06-05
theenterpriseleader.com	376144	2025-04-18
theepochtimes.com	308201	2026-06-28
thefacts.com	21289	2026-06-28
thefader.com	7963	2026-06-26
thefamuanonline.com	5063	2026-06-02
thefan1075.com	74425	2026-06-28
thefanfm.com	20321	2021-03-19
thefastmode.com	15335	2026-06-26
thefederalist.com	29500	2026-06-27
thefencepost.com	9913	2026-06-28
thefirstnews.com	5660	2024-01-28
thefreepress.ca	28205	2026-06-28
thefreshloaf.com	13521	2026-06-28
thefrisky.com	8666	2026-06-03
thefrontierpost.com	87628	2026-06-28
thefutoncritic.com	37818	2026-06-28
thegame730am.com	18800	2025-12-01
thegamenashville.com	49204	2026-06-28
thegardenisland.com	16895	2026-06-28
thegazette.com	49997	2026-06-28
theglobeandmail.com	190499	2026-06-28
thegrio.com	39900	2026-06-28
thegrocer.co.uk	30005	2025-09-05
theguardian.com	472558	2026-06-28
theguardian.pe.ca	27018	2020-11-12
thehardtackle.com	47894	2026-06-28
thehawkeye.com	9259	2022-12-02
thehayride.com	5326	2026-06-28
thehealthsite.com	34374	2026-02-16
thehendersonnews.com	10575	2024-05-30
theherald-news.com	9633	2026-01-29
theherald.co.za	6500	2026-06-28
theheraldghana.com	10898	2026-06-28
thehill.com	140700	2026-01-07
thehimalayantimes.com	33165	2026-03-30
thehindu.com	946999	2026-06-28
thehindubusinessline.com	262938	2026-06-28
thehitavada.com	28584	2026-06-28
thehits.co.nz	8390	2026-06-23
thehollywoodgossip.com	16274	2026-06-28
thehorse.com	5111	2026-04-13
thehot1039.com	6776	2026-06-28
thehour.com	150380	2026-06-22
theiet.org	13415	2026-06-25
theifp.ca	6907	2026-06-28
theindependent.co.zw	13749	2026-06-25
theindependent.com	69468	2026-06-28
theindependent.sg	6847	2026-03-17
theindianawaaz.com	30043	2026-06-28
theindychannel.com	8382	2020-08-11
theinertia.com	9997	2026-06-27
theintell.com	5596	2023-01-24
theintelligencer.com	80557	2026-06-22
theintelligencer.net	24568	2026-06-28
theintermountain.com	17545	2026-06-27
theirishfield.ie	11773	2026-06-28
theislandnow.com	5886	2025-10-02
theisonews.com	30453	2020-10-30
theitem.com	23988	2026-06-28
thejakartapost.com	67838	2026-06-28
thejc.com	10572	2026-06-28
thejerseytomatopress.com	8608	2025-07-12
thejournal.ie	117150	2026-06-28
thejoyfm.com	8203	2026-01-05
thejudge13.com	5344	2026-06-28
thekansan.com	9296	2026-06-18
thelancasterandmorecambecitizen.co.uk	31708	2023-02-07
thelancet.com	7560	2024-04-30
theland.com.au	44117	2026-06-28
thelandryhat.com	5426	2026-06-28
theleader.com.au	84234	2026-06-28
theleader.info	16152	2026-06-28
theleafchronicle.com	6764	2023-09-11
theledger.com	15716	2023-09-11
thelincolnite.co.uk	16781	2025-10-23
thelocal.at	6761	2026-06-28
thelocal.ch	7392	2026-06-28
thelocal.de	12303	2026-06-28
thelocal.dk	7654	2026-06-28
thelocal.es	9149	2026-06-28
thelocal.fr	15764	2026-06-28
thelocal.it	7864	2026-06-28
thelocal.no	7094	2026-06-28
thelocal.se	10641	2026-06-28
thelondoner.ca	36738	2025-12-17
themag.co.uk	13277	2026-06-28
themainewire.com	8729	2026-06-28
themalaysianinsight.com	24614	2024-09-16
themaneland.com	5797	2026-06-26
themarketsdaily.com	533579	2026-06-28
themarysue.com	32538	2026-06-28
themedialine.org	22205	2026-06-28
themediaonline.co.za	5842	2026-06-26
themercury.com.au	36877	2024-07-29
themiamihurricane.com	5366	2026-06-27
themiddlemarket.com	23482	2026-06-26
themobileindian.com	12386	2026-06-26
themonitor.com	5325	2021-01-11
themorningbulletin.com.au	63217	2021-06-23
themorningsun.com	32268	2026-06-28
themoscowtimes.com	21861	2026-06-28
themountainmail.com	22461	2026-06-28
themountainpress.com	25635	2026-06-26
themunicheye.com	7841	2026-06-27
themusic.com.au	9524	2026-06-28
thenassauguardian.com	23909	2026-06-28
thenation.com	19052	2026-06-27
thenational.ae	31171	2020-10-14
thenational.com.pg	18013	2026-06-26
thenational.scot	106865	2026-06-28
thenationalherald.com	7932	2026-05-07
thenationalnews.com	58577	2026-06-28
thenationonlineng.net	194360	2026-06-28
thenelsondaily.com	6189	2024-09-27
thenewamerican.com	8316	2026-06-28
thenewdaily.com.au	23374	2025-01-23
thenewdawnliberia.com	23414	2026-06-26
thenewpulsefm.com	6374	2026-06-27
thenews-chronicle.com	36773	2025-01-29
thenews-messenger.com	7786	2023-09-11
thenews.com.pk	482910	2026-06-28
thenewsguard.com	9131	2026-06-28
thenewsherald.com	22954	2026-06-28
thenewsminute.com	31462	2026-06-28
thenewsnigeria.com.ng	10963	2026-06-28
thenewsstar.com	6563	2023-09-11
thenewswheel.com	6724	2026-06-28
thenextweb.com	10170	2026-06-28
thenigerianvoice.com	9550	2026-03-11
thenortheasttoday.com	6563	2025-10-20
thenorthernecho.co.uk	216122	2026-06-28
thenorthlines.com	45314	2026-06-28
thenorthwestern.com	9314	2023-09-11
theoaklandpress.com	41797	2026-06-28
theobserver.ca	45529	2026-06-28
theonion.com	9419	2026-06-28
theonlinecitizen.com	8082	2025-02-13
theparisnews.com	31138	2026-06-28
thepeakfm.com	8252	2026-06-28
thepeninsulaqatar.com	162085	2026-06-28
thepeoplesperson.com	34284	2026-06-28
thepeterboroughexaminer.com	57001	2026-06-28
thephinsider.com	10428	2026-06-28
thephuketnews.com	19442	2025-03-05
thepienews.com	5039	2026-06-26
thepigsite.com	7821	2026-06-28
thepilot.com	7242	2026-06-28
thepinetree.net	5270	2026-06-28
thepinknews.com	20239	2026-06-26
thepiratescove.us	9007	2025-09-07
theplainsman.com	6565	2026-06-26
thepoint.gm	13840	2026-06-26
thepointsguy.com	19144	2026-06-28
theportugalnews.com	47479	2026-06-28
thepost.on.ca	22990	2026-06-28
thepostathens.com	11413	2026-06-27
thepoultrysite.com	8006	2026-06-28
theproducenews.com	11398	2026-01-03
theprogress.com	30951	2026-06-28
theprogressnews.com	15651	2026-06-28
theprovince.com	26114	2026-06-28
theprowersjournal.com	5523	2026-06-27
thepublicopinion.com	26347	2023-09-11
thequietus.com	9744	2026-06-28
thequint.com	6366	2026-03-16
therakyatpost.com	18008	2026-06-27
theranch.fm	9198	2026-06-11
therealdeal.com	50105	2026-06-28
therebelrocks.com	19458	2022-08-22
therecord.com	32192	2026-06-28
thereflector.com	9871	2026-06-24
theregister.com	35878	2026-06-28
thereporter.com	10757	2026-06-28
thereporteronline.com	42301	2026-06-28
therepublic.com	102406	2026-04-01
theridgefieldpress.com	54487	2025-06-14
theroar.com.au	37795	2026-06-28
therockofrochester.com	35636	2026-06-28
therolladailynews.com	8970	2026-06-16
theroot.com	17875	2026-06-28
therural.com.au	40667	2026-06-28
thescarboroughnews.co.uk	18854	2025-01-23
thescore.com	5139	2026-03-18
thescore1260.com	42806	2026-06-28
thescottishfarmer.co.uk	24597	2026-06-28
thescottishsun.co.uk	6966	2026-02-23
thesheridanpress.com	6689	2026-06-27
theshillongtimes.com	45980	2026-06-28
thesierraleonetelegraph.com	8551	2026-06-28
thesixthaxis.com	9371	2026-06-28
theskanner.com	6754	2026-05-10
theskinny.co.uk	6366	2026-06-26
thesource.com	36905	2026-06-28
thesouthafrican.com	131363	2026-06-28
thesouthern.com	56015	2026-06-28
thesouthernreporter.co.uk	9553	2025-01-23
thespec.com	33457	2026-06-28
thespectrum.com	5397	2023-09-09
thespiritsbusiness.com	12384	2026-06-26
thespread.com	20558	2026-05-11
thespun.com	17568	2023-10-13
thestandard.co.zw	20118	2026-06-28
thestandard.com.hk	105808	2026-03-02
thestandard.org.nz	7041	2025-10-04
thestar.co.uk	20920	2025-01-23
thestar.com	97958	2026-06-26
thestar.com.my	484208	2026-06-28
thestarphoenix.com	35090	2026-06-28
thestarpress.com	7271	2023-09-11
thestatesman.com	68849	2026-06-10
thestkittsnevisobserver.com	5100	2026-03-17
thestrad.com	8272	2025-09-05
thestranger.com	12740	2026-06-27
thestreet.com	43376	2026-06-28
thestreetjournal.org	48434	2026-01-16
thesubtimes.com	14335	2025-10-04
thesuburban.com	17787	2026-06-28
thesudburystar.com	59728	2026-06-28
thesun.co.uk	70390	2026-06-26
thesun.ie	20857	2026-03-18
thesun.my	39404	2026-02-08
thesun.ng	29802	2026-06-28
thesunchronicle.com	83449	2026-06-28
thesundaily.my	99874	2023-11-06
thesylvaherald.com	5875	2026-06-24
thetab.com	30851	2026-06-28
thetablet.co.uk	5595	2026-06-28
thetablet.org	9020	2026-06-26
thetandd.com	58673	2026-06-28
thetelegram.com	22428	2020-11-11
thetelegraph.com	163596	2026-06-22
thetelegraphandargus.co.uk	174155	2026-06-28
thethaiger.com	14483	2026-03-19
thetidenewsonline.com	33782	2026-06-17
thetimes-tribune.com	67723	2026-06-28
thetimes.co.uk	214037	2024-06-05
thetimes.com	85039	2026-06-28
thetimesherald.com	5081	2023-09-11
thetimesnews.com	12200	2026-06-27
thetimestribune.com	24673	2026-06-28
thetottenhamindependent.co.uk	94109	2026-06-28
thetowntalk.com	5540	2023-09-11
thetrucker.com	13591	2026-06-28
thetruthaboutcars.com	16051	2026-06-27
theturtleislandnews.com	18136	2026-06-26
thetyee.ca	8801	2026-06-27
theuknews.com	37088	2026-06-28
theunion.com	19514	2026-06-28
theurbandaily.com	9330	2026-06-24
theusnews.com	140180	2026-06-28
theverge.com	64632	2026-06-28
thevermilion.com	5490	2026-06-27
thevisitor.co.uk	5324	2021-12-13
thevoicebw.com	6374	2024-08-09
thevoiceslu.com	14912	2026-06-28
thevwindependent.com	8253	2026-06-27
thewave.ca	10659	2025-12-07
theweek.co.uk	12509	2023-09-12
theweek.com	53160	2026-06-28
theweek.in	88274	2026-06-28
theweektoday.com	18233	2024-09-18
thewest.com.au	9143	2026-06-26
thewesterlysun.com	24440	2026-06-27
thewestmorlandgazette.co.uk	191535	2026-06-28
thewestonforum.com	6800	2025-10-31
thewestonmercury.co.uk	55379	2026-06-28
thewhig.com	47444	2026-06-28
thewhiskeywash.com	14266	2026-06-28
thewire.in	44530	2024-03-27
thewolf.ca	8090	2026-06-25
theworld.org	9079	2026-06-26
theworldlink.com	21768	2026-06-28
thewrap.com	78009	2026-06-28
thexboxhub.com	9696	2026-06-28
thexradio.com	10771	2026-06-28
theyeshivaworld.com	31687	2026-06-28
theyucatantimes.com	9446	2025-06-10
thezimbabwean.co	6548	2026-06-28
thezimbabwedaily.com	16271	2026-02-04
thezimbabwemail.com	31648	2026-06-26
thirdsector.co.uk	8887	2026-06-28
thisdaylive.com	163682	2026-06-28
thisisanfield.com	21552	2026-01-24
thisislancashire.co.uk	54733	2023-02-07
thisislocallondon.co.uk	155513	2025-12-03
thisismoney.co.uk	52701	2025-11-06
thisisoxfordshire.co.uk	166719	2026-06-28
thisisthewestcountry.co.uk	18359	2023-02-07
thisiswiltshire.co.uk	135864	2026-06-28
thomasnet.com	15573	2024-02-05
thompsoncitizen.net	86287	2025-01-20
thunder987.com	5645	2021-03-31
thurrockgazette.co.uk	90983	2026-06-28
thurstontalk.com	6041	2026-06-28
thv11.com	51235	2026-06-05
thyblackman.com	9998	2026-06-28
tibet.net	9507	2026-06-28
tickerreport.com	422650	2026-06-28
ticotimes.net	6449	2026-01-09
tide1009.com	6739	2026-03-09
tiftongazette.com	10210	2026-06-27
tigerdroppings.com	5399	2022-01-13
tigernet.com	9295	2025-11-20
tigersroar.com	9897	2026-06-26
tillamookheadlightherald.com	14150	2026-06-28
timberjay.com	6607	2026-06-25
time.com	25529	2026-06-28
timeout.com	19003	2026-06-28
timeoutdubai.com	8263	2023-01-03
times-gazette.com	8414	2023-09-11
times-herald.com	6559	2026-06-27
times-journal.com	6210	2026-06-27
times-news.com	37978	2026-06-28
times-series.co.uk	99975	2026-06-28
times-standard.com	14534	2026-06-28
times.co.sz	9098	2026-03-15
timesandstar.co.uk	149574	2026-06-28
timesargus.com	33800	2026-06-27
timesbulletin.com	6960	2026-06-25
timesca.com	13865	2026-06-28
timescall.com	37424	2026-06-28
timescitizen.com	5889	2026-06-28
timescolonist.com	119190	2025-01-21
timesdaily.com	45767	2026-06-28
timesenterprise.com	8926	2026-06-26
timesfreepress.com	34743	2026-06-28
timesgazette.com	8366	2025-09-17
timesherald.com	43436	2026-06-28
timesheraldonline.com	9971	2026-06-28
timeshighereducation.com	10921	2026-06-27
timesleader.com	20299	2026-06-28
timesleader.net	6199	2026-06-28
timesleaderonline.com	18283	2026-06-28
timeslive.co.za	135004	2026-06-28
timesnews.net	36240	2025-11-11
timesnownews.com	143696	2026-04-29
timesofearth.com	6304	2026-06-28
timesofisrael.com	138709	2023-11-04
timesofmalta.com	121997	2026-04-15
timesofoman.com	51195	2026-06-28
timesofsandiego.com	23731	2026-06-28
timesonline.com	9679	2023-09-11
timesrecordnews.com	9821	2023-09-11
timesreporter.com	10999	2023-09-11
timesrepublican.com	21693	2026-06-28
timesreview.com	23630	2026-06-04
timestelegram.com	7281	2023-09-11
timesunion.com	119604	2025-11-14
timeswv.com	18607	2026-06-28
timminspress.com	55469	2026-06-28
timminstimes.com	44691	2026-01-26
tipperarylive.ie	30669	2026-05-14
tippfm.com	18510	2026-06-28
tippmidwestradio.com	13032	2026-06-27
tirebusiness.com	6666	2026-06-09
titansradio.com	16452	2026-06-20
titusvilleherald.com	22168	2022-12-01
tivysideadvertiser.co.uk	123602	2026-06-28
tmcnet.com	437717	2025-01-23
tmj4.com	6376	2026-03-19
tmz.com	51037	2026-06-28
tnledger.com	48949	2026-06-27
tnonline.com	37193	2026-06-27
tnp.sg	13213	2025-10-30
today.az	57105	2026-06-28
today.com	68640	2026-06-28
today.ng	48383	2024-06-20
today.rtl.lu	6406	2026-05-21
todayfm.com	16475	2026-06-26
todayheadline.co	7585	2025-01-27
toffeeweb.com	8281	2026-06-28
tolonews.com	32868	2024-06-06
tomsguide.com	51328	2026-06-28
tomshardware.com	18629	2026-06-28
tonyskansascity.com	45029	2026-06-28
topspeed.com	24224	2026-06-28
topwirenews.com	19556	2026-06-28
tor.com	21154	2024-01-23
toronto.citynews.ca	76396	2026-06-28
toronto.com	15892	2026-06-28
toronto.ctvnews.ca	37722	2025-01-23
torontosun.com	93924	2026-06-28
torontotelegraph.com	102259	2026-06-28
torquenews.com	29222	2026-06-28
totaltele.com	9653	2026-06-26
toucharcade.com	6249	2025-04-19
towleroad.com	15902	2024-04-28
townandcountrymag.com	18352	2026-06-28
townhall.com	91068	2026-06-28
townsvillebulletin.com.au	88807	2026-06-28
toynews-online.biz	5618	2026-06-26
tpr.org	34142	2026-06-28
tradearabia.com	114345	2026-06-28
tradeonlytoday.com	5607	2026-06-26
tradersmagazine.com	8053	2026-06-26
tradewindsnews.com	8151	2026-03-18
trains.com	13559	2026-06-28
trak.in	8851	2026-06-28
transylvaniatimes.com	9695	2026-06-28
travelandleisure.com	22155	2026-03-17
traveldailymedia.com	27645	2026-06-05
traveldailynews.asia	10250	2026-04-19
traveldailynews.com	24067	2026-01-24
travelextra.ie	10904	2026-06-28
traveller.com.au	6007	2023-04-11
travelmarketreport.com	11652	2026-06-28
travelmole.com	9334	2026-05-01
travelweekly.com	19561	2026-02-06
travelweekly.com.au	17199	2026-06-26
trbusiness.com	8841	2026-06-28
trend.az	31560	2026-06-27
trentonian.ca	44449	2026-06-22
trentonian.com	29686	2026-06-28
trib.com	62914	2026-06-28
tribdem.com	58798	2026-06-28
tribecacitizen.com	5368	2026-06-27
triblive.com	99379	2026-05-04
tribstar.com	50963	2026-06-28
tribtoday.com	28562	2026-06-28
tribtown.com	97408	2025-04-15
tribune.com.pk	255726	2026-06-28
tribune.net.ph	65777	2026-06-28
tribune242.com	44524	2026-06-26
tribuneindia.com	276471	2026-06-28
tribuneledgernews.com	34452	2026-06-27
tribuneonlineng.com	157084	2026-06-28
tribunnews.com	6897	2026-06-28
tribute.ca	8148	2025-01-21
tricitynews.com	79527	2025-08-01
trinidadexpress.com	51246	2026-06-28
trinidadtimes.com	51694	2026-06-28
troyrecord.com	36544	2026-06-28
trtworld.com	11841	2026-03-19
truebluela.com	10586	2026-06-28
truenorthreports.com	6071	2023-06-30
trumbulltimes.com	49197	2025-06-14
trust.org	37925	2026-04-28
trustedreviews.com	21956	2026-06-28
truthout.org	18642	2026-06-28
tsln.com	7915	2026-06-27
tsn.ca	163537	2026-06-28
tspr.org	23530	2026-06-28
ttgasia.com	12872	2026-06-26
ttnworldwide.com	6655	2026-06-28
ttrweekly.com	10451	2026-06-28
tucson.com	194294	2026-06-28
tucsonpost.com	38608	2026-06-28
tucsonsentinel.com	21556	2025-07-21
tucsonweekly.com	8322	2026-06-26
tudno.co.uk	20766	2023-04-26
tuko.co.ke	17879	2026-03-19
tulsaworld.com	110933	2026-06-27
tuoitrenews.vn	28862	2025-04-16
turkishpress.com	8519	2024-03-13
turlockjournal.com	5145	2026-06-27
turnto10.com	48036	2026-06-28
turnto23.com	48698	2026-06-28
tuscaloosanews.com	10891	2023-09-11
tv6tnt.com	22864	2026-06-28
tvfanatic.com	6905	2025-05-15
tvgrapevine.com	16519	2026-06-28
tvguide.co.uk	1901152	2026-06-28
tvguide.com	9655	2026-06-28
tvline.com	19636	2026-06-28
tvnewscheck.com	25179	2026-06-27
tvnz.co.nz	5645	2021-10-05
tvone.tv	5037	2026-06-26
tvovermind.com	19733	2026-06-28
tvseriesfinale.com	5932	2026-06-28
tvtechnology.com	11276	2026-06-26
tvtonight.com.au	28173	2026-06-28
tweaktown.com	28503	2025-03-01
tweeddailynews.com.au	45440	2021-04-28
twincities.com	36689	2026-06-28
twinsdaily.com	14926	2026-06-28
twitchy.com	61486	2026-06-28
twtd.co.uk	108990	2026-06-28
tylerpaper.com	28211	2026-06-28
typepad.com	10528	2024-12-01
tyrepress.com	6388	2026-06-26
ualrpublicradio.org	47588	2026-06-28
uark.edu	7054	2026-06-26
ubergizmo.com	7816	2026-06-27
ucanews.com	24644	2025-01-23
ucla.edu	6641	2026-06-26
udaipurkiran.com	78461	2026-06-28
udayavani.com	18326	2026-06-28
udn.com	6244	2026-06-28
uefa.com	8140	2024-07-24
uexpress.com	18136	2026-01-13
ufc.com	6948	2026-06-27
uk.com	8110	2026-06-28
ukiahdailyjournal.com	10085	2026-06-28
ukrainianjournal.com	15275	2026-01-27
ukrinform.net	22093	2026-03-19
uky.edu	8707	2026-06-26
ulladullatimes.com.au	60510	2026-06-28
uloop.com	10794	2026-06-28
ultimateclassicrock.com	16052	2026-06-28
ummid.com	18963	2026-06-28
umn.edu	13811	2026-06-27
un.org	6519	2026-06-25
uncrate.com	9843	2026-06-27
undercurrentnews.com	32019	2026-06-26
undertheradar.co.nz	24548	2026-06-28
undp.org	26458	2026-06-28
unian.info	12516	2026-02-09
uniindia.com	31007	2026-03-17
union-bulletin.com	43708	2026-06-28
uniondemocrat.com	13152	2026-06-27
unionleader.com	96627	2026-06-28
unionrecorder.com	12126	2026-06-28
universityworldnews.com	14005	2026-06-28
unm.edu	5393	2026-06-26
unmultimedia.org	7763	2023-10-16
uow.edu.au	17760	2024-11-07
updatesnews.com	25511	2022-10-01
upenn.edu	6964	2026-06-28
upi.com	98988	2026-06-28
upnorthlive.com	36439	2026-06-28
uppermichiganssource.com	32759	2026-06-28
upr.org	50962	2026-06-28
uproxx.com	20986	2026-06-19
upstract.com	65174	2021-06-14
upstreamonline.com	24277	2026-06-28
urbanacitizen.com	5866	2025-09-17
urbanmilwaukee.com	32809	2026-06-28
urdupoint.com	44060	2025-01-27
us103.com	26107	2026-05-31
us105fm.com	36773	2026-06-28
usanetwork.com	7362	2025-08-13
usatoday.com	217936	2025-04-26
usembassy.gov	7952	2026-06-17
usf.edu	64607	2026-02-26
usmagazine.com	62496	2026-06-28
usnews.com	60090	2024-07-31
usni.org	7584	2026-06-01
utahindependent.com	21650	2026-06-28
uticaod.com	14125	2023-09-11
utilitydive.com	9534	2026-06-26
utv44.com	5735	2026-06-27
v100fm.com	6259	2026-06-28
v100rocks.com	14079	2026-06-28
v1019.com	19105	2026-06-28
vaalweekblad.com	14927	2023-11-09
vaildaily.com	28335	2026-06-28
valdostadailytimes.com	75621	2026-06-27
valleybreeze.com	13561	2026-06-27
valleymorningstar.com	6006	2021-01-11
valleynewslive.com	32176	2026-06-28
valuewalk.com	9489	2025-01-23
vancourier.com	30069	2021-01-13
vancouverisland.ctvnews.ca	24415	2026-06-19
vancouversun.com	57947	2026-06-28
vandaliaradio.com	11661	2026-06-26
vanguardngr.com	213386	2026-06-28
vanityfair.com	18701	2026-06-28
variety.com	93591	2026-06-28
varsity.co.uk	8651	2026-06-28
vavel.com	12207	2026-06-27
vccircle.com	10692	2026-06-26
vcstar.com	9705	2023-09-11
vcyamerica.org	5662	2023-07-13
vdare.com	10802	2024-07-25
vegnews.com	12873	2026-06-28
venezuelastar.com	20069	2026-06-28
venturebeat.com	5743	2025-08-30
venturesafrica.com	22144	2024-11-16
vermilionstandard.com	12513	2026-06-28
vermontbiz.com	24860	2026-06-28
vernonmorningstar.com	50961	2026-06-28
verticalmag.com	13622	2026-06-28
vervetimes.com	11695	2025-01-26
vestnikkavkaza.net	24786	2022-01-22
veteranstoday.com	14175	2025-02-13
vg247.com	9508	2026-06-23
vgchartz.com	39963	2026-06-28
vibe.com	11958	2026-06-26
vice.com	18427	2026-06-28
vicnews.com	36906	2026-06-28
victoriaadvocate.com	5205	2026-06-28
victorygirlsblog.com	6566	2026-06-28
vietnamnet.vn	30619	2026-06-03
vietnamnews.vn	60850	2026-06-28
vietnamtribune.com	58595	2026-06-28
viewngr.com	44838	2025-01-29
vikings.com	5650	2026-06-25
vikingsterritory.com	18264	2026-06-28
villagesoup.com	21386	2024-09-18
vindy.com	48427	2026-06-28
vir.com.vn	29013	2026-06-28
virginislandsdailynews.com	19469	2026-06-28
virginislandsnewsonline.com	36182	2026-06-28
virginradio.co.uk	8270	2026-06-15
visayandailystar.com	32164	2026-06-06
vision.org.au	8526	2026-06-16
visionmp.com	10267	2026-06-28
vladtv.com	45720	2026-06-28
vmagazine.com	7602	2026-06-03
vnews.com	20397	2026-06-28
vnexpress.net	16986	2026-03-19
voanews.com	134105	2025-03-20
voazimbabwe.com	12730	2026-03-20
vocm.com	38591	2026-06-28
vogue.co.uk	18318	2026-06-28
vogue.com	32552	2026-06-28
vogue.in	10422	2026-06-28
voice-online.co.uk	10907	2026-06-26
voicenews.com	19643	2025-11-04
voiceofalexandria.com	80918	2026-06-28
voiceofvienna.org	15329	2026-06-27
voiceonline.com	9490	2026-06-28
vol.at	15779	2026-06-28
volcanodiscovery.com	17677	2026-06-28
vovworld.vn	9520	2026-01-25
vox.com	19897	2026-06-28
vpm.org	20009	2023-01-27
vpr.org	5702	2022-06-22
vtcng.com	14095	2026-06-28
vtdigger.org	12453	2026-06-28
vulcanadvocate.com	8626	2026-06-28
vulture.com	25404	2026-06-28
vvdailypress.com	8735	2023-09-11
w4country.com	5914	2026-06-28
wa1a.com	10167	2026-06-28
waateanews.com	25551	2026-06-28
waaytv.com	47143	2026-06-28
wabcradio.com	7619	2025-02-02
wabe.org	21327	2026-04-24
wabi.tv	37396	2026-06-28
wabx.net	32864	2026-06-28
wach.com	36493	2026-06-28
wacotrib.com	70782	2026-06-27
wadenapj.com	25160	2026-06-28
wadk.com	35880	2026-06-27
waer.org	40033	2026-06-28
wafb.com	37994	2026-06-28
waff.com	32659	2026-06-28
wagmtv.com	12201	2026-06-27
wahoo-ashland-waverly.com	17370	2026-06-26
wahpetondailynews.com	15315	2026-06-28
waka.com	10696	2026-06-28
wakefieldexpress.co.uk	18345	2025-01-23
wakg.com	7971	2026-06-26
walb.com	32927	2026-06-28
walesonline.co.uk	249445	2026-06-28
walkermn.com	14320	2026-06-28
wallaceburgcourierpress.com	38496	2026-06-28
wallowa.com	8327	2026-06-27
wallpaper.com	14952	2026-06-28
walls102.com	8142	2023-06-13
wallstreet-online.de	85295	2026-06-28
wam.ae	15139	2023-11-04
wamc.org	51216	2026-06-28
wamda.com	5787	2026-06-25
wandsworthguardian.co.uk	129559	2026-06-28
wandtv.com	60369	2026-06-28
wantedinrome.com	8807	2026-06-28
wape.com	12132	2026-06-28
wapt.com	66368	2026-06-28
wardsauto.com	7046	2026-02-03
warm1033.com	24116	2026-06-28
warm1069.com	9540	2026-06-26
warm98.com	11514	2026-06-28
warringtonguardian.co.uk	152857	2026-06-28
warsawvoice.pl	12750	2026-03-18
warwickdailynews.com.au	51988	2021-04-28
warwickonline.com	5943	2026-06-25
warwickshireworld.com	12934	2025-01-23
washingtonblade.com	8302	2026-06-28
washingtonexaminer.com	159689	2026-06-28
washingtonian.com	12855	2026-06-27
washingtoninformer.com	6724	2026-06-27
washingtonpost.com	306594	2024-08-02
washingtontimes.com	292813	2026-04-13
washtimesherald.com	43188	2026-06-28
waste360.com	5106	2025-01-19
wataugademocrat.com	48249	2026-06-28
watchingamerica.com	8060	2026-06-28
waterford-news.ie	66736	2026-06-28
watermarkonline.com	35425	2025-11-03
wateronline.com	10663	2026-06-26
waterwaysjournal.net	5337	2026-06-26
watfordobserver.co.uk	109929	2026-06-28
watoday.com.au	130979	2026-06-28
wattsupwiththat.com	8072	2026-06-28
wausaudailyherald.com	9127	2023-09-11
wbaa.org	76670	2026-06-28
wbal.com	70124	2026-06-22
wbaltv.com	73203	2026-06-28
wbap.com	88363	2026-06-28
wbay.com	37900	2026-06-28
wbbjtv.com	33878	2026-06-28
wbckfm.com	23781	2025-11-29
wbco.com	6031	2026-06-27
wbez.org	6198	2026-06-27
wbfo.org	39821	2025-04-01
wbgo.org	5951	2026-06-26
wbir.com	60093	2026-06-05
wbiw.com	45879	2026-06-28
wbjournal.com	13491	2026-06-27
wbkb11.com	6744	2026-06-28
wbko.com	23085	2026-06-28
wbkr.com	24965	2026-06-28
wblk.com	38244	2026-06-27
wblm.com	33118	2026-06-28
wbls.com	9360	2026-06-28
wbmq.net	17237	2020-08-26
wbng.com	23261	2026-06-28
wbnowqct.com	5601	2026-06-26
wbnq.com	12638	2026-06-28
wboc.com	90511	2026-06-28
wboi.org	45059	2026-06-28
wbrc.com	46182	2026-06-28
wbrz.com	71364	2026-06-28
wbsm.com	20063	2026-06-28
wbszfm.com	5333	2026-06-25
wbt.com	7975	2026-06-27
wbtmdanville.com	9568	2026-06-17
wbtv.com	35655	2026-06-28
wbur.org	53453	2026-06-28
wbwn.com	9458	2026-06-28
wcax.com	39331	2026-06-28
wcbe.org	58211	2026-06-28
wcbi.com	20565	2026-06-28
wcbm.com	27622	2026-06-28
wccbcharlotte.com	41100	2026-06-28
wccftech.com	46898	2026-06-28
wccq.com	9401	2024-05-24
wcfcourier.com	114065	2026-06-28
wchstv.com	35384	2026-06-28
wcjb.com	32436	2026-06-28
wclk.com	32781	2026-06-28
wclo.com	10685	2025-05-20
wcnc.com	66822	2026-06-06
wcoapensacola.com	43548	2026-06-28
wcpo.com	32197	2026-06-28
wcrz.com	21852	2026-06-28
wcsmradio.com	10111	2026-06-28
wcsufm.org	64007	2026-06-28
wcsx.com	17508	2026-06-28
wcsy.com	39568	2026-06-22
wcti12.com	40279	2026-06-28
wctrib.com	53439	2026-06-28
wctv.tv	28822	2026-06-28
wcvb.com	101106	2026-06-28
wcyb.com	32399	2026-06-28
wcyy.com	29818	2026-06-28
wdadradio.com	14400	2026-06-27
wdam.com	34959	2026-06-28
wdbj7.com	34300	2026-06-28
wdbo.com	47166	2026-06-28
wdbqam.com	9855	2026-06-26
wdef.com	24455	2026-06-28
wdel.com	25642	2026-06-28
wden.com	5663	2026-06-28
wdet.org	10001	2026-06-26
wdez.com	22516	2026-06-28
wdhafm.com	15304	2026-06-28
wdio.com	61801	2026-06-28
wdiy.org	44238	2026-06-28
wdjx.com	8512	2026-06-26
wdkx.com	5395	2022-07-25
wdrb.com	100029	2026-06-28
wdrv.com	9010	2026-06-26
wdsm710.com	39350	2026-06-28
wdsu.com	103568	2026-06-28
wdtimes.com	33233	2026-06-28
wdtv.com	19994	2026-06-28
wdzz.com	8911	2026-06-28
weaa.org	51021	2025-02-25
wealthmanagement.com	16994	2026-06-26
weareiowa.com	7839	2026-03-16
weartv.com	33723	2026-06-28
weatherforddemocrat.com	14162	2026-06-28
weathernationtv.com	6038	2026-06-27
weau.com	30856	2026-06-28
webcamfeet.com	5756	2021-11-12
webindia123.com	417210	2026-06-28
webmd.com	10261	2026-06-27
webwire.com	35970	2026-06-27
wect.com	35749	2026-06-28
weeklyblitz.net	31709	2026-06-28
weeklytimesnow.com.au	11584	2024-07-22
weforum.org	8434	2024-01-12
wegotthiscovered.com	68271	2025-02-24
weirtondailytimes.com	21582	2026-06-27
weisradio.com	18260	2026-01-06
wellandtribune.ca	69712	2026-06-28
wellingtondailynews.com	5439	2026-06-19
wellingtontimes.com.au	35334	2026-06-28
wellsvilledaily.com	5537	2022-04-14
wemu.org	33736	2026-06-28
wenatcheeworld.com	25260	2026-06-28
wenxuecity.com	33261	2026-06-28
weny.com	29950	2026-06-28
wesa.fm	41179	2026-06-04
wesh.com	76608	2026-06-28
wesm913.org	17888	2022-01-28
westcentralonline.com	16551	2026-06-28
westcentralsbest.com	47950	2026-06-28
westerlynews.ca	30482	2026-06-28
westernadvocate.com.au	109803	2026-06-28
westernmassnews.com	22407	2026-06-28
westernpeople.ie	34774	2026-06-28
westerntelegraph.co.uk	122755	2026-06-28
westernweekender.com.au	5429	2026-06-25
westernwheel.ca	6258	2025-09-05
westfaironline.com	12063	2026-06-26
westhawaiitoday.com	19459	2026-06-28
westkentuckystar.com	29553	2026-06-28
westmeathexaminer.ie	46239	2026-06-28
westmeathindependent.ie	45277	2026-06-28
westofthei.com	6999	2026-06-28
westport-news.com	54149	2022-03-01
westseattleblog.com	47009	2026-06-28
westsussextoday.co.uk	7480	2022-02-09
westword.com	12811	2026-06-28
wetaskiwintimes.com	15174	2026-06-28
weyburnreview.com	37373	2021-07-29
wfaa.com	64004	2026-06-05
wfae.org	68610	2026-06-28
wfasam.com	13054	2021-05-17
wfav951.com	14012	2026-06-26
wfdd.org	50822	2026-06-28
wfgr.com	21383	2024-07-03
wfin.com	45335	2025-06-14
wfirnews.com	5190	2026-06-26
wfit.org	6649	2026-06-23
wfiwradio.com	11528	2026-06-27
wfls.com	17377	2026-06-17
wflx.com	32261	2026-06-28
wfmd.com	13174	2026-06-28
wfmj.com	109495	2026-06-28
wfms.com	7214	2026-06-28
wfmynews2.com	66653	2026-06-05
wfmz.com	253049	2026-06-28
wfnc640am.com	68932	2026-06-25
wfnt.com	13062	2026-06-26
wfsb.com	35706	2026-06-28
wfsu.org	47526	2026-06-28
wftv.com	43747	2026-06-28
wftw.com	69191	2025-03-28
wfuv.org	9592	2026-06-28
wfxd.com	6582	2026-04-09
wfxl.com	6512	2025-09-11
wfyi.org	14745	2026-06-27
wgac.com	6397	2026-06-28
wgal.com	80341	2026-06-28
wgan.com	14852	2026-06-26
wgauradio.com	58071	2026-06-28
wgbh.org	23714	2026-06-26
wgcu.org	30098	2026-06-28
wgil.com	10099	2026-06-27
wglr.com	25189	2026-06-28
wglt.org	59897	2026-06-28
wgmd.com	40308	2026-06-28
wgme.com	40202	2026-06-28
wgna.com	33240	2026-06-28
wgni.com	9018	2026-06-28
wgnsradio.com	16673	2026-06-28
wgntv.com	7621	2026-05-05
wgog.com	5944	2026-06-28
wgow.com	46705	2026-06-28
wgowam.com	74832	2026-06-28
wgrd.com	44607	2026-06-28
wgrr.com	9951	2026-06-28
wgrz.com	46639	2026-06-05
wgxa.tv	9179	2026-06-28
wharfedaleobserver.co.uk	115417	2026-06-28
whas11.com	68292	2026-06-25
whatdidyousay.org	15446	2025-11-11
whatech.com	27361	2026-06-28
whathifi.com	11029	2026-06-27
whatsnew2day.com	14117	2025-01-27
whatson.ae	20591	2026-06-28
whatsonstage.com	11033	2026-06-28
whatsontv.co.uk	5261	2021-06-10
whbl.com	68480	2026-06-28
whby.com	9132	2026-06-26
whcuradio.com	10235	2024-06-23
whdg.com	16271	2026-06-27
whdh.com	54263	2026-06-28
whec.com	129976	2026-06-28
whidbeynewstimes.com	5951	2026-06-27
whig.com	59812	2026-06-28
whio.com	43869	2026-06-28
whitecourtstar.com	13224	2026-06-28
whitehorsestar.com	5917	2026-01-29
whitehouse.gov	6012	2026-03-17
whitsundaytimes.com.au	56923	2021-04-28
whittierdailynews.com	44934	2026-06-28
whiznews.com	14716	2026-06-28
whky.com	21241	2026-06-28
whmi.com	24077	2026-06-28
whnt.com	6192	2025-06-12
who.int	10201	2026-06-26
whopam.com	23572	2026-06-28
whqr.org	45235	2026-06-28
whro.org	14270	2026-06-28
whrpfm.com	8931	2026-06-28
whsv.com	28846	2026-06-28
whtc.com	47357	2026-06-28
whtimes.co.uk	54675	2026-06-28
whvoradio.com	13931	2026-05-31
whyy.org	26296	2026-06-28
wiartonecho.com	22177	2026-06-28
wibailoutpeople.org	5557	2026-06-28
wibc.com	28068	2026-06-28
wibqam.com	45131	2026-01-10
wibw.com	45301	2026-06-28
wibx950.com	29847	2026-06-28
wickedlocal.com	236673	2023-09-11
wicz.com	61820	2026-06-28
wifc.com	19324	2026-06-28
wifr.com	24458	2026-06-28
wigantoday.net	27415	2025-01-23
wiky.com	39681	2026-06-28
wild1029.com	9082	2026-06-28
wild1049hd.com	6114	2023-03-21
wild941.com	23373	2026-06-28
wiley.com	5258	2026-06-11
williamsondailynews.com	7195	2026-06-23
willistonherald.com	14202	2026-06-28
willitsnews.com	6368	2026-06-27
willmarradio.com	43781	2026-06-27
wilm-tv.com	8193	2021-09-20
wilmingtonbiz.com	12073	2025-01-22
wilsonpost.com	5372	2023-03-01
wilsontimes.com	5445	2026-06-28
wiltonbulletin.com	62996	2025-06-14
wiltsglosstandard.co.uk	115407	2026-06-28
wiltshiretimes.co.uk	144699	2026-06-28
wilx.com	32969	2026-06-28
wimbledonguardian.co.uk	119490	2026-06-28
wimsradio.com	17071	2026-06-28
wimz.com	6759	2026-06-15
winchesterstar.com	61358	2026-06-28
wincountry.com	19330	2026-06-27
windfm.com	6698	2026-06-28
windowscentral.com	33538	2026-06-28
windowstorussia.com	5923	2026-06-10
windpowermonthly.com	7201	2026-06-26
windsor.ctvnews.ca	20740	2025-04-09
windsorite.ca	19835	2025-09-22
windsorstar.com	57366	2026-06-28
windtech-international.com	9096	2026-06-26
wingsmagazine.com	5690	2026-06-26
wink104.com	10162	2026-06-28
winknews.com	54087	2026-06-28
winnipeg.ctvnews.ca	27808	2025-04-25
winnipegfreepress.com	316492	2026-06-28
winnipegsun.com	53805	2026-06-28
winonadailynews.com	37882	2026-06-28
winonapost.com	10384	2026-06-26
winsfordguardian.co.uk	67252	2023-03-07
winteriscoming.net	8169	2026-06-28
wionews.com	25883	2026-02-12
wiov.com	7240	2026-06-28
wired.com	20607	2026-06-28
wiredprnews.com	26047	2025-10-24
wirralglobe.co.uk	132366	2026-06-28
wirx.com	19916	2026-06-25
wisbechstandard.co.uk	35444	2026-06-28
wisbusiness.com	13901	2026-06-26
wisc.edu	13625	2026-06-28
wiscassetnewspaper.com	24353	2026-06-28
wiscnews.com	66604	2026-06-26
wisconsin106.com	15308	2025-03-13
wisconsinagconnection.com	14538	2026-06-26
wisconsinrapidstribune.com	9142	2023-09-11
wisfarmer.com	5440	2023-09-11
wishtv.com	70976	2026-06-28
wislawjournal.com	11691	2026-06-03
wisn.com	72650	2026-06-28
wispolitics.com	20272	2026-06-26
wisr680.com	8899	2026-06-28
wistv.com	37972	2026-06-28
withinnigeria.com	12604	2026-03-04
witl.com	37198	2026-06-28
witn.com	35567	2026-06-28
witneygazette.co.uk	129322	2026-06-28
wits.ac.za	5338	2026-06-27
wivk.com	12065	2026-06-28
wixx.com	27305	2026-06-27
wiznation.com	12909	2026-06-28
wjactv.com	32525	2026-06-28
wjbc.com	39920	2026-06-27
wjbq.com	28240	2026-06-28
wjbr.com	12970	2025-12-04
wjcl.com	69881	2026-06-28
wjct.org	70036	2026-06-28
wjcw.com	56198	2026-06-22
wjez.com	10628	2026-06-28
wjfw.com	20504	2026-06-28
wjhg.com	25265	2026-06-28
wjimam.com	23474	2025-12-01
wjla.com	47593	2026-06-28
wjle.com	5878	2026-06-28
wjmi.com	18966	2026-05-04
wjnt.com	23076	2026-04-22
wjol.com	34473	2026-06-26
wjon.com	37580	2026-06-28
wjoxam.com	50601	2026-04-07
wjr.com	43478	2026-06-26
wjrz.com	13432	2026-06-28
wjsu.org	19822	2025-03-11
wjtn.com	20300	2026-06-27
wjvl.com	5257	2025-03-09
wkar.org	18023	2026-06-28
wkbw.com	40714	2026-06-27
wkdq.com	36424	2026-06-28
wkdzradio.com	16787	2026-06-14
wkfr.com	24273	2026-06-27
wkjc.com	41907	2026-06-27
wkkg.com	9689	2026-06-26
wkmi.com	17491	2025-11-30
wkml.com	15492	2026-06-28
wkms.org	53725	2026-06-28
wknofm.org	80789	2026-06-28
wkow.com	6158	2026-05-21
wkrb13.com	486644	2025-04-18
wksn.com	20250	2026-06-27
wksu.org	17996	2022-12-08
wktn.com	9946	2026-06-28
wktv.com	42442	2026-06-28
wkuherald.com	9439	2026-06-26
wkvi.com	7422	2026-06-28
wkxi.com	15993	2026-05-09
wkyc.com	70523	2026-06-06
wkyt.com	32551	2026-06-28
wkyufm.org	43244	2026-06-28
wkzo.com	76346	2026-06-28
wlav.com	10338	2026-06-28
wlbt.com	8276	2026-03-19
wlds.com	11477	2026-06-27
wlec.com	22632	2026-06-28
wlevradio.com	9665	2026-06-28
wlfi.com	25378	2026-06-27
wlip.com	22850	2026-06-26
wlkm.com	8598	2026-06-26
wlky.com	80447	2026-06-28
wlni.com	5321	2026-04-30
wlos.com	39629	2026-06-28
wlox.com	32802	2026-06-28
wlrfm.com	16241	2026-06-28
wlrh.org	26514	2026-06-26
wlrn.org	48863	2026-06-28
wlsam.com	54450	2026-06-26
wltribune.com	32546	2026-06-28
wltx.com	63246	2026-06-25
wltz.com	6310	2026-06-19
wlwi.com	6246	2026-06-28
wlwt.com	89410	2026-06-28
wmac-am.com	47960	2026-06-28
wmagazine.com	6317	2026-06-26
wmal.com	39406	2026-06-28
wmay.com	11097	2025-04-11
wmbfnews.com	38828	2026-06-28
wmcactionnews5.com	21076	2021-05-19
wmdt.com	33358	2026-06-27
wmfe.org	18986	2024-04-02
wmgk.com	16093	2026-06-28
wmicentral.com	10410	2026-06-28
wmmq.com	33636	2026-06-28
wmnf.org	7349	2026-06-27
wmot.org	24000	2025-08-12
wmra.org	44218	2026-06-28
wmtram.com	9816	2026-06-26
wmtv15news.com	18681	2026-06-28
wmtw.com	72267	2026-06-28
wmuk.org	24173	2026-06-28
wmur.com	93137	2026-06-28
wn.com	397139	2026-06-28
wnaw.com	18643	2026-06-28
wnax.com	8938	2026-06-26
wnbf.com	17734	2026-06-28
wncv.com	9072	2026-06-28
wncw.org	31504	2026-06-28
wncy.com	27479	2026-06-26
wnd.com	36877	2026-06-28
wndu.com	30850	2026-06-28
wnem.com	23011	2026-06-28
wnep.com	57274	2026-06-05
wnewsj.com	19288	2025-05-15
wnir.com	9556	2026-06-26
wnmtradio.com	19176	2022-12-08
wnmufm.org	70576	2026-06-28
wnpr.org	6587	2021-07-14
wnyt.com	45063	2026-03-11
woad.com	19065	2026-04-22
wobm.com	59229	2026-06-28
wogb.fm	17139	2026-06-28
wogx.com	18423	2026-06-26
wohfradio.com	28990	2026-06-28
wokq.com	27349	2026-06-28
wokv.com	61929	2026-06-28
womanandhome.com	24639	2026-06-28
womansworld.com	12437	2026-06-28
womenofchina.cn	11042	2025-06-09
womenshealthmag.com	17101	2026-06-28
wondradio.com	41493	2026-06-27
wonkette.com	5739	2026-06-22
woodallscm.com	5384	2026-06-26
woodlandsonline.com	9900	2026-06-28
woodstocksentinelreview.com	40492	2026-06-28
woodwardnews.net	10383	2026-06-25
woodworkingnetwork.com	9527	2025-12-16
woonsocketcall.com	12417	2026-06-28
worcesternews.co.uk	106548	2026-06-28
wordpress.com	17022	2026-06-28
workers.org	5585	2026-03-06
workerscompensation.com	8286	2026-06-27
workersliberty.org	8719	2025-11-07
worksopguardian.co.uk	12974	2025-01-23
world-nuclear-news.org	7239	2026-06-26
worldbank.org	10178	2026-06-24
worldboxingnews.net	7275	2025-03-04
worldcasinodirectory.com	7780	2026-06-28
worldcrunch.com	14971	2025-01-23
worldipreview.com	5067	2026-06-26
worldoil.com	13563	2026-06-28
worldpoliticsreview.com	5215	2026-06-26
worldscreen.com	13861	2025-08-22
worldsoccertalk.com	14787	2022-08-10
worldtempus.com	6235	2026-06-28
wortfm.org	6174	2025-05-02
worthingherald.co.uk	6867	2022-02-10
worthplaying.com	13231	2026-06-27
worthynews.com	5685	2026-06-28
wosu.org	15246	2026-06-27
woub.org	10677	2026-06-26
wowo.com	9642	2026-06-28
wowt.com	37683	2026-06-28
wpbf.com	65759	2026-06-28
wpde.com	46566	2026-06-28
wpdh.com	44227	2026-06-28
wpr.org	11206	2026-06-27
wprl.org	54300	2025-10-06
wpsdlocal6.com	53484	2026-06-28
wpst.com	36667	2026-06-28
wpsu.org	64584	2026-06-28
wptv.com	51454	2026-06-28
wpxi.com	43628	2026-06-28
wqad.com	51386	2026-06-05
wqcmfm.com	13716	2026-06-20
wqcs.org	55772	2026-06-28
wqel.com	5565	2026-06-26
wqut.com	21536	2026-06-28
wral.com	149629	2026-06-28
wraltechwire.com	12216	2025-11-06
wrcbtv.com	57393	2022-01-13
wrdw.com	37859	2026-06-28
wrestlezone.com	37698	2026-06-28
wrestlinginc.com	61830	2026-06-28
wrestlingnewssource.com	25671	2026-06-20
wrexham.com	15401	2026-06-28
wrfalp.com	7701	2026-06-28
wrganews.com	12235	2026-06-28
wrhi.com	5507	2026-06-28
wrif.com	29970	2026-06-28
writersdigest.com	5547	2026-06-28
wrjn.com	5268	2026-06-26
wrkf.org	37007	2026-06-28
wrkr.com	24421	2026-06-28
wrmf.com	10902	2026-06-27
wror.com	20167	2026-06-28
wrp.org.uk	6167	2026-06-27
wrrv.com	38700	2026-06-28
wruf.com	10567	2026-06-27
wrur.org	9348	2026-06-28
wrvo.org	61219	2026-06-28
wsau.com	103074	2026-06-28
wsaw.com	30468	2026-06-28
wsaz.com	27326	2026-06-28
wsbradio.com	61258	2026-06-28
wsbs.com	12722	2026-06-27
wsbt.com	38391	2026-06-28
wsbtv.com	52852	2026-06-28
wscountytimes.co.uk	6332	2022-02-09
wset.com	40847	2026-06-28
wsfa.com	31614	2026-06-28
wsfl.com	7076	2026-06-27
wsgw.com	20214	2026-06-26
wshu.org	40420	2026-06-27
wsiltv.com	53319	2026-06-28
wsiu.org	75082	2026-06-28
wsj.com	58643	2026-06-22
wsjm.com	30694	2026-06-24
wsjs.com	5402	2026-06-16
wskg.org	6784	2026-03-08
wsls.com	133699	2026-06-28
wsmv.com	35129	2026-06-28
wsnewspublishers.com	7109	2025-08-29
wsoctv.com	43853	2026-06-28
wsrkfm.com	18403	2026-06-28
wsu.edu	8490	2026-06-26
wsvaonline.com	5422	2024-04-02
wsvn.com	46993	2026-06-28
wsws.org	40131	2026-06-28
wtae.com	78974	2026-06-28
wtap.com	5700	2026-03-19
wtaq.com	53338	2026-06-27
wtax.com	7000	2024-05-20
wtbdfm.com	11527	2024-01-02
wtbx.com	24737	2026-06-26
wthitv.com	37072	2026-06-28
wtka.com	15955	2024-08-27
wtkr.com	57240	2026-06-28
wtma.com	106412	2026-06-28
wtmj.com	42135	2026-06-28
wtmx.com	10005	2026-06-26
wtoc.com	34563	2026-06-28
wtok.com	23223	2026-06-28
wtol.com	61161	2026-06-06
wtop.com	88013	2026-06-28
wtov9.com	33556	2026-06-28
wtsp.com	75398	2026-06-06
wttf.com	31002	2026-06-28
wttw.com	14739	2025-12-16
wtug.com	18801	2026-06-28
wtva.com	46825	2026-06-28
wtvbam.com	54514	2026-06-28
wtvm.com	27169	2026-06-28
wtvq.com	19747	2026-06-28
wtvr.com	50856	2026-06-28
wtvy.com	21789	2026-06-28
wtxl.com	30525	2026-06-28
wuft.org	39294	2026-06-28
wuky.org	27245	2026-06-28
wunc.org	20954	2026-06-27
wupe.com	17602	2026-06-28
wusa9.com	68551	2026-06-05
wutc.org	39614	2026-06-28
wuuqradio.com	11915	2026-06-28
wuwf.org	52344	2026-06-28
wuwm.com	17274	2026-06-28
wvasfm.org	50226	2026-06-28
wvel.com	7410	2026-06-22
wvfm1065.com	5078	2020-12-07
wvgazettemail.com	43130	2026-06-28
wvik.org	51966	2026-06-28
wvlkam.com	68627	2026-06-28
wvlnam.com	8627	2026-06-23
wvmetronews.com	23854	2026-06-28
wvnews.com	110265	2026-01-24
wvnn.com	40823	2026-06-22
wvpublic.org	12495	2026-06-27
wvrecord.com	5873	2025-05-20
wvtf.org	32886	2026-06-28
wvtm13.com	65149	2026-06-28
wvxu.org	42658	2026-06-28
wwaytv3.com	28279	2026-06-28
wwd.com	44792	2026-06-28
wweek.com	11931	2026-06-28
wwisradio.com	5211	2026-06-27
wwjb.com	5988	2025-02-24
wwki.com	5754	2026-06-28
wwltv.com	56312	2026-06-05
wwmt.com	39960	2026-06-28
wwno.org	45748	2026-06-28
wwnytv.com	25414	2026-06-26
wwqq101.com	5665	2026-06-28
wxerfm.com	18742	2026-06-27
wxfx.com	9243	2026-06-28
wxii12.com	75759	2026-06-28
wxkr.com	13821	2026-06-28
wxlo.com	9647	2026-06-28
wxow.com	51736	2026-06-28
wxpr.org	30580	2026-06-28
wxxinews.org	54134	2026-06-28
wxxv25.com	26661	2026-06-28
wxyz.com	51432	2026-06-28
wydaily.com	15344	2026-06-28
wyff4.com	78751	2026-06-28
wynn1063.com	20455	2026-06-28
wyomingnews.com	91850	2026-06-28
wyomingnewsnow.tv	35886	2026-06-28
wyomingpublicmedia.org	43729	2026-06-28
wypr.org	51182	2026-06-28
wyrk.com	43025	2026-06-28
wyshradio.com	5129	2026-06-26
wyso.org	43464	2026-06-28
wysu.org	24466	2026-06-28
wzid.com	6445	2026-06-27
wzozfm.com	18949	2026-06-28
wzpl.com	7716	2026-06-28
wzzm13.com	69198	2026-06-26
x1071.com	30890	2026-06-28
xboxachievements.com	9229	2025-04-26
xinhuanet.com	172414	2026-06-16
xlcountry.com	13940	2026-06-28
xpatloop.com	10240	2026-06-25
xtra99.com	17441	2026-06-28
xxlmag.com	13491	2026-06-27
y-103.com	9599	2026-06-28
y100fm.com	7519	2026-06-27
y101.com	13939	2026-06-27
y101hits.com	9914	2026-06-28
y102montgomery.com	22786	2026-06-28
y105fm.com	40341	2026-06-28
y105music.com	25743	2026-06-28
y108.ca	8098	2026-06-25
y94.com	36585	2026-06-28
y95country.com	28538	2026-06-28
yachtsandyachting.com	29601	2026-06-28
yahoo.com	6339311	2026-06-28
yakimaherald.com	98026	2026-06-28
yaktrinews.com	8775	2023-06-26
yale.edu	11578	2026-06-26
yaledailynews.com	5862	2026-01-16
yalibnan.com	9024	2026-06-28
yambolnews.net	6474	2025-10-22
yanksgoyard.com	5275	2026-06-28
yankton.net	60436	2026-06-28
yardbarker.com	162838	2026-06-28
yasstribune.com.au	66839	2026-06-28
ycombinator.com	5866	2026-06-27
ydr.com	6710	2023-09-11
yellowhammernews.com	13598	2026-06-28
yen.com.gh	10134	2026-03-19
yenisafak.com	20714	2025-09-16
yeovilexpress.co.uk	58449	2023-06-08
yesweekly.com	10441	2026-06-25
yle.fi	16799	2026-06-27
yna.co.kr	6410	2026-03-12
ynaija.com	8895	2026-06-28
ynetnews.com	65044	2026-06-28
yorkdispatch.com	14408	2023-09-11
yorknewstimes.com	47444	2026-06-27
yorkpress.co.uk	165591	2026-06-28
yorkregion.com	11663	2026-06-28
yorkshireeveningpost.co.uk	26040	2025-01-23
yorkshirepost.co.uk	60971	2025-01-23
yorktonthisweek.com	42911	2021-07-29
youngwitness.com.au	19823	2026-06-27
youralaskalink.com	22086	2026-06-28
yourdemocracy.net	5356	2026-06-28
yourdemocracy.net.au	18432	2026-06-28
youredm.com	7476	2026-06-26
yourfortdodge.com	19778	2026-06-23
yourlocalguardian.co.uk	186836	2026-06-28
yourobserver.com	13482	2025-09-10
yoursourceone.com	79855	2026-06-28
yourstephenvilletx.com	5054	2026-06-23
yourstory.com	36277	2026-06-12
yourtango.com	46862	2026-06-28
yourthurrock.com	10780	2026-06-28
yovizag.com	6535	2026-06-27
ypradio.org	66664	2026-06-28
yubanet.com	8670	2026-06-27
yukon-news.com	6254	2026-06-28
yumasun.com	59514	2026-06-28
z100fm.com	5677	2026-06-10
z100missoula.com	14542	2026-06-28
z1023online.com	16873	2026-06-28
z103.fm	11188	2024-08-29
z1077fm.com	11015	2026-06-28
z937.com	20896	2026-06-28
z93jamz.com	15890	2026-06-28
z94.com	25902	2026-06-27
z943radio.com	8741	2025-01-06
z96.com	10391	2026-06-28
zawya.com	199222	2026-06-28
zazoom.it	10617	2026-06-24
zdnet.com	40314	2026-06-28
zerohedge.com	131401	2026-06-28
zfenglish.com	39699	2026-06-26
ziarelive.ro	5451	2024-08-01
zigwheels.com	20831	2026-06-27
zimbabwesituation.com	15615	2026-06-23
zimbabwestar.com	51655	2026-06-28
zimeye.net	10481	2026-06-25
zizonline.com	6533	2026-06-26
zmescience.com	13098	2026-06-26
znsbahamas.com	5660	2026-06-28
zodiakmalawi.com	6738	2026-06-23
zonebourse.com	6769	2026-05-15
zrock103.com	8975	2026-06-28
zululandobserver.co.za	18680	2023-08-31
