1005freshradio.ca	8943	2026-06-27
1009theeagle.com	11634	2026-07-02
1010wcsi.com	7307	2025-08-27
1011now.com	32526	2026-07-05
1015hankfm.com	9175	2025-07-28
1015thehawk.com	10170	2026-03-23
1015vibe.com	8027	2026-07-04
1019thebeatfm.com	9206	2025-05-15
1019thekeg.com	26327	2026-05-12
1019therock.com	25237	2026-07-05
1021thefox.com	9130	2026-07-05
1023thebullfm.com	17945	2026-07-01
1023thewolf.com	8193	2026-07-03
1025kiss.com	36842	2026-07-04
1025wowcountry.com	7346	2026-07-05
1027kord.com	32419	2026-07-05
1027thevibe.com	7600	2026-07-05
102thebear.com	6007	2026-07-05
1031freshradio.ca	8920	2026-06-29
1033theeagle.com	6650	2026-07-01
1033wvyb.com	8576	2026-07-05
1035kissfmboise.com	24589	2026-07-05
1035theeagle.com	9303	2026-06-23
1037theloon.com	27051	2026-07-05
1039wvbo.com	26805	2026-07-05
103gbfrocks.com	35764	2026-07-05
103kkcn.com	19091	2026-07-05
103weup.com	9824	2026-07-04
103wjod.com	23189	2026-07-05
1041wdlt.com	9387	2026-07-05
1043freshradio.ca	8348	2026-06-29
1043theparty.com	7176	2026-07-05
1045bobfm.com	5391	2024-09-10
1045freshradio.ca	7535	2026-06-29
1045theteam.com	22512	2026-07-05
1045thezone.com	29896	2026-07-05
1045wjjk.com	5654	2026-07-05
1049maxcountry.com	8001	2021-04-15
1049nashicon.com	5816	2026-07-05
1049thebeat.com	17734	2026-07-04
1049theedge.com	7670	2023-01-13
1049thewolf.com	15606	2026-07-05
104thehawk.com	10879	2026-07-05
1050talk.com	7314	2020-02-18
1053hotfm.com	5857	2026-07-05
1055thehawk.com	6159	2024-06-16
1057thehawk.com	55481	2026-07-05
1057thepoint.com	15544	2026-07-03
1057thex.com	9172	2026-07-05
1059thehog.com	9298	2026-06-27
1063cowboycountry.com	6354	2021-01-15
1063thebuzz.com	30630	2026-07-05
1063thegroove.com	7754	2026-07-03
1065thearch.com	11774	2026-07-04
1065thebuzz.com	15448	2026-07-05
1069morefm.com	6042	2022-09-07
1073modfm.com	24943	2026-06-09
1073theeagle.com	8864	2026-07-03
1073wsjy.com	5991	2025-11-22
1075daverocks.com	7743	2026-06-29
1075koolfm.com	7518	2026-07-03
1075thegame.com	40311	2026-07-05
1075zoofm.com	8459	2022-07-07
1077thebone.com	7044	2026-07-02
1079ishot.com	47624	2026-07-05
107jamz.com	17200	2026-07-03
1090kaay.com	19710	2026-07-05
10news.com	96057	2026-07-05
10tv.com	62651	2026-06-25
1150kknw.com	5618	2026-07-05
1170kfaq.com	5326	2020-05-08
11alive.com	76527	2026-06-06
1280wnam.com	22183	2026-02-02
1290wlby.com	38407	2026-07-05
12news.com	62356	2026-06-26
12newsnow.com	54381	2026-06-06
12onyourside.com	12403	2026-07-05
1310kfka.com	13687	2026-07-03
1310news.com	29075	2020-12-03
1350kman.com	15537	2026-07-04
1370wfea.com	8305	2026-07-05
1380kcim.com	8887	2026-03-18
13abc.com	28966	2026-07-05
13newsnow.com	73852	2026-06-06
13wham.com	39983	2026-07-05
13wmaz.com	59415	2026-06-06
1470kyyw.com	8879	2026-07-05
1470wmbd.com	10508	2023-03-10
1490wosh.com	81666	2026-07-05
14news.com	39960	2026-07-05
1520theticket.com	53163	2026-06-29
1590walg.com	17537	2020-08-26
1630kcjj.com	13912	2026-07-04
1660thefan.com	10612	2020-12-04
1prime.biz	32781	2023-12-29
247sports.com	6960	2023-02-02
247wallst.com	16051	2026-07-05
27east.com	7677	2026-07-05
29news.com	10335	2026-07-05
2ec.com.au	5051	2026-07-05
2gb.com	31386	2026-07-04
2hd.com.au	5912	2024-12-18
2lt.com.au	15362	2026-07-05
2merkato.com	5150	2026-07-03
2news.com	80552	2026-07-05
2paragraphs.com	14321	2026-07-05
360cities.net	23862	2026-06-04
360nobs.com	5978	2020-10-03
3aw.com.au	19141	2026-07-05
3blmedia.com	7912	2026-07-03
3quarksdaily.com	9653	2026-05-24
4029tv.com	64056	2026-07-05
411mania.com	105251	2025-11-29
41nbc.com	26168	2026-07-05
4bc.com.au	27715	2026-07-04
4ni.co.uk	13654	2026-07-03
51.ca	7439	2026-07-05
5280.com	5553	2026-07-04
560cfos.ca	11980	2025-07-31
570news.com	56393	2021-10-17
5newsonline.com	51740	2026-06-06
5tjt.com	10304	2026-06-04
6000.co.za	5090	2026-07-04
620ckrm.com	25206	2026-07-05
640wxsm.com	67197	2026-07-05
660wxqw.com	20062	2025-06-14
680kfeq.com	13550	2026-06-25
680news.com	113457	2021-10-17
6abc.com	59970	2026-07-05
6pr.com.au	10476	2026-07-05
702.co.za	24442	2024-01-15
710keel.com	25748	2026-07-03
740thefan.com	27884	2026-07-05
790business.com	41914	2022-08-10
790wpic.com	61851	2026-06-22
7news.com.au	5070	2026-03-12
7newsbelize.com	37212	2026-07-04
7thspace.com	39838	2024-09-15
850wftl.com	18211	2026-05-06
895thelake.ca	8534	2023-11-21
90min.com	58926	2025-09-29
915thebeat.com	8645	2026-06-29
919thebend.ca	10859	2026-02-10
91x.fm	5217	2026-07-03
921theticket.com	85365	2026-07-05
921wrou.com	25339	2026-06-25
927thedrive.net	19372	2026-07-03
927thevan.com	17501	2026-07-05
929nin.com	46938	2026-07-04
929peakfm.com	13660	2026-07-05
929thebull.com	30687	2026-07-05
929thelake.com	30268	2026-07-05
929theticket.com	9267	2026-07-05
929zzu.com	8596	2026-07-05
92moose.fm	28727	2026-07-05
92q.com	16363	2026-07-04
92qnashville.com	10357	2026-07-05
931coast.com	6662	2026-07-05
931freshradio.ca	8077	2026-07-05
931kmkt.com	18241	2026-06-29
931thebeat.com	9061	2026-07-05
931theborder.ca	8735	2025-09-08
933nashicon.com	5716	2026-07-05
933thedrive.com	37155	2026-07-05
937kcountry.com	5026	2026-07-02
937nashicon.com	7073	2025-03-17
937theeagle.com	5799	2026-07-02
93q.com	19219	2026-07-05
93x.com	5407	2026-07-05
940wfaw.com	27438	2024-10-06
941theduke.com	7581	2026-07-02
943jackfm.com	22513	2026-07-03
943thepoint.com	56705	2026-07-04
945thehawkradio.com	5855	2026-07-05
945themoose.com	8671	2026-06-26
947wls.com	5680	2026-07-02
949whom.com	28504	2026-07-05
951kbby.com	8761	2026-07-05
953thebear.com	30511	2026-07-05
953thescore.com	59569	2026-07-05
955glo.com	8937	2026-07-05
955wtvy.com	5948	2026-07-04
959kissfm.com	12202	2026-07-05
95kqds.com	9599	2026-07-02
95rockfm.com	31012	2026-07-05
95sx.com	10151	2026-07-05
961jamz.com	8808	2026-07-05
961theeagle.com	34139	2026-07-05
963jackfm.com	8400	2026-07-05
963kklz.com	16392	2026-07-05
963theblaze.com	27305	2026-07-05
963wdvd.com	5189	2026-07-01
963xke.com	6036	2026-07-05
965bobfm.com	7279	2024-08-08
965kvki.com	38847	2026-07-05
965therock.com	19947	2026-07-05
967theeagle.net	31981	2026-07-05
969therock.com	14903	2026-07-04
96fm.ie	5715	2026-07-04
96kzel.com	9014	2026-07-05
971kissfm.com	5102	2022-09-16
973thedawg.com	45502	2026-07-05
975kgkl.com	21234	2026-07-05
975klak.com	6919	2020-05-30
975now.com	34506	2026-07-04
975thevibe.com	22350	2026-07-05
975wabd.com	10854	2026-07-05
977thebay.com	5918	2026-07-03
977theriver.com	12897	2025-05-26
979kickfm.com	31590	2026-07-05
979nashicon.com	5442	2026-07-05
979x.com	10285	2026-07-05
97rockonline.com	32702	2026-07-05
97x.com	21878	2026-07-04
97xonline.com	7630	2026-07-03
97zokonline.com	38234	2026-07-05
980waav.com	76979	2026-07-05
981thehawk.com	35357	2026-07-05
981themax.com	9158	2026-07-05
983nashicon.com	5880	2026-07-05
983thecoast.com	34917	2026-06-29
983thesnake.com	21206	2026-07-04
983wlcs.com	6152	2026-07-01
985kissfm.net	5996	2026-07-05
985thebull.com	12685	2026-07-01
987jack.com	23302	2026-07-05
987thebomb.com	6485	2026-07-03
987thebull.com	11548	2026-06-10
989magicfm.com	10301	2026-07-05
989xfm.ca	5533	2026-07-03
98cool.ca	10825	2026-07-05
98fm.com	14098	2026-07-03
98kupd.com	8967	2026-07-03
98q.com	6862	2026-07-03
98rocks.fm	18116	2026-07-01
98theticket.com	15783	2021-01-15
991thewhale.com	32030	2026-07-05
993kjoy.com	9589	2026-07-05
993thex.com	6070	2026-06-12
995qyk.com	20730	2026-07-05
995thewolf.com	7172	2026-07-02
997wtn.com	79227	2026-06-22
999ktdy.com	35236	2026-07-05
999thefoxrocks.com	7111	2026-07-05
999thepoint.com	26811	2026-07-05
99jamzmiami.com	5085	2026-07-04
9and10news.com	60732	2026-07-04
9news.com	62857	2026-06-05
9news.com.au	107292	2026-05-31
9thlevel.ie	8248	2025-12-04
9to5mac.com	20891	2026-07-05
aa.com.tr	84328	2026-07-05
aaj.tv	6866	2025-10-27
aarp.org	13866	2026-07-03
aawsat.com	121241	2026-07-05
abajournal.com	10508	2026-07-05
abbynews.com	32134	2026-07-05
abc-7.com	25368	2025-02-05
abc.net.au	190247	2026-07-05
abc10.com	72693	2026-06-25
abc11.com	75860	2026-07-05
abc12.com	35702	2026-07-05
abc13.com	83874	2026-07-05
abc15.com	54013	2026-07-05
abc17news.com	106489	2026-07-05
abc23.com	10273	2026-07-02
abc30.com	66779	2026-07-05
abc3340.com	39828	2026-07-05
abc57.com	57801	2026-07-05
abc6.com	10148	2026-01-23
abc6onyourside.com	39134	2026-07-05
abc7.com	69588	2026-07-05
abc7amarillo.com	31243	2026-07-05
abc7chicago.com	96954	2026-07-05
abc7news.com	75877	2026-07-05
abc7ny.com	83058	2026-07-05
abcactionnews.com	47042	2025-08-18
abcaudio.com	5535	2026-06-09
abccolumbia.com	40746	2026-07-03
abcfoxmontana.com	10097	2020-03-03
abcnews.com	13565	2026-07-05
abcnews4.com	45586	2026-07-05
abcnewsradioonline.com	21946	2021-04-12
abebooks.co.uk	5398	2023-12-06
aberdeennews.com	16891	2023-09-11
abnnewswire.net	7256	2026-07-02
aboutmyarea.co.uk	7782	2026-06-14
abovethelaw.com	27419	2026-07-02
abplive.com	7280	2026-03-17
abqjournal.com	85215	2026-07-05
abs-cbn.com	45218	2025-02-12
abstvradio.com	8580	2026-07-02
accesswdun.com	132647	2026-05-26
accountantsdaily.com.au	6681	2026-07-05
accountingtoday.com	18564	2026-07-03
aceshowbiz.com	108714	2026-07-05
ack.net	7032	2026-07-05
acm.org	8233	2025-11-11
acrofan.com	16721	2024-06-05
acs.org	8265	2026-07-03
actionforex.com	41684	2026-07-04
actionnews5.com	19933	2026-07-05
actionnewsjax.com	41264	2026-07-05
actionnewsnow.com	17223	2026-03-19
actmedia.eu	16441	2026-07-03
actuarialpost.co.uk	6341	2026-07-03
adage.com	9058	2026-06-18
adb.org	5206	2026-07-03
adelaidenow.com.au	56534	2024-07-27
adgully.com	75824	2026-07-04
adirondackdailyenterprise.com	16924	2026-04-13
adn.com	45691	2026-07-05
adnews.com.au	11072	2026-07-05
adsoftheworld.com	7091	2022-05-07
advanced-television.com	16546	2026-07-03
advancedbiofuelsusa.info	14500	2023-07-26
advertiser.ie	5058	2026-07-04
advertisernewssouth.com	5158	2026-07-02
advisor.ca	10806	2026-07-04
advocate-news.com	17168	2026-07-05
advocate.com	8766	2026-07-04
advocateanddemocrat.com	29294	2026-07-05
adweek.com	31779	2026-07-03
aei.org	22581	2026-07-04
aero-news.net	92867	2026-07-05
aerospace-technology.com	5672	2024-11-14
aerotechnews.com	7705	2026-07-03
af.mil	23754	2025-02-27
afa.net	5012	2026-07-03
afaqs.com	13539	2026-07-05
afar.com	7464	2026-07-03
afghanislamicpress.com	5476	2026-07-05
afghanistannews.net	54467	2026-07-05
afghanistansun.com	51253	2026-07-05
afghanistantimes.af	5533	2022-02-18
afl.com.au	16179	2026-07-05
afloat.ie	22335	2026-06-28
afn.net	7605	2024-09-08
afr.com	150216	2026-07-05
afr.net	7924	2026-07-04
africa-newsroom.com	43268	2026-07-05
africa.com	24096	2026-07-05
africabusiness.com	6755	2026-07-03
africaintelligence.com	12164	2026-07-03
africaleader.com	98900	2026-07-05
african.business	13985	2025-12-02
africanews.com	44820	2026-07-05
africanexaminer.com	17742	2026-06-27
afro.com	7855	2026-07-05
afropages.fr	37473	2025-09-18
agassizharrisonobserver.com	41496	2026-07-05
agenda.ge	9624	2025-02-27
aginfo.net	22878	2026-07-05
agnews890.com	5705	2026-07-01
agreenliving.org	5844	2022-05-27
agri-pulse.com	6560	2026-07-05
agriculture.com	27864	2026-03-17
agriland.ie	45203	2026-01-13
agrinews-pubs.com	12870	2026-07-05
agupdate.com	17130	2026-07-04
agweek.com	12145	2026-07-04
agwired.com	8101	2026-07-05
ahram.org.eg	99325	2026-07-05
ai-cio.com	5377	2026-07-02
aidesep.org.pe	5933	2025-10-03
aikenstandard.com	5935	2023-06-19
ainonline.com	9961	2026-06-24
airdriecityview.com	43048	2025-01-23
airdrieecho.com	9093	2026-07-05
airdrietoday.com	18510	2023-05-11
airforce-technology.com	6839	2026-07-03
airforcetimes.com	9211	2026-07-05
airliners.net	10712	2026-04-23
airport-technology.com	6130	2026-07-03
ajc.com	73139	2026-07-05
ajmc.com	14664	2026-04-24
ajot.com	9918	2026-07-02
ajp.com.au	6170	2026-07-03
akp.gov.kh	22761	2026-07-05
akronnewsreporter.com	8192	2026-07-05
al-monitor.com	47794	2026-07-05
al.com	75487	2026-03-25
alabamanews.net	13758	2023-04-13
alabamawx.com	14666	2025-08-14
alamogordonews.com	6042	2026-07-03
alarabiya.net	20388	2025-12-05
alaraby.co.uk	8389	2022-11-16
alaska-native-news.com	8441	2026-07-04
alaskahighwaynews.ca	45396	2023-11-01
alaskapublic.org	8107	2026-07-03
alaskasnewssource.com	11761	2026-07-05
albanyherald.com	81229	2025-06-06
albawaba.com	71271	2026-07-05
alberta.ca	5439	2026-07-04
albuquerqueexpress.com	93571	2026-07-05
aldergrovestar.com	31843	2026-07-05
aldianews.com	8895	2026-07-03
aleteia.org	17713	2026-07-05
algemeiner.com	36477	2026-07-03
alice1077.com	10341	2026-07-05
alice965.com	14470	2026-07-03
alipac.us	32150	2026-07-05
aljazeera.com	119240	2026-07-05
allaboutthejersey.com	5305	2026-07-04
allaccess.com	12520	2024-11-05
allafrica.com	574137	2026-07-05
alleywatch.com	20938	2026-07-02
allhiphop.com	23071	2026-07-05
alligator.org	8654	2026-07-05
allkpop.com	60975	2026-07-05
allmediany.com	7207	2020-10-14
allthehitsb951.com	10097	2026-07-05
alltoc.com	8831	2026-04-15
allure.com	6755	2026-07-05
almanacnews.com	11771	2026-07-05
almanar.com.lb	11558	2026-01-24
almayadeen.net	5251	2025-01-26
alt1017.com	10060	2024-11-19
altaz933.com	7096	2026-07-03
alternet.org	30947	2026-07-05
altondailynews.com	9971	2021-06-21
altoonamirror.com	21318	2026-07-05
altpress.com	9018	2025-01-23
am-online.com	20323	2025-12-12
am1050.com	7241	2024-08-08
am1070theanswer.com	5920	2024-05-17
am1100theflag.com	18222	2026-06-10
am1590theanswer.com	6050	2022-07-01
am920theanswer.com	5919	2024-05-17
am9501007fm.com	27723	2026-06-08
am970theanswer.com	5919	2024-05-17
amarillo.com	9981	2023-09-11
amarillosrockstation.com	9121	2026-07-05
amarujala.com	148264	2026-06-15
amazinavenue.com	8464	2026-07-05
amazingmadison.com	26439	2026-07-02
americamagazine.org	14772	2026-07-04
americanbanker.com	25817	2026-07-03
americanbazaaronline.com	8628	2026-07-05
americanfreepress.net	10087	2026-06-11
americanisraelite.com	7047	2026-06-30
americanpress.com	26949	2026-07-05
americansongwriter.com	47272	2026-07-05
americanthinker.com	50121	2026-07-05
americantop40.com	13699	2026-07-05
amestrib.com	8559	2023-09-11
amherstbulletin.com	5066	2026-07-02
ammonnews.net	13989	2026-07-05
amny.com	19961	2026-07-05
amren.com	20309	2026-07-05
amsterdamnews.com	9898	2026-07-03
analystratings.com	5117	2021-04-29
anandabazar.com	12880	2023-08-22
ancient-origins.net	20095	2026-07-05
andhrawishesh.com	6851	2026-05-02
andina.pe	10818	2025-04-22
andoveradvertiser.co.uk	105070	2026-07-05
androidauthority.com	20091	2026-07-05
androidcentral.com	38180	2026-07-05
androidcommunity.com	6682	2022-02-03
androidpolice.com	37250	2026-07-05
angelusnews.com	5235	2026-07-04
anglocelt.ie	46026	2026-07-05
angop.ao	7651	2025-01-03
anhuinews.com	17821	2026-07-03
animenewsnetwork.com	59865	2025-09-07
aninews.in	542834	2026-07-05
annistonstar.com	25810	2026-07-05
ansa.it	14563	2026-07-03
ansamed.info	9391	2023-03-13
antaranews.com	71818	2026-07-05
antigojournal.com	32657	2026-07-05
antiwar.com	22019	2026-07-05
antonyloewenstein.com	6517	2026-07-05
aol.co.uk	233305	2026-07-05
aol.com	275974	2026-07-05
ap.org	20431	2026-06-04
apartmenttherapy.com	14278	2026-04-26
apnews.com	386275	2025-03-05
app.com	16834	2023-09-11
app.com.pk	33134	2026-04-24
appeal-democrat.com	19395	2026-07-03
applevalleynewsnow.com	8594	2026-07-05
apr.org	32087	2026-07-05
aps.dz	13020	2026-07-05
aqha.com	5136	2026-03-27
arabherald.com	110513	2026-07-05
arabianbusiness.com	34763	2026-01-29
arabnews.com	164507	2026-07-05
arabtimesonline.com	47643	2026-07-05
araratadvertiser.com.au	23470	2026-07-05
archaeology.org	5510	2026-07-03
archdaily.com	82587	2026-07-05
archinect.com	42032	2026-07-05
architectsjournal.co.uk	18371	2026-07-04
architecturaldigest.com	8516	2026-07-04
architectureanddesign.com.au	19232	2026-07-03
archyde.com	14291	2025-01-27
ardmoreite.com	5642	2026-06-25
areadevelopment.com	6735	2026-07-05
areanews.com.au	48439	2026-07-05
argentinastar.com	35726	2026-07-05
argus-press.com	11458	2026-07-05
argusleader.com	11421	2023-09-10
argusmedia.com	7335	2026-07-05
argusobserver.com	14839	2026-07-03
argyllshireadvertiser.co.uk	5460	2024-01-25
ariananews.af	18493	2026-07-05
arirang.co.kr	11819	2022-10-11
arirang.com	11761	2022-10-11
arizona.edu	6941	2026-06-15
arizonadailyindependent.com	11685	2026-07-05
arka.am	10088	2026-07-03
arkansasbusiness.com	16124	2026-03-11
arkansasonline.com	168947	2026-07-05
arkansasrazorbacks.com	8234	2026-07-02
arktimes.com	20102	2026-07-04
arlnow.com	27715	2026-07-05
armenianweekly.com	6388	2026-07-03
armenpress.am	85985	2025-06-04
armidaleexpress.com.au	52365	2026-07-05
armstrongeconomics.com	10812	2026-07-05
army-technology.com	8445	2026-07-03
army.mil	5081	2026-06-18
armytimes.com	9940	2026-07-05
arn.ps	12606	2026-07-05
arnnet.com.au	17997	2026-07-03
arrowheadaddict.com	6408	2026-07-05
arrowheadpride.com	14900	2026-07-05
arsenal.com	13996	2026-07-04
arsenalnews.co.uk	59502	2026-07-05
arstechnica.com	13967	2026-07-05
artdaily.com	47096	2026-07-05
artemis.bm	6025	2026-07-03
artfixdaily.com	6664	2025-11-18
artnet.com	19014	2026-07-05
artnews.com	8721	2026-07-05
artsjournal.com	9705	2026-07-05
arynews.tv	28301	2026-06-29
as.com	10088	2026-03-19
asahi.com	43875	2026-07-05
asbarez.com	6719	2026-07-05
ashepostandtimes.com	13648	2026-07-03
ashleycountyledger.com	30414	2026-07-04
asiaasset.com	5916	2026-07-05
asiabulletin.com	95875	2026-07-05
asianage.com	35396	2026-07-04
asianews.it	14966	2026-07-04
asianews.network	27165	2026-07-03
asianimage.co.uk	81335	2026-07-05
asianjournal.com	11645	2026-07-04
asiaone.com	144661	2026-07-05
askmen.com	5934	2026-06-04
aspendailynews.com	49756	2026-07-05
aspenpublicradio.org	45324	2026-07-05
aspentimes.com	20854	2026-07-05
astanatimes.com	8826	2026-07-05
astroawani.com	7022	2025-11-17
astronomy.com	6105	2026-07-04
asurampage.com	6045	2026-07-02
at40.com	6095	2021-10-15
athens-times.com	102849	2026-07-05
athensmessenger.com	8807	2026-07-04
athensreview.com	18933	2026-07-04
athleticsnation.com	5343	2026-07-05
atholdailynews.com	20368	2026-07-05
atlantablackstar.com	28181	2026-06-04
atlantaleader.com	15425	2026-07-05
atlantanewsfirst.com	27063	2026-07-05
atlantic.ctvnews.ca	32788	2025-01-23
atlanticcouncil.org	8304	2026-07-03
attackofthefanboy.com	20026	2026-07-05
attitude.co.uk	6965	2026-07-04
atvtoday.co.uk	19052	2026-07-05
auburnpub.com	65276	2026-07-05
augustafreepress.com	37985	2026-07-05
austinchronicle.com	31198	2026-07-05
austinglobe.com	85744	2026-07-05
australianherald.com	38341	2026-07-05
australiannews.net	76356	2026-07-05
autoblog.com	23954	2026-06-28
autocarindia.com	19915	2026-07-05
autoconnectedcar.com	5785	2026-07-05
autoevolution.com	85876	2026-05-10
autoexpress.co.uk	16742	2026-07-05
autonews.com	18592	2026-06-18
autoremarketing.com	5984	2026-06-30
autospies.com	24000	2026-07-05
autoweek.com	12870	2026-07-05
avclub.com	26821	2026-05-14
avenuemail.in	19686	2026-07-05
averyjournal.com	11119	2026-07-05
avherald.com	5935	2026-07-05
aviationweek.com	19930	2026-07-03
avn.com	11622	2026-07-03
avondhupress.ie	5475	2026-07-05
avweb.com	7464	2026-07-03
awesome98.com	29843	2026-07-05
awfulannouncing.com	28447	2026-07-05
awn.com	8808	2026-07-02
axios.com	16472	2024-06-05
axisoflogic.com	6291	2022-07-23
axs.com	10667	2025-01-20
azbigmedia.com	12815	2026-07-05
azbusinessdaily.com	9052	2024-01-25
azcapitoltimes.com	7779	2026-07-04
azcardinals.com	5041	2026-07-03
azcentral.com	69880	2023-09-11
azdailysun.com	49228	2026-07-05
azerbaijannews.net	61826	2026-07-05
azernews.az	56383	2026-07-05
azertag.az	46217	2026-06-23
azfamily.com	49273	2026-07-05
azocleantech.com	8933	2026-07-03
azom.com	15443	2026-07-03
azonano.com	5761	2026-07-03
azorobotics.com	5015	2026-07-02
azpbs.org	6943	2026-07-02
azsnakepit.com	7124	2026-07-05
b100quadcities.com	28893	2026-07-05
b1027.com	27969	2026-07-05
b1039.com	17884	2026-04-17
b1047.com	5430	2026-07-04
b105country.com	14997	2026-07-04
b106fm.com	8654	2026-07-05
b92.net	11267	2026-07-03
b93.net	29102	2026-07-05
b93radio.com	17435	2026-07-05
b975.com	10913	2026-07-05
b97hawaii.com	6878	2026-07-02
b98.com	9712	2026-07-05
b985.com	10986	2026-07-05
b985.fm	32634	2026-07-05
b987.com	6095	2026-07-05
badlefthook.com	11563	2026-07-05
baguiomidlandcourier.com.ph	5491	2024-07-30
baidu.com	49321	2026-07-05
bainbridgereview.com	5232	2026-07-03
bakercityherald.com	7715	2026-07-03
bakersfield.com	94055	2026-07-05
bakersfieldnow.com	37276	2026-07-05
bakeryinfo.co.uk	5136	2025-09-05
balkaninsight.com	6742	2026-07-03
ballinaadvocate.com.au	34874	2021-04-28
balloon-juice.com	20047	2026-03-11
ballot-access.org	7140	2026-07-05
baltic-course.com	5550	2026-04-04
baltictimes.com	18034	2026-07-02
baltimorebeatdown.com	7169	2026-07-05
baltimoreravens.com	8641	2026-07-03
baltimorestar.com	99392	2026-07-05
baltimoresun.com	134913	2026-07-05
bamsmackpow.com	6007	2026-07-05
banana1015.com	28692	2026-07-05
banburycake.co.uk	41634	2023-03-07
banburyguardian.co.uk	14854	2025-01-23
bandt.com.au	18193	2026-07-05
bangkokpost.com	149507	2026-07-05
bangladeshinfo.com	12248	2025-06-14
bangladeshsun.com	67368	2026-07-05
banglamirrornews.com	23689	2026-06-08
banglanews24.com	5026	2025-10-28
bangordailynews.com	51623	2026-07-05
bankerandtradesman.com	13383	2026-07-05
bankinfosecurity.com	15557	2026-07-05
bankingnews.gr	5394	2026-07-05
banklesstimes.com	11389	2026-07-05
banksnews.gr	10591	2025-07-24
baptistnews.com	7031	2026-07-04
barandbench.com	33098	2026-07-05
barbadostoday.bb	40951	2026-07-05
barcablaugranes.com	17102	2026-07-05
baristanet.com	5189	2023-08-22
barnsleychronicle.com	5523	2025-10-16
barrie.ctvnews.ca	20049	2025-01-23
barrons.com	76655	2026-06-18
barryanddistrictnews.co.uk	91794	2026-07-05
bartlesvilleradio.com	38442	2026-07-05
basildonstandard.co.uk	30362	2021-03-11
basingstokegazette.co.uk	111602	2026-07-05
bassresource.com	5177	2025-04-17
batemansbaypost.com.au	70291	2026-07-05
batonrougepost.com	47132	2026-07-05
baxterbulletin.com	9190	2026-07-05
bay939.com.au	5707	2026-07-05
baylorlariat.com	6002	2026-06-23
baynews9.com	8028	2026-07-05
bayshorebroadcasting.ca	14115	2026-07-05
baystreet.ca	37353	2026-07-05
baytownsun.com	19147	2026-07-04
bbc.co.uk	335851	2026-07-05
bbc.com	213003	2026-07-05
bbj.hu	9401	2025-10-20
bc.ctvnews.ca	35669	2025-01-23
bcdemocrat.com	7924	2025-07-02
bchomez.com	33410	2026-07-05
bclocalnews.com	7159	2020-04-07
bctv.org	5354	2026-07-03
bdnews24.com	65821	2025-11-13
bdonline.co.uk	9209	2025-09-05
bdtonline.com	60573	2026-07-05
beach951.com	16234	2026-07-02
bear104.com	13459	2026-07-05
bearingarms.com	20151	2026-07-05
beat.com.au	16527	2026-06-04
beat102103.com	8427	2026-07-02
beatricedailysun.com	52281	2026-07-05
beaufortcountynow.com	16200	2026-07-05
beaumontenterprise.com	67505	2025-11-18
beaver1003.com	8466	2026-07-02
beckersspine.com	7378	2026-07-02
bedfordgazette.com	18380	2026-07-05
bedfordtoday.co.uk	15205	2025-01-23
beefmagazine.com	5014	2025-01-01
begadistrictnews.com.au	59536	2026-07-05
behindthesteelcurtain.com	17122	2026-07-05
beijingbulletin.com	110012	2026-07-05
belfastlive.co.uk	106310	2026-07-05
belfasttelegraph.co.uk	131950	2026-02-16
belgrade-news.com	5821	2026-07-02
bellanaija.com	11245	2026-07-05
belmondnews.com	5764	2026-01-26
beloitdailynews.com	36316	2026-07-05
bemidjipioneer.com	38272	2026-07-05
benarnews.org	5320	2025-09-02
bendbulletin.com	50075	2026-07-05
bendigoadvertiser.com.au	64609	2026-07-05
bendsource.com	13552	2026-07-05
benefitscanada.com	7033	2026-07-03
beniciaindependent.com	5280	2026-07-05
benningtonbanner.com	46958	2026-07-05
benzinga.com	338439	2026-07-05
berkeley.edu	5345	2026-07-04
berkshireeagle.com	70728	2026-07-05
berksmontnews.com	5896	2021-08-26
bernama.com	21124	2026-03-19
bernews.com	27972	2026-07-05
bestmediainfo.com	23838	2026-07-05
bet.com	21736	2026-07-02
betakit.com	6476	2026-07-03
betanews.com	14454	2026-01-15
bethesdamagazine.com	9898	2026-07-04
bevnet.com	19188	2026-07-03
bexhillobserver.net	5028	2022-02-09
bgdailynews.com	66410	2026-07-05
bgnes.com	7608	2026-07-05
bgr.com	27293	2026-07-05
bgr.in	20873	2023-01-29
bhaskar.com	5167	2026-07-02
bhg.com	12912	2026-03-17
bhpioneer.com	33671	2026-07-05
bianet.org	17595	2026-07-05
biblestudytools.com	5862	2026-07-04
bicesteradvertiser.net	124644	2026-07-05
big104fm.com	7579	2026-04-24
bigblueview.com	17362	2026-07-05
bigcountry1073.com	5791	2026-07-05
bigcountry969.com	24228	2026-07-05
bigcountry995.com	50899	2026-06-30
bigfrog104.com	35868	2026-07-05
biggleswadetoday.co.uk	9031	2025-01-23
bigislandnow.com	9500	2026-07-05
bigissue.com	10003	2026-07-03
bignewsnetwork.com	861515	2026-07-05
bigoven.com	10139	2026-07-05
bigrigs.com.au	10236	2026-06-25
bigtakeover.com	5244	2025-08-22
bikebiz.com	5847	2026-07-03
bikeportland.org	6559	2026-06-17
bikeradar.com	7775	2026-07-05
bilkulonline.com	8932	2026-07-05
billboard.com	77256	2026-07-05
billingsgazette.com	78636	2026-07-05
billoreilly.com	13068	2026-07-03
binnews.com	24565	2026-07-03
biodiversitylibrary.org	16519	2026-02-24
biofuelsdigest.com	15476	2025-01-23
biomassmagazine.com	8807	2026-07-04
biometricupdate.com	15076	2026-07-04
biopharmadive.com	7151	2026-07-02
bioprepwatch.com	17621	2026-04-10
biospace.com	7263	2026-02-19
biospectrumindia.com	13694	2026-06-05
birminghammail.co.uk	298128	2026-07-05
birminghamstar.com	25450	2026-07-05
birminghamtimes.com	7610	2026-07-04
bismarcktribune.com	61881	2026-07-05
bizcommunity.com	66351	2026-07-03
bizenglish.adaderana.lk	6999	2026-02-24
bizjournals.com	49218	2022-06-19
biznews.com	17924	2026-07-05
bizpacreview.com	42842	2023-09-06
biztimes.com	15257	2026-07-02
biztoc.com	1997950	2026-01-16
bizwest.com	12014	2026-07-05
bjpenn.com	31683	2026-07-05
bjreview.com	30755	2026-07-03
bjreview.com.cn	17441	2026-07-03
bkreader.com	7832	2026-07-05
blabbermouth.net	16050	2026-07-02
blackamericaweb.com	14656	2026-07-05
blackandteal.com	6098	2026-07-05
blackenterprise.com	37712	2026-07-05
blackhillsfox.com	13340	2024-07-01
blacklistednews.com	9929	2024-08-07
blackpoolgazette.co.uk	23696	2025-01-23
blackseagrain.net	7057	2022-02-09
blayneychronicle.com.au	51365	2026-07-05
blazersedge.com	12524	2026-07-04
blazin1023.com	6050	2026-07-05
bleachernation.com	41095	2025-03-05
bleacherreport.com	63461	2026-07-05
bleedcubbieblue.com	14403	2026-07-05
bleedingcool.com	109399	2026-07-05
bleedinggreennation.com	12014	2026-07-05
blessyouboys.com	5976	2026-07-05
blingee.com	5682	2024-06-04
blockislandtimes.com	5481	2026-07-04
bloggingdirty.com	5666	2026-07-05
bloggingtheboys.com	20010	2026-07-05
blogherald.com	5700	2026-07-02
blogspot.com	5331	2026-07-05
blogto.com	32315	2026-07-04
bloodhorse.com	31621	2026-07-05
bloodyelbow.com	28845	2025-10-06
blooloop.com	11589	2026-07-03
bloomberg.com	168406	2026-06-22
bloombergquint.com	20998	2022-05-05
bluebirdbanter.com	6049	2026-07-05
bluemountaineagle.com	23840	2026-07-03
bluemountainsgazette.com.au	60576	2026-07-05
bluenc.com	5047	2026-06-30
blueprint.ng	87832	2026-07-05
blueridgenow.com	8748	2023-09-11
blueshirtbanter.com	5193	2026-07-05
blufftonicon.com	12030	2026-07-05
bmj.com	33556	2025-11-26
bmmagazine.co.uk	8533	2026-07-05
bmwblog.com	9541	2026-07-05
bnamericas.com	16560	2026-03-31
bnd.com	5862	2024-07-27
bnn-news.com	13351	2026-07-03
bnnbloomberg.ca	256583	2026-07-05
bobfm.co.uk	10030	2026-07-03
bocanewsnow.com	5758	2026-07-05
boersennews.de	6894	2026-06-19
bognor.co.uk	5973	2022-02-10
boingboing.net	31360	2026-07-05
boisestatepublicradio.org	34816	2026-07-03
bold.dk	10122	2026-07-03
bolivarmonews.com	5189	2026-06-30
bollywoodhungama.com	49797	2026-07-05
bollywoodlife.com	8083	2026-02-16
bollywoodmantra.com	5165	2023-06-01
bolnews.com	8267	2025-12-08
bonappetit.com	6334	2026-07-05
bondbuyer.com	14538	2026-07-02
boom1019.com	6592	2026-06-18
boom997.com	6626	2026-06-23
boorowanewsonline.com.au	17464	2026-07-02
boothbayregister.com	31603	2026-07-05
bordermail.com.au	96718	2026-07-05
bordertelegraph.com	96115	2026-07-05
borderwatch.com.au	7562	2026-05-05
boredpanda.com	373459	2026-07-05
borehamwoodtimes.co.uk	111924	2026-07-05
borgenproject.org	5460	2026-07-05
borneobulletin.com.bn	79107	2025-04-28
boston.com	65660	2026-07-05
bostonglobe.com	143599	2026-07-05
bostonherald.com	57311	2026-07-05
bostonstar.com	108738	2026-07-05
bournemouthecho.co.uk	161377	2026-07-05
bowenislandundercurrent.com	61387	2025-09-05
boxden.com	78610	2024-10-17
boxinginsider.com	5537	2026-07-05
boxingnews24.com	12448	2026-07-05
boxingnewsonline.net	11063	2026-07-05
bozemandailychronicle.com	156548	2026-07-05
bozemanskissfm.com	14883	2026-07-02
bozone.com	14009	2026-07-05
bpr.org	23840	2023-01-31
bracknellnews.co.uk	100240	2026-07-05
bradfordera.com	73685	2026-07-05
braidwoodtimes.com.au	50867	2026-07-05
brainerddispatch.com	57002	2026-07-05
braintreeandwithamtimes.co.uk	132889	2026-07-05
bramptonguardian.com	12325	2026-07-05
brandonsun.com	66820	2026-07-05
bransontrilakesnews.com	46511	2026-07-05
brantfordexpositor.ca	42881	2026-07-05
bravenewcoin.com	10198	2026-07-05
bravotv.com	9607	2026-07-04
brazilsun.com	49182	2026-07-05
breakingbelizenews.com	7788	2026-03-19
breakingdefense.com	13495	2026-07-02
breakingnews.ie	105338	2026-07-05
breakingtravelnews.com	13060	2023-08-26
brecorder.com	74251	2026-02-23
breitbart.com	288327	2026-07-05
brentwoodlive.co.uk	111990	2026-07-05
bridgemi.com	10915	2026-07-05
bridgwatermercury.co.uk	96385	2026-07-05
bridportnews.co.uk	102417	2026-07-05
briefingwire.com	79976	2026-07-05
brightonandhovenews.org	10372	2026-07-05
brightontoday.ca	8854	2026-07-04
brightsideofthesun.com	8517	2026-07-05
bringmethenews.com	15509	2023-09-18
brisbanetimes.com.au	233954	2026-07-05
bristol247.com	10749	2025-11-19
bristolpost.co.uk	127312	2026-07-05
britainnews.net	65440	2026-07-05
britannica.com	21901	2025-11-12
broadbandtvnews.com	6237	2026-06-17
broadcastnow.co.uk	13529	2025-09-04
broadwayworld.com	55810	2026-05-08
brobible.com	14371	2026-07-05
brokernews.com.au	7070	2026-07-03
bromsgroveadvertiser.co.uk	108197	2026-07-05
bromsgrovestandard.co.uk	14651	2026-07-05
brookingsradio.com	22081	2026-06-29
brooklyneagle.com	13842	2026-07-03
brooklynpaper.com	8785	2026-07-05
brooklynvegan.com	36404	2026-07-05
broomfieldenterprise.com	12459	2026-07-05
browndailyherald.com	7364	2026-07-03
brownsvilleherald.com	16485	2021-03-17
brownwoodnews.com	17435	2026-07-05
brudirect.com	25148	2026-07-05
bruneinews.net	76305	2026-07-05
bryantimes.com	56346	2026-07-05
bssnews.net	151202	2026-07-05
bu.edu	6118	2026-07-02
bubblear.com	10720	2026-07-05
buccaneers.com	6377	2026-07-03
buckscountycouriertimes.com	10343	2023-01-24
bucksfreepress.co.uk	120046	2026-07-05
bucksherald.co.uk	12536	2025-01-23
bucksinsider.com	8440	2026-07-05
bucyrustelegraphforum.com	5927	2023-09-11
budapesttimes.hu	10448	2026-07-05
buenosairesherald.com	5213	2026-07-05
buffalobulletin.com	11341	2026-07-03
buffalonews.com	138542	2026-07-05
buffalorising.com	5806	2026-07-04
buildersmerchantsnews.co.uk	5457	2026-07-03
building.co.uk	13478	2025-09-05
bulawayo24.com	60898	2026-07-05
bulgariagazette.com	6870	2025-09-26
bulletsforever.com	7087	2026-07-05
bunburymail.com.au	102180	2026-07-05
bundesliga.com	7445	2026-07-05
burlingtoncountytimes.com	11222	2023-09-11
burlingtonfreepress.com	5470	2023-09-11
burnabynow.com	71750	2025-08-01
burnham-on-sea.com	16663	2026-07-05
burnhamandhighbridgeweeklynews.co.uk	93090	2026-07-05
burnleyexpress.net	21025	2025-01-23
burntorangenation.com	7110	2026-07-04
bursa.ro	5727	2026-07-05
burytimes.co.uk	158108	2026-07-05
business-humanrights.org	10709	2026-06-30
business-review.eu	17626	2026-07-03
business2community.com	14758	2026-07-02
businessdailyafrica.com	40270	2026-07-05
businessday.co.za	9478	2026-07-05
businessdayghana.com	7491	2026-07-05
businessden.com	5180	2026-07-02
businessghana.com	143453	2026-07-05
businessgreen.com	18185	2026-07-05
businessincameroon.com	6488	2026-07-04
businessinsider.co.za	8106	2023-02-28
businessinsider.com	345838	2026-07-05
businessinsider.com.au	24044	2023-10-12
businessinsider.in	71647	2025-01-13
businessinsurance.com	9342	2026-07-03
businesslive.co.za	10121	2025-10-13
businessmirror.com.ph	121961	2025-05-14
businessnorth.com	9256	2026-06-30
businessoffashion.com	15909	2026-06-29
businesspost.ie	34503	2026-07-05
businessrecord.com	20810	2024-01-04
businessreport.com	7755	2026-07-05
businesstech.co.za	9105	2022-09-28
businesstimes.com.sg	75913	2026-07-05
businesstoday.in	163552	2026-07-05
businesstraveller.com	10762	2025-01-23
businesstravelnewseurope.com	7049	2026-04-06
businesswire.com	90653	2023-04-18
businesswireindia.com	12266	2026-05-18
businessworld.in	33404	2026-07-05
butlereagle.com	55902	2026-07-05
buxtonadvertiser.co.uk	12680	2025-01-23
buzzfeed.com	85955	2026-07-05
buzzfeednews.com	7389	2026-01-01
bworldonline.com	86046	2026-07-05
bxr.com	9024	2026-07-05
byronnews.com.au	34848	2021-04-28
byu.edu	5996	2026-07-03
c-mw.net	6220	2026-07-03
c21media.net	26030	2026-07-03
cachevalleydaily.com	17139	2026-07-05
cadforum.cz	13410	2026-07-05
cadillacnews.com	31924	2026-07-05
cagesideseats.com	41166	2026-07-05
cagle.com	21449	2025-01-23
cairnspost.com.au	240189	2026-07-05
cairoscene.com	21836	2026-07-05
caixinglobal.com	24303	2026-06-08
cajnewsafrica.com	6408	2026-07-05
cajunradio.com	15605	2026-07-05
calcoastnews.com	8307	2026-07-05
calculatedriskblog.com	14512	2026-01-12
calcuttanews.net	154339	2026-07-05
caledoncitizen.com	5767	2026-07-02
caledonenterprise.com	5323	2026-07-05
caledoniacourier.com	25794	2026-07-05
caledonianrecord.com	173145	2026-07-05
calgary.ctvnews.ca	30489	2025-01-23
calgaryherald.com	49922	2026-07-05
calgarysun.com	70441	2026-07-05
californianewswire.com	7865	2026-07-02
californiatelegraph.com	146524	2026-07-05
caller.com	7121	2023-09-11
callnewspapers.com	5334	2026-07-02
cambodiantimes.com	146683	2026-07-05
cambrian-news.co.uk	19925	2026-07-05
cambridge-news.co.uk	73170	2026-07-05
cambridge.org	7026	2026-03-01
cambridgetimes.ca	9160	2026-07-05
cambstimes.co.uk	38721	2026-07-05
camdencourier.com.au	50074	2026-07-05
cameroon-tribune.cm	14236	2026-07-05
campaignasia.com	8276	2026-07-03
campaignbrief.com	14038	2026-07-03
campaignindia.in	10013	2026-07-03
campaignlive.co.uk	25984	2026-06-25
campaignseries.co.uk	10186	2023-02-07
campbellrivermirror.com	31210	2026-07-05
campbeltowncourier.co.uk	5717	2024-01-25
campusreform.org	7013	2026-01-05
canada.com	38389	2026-07-05
canadafreepress.com	33147	2025-07-27
canadiancattlemen.ca	6440	2026-07-05
canadianinquirer.net	15988	2026-07-05
canadianlawyermag.com	6336	2026-07-03
canadianmanufacturing.com	8806	2026-07-03
canadianminingjournal.com	9359	2026-07-04
canadianreviewer.com	8897	2026-07-02
canadianunderwriter.ca	6489	2026-07-04
canberratimes.com.au	119118	2026-07-05
cancertherapyadvisor.com	7355	2026-07-01
candgnews.com	14036	2026-07-03
canindia.com	45226	2025-11-20
canoncitydailyrecord.com	25348	2026-07-05
canowindranews.com.au	25736	2024-09-09
cantechletter.com	20754	2026-05-12
cantondailyledger.com	5834	2023-09-10
cantonrep.com	17009	2023-09-11
canyon-news.com	11335	2026-07-05
capeandislands.org	39087	2026-07-05
capebretonpost.com	23307	2020-11-12
capecod.com	12856	2026-07-05
capecodtimes.com	12400	2023-09-11
capegazette.com	20535	2026-01-06
capenews.net	14331	2026-07-05
capetalk.co.za	25547	2024-01-15
capitalethiopia.com	14580	2026-07-05
capitalfm.co.ke	57451	2026-06-15
capitalfm.com	9807	2026-07-04
capitalgazette.com	78083	2026-07-05
capitalpress.com	17216	2026-07-03
capitolfax.com	17294	2026-07-04
capitolhillseattle.com	5959	2026-02-16
capjournal.com	17370	2026-07-05
capradio.org	38612	2026-07-03
captivasanibel.com	12163	2026-07-02
carandbike.com	12193	2026-07-05
caranddriver.com	11100	2026-07-05
carbon-pulse.com	17777	2025-08-13
carbuzz.com	50618	2026-07-05
cardinalcourieronline.com	10292	2026-02-05
careerindia.com	9269	2026-06-26
caribbeanherald.com	59456	2026-07-05
caribjournal.com	6396	2026-07-05
carletonvilleherald.com	12062	2023-10-11
carlow-nationalist.ie	60640	2026-07-05
carlyleobserver.com	30710	2021-07-29
carmagazine.co.uk	5223	2026-07-03
carnegieendowment.org	5310	2026-07-02
carnewschina.com	5856	2026-07-05
carolinacoastonline.com	26474	2026-07-05
carolinajournal.com	10521	2026-07-03
carrollspaper.com	39454	2026-07-05
carscoops.com	52242	2026-07-05
carsguide.com.au	6540	2025-03-31
carsonnow.org	133793	2026-07-05
cartermatt.com	27960	2026-05-08
cartoonbrew.com	5010	2026-07-02
casino.org	6838	2026-07-05
castanet.net	188887	2023-11-21
castanetkamloops.net	69929	2026-07-05
castlegarsource.com	6146	2026-06-30
catcountry1029.com	17214	2026-07-04
catcountry1073.com	50278	2026-07-05
catholic.org	9621	2026-06-29
catholicculture.org	28854	2026-07-04
catholicnewsagency.com	11036	2026-01-23
catholicphilly.com	8613	2026-07-03
catholicregister.org	7353	2026-07-04
catholicworldreport.com	32339	2026-07-05
caughtoffside.com	48416	2026-07-05
cavalierdaily.com	9380	2026-07-04
cbc.bb	19259	2026-07-05
cbc.ca	368264	2026-07-05
cbn.com	24788	2026-07-05
cbr.com	25341	2023-10-27
cbs12.com	42751	2026-07-05
cbs19.tv	57735	2026-06-06
cbs2iowa.com	39631	2026-07-05
cbs46.com	9757	2022-03-01
cbs4indy.com	5543	2024-08-20
cbs4local.com	39501	2026-07-05
cbs58.com	74524	2026-07-05
cbs6albany.com	39174	2026-07-05
cbs7.com	10489	2024-08-12
cbs8.com	55118	2026-06-05
cbsnews.com	208361	2026-07-05
ccenterdispatch.com	18399	2026-03-06
ccm.net	10814	2025-04-02
cdapress.com	22471	2026-07-05
cdispatch.com	19034	2026-07-04
cecildaily.com	18317	2026-07-05
cei.int	6430	2026-07-05
celebdirtylaundry.com	47737	2026-07-05
celebuzz.com	5937	2026-06-26
cemnet.com	10788	2026-07-03
centralasiatimes.com	32163	2026-07-05
centralchronicle.com	29979	2026-03-24
centraljersey.com	19200	2025-05-26
centralmaine.com	96635	2026-07-05
centralmoinfo.com	31785	2026-07-05
centraltelegraph.com.au	20824	2020-06-29
centralwesterndaily.com.au	62095	2026-07-05
centreforaviation.com	23880	2026-07-03
cessnockadvertiser.com.au	58137	2026-07-05
cfnrfm.ca	9645	2026-07-02
cfox.com	10905	2026-06-29
cfr.org	7911	2026-07-03
cfweradio.ca	6644	2026-07-04
cgtn.com	15100	2025-08-27
chad.co.uk	20199	2025-01-23
chaffeecountytimes.com	7998	2026-07-04
chalkbeat.org	8128	2026-07-02
championnewspapers.com	6058	2026-07-05
channel3000.com	130558	2026-07-05
channel4.com	20002	2026-07-05
channel5belize.com	19313	2025-05-24
channelafrica.co.za	13501	2026-07-05
channeleye.co.uk	5515	2024-08-12
channelnewsasia.com	175150	2026-07-05
channelstv.com	87427	2026-06-10
channelweb.co.uk	5809	2025-04-17
chapelboro.com	20147	2026-06-24
chardandilminsternews.co.uk	93760	2026-07-05
charismamag.com	18512	2023-07-17
charismanews.com	12185	2025-08-02
charkoosta.com	6497	2026-07-03
charlestoncitypaper.com	8137	2026-07-05
charlotteobserver.com	9913	2024-07-31
charter97.org	70754	2026-03-02
chathamdailynews.ca	45924	2026-07-05
chathamstartribune.com	10739	2026-07-05
chathamthisweek.com	37069	2026-03-13
chattanoogan.com	80333	2026-07-05
chattooga1180.com	11609	2026-07-05
chch.com	21306	2026-07-05
cheatsheet.com	28644	2026-03-18
cheboygannews.com	5551	2023-09-10
cheknews.ca	17923	2026-07-05
chelmsfordweeklynews.co.uk	112853	2026-07-05
chemeurope.com	7777	2026-07-03
chennaionline.com	16718	2026-07-04
cherokeephoenix.org	8428	2026-07-05
chessbase.com	10118	2026-07-05
chesterstandard.co.uk	151214	2026-07-05
chiangraitimes.com	22560	2026-07-05
chicagobusiness.com	22331	2026-06-18
chicagocrusader.com	8211	2026-07-05
chicagonow.com	9019	2022-08-18
chicagotribune.com	157860	2026-07-05
chichester.co.uk	7095	2022-02-10
chickashanews.com	6082	2026-07-05
chicoer.com	22554	2026-07-05
chieftain.com	9189	2023-09-11
chilecomparte.cl	24166	2026-07-05
chimpreports.com	14127	2026-07-05
china.org.cn	182360	2026-07-05
chinadaily.com.cn	580629	2026-07-05
chinadailyhk.com	10481	2025-01-27
chinadigitaltimes.net	8017	2026-06-05
chinafile.com	8457	2026-06-25
chinamil.com.cn	20925	2026-07-05
chinanationalnews.com	149148	2026-07-05
chinatechnews.com	8117	2026-07-05
chinaview.cn	30639	2026-03-19
chinookobserver.com	7788	2026-07-05
chipchick.com	22481	2026-07-05
chippewa.com	57847	2026-07-05
chorleycitizen.co.uk	18568	2023-02-07
chortle.co.uk	17310	2026-07-05
chosun.com	17595	2024-09-12
chrisd.ca	7522	2026-07-05
christianitydaily.com	5026	2026-07-04
christianitytoday.com	10449	2026-07-04
christiannewswire.com	6399	2026-07-04
christianpost.com	71224	2026-07-05
christiantoday.com	5038	2026-07-05
chron.com	549721	2025-11-18
chronicle-tribune.com	10327	2026-07-05
chronicle.co.zw	47194	2025-01-23
chronicle.com	5109	2025-11-18
chronicle.gi	7306	2026-03-17
chronicle.lu	33504	2026-07-05
chroniclejournal.com	67381	2026-07-05
chroniclelive.co.uk	130063	2026-07-05
chronicleonline.com	74819	2026-07-05
chronicletimes.com	5460	2026-07-05
chronline.com	35470	2026-07-05
chronogram.com	7430	2026-07-05
chvnradio.com	24901	2026-07-05
cincinnati.com	30235	2024-10-21
cincinnatimagazine.com	5623	2026-07-03
cincinnatisun.com	42479	2026-07-05
cincyjungle.com	13858	2026-07-05
cinemablend.com	83401	2026-07-05
cineuropa.net	5310	2022-08-20
cineuropa.org	28824	2026-03-27
cio.com	12010	2026-01-20
circlevilleherald.com	6444	2026-07-04
cisnfm.com	10126	2026-06-11
cities929.com	14503	2026-07-05
citizen-times.com	8165	2023-09-11
citizen.co.za	97181	2026-07-05
citizen.digital	7318	2026-02-22
citizen.on.ca	6317	2026-07-02
citizensvoice.com	54550	2026-07-05
citr.ca	5040	2025-11-02
city-countyobserver.com	15742	2026-01-31
cityam.com	59858	2026-07-05
citybeat.com	10354	2025-01-22
cityfarmer.info	5014	2026-07-05
citynews.com.au	18100	2025-09-04
citywatchla.com	8981	2026-07-04
cityweekly.net	5783	2026-07-02
citywireselector.com	7388	2022-10-19
civilbeat.org	8459	2026-07-03
civilserviceworld.com	6926	2026-07-03
civilsociety.co.uk	5840	2026-07-03
cjhk.ca	7829	2026-03-03
cjls.com	6152	2026-04-07
cjme.com	30294	2026-07-05
cjonline.com	13533	2023-09-11
cjoy.com	8910	2023-12-05
ckbw.ca	8373	2026-03-02
ckdr.net	10129	2025-10-01
ckfm.ca	6389	2024-05-10
ckom.com	31002	2026-07-05
ckua.com	10280	2026-07-05
ckxsfm.com	11388	2026-07-05
clactonandfrintongazette.co.uk	143405	2026-07-05
claimsjournal.com	12875	2026-07-02
clare.fm	24612	2026-07-05
clarechampion.ie	10058	2026-07-05
clareherald.com	7640	2026-07-05
claremoreprogress.com	7581	2026-07-05
clarionledger.com	9660	2023-09-11
clarksvillenow.com	13518	2026-07-05
clarksvilleonline.com	21434	2026-07-05
classic107.com	12979	2026-07-05
classiccountry1070.com	6263	2024-02-24
classichits925.com	9850	2026-07-02
classicrock1051.com	16764	2024-04-27
classicrock1069.com	5507	2022-01-10
classicrock961.com	31570	2026-07-05
classy100.com	35760	2026-07-05
claytodayonline.com	6436	2026-07-03
cleantechnica.com	33929	2026-07-05
clearwatertimes.com	28637	2026-07-05
clemsontigers.com	5715	2026-06-23
cleveland.com	30463	2026-03-09
cleveland19.com	47061	2026-07-05
clevelandbanner.com	11868	2026-07-04
clevelandbrowns.com	5396	2026-07-03
clevelandjewishnews.com	82434	2026-07-05
clevelandstar.com	112993	2026-07-05
clevescene.com	11045	2026-07-03
clichemag.com	14144	2026-07-05
click2houston.com	96862	2026-07-05
clickondetroit.com	157795	2026-07-05
clickorlando.com	131068	2026-07-05
clickthecity.com	7274	2025-10-21
clinicaladvisor.com	6488	2026-07-01
clinicalleader.com	7305	2026-07-03
clintonherald.com	38656	2026-07-04
clintonnewsrecord.com	22635	2026-07-05
closerweekly.com	6294	2026-07-05
cloverdalereporter.com	33873	2026-07-05
cltampa.com	9410	2026-07-05
club937.com	24628	2026-07-05
clutchpoints.com	38968	2026-06-13
clydebankpost.co.uk	99949	2026-07-05
cmcmarkets.com	5856	2026-03-09
cmo.com.au	5228	2024-01-20
cnbc.com	128951	2026-07-05
cnbcafrica.com	20589	2026-07-05
cnbctv18.com	7702	2026-03-19
cnet.com	449738	2026-07-05
cnn.com	294071	2026-07-05
cnnphilippines.com	80976	2024-01-29
cnsnews.com	60537	2025-08-26
cntraveler.com	6177	2026-07-05
cntraveller.com	5228	2026-07-05
cnweekly.com	12207	2021-07-26
cnycentral.com	30572	2026-07-05
cnynews.com	18148	2026-07-05
coast1009.com	20036	2026-07-05
coast931.com	5056	2026-07-03
coast973.com	8648	2026-07-05
coastalcourier.com	5542	2026-07-02
coastaldigest.com	19008	2026-07-05
coastalnewstoday.com	14623	2024-01-03
coastalpoint.com	6266	2026-07-03
coastalradio.ca	7150	2026-07-03
coastfm.co.uk	11110	2025-01-27
coastreporter.net	84071	2025-09-09
cobrapost.com	11618	2026-07-03
cochranetimes.com	8869	2026-07-05
cochranetimespost.ca	48844	2026-07-05
cochranetoday.ca	8500	2023-01-30
coffscoastadvocate.com.au	43733	2021-03-24
cogconnected.com	10219	2026-07-05
coincommunity.com	144852	2026-04-03
coindesk.com	29973	2026-07-05
coinspeaker.com	33163	2026-07-05
cointelegraph.com	41378	2026-07-05
coinweek.com	7781	2026-06-04
coladaily.com	8885	2026-07-05
coldlakesun.com	12767	2026-07-05
collider.com	116077	2026-07-05
colombogazette.com	9039	2026-07-05
colombopage.com	20989	2023-11-30
coloradoan.com	6487	2023-09-11
coloradohometownweekly.com	15098	2026-07-05
coloradopolitics.com	6290	2026-03-19
coloradostar.com	39536	2026-07-05
columbiadailyherald.com	9127	2023-09-11
columbiagorgenews.com	17946	2026-07-03
columbiamissourian.com	27516	2026-07-05
columbian.com	102430	2026-07-05
columbiatribune.com	10247	2023-09-11
columbustelegram.com	53487	2026-07-05
combatpress.com	12089	2026-07-05
comicbook.com	183936	2026-07-05
comicbookmovie.com	26858	2026-07-05
comingsoon.net	55447	2026-07-05
commercial-news.com	14508	2026-07-05
commercialappeal.com	11594	2023-09-11
commercialmotor.com	5370	2026-06-03
commercialobserver.com	12041	2026-07-05
commodityonline.com	27788	2025-02-12
commonsnews.org	7904	2023-06-14
communityadvocate.com	6513	2026-07-05
communityimpact.com	19614	2026-07-01
communitynewspapergroup.com	19734	2026-07-05
communitynewspapers.com	13009	2026-07-05
communityni.org	5202	2022-02-11
communitypress.ca	38218	2026-06-22
comoxvalleyrecord.com	32380	2026-07-05
complex.com	21662	2026-07-05
complianceweek.com	5428	2026-07-03
compositesworld.com	8640	2026-07-03
compsmag.com	6764	2024-03-22
computerweekly.com	39141	2026-07-03
computerworld.com	10781	2026-07-03
computing.co.uk	8424	2026-06-22
comunicati.net	56760	2022-02-08
con-telegraph.ie	55732	2026-07-05
concordmonitor.com	31989	2026-07-05
conference-news.co.uk	7549	2026-07-03
connachttribune.ie	15670	2026-02-24
connectionnewspapers.com	8886	2026-07-03
connectradio.fm	19819	2026-07-04
connectsavannah.com	7542	2026-07-04
connexionfrance.com	27739	2026-07-05
consilium.europa.eu	24508	2024-07-15
consortiumnews.com	5245	2026-07-05
constructiondive.com	7351	2026-07-02
constructionenquirer.com	5685	2026-07-03
constructionequipment.com	5129	2026-07-03
constructionequipmentguide.com	6389	2025-03-03
constructionnews.co.uk	14397	2026-07-03
constructionweekonline.com	8096	2024-07-13
consumerelectronicsnet.com	16079	2024-02-09
conwaydailysun.com	20397	2026-07-02
cookingchanneltv.com	5605	2023-03-29
cookislandsnews.com	10258	2026-07-04
cool987fm.com	12012	2026-07-03
coolsocial.net	9498	2023-01-16
coolum-news.com.au	20346	2020-06-29
coosavalleynews.com	9482	2026-07-05
cootamundraherald.com.au	36388	2026-07-05
corkindependent.com	9028	2026-07-03
cornell.edu	7550	2026-07-02
cornellsun.com	8634	2026-07-03
cornwalllive.com	6247	2026-06-09
cornwallseawaynews.com	23942	2026-07-05
coronadonewsca.com	13124	2026-07-03
corsicanadailysun.com	23317	2026-07-05
corvallisadvocate.com	6027	2026-07-04
cosmeticsandtoiletries.com	7465	2026-02-10
cosmopolitan.com	66728	2026-07-05
cosmosmagazine.com	9093	2025-10-20
cotswoldjournal.co.uk	100888	2026-07-05
countercurrents.org	21091	2026-07-05
counterpunch.org	23680	2026-07-05
country-guide.ca	5855	2025-05-21
country104.com	8326	2026-07-05
country105.com	10295	2026-07-01
country1053.ca	9597	2025-05-20
country93.ca	8554	2026-07-02
country94.ca	14854	2025-12-08
countrylife.co.uk	9207	2026-07-05
countryliving.com	9486	2026-07-05
countypress.co.uk	137929	2026-07-05
countytimes.co.uk	116039	2026-07-05
countyweeklynews.ca	37959	2026-06-22
courant.com	99506	2026-07-05
courier-journal.com	18161	2023-09-11
courier-tribune.com	11312	2026-07-05
courierjournal.net	8522	2026-06-30
couriermail.com.au	182103	2024-07-31
couriernews.com	66709	2026-07-05
courierpostonline.com	8906	2023-09-11
courierpress.com	8075	2023-09-11
coventryobserver.co.uk	10898	2026-07-05
coventrytelegraph.net	97990	2026-07-05
covers.com	36646	2026-06-14
covnews.com	5749	2026-07-03
cowboystatedaily.com	5387	2026-06-19
cowichanvalleycitizen.com	32865	2026-07-05
cowraguardian.com.au	27249	2026-07-01
cp24.com	103177	2026-07-05
cpac.ca	6601	2024-12-16
cpapracticeadvisor.com	11138	2026-07-03
cpbj.com	8732	2026-06-04
cpfc.co.uk	5012	2026-06-25
cphpost.dk	7718	2026-07-04
cpr.org	13301	2026-02-25
cqnews.com.au	44410	2021-04-28
cracked.com	30475	2026-07-05
craigdailypress.com	6347	2026-07-04
crainscleveland.com	13200	2026-06-18
crainsdetroit.com	16510	2026-03-31
crainsnewyork.com	16163	2026-03-16
cranbrooktownsman.com	29454	2026-07-05
crash.net	32984	2026-07-05
cravenherald.co.uk	152295	2026-07-05
crawleyobserver.co.uk	5858	2022-02-09
creativebloq.com	12401	2026-07-05
creativereview.co.uk	5139	2026-07-03
crescent-news.com	28877	2026-07-05
crestonnews.com	7055	2026-07-03
crestviewbulletin.com	6185	2026-07-02
crikey.com.au	14019	2026-07-03
crimeonline.com	7164	2026-03-18
crn.com	11174	2026-07-02
crn.com.au	12307	2026-07-03
crooksandliars.com	39834	2026-07-05
crookstontimes.com	5681	2025-01-30
crookwellgazette.com.au	67932	2026-07-05
crossmap.com	31448	2026-07-05
crossville-chronicle.com	27410	2026-07-05
crowrivermedia.com	50371	2025-10-29
cruisehive.com	9431	2026-07-05
cruiseindustrynews.com	7031	2026-07-05
crunchyroll.com	15924	2023-01-31
cruxnow.com	13731	2026-07-04
csindy.com	6448	2025-04-21
csmonitor.com	24774	2026-07-05
csoonline.com	10028	2026-07-03
csrwire.com	7964	2026-07-03
ctgtribune.com	15346	2025-06-01
ctmirror.org	12302	2026-07-05
ctnewsjunkie.com	5389	2026-07-03
ctpost.com	162446	2025-10-26
ctpublic.org	7913	2026-03-18
ctvnews.ca	171357	2026-06-22
cubaheadlines.com	36737	2026-07-05
cubbiescrib.com	5629	2026-07-05
cuinsight.com	19885	2025-07-09
cullmantimes.com	10030	2026-07-04
cultofmac.com	8871	2026-07-04
culturemap.com	32701	2026-07-04
cumberlink.com	50419	2026-07-01
cumbriacrack.com	30229	2025-01-23
curacaochronicle.com	8588	2026-06-25
curbed.com	6090	2026-07-02
curetoday.com	6790	2026-02-12
currentargus.com	8922	2026-07-04
cwtv.com	5643	2026-07-05
cypnow.co.uk	6355	2026-06-19
cyprus-mail.com	78336	2026-07-05
dabangasudan.org	7059	2026-07-04
dagblog.com	50779	2025-10-13
daijiworld.com	141849	2026-03-16
daily-chronicle.com	8022	2020-12-17
daily-jeff.com	8203	2023-09-11
daily-journal.com	20849	2025-02-04
daily-sun.com	38361	2025-12-09
daily-times.com	5025	2023-09-10
daily-tribune.com	7288	2026-07-05
dailyadvance.com	55402	2026-07-05
dailyadvertiser.com.au	82765	2026-07-05
dailyadvocate.com	12256	2025-05-15
dailyamerican.com	13653	2023-09-11
dailyastorian.com	12136	2026-07-05
dailybreeze.com	46998	2026-07-05
dailybruin.com	6570	2026-07-05
dailybulldog.com	9474	2026-07-05
dailybulletin.com	44753	2026-07-05
dailycal.org	22166	2026-07-04
dailycaller.com	104004	2026-07-05
dailycamera.com	41230	2026-07-05
dailycardinal.com	7754	2026-07-02
dailycitizen.news	13575	2025-02-06
dailycomet.com	6054	2023-09-11
dailycommercial.com	9991	2023-09-11
dailydemocrat.com	12938	2026-07-05
dailydispatch.co.za	7916	2026-07-05
dailydot.com	45498	2026-07-05
dailyecho.co.uk	167635	2026-07-05
dailyemerald.com	6773	2026-07-03
dailyexaminer.com.au	42309	2021-03-24
dailyexcelsior.com	180649	2026-07-05
dailyexpress.com.my	91331	2026-07-01
dailyforex.com	11498	2026-07-05
dailyfreeman.com	43736	2026-07-05
dailyfx.com	24052	2024-08-30
dailygalaxy.com	9453	2026-07-05
dailygazette.com	77838	2026-07-05
dailyherald.com	120389	2025-09-08
dailyheraldtribune.com	13845	2026-07-05
dailyhive.com	63446	2026-07-05
dailyindependent.com	35632	2026-07-04
dailyinterlake.com	13446	2026-06-11
dailyiowegian.com	6412	2020-05-27
dailyitem.com	53115	2026-07-05
dailyjournal.net	102260	2025-05-15
dailyjournalonline.com	42804	2026-07-04
dailykos.com	176411	2026-07-05
dailyliberal.com.au	86993	2026-07-05
dailylocal.com	51053	2026-07-05
dailymail.co.uk	1278695	2026-04-21
dailymail.com	29250	2026-07-05
dailymaverick.co.za	78216	2026-07-05
dailymercury.com.au	49265	2021-06-23
dailymirror.lk	57292	2026-07-05
dailynebraskan.com	5276	2026-06-30
dailynews.co.th	6843	2023-07-05
dailynews.co.tz	14122	2026-07-05
dailynews.co.zw	16029	2026-07-04
dailynews.com	53395	2026-07-05
dailynews.lk	33827	2023-12-29
dailynewsegypt.com	14118	2025-01-26
dailynexus.com	5741	2026-07-04
dailynorseman.com	10503	2026-07-05
dailynorthwestern.com	11866	2026-07-03
dailyorange.com	9932	2025-02-23
dailypakistan.com.pk	16859	2026-07-05
dailypioneer.com	76530	2026-07-05
dailypolitical.com	606543	2026-07-05
dailypost.co.uk	91448	2026-07-05
dailypost.ng	277738	2026-07-05
dailypost.vu	15586	2026-07-04
dailypostathenian.com	20400	2026-07-03
dailypress.com	75706	2026-07-05
dailypress.net	22766	2026-07-04
dailyprincetonian.com	7833	2026-07-03
dailyprogress.com	57673	2026-07-05
dailyrecord.co.uk	303629	2026-07-05
dailyrecord.com	9244	2023-09-11
dailyrecordnews.com	22365	2026-07-05
dailyreporter.com	8550	2026-06-03
dailyrepublic.com	89212	2026-07-05
dailyridge.com	16430	2026-07-03
dailysabah.com	62313	2026-07-05
dailysentinel.com	5492	2026-07-03
dailysignal.com	26073	2026-07-05
dailystar.co.uk	314753	2026-07-05
dailystar.com.lb	7273	2025-09-29
dailystarjournal.com	8779	2020-11-25
dailysun.co.za	30224	2022-09-11
dailytarheel.com	9997	2026-07-03
dailytelegraph.com.au	163773	2024-07-31
dailythepatriot.com	16586	2026-07-05
dailytimes.com	17581	2026-07-04
dailytimes.com.pk	142364	2026-06-25
dailytrib.com	6568	2026-07-03
dailytribune.com	25590	2025-11-05
dailytrojan.com	8997	2026-06-24
dailytrust.com	67357	2026-07-05
dailytrust.com.ng	21882	2021-06-24
dailyunion.com	23941	2026-07-05
dailyuw.com	7161	2026-07-03
dailyvoice.com	184665	2026-07-03
dailyworld.com	5461	2023-09-11
dakotanewsnow.com	18808	2026-07-05
dakotawarcollege.com	8680	2026-07-03
dallascowboys.com	10644	2026-07-03
dallasnews.com	51183	2026-04-01
dallasobserver.com	9670	2026-07-05
dallassun.com	120059	2026-07-05
dallasvoice.com	8155	2026-07-04
daltonsbusiness.com	5645	2026-07-02
danspapers.com	9475	2026-07-05
darientimes.com	58921	2025-08-31
darkhorizons.com	21251	2026-07-05
darkreading.com	13187	2025-02-20
darlingtonandstocktontimes.co.uk	105833	2026-07-05
datacenterdynamics.com	18830	2025-06-14
datacenterknowledge.com	5656	2026-07-03
daventryexpress.co.uk	10264	2025-01-23
davisenterprise.com	22660	2026-07-05
dawgpounddaily.com	5014	2026-07-05
dawn.com	260696	2026-07-05
dayton.com	5431	2024-09-04
daytonatimes.com	5356	2026-07-02
daytondailynews.com	53715	2026-07-05
dazebaonews.it	6505	2026-01-15
dazeddigital.com	17858	2026-07-05
dcourier.com	8559	2026-07-05
dcvelocity.com	5111	2026-07-02
deadline.com	160952	2026-07-05
deadlinedetroit.com	11258	2026-07-05
dealstreetasia.com	38356	2026-07-05
decanter.com	5324	2026-07-05
decaturdaily.com	46908	2026-07-04
decaturish.com	6787	2026-07-05
deccanchronicle.com	123977	2026-07-05
deccanherald.com	64357	2026-03-15
decider.com	34400	2026-07-05
defence.pk	18327	2026-05-12
defenceweb.co.za	15342	2026-07-05
defensenews.com	11973	2026-07-04
defenseone.com	8776	2026-07-03
defenseworld.net	60871	2026-04-30
defpen.com	12251	2026-07-01
dekhnews.com	5202	2025-04-11
delano.lu	6113	2025-01-11
delaware.gov	8872	2026-07-03
delawareonline.com	12601	2023-09-11
delawarepublic.org	47585	2026-07-05
delawarestatenews.net	5676	2021-02-16
delcotimes.com	58891	2026-07-05
delgazette.com	6444	2025-04-15
delmartimes.net	6342	2024-06-13
delmarvanow.com	6603	2023-09-11
delrionewsherald.com	10116	2021-01-22
delta-optimist.com	64492	2025-01-23
democracynow.org	34694	2026-07-03
democratandchronicle.com	9032	2023-09-11
democratherald.com	58465	2026-07-03
denbighshirefreepress.co.uk	106887	2026-07-05
denofgeek.com	8514	2026-07-05
dentonrc.com	31197	2026-07-05
denverbroncos.com	6258	2026-06-30
denverpost.com	51035	2026-07-05
derbyshiretimes.co.uk	23955	2025-01-23
derbytelegraph.co.uk	83036	2026-07-05
derryjournal.com	15278	2025-01-23
derrynow.com	41481	2026-05-21
deseret.com	38885	2026-07-04
desertsun.com	11610	2023-09-11
desiblitz.com	16548	2026-07-05
design-reuse.com	8100	2026-07-03
designboom.com	20057	2026-07-05
designnews.com	5853	2024-12-01
designyoutrust.com	5753	2026-07-05
desimartini.com	34149	2025-02-18
desmoinesregister.com	26539	2023-09-11
desototimes.com	5511	2026-07-03
destructoid.com	24027	2026-07-04
detroitnews.com	45794	2023-09-11
devdiscourse.com	137412	2026-07-03
developingtelecoms.com	14507	2026-07-03
devilslakejournal.com	5800	2026-07-05
devondispatch.ca	15664	2026-07-05
devonlive.com	9630	2026-06-20
dewsburyreporter.co.uk	12517	2025-01-23
dezeen.com	26900	2026-06-18
dfnionline.com	9869	2026-07-03
dglobe.com	30381	2026-07-05
dhakacourier.com.bd	8058	2026-07-03
dhakatribune.com	28341	2026-03-10
dhal3.com	5651	2026-07-05
diamonds.net	8812	2024-06-24
dicardiology.com	6304	2026-07-02
digg.com	24030	2026-07-05
digit.in	30610	2026-07-05
digitaljournal.com	194454	2026-07-05
digitalspy.com	85292	2026-07-05
digitaltrends.com	41500	2026-07-05
digitimes.com	27867	2026-07-05
dinamalar.com	35340	2026-07-04
discoverairdrie.com	16251	2026-07-05
discoverestevan.com	18634	2026-07-05
discovermagazine.com	18438	2026-07-04
dispatch.com	35521	2023-09-11
dispatchlive.co.za	30383	2025-01-25
dissexpress.co.uk	18887	2026-07-05
dissidentvoice.org	9623	2026-03-22
divyabhaskar.co.in	28970	2026-07-04
diymag.com	10755	2026-07-03
djc.com	36489	2026-07-03
djcoregon.com	5745	2026-06-03
djmag.com	11652	2026-07-03
djournal.com	77287	2026-07-05
dl-online.com	30274	2026-07-05
dmagazine.com	16548	2026-07-02
dmnews.com	5271	2026-07-02
dnaindia.com	180911	2026-01-23
dnd.com.pk	16526	2026-07-03
dnews.com	29884	2026-07-05
dnj.com	6738	2023-09-11
dodgeglobe.com	8471	2026-07-02
domain-b.com	5302	2026-07-03
dominicanrepublicpost.com	21949	2026-07-05
dominicantoday.com	14211	2026-07-05
doncasterfreepress.co.uk	24323	2025-01-23
donegallive.ie	27845	2026-05-20
donegalnews.com	15843	2026-07-05
doorcountydailynews.com	7772	2026-07-05
dorsetecho.co.uk	151092	2026-07-05
dose.ca	13797	2026-07-05
dothaneagle.com	63455	2026-07-02
dotnews.com	7757	2026-07-05
douglas-budget.com	36950	2026-07-04
downtoearth.org.in	19991	2026-07-05
drapersonline.com	18188	2026-07-03
draytonvalleywesternreview.com	14645	2026-07-05
drbicuspid.com	11808	2025-10-30
dreadcentral.com	16806	2026-07-04
dredgingtoday.com	11355	2026-07-03
drgnews.com	25703	2026-07-04
drive.com.au	41233	2026-05-31
driving.ca	14286	2026-07-04
droid-life.com	7524	2026-07-04
droitwichadvertiser.co.uk	19310	2021-05-03
droitwichstandard.co.uk	9626	2026-07-05
drudge.com	17760	2026-07-05
drugstorenews.com	5369	2025-09-08
dslreports.com	19516	2025-02-26
dtinews.vn	5601	2023-07-17
dtnext.in	7229	2024-12-16
dtnpf.com	9856	2026-07-05
dualshockers.com	27008	2026-07-05
dubaicityguide.com	6881	2026-07-04
dublinlive.ie	7571	2026-03-11
dudleynews.co.uk	126211	2026-07-05
duke.edu	6200	2026-07-03
duke.fm	22231	2026-07-02
dukechronicle.com	8420	2026-07-03
dukefmduluth.com	7915	2025-03-18
duluthnewstribune.com	63639	2026-07-05
dumbartonreporter.co.uk	87569	2026-07-05
duncanbanner.com	13211	2026-07-04
dundalkdemocrat.ie	56109	2026-05-14
dunfermlinepress.com	101793	2026-07-05
dungogchronicle.com.au	53454	2026-07-05
dunmowbroadcast.co.uk	30109	2026-07-05
dunyanews.tv	148408	2026-07-05
dupagepolicyjournal.com	21346	2026-07-04
dupontregistry.com	7662	2026-01-09
durangoherald.com	94899	2026-07-05
durhamregion.com	23665	2026-07-04
dutchnews.nl	21535	2026-07-03
dvidshub.net	16259	2025-01-26
dw.com	119794	2026-07-05
dwell.com	6986	2026-07-03
dynamicbusiness.com	5817	2026-07-05
e-flux.com	10024	2026-07-04
e-know.ca	17287	2026-07-05
eacourier.com	9793	2026-07-05
eadt.co.uk	135313	2026-07-05
eaglecountryonline.com	9023	2026-07-05
eagledayton.com	8665	2026-07-05
eaglesanantonio.com	8362	2026-07-05
eagletimes.com	12955	2025-11-19
eagletribune.com	125693	2026-07-05
ealingtimes.co.uk	112024	2026-07-05
earthquake-report.com	9134	2025-07-21
earthquakenewstoday.com	63211	2025-12-30
earthsky.org	5341	2026-07-05
eastbayri.com	9221	2026-07-05
eastbaytimes.com	74499	2026-07-05
eastbourneherald.co.uk	6199	2022-02-09
eastcountymagazine.org	18587	2026-07-05
easternmirrornagaland.com	36231	2026-07-05
easternontarionetwork.com	44622	2026-06-15
easternriverinachronicle.com.au	91791	2026-07-05
eastidahonews.com	45687	2026-07-05
eastlondonadvertiser.co.uk	35526	2026-07-05
eastlothiancourier.com	104378	2026-07-05
eastoregonian.com	23779	2026-07-05
easttexasradio.com	16137	2026-07-02
eastvalleytribune.com	5799	2026-07-05
easy93.com	5313	2025-06-14
easyreadernews.com	7214	2026-07-02
eater.com	24821	2026-07-03
eaworldview.com	6710	2026-07-05
ebar.com	17369	2025-01-23
ecb.europa.eu	5543	2026-07-03
echo-news.co.uk	173079	2026-07-05
echo.net.au	11542	2025-01-23
echolive.ie	57789	2026-07-05
echonews.com.au	18377	2020-06-29
echopress.com	33200	2026-07-05
ecns.cn	39053	2026-07-02
eco-business.com	11486	2026-07-03
ecofinagency.com	6427	2026-03-19
econintersect.com	7938	2025-01-23
economist.com	30787	2025-09-05
economynext.com	6721	2026-02-28
econotimes.com	88183	2026-07-05
ecr.co.za	44012	2026-07-05
ed.fm	9346	2026-07-05
edenmagnet.com.au	78942	2026-07-05
edge.ca	11069	2026-06-22
edie.net	8412	2025-01-23
editorandpublisher.com	16976	2026-07-04
editorinleaf.com	5109	2026-07-05
edmonton.ctvnews.ca	26612	2025-01-23
edmontonexaminer.com	22667	2026-06-29
edmontonjournal.com	35748	2026-07-05
edmontonsun.com	71822	2026-07-05
edp24.co.uk	173145	2026-07-05
edsource.org	6670	2026-06-24
educationtimes.com	10157	2026-07-05
edweek.org	5624	2026-06-03
eejournal.com	10436	2026-07-03
eenadu.net	5149	2026-06-25
eenews.net	40963	2026-07-03
efe.com	19085	2026-04-15
effinghamdailynews.com	16792	2026-07-02
effinghamradio.com	11233	2026-07-05
efinancialcareers.com	5939	2026-07-03
egyptindependent.com	18460	2026-07-05
eham.net	20117	2026-07-05
ehfcl.com	251751	2020-08-27
einnews.com	148652	2024-06-01
ejpress.org	5945	2026-07-04
ekathimerini.com	5808	2020-04-10
el-balad.com	189272	2026-07-05
eldoradonews.com	14020	2026-07-05
electric949.com	7740	2026-07-03
electronicsweekly.com	18791	2026-07-03
electropages.com	10744	2026-07-03
elitedaily.com	15939	2026-07-05
elitetraveler.com	5114	2026-07-05
elkharttruth.com	19013	2026-07-04
elkodaily.com	54168	2026-07-05
elle.com	21411	2026-07-05
elliotlakestandard.ca	46499	2026-07-05
ellsworthamerican.com	9233	2026-07-05
ellwoodcityledger.com	6226	2023-09-11
elmwoodparkschools.org	17893	2022-03-02
elpais.com	23869	2026-07-05
elpasoinc.com	106131	2026-07-05
elpasotimes.com	10448	2023-09-11
elwakt.com	34770	2024-06-08
elystandard.co.uk	39462	2026-07-05
emarketer.com	5559	2026-07-02
emirates247.com	15362	2026-06-10
emissourian.com	13520	2025-09-01
emmetsburgnews.com	5091	2026-07-02
empireofthekop.com	17486	2026-07-05
empireonline.com	11508	2026-07-04
emporiagazette.com	25484	2026-07-05
empr.com	10612	2026-07-01
ems1.com	12573	2026-07-05
en.apa.az	67621	2026-07-05
en.ce.cn	31242	2026-07-05
en.dangcongsan.vn	5991	2024-10-12
en.gmw.cn	7405	2025-07-02
en.kremlin.ru	5529	2026-07-05
en.people.cn	119836	2026-07-04
en.portnews.ru	5371	2026-03-08
en.qantara.de	10657	2023-10-26
en.qdnd.vn	9658	2026-03-18
en.tempo.co	44119	2026-07-05
en.trend.az	72164	2025-07-09
en.vietnamplus.vn	79240	2026-03-16
enca.com	63987	2026-07-05
endocrinologyadvisor.com	7681	2026-07-01
energeticcity.ca	21448	2026-07-05
energy-pedia.com	22960	2026-07-05
energy-storage.news	7676	2026-07-05
energycentral.com	24116	2025-05-30
energyfm.net	6727	2026-06-23
energyglobal.com	7447	2025-12-09
energyvoice.com	5581	2025-01-10
enewschannels.com	7199	2026-07-05
enewscourier.com	16014	2026-07-05
enfieldindependent.co.uk	94837	2026-07-05
eng.belta.by	41337	2026-03-10
eng.kavkaz-uzel.eu	6507	2026-07-05
eng.lsm.lv	5866	2025-01-02
engadget.com	46089	2026-07-05
engineering.com	5634	2026-07-02
engineeringnews.co.za	38013	2026-07-03
english.news.cn	283366	2026-07-05
english.pravda.ru	7132	2026-07-03
english.radio.cz	19213	2026-07-05
english.republika.mk	10576	2026-07-05
english.vov.vn	15732	2026-03-16
english.wafa.ps	186528	2026-07-05
enidnews.com	38725	2026-07-05
enn.com	13750	2026-07-03
enr.com	5255	2026-07-03
enrsi.rtvs.sk	5287	2025-01-19
enstarz.com	27793	2026-07-04
enterprisenews.com	7137	2023-09-11
enterprisepub.com	5395	2026-06-29
entornointeligente.com	10108	2026-07-05
entrepreneur.com	9962	2026-07-05
envirotech-online.com	5000	2025-08-14
enviweb.cz	6528	2026-07-05
eonline.com	82309	2026-07-05
ephotozine.com	35871	2025-11-18
eppingforestguardian.co.uk	95752	2026-07-05
eptrail.com	11441	2026-07-05
epw.in	9651	2026-07-04
equibase.com	25375	2026-04-29
equipmentworld.com	5145	2026-05-28
equitybulls.com	73816	2026-07-05
erienewsnow.com	92219	2026-07-05
escapistmagazine.com	8261	2026-06-09
esmmagazine.com	10596	2026-07-03
espn.com	59087	2026-03-19
esquire.com	29700	2026-07-04
essence.com	30969	2026-07-05
essexlive.news	5571	2026-07-02
estevanmercury.ca	31586	2021-07-29
etcanada.com	13319	2023-10-30
eteknix.com	18076	2026-07-05
etfdailynews.com	228558	2025-10-07
etftrends.com	32117	2026-07-05
ethanolproducer.com	7874	2026-07-01
etnow.com	10937	2026-07-03
etonline.com	71395	2026-03-25
eturbonews.com	153793	2026-06-28
eugenedailynews.com	6102	2024-08-21
euobserver.com	12993	2026-07-05
euractiv.com	39817	2026-01-22
eurasiareview.com	40088	2026-07-05
eurekalert.org	75347	2026-07-02
eureporter.co	11352	2026-06-18
euro-petrole.com	7986	2026-07-03
eurogamer.net	42200	2026-07-05
euronews.com	106165	2026-07-05
europapress.es	8970	2026-07-02
europeanpharmaceuticalreview.com	5123	2026-03-26
europeantour.com	5282	2025-06-12
europesun.com	172305	2026-07-05
eurovoix.com	11345	2026-07-05
euroweeklynews.com	6756	2026-03-19
eurweb.com	30994	2026-07-05
evanstonnow.com	8950	2026-07-05
eveningexpress.co.uk	107905	2021-11-08
eveningnews24.co.uk	100359	2026-07-05
eveningtelegraph.co.uk	66368	2021-09-22
eveningtimes.co.uk	5790	2023-03-07
eveningtribune.com	7512	2023-09-11
eventhubs.com	15982	2026-07-05
evertiq.com	8244	2026-07-05
everydayhealth.com	6742	2026-07-03
everything2.com	36374	2026-01-01
eveshamjournal.co.uk	109592	2026-07-05
evo.co.uk	5546	2026-07-05
ew.com	37810	2026-03-17
ewn.co.za	106576	2026-07-05
ewnews.com	5168	2023-02-02
ewrestlingnews.com	80712	2025-07-14
examiner.com.au	79910	2026-07-05
examiner.net	9518	2026-06-24
excelsio.net	6975	2026-06-28
exchangerates.org.uk	12962	2025-11-03
exclaim.ca	27168	2026-07-04
executivebiz.com	8466	2026-07-02
executivegov.com	8892	2026-07-03
exetertoday.ca	9875	2026-07-05
expatforum.com	5471	2026-01-22
expertclick.com	11414	2026-07-05
expertreviews.co.uk	10087	2026-07-03
exploreseiowa.com	26330	2026-03-30
express.co.uk	385819	2026-07-05
expressandstar.com	67218	2026-03-26
expressnews.com	67773	2025-08-28
extra.ie	5396	2026-03-14
extralunchmoney.com	14998	2024-09-26
extratime.com	7732	2025-09-09
extratv.com	5986	2026-07-04
extremetech.com	8332	2025-01-22
eyeonannapolis.net	16958	2026-07-05
eyeontaiwan.com	5141	2023-03-22
eyeradio.org	16201	2026-07-05
f4wonline.com	32485	2026-07-05
faceofmalawi.com	44851	2026-07-03
fairfaxtimes.com	10812	2026-07-03
fairfieldcitizenonline.com	69732	2022-03-01
fairfieldsuntimes.com	44166	2026-07-05
fairmontsentinel.com	9599	2026-07-03
fairviewpost.com	12990	2026-07-05
falkirkherald.co.uk	16511	2025-01-23
falmouthpacket.co.uk	130915	2026-07-05
famagusta-gazette.com	18052	2025-12-06
familydestinationsguide.com	9807	2026-03-19
famoushookups.com	22648	2025-04-17
fandompost.com	48856	2026-07-05
fangraphs.com	26638	2026-07-05
fansided.com	52182	2026-07-05
fantasypros.com	7629	2025-08-19
faribaultcountyregister.com	15990	2026-07-05
fark.com	5778	2026-07-05
farmersjournal.ie	50478	2026-07-02
farminglife.com	11464	2025-01-23
farminguk.com	14231	2026-07-05
farmprogress.com	14728	2024-08-06
farmweekly.com.au	35355	2026-07-05
fastcasual.com	9280	2026-07-02
fastcompany.com	6912	2026-06-28
fauquier.com	6244	2026-06-26
fauquiernow.com	6485	2026-07-03
fayettetribune.com	6219	2026-07-02
fayobserver.com	12278	2023-09-11
fbcnews.com.fj	8735	2026-03-19
fbherald.com	33788	2026-06-26
fdlreporter.com	8392	2023-09-11
feedstuffs.com	9101	2024-11-15
femalefirst.co.uk	35979	2026-07-05
femina.in	9108	2026-07-04
fenlandcitizen.co.uk	20252	2026-07-05
fermanaghherald.com	9157	2026-07-05
fftimes.com	8876	2026-07-03
fhtimes.com	12493	2026-07-05
fibre2fashion.com	15979	2026-06-02
fiercebiotech.com	5682	2026-06-16
fiercepharma.com	5605	2026-06-19
fifetoday.co.uk	14548	2025-01-23
fijilive.com	17738	2025-04-23
fijisun.com.fj	16115	2026-07-05
fijitimes.com	45574	2023-11-30
fijivillage.com	46759	2026-07-05
file770.com	20926	2026-07-05
fillmorecountyjournal.com	7603	2026-06-30
film-news.co.uk	51058	2026-07-05
filmfare.com	22840	2026-07-05
filmibeat.com	47956	2026-07-05
fin24.com	6131	2020-06-05
finance-commerce.com	15997	2026-06-03
financial-news.co.uk	11866	2026-07-05
financial-planning.com	11002	2026-07-03
financialbuzz.com	18207	2025-09-03
financialcontent.com	216545	2026-07-04
financialpost.com	51460	2026-07-04
financialstandard.com.au	7425	2025-01-23
finanzen.ch	35242	2026-07-05
finanzen.net	5401	2026-06-18
finanznachrichten.de	763421	2026-07-05
finchannel.com	6049	2026-07-05
finextra.com	9191	2025-12-08
fingerlakes1.com	60283	2026-07-05
finsmes.com	35430	2025-06-09
firehouse.com	7314	2026-07-05
firerescue1.com	11851	2026-07-05
firetrench.com	6866	2021-10-26
firstalert4.com	19580	2026-07-05
firstalert7.com	5358	2026-07-05
firstcoastnews.com	63319	2026-06-05
firstlightradio.com	26626	2024-02-14
firstpost.com	146450	2026-03-17
firstshowing.net	12068	2026-07-05
fitsnews.com	6036	2026-07-04
fitzhugh.ca	40958	2025-08-29
flaglerlive.com	13226	2026-07-05
flagpole.com	6054	2026-05-20
flanews.com	6192	2025-11-07
flcourier.com	8062	2026-07-03
fleetworld.co.uk	6867	2026-07-03
flickeringmyth.com	32178	2026-07-05
flightglobal.com	22150	2026-07-05
floppingaces.net	14162	2026-02-11
floridanewswire.com	8784	2026-06-26
floridapolitics.com	10589	2026-04-06
floridastatesman.com	61287	2026-07-05
floridatoday.com	13611	2023-09-11
floridatrend.com	5333	2026-07-02
floridaweekly.com	15470	2026-07-05
floydct.com	15845	2026-07-05
fltimes.com	22984	2026-07-03
fly92.com	5222	2026-07-05
flyingmag.com	9263	2026-07-04
fm104.ie	17145	2026-07-05
fm96.com	8091	2026-06-25
fm99.com	5671	2026-07-02
fnarena.com	17895	2026-06-17
focusdailynews.com	6962	2026-07-04
focustaiwan.tw	58965	2026-07-05
fohonline.com	5247	2026-07-03
fonearena.com	18570	2026-07-04
fontanaheraldnews.com	11913	2026-07-01
foodandwine.com	5391	2026-02-23
foodbev.com	9302	2026-07-03
fooddive.com	6949	2026-07-02
foodmanufacture.co.uk	7354	2026-07-03
foodnavigator-usa.com	7295	2026-07-02
foodnavigator.com	7006	2026-07-03
foodsafetynews.com	5045	2026-07-05
fool.ca	50441	2026-06-04
fool.co.uk	40206	2026-05-12
fool.com	356897	2026-07-05
fool.com.au	49200	2026-06-04
football.london	13513	2023-02-02
football365.com	5098	2023-02-02
footwearnews.com	13853	2025-05-13
forbes.com	613387	2026-07-05
forbesadvocate.com.au	27235	2026-07-03
forbesindia.com	9479	2026-06-29
forcechange.com	8034	2026-07-04
forconstructionpros.com	13234	2025-12-29
ford-trucks.com	36815	2025-08-25
foreignaffairs.co.nz	50515	2025-01-23
foreignpolicy.com	16290	2026-07-03
forexcrunch.com	25695	2026-02-02
forexlive.com	77319	2025-07-19
forextv.com	134608	2025-08-05
formula1.com	17762	2026-07-05
forsythnews.com	6822	2026-07-05
fortmcmurraytoday.com	14173	2026-07-05
fortmorgantimes.com	30179	2026-07-05
fortsaskatchewanrecord.com	14979	2026-07-05
fortune.com	43259	2026-07-05
fortworthbusiness.com	9096	2026-07-05
forward.com	24761	2026-06-30
fosters.com	9701	2023-09-11
foundry-planet.com	5120	2026-07-03
fourfourtwo.com	25227	2026-07-05
fox1023.com	18020	2026-07-01
fox10phoenix.com	89831	2026-07-05
fox10tv.com	34628	2026-07-05
fox11online.com	42533	2026-07-05
fox13memphis.com	38836	2026-07-05
fox13news.com	56852	2026-07-05
fox13now.com	35195	2026-07-05
fox13seattle.com	26404	2026-07-05
fox17.com	38125	2026-07-05
fox17online.com	63174	2026-07-05
fox19.com	37525	2026-07-05
fox21online.com	31095	2026-07-05
fox23.com	34278	2026-07-05
fox23maine.com	46226	2026-07-05
fox26houston.com	66686	2026-07-05
fox29.com	75372	2026-07-05
fox2detroit.com	54575	2026-07-05
fox2now.com	9453	2025-07-02
fox32chicago.com	88376	2026-07-05
fox34.com	27070	2026-07-05
fox35orlando.com	91723	2026-07-05
fox40.com	5235	2025-07-03
fox42kptm.com	8218	2026-07-05
fox43.com	71906	2026-06-25
fox4beaumont.com	30934	2026-07-05
fox4kc.com	7267	2025-07-02
fox4news.com	59269	2026-07-05
fox56.com	35505	2026-07-05
fox59.com	7441	2025-11-18
fox5atlanta.com	91937	2026-07-05
fox5dc.com	63265	2026-07-05
fox5ny.com	69021	2026-07-05
fox5vegas.com	23876	2026-07-05
fox61.com	63743	2026-06-06
fox6now.com	84433	2026-07-05
fox7austin.com	72157	2026-07-05
fox8.com	7734	2026-05-31
fox8live.com	30438	2026-07-05
fox8tv.com	13709	2026-07-02
fox9.com	54045	2026-07-05
fox969.com	18401	2026-07-05
foxbaltimore.com	46177	2026-07-05
foxbangor.com	60933	2026-07-05
foxbusiness.com	76438	2026-07-05
foxcarolina.com	31055	2026-07-05
foxcincinnati.com	9206	2026-07-05
foxillinois.com	29222	2026-07-05
foxla.com	67699	2026-07-05
foxnews.com	369901	2026-07-05
foxradiook.com	11441	2026-06-12
foxreno.com	29905	2026-07-05
foxrochester.com	26688	2026-07-05
foxsanantonio.com	46542	2026-07-05
foxsports.com.au	6342	2023-07-05
foxtel.com.au	12343	2026-06-23
foxwilmington.com	39280	2026-07-05
foxy99.com	13560	2026-07-05
france24.com	167191	2026-02-12
franklinfavorite.com	27483	2026-07-05
frasercoastchronicle.com.au	46313	2021-04-28
fredericknewspost.com	41628	2026-07-05
fredericksburg.com	57118	2026-07-05
freebeacon.com	20427	2026-07-05
freedom929.com	10204	2026-06-23
freedom95.us	6422	2026-07-03
freedom970.com	7945	2026-07-04
freemalaysiatoday.com	94477	2026-07-05
freep.com	46354	2024-06-25
freepressjournal.in	426635	2026-07-05
freepressseries.co.uk	90326	2026-07-05
freerepublic.com	476115	2026-07-05
freestonecountytimesonline.com	5143	2026-07-05
freethoughtblogs.com	6347	2026-07-05
freightwaves.com	6759	2026-01-21
freightweek.org	5136	2026-07-02
fremonttribune.com	72139	2026-07-05
freshfruitportal.com	9041	2026-07-03
freshplaza.com	82280	2026-07-04
fresnobee.com	5973	2024-07-17
frieze.com	5071	2026-01-28
froggy1003.com	11330	2026-07-05
froggy929.com	10680	2025-05-24
froggyweb.com	26373	2026-07-05
frontiersman.com	8569	2026-06-10
frontpagemag.com	21141	2026-05-29
fruitnet.com	10024	2025-09-04
ft.com	12476	2026-02-05
ft.lk	45852	2026-07-05
ftadviser.com	14499	2026-07-03
ftnnews.com	15128	2026-06-04
ftvlive.com	12647	2026-07-05
fudzilla.com	5476	2026-01-06
fukuoka-now.com	5989	2026-07-04
fultonsun.com	11028	2026-07-05
fun107.com	26269	2026-07-05
funds-europe.com	7634	2026-07-05
fundsforngos.org	21866	2026-07-03
funkytaurusmedia.com	143573	2026-07-05
furninfo.com	7158	2025-09-04
furnituretoday.com	11167	2026-06-04
futaa.com	15659	2020-11-27
futurity.org	10374	2026-06-30
fwi.co.uk	18938	2026-07-05
fwweekly.com	5574	2026-07-03
fxempire.com	10506	2026-03-09
fxstreet.com	125442	2026-03-05
gadget.co.za	6744	2026-07-03
gadgetsmagazine.com.ph	5966	2026-07-03
gadsdentimes.com	8135	2023-09-11
gainesville.com	15883	2023-09-11
gainesvilleregister.com	6834	2026-07-02
gainesvilletimes.com	11172	2026-07-05
galesburg.com	6937	2023-09-11
galusaustralis.com	7671	2020-08-18
galvnews.com	41679	2026-07-04
galwaybayfm.ie	21410	2026-07-05
gamasutra.com	12921	2022-06-24
gamenguide.com	6526	2026-07-04
gamepur.com	22146	2024-08-14
gamerant.com	130532	2026-07-05
gameranx.com	19070	2026-07-04
gamereactor.eu	23898	2026-07-05
gamerevolution.com	10449	2026-07-03
gamesindustry.biz	19074	2026-07-03
gamespot.com	45822	2026-01-20
gamesradar.com	63081	2026-07-05
gamewatcher.com	5136	2026-07-05
gamingbolt.com	18707	2026-07-05
gananoquereporter.com	39158	2026-07-05
ganggreennation.com	8351	2026-07-02
gardenandgun.com	5168	2026-07-03
garoweonline.com	7711	2026-07-05
gasgoo.com	15493	2026-07-04
gastongazette.com	9600	2023-09-11
gasworld.com	10705	2026-05-24
gator995.com	17520	2026-07-05
gattonstar.com.au	44798	2021-04-28
gaytimes.co.uk	10016	2024-05-06
gazette-news.co.uk	144781	2026-07-05
gazette.com	189298	2026-07-05
gazetteandherald.co.uk	117924	2026-07-05
gazetteherald.co.uk	140814	2026-07-05
gazettejournal.net	6193	2026-07-02
gazettelive.co.uk	90553	2026-07-05
gazettenet.com	36475	2026-07-05
gazetteseries.co.uk	116047	2026-07-05
gazettetimes.com	49326	2026-07-03
gazettextra.com	53038	2026-07-05
gbtribune.com	12846	2026-07-03
gcaptain.com	18941	2026-07-05
gcmaz.com	12636	2026-07-04
gctelegram.com	8448	2026-06-27
gdnonline.com	165371	2026-07-05
gds.ro	6100	2024-11-05
gearjunkie.com	11891	2026-07-02
geeky-gadgets.com	47423	2026-07-05
geelongadvertiser.com.au	105650	2026-07-05
geneamusings.com	8139	2026-07-05
genengnews.com	9392	2026-06-04
geneticliteracyproject.org	10187	2026-03-20
geo.tv	151670	2026-07-05
geograph.org.uk	6215	2024-07-13
georgeherald.com	31849	2026-07-05
georgiatoday.ge	14866	2026-07-04
geosuper.tv	33746	2026-07-05
getreading.co.uk	50971	2024-05-03
getreligion.org	6582	2024-02-02
getsurrey.co.uk	87184	2026-07-05
gettysburgtimes.com	31303	2026-07-04
ggrasia.com	7764	2026-06-29
ghanafa.org	6457	2026-07-05
ghanaiantimes.com.gh	41203	2026-07-04
ghanamma.com	119951	2026-07-05
ghananewsagency.org	7849	2020-05-06
ghanaweb.com	247740	2026-03-03
ghettoradio.co.ke	9700	2026-07-05
giants.com	7425	2026-07-03
gigulate.com	36126	2026-05-21
gigwise.com	5267	2026-07-04
gillettenewsrecord.com	39227	2026-07-04
gilmermirror.com	24229	2026-07-05
giornaledibrescia.it	8277	2026-04-11
girlslife.com	6477	2026-07-05
gisborneherald.co.nz	15364	2025-02-04
gisuser.com	9951	2026-07-05
github.com	10171	2026-07-05
gizbot.com	5636	2026-07-04
gizchina.com	40908	2026-07-05
gizmochina.com	11012	2026-03-19
gizmodo.co.uk	9499	2020-09-09
gizmodo.com	54082	2026-07-05
gizmodo.com.au	32551	2024-07-11
gjsentinel.com	106461	2026-07-05
gladstoneobserver.com.au	52613	2021-06-23
glamour.com	14733	2026-07-05
glamsham.com	60746	2026-07-04
glasgowtimes.co.uk	189374	2026-07-05
glasgowworld.com	9356	2025-01-23
glassonweb.com	8871	2026-07-04
gleninnesexaminer.com.au	45052	2026-07-05
glidemagazine.com	8179	2026-07-04
globalcapital.com	15451	2025-10-20
globalcement.com	7965	2026-07-03
globalissues.org	9670	2026-07-05
globalnews.ca	149551	2026-07-05
globalsecurity.org	140876	2026-07-05
globalsistersreport.org	5908	2026-07-04
globaltimes.cn	57625	2026-07-05
globalvoices.org	6975	2026-07-05
globegazette.com	55215	2026-07-05
globenewswire.com	285961	2025-11-14
globes.co.il	15426	2026-07-05
gloucesteradvocate.com.au	58353	2026-07-05
gloucestershirelive.co.uk	11049	2026-05-13
gloucestertimes.com	34098	2026-07-05
gmatclub.com	29293	2025-11-20
gmauthority.com	17532	2025-11-18
gmenhq.com	6100	2026-07-05
gna.org.gh	11444	2026-02-22
gnnliberia.com	13879	2026-07-04
go.com	359868	2026-02-10
go955.com	17481	2024-10-08
goal.com	111252	2026-03-19
gobankingrates.com	23016	2026-07-02
gocomics.com	23592	2025-08-13
gocountry105.com	10738	2026-07-04
godanriver.com	49548	2026-07-05
goderichsignalstar.com	22515	2026-07-05
goerie.com	15023	2023-09-11
goldcoastbulletin.com.au	141462	2024-07-30
goldderby.com	19987	2026-07-05
goldseiten.de	22114	2026-03-23
golocalprov.com	16355	2026-07-05
goodereader.com	5345	2026-07-05
goodhousekeeping.com	17201	2026-07-05
goodmenproject.com	69387	2025-01-23
gopusa.com	16072	2025-01-21
gosanangelo.com	5421	2023-09-11
goshennews.com	82909	2026-07-05
goskagit.com	266028	2026-07-05
goss.ie	40720	2026-07-05
gossipcop.com	5937	2021-09-01
gothamist.com	21987	2026-07-05
goulburnpost.com.au	92744	2026-07-05
goupstate.com	13769	2026-05-17
gov.uk	110669	2026-07-04
govconwire.com	8378	2026-07-02
governing.com	13646	2026-07-05
governorswindenergycoalition.org	6913	2026-07-05
govexec.com	12193	2026-07-01
govinfosecurity.com	15571	2026-07-05
govtech.com	20489	2026-07-05
gowatertown.net	27125	2026-07-02
gpb.org	14878	2026-07-02
gponline.com	5504	2026-07-02
gq-magazine.co.uk	12215	2026-07-04
gq.co.za	5082	2026-07-05
gq.com	12485	2026-07-03
gqindia.com	9432	2026-07-05
grainews.ca	6978	2025-05-22
grandforksgazette.ca	28537	2026-07-05
grandforksherald.com	72708	2026-07-05
grandhaventribune.com	18501	2026-07-05
grandprix.com	9359	2026-07-05
grandprix247.com	19305	2026-07-05
grandrapidsmn.com	31117	2026-07-05
granthamjournal.co.uk	6444	2023-12-04
graphic.com.gh	61105	2026-07-05
gratefulweb.com	24088	2026-07-05
graziadaily.co.uk	5049	2026-02-03
grbj.com	6001	2023-04-15
greanvillepost.com	8976	2026-07-05
great98.net	10150	2022-09-19
greatbendpost.com	33935	2026-07-05
greaterbelize.com	5395	2026-07-04
greatfallstribune.com	6218	2023-09-08
greatlakesadvocate.com.au	58889	2026-07-05
greekcitytimes.com	18898	2026-03-10
greekherald.com	61169	2026-07-05
greekreporter.com	30344	2026-06-07
greeleytribune.com	35037	2026-07-05
greenbaypressgazette.com	11617	2023-09-11
greencarcongress.com	11692	2024-07-30
greenevillesun.com	19535	2026-07-05
greenfieldreporter.com	43235	2025-05-15
greenleft.org.au	8061	2026-07-05
greenocktelegraph.co.uk	125947	2026-07-05
greensboro.com	56283	2026-07-02
greensburgdailynews.com	40014	2026-07-03
greenvilleonline.com	6965	2023-09-11
greenwichfreepress.com	6856	2026-07-05
greenwichtime.com	135194	2025-06-12
grenadachronicle.com	17359	2026-07-05
grenfellrecord.com.au	26015	2026-07-05
grimsbytelegraph.co.uk	76671	2026-07-05
grmdaily.com	11485	2026-06-28
groove993.com	11369	2026-06-19
ground.news	19048	2025-01-25
groundup.org.za	8409	2026-07-03
gsmarena.com	42306	2026-07-05
guampdn.com	51003	2026-07-05
guardian-series.co.uk	96280	2026-07-05
guardian.co.tt	46981	2026-07-05
guardian.ng	78980	2026-04-05
guelphmercury.com	9458	2026-07-05
guernicamag.com	7427	2026-06-16
guernseypress.com	79501	2026-07-05
guitarworld.com	16573	2026-07-05
gulf-times.com	55431	2026-07-05
gulf104.com	21514	2026-07-05
gulfbusiness.com	19994	2026-04-03
gulfcoastmedia.com	7623	2026-07-05
gulfcoastnewsnow.com	22661	2026-07-05
gulfnews.com	193867	2026-07-05
gulftoday.ae	52129	2026-03-19
gulte.com	39214	2026-07-05
gurlstudio.com	5527	2023-02-20
guyanachronicle.com	6750	2020-07-23
gvnews.com	8840	2026-07-04
gwdtoday.com	125393	2025-11-04
gwhatchet.com	8602	2026-07-03
gwinnettdailypost.com	84603	2026-07-03
gx94radio.com	25555	2026-07-05
gympietimes.com.au	53769	2021-04-28
haaretz.com	63908	2026-07-05
haberx.com	6873	2025-09-08
habseyesontheprize.com	6541	2026-07-05
hackaday.com	10682	2026-07-05
hackneygazette.co.uk	29397	2026-07-05
haitilibre.com	9828	2026-07-05
haitisun.com	48103	2026-07-05
halesowennews.co.uk	139562	2026-07-05
halfwheel.com	11265	2026-07-05
halifax.citynews.ca	6698	2025-10-14
halifaxcourier.co.uk	18225	2025-01-23
haligonia.ca	5293	2026-07-05
hallmarknews.com	15390	2026-07-05
halsteadgazette.co.uk	121309	2026-07-05
hamhigh.co.uk	54598	2026-07-05
hamodia.com	8109	2023-02-02
hampshirechronicle.co.uk	145473	2026-07-05
hampshirereview.com	7405	2026-07-02
hancinema.net	58020	2026-07-05
hanfordsentinel.com	25035	2026-07-05
hani.co.kr	11161	2026-07-05
hannaherald.com	8727	2026-07-05
hannibal.net	11133	2026-06-30
hannity.com	16455	2026-07-04
hapakenya.com	9147	2026-07-03
hapblog.com	8337	2025-05-22
harboroughmail.co.uk	11120	2025-01-23
hardcoregamer.com	13195	2026-07-03
hardenexpress.com.au	45834	2026-07-05
hardwoodparoxysm.com	8993	2026-07-01
harnesslink.com	28153	2026-07-03
harpersbazaar.com	24490	2026-07-05
harringayonline.com	46667	2026-07-05
harrisondaily.com	22134	2026-07-05
harrogateadvertiser.co.uk	15619	2025-01-23
harrowtimes.co.uk	93840	2026-07-05
hartenergy.com	8026	2025-09-18
hartfordbusiness.com	20571	2026-07-03
hartfordcitynewstimes.com	37081	2026-07-01
hartlepoolmail.co.uk	13236	2025-01-23
harvard.edu	14176	2026-07-04
harwichandmanningtreestandard.co.uk	124466	2026-07-05
hauraki.co.nz	9209	2026-07-03
havanatimes.org	6572	2026-07-05
havasunews.com	36406	2026-07-05
hawaii.edu	8583	2026-07-03
hawaiinewsnow.com	42468	2026-07-05
hawaiipublicradio.org	26321	2026-07-03
hawaiitelegraph.com	121365	2026-07-05
hawaiitribune-herald.com	18343	2026-07-05
hawkesburygazette.com.au	56749	2025-07-28
hayspost.com	31688	2026-07-05
hazard-herald.com	27885	2026-07-05
hcamag.com	9666	2026-07-03
hccommunityjournal.com	9629	2026-07-05
hcplive.com	11811	2026-03-27
hd983.com	16151	2026-07-03
hdnews.net	6721	2026-06-20
headlineplanet.com	8656	2026-07-05
healio.com	38544	2026-07-05
health.com	6689	2026-03-17
healthcanal.com	7276	2025-02-04
healthcaredive.com	7653	2026-07-02
healthcarefinancenews.com	5465	2026-06-03
healthcareitnews.com	14929	2026-06-04
healthday.com	6606	2026-07-02
healthleadersmedia.com	15931	2026-06-30
heart.co.uk	21074	2026-07-03
heartfm.ca	13515	2026-07-05
heaven1460.com	9103	2026-06-22
heavy.com	23260	2026-06-18
hedgeweek.com	6175	2026-05-20
helenair.com	63953	2026-07-05
helihub.com	5597	2024-07-26
hellenicshippingnews.com	159013	2026-07-05
hellobeautiful.com	5279	2026-07-05
hellomagazine.com	104540	2026-07-05
helsinkitimes.fi	6311	2026-07-05
hemeltoday.co.uk	10711	2025-01-23
hendersondispatch.com	15889	2026-07-04
hendersonvillelightning.com	6284	2026-07-04
henleystandard.co.uk	10844	2026-07-05
henricocitizen.com	5747	2026-07-03
henryherald.com	63892	2026-07-04
hepburnadvocate.com.au	47528	2026-07-05
her.ie	53028	2026-06-26
herald-citizen.com	11398	2026-07-04
herald-dispatch.com	53037	2026-07-05
herald-review.com	67693	2026-07-05
herald-zeitung.com	14120	2026-07-04
herald.co.zw	61471	2025-01-23
heraldandnews.com	22856	2026-07-03
heraldbanner.com	8746	2026-07-02
heraldbulletin.com	61073	2026-07-05
heraldcourier.com	40933	2026-07-05
heralddemocrat.com	9146	2026-06-22
heraldextra.com	19422	2026-07-05
heraldglobe.com	148579	2026-07-05
heraldgoa.in	13912	2026-07-05
heraldlive.co.za	30798	2025-01-25
heraldmailmedia.com	43614	2023-09-11
heraldmalaysia.com	22801	2026-03-11
heraldnet.com	17967	2026-07-05
heraldnews.com	11208	2023-09-11
heraldpalladium.com	36330	2026-07-05
heraldscotland.com	144874	2026-07-05
heraldseries.co.uk	131945	2026-07-05
heraldstandard.com	19688	2026-07-05
heraldstaronline.com	20441	2026-07-03
heraldsun.com.au	122647	2024-07-31
heraldtribune.com	22337	2023-09-11
herefordtimes.com	66047	2026-07-05
heritagefl.com	9887	2026-07-02
hermistonherald.com	7486	2026-07-05
hertfordshiremercury.co.uk	22775	2025-11-04
hertsad.co.uk	38362	2026-07-05
hexham-courant.co.uk	127936	2026-07-05
hexus.net	6999	2025-02-25
hiawathaworldonline.com	37470	2026-06-24
hickoryrecord.com	49201	2026-07-02
hiddenremote.com	6461	2026-07-05
highlandcountypress.com	23792	2026-07-05
highlandradio.com	53033	2026-07-05
highrivertimes.com	8899	2026-07-05
highschoolot.com	5755	2026-06-09
highsnobiety.com	21735	2026-07-05
highway989.com	9762	2026-07-01
hillingdontimes.co.uk	118392	2026-07-05
hillsdale.net	5253	2023-09-11
hilltimes.com	7724	2026-07-05
hindi.cri.cn	9489	2026-07-05
hindustantimes.com	503407	2026-07-05
hiphopdx.com	39549	2026-05-18
hiphopnc.com	11285	2026-07-04
hiphopwired.com	11490	2026-07-03
hirunews.lk	7226	2026-03-05
history.com	12127	2026-07-05
historyextra.com	5227	2026-07-05
hitconsultant.net	9173	2026-06-26
hits1053sanantonio.com	6532	2026-07-05
hits96.com	18091	2026-07-02
hits973.com	9396	2026-07-04
hitsfm.net	44041	2026-07-04
hjnews.com	24569	2026-07-04
hltv.org	128348	2025-08-12
hngn.com	50466	2026-07-05
hngnews.com	42946	2026-07-05
hoganstand.com	26044	2026-07-05
hogshaven.com	9797	2026-07-05
hola.com	23288	2026-07-05
hollandsentinel.com	16685	2023-09-10
hollywoodlife.com	31449	2026-06-24
hollywoodreporter.com	69347	2026-07-05
homelandsecuritynewswire.com	9090	2026-07-03
homenewshere.com	65613	2026-07-05
homernews.com	5117	2026-07-04
hometownregister.com	115088	2026-07-05
hometownsource.com	74811	2026-07-05
hometownstation.com	23813	2026-07-05
hometownstations.com	71910	2026-07-05
hongkongherald.com	46137	2026-07-05
honisoit.com	6511	2026-07-03
honolulumagazine.com	9333	2026-07-05
hoodline.com	5815	2025-01-23
hopestandard.com	37792	2026-07-05
horseandhound.co.uk	18600	2026-07-05
hortweek.com	23116	2026-07-02
hospitalitydesign.com	5836	2026-07-05
hospitalitynet.org	56909	2026-06-29
hot101.com	10420	2026-07-05
hot1017.com	6653	2025-01-24
hot1029.com	15050	2026-07-02
hot1033.com	9170	2026-07-05
hot1047.com	28208	2026-07-02
hot105fm.com	6788	2026-07-04
hot1077radio.com	8964	2026-07-05
hot96.com	33995	2026-07-05
hot967.fm	5584	2023-03-17
hot967fm.com	26484	2026-07-05
hot969boston.com	24603	2026-07-05
hot97.com	17202	2026-07-03
hot975fm.com	16738	2026-07-04
hotair.com	90797	2026-07-05
hotaugusta.com	14448	2026-07-05
hotcountrybull.com	7573	2024-01-26
hoteliermiddleeast.com	7467	2023-03-21
hotelnewsresource.com	10749	2026-07-05
hotelscombined.com	5926	2026-06-23
hothardware.com	11326	2026-07-05
hotpress.com	15551	2026-07-05
hotspotatl.com	10520	2026-07-05
houmatoday.com	11760	2023-09-11
houseandgarden.co.uk	6227	2026-07-03
housebeautiful.com	11190	2026-07-03
housingwire.com	15828	2026-07-04
houstonchronicle.com	122357	2025-07-23
houstonherald.com	13085	2026-07-03
houstoniamag.com	5679	2026-07-05
houstonianonline.com	8913	2026-07-01
houstonpress.com	7563	2026-07-03
houstonpublicmedia.org	28577	2026-07-05
houstontexans.com	5244	2026-07-03
howestreet.com	10899	2026-07-05
howstuffworks.com	14191	2026-04-20
howtogeek.com	29490	2026-07-05
hpherald.com	5618	2026-07-02
hpj.com	14367	2026-07-05
hppr.org	49192	2026-07-05
hpr2.org	8519	2021-06-02
hrmagazine.co.uk	19243	2026-05-29
hrreporter.com	6585	2026-07-03
hrw.org	11845	2026-07-03
hsj.co.uk	13651	2025-09-05
htrnews.com	10229	2023-09-11
htsstlucia.org	6096	2026-07-04
htxt.co.za	11847	2026-07-03
hub-4.com	6161	2026-07-05
hubcityradio.com	7790	2026-07-05
hubspot.com	7651	2026-07-02
hucknalldispatch.co.uk	11608	2025-01-23
hudsoncountyview.com	10370	2026-07-02
hudsonreporter.com	7874	2026-04-24
hudsonstarobserver.com	6054	2026-07-04
hudsonvalley360.com	28171	2024-04-23
hudsonvalleycountry.com	43260	2026-07-05
huffingtonpost.ca	6676	2021-03-09
huffingtonpost.co.uk	40513	2026-07-05
huffpost.com	59772	2026-07-04
hulldailymail.co.uk	101072	2026-07-05
human-wrongs-watch.net	5228	2026-03-01
humanevents.com	9152	2026-07-05
humanitariannews.org	105823	2021-09-28
humanresourcesonline.net	7725	2026-07-02
humboldtjournal.ca	32771	2021-07-29
hungarytoday.hu	24666	2026-07-05
huntspost.co.uk	39178	2026-07-05
hurriyetdailynews.com	43537	2026-07-05
hutchnews.com	11848	2023-09-10
hydrocarbonprocessing.com	13487	2026-07-03
hypebeast.com	63481	2026-02-15
hypebot.com	12797	2026-07-03
hyperallergic.com	10013	2026-07-04
i1071.com	8884	2021-04-30
i24news.tv	27179	2026-07-05
i95rock.com	15451	2026-07-05
i95rocks.com	19075	2026-07-04
iafrica.com	22342	2026-07-05
iam-media.com	5328	2026-03-21
ianslive.in	294501	2026-07-05
ibcworldnews.com	24360	2026-07-05
iberianet.com	8444	2022-06-22
iberkshires.com	36125	2026-07-05
iberonews.com	6008	2026-07-03
ibinews.com	10505	2025-09-04
ibj.com	7840	2026-07-02
ibtimes.co.in	57442	2026-07-05
ibtimes.co.uk	69868	2026-07-05
ibtimes.com	192022	2026-07-05
ibtimes.com.au	31056	2026-07-05
ibtimes.sg	7279	2026-03-16
icaew.com	8065	2026-07-03
icenews.is	9641	2026-07-05
iconnect007.com	14962	2026-06-11
icsf.net	13044	2026-07-03
idahobusinessreview.com	7707	2026-06-04
idahopress.com	78633	2026-07-05
idahostatejournal.com	91556	2026-07-05
idahostatesman.com	5302	2024-07-30
ideastream.org	18844	2026-07-05
idg.com.au	6314	2023-02-14
idrw.org	65426	2026-07-05
idsnews.com	12668	2026-07-05
ieyenews.com	17503	2026-03-17
ifa.com.au	6640	2026-06-25
ifamagazine.com	11527	2026-01-16
ifiberone.com	57438	2023-02-15
igamingbusiness.com	14912	2026-07-03
igberetvnews.com	7537	2025-11-26
ign.com	80032	2026-07-05
iheart.com	14921923	2026-07-05
ijpr.org	32378	2026-07-05
ijr.com	5157	2026-03-19
ilfordrecorder.co.uk	29179	2026-07-05
illawarramercury.com.au	97515	2026-07-05
illinoistimes.com	9385	2026-07-03
ilonggotechblog.com	9731	2026-07-04
ilovebobfm.com	9473	2026-07-05
iloveqatar.net	6388	2025-11-27
imemc.org	10082	2026-07-05
imore.com	27836	2025-05-23
imparcialoaxaca.mx	5071	2026-04-01
impartialreporter.com	118054	2026-07-05
imt.ie	5800	2026-07-04
in-cumbria.com	14698	2026-07-05
in.gr	6861	2026-07-05
inc.com	5320	2025-08-22
inc42.com	11305	2024-02-02
indaily.com.au	8422	2025-01-20
indcatholicnews.com	9063	2026-07-05
inddist.com	9485	2025-10-03
indeonline.com	8553	2023-09-11
independantexpress.com	14258	2026-02-17
independent.co.uk	257767	2026-07-05
independent.com	16909	2026-07-05
independent.com.mt	23818	2026-07-05
independent.ie	289738	2026-05-19
independentnews.com	25042	2026-07-05
independentsentinel.com	45911	2026-06-10
independenttribune.com	46365	2026-07-05
india.com	282169	2026-02-23
indiablooms.com	34506	2026-07-05
indiaeducationdiary.in	56975	2026-07-05
indiagazette.com	254388	2026-07-05
indiainfoline.com	11763	2026-07-03
indianagazette.com	5626	2026-03-19
indianapolisrecorder.com	5862	2026-04-02
indianautosblog.com	9018	2026-07-03
indiancooperative.com	14056	2026-07-05
indianewengland.com	27425	2026-07-05
indianexpress.com	476964	2026-07-05
indiantelevision.com	24132	2025-01-23
indianweekender.co.nz	14354	2026-07-05
indiapost.com	10220	2026-07-03
indiatimes.com	2594164	2026-07-05
indiatoday.in	181286	2026-06-29
indiatvnews.com	126914	2026-07-05
indiawest.com	25524	2026-06-22
indiedb.com	15816	2025-11-16
indiewire.com	16173	2026-07-04
indonesiatribune.com	16810	2026-06-17
industrialinfo.com	10002	2026-07-03
industrytoday.co.uk	5784	2024-08-30
indysmix.com	10633	2026-07-05
indystar.com	25111	2023-09-11
indyweek.com	5238	2026-02-12
inews.co.uk	6840	2026-06-09
inewsgr.com	12594	2026-07-05
infiniteunknown.net	11693	2025-04-11
infonews.co.nz	8564	2026-07-05
inform.kz	15122	2023-09-17
informationng.com	36875	2026-07-05
informationweek.com	6826	2026-07-03
inforum.com	96082	2026-07-05
infosecurity-magazine.com	11589	2026-07-03
infotechlead.com	6419	2026-07-02
infotel.ca	204502	2026-05-01
infowars.com	37273	2025-06-05
infoworld.com	9345	2026-07-03
inlander.com	12944	2026-07-04
inlandnewstoday.com	17223	2026-07-04
inman.com	20707	2026-07-04
inmaricopa.com	9062	2026-07-05
innovationintextiles.com	5576	2026-07-03
innovationtoronto.com	12603	2025-07-14
inquirer.com	76699	2026-07-05
inquirer.net	247859	2026-07-05
inquisitr.com	72061	2025-05-14
insidebitcoins.com	25593	2026-06-15
insideclimatenews.org	5881	2026-06-23
insideedition.com	15008	2025-09-11
insideevs.com	27376	2026-07-05
insidefutbol.com	16629	2026-07-05
insidefutures.com	7921	2020-12-29
insidehalton.com	12818	2026-07-05
insidehighered.com	9322	2026-05-12
insideindianabusiness.com	21018	2026-07-02
insidelacrosse.com	6347	2024-12-01
insidenova.com	68764	2026-07-05
insideottawavalley.com	8643	2026-07-05
insidepulse.com	6894	2026-07-05
insider.com	15591	2024-01-08
insideretail.asia	8664	2026-07-03
insidermedia.com	8897	2025-01-23
insidermonkey.com	170837	2026-07-05
insidethegames.biz	24663	2024-09-13
insidetheiggles.com	6973	2026-07-05
insightnews.com	6515	2026-07-02
instinctmagazine.com	5025	2026-07-05
institutionalinvestor.com	6333	2025-12-11
instyle.com	18917	2026-03-17
insuranceage.co.uk	7753	2026-07-03
insurancebusinessmag.com	29820	2026-07-03
insuranceinsider.com	7694	2026-07-05
insurancejournal.com	71382	2026-07-05
insurancenewsnet.com	70667	2026-06-04
integra927.com	5224	2024-06-03
intelligencer.ca	48651	2026-07-05
intelligentinsurer.com	11820	2026-06-23
interest.co.nz	14098	2026-07-05
interestingengineering.com	6703	2026-03-19
interfax.com	40978	2026-03-19
interfax.com.ua	59711	2026-07-05
intergameonline.com	15693	2026-05-17
interior-news.com	27477	2026-07-05
interlochenpublicradio.org	35410	2026-07-05
international-adviser.com	7872	2026-07-03
internationaltimes.it	5736	2026-07-04
intouchweekly.com	13099	2026-07-04
intrafish.com	14529	2026-07-03
inverelltimes.com.au	52755	2026-07-05
inverness-courier.co.uk	79391	2026-07-05
investegate.co.uk	544741	2026-07-04
investing.com	84818	2026-03-26
investinglive.com	13990	2026-07-05
investingnews.com	18581	2026-07-03
investmentexecutive.com	18047	2026-07-05
investmentnews.com	16070	2026-07-03
investmentwatchblog.com	55248	2026-07-01
investmentweek.co.uk	18073	2026-07-03
investopedia.com	18705	2026-03-17
investordaily.com.au	10101	2026-06-24
investorideas.com	8102	2026-07-03
investorplace.com	21418	2026-07-02
investors.com	45771	2026-07-03
investorschronicle.co.uk	12159	2026-07-03
invezz.com	37889	2025-09-23
inyourpocket.com	5312	2026-07-03
iol.co.za	227944	2025-01-23
iomtoday.co.im	27026	2026-07-05
iowapublicradio.org	49405	2026-07-05
iowastatedaily.com	6756	2026-07-02
ipe.com	9537	2025-09-04
ipolitics.ca	10831	2025-04-24
ipowerrichmond.com	12524	2026-07-04
ippmedia.com	8175	2025-02-26
ipsnews.net	17910	2026-07-03
ipswichadvertiser.com.au	21261	2020-06-29
ipswichstar.co.uk	91314	2026-07-05
ipwatchdog.com	9089	2026-07-05
iradio.ie	8796	2026-07-02
iranherald.com	66967	2026-07-05
iranoilgas.com	6914	2026-07-05
iraqsun.com	80039	2026-07-05
irasciblemusings.com	20726	2024-01-20
irishamerica.com	6786	2026-06-24
irishcentral.com	18982	2026-07-05
irishdentist.ie	6288	2026-07-05
irishecho.com	5424	2026-07-04
irishexaminer.com	119201	2026-07-05
irishmirror.ie	173064	2026-07-05
irishnews.com	84323	2026-07-05
irishsun.com	47480	2026-07-05
irishtimes.com	218927	2026-07-05
ironmountaindailynews.com	24268	2026-07-04
irrawaddy.com	10690	2025-12-09
irrigator.com.au	51357	2026-07-05
irvinetimes.com	91971	2026-07-05
islamicinvitationturkey.com	11984	2026-07-05
island.lk	53380	2026-07-05
islandpacket.com	5017	2024-07-29
islands.com	23179	2026-07-05
islingtongazette.co.uk	28848	2026-07-05
islingtontribune.co.uk	6087	2026-07-03
ispreview.co.uk	5456	2026-07-05
israelherald.com	36197	2026-07-05
israelnationalnews.com	244213	2026-07-05
israeltoday.co.il	6119	2025-04-16
isthmus.com	15450	2026-07-05
it-online.co.za	81290	2026-07-05
italian.cri.cn	10319	2026-07-05
itbrief.co.nz	12695	2026-07-05
itbusinessnet.com	162052	2026-07-05
itechpost.com	17681	2026-07-05
itemlive.com	12111	2026-07-05
itemonline.com	17848	2026-07-04
ithaca.com	6322	2026-07-02
ithacajournal.com	5125	2023-09-11
itnews.com.au	11273	2026-07-05
itnewsafrica.com	10335	2026-07-03
itnewsonline.com	129361	2026-07-05
itnonline.com	8005	2026-07-03
itp.net	8530	2023-03-21
itpro.co.uk	9219	2023-04-11
itsnicethat.com	7779	2026-07-03
itv.com	100917	2025-06-02
itweb.co.za	13980	2026-07-03
itwire.com	22759	2026-07-05
ivpressonline.com	91314	2026-07-05
iwf.org	6281	2025-09-09
iwradio.co.uk	53936	2026-07-05
j-14.com	5231	2025-08-11
jacarandafm.com	47221	2026-07-05
jacksonprogress-argus.com	67344	2026-07-05
jacksonsun.com	6477	2023-09-11
jacksonville.com	16128	2023-09-11
jacksonvilleprogress.com	10725	2026-07-03
jagonews24.com	28631	2026-04-15
jagranjosh.com	80310	2026-07-05
jaguars.com	6880	2026-07-05
jalopnik.com	25239	2026-07-05
jamaica-gleaner.com	90432	2026-07-05
jamaica-star.com	39868	2026-07-03
jamaicantimes.com	39764	2026-07-05
jamaicaobserver.com	219560	2026-07-05
jambands.com	6807	2026-07-05
jambase.com	11492	2025-12-12
jamestown.org	5095	2026-07-03
jamestownsun.com	52013	2026-07-05
janes.com	20532	2026-06-30
japanherald.com	65674	2026-07-05
japantimes.co.jp	118933	2026-06-29
japantoday.com	71932	2026-06-25
jaxdailyrecord.com	8843	2024-01-03
jayski.com	6195	2025-01-18
jbhe.com	9124	2026-07-05
jckonline.com	8047	2026-07-02
jcnnewswire.com	16541	2026-07-05
jconline.com	6301	2023-09-10
jcpost.com	26624	2026-07-05
jdnews.com	12765	2026-07-04
jdsupra.com	312954	2026-07-05
jeepforum.com	5241	2026-06-11
jerseyeveningpost.com	82094	2026-07-05
jewishjournal.com	10648	2023-03-03
jewishlink.news	5362	2023-06-17
jewishpress.com	41644	2026-07-05
jewishtimes.com	5038	2026-07-02
jewishworldreview.com	8420	2026-07-03
jezebel.com	9806	2026-07-05
jg-tc.com	57004	2026-07-05
jhnewsandguide.com	17808	2026-07-04
jhu.edu	18376	2026-07-05
jns.org	30853	2026-07-05
joe.co.uk	22824	2026-04-16
joe.ie	23908	2026-04-15
johnogroat-journal.co.uk	46332	2026-07-05
johnsoncitypress.com	21521	2025-12-16
jonathanturley.org	7355	2026-07-05
joplinglobe.com	89674	2026-07-05
jordantimes.com	57288	2026-07-05
jose947.com	15323	2025-03-13
journal-advocate.com	28703	2026-07-05
journal-news.com	38373	2026-07-05
journal-news.net	27860	2026-07-05
journal-spectator.com	9839	2025-11-25
journal-topics.com	8652	2026-07-04
journal.com.ph	14536	2026-07-05
journalgazette.net	78328	2026-07-05
journalinquirer.com	22390	2023-06-03
journalism.co.uk	5464	2026-07-03
journalismpakistan.com	7115	2026-07-05
journalnow.com	73436	2026-07-04
journalpatriot.com	10259	2026-07-03
journalpioneer.com	22877	2020-11-11
journalrecord.com	37118	2026-06-03
journalreview.com	10786	2026-07-05
journalstandard.com	5432	2023-09-10
journalstar.com	111180	2026-07-05
journaltimes.com	69542	2026-07-05
jowhar.com	7799	2026-07-05
jox2fm.com	41278	2025-07-23
joxfm.com	17502	2026-07-05
joy.org.au	11684	2026-07-05
jpost.com	168290	2026-07-05
jsonline.com	32169	2023-09-11
jta.org	11234	2025-05-12
jtv.com	50598	2026-07-02
jumpradio.ca	7573	2026-06-29
juneauempire.com	7976	2026-07-04
juneesoutherncross.com.au	102742	2026-07-05
juniorminingnetwork.com	20028	2026-07-04
junkee.com	6676	2026-02-19
jurist.org	6889	2026-03-19
just-auto.com	11100	2026-07-03
just-drinks.com	7467	2026-07-03
just-food.com	8786	2026-07-03
just-style.com	9040	2026-07-03
justarsenal.com	17187	2026-07-05
justblogbaby.com	5506	2026-07-05
justice.gov	5015	2025-11-26
justiceinfo.net	9519	2026-07-04
justjared.com	611881	2026-07-05
justjaredjr.com	121436	2026-07-01
justmeans.com	17128	2023-01-06
justsecurity.org	5375	2026-07-02
juxtapoz.com	6197	2026-05-13
jweekly.com	11114	2026-07-03
jwire.com.au	13906	2026-06-27
k100country.com	5797	2026-07-05
k101fm.net	41439	2026-04-22
k1047.com	23126	2026-07-05
k105.com	12300	2026-07-01
k12.wi.us	18153	2026-06-18
k2radio.com	26231	2026-07-03
k923orlando.com	8702	2026-07-05
k945.com	37997	2026-07-04
k96fm.com	16948	2026-07-05
k985.com	5843	2020-12-09
k99.com	21897	2026-07-05
k99online.com	6541	2026-01-28
k99wigm.com	7786	2026-07-04
kaaltv.com	75975	2026-03-17
kabc.com	30118	2026-07-05
kachwanya.com	6946	2026-07-04
kacu.org	55804	2026-07-05
kafe.com	5503	2026-07-05
kagstv.com	38121	2026-06-06
kaieteurnewsonline.com	30105	2026-07-05
kait8.com	33933	2026-07-05
kajo.com	5709	2026-07-04
kake.com	50609	2026-07-05
kalb.com	17284	2026-07-05
kalw.org	47904	2026-07-05
kamcity.com	15232	2025-11-18
kamloopsbcnow.com	12097	2026-07-05
kamloopsthisweek.com	20035	2023-10-27
kansascity.com	5375	2024-07-30
kansaspublicradio.org	23097	2026-07-05
kanw.com	37966	2025-07-07
kaok.com	41774	2026-07-05
kare11.com	62042	2026-06-25
karennews.org	7311	2026-06-29
karriere.at	11037	2024-03-25
kashmirlife.net	41520	2026-07-05
kashmirreader.com	48771	2026-07-05
kashmirtimes.com	19591	2026-07-05
kashmirtimes.in	16699	2025-04-18
kasu.org	93799	2026-07-05
katc.com	46291	2026-07-05
katcountry989.com	44802	2026-07-02
katherinetimes.com.au	61936	2026-07-05
kathmandupost.com	27173	2026-07-05
katm.com	6195	2026-07-05
katsfm.com	42722	2026-07-05
katt.com	9303	2026-07-05
katu.com	41678	2026-07-05
katv.com	34182	2026-07-05
kawc.org	62549	2026-07-05
kawowo.com	6951	2026-07-05
kazu.org	66780	2026-07-05
kbat.com	27030	2026-07-05
kbcy.com	5448	2026-07-05
kber.com	8715	2026-07-05
kbft.org	7805	2026-07-01
kbhbradio.com	8708	2025-01-23
kbia.org	37050	2026-07-05
kbnd.com	7323	2026-07-02
kboo.fm	6686	2026-07-05
kbrx.com	7751	2026-06-12
kbs.co.kr	63715	2026-07-05
kbtt.fm	20146	2026-07-04
kbtx.com	27591	2026-07-05
kbull93.com	13417	2022-09-06
kbur.com	16632	2026-07-05
kbzk.com	38475	2026-07-05
kcbd.com	30167	2026-07-05
kcbx.org	31124	2026-07-05
kcby.com	33690	2026-07-05
kcchronicle.com	7039	2023-05-01
kcci.com	82680	2026-07-05
kccu.org	57669	2026-07-05
kcentv.com	51557	2026-06-06
kcet.org	7715	2023-09-25
kchanews.com	10264	2026-07-03
kciiradio.com	24132	2026-06-26
kclr96fm.com	8212	2026-07-05
kclu.org	46420	2026-07-05
kcra.com	110147	2026-07-05
kcrg.com	36129	2026-07-05
kcrr.com	26052	2026-07-05
kcrw.com	21945	2026-01-30
kctv5.com	41080	2026-07-05
kcur.org	16032	2026-07-05
kdal610.com	12741	2025-09-30
kdat.com	45229	2026-07-05
kdhlradio.com	57404	2026-07-05
kdhnews.com	88995	2026-07-05
kdks.fm	16607	2026-07-04
kdlg.org	17369	2025-01-27
kdminer.com	6459	2026-07-05
kdramastars.com	20436	2026-07-04
kdrv.com	29587	2026-07-04
kdux.com	9742	2026-06-25
kdvr.com	6504	2026-02-17
kdwn.com	7218	2022-11-12
keanradio.com	21002	2026-07-05
kearneyhub.com	50081	2026-07-05
kecofm.com	9014	2026-07-04
kedm.org	55022	2026-07-05
keighleynews.co.uk	130417	2026-07-05
kekbfm.com	33081	2026-07-05
kelo.com	81257	2026-07-05
kelofm.com	17752	2026-07-05
kelownacapnews.com	52770	2026-07-05
kelownadailycourier.ca	60661	2026-07-05
kenoraonline.com	7083	2025-08-25
kenoshanews.com	7298	2025-08-27
kens5.com	72133	2026-06-05
kentlive.news	5708	2026-07-02
kentonline.co.uk	94617	2026-07-05
kentuckynewera.com	34471	2026-07-04
kenw.org	42062	2026-07-05
kenyan-post.com	44342	2026-07-05
kenyans.co.ke	16332	2026-03-18
kenyastar.com	65558	2026-07-05
keprtv.com	25980	2026-06-05
keranews.org	24427	2026-07-03
kerrang.com	13276	2026-07-05
kesn1033.com	9325	2020-10-06
kesq.com	80194	2026-07-05
ketchikandailynews.com	6890	2026-07-01
ketr.org	47817	2026-07-05
ketv.com	77715	2026-07-05
kevinmd.com	18014	2026-05-27
keyc.com	18662	2026-07-04
keyj.com	20434	2026-07-05
keysnews.com	49695	2026-07-05
keyt.com	103040	2026-07-05
keyw.com	24655	2026-07-05
kezi.com	27684	2026-07-05
kezj.com	21779	2026-07-04
kfdi.com	10996	2026-01-28
kfdm.com	32610	2026-07-05
kffm.com	29013	2026-07-04
kfgo.com	71265	2026-07-05
kfilradio.com	60291	2026-07-05
kfiz.com	10449	2026-07-05
kfm.co.ug	8614	2026-04-20
kfm.co.za	9754	2024-01-15
kfmx.com	30880	2026-07-05
kfor.com	7646	2026-06-11
kfox95.com	28036	2026-07-03
kfoxtv.com	37913	2026-07-05
kfqd.com	6511	2026-06-30
kfru.com	37723	2026-07-05
kfrxfm.com	17291	2026-07-02
kfvs12.com	50541	2026-07-05
kfyo.com	19052	2026-07-03
kfyrtv.com	28572	2026-07-05
kgab.com	6496	2026-03-06
kggo.com	10383	2026-07-05
kgmi.com	7909	2024-01-16
kgmo.com	7187	2026-07-02
kgns.tv	22492	2026-07-05
kgoradio.com	26604	2022-10-06
kgou.org	65717	2026-07-05
khaama.com	21713	2026-07-05
khak.com	38821	2026-07-05
khaleejtimes.com	156179	2026-06-26
khaosodenglish.com	9434	2025-01-23
khay.com	5444	2026-07-05
khit1075.com	22061	2026-07-05
khits.com	51156	2026-06-22
khmertimeskh.com	29011	2025-07-08
khop.com	10185	2026-07-05
khou.com	72508	2026-06-06
khq.com	82792	2026-07-05
khqa.com	31302	2026-07-05
kicdam.com	7503	2024-07-31
kickam1530.com	24245	2026-07-05
kickoff.com	30214	2026-07-05
kicks105.com	20194	2026-07-05
kicks1063.com	11279	2026-07-05
kicks99.com	15472	2026-07-05
kickscountry.com	5002	2026-07-04
kicksonfire.com	45793	2026-06-01
kidderminstershuttle.co.uk	112595	2026-07-05
kiiitv.com	55653	2026-06-05
kiimfm.com	6154	2026-07-05
kikn.com	31974	2026-07-05
kilburntimes.co.uk	46997	2026-07-05
kildare-nationalist.ie	55093	2026-07-05
kilgorenewsherald.com	11714	2026-07-05
kilkennypeople.ie	58431	2026-05-14
kimatv.com	28907	2026-06-06
kimberleybulletin.com	28850	2026-07-05
kimt.com	57383	2026-07-05
kincardinenews.com	21188	2026-07-05
king5.com	67787	2026-06-05
kingdomfm.co.uk	18364	2025-01-03
kingfm.com	35275	2026-07-05
kingfut.com	10087	2026-07-05
kingstonthisweek.com	36695	2026-03-26
kinja.com	15310	2026-04-27
kink.fm	5462	2026-07-02
kinston.com	7565	2026-07-02
kion546.com	5562	2025-08-21
kios.org	47313	2026-07-05
kiow.com	15476	2026-07-05
kiplinger.com	14759	2026-07-05
kirksvilledailyexpress.com	8520	2026-07-05
kiro7.com	63096	2026-07-05
kism.com	9310	2026-07-02
kiss-1031.com	9095	2026-07-05
kiss951.com	29616	2026-07-05
kisscasper.com	24853	2026-07-04
kissfm969.com	25448	2026-07-04
kissrocks.com	7715	2026-07-03
kisswtlz.com	21794	2026-07-03
kitchener.citynews.ca	6837	2025-01-26
kitchener.ctvnews.ca	24550	2025-01-23
kitchenertoday.com	6824	2021-10-17
kitco.com	27138	2026-07-04
kitguru.net	21332	2026-07-05
kitsapsun.com	5916	2023-09-11
kitv.com	58789	2026-07-05
kivitv.com	7643	2026-03-19
kiwaradio.com	13441	2026-07-05
kiwiblog.co.nz	8726	2026-07-05
kix106.com	5941	2026-07-05
kix953.com	14882	2026-07-02
kix96.com	5919	2026-07-05
kixi.com	9051	2026-07-03
kixs.com	18984	2026-07-05
kixweb.com	7534	2026-06-20
kizn.com	6874	2026-07-05
kjas.com	10850	2026-07-05
kjct8.com	20176	2026-07-05
kjlhradio.com	6507	2026-07-03
kjmo.com	7596	2025-03-17
kjo1055.com	5493	2026-06-26
kjrh.com	18205	2026-07-05
kjzz.org	37761	2026-07-05
kkco11news.com	11486	2026-07-05
kkfm.com	13215	2026-07-05
kkgb.com	17796	2026-07-05
kkiq.com	16139	2026-07-02
kkoh.com	75478	2026-07-05
kkrv.com	14762	2026-06-22
kktv.com	24969	2026-07-05
kkyr.com	24199	2026-07-05
kkyx.com	6868	2026-07-04
klake.com	8869	2024-02-15
klaq.com	28813	2026-07-05
klaw.com	26148	2026-07-05
klcc.org	90966	2026-07-05
klce.com	5932	2024-08-29
klewtv.com	26166	2026-06-06
klif.com	78464	2026-07-05
klik1240.com	31383	2024-10-16
klin.com	14842	2026-07-04
klkl.fm	21080	2026-07-02
klkntv.com	36780	2026-07-05
klll.com	8834	2026-07-04
klove.com	5071	2026-06-29
klrc.com	5011	2026-07-03
kltv.com	33598	2026-07-05
klur.com	6075	2026-07-05
klyq.com	6235	2025-03-12
kmaj1440.com	110635	2026-07-01
kmaland.com	29546	2026-07-05
kmbc.com	77350	2026-07-05
kmch.com	11792	2026-07-05
kmfm.co.uk	8648	2026-07-05
kmhk.com	17793	2026-07-05
kmjnow.com	69795	2026-07-05
kmmo.com	22496	2026-07-05
kmmsam.com	12763	2026-07-03
kmov.com	18034	2023-12-04
kmuw.org	45266	2026-07-05
kmvt.com	18159	2026-07-05
kmxt.org	17423	2026-07-05
knac.com	17617	2026-07-02
knau.org	41255	2026-07-05
knbr.com	14484	2025-05-22
knco.com	7330	2026-07-03
kneb.com	8538	2021-03-30
knek.com	20213	2026-07-05
kniakrls.com	48473	2026-04-10
knoe.com	29941	2026-07-05
knopnews2.com	22786	2026-07-05
knoxnews.com	11024	2023-09-11
knoxradio.com	13444	2026-07-02
knpr.org	69761	2026-07-05
knsiradio.com	19294	2026-07-02
knue.com	35083	2026-07-05
knzr.com	12841	2026-05-14
koaa.com	50698	2026-07-05
koamnewsnow.com	30165	2026-07-05
koat.com	62004	2026-07-05
kob.com	131394	2026-07-05
kobi5.com	24387	2026-07-05
koco.com	85698	2026-07-05
kodiakdailymirror.com	6698	2026-06-26
koel.com	25076	2026-07-05
kogt.com	7047	2026-07-05
koimoi.com	71624	2026-07-05
koka.am	21716	2026-07-05
kokomoperspective.com	42673	2023-11-03
kokomotribune.com	59773	2026-07-05
kold.com	41688	2026-07-05
kolotv.com	28489	2026-07-05
komando.com	9923	2026-07-05
komonews.com	34872	2026-07-05
komu.com	51420	2026-07-05
kono1011.com	9033	2026-07-05
kool1017.com	33760	2026-07-05
kool1079.com	29354	2026-07-05
kool965.com	18512	2026-07-04
kool98.com	7138	2026-07-03
koolam.com	11051	2026-07-05
koolfmabilene.com	18730	2026-07-05
kopsource.com	65646	2024-11-23
koreabizwire.com	47083	2026-02-12
koreabridge.net	5070	2026-07-05
koreaherald.com	132619	2026-07-05
korean.cri.cn	7876	2026-07-05
koreatimes.co.kr	118738	2026-07-05
koreatimesus.com	6498	2025-07-18
kosu.org	32665	2026-05-09
kotaku.com	18505	2026-07-05
kotaku.com.au	19077	2026-07-02
kotaradio.com	7869	2026-07-05
kotatv.com	21595	2026-07-05
kowb1290.com	14165	2026-07-04
koxe.com	13511	2026-07-05
koze.com	10128	2026-07-02
kpax.com	44692	2026-07-05
kpbs.org	50750	2026-07-05
kpcnews.com	67253	2026-07-05
kpcw.org	37662	2026-07-05
kpel965.com	35910	2026-07-05
kpfa.org	13030	2026-07-05
kphrfm.com	11959	2026-07-03
kpic.com	36500	2026-07-05
kpla.com	9206	2026-07-05
kplctv.com	38823	2026-07-05
kpopstarz.com	22477	2026-07-04
kpq.com	14401	2026-07-05
kprs.com	8773	2026-06-20
kptv.com	31588	2026-07-05
kpvi.com	56313	2026-07-05
kqky.com	10095	2026-04-28
kqvt.com	14483	2026-07-04
kqxy.com	10145	2026-07-05
krcgtv.com	37159	2026-07-05
krcoam.com	5925	2022-04-05
krcrtv.com	43317	2026-07-05
krcu.org	65957	2026-07-05
krdo.com	109377	2026-07-05
krem.com	51326	2026-06-26
krforadio.com	52950	2026-07-05
krgv.com	62879	2026-07-05
kristv.com	38002	2026-07-05
krmg.com	31520	2026-07-05
krmsradio.com	5443	2026-07-05
krna.com	27559	2026-07-05
krnb.com	15170	2026-07-04
krny.com	11380	2026-07-05
kroc.com	41267	2026-07-05
krock.com.au	7061	2026-07-05
krock1017fm.com	5079	2021-05-15
krocnews.com	15243	2026-07-05
krod.com	17458	2026-07-02
krqe.com	5338	2025-11-18
krro.com	25094	2026-07-05
krrq.com	20518	2026-07-05
krrvonline.com	13040	2026-07-04
krtv.com	34237	2026-07-05
krvn.com	7917	2021-02-12
krvs.org	24687	2026-07-05
krwg.org	51610	2026-07-05
ks95.com	14680	2026-07-04
ksal.com	11394	2026-07-05
ksam1017.com	6916	2026-07-05
ksat.com	162519	2026-07-05
ksbw.com	62127	2026-07-05
ksby.com	54742	2026-07-05
kscj.com	8607	2026-07-05
ksdk.com	66285	2026-06-06
ksenam.com	13400	2026-07-05
ksfa860.com	13957	2026-07-04
ksfr.org	5604	2026-07-05
ksgf.com	12566	2026-05-23
kshb.com	45758	2026-07-05
kshe95.com	9725	2026-07-03
ksisradio.com	18676	2026-07-05
ksjbam.com	6009	2026-07-05
ksks.com	10756	2026-07-05
ksl.com	138666	2026-07-05
ksla.com	33670	2026-07-05
kslx.com	7313	2026-07-03
ksmb.com	19842	2026-07-05
ksmu.org	87888	2026-07-05
ksnblocal4.com	17957	2026-07-05
ksnt.com	7165	2025-07-16
ksoo.com	5993	2021-08-01
kspr.com	11386	2020-07-08
ksro.com	23115	2025-09-15
kstp.com	59468	2026-03-19
ksusentinel.com	36224	2026-06-19
ksut.org	37824	2026-07-05
kswo.com	27276	2026-07-05
ksyl.com	28300	2026-07-04
ktar.com	56303	2026-06-03
ktbb.com	46615	2026-07-05
ktbs.com	99071	2026-07-05
ktcx.com	6085	2026-07-05
kten.com	49711	2026-07-05
ktep.org	41983	2026-07-05
ktgl.com	8613	2026-07-01
kticradio.com	7000	2021-05-28
ktik.com	7219	2026-07-05
ktiv.com	36514	2026-07-05
ktla.com	8210	2025-05-28
ktnv.com	6090	2026-03-18
ktop1490.com	81181	2026-07-05
ktre.com	22322	2026-07-05
ktsa.com	18983	2026-07-05
kttn.com	17326	2025-11-10
ktts.com	11047	2025-11-23
ktucam.com	9209	2023-08-24
ktul.com	38360	2026-07-05
ktuu.com	8725	2020-07-16
ktvb.com	59027	2026-06-06
ktvh.com	30742	2026-07-05
ktvl.com	5464	2026-07-04
ktvo.com	28735	2026-07-05
ktvq.com	32895	2026-07-05
ktvu.com	65117	2026-07-05
ktvz.com	150098	2026-07-05
ktwb.com	8199	2026-06-29
ktxs.com	32602	2026-07-05
ku.edu	6655	2026-07-02
kuaf.com	47368	2026-07-05
kuam.com	24726	2026-04-30
kucb.org	8831	2026-07-02
kuenselonline.com	10007	2026-07-04
kuer.org	17114	2026-07-05
kugn.com	65464	2026-06-22
kuic.com	14807	2026-07-05
kulr8.com	69282	2026-07-05
kuna.net.kw	50048	2026-02-25
kunc.org	52301	2026-07-05
kunm.org	37838	2026-07-05
kunr.org	27108	2026-07-05
kuow.org	31776	2026-07-05
kurv.com	24711	2026-07-05
kusi.com	21626	2024-01-30
kut.org	13428	2026-07-05
kutx.org	5139	2026-07-03
kuvo.org	10238	2026-07-03
kuwaittimes.com	10873	2025-01-27
kuwaittimes.net	15352	2022-01-04
kuzz.com	6112	2026-07-05
kval.com	38992	2026-07-05
kvia.com	123431	2026-07-05
kvmr.org	8088	2026-07-05
kvnf.org	54234	2026-07-05
kvoa.com	47388	2026-07-05
kvoo.com	8055	2020-12-07
kvor.com	81079	2026-07-05
kvpionline.com	15452	2026-07-04
kvpr.org	35160	2026-07-05
kvrr.com	24332	2026-07-04
kvue.com	62654	2026-06-25
kw3.com	13160	2026-07-05
kwayradio.com	6605	2026-07-03
kwbu.org	77778	2026-07-05
kwcdcountry.com	10952	2026-07-05
kwch.com	28362	2026-07-05
kwhl.com	5391	2026-06-30
kwin.com	22877	2026-07-05
kwiq.com	8474	2026-06-12
kwit.org	74435	2026-07-05
kwqc.com	30662	2026-07-05
kwsn.com	21490	2026-07-05
kwtx.com	25897	2026-07-05
kwwl.com	6192	2026-03-17
kwxx.com	11529	2026-07-03
kx947.fm	6521	2026-07-03
kxel.com	61618	2026-07-04
kxii.com	17351	2026-07-05
kxkx.com	24768	2026-07-05
kxl.com	21406	2026-07-05
kxlf.com	37451	2026-07-05
kxlh.com	31304	2026-07-05
kxly.com	108389	2026-07-05
kxly920.com	15908	2026-07-05
kxrb.com	32983	2026-07-03
kxxv.com	52986	2026-07-05
kxzz1580am.com	8657	2022-01-03
ky3.com	51664	2026-07-05
kygl.com	21247	2026-07-05
kyis.com	9902	2026-07-05
kyivpost.com	65786	2026-07-05
kykz.com	5547	2026-07-05
kyma.com	57827	2026-07-05
kynt1450.com	14505	2026-07-05
kyodonews.net	22765	2026-07-05
kysdc.com	13126	2026-07-05
kyssfm.com	31049	2026-07-05
kyuk.org	26123	2026-07-05
kztv10.com	26000	2026-07-04
kzyx.org	46929	2026-07-05
labelsandlabeling.com	9341	2026-04-07
labmate-online.com	7410	2025-08-07
labusinessjournal.com	6054	2026-06-30
lacrossetribune.com	123794	2026-07-05
ladailypost.com	23769	2026-07-05
ladunliadinews.com	8588	2025-07-28
ladysmithchronicle.com	33283	2026-07-05
lagrandeobserver.com	13248	2026-07-03
lagrangenews.com	6436	2026-07-04
lagunabeachindy.com	5039	2026-07-04
lahainanews.com	5259	2026-07-04
laineygossip.com	13952	2026-06-30
laist.com	38107	2026-07-05
lajollalight.com	5593	2024-06-12
lakeexpo.com	8096	2026-07-05
lakegenevanews.net	29857	2026-07-03
lakenewsonline.com	10838	2026-07-02
lakersnation.com	15589	2026-07-05
lakeshoreadvance.com	22721	2026-07-05
lakeshowlife.com	5728	2026-07-05
lamag.com	9810	2026-07-05
lancashiretelegraph.co.uk	211575	2026-07-05
lancasterfarming.com	10076	2026-07-02
lancasterguardian.co.uk	14852	2025-01-23
lancasteronline.com	96562	2026-07-05
lankaweb.com	15943	2026-07-05
lansingstatejournal.com	8274	2023-09-11
laois-nationalist.ie	56337	2026-07-05
laosnews.net	93283	2026-07-05
laprensalatina.com	37186	2026-05-11
laramieboomerang.com	5085	2021-02-04
lasentinel.net	12449	2025-08-23
lasvegasweekly.com	7408	2026-07-05
latestly.com	108148	2025-01-27
latimes.com	182327	2026-07-05
latinamericanpost.com	11091	2026-07-05
latinfinance.com	12239	2026-06-26
latinnews.com	5453	2025-09-15
latinpost.com	19931	2026-06-30
latintimes.com	28851	2026-07-05
latpro.com	42075	2023-03-23
laughingplace.com	16691	2026-07-05
law360.com	146572	2026-07-05
lawandcrime.com	6285	2026-03-17
lawfuel.com	5106	2026-07-05
lawgazette.co.uk	18504	2025-09-05
lawofficer.com	10520	2026-07-04
lawstreetmedia.com	8727	2026-07-02
lawyersweekly.com.au	11575	2026-07-03
lbc.co.uk	75080	2026-07-05
lbcgroup.tv	7508	2026-06-10
lbpost.com	13682	2026-07-03
lcsun-news.com	11231	2023-09-11
leaderherald.com	10592	2023-10-24
leaderlive.co.uk	179786	2026-07-05
leaderpost.com	61686	2026-07-05
leadership.ng	97394	2026-07-05
leadertelegram.com	55409	2026-07-05
leamingtonobserver.co.uk	14118	2026-07-05
leavenworthtimes.com	9899	2026-07-02
lebanon-express.com	21448	2023-04-25
lebanondemocrat.com	81118	2026-07-05
ledburyreporter.co.uk	106419	2026-07-05
ledgertranscript.com	15074	2026-07-05
leducrep.com	16159	2026-07-05
leftfootforward.org	5543	2026-07-05
legalinsurrection.com	16378	2026-07-05
legallyindia.com	22095	2026-07-05
legalnewsline.com	16578	2026-07-05
legit.ng	17884	2026-03-19
legitgov.org	12446	2026-07-04
lehighacrescitizen.com	5438	2026-07-03
lehighvalleylive.com	48122	2026-02-23
leicestermercury.co.uk	116086	2026-07-05
leighjournal.co.uk	97521	2026-07-05
leightonbuzzardonline.co.uk	9193	2025-01-23
leinsterexpress.ie	59110	2026-05-12
leinsterleader.ie	62211	2026-05-12
leitrimobserver.ie	49217	2026-05-14
lelezard.com	35745	2026-06-02
lemonde.fr	9061	2026-04-15
lenconnect.com	10474	2023-09-11
lendio.com	8488	2023-07-02
lep.co.uk	26299	2025-01-23
lestimes.com	7191	2026-07-04
lethbridgeherald.com	62981	2026-07-05
letsrecycle.com	5984	2026-07-03
letsrun.com	12170	2026-06-01
lewistownsentinel.com	15155	2026-07-04
lewrockwell.com	31823	2026-06-04
lex18.com	36862	2026-07-05
lexch.com	23102	2026-07-05
lexology.com	31944	2026-07-02
lfpress.com	24450	2026-07-05
lgbtqnation.com	8913	2026-06-21
lgcplus.com	9784	2026-07-03
libcom.org	5235	2026-06-26
liberianobserver.com	16753	2026-07-04
libertyballers.com	7988	2026-07-04
libn.com	11056	2026-06-03
librivox.org	8475	2026-07-05
lichfieldlive.co.uk	13965	2026-07-05
lifeandstylemag.com	11871	2026-06-30
lifehacker.com	21024	2026-07-05
lifehacker.com.au	22827	2024-10-09
lifenews.com	17687	2026-07-03
lightreading.com	19029	2026-06-15
liherald.com	7086	2026-07-05
liliputing.com	5061	2026-06-23
lillooetnews.net	17763	2020-08-18
limaohio.com	35794	2025-04-15
limerickleader.ie	62755	2026-05-27
limerickpost.ie	12293	2026-07-05
lincolnshireworld.com	14183	2025-01-23
listenupyall.com	7602	2026-07-03
listverse.com	14178	2026-07-05
lite96.com	5798	2024-02-21
lite987.com	28545	2026-07-05
liteonline.com	22675	2026-07-04
literock959.com	22060	2025-03-27
literock969.com	8820	2022-04-18
lithgowmercury.com.au	45565	2026-07-05
littleapplepost.com	23897	2026-07-05
littlehamptongazette.co.uk	6387	2022-02-10
live.com	16087	2020-11-21
live5news.com	38014	2026-07-05
live955.com	10701	2026-07-01
live959.com	13419	2026-07-03
live95fm.ie	17430	2026-07-05
livecharts.co.uk	15176	2026-07-03
livejournal.com	95895	2026-07-05
livelaw.in	71537	2026-07-05
liveleak.com	5908	2021-05-30
livemint.com	219206	2026-07-05
livenews.co.nz	48646	2026-07-05
liverpoolecho.co.uk	210266	2026-07-05
liverpoolfc.com	12792	2026-07-05
livesaildie.com	9234	2026-07-05
livescience.com	16710	2026-07-05
ljworld.com	16242	2026-07-04
lloydslist.com	6574	2025-08-26
lmfm.ie	16237	2026-07-04
lmtonline.com	181735	2026-06-22
lmtribune.com	47848	2026-07-05
lobotero.com	6921	2026-07-05
local10.com	134010	2026-07-05
local12.com	34885	2026-07-05
local21news.com	39982	2026-07-05
local3news.com	47590	2026-07-05
localberkshire.co.uk	9988	2023-03-07
localgov.co.uk	12046	2026-07-03
localmatters.co.nz	6019	2026-07-03
localmemphis.com	55339	2026-06-06
localnews8.com	154739	2026-07-05
lockhaven.com	24070	2026-07-03
lockportjournal.com	24688	2026-07-05
locusmag.com	8767	2025-07-17
lodinews.com	7763	2026-07-05
loeildelaphotographie.com	9555	2025-04-10
loganbanner.com	6496	2026-07-03
logandaily.com	5218	2026-07-02
logisticsmanager.com	5601	2026-07-03
lohud.com	10472	2023-09-11
lombardiave.com	5481	2026-07-05
lompocrecord.com	29239	2026-07-05
london-now.co.uk	13616	2026-07-05
london.ctvnews.ca	22226	2025-01-23
londonlovesbusiness.com	25675	2026-07-05
londonmercury.com	33784	2026-07-05
londontheatre1.com	6097	2026-07-05
lonestar995fm.com	30294	2026-07-05
lonestarball.com	7828	2026-07-05
longbeachstar.com	28882	2024-09-21
longfordleader.ie	53948	2026-05-15
longisland.com	23299	2026-07-05
longislandpress.com	14397	2026-07-05
loopjamaica.com	16567	2021-05-20
loopnews.com	14595	2024-07-21
lordsofpain.net	6837	2020-04-18
losaltosonline.com	7184	2026-07-05
lostcoastoutpost.com	14187	2026-07-05
loudountimes.com	8341	2026-07-05
loudwire.com	20560	2026-07-05
louisianaradionetwork.com	9015	2026-07-04
louisianarecord.com	5312	2025-05-20
lovefm.com	8125	2026-07-04
lovinmalta.com	7683	2026-03-19
lowellsun.com	25059	2026-07-05
lowkickmma.com	23774	2026-07-05
lowvelder.co.za	20975	2023-08-31
lpheralddispatch.com	9315	2026-07-04
lrt.lt	16589	2026-07-05
lse.co.uk	94388	2025-01-23
lsionline.com	14800	2025-11-17
ltn.com.tw	15369	2026-07-05
lubbockonline.com	11096	2023-09-11
ludlowadvertiser.co.uk	123862	2026-07-05
lufkindailynews.com	33519	2026-07-05
lusakatimes.com	16334	2026-03-19
lutontoday.co.uk	13300	2025-01-23
luxtimes.lu	9904	2025-07-21
luxurytravelmagazine.com	12192	2026-07-05
lvb.com	8186	2026-06-04
lynnnews.co.uk	35921	2026-07-05
macaubusiness.com	15766	2025-08-13
macaudailytimes.com.mo	17970	2026-07-03
macdailynews.com	6735	2026-07-03
macleayargus.com.au	64230	2026-07-05
macmegasite.com	8764	2026-01-29
macobserver.com	5646	2025-08-19
macombdaily.com	38065	2026-07-05
macrobusiness.com.au	29700	2026-07-05
macrumors.com	6926	2026-07-02
mactech.com	12213	2026-07-04
macupdate.com	11635	2026-07-05
macworld.com	8866	2026-07-05
madamenoire.com	11041	2026-07-04
madinamerica.com	9808	2026-07-04
madison.com	122985	2026-07-05
madisonrecord.com	9887	2025-05-21
madrock1025.com	29491	2026-06-30
magic1021.com	9436	2026-07-04
magic1029fm.com	10054	2026-07-05
magic106.com	8642	2026-07-01
magic1073fm.com	8924	2026-07-05
magic93fm.com	10239	2026-07-05
magic983.com	17723	2026-07-05
magicbricks.com	8880	2026-06-28
magicvalley.com	78947	2026-07-04
magnoliareporter.com	24071	2026-07-05
mailtimes.com.au	41704	2026-07-05
mailtribune.com	10799	2023-06-01
mainebiz.biz	15252	2026-07-02
mainemirror.com	15229	2026-07-05
mainepublic.org	14418	2026-03-18
mainichi.jp	15559	2026-06-29
mainlinemedianews.com	28259	2026-07-05
mainstreetnews.com	6200	2026-07-02
maitlandmercury.com.au	107591	2026-07-05
makeuseof.com	22981	2026-07-05
malawi24.com	14330	2026-07-05
malawivoice.com	12167	2026-07-05
malaya.com.ph	31133	2026-04-22
malaymail.com	104909	2026-03-19
malaysiakini.com	76575	2026-07-05
malaysiasun.com	65224	2026-07-05
maldivesindependent.com	6926	2026-07-05
maldonandburnhamstandard.co.uk	124509	2026-07-05
maltatoday.com.mt	38916	2026-03-12
malverngazette.co.uk	115166	2026-07-05
mamamia.com.au	28780	2026-07-05
managingmadrid.com	12645	2026-07-05
manchestereveningnews.co.uk	259815	2026-07-05
manchesterjournal.com	12096	2026-07-02
mandurahmail.com.au	71105	2026-07-05
mangalorean.com	52795	2026-07-05
manicapost.co.zw	6458	2025-01-22
manilametro.com	5842	2024-07-24
manilastandard.net	10136	2026-03-18
manilatimes.net	355862	2026-07-05
manitobacooperator.ca	9695	2026-07-05
mankatofreepress.com	95584	2026-07-05
manningrivertimes.com.au	83524	2026-07-05
mansfieldnewsjournal.com	7976	2023-09-11
mantecabulletin.com	8991	2026-07-03
manufacturing.net	21568	2025-10-02
manutd.com	13965	2026-05-04
manxradio.com	21247	2026-07-05
mapleridgenews.com	31524	2026-07-05
maravipost.com	24971	2026-07-05
marca.com	7042	2026-05-24
marcellusdrilling.com	14717	2026-07-02
marconews.com	5934	2023-09-11
mareeg.com	8096	2026-07-04
margaretrivermail.com.au	37228	2025-08-20
marieclaire.co.uk	15875	2026-07-05
marieclaire.com	23129	2026-07-05
mariettatimes.com	18573	2026-07-05
marinecorpstimes.com	7791	2026-07-05
marinelink.com	29021	2026-07-05
marinelog.com	9329	2025-11-20
marinetechnologynews.com	7161	2026-07-03
marinij.com	32246	2026-07-05
maritime-executive.com	31826	2026-07-05
maritimeprofessional.com	5830	2026-07-02
marketbusinessnews.com	19406	2026-07-05
marketing-interactive.com	15150	2026-07-03
marketplace.org	12113	2026-07-04
marketpulse.com	11925	2026-07-03
marketrealist.com	8564	2026-07-02
markets.co	5867	2022-01-09
marketscreener.com	999061	2026-05-18
marketswired.com	5202	2025-01-04
marklevinshow.com	9938	2026-07-04
marshallindependent.com	17586	2026-07-03
marshfieldnewsherald.com	8584	2023-09-11
marthastewart.com	11116	2026-03-17
martinsvillebulletin.com	35825	2026-07-04
maryland.gov	7747	2026-07-05
marylandreporter.com	6678	2026-06-04
maryvilleforum.com	20314	2024-11-15
masala.com	18108	2024-07-13
mashable.com	46244	2026-07-05
massachusettsnewswire.com	6978	2026-07-02
massachusettssun.com	42905	2026-07-05
massdevice.com	8486	2026-02-21
masslawyersweekly.com	19316	2026-06-04
masslive.com	108215	2026-02-23
mathrubhumi.com	5608	2026-06-23
matr.net	6554	2026-07-03
mauinews.com	20336	2026-07-05
mauinow.com	15615	2026-07-05
maurice-info.mu	9150	2026-07-05
mavsmoneyball.com	7016	2026-07-05
max94one.com	23530	2026-07-05
maximumfun.org	6325	2026-07-04
mayerthorpefreelancer.com	15325	2026-07-05
mayonews.ie	20592	2026-05-21
mb.com.ph	181074	2026-07-05
mbcradio.com	5877	2026-07-05
mbtmag.com	18138	2025-09-17
mcalesternews.com	17002	2026-07-05
mcall.com	78878	2026-07-05
mcdonoughvoice.com	5718	2023-09-10
mcdowellnews.com	39435	2026-07-03
mcknights.com	8837	2026-03-11
mcphersonsentinel.com	6034	2026-06-24
mdislander.com	9658	2026-07-02
mdjonline.com	145254	2026-07-05
meadvilletribune.com	42613	2026-07-04
meathchronicle.ie	43823	2026-07-05
meaww.com	20365	2026-03-17
medafricatimes.com	6474	2026-07-04
medcitynews.com	14297	2026-07-05
mediaforfreedom.com	5275	2026-04-27
mediaite.com	84804	2026-07-05
mediamatters.org	14858	2026-07-03
medianama.com	11346	2026-07-04
mediapost.com	24391	2026-07-05
medicaldaily.com	7693	2026-07-04
medicalnewstoday.com	5460	2026-07-05
medicalxpress.com	141329	2026-01-29
medicinehatnews.com	72102	2026-07-05
medpagetoday.com	25044	2025-01-28
medscape.com	47438	2026-07-03
meed.com	23819	2026-07-03
mega979.com	6440	2026-07-05
mega993online.com	28903	2026-07-05
melfortjournal.com	10437	2026-07-04
meltontimes.co.uk	8291	2025-01-23
memphisflyer.com	6987	2026-07-03
memphissun.com	104025	2026-07-05
memri.org	9885	2025-04-22
menafn.com	973875	2026-03-10
mendocinobeacon.com	14992	2026-07-05
menshealth.com	29982	2026-07-05
mensxp.com	27074	2026-07-05
mentalfloss.com	14374	2026-07-05
meobserver.org	5455	2026-07-05
mercopress.com	22774	2026-07-05
mercurynews.com	79169	2026-07-05
meridianstar.com	36357	2026-07-02
merimbulanewsweekly.com.au	69452	2026-07-05
mesabitribune.com	52909	2026-07-05
messagemedia.co	11463	2026-07-05
messenger-inquirer.com	84821	2026-07-05
messenger.com.ge	5847	2026-07-03
messengernews.net	13233	2026-07-05
messengernewspapers.co.uk	142555	2026-07-05
metal.com	22196	2026-07-02
metalunderground.com	14356	2026-07-05
metro.co.uk	146522	2026-07-05
metro.us	86034	2025-11-03
metrojacksonville.com	11551	2026-07-04
metrotimes.com	12133	2026-05-14
metroweekly.com	6567	2026-07-05
metrowestdailynews.com	10026	2023-09-11
metv.com	10990	2026-07-02
metvmall.com	12496	2026-06-06
mexicoledger.com	7967	2026-07-04
mexiconewsdaily.com	6811	2026-03-15
mexicostar.com	63502	2026-07-05
mg.co.za	30001	2026-07-05
mgoblog.com	14877	2025-08-28
miamiherald.com	8780	2024-07-31
miaminewtimes.com	8561	2026-07-03
miamistudent.net	5438	2026-07-01
miamitimesonline.com	8560	2026-07-03
michigan.gov	5321	2023-02-02
michigandaily.com	7522	2026-07-04
michiganradio.org	23666	2024-01-10
michigansthumb.com	78149	2026-06-22
mid-day.com	98563	2026-07-05
middle-east-online.com	5563	2026-07-05
middleeasteye.net	45802	2026-07-05
middleeastmonitor.com	76108	2026-07-05
middleeaststar.com	113425	2026-07-05
middlenecknews.com	5169	2026-07-05
middletownpress.com	123670	2026-04-21
midhurstandpetworth.co.uk	5526	2022-02-10
midmichigannow.com	34564	2026-07-05
midnorthmonitor.com	48432	2026-07-05
midsussextimes.co.uk	5984	2022-02-10
midutahradio.com	16747	2026-07-03
midweekherald.co.uk	35007	2026-07-05
midwestradio.ie	25092	2026-07-05
mihomepaper.com	12568	2026-03-04
milawyersweekly.com	9157	2026-06-03
milehighreport.com	12466	2026-07-05
milforddailynews.com	8053	2023-09-07
milfordmercury.co.uk	90287	2026-07-05
milfordmirror.com	59636	2025-06-14
military.com	33038	2026-07-05
militarytimes.com	13388	2026-07-05
miltonkeynes.co.uk	14120	2025-01-23
milwaukeesun.com	45054	2026-07-05
mindat.org	13155	2025-01-23
minicassia.com	6201	2024-03-21
mining-journal.com	7397	2026-05-26
mining-technology.com	10766	2026-07-03
mining.com	46840	2026-07-05
mininggazette.com	10528	2026-07-03
miningjournal.net	22159	2026-07-05
miningmx.com	6914	2026-07-03
miningnews.net	11257	2026-05-26
miningweekly.com	49103	2026-07-02
minnlawyer.com	7668	2026-06-04
minnpost.com	8791	2026-07-05
minotdailynews.com	17967	2026-07-05
miragenews.com	619695	2026-07-05
mirror.co.uk	688882	2026-07-05
mis-asia.com	10366	2026-07-05
mishpacha.com	8187	2026-07-05
missioncityrecord.com	42005	2026-07-05
missionlocal.org	7120	2026-07-05
mississauga.com	7698	2026-07-05
mississippivalleypublishing.com	22887	2026-07-04
missoulian.com	135141	2026-07-04
mit.edu	10053	2026-07-03
mitchelladvocate.com	22452	2026-07-05
mitchellrepublic.com	31422	2026-07-05
mix100.com	5915	2026-07-01
mix1005.fm	24056	2026-07-02
mix100lubbock.com	15709	2026-07-04
mix103.com	9850	2026-07-05
mix1043fm.com	28185	2026-07-04
mix1069.com	14552	2026-07-05
mix106radio.com	25174	2026-07-05
mix108.com	35152	2026-07-05
mix929.com	24083	2026-07-04
mix931fm.com	30482	2026-07-04
mix941.com	21165	2026-06-26
mix941kmxj.com	20039	2026-07-04
mix949.com	26946	2026-07-05
mix957.net	8804	2024-01-04
mix957gr.com	20598	2026-07-05
mix965tulsa.com	6755	2025-10-22
mix979fm.com	13543	2024-04-26
mix987.com	9349	2026-07-04
mixx993.com	17295	2026-07-04
mizzima.com	20944	2025-01-23
mlb.com	77672	2026-07-05
mlbtraderumors.com	55775	2026-07-05
mlive.com	129535	2026-02-23
mmafighting.com	26926	2026-07-05
mmamania.com	25052	2026-07-05
mmanews.com	16189	2026-04-22
mmegi.bw	6775	2026-07-03
mmm-online.com	5384	2026-07-01
mobihealthnews.com	6860	2026-06-03
mobilesyrup.com	20812	2026-07-03
mobileworldlive.com	12275	2026-03-03
mobilitytechzone.com	5977	2024-09-17
mobypicture.com	32801	2023-10-03
moddb.com	38275	2025-11-16
model-engineer.co.uk	20635	2026-06-22
modernghana.com	172211	2026-07-05
modernhealthcare.com	11836	2026-06-18
modernreaders.com	462461	2025-04-18
moelane.com	11594	2025-07-17
mohavedailynews.com	14061	2026-07-05
mojo1029.com	11481	2026-07-05
moldpres.md	9534	2025-01-14
monacolife.net	5466	2026-07-05
mondaq.com	129074	2026-07-05
mondovisione.com	33622	2026-01-14
mondoweiss.net	7297	2026-07-04
moneycontrol.com	431950	2026-07-05
moneylife.in	21564	2026-07-04
moneymanagement.com.au	13351	2026-06-24
moneymarketing.co.uk	23992	2026-07-03
moneytalksnews.com	11262	2026-07-05
moneyweb.co.za	37490	2024-04-02
moneyweek.com	9429	2026-07-05
mongabay.com	9779	2026-07-03
monitor.co.ug	71515	2026-04-22
monocle.com	5944	2026-07-05
monroenews.com	13644	2023-09-11
monstersandcritics.com	55350	2025-10-02
montanarightnow.com	63523	2026-07-05
montereyherald.com	12606	2026-07-05
montgomery-herald.com	6187	2025-05-20
montgomeryadvertiser.com	8465	2023-09-11
montgomerynews.com	6458	2021-09-28
montreal.ctvnews.ca	32918	2025-01-23
montrealgazette.com	39061	2026-07-05
montrosepress.com	15674	2026-07-04
mooseradio.com	14356	2026-07-03
moreechampion.com.au	57844	2026-07-05
morganton.com	34785	2026-07-03
morning-times.com	36280	2026-07-03
morningadvertiser.co.uk	9510	2026-07-03
morningjournal.com	49451	2026-07-05
morningjournalnews.com	21640	2026-07-05
morningstar.com	102490	2026-07-05
morningstaronline.co.uk	41048	2026-07-05
morningsun.net	65532	2026-07-03
moroccoworldnews.com	16528	2026-07-05
mortgageintroducer.com	8340	2022-03-18
mortgagenewsdaily.com	7888	2026-07-02
mortgagesolutions.co.uk	14239	2026-07-03
mortgagestrategy.co.uk	23559	2026-07-03
morungexpress.com	72985	2026-07-05
mothership.sg	13261	2025-03-10
motor1.com	20202	2026-07-05
motorcyclenews.com	25852	2026-07-05
motorsport.com	22456	2026-07-05
moultonadvertiser.com	16551	2026-07-05
moultrieobserver.com	15716	2026-07-03
mountaineagle.com	9942	2026-07-05
mountvernonnews.com	10804	2026-07-03
mouthshut.com	5569	2026-07-05
movieweb.com	80681	2026-07-05
mpamag.com	7535	2026-07-02
mpnnow.com	10032	2023-09-11
mprnews.org	27241	2026-07-05
mrt.com	64966	2026-06-22
mrtopstep.com	18821	2024-11-22
mscnews.net	5600	2026-07-05
msn.com	2860431	2023-06-23
mtairynews.com	5881	2026-07-04
mtdemocrat.com	27660	2026-07-04
mtexpress.com	11432	2026-07-03
mtlblog.com	7132	2026-07-04
mtpr.org	17820	2026-07-03
mtstandard.com	60244	2026-07-05
mudgeeguardian.com.au	50917	2026-07-05
multifamilybiz.com	6035	2026-07-03
mumbrella.com.au	23789	2025-11-20
murfreesboropost.com	6340	2023-03-01
murrayledger.com	10674	2026-07-03
muscatdaily.com	19241	2026-07-05
muscatinejournal.com	106899	2026-07-05
music-news.com	20555	2025-12-16
musketfire.com	7057	2026-07-05
muskogeephoenix.com	22300	2026-07-03
muskokaregion.com	7746	2026-07-05
muswellbrookchronicle.com.au	68758	2026-07-05
mv-voice.com	10826	2026-07-05
mvariety.com	31159	2026-07-05
mvtimes.com	18197	2026-07-04
mwnation.com	17699	2026-07-05
mxdwn.com	6537	2026-07-05
my1035.com	12221	2026-07-05
my40.tv	7419	2022-01-31
my957.com	6708	2026-07-02
myalbertlea.com	12521	2026-06-08
myalgomamanitoulinnow.com	5735	2026-06-03
myanmarmuslim.net	18759	2024-11-05
myanmarnews.net	56838	2026-07-05
myaustinminnesota.com	20340	2025-06-14
myb106.com	27248	2026-07-03
mybeachradio.com	20323	2024-04-01
mybroadband.co.za	6013	2022-09-28
mycariboonow.com	9471	2026-06-04
mycentraljersey.com	12905	2023-09-11
mycentralnebraska.com	36768	2026-07-01
mycentraloregon.com	50185	2026-07-03
mycolumbuspower.com	12632	2026-07-04
mycountry955.com	30574	2026-07-05
mycouriertribune.com	7801	2024-10-05
mycowichanvalleynow.com	8504	2026-06-03
myeasternshoremd.com	11733	2026-07-05
myedmondsnews.com	20239	2026-06-15
myfox28columbus.com	38952	2026-07-05
myfox8.com	5960	2025-08-29
myheraldreview.com	9725	2026-01-16
myhorrynews.com	9286	2026-07-05
myiowainfo.com	17053	2026-05-01
myjournalcourier.com	67919	2026-06-22
myjournals.org	7241	2023-08-26
myjoyonline.com	111154	2026-03-19
myk104.com	7554	2026-07-05
mykiss1031.com	24971	2026-07-03
mykisscountry937.com	33602	2026-07-05
myklgr.com	21074	2026-07-03
mykxlg.com	86490	2026-07-05
myleaderpaper.com	34624	2026-07-05
mylloydminsternow.com	5646	2026-06-03
mylondon.news	6991	2026-06-29
mymagic106.com	6316	2026-07-05
mymagic949.com	8861	2026-07-04
mymagicgr.com	8906	2024-04-29
mymajic933.com	6401	2026-07-01
mymcmedia.org	12790	2026-07-03
mymix1061.com	15655	2026-07-05
mymixfm.com	36725	2026-07-05
mymmanews.com	9021	2026-07-01
mymoinfo.com	19936	2026-07-02
mymotherlode.com	177219	2026-07-05
mymuskokanow.com	6585	2026-06-01
mynbc5.com	71530	2026-07-05
myneworleans.com	9839	2026-07-02
mynews13.com	9426	2026-07-05
mynews4.com	32846	2026-07-05
mynewsla.com	65033	2026-07-05
mynorthbaynow.com	5340	2026-06-04
mynorthwest.com	219608	2026-07-05
mynspr.org	45481	2026-07-05
myozarksonline.com	17384	2026-06-22
myplainview.com	49460	2026-06-22
myprincegeorgenow.com	13790	2026-06-04
myq105.com	15320	2026-07-05
myq1075.com	20272	2026-07-05
myqcountry.com	12602	2026-07-01
myrecordjournal.com	12869	2023-12-30
mysailing.com.au	6159	2026-07-05
mysanantonio.com	83417	2025-11-18
myspiritfm.com	9599	2026-07-05
mystar98.com	20457	2026-07-05
mysteinbach.ca	10377	2026-07-05
mysteriousuniverse.org	10541	2026-06-26
mystratfordnow.com	7047	2026-06-03
mysuncoast.com	33980	2026-07-05
mytimminsnow.com	5104	2026-06-03
myuscountry.com	17621	2026-06-08
mywebtimes.com	8503	2023-05-01
naftemporiki.gr	7971	2026-07-03
nagalandpost.com	49549	2026-06-08
nagariknetwork.com	28805	2026-03-16
nagpurtoday.in	17398	2026-07-05
naharnet.com	87589	2026-07-05
naija247news.com	60640	2026-06-30
nairaland.com	77881	2025-07-26
nairametrics.com	12220	2026-03-04
nairobiwire.com	14171	2026-07-03
nakedcapitalism.com	12178	2026-07-05
namibian.com.na	31056	2026-07-05
namibiansun.com	21493	2026-07-04
nampa.org	44517	2024-11-08
nanaimobulletin.com	31916	2026-07-05
nancyonnorwalk.com	5277	2026-07-04
nantonnews.com	8219	2026-07-05
napaneeguide.com	39475	2026-07-05
napaneetoday.ca	9907	2026-07-03
napavalleyregister.com	68916	2026-07-05
naplesnews.com	11875	2023-09-11
naroomanewsonline.com.au	69737	2026-07-05
narrominenewsonline.com.au	43953	2026-07-05
nasa.gov	8186	2026-07-04
nasdaq.com	55605	2026-07-01
nashfm100.com	5723	2026-07-05
nashfm1025.com	5783	2026-07-05
nashvilleherald.com	101108	2026-07-05
nashvillepost.com	14218	2026-07-03
nashvillescene.com	11894	2026-07-03
nation.co.ke	29367	2022-02-18
nation.com.pk	11096	2022-06-06
nation.sc	31221	2026-07-04
nationalaccordnewspaper.com	53137	2026-07-05
nationalgeographic.com	10718	2026-07-05
nationalheraldindia.com	6988	2026-03-15
nationalhogfarmer.com	5929	2025-01-21
nationalinterest.org	48930	2026-01-29
nationalmemo.com	10139	2026-07-04
nationalmortgagenews.com	14330	2026-07-03
nationalmortgageprofessional.com	6336	2025-01-22
nationalnetworkonline.com	5205	2026-07-01
nationalobserver.com	21213	2026-07-04
nationalpost.com	52835	2026-07-05
nationalreview.com	12378	2021-07-27
nationaltribune.com.au	8043	2025-01-27
nationnews.com	30673	2026-07-05
nationofchange.org	6473	2026-03-18
nationthailand.com	16496	2026-03-16
natlawreview.com	116557	2026-07-04
naturalgasintel.com	18622	2026-07-03
naturalgasworld.com	12123	2025-02-26
naturalnews.com	63159	2026-07-05
nature.com	36747	2026-07-04
natureworldnews.com	17825	2026-07-02
naval-technology.com	6840	2026-07-03
naveenbharat.in	7607	2022-04-24
navhindtimes.in	32067	2026-07-04
navy.mil	6855	2025-03-06
navytimes.com	10169	2026-07-05
nba.com	18601	2026-03-18
nbc-2.com	55163	2025-02-05
nbc.com	6432	2026-07-01
nbc11news.com	9500	2023-12-14
nbc12.com	30170	2023-12-14
nbc15.com	19997	2023-12-14
nbc16.com	39081	2026-07-05
nbc24.com	8161	2026-07-05
nbc29.com	16840	2023-12-14
nbcbayarea.com	121652	2026-07-05
nbcboston.com	5342	2026-06-04
nbcchicago.com	143266	2026-07-05
nbcconnecticut.com	160810	2026-07-05
nbcdfw.com	141157	2026-07-05
nbclosangeles.com	138391	2026-07-05
nbcmiami.com	114266	2026-07-05
nbcmontana.com	43183	2026-07-05
nbcnews.com	180446	2026-07-05
nbcnewyork.com	138274	2026-07-05
nbcphiladelphia.com	139976	2026-07-05
nbcrightnow.com	52624	2026-07-05
nbcsandiego.com	115209	2026-07-05
nbcsvg.com	9296	2026-07-03
nbcwashington.com	91163	2026-07-05
nbnnews.com.au	29237	2026-07-03
nbr.co.nz	25907	2026-07-05
ncadvertiser.com	56294	2025-10-26
nclawyersweekly.com	7647	2026-06-03
ncnewsonline.com	57053	2026-07-05
ncpa.org	6553	2026-07-02
ncr-iran.org	8235	2026-07-05
ncregister.com	19362	2026-07-05
ncronline.org	16624	2025-10-08
ncspin.com	5015	2026-07-03
ndtv.com	342023	2025-05-26
nebraska.tv	33584	2026-07-05
necn.com	82611	2025-02-13
nehandaradio.com	13971	2026-07-05
neindia.com	6855	2026-07-05
neonnettle.com	10439	2022-07-30
neoskosmos.com	20515	2026-07-05
neowin.net	47848	2025-11-08
nepalnational.com	97519	2026-07-05
nerdist.com	18458	2026-07-03
netflixlife.com	5737	2026-07-05
netindian.in	5818	2025-08-21
netnewsledger.com	19909	2026-07-05
netscape.com	173356	2026-07-05
netsdaily.com	7208	2026-07-05
netwerk24.com	10158	2025-01-22
networkworld.com	7673	2026-07-03
neurologyadvisor.com	9310	2026-07-01
nevadaappeal.com	12575	2025-09-05
nevadabusiness.com	7274	2026-07-03
nevadanewsandviews.com	6130	2026-07-03
neveitalia.it	11740	2026-03-07
newagebd.net	23289	2025-05-26
newarab.com	9672	2025-09-21
newarkadvertiser.co.uk	32121	2026-07-05
newarkadvocate.com	6177	2023-09-11
newarkpostonline.com	5089	2026-07-05
newbernsj.com	11555	2026-07-05
newburyportnews.com	29715	2026-07-05
newburytoday.co.uk	26918	2026-07-05
newbusinessethiopia.com	13931	2026-07-04
newcanaanite.com	7653	2026-07-05
newcastleherald.com.au	149574	2026-07-05
newcivilengineer.com	13967	2026-07-03
newcountry991.com	6309	2022-04-29
newegg.com	25687	2026-07-05
newelectronics.co.uk	12266	2026-06-05
newfoodmagazine.com	5975	2026-03-31
newhamrecorder.co.uk	28828	2026-07-05
newhavenindependent.org	11266	2026-07-05
newidea.com.au	14433	2026-07-05
newindianexpress.com	146278	2026-07-05
newjerseyhills.com	40474	2026-06-30
newjerseytelegraph.com	112857	2026-07-05
newkerala.com	231670	2026-07-05
newmilfordspectrum.com	51343	2022-03-01
neworleanscitybusiness.com	16544	2026-06-03
neworleanssun.com	57129	2026-07-05
newportri.com	6992	2023-09-08
newrepublic.com	22868	2026-07-05
newrock1041.fm	7174	2026-07-03
news-daily.com	80836	2026-07-05
news-expressky.com	26907	2026-07-05
news-gazette.com	127608	2026-07-05
news-herald.com	51077	2026-07-05
news-journal.com	9083	2026-07-05
news-journalonline.com	17642	2023-09-11
news-leader.com	8165	2023-09-11
news-mail.com.au	44484	2021-04-28
news-medical.net	101833	2026-07-05
news-press.com	12874	2023-09-11
news-star.com	10607	2026-07-05
news.am	91119	2026-07-03
news.az	51055	2026-07-05
news.cn	13336	2022-04-14
news.com.au	91981	2024-07-30
news.err.ee	23415	2022-10-20
news.statetimes.in	7534	2020-06-12
news.tuoitre.vn	9881	2026-07-05
news12.com	73143	2026-07-05
news18.com	268439	2026-03-17
news24.com	166929	2026-07-05
news3lv.com	46000	2026-07-05
news4jax.com	155321	2026-07-05
news4sanantonio.com	48101	2026-07-05
news5cleveland.com	6019	2026-03-18
news8000.com	90864	2026-07-05
news9.com	76540	2026-07-05
news957.com	48715	2021-10-17
newsadvance.com	47174	2026-07-04
newsandsentinel.com	22956	2026-07-05
newsandstar.co.uk	187020	2026-07-05
newsandtribune.com	26317	2026-07-05
newsargus.com	25600	2026-07-04
newsbiscuit.com	5980	2026-07-05
newsblogged.com	5602	2026-05-27
newsbreak.com	10798	2025-12-06
newsbtc.com	36833	2026-07-05
newsbug.info	10749	2026-07-04
newsbusters.org	86639	2026-07-05
newsbytes.ph	5504	2026-07-04
newscenter1.tv	33926	2026-07-05
newscentermaine.com	38963	2026-03-19
newscentralasia.net	8210	2026-07-05
newschannel10.com	22784	2026-07-05
newschannel20.com	28933	2026-07-03
newschannel5.com	53149	2026-07-05
newschannel6now.com	23976	2026-07-05
newschannel9.com	39321	2026-07-05
newschannelnebraska.com	13127	2025-03-22
newschief.com	8585	2023-09-11
newscientist.com	17165	2026-07-05
newsdakota.com	21303	2026-07-01
newsday.co.tt	85746	2026-07-02
newsday.co.zw	29829	2026-07-05
newsday.com	102194	2026-07-05
newsdzezimbabwe.co.uk	7676	2025-12-25
newser.com	74977	2026-07-05
newsfirst.lk	12470	2026-03-19
newsghana.com.gh	83219	2026-07-05
newsherald.com	14695	2023-09-11
newshub.co.nz	18541	2024-07-04
newsincyprus.com	12862	2025-01-27
newsindiatimes.com	14261	2026-07-05
newsitem.com	27122	2026-07-05
newslaundry.com	5407	2026-07-04
newsleader.com	5481	2023-09-11
newsletter.co.uk	32306	2025-01-23
newsmakers.pk	21099	2026-07-05
newsmax.com	59273	2024-07-30
newsminer.com	33947	2026-07-05
newsnation.in	8047	2020-04-07
newsnationnow.com	6205	2025-12-25
newsnationtv.com	27052	2025-10-19
newsnow.co.uk	11423	2026-07-03
newsofbahrain.com	10103	2026-03-05
newson6.com	77374	2026-07-05
newsonair.com	29094	2021-11-26
newsone.com	8784	2026-07-05
newsonjapan.com	26227	2026-07-05
newsoptimist.ca	37573	2021-07-29
newspressnow.com	73355	2026-07-05
newsradio1029.com	75072	2026-07-05
newsradio1310.com	18953	2026-07-04
newsradio1440.com	23058	2025-03-17
newsradioklbj.com	7323	2026-06-16
newsregister.com	13510	2026-07-05
newsroompanama.com	12533	2026-07-05
newsshopper.co.uk	122859	2026-07-05
newstalk.com	44146	2026-07-05
newstalk1030.com	44575	2026-07-05
newstalk1280.com	24810	2026-07-05
newstalk1290.com	18693	2026-07-03
newstalk870.am	20658	2026-07-05
newstalkkgvo.com	16212	2026-07-04
newstalkkit.com	19503	2026-07-05
newstalkzb.co.nz	63060	2026-07-05
newstatesman.com	27346	2026-07-05
newstimes.com	131966	2025-06-12
newstoday.com.bd	12801	2021-01-24
newstodaynet.com	31304	2026-07-04
newstracklive.com	7310	2025-07-05
newstrib.com	7242	2023-05-01
newstribune.com	47112	2026-07-05
newsviewsnreviews.com	5466	2019-11-13
newswatchman.com	5121	2026-07-04
newsweek.com	286790	2026-07-05
newswest9.com	42241	2026-06-26
newswire.ca	21872	2026-07-04
newswire.net	5036	2026-07-03
newswiretoday.com	28254	2026-07-05
newswise.com	40315	2026-07-04
newsx.com	60387	2026-07-05
newsy.com	19898	2023-01-04
newtelegraphng.com	6479	2026-03-19
newtimesslo.com	8412	2026-07-02
newtoncountytimes.com	12114	2026-07-01
newtondailynews.com	6973	2026-07-05
newtownbee.com	13752	2026-07-05
newvision.co.ug	14877	2026-07-05
newwestrecord.ca	69228	2025-08-01
newyorker.com	16479	2026-07-05
newyorkstatesman.com	48952	2026-07-05
newyorktelegraph.com	176809	2026-07-05
newzealandstar.com	50359	2026-07-05
newzimbabwe.com	34052	2026-07-05
nextbigfuture.com	6169	2026-07-05
nextbigwhat.com	8596	2026-07-03
nextshark.com	11391	2026-07-02
nfl.com	9180	2026-03-18
nhbr.com	6994	2026-07-04
nhl.com	22373	2026-03-19
nhpbs.org	20784	2026-07-05
nhpr.org	27461	2026-07-05
nhregister.com	170698	2026-06-22
niagara-gazette.com	27235	2026-07-05
niagarafallsreview.ca	81087	2026-07-05
niagarathisweek.com	9985	2026-07-05
nichegamer.com	13711	2026-07-05
nigerianbulletin.com	9228	2026-07-01
nigerianeye.com	65016	2026-07-05
nigerianobservernews.com	13928	2026-07-05
nigerianpilot.com	7331	2020-10-27
nigeriasun.com	83823	2026-07-05
nih.gov	6188	2026-07-05
nikkei.com	15443	2026-07-05
nine.com.au	11525	2026-06-25
ninernoise.com	5523	2026-07-05
ninersnation.com	15396	2026-07-05
nintendoeverything.com	12254	2026-07-05
nintendolife.com	34468	2026-07-05
nintendoworldreport.com	15512	2026-07-05
nipawinjournal.com	10212	2026-06-28
niyitabiti.net	5586	2023-01-29
nj.com	120944	2026-02-23
nj1015.com	52965	2026-07-05
njbiz.com	17043	2026-06-04
njherald.com	11636	2023-09-11
nknews.org	10783	2026-07-05
nkytribune.com	10134	2026-03-11
nltimes.nl	22113	2026-07-05
nme.com	59133	2026-07-05
nmpoliticalreport.com	5443	2026-06-30
nna-leb.gov.lb	16290	2023-10-07
nny360.com	63179	2026-07-05
noise11.com	14154	2026-07-05
nola.com	79489	2026-07-05
nonpareilonline.com	59006	2026-07-05
noodls.com	5116	2025-05-02
noosanews.com.au	45618	2021-04-28
noozhawk.com	40410	2026-07-05
norfolkandtillsonburgnews.com	43489	2026-06-22
norfolkdailynews.com	32630	2026-07-05
norfolktoday.ca	10643	2026-07-03
normantranscript.com	25543	2026-07-05
northafricapost.com	13141	2026-07-05
northamptonchron.co.uk	23233	2025-01-23
northantstelegraph.co.uk	18240	2025-01-23
northbaynipissing.com	6577	2026-07-05
northcentralpa.com	34430	2026-07-05
northcoastcitizen.com	5728	2025-09-25
northcoastjournal.com	13004	2026-07-03
northcountrynow.com	65713	2026-07-05
northcountrypublicradio.org	55045	2026-07-05
northdenvernews.com	5795	2026-07-05
northdevongazette.co.uk	9532	2026-05-20
northeasttoday.in	14675	2026-06-26
northern-times.co.uk	45955	2026-07-05
northerndailyleader.com.au	102167	2026-07-05
northernirelandnews.com	19738	2024-12-03
northernirelandworld.com	23257	2025-01-23
northernminer.com	8260	2026-07-03
northernnews.ca	50340	2026-07-05
northernpublicradio.org	58079	2026-07-05
northernstar.com.au	43139	2021-04-28
northernvirginiamag.com	5249	2026-07-02
northescambia.com	18834	2026-07-05
northfortmyersneighbor.com	6138	2026-07-04
northislandgazette.com	30656	2026-07-05
northjersey.com	17610	2023-09-11
northkoreatimes.com	33935	2026-07-05
northplattebulletin.com	5960	2026-07-04
northqueenslandregister.com.au	30667	2026-07-05
northsomersettimes.co.uk	33458	2026-07-05
northumberlandgazette.co.uk	17505	2025-01-23
northumberlandnews.com	6620	2026-07-05
northwaleschronicle.co.uk	105079	2026-07-05
northwalespioneer.co.uk	108368	2026-07-05
northwestgeorgianews.com	145413	2026-07-05
northwestmoinfo.com	24161	2026-07-03
northwestsignal.net	40902	2026-07-03
northweststar.com.au	60441	2026-07-05
northwichguardian.co.uk	124277	2026-07-05
norwichbulletin.com	8631	2023-09-11
nottinghampost.com	122082	2026-07-05
nova.ie	26144	2026-07-05
novinite.com	65251	2026-07-05
nowgrenada.com	6134	2026-07-04
nownews.com	14527	2022-10-31
nowtoronto.com	18364	2026-06-25
npr.org	140166	2026-07-05
nptelegraph.com	45586	2026-07-05
nrl.com	13638	2026-07-05
nrn.com	15392	2026-07-03
nrq.com	6082	2026-07-01
nrtoday.com	27911	2026-07-04
nsnews.com	73578	2026-07-05
nst.com.my	19661	2025-09-22
ntnews.com.au	51861	2024-07-22
ntv.co.ug	23367	2026-06-30
nuclear-news.net	18612	2026-07-05
nugget.ca	61734	2026-07-05
nujournal.com	14002	2026-07-05
numberfire.com	17288	2025-10-21
nurseryworld.co.uk	5910	2026-06-19
nursingtimes.net	10211	2026-07-04
nutraingredients-usa.com	6370	2025-10-15
nutraingredients.com	7295	2026-07-03
nvdaily.com	71149	2026-07-05
nvi.com.au	46719	2026-07-05
nwaonline.com	80115	2026-07-05
nwasianweekly.com	5589	2025-12-21
nwemail.co.uk	168616	2026-07-05
nwfdailynews.com	15489	2023-09-11
nwherald.com	10392	2023-05-01
nwitimes.com	107034	2026-07-05
ny1.com	5132	2026-04-22
nyasatimes.com	24681	2026-07-05
nydailynews.com	153294	2026-07-05
nylon.com	5323	2026-07-02
nymag.com	11760	2026-07-05
nynganobserver.com.au	44235	2026-07-05
nypost.com	241575	2026-07-05
nystateofpolitics.com	15631	2026-07-03
nysun.com	20326	2026-07-05
nytimes.com	288460	2026-07-05
nzcity.co.nz	269127	2026-07-05
nzdoctor.co.nz	20162	2026-07-05
nzherald.co.nz	300135	2026-07-05
oakdaleleader.com	7305	2026-07-03
oakridger.com	9789	2023-09-11
oann.com	70223	2026-07-05
oanow.com	32772	2026-07-05
oaoa.com	38684	2025-05-15
obantimes.co.uk	12192	2024-01-25
oberonreview.com.au	47254	2026-07-05
obj.ca	10486	2026-07-03
obozrevatel.com	40531	2025-03-05
obrag.org	7324	2026-07-05
observer-reporter.com	21680	2026-07-04
observer.com	8589	2026-07-05
observer.ug	34084	2026-07-05
observertoday.com	25486	2026-07-05
oc-breeze.com	12900	2023-04-02
ocala.com	12103	2023-09-11
ocbj.com	5896	2026-07-04
oceanfm.ie	14707	2026-07-05
ocj.com	9764	2026-07-05
ocregister.com	74889	2026-07-05
odnako.org	25607	2026-07-05
odt.co.nz	58476	2026-07-05
odwyerpr.com	11281	2026-07-03
oedigital.com	17906	2026-07-03
offalyexpress.ie	62753	2026-05-12
offalyindependent.ie	39559	2026-07-05
officer.com	7069	2026-07-03
offshore-energy.biz	10861	2025-01-22
offshore-technology.com	10724	2026-07-03
ofm.co.za	18554	2026-07-05
og979.com	21908	2026-05-15
ohiostandard.com	40724	2026-07-05
ohsonline.com	5194	2026-07-02
oilandgas360.com	17149	2026-07-03
oilcity.news	6882	2025-04-03
oilprice.com	42430	2026-07-05
oilvoice.com	10120	2020-12-14
oireachtas.ie	10185	2026-07-04
ojaivalleynews.com	10986	2026-07-05
ok.co.uk	126914	2026-07-05
okaz.com.sa	8549	2026-07-05
okcfox.com	35835	2026-07-05
okgazette.com	5396	2026-07-02
oklahomacitysun.com	36939	2026-07-05
oklahoman.com	55294	2023-09-11
oklahomastar.com	20958	2026-07-05
okotoksonline.com	14409	2026-07-05
okotokstoday.ca	8948	2023-03-29
oldham-chronicle.co.uk	12735	2026-07-05
oleantimesherald.com	86130	2026-07-05
omaha.com	179461	2026-07-05
omakchronicle.com	14595	2026-07-05
omanobserver.om	35716	2026-07-05
ominecaexpress.com	25912	2026-07-05
on3.com	5021	2026-03-19
onclive.com	16070	2026-01-16
oncologynurseadvisor.com	5973	2026-07-01
onegreenplanet.org	32489	2026-07-03
oneidadispatch.com	35050	2026-07-05
oneindia.com	60174	2026-07-05
onenewsnow.com	10704	2021-08-10
onenewspage.com	286144	2026-06-09
onlineathens.com	9456	2023-09-11
onlinenigeria.com	70549	2025-03-25
onlineopinion.com.au	9183	2026-07-05
onthewater.com	5484	2026-07-02
onthewight.com	16160	2026-07-05
onwardstate.com	12541	2026-07-03
opalesque.com	5343	2026-07-05
opb.org	7713	2026-04-01
opednews.com	8531	2026-07-05
openpr.com	740021	2026-07-02
openthemagazine.com	9645	2026-07-05
opinionnigeria.com	31094	2026-07-05
opportunitiesforafricans.com	10902	2026-07-02
optics.org	8537	2026-03-25
orangeobserver.com	9356	2025-09-10
orangeville.com	6242	2026-07-05
orangevilletoday.ca	7130	2026-07-03
order-order.com	6865	2025-09-01
oregonlive.com	77250	2026-02-23
organiser.org	31447	2026-07-05
origin-businesstoday.intoday.in	40947	2021-06-25
originalfm.com	16807	2025-12-12
orissabarta.com	45115	2026-03-06
orissadiary.com	26954	2026-07-05
orissapost.com	133439	2026-07-05
orlandoecho.com	49720	2026-07-05
orlandosentinel.com	114046	2026-07-05
orlandoweekly.com	14561	2026-07-05
orlytaitzesq.com	26984	2026-07-03
orovillemr.com	14295	2026-07-05
oskaloosa.com	44885	2026-07-05
oskynews.org	6185	2026-07-03
oswegocountynewsnow.com	13063	2026-07-05
oswegocountytoday.com	12324	2026-07-05
ottawa.ctvnews.ca	29397	2025-01-23
ottawacitizen.com	53344	2026-07-05
ottawaherald.com	5736	2026-06-06
ottawasun.com	64273	2026-07-05
ottumwacourier.com	64265	2026-07-05
oudaily.com	6356	2026-07-05
ourmidland.com	73223	2025-12-18
ourtribune.com	5164	2022-10-28
out.com	7495	2026-07-03
outbreaknewstoday.com	7571	2024-04-16
outdoorlife.com	5044	2026-07-05
outdoornewsdaily.com	5453	2023-05-06
outerbanksvoice.com	8914	2026-07-05
outinperth.com	5425	2026-07-05
outlookindia.com	130578	2026-07-05
outsidelands.org	6542	2026-07-05
outsideonline.com	10640	2026-07-04
overdrive.in	5937	2026-07-03
overdriveonline.com	6211	2026-05-27
owensoundsuntimes.com	25781	2026-07-05
oxfordmail.co.uk	235068	2026-07-05
oyetimes.com	10751	2026-07-03
packers.com	7625	2026-07-04
packworld.com	8007	2025-12-28
padovanews.it	13396	2026-07-05
paducahsun.com	18753	2026-07-04
pagalguy.com	16433	2026-07-02
pagesix.com	48702	2026-07-05
pagosadailypost.com	7322	2026-07-03
pagosasun.com	13162	2026-07-05
paherald.sk.ca	13895	2026-07-04
pajhwok.com	25881	2026-07-05
pakistanpressfoundation.org	7265	2026-06-30
pakistantelegraph.com	97237	2026-07-05
pakistantoday.com.pk	28538	2026-07-05
pakobserver.net	81444	2026-07-05
palatinate.org.uk	8991	2026-07-01
palestinechronicle.com	8588	2025-08-01
palestineherald.com	10837	2026-07-01
palestinemonitor.org	38912	2026-05-15
palmbeachdailynews.com	7786	2023-09-11
palmbeachpost.com	26187	2023-09-11
palmcoastobserver.com	5119	2023-02-01
palmettobusinessdaily.com	6608	2024-01-26
paloaltoonline.com	18320	2026-07-05
pamplinmedia.com	24300	2022-12-14
panapress.com	23117	2026-05-10
panarmenian.net	24095	2026-07-04
pandct.com	10486	2026-02-15
panow.com	82190	2026-07-05
pantagraph.com	90214	2026-07-05
paperpk.com	13850	2026-07-05
parabolicarc.com	8426	2023-11-29
parade.com	9416	2025-09-12
paradisepost.com	11306	2026-07-05
parents.com	7116	2026-03-17
parisguardian.com	64728	2026-07-05
parisstaronline.com	38825	2026-07-05
parkeschampionpost.com.au	20373	2026-07-03
parking-net.com	6510	2025-03-11
parking.net	10245	2026-07-03
parkrapidsenterprise.com	31219	2026-07-05
parkrecord.com	17881	2026-07-04
parliament.gov.to	20420	2026-06-29
parrysound.com	7197	2026-07-05
parsonssun.com	15480	2026-06-26
pasadenastarnews.com	44577	2026-07-05
pasoroblesdailynews.com	16757	2026-07-04
pastemagazine.com	11103	2026-07-05
patch.com	236595	2026-07-05
patentlyapple.com	6478	2024-07-30
patheos.com	32796	2026-06-18
patriotledger.com	9693	2023-09-11
patriotpost.us	36060	2026-07-04
patriots.com	6264	2026-06-15
pauldavisoncrime.com	8838	2026-07-04
paulickreport.com	26925	2026-02-06
paultan.org	33270	2026-07-04
paysonroundup.com	9948	2026-07-03
pbcommercial.com	7169	2026-04-07
pbn.com	8460	2026-04-18
pbs.org	26084	2026-07-05
pc-tablet.co.in	7418	2025-04-05
pcgamesn.com	29582	2026-07-05
pcmag.com	38231	2026-07-05
pctechmag.com	6312	2026-07-05
pcworld.co.nz	5685	2023-01-27
peacearchnews.com	35713	2026-07-05
peacefmonline.com	145649	2025-01-26
peakoil.com	17250	2026-07-05
peconicpublicbroadcasting.org	6972	2020-06-16
pedestrian.tv	30436	2026-07-05
peeblesshirenews.com	92792	2026-07-05
pehub.com	14776	2026-07-02
pembinavalleyonline.com	24963	2026-07-05
pembrokeobserver.com	37760	2026-07-05
pembroketoday.ca	11461	2026-07-04
penarthtimes.co.uk	115140	2026-07-05
penbaypilot.com	36613	2026-07-05
pendletoday.co.uk	5505	2021-12-13
peninsuladailynews.com	11051	2026-07-03
pennlive.com	108037	2026-03-08
pennrecord.com	13340	2025-05-21
pensacolasjet.com	6173	2026-07-05
pentictonherald.ca	84475	2026-07-05
people.com	58098	2026-02-05
peoplesdailyng.com	33481	2026-04-09
peoplesreview.com.np	5900	2026-07-05
peoplesworld.org	17967	2026-07-03
peoriapublicradio.org	14883	2021-05-05
perezhilton.com	33745	2026-07-05
performancedrive.com.au	13678	2025-07-21
perhamfocus.com	24758	2026-07-05
perishablenews.com	21290	2026-07-03
perrynewspapers.com	5183	2026-07-01
personneltoday.com	8897	2026-07-03
perthnow.com.au	75899	2026-07-05
peterboroughtoday.co.uk	19466	2025-01-23
petoskeynews.com	13149	2023-09-11
pghcitypaper.com	9642	2026-04-25
phandroid.com	17260	2026-07-05
pharmaceuticalonline.com	9595	2026-07-05
pharmacytimes.com	12321	2026-03-25
pharmatimes.com	5477	2026-07-02
pharmiweb.com	39419	2026-06-01
pharostribune.com	19831	2026-07-04
philamirror.info	7659	2026-05-24
philenews.com	18093	2026-07-05
philippinetimes.com	88497	2026-07-05
phillymag.com	6363	2026-07-03
phillytrib.com	40278	2026-07-05
phillyvoice.com	34771	2026-07-05
philstar.com	166181	2026-07-05
phinphanatic.com	5878	2026-07-05
phnompenhpost.com	44335	2026-07-05
phoenixfm.com	6424	2026-07-05
phoenixherald.com	108101	2026-07-05
phoenixnewtimes.com	7720	2026-07-03
phoenixvillenews.com	8403	2021-09-28
phonearena.com	41624	2025-08-21
phoronix.com	9793	2026-06-20
photonics.com	8114	2026-01-03
photonicsonline.com	5386	2026-07-03
phys.org	148868	2026-01-29
physiciansweekly.com	7449	2026-01-06
pikefm.com	9798	2026-07-05
pilotonline.com	68958	2026-07-05
pina.com.fj	20477	2026-07-04
pinchercreekecho.com	8780	2026-07-05
pineandlakes.com	33895	2026-07-05
pineisland-eagle.com	7236	2026-07-02
pinkbike.com	9096	2024-08-26
pinknews.co.uk	20157	2022-11-29
pinkun.com	5191	2025-12-06
pinkvilla.com	220511	2026-07-05
pinstripealley.com	18998	2026-07-05
pionline.com	18259	2026-06-18
piquenewsmagazine.com	60540	2025-09-05
pireport.org	10961	2026-07-03
pistonheads.com	5543	2026-07-05
pitchfork.com	17371	2026-07-04
pittsburghmagazine.com	6022	2026-07-05
pittsburghstar.com	113031	2026-07-05
piworld.com	7908	2026-07-02
pix11.com	19492	2025-06-12
pizzamarketplace.com	5412	2026-07-02
pjmedia.com	47509	2026-07-05
pjstar.com	10980	2023-09-11
placenorthwest.co.uk	17006	2026-06-04
plaintalk.net	5577	2026-07-03
planetf1.com	46104	2026-07-05
planetizen.com	14972	2025-07-30
planetprinceton.com	10532	2026-07-05
plansponsor.com	6317	2026-07-02
plasticsnews.com	9513	2026-04-29
playbill.com	24011	2026-07-05
playstationlifestyle.net	16003	2026-07-03
pleasantonweekly.com	12250	2026-07-05
plenglish.com	61967	2026-06-26
plos.org	5927	2026-07-02
pluggedin.com	5400	2026-07-04
plymouthherald.co.uk	102918	2026-07-05
pmlive.com	9982	2026-07-03
pmnewsnigeria.com	52831	2026-07-05
pna.gov.ph	7058	2026-03-08
pnj.com	13200	2023-09-11
poandpo.com	22819	2025-05-09
pocket-lint.com	26243	2026-07-05
pocketgamer.com	7397	2026-07-03
pocketnow.com	11447	2025-09-04
poconorecord.com	7358	2023-09-11
pokernews.com	33332	2026-07-05
polandsun.com	5706	2023-12-21
police1.com	7421	2026-07-01
polishforums.com	9706	2026-07-04
politicaldog101.com	30322	2026-07-05
politicalwire.com	55238	2026-07-05
politico.com	67856	2025-11-05
politico.eu	41015	2026-07-05
politics.co.uk	8801	2026-07-02
politicsweb.co.za	10245	2026-07-05
politicususa.com	7324	2026-02-28
politifact.com	12740	2026-07-03
polity.org.za	34059	2025-01-23
polkio.com	18555	2026-07-05
polygon.com	35337	2026-07-05
poncacitynews.com	9799	2026-06-30
pontefractandcastlefordexpress.co.uk	5456	2021-12-14
popcrush.com	18070	2026-07-04
popmatters.com	6121	2025-10-29
popsci.com	12443	2026-07-05
popsugar.com	65018	2026-07-02
popsugar.com.au	14474	2025-05-08
popularmechanics.com	14745	2026-07-04
portageonline.com	26648	2026-07-05
portcitydaily.com	15558	2026-07-04
portclintonnewsherald.com	6288	2023-09-11
portfolio-adviser.com	7131	2026-07-03
portlandmercury.com	11923	2026-07-03
portlandtribune.com	8490	2026-07-03
portnews.com.au	62873	2026-07-05
portsmouth-dailytimes.com	7604	2026-07-04
portsmouth.co.uk	25284	2025-01-23
portstephensexaminer.com.au	56621	2026-07-05
positivelyfilipino.com	6051	2026-07-01
post-journal.com	24171	2026-07-05
postandcourier.com	121348	2026-07-05
postbulletin.com	62184	2026-07-05
postcourier.com.pg	42374	2026-07-05
postcrescent.com	12995	2023-09-11
postindependent.com	14155	2026-07-03
postnewsgroup.com	6422	2026-07-05
postonline.co.uk	8981	2026-07-03
postregister.com	67826	2026-07-05
poststar.com	66172	2026-07-05
potchefstroomherald.co.za	10484	2023-10-04
potomaclocal.com	14165	2026-07-03
pottsmerc.com	49726	2026-07-05
poughkeepsiejournal.com	7141	2023-09-11
poundingtherock.com	8808	2026-07-05
powderbulksolids.com	7561	2026-07-04
powelltribune.com	18159	2026-07-05
power-technology.com	11508	2026-07-03
power103.com	8194	2026-07-05
power1057.com	7396	2026-07-05
power1069fm.com	22250	2026-07-05
power923.com	6290	2026-07-05
power959.com	19610	2026-07-03
power965.com	6877	2025-01-27
power96radio.com	50336	2026-07-05
power98fm.com	23318	2026-07-05
powerboise.com	5239	2026-07-01
powerlineblog.com	11521	2026-07-02
powermag.com	6086	2026-07-03
powerorlando.com	7644	2026-07-04
powerpage.org	7064	2026-01-18
poynter.org	5428	2026-07-04
pqbnews.com	31480	2026-07-05
pr-inside.com	175800	2026-07-05
pr.com	16637	2026-07-05
pragativadi.com	52467	2026-07-05
prairiepublic.org	41976	2026-07-05
praise933.com	5194	2024-04-28
prajasakti.com	11555	2026-06-26
pratttribune.com	5184	2023-09-12
predominantlyorange.com	7638	2026-07-05
premierchristianradio.com	11066	2023-06-07
premiumbeautynews.com	5921	2026-07-05
premiumtimesng.com	108603	2026-07-05
press-citizen.com	9004	2023-09-11
pressandguide.com	17310	2025-11-04
pressandjournal.co.uk	196721	2025-05-27
pressconnects.com	6069	2023-09-11
pressdemocrat.com	30026	2026-07-05
pressenterpriseonline.com	87096	2026-01-28
pressenza.com	12195	2026-07-05
pressgazette.co.uk	7207	2026-07-03
pressherald.com	131410	2026-07-05
pressofatlanticcity.com	82733	2026-07-05
pressparty.com	8869	2026-01-02
presspublications.com	6420	2026-07-02
presspubs.com	7592	2026-07-03
pressreleasepoint.com	60595	2026-07-05
pressrepublican.com	19890	2026-07-05
presstelegram.com	45228	2026-07-05
presstv.com	18559	2021-06-22
presstv.ir	64916	2026-07-05
prestigeonline.com	8855	2026-07-03
prestwichandwhitefieldguide.co.uk	18621	2023-03-07
prevention.com	11467	2026-07-05
prima.co.uk	8537	2026-07-05
primepublishers.com	5165	2026-07-05
princegeorgecitizen.com	137171	2025-09-05
princeton.edu	9072	2026-07-05
princetonol.com	11195	2026-07-05
printingnews.com	8737	2022-11-18
printweek.com	9505	2026-05-29
printweek.in	8661	2026-07-05
prleap.com	9464	2026-07-03
prnewswire.co.uk	14782	2026-07-03
prnewswire.com	1287474	2026-07-05
proactiveinvestors.co.uk	60108	2026-07-04
proactiveinvestors.com	62565	2026-07-04
proactiveinvestors.com.au	33571	2026-07-04
probuilder.com	7420	2026-07-03
producer.com	14827	2025-05-22
professionaladviser.com	13463	2026-07-03
professionalpensions.com	10770	2026-07-03
progress-index.com	6209	2023-09-11
progressive-charlestown.com	19909	2026-07-05
progressivegrocer.com	7553	2025-09-09
progressiverailroading.com	10335	2026-07-05
projectnoah.org	19430	2026-07-03
prokerala.com	619672	2026-07-05
prolificnorth.co.uk	21353	2026-07-03
promptnewsonline.com	37530	2026-07-05
propakistani.pk	82095	2026-07-05
propertyweek.com	27185	2026-07-03
propublica.org	5364	2026-07-03
prospectmagazine.co.uk	8070	2026-07-04
providencejournal.com	22218	2023-09-11
prowrestling.net	17909	2026-07-05
prpeak.com	86658	2025-09-05
prrecordgazette.com	12580	2026-07-05
prunderground.com	11847	2026-07-05
prweb.com	172490	2026-07-04
prweek.com	13527	2026-07-02
psu.com	7048	2025-06-06
psu.edu	24860	2026-07-04
psychcentral.com	5022	2024-10-01
psychiatryadvisor.com	8517	2026-07-01
psychologytoday.com	23393	2026-06-27
ptinews.com	297015	2024-03-31
ptleader.com	7025	2026-07-05
publicnewsservice.org	19341	2025-08-20
publicnow.com	17005	2022-09-16
publicradioeast.org	52317	2026-07-05
publicradiotulsa.org	54845	2026-07-05
publishersweekly.com	20536	2026-07-03
pullmanradio.com	13186	2026-07-04
pulse.com.gh	49036	2026-03-19
pulse.ng	86874	2026-03-18
punchjump.com	11174	2026-07-04
punchng.com	284959	2026-07-05
punknews.org	9054	2026-07-05
punto.com.ph	8535	2026-07-05
purdueexponent.org	36477	2026-07-05
purerock96.com	9206	2026-07-05
purplerow.com	5775	2026-07-05
pushsquare.com	28907	2026-07-05
pv-magazine.com	18465	2026-06-04
pv-tech.org	13263	2026-07-05
pvvt.com	5650	2026-07-01
pwcs.edu	10390	2022-08-01
pymnts.com	22444	2026-07-05
q102.ie	16840	2026-07-05
q105.fm	6406	2026-07-05
q1057.com	9596	2026-07-03
q1061.com	8044	2026-07-05
q1065.fm	23518	2026-07-04
q106dot5.com	21416	2026-07-05
q106fm.com	8188	2026-07-03
q107.com	20391	2026-07-03
q1077.com	24522	2026-07-03
q107fm.ca	6514	2020-06-10
q108.com	7790	2026-07-02
q13fox.com	32112	2023-04-18
q93fm.com	14453	2026-07-04
q957.com	18815	2025-10-31
q95fm.net	8598	2026-07-05
q961.com	23406	2026-07-05
q985online.com	37068	2026-07-05
q98fm.com	6754	2026-07-05
qatar-tribune.com	32625	2026-07-05
qatarliving.com	8022	2026-07-05
qchron.com	12871	2026-07-05
qconline.com	69973	2026-07-05
qctimes.com	95994	2026-07-05
qns.com	11705	2026-07-05
qsrmagazine.com	6347	2026-02-19
qsrweb.com	6878	2026-07-02
qt.com.au	56636	2021-06-23
quadcitiesdaily.com	21617	2026-01-02
queanbeyanage.com.au	66957	2026-07-05
queensjournal.ca	5164	2026-06-30
queenslandcountrylife.com.au	49349	2026-07-05
queerty.com	6637	2026-06-22
quesnelobserver.com	29006	2026-07-05
quickcountry.com	47351	2026-07-05
quicknews-africa.net	35894	2026-07-04
quickworldnews.com	19319	2021-10-16
quintenews.com	26924	2026-07-05
qvc.com	59058	2026-06-25
qxmagazine.com	26181	2026-07-05
qz.com	34087	2026-04-13
racer.com	13748	2026-01-08
radaronline.com	31926	2026-07-05
radio.com	43725	2025-12-15
radio.gov.pk	56494	2026-07-05
radiocayman.gov.ky	7996	2026-07-05
radioinfo.com.au	6174	2025-01-22
radioink.com	14621	2026-07-05
radiojamaicanewsonline.com	29652	2026-06-24
radiokerry.ie	24129	2026-07-05
radiokorea.com	28814	2026-06-20
radiotamazuj.org	12694	2026-07-05
radiotimes.com	39374	2026-07-05
radiotoday.co.uk	5657	2026-07-03
radiotoday.com.au	8181	2025-06-14
radiousa.com	8196	2026-07-02
radiox.co.uk	6700	2026-07-05
radyonatin.com	11629	2025-10-03
rafu.com	5258	2026-07-05
ragtrader.com.au	7500	2026-07-03
railpage.com.au	73388	2023-10-15
railway-technology.com	5669	2026-07-03
railwayage.com	8580	2026-01-31
railwaygazette.com	10666	2026-07-05
rap-up.com	9390	2026-02-07
rapidcityjournal.com	58598	2026-07-05
rapidtvnews.com	6195	2026-02-17
rappler.com	82706	2026-07-05
rappnews.com	9442	2026-07-05
rapsinews.com	6019	2025-12-09
rasmussenreports.com	7642	2026-07-03
ravallirepublic.com	53661	2026-07-05
rawstory.com	60766	2026-07-05
rbj.net	12065	2026-06-04
rbth.com	6281	2026-07-05
rcps.info	37674	2026-06-15
rcreader.com	7713	2026-07-05
rcrwireless.com	8306	2026-07-02
reachfm.ca	13597	2026-01-01
readingchronicle.co.uk	135440	2026-07-05
readingeagle.com	56734	2026-07-05
readmedia.com	31807	2026-07-02
readwrite.com	6433	2024-10-10
realclearpolitics.com	31789	2026-05-17
realestate.com.au	13767	2026-07-05
realestatebusiness.com.au	8709	2026-07-04
realgeni.com	32458	2025-04-16
realitytea.com	40572	2026-07-05
realitytvworld.com	35562	2026-07-05
realradio804.com	6293	2026-07-02
realscreen.com	6878	2026-06-24
reason.com	15120	2026-07-05
rechargenews.com	10296	2026-07-02
record-bee.com	10292	2026-07-05
record-eagle.com	79927	2026-07-05
recordcourier.com	10467	2025-09-04
recorder.ca	47091	2026-07-05
recorder.com	34371	2026-07-05
recordernews.com	6816	2023-10-26
recorderonline.com	51563	2026-07-05
recordnet.com	9191	2023-09-11
recordonline.com	10835	2023-09-11
redandblack.com	9895	2026-07-03
redbluffdailynews.com	12322	2026-07-05
reddeeradvocate.com	21193	2026-07-05
redding.com	5466	2023-09-11
redditchadvertiser.co.uk	108444	2026-07-05
redditchstandard.co.uk	14545	2026-07-05
redeyeradioshow.com	14669	2026-06-29
redfm.ie	11599	2026-07-05
rediff.com	81264	2026-07-05
redlandcitybulletin.com.au	62863	2026-07-05
redlandsdailyfacts.com	42972	2026-07-05
redriverradio.org	56013	2026-07-05
redstate.com	73791	2026-07-05
redwatch.org.au	11669	2026-07-05
reflector.com	99535	2026-07-05
reformer.com	46790	2026-07-05
regina.ctvnews.ca	15942	2025-04-08
register-herald.com	60998	2026-07-04
registercitizen.com	111574	2026-04-21
registerguard.com	9843	2023-09-10
registerherald.com	6606	2025-09-17
rejournals.com	8752	2025-07-14
rekordeast.co.za	10868	2021-02-24
relevantmagazine.com	8328	2026-07-03
relevantradio.com	9361	2026-06-04
reliefweb.int	163718	2026-03-28
religionnews.com	16576	2026-06-27
relish.com	7103	2026-07-04
relix.com	6230	2026-07-05
renalandurologynews.com	7896	2026-07-01
renewableenergymagazine.com	10056	2026-07-02
renews.biz	22747	2025-01-23
renfrewtoday.ca	11525	2026-07-05
rep-am.com	52992	2025-02-04
repeatingislands.com	6958	2026-07-02
reporter.net	18187	2026-07-04
reporterherald.com	36749	2026-07-05
reporternews.com	9509	2023-09-11
republic-online.com	26030	2026-07-02
republicaneagle.com	5586	2026-07-03
republicanherald.com	44692	2026-07-05
republicofmining.com	6903	2026-06-18
republicworld.com	41980	2026-03-17
republikein.com.na	6198	2026-07-05
rescue.org	5786	2026-06-25
reseller.co.nz	14460	2026-07-03
resilience.org	5318	2026-07-03
respect-mag.com	5645	2026-06-11
restaurantmagazine.com	13528	2026-07-03
restaurantnews.com	13450	2026-07-03
restaurantnewsrelease.com	13197	2026-07-03
restaurantonline.co.uk	5838	2026-07-03
restonnow.com	6591	2024-05-17
retaildetail.eu	6988	2026-07-03
retaildive.com	12293	2026-07-04
retailtimes.co.uk	17945	2026-07-05
reuters.com	928660	2026-06-28
revengeofthebirds.com	6892	2026-07-05
reverb.com	6060	2022-05-04
reviewjournal.com	38050	2026-07-05
reviewonline.com	18189	2026-07-05
reviewtimes.com	6175	2020-06-10
revolutionradio.org	7537	2025-09-24
revolvermag.com	6193	2025-01-22
rewind943.com	9634	2026-07-03
rexburgstandardjournal.com	7144	2026-07-05
rfa.org	13482	2026-07-03
rfdtv.com	24854	2026-07-04
rferl.org	45683	2026-07-05
rfglobalnet.com	5348	2026-07-03
rfi.fr	62519	2026-07-05
rgj.com	9002	2023-09-11
rheaheraldnews.com	8550	2026-07-04
rheinpfalz.de	6895	2020-11-26
rhyljournal.co.uk	112197	2026-07-05
ricentral.com	6511	2026-06-27
richlandsource.com	28604	2026-07-05
richmond-news.com	74966	2025-09-05
richmond.com	91142	2026-07-05
richmondandtwickenhamtimes.co.uk	110647	2026-07-05
richmondbizsense.com	7238	2026-07-02
richmondfreepress.com	7220	2026-02-12
richmondregister.com	27399	2026-07-05
ricochet.com	33598	2025-06-14
ridgecrestca.com	9056	2026-07-03
riggosrag.com	6566	2026-07-05
rightspeak.net	12144	2026-07-05
rigzone.com	30538	2026-07-05
ringsidereport.com	6042	2026-07-05
riotimesonline.com	39909	2026-07-05
riponadvance.com	8308	2026-07-02
riponpress.com	7636	2026-07-05
ripplesnigeria.com	10801	2026-02-09
risingapple.com	5573	2026-07-05
risingbd.com	7134	2023-02-02
risingkashmir.com	6154	2025-07-25
risk.net	7809	2026-07-03
rismedia.com	14713	2026-07-03
rivals.com	5169	2025-06-14
river1037.com	15279	2026-07-03
river967.com	22192	2026-07-01
riverbender.com	7579	2025-01-23
riverfronttimes.com	8051	2025-08-16
rivergrandrapids.com	31358	2026-07-05
rivernewsonline.com	14984	2026-07-02
riviera-maya-news.com	11538	2026-07-04
rnanews.com	6471	2026-07-05
rnz.co.nz	156431	2026-07-05
road.cc	10092	2026-07-05
roadandtrack.com	12031	2026-07-05
roadsafety.co.za	10448	2026-07-05
roanoke.com	77163	2026-07-05
roarmag.org	19115	2026-07-05
robbreport.com	16250	2026-07-05
robesonian.com	5640	2026-07-05
roboticstomorrow.com	7507	2026-07-03
rochdaleonline.co.uk	11368	2025-11-25
rochestercitynewspaper.com	5405	2023-03-06
rock101.com	10981	2026-06-29
rock1015.com	5958	2026-07-05
rock107.com	10004	2026-07-03
rock937online.com	24042	2025-03-27
rock947.com	9740	2022-11-22
rock967online.com	20985	2026-07-05
rockdalenewtoncitizen.com	71429	2026-07-04
rockpapershotgun.com	19818	2026-07-05
rockymounttelegram.com	60980	2026-07-05
rockytopinsider.com	7757	2026-07-04
rogerebert.com	23518	2026-01-29
rollcall.com	11354	2026-07-03
rollingout.com	36521	2025-12-23
rollingstone.com	54073	2026-07-05
rollingstoneindia.com	6189	2026-07-05
romania-insider.com	15483	2026-07-05
romaniapress.com	66122	2026-07-03
romesentinel.com	13456	2026-07-05
romfordrecorder.co.uk	49095	2026-07-05
romseyadvertiser.co.uk	52579	2024-10-26
roscommonherald.ie	51422	2026-07-05
ross-shirejournal.co.uk	51937	2026-07-05
rosslandtelegraph.com	5757	2026-06-30
rotherhamadvertiser.co.uk	7306	2025-01-23
rotowire.com	11527	2026-07-05
roundupweb.com	5338	2026-06-30
routesonline.com	12900	2026-07-03
royalcentral.co.uk	13675	2026-07-05
royalgazette.com	53853	2026-07-05
royalsreview.com	7878	2026-07-05
royston-crow.co.uk	30015	2026-07-05
rozanaspokesman.com	12930	2026-07-05
rrdailyherald.com	23638	2026-07-05
rri.ro	9739	2026-07-05
rrobserver.com	6349	2026-07-02
rrr.org.au	24929	2026-07-05
rrstar.com	9459	2023-09-11
rsn.net.au	10982	2026-07-05
rstreet.org	8290	2026-07-03
rt.com	14346	2026-07-03
rte.ie	177073	2026-07-05
rthk.hk	11695	2026-07-04
rtoinsider.com	5670	2026-07-05
rtrfm.com.au	6037	2026-07-03
rttnews.com	125755	2026-07-05
rubbernews.com	9503	2026-06-18
runcornandwidnesworld.co.uk	89738	2026-07-05
runnersworld.com	9982	2026-07-05
runningmagazine.ca	6261	2026-07-05
runwaygirlnetwork.com	5635	2026-03-31
rushlane.com	8537	2026-07-05
russiaherald.com	129708	2026-07-05
russianmachineneverbreaks.com	7339	2026-07-05
russianradio7.com	8075	2025-01-20
rustourismnews.com	5556	2026-07-04
ruthfullyyours.com	25505	2026-07-03
rutland-times.co.uk	10750	2026-07-05
rutlandherald.com	40444	2026-07-05
rvasia.org	8123	2026-07-03
ryeandbattleobserver.co.uk	5120	2022-02-09
sabcnews.com	8897	2026-03-19
sacobserver.com	7011	2026-05-28
sacurrent.com	16541	2026-07-04
safc.com	10896	2024-07-16
saharareporters.com	98824	2026-07-05
sahilonline.org	11614	2026-07-05
sail-world.com	21184	2026-07-05
sailingscuttlebutt.com	8727	2026-07-05
saipantribune.com	7237	2025-05-29
sakshi.com	36429	2025-06-05
sakshipost.com	32089	2026-07-05
salemnews.com	29329	2026-07-05
salemnews.net	16930	2026-07-05
salina.com	9487	2023-09-10
salinapost.com	30104	2026-07-05
salisburyjournal.co.uk	119433	2026-07-05
salon.com	32503	2026-07-05
saltlakecitysun.com	145211	2026-07-05
saltwire.com	80638	2026-07-05
samaa.tv	58639	2026-07-05
sammobile.com	25925	2026-07-04
samoanews.com	5599	2026-07-02
samoaobserver.ws	8773	2026-07-05
sana.sy	26865	2026-07-05
sanangelolive.com	27618	2026-07-05
sanantoniopost.com	61035	2026-07-05
sandiegoreader.com	13139	2025-08-22
sandiegosun.com	176737	2026-07-05
sandiegouniontribune.com	210819	2026-07-05
sanews.gov.za	13472	2026-07-05
sanfordherald.com	51726	2026-07-05
sanilacbroadcasting.com	5339	2025-01-09
sanjuanjournal.com	5598	2026-07-04
sanmarcosrecord.com	10901	2026-07-05
santabanta.com	7115	2026-07-04
santacruzsentinel.com	21138	2026-07-05
santafenewmexican.com	62025	2026-07-05
santamariasun.com	5270	2026-07-02
santamariatimes.com	91843	2026-07-05
saobserver.net	44152	2026-07-05
saps.gov.za	37740	2025-11-19
sarajevotimes.com	5933	2026-03-02
saratogian.com	37776	2026-07-05
sarniathisweek.com	35616	2026-01-20
saskatoon.ctvnews.ca	14577	2025-01-22
satellitetoday.com	7156	2026-07-03
satnews.com	14313	2026-07-05
saudigazette.com.sa	54271	2026-03-18
saukvalley.com	7863	2020-12-17
saultstar.com	56950	2026-07-05
saultthisweek.com	48731	2026-06-22
savannahnow.com	16081	2023-09-11
savejersey.com	6018	2026-07-04
savingadvice.com	5806	2026-07-05
sb.by	18326	2026-07-03
sbcnews.co.uk	7219	2024-12-05
sbnation.com	46525	2026-07-05
sbs.com.au	83013	2026-07-05
sbsun.com	43541	2026-07-05
sbwire.com	16543	2022-01-13
scallywagandvagabond.com	8927	2026-07-03
scdailypress.com	7072	2023-01-30
schoolsweek.co.uk	7252	2026-07-03
schroders.com	5010	2024-02-09
science.org	5028	2024-04-24
science20.com	6478	2026-07-05
sciencealert.com	18420	2026-07-05
scienceblog.com	14546	2026-06-27
scienceblogs.com	14484	2026-07-05
sciencebusiness.net	9408	2026-02-09
sciencedaily.com	32155	2026-06-21
sciencemag.org	12882	2021-10-07
sciencenews.org	5371	2026-07-02
scientificamerican.com	13969	2026-07-05
scmagazine.com	10578	2024-09-25
scmp.com	155312	2026-07-05
scnow.com	44752	2026-07-04
sconeadvocate.com.au	68732	2026-07-05
scoop.co.nz	275850	2026-07-05
scotsman.com	80113	2025-01-23
scottishconstructionnow.com	6623	2026-07-03
scottishhousingnews.com	6700	2026-07-03
scottishlegal.com	5982	2026-07-03
scpr.org	7524	2024-02-29
screencrush.com	10112	2026-07-02
screendaily.com	27103	2025-09-05
screenrant.com	201165	2026-07-05
scrippsnews.com	14231	2026-03-19
scroll.in	55017	2026-07-05
sctimes.com	6903	2023-09-10
scvnews.com	21190	2026-07-05
sdcexec.com	8119	2025-12-28
sdjewishworld.com	6271	2026-07-05
sdpb.org	14404	2026-07-04
se933.com	20279	2026-07-04
seacoastonline.com	17956	2024-10-24
seafoodsource.com	6470	2025-01-23
seaforthhuronexpositor.com	22107	2026-07-05
seahawks.com	6179	2026-07-02
searchenginejournal.com	6243	2026-07-05
searchlight.vc	22779	2026-07-03
seasideradio.co.uk	13496	2026-07-03
seatrade-maritime.com	9491	2025-01-09
seattlepi.com	165051	2025-11-18
seattletimes.com	70424	2026-07-05
securityinfowatch.com	9501	2026-07-03
sedaliademocrat.com	11718	2026-07-04
seekingalpha.com	139628	2026-07-05
seenews.com	23417	2025-11-19
segmentnext.com	12742	2025-07-30
seguingazette.com	7049	2026-07-03
seguintoday.com	5068	2026-07-03
sej.org	14634	2026-07-02
selectscience.net	14425	2026-07-03
semissourian.com	14922	2026-07-05
sen.com.au	17190	2024-11-11
senate.gov.ph	10256	2025-08-20
seneweb.com	81744	2026-04-30
sent-trib.com	33170	2025-09-17
sentinel-standard.com	6658	2023-09-09
sentinelandenterprise.com	19446	2026-07-05
sentinelassam.com	78911	2026-07-05
sentinelsource.com	22605	2025-02-13
sequimgazette.com	6016	2026-07-03
serbian.cri.cn	9924	2026-07-05
setexasrecord.com	13902	2025-05-21
sevendaysvt.com	19598	2026-07-02
seventeen.com	10858	2026-06-22
seychellesnewsagency.com	7022	2026-02-17
sfchronicle.com	86527	2025-11-18
sfexaminer.com	15229	2026-07-04
sfgate.com	557089	2026-06-30
sfist.com	15832	2026-07-05
sflcn.com	6330	2026-06-04
sfstation.com	9317	2026-07-05
sgvtribune.com	45844	2026-07-05
shabait.com	5185	2026-07-04
shacknews.com	29749	2026-07-05
shafaqna.com	38103	2026-07-05
shanghainews.net	85524	2026-07-05
shanghaisun.com	152498	2026-07-05
shankennewsdaily.com	7119	2026-07-01
shannonside.ie	28171	2026-07-05
sharecast.com	18144	2026-03-26
sharechat.co.nz	5600	2026-07-03
sharenet.co.za	16645	2026-07-03
shark1053.com	22224	2026-07-05
sharonherald.com	24151	2026-07-05
sheboyganpress.com	9278	2023-09-11
shekicks.net	6331	2026-06-29
sheknows.com	27757	2026-07-05
shelbystar.com	6592	2023-09-11
sheltonherald.com	53654	2025-11-18
shephardmedia.com	8410	2026-07-03
sheppnews.com.au	6976	2025-10-15
sherbrookerecord.com	5045	2026-07-05
sheridanmedia.com	21892	2026-07-05
sherwoodparknews.com	16334	2026-07-05
shetlandtimes.co.uk	7869	2026-07-05
shetnews.co.uk	16045	2026-07-05
shieldsgazette.com	12833	2025-01-23
shine.cn	8014	2025-06-14
ship-technology.com	5380	2026-06-26
shipandbunker.com	16836	2026-07-03
shipnc.com	8425	2026-07-04
shippingtribune.com	5762	2026-07-03
shippingwatch.com	7709	2026-06-26
shockya.com	5657	2026-07-05
shorehamherald.co.uk	6130	2022-02-09
shorelinebeacon.com	22818	2026-07-05
shorelinemedia.net	22966	2026-07-05
shorenewsnetwork.com	18724	2026-03-12
shortlist.com	6520	2026-07-03
showbiz411.com	5884	2026-07-04
shreveporttimes.com	9564	2023-09-11
shropshirelive.com	11335	2026-07-05
shropshirestar.com	67852	2026-03-26
si.com	251217	2026-07-05
siasat.com	159734	2026-07-05
sidneydailynews.com	17900	2025-09-17
sidneyherald.com	11555	2026-07-04
sierraleonetimes.com	68338	2026-07-05
sierrawave.net	6059	2026-07-03
sify.com	66002	2026-07-05
signalscv.com	21491	2026-07-05
siliconangle.com	18278	2026-07-05
siliconera.com	19276	2026-07-05
siliconindia.com	22341	2026-07-04
siliconrepublic.com	19640	2026-07-03
siliconvalley.com	14346	2026-07-05
silive.com	59235	2026-02-23
silverandblackpride.com	15172	2026-07-05
silverbirdtv.com	8187	2026-07-05
simcoe.com	13395	2026-07-05
simcoereformer.ca	48498	2026-07-05
sina.com	68991	2025-01-09
sina.com.hk	29444	2026-07-05
singaporestar.com	74555	2026-07-05
singersroom.com	16367	2026-07-05
singletonargus.com.au	72980	2026-07-05
siouxcityjournal.com	261197	2026-07-05
siouxlandnews.com	7887	2026-07-05
sis.gov.eg	9722	2025-11-14
siskiyoudaily.com	5408	2023-09-11
sitkasentinel.com	31481	2026-07-05
sj-r.com	11627	2023-09-11
skift.com	17668	2026-07-05
sknvibes.com	12763	2026-07-05
skopjediem.com	6373	2026-07-03
sky.com	87552	2026-06-25
skymetweather.com	6159	2026-07-05
skynews.com.au	72366	2026-07-05
slamonline.com	5481	2025-09-10
slashdot.org	5538	2024-09-09
slashfilm.com	41628	2026-07-05
slashgear.com	55238	2026-07-05
slate.com	41681	2026-07-05
sleepreviewmag.com	5148	2026-07-03
slguardian.org	22914	2026-07-05
slippedisc.com	6835	2026-07-05
slotocash.im	6832	2023-11-30
sloughobserver.co.uk	111431	2026-07-05
sloveniatimes.com	12811	2025-11-18
sltrib.com	30132	2026-07-05
slugmag.com	5137	2026-07-04
smallbiztrends.com	12703	2026-07-05
smallwarsjournal.com	6274	2026-06-04
smartcanucks.ca	13297	2026-07-05
smartcompany.com.au	9813	2026-07-03
smartpropertyinvestment.com.au	6091	2026-07-04
smdailyjournal.com	136382	2026-07-05
smdp.com	12171	2026-07-05
smenet.org	5029	2026-07-03
smetimes.in	13940	2026-06-27
smh.com.au	264254	2026-07-05
smithsonianmag.com	5372	2026-07-02
smn-news.com	15500	2026-07-03
smnewsnet.com	11006	2026-03-23
smokymountainnews.com	8998	2026-07-01
snl24.com	37194	2026-07-02
snntv.com	12417	2024-07-01
snopes.com	13727	2026-03-19
so-co-it.com	5992	2026-07-02
soapoperadigest.com	6013	2026-07-03
socaltech.com	5712	2025-12-24
socialistparty.org.uk	5103	2025-01-22
socialmediatoday.com	12596	2026-07-02
sofiaglobe.com	9422	2026-07-03
sofrep.com	14334	2026-04-18
softpedia.com	5650	2024-12-01
softrock941.com	5118	2023-02-13
soglos.com	5865	2026-07-05
sojo1049.com	41399	2026-07-05
solomonstarnews.com	9202	2026-04-30
somdnews.com	20368	2026-07-05
somerset-kentucky.com	30642	2026-07-05
somersetcountygazette.co.uk	187301	2026-07-05
somersetlive.co.uk	93861	2026-07-05
sooeveningnews.com	5730	2023-09-09
sookenewsmirror.com	37864	2026-07-05
soompi.com	33037	2026-07-05
sott.net	72200	2026-07-05
sounderatheart.com	7341	2026-07-05
soundonsound.com	25444	2026-07-05
southbendtribune.com	14724	2023-09-11
southcarolinapublicradio.org	75448	2026-07-05
southcoastregister.com.au	50299	2026-07-05
southcoasttoday.com	12183	2025-05-13
southdadenewsleader.com	8756	2026-06-26
southeastagnet.com	6141	2026-07-03
southeastasiapost.com	98148	2026-07-05
southeastradio.ie	8245	2026-07-04
southeastsun.com	5753	2025-01-17
southernhighlandnews.com.au	61983	2026-07-05
southernliving.com	11781	2026-03-17
southernminn.com	90380	2026-07-05
southernstandard.com	5879	2025-07-19
southernstar.ie	12606	2026-07-05
southgatearc.org	6902	2022-10-08
southpeacenews.com	8208	2026-07-05
southtahoenow.com	54055	2026-07-05
southwalesargus.co.uk	189630	2026-07-05
southwalesguardian.co.uk	93418	2026-07-05
southwhidbeyrecord.com	5881	2026-07-03
sowetan.co.za	5057	2026-07-05
sowetanlive.co.za	56173	2025-10-16
soyacincau.com	15701	2026-07-04
space.com	23341	2026-07-05
spacecoastdaily.com	11914	2026-07-05
spacedaily.com	20229	2026-07-05
spacewar.com	31519	2026-06-29
spaldingtoday.co.uk	8426	2023-12-04
spanishvida.com	5238	2026-07-05
spartaindependent.com	5342	2026-07-02
spectator.co.uk	41838	2025-12-16
spectator.org	8302	2026-06-21
spectator.sme.sk	10290	2026-02-18
spectrumlocalnews.com	9095	2026-06-26
spectrummagazine.org	5950	2024-10-24
spectrumnews1.com	7443	2026-02-12
speedcafe.com	31649	2026-07-05
speedwaymedia.com	15892	2026-07-05
spencerdailyreporter.com	5508	2026-07-04
spiked-online.com	6682	2026-07-05
spin.com	7322	2026-03-12
spin1038.com	7439	2026-07-03
spoilertv.com	27707	2026-07-05
spokanepublicradio.org	62961	2026-07-05
spokesman.com	57433	2026-07-05
sportsnet.ca	5652	2022-01-17
spotlightnepal.com	7859	2026-07-05
spotrac.com	56733	2026-07-05
springfieldnewssun.com	53635	2026-07-05
sprucegroveexaminer.com	16238	2026-07-05
sputnikglobe.com	34708	2026-07-05
sputniknews.com	115856	2023-04-05
squamishchief.com	72879	2025-09-05
squatchrocks.com	43697	2026-07-05
srilankamirror.com	13805	2026-07-05
srilankasource.com	96067	2026-07-05
srpressgazette.com	6333	2026-07-05
ssuchronicle.com	20914	2020-04-15
stabroeknews.com	84877	2026-03-26
staffingindustry.com	7493	2024-12-01
stalbansreview.co.uk	82873	2025-12-09
stalbertgazette.com	58824	2025-09-05
stamfordadvocate.com	157056	2025-06-12
stamfordmercury.co.uk	8132	2023-12-04
stampedeblue.com	10014	2026-07-03
standard-freeholder.com	42681	2026-07-05
standard-journal.com	66041	2026-07-05
standard.co.uk	205442	2026-07-05
standard.net	17559	2026-07-05
standard.net.au	75518	2026-07-05
standardbredcanada.ca	33992	2026-07-05
standardmedia.co.ke	190743	2026-07-05
standardspeaker.com	46609	2026-07-05
stanforddaily.com	6356	2026-06-30
star945.com	7672	2026-07-04
star967.net	13534	2026-03-20
star98.net	10090	2026-07-05
staradvertiser.com	51851	2026-07-05
starbeacon.com	28273	2026-07-05
starcommunity.com.au	9165	2026-04-29
starcourier.com	5441	2023-09-10
stardem.com	32218	2026-07-05
starfm1023.com	6845	2026-07-01
stargazette.com	5321	2023-09-11
starherald.com	50487	2026-07-05
starkvilledailynews.com	5591	2026-07-03
starlocalmedia.com	58591	2026-07-05
starmometer.com	9202	2026-06-08
starnewsonline.com	11634	2023-09-11
starobserver.com.au	8170	2026-07-04
starofmysore.com	33805	2026-07-05
starradiovegas.com	5978	2022-06-24
startribune.com	263274	2026-06-27
starweekly.com.au	25547	2026-03-02
state.gov	15146	2026-07-01
statecollege.com	13464	2026-07-05
statenews.com	8996	2026-07-04
stateofreform.com	5750	2026-03-27
statesboroherald.com	8675	2026-07-05
statesman.com	34154	2026-03-25
statesmanjournal.com	9447	2023-09-11
statesville.com	47963	2026-07-01
staugustine.com	10411	2023-09-11
stawelltimes.com.au	30158	2026-07-05
stcatharinesstandard.ca	103737	2026-07-05
steelers.com	6534	2026-07-05
steinbachonline.com	24357	2026-07-05
stellar.ie	10441	2026-07-03
stereoboard.com	20101	2026-07-05
stereogum.com	19816	2026-07-05
stettlerindependent.com	11620	2026-07-04
stevenspointjournal.com	8837	2023-09-11
stevivor.com	5963	2026-06-11
stgeorgeutah.com	23655	2026-07-05
sthelensstar.co.uk	135274	2026-07-05
stiripesurse.ro	38170	2026-07-04
stlamerican.com	17802	2026-07-05
stlouisstar.com	94565	2026-07-05
stlpublicradio.org	8721	2023-09-01
stltoday.com	242008	2026-07-05
stock-world.de	6893	2024-12-30
stockandland.com.au	38836	2026-07-05
stockhouse.com	9856	2026-07-05
stockjournal.com.au	39169	2026-07-05
stockmarketwire.com	21652	2022-02-23
stokesentinel.co.uk	100811	2026-07-05
stornowaygazette.co.uk	7135	2025-01-23
stourbridgenews.co.uk	142513	2026-07-05
straight.com	16615	2026-07-05
straitstimes.com	195353	2026-07-05
strangehorizons.com	5042	2026-07-04
strategypage.com	10454	2026-07-05
stratford-herald.com	18232	2026-07-05
stratfordbeaconherald.com	39694	2026-07-05
stratfordobserver.co.uk	9659	2026-07-05
strathroyagedispatch.com	35086	2026-01-25
strathroytoday.ca	8366	2026-07-05
streetinsider.com	368521	2024-12-02
streetsblog.org	9042	2026-07-03
stripes.com	96942	2026-07-05
stroudnewsandjournal.co.uk	116824	2026-07-05
stthomastimesjournal.com	40325	2026-07-05
stthomastoday.ca	9021	2026-07-05
stuff.co.nz	290589	2024-01-16
stuff.tv	7811	2026-07-04
stupiddope.com	18434	2025-10-20
sturgisjournal.com	6692	2023-09-11
stuttgartdailyleader.com	12353	2026-07-04
stwnewspress.com	10427	2026-07-04
stylecaster.com	15089	2026-07-04
suasnews.com	5669	2026-07-05
sudantribune.com	6768	2025-02-16
suffolknews.co.uk	11521	2026-07-05
summitdaily.com	21461	2026-07-05
sun-sentinel.com	108025	2026-07-05
suncommercial.com	53500	2026-07-05
sundaymail.co.zw	13635	2025-01-23
sundaynews.co.zw	14210	2025-01-22
sundaystandard.info	7081	2026-06-29
sundaytimes.lk	10674	2026-07-04
sundayworld.co.za	10719	2026-07-05
sundayworld.com	50448	2025-11-24
sunderlandecho.com	19890	2025-01-23
sungazette.com	19988	2026-07-05
sunjournal.com	107831	2026-07-05
sunlive.co.nz	43733	2026-07-05
sunnewsonline.com	41578	2024-06-26
sunny1031.com	6935	2026-07-05
sunny1063.com	13719	2026-02-19
sunny923.com	13114	2026-07-02
sunny943.com	11083	2026-07-05
sunnysidesun.com	5601	2023-04-13
sunshinecoastdaily.com.au	63851	2021-06-23
sunshinestatenews.com	9785	2023-07-22
sunstar.com.ph	94402	2026-07-05
suntimes.com	116321	2026-07-05
superbike-news.co.uk	10344	2026-07-05
superherohype.com	17259	2026-07-04
superhits106.com	7882	2026-07-05
superiortelegram.com	19132	2026-07-05
supermarketnews.com	9608	2026-07-02
supertalk.fm	12610	2026-07-05
supertalk1270.com	7723	2026-07-03
surfky.com	6423	2026-05-29
surinametimes.com	10872	2026-07-05
surinenglish.com	20183	2026-07-03
surreycomet.co.uk	151890	2026-07-05
sussexexpress.co.uk	45134	2025-01-23
sverigesradio.se	7180	2026-04-15
swag1049.com	11851	2026-07-03
swapacd.com	41096	2025-09-25
sweetwaternow.com	19267	2026-07-05
swfinstitute.org	15178	2024-06-11
swiftcurrentonline.com	21791	2026-07-05
swimmingworldmagazine.com	6148	2026-02-23
swimswam.com	30956	2026-07-05
swindonadvertiser.co.uk	152677	2026-07-05
swiowanewssource.com	10627	2026-07-05
swissinfo.ch	101574	2026-07-05
swnewsmedia.com	10991	2025-08-05
swoknews.com	68238	2026-07-05
swtimes.com	7227	2023-09-11
swvatoday.com	19068	2026-06-28
swxrightnow.com	5318	2020-12-17
sydneysun.com	67293	2026-07-05
syfy.com	21936	2026-07-02
syracuse.com	73906	2026-02-19
t-g.com	6100	2026-07-04
t3.com	28547	2026-07-05
t95.com	5067	2026-07-04
taftmidwaydriller.com	5837	2026-07-05
tag911.ae	8820	2026-07-05
tahlequahdailypress.com	34461	2026-07-05
tahoedailytribune.com	14055	2026-07-05
taipeitimes.com	106531	2026-07-05
taiwannews.com.tw	47002	2025-11-28
taiwansun.com	38053	2026-07-05
taku105.com	6608	2024-02-15
talk1073.com	5634	2026-07-02
talkers.com	7430	2026-07-02
talkingpointsmemo.com	25339	2026-07-05
talkingretail.com	13046	2026-07-04
talkradio1170.com	24565	2021-09-07
talkradio960.com	20911	2026-07-05
talkvietnam.com	179795	2023-11-26
tallahassee.com	13322	2023-09-11
tamilguardian.com	5269	2026-07-05
tampabay.com	40369	2026-03-26
tanzanianewsreports.com	17539	2026-07-02
taosnews.com	12308	2026-07-05
tapeop.com	9945	2026-07-01
tapinto.net	6703	2023-08-03
targatocn.it	6174	2026-07-05
targetednews.com	165715	2026-07-05
tasnimnews.com	10617	2025-10-07
tass.com	97872	2026-04-09
tasteofcountry.com	22216	2026-07-05
tasteofhome.com	11163	2026-07-05
tatler.com	7679	2026-07-05
tatlerasia.com	6896	2025-10-27
tauntongazette.com	6714	2023-09-11
taylorvilledailynews.com	21369	2026-07-05
tbnewswatch.com	27463	2025-09-05
tbnweekly.com	13489	2026-05-04
tbsnews.net	21092	2026-03-19
tcpalm.com	12606	2023-09-11
tctimes.com	7635	2026-07-03
tctmd.com	5075	2026-05-19
td.org	5155	2026-03-11
tdh.gov.tm	5165	2026-07-04
tdn.com	62656	2026-07-05
tdtnews.com	30964	2026-07-05
team-bhp.com	42769	2026-06-08
teammyrtlebeach.com	20251	2023-08-29
teamtalk.com	73905	2026-07-05
teamusa.org	6354	2023-08-16
techcabal.com	15659	2026-07-04
techcentral.co.za	8322	2026-05-14
techcentral.ie	5572	2026-07-03
techcrunch.com	67101	2026-07-05
techdirt.com	41055	2026-07-05
techmoran.com	8669	2026-07-03
technewstoday.com	6238	2024-04-04
technical.ly	7472	2026-07-04
technuter.com	6634	2026-06-04
techradar.com	108570	2026-07-05
techreport.com	6990	2026-03-27
techrepublic.com	7100	2026-06-20
techshout.com	5599	2025-09-07
techspot.com	26339	2026-07-02
techstory.in	47097	2026-07-05
techtimes.com	49353	2026-07-05
techxplore.com	35782	2026-01-29
tehachapinews.com	9823	2026-07-05
tehelka.com	7045	2025-09-08
telecomasia.net	7976	2026-01-12
telecompaper.com	58945	2026-07-05
telecomtv.com	5954	2026-07-03
telegrafi.com	6147	2026-07-03
telegram.com	19979	2023-09-11
telegraph.co.uk	238741	2024-11-25
telegraphherald.com	92685	2026-07-05
telegraphindia.com	208030	2024-07-30
teletrader.com	7453	2024-03-13
televisual.com	6307	2026-07-03
tellerreport.com	12622	2024-04-09
telluridenews.com	5009	2026-07-03
tellychakkar.com	94830	2025-02-28
tempo.com.ph	19338	2025-05-27
tennessean.com	23387	2023-09-11
tennesseedaily.com	136874	2026-07-05
tenterfieldstar.com.au	45018	2026-07-05
terracestandard.com	27788	2026-07-05
terradaily.com	24915	2026-06-29
tert.am	5822	2024-11-27
tewkesburyadmag.co.uk	18216	2021-03-11
texarkanagazette.com	32151	2026-07-05
texasguardian.com	213580	2026-07-05
texasmonthly.com	9598	2026-06-22
texastribune.org	8718	2026-07-05
textileworld.com	10468	2026-07-04
thailand-business-news.com	27499	2026-07-05
thailandnews.net	33784	2026-07-05
thatsmags.com	5879	2025-02-07
the-daily-record.com	10173	2023-09-11
the-dispatch.com	12845	2026-07-02
the-independent.com	25126	2026-07-05
the-journal.com	14093	2026-03-19
the-leader.com	6615	2023-09-11
the-messenger.com	95780	2026-07-05
the-review.com	9253	2023-09-11
the-star.co.ke	73871	2026-07-05
the-sun.com	27384	2026-07-05
the42.ie	75453	2026-07-05
the72.co.uk	9877	2026-07-05
theadanews.com	12249	2026-07-04
theadvertiser.com	7982	2023-09-11
theadviser.com.au	7153	2026-07-05
theadvocate.com	64809	2026-07-04
theadvocate.com.au	59743	2026-07-05
theadvocatengr.com	10123	2021-09-14
theage.com.au	244715	2026-07-05
thealpenanews.com	24066	2026-07-03
theamericanconservative.com	8283	2026-07-05
theanswertampa.com	5052	2024-09-25
thearabtribune.com	9150	2026-07-05
theargus.co.uk	167465	2026-07-05
theartnewspaper.com	13715	2026-07-03
theartsdesk.com	12881	2026-07-05
theasian.asia	6008	2026-07-05
theatermania.com	5845	2026-07-03
theathletic.com	40386	2024-05-13
theatlantic.com	31542	2026-07-05
theaustralian.com.au	85916	2024-07-31
theautochannel.com	10901	2026-07-05
thebangladeshtoday.com	6050	2026-07-05
thebatavian.com	21928	2026-07-05
thebeacon.net	5014	2026-07-01
thebeat925.ca	10208	2026-07-03
thebeatdfw.com	10437	2026-07-05
thebeatofthecapital.com	17085	2026-07-05
thebeijinger.com	16079	2026-06-29
thebftonline.com	30673	2026-07-05
thebigdm.com	7536	2026-07-03
thebiglead.com	25090	2026-07-05
thebigstation93blx.com	9592	2026-07-05
theblacksheartimes.com	7135	2026-07-01
theblaze.com	28412	2026-07-05
theboar.org	5935	2026-07-05
theboltonnews.co.uk	155809	2026-07-05
theboneonline.com	14419	2026-07-04
theboot.com	19219	2026-07-05
theborneopost.com	49450	2026-07-05
thebostonpilot.com	20982	2026-07-04
theboxhouston.com	6275	2026-07-05
thebreakingtimes.com	6436	2026-02-05
thebrunswicknews.com	36653	2026-07-05
thebullamarillo.com	9965	2024-04-29
thebulletin.be	8715	2026-05-14
thebulltulsa.com	42888	2025-10-10
thebusinessdesk.com	29309	2026-07-04
thebusinessjournal.com	9054	2026-07-03
thecabin.net	19718	2026-07-04
thecaribbeancamera.com	6433	2026-07-05
thecattlesite.com	8968	2026-07-05
thecentersquare.com	47172	2026-06-26
thechiefleader.com	5489	2026-07-04
thechronicle-online.com	36551	2026-06-29
thechronicle.com.au	59588	2024-07-26
thechronicle.com.gh	26011	2026-07-05
thechronicleherald.ca	29241	2020-11-12
thechronicleonline.com	6398	2024-10-01
thecitizen.co.tz	19865	2026-07-05
thecitizen.com	10536	2026-07-03
thecitizen.in	6668	2026-07-03
thecoast.net.nz	8032	2026-07-03
thecollegefix.com	6655	2026-07-04
thecomet.net	40134	2026-07-05
thecommonsenseshow.com	5386	2022-03-12
thecommunityvoice.com	5593	2026-07-04
theconservativetreehouse.com	46932	2026-07-05
theconstructionindex.co.uk	26787	2026-07-05
theconversation.com	99758	2026-07-05
thecork.ie	5078	2026-07-05
thecorner.eu	5821	2026-07-05
thecourier.co.uk	126383	2025-05-27
thecourier.com	6262	2024-02-01
thecourier.com.au	62338	2026-07-05
thecourierexpress.com	33404	2026-07-04
thecragandcanyon.ca	9129	2026-07-05
thecranberryeagle.com	6309	2026-01-17
thecrimson.com	17780	2026-07-04
thedailybeast.com	68888	2026-07-05
thedailyblog.co.nz	22029	2026-07-05
thedailycitizen.com	13014	2024-08-22
thedailyjournal.com	8370	2023-09-11
thedailymash.co.uk	11842	2026-07-04
thedailymeal.com	23479	2026-07-05
thedailynewnation.com	27080	2024-07-26
thedailynewsonline.com	33315	2026-07-05
thedailyrecord.com	30684	2026-06-04
thedailyreporter.com	5901	2023-09-08
thedailyreview.com	39482	2026-07-04
thedailystar.com	35487	2026-07-05
thedailystar.net	212859	2026-07-05
thedailytimes.com	47853	2026-07-05
thedailyworld.com	7902	2026-07-03
theday.com	76094	2024-12-10
thedenverchannel.com	21269	2022-09-07
thedestinlog.com	5975	2023-09-11
thedickinsonpress.com	35864	2026-07-05
thedigitalcourier.com	34622	2026-07-05
thediplomat.com	22444	2026-07-04
thediplomat.ro	10952	2026-07-03
thedp.com	9716	2026-07-04
thedrinksbusiness.com	14632	2026-07-03
thedrum.com	26085	2026-07-03
theduke.fm	7549	2025-08-29
theeagle.com	35800	2026-07-05
theeagle1069.com	11496	2026-06-23
theeagleonline.com.ng	56554	2026-07-05
theeastafrican.co.ke	17567	2026-07-05
theedgemarkets.com	47793	2023-05-12
theedinburghreporter.co.uk	6704	2026-07-05
theengineer.co.uk	9656	2026-06-05
theenterpriseleader.com	376144	2025-04-18
theepochtimes.com	308888	2026-07-05
thefacts.com	21320	2026-07-05
thefader.com	7971	2026-07-02
thefamuanonline.com	5063	2026-06-02
thefan1075.com	74627	2026-07-05
thefanfm.com	20321	2021-03-19
thefastmode.com	15431	2026-07-03
thefederalist.com	29583	2026-07-03
thefencepost.com	9952	2026-07-05
thefirstnews.com	5660	2024-01-28
thefreepress.ca	28284	2026-07-05
thefreshloaf.com	13537	2026-07-05
thefrisky.com	8666	2026-06-03
thefrontierpost.com	87872	2026-07-05
thefutoncritic.com	37929	2026-07-05
thegame730am.com	18800	2025-12-01
thegamenashville.com	49322	2026-07-05
thegardenisland.com	16962	2026-07-05
thegazette.com	50340	2026-07-05
theglobeandmail.com	190981	2026-07-05
thegrio.com	39987	2026-07-05
thegrocer.co.uk	30005	2025-09-05
theguardian.com	473663	2026-07-05
theguardian.pe.ca	27018	2020-11-12
thehardtackle.com	48124	2026-07-05
thehawkeye.com	9259	2022-12-02
thehayride.com	5366	2026-07-04
thehealthsite.com	34374	2026-02-16
thehendersonnews.com	10575	2024-05-30
theherald-news.com	9633	2026-01-29
theherald.co.za	6624	2026-07-05
theheraldghana.com	10974	2026-07-05
thehill.com	140700	2026-01-07
thehimalayantimes.com	33165	2026-03-30
thehindu.com	950113	2026-07-05
thehindubusinessline.com	264055	2026-07-05
thehitavada.com	28758	2026-07-05
thehits.co.nz	8391	2026-07-03
thehollywoodgossip.com	16312	2026-07-05
thehorse.com	5111	2026-04-13
thehot1039.com	6801	2026-07-05
thehour.com	150380	2026-06-22
theiet.org	13426	2026-07-04
theifp.ca	6953	2026-07-04
theindependent.co.zw	13749	2026-06-25
theindependent.com	69525	2026-07-05
theindependent.sg	6847	2026-03-17
theindianawaaz.com	30231	2026-07-05
theindychannel.com	8382	2020-08-11
theinertia.com	10034	2026-07-03
theintell.com	5596	2023-01-24
theintelligencer.com	80557	2026-06-22
theintelligencer.net	24640	2026-07-05
theintermountain.com	17600	2026-07-03
theirishfield.ie	11822	2026-07-05
theislandnow.com	5886	2025-10-02
theisonews.com	30453	2020-10-30
theitem.com	24178	2026-07-05
thejakartapost.com	67994	2026-07-05
thejc.com	10664	2026-07-05
thejerseytomatopress.com	8608	2025-07-12
thejetpress.com	5015	2026-07-05
thejournal.ie	117425	2026-07-05
thejoyfm.com	8203	2026-01-05
thejudge13.com	5373	2026-07-05
thekansan.com	9296	2026-06-18
thelancasterandmorecambecitizen.co.uk	31708	2023-02-07
thelancet.com	7560	2024-04-30
theland.com.au	44212	2026-07-05
thelandryhat.com	5451	2026-07-05
theleader.com.au	84544	2026-07-05
theleader.info	16199	2026-07-05
theleafchronicle.com	6764	2023-09-11
theledger.com	15716	2023-09-11
thelincolnite.co.uk	16781	2025-10-23
thelocal.at	6796	2026-07-05
thelocal.ch	7420	2026-07-04
thelocal.de	12355	2026-07-05
thelocal.dk	7685	2026-07-05
thelocal.es	9197	2026-07-05
thelocal.fr	15834	2026-07-05
thelocal.it	7906	2026-07-05
thelocal.no	7120	2026-07-05
thelocal.se	10686	2026-07-05
thelondoner.ca	36738	2025-12-17
themag.co.uk	13339	2026-07-05
themainewire.com	8803	2026-07-05
themalaysianinsight.com	24614	2024-09-16
themaneland.com	5810	2026-07-04
themarketsdaily.com	536804	2026-07-05
themarysue.com	32661	2026-07-05
themedialine.org	22271	2026-07-05
themediaonline.co.za	5861	2026-07-03
themercury.com.au	36877	2024-07-29
themiamihurricane.com	5369	2026-07-01
themiddlemarket.com	23548	2026-07-02
themobileindian.com	12419	2026-07-03
themonitor.com	5325	2021-01-11
themorningbulletin.com.au	63217	2021-06-23
themorningsun.com	32416	2026-07-05
themoscowtimes.com	21918	2026-07-05
themountainmail.com	22490	2026-07-05
themountainpress.com	25672	2026-07-04
themunicheye.com	7869	2026-07-03
themusic.com.au	9575	2026-07-05
thenassauguardian.com	23994	2026-07-05
thenation.com	19109	2026-07-04
thenational.ae	31171	2020-10-14
thenational.com.pg	18163	2026-07-03
thenational.scot	107134	2026-07-05
thenationalherald.com	7932	2026-05-07
thenationalnews.com	58805	2026-07-05
thenationonlineng.net	194826	2026-07-05
thenelsondaily.com	6189	2024-09-27
thenewamerican.com	8350	2026-07-05
thenewdaily.com.au	23374	2025-01-23
thenewdawnliberia.com	23494	2026-07-03
thenewpulsefm.com	6406	2026-07-05
thenews-chronicle.com	36773	2025-01-29
thenews-messenger.com	7786	2023-09-11
thenews.com.pk	483483	2026-07-05
thenewsguard.com	9157	2026-07-05
thenewsherald.com	23048	2026-07-05
thenewsminute.com	31493	2026-07-05
thenewsnigeria.com.ng	11028	2026-07-05
thenewsstar.com	6563	2023-09-11
thenewswheel.com	6748	2026-07-05
thenextweb.com	10296	2026-07-05
thenigerianvoice.com	9550	2026-03-11
thenortheasttoday.com	6563	2025-10-20
thenorthernecho.co.uk	216851	2026-07-05
thenorthlines.com	45438	2026-07-05
thenorthwestern.com	9314	2023-09-11
theoaklandpress.com	41965	2026-07-05
theobserver.ca	45742	2026-07-05
theonion.com	9473	2026-07-04
theonlinecitizen.com	8082	2025-02-13
theparisnews.com	31148	2026-07-05
thepeakfm.com	8255	2026-07-01
thepeninsulaqatar.com	162470	2026-07-05
thepeoplesperson.com	34438	2026-07-05
thepeterboroughexaminer.com	57305	2026-07-05
thephinsider.com	10447	2026-07-05
thephuketnews.com	19442	2025-03-05
thepienews.com	5060	2026-07-03
thepigsite.com	7846	2026-07-04
thepilot.com	7253	2026-07-05
thepinetree.net	5301	2026-07-05
thepinknews.com	20303	2026-07-03
thepiratescove.us	9007	2025-09-07
theplainsman.com	6574	2026-07-02
thepoint.gm	13909	2026-07-03
thepointsguy.com	19189	2026-07-05
theportugalnews.com	47676	2026-07-05
thepost.on.ca	23052	2026-07-05
thepostathens.com	11413	2026-06-27
thepoultrysite.com	8028	2026-07-04
theproducenews.com	11398	2026-01-03
theprogress.com	31062	2026-07-05
theprogressnews.com	15680	2026-07-05
theprovince.com	26256	2026-07-05
theprowersjournal.com	5543	2026-07-05
thepublicopinion.com	26347	2023-09-11
thequietus.com	9766	2026-07-04
thequint.com	6366	2026-03-16
therakyatpost.com	18078	2026-07-05
theranch.fm	9198	2026-06-11
therealdeal.com	50281	2026-07-05
therebelrocks.com	19458	2022-08-22
therecord.com	32372	2026-07-05
thereflector.com	9896	2026-07-03
theregister.com	35983	2026-07-05
thereporter.com	10811	2026-07-05
thereporteronline.com	42463	2026-07-05
therepublic.com	102406	2026-04-01
theridgefieldpress.com	54487	2025-06-14
therightscoop.com	13815	2026-07-05
theroar.com.au	37842	2026-07-05
therockofrochester.com	35713	2026-07-05
therolladailynews.com	8970	2026-06-16
theroot.com	17937	2026-07-05
therural.com.au	40887	2026-07-05
thescarboroughnews.co.uk	18854	2025-01-23
thescore.com	5139	2026-03-18
thescore1260.com	43019	2026-07-05
thescottishfarmer.co.uk	24677	2026-07-05
thescottishsun.co.uk	6966	2026-02-23
thesheridanpress.com	6693	2026-07-03
theshillongtimes.com	46377	2026-07-05
thesierraleonetelegraph.com	8562	2026-07-05
thesixthaxis.com	9395	2026-07-05
theskanner.com	6754	2026-05-10
theskinny.co.uk	6400	2026-07-03
thesource.com	37000	2026-07-04
thesouthafrican.com	131554	2026-07-05
thesouthern.com	56040	2026-07-05
thesouthernreporter.co.uk	9553	2025-01-23
thespec.com	33525	2026-07-05
thespectrum.com	5397	2023-09-09
thespiritsbusiness.com	12436	2026-07-03
thespread.com	20558	2026-05-11
thespun.com	17568	2023-10-13
thestandard.co.zw	20165	2026-07-05
thestandard.com.hk	105808	2026-03-02
thestandard.org.nz	7041	2025-10-04
thestar.co.uk	20920	2025-01-23
thestar.com	97964	2026-07-03
thestar.com.my	485185	2026-07-05
thestarphoenix.com	35278	2026-07-05
thestarpress.com	7271	2023-09-11
thestatesman.com	68849	2026-06-10
thestkittsnevisobserver.com	5100	2026-03-17
thestrad.com	8272	2025-09-05
thestranger.com	12772	2026-07-03
thestreet.com	43380	2026-07-05
thestreetjournal.org	48434	2026-01-16
thesubtimes.com	14335	2025-10-04
thesuburban.com	17832	2026-07-05
thesudburystar.com	59868	2026-07-05
thesun.co.uk	70390	2026-06-26
thesun.ie	20857	2026-03-18
thesun.my	39404	2026-02-08
thesun.ng	30675	2026-07-05
thesunchronicle.com	83563	2026-07-05
thesundaily.my	99874	2023-11-06
thesylvaherald.com	5878	2026-07-01
thetab.com	31011	2026-07-04
thetablet.co.uk	5640	2026-07-04
thetablet.org	9022	2026-07-01
thetandd.com	58718	2026-07-05
thetelegram.com	22428	2020-11-11
thetelegraph.com	163596	2026-06-22
thetelegraphandargus.co.uk	174610	2026-07-05
thethaiger.com	14483	2026-03-19
thetidenewsonline.com	34149	2026-07-05
thetimes-tribune.com	67957	2026-07-05
thetimes.co.uk	214037	2024-06-05
thetimes.com	85089	2026-07-05
thetimesherald.com	5081	2023-09-11
thetimesnews.com	12215	2026-07-04
thetimestribune.com	24693	2026-07-05
thetottenhamindependent.co.uk	94323	2026-07-05
thetowntalk.com	5540	2023-09-11
thetrucker.com	13649	2026-07-05
thetruthaboutcars.com	16065	2026-07-05
theturtleislandnews.com	18196	2026-07-03
thetyee.ca	8833	2026-07-04
theuknews.com	37206	2026-07-05
theunion.com	19542	2026-07-03
theurbandaily.com	9330	2026-06-24
theusnews.com	140274	2026-07-05
theverge.com	64814	2026-07-05
thevermilion.com	5498	2026-07-05
thevisitor.co.uk	5324	2021-12-13
thevoicebw.com	6374	2024-08-09
thevoiceslu.com	14945	2026-07-04
thevwindependent.com	8280	2026-07-03
thewave.ca	10659	2025-12-07
theweek.co.uk	12509	2023-09-12
theweek.com	53246	2026-07-05
theweek.in	88445	2026-07-05
theweektoday.com	18233	2024-09-18
thewest.com.au	9148	2026-07-05
thewesterlysun.com	24457	2026-07-04
thewestmorlandgazette.co.uk	192098	2026-07-05
thewestonforum.com	6800	2025-10-31
thewestonmercury.co.uk	55614	2026-07-05
thewhig.com	47754	2026-07-05
thewhiskeywash.com	14329	2026-07-05
thewire.in	44530	2024-03-27
thewolf.ca	8091	2026-06-30
theworld.org	9079	2026-06-26
theworldlink.com	21800	2026-07-05
thewrap.com	78175	2026-07-05
thexboxhub.com	9726	2026-07-05
thexradio.com	10803	2026-07-05
theyeshivaworld.com	31940	2026-07-05
theyucatantimes.com	9446	2025-06-10
thezimbabwean.co	6574	2026-07-05
thezimbabwedaily.com	16271	2026-02-04
thezimbabwemail.com	31669	2026-07-05
thirdsector.co.uk	8964	2026-07-03
thisdaylive.com	164146	2026-07-05
thisisanfield.com	21552	2026-01-24
thisislancashire.co.uk	54733	2023-02-07
thisislocallondon.co.uk	155513	2025-12-03
thisismoney.co.uk	52701	2025-11-06
thisisoxfordshire.co.uk	167275	2026-07-05
thisisthewestcountry.co.uk	18359	2023-02-07
thisiswiltshire.co.uk	136070	2026-07-05
thomasnet.com	15573	2024-02-05
thompsoncitizen.net	86287	2025-01-20
thunder987.com	5645	2021-03-31
thurrockgazette.co.uk	91273	2026-07-05
thurstontalk.com	6058	2026-07-05
thv11.com	51235	2026-06-05
thyblackman.com	10029	2026-07-05
tibet.net	9556	2026-07-04
tickerreport.com	424884	2026-07-05
ticotimes.net	6449	2026-01-09
tide1009.com	6739	2026-03-09
tiftongazette.com	10222	2026-07-03
tigerdroppings.com	5399	2022-01-13
tigernet.com	9295	2025-11-20
tigersroar.com	9899	2026-07-05
tillamookheadlightherald.com	14181	2026-07-05
timberjay.com	6625	2026-07-02
time.com	25597	2026-07-05
timeout.com	19057	2026-07-05
timeoutdubai.com	8263	2023-01-03
times-gazette.com	8414	2023-09-11
times-herald.com	6580	2026-07-04
times-journal.com	6216	2026-07-04
times-news.com	38007	2026-07-05
times-series.co.uk	100211	2026-07-05
times-standard.com	14621	2026-07-05
times.co.sz	9098	2026-03-15
timesandstar.co.uk	150039	2026-07-05
timesargus.com	33846	2026-07-05
timesbulletin.com	6962	2026-07-01
timesca.com	13958	2026-07-05
timescall.com	37711	2026-07-05
timescitizen.com	5912	2026-07-05
timescolonist.com	119190	2025-01-21
timesdaily.com	45798	2026-07-05
timesenterprise.com	8936	2026-07-02
timesfreepress.com	34971	2026-07-05
timesgazette.com	8366	2025-09-17
timesherald.com	43613	2026-07-05
timesheraldonline.com	10031	2026-07-05
timeshighereducation.com	10989	2026-07-05
timesleader.com	20436	2026-07-05
timesleader.net	6212	2026-07-05
timesleaderonline.com	18316	2026-07-03
timeslive.co.za	135287	2026-07-05
timesnews.net	36240	2025-11-11
timesnownews.com	143696	2026-04-29
timesofearth.com	6318	2026-07-05
timesofisrael.com	138709	2023-11-04
timesofmalta.com	121997	2026-04-15
timesofoman.com	51420	2026-07-05
timesofsandiego.com	23812	2026-07-05
timesonline.com	9679	2023-09-11
timesrecordnews.com	9821	2023-09-11
timesreporter.com	10999	2023-09-11
timesrepublican.com	21763	2026-07-05
timesreview.com	23630	2026-06-04
timestelegram.com	7281	2023-09-11
timesunion.com	119604	2025-11-14
timeswv.com	18635	2026-07-05
timminspress.com	55728	2026-07-05
timminstimes.com	44691	2026-01-26
tipperarylive.ie	30669	2026-05-14
tippfm.com	18524	2026-07-05
tippmidwestradio.com	13058	2026-07-03
tirebusiness.com	6666	2026-06-09
titansradio.com	16453	2026-06-29
titusvilleherald.com	22168	2022-12-01
tivysideadvertiser.co.uk	123847	2026-07-05
tmcnet.com	437717	2025-01-23
tmj4.com	6376	2026-03-19
tmz.com	51327	2026-07-05
tnledger.com	49087	2026-07-03
tnonline.com	37282	2026-07-05
tnp.sg	13213	2025-10-30
today.az	57202	2026-07-03
today.com	68745	2026-07-05
today.ng	48383	2024-06-20
today.rtl.lu	6406	2026-05-21
todayfm.com	16496	2026-07-03
todayheadline.co	7585	2025-01-27
toffeeweb.com	8319	2026-07-05
tolonews.com	32868	2024-06-06
tomsguide.com	51576	2026-07-05
tomshardware.com	18713	2026-07-05
tonyskansascity.com	45131	2026-07-05
topspeed.com	24364	2026-07-05
topwirenews.com	19558	2026-06-30
tor.com	21154	2024-01-23
toronto.citynews.ca	76610	2026-07-05
toronto.com	15927	2026-07-05
toronto.ctvnews.ca	37722	2025-01-23
torontosun.com	94115	2026-07-05
torontotelegraph.com	102509	2026-07-05
torquenews.com	29281	2026-07-05
totaltele.com	9659	2026-07-03
toucharcade.com	6249	2025-04-19
towleroad.com	15902	2024-04-28
townandcountrymag.com	18415	2026-07-05
townhall.com	91395	2026-07-05
townsvillebulletin.com.au	89025	2026-07-05
toynews-online.biz	5622	2026-07-02
tpr.org	34232	2026-07-05
tradearabia.com	114744	2026-07-05
tradeonlytoday.com	5634	2026-07-02
tradersmagazine.com	8075	2026-07-03
tradewindsnews.com	8151	2026-03-18
trains.com	13585	2026-07-04
trak.in	8911	2026-07-05
transylvaniatimes.com	9715	2026-07-05
travelandleisure.com	22155	2026-03-17
travelbizmonitor.com	8595	2026-07-05
traveldailymedia.com	27645	2026-06-05
traveldailynews.asia	10250	2026-04-19
traveldailynews.com	24067	2026-01-24
travelextra.ie	10961	2026-07-05
traveller.com.au	6007	2023-04-11
travelmarketreport.com	11690	2026-07-04
travelmole.com	9334	2026-05-01
travelweekly.com	19561	2026-02-06
travelweekly.com.au	17264	2026-07-03
trbusiness.com	8883	2026-07-05
trend.az	31560	2026-06-27
trentonian.ca	44449	2026-06-22
trentonian.com	29811	2026-07-05
trib.com	62967	2026-07-05
tribdem.com	58861	2026-07-05
tribecacitizen.com	5393	2026-07-03
triblive.com	99379	2026-05-04
tribstar.com	51004	2026-07-05
tribtoday.com	28645	2026-07-05
tribtown.com	97408	2025-04-15
tribune.com.pk	256488	2026-07-05
tribune.net.ph	65966	2026-07-05
tribune242.com	44659	2026-07-03
tribuneindia.com	277793	2026-07-05
tribuneledgernews.com	34463	2026-07-03
tribuneonlineng.com	157690	2026-07-05
tribunnews.com	7352	2026-07-05
tribute.ca	8148	2025-01-21
tricitynews.com	79527	2025-08-01
trinidadexpress.com	51358	2026-07-05
trinidadtimes.com	51918	2026-07-05
troyrecord.com	36738	2026-07-05
trtworld.com	11841	2026-03-19
truebluela.com	10612	2026-07-05
truenorthreports.com	6071	2023-06-30
trumbulltimes.com	49197	2025-06-14
trust.org	37925	2026-04-28
trustedreviews.com	22027	2026-07-05
truthout.org	18698	2026-07-04
tsln.com	7946	2026-07-05
tsn.ca	163814	2026-07-05
tspr.org	23637	2026-07-05
ttgasia.com	12908	2026-07-05
ttnworldwide.com	6778	2026-07-05
ttrweekly.com	10488	2026-07-02
tucson.com	194368	2026-07-05
tucsonpost.com	38780	2026-07-05
tucsonsentinel.com	21556	2025-07-21
tucsonweekly.com	8327	2026-07-04
tudno.co.uk	20766	2023-04-26
tuko.co.ke	17879	2026-03-19
tulsaworld.com	110961	2026-07-05
tuoitrenews.vn	28862	2025-04-16
turkishpress.com	8519	2024-03-13
turlockjournal.com	5162	2026-07-04
turnto10.com	48323	2026-07-05
turnto23.com	48846	2026-07-05
tuscaloosanews.com	10891	2023-09-11
tv6tnt.com	22916	2026-07-05
tvfanatic.com	6905	2025-05-15
tvgrapevine.com	16615	2026-07-05
tvguide.co.uk	1913583	2026-07-05
tvguide.com	9673	2026-07-05
tvline.com	19745	2026-07-05
tvnewscheck.com	25266	2026-07-03
tvnz.co.nz	5645	2021-10-05
tvone.tv	5086	2026-07-02
tvovermind.com	19747	2026-07-05
tvseriesfinale.com	5959	2026-07-05
tvtechnology.com	11311	2026-07-02
tvtonight.com.au	28269	2026-07-05
tweaktown.com	28503	2025-03-01
tweeddailynews.com.au	45440	2021-04-28
twincities.com	36926	2026-07-05
twinsdaily.com	14992	2026-07-05
twitchy.com	61634	2026-07-05
twtd.co.uk	109199	2026-07-05
tylerpaper.com	28254	2026-07-05
typepad.com	10528	2024-12-01
tyrepress.com	6447	2026-07-03
ualrpublicradio.org	47779	2026-07-05
uark.edu	7068	2026-07-01
ubergizmo.com	7835	2026-07-03
ucanews.com	24644	2025-01-23
ucla.edu	6656	2026-07-03
udaipurkiran.com	78553	2026-07-05
udayavani.com	18326	2026-06-28
udn.com	6573	2026-07-05
uefa.com	8140	2024-07-24
uexpress.com	18136	2026-01-13
ufc.com	6966	2026-07-03
uk.com	8136	2026-07-05
ukiahdailyjournal.com	10152	2026-07-05
ukrainianjournal.com	15275	2026-01-27
ukrinform.net	22093	2026-03-19
uky.edu	8719	2026-07-02
ulladullatimes.com.au	60767	2026-07-05
uloop.com	10823	2026-07-05
ultimateclassicrock.com	16086	2026-07-05
ummid.com	19001	2026-07-05
umn.edu	13833	2026-07-03
un.org	6527	2026-07-01
uncrate.com	9877	2026-07-04
undercurrentnews.com	32135	2026-07-03
undertheradar.co.nz	24615	2026-07-05
undp.org	26601	2026-07-05
unian.info	12516	2026-02-09
uniindia.com	31007	2026-03-17
union-bulletin.com	43935	2026-07-05
uniondemocrat.com	13176	2026-07-04
unionleader.com	96893	2026-07-05
unionrecorder.com	12141	2026-07-04
universityworldnews.com	14047	2026-07-05
unm.edu	5406	2026-07-05
unmultimedia.org	7763	2023-10-16
uow.edu.au	17760	2024-11-07
updatesnews.com	25511	2022-10-01
upenn.edu	6978	2026-07-03
upi.com	99303	2026-07-05
upnorthlive.com	36660	2026-07-05
uppermichiganssource.com	32856	2026-07-05
upr.org	51095	2026-07-05
uproxx.com	20990	2026-07-03
upstract.com	65174	2021-06-14
upstreamonline.com	24332	2026-07-05
urbanacitizen.com	5866	2025-09-17
urbanmilwaukee.com	32913	2026-07-05
urdupoint.com	44060	2025-01-27
us103.com	26107	2026-05-31
us105fm.com	36848	2026-07-05
usanetwork.com	7362	2025-08-13
usatoday.com	217936	2025-04-26
usembassy.gov	7956	2026-07-01
usf.edu	64607	2026-02-26
usmagazine.com	62985	2026-07-05
usnews.com	60090	2024-07-31
usni.org	7584	2026-06-01
utahindependent.com	21791	2026-07-05
uticaod.com	14125	2023-09-11
utilitydive.com	9552	2026-07-02
utv44.com	5801	2026-07-05
v100fm.com	6274	2026-07-05
v100rocks.com	14087	2026-07-05
v1019.com	19173	2026-07-05
vaalweekblad.com	14927	2023-11-09
vaildaily.com	28424	2026-07-05
valdostadailytimes.com	75662	2026-07-04
valleybreeze.com	13596	2026-07-03
valleymorningstar.com	6006	2021-01-11
valleynewslive.com	32277	2026-07-05
valuewalk.com	9489	2025-01-23
vancourier.com	30069	2021-01-13
vancouverisland.ctvnews.ca	24415	2026-06-19
vancouversun.com	58034	2026-07-05
vandaliaradio.com	11696	2026-07-05
vanguardngr.com	214283	2026-07-05
vanityfair.com	18740	2026-07-05
variety.com	93865	2026-07-05
varsity.co.uk	8669	2026-07-05
vavel.com	12209	2026-07-05
vccircle.com	10759	2026-07-04
vcstar.com	9705	2023-09-11
vcyamerica.org	5662	2023-07-13
vdare.com	10802	2024-07-25
vegnews.com	12884	2026-07-05
venezuelastar.com	20235	2026-07-05
venturebeat.com	5743	2025-08-30
venturesafrica.com	22144	2024-11-16
vermilionstandard.com	12544	2026-07-05
vermontbiz.com	24913	2026-07-04
vernonmorningstar.com	51100	2026-07-05
verticalmag.com	13652	2026-07-05
vervetimes.com	11695	2025-01-26
vestnikkavkaza.net	24786	2022-01-22
veteranstoday.com	14175	2025-02-13
vg247.com	9508	2026-06-23
vgchartz.com	40063	2026-07-05
vibe.com	11983	2026-07-04
vice.com	18638	2026-07-05
vicnews.com	37044	2026-07-05
victoriaadvocate.com	5239	2026-07-05
victorygirlsblog.com	6589	2026-07-05
vietnamnet.vn	30619	2026-06-03
vietnamnews.vn	61195	2026-07-05
vietnamtribune.com	58857	2026-07-05
viewngr.com	44838	2025-01-29
vikings.com	5652	2026-07-01
vikingsterritory.com	18307	2026-07-05
villagesoup.com	21386	2024-09-18
vindy.com	48556	2026-07-05
vir.com.vn	29072	2026-07-05
virginislandsdailynews.com	19514	2026-07-03
virginislandsnewsonline.com	36304	2026-07-05
virginradio.co.uk	8272	2026-07-02
visayandailystar.com	32164	2026-06-06
vision.org.au	8526	2026-06-16
visionmp.com	10355	2026-07-05
vladtv.com	45775	2026-07-05
vmagazine.com	7602	2026-06-03
vnews.com	20443	2026-07-05
vnexpress.net	16986	2026-03-19
voanews.com	134105	2025-03-20
voazimbabwe.com	12730	2026-03-20
vocm.com	38726	2026-07-05
vogue.co.uk	18375	2026-07-05
vogue.com	32719	2026-07-05
vogue.in	10461	2026-07-05
voice-online.co.uk	10926	2026-07-05
voicenews.com	19643	2025-11-04
voiceofalexandria.com	80964	2026-07-04
voiceofvienna.org	15375	2026-07-05
voiceonline.com	9543	2026-07-04
vol.at	15867	2026-07-05
volcanodiscovery.com	17687	2026-07-04
vovworld.vn	9520	2026-01-25
vox.com	19922	2026-07-05
vpm.org	20009	2023-01-27
vpr.org	5702	2022-06-22
vtcng.com	14113	2026-07-05
vtdigger.org	12491	2026-07-05
vulcanadvocate.com	8643	2026-07-05
vulture.com	25458	2026-07-04
vvdailypress.com	8735	2023-09-11
w4country.com	5924	2026-07-05
wa1a.com	10193	2026-07-05
waateanews.com	25602	2026-07-05
waaytv.com	47187	2026-07-05
wabcradio.com	7619	2025-02-02
wabe.org	21327	2026-04-24
wabi.tv	37519	2026-07-05
wabx.net	32990	2026-07-05
wach.com	36713	2026-07-05
wacotrib.com	70792	2026-07-04
wadenapj.com	25199	2026-07-05
wadk.com	35972	2026-07-04
waer.org	40159	2026-07-05
wafb.com	38110	2026-07-05
waff.com	32774	2026-07-05
wagmtv.com	12216	2026-07-04
wahoo-ashland-waverly.com	17372	2026-07-03
wahpetondailynews.com	15391	2026-07-05
waka.com	10757	2026-07-05
wakefieldexpress.co.uk	18345	2025-01-23
wakg.com	7973	2026-07-04
walb.com	33023	2026-07-05
walesonline.co.uk	250300	2026-07-05
walkermn.com	14390	2026-07-05
wallaceburgcourierpress.com	38498	2026-06-29
wallowa.com	8337	2026-07-03
wallpaper.com	15005	2026-07-05
walls102.com	8142	2023-06-13
wallstreet-online.de	85342	2026-07-05
wam.ae	15139	2023-11-04
wamc.org	51383	2026-07-05
wamda.com	5802	2026-07-02
wandsworthguardian.co.uk	129830	2026-07-05
wandtv.com	60509	2026-07-05
wantedinrome.com	8835	2026-07-05
wape.com	12222	2026-07-05
wapt.com	66598	2026-07-05
wardsauto.com	7046	2026-02-03
warm1033.com	24135	2026-07-05
warm1069.com	9573	2026-07-04
warm98.com	11530	2026-07-05
warringtonguardian.co.uk	153288	2026-07-05
warsawvoice.pl	12750	2026-03-18
warwickdailynews.com.au	51988	2021-04-28
warwickonline.com	5943	2026-06-25
warwickshireworld.com	12934	2025-01-23
washingtonblade.com	8321	2026-07-03
washingtonexaminer.com	160151	2026-07-05
washingtonian.com	12881	2026-07-02
washingtoninformer.com	6759	2026-07-03
washingtonpost.com	306594	2024-08-02
washingtontimes.com	292813	2026-04-13
washtimesherald.com	43223	2026-07-05
waste360.com	5106	2025-01-19
wataugademocrat.com	48389	2026-07-05
watchingamerica.com	8067	2026-07-05
waterford-news.ie	66898	2026-07-05
watermarkonline.com	35425	2025-11-03
wateronline.com	10684	2026-07-05
waterwaysjournal.net	5355	2026-07-03
watfordobserver.co.uk	110185	2026-07-05
watoday.com.au	131277	2026-07-05
wattsupwiththat.com	8109	2026-07-05
wausaudailyherald.com	9127	2023-09-11
waxahachietx.com	5973	2026-07-03
wbaa.org	76838	2026-07-05
wbal.com	70125	2026-07-04
wbaltv.com	73445	2026-07-05
wbap.com	88377	2026-07-05
wbay.com	38052	2026-07-05
wbbjtv.com	33972	2026-07-05
wbckfm.com	23781	2025-11-29
wbco.com	6055	2026-07-02
wbez.org	6228	2026-07-05
wbfo.org	39821	2025-04-01
wbgo.org	5960	2026-07-04
wbir.com	60093	2026-06-05
wbiw.com	45988	2026-07-04
wbjournal.com	13506	2026-07-02
wbkb11.com	6769	2026-07-05
wbko.com	23186	2026-07-05
wbkr.com	25046	2026-07-05
wblk.com	38301	2026-07-05
wblm.com	33187	2026-07-05
wbls.com	9397	2026-07-03
wbmq.net	17237	2020-08-26
wbng.com	23339	2026-07-05
wbnowqct.com	5619	2026-07-02
wbnq.com	12664	2026-07-05
wboc.com	90682	2026-07-05
wboi.org	45142	2026-07-05
wbrc.com	46358	2026-07-05
wbrz.com	71616	2026-07-05
wbsm.com	20099	2026-07-05
wbszfm.com	5334	2026-07-02
wbt.com	8059	2026-07-05
wbtmdanville.com	9568	2026-06-17
wbtv.com	35759	2026-07-05
wbur.org	53586	2026-07-04
wbwn.com	9462	2026-07-05
wcax.com	39498	2026-07-05
wcbe.org	58328	2026-07-05
wcbi.com	20644	2026-07-04
wcbm.com	27945	2026-07-05
wccbcharlotte.com	41208	2026-07-05
wccftech.com	47049	2026-07-05
wccq.com	9401	2024-05-24
wcfcourier.com	114100	2026-07-05
wchstv.com	35583	2026-07-05
wcjb.com	32524	2026-07-05
wclk.com	32891	2026-07-05
wclo.com	10685	2025-05-20
wcnc.com	66822	2026-06-06
wcoapensacola.com	43555	2026-07-05
wcpo.com	32298	2026-07-04
wcrz.com	21881	2026-07-05
wcsmradio.com	10141	2026-07-04
wcsufm.org	64156	2026-07-05
wcsx.com	17574	2026-07-05
wcsy.com	39570	2026-07-02
wcti12.com	40613	2026-07-05
wctrib.com	53563	2026-07-05
wctv.tv	28922	2026-07-05
wcvb.com	101419	2026-07-05
wcyb.com	32609	2026-07-05
wcyy.com	29871	2026-07-05
wdadradio.com	14452	2026-07-05
wdam.com	35075	2026-07-05
wdbj7.com	34396	2026-07-05
wdbo.com	47437	2026-07-05
wdbqam.com	9872	2026-07-05
wdef.com	24556	2026-07-05
wdel.com	25694	2026-07-05
wden.com	5672	2026-07-05
wdet.org	10032	2026-07-03
wdez.com	22545	2026-07-05
wdhafm.com	15349	2026-07-05
wdio.com	61963	2026-07-05
wdiy.org	44347	2026-07-05
wdjx.com	8537	2026-07-02
wdkx.com	5395	2022-07-25
wdrb.com	100146	2026-07-05
wdrv.com	9042	2026-07-03
wdsm710.com	39447	2026-07-05
wdsu.com	103803	2026-07-05
wdtimes.com	33378	2026-07-05
wdtv.com	20060	2026-07-05
wdzz.com	8926	2026-07-05
weaa.org	51021	2025-02-25
wealthmanagement.com	17036	2026-07-03
weareiowa.com	7839	2026-03-16
weartv.com	33927	2026-07-05
weatherforddemocrat.com	14171	2026-07-04
weathernationtv.com	6045	2026-07-05
weau.com	30968	2026-07-05
webcamfeet.com	5756	2021-11-12
webindia123.com	418441	2026-07-05
webmd.com	10266	2026-07-02
webwire.com	36171	2026-07-05
wect.com	35857	2026-07-05
weeklyblitz.net	31762	2026-07-05
weeklytimesnow.com.au	11584	2024-07-22
weforum.org	8434	2024-01-12
wegotthiscovered.com	68271	2025-02-24
weirtondailytimes.com	21633	2026-07-03
weisradio.com	18260	2026-01-06
wellandtribune.ca	70005	2026-07-05
wellingtondailynews.com	5439	2026-06-19
wellingtontimes.com.au	35543	2026-07-05
wellsvilledaily.com	5537	2022-04-14
wemu.org	33834	2026-07-05
wenatcheeworld.com	25290	2026-07-05
wenxuecity.com	33569	2026-07-05
weny.com	30013	2026-07-05
wesa.fm	41179	2026-06-04
wesh.com	76862	2026-07-05
wesm913.org	17888	2022-01-28
westcentralonline.com	16671	2026-07-05
westcentralsbest.com	48021	2026-07-05
westerlynews.ca	30570	2026-07-05
westernadvocate.com.au	110063	2026-07-05
westernmassnews.com	22492	2026-07-05
westernpeople.ie	34944	2026-07-05
westerntelegraph.co.uk	123075	2026-07-05
westernweekender.com.au	5449	2026-07-03
westernwheel.ca	6258	2025-09-05
westfaironline.com	12115	2026-07-02
westhawaiitoday.com	19539	2026-07-05
westkentuckystar.com	29600	2026-07-05
westmeathexaminer.ie	46432	2026-07-05
westmeathindependent.ie	45478	2026-07-05
westofthei.com	7029	2026-07-05
westport-news.com	54149	2022-03-01
westseattleblog.com	47160	2026-07-05
westsussextoday.co.uk	7480	2022-02-09
westword.com	12850	2026-07-04
wetaskiwintimes.com	15207	2026-07-05
weyburnreview.com	37373	2021-07-29
wfaa.com	64004	2026-06-05
wfae.org	68842	2026-07-05
wfasam.com	13054	2021-05-17
wfav951.com	14029	2026-07-02
wfdd.org	51008	2026-07-05
wfgr.com	21383	2024-07-03
wfin.com	45335	2025-06-14
wfirnews.com	5199	2026-07-02
wfit.org	6651	2026-07-02
wfiwradio.com	11629	2026-07-04
wfls.com	17385	2026-07-05
wflx.com	32355	2026-07-05
wfmd.com	13317	2026-07-05
wfmj.com	109703	2026-07-05
wfms.com	7223	2026-07-05
wfmynews2.com	66653	2026-06-05
wfmz.com	253380	2026-07-05
wfnc640am.com	68932	2026-06-25
wfnt.com	13079	2026-07-05
wfsb.com	35867	2026-07-05
wfsu.org	47631	2026-07-05
wftv.com	43975	2026-07-05
wftw.com	69191	2025-03-28
wfuv.org	9600	2026-07-05
wfxd.com	6582	2026-04-09
wfxl.com	6512	2025-09-11
wfyi.org	14770	2026-07-05
wgac.com	6418	2026-07-04
wgal.com	80653	2026-07-05
wgan.com	14910	2026-07-05
wgauradio.com	58368	2026-07-05
wgbh.org	23755	2026-07-05
wgcu.org	30258	2026-07-05
wgil.com	10099	2026-06-27
wglr.com	25226	2026-07-05
wglt.org	60037	2026-07-05
wgmd.com	40355	2026-07-05
wgme.com	40448	2026-07-05
wgna.com	33321	2026-07-05
wgni.com	9043	2026-07-05
wgnsradio.com	16711	2026-07-05
wgntv.com	7621	2026-05-05
wgog.com	5968	2026-07-05
wgow.com	46749	2026-07-05
wgowam.com	74852	2026-07-05
wgrd.com	44666	2026-07-05
wgrr.com	9960	2026-07-05
wgrz.com	46639	2026-06-05
wgxa.tv	9356	2026-07-05
wharfedaleobserver.co.uk	115731	2026-07-05
whas11.com	68292	2026-06-25
whatdidyousay.org	15446	2025-11-11
whatech.com	27377	2026-07-04
whathifi.com	11066	2026-07-05
whatsnew2day.com	14117	2025-01-27
whatson.ae	20625	2026-07-05
whatsonstage.com	11065	2026-07-05
whatsontv.co.uk	5261	2021-06-10
whbl.com	68723	2026-07-05
whby.com	9143	2026-07-01
whcuradio.com	10235	2024-06-23
whdg.com	16319	2026-07-04
whdh.com	54425	2026-07-05
whec.com	130161	2026-07-05
whidbeynewstimes.com	5982	2026-07-03
whig.com	59830	2026-07-03
whio.com	44122	2026-07-05
whitecourtstar.com	13257	2026-07-05
whitehorsestar.com	5917	2026-01-29
whitehouse.gov	6012	2026-03-17
whitsundaytimes.com.au	56923	2021-04-28
whittierdailynews.com	45186	2026-07-05
whiznews.com	14745	2026-07-04
whky.com	21321	2026-07-05
whmi.com	24199	2026-07-05
whnt.com	6192	2025-06-12
who.int	10215	2026-07-03
whopam.com	23610	2026-07-05
whqr.org	45363	2026-07-05
whro.org	14369	2026-07-05
whrpfm.com	8947	2026-07-05
whsv.com	28911	2026-07-05
whtc.com	47486	2026-07-05
whtimes.co.uk	54921	2026-07-05
whvoradio.com	13931	2026-05-31
whyy.org	26344	2026-07-05
wiartonecho.com	22234	2026-07-05
wibailoutpeople.org	5590	2026-07-05
wibc.com	28157	2026-07-05
wibqam.com	45131	2026-01-10
wibw.com	45449	2026-07-05
wibx950.com	29873	2026-07-03
wickedlocal.com	236673	2023-09-11
wicz.com	61874	2026-07-05
wifc.com	19352	2026-07-05
wifr.com	24535	2026-07-05
wigantoday.net	27415	2025-01-23
wiky.com	39810	2026-07-05
wild1029.com	9097	2026-07-05
wild1049hd.com	6114	2023-03-21
wild941.com	23436	2026-07-05
wiley.com	5258	2026-06-11
williamsondailynews.com	7197	2026-07-01
willistonherald.com	14263	2026-07-05
willitsnews.com	6384	2026-07-04
willmarradio.com	43856	2026-07-04
wilm-tv.com	8193	2021-09-20
wilmingtonbiz.com	12073	2025-01-22
wilsonpost.com	5372	2023-03-01
wilsontimes.com	5490	2026-07-05
wiltonbulletin.com	62996	2025-06-14
wiltsglosstandard.co.uk	115633	2026-07-05
wiltshiretimes.co.uk	145034	2026-07-05
wilx.com	33065	2026-07-05
wimbledonguardian.co.uk	119774	2026-07-05
wimsradio.com	17111	2026-07-05
wimz.com	6759	2026-06-15
winchesterstar.com	61437	2026-07-05
wincountry.com	19375	2026-07-05
windfm.com	6729	2026-07-05
windowscentral.com	33614	2026-07-05
windowstorussia.com	5923	2026-06-10
windpowermonthly.com	7211	2026-07-02
windsor.ctvnews.ca	20740	2025-04-09
windsorite.ca	19835	2025-09-22
windsorstar.com	57489	2026-07-05
windtech-international.com	9132	2026-07-03
wingsmagazine.com	5707	2026-07-03
wink104.com	10187	2026-07-05
winknews.com	54298	2026-07-05
winnipeg.ctvnews.ca	27808	2025-04-25
winnipegfreepress.com	317543	2026-07-05
winnipegsun.com	53890	2026-07-05
winonadailynews.com	37893	2026-07-04
winonapost.com	10405	2026-07-03
winsfordguardian.co.uk	67252	2023-03-07
winteriscoming.net	8221	2026-07-05
wionews.com	25883	2026-02-12
wiov.com	7251	2026-07-05
wired.com	20674	2026-07-05
wiredprnews.com	26047	2025-10-24
wirralglobe.co.uk	132748	2026-07-05
wirx.com	19918	2026-07-05
wisbechstandard.co.uk	35489	2026-07-05
wisbusiness.com	13931	2026-07-05
wisc.edu	13648	2026-07-05
wiscassetnewspaper.com	24424	2026-07-05
wiscnews.com	66626	2026-07-05
wisconsin106.com	15308	2025-03-13
wisconsinagconnection.com	14570	2026-07-03
wisconsinrapidstribune.com	9142	2023-09-11
wisfarmer.com	5440	2023-09-11
wishtv.com	71078	2026-07-05
wislawjournal.com	11691	2026-06-03
wisn.com	72891	2026-07-05
wispolitics.com	20343	2026-07-05
wisr680.com	8944	2026-07-03
wistv.com	38067	2026-07-05
withinnigeria.com	12604	2026-03-04
witl.com	37256	2026-07-05
witn.com	35730	2026-07-05
witneygazette.co.uk	129727	2026-07-05
wits.ac.za	5362	2026-07-04
wivk.com	12123	2026-07-05
wixx.com	27344	2026-07-03
wiznation.com	12976	2026-07-04
wjactv.com	32722	2026-07-05
wjbc.com	39947	2026-07-02
wjbq.com	28283	2026-07-05
wjbr.com	12970	2025-12-04
wjcl.com	70106	2026-07-05
wjct.org	70241	2026-07-05
wjcw.com	56198	2026-06-22
wjez.com	10646	2026-07-05
wjfw.com	20556	2026-07-05
wjhg.com	25364	2026-07-05
wjimam.com	23474	2025-12-01
wjla.com	47911	2026-07-05
wjle.com	5905	2026-07-05
wjmi.com	18966	2026-05-04
wjnt.com	23076	2026-04-22
wjol.com	34508	2026-07-04
wjon.com	37661	2026-07-05
wjoxam.com	50601	2026-04-07
wjr.com	43510	2026-07-05
wjrz.com	13490	2026-07-05
wjsu.org	19822	2025-03-11
wjtn.com	20362	2026-07-04
wjvl.com	5257	2025-03-09
wkar.org	18059	2026-07-05
wkbw.com	40805	2026-07-05
wkdq.com	36499	2026-07-05
wkdzradio.com	16787	2026-06-14
wkfr.com	24346	2026-07-05
wkjc.com	42020	2026-07-04
wkkg.com	9712	2026-07-02
wkmi.com	17491	2025-11-30
wkml.com	15557	2026-07-05
wkms.org	53844	2026-07-05
wknofm.org	81175	2026-07-05
wkow.com	6158	2026-05-21
wkrb13.com	486644	2025-04-18
wksn.com	20311	2026-07-04
wksu.org	17996	2022-12-08
wktn.com	9975	2026-07-02
wktv.com	42519	2026-07-05
wkuherald.com	9445	2026-07-05
wkvi.com	7454	2026-07-03
wkxi.com	15993	2026-05-09
wkyc.com	70523	2026-06-06
wkyt.com	32699	2026-07-05
wkyufm.org	43466	2026-07-05
wkzo.com	76457	2026-07-05
wlav.com	10361	2026-07-05
wlbt.com	8276	2026-03-19
wlds.com	11488	2026-07-03
wlec.com	22678	2026-07-05
wlevradio.com	9682	2026-07-05
wlfi.com	25403	2026-07-04
wlip.com	22856	2026-07-01
wlkm.com	8620	2026-07-03
wlky.com	80717	2026-07-05
wlni.com	5321	2026-04-30
wlos.com	39869	2026-07-05
wlox.com	32908	2026-07-05
wlrfm.com	16321	2026-07-05
wlrh.org	26520	2026-07-05
wlrn.org	49011	2026-07-05
wlsam.com	54459	2026-07-02
wltribune.com	32632	2026-07-05
wltx.com	63246	2026-06-25
wltz.com	6310	2026-06-19
wlwi.com	6256	2026-07-05
wlwt.com	89682	2026-07-05
wmac-am.com	48013	2026-07-05
wmagazine.com	6348	2026-07-04
wmal.com	39422	2026-07-05
wmay.com	11097	2025-04-11
wmbfnews.com	38936	2026-07-05
wmcactionnews5.com	21076	2021-05-19
wmdt.com	33434	2026-07-05
wmfe.org	18986	2024-04-02
wmgk.com	16158	2026-07-05
wmicentral.com	10428	2026-07-03
wmmq.com	33687	2026-07-05
wmnf.org	7379	2026-07-05
wmot.org	24000	2025-08-12
wmra.org	44369	2026-07-05
wmtram.com	9858	2026-07-04
wmtv15news.com	18836	2026-07-05
wmtw.com	72477	2026-07-05
wmuk.org	24275	2026-07-05
wmur.com	93410	2026-07-05
wn.com	398061	2026-07-05
wnaw.com	18697	2026-07-05
wnax.com	8949	2026-07-03
wnbf.com	17776	2026-07-05
wncv.com	9088	2026-07-05
wncw.org	31600	2026-07-05
wncy.com	27490	2026-07-03
wnd.com	36995	2026-07-05
wndu.com	31000	2026-07-05
wnem.com	23133	2026-07-05
wnep.com	57274	2026-06-05
wnewsj.com	19288	2025-05-15
wnir.com	9565	2026-07-02
wnmtradio.com	19176	2022-12-08
wnmufm.org	70774	2026-07-05
wnpr.org	6587	2021-07-14
wnyt.com	45063	2026-03-11
woad.com	19065	2026-04-22
wobm.com	59317	2026-07-04
wogb.fm	17157	2026-07-05
wogx.com	18454	2026-07-04
wohfradio.com	29041	2026-07-05
wokq.com	27410	2026-07-05
wokv.com	62216	2026-07-05
womanandhome.com	24743	2026-07-05
womansworld.com	12520	2026-07-05
womenofchina.cn	11042	2025-06-09
womenshealthmag.com	17132	2026-07-05
wondradio.com	41602	2026-07-04
wonkette.com	5739	2026-06-22
woodallscm.com	5409	2026-07-02
woodlandsonline.com	9961	2026-07-05
woodstocksentinelreview.com	40594	2026-07-05
woodwardnews.net	10387	2026-07-04
woodworkingnetwork.com	9527	2025-12-16
woonsocketcall.com	12458	2026-07-05
worcesternews.co.uk	106831	2026-07-05
wordpress.com	17044	2026-07-05
workers.org	5585	2026-03-06
workerscompensation.com	8303	2026-07-05
workersliberty.org	8719	2025-11-07
worksopguardian.co.uk	12974	2025-01-23
world-nuclear-news.org	7264	2026-07-03
worldbank.org	10188	2026-07-01
worldboxingnews.net	7275	2025-03-04
worldcasinodirectory.com	7807	2026-07-05
worldcrunch.com	14971	2025-01-23
worldipreview.com	5072	2026-07-03
worldoil.com	13597	2026-07-05
worldpoliticsreview.com	5228	2026-07-02
worldscreen.com	13861	2025-08-22
worldsoccertalk.com	14787	2022-08-10
worldtempus.com	6258	2026-07-05
wortfm.org	6174	2025-05-02
worthingherald.co.uk	6867	2022-02-10
worthplaying.com	13279	2026-07-04
worthynews.com	5750	2026-07-05
wosu.org	15312	2026-07-05
woub.org	10691	2026-07-03
wowo.com	9683	2026-07-05
wowt.com	37850	2026-07-05
wpbf.com	66031	2026-07-05
wpde.com	46836	2026-07-05
wpdh.com	44289	2026-07-05
wphm.net	13327	2026-07-01
wpr.org	11279	2026-07-04
wprl.org	54300	2025-10-06
wpsdlocal6.com	53595	2026-07-05
wpst.com	36696	2026-07-05
wpsu.org	64699	2026-07-05
wptv.com	51573	2026-07-05
wpxi.com	43866	2026-07-05
wqad.com	51386	2026-06-05
wqcmfm.com	13716	2026-06-20
wqcs.org	55901	2026-07-05
wqel.com	5591	2026-07-02
wqut.com	21551	2026-07-05
wral.com	150068	2026-07-05
wraltechwire.com	12216	2025-11-06
wrcbtv.com	57393	2022-01-13
wrdw.com	37971	2026-07-05
wrestlezone.com	37866	2026-07-04
wrestlinginc.com	62031	2026-07-05
wrestlingnewssource.com	25671	2026-06-20
wrexham.com	15460	2026-07-05
wrfalp.com	7721	2026-07-03
wrganews.com	12314	2026-07-05
wrhi.com	5525	2026-07-05
wrif.com	30049	2026-07-05
writersdigest.com	5578	2026-07-05
wrjn.com	5317	2026-07-03
wrkf.org	37103	2026-07-05
wrkr.com	24452	2026-07-05
wrmf.com	10935	2026-07-04
wror.com	20250	2026-07-05
wrp.org.uk	6185	2026-07-04
wrrv.com	38754	2026-07-05
wruf.com	10574	2026-07-03
wrur.org	9356	2026-07-04
wrvo.org	61356	2026-07-05
wsau.com	103175	2026-07-05
wsaw.com	30575	2026-07-05
wsaz.com	27432	2026-07-05
wsbradio.com	61528	2026-07-05
wsbs.com	12750	2026-07-03
wsbt.com	38638	2026-07-05
wsbtv.com	53088	2026-07-05
wscountytimes.co.uk	6332	2022-02-09
wset.com	41092	2026-07-05
wsfa.com	31703	2026-07-05
wsfl.com	7099	2026-07-05
wsgw.com	20224	2026-07-03
wshu.org	40470	2026-07-04
wsiltv.com	53381	2026-07-05
wsiu.org	75269	2026-07-05
wsj.com	58643	2026-06-22
wsjm.com	30700	2026-07-02
wsjs.com	5403	2026-06-29
wskg.org	6784	2026-03-08
wsls.com	134076	2026-07-05
wsmv.com	35334	2026-07-05
wsnewspublishers.com	7109	2025-08-29
wsoctv.com	44093	2026-07-05
wsrkfm.com	18423	2026-07-05
wsu.edu	8502	2026-07-03
wsvaonline.com	5422	2024-04-02
wsvn.com	47187	2026-07-05
wsws.org	40220	2026-07-05
wtae.com	79221	2026-07-05
wtap.com	5700	2026-03-19
wtaq.com	53383	2026-07-03
wtax.com	7000	2024-05-20
wtbdfm.com	11527	2024-01-02
wtbx.com	24748	2026-07-02
wthitv.com	37188	2026-07-05
wtka.com	15955	2024-08-27
wtkr.com	57300	2026-07-05
wtma.com	106493	2026-07-05
wtmj.com	42226	2026-07-05
wtmx.com	10051	2026-07-04
wtoc.com	34679	2026-07-05
wtok.com	23261	2026-07-05
wtol.com	61161	2026-06-06
wtop.com	88169	2026-07-05
wtov9.com	33765	2026-07-05
wtsp.com	75398	2026-06-06
wttf.com	31050	2026-07-05
wttw.com	14739	2025-12-16
wtug.com	18841	2026-07-05
wtva.com	46916	2026-07-05
wtvbam.com	54671	2026-07-05
wtvm.com	27234	2026-07-05
wtvq.com	19827	2026-07-05
wtvr.com	50968	2026-07-05
wtvy.com	21852	2026-07-05
wtxl.com	30670	2026-07-05
wuft.org	39400	2026-07-05
wuky.org	27353	2026-07-05
wunc.org	20997	2026-07-05
wupe.com	17660	2026-07-05
wusa9.com	68551	2026-06-05
wutc.org	39719	2026-07-05
wuuqradio.com	11943	2026-07-02
wuwf.org	52476	2026-07-05
wuwm.com	17298	2026-07-05
wvasfm.org	50312	2026-07-05
wvel.com	7412	2026-07-02
wvfm1065.com	5078	2020-12-07
wvgazettemail.com	43194	2026-07-05
wvik.org	52097	2026-07-05
wvlkam.com	68647	2026-07-05
wvlnam.com	8627	2026-06-23
wvmetronews.com	23959	2026-07-05
wvnews.com	110265	2026-01-24
wvnn.com	40823	2026-06-22
wvpublic.org	12515	2026-07-03
wvrecord.com	5873	2025-05-20
wvtf.org	32998	2026-07-05
wvtm13.com	65372	2026-07-05
wvxu.org	42793	2026-07-05
wwaytv3.com	28449	2026-07-05
wwd.com	45016	2026-07-05
wweek.com	11961	2026-07-05
wwisradio.com	5225	2026-07-03
wwjb.com	5988	2025-02-24
wwki.com	5778	2026-07-05
wwltv.com	56312	2026-06-05
wwmt.com	40206	2026-07-05
wwno.org	45860	2026-07-05
wwnytv.com	25489	2026-07-05
wwqq101.com	5682	2026-07-05
wxerfm.com	18786	2026-07-05
wxfx.com	9251	2026-07-05
wxii12.com	75996	2026-07-05
wxkr.com	13829	2026-07-05
wxlo.com	9665	2026-07-05
wxow.com	51800	2026-07-05
wxpr.org	30679	2026-07-05
wxxinews.org	54274	2026-07-05
wxxv25.com	26760	2026-07-05
wxyz.com	51562	2026-07-05
wydaily.com	15377	2026-07-05
wyff4.com	79007	2026-07-05
wynn1063.com	20470	2026-07-05
wyomingnews.com	92056	2026-07-05
wyomingnewsnow.tv	36038	2026-07-05
wyomingpublicmedia.org	43824	2026-07-05
wypr.org	51307	2026-07-05
wyrk.com	43113	2026-07-05
wyshradio.com	5136	2026-07-02
wyso.org	43608	2026-07-05
wysu.org	24582	2026-07-05
wzid.com	6493	2026-07-03
wzozfm.com	18999	2026-07-05
wzpl.com	7741	2026-07-05
wzzm13.com	69198	2026-06-26
x1071.com	30939	2026-07-05
xboxachievements.com	9229	2025-04-26
xinhuanet.com	172414	2026-06-16
xlcountry.com	13996	2026-07-05
xpatloop.com	10246	2026-07-04
xtra99.com	17498	2026-07-05
xxlmag.com	13515	2026-07-05
y-103.com	9615	2026-07-05
y100fm.com	7571	2026-07-05
y101.com	13991	2026-07-04
y101hits.com	9939	2026-07-05
y102montgomery.com	22811	2026-07-05
y105fm.com	40428	2026-07-05
y105music.com	25777	2026-07-05
y108.ca	8099	2026-06-30
y94.com	36671	2026-07-05
y95country.com	28593	2026-07-05
yachtsandyachting.com	29714	2026-07-05
yahoo.com	6347207	2026-07-05
yakimaherald.com	98173	2026-07-05
yaktrinews.com	8775	2023-06-26
yale.edu	11591	2026-07-03
yaledailynews.com	5862	2026-01-16
yalibnan.com	9084	2026-07-05
yambolnews.net	6474	2025-10-22
yanksgoyard.com	5305	2026-07-05
yankton.net	60531	2026-07-05
yardbarker.com	163307	2026-07-05
yasstribune.com.au	67129	2026-07-05
ycombinator.com	5877	2026-07-04
ydr.com	6710	2023-09-11
yellowhammernews.com	13667	2026-07-05
yen.com.gh	10134	2026-03-19
yenisafak.com	20714	2025-09-16
yeovilexpress.co.uk	58449	2023-06-08
yesweekly.com	10446	2026-07-03
yle.fi	16835	2026-07-03
yna.co.kr	6410	2026-03-12
ynaija.com	8925	2026-07-05
ynetnews.com	65251	2026-07-05
yorkdispatch.com	14408	2023-09-11
yorknewstimes.com	47477	2026-07-05
yorkpress.co.uk	166107	2026-07-05
yorkregion.com	11727	2026-07-05
yorkshireeveningpost.co.uk	26040	2025-01-23
yorkshirepost.co.uk	60971	2025-01-23
yorktonthisweek.com	42911	2021-07-29
youngwitness.com.au	19837	2026-07-02
youralaskalink.com	22162	2026-07-05
yourdemocracy.net	5391	2026-07-05
yourdemocracy.net.au	18511	2026-07-05
youredm.com	7476	2026-06-26
yourfortdodge.com	19778	2026-06-23
yourlocalguardian.co.uk	187231	2026-07-05
yourobserver.com	13482	2025-09-10
yoursourceone.com	80131	2026-07-05
yourstephenvilletx.com	5054	2026-06-23
yourstory.com	36278	2026-07-04
yourtango.com	47096	2026-07-05
yourthurrock.com	10820	2026-07-05
yovizag.com	6561	2026-07-04
ypradio.org	66848	2026-07-05
yubanet.com	8701	2026-07-05
yukon-news.com	6272	2026-07-05
yumasun.com	59641	2026-07-05
z100fm.com	5677	2026-06-10
z100missoula.com	14590	2026-07-05
z1023online.com	16888	2026-07-05
z103.fm	11188	2024-08-29
z1077fm.com	11035	2026-07-02
z937.com	20911	2026-07-05
z93jamz.com	16046	2026-07-05
z94.com	25944	2026-07-05
z943radio.com	8741	2025-01-06
z96.com	10417	2026-07-05
zawya.com	199421	2026-07-05
zazoom.it	10617	2026-06-24
zdnet.com	40364	2026-07-04
zerohedge.com	131745	2026-07-05
zfenglish.com	39805	2026-07-03
ziarelive.ro	5451	2024-08-01
zigwheels.com	20848	2026-07-03
zimbabwesituation.com	15623	2026-07-05
zimbabwestar.com	51944	2026-07-05
zimeye.net	10503	2026-07-05
zizonline.com	6549	2026-07-03
zmescience.com	13147	2026-07-05
znsbahamas.com	5698	2026-07-03
zodiakmalawi.com	6744	2026-07-03
zonebourse.com	6769	2026-05-15
zrock103.com	8990	2026-07-05
zululandobserver.co.za	18680	2023-08-31
