1005freshradio.ca	8956	2026-09-16
1009theeagle.com	11642	2026-08-20
1010wcsi.com	7307	2025-08-27
1011now.com	33837	2026-09-21
1015hankfm.com	9175	2025-07-28
1015thehawk.com	10170	2026-03-23
1015vibe.com	8671	2026-09-21
1019thebeatfm.com	9206	2025-05-15
1019thekeg.com	26327	2026-05-12
1019therock.com	25519	2026-09-21
1021thefox.com	9223	2026-09-21
1023thebullfm.com	17950	2026-09-17
1023thewolf.com	8202	2026-09-18
1025kiss.com	37913	2026-09-19
1025wowcountry.com	7562	2026-09-20
1027kord.com	33453	2026-09-21
1027thevibe.com	7971	2026-09-21
102thebear.com	6140	2026-09-20
1031freshradio.ca	8931	2026-09-14
1033theeagle.com	6671	2026-09-17
1033wvyb.com	8690	2026-09-21
1035kissfmboise.com	25159	2026-09-21
1035theeagle.com	9324	2026-07-29
1037theloon.com	27921	2026-09-20
1039wvbo.com	28399	2026-09-21
103gbfrocks.com	36387	2026-09-20
103kkcn.com	19521	2026-09-20
103weup.com	10095	2026-09-20
103wjod.com	23924	2026-09-20
1041wdlt.com	9527	2026-09-21
1043freshradio.ca	8350	2026-09-14
1043theparty.com	7528	2026-09-20
1045bobfm.com	5391	2024-09-10
1045freshradio.ca	7551	2026-09-14
1045theteam.com	23086	2026-09-19
1045thezone.com	30432	2026-09-21
1045wjjk.com	6026	2026-09-20
1049maxcountry.com	8001	2021-04-15
1049nashicon.com	5915	2026-09-21
1049thebeat.com	17945	2026-09-21
1049theedge.com	7670	2023-01-13
1049thewolf.com	16260	2026-09-20
104thehawk.com	10974	2026-09-21
1050talk.com	7314	2020-02-18
1053hotfm.com	6230	2026-09-21
1055thehawk.com	6159	2024-06-16
1057thehawk.com	56400	2026-09-20
1057thepoint.com	16164	2026-09-20
1057thex.com	9312	2026-09-21
1059thehog.com	9300	2026-08-30
1063cowboycountry.com	6354	2021-01-15
1063thebuzz.com	31209	2026-09-21
1063thegroove.com	7929	2026-09-21
1065thearch.com	12141	2026-09-19
1065thebuzz.com	15928	2026-09-20
1069morefm.com	6042	2022-09-07
1073modfm.com	24946	2026-09-14
1073theeagle.com	9490	2026-09-18
1073wsjy.com	5991	2025-11-22
1075daverocks.com	7766	2026-09-19
1075koolfm.com	7826	2026-09-18
1075thegame.com	42450	2026-09-21
1075zoofm.com	8459	2022-07-07
1077thebone.com	7231	2026-09-19
1079ishot.com	48415	2026-09-21
107jamz.com	17929	2026-09-19
1090kaay.com	19781	2026-09-20
10news.com	98476	2026-09-21
10tv.com	62651	2026-06-25
1150kknw.com	5825	2026-09-21
1170kfaq.com	5326	2020-05-08
11alive.com	76527	2026-06-06
1280wnam.com	22183	2026-02-02
1290wlby.com	38478	2026-09-20
12news.com	62356	2026-06-26
12newsnow.com	54381	2026-06-06
12onyourside.com	13227	2026-09-20
1310kfka.com	13978	2026-09-18
1310news.com	29075	2020-12-03
1350kman.com	16013	2026-09-20
1370wfea.com	9010	2026-09-18
1380kcim.com	8887	2026-03-18
13abc.com	29959	2026-09-21
13newsnow.com	73852	2026-06-06
13wham.com	42789	2026-09-21
13wmaz.com	59415	2026-06-06
1470kyyw.com	9021	2026-09-20
1470wmbd.com	10508	2023-03-10
1490wosh.com	81737	2026-09-21
14news.com	41455	2026-09-21
1520theticket.com	53163	2026-06-29
1590walg.com	17537	2020-08-26
1630kcjj.com	13941	2026-09-19
1660thefan.com	10612	2020-12-04
1prime.biz	32781	2023-12-29
247sports.com	6960	2023-02-02
247wallst.com	20004	2026-09-21
27east.com	8077	2026-09-21
29news.com	11003	2026-09-21
2ec.com.au	5433	2026-09-21
2gb.com	31780	2026-09-21
2hd.com.au	5912	2024-12-18
2lt.com.au	16146	2026-09-21
2merkato.com	5230	2026-09-21
2news.com	82858	2026-09-21
2nm.com.au	5378	2026-09-21
2paragraphs.com	14527	2026-09-20
360cities.net	23862	2026-06-04
360nobs.com	5978	2020-10-03
3aw.com.au	19580	2026-09-21
3ba.com.au	5059	2026-09-21
3blmedia.com	8596	2026-09-18
3quarksdaily.com	9653	2026-05-24
4029tv.com	66684	2026-09-21
411mania.com	105251	2025-11-29
41nbc.com	26967	2026-09-21
4bc.com.au	27930	2026-09-21
4ni.co.uk	14111	2026-09-20
51.ca	7526	2026-09-20
5280.com	5635	2026-09-17
560cfos.ca	11980	2025-07-31
570news.com	56393	2021-10-17
5au.com.au	5004	2026-09-21
5newsonline.com	51740	2026-06-06
5tjt.com	10304	2026-06-04
6000.co.za	5362	2026-09-20
620ckrm.com	26979	2026-09-21
640wxsm.com	69711	2026-09-21
660wxqw.com	20062	2025-06-14
680kfeq.com	13564	2026-09-05
680news.com	113457	2021-10-17
6abc.com	61909	2026-09-20
6pr.com.au	10711	2026-09-21
702.co.za	24442	2024-01-15
710keel.com	26270	2026-09-19
730ckdm.com	6870	2026-09-20
740thefan.com	29103	2026-09-21
790business.com	41914	2022-08-10
790wpic.com	61854	2026-09-21
7news.com.au	5070	2026-03-12
7newsbelize.com	39005	2026-09-19
7thspace.com	39838	2024-09-15
850wftl.com	18211	2026-05-06
895thelake.ca	8534	2023-11-21
90min.com	58926	2025-09-29
915thebeat.com	8658	2026-09-20
919thebend.ca	10859	2026-02-10
91x.fm	5292	2026-09-21
921theticket.com	86528	2026-09-21
921wrou.com	25343	2026-08-10
927thedrive.net	19922	2026-09-18
927thevan.com	17981	2026-09-21
929nin.com	47630	2026-09-21
929peakfm.com	13880	2026-09-21
929thebull.com	31498	2026-09-21
929thelake.com	30792	2026-09-19
929theticket.com	9446	2026-09-21
929zzu.com	9303	2026-09-21
92moose.fm	29337	2026-09-20
92profm.com	5018	2026-09-21
92q.com	18354	2026-09-21
92qnashville.com	10563	2026-09-21
931coast.com	6762	2026-09-18
931freshradio.ca	8109	2026-09-16
931kmkt.com	18250	2026-08-23
931thebeat.com	9285	2026-09-21
931theborder.ca	8735	2025-09-08
933nashicon.com	5801	2026-09-09
933thedrive.com	39172	2026-09-21
937kclb.com	9654	2026-09-16
937kcountry.com	5295	2026-09-18
937nashicon.com	7073	2025-03-17
937theeagle.com	5835	2026-09-18
93q.com	19593	2026-09-21
93x.com	5578	2026-09-20
940wfaw.com	27438	2024-10-06
941theduke.com	7661	2026-09-17
943jackfm.com	23164	2026-09-20
943thepoint.com	57346	2026-09-21
945thehawkradio.com	5955	2026-09-20
945themoose.com	8688	2026-09-18
947wls.com	5755	2026-09-17
949whom.com	28939	2026-09-20
951kbby.com	8984	2026-09-21
953thebear.com	31568	2026-09-21
953thescore.com	61571	2026-09-21
955glo.com	9047	2026-09-21
955wtvy.com	6076	2026-09-01
959kissfm.com	12474	2026-09-20
95kqds.com	9701	2026-09-18
95rockfm.com	31749	2026-09-21
95sx.com	10511	2026-09-21
961jamz.com	8955	2026-09-21
961theeagle.com	34777	2026-09-20
963bigfm.com	7374	2026-09-02
963jackfm.com	8600	2026-09-20
963kklz.com	17115	2026-09-20
963theblaze.com	27970	2026-09-21
963wdvd.com	5200	2026-09-21
963xke.com	6331	2026-09-20
965bobfm.com	7279	2024-08-08
965kvki.com	39708	2026-09-20
965therock.com	20373	2026-09-20
967theeagle.net	32941	2026-09-21
969therock.com	14927	2026-09-19
96fm.ie	5811	2026-09-18
96krock.com	27053	2026-08-06
96kzel.com	9108	2026-09-21
971kissfm.com	5102	2022-09-16
973thedawg.com	46665	2026-09-21
975kgkl.com	21657	2026-09-20
975klak.com	6919	2020-05-30
975now.com	34874	2026-09-21
975thevibe.com	22918	2026-09-20
975wabd.com	11227	2026-09-21
977thebay.com	6247	2026-09-19
977theriver.com	12897	2025-05-26
979kickfm.com	32219	2026-09-20
979nashicon.com	5543	2026-09-21
979x.com	10516	2026-09-21
97rockonline.com	33630	2026-09-21
97x.com	22283	2026-09-18
97xonline.com	8074	2026-09-18
97zokonline.com	38983	2026-09-21
980waav.com	77051	2026-09-21
981thehawk.com	36147	2026-09-21
981themax.com	9296	2026-09-21
983nashicon.com	5983	2026-09-21
983thecoast.com	34934	2026-08-10
983thesnake.com	21844	2026-09-19
983wlcs.com	6156	2026-08-18
985kissfm.net	6133	2026-09-21
985thebull.com	12689	2026-09-02
987jack.com	23793	2026-09-21
987thebomb.com	6541	2026-09-04
987thebull.com	11554	2026-09-15
989magicfm.com	10688	2026-09-20
989xfm.ca	5766	2026-09-18
98cool.ca	11201	2026-09-07
98fm.com	14268	2026-09-18
98kupd.com	9277	2026-09-18
98q.com	7207	2026-09-18
98rocks.fm	18120	2026-09-16
98theticket.com	15783	2021-01-15
991thewhale.com	32776	2026-09-20
993kjoy.com	9812	2026-09-21
993thex.com	6076	2026-09-15
995qyk.com	21511	2026-09-21
995thewolf.com	7216	2026-09-21
997wtn.com	79229	2026-08-18
999ktdy.com	36001	2026-09-20
999thefoxrocks.com	7222	2026-09-21
999thepoint.com	27264	2026-09-21
99jamzmiami.com	5633	2026-09-21
9and10news.com	61392	2026-09-19
9news.com	62857	2026-06-05
9news.com.au	107292	2026-05-31
9thlevel.ie	8248	2025-12-04
9to5mac.com	22389	2026-09-20
aa.com.tr	90640	2026-09-21
aaj.tv	6866	2025-10-27
aarp.org	13996	2026-09-18
aawsat.com	126041	2026-09-21
abajournal.com	10854	2026-09-20
abbynews.com	33397	2026-09-21
abc-7.com	25368	2025-02-05
abc.net.au	199222	2026-09-21
abc10.com	72693	2026-06-25
abc11.com	78072	2026-09-21
abc12.com	36492	2026-09-21
abc13.com	86153	2026-09-21
abc15.com	54868	2026-09-21
abc17news.com	108292	2026-09-21
abc23.com	10529	2026-09-21
abc30.com	68492	2026-09-21
abc3340.com	42798	2026-09-21
abc57.com	59102	2026-09-21
abc6.com	10148	2026-01-23
abc6onyourside.com	41839	2026-09-21
abc7.com	72344	2026-09-21
abc7amarillo.com	33406	2026-09-21
abc7chicago.com	99645	2026-09-21
abc7news.com	78456	2026-09-21
abc7ny.com	85501	2026-09-21
abcactionnews.com	47042	2025-08-18
abcaudio.com	5535	2026-06-09
abccolumbia.com	41751	2026-09-21
abcfoxmontana.com	10097	2020-03-03
abcnews.com	19500	2026-09-21
abcnews4.com	48571	2026-09-21
abcnewsradioonline.com	21946	2021-04-12
abebooks.co.uk	5398	2023-12-06
aberdeennews.com	16891	2023-09-11
abnnewswire.net	7370	2026-09-21
aboutmyarea.co.uk	7782	2026-06-14
abovethelaw.com	27669	2026-09-21
abplive.com	7280	2026-03-17
abqjournal.com	86535	2026-09-21
abs-cbn.com	45218	2025-02-12
abstvradio.com	8926	2026-09-19
accesswdun.com	132647	2026-05-26
accountantsdaily.com.au	6939	2026-09-20
accountingtoday.com	19101	2026-09-19
aceshowbiz.com	110161	2026-09-21
ack.net	7295	2026-09-20
acm.org	8233	2025-11-11
acrofan.com	16721	2024-06-05
acs.org	8557	2026-09-18
actionforex.com	43572	2026-09-21
actionnews5.com	21288	2026-09-21
actionnewsjax.com	43737	2026-09-21
actionnewsnow.com	17223	2026-03-19
actmedia.eu	17438	2026-09-19
actuarialpost.co.uk	6662	2026-09-18
adage.com	9059	2026-07-23
adb.org	5294	2026-09-19
adelaidenow.com.au	56534	2024-07-27
adgully.com	78606	2026-09-21
adirondackdailyenterprise.com	16924	2026-04-13
adn.com	47713	2026-09-21
adnews.com.au	11657	2026-08-25
adsoftheworld.com	7091	2022-05-07
advanced-television.com	17267	2026-09-21
advancedbiofuelsusa.info	14500	2023-07-26
advertiser.ie	5182	2026-09-17
advertisernewssouth.com	5252	2026-09-18
advisor.ca	10865	2026-07-14
advocate-news.com	18874	2026-09-21
advocate.com	9232	2026-09-20
advocateanddemocrat.com	29935	2026-09-20
adweek.com	32409	2026-09-19
aei.org	23006	2026-09-21
aero-news.net	93970	2026-09-21
aerospace-technology.com	5672	2024-11-14
aerotechnews.com	7764	2026-09-19
af.mil	23754	2025-02-27
afa.net	5115	2026-09-19
afaqs.com	14143	2026-09-21
afar.com	7681	2026-09-19
afghanislamicpress.com	5796	2026-09-20
afghanistannews.net	56752	2026-09-21
afghanistansun.com	53488	2026-09-21
afghanistantimes.af	5533	2022-02-18
afl.com.au	17527	2026-09-21
afloat.ie	22339	2026-09-10
afn.net	7605	2024-09-08
afp.com	7433	2026-09-12
afr.com	154291	2026-09-21
afr.net	8552	2026-09-21
africa-newsroom.com	44929	2026-09-20
africa.com	24979	2026-09-20
africabusiness.com	6866	2026-09-20
africaintelligence.com	12170	2026-08-07
africaleader.com	101918	2026-09-21
african.business	13985	2025-12-02
africanews.com	45966	2026-09-20
africanexaminer.com	17773	2026-07-23
afro.com	8239	2026-08-29
afropages.fr	37473	2025-09-18
agassizharrisonobserver.com	42796	2026-09-20
agenda.ge	9624	2025-02-27
aginfo.net	23490	2026-09-21
agnews890.com	5711	2026-09-18
agreenliving.org	5844	2022-05-27
agri-pulse.com	6981	2026-09-20
agriculture.com	27864	2026-03-17
agriland.ie	45203	2026-01-13
agrinews-pubs.com	13600	2026-09-21
agupdate.com	17172	2026-09-19
agweek.com	12454	2026-09-19
agwired.com	8394	2026-09-21
ahram.org.eg	100228	2026-09-10
ai-cio.com	5432	2026-09-16
aidesep.org.pe	5933	2025-10-03
aikenstandard.com	5935	2023-06-19
ainonline.com	9976	2026-09-15
airdriecityview.com	43048	2025-01-23
airdrieecho.com	9326	2026-09-20
airdrietoday.com	18510	2023-05-11
airforce-technology.com	6993	2026-09-18
airforcetimes.com	9546	2026-09-20
airliners.net	10712	2026-04-23
airport-technology.com	6144	2026-09-17
ajc.com	73471	2026-09-21
ajmc.com	14664	2026-04-24
ajot.com	10138	2026-09-03
ajp.com.au	6587	2026-09-21
akipress.com	110678	2026-09-21
akp.gov.kh	23647	2026-09-21
akronnewsreporter.com	8918	2026-09-21
al-monitor.com	49928	2026-09-21
al.com	75487	2026-03-25
alabamanews.net	13758	2023-04-13
alabamawx.com	14666	2025-08-14
alamogordonews.com	6096	2026-09-20
alarabiya.net	20388	2025-12-05
alaraby.co.uk	8389	2022-11-16
alaska-native-news.com	8813	2026-09-21
alaskahighwaynews.ca	45396	2023-11-01
alaskapublic.org	8639	2026-09-19
alaskasnewssource.com	12468	2026-09-21
albanyherald.com	81229	2025-06-06
albawaba.com	72384	2026-09-13
alberta.ca	5607	2026-09-20
albuquerqueexpress.com	94998	2026-09-21
aldergrovestar.com	33172	2026-09-21
aldianews.com	9041	2026-09-20
aleteia.org	18403	2026-09-21
algemeiner.com	37094	2026-09-18
alice1077.com	10713	2026-09-21
alice965.com	14482	2026-09-17
alipac.us	33261	2026-09-21
aljazeera.com	123388	2026-09-21
allaboutthejersey.com	5411	2026-09-21
allaccess.com	12520	2024-11-05
allafrica.com	590830	2026-09-21
alleywatch.com	21042	2026-09-18
allhiphop.com	24168	2026-09-21
alligator.org	8955	2026-09-21
allkpop.com	62192	2026-08-23
allmediany.com	7207	2020-10-14
allthehitsb951.com	10460	2026-09-21
alltoc.com	8831	2026-04-15
allure.com	6959	2026-09-19
almanacnews.com	12293	2026-09-21
almanar.com.lb	11558	2026-01-24
almayadeen.net	5251	2025-01-26
alt1017.com	10060	2024-11-19
altaz933.com	7347	2026-09-18
altenergymag.com	9060	2026-09-17
alternet.org	33346	2026-09-21
altondailynews.com	9971	2021-06-21
altoonamirror.com	22485	2026-09-21
altpress.com	9018	2025-01-23
am-online.com	20323	2025-12-12
am1050.com	7241	2024-08-08
am1070theanswer.com	5920	2024-05-17
am1100theflag.com	18223	2026-08-12
am1590theanswer.com	6050	2022-07-01
am920theanswer.com	5919	2024-05-17
am9501007fm.com	27724	2026-09-15
am970theanswer.com	5919	2024-05-17
amarillo.com	9981	2023-09-11
amarillosrockstation.com	9259	2026-09-21
amarujala.com	148264	2026-06-15
amazinavenue.com	8759	2026-09-20
amazingmadison.com	26575	2026-09-18
amazonaws.com	35940	2026-08-04
americamagazine.org	15198	2026-09-19
americanbanker.com	26771	2026-09-19
americanbazaaronline.com	9859	2026-09-20
americanfreepress.net	10087	2026-06-11
americanisraelite.com	7095	2026-09-16
americanpress.com	27488	2026-09-20
americansongwriter.com	50169	2026-09-21
americanthinker.com	51823	2026-09-21
americantop40.com	14079	2026-09-20
amestrib.com	8559	2023-09-11
amherstbulletin.com	5172	2026-09-21
ammoland.com	22560	2026-08-31
ammonnews.net	14017	2026-09-20
amny.com	21041	2026-09-21
amren.com	20933	2026-09-20
amsterdamnews.com	10322	2026-09-18
analystratings.com	5117	2021-04-29
anandabazar.com	12880	2023-08-22
anchoragepress.com	5851	2026-09-19
ancient-origins.net	20385	2026-09-20
andhrawishesh.com	6851	2026-05-02
andina.pe	10818	2025-04-22
andoveradvertiser.co.uk	108303	2026-09-21
androidauthority.com	21068	2026-09-09
androidcentral.com	38717	2026-09-20
androidcommunity.com	6682	2022-02-03
androidheadlines.com	38407	2026-07-30
androidpolice.com	38479	2026-09-21
angelusnews.com	5507	2026-09-18
anglocelt.ie	47879	2026-09-20
angop.ao	7651	2025-01-03
anhuinews.com	18214	2026-09-21
animenewsnetwork.com	59865	2025-09-07
aninews.in	569870	2026-09-21
annistonstar.com	26060	2026-09-21
ansa.it	14894	2026-09-18
ansamed.info	9391	2023-03-13
antaranews.com	75177	2026-09-21
antigojournal.com	32930	2026-09-20
antiguaobserver.com	14395	2026-09-21
antiwar.com	22657	2026-09-21
antonyloewenstein.com	7065	2026-09-20
aol.co.uk	272179	2026-09-21
aol.com	293592	2026-09-21
ap.org	20431	2026-06-04
apartmenttherapy.com	14278	2026-04-26
apnews.com	386275	2025-03-05
app.com	16834	2023-09-11
app.com.pk	33134	2026-04-24
appeal-democrat.com	19535	2026-09-20
appleinsider.com	47626	2026-09-08
applevalleynewsnow.com	9658	2026-09-20
apr.org	33239	2026-09-21
aps.dz	13377	2026-09-21
aqha.com	5136	2026-03-27
arabherald.com	114377	2026-09-21
arabianbusiness.com	34763	2026-01-29
arabnews.com	171027	2026-09-21
arabtimesonline.com	48372	2026-09-20
araratadvertiser.com.au	23531	2026-09-21
archaeology.org	5701	2026-09-18
archdaily.com	83918	2026-09-21
archinect.com	43201	2026-09-21
architectsjournal.co.uk	18700	2026-09-18
architecturaldigest.com	8817	2026-09-19
architectureanddesign.com.au	19277	2026-09-18
archyde.com	14291	2025-01-27
ardmoreite.com	5650	2026-09-16
areadevelopment.com	6950	2026-09-19
areanews.com.au	50902	2026-09-21
argentinastar.com	38069	2026-09-21
argus-press.com	11625	2026-09-20
argusleader.com	11421	2023-09-10
argusmedia.com	7637	2026-08-26
argusobserver.com	14971	2026-09-20
argyllshireadvertiser.co.uk	5460	2024-01-25
ariananews.af	19122	2026-09-21
arirang.co.kr	11819	2022-10-11
arirang.com	11761	2022-10-11
arizona.edu	6973	2026-09-20
arizonadailyindependent.com	11968	2026-09-21
arka.am	10659	2026-09-18
arkansasbusiness.com	16124	2026-03-11
arkansasonline.com	173843	2026-09-21
arkansasrazorbacks.com	8328	2026-09-20
arktimes.com	20384	2026-09-20
arlnow.com	28744	2026-09-20
armenianweekly.com	6639	2026-09-19
armenpress.am	85985	2025-06-04
armidaleexpress.com.au	55179	2026-09-21
armstrongeconomics.com	11173	2026-09-21
army-technology.com	8618	2026-09-18
army.mil	5081	2026-06-18
armytimes.com	10245	2026-09-20
arn.ps	13338	2026-09-20
arnnet.com.au	18229	2026-09-21
arrowheadaddict.com	6811	2026-09-21
arrowheadpride.com	15383	2026-09-21
arsenal.com	14061	2026-08-21
arsenalnews.co.uk	59964	2026-09-20
arstechnica.com	14671	2026-09-20
artdaily.com	48850	2026-09-21
artemis.bm	6375	2026-09-18
artfixdaily.com	6664	2025-11-18
artforum.com	5281	2026-09-19
artnet.com	19077	2026-08-07
artnews.com	9398	2026-09-20
artshub.com.au	12642	2026-09-21
artsjournal.com	9761	2026-09-21
arynews.tv	34372	2026-09-21
as.com	10088	2026-03-19
asahi.com	44649	2026-09-02
asbarez.com	6735	2026-07-15
ashepostandtimes.com	13782	2026-09-19
ashleycountyledger.com	30592	2026-09-20
asiaasset.com	6148	2026-09-20
asiabulletin.com	101409	2026-09-21
asianage.com	35430	2026-09-18
asianews.it	14986	2026-07-09
asianews.network	29469	2026-09-21
asianimage.co.uk	83320	2026-09-21
asianjournal.com	11886	2026-09-19
asiaone.com	153851	2026-09-21
askmen.com	5934	2026-06-04
aspendailynews.com	50164	2026-08-30
aspenpublicradio.org	46851	2026-09-21
aspentimes.com	21684	2026-09-21
astanatimes.com	9291	2026-09-20
astroawani.com	7022	2025-11-17
astronomy.com	6296	2026-09-20
asurampage.com	6142	2026-09-19
at40.com	6095	2021-10-15
athens-times.com	106130	2026-09-13
athensmessenger.com	9031	2026-09-20
athensreview.com	19005	2026-09-17
athleticsnation.com	5520	2026-09-21
atholdailynews.com	20817	2026-09-20
atlantablackstar.com	28181	2026-06-04
atlantafalcons.com	5049	2026-09-21
atlantaleader.com	16419	2026-09-21
atlantanewsfirst.com	28778	2026-09-21
atlantic.ctvnews.ca	32788	2025-01-23
atlanticcouncil.org	8396	2026-09-19
attackofthefanboy.com	21460	2026-09-18
attitude.co.uk	7523	2026-09-18
atvtoday.co.uk	20148	2026-09-20
auburnpub.com	65407	2026-09-18
augustafreepress.com	38850	2026-09-21
austinchronicle.com	31481	2026-09-21
austinglobe.com	89541	2026-09-21
australianherald.com	40052	2026-09-21
australiannews.net	79792	2026-09-21
autoblog.com	23954	2026-06-28
autocarindia.com	20870	2026-09-21
autoconnectedcar.com	5914	2026-09-21
autoevolution.com	85876	2026-05-10
autoexpress.co.uk	17327	2026-09-20
autonews.com	18592	2026-06-18
autoremarketing.com	6193	2026-09-18
autospies.com	24849	2026-09-20
autoweek.com	13283	2026-09-21
avclub.com	26821	2026-05-14
avenuemail.in	19912	2026-09-11
averyjournal.com	12376	2026-09-21
avherald.com	6050	2026-09-20
aviationweek.com	20586	2026-09-18
avn.com	12012	2026-09-21
avondhupress.ie	5800	2026-09-20
avweb.com	7784	2026-09-18
awesome98.com	30616	2026-09-21
awfulannouncing.com	29677	2026-09-21
awn.com	9318	2026-09-19
axios.com	16472	2024-06-05
axisoflogic.com	6291	2022-07-23
axs.com	10667	2025-01-20
aysor.am	5439	2026-09-18
azbigmedia.com	13480	2026-09-21
azbusinessdaily.com	9052	2024-01-25
azcapitoltimes.com	7926	2026-09-21
azcardinals.com	5246	2026-09-21
azcentral.com	69880	2023-09-11
azdailysun.com	49732	2026-09-21
azerbaijannews.net	64501	2026-09-21
azernews.az	59577	2026-09-21
azertag.az	46217	2026-06-23
azfamily.com	51495	2026-09-21
azocleantech.com	9111	2026-09-18
azom.com	15811	2026-09-21
azonano.com	5862	2026-09-21
azorobotics.com	5080	2026-09-18
azpbs.org	7031	2026-09-20
azsnakepit.com	7412	2026-09-21
b100quadcities.com	29527	2026-09-21
b1027.com	28779	2026-09-21
b1039.com	17884	2026-04-17
b1047.com	5714	2026-09-20
b105country.com	15264	2026-09-19
b106fm.com	8880	2026-09-21
b92.net	11321	2026-07-19
b93.net	30164	2026-09-21
b93radio.com	18141	2026-09-20
b975.com	11119	2026-09-20
b97hawaii.com	6883	2026-09-02
b98.com	9931	2026-09-20
b985.com	11621	2026-09-19
b985.fm	33602	2026-09-20
b987.com	6300	2026-09-21
badlefthook.com	11851	2026-09-21
baguiomidlandcourier.com.ph	5491	2024-07-30
baidu.com	49512	2026-09-20
bainbridgereview.com	5364	2026-09-18
bakercityherald.com	8061	2026-09-20
bakersfield.com	94947	2026-09-21
bakersfieldnow.com	39716	2026-09-21
bakeryinfo.co.uk	5136	2025-09-05
balkaninsight.com	7155	2026-09-18
ballinaadvocate.com.au	34874	2021-04-28
balloon-juice.com	20047	2026-03-11
ballot-access.org	7398	2026-09-21
balls.ie	5248	2026-09-20
ballstatedaily.com	6910	2026-07-15
baltic-course.com	5550	2026-04-04
baltictimes.com	18507	2026-09-18
baltimorebeatdown.com	7341	2026-09-21
baltimoreravens.com	8901	2026-09-21
baltimorestar.com	100988	2026-09-21
baltimoresun.com	139632	2026-09-21
bamsmackpow.com	6374	2026-09-21
banana1015.com	29204	2026-09-21
banburycake.co.uk	41634	2023-03-07
banburyguardian.co.uk	14854	2025-01-23
bandt.com.au	19416	2026-09-21
bangkokpost.com	151070	2026-08-25
bangladeshinfo.com	12248	2025-06-14
bangladeshsun.com	70707	2026-09-21
banglamirrornews.com	23689	2026-06-08
banglanews24.com	5026	2025-10-28
bangordailynews.com	54520	2026-09-21
bankerandtradesman.com	13703	2026-09-20
bankinfosecurity.com	16208	2026-09-19
bankingnews.gr	7171	2026-09-21
banklesstimes.com	11480	2026-09-15
banksnews.gr	10591	2025-07-24
baptistnews.com	7494	2026-09-21
barandbench.com	35323	2026-09-21
barbadostoday.bb	42103	2026-09-21
barcablaugranes.com	17826	2026-09-21
baristanet.com	5189	2023-08-22
barnsleychronicle.com	5523	2025-10-16
barrie.ctvnews.ca	20049	2025-01-23
barrons.com	76655	2026-06-18
barryanddistrictnews.co.uk	94184	2026-09-21
bartlesvilleradio.com	39365	2026-09-20
basildonstandard.co.uk	30362	2021-03-11
basingstokegazette.co.uk	114815	2026-09-21
bassresource.com	5177	2025-04-17
batemansbaypost.com.au	73487	2026-09-21
batonrougepost.com	50333	2026-09-21
baxterbulletin.com	9600	2026-09-20
bay939.com.au	5962	2026-09-21
baylorlariat.com	6234	2026-09-20
baynews9.com	8092	2026-08-27
bayshorebroadcasting.ca	14478	2026-09-20
baystreet.ca	39067	2026-09-19
baytownsun.com	19293	2026-09-18
bbc.co.uk	348842	2026-09-21
bbc.com	216204	2026-09-21
bbj.hu	9401	2025-10-20
bc.ctvnews.ca	35669	2025-01-23
bcdemocrat.com	7924	2025-07-02
bchomez.com	35967	2026-07-24
bclocalnews.com	7159	2020-04-07
bcps.org	38714	2026-08-05
bctv.org	5611	2026-09-18
bdnews24.com	66100	2026-09-21
bdonline.co.uk	9209	2025-09-05
bdtonline.com	60955	2026-09-20
beach951.com	16785	2026-09-18
bear104.com	13552	2026-09-21
bearingarms.com	20793	2026-09-20
beat.com.au	16527	2026-06-04
beat102103.com	8488	2026-09-20
beatricedailysun.com	52441	2026-09-21
beaufortcountynow.com	16475	2026-09-21
beaumontenterprise.com	67505	2025-11-18
beaver1003.com	8594	2026-09-18
beckersasc.com	11332	2026-08-01
beckershospitalreview.com	27729	2026-08-01
beckersspine.com	7564	2026-08-01
bedfordgazette.com	18683	2026-09-20
bedfordtoday.co.uk	15205	2025-01-23
beefcentral.com	6050	2026-09-20
beefmagazine.com	5014	2025-01-01
begadistrictnews.com.au	63077	2026-09-21
behindthesteelcurtain.com	17331	2026-09-21
beijingbulletin.com	112631	2026-09-21
belfastlive.co.uk	110216	2026-09-21
belfasttelegraph.co.uk	131950	2026-02-16
belgrade-news.com	6095	2026-09-19
bellanaija.com	11756	2026-09-20
belmondnews.com	5764	2026-01-26
beloitdailynews.com	36603	2026-09-21
bemidjipioneer.com	39039	2026-09-21
benarnews.org	5320	2025-09-02
bendbulletin.com	51046	2026-09-20
bendigoadvertiser.com.au	67883	2026-09-21
bendsource.com	14173	2026-09-20
benefitscanada.com	7214	2026-09-18
beniciaindependent.com	5332	2026-09-12
benningtonbanner.com	47712	2026-09-20
benzinga.com	342285	2026-08-06
berkeley.edu	5485	2026-09-21
berkshireeagle.com	72160	2026-09-21
berksmontnews.com	5896	2021-08-26
bernama.com	21124	2026-03-19
bernews.com	29519	2026-09-21
bestmediainfo.com	24657	2026-08-21
bet.com	21768	2026-09-18
betakit.com	6777	2026-09-19
betanews.com	14454	2026-01-15
bethesdamagazine.com	10325	2026-09-19
bevnet.com	19188	2026-07-03
bexhillobserver.net	5028	2022-02-09
bfi.org.uk	5114	2026-09-19
bgdailynews.com	66824	2026-09-21
bgnes.com	9373	2026-09-21
bgr.com	29653	2026-09-21
bgr.in	20873	2023-01-29
bhaskar.com	5222	2026-09-19
bhg.com	12912	2026-03-17
bhpioneer.com	34118	2026-09-21
bianet.org	17869	2026-09-20
biblestudytools.com	6044	2026-09-20
bicesteradvertiser.net	128177	2026-09-21
big104fm.com	7579	2026-04-24
bigblueview.com	17942	2026-09-21
bigcountry1073.com	5896	2026-09-21
bigcountry969.com	24530	2026-09-21
bigcountry995.com	50901	2026-09-15
bigfrog104.com	36559	2026-09-20
biggleswadetoday.co.uk	9031	2025-01-23
bigislandnow.com	10293	2026-09-21
bigissue.com	10244	2026-09-18
bignewsnetwork.com	889159	2026-09-21
bigoven.com	10274	2026-09-21
bigrigs.com.au	10236	2026-06-25
bigtakeover.com	5244	2025-08-22
bikebiz.com	6006	2026-09-18
bikeportland.org	6570	2026-09-08
bikeradar.com	8095	2026-09-20
bilkulonline.com	9779	2026-09-21
billboard.com	79818	2026-09-21
billingsgazette.com	78892	2026-09-20
billoreilly.com	13089	2026-07-15
binnews.com	24938	2026-09-19
biodiversitylibrary.org	16519	2026-02-24
biofuelsdigest.com	15476	2025-01-23
biomassmagazine.com	9151	2026-09-18
biometricupdate.com	15928	2026-09-19
biopharmadive.com	7461	2026-09-18
bioprepwatch.com	17621	2026-04-10
biospace.com	7263	2026-02-19
biospectrumindia.com	13694	2026-06-05
birminghammail.co.uk	306429	2026-09-21
birminghamstar.com	26803	2026-09-21
birminghamtimes.com	7801	2026-09-21
bismarcktribune.com	62029	2026-09-19
bizcommunity.com	68908	2026-09-18
bizenglish.adaderana.lk	6999	2026-02-24
bizjournals.com	49218	2022-06-19
biznews.com	18262	2026-09-21
bizpacreview.com	42842	2023-09-06
biztimes.com	15664	2026-09-21
biztoc.com	1997950	2026-01-16
bizwest.com	12391	2026-09-21
bjpenn.com	32546	2026-09-21
bjreview.com	31265	2026-09-21
bjreview.com.cn	17845	2026-09-21
bkreader.com	8286	2026-09-20
blabbermouth.net	16101	2026-09-19
blackamericaweb.com	15847	2026-09-20
blackandteal.com	6486	2026-09-21
blackenterprise.com	38133	2026-09-20
blackhillsfox.com	13340	2024-07-01
blacklistednews.com	9929	2024-08-07
blackpoolgazette.co.uk	23696	2025-01-23
blackseagrain.net	7057	2022-02-09
blayneychronicle.com.au	54306	2026-09-21
blazersedge.com	12908	2026-09-21
blazin1023.com	6192	2026-09-20
bleachernation.com	41095	2025-03-05
bleacherreport.com	65175	2026-09-21
bleedcubbieblue.com	15029	2026-09-21
bleedingcool.com	113135	2026-09-21
bleedinggreennation.com	12423	2026-09-21
blessyouboys.com	6391	2026-09-21
blingee.com	5682	2024-06-04
blockislandtimes.com	5543	2026-09-19
bloggingdirty.com	6162	2026-09-20
bloggingtheboys.com	20650	2026-09-21
blogherald.com	5771	2026-09-21
blogspot.com	5376	2026-09-20
blogto.com	32346	2026-07-14
bloodhorse.com	32796	2026-09-21
bloody-disgusting.com	23757	2026-08-05
bloodyelbow.com	28845	2025-10-06
blooloop.com	11988	2026-09-18
bloomberg.com	168406	2026-06-22
bloombergquint.com	20998	2022-05-05
bluebirdbanter.com	6276	2026-09-21
bluemountaineagle.com	23963	2026-09-20
bluemountainsgazette.com.au	63399	2026-09-21
bluenc.com	5047	2026-06-30
blueprint.ng	94206	2026-09-21
blueridgenow.com	8748	2023-09-11
blueshirtbanter.com	5385	2026-09-20
blufftonicon.com	12490	2026-09-20
bmj.com	33556	2025-11-26
bmmagazine.co.uk	9116	2026-09-20
bmwblog.com	9893	2026-09-21
bnamericas.com	16561	2026-09-15
bnd.com	5862	2024-07-27
bnionline.net	5194	2026-09-20
bnn-news.com	13786	2026-09-21
bnnbloomberg.ca	258557	2026-09-20
bobfm.co.uk	10087	2026-09-18
bocanewsnow.com	6152	2026-09-20
boerse-social.com	7315	2026-09-12
boersennews.de	6902	2026-09-20
bognor.co.uk	5973	2022-02-10
boingboing.net	31984	2026-09-19
boisestatepublicradio.org	35147	2026-09-19
bold.dk	10145	2026-09-20
bolivarmonews.com	5224	2026-09-15
bollyspice.com	5185	2026-09-21
bollywoodhungama.com	51301	2026-09-21
bollywoodlife.com	8083	2026-02-16
bollywoodmantra.com	5165	2023-06-01
bolnews.com	8267	2025-12-08
bonappetit.com	6539	2026-09-19
bondbuyer.com	14990	2026-09-19
bonnercountydailybee.com	10917	2026-09-21
boom1019.com	6605	2026-09-14
boom997.com	6631	2026-09-14
boorowanewsonline.com.au	17624	2026-09-17
boothbayregister.com	32715	2026-09-20
bordermail.com.au	101134	2026-09-21
bordertelegraph.com	98860	2026-09-21
borderwatch.com.au	7562	2026-05-05
boredpanda.com	409208	2026-09-21
borehamwoodtimes.co.uk	114127	2026-09-21
borgenproject.org	5577	2026-08-11
borneobulletin.com.bn	79107	2025-04-28
boston.com	67197	2026-09-21
bostonglobe.com	146974	2026-09-21
bostonherald.com	62106	2026-09-21
bostonstar.com	110727	2026-09-21
bournemouthecho.co.uk	166575	2026-09-21
bowenislandundercurrent.com	61387	2025-09-05
boxden.com	78610	2024-10-17
boxinginsider.com	5717	2026-09-20
boxingnews24.com	12832	2026-09-21
boxingnewsonline.net	11884	2026-09-21
bozemandailychronicle.com	159805	2026-09-21
bozemanskissfm.com	15068	2026-09-18
bozone.com	14483	2026-09-20
bpr.org	23840	2023-01-31
bracknellnews.co.uk	102897	2026-09-21
bradfordera.com	74573	2026-09-19
braidwoodtimes.com.au	53856	2026-09-21
brainerddispatch.com	57995	2026-09-21
braintreeandwithamtimes.co.uk	137500	2026-09-21
bramptonguardian.com	13115	2026-09-20
brandonsun.com	70517	2026-09-21
bransontrilakesnews.com	46860	2026-09-21
brantfordexpositor.ca	44394	2026-09-21
bravenewcoin.com	10646	2026-09-20
bravotv.com	9981	2026-09-21
brazilsun.com	51979	2026-09-21
breakingbelizenews.com	7788	2026-03-19
breakingdefense.com	13756	2026-09-18
breakingnews.ie	108156	2026-09-10
breakingtravelnews.com	13060	2023-08-26
brecorder.com	74251	2026-02-23
breitbart.com	294253	2026-09-21
brentwoodlive.co.uk	116159	2026-09-21
bridgemi.com	11180	2026-09-18
bridgwatermercury.co.uk	99006	2026-09-21
bridportnews.co.uk	104954	2026-09-21
briefingwire.com	81259	2026-09-20
brightonandhovenews.org	11022	2026-09-20
brightontoday.ca	9168	2026-09-21
brightsideofthesun.com	8738	2026-09-21
bringmethenews.com	15509	2023-09-18
brisbanetimes.com.au	240671	2026-09-21
bristol247.com	10749	2025-11-19
bristolpost.co.uk	130560	2026-09-21
britainnews.net	68171	2026-09-21
britannica.com	21901	2025-11-12
broadbandtvnews.com	6237	2026-06-17
broadcastnow.co.uk	13529	2025-09-04
broadwayworld.com	55810	2026-05-08
brobible.com	15390	2026-09-21
brokernews.com.au	7445	2026-09-21
bromsgroveadvertiser.co.uk	110542	2026-09-21
bromsgrovestandard.co.uk	15197	2026-09-21
brookingsradio.com	22216	2026-09-21
brooklyneagle.com	14759	2026-09-14
brooklynpaper.com	9249	2026-09-20
brooklynvegan.com	36669	2026-09-20
broomfieldenterprise.com	13382	2026-09-20
browndailyherald.com	7397	2026-09-09
brownfieldagnews.com	10795	2026-07-31
brownsvilleherald.com	16485	2021-03-17
brownwoodnews.com	17968	2026-09-20
brownwoodtx.com	5780	2026-09-12
brudirect.com	25649	2026-09-20
bruneinews.net	80611	2026-09-21
bryantimes.com	56843	2026-09-20
bssnews.net	158686	2026-09-15
bu.edu	6197	2026-09-18
bubblear.com	11091	2026-09-21
buccaneers.com	6577	2026-09-21
buckscountycouriertimes.com	10343	2023-01-24
bucksfreepress.co.uk	123394	2026-09-21
bucksherald.co.uk	12536	2025-01-23
bucksinsider.com	8900	2026-09-21
bucyrustelegraphforum.com	5927	2023-09-11
budapesttimes.hu	10706	2026-09-20
buenosairesherald.com	5452	2026-09-20
buffalobulletin.com	11504	2026-09-19
buffalonews.com	138912	2026-09-20
buffalorising.com	6076	2026-09-19
buildersmerchantsnews.co.uk	5640	2026-09-18
building.co.uk	13478	2025-09-05
bulawayo24.com	61234	2026-09-21
bulgariagazette.com	6870	2025-09-26
bulletsforever.com	7249	2026-09-21
bunburymail.com.au	105493	2026-09-21
bundesliga.com	7893	2026-09-21
burlingtoncountytimes.com	11222	2023-09-11
burlingtonfreepress.com	5470	2023-09-11
burnabynow.com	71750	2025-08-01
burnham-on-sea.com	17113	2026-09-20
burnhamandhighbridgeweeklynews.co.uk	95496	2026-09-21
burnleyexpress.net	21025	2025-01-23
burntorangenation.com	7213	2026-09-21
bursa.ro	6048	2026-09-20
burytimes.co.uk	162735	2026-09-21
business-humanrights.org	10744	2026-09-09
business-review.eu	18258	2026-09-19
business-standard.com	660951	2026-09-21
business2community.com	14801	2026-09-03
businessdailyafrica.com	41443	2026-09-20
businessday.co.za	12401	2026-09-21
businessdayghana.com	8402	2026-09-21
businessden.com	5332	2026-09-18
businessghana.com	146655	2026-09-21
businessgreen.com	18293	2026-07-17
businessincameroon.com	6850	2026-09-19
businessinsider.co.za	8106	2023-02-28
businessinsider.com	349720	2026-09-21
businessinsider.com.au	24044	2023-10-12
businessinsider.in	71647	2025-01-13
businessinsurance.com	10191	2026-09-18
businesslive.co.za	10121	2025-10-13
businessmirror.com.ph	121961	2025-05-14
businessnorth.com	9351	2026-09-20
businessoffashion.com	15909	2026-06-29
businesspost.ie	34954	2026-09-20
businessrecord.com	20810	2024-01-04
businessreport.com	7986	2026-09-18
businesstech.co.za	9105	2022-09-28
businesstimes.com.sg	79991	2026-09-21
businesstoday.in	169767	2026-09-21
businesstraveller.com	10762	2025-01-23
businesstravelnewseurope.com	7049	2026-04-06
businesswire.com	90653	2023-04-18
businesswireindia.com	12266	2026-05-18
businessworld.in	33533	2026-07-15
busseltonmail.com.au	44472	2026-07-27
butlercountytimesgazette.com	7233	2026-09-06
butlereagle.com	58085	2026-09-21
buxtonadvertiser.co.uk	12680	2025-01-23
buzzfeed.com	87633	2026-09-21
buzzfeednews.com	7389	2026-01-01
bwog.com	16127	2026-09-21
bworldonline.com	89254	2026-09-21
bxr.com	9155	2026-09-21
byronnews.com.au	34848	2021-04-28
byu.edu	6000	2026-07-15
c-mw.net	6378	2026-09-19
c21media.net	26619	2026-09-18
cachevalleydaily.com	17693	2026-09-20
cadforum.cz	13647	2026-09-20
cadillacnews.com	32324	2026-09-21
cagesideseats.com	42855	2026-09-21
cagle.com	21449	2025-01-23
cairnspost.com.au	247385	2026-09-21
cairoscene.com	22767	2026-09-21
caixinglobal.com	24303	2026-06-08
cajnewsafrica.com	6735	2026-09-18
cajunradio.com	16029	2026-09-19
calaverasenterprise.com	5126	2026-09-19
calcoastnews.com	8578	2026-09-21
calculatedriskblog.com	14512	2026-01-12
calcuttanews.net	166925	2026-09-21
caledoncitizen.com	5959	2026-09-17
caledonenterprise.com	5614	2026-09-20
caledoniacourier.com	26781	2026-09-20
caledonianrecord.com	174241	2026-09-21
calgary.ctvnews.ca	30489	2025-01-23
calgaryherald.com	51338	2026-09-21
calgarysun.com	72380	2026-09-21
californianewswire.com	7903	2026-09-18
californiatelegraph.com	151865	2026-09-21
caller.com	7121	2023-09-11
callnewspapers.com	5437	2026-09-16
cambodiantimes.com	153634	2026-09-21
cambrian-news.co.uk	20825	2026-09-20
cambridge-news.co.uk	76314	2026-09-21
cambridge.org	7026	2026-03-01
cambridgetimes.ca	9766	2026-09-20
cambstimes.co.uk	40011	2026-09-21
camdencourier.com.au	52426	2026-09-21
cameroon-tribune.cm	14676	2026-09-21
campaignasia.com	8585	2026-09-18
campaignbrief.com	14680	2026-09-21
campaignindia.in	10240	2026-09-21
campaignlive.co.uk	26131	2026-09-11
campaignseries.co.uk	10186	2023-02-07
campbellrivermirror.com	32503	2026-09-21
campbeltowncourier.co.uk	5717	2024-01-25
campusreform.org	7013	2026-01-05
canada.com	38521	2026-09-20
canadafreepress.com	33147	2025-07-27
canadiancattlemen.ca	6508	2026-09-20
canadianinquirer.net	16668	2026-09-21
canadianlawyermag.com	6565	2026-09-21
canadianmanufacturing.com	9162	2026-09-20
canadianminingjournal.com	9764	2026-09-18
canadianreviewer.com	9024	2026-09-18
canadianunderwriter.ca	6526	2026-07-14
canberratimes.com.au	124087	2026-09-21
cancertherapyadvisor.com	7678	2026-09-18
candgnews.com	14541	2026-09-20
canindia.com	45226	2025-11-20
canoncitydailyrecord.com	27462	2026-09-20
canowindranews.com.au	25736	2024-09-09
cantechletter.com	20754	2026-05-12
cantondailyledger.com	5834	2023-09-10
cantonrep.com	17009	2023-09-11
canyon-news.com	11990	2026-09-21
capeandislands.org	40548	2026-09-21
capebretonpost.com	23307	2020-11-12
capecod.com	13176	2026-09-20
capecodtimes.com	12400	2023-09-11
capegazette.com	20535	2026-01-06
capenews.net	14647	2026-09-18
capetalk.co.za	25547	2024-01-15
capitalethiopia.com	14833	2026-09-20
capitalfm.co.ke	57451	2026-06-15
capitalfm.com	10062	2026-09-18
capitalgazette.com	81796	2026-09-21
capitalpress.com	17533	2026-09-18
capitolfax.com	17682	2026-09-18
capitolhillseattle.com	5959	2026-02-16
capjournal.com	17752	2026-09-20
capradio.org	38820	2026-09-19
captivasanibel.com	12492	2026-09-19
carandbike.com	12268	2026-07-15
caranddriver.com	11585	2026-09-20
carbon-pulse.com	17777	2025-08-13
carbuzz.com	52543	2026-09-21
cardinalcourieronline.com	10292	2026-02-05
careerindia.com	9269	2026-06-26
caribbeanherald.com	62586	2026-09-21
caribjournal.com	6787	2026-09-21
carletonvilleherald.com	12062	2023-10-11
carlow-nationalist.ie	61941	2026-09-20
carlyleobserver.com	30710	2021-07-29
carmagazine.co.uk	5376	2026-09-18
carnegieendowment.org	5373	2026-09-17
carnewschina.com	6222	2026-09-21
carolinacoastonline.com	26776	2026-09-20
carolinajournal.com	11062	2026-09-21
carrollspaper.com	39959	2026-09-20
carscoops.com	53535	2026-09-21
carsguide.com.au	6540	2025-03-31
carsonnow.org	134350	2026-09-21
cartermatt.com	27960	2026-05-08
cartoonbrew.com	5225	2026-09-19
casino.org	7196	2026-09-21
castanet.net	188887	2023-11-21
castanetkamloops.net	75958	2026-09-21
castlegarsource.com	6217	2026-09-18
catcountry1029.com	17521	2026-09-19
catcountry1073.com	51434	2026-09-20
catholic.org	9621	2026-06-29
catholicculture.org	29720	2026-09-19
catholicnewsagency.com	11036	2026-01-23
catholicphilly.com	8738	2026-09-18
catholicregister.org	7600	2026-09-20
catholicworldreport.com	33163	2026-09-21
cathstan.org	5046	2026-09-17
caughtoffside.com	50635	2026-09-21
cavalierdaily.com	9627	2026-09-21
cbc.bb	20284	2026-09-21
cbc.ca	378847	2026-09-21
cbn.com	25170	2026-09-20
cbr.com	25341	2023-10-27
cbs12.com	45639	2026-09-21
cbs19.tv	57735	2026-06-06
cbs2iowa.com	42181	2026-09-21
cbs46.com	9757	2022-03-01
cbs4indy.com	5543	2024-08-20
cbs4local.com	42144	2026-09-21
cbs58.com	76199	2026-09-21
cbs6albany.com	41860	2026-09-21
cbs7.com	10489	2024-08-12
cbs8.com	55118	2026-06-05
cbsnews.com	212144	2026-09-21
ccenterdispatch.com	18399	2026-03-06
ccm.net	10814	2025-04-02
cdapress.com	23341	2026-09-01
cdispatch.com	19585	2026-09-19
cecildaily.com	20182	2026-09-21
cedarnews.net	5376	2026-09-06
cei.int	6749	2026-09-21
celebdirtylaundry.com	48927	2026-09-21
celebuzz.com	5938	2026-09-18
cemnet.com	11066	2026-09-19
centralasiatimes.com	33423	2026-09-21
centralchronicle.com	29979	2026-03-24
centraljersey.com	19200	2025-05-26
centralmaine.com	98536	2026-09-21
centralmoinfo.com	32293	2026-09-20
centraltelegraph.com.au	20824	2020-06-29
centralwesterndaily.com.au	65427	2026-09-21
centreforaviation.com	25126	2026-09-21
cessnockadvertiser.com.au	60926	2026-09-21
cfnrfm.ca	9656	2026-07-09
cfox.com	10928	2026-09-21
cfr.org	8081	2026-09-19
cfweradio.ca	6951	2026-09-21
cgtn.com	15100	2025-08-27
chad.co.uk	20199	2025-01-23
chaffeecountytimes.com	8056	2026-09-18
chalkbeat.org	8254	2026-09-18
championnewspapers.com	6136	2026-09-19
channel3000.com	132232	2026-09-21
channel4.com	20658	2026-09-20
channel5belize.com	19313	2025-05-24
channelafrica.co.za	14896	2026-09-20
channeleye.co.uk	5515	2024-08-12
channellife.com.au	5031	2026-09-21
channelnewsasia.com	179557	2026-09-21
channelstv.com	88519	2026-08-04
channelweb.co.uk	5809	2025-04-17
chanute.com	28951	2026-09-16
chapelboro.com	20147	2026-06-24
chardandilminsternews.co.uk	96310	2026-09-21
charismamag.com	18512	2023-07-17
charismanews.com	12185	2025-08-02
charkoosta.com	6558	2026-09-21
charlestoncitypaper.com	8400	2026-09-20
charlotteobserver.com	9913	2024-07-31
charter97.org	70754	2026-03-02
chathamdailynews.ca	48650	2026-09-21
chathamstartribune.com	10855	2026-09-19
chathamthisweek.com	37069	2026-03-13
chattanoogan.com	82572	2026-09-21
chattooga1180.com	12365	2026-09-21
chch.com	22621	2026-09-21
cheatsheet.com	28644	2026-03-18
cheboygannews.com	5551	2023-09-10
cheknews.ca	19770	2026-09-21
chelmsfordweeklynews.co.uk	115042	2026-08-14
chemeurope.com	7994	2026-09-21
chennaionline.com	18067	2026-09-21
cherokeephoenix.org	8567	2026-09-19
chessbase.com	10459	2026-09-20
chesterstandard.co.uk	155132	2026-09-21
chiangraitimes.com	24311	2026-09-21
chicagobusiness.com	22332	2026-07-06
chicagocrusader.com	8416	2026-09-20
chicagonow.com	9019	2022-08-18
chicagotribune.com	162636	2026-09-21
chichester.co.uk	7095	2022-02-10
chickashanews.com	6117	2026-09-18
chicoer.com	23986	2026-09-20
chieftain.com	9189	2023-09-11
chilecomparte.cl	24977	2026-09-21
chimpreports.com	15330	2026-09-19
china.org.cn	184373	2026-09-21
chinadaily.com.cn	596025	2026-09-21
chinadailyhk.com	10481	2025-01-27
chinadigitaltimes.net	8017	2026-06-05
chinafile.com	8467	2026-09-17
chinamil.com.cn	21688	2026-09-20
chinanationalnews.com	153521	2026-09-21
chinatechnews.com	9222	2026-09-21
chinaview.cn	30639	2026-03-19
chinookobserver.com	8097	2026-09-21
chipchick.com	23365	2026-09-20
chippewa.com	58040	2026-09-20
chorleycitizen.co.uk	18568	2023-02-07
chortle.co.uk	18104	2026-09-21
chosun.com	17595	2024-09-12
chrisd.ca	7797	2026-09-21
christianitydaily.com	5202	2026-09-19
christianitytoday.com	10733	2026-09-20
christiannewswire.com	6609	2026-09-18
christianpost.com	72512	2026-09-21
christiantoday.com	5398	2026-09-20
chron.com	549721	2025-11-18
chronicle-tribune.com	10452	2026-09-20
chronicle.co.zw	47194	2025-01-23
chronicle.com	5109	2025-11-18
chronicle.gi	7306	2026-03-17
chronicle.lu	35567	2026-09-20
chroniclejournal.com	68485	2026-09-21
chroniclelive.co.uk	134637	2026-09-21
chronicleonline.com	75317	2026-09-21
chronicletimes.com	5710	2026-09-18
chronline.com	37278	2026-09-20
chronogram.com	7865	2026-09-21
chvnradio.com	25764	2026-09-21
cinaradio.com	7003	2026-09-21
cincinnati.com	30235	2024-10-21
cincinnatimagazine.com	5814	2026-09-18
cincinnatisun.com	44799	2026-09-21
cincyjungle.com	14272	2026-09-21
cinemablend.com	85615	2026-09-21
cineuropa.net	5310	2022-08-20
cineuropa.org	28824	2026-03-27
cio.com	12010	2026-01-20
circlevilleherald.com	6669	2026-09-19
cisnfm.com	10155	2026-09-20
cities929.com	14908	2026-09-20
citizen-times.com	8165	2023-09-11
citizen.co.za	100858	2026-09-21
citizen.digital	7318	2026-02-22
citizen.on.ca	6492	2026-09-10
citizensvoice.com	57752	2026-09-21
citr.ca	5040	2025-11-02
city-countyobserver.com	15742	2026-01-31
cityam.com	61446	2026-09-21
citybeat.com	10354	2025-01-22
cityfarmer.info	5222	2026-09-20
citynews.com.au	18100	2025-09-04
citywatchla.com	9439	2026-09-20
cityweekly.net	5926	2026-08-28
citywireselector.com	7388	2022-10-19
civic.md	7943	2026-09-08
civilbeat.org	8515	2026-09-07
civilserviceworld.com	7208	2026-09-18
civilsociety.co.uk	6116	2026-09-18
cjhk.ca	7829	2026-03-03
cjls.com	6152	2026-04-07
cjme.com	31723	2026-09-21
cjonline.com	13533	2023-09-11
cjoy.com	8910	2023-12-05
ckbw.ca	8373	2026-03-02
ckdr.net	10129	2025-10-01
ckfm.ca	6389	2024-05-10
ckom.com	32461	2026-09-21
ckua.com	10435	2026-09-19
ckxsfm.com	11741	2026-09-18
clactonandfrintongazette.co.uk	148081	2026-09-21
claimsjournal.com	13308	2026-09-21
clare.fm	25351	2026-09-20
clarechampion.ie	10363	2026-09-20
clareherald.com	7871	2026-09-20
claremoreprogress.com	7738	2026-09-19
clarionledger.com	9660	2023-09-11
clarksvillenow.com	14030	2026-09-20
clarksvilleonline.com	22262	2026-09-21
classic107.com	13645	2026-09-21
classiccountry1070.com	6263	2024-02-24
classichits925.com	10168	2026-09-18
classicrock1051.com	16764	2024-04-27
classicrock1069.com	5507	2022-01-10
classicrock961.com	32258	2026-09-20
classy100.com	35982	2026-09-20
claytodayonline.com	6717	2026-09-21
cleantechnica.com	34803	2026-09-20
clearwatertimes.com	29684	2026-09-21
clemsontigers.com	5720	2026-09-16
cleveland.com	30463	2026-03-09
cleveland19.com	48659	2026-09-21
clevelandbanner.com	12151	2026-09-20
clevelandbrowns.com	5524	2026-09-21
clevelandjewishnews.com	85326	2026-09-20
clevelandstar.com	115343	2026-09-21
clevescene.com	11316	2026-09-18
clichemag.com	14271	2026-08-15
click2houston.com	99519	2026-09-21
clickondetroit.com	163138	2026-09-21
clickorlando.com	135973	2026-09-21
clickthecity.com	7274	2025-10-21
clinicaladvisor.com	6681	2026-09-18
clinicalleader.com	7528	2026-09-21
clintonherald.com	38832	2026-09-19
clintonnewsrecord.com	23335	2026-09-19
closerweekly.com	6944	2026-09-20
cloverdalereporter.com	35332	2026-09-20
cltampa.com	9860	2026-09-18
club937.com	25125	2026-09-19
clutchpoints.com	38968	2026-06-13
clydebankpost.co.uk	102202	2026-09-21
cmcmarkets.com	5856	2026-03-09
cmo.com.au	5228	2024-01-20
cnbc.com	133523	2026-09-21
cnbcafrica.com	22105	2026-09-19
cnbctv18.com	7702	2026-03-19
cnc3.co.tt	20458	2026-08-25
cnet.com	451376	2026-09-21
cnn.com	302017	2026-09-21
cnnphilippines.com	80976	2024-01-29
cnsnews.com	60537	2025-08-26
cntraveler.com	6457	2026-09-20
cntraveller.com	5648	2026-09-20
cnweekly.com	12207	2021-07-26
cnycentral.com	32833	2026-09-21
cnynews.com	19641	2026-09-21
coast1009.com	20601	2026-09-20
coast931.com	5517	2026-09-20
coast973.com	8788	2026-09-20
coastalcourier.com	5726	2026-09-17
coastaldigest.com	19050	2026-07-27
coastalnewstoday.com	14623	2024-01-03
coastalpoint.com	6402	2026-09-18
coastalradio.ca	7191	2026-09-18
coastfm.co.uk	11110	2025-01-27
coastreporter.net	84071	2025-09-09
cobrapost.com	11861	2026-09-19
cochranetimes.com	9107	2026-09-20
cochranetimespost.ca	50433	2026-09-21
cochranetoday.ca	8500	2023-01-30
coffscoastadvocate.com.au	43733	2021-03-24
cogconnected.com	10670	2026-09-21
coincommunity.com	144852	2026-04-03
coindesk.com	30868	2026-09-21
coinspeaker.com	33338	2026-09-20
cointelegraph.com	42664	2026-09-21
coinweek.com	7781	2026-06-04
coladaily.com	8970	2026-09-21
coldlakesun.com	13116	2026-09-20
collider.com	122266	2026-09-21
colombogazette.com	9382	2026-09-20
colombopage.com	20989	2023-11-30
coloradoan.com	6487	2023-09-11
coloradohometownweekly.com	15992	2026-09-20
coloradopolitics.com	6290	2026-03-19
coloradostar.com	41237	2026-09-21
columbiabasinherald.com	7911	2026-08-28
columbiadailyherald.com	9127	2023-09-11
columbiagorgenews.com	18377	2026-09-20
columbiamissourian.com	27858	2026-09-20
columbian.com	104973	2026-09-21
columbiatribune.com	10247	2023-09-11
columbustelegram.com	53633	2026-09-21
combatpress.com	12271	2026-09-19
comicbook.com	189371	2026-09-21
comicbookmovie.com	28112	2026-09-21
comicsbeat.com	10732	2026-07-30
comingsoon.net	58841	2026-09-20
commercial-news.com	14727	2026-09-20
commercialappeal.com	11594	2023-09-11
commercialmotor.com	5370	2026-06-03
commercialobserver.com	12812	2026-09-20
comminit.com	8001	2026-07-10
commodityonline.com	27788	2025-02-12
commonsnews.org	7904	2023-06-14
communityadvocate.com	6785	2026-09-19
communityimpact.com	19614	2026-07-01
communitynewspapergroup.com	20053	2026-09-21
communitynewspapers.com	13226	2026-08-04
communityni.org	5202	2022-02-11
communitypress.ca	38218	2026-06-22
comoxvalleyrecord.com	33731	2026-09-21
complex.com	22290	2026-09-21
complianceweek.com	5537	2026-09-18
compositesworld.com	8944	2026-09-18
compsmag.com	6764	2024-03-22
computerweekly.com	39313	2026-09-18
computerworld.com	11020	2026-09-18
computing.co.uk	8424	2026-06-22
comunicati.net	56760	2022-02-08
con-telegraph.ie	57796	2026-09-21
concordmonitor.com	32537	2026-09-20
conference-news.co.uk	7659	2026-09-15
connachttribune.ie	15670	2026-02-24
connectionnewspapers.com	8946	2026-09-17
connectradio.fm	20353	2026-09-18
connectsavannah.com	7604	2026-09-20
connexionfrance.com	28599	2026-09-21
consilium.europa.eu	24508	2024-07-15
consortiumnews.com	5431	2026-09-21
constructiondive.com	7695	2026-09-20
constructionenquirer.com	5869	2026-09-21
constructionequipment.com	5210	2026-09-18
constructionequipmentguide.com	6389	2025-03-03
constructionnews.co.uk	14856	2026-09-18
constructionweekonline.com	8096	2024-07-13
consumerelectronicsnet.com	16079	2024-02-09
conwaydailysun.com	20441	2026-09-13
cookingchanneltv.com	5605	2023-03-29
cookislandsnews.com	10796	2026-09-20
cool987fm.com	12433	2026-09-21
coolsocial.net	9498	2023-01-16
coolum-news.com.au	20346	2020-06-29
coosavalleynews.com	10143	2026-09-20
cootamundraherald.com.au	38802	2026-09-21
corkindependent.com	9297	2026-09-18
cornell.edu	7778	2026-09-20
cornellsun.com	8809	2026-09-20
cornwalllive.com	6250	2026-09-09
cornwallseawaynews.com	24460	2026-09-21
coronadonewsca.com	13453	2026-09-18
corsicanadailysun.com	23616	2026-09-21
corvallisadvocate.com	6162	2026-09-19
cosmeticsandtoiletries.com	7465	2026-02-10
cosmopolitan.com	69022	2026-09-21
cosmosmagazine.com	9093	2025-10-20
cotswoldjournal.co.uk	103848	2026-09-21
countercurrents.org	22923	2026-09-20
counterpunch.org	23942	2026-09-03
country-guide.ca	5855	2025-05-21
country104.com	8336	2026-09-21
country105.com	10309	2026-09-15
country1053.ca	9597	2025-05-20
country93.ca	8565	2026-09-10
country94.ca	14854	2025-12-08
countrylife.co.uk	9618	2026-09-21
countryliving.com	9831	2026-09-20
countypress.co.uk	141127	2026-09-21
countytimes.co.uk	119602	2026-09-21
countyweeklynews.ca	37959	2026-06-22
courant.com	104358	2026-09-21
courier-journal.com	18161	2023-09-11
courier-tribune.com	11409	2026-09-19
courierjournal.net	8712	2026-09-19
couriermail.com.au	182103	2024-07-31
couriernews.com	67388	2026-09-21
courierpostonline.com	8906	2023-09-11
courierpress.com	8075	2023-09-11
courthousenews.com	44459	2026-07-16
coventryobserver.co.uk	11374	2026-09-20
coventrytelegraph.net	100853	2026-09-21
covers.com	37157	2026-09-20
covnews.com	5894	2026-09-20
cowboystatedaily.com	5388	2026-07-12
cowichanvalleycitizen.com	34256	2026-09-20
cowraguardian.com.au	27367	2026-09-17
cp24.com	107213	2026-09-21
cpac.ca	6601	2024-12-16
cpapracticeadvisor.com	11865	2026-09-20
cpbj.com	8732	2026-06-04
cpfc.co.uk	5012	2026-06-25
cphpost.dk	8375	2026-09-21
cpr.org	13301	2026-02-25
cqnews.com.au	44410	2021-04-28
cracked.com	31438	2026-09-21
craigdailypress.com	6505	2026-09-17
crainscleveland.com	13200	2026-06-18
crainsdetroit.com	16510	2026-03-31
crainsnewyork.com	16163	2026-03-16
cranbrooktownsman.com	30447	2026-09-20
crash.net	34475	2026-09-20
cravenherald.co.uk	156674	2026-09-21
crawleyobserver.co.uk	5858	2022-02-09
creativebloq.com	13011	2026-09-21
creativereview.co.uk	5161	2026-07-15
crescent-news.com	29849	2026-09-19
crestonnews.com	7239	2026-09-19
crestviewbulletin.com	6316	2026-09-19
crikey.com.au	14384	2026-09-21
crimeonline.com	7164	2026-03-18
crn.com	11450	2026-09-18
crn.com.au	12430	2026-09-21
crooksandliars.com	40990	2026-09-21
crookstontimes.com	5681	2025-01-30
crookwellgazette.com.au	71181	2026-09-21
crossmap.com	33464	2026-09-21
crossrhythms.co.uk	6832	2026-09-18
crossville-chronicle.com	27560	2026-09-19
crowdfundinsider.com	87115	2026-08-27
crowrivermedia.com	50371	2025-10-29
cruisehive.com	9711	2026-09-20
cruiseindustrynews.com	7654	2026-09-21
crunchyroll.com	15924	2023-01-31
cruxnow.com	13932	2026-09-20
csindy.com	6448	2025-04-21
csmonitor.com	25258	2026-09-20
csoonline.com	10335	2026-09-18
csrwire.com	8172	2026-09-18
ctgtribune.com	15346	2025-06-01
ctinsider.com	61825	2026-09-10
ctmirror.org	12814	2026-09-21
ctnewsjunkie.com	5640	2026-09-20
ctpost.com	162446	2025-10-26
ctpublic.org	7913	2026-03-18
ctvnews.ca	171368	2026-09-18
cubaheadlines.com	42500	2026-09-21
cubbiescrib.com	6083	2026-09-21
cuinsight.com	19885	2025-07-09
cullmantimes.com	10127	2026-09-19
cultofmac.com	9136	2026-09-20
culturemap.com	33696	2026-09-19
cumberlink.com	50641	2026-09-20
cumbriacrack.com	30229	2025-01-23
curacaochronicle.com	9783	2026-09-18
curbed.com	6111	2026-09-03
curetoday.com	6790	2026-02-12
currentargus.com	9037	2026-09-19
cwtv.com	5717	2026-09-17
cypnow.co.uk	6355	2026-06-19
cyprus-mail.com	83830	2026-09-21
dabangasudan.org	7199	2026-09-20
dagblog.com	50779	2025-10-13
daijiworld.com	141849	2026-03-16
daily-chronicle.com	8022	2020-12-17
daily-jeff.com	8203	2023-09-11
daily-journal.com	20849	2025-02-04
daily-sun.com	38361	2025-12-09
daily-times.com	5025	2023-09-10
daily-tribune.com	7704	2026-09-21
dailyadvance.com	57837	2026-09-21
dailyadvertiser.com.au	87004	2026-09-21
dailyadvocate.com	12256	2025-05-15
dailyamerican.com	13653	2023-09-11
dailyastorian.com	12769	2026-09-20
dailybreeze.com	49529	2026-09-21
dailybruin.com	6870	2026-09-21
dailybulldog.com	9822	2026-09-19
dailybulletin.com	47276	2026-09-21
dailycal.org	22421	2026-09-18
dailycaller.com	105817	2026-09-21
dailycamera.com	44062	2026-09-21
dailycampus.com	6631	2026-09-19
dailycardinal.com	7886	2026-09-21
dailycitizen.news	13575	2025-02-06
dailycomet.com	6054	2023-09-11
dailycommercial.com	9991	2023-09-11
dailydemocrat.com	13922	2026-09-20
dailydispatch.co.za	8531	2026-09-21
dailydot.com	46586	2026-09-21
dailyecho.co.uk	172528	2026-09-21
dailyemerald.com	6807	2026-09-17
dailyexaminer.com.au	42309	2021-03-24
dailyexcelsior.com	187053	2026-09-21
dailyexpress.com.my	91331	2026-07-01
dailyforex.com	11775	2026-09-20
dailyfreeman.com	45229	2026-09-20
dailyfx.com	24052	2024-08-30
dailygalaxy.com	10224	2026-09-20
dailygazette.com	88820	2026-09-21
dailyherald.com	120389	2025-09-08
dailyheraldtribune.com	14200	2026-09-20
dailyhive.com	64713	2026-09-21
dailyindependent.com	36090	2026-09-21
dailyinterlake.com	13730	2026-09-20
dailyiowegian.com	6412	2020-05-27
dailyitem.com	53602	2026-09-20
dailyjournal.net	102260	2025-05-15
dailyjournalonline.com	43088	2026-08-29
dailykos.com	183275	2026-09-21
dailyliberal.com.au	91164	2026-09-21
dailylocal.com	53429	2026-09-21
dailymail.co.uk	1278695	2026-04-21
dailymail.com	55378	2026-09-21
dailymaverick.co.za	80264	2026-09-21
dailymercury.com.au	49265	2021-06-23
dailymirror.lk	59271	2026-09-08
dailynebraskan.com	5340	2026-09-21
dailynews.co.th	6843	2023-07-05
dailynews.co.tz	15379	2026-09-21
dailynews.co.zw	17125	2026-09-21
dailynews.com	56484	2026-09-21
dailynews.lk	33827	2023-12-29
dailynewsegypt.com	14118	2025-01-26
dailynexus.com	5783	2026-09-15
dailynorseman.com	10727	2026-09-21
dailynorthwestern.com	12069	2026-09-20
dailyorange.com	9932	2025-02-23
dailypakistan.com.pk	18937	2026-09-21
dailypioneer.com	84549	2026-09-21
dailypolitical.com	637950	2026-09-21
dailypost.co.uk	94748	2026-09-21
dailypost.ng	288133	2026-09-21
dailypost.vu	16011	2026-09-19
dailypostathenian.com	20594	2026-09-19
dailypress.com	79347	2026-09-21
dailypress.net	23601	2026-09-20
dailyprincetonian.com	7950	2026-09-21
dailyprogress.com	57799	2026-09-19
dailyrecord.co.uk	309962	2026-09-21
dailyrecord.com	9244	2023-09-11
dailyrecordnews.com	22718	2026-09-20
dailyreporter.com	8550	2026-06-03
dailyrepublic.com	89931	2026-09-20
dailyridge.com	19367	2026-09-21
dailysabah.com	65370	2026-09-20
dailysentinel.com	5550	2026-09-18
dailysignal.com	26348	2026-07-17
dailystar.co.uk	322670	2026-09-21
dailystar.com.lb	7273	2025-09-29
dailystarjournal.com	8779	2020-11-25
dailysun.co.za	30224	2022-09-11
dailytarheel.com	10526	2026-09-21
dailytelegraph.com.au	163773	2024-07-31
dailythepatriot.com	17243	2026-09-20
dailytimes.com	17693	2026-09-18
dailytimes.com.pk	142364	2026-06-25
dailytrib.com	6820	2026-09-18
dailytribune.com	25590	2025-11-05
dailytrojan.com	9135	2026-09-18
dailytrust.com	71129	2026-09-21
dailytrust.com.ng	21882	2021-06-24
dailyunion.com	24070	2026-09-20
dailyuw.com	7176	2026-07-13
dailyvoice.com	184665	2026-07-03
dailyworld.com	5461	2023-09-11
dairylandexpress.com	5055	2026-09-21
dakotanewsnow.com	19952	2026-09-21
dakotawarcollege.com	8875	2026-09-20
dallascowboys.com	11000	2026-09-21
dallasnews.com	51183	2026-04-01
dallasobserver.com	10013	2026-09-19
dallassun.com	122554	2026-09-21
dallasvoice.com	8377	2026-09-18
daltonsbusiness.com	5653	2026-09-17
danspapers.com	9635	2026-09-20
darientimes.com	58921	2025-08-31
darkhorizons.com	21941	2026-09-21
darkreading.com	13187	2025-02-20
darlingtonandstocktontimes.co.uk	108625	2026-09-21
datacenterdynamics.com	18830	2025-06-14
datacenterknowledge.com	5836	2026-09-18
daventryexpress.co.uk	10264	2025-01-23
davisenterprise.com	23113	2026-09-21
dawgpounddaily.com	5494	2026-09-21
dawn.com	261252	2026-07-20
dayton.com	5431	2024-09-04
daytonatimes.com	5441	2026-09-17
daytondailynews.com	55343	2026-09-21
dazebaonews.it	6505	2026-01-15
dazeddigital.com	18245	2026-09-20
dcourier.com	8983	2026-09-20
dcvelocity.com	5187	2026-09-18
deadline.com	167513	2026-09-21
deadlinedetroit.com	11547	2026-09-21
dealstreetasia.com	39232	2026-09-21
decanter.com	5560	2026-09-21
decaturdaily.com	47644	2026-09-21
decaturish.com	6977	2026-09-17
deccanchronicle.com	135902	2026-09-21
deccanherald.com	64357	2026-03-15
decider.com	35502	2026-09-21
defence.pk	18327	2026-05-12
defenceweb.co.za	15677	2026-09-21
defensenews.com	12380	2026-09-20
defenseone.com	8944	2026-09-20
defenseworld.net	60871	2026-04-30
defpen.com	12285	2026-09-02
dekhnews.com	5202	2025-04-11
delano.lu	6113	2025-01-11
delaware.gov	9055	2026-09-18
delawareonline.com	12601	2023-09-11
delawarepublic.org	49372	2026-09-21
delawarestatenews.net	5676	2021-02-16
delcotimes.com	60642	2026-09-21
delfi.lt	5087	2026-09-18
delgazette.com	6444	2025-04-15
delmartimes.net	6342	2024-06-13
delmarvanow.com	6603	2023-09-11
delphosherald.com	5222	2026-08-05
delrionewsherald.com	10116	2021-01-22
delta-optimist.com	64492	2025-01-23
democracynow.org	35806	2026-09-19
democratandchronicle.com	9032	2023-09-11
democratherald.com	58533	2026-09-19
denbighshirefreepress.co.uk	109845	2026-09-21
denofgeek.com	8883	2026-09-21
dentonrc.com	31564	2026-09-21
denverbroncos.com	6391	2026-09-21
denverpost.com	53460	2026-09-21
derbyshiretimes.co.uk	23955	2025-01-23
derbytelegraph.co.uk	85426	2026-09-21
derryjournal.com	15278	2025-01-23
derrynow.com	41481	2026-05-21
deseret.com	38988	2026-09-20
desertsun.com	11610	2023-09-11
desiblitz.com	17222	2026-09-20
design-reuse.com	8484	2026-09-18
designboom.com	20592	2026-09-20
designnews.com	5853	2024-12-01
designyoutrust.com	5822	2026-09-20
desimartini.com	34149	2025-02-18
desmoinesregister.com	26539	2023-09-11
desototimes.com	5551	2026-09-14
destructoid.com	24027	2026-07-04
detroitnews.com	45794	2023-09-11
devdiscourse.com	137413	2026-09-16
developingtelecoms.com	15212	2026-09-18
devilslakejournal.com	6200	2026-09-18
devondispatch.ca	16155	2026-09-21
devonlive.com	9630	2026-06-20
dewsburyreporter.co.uk	12517	2025-01-23
dezeen.com	26924	2026-09-21
dfnionline.com	10128	2026-09-18
dglobe.com	31133	2026-09-21
dhakacourier.com.bd	8207	2026-09-18
dhakatribune.com	28341	2026-03-10
dhal3.com	9122	2026-09-21
diamonds.net	8812	2024-06-24
dicardiology.com	6381	2026-09-16
digg.com	26061	2026-09-21
diginomica.com	7200	2026-09-15
digit.in	32051	2026-09-21
digitaljournal.com	195257	2026-09-20
digitalsignagetoday.com	5080	2026-09-18
digitalspy.com	87933	2026-09-21
digitaltrends.com	42891	2026-09-03
digitimes.com	30828	2026-09-21
dinamalar.com	35344	2026-09-18
directorstalkinterviews.com	29266	2026-08-04
discoverairdrie.com	16944	2026-09-21
discoverestevan.com	19776	2026-09-21
discovermagazine.com	18473	2026-07-15
dispatch.com	35521	2023-09-11
dispatchlive.co.za	30383	2025-01-25
dissexpress.co.uk	20682	2026-09-21
dissidentvoice.org	9623	2026-03-22
divyabhaskar.co.in	28994	2026-09-18
diymag.com	10941	2026-09-18
djc.com	37816	2026-09-18
djcoregon.com	5745	2026-06-03
djmag.com	12060	2026-09-18
djournal.com	77591	2026-09-20
dl-online.com	30948	2026-09-20
dmagazine.com	16703	2026-09-11
dmnews.com	5544	2026-09-21
dnaindia.com	180911	2026-01-23
dnd.com.pk	16613	2026-09-20
dnews.com	30304	2026-08-30
dnj.com	6738	2023-09-11
dodgeglobe.com	8482	2026-09-06
dohanews.co	6774	2026-08-10
domain-b.com	5336	2026-09-09
dominicanrepublicpost.com	24338	2026-09-21
dominicantoday.com	15026	2026-09-20
doncasterfreepress.co.uk	24323	2025-01-23
donegallive.ie	27845	2026-05-20
donegalnews.com	16754	2026-09-20
doorcountydailynews.com	8141	2026-09-21
dorsetecho.co.uk	155048	2026-09-21
dose.ca	15360	2026-09-21
dothaneagle.com	63554	2026-09-19
dotnews.com	7961	2026-09-17
douglas-budget.com	37128	2026-09-16
downtoearth.org.in	20702	2026-09-19
drapersonline.com	18573	2026-09-19
draytonvalleywesternreview.com	15108	2026-09-21
drbicuspid.com	11808	2025-10-30
dreadcentral.com	17664	2026-09-21
dredgingtoday.com	11634	2026-09-19
drgnews.com	26292	2026-09-19
drive.com.au	41233	2026-05-31
driving.ca	14560	2026-09-19
droid-life.com	7820	2026-09-19
droitwichadvertiser.co.uk	19310	2021-05-03
droitwichstandard.co.uk	10047	2026-09-21
drudge.com	18711	2026-09-21
drugstorenews.com	5369	2025-09-08
dslreports.com	19516	2025-02-26
dtinews.vn	5601	2023-07-17
dtnext.in	7229	2024-12-16
dtnpf.com	9901	2026-09-19
dualshockers.com	28007	2026-09-21
dubaicityguide.com	7133	2026-09-19
dublinlive.ie	7571	2026-03-11
dudleynews.co.uk	129365	2026-09-21
duke.edu	6360	2026-09-18
duke.fm	22773	2026-09-20
dukechronicle.com	8423	2026-07-09
dukefmduluth.com	7915	2025-03-18
duluthnewstribune.com	64746	2026-09-21
dumbartonreporter.co.uk	89727	2026-09-21
duncanbanner.com	13432	2026-09-20
dundalkdemocrat.ie	56109	2026-05-14
dunfermlinepress.com	104504	2026-09-21
dungogchronicle.com.au	56386	2026-09-21
dunmowbroadcast.co.uk	31688	2026-09-21
dunyanews.tv	152086	2026-09-21
dupagepolicyjournal.com	22042	2026-09-21
dupontregistry.com	7662	2026-01-09
durangoherald.com	96924	2026-09-21
durhamregion.com	24250	2026-09-20
dutchnews.nl	22137	2026-09-20
dvidshub.net	16259	2025-01-26
dw.com	122018	2026-09-21
dwell.com	7127	2026-09-18
dynamicbusiness.com	6222	2026-09-12
e-flux.com	10498	2026-09-21
e-know.ca	17950	2026-09-20
eacourier.com	9935	2026-09-18
eadt.co.uk	140119	2026-09-21
eaglecountryonline.com	9444	2026-09-19
eagledayton.com	9298	2026-09-21
eaglesanantonio.com	8931	2026-09-21
eagletimes.com	12955	2025-11-19
eagletribune.com	126366	2026-09-20
ealingtimes.co.uk	115399	2026-09-21
earthquake-report.com	9134	2025-07-21
earthquakenewstoday.com	63211	2025-12-30
earthsky.org	5443	2026-09-20
eastbayri.com	9765	2026-09-20
eastbaytimes.com	79049	2026-09-21
eastbourneherald.co.uk	6199	2022-02-09
eastcountymagazine.org	18886	2026-09-07
easternmirrornagaland.com	37162	2026-09-17
easternontarionetwork.com	44622	2026-06-15
easternriverinachronicle.com.au	95411	2026-09-21
eastidahonews.com	45732	2026-07-09
eastlondonadvertiser.co.uk	36696	2026-09-21
eastlothiancourier.com	107257	2026-09-21
eastoregonian.com	24292	2026-09-20
easttexasradio.com	16783	2026-09-20
eastvalleytribune.com	5903	2026-09-20
easy93.com	5313	2025-06-14
easyreadernews.com	7295	2026-07-25
eater.com	25051	2026-09-18
eaworldview.com	6890	2026-09-20
ebar.com	17369	2025-01-23
ecb.europa.eu	5762	2026-09-18
echo-news.co.uk	179268	2026-09-21
echo.net.au	11542	2025-01-23
echolive.ie	59911	2026-09-20
echonews.com.au	18377	2020-06-29
echopress.com	33950	2026-09-21
ecns.cn	39093	2026-09-17
eco-business.com	11859	2026-09-21
ecofinagency.com	6427	2026-03-19
econintersect.com	7938	2025-01-23
economist.com	30787	2025-09-05
economynext.com	6721	2026-02-28
econotimes.com	90325	2026-09-21
ecr.co.za	45135	2026-09-21
ed.fm	9562	2026-09-21
edenmagnet.com.au	82623	2026-09-21
edge.ca	11084	2026-09-20
edie.net	8412	2025-01-23
editorandpublisher.com	17656	2026-09-20
editorinleaf.com	5400	2026-09-20
edmonton.ctvnews.ca	26612	2025-01-23
edmontonexaminer.com	22667	2026-06-29
edmontonjournal.com	38281	2026-09-21
edmontonsun.com	73551	2026-09-20
edp24.co.uk	179990	2026-09-21
edsource.org	6670	2026-06-24
educationtimes.com	11676	2026-09-21
edweek.org	5624	2026-06-03
eejournal.com	10685	2026-09-18
eenadu.net	5152	2026-08-08
eenews.net	41827	2026-08-28
efe.com	19085	2026-04-15
effinghamdailynews.com	16900	2026-09-19
effinghamradio.com	11536	2026-09-20
efinancialcareers.com	6294	2026-09-18
egyptindependent.com	19556	2026-09-20
eham.net	20371	2026-09-21
ehfcl.com	251751	2020-08-27
einnews.com	148652	2024-06-01
ejpress.org	6139	2026-09-20
ekathimerini.com	5808	2020-04-10
el-balad.com	205366	2026-09-21
elclasificado.com	8848	2026-07-16
eldoradonews.com	14640	2026-09-20
electric949.com	8086	2026-09-18
electronicsweekly.com	19392	2026-09-21
electropages.com	10952	2026-09-17
elitedaily.com	16195	2026-09-19
elitetraveler.com	5365	2026-09-21
elkharttruth.com	19335	2026-09-19
elkodaily.com	54594	2026-09-20
elle.com	22189	2026-09-21
elliotlakestandard.ca	48091	2026-09-21
ellsworthamerican.com	9508	2026-09-18
ellwoodcityledger.com	6226	2023-09-11
elmwoodparkschools.org	17893	2022-03-02
elpais.com	24798	2026-09-20
elpasoinc.com	107358	2026-09-21
elpasotimes.com	10448	2023-09-11
elwakt.com	34770	2024-06-08
elystandard.co.uk	40758	2026-09-21
emarketer.com	5628	2026-09-16
emirates247.com	15362	2026-06-10
emissourian.com	13520	2025-09-01
emmetsburgnews.com	5159	2026-09-19
empireofthekop.com	18104	2026-09-20
empireonline.com	11838	2026-09-18
emporiagazette.com	25790	2026-09-21
empr.com	10953	2026-09-19
ems1.com	12906	2026-09-20
en.apa.az	72448	2026-09-21
en.ce.cn	32133	2026-09-21
en.dangcongsan.vn	5991	2024-10-12
en.gmw.cn	7405	2025-07-02
en.kremlin.ru	5692	2026-09-19
en.people.cn	123406	2026-09-21
en.portnews.ru	5371	2026-03-08
en.qantara.de	10657	2023-10-26
en.qdnd.vn	9658	2026-03-18
en.tempo.co	47559	2026-09-21
en.trend.az	72164	2025-07-09
en.vietnamplus.vn	79240	2026-03-16
enca.com	65187	2026-09-21
endocrinologyadvisor.com	8003	2026-09-18
energeticcity.ca	21691	2026-07-21
energy-pedia.com	23788	2026-09-21
energy-storage.news	8078	2026-09-18
energy953.com	10401	2026-08-06
energycentral.com	24116	2025-05-30
energyfm.net	6729	2026-07-31
energyglobal.com	7447	2025-12-09
energylivenews.com	17316	2026-09-18
energyvoice.com	5581	2025-01-10
enewschannels.com	7408	2026-09-18
enewscourier.com	16104	2026-09-20
enfieldindependent.co.uk	97090	2026-09-21
eng.belta.by	41337	2026-03-10
eng.kavkaz-uzel.eu	8540	2026-09-21
eng.lsm.lv	5866	2025-01-02
engadget.com	47663	2026-09-21
engineering.com	6073	2026-09-18
engineeringnews.co.za	38488	2026-07-31
english.news.cn	298814	2026-09-21
english.pravda.ru	8666	2026-09-21
english.radio.cz	19941	2026-09-20
english.republika.mk	10914	2026-09-21
english.vov.vn	15732	2026-03-16
english.wafa.ps	188247	2026-09-20
enidnews.com	39115	2026-09-20
enn.com	13972	2026-09-18
enr.com	5606	2026-09-21
enrsi.rtvs.sk	5287	2025-01-19
enstarz.com	28284	2026-09-19
enterprisenews.com	7137	2023-09-11
enterprisepub.com	5515	2026-09-14
entornointeligente.com	10146	2026-09-19
entrepreneur.com	10060	2026-09-19
envirotech-online.com	5000	2025-08-14
enviweb.cz	6581	2026-07-14
eonline.com	84730	2026-09-21
ephotozine.com	35871	2025-11-18
eppingforestguardian.co.uk	98066	2026-09-21
eptrail.com	12997	2026-09-20
epw.in	9923	2026-09-19
equibase.com	25375	2026-04-29
equipmentworld.com	5145	2026-05-28
equitybulls.com	76241	2026-09-21
erienewsnow.com	93404	2026-09-21
escapistmagazine.com	8261	2026-06-09
esmmagazine.com	11389	2026-09-19
espn.com	59087	2026-03-19
esquire.com	30905	2026-09-21
essence.com	30981	2026-07-07
essexlive.news	5571	2026-07-02
estevanmercury.ca	31586	2021-07-29
etcanada.com	13319	2023-10-30
eteknix.com	18520	2026-09-20
etfdailynews.com	228558	2025-10-07
etftrends.com	32437	2026-08-03
ethanolproducer.com	8110	2026-09-21
etnow.com	11276	2026-09-18
etonline.com	71395	2026-03-25
eturbonews.com	153793	2026-06-28
eubusiness.com	5000	2026-09-18
eugenedailynews.com	6102	2024-08-21
euobserver.com	13595	2026-09-21
euractiv.com	39817	2026-01-22
eurasiareview.com	41180	2026-09-21
eurekalert.org	75830	2026-09-18
eureporter.co	11352	2026-06-18
euro-petrole.com	8253	2026-09-18
eurogamer.net	42934	2026-09-20
euronews.com	110195	2026-09-21
europapress.es	9022	2026-09-17
europeanpharmaceuticalreview.com	5123	2026-03-26
europeantour.com	5282	2025-06-12
europesun.com	177870	2026-09-21
eurovoix.com	11552	2026-09-21
euroweeklynews.com	6756	2026-03-19
eurweb.com	31965	2026-09-21
evanstonnow.com	9331	2026-09-21
eveningexpress.co.uk	107905	2021-11-08
eveningnews24.co.uk	104153	2026-09-21
eveningtelegraph.co.uk	66368	2021-09-22
eveningtimes.co.uk	5790	2023-03-07
eveningtribune.com	7512	2023-09-11
eventhubs.com	16241	2026-09-21
evertiq.com	8691	2026-09-21
everydayhealth.com	6869	2026-09-18
everything2.com	36374	2026-01-01
eveshamjournal.co.uk	112796	2026-09-21
evo.co.uk	5771	2026-09-21
ew.com	37810	2026-03-17
ewn.co.za	109194	2026-09-21
ewnews.com	5168	2023-02-02
ewrestlingnews.com	80712	2025-07-14
examiner.com.au	83468	2026-09-21
examiner.net	9542	2026-09-21
excelsio.net	6990	2026-09-19
exchangerates.org.uk	12962	2025-11-03
exclaim.ca	27709	2026-09-20
executivebiz.com	8858	2026-09-17
executivegov.com	9307	2026-09-19
exetertoday.ca	10216	2026-09-20
expatforum.com	5471	2026-01-22
expertclick.com	11583	2026-09-15
expertreviews.co.uk	10213	2026-09-18
exploreseiowa.com	26330	2026-03-30
explosion.com	5530	2026-09-18
express.co.uk	405151	2026-09-21
expressandstar.com	67218	2026-03-26
expressnews.com	67773	2025-08-28
extra.ie	5396	2026-03-14
extralunchmoney.com	14998	2024-09-26
extratime.com	7732	2025-09-09
extratv.com	6086	2026-09-18
extremetech.com	8332	2025-01-22
eyeonannapolis.net	17651	2026-09-21
eyeontaiwan.com	5141	2023-03-22
eyeradio.org	17089	2026-09-20
f4wonline.com	34794	2026-09-18
faceofmalawi.com	45226	2026-09-18
fairfaxtimes.com	11030	2026-09-19
fairfieldcitizenonline.com	69732	2022-03-01
fairfieldsuntimes.com	44835	2026-09-20
fairmontsentinel.com	9888	2026-09-19
fairviewpost.com	13337	2026-09-20
falkirkherald.co.uk	16511	2025-01-23
falmouthpacket.co.uk	134872	2026-09-21
famagusta-gazette.com	18052	2025-12-06
familydestinationsguide.com	9807	2026-03-19
famoushookups.com	22648	2025-04-17
fandompost.com	50583	2026-09-02
fangoria.com	7995	2026-07-30
fangraphs.com	27404	2026-09-21
fansided.com	53983	2026-09-21
fantasypros.com	7629	2025-08-19
faribaultcountyregister.com	16348	2026-09-20
fark.com	5825	2026-07-15
farmersjournal.ie	50488	2026-09-14
farminglife.com	11464	2025-01-23
farminguk.com	14632	2026-09-20
farmprogress.com	14728	2024-08-06
farmweekly.com.au	36160	2026-09-21
fastcasual.com	9555	2026-09-18
fastcompany.com	6912	2026-06-28
fauquier.com	6250	2026-09-02
fauquiernow.com	6592	2026-08-28
fayettetribune.com	6256	2026-09-16
fayobserver.com	12278	2023-09-11
faz.net	6154	2026-08-07
fbcnews.com.fj	8735	2026-03-19
fbherald.com	33804	2026-09-15
fdlreporter.com	8392	2023-09-11
feedstuffs.com	9101	2024-11-15
femalefirst.co.uk	39748	2026-09-21
femina.in	9380	2026-09-21
fenlandcitizen.co.uk	21947	2026-09-21
fermanaghherald.com	9773	2026-09-20
fftimes.com	9129	2026-09-17
fhtimes.com	13152	2026-09-20
fibre2fashion.com	15979	2026-06-02
fiercebiotech.com	5682	2026-06-16
fiercepharma.com	5647	2026-08-24
fifetoday.co.uk	14548	2025-01-23
fijilive.com	17738	2025-04-23
fijisun.com.fj	17902	2026-09-21
fijitimes.com	45574	2023-11-30
fijivillage.com	48407	2026-09-21
file770.com	21454	2026-09-21
fillmorecountyjournal.com	7828	2026-09-17
film-news.co.uk	53258	2026-09-21
filmfare.com	23771	2026-09-20
filmibeat.com	50017	2026-09-21
fin24.com	6131	2020-06-05
finance-commerce.com	15997	2026-06-03
financial-news.co.uk	12270	2026-09-20
financial-planning.com	11245	2026-09-18
financialbuzz.com	18207	2025-09-03
financialcontent.com	220509	2026-09-21
financialexpress.com	186827	2026-07-15
financialpost.com	51832	2026-09-20
financialstandard.com.au	7425	2025-01-23
finanzen.ch	37813	2026-09-21
finanzen.net	5406	2026-09-16
finanznachrichten.de	783337	2026-09-21
finchannel.com	6517	2026-09-21
finextra.com	9191	2025-12-08
fingerlakes1.com	63343	2026-09-21
finsmes.com	35430	2025-06-09
firehouse.com	7595	2026-09-20
firerescue1.com	12362	2026-09-20
firetrench.com	6866	2021-10-26
firstalert4.com	21285	2026-09-21
firstalert7.com	6191	2026-09-21
firstcoastnews.com	63319	2026-06-05
firstcomicsnews.com	20859	2026-09-19
firstlightradio.com	26626	2024-02-14
firstpost.com	146450	2026-03-17
firstshowing.net	12512	2026-09-20
fitsnews.com	6314	2026-09-19
fitzhugh.ca	40958	2025-08-29
flaglerlive.com	13908	2026-09-21
flagpole.com	6054	2026-05-20
flanews.com	6192	2025-11-07
flcourier.com	8221	2026-09-21
fleetnews.co.uk	7396	2026-07-24
fleetworld.co.uk	7142	2026-08-27
flickeringmyth.com	32919	2026-09-20
flightaware.com	9179	2026-08-13
flightglobal.com	22853	2026-09-21
floppingaces.net	14162	2026-02-11
floridanewswire.com	8804	2026-09-17
floridapolitics.com	10589	2026-04-06
floridastatesman.com	63882	2026-09-21
floridatoday.com	13611	2023-09-11
floridatrend.com	5428	2026-09-18
floridaweekly.com	16285	2026-09-21
floydct.com	16242	2026-09-20
fltimes.com	23511	2026-09-20
fluther.com	16666	2026-09-20
fly92.com	5416	2026-09-21
flyingmag.com	9565	2026-09-19
fm104.ie	17287	2026-09-20
fm96.com	8129	2026-09-20
fm99.com	6016	2026-09-21
fnarena.com	17895	2026-06-17
focusdailynews.com	7024	2026-09-20
focustaiwan.tw	61554	2026-09-21
fohonline.com	5432	2026-09-18
fonearena.com	19306	2026-09-19
fontanaheraldnews.com	11940	2026-09-17
foodandwine.com	5391	2026-02-23
foodbev.com	9786	2026-09-18
fooddive.com	7294	2026-09-20
foodista.com	14756	2026-08-05
foodmanufacture.co.uk	7675	2026-09-18
foodnavigator-usa.com	7309	2026-07-08
foodnavigator.com	7473	2026-09-21
foodsafetynews.com	5376	2026-09-20
fool.ca	50441	2026-06-04
fool.co.uk	40206	2026-05-12
fool.com	374878	2026-09-21
fool.com.au	49200	2026-06-04
football.london	13513	2023-02-02
football365.com	5098	2023-02-02
footwearnews.com	13853	2025-05-13
forbes.com	625856	2026-09-18
forbesadvocate.com.au	27399	2026-09-20
forbesindia.com	9853	2026-09-21
forcechange.com	8433	2026-09-20
forconstructionpros.com	13234	2025-12-29
ford-trucks.com	36815	2025-08-25
foreignaffairs.co.nz	50515	2025-01-23
foreignpolicy.com	17233	2026-09-21
forexcrunch.com	25697	2026-09-20
forexlive.com	77319	2025-07-19
forextv.com	134608	2025-08-05
forimmediaterelease.net	5712	2026-09-20
formula1.com	18369	2026-09-20
forsythnews.com	6994	2026-09-20
fortmcmurraytoday.com	14521	2026-09-20
fortmorgantimes.com	33034	2026-09-20
fortsaskatchewanrecord.com	15443	2026-09-21
fortune.com	46165	2026-09-21
fortworthbusiness.com	9272	2026-09-18
forward.com	24830	2026-09-03
fosters.com	9701	2023-09-11
foundry-planet.com	5224	2026-09-21
fourfourtwo.com	26158	2026-09-21
fox1023.com	18040	2026-09-16
fox10phoenix.com	92288	2026-09-21
fox10tv.com	36433	2026-09-21
fox11online.com	45525	2026-09-21
fox13memphis.com	39633	2026-09-21
fox13news.com	58873	2026-09-21
fox13now.com	36170	2026-09-21
fox13seattle.com	28146	2026-09-21
fox17.com	41056	2026-09-21
fox17online.com	64346	2026-09-21
fox19.com	38665	2026-09-21
fox21online.com	32400	2026-09-21
fox23.com	36838	2026-09-21
fox23maine.com	49120	2026-09-21
fox26houston.com	69127	2026-09-21
fox29.com	77070	2026-09-21
fox2detroit.com	55866	2026-09-20
fox2now.com	9453	2025-07-02
fox32chicago.com	90228	2026-09-21
fox34.com	28037	2026-09-21
fox35orlando.com	93869	2026-09-21
fox40.com	5235	2025-07-03
fox42kptm.com	8753	2026-09-21
fox43.com	71906	2026-06-25
fox4beaumont.com	33059	2026-09-21
fox4kc.com	7267	2025-07-02
fox4news.com	61356	2026-09-21
fox56.com	38230	2026-09-21
fox59.com	7441	2025-11-18
fox5atlanta.com	94990	2026-09-21
fox5dc.com	65372	2026-09-21
fox5ny.com	70590	2026-09-21
fox5vegas.com	24738	2026-09-21
fox61.com	63743	2026-06-06
fox6now.com	85917	2026-09-21
fox7austin.com	73905	2026-09-21
fox8.com	7734	2026-05-31
fox8live.com	31654	2026-09-21
fox8tv.com	13763	2026-09-13
fox9.com	55435	2026-09-21
fox969.com	19972	2026-09-21
foxbaltimore.com	49754	2026-09-21
foxbangor.com	61506	2026-09-20
foxbusiness.com	77225	2026-09-21
foxcarolina.com	32511	2026-09-21
foxcincinnati.com	9348	2026-09-21
foxillinois.com	29565	2026-09-17
foxla.com	69195	2026-09-21
foxnews.com	377862	2026-09-21
foxradiook.com	11447	2026-08-18
foxreno.com	32293	2026-09-21
foxrochester.com	28571	2026-09-21
foxsanantonio.com	49734	2026-09-21
foxsports.com.au	6342	2023-07-05
foxtel.com.au	12343	2026-06-23
foxwilmington.com	41212	2026-09-21
foxy99.com	14323	2026-09-19
france24.com	167191	2026-02-12
franklinfavorite.com	27586	2026-09-18
frasercoastchronicle.com.au	46313	2021-04-28
fredericknewspost.com	42040	2026-09-21
fredericksburg.com	57264	2026-09-20
freebeacon.com	20779	2026-09-20
freedom929.com	10267	2026-09-09
freedom95.us	6434	2026-08-29
freedom970.com	7979	2026-09-21
freemalaysiatoday.com	103103	2026-09-21
freep.com	46354	2024-06-25
freepressjournal.in	445206	2026-09-21
freepressseries.co.uk	92683	2026-09-21
freerepublic.com	484429	2026-09-21
freestonecountytimesonline.com	5286	2026-08-31
freethoughtblogs.com	6711	2026-09-20
freightwaves.com	6759	2026-01-21
freightweek.org	5282	2026-09-18
fremonttribune.com	72370	2026-09-21
freshfruitportal.com	9411	2026-09-18
freshplaza.com	83983	2026-09-19
fresnobee.com	5973	2024-07-17
frieze.com	5071	2026-01-28
froggy1003.com	11420	2026-09-21
froggy929.com	10680	2025-05-24
froggyweb.com	27043	2026-09-20
frontiersman.com	8569	2026-06-10
frontpageafricaonline.com	26400	2026-09-20
frontpagemag.com	21141	2026-05-29
fruitnet.com	10024	2025-09-04
ft.com	12476	2026-02-05
ft.lk	47811	2026-09-21
ftadviser.com	14970	2026-09-08
ftnnews.com	15128	2026-06-04
ftvlive.com	13148	2026-09-21
fudzilla.com	5476	2026-01-06
fukuoka-now.com	6185	2026-09-21
fultonsun.com	11853	2026-09-21
fun107.com	26868	2026-09-21
funds-europe.com	7912	2026-09-18
fundsforngos.org	24989	2026-09-16
funkytaurusmedia.com	147970	2026-09-21
furninfo.com	7158	2025-09-04
furnituretoday.com	11167	2026-06-04
futaa.com	15659	2020-11-27
futurity.org	10476	2026-09-18
fwi.co.uk	19597	2026-09-21
fwweekly.com	5764	2026-09-19
fxempire.com	10506	2026-03-09
fxstreet.com	125442	2026-03-05
gadget.co.za	7079	2026-09-18
gadgetsmagazine.com.ph	6329	2026-09-18
gadsdentimes.com	8135	2023-09-11
gainesville.com	15883	2023-09-11
gainesvilleregister.com	6897	2026-09-20
gainesvilletimes.com	11489	2026-09-21
galesburg.com	6937	2023-09-11
galusaustralis.com	7671	2020-08-18
galvnews.com	42205	2026-09-20
galwaybayfm.ie	21991	2026-09-20
gamasutra.com	12921	2022-06-24
gamenguide.com	6882	2026-09-18
gamepur.com	22146	2024-08-14
gamerant.com	134059	2026-09-21
gameranx.com	19318	2026-09-18
gamereactor.eu	24975	2026-09-20
gamerevolution.com	10471	2026-09-20
gamesindustry.biz	19403	2026-09-18
gamespot.com	45822	2026-01-20
gamesradar.com	65925	2026-09-21
gamewatcher.com	5279	2026-09-07
gamingbolt.com	19928	2026-09-20
gamingintelligence.com	5417	2026-09-18
gananoquereporter.com	40328	2026-08-29
ganggreennation.com	8477	2026-09-21
gardenandgun.com	5209	2026-09-17
garoweonline.com	7925	2026-09-20
gasgoo.com	16812	2026-09-21
gastongazette.com	9600	2023-09-11
gasworld.com	10705	2026-05-24
gator995.com	17945	2026-09-19
gattonstar.com.au	44798	2021-04-28
gaytimes.co.uk	10016	2024-05-06
gazetaexpress.com	24763	2026-08-05
gazette-news.co.uk	149371	2026-09-21
gazette.com	191071	2026-09-21
gazetteandherald.co.uk	121264	2026-09-21
gazetteherald.co.uk	146377	2026-09-21
gazettejournal.net	6383	2026-09-19
gazettelive.co.uk	93774	2026-09-21
gazettenet.com	37332	2026-09-20
gazetteseries.co.uk	118683	2026-09-21
gazettetimes.com	49378	2026-09-17
gazettextra.com	54507	2026-09-21
gbtribune.com	13186	2026-09-18
gcaptain.com	19656	2026-09-21
gcmaz.com	12980	2026-09-20
gctelegram.com	8452	2026-08-20
gdnonline.com	173955	2026-09-21
gds.ro	6100	2024-11-05
gearjunkie.com	12055	2026-08-14
geekwire.com	13044	2026-08-20
geeky-gadgets.com	48625	2026-08-25
geekzone.co.nz	7487	2026-09-21
geelongadvertiser.com.au	108629	2026-09-21
geneamusings.com	9532	2026-09-20
genengnews.com	9392	2026-06-04
geneticliteracyproject.org	10187	2026-03-20
geo.tv	156054	2026-09-21
geograph.org.uk	6215	2024-07-13
georgeherald.com	32736	2026-09-21
georgiatoday.ge	15851	2026-09-20
geosuper.tv	35537	2026-09-20
getreading.co.uk	50971	2024-05-03
getreligion.org	6582	2024-02-02
getsurrey.co.uk	90117	2026-09-21
gettysburgtimes.com	31715	2026-09-21
ggrasia.com	7764	2026-06-29
ghanafa.org	6844	2026-09-21
ghanaiantimes.com.gh	43267	2026-09-18
ghanamma.com	123031	2026-09-12
ghananewsagency.org	7849	2020-05-06
ghanavisions.com	24639	2026-09-11
ghanaweb.com	247740	2026-03-03
ghettoradio.co.ke	10007	2026-09-20
giants.com	7601	2026-09-20
gigulate.com	36126	2026-05-21
gigwise.com	5771	2026-09-19
gillettenewsrecord.com	39738	2026-09-20
gilmermirror.com	24777	2026-09-21
giornaledibrescia.it	8277	2026-04-11
girlslife.com	6666	2026-09-20
gisborneherald.co.nz	15364	2025-02-04
gisuser.com	10517	2026-09-19
github.com	10551	2026-09-21
gizbot.com	5744	2026-07-23
gizchina.com	41289	2026-09-20
gizmochina.com	11012	2026-03-19
gizmodo.co.uk	9499	2020-09-09
gizmodo.com	57169	2026-09-21
gizmodo.com.au	32551	2024-07-11
gjsentinel.com	107809	2026-09-21
gladstoneobserver.com.au	52613	2021-06-23
glamour.com	14927	2026-09-20
glamsham.com	62106	2026-09-21
glasgowtimes.co.uk	194518	2026-09-21
glasgowworld.com	9356	2025-01-23
glassonweb.com	9122	2026-09-18
gleninnesexaminer.com.au	47765	2026-09-21
glidemagazine.com	8659	2026-09-21
globalbankingandfinance.com	7320	2026-08-24
globalcapital.com	15451	2025-10-20
globalcement.com	8204	2026-09-18
globalissues.org	10256	2026-09-20
globalnews.ca	153167	2026-09-21
globalsecurity.org	148080	2026-09-21
globalsistersreport.org	6114	2026-09-19
globaltimes.cn	59417	2026-09-21
globalvoices.org	7105	2026-09-20
globegazette.com	55378	2026-09-20
globenewswire.com	285961	2025-11-14
globes.co.il	15825	2026-09-18
gloucesteradvocate.com.au	61624	2026-09-21
gloucestershirelive.co.uk	11049	2026-05-13
gloucestertimes.com	34555	2026-09-21
gmanetwork.com	22387	2026-07-19
gmatclub.com	29293	2025-11-20
gmauthority.com	17532	2025-11-18
gmenhq.com	6660	2026-09-20
gna.org.gh	11444	2026-02-22
gnnliberia.com	14180	2026-09-20
go.com	359868	2026-02-10
go955.com	17481	2024-10-08
goal.com	111252	2026-03-19
gobankingrates.com	23059	2026-09-17
gocomics.com	23592	2025-08-13
gocountry105.com	11003	2026-09-18
godanriver.com	49578	2026-09-18
goderichsignalstar.com	23255	2026-09-19
goerie.com	15023	2023-09-11
goldcoastbulletin.com.au	141462	2024-07-30
goldderby.com	20618	2026-09-21
goldseiten.de	22114	2026-03-23
golocalprov.com	16443	2026-07-21
goodereader.com	5510	2026-09-21
goodhousekeeping.com	18771	2026-09-20
goodmenproject.com	69387	2025-01-23
gopusa.com	16072	2025-01-21
gosanangelo.com	5421	2023-09-11
goshennews.com	83666	2026-09-20
goskagit.com	268162	2026-09-21
goss.ie	42574	2026-09-21
gossipcop.com	5937	2021-09-01
gothamist.com	22817	2026-09-21
goulburnpost.com.au	96780	2026-09-21
goupstate.com	13769	2026-05-17
gov.ie	5001	2026-09-18
gov.uk	111029	2026-09-21
govconwire.com	8844	2026-09-18
governing.com	14039	2026-09-21
governorswindenergycoalition.org	7090	2026-09-20
govexec.com	12467	2026-09-19
govinfosecurity.com	16224	2026-09-19
govtech.com	21125	2026-09-21
gowatertown.net	27533	2026-09-18
gpb.org	15045	2026-09-19
gponline.com	5504	2026-07-02
gq-magazine.co.uk	12771	2026-09-20
gq.co.za	5497	2026-09-20
gq.com	13024	2026-09-20
gqindia.com	9879	2026-09-20
grainews.ca	6978	2025-05-22
grandforksgazette.ca	29561	2026-09-21
grandforksherald.com	74121	2026-09-21
grandhaventribune.com	18742	2026-09-20
grandprix.com	9792	2026-09-20
grandprix247.com	19892	2026-09-20
grandrapidsmn.com	32360	2026-09-20
granthamjournal.co.uk	6444	2023-12-04
graphic.com.gh	62152	2026-09-21
gratefulweb.com	24715	2026-09-20
graziadaily.co.uk	5049	2026-02-03
grbj.com	6001	2023-04-15
greanvillepost.com	9189	2026-09-21
great98.net	10150	2022-09-19
greatbendpost.com	35815	2026-09-21
greaterbelize.com	6517	2026-09-21
greatfallstribune.com	6218	2023-09-08
greatlakesadvocate.com.au	61262	2026-09-21
greekcitytimes.com	18898	2026-03-10
greekherald.com	63785	2026-09-21
greekreporter.com	30344	2026-06-07
greeleytribune.com	38154	2026-09-21
greenbaypressgazette.com	11617	2023-09-11
greencarcongress.com	11692	2024-07-30
greenevillesun.com	20376	2026-09-21
greenfieldreporter.com	43235	2025-05-15
greenleft.org.au	8188	2026-09-20
greenocktelegraph.co.uk	129663	2026-09-21
greensboro.com	56420	2026-09-19
greensburgdailynews.com	40173	2026-09-19
greenvilleonline.com	6965	2023-09-11
greenwichfreepress.com	7145	2026-09-21
greenwichtime.com	135194	2025-06-12
grenadachronicle.com	18753	2026-09-21
grenfellrecord.com.au	26174	2026-09-16
grimsbytelegraph.co.uk	78290	2026-09-21
grmdaily.com	11485	2026-06-28
groove993.com	11369	2026-06-19
ground.news	19048	2025-01-25
groundup.org.za	8752	2026-09-21
gsmarena.com	43865	2026-09-21
guampdn.com	52063	2026-09-21
guardian-series.co.uk	98542	2026-09-21
guardian.co.tt	48503	2026-09-21
guardian.ng	78980	2026-04-05
guelphmercury.com	10222	2026-09-20
guernicamag.com	7459	2026-09-16
guernseypress.com	80314	2026-09-21
guitarworld.com	17237	2026-09-20
gulf-times.com	55737	2026-09-20
gulf104.com	21737	2026-09-20
gulfbusiness.com	19994	2026-04-03
gulfcoastmedia.com	8144	2026-09-21
gulfcoastnewsnow.com	26211	2026-09-21
gulfnews.com	197193	2026-09-21
gulftoday.ae	52129	2026-03-19
gulte.com	41775	2026-09-21
gurlstudio.com	5527	2023-02-20
gurufocus.com	19152	2026-07-11
guyanachronicle.com	6750	2020-07-23
gvnews.com	8962	2026-09-18
gwdtoday.com	125393	2025-11-04
gwhatchet.com	8767	2026-09-21
gwinnettdailypost.com	84625	2026-09-19
gx94radio.com	26970	2026-09-21
gympietimes.com.au	53769	2021-04-28
haaretz.com	65473	2026-09-21
haberler.com	9534	2026-08-25
haberx.com	6873	2025-09-08
habseyesontheprize.com	6629	2026-09-20
hackaday.com	11320	2026-09-21
hackneygazette.co.uk	30391	2026-09-21
haitilibre.com	10137	2026-09-20
haitisun.com	50519	2026-09-21
halesowennews.co.uk	142610	2026-09-21
halfwheel.com	11574	2026-09-21
halifax.citynews.ca	6698	2025-10-14
halifaxcourier.co.uk	18225	2025-01-23
haligonia.ca	5475	2026-09-19
hallmarknews.com	16479	2026-09-20
halsteadgazette.co.uk	125712	2026-09-21
hamhigh.co.uk	56718	2026-09-21
hamlethub.com	14689	2026-09-06
hamodia.com	8109	2023-02-02
hampshirechronicle.co.uk	149833	2026-09-21
hampshirereview.com	7566	2026-09-17
hancinema.net	58393	2026-09-16
hanfordsentinel.com	25791	2026-09-21
hani.co.kr	12132	2026-09-21
hannaherald.com	8932	2026-09-20
hannibal.net	11517	2026-09-20
hannity.com	16708	2026-08-05
hapakenya.com	9288	2026-09-17
hapblog.com	8337	2025-05-22
harboroughmail.co.uk	11120	2025-01-23
hardcoregamer.com	13380	2026-09-20
hardenexpress.com.au	48305	2026-09-21
hardwoodparoxysm.com	9005	2026-09-02
harnesslink.com	28250	2026-09-21
harpersbazaar.com	25301	2026-09-20
harringayonline.com	47381	2026-09-20
harrisondaily.com	22311	2026-09-20
harrogate-news.co.uk	6272	2026-09-19
harrogateadvertiser.co.uk	15619	2025-01-23
harrowtimes.co.uk	96082	2026-09-21
hartenergy.com	8026	2025-09-18
hartfordbusiness.com	21261	2026-09-18
hartfordcitynewstimes.com	37126	2026-09-16
hartlepoolmail.co.uk	13236	2025-01-23
harvard.edu	14376	2026-09-19
harwichandmanningtreestandard.co.uk	128960	2026-09-21
hauraki.co.nz	9272	2026-09-21
havanatimes.org	7018	2026-09-20
havasunews.com	37336	2026-09-21
havredailynews.com	12009	2026-07-19
hawaii.edu	8804	2026-09-20
hawaiinewsnow.com	44035	2026-09-21
hawaiipublicradio.org	26769	2026-09-19
hawaiitelegraph.com	124914	2026-09-21
hawaiitribune-herald.com	19414	2026-09-21
hawkesburygazette.com.au	56749	2025-07-28
hayspost.com	33570	2026-09-21
hazard-herald.com	28217	2026-09-20
hcamag.com	10503	2026-09-21
hccommunityjournal.com	9834	2026-09-21
hcplive.com	11811	2026-03-27
hd983.com	16151	2026-07-03
hdnews.net	6728	2026-09-01
headlineplanet.com	8757	2026-09-20
healio.com	39401	2026-09-20
health.com	6689	2026-03-17
healthcanal.com	7276	2025-02-04
healthcaredive.com	7946	2026-09-18
healthcarefinancenews.com	5465	2026-06-03
healthcareitnews.com	14929	2026-06-04
healthday.com	6707	2026-09-18
healthleadersmedia.com	15931	2026-06-30
heart.co.uk	21244	2026-09-18
heartfm.ca	13792	2026-09-18
heaven1460.com	9106	2026-09-21
heavy.com	23260	2026-06-18
hedgeweek.com	6175	2026-05-20
helenair.com	64190	2026-09-20
helihub.com	5597	2024-07-26
hellenicshippingnews.com	162654	2026-09-21
hellobeautiful.com	5523	2026-09-20
hellomagazine.com	108779	2026-09-21
helsinkitimes.fi	6565	2026-09-20
hemeltoday.co.uk	10711	2025-01-23
hendersondispatch.com	16097	2026-09-20
hendersonvillelightning.com	6421	2026-09-21
henleystandard.co.uk	11126	2026-09-18
henricocitizen.com	6437	2026-09-21
henryherald.com	63910	2026-09-19
hepburnadvocate.com.au	49900	2026-09-21
her.ie	53028	2026-06-26
herald-citizen.com	11719	2026-09-19
herald-dispatch.com	53807	2026-09-19
herald-review.com	67894	2026-09-20
herald-zeitung.com	14535	2026-09-19
herald.co.zw	61471	2025-01-23
heraldandnews.com	23113	2026-09-19
heraldbanner.com	8842	2026-09-20
heraldbulletin.com	61584	2026-09-20
heraldcourier.com	40964	2026-09-19
heralddemocrat.com	9160	2026-09-10
heraldextra.com	19798	2026-09-21
heraldglobe.com	156520	2026-09-21
heraldgoa.in	15864	2026-09-21
heraldlive.co.za	30798	2025-01-25
heraldmailmedia.com	43614	2023-09-11
heraldmalaysia.com	22801	2026-03-11
heraldnet.com	18560	2026-09-21
heraldnews.com	11208	2023-09-11
heraldpalladium.com	36705	2026-09-20
heraldscotland.com	149525	2026-09-21
heraldseries.co.uk	136309	2026-09-21
heraldstandard.com	20136	2026-09-19
heraldstaronline.com	21075	2026-09-21
heraldsun.com.au	122647	2024-07-31
heraldtribune.com	22337	2023-09-11
herefordtimes.com	69004	2026-09-21
heritage.org	39651	2026-09-11
heritagefl.com	10216	2026-09-17
hermistonherald.com	7693	2026-09-20
hertfordshiremercury.co.uk	22775	2025-11-04
hertsad.co.uk	39854	2026-09-21
hexham-courant.co.uk	130995	2026-09-21
hexus.net	6999	2025-02-25
hiawathaworldonline.com	37476	2026-09-14
hickoryrecord.com	49283	2026-09-19
hiddenremote.com	6563	2026-09-20
highlandcountypress.com	24926	2026-09-21
highlandradio.com	54804	2026-09-21
highrivertimes.com	9144	2026-09-20
highschoolot.com	5774	2026-09-20
highsnobiety.com	22140	2026-09-21
highway989.com	9766	2026-09-17
hillingdontimes.co.uk	121697	2026-09-21
hillsdale.net	5253	2023-09-11
hilltimes.com	8452	2026-09-21
hindi.cri.cn	10924	2026-09-21
hindustantimes.com	529378	2026-09-21
hiphopdx.com	39549	2026-05-18
hiphopnc.com	12196	2026-09-20
hiphopwired.com	12030	2026-09-20
hirunews.lk	7226	2026-03-05
history.com	12438	2026-09-19
historyextra.com	5386	2026-09-20
hitc.com	92543	2026-09-21
hitconsultant.net	9526	2026-09-18
hits1053sanantonio.com	7005	2026-09-20
hits96.com	18353	2026-09-18
hits973.com	10062	2026-09-21
hitsfm.net	45129	2026-09-21
hjnews.com	24688	2026-09-19
hltv.org	128348	2025-08-12
hngn.com	52104	2026-09-21
hngnews.com	44623	2026-09-21
hoganstand.com	26751	2026-09-21
hogshaven.com	10066	2026-09-21
hola.com	24660	2026-09-21
hollandsentinel.com	16685	2023-09-10
hollywoodlife.com	31576	2026-08-05
hollywoodreporter.com	72374	2026-09-21
homelandsecuritynewswire.com	9425	2026-09-19
homenewshere.com	66548	2026-09-20
homernews.com	5282	2026-09-20
hometownregister.com	117007	2026-09-21
hometownsource.com	77394	2026-09-21
hometownstation.com	24442	2026-09-21
hometownstations.com	72373	2026-09-21
hongkongherald.com	48206	2026-09-21
honisoit.com	6652	2026-09-20
honolulumagazine.com	9762	2026-09-21
hoodline.com	5815	2025-01-23
hopestandard.com	39033	2026-09-21
horseandhound.co.uk	18786	2026-09-19
hortweek.com	23116	2026-07-02
hospitalitydesign.com	5914	2026-08-17
hospitalitynet.org	56909	2026-06-29
hot101.com	10793	2026-09-21
hot1017.com	6653	2025-01-24
hot1029.com	15250	2026-09-18
hot1033.com	9540	2026-09-21
hot1047.com	28601	2026-09-21
hot105fm.com	7180	2026-09-19
hot1077radio.com	9103	2026-09-21
hot96.com	35567	2026-09-21
hot967.fm	5584	2023-03-17
hot967fm.com	26853	2026-09-21
hot969boston.com	25568	2026-09-19
hot97.com	17545	2026-09-18
hot975fm.com	17015	2026-09-19
hotair.com	93146	2026-09-21
hotaugusta.com	15356	2026-09-19
hotcountrybull.com	7573	2024-01-26
hoteliermiddleeast.com	7467	2023-03-21
hotelnewsresource.com	11419	2026-09-21
hotelscombined.com	6034	2026-09-19
hothardware.com	11901	2026-09-20
hotpress.com	16418	2026-09-20
hotspotatl.com	11216	2026-09-20
houmatoday.com	11760	2023-09-11
houseandgarden.co.uk	6478	2026-09-18
housebeautiful.com	11618	2026-09-20
housingwire.com	16920	2026-09-20
houstonchronicle.com	122357	2025-07-23
houstonherald.com	13300	2026-09-21
houstoniamag.com	5747	2026-09-19
houstonianonline.com	8925	2026-09-03
houstonpress.com	7904	2026-09-21
houstonpublicmedia.org	30147	2026-09-21
houstontexans.com	5342	2026-09-20
howestreet.com	11006	2026-08-18
howstuffworks.com	14191	2026-04-20
howtogeek.com	31659	2026-09-21
hpcwire.com	13520	2026-08-24
hpherald.com	5684	2026-09-17
hpj.com	14811	2026-09-20
hppr.org	50705	2026-09-21
hpr2.org	8519	2021-06-02
hrmagazine.co.uk	19243	2026-05-29
hrreporter.com	6878	2026-09-18
hrw.org	12074	2026-09-21
hsj.co.uk	13651	2025-09-05
htrnews.com	10229	2023-09-11
htsstlucia.org	6337	2026-09-19
htxt.co.za	12283	2026-09-18
hub-4.com	6334	2026-09-20
hubcityradio.com	8020	2026-09-20
hubspot.com	7748	2026-09-17
hucknalldispatch.co.uk	11608	2025-01-23
hudsoncountyview.com	10733	2026-09-12
hudsonreporter.com	7874	2026-04-24
hudsonstarobserver.com	6254	2026-09-21
hudsonvalley360.com	28171	2024-04-23
hudsonvalleycountry.com	44421	2026-09-21
huewire.com	25120	2026-09-16
huffingtonpost.ca	6676	2021-03-09
huffingtonpost.co.uk	41774	2026-09-20
huffpost.com	59785	2026-08-17
hulldailymail.co.uk	102961	2026-09-21
human-wrongs-watch.net	5228	2026-03-01
humanevents.com	9451	2026-09-21
humanitariannews.org	105823	2021-09-28
humanresourcesonline.net	8070	2026-09-21
humboldtjournal.ca	32771	2021-07-29
hungarytoday.hu	25124	2026-09-20
huntspost.co.uk	40614	2026-09-21
hup.hu	6526	2026-09-16
hurriyetdailynews.com	46066	2026-09-20
huskeradio.com	11885	2026-09-02
huskerstoday.com	7252	2026-09-06
hutchnews.com	11848	2023-09-10
hydrocarbonprocessing.com	13876	2026-09-18
hypebeast.com	63481	2026-02-15
hypebot.com	13135	2026-09-19
hyperallergic.com	10392	2026-09-19
i1071.com	8884	2021-04-30
i24news.tv	28182	2026-09-20
i95rock.com	15993	2026-09-20
i95rocks.com	19548	2026-09-20
iafrica.com	22529	2026-09-19
iam-media.com	5328	2026-03-21
ianslive.in	306992	2026-09-21
ibcworldnews.com	25728	2026-09-20
iberianet.com	8444	2022-06-22
iberkshires.com	37408	2026-09-21
iberonews.com	6237	2026-09-21
ibinews.com	10505	2025-09-04
ibj.com	7875	2026-09-17
ibtimes.co.in	58968	2026-09-20
ibtimes.co.uk	78678	2026-09-21
ibtimes.com	194979	2026-09-21
ibtimes.com.au	33560	2026-09-21
ibtimes.sg	7279	2026-03-16
icaew.com	8244	2026-09-18
icenews.is	10000	2026-09-20
iconnect007.com	14962	2026-06-11
icsf.net	13390	2026-09-18
idahobusinessreview.com	7707	2026-06-04
idahopress.com	80488	2026-09-21
idahostatejournal.com	95125	2026-09-21
idahostatesman.com	5302	2024-07-30
ideastream.org	19920	2026-09-20
idg.com.au	6314	2023-02-14
idiva.com	19718	2026-09-19
idrw.org	67664	2026-09-21
idsnews.com	12906	2026-09-21
ieyenews.com	17503	2026-03-17
ifa.com.au	6640	2026-06-25
ifamagazine.com	11527	2026-01-16
ifiberone.com	57438	2023-02-15
ifp.co.in	18205	2026-08-31
igamingbusiness.com	15472	2026-09-18
igberetvnews.com	7537	2025-11-26
ign.com	83235	2026-09-21
iheart.com	15459034	2026-09-21
ijpr.org	33412	2026-09-20
ijr.com	5157	2026-03-19
ilfordrecorder.co.uk	30190	2026-09-21
illawarramercury.com.au	101757	2026-09-21
illinoistimes.com	9655	2026-09-21
ilonggotechblog.com	9762	2026-09-05
ilovebobfm.com	10160	2026-09-20
iloveqatar.net	6388	2025-11-27
imemc.org	10517	2026-09-20
imore.com	27836	2025-05-23
imparcialoaxaca.mx	5071	2026-04-01
impartialreporter.com	120776	2026-09-21
imt.ie	5993	2026-09-19
in-cumbria.com	15251	2026-09-21
in.gr	6936	2026-09-19
inc.com	5320	2025-08-22
inc42.com	11305	2024-02-02
indaily.com.au	8422	2025-01-20
indcatholicnews.com	9579	2026-09-21
inddist.com	9485	2025-10-03
indeonline.com	8553	2023-09-11
independantexpress.com	14258	2026-02-17
independent.co.uk	265326	2026-09-21
independent.com	18149	2026-09-20
independent.com.mt	25070	2026-09-06
independent.ie	289738	2026-05-19
independentnews.com	25185	2026-09-20
independentsentinel.com	45911	2026-06-10
independenttribune.com	46488	2026-09-21
india.com	282169	2026-02-23
indiablooms.com	36364	2026-09-21
indiaeducationdiary.in	58583	2026-09-20
indiagazette.com	271583	2026-09-21
indiainfoline.com	12080	2026-09-18
indianagazette.com	5626	2026-03-19
indianapolisrecorder.com	5862	2026-04-02
indianautosblog.com	9032	2026-07-13
indiancooperative.com	14909	2026-09-21
indianewengland.com	28124	2026-09-19
indianexpress.com	484102	2026-07-31
indiankanoon.org	75250	2026-09-20
indiantelevision.com	24132	2025-01-23
indianweekender.co.nz	14805	2026-09-21
indiapost.com	10730	2026-09-19
indiatimes.com	2702322	2026-09-21
indiatoday.in	181286	2026-06-29
indiatvnews.com	127245	2026-07-15
indiawest.com	25524	2026-06-22
indiedb.com	15816	2025-11-16
indiewire.com	16874	2026-09-21
indonesiatribune.com	16888	2026-09-15
industrialinfo.com	10238	2026-09-19
industrytoday.co.uk	5784	2024-08-30
indysmix.com	10851	2026-09-21
indystar.com	25111	2023-09-11
indyweek.com	5238	2026-02-12
inews.co.uk	6841	2026-08-19
inewsgr.com	13519	2026-09-19
inferse.com	6299	2026-09-05
infiniteunknown.net	11693	2025-04-11
infonews.co.nz	8723	2026-09-21
inform.kz	15122	2023-09-17
informationng.com	37689	2026-09-20
informationweek.com	6959	2026-09-19
inforum.com	98146	2026-09-20
infosecurity-magazine.com	11924	2026-09-18
infotechlead.com	6974	2026-09-19
infotel.ca	204502	2026-05-01
infowars.com	37273	2025-06-05
infoworld.com	9622	2026-09-18
inlander.com	13006	2026-09-17
inlandnewstoday.com	17531	2026-09-19
inman.com	20720	2026-07-07
inmaricopa.com	9290	2026-09-21
innovationintextiles.com	5709	2026-09-18
innovationtoronto.com	12603	2025-07-14
inquirer.com	80051	2026-09-21
inquirer.net	248296	2026-09-09
inquisitr.com	72061	2025-05-14
insidebitcoins.com	25621	2026-09-21
insideclimatenews.org	5881	2026-06-23
insideedition.com	15008	2025-09-11
insideevs.com	27824	2026-09-19
insidefutbol.com	17928	2026-09-21
insidefutures.com	7921	2020-12-29
insidehalton.com	13826	2026-09-21
insidehighered.com	9322	2026-05-12
insideindianabusiness.com	21794	2026-09-19
insidelacrosse.com	6347	2024-12-01
insidenova.com	69274	2026-09-21
insideottawavalley.com	9234	2026-09-20
insidepulse.com	7024	2026-09-20
insider.com	15591	2024-01-08
insideretail.asia	9095	2026-09-21
insidermedia.com	8897	2025-01-23
insidermonkey.com	176563	2026-09-21
insidethegames.biz	24663	2024-09-13
insidetheiggles.com	7462	2026-09-20
insightnews.com	6664	2026-09-19
instinctmagazine.com	5514	2026-09-21
institutionalinvestor.com	6333	2025-12-11
instyle.com	18917	2026-03-17
insuranceage.co.uk	7973	2026-09-18
insurancebusinessmag.com	31668	2026-09-21
insuranceinsider.com	7699	2026-09-08
insurancejournal.com	73211	2026-09-21
insurancenewsnet.com	70667	2026-06-04
integra927.com	5224	2024-06-03
intelligencer.ca	52533	2026-09-21
intelligentinsurer.com	11933	2026-09-20
interest.co.nz	14854	2026-09-21
interestingengineering.com	6703	2026-03-19
interfax.com	40978	2026-03-19
interfax.com.ua	62988	2026-09-19
intergameonline.com	15693	2026-05-17
interior-news.com	28445	2026-09-21
interlochenpublicradio.org	36328	2026-09-21
international-adviser.com	8012	2026-09-17
internationaltimes.it	6010	2026-09-20
intouchweekly.com	14496	2026-09-21
intrafish.com	14994	2026-09-18
inverelltimes.com.au	56034	2026-09-21
inverness-courier.co.uk	80410	2026-09-21
investegate.co.uk	557792	2026-09-18
investing.com	84818	2026-03-26
investinglive.com	16967	2026-09-21
investingnews.com	18672	2026-09-17
investmentexecutive.com	18662	2026-08-11
investmentnews.com	16851	2026-09-21
investmentwatchblog.com	56806	2026-09-21
investmentweek.co.uk	18123	2026-09-18
investopedia.com	18705	2026-03-17
investordaily.com.au	10101	2026-06-24
investorideas.com	8359	2026-09-18
investorplace.com	21622	2026-09-18
investors.com	46994	2026-09-20
investorschronicle.co.uk	12696	2026-09-07
invezz.com	37889	2025-09-23
inyourpocket.com	5334	2026-09-05
iol.co.za	227944	2025-01-23
iomtoday.co.im	27785	2026-09-21
iowapublicradio.org	50718	2026-09-21
iowastatedaily.com	7044	2026-09-21
ipe.com	9537	2025-09-04
ipolitics.ca	10831	2025-04-24
ipowerrichmond.com	13789	2026-09-21
ippmedia.com	8175	2025-02-26
ipsnews.net	18177	2026-09-21
ipswichadvertiser.com.au	21261	2020-06-29
ipswichstar.co.uk	94774	2026-09-21
ipwatchdog.com	9328	2026-09-21
iradio.ie	8853	2026-09-18
iranherald.com	70463	2026-09-21
iranoilgas.com	7100	2026-09-20
iraq-businessnews.com	6799	2026-09-21
iraqinews.com	11997	2026-09-13
iraqsun.com	83382	2026-09-21
irasciblemusings.com	20726	2024-01-20
irishamerica.com	6788	2026-07-27
irishcentral.com	19382	2026-09-20
irishdentist.ie	6988	2026-09-21
irishecho.com	5646	2026-09-18
irishexaminer.com	123131	2026-09-21
irishmirror.ie	176391	2026-09-21
irishnews.com	86313	2026-09-21
irishsun.com	49435	2026-09-21
irishtimes.com	225612	2026-09-21
ironmountaindailynews.com	25486	2026-09-21
irrawaddy.com	10690	2025-12-09
irrigator.com.au	53891	2026-09-21
irvinetimes.com	94322	2026-09-21
islamicinvitationturkey.com	12795	2026-09-20
island.lk	54091	2026-07-27
islandpacket.com	5017	2024-07-29
islands.com	25117	2026-09-21
islingtongazette.co.uk	29830	2026-09-21
islingtontribune.co.uk	6310	2026-09-21
ispreview.co.uk	5725	2026-09-21
israelherald.com	38351	2026-09-21
israelnationalnews.com	251079	2026-09-20
israeltoday.co.il	6119	2025-04-16
isthmus.com	15940	2026-09-21
it-online.co.za	83326	2026-09-20
italian.cri.cn	11746	2026-09-21
itbrief.co.nz	14379	2026-09-21
itbusinessnet.com	163024	2026-09-19
itechpost.com	18442	2026-09-21
itemlive.com	12798	2026-09-20
itemonline.com	17994	2026-09-19
ithaca.com	6425	2026-09-20
ithacajournal.com	5125	2023-09-11
itnews.com.au	11527	2026-09-21
itnewsafrica.com	10487	2026-09-21
itnewsonline.com	131433	2026-08-10
itnonline.com	8091	2026-09-18
itp.net	8530	2023-03-21
itpro.co.uk	9219	2023-04-11
itsnicethat.com	7931	2026-09-18
itv.com	100917	2025-06-02
itweb.co.za	14806	2026-09-18
itwire.com	23515	2026-09-21
ivpressonline.com	91689	2026-09-19
iwf.org	6281	2025-09-09
iwradio.co.uk	54441	2026-09-18
j-14.com	5231	2025-08-11
jacarandafm.com	48378	2026-09-21
jacksonprogress-argus.com	67511	2026-09-21
jacksonsun.com	6477	2023-09-11
jacksonville.com	16128	2023-09-11
jacksonvilleprogress.com	10867	2026-09-20
jagonews24.com	28631	2026-04-15
jagranjosh.com	84544	2026-09-21
jaguars.com	7087	2026-09-21
jalopnik.com	26585	2026-09-21
jamaica-gleaner.com	93183	2026-09-21
jamaica-star.com	41052	2026-09-18
jamaicantimes.com	41730	2026-09-21
jamaicaobserver.com	223136	2026-09-21
jambands.com	7209	2026-09-18
jambase.com	11492	2025-12-12
jamestown.org	5241	2026-09-18
jamestownsun.com	52974	2026-09-20
janes.com	20543	2026-09-02
japanherald.com	69160	2026-09-21
japantimes.co.jp	118958	2026-09-20
japantoday.com	73935	2026-09-21
jaxdailyrecord.com	8843	2024-01-03
jaysjournal.com	5332	2026-09-20
jayski.com	6195	2025-01-18
jbhe.com	9480	2026-09-19
jckonline.com	8314	2026-09-18
jcnnewswire.com	17067	2026-09-20
jconline.com	6301	2023-09-10
jcpost.com	28170	2026-09-21
jdnews.com	13056	2026-09-20
jdsupra.com	313287	2026-07-15
jeepforum.com	5241	2026-06-11
jerseyeveningpost.com	82882	2026-09-20
jewishjournal.com	10648	2023-03-03
jewishlink.news	5362	2023-06-17
jewishpress.com	42194	2026-09-20
jewishtimes.com	5324	2026-09-18
jewishworldreview.com	8729	2026-09-21
jezebel.com	10382	2026-09-20
jg-tc.com	57184	2026-09-20
jhnewsandguide.com	18118	2026-09-20
jhu.edu	18696	2026-09-21
jns.org	33682	2026-09-20
joblo.com	39802	2026-07-30
joe.co.uk	22824	2026-04-16
joe.ie	23908	2026-04-15
johnogroat-journal.co.uk	46867	2026-09-21
johnsoncitypress.com	21521	2025-12-16
jonathanturley.org	7753	2026-09-21
joplinglobe.com	90259	2026-09-21
jordantimes.com	57776	2026-09-20
jose947.com	15323	2025-03-13
journal-advocate.com	31355	2026-09-20
journal-news.com	39167	2026-09-21
journal-news.net	28280	2026-09-21
journal-spectator.com	9839	2025-11-25
journal-topics.com	8876	2026-09-21
journal.com.ph	15196	2026-09-20
journalgazette.net	79425	2026-09-21
journalinquirer.com	22390	2023-06-03
journalism.co.uk	5507	2026-09-18
journalismpakistan.com	7368	2026-09-20
journalnow.com	73564	2026-09-20
journalpatriot.com	10449	2026-09-21
journalpioneer.com	22877	2020-11-11
journalrecord.com	37118	2026-06-03
journalreview.com	11178	2026-09-20
journalstandard.com	5432	2023-09-10
journalstar.com	111583	2026-09-21
journaltimes.com	69657	2026-09-20
jowhar.com	8344	2026-09-21
jox2fm.com	41278	2025-07-23
joxfm.com	20029	2026-09-21
joy.org.au	12258	2026-09-21
jpost.com	180213	2026-09-20
jsonline.com	32169	2023-09-11
jta.org	11234	2025-05-12
jtv.com	50641	2026-09-17
jumpradio.ca	7575	2026-09-14
juneauempire.com	8180	2026-09-20
juneesoutherncross.com.au	106658	2026-09-21
juniorminingnetwork.com	21433	2026-09-20
junkee.com	6676	2026-02-19
jurist.org	6889	2026-03-19
just-auto.com	11473	2026-09-19
just-drinks.com	7763	2026-09-18
just-food.com	9077	2026-09-18
just-style.com	9309	2026-09-18
justarsenal.com	18144	2026-09-20
justblogbaby.com	6007	2026-09-21
justice.gov	5015	2025-11-26
justiceinfo.net	9809	2026-09-19
justicenewsflash.com	7822	2026-07-14
justjared.com	612296	2026-09-21
justjaredjr.com	121471	2026-09-17
justmeans.com	17128	2023-01-06
justsecurity.org	5672	2026-09-19
juxtapoz.com	6197	2026-05-13
jweekly.com	11429	2026-09-11
jwire.com.au	13920	2026-09-10
k100country.com	5903	2026-09-20
k101fm.net	41439	2026-04-22
k1047.com	23924	2026-09-20
k105.com	12302	2026-08-31
k12.wi.us	18161	2026-09-17
k2radio.com	26558	2026-09-20
k923orlando.com	9244	2026-09-19
k945.com	38622	2026-09-21
k96fm.com	17624	2026-09-20
k985.com	5843	2020-12-09
k99.com	22690	2026-09-21
k99online.com	6541	2026-01-28
k99wigm.com	8333	2026-09-21
kaaltv.com	75975	2026-03-17
kabc.com	30343	2026-09-20
kachwanya.com	7099	2026-09-15
kacu.org	57300	2026-09-21
kafe.com	5798	2026-09-19
kagstv.com	38121	2026-06-06
kaieteurnewsonline.com	32364	2026-09-20
kait8.com	35138	2026-09-21
kajo.com	5849	2026-09-21
kake.com	51900	2026-09-21
kalb.com	17873	2026-09-20
kalw.org	49344	2026-09-21
kamcity.com	15232	2025-11-18
kamloopsbcnow.com	12496	2026-09-21
kamloopsthisweek.com	20035	2023-10-27
kansascity.com	5375	2024-07-30
kansaspublicradio.org	24329	2026-09-21
kanw.com	37966	2025-07-07
kaok.com	42000	2026-09-20
kare11.com	62042	2026-06-25
karennews.org	7342	2026-09-17
karriere.at	11037	2024-03-25
kashmirlife.net	43640	2026-09-21
kashmirreader.com	51404	2026-09-21
kashmirtimes.com	19727	2026-09-20
kashmirtimes.in	16699	2025-04-18
kasu.org	96568	2026-09-20
katc.com	47394	2026-09-01
katcountry989.com	44894	2026-09-18
katherinetimes.com.au	64328	2026-09-21
kathmandupost.com	28944	2026-09-21
katm.com	6305	2026-09-21
katsfm.com	43712	2026-09-21
katt.com	9442	2026-09-20
katu.com	44668	2026-09-21
katv.com	36802	2026-09-21
kawc.org	64211	2026-09-21
kawowo.com	7612	2026-09-21
kazu.org	68559	2026-09-20
kbat.com	28119	2026-09-20
kbcy.com	5550	2026-09-21
kber.com	8856	2026-09-21
kbew98country.com	5153	2026-09-20
kbft.org	7875	2026-09-18
kbhbradio.com	8708	2025-01-23
kbia.org	38211	2026-09-21
kbnd.com	7610	2026-09-18
kbnwnews.com	5552	2026-09-16
kboo.fm	6959	2026-09-20
kbrx.com	7764	2026-09-13
kbs.co.kr	65946	2026-09-21
kbtt.fm	20149	2026-08-31
kbtx.com	28724	2026-09-21
kbull93.com	13417	2022-09-06
kbur.com	16655	2026-09-17
kbzk.com	39698	2026-09-21
kcbd.com	31148	2026-09-21
kcbx.org	32136	2026-09-21
kcby.com	36162	2026-09-21
kcchronicle.com	7039	2023-05-01
kcci.com	85693	2026-09-21
kccu.org	58902	2026-09-20
kcentv.com	51557	2026-06-06
kcet.org	7715	2023-09-25
kchanews.com	10788	2026-09-21
kciiradio.com	24174	2026-09-21
kclr96fm.com	8843	2026-09-21
kclu.org	47468	2026-09-21
kcra.com	113641	2026-09-21
kcrg.com	37564	2026-09-21
kcrr.com	26789	2026-09-20
kcrw.com	21945	2026-01-30
kctv5.com	42778	2026-09-21
kcur.org	16552	2026-09-20
kdal610.com	12741	2025-09-30
kdat.com	46094	2026-09-20
kdhlradio.com	59590	2026-09-21
kdhnews.com	90697	2026-09-21
kdks.fm	16609	2026-08-31
kdlg.org	17369	2025-01-27
kdminer.com	6665	2026-09-21
kdramastars.com	20675	2026-09-17
kdrv.com	30093	2026-09-20
kdux.com	9746	2026-09-16
kdvr.com	6504	2026-02-17
kdwn.com	7218	2022-11-12
keanradio.com	21161	2026-09-20
kearneyhub.com	50153	2026-09-19
kecofm.com	9029	2026-09-17
kedm.org	57191	2026-09-21
keighleynews.co.uk	133404	2026-09-21
kekbfm.com	33931	2026-09-20
kelo.com	82831	2026-09-21
kelofm.com	18102	2026-09-20
kelownacapnews.com	54650	2026-09-21
kelownadailycourier.ca	61605	2026-09-21
kenoraonline.com	7083	2025-08-25
kenoshanews.com	7298	2025-08-27
kens5.com	72133	2026-06-05
kentlive.news	5708	2026-07-02
kentonline.co.uk	96547	2026-09-21
kentuckynewera.com	34796	2026-09-20
kenw.org	43168	2026-09-21
kenyan-post.com	45557	2026-09-21
kenyans.co.ke	16332	2026-03-18
kenyastar.com	69497	2026-09-21
keprtv.com	25980	2026-06-05
keralakaumudi.com	6014	2026-09-03
keranews.org	25181	2026-09-19
kerrang.com	13551	2026-08-17
kesn1033.com	9325	2020-10-06
kesq.com	82497	2026-09-21
ketchikandailynews.com	6962	2026-09-20
ketr.org	49146	2026-09-20
ketv.com	80715	2026-09-21
kevinmd.com	18014	2026-05-27
keyc.com	19179	2026-09-20
keyj.com	20847	2026-09-21
keysnews.com	50466	2026-09-20
keyt.com	104972	2026-09-21
keyw.com	25356	2026-09-21
kezi.com	28248	2026-09-21
kezj.com	22274	2026-09-20
kfdi.com	10996	2026-01-28
kfdm.com	34885	2026-09-21
kffm.com	29809	2026-09-19
kfgo.com	73427	2026-09-21
kfilradio.com	63012	2026-09-21
kfiz.com	10899	2026-09-21
kfm.co.ug	8614	2026-04-20
kfm.co.za	9754	2024-01-15
kfmx.com	31564	2026-09-21
kfor.com	7646	2026-06-11
kfox95.com	28760	2026-09-19
kfoxtv.com	40627	2026-09-21
kfqd.com	6521	2026-09-19
kfru.com	38291	2026-09-21
kfrxfm.com	17294	2026-09-16
kfvs12.com	52308	2026-09-20
kfyo.com	19341	2026-09-19
kfyrtv.com	29629	2026-09-21
kgab.com	6496	2026-03-06
kggo.com	10497	2026-09-21
kgmi.com	7909	2024-01-16
kgmo.com	7190	2026-09-11
kgns.tv	23491	2026-09-21
kgoradio.com	26604	2022-10-06
kgou.org	67782	2026-09-21
kgw.com	58192	2026-09-11
khaama.com	22833	2026-09-21
khak.com	39676	2026-09-21
khaleejtimes.com	156192	2026-09-01
khaosodenglish.com	9434	2025-01-23
khay.com	5547	2026-09-21
khit1075.com	22156	2026-09-20
khits.com	51159	2026-09-02
khmertimeskh.com	29011	2025-07-08
khop.com	10546	2026-09-21
khou.com	72508	2026-06-06
khq.com	83462	2026-09-21
khqa.com	31983	2026-09-21
kicdam.com	7503	2024-07-31
kickam1530.com	24847	2026-09-21
kickoff.com	31912	2026-09-20
kicks105.com	20928	2026-09-21
kicks1063.com	11808	2026-09-20
kicks99.com	16284	2026-09-19
kickscountry.com	5007	2026-09-12
kicksonfire.com	45793	2026-06-01
kidderminstershuttle.co.uk	115452	2026-09-21
kiiitv.com	55653	2026-06-05
kiimfm.com	6259	2026-09-20
kikn.com	32812	2026-09-21
kilburntimes.co.uk	49189	2026-09-21
kildare-nationalist.ie	56389	2026-09-20
kilgorenewsherald.com	11865	2026-09-21
kilkennypeople.ie	58431	2026-05-14
kimatv.com	28907	2026-06-06
kimberleybulletin.com	29830	2026-09-21
kimt.com	58534	2026-09-20
kincardinenews.com	21695	2026-08-29
king5.com	67787	2026-06-05
kingdomfm.co.uk	18364	2025-01-03
kingfm.com	36114	2026-09-20
kingfut.com	10235	2026-09-21
kingstonthisweek.com	36695	2026-03-26
kinja.com	15310	2026-04-27
kink.fm	5479	2026-09-15
kinston.com	7670	2026-09-19
kion546.com	5562	2025-08-21
kios.org	47564	2026-08-15
kiow.com	16042	2026-09-21
kiplinger.com	15397	2026-09-20
kirksvilledailyexpress.com	8879	2026-09-21
kiro7.com	65624	2026-09-21
kism.com	9750	2026-09-20
kiss-1031.com	9238	2026-09-20
kiss951.com	30374	2026-09-18
kisscasper.com	25100	2026-09-21
kissfm969.com	25801	2026-09-21
kissrocks.com	8174	2026-09-21
kisswtlz.com	21938	2026-09-17
kitchener.citynews.ca	6837	2025-01-26
kitchener.ctvnews.ca	24550	2025-01-23
kitchenertoday.com	6824	2021-10-17
kitco.com	27808	2026-09-19
kitguru.net	21949	2026-09-20
kitsapsun.com	5916	2023-09-11
kitv.com	59665	2026-09-21
kivitv.com	7643	2026-03-19
kiwaradio.com	13943	2026-09-20
kiwiblog.co.nz	9179	2026-09-21
kix106.com	6046	2026-09-21
kix953.com	14886	2026-09-16
kix96.com	6023	2026-09-21
kixi.com	9341	2026-09-18
kixs.com	19556	2026-09-21
kixweb.com	7543	2026-09-21
kizn.com	6981	2026-09-21
kjas.com	11113	2026-09-20
kjct8.com	21012	2026-09-20
kjlhradio.com	6755	2026-09-19
kjmo.com	7596	2025-03-17
kjo1055.com	5505	2026-09-09
kjrh.com	18704	2026-09-19
kjzz.org	39877	2026-09-21
kkco11news.com	12355	2026-09-20
kkfm.com	13366	2026-09-20
kkgb.com	17894	2026-09-21
kkiq.com	16170	2026-09-18
kkoh.com	75549	2026-09-20
kkrv.com	14783	2026-09-03
kktv.com	25895	2026-09-21
kkyr.com	24854	2026-09-20
kkyx.com	7337	2026-09-18
klake.com	8869	2024-02-15
klaq.com	29285	2026-09-21
klaw.com	26670	2026-09-20
klcc.org	94282	2026-09-21
klce.com	5932	2024-08-29
klewtv.com	26166	2026-06-06
klif.com	79554	2026-09-21
klik1240.com	31383	2024-10-16
klin.com	15309	2026-09-21
klkl.fm	21081	2026-08-10
klkntv.com	37949	2026-09-21
klll.com	9024	2026-09-18
klove.com	5142	2026-09-21
klrc.com	5194	2026-09-21
kltv.com	34606	2026-09-21
klur.com	6178	2026-09-21
klyq.com	6235	2025-03-12
kmaj1440.com	110719	2026-09-21
kmaland.com	30103	2026-09-21
kmbc.com	80335	2026-09-21
kmch.com	12216	2026-09-20
kmfm.co.uk	8810	2026-09-20
kmhk.com	18705	2026-09-21
kmit.com	5169	2026-09-18
kmjnow.com	71200	2026-09-21
kmmo.com	22521	2026-09-11
kmmsam.com	12957	2026-09-19
kmov.com	18034	2023-12-04
kmuw.org	46816	2026-09-21
kmvt.com	19000	2026-09-21
kmxs.com	7566	2026-08-19
kmxt.org	18833	2026-09-21
knac.com	17926	2026-09-20
knau.org	42710	2026-09-21
knbr.com	14484	2025-05-22
knco.com	7410	2026-08-03
kneb.com	8538	2021-03-30
knek.com	20353	2026-09-21
kniakrls.com	48473	2026-04-10
knoe.com	31355	2026-09-21
knopnews2.com	23830	2026-09-21
knoxnews.com	11024	2023-09-11
knoxradio.com	13930	2026-09-18
knpr.org	71658	2026-09-20
knsiradio.com	19734	2026-09-20
knue.com	35760	2026-09-21
knzr.com	12841	2026-05-14
koaa.com	52322	2026-09-21
koamnewsnow.com	31183	2026-09-20
koat.com	64906	2026-09-21
kob.com	133301	2026-09-21
kobi5.com	25089	2026-09-20
koco.com	89111	2026-09-21
kodiakdailymirror.com	6735	2026-09-16
koel.com	25551	2026-09-18
kogt.com	7377	2026-09-21
koimoi.com	72412	2026-08-24
koka.am	21820	2026-09-17
kokomoperspective.com	42673	2023-11-03
kokomotribune.com	60351	2026-09-20
kold.com	42835	2026-09-21
kolotv.com	30016	2026-09-20
komando.com	10084	2026-09-20
komonews.com	37468	2026-09-21
komu.com	52591	2026-09-21
kono1011.com	9599	2026-09-20
kool1017.com	34707	2026-09-20
kool1079.com	30150	2026-09-20
kool965.com	18974	2026-09-19
kool973.com	5266	2026-08-26
kool98.com	7322	2026-09-18
koolam.com	11490	2026-09-20
koolfmabilene.com	20291	2026-09-20
kopsource.com	65646	2024-11-23
koreabizwire.com	47083	2026-02-12
koreabridge.net	5246	2026-09-20
koreaherald.com	137472	2026-09-21
korean.cri.cn	8996	2026-09-21
koreatimes.co.kr	121590	2026-09-21
koreatimesus.com	6498	2025-07-18
kosu.org	32665	2026-05-09
kotaku.com	20077	2026-09-20
kotaku.com.au	19087	2026-09-16
kotaradio.com	8989	2026-09-20
kotatv.com	22874	2026-09-21
kowb1290.com	14383	2026-09-20
koxe.com	13540	2026-09-20
koze.com	10136	2026-09-20
kpax.com	46032	2026-09-21
kpbs.org	52918	2026-09-21
kpcnews.com	67931	2026-09-19
kpcw.org	39112	2026-09-21
kpel965.com	36646	2026-09-20
kpfa.org	13881	2026-09-21
kphrfm.com	11971	2026-09-20
kpic.com	39030	2026-09-21
kpla.com	9421	2026-09-21
kplctv.com	39865	2026-09-21
kpopstarz.com	22736	2026-09-16
kpq.com	15014	2026-09-20
kprs.com	8796	2026-09-19
kptv.com	32555	2026-09-21
kpvi.com	56747	2026-09-19
kqky.com	10095	2026-04-28
kqvt.com	14706	2026-09-21
kqxy.com	10517	2026-09-21
krcgtv.com	39882	2026-09-21
krcoam.com	5925	2022-04-05
krcrtv.com	46011	2026-09-21
krcu.org	68030	2026-09-21
krdo.com	111462	2026-09-21
krem.com	51326	2026-06-26
krforadio.com	54340	2026-09-20
krgv.com	64776	2026-09-21
kristv.com	39271	2026-09-21
krmg.com	32821	2026-09-21
krmsradio.com	5755	2026-09-20
krna.com	28275	2026-09-20
krnb.com	15787	2026-09-21
krny.com	11617	2026-09-18
kroc.com	42330	2026-09-21
krock.com.au	7483	2026-09-21
krock1017fm.com	5079	2021-05-15
krocnews.com	15703	2026-09-20
krod.com	17654	2026-09-18
krqe.com	5338	2025-11-18
krro.com	26410	2026-09-21
krrq.com	20657	2026-09-20
krrvonline.com	13517	2026-09-21
krtv.com	35484	2026-09-21
krvn.com	7917	2021-02-12
krvs.org	25519	2026-09-21
krwg.org	53289	2026-09-21
ks95.com	15133	2026-09-21
ksal.com	12052	2026-09-20
ksam1017.com	7071	2026-09-20
ksat.com	167016	2026-09-21
ksbw.com	64708	2026-09-21
ksby.com	56270	2026-09-21
kscj.com	9056	2026-09-20
ksdk.com	66285	2026-06-06
ksenam.com	14043	2026-09-21
ksfa860.com	14544	2026-09-19
ksfr.org	6645	2026-09-21
ksgf.com	12566	2026-05-23
kshb.com	47234	2026-09-21
kshe95.com	10061	2026-09-21
ksisradio.com	18963	2026-09-20
ksjbam.com	6250	2026-09-05
ksks.com	10876	2026-09-21
ksl.com	141696	2026-09-21
ksla.com	35010	2026-09-21
kslx.com	7583	2026-09-18
ksmb.com	20211	2026-09-21
ksmu.org	90871	2026-09-21
ksnblocal4.com	19121	2026-09-21
ksnt.com	7165	2025-07-16
ksoo.com	5993	2021-08-01
kspr.com	11386	2020-07-08
ksro.com	23115	2025-09-15
kstp.com	59468	2026-03-19
ksusentinel.com	36224	2026-06-19
ksut.org	39287	2026-09-21
kswo.com	27925	2026-09-21
ksyl.com	28784	2026-08-28
ktar.com	56303	2026-06-03
ktbb.com	49150	2026-09-21
ktbs.com	100402	2026-09-21
ktcx.com	6232	2026-09-20
kten.com	51477	2026-09-21
ktep.org	42722	2026-09-21
ktgl.com	8621	2026-09-16
kticradio.com	7000	2021-05-28
ktik.com	8415	2026-09-21
ktiv.com	38370	2026-09-21
ktla.com	8210	2025-05-28
ktlo.com	37245	2026-08-18
ktnv.com	6090	2026-03-18
ktop1490.com	83068	2026-09-21
ktre.com	22801	2026-09-21
ktsa.com	19609	2026-09-21
kttn.com	17326	2025-11-10
ktts.com	11047	2025-11-23
ktucam.com	9209	2023-08-24
ktul.com	41109	2026-09-21
ktuu.com	8725	2020-07-16
ktvb.com	59027	2026-06-06
ktvh.com	31853	2026-09-21
ktvl.com	5932	2026-09-19
ktvo.com	29324	2026-09-21
ktvq.com	34154	2026-09-21
ktvu.com	66746	2026-09-21
ktvz.com	151799	2026-09-21
ktwb.com	8242	2026-09-17
ktxs.com	34736	2026-09-21
ku.edu	6760	2026-09-18
kuaf.com	48595	2026-09-20
kuam.com	24726	2026-04-30
kucb.org	8870	2026-09-19
kuenselonline.com	10191	2026-09-01
kuer.org	17304	2026-09-21
kugn.com	65466	2026-08-18
kuic.com	14953	2026-09-20
kulr8.com	69528	2026-09-19
kuna.net.kw	50048	2026-02-25
kunc.org	53643	2026-09-20
kunm.org	39051	2026-09-21
kunr.org	28182	2026-09-21
kuow.org	33160	2026-09-21
kurv.com	25607	2026-09-18
kusi.com	21626	2024-01-30
kut.org	13681	2026-09-21
kutx.org	5322	2026-09-20
kuvo.org	10280	2026-09-17
kuwaittimes.com	10873	2025-01-27
kuwaittimes.net	15352	2022-01-04
kuzz.com	6304	2026-09-20
kval.com	41884	2026-09-21
kvia.com	125286	2026-09-21
kvmr.org	8631	2026-09-21
kvnf.org	56066	2026-09-21
kvoa.com	48374	2026-09-21
kvoo.com	8055	2020-12-07
kvor.com	81306	2026-09-20
kvpionline.com	15874	2026-09-03
kvpr.org	36110	2026-09-21
kvrr.com	24979	2026-09-21
kvue.com	62654	2026-06-25
kw3.com	13850	2026-09-21
kwayradio.com	6768	2026-09-18
kwbu.org	79096	2026-09-20
kwcdcountry.com	11425	2026-09-21
kwch.com	29608	2026-09-21
kwhl.com	5406	2026-09-18
kwin.com	23243	2026-09-20
kwiq.com	8481	2026-08-26
kwit.org	75677	2026-09-21
kwqc.com	31828	2026-09-21
kwsn.com	22384	2026-09-21
kwtx.com	26891	2026-09-21
kwwl.com	6192	2026-03-17
kwxx.com	11544	2026-09-21
kx947.fm	6713	2026-09-20
kxel.com	62630	2026-09-21
kxii.com	18006	2026-09-21
kxkx.com	25353	2026-09-20
kxl.com	22718	2026-09-21
kxlf.com	38553	2026-09-21
kxlh.com	32338	2026-09-21
kxly.com	109303	2026-09-21
kxly920.com	17275	2026-09-21
kxrb.com	33385	2026-09-21
kxxv.com	53997	2026-09-21
kxzz1580am.com	8657	2022-01-03
ky3.com	53946	2026-09-21
kygl.com	22143	2026-09-20
kyis.com	10132	2026-09-20
kyivpost.com	68201	2026-09-21
kykz.com	5664	2026-09-20
kyma.com	59204	2026-09-20
kynt1450.com	15023	2026-09-21
kyodonews.net	22856	2026-09-18
kysdc.com	14324	2026-09-21
kyssfm.com	31825	2026-09-21
kyuk.org	27267	2026-09-21
kztv10.com	26732	2026-09-21
kzyx.org	48204	2026-09-21
labelsandlabeling.com	9341	2026-04-07
labmate-online.com	7410	2025-08-07
labusinessjournal.com	6295	2026-09-16
lacrossetribune.com	124182	2026-09-20
ladailypost.com	24766	2026-09-21
ladunliadinews.com	8588	2025-07-28
ladysmithchronicle.com	34662	2026-09-21
lagazzettadelmezzogiorno.it	8032	2026-08-25
lagrandeobserver.com	13407	2026-09-20
lagrangenews.com	6723	2026-08-29
lagunabeachindy.com	5081	2026-09-19
lahainanews.com	5423	2026-09-21
laineygossip.com	14304	2026-09-18
laist.com	39530	2026-09-20
lajollalight.com	5593	2024-06-12
lakeexpo.com	8219	2026-09-19
lakegenevanews.net	29877	2026-09-20
lakelandtimes.com	5153	2026-09-18
lakenewsonline.com	11015	2026-09-21
lakersnation.com	16018	2026-09-20
lakeshoreadvance.com	23458	2026-09-19
lakeshowlife.com	6322	2026-09-21
lamag.com	10565	2026-09-19
lancashiretelegraph.co.uk	218391	2026-09-21
lancasterfarming.com	10287	2026-09-20
lancasterguardian.co.uk	14852	2025-01-23
lancasteronline.com	98226	2026-09-21
lanereport.com	5189	2026-09-18
lankabusinessonline.com	5421	2026-09-20
lankanewspapers.com	7196	2026-09-21
lankaweb.com	16328	2026-09-20
lansingstatejournal.com	8274	2023-09-11
laois-nationalist.ie	57611	2026-09-20
laosnews.net	98618	2026-09-21
laprensalatina.com	37186	2026-05-11
laramieboomerang.com	5085	2021-02-04
larouchepub.com	5037	2026-09-16
lasentinel.net	12449	2025-08-23
lasvegassun.com	104380	2026-09-14
lasvegasweekly.com	7731	2026-09-20
latestly.com	108148	2025-01-27
latimes.com	186932	2026-09-21
latinamericanpost.com	11312	2026-09-20
latinfinance.com	12271	2026-09-18
latinnews.com	5453	2025-09-15
latinpost.com	19974	2026-09-10
latintimes.com	29770	2026-09-20
latpro.com	42075	2023-03-23
laughingplace.com	17999	2026-09-21
law360.com	149347	2026-09-21
lawandcrime.com	6285	2026-03-17
lawfuel.com	5535	2026-09-20
lawgazette.co.uk	18504	2025-09-05
lawofficer.com	10557	2026-09-16
lawstreetmedia.com	8738	2026-09-17
lawyersweekly.com.au	11922	2026-09-20
lbc.co.uk	79430	2026-09-21
lbcgroup.tv	7553	2026-07-13
lbpost.com	13915	2026-09-19
lcsun-news.com	11231	2023-09-11
leaderherald.com	10592	2023-10-24
leaderlive.co.uk	184499	2026-09-21
leaderpost.com	66111	2026-09-21
leadership.ng	104844	2026-09-21
leadertelegram.com	58037	2026-09-21
leamingtonobserver.co.uk	14603	2026-09-20
leavenworthtimes.com	9908	2026-08-30
lebanon-express.com	21448	2023-04-25
lebanondemocrat.com	82528	2026-09-20
ledburyreporter.co.uk	109277	2026-09-21
ledgertranscript.com	15693	2026-09-20
leducrep.com	16665	2026-09-21
leftfootforward.org	5928	2026-09-20
legalinsurrection.com	17099	2026-09-21
legallyindia.com	24572	2026-09-21
legalnewsline.com	16873	2026-09-21
legit.ng	17884	2026-03-19
legitgov.org	12593	2026-09-21
lehighacrescitizen.com	5504	2026-09-19
lehighvalleylive.com	48122	2026-02-23
leicestermercury.co.uk	118686	2026-09-21
leighjournal.co.uk	99788	2026-09-21
leightonbuzzardonline.co.uk	9193	2025-01-23
leinsterexpress.ie	59110	2026-05-12
leinsterleader.ie	62211	2026-05-12
leitrimobserver.ie	49217	2026-05-14
lelezard.com	35745	2026-06-02
lemonde.fr	9061	2026-04-15
lenconnect.com	10474	2023-09-11
lendio.com	8488	2023-07-02
lep.co.uk	26299	2025-01-23
lestimes.com	7462	2026-09-17
lethbridgeherald.com	65316	2026-09-21
letsrecycle.com	6185	2026-09-18
letsrun.com	12170	2026-06-01
lewistownsentinel.com	15707	2026-09-21
lewrockwell.com	31823	2026-06-04
lex18.com	38429	2026-09-21
lexch.com	23192	2026-09-21
lexology.com	31975	2026-07-15
lfpress.com	25281	2026-09-21
lgbtqnation.com	8913	2026-06-21
lgcplus.com	9989	2026-09-18
libcom.org	5255	2026-09-20
liberianobserver.com	17361	2026-09-21
libertyballers.com	8144	2026-09-18
libn.com	11056	2026-06-03
librivox.org	8637	2026-09-21
lichfieldlive.co.uk	14727	2026-09-21
lifeandstylemag.com	11887	2026-09-19
lifehacker.com	21816	2026-09-21
lifehacker.com.au	22827	2024-10-09
lifenews.com	18317	2026-09-20
lightreading.com	19194	2026-09-19
liherald.com	7559	2026-09-20
liliputing.com	5086	2026-07-22
lillooetnews.net	17763	2020-08-18
limaohio.com	35794	2025-04-15
limerickleader.ie	62755	2026-05-27
limerickpost.ie	12993	2026-09-20
lincolnshireworld.com	14183	2025-01-23
lincolntimesnews.com	5047	2026-09-19
listenupyall.com	7799	2026-09-19
listverse.com	14449	2026-09-21
lite96.com	5798	2024-02-21
lite987.com	28922	2026-09-21
liteonline.com	23228	2026-09-21
literock959.com	22060	2025-03-27
literock969.com	8820	2022-04-18
lithgowmercury.com.au	48468	2026-09-21
littleapplepost.com	25347	2026-09-21
littlehamptongazette.co.uk	6387	2022-02-10
live.com	16087	2020-11-21
live5news.com	39312	2026-09-20
live955.com	10710	2026-09-11
live959.com	13587	2026-09-19
live95fm.ie	17852	2026-09-20
livecharts.co.uk	15455	2026-09-18
livejournal.com	96616	2026-09-21
livelaw.in	76918	2026-09-21
liveleak.com	5908	2021-05-30
livemint.com	231829	2026-09-21
livenews.co.nz	50962	2026-09-21
liverpoolecho.co.uk	216681	2026-09-21
liverpoolfc.com	13222	2026-09-20
livesaildie.com	9784	2026-09-21
livescience.com	17156	2026-09-20
ljworld.com	16636	2026-09-20
lloydslist.com	6574	2025-08-26
lmfm.ie	16595	2026-09-20
lmtonline.com	181735	2026-06-22
lmtribune.com	48465	2026-08-30
lobotero.com	7202	2026-09-20
local10.com	137231	2026-09-21
local12.com	37596	2026-09-21
local21news.com	42902	2026-09-21
local3news.com	49271	2026-09-20
localberkshire.co.uk	9988	2023-03-07
localgov.co.uk	12361	2026-09-18
localmatters.co.nz	6241	2026-09-20
localmemphis.com	55339	2026-06-06
localnews8.com	156381	2026-09-21
lockhaven.com	24812	2026-09-19
lockportjournal.com	24989	2026-09-19
locusmag.com	8767	2025-07-17
lodinews.com	7945	2026-09-19
loeildelaphotographie.com	9555	2025-04-10
loganbanner.com	6517	2026-09-19
logandaily.com	5416	2026-09-19
logisticsmanager.com	5814	2026-09-18
lohud.com	10472	2023-09-11
lombardiave.com	5887	2026-09-21
lompocrecord.com	29543	2026-09-21
london-now.co.uk	18694	2026-09-21
london.ctvnews.ca	22226	2025-01-23
londonlovesbusiness.com	27264	2026-09-20
londonmercury.com	35410	2026-09-21
londontheatre1.com	6342	2026-09-19
lonestar995fm.com	31422	2026-09-21
lonestarball.com	8107	2026-09-20
longbeachstar.com	28882	2024-09-21
longfordleader.ie	53948	2026-05-15
longisland.com	24225	2026-09-21
longislandpress.com	15375	2026-09-20
loopjamaica.com	16567	2021-05-20
loopnews.com	14595	2024-07-21
lordsofpain.net	6837	2020-04-18
losaltosonline.com	7334	2026-09-20
lostcoastoutpost.com	14413	2026-09-20
loudountimes.com	8384	2026-09-20
loudwire.com	20915	2026-09-21
louisianaradionetwork.com	9312	2026-09-20
louisianarecord.com	5312	2025-05-20
lovefm.com	8507	2026-09-19
lovinmalta.com	7683	2026-03-19
lowellsun.com	26893	2026-09-21
lowkickmma.com	24511	2026-09-21
lowvelder.co.za	20975	2023-08-31
lpheralddispatch.com	9536	2026-09-19
lrt.lt	17041	2026-09-20
lse.co.uk	94388	2025-01-23
lsionline.com	14800	2025-11-17
ltn.com.tw	15868	2026-09-20
lubbockonline.com	11096	2023-09-11
ludlowadvertiser.co.uk	126529	2026-09-21
lufkindailynews.com	34552	2026-09-21
lusakatimes.com	16334	2026-03-19
lutontoday.co.uk	13300	2025-01-23
luxtimes.lu	9904	2025-07-21
luxurytravelmagazine.com	12812	2026-09-20
lvb.com	8186	2026-06-04
lynnnews.co.uk	38336	2026-09-21
macaubusiness.com	15766	2025-08-13
macaudailytimes.com.mo	19057	2026-09-21
macdailynews.com	7162	2026-09-19
macleayargus.com.au	66996	2026-09-21
macmegasite.com	8764	2026-01-29
macobserver.com	5646	2025-08-19
macombdaily.com	39982	2026-09-21
macrobusiness.com.au	30285	2026-09-21
macrumors.com	6929	2026-09-14
mactech.com	12647	2026-09-19
macupdate.com	11803	2026-09-20
macworld.com	9307	2026-09-20
madamenoire.com	11366	2026-09-20
madinamerica.com	9957	2026-09-20
madison.com	123325	2026-09-19
madisonrecord.com	9887	2025-05-21
madrock1025.com	29494	2026-09-16
magic1021.com	10155	2026-09-21
magic1029fm.com	10196	2026-09-21
magic106.com	8660	2026-09-21
magic1073fm.com	9152	2026-09-21
magic93fm.com	10473	2026-09-20
magic943fm.com	5114	2026-09-21
magic983.com	18448	2026-09-21
magicbricks.com	8898	2026-09-20
magicvalley.com	79091	2026-09-19
magnoliareporter.com	24795	2026-09-20
mailtimes.com.au	41921	2026-09-21
mailtribune.com	10799	2023-06-01
mainebiz.biz	15700	2026-09-19
mainemirror.com	16645	2026-09-21
mainepublic.org	14418	2026-03-18
mainichi.jp	15566	2026-09-18
mainlinemedianews.com	30596	2026-09-20
mainstreetnews.com	6432	2026-09-20
maitlandmercury.com.au	110844	2026-09-21
makeuseof.com	24586	2026-09-21
malawi24.com	15362	2026-09-21
malawivoice.com	13028	2026-09-20
malaya.com.ph	31133	2026-04-22
malaymail.com	104909	2026-03-19
malaysiakini.com	77754	2026-09-21
malaysiasun.com	68695	2026-09-21
maldivesindependent.com	7084	2026-09-21
maldonandburnhamstandard.co.uk	128975	2026-09-21
malibutimes.com	5615	2026-09-14
maltatoday.com.mt	38916	2026-03-12
malverngazette.co.uk	118592	2026-09-21
mamamia.com.au	29374	2026-09-21
managingmadrid.com	13029	2026-09-21
manchestereveningnews.co.uk	267785	2026-09-21
manchesterjournal.com	12291	2026-09-19
mandurahmail.com.au	73765	2026-09-21
mangalorean.com	55653	2026-09-21
manicapost.co.zw	6458	2025-01-22
manilametro.com	5842	2024-07-24
manilastandard.net	10136	2026-03-18
manilatimes.net	384701	2026-09-17
manitobacooperator.ca	10030	2026-09-20
mankatofreepress.com	96809	2026-09-21
manningrivertimes.com.au	86248	2026-09-21
mansfieldnewsjournal.com	7976	2023-09-11
mantecabulletin.com	9308	2026-09-19
manufacturing.net	21568	2025-10-02
manutd.com	13965	2026-05-04
manxradio.com	22075	2026-09-20
mapleridgenews.com	32910	2026-09-21
maravipost.com	26044	2026-09-20
marca.com	7042	2026-05-24
marcellusdrilling.com	15107	2026-09-18
marconews.com	5934	2023-09-11
mareeg.com	8100	2026-08-11
margaretrivermail.com.au	37228	2025-08-20
marieclaire.co.uk	16123	2026-09-21
marieclaire.com	24096	2026-09-20
mariettatimes.com	19196	2026-09-21
marinecorpstimes.com	8019	2026-09-20
marinelink.com	29867	2026-09-20
marinelog.com	9329	2025-11-20
marinetechnologynews.com	7352	2026-09-18
marinij.com	34334	2026-09-21
maritime-executive.com	32872	2026-09-21
maritimeprofessional.com	6096	2026-09-18
marketbusinessnews.com	19698	2026-09-21
marketing-interactive.com	15352	2026-09-21
marketplace.org	12718	2026-09-19
marketpulse.com	11947	2026-09-17
marketrealist.com	8617	2026-09-18
markets.co	5867	2022-01-09
marketscreener.com	999061	2026-05-18
marketswired.com	5202	2025-01-04
marketwatch.com	422152	2026-08-27
marklevinshow.com	9995	2026-09-19
marshallindependent.com	17983	2026-09-19
marshfieldnewsherald.com	8584	2023-09-11
marthastewart.com	11116	2026-03-17
martinsvillebulletin.com	35858	2026-09-19
maryland.gov	8194	2026-09-21
marylandreporter.com	6678	2026-06-04
maryvilleforum.com	20314	2024-11-15
masala.com	18108	2024-07-13
mashable.com	49169	2026-09-21
massachusettsnewswire.com	7163	2026-09-18
massachusettssun.com	45136	2026-09-21
massdevice.com	8486	2026-02-21
masslawyersweekly.com	19316	2026-06-04
masslive.com	108215	2026-02-23
mathrubhumi.com	5608	2026-06-23
matr.net	6990	2026-09-21
mauinews.com	20820	2026-09-20
mauinow.com	16629	2026-09-21
maurice-info.mu	9338	2026-09-20
mavsmoneyball.com	7185	2026-09-20
max94one.com	23669	2026-09-20
maximumfun.org	6635	2026-09-19
mayerthorpefreelancer.com	15791	2026-09-21
mayonews.ie	20592	2026-05-21
mb.com.ph	182277	2026-09-07
mbcradio.com	6190	2026-09-20
mbtmag.com	18138	2025-09-17
mcalesternews.com	17298	2026-09-21
mcall.com	81548	2026-09-21
mccookgazette.com	5109	2026-08-29
mcdonoughvoice.com	5718	2023-09-10
mcdowellnews.com	39515	2026-09-20
mcknights.com	8837	2026-03-11
mcphersonsentinel.com	6037	2026-08-21
mdislander.com	9879	2026-09-17
mdjonline.com	145486	2026-09-20
meadvilletribune.com	42925	2026-09-19
meathchronicle.ie	45364	2026-09-20
meaww.com	20365	2026-03-17
medafricatimes.com	6723	2026-09-20
medcitynews.com	14343	2026-09-21
mediaforfreedom.com	5275	2026-04-27
mediaite.com	85279	2026-09-21
mediamatters.org	15169	2026-09-18
medianama.com	11883	2026-09-21
mediapost.com	25495	2026-09-20
medicaldaily.com	9858	2026-09-20
medicalnewstoday.com	5573	2026-09-20
medicalxpress.com	141329	2026-01-29
medicinehatnews.com	74536	2026-09-21
medindia.net	39307	2026-08-18
medium.com	145786	2026-08-03
medpagetoday.com	25044	2025-01-28
medscape.com	49322	2026-09-19
meed.com	24454	2026-09-18
mega979.com	7011	2026-09-21
mega993online.com	29859	2026-09-21
melfortjournal.com	10437	2026-07-04
meltontimes.co.uk	8291	2025-01-23
memphisflyer.com	7206	2026-09-18
memphissun.com	105743	2026-09-21
memri.org	9885	2025-04-22
menafn.com	973875	2026-03-10
mendocinobeacon.com	16324	2026-09-20
menshealth.com	30707	2026-09-21
mensxp.com	27910	2026-09-21
mentalfloss.com	14986	2026-09-21
meobserver.org	5527	2026-07-14
mercopress.com	23213	2026-09-21
mercurynews.com	84192	2026-09-21
meridianstar.com	36537	2026-09-16
merimbulanewsweekly.com.au	72778	2026-09-21
mesabitribune.com	54732	2026-09-20
messagemedia.co	12085	2026-09-20
messenger-inquirer.com	86265	2026-09-21
messenger.com.ge	6028	2026-09-21
messengernews.net	13664	2026-09-19
messengernewspapers.co.uk	146620	2026-09-21
metal.com	22333	2026-09-20
metalunderground.com	14768	2026-09-19
metro.co.uk	153486	2026-09-21
metro.us	86034	2025-11-03
metrojacksonville.com	12354	2026-09-20
metrotimes.com	12133	2026-05-14
metroweekly.com	6707	2026-09-21
metrowestdailynews.com	10026	2023-09-11
metv.com	11199	2026-09-21
metvmall.com	12496	2026-06-06
mexicoledger.com	8178	2026-09-20
mexiconewsdaily.com	6811	2026-03-15
mexicostar.com	66619	2026-09-21
mg.co.za	30966	2026-09-21
mgoblog.com	14877	2025-08-28
miamiherald.com	8780	2024-07-31
miaminewtimes.com	8911	2026-09-20
miamistudent.net	5514	2026-09-20
miamitimesonline.com	8970	2026-09-21
michigan.gov	5321	2023-02-02
michigandaily.com	7753	2026-09-21
michiganradio.org	23666	2024-01-10
michigansthumb.com	78149	2026-06-22
mid-day.com	100176	2026-09-21
middle-east-online.com	7120	2026-09-21
middleeasteye.net	49765	2026-09-21
middleeastmonitor.com	78381	2026-09-21
middleeaststar.com	118349	2026-09-21
middlenecknews.com	5545	2026-09-21
middletownpress.com	123670	2026-04-21
midhurstandpetworth.co.uk	5526	2022-02-10
midmichigannow.com	37053	2026-09-21
midnorthmonitor.com	50005	2026-09-21
midsussextimes.co.uk	5984	2022-02-10
midutahradio.com	17137	2026-09-20
midweekherald.co.uk	36521	2026-09-21
midwestradio.ie	25742	2026-09-21
mihomepaper.com	12568	2026-03-04
milawyersweekly.com	9157	2026-06-03
milb.com	5020	2026-09-20
milehighreport.com	12949	2026-09-21
milforddailynews.com	8053	2023-09-07
milfordmercury.co.uk	92570	2026-09-21
milfordmirror.com	59636	2025-06-14
military.com	34285	2026-09-20
militarytimes.com	13965	2026-09-20
miltonkeynes.co.uk	14120	2025-01-23
milwaukeesun.com	47080	2026-09-21
mindat.org	13155	2025-01-23
minicassia.com	6201	2024-03-21
mining-journal.com	7397	2026-05-26
mining-technology.com	11101	2026-09-18
mining.com	48240	2026-09-20
mininggazette.com	11140	2026-09-20
miningjournal.net	22825	2026-09-19
miningmx.com	7338	2026-09-18
miningnews.net	11257	2026-05-26
miningweekly.com	49632	2026-09-18
minnlawyer.com	7668	2026-06-04
minnpost.com	9379	2026-09-19
minotdailynews.com	18476	2026-09-20
miragenews.com	640086	2026-09-21
mirror.co.uk	704103	2026-09-21
mis-asia.com	10393	2026-08-25
mishpacha.com	8500	2026-09-20
missioncityrecord.com	43220	2026-09-21
missionlocal.org	7468	2026-09-21
mississauga.com	8017	2026-09-20
mississippivalleypublishing.com	23599	2026-09-19
missoulian.com	135466	2026-09-20
missourinet.com	8104	2026-07-25
mit.edu	10326	2026-09-18
mitchelladvocate.com	23160	2026-09-19
mitchellrepublic.com	32056	2026-09-20
mix100.com	5922	2026-09-19
mix1005.fm	24062	2026-09-03
mix100lubbock.com	15922	2026-09-21
mix103.com	10070	2026-09-21
mix1043fm.com	28709	2026-09-21
mix1069.com	15160	2026-09-20
mix106radio.com	25730	2026-09-20
mix108.com	35982	2026-09-21
mix929.com	24663	2026-09-21
mix931fm.com	30857	2026-09-19
mix941.com	21175	2026-09-19
mix941kmxj.com	20266	2026-09-20
mix949.com	27806	2026-09-20
mix957.net	8804	2024-01-04
mix957gr.com	20677	2026-09-15
mix965tulsa.com	6755	2025-10-22
mix979fm.com	13543	2024-04-26
mix987.com	9456	2026-09-21
mixx993.com	17875	2026-09-21
mizzima.com	20944	2025-01-23
mlb.com	78671	2026-09-21
mlbtraderumors.com	57765	2026-09-21
mlive.com	129535	2026-02-23
mmafighting.com	27764	2026-09-21
mmamania.com	25690	2026-09-20
mmanews.com	16189	2026-04-22
mmegi.bw	7192	2026-09-21
mmm-online.com	5524	2026-09-18
mnnonline.org	5029	2026-09-16
mobihealthnews.com	6860	2026-06-03
mobilesyrup.com	21228	2026-09-18
mobileworldlive.com	12275	2026-03-03
mobilitytechzone.com	5977	2024-09-17
mobypicture.com	32801	2023-10-03
moddb.com	38275	2025-11-16
model-engineer.co.uk	20639	2026-09-19
modernghana.com	172805	2026-07-20
modernhealthcare.com	11836	2026-06-18
modernreaders.com	462461	2025-04-18
moelane.com	11594	2025-07-17
mohavedailynews.com	14278	2026-09-21
mojo1029.com	11727	2026-09-20
moldpres.md	9534	2025-01-14
monacolife.net	5789	2026-09-19
mondaq.com	133129	2026-09-19
mondovisione.com	33622	2026-01-14
mondoweiss.net	7443	2026-09-18
moneycontrol.com	458701	2026-09-21
moneylife.in	22371	2026-09-21
moneymanagement.com.au	13351	2026-06-24
moneymarketing.co.uk	24424	2026-09-18
moneytalksnews.com	12323	2026-09-20
moneyweb.co.za	37490	2024-04-02
moneyweek.com	9680	2026-09-20
mongabay.com	10549	2026-09-21
monitor.co.ug	71515	2026-04-22
monocle.com	6142	2026-09-21
monroenews.com	13644	2023-09-11
monstersandcritics.com	55350	2025-10-02
montanarightnow.com	63718	2026-09-20
montereycountyweekly.com	13791	2026-07-09
montereyherald.com	13197	2026-09-20
montgomery-herald.com	6187	2025-05-20
montgomeryadvertiser.com	8465	2023-09-11
montgomerynews.com	6458	2021-09-28
montreal.ctvnews.ca	32918	2025-01-23
montrealgazette.com	43298	2026-09-21
montrosepress.com	15985	2026-09-20
mooseradio.com	14681	2026-09-20
moreechampion.com.au	61210	2026-09-21
morganton.com	34835	2026-09-18
morning-times.com	36468	2026-09-18
morningadvertiser.co.uk	9866	2026-09-18
morningjournal.com	50938	2026-09-20
morningjournalnews.com	22091	2026-09-20
morningstar.com	106264	2026-09-21
morningstaronline.co.uk	42610	2026-09-21
morningsun.net	65955	2026-09-18
moroccoworldnews.com	19126	2026-09-19
mortgageintroducer.com	8340	2022-03-18
mortgagenewsdaily.com	8126	2026-09-19
mortgagesolutions.co.uk	14994	2026-09-18
mortgagestrategy.co.uk	23979	2026-09-18
morungexpress.com	76308	2026-09-20
mothership.sg	13261	2025-03-10
motor1.com	21474	2026-09-21
motorcyclenews.com	26745	2026-09-20
motorsport.com	23599	2026-08-27
moultonadvertiser.com	16691	2026-09-17
moultrieobserver.com	15929	2026-09-18
mountaineagle.com	10086	2026-09-21
mountvernonnews.com	10954	2026-08-31
mouthshut.com	5626	2026-09-08
movieweb.com	84025	2026-09-21
mpamag.com	7935	2026-09-18
mpnews.com.au	5193	2026-09-19
mpnnow.com	10032	2023-09-11
mprnews.org	27510	2026-09-21
mrt.com	64966	2026-06-22
mrtopstep.com	18821	2024-11-22
mscnews.net	6136	2026-09-20
msn.com	2860431	2023-06-23
msnbc.com	74323	2026-08-25
msu.edu	5030	2026-09-20
mtairynews.com	6114	2026-09-21
mtdemocrat.com	28203	2026-09-21
mtexpress.com	11744	2026-09-19
mtlblog.com	7366	2026-09-20
mtpr.org	18054	2026-09-19
mtstandard.com	60441	2026-09-19
mudgeeguardian.com.au	53537	2026-09-21
multifamilybiz.com	6169	2026-09-18
mumbrella.com.au	23789	2025-11-20
murfreesboropost.com	6340	2023-03-01
murrayledger.com	10781	2026-09-21
muscatdaily.com	20213	2026-09-20
muscatinejournal.com	107355	2026-09-20
music-news.com	20555	2025-12-16
musicrow.com	7500	2026-07-30
musketfire.com	7628	2026-09-20
muskogeephoenix.com	22397	2026-09-18
muskokaregion.com	8273	2026-09-20
muswellbrookchronicle.com.au	71625	2026-09-21
mv-voice.com	11281	2026-09-21
mvariety.com	31816	2026-09-21
mvtimes.com	18532	2026-09-18
mwnation.com	18862	2026-09-20
mxdwn.com	6930	2026-09-20
my1035.com	12399	2026-09-21
my40.tv	7419	2022-01-31
my957.com	6801	2026-09-18
my9nj.com	6231	2026-09-18
myalbertlea.com	12521	2026-06-08
myalgomamanitoulinnow.com	5735	2026-06-03
myanmarmuslim.net	18759	2024-11-05
myanmarnews.net	59531	2026-09-21
myaustinminnesota.com	20340	2025-06-14
myb106.com	27712	2026-09-19
mybeachradio.com	20323	2024-04-01
mybroadband.co.za	6013	2022-09-28
mycariboonow.com	9471	2026-06-04
mycentraljersey.com	12905	2023-09-11
mycentralnebraska.com	36913	2026-09-18
mycentraloregon.com	50216	2026-09-19
mycolumbuspower.com	13582	2026-09-21
mycountry955.com	31279	2026-09-20
mycouriertribune.com	7801	2024-10-05
mycowichanvalleynow.com	8504	2026-06-03
myeasternshoremd.com	11939	2026-09-18
myedmondsnews.com	20239	2026-06-15
myfox28columbus.com	41653	2026-09-21
myfox8.com	5960	2025-08-29
myheraldreview.com	9725	2026-01-16
myhorrynews.com	9525	2026-09-19
myiowainfo.com	17053	2026-05-01
myjournalcourier.com	67919	2026-06-22
myjournals.org	7241	2023-08-26
myjoyonline.com	111154	2026-03-19
myk104.com	8323	2026-09-21
mykiss1031.com	25447	2026-09-19
mykisscountry937.com	34536	2026-09-21
myklgr.com	21278	2026-09-17
mykxlg.com	87467	2026-09-21
myleaderpaper.com	35127	2026-09-21
mylloydminsternow.com	5646	2026-06-03
mylondon.news	6998	2026-08-18
mymagic106.com	6458	2026-09-21
mymagic949.com	9372	2026-09-18
mymagicgr.com	8906	2024-04-29
mymajic933.com	6402	2026-08-18
mymcmedia.org	13034	2026-09-19
mymix1061.com	15802	2026-09-21
mymixfm.com	38627	2026-09-21
mymmanews.com	9204	2026-09-20
mymoinfo.com	20247	2026-09-19
mymotherlode.com	180482	2026-09-21
mymuskokanow.com	6585	2026-06-01
mynbc5.com	74650	2026-09-21
myneworleans.com	10078	2026-09-18
mynews13.com	9608	2026-08-27
mynews4.com	35160	2026-09-21
mynewsla.com	69354	2026-09-21
mynorthbaynow.com	5340	2026-06-04
mynorthwest.com	220475	2026-07-20
mynspr.org	47008	2026-09-21
myozarksonline.com	17393	2026-09-18
myplainview.com	49460	2026-06-22
myprincegeorgenow.com	13790	2026-06-04
myq105.com	15991	2026-09-20
myq1075.com	20987	2026-09-21
myqcountry.com	12619	2026-09-15
myrecordjournal.com	12869	2023-12-30
mysailing.com.au	6385	2026-09-20
mysanantonio.com	83417	2025-11-18
myspiritfm.com	10258	2026-09-20
mystar98.com	20673	2026-09-21
mysteinbach.ca	10548	2026-09-21
mysteriousuniverse.org	10575	2026-09-18
mystratfordnow.com	7047	2026-06-03
mysuncoast.com	35231	2026-09-21
mytimminsnow.com	5104	2026-06-03
myuscountry.com	17621	2026-06-08
mywebtimes.com	8503	2023-05-01
n4g.com	34448	2026-08-29
naftemporiki.gr	8188	2026-09-21
nagalandpost.com	49549	2026-06-08
nagariknetwork.com	28805	2026-03-16
nagpurtoday.in	17510	2026-08-14
naharnet.com	90689	2026-09-20
naija247news.com	61684	2026-09-20
naijanews.com	10997	2026-09-06
nairaland.com	77881	2025-07-26
nairametrics.com	12220	2026-03-04
nairobiwire.com	14774	2026-09-21
nakedcapitalism.com	12570	2026-09-20
namibian.com.na	32791	2026-09-20
namibiansun.com	22434	2026-09-21
nampa.org	44517	2024-11-08
nanaimobulletin.com	33332	2026-09-21
nancyonnorwalk.com	5525	2026-09-21
nantonnews.com	8423	2026-09-20
napaneeguide.com	41076	2026-09-21
napaneetoday.ca	10272	2026-09-20
napavalleyregister.com	69467	2026-09-20
naplesnews.com	11875	2023-09-11
naroomanewsonline.com.au	73026	2026-09-21
narrominenewsonline.com.au	46333	2026-09-21
nasa.gov	8543	2026-09-18
nasdaq.com	55635	2026-09-09
nashfm100.com	5824	2026-09-21
nashfm1025.com	5817	2026-08-06
nashvilleherald.com	102730	2026-09-21
nashvillepost.com	14292	2026-09-16
nashvillescene.com	12079	2026-09-18
nation.africa	39719	2026-09-15
nation.co.ke	29367	2022-02-18
nation.com.pk	11096	2022-06-06
nation.sc	32141	2026-09-18
nationalaccordnewspaper.com	54321	2026-08-16
nationalgeographic.com	11075	2026-09-20
nationalheraldindia.com	6988	2026-03-15
nationalhogfarmer.com	5929	2025-01-21
nationalinterest.org	48930	2026-01-29
nationalmemo.com	10390	2026-09-21
nationalmortgagenews.com	14804	2026-09-18
nationalmortgageprofessional.com	6336	2025-01-22
nationalnetworkonline.com	5413	2026-09-21
nationalobserver.com	21303	2026-07-14
nationalpost.com	54678	2026-09-21
nationalreview.com	12378	2021-07-27
nationaltribune.com.au	8043	2025-01-27
nationnews.com	31450	2026-09-20
nationofchange.org	6473	2026-03-18
nationthailand.com	16496	2026-03-16
natlawreview.com	119151	2026-09-21
naturalgasintel.com	18656	2026-07-15
naturalgasworld.com	12123	2025-02-26
naturalnews.com	65533	2026-09-20
nature.com	37441	2026-09-19
natureworldnews.com	18095	2026-09-19
naval-technology.com	7016	2026-09-18
naveenbharat.in	7607	2022-04-24
navhindtimes.in	33069	2026-09-20
navy.mil	6855	2025-03-06
navytimes.com	10488	2026-09-20
nba.com	18601	2026-03-18
nbc-2.com	55163	2025-02-05
nbc.com	6506	2026-09-19
nbc11news.com	9500	2023-12-14
nbc12.com	30170	2023-12-14
nbc15.com	19997	2023-12-14
nbc16.com	41999	2026-09-21
nbc24.com	8605	2026-09-20
nbc29.com	16840	2023-12-14
nbcbayarea.com	124121	2026-09-21
nbcboston.com	5342	2026-06-04
nbcchicago.com	145911	2026-09-21
nbcconnecticut.com	163088	2026-09-21
nbcdfw.com	143608	2026-09-21
nbclosangeles.com	141079	2026-09-21
nbcmiami.com	116207	2026-09-21
nbcmontana.com	46024	2026-09-21
nbcnews.com	183672	2026-09-21
nbcnewyork.com	140184	2026-09-21
nbcphiladelphia.com	142967	2026-09-21
nbcrightnow.com	53082	2026-09-19
nbcsandiego.com	116995	2026-09-21
nbcsvg.com	9727	2026-09-18
nbcwashington.com	93146	2026-09-21
nbnnews.com.au	29691	2026-09-18
nbr.co.nz	26841	2026-09-21
ncadvertiser.com	56294	2025-10-26
nclawyersweekly.com	7647	2026-06-03
ncnewsonline.com	57577	2026-09-19
ncpa.org	6802	2026-09-19
ncr-iran.org	8525	2026-09-21
ncregister.com	20073	2026-09-20
ncronline.org	16624	2025-10-08
ncspin.com	5199	2026-09-18
ndtv.com	342023	2025-05-26
nebraska.tv	35536	2026-09-21
necn.com	82611	2025-02-13
nehandaradio.com	14223	2026-09-20
neindia.com	7195	2026-09-20
neonnettle.com	10439	2022-07-30
neoskosmos.com	21347	2026-09-21
neowin.net	47848	2025-11-08
nepalnational.com	103067	2026-09-21
nerdist.com	18966	2026-09-21
nesn.com	37396	2026-09-21
netflixlife.com	5946	2026-09-20
netindian.in	5818	2025-08-21
netnewsledger.com	20643	2026-09-20
netscape.com	176949	2026-09-21
netsdaily.com	7338	2026-09-21
netwerk24.com	10158	2025-01-22
networkworld.com	7813	2026-09-18
neurologyadvisor.com	9596	2026-09-18
nevadaappeal.com	12575	2025-09-05
nevadabusiness.com	7568	2026-09-18
nevadanewsandviews.com	6547	2026-09-17
neveitalia.it	11740	2026-03-07
newagebd.net	23289	2025-05-26
newarab.com	9672	2025-09-21
newarkadvertiser.co.uk	34483	2026-09-21
newarkadvocate.com	6177	2023-09-11
newarkpostonline.com	5219	2026-09-19
newbernsj.com	11754	2026-09-20
newburyportnews.com	30066	2026-09-21
newburytoday.co.uk	28878	2026-09-21
newbusinessethiopia.com	13981	2026-09-01
newcanaanite.com	7875	2026-09-21
newcastleherald.com.au	154313	2026-09-21
newcivilengineer.com	14304	2026-09-21
newcountry991.com	6309	2022-04-29
newdelhitimes.com	68313	2026-09-16
newegg.com	26317	2026-09-21
newelectronics.co.uk	12266	2026-06-05
newfoodmagazine.com	5975	2026-03-31
newhamrecorder.co.uk	29836	2026-09-21
newhavenindependent.org	11731	2026-09-20
newidea.com.au	14521	2026-09-21
newindianexpress.com	151592	2026-09-21
newjerseyhills.com	40499	2026-09-19
newjerseytelegraph.com	116501	2026-09-21
newkerala.com	245592	2026-09-17
newmilfordspectrum.com	51343	2022-03-01
newnigerianpolitics.com	5405	2026-08-13
neworleanscitybusiness.com	16544	2026-06-03
neworleanssun.com	58801	2026-09-21
newportri.com	6992	2023-09-08
newrepublic.com	24121	2026-09-20
newrock1041.fm	7175	2026-07-07
news-daily.com	80998	2026-09-20
news-expressky.com	27122	2026-09-19
news-gazette.com	128873	2026-09-21
news-herald.com	52847	2026-09-21
news-journal.com	9560	2026-09-20
news-journalonline.com	17642	2023-09-11
news-leader.com	8165	2023-09-11
news-mail.com.au	44484	2021-04-28
news-medical.net	104619	2026-09-21
news-press.com	12874	2023-09-11
news-star.com	10622	2026-09-20
news.am	93926	2026-09-10
news.az	54993	2026-09-21
news.cn	13336	2022-04-14
news.com.au	91981	2024-07-30
news.err.ee	23415	2022-10-20
news.statetimes.in	7534	2020-06-12
news.tuoitre.vn	12097	2026-09-21
news12.com	74095	2026-09-21
news18.com	268439	2026-03-17
news24.com	168001	2026-09-21
news3lv.com	49182	2026-09-21
news4jax.com	160570	2026-09-21
news4sanantonio.com	51317	2026-09-21
news5cleveland.com	6019	2026-03-18
news8000.com	92373	2026-09-21
news9.com	78150	2026-09-21
news957.com	48715	2021-10-17
newsadvance.com	47294	2026-09-20
newsandsentinel.com	23722	2026-09-21
newsandstar.co.uk	192270	2026-09-21
newsandtribune.com	26628	2026-09-20
newsargus.com	25949	2026-09-20
newsbiscuit.com	6272	2026-09-20
newsblogged.com	5602	2026-05-27
newsbreak.com	10798	2025-12-06
newsbtc.com	36913	2026-09-21
newsbug.info	11163	2026-09-20
newsbusters.org	89748	2026-09-21
newsbytes.ph	5857	2026-09-20
newscenter1.tv	34522	2026-09-20
newscentermaine.com	38963	2026-03-19
newscentralasia.net	8649	2026-09-21
newschannel10.com	23277	2026-09-21
newschannel20.com	29091	2026-09-21
newschannel5.com	53340	2026-09-20
newschannel6now.com	24414	2026-09-21
newschannel9.com	42164	2026-09-21
newschannelnebraska.com	13127	2025-03-22
newschief.com	8585	2023-09-11
newscientist.com	17668	2026-09-19
newsdakota.com	21324	2026-09-16
newsday.co.tt	85766	2026-09-21
newsday.co.zw	30511	2026-08-20
newsday.com	105928	2026-09-21
newsdzezimbabwe.co.uk	7676	2025-12-25
newser.com	78428	2026-09-21
newsfirst.lk	12470	2026-03-19
newsghana.com.gh	84231	2026-08-06
newsherald.com	14695	2023-09-11
newshub.co.nz	18541	2024-07-04
newsincyprus.com	12862	2025-01-27
newsindiatimes.com	14663	2026-09-21
newsitem.com	27819	2026-09-21
newslaundry.com	5710	2026-09-21
newsleader.com	5481	2023-09-11
newsletter.co.uk	32306	2025-01-23
newsmakers.pk	22261	2026-09-20
newsmax.com	59273	2024-07-30
newsminer.com	34497	2026-09-20
newsnation.in	8047	2020-04-07
newsnationnow.com	6205	2025-12-25
newsnationtv.com	27052	2025-10-19
newsnow.co.uk	11476	2026-09-17
newsofbahrain.com	10103	2026-03-05
newson6.com	78999	2026-09-21
newsonair.com	29094	2021-11-26
newsone.com	9240	2026-09-20
newsonjapan.com	27067	2026-09-20
newsoptimist.ca	37573	2021-07-29
newspressnow.com	73737	2026-09-21
newsradio1029.com	75144	2026-09-21
newsradio1310.com	19413	2026-09-19
newsradio1440.com	23058	2025-03-17
newsradioklbj.com	7338	2026-09-19
newsregister.com	13745	2026-09-20
newsroompanama.com	13245	2026-09-21
newsshopper.co.uk	125902	2026-09-21
newstalk.com	45810	2026-09-21
newstalk1030.com	44646	2026-09-21
newstalk1280.com	25411	2026-09-19
newstalk1290.com	18886	2026-09-18
newstalk870.am	21392	2026-09-21
newstalkkgvo.com	16585	2026-09-21
newstalkkit.com	20001	2026-09-20
newstalkzb.co.nz	64957	2026-09-21
newstatesman.com	27889	2026-09-20
newstimes.com	131966	2025-06-12
newstoday.com.bd	12801	2021-01-24
newstodaynet.com	34170	2026-09-21
newstracklive.com	7310	2025-07-05
newstrib.com	7242	2023-05-01
newstribune.com	49691	2026-09-21
newsviewsnreviews.com	5466	2019-11-13
newswatchman.com	5318	2026-09-20
newsweek.com	291345	2026-09-21
newswest9.com	42241	2026-06-26
newswire.ca	22464	2026-09-20
newswire.net	5083	2026-09-20
newswiretoday.com	29039	2026-09-18
newswise.com	42636	2026-09-21
newswit.com	11960	2026-09-18
newsx.com	64943	2026-09-21
newsy.com	19898	2023-01-04
newtelegraphng.com	6479	2026-03-19
newtimesslo.com	8622	2026-09-17
newtoncountytimes.com	12143	2026-09-17
newtondailynews.com	7184	2026-09-21
newtownbee.com	14123	2026-09-19
newvision.co.ug	16765	2026-09-21
newwestrecord.ca	69228	2025-08-01
newyorker.com	17032	2026-09-20
newyorkstatesman.com	51817	2026-09-21
newyorktelegraph.com	179528	2026-09-21
newzealandstar.com	52283	2026-09-21
newzimbabwe.com	34751	2026-09-21
nextbigfuture.com	6476	2026-09-20
nextbigwhat.com	8753	2026-09-15
nextshark.com	11452	2026-09-17
nfl.com	9180	2026-03-18
nflspinzone.com	5208	2026-09-20
nhbr.com	7171	2026-09-17
nhk.or.jp	17436	2026-07-08
nhl.com	22373	2026-03-19
nhpbs.org	21267	2026-09-20
nhpr.org	28259	2026-09-20
nhregister.com	170718	2026-09-10
niagara-gazette.com	27768	2026-09-19
niagarafallsreview.ca	86465	2026-09-21
niagarathisweek.com	10801	2026-09-20
nichegamer.com	14191	2026-09-15
nigerianbulletin.com	9228	2026-07-01
nigerianeye.com	68105	2026-09-20
nigerianobservernews.com	14708	2026-09-20
nigerianpilot.com	7331	2020-10-27
nigeriasun.com	86514	2026-09-21
nih.gov	6203	2026-09-12
nikkei.com	17179	2026-09-21
nine.com.au	11530	2026-07-07
ninernoise.com	5962	2026-09-21
ninersnation.com	15870	2026-09-21
nintendoeverything.com	13117	2026-09-21
nintendolife.com	35154	2026-09-20
nintendoworldreport.com	16035	2026-09-21
nipawinjournal.com	10212	2026-06-28
niyitabiti.net	5586	2023-01-29
nj.com	120944	2026-02-23
nj1015.com	54176	2026-09-21
njbiz.com	17043	2026-06-04
njherald.com	11636	2023-09-11
nknews.org	11058	2026-09-21
nkytribune.com	10134	2026-03-11
nltimes.nl	23682	2026-09-20
nme.com	60874	2026-09-20
nmpoliticalreport.com	5524	2026-09-18
nna-leb.gov.lb	16290	2023-10-07
nny360.com	63749	2026-09-01
noise11.com	14753	2026-09-21
nola.com	81296	2026-09-21
nonpareilonline.com	59239	2026-09-18
noodls.com	5116	2025-05-02
noosanews.com.au	45618	2021-04-28
noozhawk.com	41908	2026-09-21
norfolkandtillsonburgnews.com	43489	2026-06-22
norfolkdailynews.com	33226	2026-09-21
norfolktoday.ca	10987	2026-09-21
normantranscript.com	25798	2026-09-21
northafricapost.com	13664	2026-09-20
northamptonchron.co.uk	23233	2025-01-23
northantstelegraph.co.uk	18240	2025-01-23
northbaynipissing.com	6966	2026-09-21
northcentralpa.com	35181	2026-09-21
northcoastcitizen.com	5728	2025-09-25
northcoastjournal.com	13192	2026-09-19
northcountrynow.com	67978	2026-09-21
northcountrypublicradio.org	56390	2026-09-21
northdenvernews.com	5881	2026-09-17
northdevongazette.co.uk	9532	2026-05-20
northeasttoday.in	16114	2026-09-21
northern-times.co.uk	46362	2026-09-20
northerndailyleader.com.au	105770	2026-09-21
northernirelandnews.com	19738	2024-12-03
northernirelandworld.com	23257	2025-01-23
northernminer.com	8663	2026-09-19
northernnews.ca	51995	2026-09-21
northernpublicradio.org	59768	2026-09-20
northernstar.com.au	43139	2021-04-28
northernstar.info	7165	2026-09-21
northernvirginiamag.com	5551	2026-09-18
northescambia.com	19462	2026-09-21
northfortmyersneighbor.com	6392	2026-09-19
northislandgazette.com	31818	2026-09-20
northjersey.com	17610	2023-09-11
northkoreatimes.com	35660	2026-09-21
northplattebulletin.com	6178	2026-09-21
northqueenslandregister.com.au	31324	2026-09-21
northsomersettimes.co.uk	34912	2026-09-21
northumberlandgazette.co.uk	17505	2025-01-23
northumberlandnews.com	7261	2026-09-21
northwaleschronicle.co.uk	107996	2026-09-21
northwalespioneer.co.uk	111450	2026-09-21
northwestgeorgianews.com	145518	2026-09-20
northwestmoinfo.com	24628	2026-09-18
northwestsignal.net	41293	2026-09-21
northweststar.com.au	62895	2026-09-21
northwichguardian.co.uk	127655	2026-09-21
norwichbulletin.com	8631	2023-09-11
nottinghampost.com	125047	2026-09-21
nova.ie	26839	2026-09-21
novinite.com	67679	2026-09-20
nowgrenada.com	6496	2026-09-19
nownews.com	14527	2022-10-31
nowtoronto.com	18392	2026-07-30
npr.org	142412	2026-09-21
nptelegraph.com	45626	2026-09-18
nrl.com	13699	2026-09-21
nrn.com	15917	2026-09-18
nrq.com	6092	2026-09-16
nrtoday.com	28277	2026-09-18
nsnews.com	74129	2026-09-21
nst.com.my	19661	2025-09-22
ntnews.com.au	51861	2024-07-22
ntv.co.ug	23965	2026-09-20
nuclear-news.net	19482	2026-09-21
nugget.ca	63520	2026-09-21
nujournal.com	14429	2026-09-19
numberfire.com	17288	2025-10-21
nurseryworld.co.uk	5910	2026-06-19
nursingtimes.net	10447	2026-09-21
nutraingredients-usa.com	6370	2025-10-15
nutraingredients.com	7662	2026-09-21
nvdaily.com	72834	2026-09-21
nvi.com.au	49087	2026-09-21
nwaonline.com	82406	2026-09-21
nwasianweekly.com	5589	2025-12-21
nwemail.co.uk	173773	2026-09-21
nwfdailynews.com	15489	2023-09-11
nwherald.com	10392	2023-05-01
nwitimes.com	107330	2026-09-20
ny1.com	5132	2026-04-22
nyasatimes.com	26177	2026-09-20
nydailynews.com	156128	2026-09-21
nylon.com	5485	2026-09-18
nymag.com	12179	2026-09-19
nynganobserver.com.au	46583	2026-09-21
nyoooz.com	21755	2026-09-16
nypost.com	255209	2026-09-21
nystateofpolitics.com	15919	2026-09-19
nysun.com	20863	2026-08-14
nytimes.com	289189	2026-09-21
nzcity.co.nz	277054	2026-09-21
nzdoctor.co.nz	20626	2026-09-21
nzherald.co.nz	307299	2026-09-21
oakdaleleader.com	7612	2026-09-17
oakridger.com	9789	2023-09-11
oann.com	71151	2026-09-21
oanow.com	32857	2026-09-19
oaoa.com	38684	2025-05-15
obantimes.co.uk	12192	2024-01-25
oberonreview.com.au	50249	2026-09-21
obj.ca	10681	2026-09-19
obozrevatel.com	40531	2025-03-05
obrag.org	7824	2026-09-20
observer-reporter.com	22141	2026-09-21
observer.com	9019	2026-09-19
observer.ug	34705	2026-09-21
observertoday.com	26355	2026-09-20
oc-breeze.com	12900	2023-04-02
ocala.com	12103	2023-09-11
ocbj.com	6246	2026-09-19
oceanfm.ie	15529	2026-09-21
ocj.com	10036	2026-09-20
ocregister.com	78052	2026-09-21
odnako.org	27205	2026-09-21
odt.co.nz	60981	2026-09-21
odwyerpr.com	11622	2026-09-18
oed.com	5123	2026-09-21
oedigital.com	18437	2026-09-18
offalyexpress.ie	62753	2026-05-12
offalyindependent.ie	41193	2026-09-21
officer.com	7360	2026-09-18
offshore-energy.biz	10861	2025-01-22
offshore-technology.com	10990	2026-09-18
ofm.co.za	18883	2026-09-20
og979.com	21908	2026-05-15
ohiostandard.com	43091	2026-09-21
ohsonline.com	5410	2026-09-19
oilandgas360.com	17439	2026-09-11
oilcity.news	6882	2025-04-03
oilprice.com	43974	2026-09-21
oilvoice.com	10120	2020-12-14
oireachtas.ie	10243	2026-09-18
ojaivalleynews.com	11178	2026-09-20
ok.co.uk	128433	2026-09-20
okaz.com.sa	10961	2026-09-21
okcfox.com	39015	2026-09-21
okgazette.com	5500	2026-09-20
oklahomacitysun.com	38434	2026-09-21
oklahoman.com	55294	2023-09-11
oklahomastar.com	22201	2026-09-21
okotoksonline.com	15052	2026-09-20
okotokstoday.ca	8948	2023-03-29
oldham-chronicle.co.uk	12944	2026-09-20
oleantimesherald.com	86957	2026-09-20
omaha.com	179781	2026-09-20
omakchronicle.com	14797	2026-09-19
omanobserver.om	38318	2026-09-21
ominecaexpress.com	26896	2026-09-20
on3.com	5021	2026-03-19
onclive.com	16070	2026-01-16
oncologynurseadvisor.com	6257	2026-09-18
onegreenplanet.org	32759	2026-09-18
oneidadispatch.com	36522	2026-09-20
oneindia.com	62799	2026-09-21
onenewsnow.com	10704	2021-08-10
onenewspage.com	286687	2026-09-21
onlineathens.com	9456	2023-09-11
onlinenigeria.com	70549	2025-03-25
onlineopinion.com.au	9433	2026-09-21
onthewater.com	5702	2026-09-18
onthewight.com	16560	2026-09-20
onwardstate.com	12690	2026-09-21
opalesque.com	5446	2026-09-20
opb.org	7713	2026-04-01
opednews.com	8758	2026-09-20
openpr.com	742972	2026-09-21
openthemagazine.com	10700	2026-09-21
opinionnigeria.com	32658	2026-09-21
opportunitiesforafricans.com	11140	2026-09-18
optics.org	8537	2026-03-25
orangeobserver.com	9356	2025-09-10
orangeville.com	6735	2026-09-20
orangevilletoday.ca	7334	2026-09-18
orcadian.co.uk	5094	2026-09-20
order-order.com	6865	2025-09-01
oregonlive.com	77250	2026-02-23
organiser.org	34258	2026-09-20
origin-businesstoday.intoday.in	40947	2021-06-25
originalfm.com	16807	2025-12-12
orissabarta.com	45115	2026-03-06
orissadiary.com	28935	2026-09-21
orissapost.com	138451	2026-09-21
orlandoecho.com	52047	2026-09-21
orlandosentinel.com	118280	2026-09-21
orlandoweekly.com	15005	2026-09-21
orlytaitzesq.com	27070	2026-09-19
orovillemr.com	15416	2026-09-20
oskaloosa.com	45148	2026-09-20
oskynews.org	6343	2026-09-16
oswegocountynewsnow.com	13221	2026-09-20
oswegocountytoday.com	12648	2026-09-20
ottawa.ctvnews.ca	29397	2025-01-23
ottawacitizen.com	54375	2026-09-21
ottawaherald.com	5736	2026-06-06
ottawasun.com	65480	2026-09-21
ottumwacourier.com	64790	2026-09-21
oudaily.com	6415	2026-09-20
ourmidland.com	73223	2025-12-18
ourtribune.com	5164	2022-10-28
out.com	7951	2026-09-20
outbreaknewstoday.com	7571	2024-04-16
outdoorlife.com	5404	2026-09-20
outdoornews.com	14493	2026-09-20
outdoornewsdaily.com	5453	2023-05-06
outerbanksvoice.com	9338	2026-09-20
outinperth.com	5772	2026-09-20
outlookindia.com	133832	2026-09-21
outsidelands.org	6573	2026-09-20
outsideonline.com	10948	2026-09-20
overdrive.in	6033	2026-09-17
overdriveonline.com	6211	2026-05-27
owensoundsuntimes.com	27267	2026-09-21
oxfordmail.co.uk	242351	2026-09-21
oxygen.com	5137	2026-09-21
oyetimes.com	10769	2026-08-31
packers.com	7855	2026-09-21
packworld.com	8007	2025-12-28
padovanews.it	13553	2026-09-21
paducahsun.com	19016	2026-09-20
pagalguy.com	16442	2026-09-09
pagesix.com	51660	2026-09-21
pagosadailypost.com	7786	2026-09-18
pagosasun.com	13763	2026-09-20
paherald.sk.ca	14681	2026-09-19
pajhwok.com	26746	2026-09-21
pakistanpressfoundation.org	7396	2026-09-15
pakistantelegraph.com	100986	2026-09-21
pakistantoday.com.pk	31160	2026-09-21
pakobserver.net	84010	2026-09-21
palatinate.org.uk	9184	2026-09-21
palestinechronicle.com	8588	2025-08-01
palestineherald.com	10949	2026-09-20
palestinemonitor.org	38912	2026-05-15
palmbeachdailynews.com	7786	2023-09-11
palmbeachpost.com	26187	2023-09-11
palmcoastobserver.com	5119	2023-02-01
palmettobusinessdaily.com	6608	2024-01-26
paloaltoonline.com	18870	2026-09-21
pamplinmedia.com	24300	2022-12-14
panapress.com	23117	2026-05-10
panarmenian.net	24741	2026-07-30
pandct.com	10486	2026-02-15
panorama.am	27033	2026-09-21
panow.com	84525	2026-09-21
pantagraph.com	90416	2026-09-21
paperads.com	17379	2026-07-22
paperpk.com	13989	2026-07-20
parabolicarc.com	8426	2023-11-29
parade.com	9416	2025-09-12
paradisepost.com	12075	2026-09-21
parentherald.com	13189	2026-09-18
parents.com	7116	2026-03-17
parisguardian.com	67744	2026-09-21
parisstaronline.com	40215	2026-09-21
parkeschampionpost.com.au	20532	2026-09-20
parking-net.com	6510	2025-03-11
parking.net	10806	2026-09-18
parkrapidsenterprise.com	32004	2026-09-21
parkrecord.com	18710	2026-09-20
parliament.gov.to	20421	2026-08-18
parrysound.com	7753	2026-09-20
parsonssun.com	15498	2026-08-23
pasadenastarnews.com	47092	2026-09-21
pasoroblesdailynews.com	17100	2026-09-19
pastemagazine.com	11608	2026-09-20
patch.com	239662	2026-09-21
patentlyapple.com	6478	2024-07-30
patheos.com	32796	2026-06-18
patriotledger.com	9693	2023-09-11
patriotpost.us	37233	2026-09-20
patriots.com	6416	2026-09-21
pauldavisoncrime.com	9011	2026-09-20
paulickreport.com	26925	2026-02-06
paultan.org	34804	2026-09-21
paysonroundup.com	10066	2026-09-19
pbcommercial.com	7169	2026-04-07
pbn.com	8460	2026-04-18
pbs.org	26131	2026-09-21
pc-tablet.co.in	7418	2025-04-05
pcgamesn.com	29986	2026-09-21
pcmag.com	39406	2026-09-20
pctechmag.com	7203	2026-09-21
pcworld.co.nz	5685	2023-01-27
pcworld.com	16024	2026-09-12
peacearchnews.com	37243	2026-09-21
peacefmonline.com	145649	2025-01-26
peakoil.com	17811	2026-09-21
peconicpublicbroadcasting.org	6972	2020-06-16
pedestrian.tv	30749	2026-09-21
peeblesshirenews.com	95085	2026-09-21
pehub.com	15320	2026-09-18
pembinavalleyonline.com	25916	2026-09-21
pembrokeobserver.com	38995	2026-08-29
pembroketoday.ca	11773	2026-09-21
penarthtimes.co.uk	117908	2026-09-21
penbaypilot.com	37862	2026-09-21
pendletoday.co.uk	5505	2021-12-13
peninsulaclarion.com	5119	2026-09-20
peninsuladailynews.com	11766	2026-09-19
pennlive.com	108037	2026-03-08
pennrecord.com	13340	2025-05-21
pensacolasjet.com	6392	2026-09-21
pentictonherald.ca	85936	2026-09-21
people.com	58098	2026-02-05
peoplesdailyng.com	33481	2026-04-09
peoplesreview.com.np	6892	2026-09-21
peoplesworld.org	18482	2026-09-18
peoriapublicradio.org	14883	2021-05-05
perezhilton.com	34397	2026-08-10
performancedrive.com.au	13678	2025-07-21
perhamfocus.com	25347	2026-09-21
perishablenews.com	22112	2026-09-20
perrynewspapers.com	5253	2026-09-18
personneltoday.com	9152	2026-09-03
perthnow.com.au	83071	2026-09-21
petapixel.com	13118	2026-09-20
peterboroughtoday.co.uk	19466	2025-01-23
petoskeynews.com	13149	2023-09-11
petroleumnews.com	5006	2026-09-17
pghcitypaper.com	9642	2026-04-25
phandroid.com	17824	2026-09-19
pharmaceuticalonline.com	9887	2026-09-19
pharmacytimes.com	12321	2026-03-25
pharmatimes.com	5583	2026-09-16
pharmiweb.com	39419	2026-06-01
pharostribune.com	20085	2026-09-20
philamirror.info	7659	2026-05-24
philenews.com	18599	2026-07-23
philippinetimes.com	91944	2026-09-21
phillymag.com	6517	2026-09-18
phillytrib.com	40802	2026-09-21
phillyvoice.com	35807	2026-09-21
philstar.com	173299	2026-09-21
phinphanatic.com	6287	2026-09-21
phnompenhpost.com	44711	2026-07-31
phoenixfm.com	6643	2026-09-21
phoenixherald.com	109979	2026-09-21
phoenixnewtimes.com	8032	2026-09-19
phoenixvillenews.com	8403	2021-09-28
phonearena.com	41624	2025-08-21
phoronix.com	9796	2026-09-06
photonics.com	8114	2026-01-03
photonicsonline.com	5528	2026-09-17
phys.org	148868	2026-01-29
physiciansweekly.com	7449	2026-01-06
pikefm.com	10008	2026-09-21
pilotonline.com	72419	2026-09-21
pina.com.fj	21160	2026-09-21
pinchercreekecho.com	8985	2026-09-20
pineandlakes.com	34734	2026-09-21
pineisland-eagle.com	7506	2026-09-19
pinkbike.com	9096	2024-08-26
pinknews.co.uk	20157	2022-11-29
pinkun.com	5191	2025-12-06
pinkvilla.com	221756	2026-09-21
pinstripealley.com	19964	2026-09-21
pionline.com	18259	2026-06-18
piquenewsmagazine.com	60540	2025-09-05
pireport.org	10972	2026-09-18
pistonheads.com	5800	2026-09-20
pitchfork.com	18996	2026-09-21
pittsburghmagazine.com	6174	2026-09-21
pittsburghstar.com	115375	2026-09-21
piworld.com	8207	2026-09-18
pix11.com	19492	2025-06-12
pizzamarketplace.com	5603	2026-09-18
pjmedia.com	49414	2026-09-21
pjstar.com	10980	2023-09-11
placenorthwest.co.uk	17006	2026-06-04
plaintalk.net	5728	2026-09-19
planetf1.com	47121	2026-09-21
planetizen.com	14972	2025-07-30
planetprinceton.com	10806	2026-09-21
plansponsor.com	6388	2026-07-31
plasticsnews.com	9513	2026-04-29
playbill.com	25307	2026-09-21
playstationlifestyle.net	16346	2026-09-20
pleasantonweekly.com	12799	2026-09-21
plenglish.com	62030	2026-09-01
plos.org	6031	2026-09-20
pluggedin.com	5549	2026-09-19
plymouthherald.co.uk	106256	2026-09-21
pmlive.com	10090	2026-09-18
pmnewsnigeria.com	55775	2026-09-21
pna.gov.ph	7058	2026-03-08
pnj.com	13200	2023-09-11
poandpo.com	22819	2025-05-09
pocket-lint.com	26872	2026-09-21
pocketgamer.com	7872	2026-09-19
pocketnow.com	11447	2025-09-04
poconorecord.com	7358	2023-09-11
pokernews.com	34470	2026-09-21
polandsun.com	5706	2023-12-21
police1.com	7640	2026-09-18
polishforums.com	9821	2026-09-20
politicaldog101.com	31560	2026-09-21
politicalwire.com	59274	2026-09-21
politico.com	67856	2025-11-05
politico.eu	42139	2026-09-21
politics.co.uk	8876	2026-09-21
politicsweb.co.za	10950	2026-09-21
politicususa.com	7324	2026-02-28
politifact.com	12946	2026-09-19
polity.org.za	34059	2025-01-23
polkio.com	18748	2026-09-20
pollstar.com	6661	2026-09-10
polygon.com	37853	2026-09-21
poncacitynews.com	9931	2026-09-20
pontefractandcastlefordexpress.co.uk	5456	2021-12-14
popcrush.com	18654	2026-09-21
popmatters.com	6121	2025-10-29
popsci.com	12957	2026-09-20
popsugar.com	65102	2026-09-18
popsugar.com.au	14474	2025-05-08
popularmechanics.com	15281	2026-09-19
portageonline.com	27985	2026-09-21
portcitydaily.com	16065	2026-09-18
portclintonnewsherald.com	6288	2023-09-11
portfolio-adviser.com	7338	2026-09-17
portlandmercury.com	12208	2026-09-19
portlandtribune.com	8854	2026-09-20
portnews.com.au	65847	2026-09-21
portsmouth-dailytimes.com	7685	2026-09-19
portsmouth.co.uk	25284	2025-01-23
portstephensexaminer.com.au	58648	2026-09-21
porttechnology.org	5116	2026-08-28
positivelyfilipino.com	6259	2026-09-16
post-journal.com	24998	2026-09-21
postandcourier.com	124168	2026-09-21
postbulletin.com	63504	2026-09-20
postcourier.com.pg	44206	2026-09-21
postcrescent.com	12995	2023-09-11
postindependent.com	14641	2026-09-19
postnewsgroup.com	6659	2026-09-18
postonline.co.uk	9259	2026-09-21
postregister.com	69859	2026-09-21
poststar.com	66307	2026-09-20
potchefstroomherald.co.za	10484	2023-10-04
potomaclocal.com	14553	2026-09-20
pottsmerc.com	51514	2026-09-21
poughkeepsiejournal.com	7141	2023-09-11
poundingtherock.com	9004	2026-09-20
powderbulksolids.com	7676	2026-09-18
powelltribune.com	19399	2026-09-20
power-technology.com	11810	2026-09-18
power103.com	8517	2026-09-21
power1057.com	7769	2026-09-21
power1069fm.com	22458	2026-08-09
power923.com	6434	2026-09-21
power959.com	20172	2026-09-19
power965.com	6877	2025-01-27
power96radio.com	51923	2026-09-20
power98fm.com	24163	2026-09-19
powerboise.com	5242	2026-09-17
powerlineblog.com	11521	2026-07-02
powermag.com	6227	2026-09-18
powerorlando.com	8091	2026-09-18
powerpage.org	7064	2026-01-18
poynter.org	5583	2026-09-18
pqbnews.com	32800	2026-09-21
pr-inside.com	189488	2026-09-21
pr.com	17115	2026-09-20
pragativadi.com	55566	2026-09-21
prairiepublic.org	43226	2026-09-21
praise933.com	5194	2024-04-28
prajasakti.com	11555	2026-06-26
pratttribune.com	5184	2023-09-12
predominantlyorange.com	7989	2026-09-21
premierchristianradio.com	11066	2023-06-07
premiumbeautynews.com	6097	2026-09-20
premiumtimesng.com	112385	2026-09-21
prescottenews.com	9377	2026-08-04
press-citizen.com	9004	2023-09-11
pressandguide.com	17310	2025-11-04
pressandjournal.co.uk	196721	2025-05-27
pressconnects.com	6069	2023-09-11
pressdemocrat.com	33660	2026-09-21
pressenterpriseonline.com	87096	2026-01-28
pressenza.com	12723	2026-09-21
pressgazette.co.uk	7338	2026-09-18
pressherald.com	133733	2026-09-21
pressofatlanticcity.com	83108	2026-09-20
pressparty.com	8869	2026-01-02
presspublications.com	6536	2026-09-19
presspubs.com	7787	2026-09-17
pressreleasepoint.com	60730	2026-09-19
pressrepublican.com	20139	2026-09-19
presstelegram.com	47695	2026-09-21
presstv.com	18559	2021-06-22
presstv.ir	65484	2026-07-22
prestigeonline.com	9007	2026-09-19
prestwichandwhitefieldguide.co.uk	18621	2023-03-07
prevention.com	11911	2026-09-20
prima.co.uk	8837	2026-09-20
primepublishers.com	5265	2026-09-20
princegeorgecitizen.com	137171	2025-09-05
princeton.edu	9212	2026-09-21
princetonol.com	11587	2026-09-20
printingnews.com	8737	2022-11-18
printweek.com	9505	2026-05-29
printweek.in	8949	2026-09-21
prisonplanet.com	5521	2026-08-12
priyo.com	19475	2026-09-05
prleap.com	9607	2026-09-18
prnewswire.co.uk	14909	2026-09-17
prnewswire.com	1317155	2026-09-21
proactiveinvestors.co.uk	61702	2026-09-12
proactiveinvestors.com	64502	2026-09-21
proactiveinvestors.com.au	34392	2026-09-12
probuilder.com	7520	2026-09-18
producer.com	14827	2025-05-22
professionaladviser.com	13864	2026-09-18
professionalpensions.com	11042	2026-09-18
progress-index.com	6209	2023-09-11
progressive-charlestown.com	20524	2026-09-21
progressivegrocer.com	7553	2025-09-09
progressiverailroading.com	10755	2026-09-20
projectnoah.org	19442	2026-09-06
prokerala.com	641722	2026-09-21
prolificnorth.co.uk	21481	2026-07-21
promptnewsonline.com	39622	2026-09-21
propakistani.pk	84810	2026-09-21
propertyweek.com	27757	2026-09-18
propublica.org	5483	2026-09-19
prospectmagazine.co.uk	8255	2026-09-19
providencejournal.com	22218	2023-09-11
prowrestling.net	18478	2026-09-20
prpeak.com	86658	2025-09-05
prrecordgazette.com	12932	2026-09-20
prunderground.com	11996	2026-08-09
prweb.com	172535	2026-09-16
prweek.com	13527	2026-07-02
psu.com	7048	2025-06-06
psu.edu	25200	2026-09-19
psychcentral.com	5022	2024-10-01
psychiatryadvisor.com	8806	2026-09-18
psychologytoday.com	23396	2026-09-01
ptinews.com	297015	2024-03-31
ptleader.com	7756	2026-09-21
publicnewsservice.org	19341	2025-08-20
publicnow.com	17005	2022-09-16
publicradioeast.org	54249	2026-09-20
publicradiotulsa.org	56051	2026-09-20
publishersweekly.com	21086	2026-09-21
pullmanradio.com	13579	2026-09-19
pulse.com.gh	49036	2026-03-19
pulse.ng	86874	2026-03-18
punchjump.com	11376	2026-09-18
punchng.com	297656	2026-09-21
punknews.org	9381	2026-09-20
punto.com.ph	8991	2026-09-21
purdueexponent.org	36886	2026-09-20
purerock96.com	9343	2026-09-20
purplerow.com	6123	2026-09-21
pushsquare.com	29706	2026-09-21
pv-magazine.com	18465	2026-06-04
pv-tech.org	13717	2026-09-18
pvvt.com	5711	2026-09-16
pwcs.edu	10390	2022-08-01
pymnts.com	23850	2026-09-21
q102.ie	16978	2026-09-20
q105.fm	6773	2026-09-20
q1057.com	9721	2026-09-18
q1061.com	8415	2026-09-21
q1065.fm	24036	2026-09-20
q106dot5.com	21556	2026-09-21
q106fm.com	8268	2026-09-17
q107.com	20500	2026-09-18
q1077.com	25193	2026-09-18
q107fm.ca	6514	2020-06-10
q108.com	7914	2026-09-18
q13fox.com	32112	2023-04-18
q93fm.com	14987	2026-09-21
q957.com	18815	2025-10-31
q95fm.net	8602	2026-08-21
q961.com	23979	2026-09-21
q985online.com	38104	2026-09-21
q98fm.com	7124	2026-09-21
qatar-tribune.com	33629	2026-09-20
qatarliving.com	9039	2026-09-21
qchron.com	13118	2026-09-19
qconline.com	70167	2026-09-20
qctimes.com	96347	2026-09-20
qns.com	12302	2026-09-21
qsrmagazine.com	6347	2026-02-19
qsrweb.com	7148	2026-09-18
qt.com.au	56636	2021-06-23
quadcitiesdaily.com	21617	2026-01-02
queanbeyanage.com.au	70160	2026-09-21
queensjournal.ca	5279	2026-09-18
queenslandcountrylife.com.au	50410	2026-09-21
queerty.com	6744	2026-09-05
quesnelobserver.com	30000	2026-09-21
quickcountry.com	48532	2026-09-20
quicknews-africa.net	37343	2026-09-18
quickworldnews.com	19319	2021-10-16
quintenews.com	27631	2026-09-21
qvc.com	59060	2026-09-16
qxmagazine.com	26771	2026-07-27
qz.com	34087	2026-04-13
racer.com	13748	2026-01-08
radaronline.com	34458	2026-09-21
radio.com	43725	2025-12-15
radio.gov.pk	58991	2026-09-21
radiocayman.gov.ky	8398	2026-09-21
radioinfo.com.au	6174	2025-01-22
radioink.com	15151	2026-09-21
radioiowa.com	16240	2026-07-27
radiojamaicanewsonline.com	29741	2026-09-19
radiokerry.ie	25071	2026-09-20
radiokorea.com	28815	2026-08-10
radiotamazuj.org	13423	2026-09-21
radiotimes.com	41211	2026-09-20
radiotoday.co.uk	5852	2026-09-18
radiotoday.com.au	8181	2025-06-14
radiousa.com	8288	2026-09-18
radiox.co.uk	6856	2026-09-18
radyonatin.com	11629	2025-10-03
rafu.com	5435	2026-09-20
ragtrader.com.au	7781	2026-09-21
railpage.com.au	73388	2023-10-15
railway-technology.com	5674	2026-09-08
railwayage.com	8580	2026-01-31
railwaygazette.com	10993	2026-09-21
rap-up.com	9390	2026-02-07
rapidcityjournal.com	58738	2026-09-20
rapidtvnews.com	6195	2026-02-17
rappler.com	84407	2026-09-21
rappnews.com	9635	2026-08-30
rapsinews.com	6019	2025-12-09
rashtranews.com	23678	2026-08-04
rasmussenreports.com	7818	2026-09-18
ravallirepublic.com	53799	2026-09-20
rawstory.com	65706	2026-09-21
rbj.net	12065	2026-06-04
rbth.com	6317	2026-09-16
rcps.info	37674	2026-06-15
rcreader.com	8210	2026-09-21
rcrwireless.com	8559	2026-09-18
reachfm.ca	13597	2026-01-01
readingchronicle.co.uk	138894	2026-09-21
readingeagle.com	58658	2026-09-21
readmedia.com	32479	2026-09-18
readwrite.com	6433	2024-10-10
realclearpolitics.com	31789	2026-05-17
realestate.com.au	14335	2026-09-21
realestatebusiness.com.au	9034	2026-09-21
realgeni.com	32458	2025-04-16
realitytea.com	42518	2026-09-19
realitytvworld.com	35810	2026-09-20
realradio804.com	6492	2026-09-18
realscreen.com	6878	2026-06-24
reason.com	15926	2026-09-20
rechargenews.com	10516	2026-09-18
record-bee.com	11517	2026-09-21
record-eagle.com	80622	2026-09-20
recordcourier.com	10467	2025-09-04
recorder.ca	49575	2026-09-21
recorder.com	35175	2026-09-20
recordernews.com	6816	2023-10-26
recorderonline.com	52100	2026-09-19
recordnet.com	9191	2023-09-11
recordonline.com	10835	2023-09-11
redandblack.com	10038	2026-09-21
redbluffdailynews.com	13100	2026-09-21
reddeeradvocate.com	21637	2026-09-20
redding.com	5466	2023-09-11
redditchadvertiser.co.uk	110840	2026-09-21
redditchstandard.co.uk	15102	2026-09-21
redeyeradioshow.com	14672	2026-09-16
redfm.ie	11665	2026-09-19
rediff.com	86886	2026-09-21
redlandcitybulletin.com.au	65608	2026-09-21
redlandsdailyfacts.com	45315	2026-09-21
redriverradio.org	57619	2026-09-21
redstate.com	76688	2026-09-21
redwatch.org.au	11949	2026-09-19
reflector.com	103415	2026-09-21
reformer.com	47554	2026-09-21
regina.ctvnews.ca	15942	2025-04-08
register-herald.com	61309	2026-09-21
registercitizen.com	111574	2026-04-21
registerguard.com	9843	2023-09-10
registerherald.com	6606	2025-09-17
rejournals.com	8752	2025-07-14
rekordeast.co.za	10868	2021-02-24
relevantmagazine.com	8526	2026-09-20
relevantradio.com	9361	2026-06-04
reliefweb.int	163718	2026-03-28
religionnews.com	16629	2026-09-20
relish.com	7311	2026-08-31
relix.com	6668	2026-09-18
renalandurologynews.com	8270	2026-09-18
renewableenergymagazine.com	10385	2026-09-18
renews.biz	22747	2025-01-23
renfrewtoday.ca	11839	2026-09-21
rep-am.com	52992	2025-02-04
repeatingislands.com	7077	2026-09-18
reporter.net	18318	2026-09-18
reporterherald.com	40357	2026-09-21
reporternews.com	9509	2023-09-11
republic-online.com	26032	2026-09-18
republicaneagle.com	5711	2026-09-19
republicanherald.com	47456	2026-09-21
republicofmining.com	6923	2026-08-07
republicworld.com	41980	2026-03-17
republikein.com.na	6587	2026-09-20
rescue.org	5799	2026-09-18
reseller.co.nz	14654	2026-09-21
resilience.org	5472	2026-09-18
respect-mag.com	5648	2026-09-01
restaurantmagazine.com	13908	2026-09-19
restaurantnews.com	13806	2026-09-19
restaurantnewsrelease.com	13533	2026-09-19
restaurantonline.co.uk	6255	2026-09-18
restonnow.com	6591	2024-05-17
retaildetail.eu	7384	2026-09-18
retaildive.com	12781	2026-09-21
retailtimes.co.uk	19076	2026-09-20
reuters.com	928661	2026-07-21
revengeofthebirds.com	7101	2026-09-21
reverb.com	6060	2022-05-04
reviewjournal.com	39987	2026-09-21
reviewonline.com	18695	2026-09-19
reviewtimes.com	6175	2020-06-10
revolutionradio.org	7537	2025-09-24
revolvermag.com	6193	2025-01-22
rewind943.com	9900	2026-09-18
rexburgstandardjournal.com	7438	2026-09-20
rfa.org	13541	2026-09-20
rfdtv.com	25956	2026-09-21
rferl.org	46164	2026-09-20
rfglobalnet.com	5473	2026-09-18
rfi.fr	62535	2026-09-18
rgj.com	9002	2023-09-11
rheaheraldnews.com	8731	2026-09-19
rheinpfalz.de	6895	2020-11-26
rhyljournal.co.uk	115450	2026-09-21
ricentral.com	6571	2026-09-21
richlandsource.com	29314	2026-09-20
richmond-news.com	74966	2025-09-05
richmond.com	91433	2026-09-21
richmondandtwickenhamtimes.co.uk	113636	2026-09-21
richmondbizsense.com	7482	2026-09-18
richmondfreepress.com	7220	2026-02-12
richmondregister.com	27685	2026-09-21
ricochet.com	33598	2025-06-14
ridgecrestca.com	9170	2026-09-19
riggosrag.com	7083	2026-09-21
rightspeak.net	12606	2026-09-21
rigzone.com	31137	2026-09-20
ringsidereport.com	6102	2026-09-17
riotimesonline.com	46449	2026-09-21
riponadvance.com	8527	2026-09-18
riponpress.com	7805	2026-09-21
ripplesnigeria.com	10801	2026-02-09
risingapple.com	6000	2026-09-20
risingbd.com	7134	2023-02-02
risingkashmir.com	6154	2025-07-25
risk.net	7922	2026-09-21
rismedia.com	15116	2026-09-18
rivals.com	5169	2025-06-14
river1037.com	15303	2026-09-19
river105.com	11695	2026-09-09
river949.com.au	5002	2026-09-21
river967.com	22244	2026-09-18
riverbender.com	7579	2025-01-23
riverfronttimes.com	8051	2025-08-16
rivergrandrapids.com	31728	2026-09-21
rivernewsonline.com	15248	2026-09-18
riviera-maya-news.com	11728	2026-09-19
rnanews.com	6764	2026-09-20
rnz.co.nz	161920	2026-09-21
road.cc	10423	2026-09-20
roadandtrack.com	12573	2026-09-20
roadsafety.co.za	10895	2026-09-20
roanoke.com	77247	2026-09-20
roarmag.org	23471	2026-09-21
robbreport.com	16953	2026-09-21
robesonian.com	6075	2026-09-20
roboticstomorrow.com	7740	2026-09-18
rochdaleonline.co.uk	11368	2025-11-25
rochestercitynewspaper.com	5405	2023-03-06
rock101.com	10996	2026-09-14
rock1015.com	6254	2026-09-21
rock107.com	10081	2026-09-16
rock937online.com	24042	2025-03-27
rock947.com	9740	2022-11-22
rock967online.com	21593	2026-09-21
rockdalenewtoncitizen.com	71558	2026-08-23
rockpapershotgun.com	20308	2026-09-20
rocksound.tv	5197	2026-09-19
rockymounttelegram.com	63353	2026-09-21
rockytopinsider.com	8297	2026-09-21
rogerebert.com	23518	2026-01-29
rollcall.com	11732	2026-09-18
rollingout.com	36521	2025-12-23
rollingstone.com	55629	2026-09-21
rollingstoneindia.com	6504	2026-09-19
romania-insider.com	16431	2026-09-06
romaniapress.com	67800	2026-09-18
romesentinel.com	14054	2026-09-21
romfordrecorder.co.uk	50842	2026-09-21
romseyadvertiser.co.uk	52579	2024-10-26
roscommonherald.ie	52655	2026-09-20
ross-shirejournal.co.uk	52529	2026-09-21
rosslandtelegraph.com	5858	2026-09-18
rotherhamadvertiser.co.uk	7306	2025-01-23
rotowire.com	12889	2026-09-21
roundupweb.com	5595	2026-09-19
routesonline.com	12955	2026-07-31
royalcentral.co.uk	13889	2026-09-20
royalgazette.com	55501	2026-09-20
royalsreview.com	8232	2026-09-20
royston-crow.co.uk	31080	2026-09-21
rozanaspokesman.com	14227	2026-09-21
rrdailyherald.com	24141	2026-09-20
rri.ro	10083	2026-09-20
rrobserver.com	6548	2026-09-20
rrr.org.au	25731	2026-09-21
rrstar.com	9459	2023-09-11
rsn.net.au	11267	2026-09-21
rstreet.org	8395	2026-09-18
rt.com	14510	2026-09-20
rte.ie	182213	2026-09-21
rthk.hk	11707	2026-09-04
rtoinsider.com	6041	2026-09-21
rtrfm.com.au	6121	2026-09-21
rttnews.com	137116	2026-09-21
rubbernews.com	9503	2026-06-18
runcornandwidnesworld.co.uk	92383	2026-09-21
runnersworld.com	10406	2026-09-20
runningmagazine.ca	6511	2026-09-20
runwaygirlnetwork.com	5635	2026-03-31
rushlane.com	9083	2026-09-21
russiaherald.com	134566	2026-09-21
russianmachineneverbreaks.com	7564	2026-09-21
russianradio7.com	8075	2025-01-20
rustourismnews.com	6429	2026-09-20
ruthfullyyours.com	25532	2026-08-01
rutland-times.co.uk	11940	2026-09-21
rutlandherald.com	41085	2026-09-21
rvasia.org	8268	2026-08-11
ryeandbattleobserver.co.uk	5120	2022-02-09
sabcnews.com	8897	2026-03-19
sacobserver.com	7011	2026-05-28
sacurrent.com	17165	2026-09-20
safc.com	10896	2024-07-16
saharareporters.com	101036	2026-09-20
saharasamay.com	17976	2026-09-11
sahilonline.org	12119	2026-09-20
sail-world.com	21931	2026-09-21
sailingscuttlebutt.com	8762	2026-07-12
saipantribune.com	7237	2025-05-29
sakshi.com	36429	2025-06-05
sakshipost.com	32944	2026-09-19
salemnews.com	29748	2026-09-20
salemnews.net	17485	2026-09-20
salina.com	9487	2023-09-10
salinapost.com	31928	2026-09-21
salisburyjournal.co.uk	122758	2026-09-21
salon.com	33059	2026-09-20
saltlakecitysun.com	146713	2026-09-21
saltwire.com	82785	2026-09-21
samaa.tv	62140	2026-09-21
sammobile.com	26335	2026-08-26
samoanews.com	5994	2026-09-19
samoaobserver.ws	9501	2026-09-21
sana.sy	29328	2026-09-20
sanangelolive.com	28316	2026-09-21
sanantoniopost.com	63668	2026-09-21
sandiegoreader.com	13139	2025-08-22
sandiegosun.com	179011	2026-09-21
sandiegouniontribune.com	215737	2026-09-21
sanews.gov.za	15963	2026-09-21
sanfordherald.com	52609	2026-09-20
sanilacbroadcasting.com	5339	2025-01-09
sanjuanjournal.com	5823	2026-09-18
sanmarcosrecord.com	10961	2026-09-17
sanremonews.it	5271	2026-09-20
santabanta.com	7564	2026-09-19
santacruzsentinel.com	22372	2026-09-20
santafenewmexican.com	63630	2026-09-21
santamariasun.com	5448	2026-09-17
santamariatimes.com	93435	2026-09-21
saobserver.net	45763	2026-09-21
saps.gov.za	37740	2025-11-19
sarajevotimes.com	5933	2026-03-02
saratogian.com	39427	2026-09-21
sarniathisweek.com	35616	2026-01-20
saskatoon.ctvnews.ca	14577	2025-01-22
satellitetoday.com	7225	2026-09-18
satnews.com	14659	2026-09-20
saudigazette.com.sa	54271	2026-03-18
saukvalley.com	7863	2020-12-17
saultstar.com	60395	2026-09-21
saultthisweek.com	48731	2026-06-22
savannahnow.com	16081	2023-09-11
savejersey.com	6148	2026-09-20
savingadvice.com	6181	2026-09-21
sb.by	19006	2026-09-18
sbcnews.co.uk	7219	2024-12-05
sbnation.com	47734	2026-09-21
sbr.com.sg	20189	2026-09-21
sbs.com.au	85280	2026-09-21
sbsun.com	45980	2026-09-21
sbwire.com	16543	2022-01-13
scallywagandvagabond.com	9159	2026-09-20
scdailypress.com	7072	2023-01-30
schoolsweek.co.uk	7252	2026-07-03
schroders.com	5010	2024-02-09
science.org	5028	2024-04-24
science20.com	7903	2026-09-21
sciencealert.com	19001	2026-09-21
scienceblog.com	15868	2026-09-21
scienceblogs.com	14706	2026-09-20
sciencebusiness.net	9408	2026-02-09
sciencedaily.com	32158	2026-09-14
sciencemag.org	12882	2021-10-07
sciencenews.org	5541	2026-09-18
scientificamerican.com	14419	2026-09-20
scmagazine.com	10578	2024-09-25
scmp.com	161757	2026-09-21
scnow.com	44808	2026-09-20
sconeadvocate.com.au	72110	2026-09-21
scoop.co.nz	286292	2026-09-21
scotsman.com	80113	2025-01-23
scottishconstructionnow.com	6955	2026-09-18
scottishhousingnews.com	7090	2026-09-18
scottishlegal.com	6341	2026-09-19
scpr.org	7524	2024-02-29
screencrush.com	10343	2026-09-21
screendaily.com	27103	2025-09-05
screenrant.com	211859	2026-09-21
scrippsnews.com	14232	2026-09-14
scroll.in	56226	2026-09-21
sctimes.com	6903	2023-09-10
scvnews.com	21898	2026-09-21
sdbj.com	5908	2026-09-18
sdcexec.com	8119	2025-12-28
sdjewishworld.com	6587	2026-09-21
sdpb.org	14708	2026-09-18
se933.com	20878	2026-09-21
seacoastonline.com	17956	2024-10-24
seafoodsource.com	6470	2025-01-23
seaforthhuronexpositor.com	22832	2026-09-19
seahawks.com	6368	2026-09-21
searchenginejournal.com	6642	2026-09-19
searchengineland.com	9467	2026-09-15
searchlight.vc	23222	2026-09-18
seasideradio.co.uk	13592	2026-09-18
seatrade-maritime.com	9491	2025-01-09
seattlepi.com	165051	2025-11-18
seattletimes.com	70978	2026-07-15
securityinfowatch.com	9775	2026-09-18
sedaliademocrat.com	12311	2026-09-21
seekingalpha.com	144615	2026-09-21
seenews.com	23417	2025-11-19
segmentnext.com	12742	2025-07-30
seguingazette.com	7199	2026-09-19
seguintoday.com	5224	2026-09-20
sej.org	15190	2026-09-18
selectscience.net	14637	2026-09-21
semissourian.com	16204	2026-08-30
sen.com.au	17190	2024-11-11
senate.gov.ph	10256	2025-08-20
seneweb.com	81744	2026-04-30
sent-trib.com	33170	2025-09-17
sentinel-standard.com	6658	2023-09-09
sentinelandenterprise.com	21230	2026-09-21
sentinelassam.com	83325	2026-09-21
sentinelsource.com	22605	2025-02-13
sequimgazette.com	6310	2026-09-20
serbian.cri.cn	11303	2026-09-21
setexasrecord.com	13902	2025-05-21
sevendaysvt.com	20090	2026-09-19
seventeen.com	10867	2026-09-03
seychellesnewsagency.com	7022	2026-02-17
sfchronicle.com	86527	2025-11-18
sfexaminer.com	15544	2026-09-20
sfgate.com	557091	2026-09-12
sfist.com	16361	2026-09-20
sflcn.com	6330	2026-06-04
sfstation.com	9572	2026-09-20
sgvtribune.com	48359	2026-09-21
shabait.com	5356	2026-09-20
shacknews.com	30547	2026-09-20
shafaqna.com	40876	2026-09-21
shanghaiist.com	6071	2026-07-11
shanghainews.net	89886	2026-09-21
shanghaisun.com	155486	2026-09-21
shankennewsdaily.com	7292	2026-09-18
shannonside.ie	29270	2026-09-21
sharecast.com	18144	2026-03-26
sharechat.co.nz	5761	2026-09-21
sharenet.co.za	17883	2026-09-15
shark1053.com	22523	2026-09-19
sharonherald.com	24593	2026-09-21
sheboyganpress.com	9278	2023-09-11
shekicks.net	6466	2026-09-17
sheknows.com	28542	2026-09-20
shelbystar.com	6592	2023-09-11
sheltonherald.com	53654	2025-11-18
shephardmedia.com	8558	2026-09-18
sheppnews.com.au	6976	2025-10-15
sherbrookerecord.com	5332	2026-09-19
sheridanmedia.com	22609	2026-09-20
sherwoodparknews.com	16799	2026-09-21
shetlandtimes.co.uk	8566	2026-09-20
shetnews.co.uk	16516	2026-09-20
shieldsgazette.com	12833	2025-01-23
shine.cn	8014	2025-06-14
ship-technology.com	5386	2026-09-17
shipandbunker.com	17564	2026-09-21
shipnc.com	8559	2026-09-20
shippingtribune.com	6181	2026-09-21
shippingwatch.com	7709	2026-06-26
shockya.com	5818	2026-09-21
shorehamherald.co.uk	6130	2022-02-09
shorelinebeacon.com	23344	2026-08-29
shorelinemedia.net	23705	2026-09-21
shorenewsnetwork.com	18724	2026-03-12
shortlist.com	6807	2026-09-18
showbiz411.com	6266	2026-09-21
shreveporttimes.com	9564	2023-09-11
shropshirelive.com	11941	2026-09-21
shropshirestar.com	67852	2026-03-26
si.com	256476	2026-09-21
siasat.com	165677	2026-09-21
sidneydailynews.com	17900	2025-09-17
sidneyherald.com	11755	2026-09-19
sierraleonetimes.com	71006	2026-09-21
sierrawave.net	6432	2026-09-21
sify.com	66103	2026-09-21
signalscv.com	22287	2026-09-05
siliconangle.com	18821	2026-09-21
siliconera.com	19741	2026-09-19
siliconindia.com	22900	2026-09-21
siliconrepublic.com	20039	2026-09-18
siliconvalley.com	15063	2026-09-18
silive.com	59239	2026-09-14
silverandblackpride.com	15704	2026-09-21
silverbirdtv.com	9189	2026-09-21
simcoe.com	14140	2026-09-20
simcoereformer.ca	51697	2026-09-21
simpleflying.com	8160	2026-09-01
sina.com	68991	2025-01-09
sina.com.hk	30375	2026-09-21
singaporestar.com	77352	2026-09-21
singersroom.com	17182	2026-09-13
singletonargus.com.au	76469	2026-09-21
siouxcityjournal.com	261566	2026-09-21
siouxlandnews.com	8371	2026-09-20
sis.gov.eg	9722	2025-11-14
siskiyoudaily.com	5408	2023-09-11
sitkasentinel.com	35980	2026-09-21
sj-r.com	11627	2023-09-11
skift.com	18077	2026-09-20
sknvibes.com	13026	2026-09-17
skopjediem.com	6694	2026-09-18
sky.com	87586	2026-09-18
skymetweather.com	6248	2026-09-19
skynews.com.au	72895	2026-07-26
slamonline.com	5481	2025-09-10
slashdot.org	5538	2024-09-09
slashfilm.com	43002	2026-09-21
slashgear.com	57249	2026-09-21
slate.com	42705	2026-09-21
sleepreviewmag.com	5257	2026-09-19
slguardian.org	24596	2026-09-20
slippedisc.com	7204	2026-09-20
slotocash.im	6832	2023-11-30
sloughobserver.co.uk	113885	2026-09-21
sloveniatimes.com	12811	2025-11-18
sltrib.com	30273	2026-09-20
slugmag.com	5530	2026-09-20
smallbiztrends.com	13400	2026-09-21
smallwarsjournal.com	6274	2026-06-04
smartcanucks.ca	13989	2026-09-21
smartcompany.com.au	10140	2026-09-21
smartpropertyinvestment.com.au	6305	2026-09-19
smdailyjournal.com	137001	2026-07-31
smdp.com	12504	2026-09-19
smenet.org	5141	2026-09-18
smetimes.in	13977	2026-09-18
smh.com.au	271897	2026-09-21
smithsonianmag.com	5402	2026-09-18
smn-news.com	16178	2026-09-21
smnewsnet.com	11006	2026-03-23
smokymountainnews.com	9240	2026-09-17
snl24.com	37194	2026-07-02
snntv.com	12417	2024-07-01
snopes.com	13727	2026-03-19
so-co-it.com	5992	2026-07-02
soapoperadigest.com	6226	2026-09-20
socaltech.com	5712	2025-12-24
socialistparty.org.uk	5103	2025-01-22
socialmediatoday.com	12856	2026-09-18
sofiaglobe.com	9672	2026-09-18
sofrep.com	14344	2026-09-21
softpedia.com	5650	2024-12-01
softrock941.com	5118	2023-02-13
soglos.com	5919	2026-09-18
sojo1049.com	42136	2026-09-20
solomonstarnews.com	9202	2026-04-30
somdnews.com	22363	2026-09-20
somerset-kentucky.com	30781	2026-09-20
somersetcountygazette.co.uk	192955	2026-09-21
somersetlive.co.uk	96708	2026-09-21
sooeveningnews.com	5730	2023-09-09
sookenewsmirror.com	39544	2026-09-21
soompi.com	34518	2026-09-21
sott.net	73184	2026-09-20
sounderatheart.com	7640	2026-09-21
soundonsound.com	25750	2026-09-21
southbendtribune.com	14724	2023-09-11
southcarolinapublicradio.org	77437	2026-09-21
southcoastregister.com.au	52956	2026-09-21
southcoasttoday.com	12183	2025-05-13
southdadenewsleader.com	8834	2026-09-19
southeastagnet.com	6412	2026-09-19
southeastasiapost.com	101903	2026-09-21
southeastradio.ie	8790	2026-09-20
southeastsun.com	5753	2025-01-17
southernhighlandnews.com.au	64923	2026-09-21
southernliving.com	11781	2026-03-17
southernminn.com	92175	2026-09-20
southernstandard.com	5879	2025-07-19
southernstar.ie	13393	2026-09-19
southgatearc.org	6902	2022-10-08
southpeacenews.com	8573	2026-09-21
southtahoenow.com	54473	2026-09-21
southwalesargus.co.uk	195935	2026-09-21
southwalesguardian.co.uk	95741	2026-09-21
southwhidbeyrecord.com	6196	2026-09-20
sowetan.co.za	6847	2026-09-20
sowetanlive.co.za	56173	2025-10-16
soyacincau.com	16059	2026-09-21
space.com	24055	2026-09-20
spacecoastdaily.com	12247	2026-09-20
spacedaily.com	22147	2026-09-21
spaceref.com	6301	2026-09-03
spacewar.com	31762	2026-09-21
spaldingtoday.co.uk	8426	2023-12-04
spanishvida.com	5345	2026-09-18
spartaindependent.com	5452	2026-09-18
spectator.co.uk	41838	2025-12-16
spectator.org	8465	2026-09-21
spectator.sme.sk	10290	2026-02-18
spectrumlocalnews.com	9095	2026-06-26
spectrummagazine.org	5950	2024-10-24
spectrumnews1.com	7443	2026-02-12
speedcafe.com	32292	2026-09-21
speedwaymedia.com	16906	2026-09-21
spencerdailyreporter.com	5884	2026-09-17
spiked-online.com	6967	2026-09-20
spin.com	7322	2026-03-12
spin1038.com	7559	2026-09-18
spoilertv.com	28177	2026-09-21
spokanepublicradio.org	64921	2026-09-20
spokesman.com	59632	2026-09-21
sportsnet.ca	5652	2022-01-17
spotlightnepal.com	8590	2026-09-21
spotrac.com	57154	2026-09-20
springer.com	6098	2026-09-21
springfieldnewssun.com	54336	2026-09-20
sprucegroveexaminer.com	16708	2026-09-21
sputnikglobe.com	36182	2026-09-21
sputniknews.com	115856	2023-04-05
squamishchief.com	72879	2025-09-05
squatchrocks.com	44732	2026-09-21
srilankamirror.com	15045	2026-09-21
srilankasource.com	99428	2026-09-21
srpressgazette.com	6513	2026-09-19
ssuchronicle.com	20914	2020-04-15
stabroeknews.com	84877	2026-03-26
staffingindustry.com	7493	2024-12-01
stalbansreview.co.uk	82873	2025-12-09
stalbertgazette.com	58824	2025-09-05
stamfordadvocate.com	157056	2025-06-12
stamfordmercury.co.uk	8132	2023-12-04
stampedeblue.com	10237	2026-09-21
standard-democrat.com	5151	2026-08-28
standard-freeholder.com	44864	2026-09-21
standard-journal.com	66623	2026-09-21
standard.co.uk	211746	2026-09-21
standard.net	17918	2026-09-20
standard.net.au	78970	2026-09-21
standardbredcanada.ca	35139	2026-09-21
standardmedia.co.ke	196995	2026-09-21
standardspeaker.com	48812	2026-09-21
stanforddaily.com	6387	2026-09-16
star945.com	8085	2026-09-19
star967.net	13534	2026-03-20
star98.net	10453	2026-09-20
staradvertiser.com	53983	2026-09-21
starbeacon.com	28649	2026-09-21
starcommunity.com.au	9165	2026-04-29
starcourier.com	5441	2023-09-10
stardem.com	34362	2026-09-20
starfm1023.com	6855	2026-09-21
stargazette.com	5321	2023-09-11
starherald.com	50664	2026-09-21
starkvilledailynews.com	5631	2026-09-19
starlocalmedia.com	58942	2026-09-20
starmometer.com	9202	2026-06-08
starnewsonline.com	11634	2023-09-11
starobserver.com.au	8434	2026-09-21
starofmysore.com	35167	2026-09-20
starradiovegas.com	5978	2022-06-24
startribune.com	263278	2026-08-25
starweekly.com.au	25547	2026-03-02
state.gov	15225	2026-09-19
statecollege.com	13919	2026-09-21
statenews.com	9140	2026-09-20
stateofreform.com	5750	2026-03-27
statesboroherald.com	9031	2026-09-20
statesman.com	34154	2026-03-25
statesmanjournal.com	9447	2023-09-11
statesville.com	48033	2026-09-19
staugustine.com	10411	2023-09-11
stawelltimes.com.au	30215	2026-09-21
stcatharinesstandard.ca	110217	2026-09-21
steelers.com	6731	2026-09-21
steinbachonline.com	25749	2026-09-21
stellar.ie	10610	2026-09-18
stereoboard.com	20853	2026-09-21
stereogum.com	20899	2026-09-20
stettlerindependent.com	11893	2026-09-20
stevenspointjournal.com	8837	2023-09-11
stevivor.com	6004	2026-08-24
stgeorgeutah.com	24244	2026-09-21
sthelensstar.co.uk	138761	2026-09-21
stiripesurse.ro	39683	2026-09-21
stlamerican.com	18219	2026-09-20
stlouisstar.com	96003	2026-09-21
stlpublicradio.org	8721	2023-09-01
stltoday.com	242321	2026-09-21
stock-world.de	6893	2024-12-30
stockandland.com.au	39637	2026-09-21
stockhouse.com	12208	2026-07-28
stockjournal.com.au	40005	2026-09-21
stockmarketwire.com	21652	2022-02-23
stokesentinel.co.uk	103858	2026-09-21
stornowaygazette.co.uk	7135	2025-01-23
stourbridgenews.co.uk	145616	2026-09-21
straight.com	17094	2026-09-20
straitstimes.com	199333	2026-09-21
strangehorizons.com	5198	2026-09-20
strategypage.com	10791	2026-09-20
stratford-herald.com	19859	2026-09-21
stratfordbeaconherald.com	40957	2026-09-21
stratfordobserver.co.uk	10126	2026-09-21
strathroyagedispatch.com	35086	2026-01-25
strathroytoday.ca	8648	2026-09-21
streetinsider.com	368521	2024-12-02
streetsblog.org	9658	2026-09-21
stripes.com	98267	2026-09-21
stroudnewsandjournal.co.uk	119495	2026-09-21
stthomastimesjournal.com	41523	2026-09-18
stthomastoday.ca	9326	2026-09-21
stuff.co.nz	290589	2024-01-16
stuff.tv	8376	2026-09-20
stupiddope.com	18434	2025-10-20
sturgisjournal.com	6692	2023-09-11
stuttgartdailyleader.com	12875	2026-09-18
stwnewspress.com	10561	2026-09-18
stylecaster.com	15617	2026-09-21
suasnews.com	5898	2026-09-18
sudantribune.com	6768	2025-02-16
suffolknews.co.uk	12082	2026-09-20
summitdaily.com	21992	2026-09-21
sun-sentinel.com	112137	2026-09-21
suncommercial.com	55845	2026-09-21
sundaymail.co.zw	13635	2025-01-23
sundaynews.co.zw	14210	2025-01-22
sundaystandard.info	7282	2026-09-14
sundaytimes.lk	11265	2026-09-20
sundayworld.co.za	10884	2026-09-21
sundayworld.com	50448	2025-11-24
sunderlandecho.com	19890	2025-01-23
sungazette.com	20474	2026-09-21
sunjournal.com	110003	2026-09-20
sunlive.co.nz	44399	2026-09-21
sunnewsonline.com	41578	2024-06-26
sunny1031.com	7157	2026-09-20
sunny1063.com	13719	2026-02-19
sunny923.com	13166	2026-09-18
sunny943.com	11735	2026-09-18
sunnysidesun.com	5601	2023-04-13
sunshinecoastdaily.com.au	63851	2021-06-23
sunshinestatenews.com	9785	2023-07-22
sunstar.com.ph	96531	2026-09-21
suntimes.com	118727	2026-09-21
superbike-news.co.uk	10749	2026-09-21
superherohype.com	19562	2026-09-21
superhits106.com	8115	2026-09-20
superiortelegram.com	19540	2026-09-20
supermarketnews.com	9881	2026-09-18
supertalk.fm	13166	2026-09-21
supertalk1270.com	7933	2026-09-20
supertalk1570.com	16594	2026-07-09
surfky.com	6423	2026-05-29
surinametimes.com	11478	2026-09-21
surinenglish.com	21883	2026-09-20
surreycomet.co.uk	154838	2026-09-21
sussexexpress.co.uk	45134	2025-01-23
sverigesradio.se	7180	2026-04-15
swag1049.com	11874	2026-09-17
swapacd.com	41096	2025-09-25
swarajyamag.com	36344	2026-07-24
sweetwaternow.com	19843	2026-09-21
swfinstitute.org	15178	2024-06-11
swiftcurrentonline.com	22981	2026-09-21
swimmingworldmagazine.com	6148	2026-02-23
swimswam.com	31731	2026-09-21
swindonadvertiser.co.uk	157493	2026-09-21
swiowanewssource.com	10701	2026-09-18
swishappeal.com	5085	2026-09-20
swissinfo.ch	102723	2026-09-20
swnewsmedia.com	10991	2025-08-05
swoknews.com	68754	2026-09-21
swtimes.com	7227	2023-09-11
swvatoday.com	19075	2026-09-19
swxrightnow.com	5318	2020-12-17
sydneysun.com	70675	2026-09-21
syfy.com	22123	2026-09-21
syracuse.com	73906	2026-02-19
t-g.com	6528	2026-09-21
t3.com	29577	2026-09-20
t95.com	5081	2026-09-18
taftmidwaydriller.com	5962	2026-09-19
tag911.ae	9175	2026-09-20
tahlequahdailypress.com	34997	2026-09-21
tahoedailytribune.com	14477	2026-09-19
taipeitimes.com	110130	2026-09-21
taiwannews.com.tw	47002	2025-11-28
taiwansun.com	40252	2026-09-21
taku105.com	6608	2024-02-15
talk1073.com	5907	2026-09-18
talkandroid.com	8023	2026-07-30
talkers.com	7674	2026-09-18
talkingpointsmemo.com	25826	2026-09-19
talkingretail.com	13401	2026-09-18
talkradio1170.com	24565	2021-09-07
talkradio960.com	21706	2026-09-21
talkvietnam.com	179795	2023-11-26
tallahassee.com	13322	2023-09-11
tamilguardian.com	5725	2026-09-21
tampabay.com	40369	2026-03-26
tanzanianewsreports.com	17579	2026-09-17
taosnews.com	12631	2026-09-20
tapeop.com	9996	2026-09-20
tapinto.net	6703	2023-08-03
targatocn.it	7010	2026-09-21
targetednews.com	177791	2026-09-21
tasnimnews.com	10617	2025-10-07
tass.com	97872	2026-04-09
tasteofcountry.com	22702	2026-09-20
tasteofhome.com	11459	2026-09-20
tatler.com	7973	2026-09-19
tatlerasia.com	6896	2025-10-27
tauntongazette.com	6714	2023-09-11
taylorvilledailynews.com	23509	2026-09-21
tbnewswatch.com	27463	2025-09-05
tbnweekly.com	13489	2026-05-04
tbsnews.net	21092	2026-03-19
tcpalm.com	12606	2023-09-11
tctimes.com	7773	2026-09-20
tctmd.com	5075	2026-05-19
td.org	5155	2026-03-11
tdh.gov.tm	5290	2026-09-18
tdn.com	62847	2026-09-18
tdtnews.com	31299	2026-09-21
team-bhp.com	42769	2026-06-08
teammyrtlebeach.com	20251	2023-08-29
teamtalk.com	75929	2026-09-20
teamusa.org	6354	2023-08-16
techcabal.com	16355	2026-09-20
techcentral.co.za	8322	2026-05-14
techcentral.ie	5897	2026-09-18
techcrunch.com	68404	2026-09-20
techdirt.com	42095	2026-09-14
techmoran.com	8915	2026-09-20
technewstoday.com	6238	2024-04-04
technical.ly	7681	2026-09-20
technuter.com	6634	2026-06-04
techradar.com	112544	2026-09-21
techreport.com	6990	2026-03-27
techrepublic.com	7620	2026-09-19
techshout.com	5599	2025-09-07
techspot.com	27085	2026-09-20
techstory.in	47768	2026-09-20
techtimes.com	52169	2026-09-20
techxplore.com	35782	2026-01-29
tehachapinews.com	9965	2026-09-21
tehelka.com	7045	2025-09-08
telecomasia.net	7976	2026-01-12
telecompaper.com	62431	2026-09-21
telecomtv.com	6127	2026-09-18
telegrafi.com	6160	2026-08-28
telegram.com	19979	2023-09-11
telegraph.co.uk	238741	2024-11-25
telegraphherald.com	93854	2026-09-21
telegraphindia.com	208030	2024-07-30
teletrader.com	7453	2024-03-13
televisual.com	6679	2026-09-20
tellerreport.com	12622	2024-04-09
telluridenews.com	5042	2026-09-19
tellychakkar.com	94830	2025-02-28
tempo.com.ph	19338	2025-05-27
tennessean.com	23387	2023-09-11
tennesseedaily.com	140789	2026-09-21
tenterfieldstar.com.au	47495	2026-09-21
terracestandard.com	28738	2026-09-21
terradaily.com	25072	2026-09-17
tert.am	5822	2024-11-27
tewkesburyadmag.co.uk	18216	2021-03-11
texarkanagazette.com	33942	2026-09-21
texasguardian.com	216119	2026-09-21
texasmonthly.com	9598	2026-06-22
texastribune.org	9116	2026-09-20
textileworld.com	10617	2026-09-19
thailand-business-news.com	29289	2026-09-21
thailandnews.net	35676	2026-09-21
thatballsouttahere.com	5101	2026-09-20
thatsmags.com	5879	2025-02-07
the-daily-record.com	10173	2023-09-11
the-dispatch.com	13112	2026-09-19
the-independent.com	28584	2026-09-21
the-journal.com	14093	2026-03-19
the-leader.com	6615	2023-09-11
the-messenger.com	97904	2026-09-21
the-review.com	9253	2023-09-11
the-star.co.ke	77914	2026-09-21
the-sun.com	27495	2026-09-20
the42.ie	76791	2026-09-21
the72.co.uk	11238	2026-09-20
theadanews.com	12355	2026-09-20
theadvertiser.com	7982	2023-09-11
theadviser.com.au	7410	2026-09-21
theadvocate.com	65019	2026-09-19
theadvocate.com.au	63233	2026-09-21
theadvocatengr.com	10123	2021-09-14
theafricareport.com	9656	2026-08-21
theage.com.au	251712	2026-09-21
thealpenanews.com	24851	2026-09-21
theamericanconservative.com	8702	2026-09-21
theanswertampa.com	5052	2024-09-25
thearabtribune.com	9334	2026-09-21
theargus.co.uk	172429	2026-09-21
theartnewspaper.com	14110	2026-09-21
theartsdesk.com	13167	2026-09-21
theasian.asia	6143	2026-09-21
theatermania.com	6037	2026-09-19
theathletic.com	40386	2024-05-13
theatlantic.com	32413	2026-09-21
theaustralian.com.au	85916	2024-07-31
theautochannel.com	11234	2026-09-20
thebangladeshtoday.com	6600	2026-09-20
thebatavian.com	22513	2026-09-21
thebatt.com	5000	2026-09-17
thebeacon.net	5176	2026-09-17
thebeat925.ca	10462	2026-09-21
thebeatdfw.com	11982	2026-09-21
thebeatofthecapital.com	17597	2026-09-21
thebeijinger.com	16151	2026-09-19
thebftonline.com	32204	2026-09-21
thebigdm.com	7589	2026-09-19
thebiglead.com	27857	2026-09-21
thebigstation93blx.com	9732	2026-09-21
theblacksheartimes.com	7317	2026-09-20
theblaze.com	30048	2026-09-20
theboar.org	6100	2026-09-20
theboltonnews.co.uk	160744	2026-09-21
theboneonline.com	15155	2026-09-21
theboot.com	19679	2026-09-21
theborneopost.com	50107	2026-08-30
thebostonpilot.com	21245	2026-09-18
theboxhouston.com	6608	2026-09-18
thebreakingtimes.com	6436	2026-02-05
thebrunswicknews.com	37039	2026-09-21
thebullamarillo.com	9965	2024-04-29
thebulletin.be	8715	2026-05-14
thebulltulsa.com	42888	2025-10-10
thebusinessdesk.com	31203	2026-09-20
thebusinessjournal.com	9775	2026-09-20
thecabin.net	19821	2026-09-19
thecable.ng	102206	2026-08-07
thecaribbeancamera.com	6747	2026-09-20
thecattlesite.com	9227	2026-09-21
thecentersquare.com	47172	2026-06-26
thechiefleader.com	5748	2026-09-19
thechronicle-online.com	36551	2026-06-29
thechronicle.com.au	59588	2024-07-26
thechronicle.com.gh	27532	2026-09-20
thechronicleherald.ca	29241	2020-11-12
thechronicleonline.com	6398	2024-10-01
thecitizen.co.tz	21244	2026-09-20
thecitizen.com	10921	2026-09-20
thecitizen.in	6725	2026-09-21
thecoast.net.nz	8065	2026-09-18
thecollegefix.com	7015	2026-09-21
thecomet.net	41616	2026-09-21
thecommonsenseshow.com	5386	2022-03-12
thecommunityvoice.com	5675	2026-09-21
theconservativetreehouse.com	48178	2026-09-21
theconstructionindex.co.uk	28610	2026-09-21
theconversation.com	102671	2026-09-21
thecork.ie	5273	2026-09-20
thecorner.eu	6066	2026-09-18
thecourier.co.uk	126383	2025-05-27
thecourier.com	6262	2024-02-01
thecourier.com.au	65724	2026-09-21
thecourierexpress.com	34262	2026-09-20
thecragandcanyon.ca	9365	2026-09-20
thecranberryeagle.com	6309	2026-01-17
thecrimson.com	18129	2026-09-21
thedailybeast.com	73235	2026-09-21
thedailyblog.co.nz	22720	2026-09-21
thedailycitizen.com	13014	2024-08-22
thedailyjournal.com	8370	2023-09-11
thedailymash.co.uk	12166	2026-09-19
thedailymeal.com	24204	2026-09-21
thedailynewnation.com	27080	2024-07-26
thedailynewsonline.com	33751	2026-09-21
thedailyrecord.com	30684	2026-06-04
thedailyreporter.com	5901	2023-09-08
thedailyreview.com	39945	2026-09-19
thedailystar.com	35848	2026-09-21
thedailystar.net	217873	2026-09-21
thedailytimes.com	48597	2026-09-21
thedailyworld.com	8470	2026-09-21
theday.com	76094	2024-12-10
thedenverchannel.com	21269	2022-09-07
thedestinlog.com	5975	2023-09-11
thedickinsonpress.com	36520	2026-09-20
thedigitalcourier.com	35239	2026-09-20
thediplomat.com	23062	2026-09-21
thediplomat.ro	11213	2026-09-18
thedp.com	9961	2026-09-21
thedrinksbusiness.com	15213	2026-09-18
thedrum.com	26119	2026-07-15
theduke.fm	7549	2025-08-29
theeagle.com	35966	2026-09-19
theeagle1069.com	11505	2026-09-03
theeagleonline.com.ng	60276	2026-09-21
theeastafrican.co.ke	17594	2026-08-15
theedgemarkets.com	47793	2023-05-12
theedinburghreporter.co.uk	7996	2026-09-20
theengineer.co.uk	9656	2026-06-05
theenterpriseleader.com	376144	2025-04-18
theepochtimes.com	315886	2026-09-21
thefacts.com	21679	2026-09-20
thefader.com	8030	2026-09-17
thefamuanonline.com	5064	2026-09-15
thefan1075.com	76465	2026-09-21
thefanfm.com	20321	2021-03-19
thefastmode.com	16327	2026-09-21
thefederalist.com	30238	2026-09-19
thefencepost.com	10293	2026-09-18
thefirstnews.com	5660	2024-01-28
thefranklinnewspost.com	6660	2026-09-01
thefreepress.ca	29246	2026-09-21
thefreshloaf.com	13703	2026-09-21
thefrisky.com	8666	2026-06-03
thefrontierpost.com	90681	2026-09-20
thefutoncritic.com	38978	2026-09-21
thegadgetman.org.uk	5083	2026-09-19
thegame730am.com	18800	2025-12-01
thegamenashville.com	50827	2026-09-21
thegardenisland.com	17799	2026-09-20
thegazette.com	54166	2026-09-21
theglobeandmail.com	196939	2026-09-21
thegrio.com	41310	2026-09-20
thegrocer.co.uk	30005	2025-09-05
theguardian.com	485900	2026-09-21
theguardian.pe.ca	27018	2020-11-12
thehardtackle.com	50494	2026-09-20
thehawkeye.com	9259	2022-12-02
thehayride.com	5816	2026-09-18
thehealthsite.com	34374	2026-02-16
thehendersonnews.com	10575	2024-05-30
theherald-news.com	9633	2026-01-29
theherald.co.za	7225	2026-09-20
theheraldghana.com	11941	2026-09-20
thehill.com	140700	2026-01-07
thehimalayantimes.com	33165	2026-03-30
thehindu.com	983960	2026-09-21
thehindubusinessline.com	276701	2026-09-21
thehitavada.com	30459	2026-09-21
thehits.co.nz	8410	2026-09-11
thehollywoodgossip.com	16971	2026-09-21
thehorse.com	5111	2026-04-13
thehot1039.com	7164	2026-09-21
thehour.com	150380	2026-06-22
theiet.org	13474	2026-09-19
theifp.ca	7379	2026-09-20
theindependent.co.zw	13749	2026-06-25
theindependent.com	69729	2026-09-20
theindependent.sg	6847	2026-03-17
theindianawaaz.com	31729	2026-09-17
theindychannel.com	8382	2020-08-11
theinertia.com	10475	2026-09-19
theintell.com	5596	2023-01-24
theintelligencer.com	80557	2026-06-22
theintelligencer.net	25421	2026-09-21
theintermountain.com	18210	2026-09-19
theirishfield.ie	12228	2026-09-21
theislamicmonthly.com	5920	2026-09-11
theislandnow.com	5886	2025-10-02
theisonews.com	30453	2020-10-30
theitem.com	25833	2026-09-20
thejakartapost.com	69868	2026-09-21
thejc.com	11532	2026-09-20
thejerseytomatopress.com	8608	2025-07-12
thejetpress.com	5483	2026-09-20
thejournal.ie	120330	2026-09-21
thejoyfm.com	8203	2026-01-05
thejudge13.com	5716	2026-09-20
thekansan.com	9307	2026-09-17
thelancasterandmorecambecitizen.co.uk	31708	2023-02-07
thelancet.com	7560	2024-04-30
theland.com.au	45271	2026-09-21
thelandryhat.com	5931	2026-09-21
theleader.com.au	88137	2026-09-21
theleader.info	16808	2026-09-20
theleafchronicle.com	6764	2023-09-11
theledger.com	15716	2023-09-11
thelincolnite.co.uk	16781	2025-10-23
thelinkpaper.ca	5214	2026-09-21
thelocal.at	7163	2026-09-21
thelocal.ch	7755	2026-09-21
thelocal.de	12935	2026-09-21
thelocal.dk	8051	2026-09-20
thelocal.es	9722	2026-09-21
thelocal.fr	16586	2026-09-20
thelocal.it	8378	2026-09-20
thelocal.no	7418	2026-09-20
thelocal.se	11367	2026-09-21
thelondoner.ca	36738	2025-12-17
themag.co.uk	14143	2026-09-21
themainewire.com	9662	2026-09-20
themalaysianinsight.com	24614	2024-09-16
themaneland.com	6013	2026-09-21
themarketsdaily.com	579735	2026-09-21
themarysue.com	33668	2026-09-14
themedialine.org	22934	2026-09-20
themediaonline.co.za	6082	2026-09-18
themercury.com.au	36877	2024-07-29
themiamihurricane.com	5507	2026-09-20
themiddlemarket.com	23964	2026-08-19
themilitant.com	5446	2026-09-11
themobileindian.com	12787	2026-09-21
themonitor.com	5325	2021-01-11
themorningbulletin.com.au	63217	2021-06-23
themorningsun.com	34056	2026-09-21
themoscowtimes.com	22539	2026-09-20
themountainmail.com	22687	2026-09-19
themountainpress.com	26107	2026-09-20
themunicheye.com	8149	2026-09-20
themusic.com.au	9878	2026-08-12
thenassauguardian.com	24788	2026-09-19
thenation.com	19588	2026-09-21
thenational.ae	31171	2020-10-14
thenational.com.pg	19853	2026-09-21
thenational.scot	109969	2026-09-20
thenationalherald.com	7932	2026-05-07
thenationalnews.com	61266	2026-09-21
thenationonlineng.net	198794	2026-09-21
thenelsondaily.com	6189	2024-09-27
thenewamerican.com	8704	2026-09-19
thenewdaily.com.au	23374	2025-01-23
thenewdawnliberia.com	24171	2026-09-20
thenewpulsefm.com	6733	2026-09-21
thenews-chronicle.com	36773	2025-01-29
thenews-messenger.com	7786	2023-09-11
thenews.com.pk	490769	2026-09-21
thenewsguard.com	9349	2026-09-20
thenewsherald.com	24272	2026-09-20
thenewsminute.com	31881	2026-09-20
thenewsnigeria.com.ng	11439	2026-09-21
thenewsstar.com	6563	2023-09-11
thenewswheel.com	6752	2026-07-07
thenextweb.com	11499	2026-09-20
thenigerianvoice.com	9550	2026-03-11
thenortheasttoday.com	6563	2025-10-20
thenorthernecho.co.uk	224439	2026-09-21
thenorthlines.com	46815	2026-09-21
thenorthwestern.com	9314	2023-09-11
theoaklandpress.com	43913	2026-09-21
theobserver.ca	48272	2026-09-20
theolivepress.es	31293	2026-07-30
theonion.com	9813	2026-09-20
theonlinecitizen.com	8082	2025-02-13
theparisnews.com	31381	2026-09-21
thepeak1041.com	13904	2026-09-13
thepeakfm.com	8299	2026-09-21
thepeninsulaqatar.com	166250	2026-09-21
thepeoplesperson.com	36076	2026-09-20
thepeterboroughexaminer.com	60606	2026-09-21
thephinsider.com	10742	2026-09-21
thephuketnews.com	19442	2025-03-05
thepienews.com	5284	2026-09-19
thepigsite.com	8057	2026-09-21
thepilot.com	7399	2026-09-20
thepinetree.net	5733	2026-09-20
thepinknews.com	20996	2026-09-19
thepiratescove.us	9007	2025-09-07
theplainsman.com	6597	2026-08-11
thepoint.gm	14713	2026-09-18
thepointsguy.com	19635	2026-09-20
theportugalnews.com	49648	2026-09-20
thepost.on.ca	23589	2026-08-28
thepostathens.com	11586	2026-09-21
thepoultrysite.com	8236	2026-09-18
theprint.in	20423	2026-08-04
theproducenews.com	11398	2026-01-03
theprogress.com	32400	2026-09-21
theprogressnews.com	16046	2026-09-20
theprovince.com	28078	2026-09-21
theprowersjournal.com	5699	2026-09-16
thepublicopinion.com	26347	2023-09-11
thequietus.com	10072	2026-09-21
thequint.com	6366	2026-03-16
therakyatpost.com	18950	2026-09-21
theranch.fm	9205	2026-09-08
therealdeal.com	50897	2026-09-14
therebelrocks.com	19458	2022-08-22
therecord.com	34331	2026-09-21
theredstonerocket.com	5153	2026-09-16
thereflector.com	10156	2026-09-16
theregister.com	37198	2026-09-21
thereminder.ca	98297	2026-09-20
thereporter.com	11443	2026-09-20
thereporteronline.com	44128	2026-09-21
therepublic.com	102406	2026-04-01
theridgefieldpress.com	54487	2025-06-14
therightscoop.com	14236	2026-09-20
theroar.com.au	38250	2026-09-21
therockofrochester.com	36612	2026-09-20
therolladailynews.com	8983	2026-08-24
theroot.com	18665	2026-09-20
therural.com.au	43260	2026-09-21
thesalemnewsonline.com	28326	2026-09-01
thescarboroughnews.co.uk	18854	2025-01-23
thescore.com	5139	2026-03-18
thescore1260.com	45131	2026-09-21
thescottishfarmer.co.uk	25499	2026-09-21
thescottishsun.co.uk	6966	2026-02-23
thesheridanpress.com	6755	2026-09-15
theshillongtimes.com	50590	2026-09-21
thesierraleonetelegraph.com	8677	2026-09-20
thesixthaxis.com	9648	2026-09-19
theskanner.com	6754	2026-05-10
theskinny.co.uk	6734	2026-09-10
thesource.com	37867	2026-09-20
thesouthafrican.com	134166	2026-09-20
thesouthern.com	56356	2026-09-20
thesouthernreporter.co.uk	9553	2025-01-23
thespec.com	34323	2026-09-21
thespectrum.com	5397	2023-09-09
thespiritsbusiness.com	13040	2026-09-18
thespread.com	20558	2026-05-11
thespun.com	17568	2023-10-13
thestandard.co.zw	20544	2026-09-01
thestandard.com.hk	105808	2026-03-02
thestandard.org.nz	7041	2025-10-04
thestar.co.uk	20920	2025-01-23
thestar.com	98029	2026-09-18
thestar.com.my	496599	2026-09-21
thestarphoenix.com	39161	2026-09-21
thestarpress.com	7271	2023-09-11
thestatesman.com	68849	2026-06-10
thestkittsnevisobserver.com	5100	2026-03-17
thestrad.com	8272	2025-09-05
thestranger.com	13070	2026-09-19
thestreet.com	43387	2026-08-04
thestreetjournal.org	48434	2026-01-16
thesubtimes.com	14335	2025-10-04
thesuburban.com	18175	2026-09-20
thesudburystar.com	61599	2026-09-21
thesun.co.uk	70396	2026-09-13
thesun.ie	20857	2026-03-18
thesun.my	39404	2026-02-08
thesun.ng	39431	2026-09-21
thesunchronicle.com	84818	2026-09-21
thesundaily.my	99874	2023-11-06
thesylvaherald.com	5948	2026-09-16
thetab.com	32517	2026-09-19
thetablet.co.uk	6054	2026-09-20
thetablet.org	9178	2026-09-18
thetandd.com	58937	2026-09-19
thetelegram.com	22428	2020-11-11
thetelegraph.com	163596	2026-06-22
thetelegraphandargus.co.uk	179997	2026-09-21
thethaiger.com	14483	2026-03-19
thetidenewsonline.com	34767	2026-09-21
thetimes-tribune.com	70947	2026-09-21
thetimes.co.uk	214037	2024-06-05
thetimes.com	85667	2026-09-21
thetimesherald.com	5081	2023-09-11
thetimesnews.com	12492	2026-09-19
thetimestribune.com	24975	2026-09-21
thetottenhamindependent.co.uk	96566	2026-09-21
thetowntalk.com	5540	2023-09-11
thetrucker.com	14289	2026-09-20
thetruthaboutcars.com	16309	2026-09-20
theturtleislandnews.com	18912	2026-09-18
thetyee.ca	9166	2026-09-21
theuknews.com	38649	2026-09-21
theunion.com	19896	2026-09-19
theurbandaily.com	9353	2026-09-10
theusnews.com	141469	2026-09-21
theverge.com	67091	2026-09-21
thevermilion.com	6138	2026-09-21
thevisitor.co.uk	5324	2021-12-13
thevoicebw.com	6374	2024-08-09
thevoiceslu.com	15351	2026-09-19
thevwindependent.com	8587	2026-09-21
thewave.ca	10659	2025-12-07
theweek.co.uk	12509	2023-09-12
theweek.com	54306	2026-09-21
theweek.in	89857	2026-08-25
theweektoday.com	18233	2024-09-18
thewest.com.au	9218	2026-09-07
thewesterlysun.com	24674	2026-09-19
thewestmorlandgazette.co.uk	198247	2026-09-21
thewestonforum.com	6800	2025-10-31
thewestonmercury.co.uk	58419	2026-09-21
thewhig.com	51314	2026-09-21
thewhiskeywash.com	14969	2026-09-20
thewire.in	44530	2024-03-27
thewolf.ca	8121	2026-09-19
theworld.org	9079	2026-06-26
theworldlink.com	22025	2026-09-20
thewrap.com	80685	2026-09-21
thexboxhub.com	10111	2026-09-20
thexradio.com	11104	2026-09-21
theyeshivaworld.com	35412	2026-09-20
theyucatantimes.com	9446	2025-06-10
thezimbabwean.co	7034	2026-09-20
thezimbabwedaily.com	16271	2026-02-04
thezimbabwemail.com	31972	2026-08-29
thirdsector.co.uk	8964	2026-07-03
thisdaylive.com	168914	2026-09-21
thisisanfield.com	21552	2026-01-24
thisislancashire.co.uk	54733	2023-02-07
thisislocallondon.co.uk	155513	2025-12-03
thisismoney.co.uk	52701	2025-11-06
thisisoxfordshire.co.uk	173770	2026-09-21
thisisthewestcountry.co.uk	18359	2023-02-07
thisiswiltshire.co.uk	138215	2026-09-21
thomasnet.com	15573	2024-02-05
thompsoncitizen.net	86287	2025-01-20
thunder987.com	5645	2021-03-31
thurrockgazette.co.uk	94666	2026-09-21
thurstontalk.com	6247	2026-09-21
thv11.com	51235	2026-06-05
thyblackman.com	10245	2026-09-21
tibet.net	9864	2026-09-21
tickerreport.com	452907	2026-09-21
ticotimes.net	6449	2026-01-09
tide1009.com	6739	2026-03-09
tiftongazette.com	10449	2026-09-20
tigerdroppings.com	5399	2022-01-13
tigernet.com	9295	2025-11-20
tigersroar.com	9921	2026-09-18
tillamookheadlightherald.com	14415	2026-09-20
timberjay.com	6895	2026-09-21
time.com	26694	2026-09-20
timeout.com	19607	2026-09-20
timeoutdubai.com	8263	2023-01-03
times-gazette.com	8414	2023-09-11
times-herald.com	6739	2026-09-19
times-journal.com	6315	2026-09-20
times-news.com	38462	2026-09-21
times-series.co.uk	102599	2026-09-21
times-standard.com	16233	2026-09-21
times.co.sz	9098	2026-03-15
timesandstar.co.uk	154914	2026-09-21
timesargus.com	34336	2026-09-21
timesbulletin.com	6965	2026-09-18
timesca.com	14648	2026-09-19
timescall.com	40803	2026-09-21
timescitizen.com	6096	2026-09-21
timescolonist.com	119190	2025-01-21
timesdaily.com	46083	2026-09-21
timesenterprise.com	9105	2026-09-21
timesfreepress.com	36986	2026-09-21
timesgazette.com	8366	2025-09-17
timesherald.com	45512	2026-09-21
timesheraldonline.com	10669	2026-09-20
timeshighereducation.com	11548	2026-09-21
timesleader.com	21934	2026-09-21
timesleader.net	6326	2026-09-18
timesleaderonline.com	18705	2026-09-21
timeslive.co.za	138589	2026-09-21
timesnews.net	36240	2025-11-11
timesnewspapers.com	5093	2026-09-21
timesnownews.com	143696	2026-04-29
timesofearth.com	6468	2026-09-20
timesofisrael.com	138709	2023-11-04
timesofmalta.com	121997	2026-04-15
timesofoman.com	53677	2026-09-21
timesofsandiego.com	24538	2026-09-21
timesonline.com	9679	2023-09-11
timesrecordnews.com	9821	2023-09-11
timesreporter.com	10999	2023-09-11
timesrepublican.com	22480	2026-09-20
timesreview.com	23630	2026-06-04
timestelegram.com	7281	2023-09-11
timesunion.com	119604	2025-11-14
timeswv.com	18913	2026-09-18
timminspress.com	59016	2026-09-21
timminstimes.com	44691	2026-01-26
tipperarylive.ie	30669	2026-05-14
tippfm.com	18541	2026-07-17
tippmidwestradio.com	13391	2026-09-18
tirebusiness.com	6666	2026-06-09
titansradio.com	16469	2026-09-21
titusvilleherald.com	22168	2022-12-01
tivysideadvertiser.co.uk	126654	2026-09-21
tmcnet.com	437717	2025-01-23
tmj4.com	6376	2026-03-19
tmz.com	54732	2026-09-21
tnledger.com	49745	2026-09-15
tnonline.com	38265	2026-09-20
tnp.sg	13213	2025-10-30
today.az	57389	2026-07-15
today.com	70061	2026-09-21
today.ng	48383	2024-06-20
today.rtl.lu	6406	2026-05-21
todayfm.com	16771	2026-09-20
todayheadline.co	7585	2025-01-27
toffeeweb.com	8843	2026-09-20
tokyoreporter.com	5224	2026-09-21
tolonews.com	32868	2024-06-06
tomsguide.com	53821	2026-09-21
tomshardware.com	19718	2026-09-20
tonyskansascity.com	46586	2026-09-21
topspeed.com	25957	2026-09-21
topwirenews.com	19571	2026-09-11
tor.com	21154	2024-01-23
toronto.citynews.ca	79193	2026-09-21
toronto.com	16338	2026-09-20
toronto.ctvnews.ca	37722	2025-01-23
torontosun.com	96683	2026-09-21
torontotelegraph.com	106004	2026-09-21
torquenews.com	29862	2026-09-20
totaltele.com	9709	2026-09-17
toucharcade.com	6249	2025-04-19
towleroad.com	15902	2024-04-28
townandcountrymag.com	19123	2026-09-20
townhall.com	95328	2026-09-21
townsvillebulletin.com.au	91543	2026-09-21
toynews-online.biz	5662	2026-09-17
tpr.org	35260	2026-09-21
tradearabia.com	118519	2026-09-20
tradeonlytoday.com	5849	2026-09-18
tradersmagazine.com	8302	2026-09-18
tradewindsnews.com	8151	2026-03-18
trains.com	13785	2026-09-20
trak.in	9463	2026-09-21
transylvaniatimes.com	9897	2026-09-19
travelandleisure.com	22155	2026-03-17
travelbizmonitor.com	8841	2026-08-27
traveldailymedia.com	27645	2026-06-05
traveldailynews.asia	10250	2026-04-19
traveldailynews.com	24067	2026-01-24
travelextra.ie	12007	2026-09-21
traveller.com.au	6007	2023-04-11
travelmarketreport.com	12150	2026-09-19
travelmole.com	9334	2026-05-01
travelweekly.com	19561	2026-02-06
travelweekly.com.au	18266	2026-09-21
trbusiness.com	9135	2026-09-18
trend.az	33912	2026-09-21
trentonian.ca	44449	2026-06-22
trentonian.com	30887	2026-09-21
trib.com	63133	2026-09-20
tribdem.com	59627	2026-09-21
tribecacitizen.com	5658	2026-09-21
triblive.com	99379	2026-05-04
tribstar.com	51512	2026-09-19
tribtoday.com	29453	2026-09-19
tribtown.com	97408	2025-04-15
tribune.com.pk	264882	2026-09-21
tribune.net.ph	67521	2026-09-21
tribune242.com	45850	2026-09-18
tribuneindia.com	291571	2026-09-21
tribuneledgernews.com	34544	2026-09-19
tribuneonlineng.com	165150	2026-09-21
tribunnews.com	10202	2026-09-02
tribute.ca	8148	2025-01-21
tricitynews.com	79527	2025-08-01
trinidadexpress.com	52477	2026-09-21
trinidadtimes.com	53931	2026-09-21
triplicate.com	5738	2026-09-03
troyrecord.com	39046	2026-09-20
trtworld.com	11841	2026-03-19
truebluela.com	11041	2026-09-21
truenorthreports.com	6071	2023-06-30
trumbulltimes.com	49197	2025-06-14
trussvilletribune.com	12497	2026-09-19
trust.org	37925	2026-04-28
trustedreviews.com	22755	2026-09-20
truthout.org	19316	2026-09-19
tsln.com	8270	2026-09-20
tsn.ca	167014	2026-09-21
tspr.org	24857	2026-09-20
ttgasia.com	13258	2026-09-21
ttnworldwide.com	7713	2026-09-21
ttrweekly.com	10914	2026-09-18
tucson.com	195328	2026-09-20
tucsonpost.com	40841	2026-09-21
tucsonsentinel.com	21556	2025-07-21
tucsonweekly.com	8413	2026-09-20
tudno.co.uk	20766	2023-04-26
tuko.co.ke	17879	2026-03-19
tulsaworld.com	111106	2026-09-20
tuoitrenews.vn	28862	2025-04-16
turkishpress.com	8519	2024-03-13
turlockjournal.com	5368	2026-09-19
turnto10.com	51645	2026-09-21
turnto23.com	50196	2026-09-21
tuscaloosanews.com	10891	2023-09-11
tv6tnt.com	23630	2026-09-20
tvfanatic.com	6905	2025-05-15
tvgrapevine.com	16815	2026-09-21
tvguide.co.uk	1956802	2026-09-20
tvguide.com	9831	2026-09-20
tvline.com	21287	2026-09-21
tvnewscheck.com	26567	2026-09-20
tvnz.co.nz	5645	2021-10-05
tvone.tv	5584	2026-09-17
tvovermind.com	19971	2026-09-20
tvseriesfinale.com	6214	2026-09-21
tvtechnology.com	11728	2026-09-18
tvtonight.com.au	29186	2026-09-21
tweaktown.com	28503	2025-03-01
tweeddailynews.com.au	45440	2021-04-28
twincities.com	39528	2026-09-21
twinsdaily.com	15840	2026-09-21
twitchy.com	63548	2026-09-21
twtd.co.uk	111581	2026-09-20
tylerpaper.com	28783	2026-09-21
typepad.com	10528	2024-12-01
tyrepress.com	6867	2026-09-18
ualrpublicradio.org	50053	2026-09-21
uark.edu	7357	2026-09-18
ubergizmo.com	8046	2026-09-20
ucanews.com	24644	2025-01-23
ucla.edu	6816	2026-09-19
udaipurkiran.com	79829	2026-09-21
udayavani.com	18338	2026-09-21
udn.com	7845	2026-09-21
uefa.com	8140	2024-07-24
uexpress.com	18136	2026-01-13
ufc.com	7257	2026-09-20
uk.com	8365	2026-09-20
ukiahdailyjournal.com	11215	2026-09-21
ukrainianjournal.com	15275	2026-01-27
ukrinform.net	22093	2026-03-19
uky.edu	8918	2026-09-18
ulladullatimes.com.au	63620	2026-09-21
uloop.com	11145	2026-09-20
ultimateclassicrock.com	16472	2026-09-20
ummid.com	19360	2026-09-21
umn.edu	14215	2026-09-19
un.org	6572	2026-09-19
uncrate.com	10215	2026-09-19
undercurrentnews.com	33346	2026-09-20
undertheradar.co.nz	25345	2026-09-21
undertheradarmag.com	18765	2026-07-24
undp.org	28158	2026-09-19
unesco.org	5061	2026-08-09
unian.info	12516	2026-02-09
uniindia.com	31007	2026-03-17
union-bulletin.com	45962	2026-09-21
uniondemocrat.com	13440	2026-09-19
unionleader.com	99851	2026-09-21
unionrecorder.com	12274	2026-09-17
unitaid.eu	25148	2026-08-02
unitedwithisrael.org	13845	2026-07-22
universetoday.com	5304	2026-09-21
universityworldnews.com	14324	2026-09-20
unm.edu	5517	2026-09-19
unmultimedia.org	7763	2023-10-16
uow.edu.au	17760	2024-11-07
updatesnews.com	25511	2022-10-01
upenn.edu	7200	2026-09-18
upi.com	102258	2026-09-08
upnorthlive.com	39224	2026-09-21
uppermichiganssource.com	33943	2026-09-20
upr.org	52689	2026-09-21
uproxx.com	21014	2026-09-17
upstract.com	65174	2021-06-14
upstreamonline.com	25058	2026-09-21
urbanacitizen.com	5866	2025-09-17
urbanmilwaukee.com	34269	2026-09-21
urdupoint.com	44060	2025-01-27
us103.com	26107	2026-05-31
us105fm.com	37675	2026-09-21
usanetwork.com	7362	2025-08-13
usatoday.com	217936	2025-04-26
usembassy.gov	7987	2026-09-16
usf.edu	64607	2026-02-26
usmagazine.com	67851	2026-09-21
usnews.com	60090	2024-07-31
usni.org	7584	2026-06-01
utahindependent.com	23321	2026-09-21
utdailybeacon.com	5020	2026-09-18
uticaod.com	14125	2023-09-11
utilitydive.com	9893	2026-09-20
utv44.com	6297	2026-09-19
v100fm.com	6418	2026-09-21
v100rocks.com	14191	2026-09-21
v1019.com	20001	2026-09-19
vaalweekblad.com	14927	2023-11-09
vaildaily.com	29102	2026-09-21
valdostadailytimes.com	76053	2026-09-20
valleybreeze.com	13927	2026-09-18
valleymorningstar.com	6006	2021-01-11
valleynewslive.com	33556	2026-09-21
valuewalk.com	9489	2025-01-23
vancourier.com	30069	2021-01-13
vancouverisland.ctvnews.ca	24416	2026-09-11
vancouversun.com	59094	2026-09-21
vandaliaradio.com	12044	2026-09-20
vanguardngr.com	222467	2026-09-21
vanityfair.com	19119	2026-09-21
variety.com	97890	2026-09-21
varsity.co.uk	8906	2026-09-20
vavel.com	12315	2026-09-21
vccircle.com	11435	2026-09-21
vcstar.com	9705	2023-09-11
vcyamerica.org	5662	2023-07-13
vdare.com	10802	2024-07-25
vegnews.com	12996	2026-09-19
venezuelastar.com	21420	2026-09-21
venturebeat.com	5743	2025-08-30
venturesafrica.com	22144	2024-11-16
vermilionstandard.com	12892	2026-09-20
vermontbiz.com	25491	2026-09-21
vernonmorningstar.com	52957	2026-09-21
verticalmag.com	14059	2026-09-21
vervetimes.com	11695	2025-01-26
vestnikkavkaza.net	24786	2022-01-22
veteranstoday.com	14175	2025-02-13
vg247.com	9510	2026-09-08
vgchartz.com	40966	2026-09-21
vibe.com	12110	2026-09-18
vice.com	21263	2026-09-21
vicnews.com	38666	2026-09-21
victoriaadvocate.com	5708	2026-09-20
victorygirlsblog.com	6855	2026-09-21
videtteonline.com	7616	2026-09-18
vietnamnet.vn	30619	2026-06-03
vietnamnews.vn	65368	2026-09-21
vietnamtribune.com	62107	2026-09-21
viewngr.com	44838	2025-01-29
vikings.com	5793	2026-09-21
vikingsterritory.com	18747	2026-09-20
villagesoup.com	21386	2024-09-18
vindy.com	50011	2026-09-21
vir.com.vn	29654	2026-09-21
virginislandsdailynews.com	19955	2026-09-21
virginislandsnewsonline.com	37676	2026-09-20
virginradio.co.uk	8278	2026-09-19
visayandailystar.com	32164	2026-06-06
vision.org.au	8529	2026-07-31
visionmp.com	10399	2026-07-10
vladtv.com	46407	2026-09-20
vmagazine.com	7602	2026-06-03
vnews.com	21097	2026-09-21
vnexpress.net	16986	2026-03-19
voanews.com	134105	2025-03-20
voazimbabwe.com	12730	2026-03-20
vocm.com	40213	2026-09-20
vogue.co.uk	19070	2026-09-20
vogue.com	34362	2026-09-21
vogue.in	10866	2026-09-20
voice-online.co.uk	11081	2026-09-18
voicenews.com	19643	2025-11-04
voiceofalexandria.com	81493	2026-09-21
voiceofvienna.org	15798	2026-09-21
voiceonline.com	10187	2026-09-20
vol.at	16957	2026-09-20
volcanodiscovery.com	17768	2026-09-10
volumeone.org	5014	2026-09-20
vovworld.vn	9520	2026-01-25
vox.com	20172	2026-09-20
voxy.co.nz	48332	2026-07-07
vpm.org	20009	2023-01-27
vpr.org	5702	2022-06-22
vtcng.com	14880	2026-09-21
vtdigger.org	12922	2026-09-20
vulcanadvocate.com	8849	2026-09-20
vulture.com	26132	2026-09-21
vvdailypress.com	8735	2023-09-11
w4country.com	6028	2026-09-21
wa1a.com	10569	2026-09-21
waateanews.com	26366	2026-09-21
waaytv.com	47338	2026-08-02
wabcradio.com	7619	2025-02-02
wabe.org	21327	2026-04-24
wabi.tv	38730	2026-09-20
wabx.net	34567	2026-09-21
wach.com	39266	2026-09-21
wacotrib.com	70918	2026-09-19
wadenapj.com	25734	2026-09-21
wadk.com	36753	2026-09-21
waer.org	41581	2026-09-21
wafb.com	39243	2026-09-21
waff.com	33997	2026-09-21
wagmtv.com	12457	2026-09-19
wahoo-ashland-waverly.com	17425	2026-09-16
wahpetondailynews.com	16136	2026-09-21
wajr.com	5185	2026-09-20
waka.com	11428	2026-09-21
wakefieldexpress.co.uk	18345	2025-01-23
wakg.com	7980	2026-09-18
walb.com	34071	2026-09-21
walesonline.co.uk	258236	2026-09-21
walkermn.com	15216	2026-09-20
wallaceburgcourierpress.com	38498	2026-06-29
wallowa.com	8464	2026-09-19
wallpaper.com	15579	2026-09-21
walls102.com	8142	2023-06-13
wallstreet-online.de	85853	2026-09-21
wam.ae	15139	2023-11-04
wamc.org	53604	2026-09-21
wamda.com	5912	2026-09-17
wandsworthguardian.co.uk	132806	2026-09-21
wandtv.com	61613	2026-09-21
wantedinrome.com	9105	2026-09-19
wape.com	13151	2026-09-21
wapt.com	69379	2026-09-21
wardsauto.com	7046	2026-02-03
warm1033.com	24385	2026-09-21
warm1069.com	9898	2026-09-21
warm98.com	11754	2026-09-21
warringtonguardian.co.uk	157714	2026-09-21
warsawvoice.pl	12750	2026-03-18
warwickdailynews.com.au	51988	2021-04-28
warwickonline.com	5971	2026-09-19
warwickshireworld.com	12934	2025-01-23
washingtonblade.com	8607	2026-09-20
washingtonexaminer.com	162865	2026-09-20
washingtonian.com	13169	2026-09-18
washingtoninformer.com	7078	2026-09-20
washingtonjewishweek.com	5040	2026-09-19
washingtonpost.com	306594	2024-08-02
washingtontimes.com	292813	2026-04-13
washtimesherald.com	43507	2026-09-20
waste360.com	5106	2025-01-19
wataugademocrat.com	50100	2026-09-21
watchingamerica.com	8178	2026-09-20
waterford-news.ie	68324	2026-09-21
watermarkonline.com	35425	2025-11-03
wateronline.com	11021	2026-09-18
waterwaysjournal.net	5538	2026-09-18
watfordobserver.co.uk	113034	2026-09-21
watoday.com.au	134366	2026-09-21
wattsupwiththat.com	8575	2026-09-21
wausaudailyherald.com	9127	2023-09-11
waxahachietx.com	5982	2026-09-13
wbaa.org	78721	2026-09-21
wbal.com	70127	2026-09-07
wbaltv.com	76394	2026-09-21
wbap.com	89456	2026-09-21
wbay.com	39687	2026-09-21
wbbjtv.com	34809	2026-09-21
wbckfm.com	23781	2025-11-29
wbco.com	6317	2026-09-18
wbez.org	6756	2026-09-20
wbfo.org	39821	2025-04-01
wbgo.org	6037	2026-09-21
wbir.com	60093	2026-06-05
wbiw.com	47231	2026-09-20
wbjournal.com	13718	2026-09-18
wbkb11.com	6980	2026-09-20
wbko.com	24420	2026-09-21
wbkr.com	25853	2026-09-21
wblk.com	38902	2026-09-20
wblm.com	34006	2026-09-20
wbls.com	9612	2026-09-18
wbmq.net	17237	2020-08-26
wbng.com	24085	2026-09-20
wbnowqct.com	5796	2026-09-18
wbnq.com	13034	2026-09-20
wboc.com	92322	2026-09-21
wboi.org	46128	2026-09-21
wbrc.com	47945	2026-09-21
wbrz.com	74539	2026-09-21
wbsm.com	20628	2026-09-21
wbszfm.com	5342	2026-09-15
wbt.com	8904	2026-09-20
wbtmdanville.com	9573	2026-09-11
wbtv.com	37027	2026-09-21
wbur.org	55017	2026-09-20
wbwn.com	9573	2026-09-20
wcax.com	41133	2026-09-21
wcbe.org	59746	2026-09-21
wcbi.com	21597	2026-09-21
wcbm.com	31377	2026-09-21
wccbcharlotte.com	42396	2026-09-21
wccftech.com	48486	2026-09-21
wccq.com	9401	2024-05-24
wcfcourier.com	114517	2026-09-19
wchstv.com	37987	2026-09-21
wcjb.com	33633	2026-09-21
wclk.com	34230	2026-09-21
wclo.com	10685	2025-05-20
wcnc.com	66822	2026-06-06
wcoapensacola.com	43627	2026-09-21
wcpo.com	33437	2026-09-19
wcrz.com	22281	2026-09-21
wcsmradio.com	10527	2026-09-20
wcsufm.org	65843	2026-09-21
wcsx.com	18327	2026-09-20
wcsy.com	39592	2026-09-20
wcti12.com	44262	2026-09-21
wctrib.com	54578	2026-09-19
wctv.tv	30164	2026-09-21
wcvb.com	104951	2026-09-21
wcyb.com	34937	2026-09-21
wcyy.com	30501	2026-09-20
wdadradio.com	14990	2026-09-20
wdam.com	36296	2026-09-21
wdbj7.com	35544	2026-09-21
wdbo.com	50587	2026-09-21
wdbqam.com	10137	2026-09-18
wdef.com	24777	2026-07-21
wdel.com	26120	2026-09-20
wden.com	5772	2026-09-21
wdet.org	10322	2026-09-19
wdez.com	22949	2026-09-20
wdhafm.com	16067	2026-09-21
wdio.com	63467	2026-09-21
wdiy.org	45643	2026-09-21
wdjx.com	8819	2026-09-20
wdkx.com	5395	2022-07-25
wdrb.com	101048	2026-09-01
wdrv.com	9364	2026-09-18
wdsm710.com	40621	2026-09-21
wdsu.com	106835	2026-09-21
wdtimes.com	34871	2026-09-21
wdtv.com	20927	2026-09-21
wdzz.com	9071	2026-09-21
weaa.org	51021	2025-02-25
wealthmanagement.com	17534	2026-09-18
weareiowa.com	7839	2026-03-16
weartv.com	36329	2026-09-21
weatherforddemocrat.com	14253	2026-09-19
weathernationtv.com	6165	2026-09-21
weau.com	32260	2026-09-21
webcamfeet.com	5756	2021-11-12
webindia123.com	434454	2026-09-21
webmd.com	10306	2026-09-18
webpronews.com	32496	2026-09-17
webwire.com	38562	2026-09-21
wect.com	37084	2026-09-21
weeklyblitz.net	32282	2026-09-20
weeklytimesnow.com.au	11584	2024-07-22
weforum.org	8434	2024-01-12
wegotthiscovered.com	68271	2025-02-24
weirtondailytimes.com	22257	2026-09-19
weisradio.com	18260	2026-01-06
wellandtribune.ca	73568	2026-09-21
wellingtondailynews.com	5444	2026-08-30
wellingtontimes.com.au	37816	2026-09-21
wellsvilledaily.com	5537	2022-04-14
wemu.org	34922	2026-09-21
wenatcheeworld.com	25601	2026-09-19
wenxuecity.com	36810	2026-09-21
weny.com	30686	2026-09-20
wesa.fm	41179	2026-06-04
wesh.com	79943	2026-09-19
wesm913.org	17888	2022-01-28
westcentralonline.com	17907	2026-09-20
westcentralsbest.com	48684	2026-09-21
westerlynews.ca	31670	2026-09-20
westernadvocate.com.au	113060	2026-09-21
westernmassnews.com	23475	2026-09-21
westernpeople.ie	36405	2026-09-21
westerntelegraph.co.uk	126851	2026-09-21
westernweekender.com.au	5770	2026-09-21
westernwheel.ca	6258	2025-09-05
westfaironline.com	12784	2026-09-21
westhawaiitoday.com	20432	2026-09-20
westkentuckystar.com	30072	2026-09-21
westmeathexaminer.ie	48112	2026-09-21
westmeathindependent.ie	47238	2026-09-21
westofthei.com	7258	2026-09-21
westport-news.com	54149	2022-03-01
westseattleblog.com	48871	2026-09-21
westsussextoday.co.uk	7480	2022-02-09
westword.com	13328	2026-09-20
wetaskiwintimes.com	15682	2026-09-21
weyburnreview.com	37373	2021-07-29
wfaa.com	64004	2026-06-05
wfae.org	71717	2026-09-21
wfasam.com	13055	2026-09-16
wfav951.com	14253	2026-09-18
wfdd.org	53314	2026-09-21
wfgr.com	21383	2024-07-03
wfin.com	45335	2025-06-14
wfirnews.com	5340	2026-09-18
wfit.org	6691	2026-09-17
wfiwradio.com	12591	2026-09-19
wfls.com	17478	2026-09-21
wflx.com	33424	2026-09-21
wfmd.com	15184	2026-09-21
wfmj.com	111815	2026-09-21
wfms.com	7331	2026-09-21
wfmynews2.com	66653	2026-06-05
wfmz.com	256348	2026-09-21
wfnc640am.com	68934	2026-08-18
wfnt.com	13329	2026-09-19
wfsb.com	37319	2026-09-21
wfsu.org	48986	2026-09-21
wftv.com	46604	2026-09-21
wftw.com	69191	2025-03-28
wfuv.org	9681	2026-09-21
wfxd.com	6582	2026-04-09
wfxl.com	6512	2025-09-11
wfyi.org	15027	2026-09-19
wgac.com	6689	2026-09-19
wgal.com	84252	2026-09-21
wgan.com	15585	2026-09-20
wgauradio.com	61767	2026-09-21
wgbh.org	24213	2026-09-19
wgcu.org	32355	2026-09-21
wgil.com	10108	2026-09-17
wglr.com	25627	2026-09-20
wglt.org	61631	2026-09-21
wgmd.com	40866	2026-09-20
wgme.com	43232	2026-09-21
wgna.com	34323	2026-09-21
wgni.com	9447	2026-09-20
wgnsradio.com	16837	2026-07-31
wgntv.com	7621	2026-05-05
wgog.com	6255	2026-09-18
wgow.com	46904	2026-09-20
wgowam.com	75077	2026-09-20
wgrd.com	45152	2026-09-19
wgrr.com	10061	2026-09-21
wgrz.com	46639	2026-06-05
wgxa.tv	11451	2026-09-21
wharfedaleobserver.co.uk	119187	2026-09-21
whas11.com	68292	2026-06-25
whatdidyousay.org	15446	2025-11-11
whatech.com	27625	2026-09-06
whathifi.com	11486	2026-09-19
whatsnew2day.com	14117	2025-01-27
whatson.ae	21116	2026-09-18
whatsonstage.com	11450	2026-09-20
whatsontv.co.uk	5261	2021-06-10
whattheythink.com	14237	2026-08-28
whav.net	5601	2026-09-02
whbl.com	71634	2026-09-21
whby.com	9332	2026-09-19
whcuradio.com	10235	2024-06-23
whdg.com	16731	2026-09-18
whdh.com	56262	2026-09-21
whec.com	132406	2026-09-21
whidbeynewstimes.com	6295	2026-09-20
whig.com	60580	2026-09-20
whio.com	47017	2026-09-21
whitecourtstar.com	13608	2026-09-20
whitehorsestar.com	5917	2026-01-29
whitehouse.gov	6012	2026-03-17
whitsundaytimes.com.au	56923	2021-04-28
whittierdailynews.com	47555	2026-09-21
whiznews.com	15127	2026-09-20
whky.com	22181	2026-09-20
whmi.com	25952	2026-09-21
whnt.com	6192	2025-06-12
who.int	10351	2026-09-18
whopam.com	24361	2026-09-20
whqr.org	46750	2026-09-21
whro.org	15342	2026-09-20
whrpfm.com	9092	2026-09-21
whsv.com	29476	2026-09-20
whtc.com	48946	2026-09-21
whtimes.co.uk	57373	2026-09-21
whvoradio.com	13931	2026-05-31
whyy.org	26849	2026-09-21
wiartonecho.com	22753	2026-08-29
wibailoutpeople.org	5887	2026-09-20
wibc.com	29106	2026-09-20
wibqam.com	45131	2026-01-10
wibw.com	47153	2026-09-21
wibx950.com	30162	2026-09-20
wickedlocal.com	236673	2023-09-11
wicz.com	62360	2026-09-20
wifc.com	19760	2026-09-20
wifr.com	24848	2026-08-03
wigantoday.net	27415	2025-01-23
wiky.com	41384	2026-09-21
wild1029.com	9320	2026-09-21
wild1049hd.com	6114	2023-03-21
wild941.com	24183	2026-09-19
wiley.com	5265	2026-09-18
williamsondailynews.com	7234	2026-09-19
willistonherald.com	14833	2026-09-21
willitsnews.com	6668	2026-09-20
willmarradio.com	44523	2026-09-19
wilm-tv.com	8193	2021-09-20
wilmingtonbiz.com	12073	2025-01-22
wilsonpost.com	5372	2023-03-01
wilsontimes.com	5852	2026-08-29
wiltonbulletin.com	62996	2025-06-14
wiltsglosstandard.co.uk	118524	2026-09-21
wiltshiretimes.co.uk	148566	2026-09-21
wilx.com	34084	2026-09-21
wimbledonguardian.co.uk	122472	2026-09-21
wimsradio.com	17539	2026-09-21
wimz.com	6767	2026-09-07
winchesterstar.com	62351	2026-09-21
wincountry.com	19882	2026-09-21
windfm.com	7064	2026-09-21
windowscentral.com	34193	2026-09-20
windowstorussia.com	5923	2026-06-10
windpowermonthly.com	7211	2026-07-02
windsor.ctvnews.ca	20740	2025-04-09
windsorite.ca	19835	2025-09-22
windsorstar.com	59132	2026-09-20
windtech-international.com	9480	2026-09-21
wingsmagazine.com	5933	2026-09-21
wink104.com	10556	2026-09-20
winknews.com	56353	2026-09-20
winnipeg.ctvnews.ca	27808	2025-04-25
winnipegfreepress.com	329869	2026-09-21
winnipegsun.com	54764	2026-09-20
winonadailynews.com	37939	2026-09-19
winonapost.com	10613	2026-09-21
winsfordguardian.co.uk	67252	2023-03-07
winteriscoming.net	8689	2026-09-20
wiog.com	5242	2026-09-21
wionews.com	25883	2026-02-12
wiov.com	7399	2026-09-20
wired.com	21492	2026-09-20
wiredprnews.com	26047	2025-10-24
wirralglobe.co.uk	136873	2026-09-21
wirx.com	19929	2026-08-31
wisbechstandard.co.uk	36703	2026-09-21
wisbusiness.com	14406	2026-09-18
wisc.edu	13910	2026-09-21
wiscassetnewspaper.com	25213	2026-09-20
wiscnews.com	66712	2026-09-18
wisconsin106.com	15308	2025-03-13
wisconsinagconnection.com	14873	2026-09-18
wisconsinrapidstribune.com	9142	2023-09-11
wisfarmer.com	5440	2023-09-11
wishtv.com	72287	2026-09-21
wislawjournal.com	11691	2026-06-03
wisn.com	75873	2026-09-21
wispolitics.com	20579	2026-07-23
wisr680.com	9509	2026-09-20
wistv.com	39175	2026-09-20
withinnigeria.com	12604	2026-03-04
witl.com	37950	2026-09-21
witn.com	37439	2026-09-21
witneygazette.co.uk	134019	2026-09-21
wits.ac.za	5600	2026-09-20
wivk.com	12738	2026-09-21
wixx.com	27860	2026-09-19
wiznation.com	13951	2026-09-21
wjactv.com	35192	2026-09-21
wjbc.com	40048	2026-09-21
wjbq.com	28787	2026-09-21
wjbr.com	12970	2025-12-04
wjcl.com	73253	2026-09-21
wjct.org	72495	2026-09-21
wjcw.com	56210	2026-09-21
wjez.com	10915	2026-09-21
wjfw.com	21064	2026-09-21
wjhg.com	26351	2026-09-21
wjimam.com	23474	2025-12-01
wjla.com	51296	2026-09-21
wjle.com	6147	2026-09-20
wjmi.com	18966	2026-05-04
wjnt.com	23076	2026-04-22
wjol.com	34957	2026-09-20
wjon.com	38510	2026-09-20
wjoxam.com	50601	2026-04-07
wjpf.com	5993	2026-09-16
wjr.com	43866	2026-09-20
wjrz.com	14208	2026-09-20
wjsu.org	19822	2025-03-11
wjtn.com	20968	2026-09-21
wjvl.com	5257	2025-03-09
wkar.org	18451	2026-09-21
wkbw.com	41868	2026-09-21
wkdq.com	37278	2026-09-20
wkdzradio.com	16789	2026-08-27
wkfr.com	25173	2026-09-19
wkjc.com	43024	2026-09-21
wkkg.com	9966	2026-09-16
wkmi.com	17491	2025-11-30
wkml.com	16352	2026-09-19
wkms.org	55359	2026-09-21
wknofm.org	85395	2026-09-21
wkow.com	6158	2026-05-21
wkrb13.com	486644	2025-04-18
wksn.com	20908	2026-09-21
wksu.org	17996	2022-12-08
wktn.com	10502	2026-09-20
wktv.com	43278	2026-09-21
wkuherald.com	9535	2026-09-21
wkvi.com	7805	2026-09-18
wkxi.com	15993	2026-05-09
wkyc.com	70523	2026-06-06
wkyt.com	34655	2026-09-21
wkyufm.org	45861	2026-09-20
wkzo.com	77742	2026-09-21
wlad.com	5197	2026-09-18
wlav.com	10581	2026-09-20
wlbt.com	8276	2026-03-19
wlds.com	11678	2026-09-19
wlec.com	23247	2026-09-20
wlevradio.com	9906	2026-09-21
wlfi.com	25786	2026-09-20
wlip.com	23112	2026-09-18
wlkm.com	8846	2026-09-21
wlky.com	83962	2026-09-21
wlni.com	5321	2026-04-30
wlos.com	42543	2026-09-21
wlox.com	34113	2026-09-21
wlrfm.com	16614	2026-07-28
wlrh.org	26656	2026-09-20
wlrn.org	50851	2026-09-21
wlsam.com	54559	2026-09-18
wltribune.com	33690	2026-09-21
wltx.com	63246	2026-06-25
wltz.com	6311	2026-09-01
wlwi.com	6365	2026-09-21
wlwt.com	93050	2026-09-21
wmac-am.com	48703	2026-09-21
wmagazine.com	6683	2026-09-20
wmal.com	39615	2026-09-21
wmay.com	11097	2025-04-11
wmbfnews.com	39986	2026-09-21
wmcactionnews5.com	21076	2021-05-19
wmdt.com	34338	2026-09-20
wmfe.org	18986	2024-04-02
wmgk.com	17080	2026-09-20
wmicentral.com	10615	2026-09-21
wmmq.com	34359	2026-09-20
wmnf.org	7698	2026-09-20
wmot.org	24000	2025-08-12
wmra.org	45969	2026-09-21
wmtram.com	10522	2026-09-20
wmtv15news.com	20416	2026-09-21
wmtw.com	75460	2026-09-21
wmuk.org	25422	2026-09-21
wmur.com	96782	2026-09-21
wn.com	399382	2026-09-21
wnaw.com	19340	2026-09-21
wnax.com	9098	2026-09-18
wnbf.com	18181	2026-09-19
wncv.com	9325	2026-09-21
wncw.org	32816	2026-09-21
wncy.com	27626	2026-09-20
wnd.com	38160	2026-09-21
wndu.com	32650	2026-09-21
wnem.com	24364	2026-09-21
wnep.com	57274	2026-06-05
wnewsj.com	19288	2025-05-15
wnir.com	9640	2026-09-18
wnmtradio.com	19176	2022-12-08
wnmufm.org	73115	2026-09-21
wnpr.org	6587	2021-07-14
wntxradio.com	19392	2026-08-10
wnypapers.com	5026	2026-09-19
wnyt.com	45063	2026-03-11
woad.com	19065	2026-04-22
wobm.com	59962	2026-09-21
wogb.fm	17430	2026-09-21
wogx.com	18837	2026-09-19
wohfradio.com	29689	2026-09-20
wokq.com	28150	2026-09-20
wokv.com	65770	2026-09-21
womanandhome.com	25838	2026-09-20
womansworld.com	13551	2026-09-21
womenofchina.cn	11042	2025-06-09
womenshealthmag.com	17442	2026-09-19
wondradio.com	42604	2026-09-21
wonkette.com	5766	2026-07-29
woodallscm.com	5735	2026-09-18
woodlandsonline.com	10579	2026-09-21
woodstocksentinelreview.com	41800	2026-09-18
woodwardnews.net	10468	2026-09-18
woodworkingnetwork.com	9527	2025-12-16
woonsocketcall.com	12776	2026-09-21
worcesternews.co.uk	110953	2026-09-21
wordpress.com	17250	2026-09-21
workers.org	5585	2026-03-06
workerscompensation.com	8526	2026-09-21
workersliberty.org	8719	2025-11-07
worksopguardian.co.uk	12974	2025-01-23
world-nuclear-news.org	7516	2026-09-20
worldathletics.org	5028	2026-09-20
worldbank.org	10243	2026-09-18
worldboxingnews.net	7275	2025-03-04
worldcasinodirectory.com	8128	2026-09-20
worldcrunch.com	14971	2025-01-23
worldipreview.com	5168	2026-09-18
worldoil.com	14098	2026-09-21
worldpoliticsreview.com	5298	2026-08-06
worldscreen.com	13861	2025-08-22
worldsoccertalk.com	14787	2022-08-10
worldtempus.com	6450	2026-09-21
wortfm.org	6174	2025-05-02
worthingherald.co.uk	6867	2022-02-10
worthplaying.com	13848	2026-09-19
worthynews.com	6444	2026-09-20
wosu.org	15928	2026-09-18
woub.org	10825	2026-09-19
wowo.com	10611	2026-09-21
wowt.com	39427	2026-09-21
wpbf.com	69165	2026-09-21
wpde.com	49991	2026-09-21
wpdh.com	45439	2026-09-20
wphm.net	13328	2026-08-08
wpr.org	12042	2026-09-18
wprl.org	54300	2025-10-06
wpsdlocal6.com	54716	2026-09-21
wpst.com	37201	2026-09-21
wpsu.org	66058	2026-09-21
wptv.com	53061	2026-09-21
wpxi.com	46425	2026-09-21
wqad.com	51386	2026-06-05
wqcmfm.com	13724	2026-09-15
wqcs.org	57473	2026-09-20
wqel.com	5858	2026-09-18
wqut.com	21693	2026-09-21
wral.com	154806	2026-09-21
wraltechwire.com	12216	2025-11-06
wrcbtv.com	57393	2022-01-13
wrdw.com	39727	2026-09-21
wreg.com	6285	2026-08-24
wrestlezone.com	39710	2026-09-20
wrestlinginc.com	64160	2026-09-21
wrestlingnewssource.com	25672	2026-07-06
wrexham.com	16067	2026-09-20
wrfalp.com	7950	2026-09-18
wrganews.com	13314	2026-09-21
wrhi.com	5628	2026-09-21
wrif.com	31082	2026-09-20
writersdigest.com	5917	2026-09-20
wrjn.com	5744	2026-09-21
wrjo.com	5700	2026-09-12
wrkf.org	38139	2026-09-21
wrkr.com	24790	2026-09-18
wrmf.com	11274	2026-09-21
wror.com	21231	2026-09-20
wrp.org.uk	6404	2026-09-21
wrrv.com	39539	2026-09-21
wruf.com	10763	2026-09-20
wrur.org	9540	2026-09-20
wrvo.org	62949	2026-09-21
wsau.com	104531	2026-09-21
wsaw.com	31713	2026-09-21
wsaz.com	28590	2026-09-21
wsbradio.com	64580	2026-09-21
wsbs.com	13089	2026-09-18
wsbt.com	41579	2026-09-21
wsbtv.com	55828	2026-09-21
wscountytimes.co.uk	6332	2022-02-09
wset.com	43783	2026-09-21
wsfa.com	32657	2026-09-21
wsfl.com	7303	2026-09-21
wsgw.com	20359	2026-09-18
wshu.org	41018	2026-09-20
wsiltv.com	53441	2026-08-02
wsipam.com	5015	2026-07-25
wsiu.org	77172	2026-09-20
wsj.com	58643	2026-06-22
wsjm.com	30736	2026-09-20
wsjs.com	5407	2026-07-31
wskg.org	6784	2026-03-08
wsls.com	138439	2026-09-21
wsmv.com	37518	2026-09-21
wsnewspublishers.com	7109	2025-08-29
wsoctv.com	46854	2026-09-21
wsrkfm.com	18586	2026-09-21
wsu.edu	8660	2026-09-19
wsvaonline.com	5422	2024-04-02
wsvn.com	49228	2026-09-20
wsws.org	41320	2026-09-21
wtae.com	82109	2026-09-21
wtap.com	5700	2026-03-19
wtaq.com	53835	2026-09-19
wtax.com	7000	2024-05-20
wtbdfm.com	11527	2024-01-02
wtbx.com	24840	2026-09-18
wthitv.com	38328	2026-09-21
wthr.com	77073	2026-08-11
wtka.com	15955	2024-08-27
wtkr.com	57981	2026-09-21
wtma.com	107340	2026-09-21
wtmj.com	42363	2026-07-15
wtmx.com	10545	2026-09-21
wtoc.com	36157	2026-09-21
wtok.com	23852	2026-09-21
wtol.com	61161	2026-06-06
wtop.com	89932	2026-09-21
wtov9.com	36035	2026-09-21
wtsp.com	75398	2026-06-06
wttf.com	31633	2026-09-20
wttw.com	14739	2025-12-16
wtug.com	19488	2026-09-21
wtva.com	47960	2026-09-21
wtvbam.com	56528	2026-09-21
wtvm.com	27890	2026-09-21
wtvq.com	20358	2026-09-09
wtvr.com	52076	2026-09-20
wtvy.com	22425	2026-09-20
wtxl.com	32376	2026-09-21
wuft.org	40586	2026-09-21
wuky.org	28674	2026-09-21
wunc.org	21596	2026-09-19
wupe.com	18369	2026-09-20
wusa9.com	68551	2026-06-05
wutc.org	40811	2026-09-21
wuuqradio.com	12282	2026-09-18
wuwf.org	54008	2026-09-21
wuwm.com	17484	2026-09-20
wvasfm.org	51286	2026-09-21
wvel.com	7415	2026-08-18
wvfm1065.com	5078	2020-12-07
wvgazettemail.com	43921	2026-09-21
wvik.org	53610	2026-09-21
wvlkam.com	68871	2026-09-20
wvlnam.com	8648	2026-07-29
wvmetronews.com	25007	2026-09-21
wvnews.com	110265	2026-01-24
wvnn.com	40827	2026-09-21
wvpublic.org	12853	2026-09-19
wvrecord.com	5873	2025-05-20
wvtf.org	34326	2026-09-21
wvtm13.com	67911	2026-09-21
wvxu.org	44516	2026-09-21
wwaytv3.com	30416	2026-09-21
wwd.com	47556	2026-09-21
wweek.com	12141	2026-08-21
wwisradio.com	5412	2026-09-21
wwjb.com	5988	2025-02-24
wwki.com	5982	2026-09-21
wwltv.com	56312	2026-06-05
wwmt.com	43061	2026-09-21
wwno.org	47086	2026-09-21
wwnytv.com	26388	2026-09-21
wwqq101.com	5895	2026-09-21
wxerfm.com	19297	2026-09-20
wxfx.com	9345	2026-09-20
wxii12.com	78975	2026-09-21
wxkr.com	13925	2026-09-20
wxlo.com	9918	2026-09-21
wxow.com	52758	2026-09-21
wxpr.org	31881	2026-09-21
wxxinews.org	55783	2026-09-21
wxxv25.com	27718	2026-09-21
wxyz.com	53035	2026-09-20
wydaily.com	15689	2026-09-20
wyff4.com	82126	2026-09-21
wynn1063.com	20611	2026-09-20
wyomingnews.com	94675	2026-09-21
wyomingnewsnow.tv	37840	2026-09-21
wyomingpublicmedia.org	45042	2026-09-21
wypr.org	52764	2026-09-21
wyrk.com	43983	2026-09-20
wyshradio.com	5226	2026-09-17
wyso.org	45326	2026-09-21
wysu.org	26076	2026-09-21
wzid.com	7062	2026-09-20
wzozfm.com	19464	2026-09-20
wzpl.com	8115	2026-09-21
wzzm13.com	69198	2026-06-26
x1071.com	31627	2026-09-20
xboxachievements.com	9229	2025-04-26
xinhuanet.com	172415	2026-09-10
xlcountry.com	14574	2026-09-21
xpatloop.com	10253	2026-07-22
xtra99.com	18044	2026-09-21
xxlmag.com	13803	2026-09-19
y-103.com	9766	2026-09-20
y100fm.com	8127	2026-09-20
y101.com	14431	2026-09-21
y101hits.com	10316	2026-09-21
y102montgomery.com	23176	2026-09-20
y105fm.com	41624	2026-09-21
y105music.com	26316	2026-09-21
y108.ca	8131	2026-09-20
y94.com	37836	2026-09-20
y95country.com	29291	2026-09-20
yachtsandyachting.com	30992	2026-09-20
yahoo.com	6431131	2026-09-21
yakimaherald.com	99716	2026-09-21
yaktrinews.com	8775	2023-06-26
yale.edu	11842	2026-09-18
yaledailynews.com	5862	2026-01-16
yalibnan.com	9552	2026-09-21
yambolnews.net	6474	2025-10-22
yanksgoyard.com	5707	2026-09-21
yankton.net	61591	2026-09-21
yardbarker.com	168737	2026-09-21
yasstribune.com.au	70360	2026-09-21
ycombinator.com	5965	2026-09-17
ydr.com	6710	2023-09-11
yellowhammernews.com	14472	2026-09-20
yen.com.gh	10134	2026-03-19
yenisafak.com	20714	2025-09-16
yeovilexpress.co.uk	58449	2023-06-08
yesweekly.com	10508	2026-09-17
yle.fi	17153	2026-09-21
yna.co.kr	6410	2026-03-12
ynaija.com	9265	2026-09-21
ynetnews.com	67767	2026-09-20
yorkdispatch.com	14408	2023-09-11
yorknewstimes.com	47602	2026-09-17
yorkpress.co.uk	171583	2026-09-21
yorkregion.com	12520	2026-09-20
yorkshireeveningpost.co.uk	26040	2025-01-23
yorkshirepost.co.uk	60971	2025-01-23
yorktonthisweek.com	42911	2021-07-29
youngwitness.com.au	19997	2026-09-16
youralaskalink.com	22807	2026-09-21
yourdemocracy.net	5743	2026-09-20
yourdemocracy.net.au	19335	2026-09-20
youredm.com	7476	2026-06-26
yourfortdodge.com	19788	2026-09-17
yourlocalguardian.co.uk	191491	2026-09-21
yourobserver.com	13482	2025-09-10
yourradioplace.com	8117	2026-09-15
yoursourceone.com	81569	2026-09-19
yourstephenvilletx.com	5065	2026-09-19
yourstory.com	36279	2026-09-03
yourtango.com	49723	2026-09-21
yourthurrock.com	11227	2026-09-20
yovizag.com	6882	2026-09-19
ypradio.org	68992	2026-09-21
yubanet.com	9062	2026-09-20
yukon-news.com	6517	2026-09-21
yumasun.com	60899	2026-09-21
z100fm.com	5690	2026-09-18
z100missoula.com	15220	2026-09-20
z1023online.com	17033	2026-09-20
z103.fm	11188	2024-08-29
z1077fm.com	11365	2026-09-20
z937.com	21131	2026-09-20
z93jamz.com	17487	2026-09-21
z94.com	26397	2026-09-21
z943radio.com	8741	2025-01-06
z96.com	10797	2026-09-21
zawya.com	200220	2026-09-21
zazoom.it	10640	2026-09-16
zdnet.com	41143	2026-09-18
zerohedge.com	135759	2026-09-21
zfenglish.com	41063	2026-09-18
ziarelive.ro	5451	2024-08-01
zigwheels.com	21059	2026-09-20
zimbabwesituation.com	15654	2026-07-20
zimbabwestar.com	54450	2026-09-21
zimeye.net	10558	2026-09-15
zizonline.com	6789	2026-09-19
zmescience.com	13595	2026-09-18
znsbahamas.com	5978	2026-09-21
zodiakmalawi.com	6783	2026-09-18
zonebourse.com	6769	2026-05-15
zrock103.com	9128	2026-09-20
zululandobserver.co.za	18680	2023-08-31
