1005freshradio.ca	8946	2026-07-18
1009theeagle.com	11634	2026-07-02
1010wcsi.com	7307	2025-08-27
1011now.com	32785	2026-07-19
1015hankfm.com	9175	2025-07-28
1015thehawk.com	10170	2026-03-23
1015vibe.com	8147	2026-07-18
1019thebeatfm.com	9206	2025-05-15
1019thekeg.com	26327	2026-05-12
1019therock.com	25296	2026-07-19
1021thefox.com	9154	2026-07-19
1023thebullfm.com	17945	2026-07-01
1023thewolf.com	8194	2026-07-06
1025kiss.com	37030	2026-07-18
1025wowcountry.com	7395	2026-07-19
1027kord.com	32606	2026-07-19
1027thevibe.com	7666	2026-07-19
102thebear.com	6033	2026-07-19
1031freshradio.ca	8922	2026-07-06
1033theeagle.com	6651	2026-07-14
1033wvyb.com	8594	2026-07-19
1035kissfmboise.com	24663	2026-07-18
1035theeagle.com	9317	2026-07-17
1037theloon.com	27231	2026-07-19
1039wvbo.com	27126	2026-07-19
103gbfrocks.com	35891	2026-07-19
103kkcn.com	19156	2026-07-19
103weup.com	9855	2026-07-19
103wjod.com	23315	2026-07-19
1041wdlt.com	9414	2026-07-19
1043freshradio.ca	8348	2026-06-29
1043theparty.com	7236	2026-07-19
1045bobfm.com	5391	2024-09-10
1045freshradio.ca	7536	2026-07-07
1045theteam.com	22640	2026-07-19
1045thezone.com	29915	2026-07-19
1045wjjk.com	5723	2026-07-19
1049maxcountry.com	8001	2021-04-15
1049nashicon.com	5828	2026-07-19
1049thebeat.com	17759	2026-07-19
1049theedge.com	7670	2023-01-13
1049thewolf.com	15728	2026-07-19
104thehawk.com	10904	2026-07-19
1050talk.com	7314	2020-02-18
1053hotfm.com	5924	2026-07-19
1055thehawk.com	6159	2024-06-16
1057thehawk.com	55643	2026-07-19
1057thepoint.com	15701	2026-07-19
1057thex.com	9200	2026-07-19
1059thehog.com	9298	2026-06-27
1063cowboycountry.com	6354	2021-01-15
1063thebuzz.com	30730	2026-07-19
1063thegroove.com	7785	2026-07-17
1065thearch.com	11856	2026-07-18
1065thebuzz.com	15535	2026-07-19
1069morefm.com	6042	2022-09-07
1073modfm.com	24943	2026-06-09
1073theeagle.com	9009	2026-07-18
1073wsjy.com	5991	2025-11-22
1075daverocks.com	7746	2026-07-19
1075koolfm.com	7579	2026-07-18
1075thegame.com	40663	2026-07-19
1075zoofm.com	8459	2022-07-07
1077thebone.com	7080	2026-07-17
1079ishot.com	47740	2026-07-19
107jamz.com	17331	2026-07-19
1090kaay.com	19722	2026-07-19
10news.com	96493	2026-07-19
10tv.com	62651	2026-06-25
1150kknw.com	5660	2026-07-19
1170kfaq.com	5326	2020-05-08
11alive.com	76527	2026-06-06
1280wnam.com	22183	2026-02-02
1290wlby.com	38419	2026-07-19
12news.com	62356	2026-06-26
12newsnow.com	54381	2026-06-06
12onyourside.com	12542	2026-07-19
1310kfka.com	13757	2026-07-18
1310news.com	29075	2020-12-03
1350kman.com	15622	2026-07-18
1370wfea.com	8439	2026-07-17
1380kcim.com	8887	2026-03-18
13abc.com	29144	2026-07-19
13newsnow.com	73852	2026-06-06
13wham.com	40510	2026-07-19
13wmaz.com	59415	2026-06-06
1470kyyw.com	8908	2026-07-19
1470wmbd.com	10508	2023-03-10
1490wosh.com	81678	2026-07-19
14news.com	40248	2026-07-19
1520theticket.com	53163	2026-06-29
1590walg.com	17537	2020-08-26
1630kcjj.com	13917	2026-07-18
1660thefan.com	10612	2020-12-04
1prime.biz	32781	2023-12-29
247sports.com	6960	2023-02-02
247wallst.com	16150	2026-07-19
27east.com	7754	2026-07-19
29news.com	10486	2026-07-19
2ec.com.au	5109	2026-07-18
2gb.com	31443	2026-07-18
2hd.com.au	5912	2024-12-18
2lt.com.au	15516	2026-07-19
2merkato.com	5168	2026-07-16
2news.com	80958	2026-07-19
2nm.com.au	5043	2026-07-19
2paragraphs.com	14350	2026-07-19
360cities.net	23862	2026-06-04
360nobs.com	5978	2020-10-03
3aw.com.au	19222	2026-07-19
3blmedia.com	8047	2026-07-17
3quarksdaily.com	9653	2026-05-24
4029tv.com	64525	2026-07-19
411mania.com	105251	2025-11-29
41nbc.com	26319	2026-07-19
4bc.com.au	27741	2026-07-19
4ni.co.uk	13731	2026-07-17
51.ca	7454	2026-07-19
5280.com	5576	2026-07-17
560cfos.ca	11980	2025-07-31
570news.com	56393	2021-10-17
5newsonline.com	51740	2026-06-06
5tjt.com	10304	2026-06-04
6000.co.za	5149	2026-07-19
620ckrm.com	25539	2026-07-19
640wxsm.com	67596	2026-07-19
660wxqw.com	20062	2025-06-14
680kfeq.com	13554	2026-07-18
680news.com	113457	2021-10-17
6abc.com	60337	2026-07-19
6pr.com.au	10524	2026-07-19
702.co.za	24442	2024-01-15
710keel.com	25844	2026-07-18
740thefan.com	28042	2026-07-19
790business.com	41914	2022-08-10
790wpic.com	61851	2026-06-22
7news.com.au	5070	2026-03-12
7newsbelize.com	37538	2026-07-18
7thspace.com	39838	2024-09-15
850wftl.com	18211	2026-05-06
895thelake.ca	8534	2023-11-21
90min.com	58926	2025-09-29
915thebeat.com	8645	2026-06-29
919thebend.ca	10859	2026-02-10
91x.fm	5235	2026-07-08
921theticket.com	85582	2026-07-19
921wrou.com	25340	2026-07-10
927thedrive.net	19533	2026-07-18
927thevan.com	17584	2026-07-19
929nin.com	47032	2026-07-19
929peakfm.com	13700	2026-07-19
929thebull.com	30819	2026-07-19
929thelake.com	30359	2026-07-19
929theticket.com	9306	2026-07-19
929zzu.com	8667	2026-07-19
92moose.fm	28844	2026-07-19
92q.com	16703	2026-07-19
92qnashville.com	10395	2026-07-19
931coast.com	6679	2026-07-19
931freshradio.ca	8080	2026-07-19
931kmkt.com	18242	2026-07-07
931thebeat.com	9101	2026-07-19
931theborder.ca	8735	2025-09-08
933nashicon.com	5728	2026-07-19
933thedrive.com	37503	2026-07-19
937kclb.com	9649	2026-07-14
937kcountry.com	5081	2026-07-17
937nashicon.com	7073	2025-03-17
937theeagle.com	5804	2026-07-16
93q.com	19286	2026-07-19
93x.com	5442	2026-07-19
940wfaw.com	27438	2024-10-06
941theduke.com	7601	2026-07-16
943jackfm.com	22625	2026-07-19
943thepoint.com	56808	2026-07-19
945thehawkradio.com	5882	2026-07-19
945themoose.com	8672	2026-07-09
947wls.com	5700	2026-07-18
949whom.com	28596	2026-07-19
951kbby.com	8802	2026-07-19
953thebear.com	30662	2026-07-19
953thescore.com	59847	2026-07-19
955glo.com	8965	2026-07-19
955wtvy.com	5948	2026-07-04
959kissfm.com	12234	2026-07-17
95kqds.com	9617	2026-07-17
95rockfm.com	31151	2026-07-19
95sx.com	10220	2026-07-19
961jamz.com	8836	2026-07-19
961theeagle.com	34246	2026-07-19
963jackfm.com	8435	2026-07-19
963kklz.com	16516	2026-07-19
963theblaze.com	27427	2026-07-19
963wdvd.com	5190	2026-07-06
963xke.com	6095	2026-07-17
965bobfm.com	7279	2024-08-08
965kvki.com	39011	2026-07-19
965therock.com	20010	2026-07-19
967theeagle.net	32142	2026-07-19
969therock.com	14905	2026-07-16
96fm.ie	5737	2026-07-17
96kzel.com	9040	2026-07-19
971kissfm.com	5102	2022-09-16
973thedawg.com	45689	2026-07-19
975kgkl.com	21301	2026-07-19
975klak.com	6919	2020-05-30
975now.com	34573	2026-07-17
975thevibe.com	22452	2026-07-19
975wabd.com	10921	2026-07-19
977thebay.com	5975	2026-07-17
977theriver.com	12897	2025-05-26
979kickfm.com	31696	2026-07-19
979nashicon.com	5454	2026-07-19
979x.com	10327	2026-07-19
97rockonline.com	32883	2026-07-19
97x.com	21949	2026-07-18
97xonline.com	7734	2026-07-19
97zokonline.com	38351	2026-07-17
980waav.com	76991	2026-07-19
981thehawk.com	35499	2026-07-19
981themax.com	9186	2026-07-19
983nashicon.com	5892	2026-07-19
983thecoast.com	34923	2026-07-13
983thesnake.com	21313	2026-07-19
983wlcs.com	6152	2026-07-01
985kissfm.net	6023	2026-07-19
985thebull.com	12687	2026-07-13
987jack.com	23392	2026-07-19
987thebomb.com	6496	2026-07-17
987thebull.com	11548	2026-06-10
989magicfm.com	10370	2026-07-19
989xfm.ca	5587	2026-07-17
98cool.ca	10891	2026-07-19
98fm.com	14133	2026-07-17
98kupd.com	9055	2026-07-19
98q.com	6933	2026-07-17
98rocks.fm	18116	2026-07-01
98theticket.com	15783	2021-01-15
991thewhale.com	32180	2026-07-19
993kjoy.com	9630	2026-07-19
993thex.com	6072	2026-07-08
995qyk.com	20873	2026-07-19
995thewolf.com	7181	2026-07-14
997wtn.com	79227	2026-06-22
999ktdy.com	35353	2026-07-19
999thefoxrocks.com	7139	2026-07-19
999thepoint.com	26887	2026-07-19
99jamzmiami.com	5180	2026-07-18
9and10news.com	60878	2026-07-18
9news.com	62857	2026-06-05
9news.com.au	107292	2026-05-31
9thlevel.ie	8248	2025-12-04
9to5mac.com	21154	2026-07-19
aa.com.tr	85499	2026-07-19
aaj.tv	6866	2025-10-27
aarp.org	13896	2026-07-17
aawsat.com	122116	2026-07-19
abajournal.com	10573	2026-07-19
abbynews.com	32328	2026-07-19
abc-7.com	25368	2025-02-05
abc.net.au	191861	2026-07-19
abc10.com	72693	2026-06-25
abc11.com	76244	2026-07-19
abc12.com	35863	2026-07-19
abc13.com	84230	2026-07-19
abc15.com	54171	2026-07-19
abc17news.com	106874	2026-07-19
abc23.com	10316	2026-07-18
abc30.com	67040	2026-07-19
abc3340.com	40390	2026-07-19
abc57.com	58061	2026-07-19
abc6.com	10148	2026-01-23
abc6onyourside.com	39635	2026-07-19
abc7.com	70086	2026-07-19
abc7amarillo.com	31652	2026-07-19
abc7chicago.com	97430	2026-07-19
abc7news.com	76291	2026-07-19
abc7ny.com	83515	2026-07-19
abcactionnews.com	47042	2025-08-18
abcaudio.com	5535	2026-06-09
abccolumbia.com	40937	2026-07-19
abcfoxmontana.com	10097	2020-03-03
abcnews.com	14581	2026-07-19
abcnews4.com	46144	2026-07-19
abcnewsradioonline.com	21946	2021-04-12
abebooks.co.uk	5398	2023-12-06
aberdeennews.com	16891	2023-09-11
abnnewswire.net	7272	2026-07-17
aboutmyarea.co.uk	7782	2026-06-14
abovethelaw.com	27448	2026-07-17
abplive.com	7280	2026-03-17
abqjournal.com	85449	2026-07-19
abs-cbn.com	45218	2025-02-12
abstvradio.com	8651	2026-07-18
accesswdun.com	132647	2026-05-26
accountantsdaily.com.au	6728	2026-07-19
accountingtoday.com	18659	2026-07-17
aceshowbiz.com	109038	2026-07-19
ack.net	7086	2026-07-18
acm.org	8233	2025-11-11
acrofan.com	16721	2024-06-05
acs.org	8325	2026-07-17
actionforex.com	42009	2026-07-18
actionnews5.com	20183	2026-07-19
actionnewsjax.com	41714	2026-07-19
actionnewsnow.com	17223	2026-03-19
actmedia.eu	16623	2026-07-17
actuarialpost.co.uk	6413	2026-07-17
adage.com	9058	2026-06-18
adb.org	5219	2026-07-17
adelaidenow.com.au	56534	2024-07-27
adgully.com	76241	2026-07-18
adirondackdailyenterprise.com	16924	2026-04-13
adn.com	46083	2026-07-19
adnews.com.au	11239	2026-07-19
adsoftheworld.com	7091	2022-05-07
advanced-television.com	16676	2026-07-17
advancedbiofuelsusa.info	14500	2023-07-26
advertiser.ie	5078	2026-07-16
advertisernewssouth.com	5177	2026-07-16
advisor.ca	10865	2026-07-14
advocate-news.com	17478	2026-07-19
advocate.com	8857	2026-07-18
advocateanddemocrat.com	29419	2026-07-18
adweek.com	31888	2026-07-18
aei.org	22686	2026-07-17
aero-news.net	93032	2026-07-19
aerospace-technology.com	5672	2024-11-14
aerotechnews.com	7720	2026-07-16
af.mil	23754	2025-02-27
afa.net	5031	2026-07-17
afaqs.com	13658	2026-07-19
afar.com	7500	2026-07-18
afghanislamicpress.com	5533	2026-07-19
afghanistannews.net	54862	2026-07-19
afghanistansun.com	51643	2026-07-19
afghanistantimes.af	5533	2022-02-18
afl.com.au	16411	2026-07-19
afloat.ie	22336	2026-07-08
afn.net	7605	2024-09-08
afr.com	150908	2026-07-19
afr.net	8010	2026-07-18
africa-newsroom.com	43463	2026-07-19
africa.com	24232	2026-07-18
africabusiness.com	6782	2026-07-17
africaintelligence.com	12167	2026-07-13
africaleader.com	99437	2026-07-19
african.business	13985	2025-12-02
africanews.com	45034	2026-07-19
africanexaminer.com	17766	2026-07-19
afro.com	7926	2026-07-19
afropages.fr	37473	2025-09-18
agassizharrisonobserver.com	41706	2026-07-19
agenda.ge	9624	2025-02-27
aginfo.net	23000	2026-07-19
agnews890.com	5706	2026-07-13
agreenliving.org	5844	2022-05-27
agri-pulse.com	6645	2026-07-19
agriculture.com	27864	2026-03-17
agriland.ie	45203	2026-01-13
agrinews-pubs.com	13013	2026-07-19
agupdate.com	17139	2026-07-17
agweek.com	12195	2026-07-18
agwired.com	8151	2026-07-19
ahram.org.eg	99690	2026-07-19
ai-cio.com	5383	2026-07-16
aidesep.org.pe	5933	2025-10-03
aikenstandard.com	5935	2023-06-19
ainonline.com	9963	2026-07-10
airdriecityview.com	43048	2025-01-23
airdrieecho.com	9137	2026-07-19
airdrietoday.com	18510	2023-05-11
airforce-technology.com	6874	2026-07-17
airforcetimes.com	9262	2026-07-18
airliners.net	10712	2026-04-23
airport-technology.com	6134	2026-07-16
ajc.com	73196	2026-07-19
ajmc.com	14664	2026-04-24
ajot.com	9930	2026-07-18
ajp.com.au	6246	2026-07-18
akp.gov.kh	22932	2026-07-19
akronnewsreporter.com	8349	2026-07-19
al-monitor.com	48183	2026-07-19
al.com	75487	2026-03-25
alabamanews.net	13758	2023-04-13
alabamawx.com	14666	2025-08-14
alamogordonews.com	6050	2026-07-16
alarabiya.net	20388	2025-12-05
alaraby.co.uk	8389	2022-11-16
alaska-native-news.com	8509	2026-07-19
alaskahighwaynews.ca	45396	2023-11-01
alaskapublic.org	8197	2026-07-18
alaskasnewssource.com	11901	2026-07-19
albanyherald.com	81229	2025-06-06
albawaba.com	71454	2026-07-19
alberta.ca	5473	2026-07-17
albuquerqueexpress.com	93811	2026-07-19
aldergrovestar.com	32058	2026-07-19
aldianews.com	8921	2026-07-17
aleteia.org	17818	2026-07-19
algemeiner.com	36581	2026-07-17
alice1077.com	10407	2026-07-19
alice965.com	14473	2026-07-18
alipac.us	32310	2026-07-19
aljazeera.com	119932	2026-07-19
allaboutthejersey.com	5325	2026-07-18
allaccess.com	12520	2024-11-05
allafrica.com	577231	2026-07-19
alleywatch.com	20963	2026-07-17
allhiphop.com	23242	2026-07-19
alligator.org	8695	2026-07-19
allkpop.com	61397	2026-07-19
allmediany.com	7207	2020-10-14
allthehitsb951.com	10163	2026-07-19
alltoc.com	8831	2026-04-15
allure.com	6789	2026-07-18
almanacnews.com	11855	2026-07-18
almanar.com.lb	11558	2026-01-24
almayadeen.net	5251	2025-01-26
alt1017.com	10060	2024-11-19
altaz933.com	7166	2026-07-19
alternet.org	31409	2026-07-19
altondailynews.com	9971	2021-06-21
altoonamirror.com	21560	2026-07-18
altpress.com	9018	2025-01-23
am-online.com	20323	2025-12-12
am1050.com	7241	2024-08-08
am1070theanswer.com	5920	2024-05-17
am1100theflag.com	18222	2026-06-10
am1590theanswer.com	6050	2022-07-01
am920theanswer.com	5919	2024-05-17
am9501007fm.com	27723	2026-06-08
am970theanswer.com	5919	2024-05-17
amarillo.com	9981	2023-09-11
amarillosrockstation.com	9149	2026-07-19
amarujala.com	148264	2026-06-15
amazinavenue.com	8536	2026-07-19
amazingmadison.com	26464	2026-07-16
amazonaws.com	35939	2026-07-19
americamagazine.org	14848	2026-07-18
americanbanker.com	26011	2026-07-18
americanbazaaronline.com	8839	2026-07-19
americanfreepress.net	10087	2026-06-11
americanisraelite.com	7048	2026-07-08
americanpress.com	27050	2026-07-19
americansongwriter.com	47811	2026-07-19
americanthinker.com	50428	2026-07-19
americantop40.com	13756	2026-07-18
amestrib.com	8559	2023-09-11
amherstbulletin.com	5090	2026-07-16
ammonnews.net	13995	2026-07-19
amny.com	20168	2026-07-19
amren.com	20427	2026-07-19
amsterdamnews.com	9975	2026-07-16
analystratings.com	5117	2021-04-29
anandabazar.com	12880	2023-08-22
ancient-origins.net	20157	2026-07-19
andhrawishesh.com	6851	2026-05-02
andina.pe	10818	2025-04-22
andoveradvertiser.co.uk	105655	2026-07-19
androidauthority.com	20305	2026-07-19
androidcentral.com	38289	2026-07-19
androidcommunity.com	6682	2022-02-03
androidpolice.com	37438	2026-07-19
angelusnews.com	5288	2026-07-17
anglocelt.ie	46438	2026-07-19
angop.ao	7651	2025-01-03
anhuinews.com	17885	2026-07-17
animenewsnetwork.com	59865	2025-09-07
aninews.in	547473	2026-07-19
annistonstar.com	25857	2026-07-19
ansa.it	14633	2026-07-17
ansamed.info	9391	2023-03-13
antaranews.com	72363	2026-07-19
antigojournal.com	32714	2026-07-19
antiguaobserver.com	14171	2026-07-17
antiwar.com	22141	2026-07-19
antonyloewenstein.com	6608	2026-07-19
aol.co.uk	236097	2026-07-19
aol.com	276827	2026-07-19
ap.org	20431	2026-06-04
apartmenttherapy.com	14278	2026-04-26
apnews.com	386275	2025-03-05
app.com	16834	2023-09-11
app.com.pk	33134	2026-04-24
appeal-democrat.com	19418	2026-07-18
applevalleynewsnow.com	8769	2026-07-19
apr.org	32319	2026-07-19
aps.dz	13073	2026-07-19
aqha.com	5136	2026-03-27
arabherald.com	111334	2026-07-19
arabianbusiness.com	34763	2026-01-29
arabnews.com	165682	2026-07-19
arabtimesonline.com	47784	2026-07-19
araratadvertiser.com.au	23478	2026-07-14
archaeology.org	5545	2026-07-17
archdaily.com	82876	2026-07-19
archinect.com	42242	2026-07-19
architectsjournal.co.uk	18432	2026-07-17
architecturaldigest.com	8580	2026-07-18
architectureanddesign.com.au	19237	2026-07-14
archyde.com	14291	2025-01-27
ardmoreite.com	5643	2026-07-16
areadevelopment.com	6773	2026-07-19
areanews.com.au	48857	2026-07-19
argentinastar.com	36353	2026-07-19
argus-press.com	11499	2026-07-19
argusleader.com	11421	2023-09-10
argusmedia.com	7414	2026-07-17
argusobserver.com	14868	2026-07-19
argyllshireadvertiser.co.uk	5460	2024-01-25
ariananews.af	18616	2026-07-19
arirang.co.kr	11819	2022-10-11
arirang.com	11761	2022-10-11
arizona.edu	6941	2026-06-15
arizonadailyindependent.com	11739	2026-07-19
arka.am	10188	2026-07-18
arkansasbusiness.com	16124	2026-03-11
arkansasonline.com	169815	2026-07-19
arkansasrazorbacks.com	8246	2026-07-17
arktimes.com	20148	2026-07-18
arlnow.com	27903	2026-07-19
armenianweekly.com	6447	2026-07-18
armenpress.am	85985	2025-06-04
armidaleexpress.com.au	52849	2026-07-19
armstrongeconomics.com	10883	2026-07-19
army-technology.com	8481	2026-07-17
army.mil	5081	2026-06-18
armytimes.com	9996	2026-07-19
arn.ps	12748	2026-07-19
arnnet.com.au	18036	2026-07-17
arrowheadaddict.com	6464	2026-07-19
arrowheadpride.com	14953	2026-07-19
arsenal.com	14047	2026-07-15
arsenalnews.co.uk	59572	2026-07-19
arstechnica.com	14108	2026-07-19
artdaily.com	47395	2026-07-19
artemis.bm	6087	2026-07-17
artfixdaily.com	6664	2025-11-18
artnet.com	19031	2026-07-15
artnews.com	8843	2026-07-18
artsjournal.com	9720	2026-07-17
arynews.tv	28832	2026-07-18
as.com	10088	2026-03-19
asahi.com	44057	2026-07-18
asbarez.com	6735	2026-07-15
ashepostandtimes.com	13667	2026-07-17
ashleycountyledger.com	30442	2026-07-17
asiaasset.com	5955	2026-07-19
asiabulletin.com	96766	2026-07-19
asianage.com	35401	2026-07-18
asianews.it	14986	2026-07-09
asianews.network	27567	2026-07-17
asianimage.co.uk	81696	2026-07-19
asianjournal.com	11682	2026-07-18
asiaone.com	146290	2026-07-19
askmen.com	5934	2026-06-04
aspendailynews.com	49833	2026-07-19
aspenpublicradio.org	45627	2026-07-19
aspentimes.com	21015	2026-07-19
astanatimes.com	8907	2026-07-19
astroawani.com	7022	2025-11-17
astronomy.com	6140	2026-07-18
asurampage.com	6061	2026-07-16
at40.com	6095	2021-10-15
athens-times.com	104707	2026-07-19
athensmessenger.com	8843	2026-07-18
athensreview.com	18951	2026-07-18
athleticsnation.com	5383	2026-07-19
atholdailynews.com	20450	2026-07-19
atlantablackstar.com	28181	2026-06-04
atlantaleader.com	15612	2026-07-19
atlantanewsfirst.com	27393	2026-07-19
atlantic.ctvnews.ca	32788	2025-01-23
atlanticcouncil.org	8323	2026-07-18
attackofthefanboy.com	20293	2026-07-19
attitude.co.uk	7050	2026-07-17
atvtoday.co.uk	19261	2026-07-19
auburnpub.com	65304	2026-07-19
augustafreepress.com	38154	2026-07-19
austinchronicle.com	31246	2026-07-16
austinglobe.com	86353	2026-07-19
australianherald.com	38651	2026-07-19
australiannews.net	76985	2026-07-19
autoblog.com	23954	2026-06-28
autocarindia.com	20085	2026-07-19
autoconnectedcar.com	5806	2026-07-19
autoevolution.com	85876	2026-05-10
autoexpress.co.uk	16855	2026-07-19
autonews.com	18592	2026-06-18
autoremarketing.com	6030	2026-07-17
autospies.com	24165	2026-07-19
autoweek.com	12941	2026-07-19
avclub.com	26821	2026-05-14
avenuemail.in	19893	2026-07-19
averyjournal.com	11292	2026-07-18
avherald.com	5951	2026-07-19
aviationweek.com	20060	2026-07-19
avn.com	11693	2026-07-18
avondhupress.ie	5536	2026-07-19
avweb.com	7526	2026-07-17
awesome98.com	29990	2026-07-19
awfulannouncing.com	28622	2026-07-19
awn.com	8902	2026-07-17
axios.com	16472	2024-06-05
axisoflogic.com	6291	2022-07-23
axs.com	10667	2025-01-20
azbigmedia.com	12927	2026-07-19
azbusinessdaily.com	9052	2024-01-25
azcapitoltimes.com	7808	2026-07-18
azcardinals.com	5062	2026-07-18
azcentral.com	69880	2023-09-11
azdailysun.com	49319	2026-07-19
azerbaijannews.net	62314	2026-07-19
azernews.az	56943	2026-07-19
azertag.az	46217	2026-06-23
azfamily.com	49672	2026-07-19
azocleantech.com	8973	2026-07-17
azom.com	15512	2026-07-17
azonano.com	5780	2026-07-17
azorobotics.com	5023	2026-07-16
azpbs.org	6976	2026-07-18
azsnakepit.com	7176	2026-07-19
b100quadcities.com	29006	2026-07-18
b1027.com	28117	2026-07-19
b1039.com	17884	2026-04-17
b1047.com	5492	2026-07-19
b105country.com	15047	2026-07-17
b106fm.com	8695	2026-07-19
b92.net	11321	2026-07-19
b93.net	29309	2026-07-19
b93radio.com	17525	2026-07-19
b975.com	10949	2026-07-19
b97hawaii.com	6878	2026-07-02
b98.com	9753	2026-07-19
b985.com	11104	2026-07-19
b985.fm	32819	2026-07-19
b987.com	6133	2026-07-19
badlefthook.com	11613	2026-07-19
baguiomidlandcourier.com.ph	5491	2024-07-30
baidu.com	49351	2026-07-18
bainbridgereview.com	5252	2026-07-17
bakercityherald.com	7792	2026-07-19
bakersfield.com	94217	2026-07-19
bakersfieldnow.com	37739	2026-07-19
bakeryinfo.co.uk	5136	2025-09-05
balkaninsight.com	6829	2026-07-18
ballinaadvocate.com.au	34874	2021-04-28
balloon-juice.com	20047	2026-03-11
ballot-access.org	7187	2026-07-19
ballstatedaily.com	6910	2026-07-15
baltic-course.com	5550	2026-04-04
baltictimes.com	18131	2026-07-17
baltimorebeatdown.com	7185	2026-07-19
baltimoreravens.com	8666	2026-07-19
baltimorestar.com	99620	2026-07-19
baltimoresun.com	135864	2026-07-19
bamsmackpow.com	6063	2026-07-19
banana1015.com	28797	2026-07-19
banburycake.co.uk	41634	2023-03-07
banburyguardian.co.uk	14854	2025-01-23
bandt.com.au	18391	2026-07-17
bangkokpost.com	149704	2026-07-19
bangladeshinfo.com	12248	2025-06-14
bangladeshsun.com	67778	2026-07-19
banglamirrornews.com	23689	2026-06-08
banglanews24.com	5026	2025-10-28
bangordailynews.com	52181	2026-07-19
bankerandtradesman.com	13444	2026-07-19
bankinfosecurity.com	15675	2026-07-18
bankingnews.gr	5743	2026-07-19
banklesstimes.com	11476	2026-07-18
banksnews.gr	10591	2025-07-24
baptistnews.com	7118	2026-07-17
barandbench.com	33476	2026-07-19
barbadostoday.bb	41143	2026-07-19
barcablaugranes.com	17240	2026-07-19
baristanet.com	5189	2023-08-22
barnsleychronicle.com	5523	2025-10-16
barrie.ctvnews.ca	20049	2025-01-23
barrons.com	76655	2026-06-18
barryanddistrictnews.co.uk	92238	2026-07-19
bartlesvilleradio.com	38699	2026-07-19
basildonstandard.co.uk	30362	2021-03-11
basingstokegazette.co.uk	112194	2026-07-19
bassresource.com	5177	2025-04-17
batemansbaypost.com.au	70815	2026-07-19
batonrougepost.com	47685	2026-07-19
baxterbulletin.com	9268	2026-07-18
bay939.com.au	5756	2026-07-19
baylorlariat.com	6002	2026-06-23
baynews9.com	8063	2026-07-18
bayshorebroadcasting.ca	14184	2026-07-19
baystreet.ca	37680	2026-07-18
baytownsun.com	19181	2026-07-17
bbc.co.uk	338290	2026-07-19
bbc.com	213566	2026-07-19
bbj.hu	9401	2025-10-20
bc.ctvnews.ca	35669	2025-01-23
bcdemocrat.com	7924	2025-07-02
bchomez.com	35339	2026-07-19
bclocalnews.com	7159	2020-04-07
bctv.org	5395	2026-07-17
bdnews24.com	65821	2025-11-13
bdonline.co.uk	9209	2025-09-05
bdtonline.com	60643	2026-07-19
beach951.com	16398	2026-07-18
bear104.com	13483	2026-07-19
bearingarms.com	20272	2026-07-19
beat.com.au	16527	2026-06-04
beat102103.com	8435	2026-07-19
beatricedailysun.com	52311	2026-07-18
beaufortcountynow.com	16240	2026-07-19
beaumontenterprise.com	67505	2025-11-18
beaver1003.com	8494	2026-07-17
beckersspine.com	7471	2026-07-17
bedfordgazette.com	18443	2026-07-19
bedfordtoday.co.uk	15205	2025-01-23
beefmagazine.com	5014	2025-01-01
begadistrictnews.com.au	60114	2026-07-19
behindthesteelcurtain.com	17137	2026-07-19
beijingbulletin.com	110409	2026-07-19
belfastlive.co.uk	107018	2026-07-19
belfasttelegraph.co.uk	131950	2026-02-16
belgrade-news.com	5863	2026-07-17
bellanaija.com	11339	2026-07-19
belmondnews.com	5764	2026-01-26
beloitdailynews.com	36370	2026-07-19
bemidjipioneer.com	38421	2026-07-19
benarnews.org	5320	2025-09-02
bendbulletin.com	50237	2026-07-19
bendigoadvertiser.com.au	65206	2026-07-19
bendsource.com	13666	2026-07-19
benefitscanada.com	7065	2026-07-17
beniciaindependent.com	5298	2026-07-16
benningtonbanner.com	47112	2026-07-19
benzinga.com	339986	2026-07-19
berkeley.edu	5370	2026-07-19
berkshireeagle.com	70988	2026-07-19
berksmontnews.com	5896	2021-08-26
bernama.com	21124	2026-03-19
bernews.com	28230	2026-07-19
bestmediainfo.com	24075	2026-07-19
bet.com	21755	2026-07-16
betakit.com	6539	2026-07-17
betanews.com	14454	2026-01-15
bethesdamagazine.com	9977	2026-07-17
bevnet.com	19188	2026-07-03
bexhillobserver.net	5028	2022-02-09
bfi.org.uk	5013	2026-07-17
bgdailynews.com	66475	2026-07-19
bgnes.com	7827	2026-07-19
bgr.com	27736	2026-07-19
bgr.in	20873	2023-01-29
bhaskar.com	5171	2026-07-19
bhg.com	12912	2026-03-17
bhpioneer.com	33742	2026-07-19
bianet.org	17639	2026-07-19
biblestudytools.com	5889	2026-07-17
bicesteradvertiser.net	125413	2026-07-19
big104fm.com	7579	2026-04-24
bigblueview.com	17420	2026-07-19
bigcountry1073.com	5804	2026-07-19
bigcountry969.com	24287	2026-07-19
bigcountry995.com	50899	2026-06-30
bigfrog104.com	35980	2026-07-19
biggleswadetoday.co.uk	9031	2025-01-23
bigislandnow.com	9625	2026-07-19
bigissue.com	10057	2026-07-19
bignewsnetwork.com	866396	2026-07-19
bigoven.com	10164	2026-07-19
bigrigs.com.au	10236	2026-06-25
bigtakeover.com	5244	2025-08-22
bikebiz.com	5872	2026-07-17
bikeportland.org	6559	2026-06-17
bikeradar.com	7850	2026-07-19
bilkulonline.com	9089	2026-07-19
billboard.com	77697	2026-07-19
billingsgazette.com	78670	2026-07-17
billoreilly.com	13089	2026-07-15
binnews.com	24625	2026-07-17
biodiversitylibrary.org	16519	2026-02-24
biofuelsdigest.com	15476	2025-01-23
biomassmagazine.com	8879	2026-07-17
biometricupdate.com	15237	2026-07-19
biopharmadive.com	7197	2026-07-19
bioprepwatch.com	17621	2026-04-10
biospace.com	7263	2026-02-19
biospectrumindia.com	13694	2026-06-05
birminghammail.co.uk	299682	2026-07-19
birminghamstar.com	25702	2026-07-19
birminghamtimes.com	7648	2026-07-18
bismarcktribune.com	61908	2026-07-18
bizcommunity.com	66811	2026-07-17
bizenglish.adaderana.lk	6999	2026-02-24
bizjournals.com	49218	2022-06-19
biznews.com	18000	2026-07-19
bizpacreview.com	42842	2023-09-06
biztimes.com	15332	2026-07-18
biztoc.com	1997950	2026-01-16
bizwest.com	12073	2026-07-19
bjpenn.com	31856	2026-07-19
bjreview.com	30849	2026-07-17
bjreview.com.cn	17517	2026-07-17
bkreader.com	7912	2026-07-19
blabbermouth.net	16058	2026-07-17
blackamericaweb.com	14852	2026-07-19
blackandteal.com	6150	2026-07-19
blackenterprise.com	37783	2026-07-19
blackhillsfox.com	13340	2024-07-01
blacklistednews.com	9929	2024-08-07
blackpoolgazette.co.uk	23696	2025-01-23
blackseagrain.net	7057	2022-02-09
blayneychronicle.com.au	51865	2026-07-19
blazersedge.com	12604	2026-07-19
blazin1023.com	6077	2026-07-19
bleachernation.com	41095	2025-03-05
bleacherreport.com	63843	2026-07-19
bleedcubbieblue.com	14513	2026-07-19
bleedingcool.com	110051	2026-07-19
bleedinggreennation.com	12045	2026-07-19
blessyouboys.com	6049	2026-07-19
blingee.com	5682	2024-06-04
blockislandtimes.com	5499	2026-07-17
bloggingdirty.com	5728	2026-07-19
bloggingtheboys.com	20103	2026-07-19
blogherald.com	5705	2026-07-19
blogspot.com	5342	2026-07-19
blogto.com	32346	2026-07-14
bloodhorse.com	31832	2026-07-19
bloodyelbow.com	28845	2025-10-06
blooloop.com	11666	2026-07-17
bloomberg.com	168406	2026-06-22
bloombergquint.com	20998	2022-05-05
bluebirdbanter.com	6085	2026-07-19
bluemountaineagle.com	23871	2026-07-18
bluemountainsgazette.com.au	61068	2026-07-19
bluenc.com	5047	2026-06-30
blueprint.ng	89056	2026-07-19
blueridgenow.com	8748	2023-09-11
blueshirtbanter.com	5222	2026-07-19
blufftonicon.com	12132	2026-07-19
bmj.com	33556	2025-11-26
bmmagazine.co.uk	8628	2026-07-19
bmwblog.com	9601	2026-07-19
bnamericas.com	16560	2026-03-31
bnd.com	5862	2024-07-27
bnn-news.com	13409	2026-07-17
bnnbloomberg.ca	256931	2026-07-19
bobfm.co.uk	10040	2026-07-17
bocanewsnow.com	5835	2026-07-19
boersennews.de	6896	2026-07-11
bognor.co.uk	5973	2022-02-10
boingboing.net	31566	2026-07-19
boisestatepublicradio.org	34880	2026-07-19
bold.dk	10131	2026-07-18
bolivarmonews.com	5190	2026-07-07
bollywoodhungama.com	50066	2026-07-19
bollywoodlife.com	8083	2026-02-16
bollywoodmantra.com	5165	2023-06-01
bolnews.com	8267	2025-12-08
bonappetit.com	6367	2026-07-17
bondbuyer.com	14614	2026-07-18
boom1019.com	6592	2026-06-18
boom997.com	6626	2026-06-23
boorowanewsonline.com.au	17492	2026-07-15
boothbayregister.com	31823	2026-07-19
bordermail.com.au	97468	2026-07-19
bordertelegraph.com	96641	2026-07-19
borderwatch.com.au	7562	2026-05-05
boredpanda.com	379271	2026-07-19
borehamwoodtimes.co.uk	112314	2026-07-19
borgenproject.org	5540	2026-07-19
borneobulletin.com.bn	79107	2025-04-28
boston.com	65938	2026-07-19
bostonglobe.com	144644	2026-07-19
bostonherald.com	58201	2026-07-19
bostonstar.com	109068	2026-07-19
bournemouthecho.co.uk	162351	2026-07-19
bowenislandundercurrent.com	61387	2025-09-05
boxden.com	78610	2024-10-17
boxinginsider.com	5570	2026-07-19
boxingnews24.com	12627	2026-07-17
boxingnewsonline.net	11205	2026-07-19
bozemandailychronicle.com	157464	2026-07-19
bozemanskissfm.com	14922	2026-07-18
bozone.com	14122	2026-07-19
bpr.org	23840	2023-01-31
bracknellnews.co.uk	100731	2026-07-19
bradfordera.com	73862	2026-07-19
braidwoodtimes.com.au	51377	2026-07-19
brainerddispatch.com	57202	2026-07-19
braintreeandwithamtimes.co.uk	133757	2026-07-19
bramptonguardian.com	12494	2026-07-19
brandonsun.com	67523	2026-07-19
bransontrilakesnews.com	46586	2026-07-17
brantfordexpositor.ca	43181	2026-07-19
bravenewcoin.com	10277	2026-07-19
bravotv.com	9676	2026-07-19
brazilsun.com	49812	2026-07-19
breakingbelizenews.com	7788	2026-03-19
breakingdefense.com	13522	2026-07-19
breakingnews.ie	105975	2026-07-19
breakingtravelnews.com	13060	2023-08-26
brecorder.com	74251	2026-02-23
breitbart.com	289328	2026-07-19
brentwoodlive.co.uk	112796	2026-07-19
bridgemi.com	10974	2026-07-19
bridgwatermercury.co.uk	96873	2026-07-19
bridportnews.co.uk	102910	2026-07-19
briefingwire.com	80411	2026-07-19
brightonandhovenews.org	10484	2026-07-19
brightontoday.ca	8933	2026-07-19
brightsideofthesun.com	8574	2026-07-19
bringmethenews.com	15509	2023-09-18
brisbanetimes.com.au	235163	2026-07-19
bristol247.com	10749	2025-11-19
bristolpost.co.uk	127924	2026-07-19
britainnews.net	65924	2026-07-19
britannica.com	21901	2025-11-12
broadbandtvnews.com	6237	2026-06-17
broadcastnow.co.uk	13529	2025-09-04
broadwayworld.com	55810	2026-05-08
brobible.com	14553	2026-07-19
brokernews.com.au	7135	2026-07-17
bromsgroveadvertiser.co.uk	108633	2026-07-19
bromsgrovestandard.co.uk	14764	2026-07-19
brookingsradio.com	22087	2026-07-14
brooklyneagle.com	14047	2026-07-19
brooklynpaper.com	8867	2026-07-19
brooklynvegan.com	36462	2026-07-19
broomfieldenterprise.com	12647	2026-07-19
browndailyherald.com	7367	2026-07-10
brownsvilleherald.com	16485	2021-03-17
brownwoodnews.com	17513	2026-07-19
brudirect.com	25187	2026-07-19
bruneinews.net	76783	2026-07-19
bryantimes.com	56435	2026-07-19
bssnews.net	152596	2026-07-19
bu.edu	6129	2026-07-17
bubblear.com	10789	2026-07-19
buccaneers.com	6392	2026-07-17
buckscountycouriertimes.com	10343	2023-01-24
bucksfreepress.co.uk	120677	2026-07-19
bucksherald.co.uk	12536	2025-01-23
bucksinsider.com	8487	2026-07-19
bucyrustelegraphforum.com	5927	2023-09-11
budapesttimes.hu	10499	2026-07-19
buenosairesherald.com	5242	2026-07-18
buffalobulletin.com	11368	2026-07-19
buffalonews.com	138608	2026-07-19
buffalorising.com	5858	2026-07-19
buildersmerchantsnews.co.uk	5500	2026-07-17
building.co.uk	13478	2025-09-05
bulawayo24.com	60987	2026-07-19
bulgariagazette.com	6870	2025-09-26
bulletsforever.com	7128	2026-07-19
bunburymail.com.au	102735	2026-07-19
bundesliga.com	7508	2026-07-19
burlingtoncountytimes.com	11222	2023-09-11
burlingtonfreepress.com	5470	2023-09-11
burnabynow.com	71750	2025-08-01
burnham-on-sea.com	16746	2026-07-19
burnhamandhighbridgeweeklynews.co.uk	93553	2026-07-19
burnleyexpress.net	21025	2025-01-23
burntorangenation.com	7123	2026-07-19
bursa.ro	5784	2026-07-19
burytimes.co.uk	158951	2026-07-19
business-humanrights.org	10722	2026-07-15
business-review.eu	17741	2026-07-17
business2community.com	14769	2026-07-17
businessdailyafrica.com	40487	2026-07-19
businessday.co.za	9995	2026-07-19
businessdayghana.com	7624	2026-07-19
businessden.com	5216	2026-07-17
businessghana.com	144084	2026-07-19
businessgreen.com	18293	2026-07-17
businessincameroon.com	6559	2026-07-19
businessinsider.co.za	8106	2023-02-28
businessinsider.com	346558	2026-07-19
businessinsider.com.au	24044	2023-10-12
businessinsider.in	71647	2025-01-13
businessinsurance.com	9512	2026-07-17
businesslive.co.za	10121	2025-10-13
businessmirror.com.ph	121961	2025-05-14
businessnorth.com	9276	2026-07-18
businessoffashion.com	15909	2026-06-29
businesspost.ie	34578	2026-07-19
businessrecord.com	20810	2024-01-04
businessreport.com	7793	2026-07-17
businesstech.co.za	9105	2022-09-28
businesstimes.com.sg	76616	2026-07-19
businesstoday.in	164560	2026-07-19
businesstraveller.com	10762	2025-01-23
businesstravelnewseurope.com	7049	2026-04-06
businesswire.com	90653	2023-04-18
businesswireindia.com	12266	2026-05-18
businessworld.in	33533	2026-07-15
butlereagle.com	56320	2026-07-19
buxtonadvertiser.co.uk	12680	2025-01-23
buzzfeed.com	86323	2026-07-19
buzzfeednews.com	7389	2026-01-01
bwog.com	16062	2026-07-07
bworldonline.com	86612	2026-07-19
bxr.com	9050	2026-07-19
byronnews.com.au	34848	2021-04-28
byu.edu	6000	2026-07-15
c-mw.net	6248	2026-07-16
c21media.net	26115	2026-07-17
cachevalleydaily.com	17244	2026-07-19
cadforum.cz	13447	2026-07-19
cadillacnews.com	32015	2026-07-19
cagesideseats.com	41445	2026-07-19
cagle.com	21449	2025-01-23
cairnspost.com.au	241439	2026-07-19
cairoscene.com	21984	2026-07-19
caixinglobal.com	24303	2026-06-08
cajnewsafrica.com	6459	2026-07-17
cajunradio.com	15681	2026-07-19
calcoastnews.com	8351	2026-07-19
calculatedriskblog.com	14512	2026-01-12
calcuttanews.net	156563	2026-07-19
caledoncitizen.com	5799	2026-07-16
caledonenterprise.com	5389	2026-07-19
caledoniacourier.com	25920	2026-07-19
caledonianrecord.com	173317	2026-07-19
calgary.ctvnews.ca	30489	2025-01-23
calgaryherald.com	50202	2026-07-19
calgarysun.com	70829	2026-07-19
californianewswire.com	7870	2026-07-16
californiatelegraph.com	147434	2026-07-19
caller.com	7121	2023-09-11
callnewspapers.com	5351	2026-07-15
cambodiantimes.com	147634	2026-07-19
cambrian-news.co.uk	20102	2026-07-19
cambridge-news.co.uk	73776	2026-07-19
cambridge.org	7026	2026-03-01
cambridgetimes.ca	9278	2026-07-19
cambstimes.co.uk	38829	2026-07-19
camdencourier.com.au	50467	2026-07-19
cameroon-tribune.cm	14302	2026-07-18
campaignasia.com	8339	2026-07-17
campaignbrief.com	14139	2026-07-19
campaignindia.in	10054	2026-07-19
campaignlive.co.uk	25984	2026-06-25
campaignseries.co.uk	10186	2023-02-07
campbellrivermirror.com	31417	2026-07-19
campbeltowncourier.co.uk	5717	2024-01-25
campusreform.org	7013	2026-01-05
canada.com	38419	2026-07-19
canadafreepress.com	33147	2025-07-27
canadiancattlemen.ca	6454	2026-07-19
canadianinquirer.net	16055	2026-07-19
canadianlawyermag.com	6380	2026-07-18
canadianmanufacturing.com	8880	2026-07-17
canadianminingjournal.com	9440	2026-07-17
canadianreviewer.com	8942	2026-07-16
canadianunderwriter.ca	6526	2026-07-14
canberratimes.com.au	120004	2026-07-19
cancertherapyadvisor.com	7412	2026-07-17
candgnews.com	14125	2026-07-17
canindia.com	45226	2025-11-20
canoncitydailyrecord.com	25830	2026-07-19
canowindranews.com.au	25736	2024-09-09
cantechletter.com	20754	2026-05-12
cantondailyledger.com	5834	2023-09-10
cantonrep.com	17009	2023-09-11
canyon-news.com	11450	2026-07-18
capeandislands.org	39366	2026-07-19
capebretonpost.com	23307	2020-11-12
capecod.com	12930	2026-07-19
capecodtimes.com	12400	2023-09-11
capegazette.com	20535	2026-01-06
capenews.net	14412	2026-07-18
capetalk.co.za	25547	2024-01-15
capitalethiopia.com	14622	2026-07-19
capitalfm.co.ke	57451	2026-06-15
capitalfm.com	9863	2026-07-17
capitalgazette.com	78832	2026-07-19
capitalpress.com	17275	2026-07-18
capitolfax.com	17369	2026-07-18
capitolhillseattle.com	5959	2026-02-16
capjournal.com	17429	2026-07-19
capradio.org	38652	2026-07-18
captivasanibel.com	12245	2026-07-17
carandbike.com	12268	2026-07-15
caranddriver.com	11191	2026-07-19
carbon-pulse.com	17777	2025-08-13
carbuzz.com	50987	2026-07-19
cardinalcourieronline.com	10292	2026-02-05
careerindia.com	9269	2026-06-26
caribbeanherald.com	60172	2026-07-19
caribjournal.com	6470	2026-07-19
carletonvilleherald.com	12062	2023-10-11
carlow-nationalist.ie	60938	2026-07-19
carlyleobserver.com	30710	2021-07-29
carmagazine.co.uk	5250	2026-07-17
carnegieendowment.org	5322	2026-07-17
carnewschina.com	5952	2026-07-19
carolinacoastonline.com	26537	2026-07-19
carolinajournal.com	10610	2026-07-17
carrollspaper.com	39555	2026-07-19
carscoops.com	52490	2026-07-19
carsguide.com.au	6540	2025-03-31
carsonnow.org	133897	2026-07-19
cartermatt.com	27960	2026-05-08
cartoonbrew.com	5041	2026-07-17
casino.org	6903	2026-07-19
castanet.net	188887	2023-11-21
castanetkamloops.net	71037	2026-07-19
castlegarsource.com	6159	2026-07-15
catcountry1029.com	17279	2026-07-18
catcountry1073.com	50479	2026-07-19
catholic.org	9621	2026-06-29
catholicculture.org	29027	2026-07-18
catholicnewsagency.com	11036	2026-01-23
catholicphilly.com	8633	2026-07-17
catholicregister.org	7392	2026-07-18
catholicworldreport.com	32509	2026-07-19
caughtoffside.com	48819	2026-07-19
cavalierdaily.com	9414	2026-07-19
cbc.bb	19494	2026-07-19
cbc.ca	370287	2026-07-19
cbn.com	24863	2026-07-19
cbr.com	25341	2023-10-27
cbs12.com	43267	2026-07-19
cbs19.tv	57735	2026-06-06
cbs2iowa.com	40104	2026-07-19
cbs46.com	9757	2022-03-01
cbs4indy.com	5543	2024-08-20
cbs4local.com	39996	2026-07-19
cbs58.com	74836	2026-07-19
cbs6albany.com	39676	2026-07-19
cbs7.com	10489	2024-08-12
cbs8.com	55118	2026-06-05
cbsnews.com	209058	2026-07-19
ccenterdispatch.com	18399	2026-03-06
ccm.net	10814	2025-04-02
cdapress.com	22683	2026-07-19
cdispatch.com	19135	2026-07-19
cecildaily.com	18647	2026-07-19
cedarnews.net	5027	2026-07-19
cei.int	6500	2026-07-19
celebdirtylaundry.com	47943	2026-07-19
celebuzz.com	5937	2026-06-26
cemnet.com	10832	2026-07-17
centralasiatimes.com	32357	2026-07-19
centralchronicle.com	29979	2026-03-24
centraljersey.com	19200	2025-05-26
centralmaine.com	97032	2026-07-19
centralmoinfo.com	31851	2026-07-19
centraltelegraph.com.au	20824	2020-06-29
centralwesterndaily.com.au	62683	2026-07-19
centreforaviation.com	24134	2026-07-19
cessnockadvertiser.com.au	58600	2026-07-19
cfnrfm.ca	9656	2026-07-09
cfox.com	10906	2026-07-13
cfr.org	7947	2026-07-18
cfweradio.ca	6691	2026-07-19
cgtn.com	15100	2025-08-27
chad.co.uk	20199	2025-01-23
chaffeecountytimes.com	8011	2026-07-16
chalkbeat.org	8137	2026-07-19
championnewspapers.com	6071	2026-07-19
channel3000.com	130901	2026-07-19
channel4.com	20113	2026-07-19
channel5belize.com	19313	2025-05-24
channelafrica.co.za	13756	2026-07-19
channeleye.co.uk	5515	2024-08-12
channelnewsasia.com	175900	2026-07-19
channelstv.com	87876	2026-07-19
channelweb.co.uk	5809	2025-04-17
chanute.com	28947	2026-07-16
chapelboro.com	20147	2026-06-24
chardandilminsternews.co.uk	94234	2026-07-19
charismamag.com	18512	2023-07-17
charismanews.com	12185	2025-08-02
charkoosta.com	6511	2026-07-18
charlestoncitypaper.com	8183	2026-07-18
charlotteobserver.com	9913	2024-07-31
charter97.org	70754	2026-03-02
chathamdailynews.ca	46445	2026-07-19
chathamstartribune.com	10762	2026-07-19
chathamthisweek.com	37069	2026-03-13
chattanoogan.com	80694	2026-07-19
chattooga1180.com	11763	2026-07-19
chch.com	21561	2026-07-19
cheatsheet.com	28644	2026-03-18
cheboygannews.com	5551	2023-09-10
cheknews.ca	18286	2026-07-19
chelmsfordweeklynews.co.uk	113672	2026-07-19
chemeurope.com	7823	2026-07-18
chennaionline.com	16742	2026-07-19
cherokeephoenix.org	8451	2026-07-19
chessbase.com	10173	2026-07-19
chesterstandard.co.uk	151949	2026-07-19
chiangraitimes.com	22755	2026-07-19
chicagobusiness.com	22332	2026-07-06
chicagocrusader.com	8227	2026-07-18
chicagonow.com	9019	2022-08-18
chicagotribune.com	158747	2026-07-19
chichester.co.uk	7095	2022-02-10
chickashanews.com	6087	2026-07-16
chicoer.com	22819	2026-07-19
chieftain.com	9189	2023-09-11
chilecomparte.cl	24303	2026-07-19
chimpreports.com	14362	2026-07-19
china.org.cn	182734	2026-07-19
chinadaily.com.cn	583331	2026-07-19
chinadailyhk.com	10481	2025-01-27
chinadigitaltimes.net	8017	2026-06-05
chinafile.com	8459	2026-07-17
chinamil.com.cn	21064	2026-07-19
chinanationalnews.com	149842	2026-07-19
chinatechnews.com	8426	2026-07-19
chinaview.cn	30639	2026-03-19
chinookobserver.com	7843	2026-07-19
chipchick.com	22684	2026-07-19
chippewa.com	57874	2026-07-19
chorleycitizen.co.uk	18568	2023-02-07
chortle.co.uk	17397	2026-07-19
chosun.com	17595	2024-09-12
chrisd.ca	7570	2026-07-19
christianitydaily.com	5057	2026-07-18
christianitytoday.com	10502	2026-07-17
christiannewswire.com	6437	2026-07-17
christianpost.com	71475	2026-07-19
christiantoday.com	5120	2026-07-19
chron.com	549721	2025-11-18
chronicle-tribune.com	10345	2026-07-18
chronicle.co.zw	47194	2025-01-23
chronicle.com	5109	2025-11-18
chronicle.gi	7306	2026-03-17
chronicle.lu	33927	2026-07-19
chroniclejournal.com	67619	2026-07-19
chroniclelive.co.uk	130917	2026-07-19
chronicleonline.com	74915	2026-07-19
chronicletimes.com	5522	2026-07-17
chronline.com	35808	2026-07-19
chronogram.com	7511	2026-07-19
chvnradio.com	25066	2026-07-19
cinaradio.com	5181	2026-07-17
cincinnati.com	30235	2024-10-21
cincinnatimagazine.com	5658	2026-07-17
cincinnatisun.com	42815	2026-07-19
cincyjungle.com	13894	2026-07-19
cinemablend.com	83785	2026-07-19
cineuropa.net	5310	2022-08-20
cineuropa.org	28824	2026-03-27
cio.com	12010	2026-01-20
circlevilleherald.com	6480	2026-07-18
cisnfm.com	10126	2026-06-11
cities929.com	14573	2026-07-19
citizen-times.com	8165	2023-09-11
citizen.co.za	97848	2026-07-19
citizen.digital	7318	2026-02-22
citizen.on.ca	6348	2026-07-17
citizensvoice.com	55106	2026-07-19
citr.ca	5040	2025-11-02
city-countyobserver.com	15742	2026-01-31
cityam.com	60173	2026-07-19
citybeat.com	10354	2025-01-22
cityfarmer.info	5049	2026-07-19
citynews.com.au	18100	2025-09-04
citywatchla.com	9052	2026-07-19
cityweekly.net	5814	2026-07-17
citywireselector.com	7388	2022-10-19
civilbeat.org	8478	2026-07-17
civilserviceworld.com	6972	2026-07-17
civilsociety.co.uk	5903	2026-07-17
cjhk.ca	7829	2026-03-03
cjls.com	6152	2026-04-07
cjme.com	30539	2026-07-19
cjonline.com	13533	2023-09-11
cjoy.com	8910	2023-12-05
ckbw.ca	8373	2026-03-02
ckdr.net	10129	2025-10-01
ckfm.ca	6389	2024-05-10
ckom.com	31238	2026-07-19
ckua.com	10308	2026-07-19
ckxsfm.com	11450	2026-07-17
clactonandfrintongazette.co.uk	144283	2026-07-19
claimsjournal.com	12948	2026-07-17
clare.fm	24747	2026-07-19
clarechampion.ie	10109	2026-07-19
clareherald.com	7685	2026-07-19
claremoreprogress.com	7602	2026-07-19
clarionledger.com	9660	2023-09-11
clarksvillenow.com	13601	2026-07-19
clarksvilleonline.com	21586	2026-07-19
classic107.com	13112	2026-07-19
classiccountry1070.com	6263	2024-02-24
classichits925.com	9933	2026-07-18
classicrock1051.com	16764	2024-04-27
classicrock1069.com	5507	2022-01-10
classicrock961.com	31699	2026-07-19
classy100.com	35801	2026-07-19
claytodayonline.com	6490	2026-07-17
cleantechnica.com	34107	2026-07-19
clearwatertimes.com	28787	2026-07-19
clemsontigers.com	5715	2026-06-23
cleveland.com	30463	2026-03-09
cleveland19.com	47329	2026-07-19
clevelandbanner.com	11917	2026-07-18
clevelandbrowns.com	5400	2026-07-17
clevelandjewishnews.com	83128	2026-07-19
clevelandstar.com	113300	2026-07-19
clevescene.com	11090	2026-07-17
clichemag.com	14176	2026-07-19
click2houston.com	97351	2026-07-19
clickondetroit.com	158787	2026-07-19
clickorlando.com	131898	2026-07-19
clickthecity.com	7274	2025-10-21
clinicaladvisor.com	6515	2026-07-17
clinicalleader.com	7350	2026-07-19
clintonherald.com	38684	2026-07-18
clintonnewsrecord.com	22778	2026-07-19
closerweekly.com	6388	2026-07-19
cloverdalereporter.com	34101	2026-07-19
cltampa.com	9497	2026-07-19
club937.com	24731	2026-07-18
clutchpoints.com	38968	2026-06-13
clydebankpost.co.uk	100381	2026-07-19
cmcmarkets.com	5856	2026-03-09
cmo.com.au	5228	2024-01-20
cnbc.com	129829	2026-07-19
cnbcafrica.com	20875	2026-07-19
cnbctv18.com	7702	2026-03-19
cnet.com	449985	2026-07-19
cnn.com	295510	2026-07-19
cnnphilippines.com	80976	2024-01-29
cnsnews.com	60537	2025-08-26
cntraveler.com	6226	2026-07-19
cntraveller.com	5299	2026-07-18
cnweekly.com	12207	2021-07-26
cnycentral.com	31001	2026-07-19
cnynews.com	18426	2026-07-19
coast1009.com	20140	2026-07-19
coast931.com	5160	2026-07-19
coast973.com	8675	2026-07-19
coastalcourier.com	5578	2026-07-17
coastaldigest.com	19036	2026-07-18
coastalnewstoday.com	14623	2024-01-03
coastalpoint.com	6285	2026-07-17
coastalradio.ca	7161	2026-07-17
coastfm.co.uk	11110	2025-01-27
coastreporter.net	84071	2025-09-09
cobrapost.com	11656	2026-07-17
cochranetimes.com	8914	2026-07-19
cochranetimespost.ca	49154	2026-07-19
cochranetoday.ca	8500	2023-01-30
coffscoastadvocate.com.au	43733	2021-03-24
cogconnected.com	10275	2026-07-18
coincommunity.com	144852	2026-04-03
coindesk.com	30207	2026-07-19
coinspeaker.com	33195	2026-07-19
cointelegraph.com	41635	2026-07-19
coinweek.com	7781	2026-06-04
coladaily.com	8899	2026-07-19
coldlakesun.com	12831	2026-07-19
collider.com	117193	2026-07-19
colombogazette.com	9093	2026-07-18
colombopage.com	20989	2023-11-30
coloradoan.com	6487	2023-09-11
coloradohometownweekly.com	15255	2026-07-19
coloradopolitics.com	6290	2026-03-19
coloradostar.com	39817	2026-07-19
columbiadailyherald.com	9127	2023-09-11
columbiagorgenews.com	18007	2026-07-19
columbiamissourian.com	27578	2026-07-19
columbian.com	102922	2026-07-19
columbiatribune.com	10247	2023-09-11
columbustelegram.com	53515	2026-07-18
combatpress.com	12119	2026-07-19
comicbook.com	185000	2026-07-19
comicbookmovie.com	27093	2026-07-19
comingsoon.net	56138	2026-07-19
commercial-news.com	14545	2026-07-19
commercialappeal.com	11594	2023-09-11
commercialmotor.com	5370	2026-06-03
commercialobserver.com	12182	2026-07-19
comminit.com	8001	2026-07-10
commodityonline.com	27788	2025-02-12
commonsnews.org	7904	2023-06-14
communityadvocate.com	6561	2026-07-19
communityimpact.com	19614	2026-07-01
communitynewspapergroup.com	19819	2026-07-19
communitynewspapers.com	13103	2026-07-17
communityni.org	5202	2022-02-11
communitypress.ca	38218	2026-06-22
comoxvalleyrecord.com	32614	2026-07-19
complex.com	21753	2026-07-19
complianceweek.com	5446	2026-07-19
compositesworld.com	8700	2026-07-17
compsmag.com	6764	2024-03-22
computerweekly.com	39168	2026-07-07
computerworld.com	10834	2026-07-17
computing.co.uk	8424	2026-06-22
comunicati.net	56760	2022-02-08
con-telegraph.ie	56200	2026-07-19
concordmonitor.com	32092	2026-07-19
conference-news.co.uk	7562	2026-07-16
connachttribune.ie	15670	2026-02-24
connectionnewspapers.com	8900	2026-07-16
connectradio.fm	19958	2026-07-19
connectsavannah.com	7543	2026-07-15
connexionfrance.com	27895	2026-07-19
consilium.europa.eu	24508	2024-07-15
consortiumnews.com	5280	2026-07-18
constructiondive.com	7395	2026-07-17
constructionenquirer.com	5720	2026-07-17
constructionequipment.com	5144	2026-07-17
constructionequipmentguide.com	6389	2025-03-03
constructionnews.co.uk	14479	2026-07-17
constructionweekonline.com	8096	2024-07-13
consumerelectronicsnet.com	16079	2024-02-09
conwaydailysun.com	20407	2026-07-15
cookingchanneltv.com	5605	2023-03-29
cookislandsnews.com	10360	2026-07-18
cool987fm.com	12087	2026-07-18
coolsocial.net	9498	2023-01-16
coolum-news.com.au	20346	2020-06-29
coosavalleynews.com	9586	2026-07-19
cootamundraherald.com.au	36796	2026-07-19
corkindependent.com	9078	2026-07-17
cornell.edu	7586	2026-07-17
cornellsun.com	8646	2026-07-19
cornwalllive.com	6248	2026-07-16
cornwallseawaynews.com	24034	2026-07-19
coronadonewsca.com	13180	2026-07-17
corsicanadailysun.com	23372	2026-07-19
corvallisadvocate.com	6052	2026-07-18
cosmeticsandtoiletries.com	7465	2026-02-10
cosmopolitan.com	67141	2026-07-19
cosmosmagazine.com	9093	2025-10-20
cotswoldjournal.co.uk	101434	2026-07-19
countercurrents.org	21431	2026-07-19
counterpunch.org	23855	2026-07-18
country-guide.ca	5855	2025-05-21
country104.com	8328	2026-07-17
country105.com	10297	2026-07-14
country1053.ca	9597	2025-05-20
country93.ca	8557	2026-07-18
country94.ca	14854	2025-12-08
countrylife.co.uk	9279	2026-07-19
countryliving.com	9551	2026-07-19
countypress.co.uk	138538	2026-07-19
countytimes.co.uk	116739	2026-07-19
countyweeklynews.ca	37959	2026-06-22
courant.com	100397	2026-07-19
courier-journal.com	18161	2023-09-11
courier-tribune.com	11331	2026-07-17
courierjournal.net	8555	2026-07-18
couriermail.com.au	182103	2024-07-31
couriernews.com	66811	2026-07-19
courierpostonline.com	8906	2023-09-11
courierpress.com	8075	2023-09-11
courthousenews.com	44459	2026-07-16
coventryobserver.co.uk	11044	2026-07-19
coventrytelegraph.net	98484	2026-07-19
covers.com	36714	2026-07-19
covnews.com	5796	2026-07-17
cowboystatedaily.com	5388	2026-07-12
cowichanvalleycitizen.com	33093	2026-07-19
cowraguardian.com.au	27265	2026-07-19
cp24.com	103902	2026-07-19
cpac.ca	6601	2024-12-16
cpapracticeadvisor.com	11257	2026-07-17
cpbj.com	8732	2026-06-04
cpfc.co.uk	5012	2026-06-25
cphpost.dk	7819	2026-07-19
cpr.org	13301	2026-02-25
cqnews.com.au	44410	2021-04-28
cracked.com	30644	2026-07-19
craigdailypress.com	6377	2026-07-19
crainscleveland.com	13200	2026-06-18
crainsdetroit.com	16510	2026-03-31
crainsnewyork.com	16163	2026-03-16
cranbrooktownsman.com	29587	2026-07-19
crash.net	33298	2026-07-19
cravenherald.co.uk	153127	2026-07-19
crawleyobserver.co.uk	5858	2022-02-09
creativebloq.com	12510	2026-07-19
creativereview.co.uk	5161	2026-07-15
crescent-news.com	29051	2026-07-19
crestonnews.com	7089	2026-07-18
crestviewbulletin.com	6206	2026-07-18
crikey.com.au	14082	2026-07-19
crimeonline.com	7164	2026-03-18
crn.com	11219	2026-07-17
crn.com.au	12327	2026-07-17
crooksandliars.com	40045	2026-07-19
crookstontimes.com	5681	2025-01-30
crookwellgazette.com.au	68498	2026-07-19
crossmap.com	31786	2026-07-19
crossville-chronicle.com	27440	2026-07-19
crowrivermedia.com	50371	2025-10-29
cruisehive.com	9483	2026-07-19
cruiseindustrynews.com	7134	2026-07-19
crunchyroll.com	15924	2023-01-31
cruxnow.com	13765	2026-07-19
csindy.com	6448	2025-04-21
csmonitor.com	24855	2026-07-19
csoonline.com	10086	2026-07-17
csrwire.com	7988	2026-07-17
ctgtribune.com	15346	2025-06-01
ctmirror.org	12410	2026-07-19
ctnewsjunkie.com	5427	2026-07-18
ctpost.com	162446	2025-10-26
ctpublic.org	7913	2026-03-18
ctvnews.ca	171357	2026-06-22
cubaheadlines.com	37893	2026-07-19
cubbiescrib.com	5720	2026-07-19
cuinsight.com	19885	2025-07-09
cullmantimes.com	10043	2026-07-15
cultofmac.com	8931	2026-07-19
culturemap.com	32879	2026-07-18
cumberlink.com	50450	2026-07-18
cumbriacrack.com	30229	2025-01-23
curacaochronicle.com	8588	2026-06-25
curbed.com	6093	2026-07-17
curetoday.com	6790	2026-02-12
currentargus.com	8944	2026-07-19
cwtv.com	5658	2026-07-15
cypnow.co.uk	6355	2026-06-19
cyprus-mail.com	79413	2026-07-19
dabangasudan.org	7072	2026-07-16
dagblog.com	50779	2025-10-13
daijiworld.com	141849	2026-03-16
daily-chronicle.com	8022	2020-12-17
daily-jeff.com	8203	2023-09-11
daily-journal.com	20849	2025-02-04
daily-sun.com	38361	2025-12-09
daily-times.com	5025	2023-09-10
daily-tribune.com	7361	2026-07-19
dailyadvance.com	55835	2026-07-19
dailyadvertiser.com.au	83488	2026-07-19
dailyadvocate.com	12256	2025-05-15
dailyamerican.com	13653	2023-09-11
dailyastorian.com	12244	2026-07-18
dailybreeze.com	47518	2026-07-19
dailybruin.com	6616	2026-07-19
dailybulldog.com	9535	2026-07-19
dailybulletin.com	45258	2026-07-19
dailycal.org	22211	2026-07-18
dailycaller.com	104365	2026-07-19
dailycamera.com	41766	2026-07-19
dailycampus.com	6502	2026-07-17
dailycardinal.com	7759	2026-07-17
dailycitizen.news	13575	2025-02-06
dailycomet.com	6054	2023-09-11
dailycommercial.com	9991	2023-09-11
dailydemocrat.com	13111	2026-07-19
dailydispatch.co.za	8145	2026-07-19
dailydot.com	45710	2026-07-19
dailyecho.co.uk	168527	2026-07-19
dailyemerald.com	6779	2026-07-13
dailyexaminer.com.au	42309	2021-03-24
dailyexcelsior.com	181802	2026-07-19
dailyexpress.com.my	91331	2026-07-01
dailyforex.com	11554	2026-07-19
dailyfreeman.com	44038	2026-07-19
dailyfx.com	24052	2024-08-30
dailygalaxy.com	9581	2026-07-19
dailygazette.com	79571	2026-07-19
dailyherald.com	120389	2025-09-08
dailyheraldtribune.com	13910	2026-07-19
dailyhive.com	63706	2026-07-19
dailyindependent.com	35686	2026-07-19
dailyinterlake.com	13446	2026-06-11
dailyiowegian.com	6412	2020-05-27
dailyitem.com	53211	2026-07-19
dailyjournal.net	102260	2025-05-15
dailyjournalonline.com	42884	2026-07-19
dailykos.com	177755	2026-07-19
dailyliberal.com.au	87743	2026-07-19
dailylocal.com	51522	2026-07-19
dailymail.co.uk	1278695	2026-04-21
dailymail.com	34029	2026-07-19
dailymaverick.co.za	78591	2026-07-19
dailymercury.com.au	49265	2021-06-23
dailymirror.lk	57794	2026-07-19
dailynebraskan.com	5277	2026-07-17
dailynews.co.th	6843	2023-07-05
dailynews.co.tz	14367	2026-07-19
dailynews.co.zw	16239	2026-07-19
dailynews.com	54013	2026-07-19
dailynews.lk	33827	2023-12-29
dailynewsegypt.com	14118	2025-01-26
dailynexus.com	5752	2026-07-18
dailynorseman.com	10521	2026-07-17
dailynorthwestern.com	11912	2026-07-17
dailyorange.com	9932	2025-02-23
dailypakistan.com.pk	17248	2026-07-19
dailypioneer.com	77780	2026-07-19
dailypolitical.com	612751	2026-07-19
dailypost.co.uk	92028	2026-07-19
dailypost.ng	279736	2026-07-19
dailypost.vu	15677	2026-07-18
dailypostathenian.com	20434	2026-07-17
dailypress.com	76368	2026-07-19
dailypress.net	22943	2026-07-18
dailyprincetonian.com	7839	2026-07-14
dailyprogress.com	57685	2026-07-19
dailyrecord.co.uk	304825	2026-07-19
dailyrecord.com	9244	2023-09-11
dailyrecordnews.com	22434	2026-07-18
dailyreporter.com	8550	2026-06-03
dailyrepublic.com	89342	2026-07-19
dailyridge.com	16451	2026-07-18
dailysabah.com	62826	2026-07-19
dailysentinel.com	5508	2026-07-18
dailysignal.com	26348	2026-07-17
dailystar.co.uk	316486	2026-07-19
dailystar.com.lb	7273	2025-09-29
dailystarjournal.com	8779	2020-11-25
dailysun.co.za	30224	2022-09-11
dailytarheel.com	10006	2026-07-13
dailytelegraph.com.au	163773	2024-07-31
dailythepatriot.com	16806	2026-07-19
dailytimes.com	17610	2026-07-18
dailytimes.com.pk	142364	2026-06-25
dailytrib.com	6613	2026-07-17
dailytribune.com	25590	2025-11-05
dailytrojan.com	8997	2026-06-24
dailytrust.com	68023	2026-07-19
dailytrust.com.ng	21882	2021-06-24
dailyunion.com	23958	2026-07-19
dailyuw.com	7176	2026-07-13
dailyvoice.com	184665	2026-07-03
dailyworld.com	5461	2023-09-11
dakotanewsnow.com	18995	2026-07-19
dakotawarcollege.com	8730	2026-07-19
dallascowboys.com	10683	2026-07-17
dallasnews.com	51183	2026-04-01
dallasobserver.com	9740	2026-07-18
dallassun.com	120431	2026-07-19
dallasvoice.com	8199	2026-07-17
daltonsbusiness.com	5648	2026-07-19
danspapers.com	9483	2026-07-18
darientimes.com	58921	2025-08-31
darkhorizons.com	21382	2026-07-19
darkreading.com	13187	2025-02-20
darlingtonandstocktontimes.co.uk	106299	2026-07-19
datacenterdynamics.com	18830	2025-06-14
datacenterknowledge.com	5689	2026-07-17
daventryexpress.co.uk	10264	2025-01-23
davisenterprise.com	22754	2026-07-19
dawgpounddaily.com	5094	2026-07-19
dawn.com	261225	2026-07-19
dayton.com	5431	2024-09-04
daytonatimes.com	5376	2026-07-16
daytondailynews.com	54073	2026-07-19
dazebaonews.it	6505	2026-01-15
dazeddigital.com	17933	2026-07-19
dcourier.com	8645	2026-07-19
dcvelocity.com	5123	2026-07-16
deadline.com	162010	2026-07-19
deadlinedetroit.com	11308	2026-07-19
dealstreetasia.com	38531	2026-07-19
decanter.com	5414	2026-07-17
decaturdaily.com	47046	2026-07-19
decaturish.com	6835	2026-07-18
deccanchronicle.com	126092	2026-07-19
deccanherald.com	64357	2026-03-15
decider.com	34631	2026-07-19
defence.pk	18327	2026-05-12
defenceweb.co.za	15408	2026-07-18
defensenews.com	12049	2026-07-19
defenseone.com	8808	2026-07-17
defenseworld.net	60871	2026-04-30
defpen.com	12254	2026-07-19
dekhnews.com	5202	2025-04-11
delano.lu	6113	2025-01-11
delaware.gov	8897	2026-07-16
delawareonline.com	12601	2023-09-11
delawarepublic.org	47941	2026-07-19
delawarestatenews.net	5676	2021-02-16
delcotimes.com	59236	2026-07-19
delgazette.com	6444	2025-04-15
delmartimes.net	6342	2024-06-13
delmarvanow.com	6603	2023-09-11
delphosherald.com	5220	2026-07-15
delrionewsherald.com	10116	2021-01-22
delta-optimist.com	64492	2025-01-23
democracynow.org	34897	2026-07-17
democratandchronicle.com	9032	2023-09-11
democratherald.com	58477	2026-07-17
denbighshirefreepress.co.uk	107428	2026-07-19
denofgeek.com	8638	2026-07-19
dentonrc.com	31267	2026-07-19
denverbroncos.com	6263	2026-07-15
denverpost.com	51472	2026-07-19
derbyshiretimes.co.uk	23955	2025-01-23
derbytelegraph.co.uk	83428	2026-07-19
derryjournal.com	15278	2025-01-23
derrynow.com	41481	2026-05-21
deseret.com	38902	2026-07-19
desertsun.com	11610	2023-09-11
desiblitz.com	16650	2026-07-19
design-reuse.com	8176	2026-07-17
designboom.com	20146	2026-07-19
designnews.com	5853	2024-12-01
designyoutrust.com	5772	2026-07-19
desimartini.com	34149	2025-02-18
desmoinesregister.com	26539	2023-09-11
desototimes.com	5521	2026-07-19
destructoid.com	24027	2026-07-04
detroitnews.com	45794	2023-09-11
devdiscourse.com	137412	2026-07-03
developingtelecoms.com	14668	2026-07-18
devilslakejournal.com	5897	2026-07-18
devondispatch.ca	15754	2026-07-19
devonlive.com	9630	2026-06-20
dewsburyreporter.co.uk	12517	2025-01-23
dezeen.com	26900	2026-06-18
dfnionline.com	9919	2026-07-17
dglobe.com	30522	2026-07-19
dhakacourier.com.bd	8086	2026-07-19
dhakatribune.com	28341	2026-03-10
dhal3.com	5902	2026-07-18
diamonds.net	8812	2024-06-24
dicardiology.com	6317	2026-07-17
digg.com	24573	2026-07-19
diginomica.com	7199	2026-07-16
digit.in	30874	2026-07-19
digitaljournal.com	194609	2026-07-19
digitalspy.com	85792	2026-07-19
digitaltrends.com	41866	2026-07-19
digitimes.com	28455	2026-07-19
dinamalar.com	35340	2026-07-04
discoverairdrie.com	16380	2026-07-19
discoverestevan.com	18825	2026-07-19
discovermagazine.com	18473	2026-07-15
dispatch.com	35521	2023-09-11
dispatchlive.co.za	30383	2025-01-25
dissexpress.co.uk	19206	2026-07-19
dissidentvoice.org	9623	2026-03-22
divyabhaskar.co.in	28972	2026-07-18
diymag.com	10779	2026-07-17
djc.com	36744	2026-07-17
djcoregon.com	5745	2026-06-03
djmag.com	11744	2026-07-19
djournal.com	77340	2026-07-19
dl-online.com	30417	2026-07-19
dmagazine.com	16548	2026-07-02
dmnews.com	5276	2026-07-19
dnaindia.com	180911	2026-01-23
dnd.com.pk	16544	2026-07-19
dnews.com	29988	2026-07-19
dnj.com	6738	2023-09-11
dodgeglobe.com	8472	2026-07-16
domain-b.com	5307	2026-07-14
dominicanrepublicpost.com	22395	2026-07-19
dominicantoday.com	14359	2026-07-19
doncasterfreepress.co.uk	24323	2025-01-23
donegallive.ie	27845	2026-05-20
donegalnews.com	16024	2026-07-19
doorcountydailynews.com	7836	2026-07-18
dorsetecho.co.uk	151879	2026-07-19
dose.ca	14082	2026-07-19
dothaneagle.com	63485	2026-07-18
dotnews.com	7788	2026-07-17
douglas-budget.com	36979	2026-07-15
downtoearth.org.in	20127	2026-07-19
drapersonline.com	18262	2026-07-17
draytonvalleywesternreview.com	14727	2026-07-19
drbicuspid.com	11808	2025-10-30
dreadcentral.com	16942	2026-07-19
dredgingtoday.com	11398	2026-07-17
drgnews.com	25839	2026-07-19
drive.com.au	41233	2026-05-31
driving.ca	14341	2026-07-18
droid-life.com	7583	2026-07-17
droitwichadvertiser.co.uk	19310	2021-05-03
droitwichstandard.co.uk	9700	2026-07-19
drudge.com	17938	2026-07-19
drugstorenews.com	5369	2025-09-08
dslreports.com	19516	2025-02-26
dtinews.vn	5601	2023-07-17
dtnext.in	7229	2024-12-16
dtnpf.com	9866	2026-07-18
dualshockers.com	27181	2026-07-19
dubaicityguide.com	6941	2026-07-19
dublinlive.ie	7571	2026-03-11
dudleynews.co.uk	126814	2026-07-19
duke.edu	6233	2026-07-18
duke.fm	22312	2026-07-19
dukechronicle.com	8423	2026-07-09
dukefmduluth.com	7915	2025-03-18
duluthnewstribune.com	63876	2026-07-19
dumbartonreporter.co.uk	87978	2026-07-19
duncanbanner.com	13247	2026-07-19
dundalkdemocrat.ie	56109	2026-05-14
dunfermlinepress.com	102285	2026-07-19
dungogchronicle.com.au	53959	2026-07-19
dunmowbroadcast.co.uk	30282	2026-07-19
dunyanews.tv	149098	2026-07-19
dupagepolicyjournal.com	21462	2026-07-19
dupontregistry.com	7662	2026-01-09
durangoherald.com	95343	2026-07-19
durhamregion.com	23772	2026-07-19
dutchnews.nl	21646	2026-07-19
dvidshub.net	16259	2025-01-26
dw.com	120202	2026-07-19
dwell.com	7015	2026-07-17
dynamicbusiness.com	5909	2026-07-19
e-flux.com	10101	2026-07-18
e-know.ca	17419	2026-07-19
eacourier.com	9814	2026-07-18
eadt.co.uk	136187	2026-07-19
eaglecountryonline.com	9093	2026-07-19
eagledayton.com	8776	2026-07-19
eaglesanantonio.com	8485	2026-07-19
eagletimes.com	12955	2025-11-19
eagletribune.com	125816	2026-07-19
ealingtimes.co.uk	112624	2026-07-19
earthquake-report.com	9134	2025-07-21
earthquakenewstoday.com	63211	2025-12-30
earthsky.org	5362	2026-07-19
eastbayri.com	9321	2026-07-19
eastbaytimes.com	75364	2026-07-19
eastbourneherald.co.uk	6199	2022-02-09
eastcountymagazine.org	18638	2026-07-19
easternmirrornagaland.com	36656	2026-07-19
easternontarionetwork.com	44622	2026-06-15
easternriverinachronicle.com.au	92413	2026-07-19
eastidahonews.com	45732	2026-07-09
eastlondonadvertiser.co.uk	35620	2026-07-19
eastlothiancourier.com	104927	2026-07-19
eastoregonian.com	23871	2026-07-19
easttexasradio.com	16261	2026-07-17
eastvalleytribune.com	5816	2026-07-19
easy93.com	5313	2025-06-14
easyreadernews.com	7277	2026-07-17
eater.com	24853	2026-07-18
eaworldview.com	6745	2026-07-19
ebar.com	17369	2025-01-23
ecb.europa.eu	5594	2026-07-17
echo-news.co.uk	174223	2026-07-19
echo.net.au	11542	2025-01-23
echolive.ie	58229	2026-07-19
echonews.com.au	18377	2020-06-29
echopress.com	33352	2026-07-19
ecns.cn	39065	2026-07-17
eco-business.com	11549	2026-07-18
ecofinagency.com	6427	2026-03-19
econintersect.com	7938	2025-01-23
economist.com	30787	2025-09-05
economynext.com	6721	2026-02-28
econotimes.com	88566	2026-07-19
ecr.co.za	44220	2026-07-19
ed.fm	9394	2026-07-19
edenmagnet.com.au	79566	2026-07-19
edge.ca	11071	2026-07-16
edie.net	8412	2025-01-23
editorandpublisher.com	17108	2026-07-18
editorinleaf.com	5161	2026-07-19
edmonton.ctvnews.ca	26612	2025-01-23
edmontonexaminer.com	22667	2026-06-29
edmontonjournal.com	36192	2026-07-19
edmontonsun.com	72129	2026-07-19
edp24.co.uk	174371	2026-07-19
edsource.org	6670	2026-06-24
educationtimes.com	10557	2026-07-19
edweek.org	5624	2026-06-03
eejournal.com	10467	2026-07-19
eenadu.net	5149	2026-06-25
eenews.net	41214	2026-07-18
efe.com	19085	2026-04-15
effinghamdailynews.com	16818	2026-07-17
effinghamradio.com	11299	2026-07-19
efinancialcareers.com	6001	2026-07-17
egyptindependent.com	18664	2026-07-19
eham.net	20162	2026-07-19
ehfcl.com	251751	2020-08-27
einnews.com	148652	2024-06-01
ejpress.org	5986	2026-07-19
ekathimerini.com	5808	2020-04-10
el-balad.com	192735	2026-07-19
elclasificado.com	8848	2026-07-16
eldoradonews.com	14098	2026-07-19
electric949.com	7811	2026-07-18
electronicsweekly.com	18920	2026-07-17
electropages.com	10793	2026-07-17
elitedaily.com	16001	2026-07-19
elitetraveler.com	5184	2026-07-19
elkharttruth.com	19073	2026-07-19
elkodaily.com	54240	2026-07-18
elle.com	21524	2026-07-19
elliotlakestandard.ca	46805	2026-07-19
ellsworthamerican.com	9294	2026-07-19
ellwoodcityledger.com	6226	2023-09-11
elmwoodparkschools.org	17893	2022-03-02
elpais.com	24014	2026-07-19
elpasoinc.com	106354	2026-07-19
elpasotimes.com	10448	2023-09-11
elwakt.com	34770	2024-06-08
elystandard.co.uk	39587	2026-07-19
emarketer.com	5576	2026-07-17
emirates247.com	15362	2026-06-10
emissourian.com	13520	2025-09-01
emmetsburgnews.com	5105	2026-07-16
empireofthekop.com	17608	2026-07-19
empireonline.com	11569	2026-07-19
emporiagazette.com	25536	2026-07-19
empr.com	10687	2026-07-17
ems1.com	12640	2026-07-19
en.apa.az	68641	2026-07-19
en.ce.cn	31400	2026-07-19
en.dangcongsan.vn	5991	2024-10-12
en.gmw.cn	7405	2025-07-02
en.kremlin.ru	5544	2026-07-19
en.people.cn	120481	2026-07-18
en.portnews.ru	5371	2026-03-08
en.qantara.de	10657	2023-10-26
en.qdnd.vn	9658	2026-03-18
en.tempo.co	44783	2026-07-19
en.trend.az	72164	2025-07-09
en.vietnamplus.vn	79240	2026-03-16
enca.com	64191	2026-07-19
endocrinologyadvisor.com	7750	2026-07-17
energeticcity.ca	21668	2026-07-19
energy-pedia.com	23112	2026-07-19
energy-storage.news	7745	2026-07-17
energycentral.com	24116	2025-05-30
energyfm.net	6727	2026-06-23
energyglobal.com	7447	2025-12-09
energyvoice.com	5581	2025-01-10
enewschannels.com	7225	2026-07-16
enewscourier.com	16024	2026-07-18
enfieldindependent.co.uk	95284	2026-07-19
eng.belta.by	41337	2026-03-10
eng.kavkaz-uzel.eu	6870	2026-07-19
eng.lsm.lv	5866	2025-01-02
engadget.com	46315	2026-07-19
engineering.com	5715	2026-07-17
engineeringnews.co.za	38244	2026-07-17
english.news.cn	286235	2026-07-19
english.pravda.ru	7266	2026-07-19
english.radio.cz	19376	2026-07-19
english.republika.mk	10618	2026-07-19
english.vov.vn	15732	2026-03-16
english.wafa.ps	186817	2026-07-19
enidnews.com	38806	2026-07-19
enn.com	13792	2026-07-16
enr.com	5310	2026-07-17
enrsi.rtvs.sk	5287	2025-01-19
enstarz.com	27849	2026-07-19
enterprisenews.com	7137	2023-09-11
enterprisepub.com	5399	2026-07-16
entornointeligente.com	10131	2026-07-19
entrepreneur.com	9972	2026-07-19
envirotech-online.com	5000	2025-08-14
enviweb.cz	6581	2026-07-14
eonline.com	82774	2026-07-19
ephotozine.com	35871	2025-11-18
eppingforestguardian.co.uk	96201	2026-07-19
eptrail.com	11765	2026-07-19
epw.in	9691	2026-07-18
equibase.com	25375	2026-04-29
equipmentworld.com	5145	2026-05-28
equitybulls.com	74315	2026-07-19
erienewsnow.com	92466	2026-07-19
escapistmagazine.com	8261	2026-06-09
esmmagazine.com	10732	2026-07-17
espn.com	59087	2026-03-19
esquire.com	29919	2026-07-19
essence.com	30981	2026-07-07
essexlive.news	5571	2026-07-02
estevanmercury.ca	31586	2021-07-29
etcanada.com	13319	2023-10-30
eteknix.com	18147	2026-07-19
etfdailynews.com	228558	2025-10-07
etftrends.com	32285	2026-07-19
ethanolproducer.com	7922	2026-07-18
etnow.com	10998	2026-07-17
etonline.com	71395	2026-03-25
eturbonews.com	153793	2026-06-28
eugenedailynews.com	6102	2024-08-21
euobserver.com	13121	2026-07-18
euractiv.com	39817	2026-01-22
eurasiareview.com	40353	2026-07-16
eurekalert.org	75446	2026-07-17
eureporter.co	11352	2026-06-18
euro-petrole.com	8028	2026-07-19
eurogamer.net	42336	2026-07-19
euronews.com	106873	2026-07-19
europapress.es	8978	2026-07-15
europeanpharmaceuticalreview.com	5123	2026-03-26
europeantour.com	5282	2025-06-12
europesun.com	173564	2026-07-19
eurovoix.com	11370	2026-07-19
euroweeklynews.com	6756	2026-03-19
eurweb.com	31167	2026-07-19
evanstonnow.com	9016	2026-07-19
eveningexpress.co.uk	107905	2021-11-08
eveningnews24.co.uk	101057	2026-07-19
eveningtelegraph.co.uk	66368	2021-09-22
eveningtimes.co.uk	5790	2023-03-07
eveningtribune.com	7512	2023-09-11
eventhubs.com	16041	2026-07-19
evertiq.com	8319	2026-07-17
everydayhealth.com	6770	2026-07-18
everything2.com	36374	2026-01-01
eveshamjournal.co.uk	110171	2026-07-19
evo.co.uk	5587	2026-07-19
ew.com	37810	2026-03-17
ewn.co.za	107070	2026-07-19
ewnews.com	5168	2023-02-02
ewrestlingnews.com	80712	2025-07-14
examiner.com.au	80527	2026-07-19
examiner.net	9522	2026-07-15
excelsio.net	6978	2026-07-19
exchangerates.org.uk	12962	2025-11-03
exclaim.ca	27279	2026-07-19
executivebiz.com	8543	2026-07-17
executivegov.com	8969	2026-07-17
exetertoday.ca	9934	2026-07-19
expatforum.com	5471	2026-01-22
expertclick.com	11462	2026-07-19
expertreviews.co.uk	10114	2026-07-17
exploreseiowa.com	26330	2026-03-30
explosion.com	5153	2026-07-19
express.co.uk	389030	2026-07-19
expressandstar.com	67218	2026-03-26
expressnews.com	67773	2025-08-28
extra.ie	5396	2026-03-14
extralunchmoney.com	14998	2024-09-26
extratime.com	7732	2025-09-09
extratv.com	6004	2026-07-17
extremetech.com	8332	2025-01-22
eyeonannapolis.net	17071	2026-07-19
eyeontaiwan.com	5141	2023-03-22
eyeradio.org	16345	2026-07-19
f4wonline.com	32929	2026-07-19
faceofmalawi.com	44919	2026-07-17
fairfaxtimes.com	10855	2026-07-18
fairfieldcitizenonline.com	69732	2022-03-01
fairfieldsuntimes.com	44296	2026-07-19
fairmontsentinel.com	9674	2026-07-18
fairviewpost.com	13053	2026-07-19
falkirkherald.co.uk	16511	2025-01-23
falmouthpacket.co.uk	131619	2026-07-19
famagusta-gazette.com	18052	2025-12-06
familydestinationsguide.com	9807	2026-03-19
famoushookups.com	22648	2025-04-17
fandompost.com	49266	2026-07-19
fangraphs.com	26774	2026-07-19
fansided.com	52513	2026-07-19
fantasypros.com	7629	2025-08-19
faribaultcountyregister.com	16032	2026-07-19
fark.com	5825	2026-07-15
farmersjournal.ie	50479	2026-07-07
farminglife.com	11464	2025-01-23
farminguk.com	14305	2026-07-19
farmprogress.com	14728	2024-08-06
farmweekly.com.au	35510	2026-07-19
fastcasual.com	9337	2026-07-17
fastcompany.com	6912	2026-06-28
fauquier.com	6244	2026-06-26
fauquiernow.com	6502	2026-07-18
fayettetribune.com	6226	2026-07-19
fayobserver.com	12278	2023-09-11
fbcnews.com.fj	8735	2026-03-19
fbherald.com	33789	2026-07-08
fdlreporter.com	8392	2023-09-11
feedstuffs.com	9101	2024-11-15
femalefirst.co.uk	36680	2026-07-19
femina.in	9146	2026-07-19
fenlandcitizen.co.uk	20564	2026-07-19
fermanaghherald.com	9263	2026-07-19
fftimes.com	8919	2026-07-15
fhtimes.com	12589	2026-07-18
fibre2fashion.com	15979	2026-06-02
fiercebiotech.com	5682	2026-06-16
fiercepharma.com	5605	2026-06-19
fifetoday.co.uk	14548	2025-01-23
fijilive.com	17738	2025-04-23
fijisun.com.fj	16427	2026-07-19
fijitimes.com	45574	2023-11-30
fijivillage.com	47070	2026-07-19
file770.com	21017	2026-07-19
fillmorecountyjournal.com	7640	2026-07-15
film-news.co.uk	51454	2026-07-19
filmfare.com	22987	2026-07-19
filmibeat.com	48317	2026-07-19
fin24.com	6131	2020-06-05
finance-commerce.com	15997	2026-06-03
financial-news.co.uk	11911	2026-07-19
financial-planning.com	11049	2026-07-18
financialbuzz.com	18207	2025-09-03
financialcontent.com	216999	2026-07-19
financialexpress.com	186827	2026-07-15
financialpost.com	51525	2026-07-18
financialstandard.com.au	7425	2025-01-23
finanzen.ch	35726	2026-07-19
finanzen.net	5401	2026-06-18
finanznachrichten.de	767190	2026-07-19
finchannel.com	6095	2026-07-18
finextra.com	9191	2025-12-08
fingerlakes1.com	60864	2026-07-19
finsmes.com	35430	2025-06-09
firehouse.com	7358	2026-07-17
firerescue1.com	11937	2026-07-19
firetrench.com	6866	2021-10-26
firstalert4.com	19875	2026-07-19
firstalert7.com	5524	2026-07-19
firstcoastnews.com	63319	2026-06-05
firstlightradio.com	26626	2024-02-14
firstpost.com	146450	2026-03-17
firstshowing.net	12149	2026-07-19
fitsnews.com	6089	2026-07-19
fitzhugh.ca	40958	2025-08-29
flaglerlive.com	13388	2026-07-19
flagpole.com	6054	2026-05-20
flanews.com	6192	2025-11-07
flcourier.com	8095	2026-07-18
fleetnews.co.uk	7352	2026-07-18
fleetworld.co.uk	6951	2026-07-17
flickeringmyth.com	32292	2026-07-19
flightglobal.com	22294	2026-07-19
floppingaces.net	14162	2026-02-11
floridanewswire.com	8788	2026-07-16
floridapolitics.com	10589	2026-04-06
floridastatesman.com	61733	2026-07-19
floridatoday.com	13611	2023-09-11
floridatrend.com	5349	2026-07-17
floridaweekly.com	15594	2026-07-19
floydct.com	15904	2026-07-19
fltimes.com	23079	2026-07-19
fly92.com	5252	2026-07-19
flyingmag.com	9317	2026-07-18
fm104.ie	17179	2026-07-17
fm96.com	8094	2026-07-19
fm99.com	5741	2026-07-18
fnarena.com	17895	2026-06-17
focusdailynews.com	6972	2026-07-15
focustaiwan.tw	59407	2026-07-19
fohonline.com	5282	2026-07-18
fonearena.com	18684	2026-07-18
fontanaheraldnews.com	11916	2026-07-15
foodandwine.com	5391	2026-02-23
foodbev.com	9399	2026-07-19
fooddive.com	6996	2026-07-19
foodmanufacture.co.uk	7403	2026-07-17
foodnavigator-usa.com	7309	2026-07-08
foodnavigator.com	7105	2026-07-17
foodsafetynews.com	5101	2026-07-19
fool.ca	50441	2026-06-04
fool.co.uk	40206	2026-05-12
fool.com	359720	2026-07-19
fool.com.au	49200	2026-06-04
football.london	13513	2023-02-02
football365.com	5098	2023-02-02
footwearnews.com	13853	2025-05-13
forbes.com	616293	2026-07-19
forbesadvocate.com.au	27261	2026-07-19
forbesindia.com	9483	2026-07-19
forcechange.com	8090	2026-07-19
forconstructionpros.com	13234	2025-12-29
ford-trucks.com	36815	2025-08-25
foreignaffairs.co.nz	50515	2025-01-23
foreignpolicy.com	16489	2026-07-18
forexcrunch.com	25695	2026-02-02
forexlive.com	77319	2025-07-19
forextv.com	134608	2025-08-05
formula1.com	17868	2026-07-19
forsythnews.com	6852	2026-07-18
fortmcmurraytoday.com	14236	2026-07-19
fortmorgantimes.com	30743	2026-07-19
fortsaskatchewanrecord.com	15059	2026-07-19
fortune.com	43773	2026-07-19
fortworthbusiness.com	9125	2026-07-17
forward.com	24761	2026-06-30
fosters.com	9701	2023-09-11
foundry-planet.com	5137	2026-07-17
fourfourtwo.com	25448	2026-07-19
fox1023.com	18024	2026-07-19
fox10phoenix.com	90275	2026-07-19
fox10tv.com	34947	2026-07-19
fox11online.com	43105	2026-07-19
fox13memphis.com	39010	2026-07-19
fox13news.com	57225	2026-07-19
fox13now.com	35367	2026-07-19
fox13seattle.com	26731	2026-07-19
fox17.com	38663	2026-07-19
fox17online.com	63411	2026-07-19
fox19.com	37740	2026-07-19
fox21online.com	31371	2026-07-19
fox23.com	34629	2026-07-19
fox23maine.com	46766	2026-07-19
fox26houston.com	67106	2026-07-19
fox29.com	75676	2026-07-19
fox2detroit.com	54849	2026-07-19
fox2now.com	9453	2025-07-02
fox32chicago.com	88733	2026-07-19
fox34.com	27237	2026-07-19
fox35orlando.com	92136	2026-07-19
fox40.com	5235	2025-07-03
fox42kptm.com	8351	2026-07-18
fox43.com	71906	2026-06-25
fox4beaumont.com	31332	2026-07-19
fox4kc.com	7267	2025-07-02
fox4news.com	59662	2026-07-19
fox56.com	36008	2026-07-19
fox59.com	7441	2025-11-18
fox5atlanta.com	92475	2026-07-19
fox5dc.com	63646	2026-07-19
fox5ny.com	69306	2026-07-19
fox5vegas.com	24032	2026-07-19
fox61.com	63743	2026-06-06
fox6now.com	84736	2026-07-19
fox7austin.com	72457	2026-07-19
fox8.com	7734	2026-05-31
fox8live.com	30692	2026-07-19
fox8tv.com	13716	2026-07-17
fox9.com	54320	2026-07-19
fox969.com	18721	2026-07-19
foxbaltimore.com	46828	2026-07-19
foxbangor.com	61036	2026-07-19
foxbusiness.com	76589	2026-07-19
foxcarolina.com	31330	2026-07-19
foxcincinnati.com	9235	2026-07-19
foxillinois.com	29309	2026-07-19
foxla.com	68010	2026-07-19
foxnews.com	371379	2026-07-19
foxradiook.com	11443	2026-07-18
foxreno.com	30337	2026-07-19
foxrochester.com	27041	2026-07-19
foxsanantonio.com	47125	2026-07-19
foxsports.com.au	6342	2023-07-05
foxtel.com.au	12343	2026-06-23
foxwilmington.com	39617	2026-07-19
foxy99.com	13680	2026-07-19
france24.com	167191	2026-02-12
franklinfavorite.com	27488	2026-07-16
frasercoastchronicle.com.au	46313	2021-04-28
fredericknewspost.com	41710	2026-07-19
fredericksburg.com	57139	2026-07-17
freebeacon.com	20488	2026-07-19
freedom929.com	10218	2026-07-16
freedom95.us	6426	2026-07-17
freedom970.com	7950	2026-07-17
freemalaysiatoday.com	96037	2026-07-19
freep.com	46354	2024-06-25
freepressjournal.in	429932	2026-07-19
freepressseries.co.uk	90763	2026-07-19
freerepublic.com	477713	2026-07-19
freestonecountytimesonline.com	5175	2026-07-18
freethoughtblogs.com	6411	2026-07-19
freightwaves.com	6759	2026-01-21
freightweek.org	5165	2026-07-17
fremonttribune.com	72182	2026-07-19
freshfruitportal.com	9107	2026-07-17
freshplaza.com	82669	2026-07-18
fresnobee.com	5973	2024-07-17
frieze.com	5071	2026-01-28
froggy1003.com	11345	2026-07-19
froggy929.com	10680	2025-05-24
froggyweb.com	26493	2026-07-19
frontiersman.com	8569	2026-06-10
frontpagemag.com	21141	2026-05-29
fruitnet.com	10024	2025-09-04
ft.com	12476	2026-02-05
ft.lk	46238	2026-07-19
ftadviser.com	14616	2026-07-17
ftnnews.com	15128	2026-06-04
ftvlive.com	12743	2026-07-19
fudzilla.com	5476	2026-01-06
fukuoka-now.com	6010	2026-07-17
fultonsun.com	11167	2026-07-19
fun107.com	26395	2026-07-19
funds-europe.com	7687	2026-07-17
fundsforngos.org	22480	2026-07-17
funkytaurusmedia.com	144420	2026-07-19
furninfo.com	7158	2025-09-04
furnituretoday.com	11167	2026-06-04
futaa.com	15659	2020-11-27
futurity.org	10392	2026-07-17
fwi.co.uk	19053	2026-07-19
fwweekly.com	5600	2026-07-17
fxempire.com	10506	2026-03-09
fxstreet.com	125442	2026-03-05
gadget.co.za	6806	2026-07-17
gadgetsmagazine.com.ph	6034	2026-07-17
gadsdentimes.com	8135	2023-09-11
gainesville.com	15883	2023-09-11
gainesvilleregister.com	6845	2026-07-18
gainesvilletimes.com	11235	2026-07-17
galesburg.com	6937	2023-09-11
galusaustralis.com	7671	2020-08-18
galvnews.com	41768	2026-07-18
galwaybayfm.ie	21543	2026-07-19
gamasutra.com	12921	2022-06-24
gamenguide.com	6611	2026-07-18
gamepur.com	22146	2024-08-14
gamerant.com	131170	2026-07-19
gameranx.com	19124	2026-07-17
gamereactor.eu	24135	2026-07-19
gamerevolution.com	10455	2026-07-19
gamesindustry.biz	19126	2026-07-17
gamespot.com	45822	2026-01-20
gamesradar.com	63583	2026-07-19
gamewatcher.com	5175	2026-07-17
gamingbolt.com	18934	2026-07-19
gananoquereporter.com	39454	2026-07-19
ganggreennation.com	8368	2026-07-18
gardenandgun.com	5172	2026-07-16
garoweonline.com	7742	2026-07-19
gasgoo.com	15721	2026-07-19
gastongazette.com	9600	2023-09-11
gasworld.com	10705	2026-05-24
gator995.com	17602	2026-07-18
gattonstar.com.au	44798	2021-04-28
gaytimes.co.uk	10016	2024-05-06
gazette-news.co.uk	145664	2026-07-19
gazette.com	189643	2026-07-19
gazetteandherald.co.uk	118566	2026-07-19
gazetteherald.co.uk	141844	2026-07-19
gazettejournal.net	6228	2026-07-17
gazettelive.co.uk	91156	2026-07-19
gazettenet.com	36644	2026-07-19
gazetteseries.co.uk	116533	2026-07-19
gazettetimes.com	49334	2026-07-13
gazettextra.com	53312	2026-07-19
gbtribune.com	12915	2026-07-18
gcaptain.com	19103	2026-07-19
gcmaz.com	12704	2026-07-19
gctelegram.com	8449	2026-07-11
gdnonline.com	167027	2026-07-19
gds.ro	6100	2024-11-05
gearjunkie.com	11943	2026-07-18
geeky-gadgets.com	47766	2026-07-19
geelongadvertiser.com.au	106178	2026-07-19
geneamusings.com	8205	2026-07-19
genengnews.com	9392	2026-06-04
geneticliteracyproject.org	10187	2026-03-20
geo.tv	152497	2026-07-19
geograph.org.uk	6215	2024-07-13
georgeherald.com	31976	2026-07-19
georgiatoday.ge	15051	2026-07-19
geosuper.tv	34089	2026-07-19
getreading.co.uk	50971	2024-05-03
getreligion.org	6582	2024-02-02
getsurrey.co.uk	87691	2026-07-19
gettysburgtimes.com	31380	2026-07-18
ggrasia.com	7764	2026-06-29
ghanafa.org	6491	2026-07-19
ghanaiantimes.com.gh	41570	2026-07-17
ghanamma.com	120757	2026-07-19
ghananewsagency.org	7849	2020-05-06
ghanaweb.com	247740	2026-03-03
ghettoradio.co.ke	9773	2026-07-19
giants.com	7447	2026-07-19
gigulate.com	36126	2026-05-21
gigwise.com	5351	2026-07-19
gillettenewsrecord.com	39327	2026-07-18
gilmermirror.com	24335	2026-07-19
giornaledibrescia.it	8277	2026-04-11
girlslife.com	6513	2026-07-19
gisborneherald.co.nz	15364	2025-02-04
gisuser.com	10048	2026-07-18
github.com	10260	2026-07-19
gizbot.com	5718	2026-07-18
gizchina.com	40980	2026-07-19
gizmochina.com	11012	2026-03-19
gizmodo.co.uk	9499	2020-09-09
gizmodo.com	54659	2026-07-19
gizmodo.com.au	32551	2024-07-11
gjsentinel.com	106686	2026-07-19
gladstoneobserver.com.au	52613	2021-06-23
glamour.com	14771	2026-07-19
glamsham.com	61017	2026-07-18
glasgowtimes.co.uk	190351	2026-07-19
glasgowworld.com	9356	2025-01-23
glassonweb.com	8919	2026-07-17
gleninnesexaminer.com.au	45520	2026-07-19
glidemagazine.com	8254	2026-07-19
globalcapital.com	15451	2025-10-20
globalcement.com	8006	2026-07-17
globalissues.org	9789	2026-07-19
globalnews.ca	150231	2026-07-19
globalsecurity.org	142302	2026-07-19
globalsistersreport.org	5941	2026-07-18
globaltimes.cn	57929	2026-07-19
globalvoices.org	6997	2026-07-19
globegazette.com	55248	2026-07-18
globenewswire.com	285961	2025-11-14
globes.co.il	15505	2026-07-19
gloucesteradvocate.com.au	58924	2026-07-19
gloucestershirelive.co.uk	11049	2026-05-13
gloucestertimes.com	34189	2026-07-19
gmanetwork.com	22387	2026-07-19
gmatclub.com	29293	2025-11-20
gmauthority.com	17532	2025-11-18
gmenhq.com	6189	2026-07-19
gna.org.gh	11444	2026-02-22
gnnliberia.com	13944	2026-07-19
go.com	359868	2026-02-10
go955.com	17481	2024-10-08
goal.com	111252	2026-03-19
gobankingrates.com	23026	2026-07-16
gocomics.com	23592	2025-08-13
gocountry105.com	10806	2026-07-18
godanriver.com	49554	2026-07-17
goderichsignalstar.com	22662	2026-07-19
goerie.com	15023	2023-09-11
goldcoastbulletin.com.au	141462	2024-07-30
goldderby.com	20102	2026-07-19
goldseiten.de	22114	2026-03-23
golocalprov.com	16433	2026-07-19
goodereader.com	5372	2026-07-19
goodhousekeeping.com	17475	2026-07-19
goodmenproject.com	69387	2025-01-23
gopusa.com	16072	2025-01-21
gosanangelo.com	5421	2023-09-11
goshennews.com	83048	2026-07-19
goskagit.com	266436	2026-07-19
goss.ie	41069	2026-07-19
gossipcop.com	5937	2021-09-01
gothamist.com	22146	2026-07-19
goulburnpost.com.au	93447	2026-07-19
goupstate.com	13769	2026-05-17
gov.uk	110772	2026-07-17
govconwire.com	8441	2026-07-17
governing.com	13713	2026-07-19
governorswindenergycoalition.org	6942	2026-07-19
govexec.com	12242	2026-07-19
govinfosecurity.com	15684	2026-07-18
govtech.com	20613	2026-07-19
gowatertown.net	27205	2026-07-17
gpb.org	14929	2026-07-18
gponline.com	5504	2026-07-02
gq-magazine.co.uk	12290	2026-07-19
gq.co.za	5159	2026-07-19
gq.com	12576	2026-07-19
gqindia.com	9498	2026-07-19
grainews.ca	6978	2025-05-22
grandforksgazette.ca	28664	2026-07-19
grandforksherald.com	72980	2026-07-19
grandhaventribune.com	18545	2026-07-17
grandprix.com	9412	2026-07-19
grandprix247.com	19412	2026-07-19
grandrapidsmn.com	31370	2026-07-19
granthamjournal.co.uk	6444	2023-12-04
graphic.com.gh	61322	2026-07-19
gratefulweb.com	24206	2026-07-19
graziadaily.co.uk	5049	2026-02-03
grbj.com	6001	2023-04-15
greanvillepost.com	9004	2026-07-19
great98.net	10150	2022-09-19
greatbendpost.com	34265	2026-07-19
greaterbelize.com	5593	2026-07-19
greatfallstribune.com	6218	2023-09-08
greatlakesadvocate.com.au	59282	2026-07-19
greekcitytimes.com	18898	2026-03-10
greekherald.com	61684	2026-07-19
greekreporter.com	30344	2026-06-07
greeleytribune.com	35650	2026-07-19
greenbaypressgazette.com	11617	2023-09-11
greencarcongress.com	11692	2024-07-30
greenevillesun.com	19649	2026-07-19
greenfieldreporter.com	43235	2025-05-15
greenleft.org.au	8083	2026-07-18
greenocktelegraph.co.uk	126644	2026-07-19
greensboro.com	56299	2026-07-17
greensburgdailynews.com	40040	2026-07-19
greenvilleonline.com	6965	2023-09-11
greenwichfreepress.com	6912	2026-07-19
greenwichtime.com	135194	2025-06-12
grenadachronicle.com	17637	2026-07-19
grenfellrecord.com.au	26047	2026-07-19
grimsbytelegraph.co.uk	76887	2026-07-19
grmdaily.com	11485	2026-06-28
groove993.com	11369	2026-06-19
ground.news	19048	2025-01-25
groundup.org.za	8467	2026-07-18
gsmarena.com	42604	2026-07-19
guampdn.com	51251	2026-07-19
guardian-series.co.uk	96723	2026-07-19
guardian.co.tt	47277	2026-07-19
guardian.ng	78980	2026-04-05
guelphmercury.com	9627	2026-07-19
guernicamag.com	7443	2026-07-15
guernseypress.com	79665	2026-07-19
guitarworld.com	16698	2026-07-19
gulf-times.com	55464	2026-07-19
gulf104.com	21555	2026-07-19
gulfbusiness.com	19994	2026-04-03
gulfcoastmedia.com	7714	2026-07-19
gulfcoastnewsnow.com	23299	2026-07-19
gulfnews.com	194431	2026-07-19
gulftoday.ae	52129	2026-03-19
gulte.com	39638	2026-07-19
gurlstudio.com	5527	2023-02-20
gurufocus.com	19152	2026-07-11
guyanachronicle.com	6750	2020-07-23
gvnews.com	8866	2026-07-19
gwdtoday.com	125393	2025-11-04
gwhatchet.com	8620	2026-07-17
gwinnettdailypost.com	84606	2026-07-19
gx94radio.com	25832	2026-07-19
gympietimes.com.au	53769	2021-04-28
haaretz.com	64198	2026-07-19
haberx.com	6873	2025-09-08
habseyesontheprize.com	6556	2026-07-19
hackaday.com	10798	2026-07-19
hackneygazette.co.uk	29460	2026-07-19
haitilibre.com	9880	2026-07-19
haitisun.com	48626	2026-07-19
halesowennews.co.uk	140169	2026-07-19
halfwheel.com	11316	2026-07-19
halifax.citynews.ca	6698	2025-10-14
halifaxcourier.co.uk	18225	2025-01-23
haligonia.ca	5333	2026-07-18
hallmarknews.com	15602	2026-07-19
halsteadgazette.co.uk	122162	2026-07-19
hamhigh.co.uk	55024	2026-07-19
hamodia.com	8109	2023-02-02
hampshirechronicle.co.uk	146284	2026-07-19
hampshirereview.com	7442	2026-07-16
hancinema.net	58142	2026-07-19
hanfordsentinel.com	25197	2026-07-19
hani.co.kr	11330	2026-07-19
hannaherald.com	8764	2026-07-19
hannibal.net	11215	2026-07-18
hannity.com	16560	2026-07-18
hapakenya.com	9171	2026-07-17
hapblog.com	8337	2025-05-22
harboroughmail.co.uk	11120	2025-01-23
hardcoregamer.com	13229	2026-07-19
hardenexpress.com.au	46244	2026-07-19
hardwoodparoxysm.com	8996	2026-07-17
harnesslink.com	28175	2026-07-19
harpersbazaar.com	24649	2026-07-19
harringayonline.com	46789	2026-07-19
harrisondaily.com	22164	2026-07-19
harrogateadvertiser.co.uk	15619	2025-01-23
harrowtimes.co.uk	94269	2026-07-19
hartenergy.com	8026	2025-09-18
hartfordbusiness.com	20693	2026-07-17
hartfordcitynewstimes.com	37087	2026-07-15
hartlepoolmail.co.uk	13236	2025-01-23
harvard.edu	14208	2026-07-17
harwichandmanningtreestandard.co.uk	125310	2026-07-19
hauraki.co.nz	9220	2026-07-17
havanatimes.org	6668	2026-07-19
havasunews.com	36585	2026-07-19
havredailynews.com	12009	2026-07-19
hawaii.edu	8621	2026-07-18
hawaiinewsnow.com	42748	2026-07-19
hawaiipublicradio.org	26395	2026-07-18
hawaiitelegraph.com	121991	2026-07-19
hawaiitribune-herald.com	18550	2026-07-19
hawkesburygazette.com.au	56749	2025-07-28
hayspost.com	31999	2026-07-19
hazard-herald.com	27940	2026-07-18
hcamag.com	9819	2026-07-17
hccommunityjournal.com	9670	2026-07-19
hcplive.com	11811	2026-03-27
hd983.com	16151	2026-07-03
hdnews.net	6723	2026-07-13
headlineplanet.com	8670	2026-07-19
healio.com	38698	2026-07-19
health.com	6689	2026-03-17
healthcanal.com	7276	2025-02-04
healthcaredive.com	7704	2026-07-19
healthcarefinancenews.com	5465	2026-06-03
healthcareitnews.com	14929	2026-06-04
healthday.com	6645	2026-07-17
healthleadersmedia.com	15931	2026-06-30
heart.co.uk	21113	2026-07-17
heartfm.ca	13569	2026-07-18
heaven1460.com	9103	2026-06-22
heavy.com	23260	2026-06-18
hedgeweek.com	6175	2026-05-20
helenair.com	63988	2026-07-19
helihub.com	5597	2024-07-26
hellenicshippingnews.com	159682	2026-07-19
hellobeautiful.com	5316	2026-07-19
hellomagazine.com	105302	2026-07-19
helsinkitimes.fi	6362	2026-07-19
hemeltoday.co.uk	10711	2025-01-23
hendersondispatch.com	15934	2026-07-18
hendersonvillelightning.com	6307	2026-07-19
henleystandard.co.uk	10891	2026-07-19
henricocitizen.com	5834	2026-07-18
henryherald.com	63894	2026-07-18
hepburnadvocate.com.au	47931	2026-07-19
her.ie	53028	2026-06-26
herald-citizen.com	11455	2026-07-19
herald-dispatch.com	53175	2026-07-19
herald-review.com	67721	2026-07-19
herald-zeitung.com	14207	2026-07-18
herald.co.zw	61471	2025-01-23
heraldandnews.com	22911	2026-07-18
heraldbanner.com	8765	2026-07-19
heraldbulletin.com	61175	2026-07-19
heraldcourier.com	40937	2026-07-19
heralddemocrat.com	9149	2026-07-16
heraldextra.com	19497	2026-07-19
heraldglobe.com	149736	2026-07-19
heraldgoa.in	14267	2026-07-19
heraldlive.co.za	30798	2025-01-25
heraldmailmedia.com	43614	2023-09-11
heraldmalaysia.com	22801	2026-03-11
heraldnet.com	18074	2026-07-19
heraldnews.com	11208	2023-09-11
heraldpalladium.com	36390	2026-07-19
heraldscotland.com	145591	2026-07-19
heraldseries.co.uk	132787	2026-07-19
heraldstandard.com	19781	2026-07-19
heraldstaronline.com	20555	2026-07-18
heraldsun.com.au	122647	2024-07-31
heraldtribune.com	22337	2023-09-11
herefordtimes.com	66392	2026-07-19
heritagefl.com	9941	2026-07-16
hermistonherald.com	7516	2026-07-18
hertfordshiremercury.co.uk	22775	2025-11-04
hertsad.co.uk	38503	2026-07-19
hexham-courant.co.uk	128485	2026-07-19
hexus.net	6999	2025-02-25
hiawathaworldonline.com	37470	2026-06-24
hickoryrecord.com	49210	2026-07-17
hiddenremote.com	6478	2026-07-18
highlandcountypress.com	24002	2026-07-19
highlandradio.com	53347	2026-07-19
highrivertimes.com	8945	2026-07-19
highschoolot.com	5755	2026-06-09
highsnobiety.com	21791	2026-07-18
highway989.com	9762	2026-07-01
hillingdontimes.co.uk	118992	2026-07-19
hillsdale.net	5253	2023-09-11
hilltimes.com	7847	2026-07-19
hindi.cri.cn	9730	2026-07-19
hindustantimes.com	507810	2026-07-19
hiphopdx.com	39549	2026-05-18
hiphopnc.com	11458	2026-07-19
hiphopwired.com	11590	2026-07-19
hirunews.lk	7226	2026-03-05
history.com	12183	2026-07-18
historyextra.com	5262	2026-07-19
hitconsultant.net	9222	2026-07-17
hits1053sanantonio.com	6623	2026-07-19
hits96.com	18132	2026-07-18
hits973.com	9513	2026-07-19
hitsfm.net	44340	2026-07-18
hjnews.com	24593	2026-07-18
hltv.org	128348	2025-08-12
hngn.com	50798	2026-07-19
hngnews.com	43258	2026-07-19
hoganstand.com	26188	2026-07-19
hogshaven.com	9818	2026-07-19
hola.com	23579	2026-07-19
hollandsentinel.com	16685	2023-09-10
hollywoodlife.com	31449	2026-06-24
hollywoodreporter.com	69844	2026-07-19
homelandsecuritynewswire.com	9141	2026-07-17
homenewshere.com	65803	2026-07-19
homernews.com	5139	2026-07-16
hometownregister.com	115412	2026-07-19
hometownsource.com	75244	2026-07-19
hometownstation.com	23932	2026-07-19
hometownstations.com	72014	2026-07-19
hongkongherald.com	46469	2026-07-19
honisoit.com	6522	2026-07-18
honolulumagazine.com	9409	2026-07-19
hoodline.com	5815	2025-01-23
hopestandard.com	37992	2026-07-19
horseandhound.co.uk	18668	2026-07-19
hortweek.com	23116	2026-07-02
hospitalitydesign.com	5862	2026-07-19
hospitalitynet.org	56909	2026-06-29
hot101.com	10486	2026-07-19
hot1017.com	6653	2025-01-24
hot1029.com	15067	2026-07-17
hot1033.com	9235	2026-07-19
hot1047.com	28272	2026-07-17
hot105fm.com	6866	2026-07-18
hot1077radio.com	8991	2026-07-19
hot96.com	34282	2026-07-19
hot967.fm	5584	2023-03-17
hot967fm.com	26557	2026-07-18
hot969boston.com	24773	2026-07-19
hot97.com	17285	2026-07-18
hot975fm.com	16787	2026-07-17
hotair.com	91243	2026-07-19
hotaugusta.com	14586	2026-07-19
hotcountrybull.com	7573	2024-01-26
hoteliermiddleeast.com	7467	2023-03-21
hotelnewsresource.com	10880	2026-07-19
hotelscombined.com	5928	2026-07-18
hothardware.com	11439	2026-07-19
hotpress.com	15719	2026-07-19
hotspotatl.com	10643	2026-07-19
houmatoday.com	11760	2023-09-11
houseandgarden.co.uk	6272	2026-07-17
housebeautiful.com	11271	2026-07-19
housingwire.com	15994	2026-07-18
houstonchronicle.com	122357	2025-07-23
houstonherald.com	13118	2026-07-17
houstoniamag.com	5695	2026-07-17
houstonianonline.com	8916	2026-07-19
houstonpress.com	7623	2026-07-19
houstonpublicmedia.org	28888	2026-07-19
houstontexans.com	5259	2026-07-18
howestreet.com	10930	2026-07-19
howstuffworks.com	14191	2026-04-20
howtogeek.com	29885	2026-07-19
hpherald.com	5625	2026-07-14
hpj.com	14443	2026-07-19
hppr.org	49475	2026-07-19
hpr2.org	8519	2021-06-02
hrmagazine.co.uk	19243	2026-05-29
hrreporter.com	6639	2026-07-17
hrw.org	11900	2026-07-17
hsj.co.uk	13651	2025-09-05
htrnews.com	10229	2023-09-11
htsstlucia.org	6133	2026-07-17
htxt.co.za	11931	2026-07-17
hub-4.com	6195	2026-07-18
hubcityradio.com	7833	2026-07-18
hubspot.com	7662	2026-07-16
hucknalldispatch.co.uk	11608	2025-01-23
hudsoncountyview.com	10447	2026-07-19
hudsonreporter.com	7874	2026-04-24
hudsonstarobserver.com	6086	2026-07-19
hudsonvalley360.com	28171	2024-04-23
hudsonvalleycountry.com	43467	2026-07-19
huewire.com	25115	2026-07-10
huffingtonpost.ca	6676	2021-03-09
huffingtonpost.co.uk	40765	2026-07-19
huffpost.com	59779	2026-07-18
hulldailymail.co.uk	101295	2026-07-19
human-wrongs-watch.net	5228	2026-03-01
humanevents.com	9210	2026-07-19
humanitariannews.org	105823	2021-09-28
humanresourcesonline.net	7776	2026-07-17
humboldtjournal.ca	32771	2021-07-29
hungarytoday.hu	24758	2026-07-19
huntspost.co.uk	39316	2026-07-19
hup.hu	6521	2026-07-06
hurriyetdailynews.com	43982	2026-07-19
huskeradio.com	11883	2026-07-11
hutchnews.com	11848	2023-09-10
hydrocarbonprocessing.com	13552	2026-07-17
hypebeast.com	63481	2026-02-15
hypebot.com	12854	2026-07-17
hyperallergic.com	10074	2026-07-17
i1071.com	8884	2021-04-30
i24news.tv	27348	2026-07-19
i95rock.com	15540	2026-07-19
i95rocks.com	19145	2026-07-19
iafrica.com	22383	2026-07-19
iam-media.com	5328	2026-03-21
ianslive.in	296869	2026-07-19
ibcworldnews.com	24566	2026-07-17
iberianet.com	8444	2022-06-22
iberkshires.com	36379	2026-07-19
iberonews.com	6052	2026-07-16
ibinews.com	10505	2025-09-04
ibj.com	7844	2026-07-13
ibtimes.co.in	57765	2026-07-19
ibtimes.co.uk	71436	2026-07-19
ibtimes.com	192606	2026-07-19
ibtimes.com.au	31537	2026-07-19
ibtimes.sg	7279	2026-03-16
icaew.com	8104	2026-07-18
icenews.is	9711	2026-07-19
iconnect007.com	14962	2026-06-11
icsf.net	13112	2026-07-17
idahobusinessreview.com	7707	2026-06-04
idahopress.com	78986	2026-07-19
idahostatejournal.com	92195	2026-07-19
idahostatesman.com	5302	2024-07-30
ideastream.org	19070	2026-07-19
idg.com.au	6314	2023-02-14
idrw.org	65841	2026-07-19
idsnews.com	12687	2026-07-19
ieyenews.com	17503	2026-03-17
ifa.com.au	6640	2026-06-25
ifamagazine.com	11527	2026-01-16
ifiberone.com	57438	2023-02-15
igamingbusiness.com	15009	2026-07-17
igberetvnews.com	7537	2025-11-26
ign.com	80530	2026-07-19
iheart.com	15012179	2026-07-19
ijpr.org	32561	2026-07-19
ijr.com	5157	2026-03-19
ilfordrecorder.co.uk	29247	2026-07-19
illawarramercury.com.au	98227	2026-07-19
illinoistimes.com	9433	2026-07-19
ilonggotechblog.com	9733	2026-07-12
ilovebobfm.com	9591	2026-07-19
iloveqatar.net	6388	2025-11-27
imemc.org	10157	2026-07-19
imore.com	27836	2025-05-23
imparcialoaxaca.mx	5071	2026-04-01
impartialreporter.com	118589	2026-07-19
imt.ie	5830	2026-07-18
in-cumbria.com	14795	2026-07-19
in.gr	6870	2026-07-19
inc.com	5320	2025-08-22
inc42.com	11305	2024-02-02
indaily.com.au	8422	2025-01-20
indcatholicnews.com	9155	2026-07-19
inddist.com	9485	2025-10-03
indeonline.com	8553	2023-09-11
independantexpress.com	14258	2026-02-17
independent.co.uk	259337	2026-07-19
independent.com	17108	2026-07-19
independent.com.mt	24100	2026-07-19
independent.ie	289738	2026-05-19
independentnews.com	25087	2026-07-19
independentsentinel.com	45911	2026-06-10
independenttribune.com	46387	2026-07-19
india.com	282169	2026-02-23
indiablooms.com	34867	2026-07-19
indiaeducationdiary.in	57239	2026-07-19
indiagazette.com	257430	2026-07-19
indiainfoline.com	11840	2026-07-18
indianagazette.com	5626	2026-03-19
indianapolisrecorder.com	5862	2026-04-02
indianautosblog.com	9032	2026-07-13
indiancooperative.com	14212	2026-07-19
indianewengland.com	27550	2026-07-18
indianexpress.com	480808	2026-07-19
indiantelevision.com	24132	2025-01-23
indianweekender.co.nz	14421	2026-07-19
indiapost.com	10309	2026-07-17
indiatimes.com	2614365	2026-07-19
indiatoday.in	181286	2026-06-29
indiatvnews.com	127245	2026-07-15
indiawest.com	25524	2026-06-22
indiedb.com	15816	2025-11-16
indiewire.com	16272	2026-07-18
indonesiatribune.com	16810	2026-06-17
industrialinfo.com	10045	2026-07-17
industrytoday.co.uk	5784	2024-08-30
indysmix.com	10674	2026-07-19
indystar.com	25111	2023-09-11
indyweek.com	5238	2026-02-12
inews.co.uk	6840	2026-06-09
inewsgr.com	12778	2026-07-19
infiniteunknown.net	11693	2025-04-11
infonews.co.nz	8581	2026-07-19
inform.kz	15122	2023-09-17
informationng.com	37068	2026-07-19
informationweek.com	6849	2026-07-17
inforum.com	96468	2026-07-19
infosecurity-magazine.com	11651	2026-07-17
infotechlead.com	6531	2026-07-19
infotel.ca	204502	2026-05-01
infowars.com	37273	2025-06-05
infoworld.com	9406	2026-07-17
inlander.com	12955	2026-07-18
inlandnewstoday.com	17275	2026-07-18
inman.com	20720	2026-07-07
inmaricopa.com	9106	2026-07-19
innovationintextiles.com	5600	2026-07-17
innovationtoronto.com	12603	2025-07-14
inquirer.com	77353	2026-07-19
inquirer.net	247870	2026-07-15
inquisitr.com	72061	2025-05-14
insidebitcoins.com	25594	2026-07-09
insideclimatenews.org	5881	2026-06-23
insideedition.com	15008	2025-09-11
insideevs.com	27472	2026-07-19
insidefutbol.com	16827	2026-07-19
insidefutures.com	7921	2020-12-29
insidehalton.com	13033	2026-07-19
insidehighered.com	9322	2026-05-12
insideindianabusiness.com	21167	2026-07-19
insidelacrosse.com	6347	2024-12-01
insidenova.com	68845	2026-07-19
insideottawavalley.com	8764	2026-07-19
insidepulse.com	6916	2026-07-19
insider.com	15591	2024-01-08
insideretail.asia	8740	2026-07-17
insidermedia.com	8897	2025-01-23
insidermonkey.com	172313	2026-07-19
insidethegames.biz	24663	2024-09-13
insidetheiggles.com	7063	2026-07-19
insightnews.com	6551	2026-07-17
instinctmagazine.com	5150	2026-07-19
institutionalinvestor.com	6333	2025-12-11
instyle.com	18917	2026-03-17
insuranceage.co.uk	7796	2026-07-17
insurancebusinessmag.com	30113	2026-07-18
insuranceinsider.com	7694	2026-07-05
insurancejournal.com	71737	2026-07-19
insurancenewsnet.com	70667	2026-06-04
integra927.com	5224	2024-06-03
intelligencer.ca	49342	2026-07-19
intelligentinsurer.com	11834	2026-07-15
interest.co.nz	14216	2026-07-19
interestingengineering.com	6703	2026-03-19
interfax.com	40978	2026-03-19
interfax.com.ua	60386	2026-07-18
intergameonline.com	15693	2026-05-17
interior-news.com	27594	2026-07-19
interlochenpublicradio.org	35547	2026-07-19
international-adviser.com	7903	2026-07-17
internationaltimes.it	5784	2026-07-18
intouchweekly.com	13326	2026-07-19
intrafish.com	14616	2026-07-18
inverelltimes.com.au	53316	2026-07-19
inverness-courier.co.uk	79564	2026-07-19
investegate.co.uk	547084	2026-07-18
investing.com	84818	2026-03-26
investinglive.com	14521	2026-07-19
investingnews.com	18592	2026-07-16
investmentexecutive.com	18231	2026-07-19
investmentnews.com	16228	2026-07-17
investmentwatchblog.com	55305	2026-07-17
investmentweek.co.uk	18086	2026-07-16
investopedia.com	18705	2026-03-17
investordaily.com.au	10101	2026-06-24
investorideas.com	8148	2026-07-17
investorplace.com	21456	2026-07-17
investors.com	45778	2026-07-17
investorschronicle.co.uk	12267	2026-07-18
invezz.com	37889	2025-09-23
inyourpocket.com	5313	2026-07-17
iol.co.za	227944	2025-01-23
iomtoday.co.im	27214	2026-07-19
iowapublicradio.org	49657	2026-07-19
iowastatedaily.com	6790	2026-07-16
ipe.com	9537	2025-09-04
ipolitics.ca	10831	2025-04-24
ipowerrichmond.com	12735	2026-07-19
ippmedia.com	8175	2025-02-26
ipsnews.net	17961	2026-07-17
ipswichadvertiser.com.au	21261	2020-06-29
ipswichstar.co.uk	91959	2026-07-19
ipwatchdog.com	9134	2026-07-19
iradio.ie	8808	2026-07-16
iranherald.com	67698	2026-07-19
iranoilgas.com	6948	2026-07-19
iraq-businessnews.com	6508	2026-07-19
iraqsun.com	80740	2026-07-19
irasciblemusings.com	20726	2024-01-20
irishamerica.com	6786	2026-06-24
irishcentral.com	19048	2026-07-19
irishdentist.ie	6430	2026-07-19
irishecho.com	5467	2026-07-17
irishexaminer.com	119975	2026-07-19
irishmirror.ie	173738	2026-07-19
irishnews.com	84694	2026-07-19
irishsun.com	47842	2026-07-19
irishtimes.com	220239	2026-07-19
ironmountaindailynews.com	24482	2026-07-18
irrawaddy.com	10690	2025-12-09
irrigator.com.au	51778	2026-07-19
irvinetimes.com	92399	2026-07-19
islamicinvitationturkey.com	12082	2026-07-19
island.lk	53831	2026-07-19
islandpacket.com	5017	2024-07-29
islands.com	23562	2026-07-19
islingtongazette.co.uk	28909	2026-07-19
islingtontribune.co.uk	6126	2026-07-17
ispreview.co.uk	5479	2026-07-17
israelherald.com	36586	2026-07-19
israelnationalnews.com	245604	2026-07-19
israeltoday.co.il	6119	2025-04-16
isthmus.com	15544	2026-07-19
it-online.co.za	81703	2026-07-19
italian.cri.cn	10588	2026-07-19
itbrief.co.nz	13028	2026-07-19
itbusinessnet.com	162262	2026-07-18
itechpost.com	17844	2026-07-18
itemlive.com	12250	2026-07-19
itemonline.com	17857	2026-07-18
ithaca.com	6342	2026-07-19
ithacajournal.com	5125	2023-09-11
itnews.com.au	11317	2026-07-17
itnewsafrica.com	10371	2026-07-15
itnewsonline.com	130137	2026-07-19
itnonline.com	8021	2026-07-18
itp.net	8530	2023-03-21
itpro.co.uk	9219	2023-04-11
itsnicethat.com	7807	2026-07-17
itv.com	100917	2025-06-02
itweb.co.za	14140	2026-07-17
itwire.com	22881	2026-07-19
ivpressonline.com	91377	2026-07-18
iwf.org	6281	2025-09-09
iwradio.co.uk	54055	2026-07-19
j-14.com	5231	2025-08-11
jacarandafm.com	47441	2026-07-19
jacksonprogress-argus.com	67377	2026-07-19
jacksonsun.com	6477	2023-09-11
jacksonville.com	16128	2023-09-11
jacksonvilleprogress.com	10745	2026-07-18
jagonews24.com	28631	2026-04-15
jagranjosh.com	80966	2026-07-19
jaguars.com	6895	2026-07-19
jalopnik.com	25503	2026-07-19
jamaica-gleaner.com	90796	2026-07-19
jamaica-star.com	40090	2026-07-18
jamaicantimes.com	40116	2026-07-19
jamaicaobserver.com	220247	2026-07-19
jambands.com	6883	2026-07-19
jambase.com	11492	2025-12-12
jamestown.org	5138	2026-07-18
jamestownsun.com	52184	2026-07-19
janes.com	20537	2026-07-17
japanherald.com	66267	2026-07-19
japantimes.co.jp	118936	2026-07-15
japantoday.com	72138	2026-07-19
jaxdailyrecord.com	8843	2024-01-03
jaysjournal.com	5014	2026-07-19
jayski.com	6195	2025-01-18
jbhe.com	9188	2026-07-18
jckonline.com	8097	2026-07-17
jcnnewswire.com	16639	2026-07-17
jconline.com	6301	2023-09-10
jcpost.com	26902	2026-07-19
jdnews.com	12820	2026-07-18
jdsupra.com	313287	2026-07-15
jeepforum.com	5241	2026-06-11
jerseyeveningpost.com	82244	2026-07-19
jewishjournal.com	10648	2023-03-03
jewishlink.news	5362	2023-06-17
jewishpress.com	41722	2026-07-19
jewishtimes.com	5093	2026-07-17
jewishworldreview.com	8466	2026-07-17
jezebel.com	9923	2026-07-19
jg-tc.com	57032	2026-07-19
jhnewsandguide.com	17879	2026-07-19
jhu.edu	18446	2026-07-19
jns.org	31458	2026-07-19
joe.co.uk	22824	2026-04-16
joe.ie	23908	2026-04-15
johnogroat-journal.co.uk	46428	2026-07-19
johnsoncitypress.com	21521	2025-12-16
jonathanturley.org	7436	2026-07-19
joplinglobe.com	89773	2026-07-19
jordantimes.com	57382	2026-07-19
jose947.com	15323	2025-03-13
journal-advocate.com	29236	2026-07-19
journal-news.com	38508	2026-07-19
journal-news.net	27942	2026-07-19
journal-spectator.com	9839	2025-11-25
journal-topics.com	8698	2026-07-19
journal.com.ph	14646	2026-07-19
journalgazette.net	78545	2026-07-19
journalinquirer.com	22390	2023-06-03
journalism.co.uk	5473	2026-07-17
journalismpakistan.com	7159	2026-07-19
journalnow.com	73453	2026-07-18
journalpatriot.com	10297	2026-07-19
journalpioneer.com	22877	2020-11-11
journalrecord.com	37118	2026-06-03
journalreview.com	10863	2026-07-18
journalstandard.com	5432	2023-09-10
journalstar.com	111236	2026-07-19
journaltimes.com	69565	2026-07-19
jowhar.com	7841	2026-07-19
jox2fm.com	41278	2025-07-23
joxfm.com	17881	2026-07-19
joy.org.au	11771	2026-07-19
jpost.com	170490	2026-07-19
jsonline.com	32169	2023-09-11
jta.org	11234	2025-05-12
jtv.com	50617	2026-07-16
jumpradio.ca	7573	2026-06-29
juneauempire.com	7999	2026-07-16
juneesoutherncross.com.au	103427	2026-07-19
juniorminingnetwork.com	20307	2026-07-18
junkee.com	6676	2026-02-19
jurist.org	6889	2026-03-19
just-auto.com	11167	2026-07-17
just-drinks.com	7522	2026-07-17
just-food.com	8839	2026-07-17
just-style.com	9091	2026-07-17
justarsenal.com	17370	2026-07-19
justblogbaby.com	5568	2026-07-19
justice.gov	5015	2025-11-26
justiceinfo.net	9567	2026-07-19
justicenewsflash.com	7822	2026-07-14
justjared.com	611881	2026-07-05
justjaredjr.com	121443	2026-07-18
justmeans.com	17128	2023-01-06
justsecurity.org	5422	2026-07-17
juxtapoz.com	6197	2026-05-13
jweekly.com	11181	2026-07-18
jwire.com.au	13909	2026-07-19
k100country.com	5811	2026-07-19
k101fm.net	41439	2026-04-22
k1047.com	23286	2026-07-19
k105.com	12301	2026-07-16
k12.wi.us	18154	2026-07-07
k2radio.com	26289	2026-07-17
k923orlando.com	8818	2026-07-19
k945.com	38123	2026-07-18
k96fm.com	17065	2026-07-19
k985.com	5843	2020-12-09
k99.com	22029	2026-07-19
k99online.com	6541	2026-01-28
k99wigm.com	7897	2026-07-18
kaaltv.com	75975	2026-03-17
kabc.com	30156	2026-07-19
kachwanya.com	7064	2026-07-17
kacu.org	56099	2026-07-19
kafe.com	5568	2026-07-18
kagstv.com	38121	2026-06-06
kaieteurnewsonline.com	30525	2026-07-19
kait8.com	34154	2026-07-19
kajo.com	5740	2026-07-19
kake.com	50847	2026-07-19
kalb.com	17385	2026-07-19
kalw.org	48194	2026-07-19
kamcity.com	15232	2025-11-18
kamloopsbcnow.com	12172	2026-07-19
kamloopsthisweek.com	20035	2023-10-27
kansascity.com	5375	2024-07-30
kansaspublicradio.org	23334	2026-07-19
kanw.com	37966	2025-07-07
kaok.com	41811	2026-07-19
kare11.com	62042	2026-06-25
karennews.org	7315	2026-07-12
karriere.at	11037	2024-03-25
kashmirlife.net	41904	2026-07-19
kashmirreader.com	49242	2026-07-19
kashmirtimes.com	19618	2026-07-19
kashmirtimes.in	16699	2025-04-18
kasu.org	94281	2026-07-19
katc.com	46573	2026-07-19
katcountry989.com	44820	2026-07-17
katherinetimes.com.au	62350	2026-07-19
kathmandupost.com	27469	2026-07-19
katm.com	6209	2026-07-19
katsfm.com	42902	2026-07-19
katt.com	9330	2026-07-19
katu.com	42258	2026-07-19
katv.com	34675	2026-07-19
kawc.org	62874	2026-07-19
kawowo.com	7055	2026-07-19
kazu.org	67138	2026-07-19
kbat.com	27248	2026-07-19
kbcy.com	5461	2026-07-19
kber.com	8742	2026-07-19
kbft.org	7824	2026-07-18
kbhbradio.com	8708	2025-01-23
kbia.org	37273	2026-07-19
kbnd.com	7381	2026-07-17
kbnwnews.com	5548	2026-07-19
kboo.fm	6735	2026-07-19
kbrx.com	7752	2026-07-13
kbs.co.kr	64121	2026-07-19
kbtt.fm	20146	2026-07-04
kbtx.com	27782	2026-07-19
kbull93.com	13417	2022-09-06
kbur.com	16635	2026-07-13
kbzk.com	38727	2026-07-19
kcbd.com	30334	2026-07-19
kcbx.org	31334	2026-07-19
kcby.com	34157	2026-07-19
kcchronicle.com	7039	2023-05-01
kcci.com	83231	2026-07-19
kccu.org	57901	2026-07-19
kcentv.com	51557	2026-06-06
kcet.org	7715	2023-09-25
kchanews.com	10350	2026-07-19
kciiradio.com	24140	2026-07-19
kclr96fm.com	8337	2026-07-19
kclu.org	46607	2026-07-19
kcra.com	110727	2026-07-19
kcrg.com	36412	2026-07-19
kcrr.com	26182	2026-07-19
kcrw.com	21945	2026-01-30
kctv5.com	41403	2026-07-19
kcur.org	16127	2026-07-19
kdal610.com	12741	2025-09-30
kdat.com	45368	2026-07-19
kdhlradio.com	57834	2026-07-19
kdhnews.com	89279	2026-07-19
kdks.fm	16607	2026-07-04
kdlg.org	17369	2025-01-27
kdminer.com	6497	2026-07-18
kdramastars.com	20497	2026-07-18
kdrv.com	29685	2026-07-19
kdux.com	9743	2026-07-17
kdvr.com	6504	2026-02-17
kdwn.com	7218	2022-11-12
keanradio.com	21037	2026-07-19
kearneyhub.com	50088	2026-07-19
kecofm.com	9017	2026-07-19
kedm.org	55414	2026-07-19
keighleynews.co.uk	130976	2026-07-19
kekbfm.com	33236	2026-07-19
kelo.com	81530	2026-07-19
kelofm.com	17810	2026-07-19
kelownacapnews.com	53080	2026-07-19
kelownadailycourier.ca	60841	2026-07-19
kenoraonline.com	7083	2025-08-25
kenoshanews.com	7298	2025-08-27
kens5.com	72133	2026-06-05
kentlive.news	5708	2026-07-02
kentonline.co.uk	95011	2026-07-19
kentuckynewera.com	34533	2026-07-18
kenw.org	42285	2026-07-19
kenyan-post.com	44598	2026-07-19
kenyans.co.ke	16332	2026-03-18
kenyastar.com	66298	2026-07-19
keprtv.com	25980	2026-06-05
keranews.org	24574	2026-07-18
kerrang.com	13384	2026-07-19
kesn1033.com	9325	2020-10-06
kesq.com	80594	2026-07-19
ketchikandailynews.com	6898	2026-07-18
ketr.org	48079	2026-07-19
ketv.com	78245	2026-07-19
kevinmd.com	18014	2026-05-27
keyc.com	18761	2026-07-19
keyj.com	20513	2026-07-19
keysnews.com	49826	2026-07-19
keyt.com	103384	2026-07-19
keyw.com	24780	2026-07-19
kezi.com	27788	2026-07-19
kezj.com	21886	2026-07-19
kfdi.com	10996	2026-01-28
kfdm.com	33046	2026-07-19
kffm.com	29149	2026-07-18
kfgo.com	71643	2026-07-19
kfilradio.com	60817	2026-07-19
kfiz.com	10527	2026-07-19
kfm.co.ug	8614	2026-04-20
kfm.co.za	9754	2024-01-15
kfmx.com	31022	2026-07-19
kfor.com	7646	2026-06-11
kfox95.com	28179	2026-07-18
kfoxtv.com	38412	2026-07-19
kfqd.com	6513	2026-07-17
kfru.com	37826	2026-07-19
kfrxfm.com	17292	2026-07-13
kfvs12.com	50882	2026-07-19
kfyo.com	19113	2026-07-18
kfyrtv.com	28748	2026-07-19
kgab.com	6496	2026-03-06
kggo.com	10412	2026-07-19
kgmi.com	7909	2024-01-16
kgmo.com	7189	2026-07-15
kgns.tv	22667	2026-07-19
kgoradio.com	26604	2022-10-06
kgou.org	66106	2026-07-19
kgw.com	58191	2026-07-14
khaama.com	21916	2026-07-19
khak.com	38965	2026-07-19
khaleejtimes.com	156181	2026-07-18
khaosodenglish.com	9434	2025-01-23
khay.com	5456	2026-07-19
khit1075.com	22086	2026-07-19
khits.com	51156	2026-06-22
khmertimeskh.com	29011	2025-07-08
khop.com	10250	2026-07-19
khou.com	72508	2026-06-06
khq.com	82956	2026-07-19
khqa.com	31432	2026-07-19
kicdam.com	7503	2024-07-31
kickam1530.com	24350	2026-07-19
kickoff.com	30524	2026-07-19
kicks105.com	20329	2026-07-19
kicks1063.com	11357	2026-07-19
kicks99.com	15598	2026-07-19
kickscountry.com	5003	2026-07-17
kicksonfire.com	45793	2026-06-01
kidderminstershuttle.co.uk	113108	2026-07-19
kiiitv.com	55653	2026-06-05
kiimfm.com	6167	2026-07-19
kikn.com	32121	2026-07-19
kilburntimes.co.uk	47418	2026-07-19
kildare-nationalist.ie	55390	2026-07-19
kilgorenewsherald.com	11742	2026-07-19
kilkennypeople.ie	58431	2026-05-14
kimatv.com	28907	2026-06-06
kimberleybulletin.com	28977	2026-07-19
kimt.com	57599	2026-07-19
kincardinenews.com	21330	2026-07-19
king5.com	67787	2026-06-05
kingdomfm.co.uk	18364	2025-01-03
kingfm.com	35430	2026-07-19
kingfut.com	10121	2026-07-19
kingstonthisweek.com	36695	2026-03-26
kinja.com	15310	2026-04-27
kink.fm	5464	2026-07-10
kinston.com	7585	2026-07-18
kion546.com	5562	2025-08-21
kios.org	47475	2026-07-19
kiow.com	15570	2026-07-19
kiplinger.com	14877	2026-07-19
kirksvilledailyexpress.com	8589	2026-07-19
kiro7.com	63534	2026-07-19
kism.com	9406	2026-07-18
kiss-1031.com	9122	2026-07-19
kiss951.com	29749	2026-07-17
kisscasper.com	24890	2026-07-17
kissfm969.com	25508	2026-07-18
kissrocks.com	7822	2026-07-19
kisswtlz.com	21815	2026-07-17
kitchener.citynews.ca	6837	2025-01-26
kitchener.ctvnews.ca	24550	2025-01-23
kitchenertoday.com	6824	2021-10-17
kitco.com	27254	2026-07-18
kitguru.net	21442	2026-07-19
kitsapsun.com	5916	2023-09-11
kitv.com	58943	2026-07-19
kivitv.com	7643	2026-03-19
kiwaradio.com	13527	2026-07-19
kiwiblog.co.nz	8802	2026-07-19
kix106.com	5954	2026-07-19
kix953.com	14883	2026-07-17
kix96.com	5932	2026-07-19
kixi.com	9124	2026-07-18
kixs.com	19081	2026-07-19
kixweb.com	7537	2026-07-16
kizn.com	6889	2026-07-19
kjas.com	10891	2026-07-19
kjct8.com	20384	2026-07-19
kjlhradio.com	6552	2026-07-17
kjmo.com	7596	2025-03-17
kjo1055.com	5494	2026-07-17
kjrh.com	18303	2026-07-19
kjzz.org	38155	2026-07-19
kkco11news.com	11701	2026-07-19
kkfm.com	13251	2026-07-19
kkgb.com	17820	2026-07-19
kkiq.com	16144	2026-07-17
kkoh.com	75490	2026-07-19
kkrv.com	14765	2026-07-13
kktv.com	25177	2026-07-19
kkyr.com	24318	2026-07-19
kkyx.com	6965	2026-07-17
klake.com	8869	2024-02-15
klaq.com	28897	2026-07-19
klaw.com	26239	2026-07-19
klcc.org	91584	2026-07-19
klce.com	5932	2024-08-29
klewtv.com	26166	2026-06-06
klif.com	78670	2026-07-19
klik1240.com	31383	2024-10-16
klin.com	14913	2026-07-19
klkl.fm	21080	2026-07-02
klkntv.com	37032	2026-07-19
klll.com	8858	2026-07-19
klove.com	5078	2026-07-13
klrc.com	5044	2026-07-17
kltv.com	33801	2026-07-19
klur.com	6088	2026-07-19
klyq.com	6235	2025-03-12
kmaj1440.com	110635	2026-07-01
kmaland.com	29664	2026-07-19
kmbc.com	77881	2026-07-19
kmch.com	11892	2026-07-19
kmfm.co.uk	8671	2026-07-19
kmhk.com	17973	2026-07-19
kmit.com	5032	2026-07-17
kmjnow.com	70044	2026-07-19
kmmo.com	22503	2026-07-19
kmmsam.com	12806	2026-07-19
kmov.com	18034	2023-12-04
kmuw.org	45581	2026-07-19
kmvt.com	18321	2026-07-19
kmxs.com	7562	2026-07-06
kmxt.org	17709	2026-07-19
knac.com	17668	2026-07-16
knau.org	41533	2026-07-19
knbr.com	14484	2025-05-22
knco.com	7370	2026-07-18
kneb.com	8538	2021-03-30
knek.com	20240	2026-07-19
kniakrls.com	48473	2026-04-10
knoe.com	30261	2026-07-19
knopnews2.com	22985	2026-07-19
knoxnews.com	11024	2023-09-11
knoxradio.com	13545	2026-07-17
knpr.org	70128	2026-07-19
knsiradio.com	19388	2026-07-17
knue.com	35208	2026-07-19
knzr.com	12841	2026-05-14
koaa.com	51008	2026-07-19
koamnewsnow.com	30356	2026-07-19
koat.com	62530	2026-07-19
kob.com	131778	2026-07-19
kobi5.com	24495	2026-07-19
koco.com	86323	2026-07-19
kodiakdailymirror.com	6702	2026-07-14
koel.com	25159	2026-07-19
kogt.com	7101	2026-07-19
koimoi.com	71781	2026-07-19
koka.am	21746	2026-07-19
kokomoperspective.com	42673	2023-11-03
kokomotribune.com	59873	2026-07-19
kold.com	41894	2026-07-19
kolotv.com	28746	2026-07-19
komando.com	9952	2026-07-19
komonews.com	35368	2026-07-19
komu.com	51636	2026-07-19
kono1011.com	9164	2026-07-18
kool1017.com	33963	2026-07-19
kool1079.com	29499	2026-07-19
kool965.com	18611	2026-07-19
kool973.com	5256	2026-07-13
kool98.com	7175	2026-07-17
koolam.com	11146	2026-07-19
koolfmabilene.com	19025	2026-07-19
kopsource.com	65646	2024-11-23
koreabizwire.com	47083	2026-02-12
koreabridge.net	5108	2026-07-17
koreaherald.com	133473	2026-07-19
korean.cri.cn	8096	2026-07-19
koreatimes.co.kr	119223	2026-07-19
koreatimesus.com	6498	2025-07-18
kosu.org	32665	2026-05-09
kotaku.com	18827	2026-07-19
kotaku.com.au	19077	2026-07-02
kotaradio.com	8066	2026-07-19
kotatv.com	21841	2026-07-19
kowb1290.com	14206	2026-07-19
koxe.com	13518	2026-07-17
koze.com	10129	2026-07-09
kpax.com	44927	2026-07-19
kpbs.org	51156	2026-07-19
kpcnews.com	67387	2026-07-18
kpcw.org	37947	2026-07-19
kpel965.com	36024	2026-07-19
kpfa.org	13190	2026-07-19
kphrfm.com	11962	2026-07-14
kpic.com	36963	2026-07-19
kpla.com	9247	2026-07-19
kplctv.com	39004	2026-07-19
kpopstarz.com	22532	2026-07-18
kpq.com	14538	2026-07-19
kprs.com	8775	2026-07-12
kptv.com	31777	2026-07-19
kpvi.com	56388	2026-07-18
kqky.com	10095	2026-04-28
kqvt.com	14515	2026-07-17
kqxy.com	10211	2026-07-19
krcgtv.com	37670	2026-07-19
krcoam.com	5925	2022-04-05
krcrtv.com	43786	2026-07-19
krcu.org	66347	2026-07-19
krdo.com	109732	2026-07-19
krem.com	51326	2026-06-26
krforadio.com	53228	2026-07-19
krgv.com	63260	2026-07-19
kristv.com	38241	2026-07-19
krmg.com	31735	2026-07-19
krmsradio.com	5500	2026-07-18
krna.com	27685	2026-07-19
krnb.com	15223	2026-07-17
krny.com	11436	2026-07-18
kroc.com	41469	2026-07-19
krock.com.au	7139	2026-07-19
krock1017fm.com	5079	2021-05-15
krocnews.com	15344	2026-07-19
krod.com	17494	2026-07-19
krqe.com	5338	2025-11-18
krro.com	25282	2026-07-19
krrq.com	20545	2026-07-19
krrvonline.com	13152	2026-07-18
krtv.com	34469	2026-07-19
krvn.com	7917	2021-02-12
krvs.org	24855	2026-07-19
krwg.org	51919	2026-07-19
ks95.com	14770	2026-07-19
ksal.com	11512	2026-07-19
ksam1017.com	6945	2026-07-19
ksat.com	163316	2026-07-19
ksbw.com	62575	2026-07-19
ksby.com	55006	2026-07-19
kscj.com	8690	2026-07-19
ksdk.com	66285	2026-06-06
ksenam.com	13517	2026-07-19
ksfa860.com	14060	2026-07-18
ksfr.org	5805	2026-07-19
ksgf.com	12566	2026-05-23
kshb.com	46033	2026-07-19
kshe95.com	9816	2026-07-17
ksisradio.com	18736	2026-07-18
ksjbam.com	6104	2026-07-19
ksks.com	10770	2026-07-19
ksl.com	139157	2026-07-19
ksla.com	33958	2026-07-19
kslx.com	7381	2026-07-18
ksmb.com	19907	2026-07-19
ksmu.org	88433	2026-07-19
ksnblocal4.com	18170	2026-07-19
ksnt.com	7165	2025-07-16
ksoo.com	5993	2021-08-01
kspr.com	11386	2020-07-08
ksro.com	23115	2025-09-15
kstp.com	59468	2026-03-19
ksusentinel.com	36224	2026-06-19
ksut.org	38107	2026-07-19
kswo.com	27383	2026-07-19
ksyl.com	28483	2026-07-18
ktar.com	56303	2026-06-03
ktbb.com	47141	2026-07-19
ktbs.com	99358	2026-07-19
ktcx.com	6112	2026-07-19
kten.com	50071	2026-07-19
ktep.org	42140	2026-07-19
ktgl.com	8615	2026-07-13
kticradio.com	7000	2021-05-28
ktik.com	7415	2026-07-19
ktiv.com	36891	2026-07-19
ktla.com	8210	2025-05-28
ktnv.com	6090	2026-03-18
ktop1490.com	81416	2026-07-19
ktre.com	22416	2026-07-19
ktsa.com	19097	2026-07-17
kttn.com	17326	2025-11-10
ktts.com	11047	2025-11-23
ktucam.com	9209	2023-08-24
ktul.com	38879	2026-07-19
ktuu.com	8725	2020-07-16
ktvb.com	59027	2026-06-06
ktvh.com	30974	2026-07-19
ktvl.com	5606	2026-07-19
ktvo.com	28852	2026-07-19
ktvq.com	33144	2026-07-19
ktvu.com	65431	2026-07-19
ktvz.com	150395	2026-07-19
ktwb.com	8206	2026-07-17
ktxs.com	33026	2026-07-19
ku.edu	6676	2026-07-17
kuaf.com	47606	2026-07-19
kuam.com	24726	2026-04-30
kucb.org	8837	2026-07-17
kuenselonline.com	10049	2026-07-18
kuer.org	17149	2026-07-18
kugn.com	65464	2026-06-22
kuic.com	14835	2026-07-19
kulr8.com	69322	2026-07-19
kuna.net.kw	50048	2026-02-25
kunc.org	52570	2026-07-19
kunm.org	38081	2026-07-19
kunr.org	27307	2026-07-19
kuow.org	32047	2026-07-19
kurv.com	24878	2026-07-17
kusi.com	21626	2024-01-30
kut.org	13482	2026-07-19
kutx.org	5180	2026-07-19
kuvo.org	10247	2026-07-18
kuwaittimes.com	10873	2025-01-27
kuwaittimes.net	15352	2022-01-04
kuzz.com	6150	2026-07-19
kval.com	39517	2026-07-19
kvia.com	123785	2026-07-19
kvmr.org	8180	2026-07-19
kvnf.org	54578	2026-07-19
kvoa.com	47581	2026-07-19
kvoo.com	8055	2020-12-07
kvor.com	81116	2026-07-19
kvpionline.com	15575	2026-07-17
kvpr.org	35365	2026-07-19
kvrr.com	24464	2026-07-19
kvue.com	62654	2026-06-25
kw3.com	13304	2026-07-19
kwayradio.com	6645	2026-07-17
kwbu.org	78028	2026-07-19
kwcdcountry.com	11037	2026-07-19
kwch.com	28573	2026-07-19
kwhl.com	5394	2026-07-17
kwin.com	22942	2026-07-19
kwiq.com	8475	2026-07-06
kwit.org	74673	2026-07-19
kwqc.com	30856	2026-07-19
kwsn.com	21618	2026-07-19
kwtx.com	26062	2026-07-19
kwwl.com	6192	2026-03-17
kwxx.com	11535	2026-07-19
kx947.fm	6550	2026-07-19
kxel.com	61824	2026-07-19
kxii.com	17471	2026-07-19
kxkx.com	24867	2026-07-19
kxl.com	21622	2026-07-19
kxlf.com	37677	2026-07-19
kxlh.com	31518	2026-07-19
kxly.com	108574	2026-07-19
kxly920.com	16057	2026-07-18
kxrb.com	33047	2026-07-17
kxxv.com	53158	2026-07-19
kxzz1580am.com	8657	2022-01-03
ky3.com	52058	2026-07-19
kygl.com	21439	2026-07-19
kyis.com	9945	2026-07-19
kyivpost.com	66233	2026-07-19
kykz.com	5563	2026-07-19
kyma.com	58067	2026-07-19
kynt1450.com	14573	2026-07-18
kyodonews.net	22832	2026-07-15
kysdc.com	13337	2026-07-19
kyssfm.com	31180	2026-07-19
kyuk.org	26343	2026-07-19
kztv10.com	26147	2026-07-18
kzyx.org	47200	2026-07-19
labelsandlabeling.com	9341	2026-04-07
labmate-online.com	7410	2025-08-07
labusinessjournal.com	6100	2026-07-17
lacrossetribune.com	123861	2026-07-19
ladailypost.com	24011	2026-07-19
ladunliadinews.com	8588	2025-07-28
ladysmithchronicle.com	33510	2026-07-19
lagrandeobserver.com	13273	2026-07-19
lagrangenews.com	6505	2026-07-18
lagunabeachindy.com	5053	2026-07-17
lahainanews.com	5276	2026-07-19
laineygossip.com	14016	2026-07-17
laist.com	38402	2026-07-19
lajollalight.com	5593	2024-06-12
lakeexpo.com	8118	2026-07-17
lakegenevanews.net	29863	2026-07-19
lakenewsonline.com	10876	2026-07-17
lakersnation.com	15682	2026-07-19
lakeshoreadvance.com	22870	2026-07-19
lakeshowlife.com	5868	2026-07-19
lamag.com	9948	2026-07-18
lancashiretelegraph.co.uk	212827	2026-07-19
lancasterfarming.com	10112	2026-07-19
lancasterguardian.co.uk	14852	2025-01-23
lancasteronline.com	96884	2026-07-19
lankaweb.com	16015	2026-07-18
lansingstatejournal.com	8274	2023-09-11
laois-nationalist.ie	56623	2026-07-19
laosnews.net	93890	2026-07-19
laprensalatina.com	37186	2026-05-11
laramieboomerang.com	5085	2021-02-04
lasentinel.net	12449	2025-08-23
lasvegasweekly.com	7461	2026-07-19
latestly.com	108148	2025-01-27
latimes.com	183178	2026-07-19
latinamericanpost.com	11125	2026-07-18
latinfinance.com	12246	2026-07-19
latinnews.com	5453	2025-09-15
latinpost.com	19938	2026-07-18
latintimes.com	28989	2026-07-19
latpro.com	42075	2023-03-23
laughingplace.com	16840	2026-07-19
law360.com	147095	2026-07-18
lawandcrime.com	6285	2026-03-17
lawfuel.com	5185	2026-07-18
lawgazette.co.uk	18504	2025-09-05
lawofficer.com	10525	2026-07-14
lawstreetmedia.com	8729	2026-07-16
lawyersweekly.com.au	11635	2026-07-17
lbc.co.uk	75876	2026-07-19
lbcgroup.tv	7553	2026-07-13
lbpost.com	13727	2026-07-19
lcsun-news.com	11231	2023-09-11
leaderherald.com	10592	2023-10-24
leaderlive.co.uk	180677	2026-07-19
leaderpost.com	62566	2026-07-19
leadership.ng	98774	2026-07-19
leadertelegram.com	55881	2026-07-19
leamingtonobserver.co.uk	14221	2026-07-19
leavenworthtimes.com	9902	2026-07-18
lebanon-express.com	21448	2023-04-25
lebanondemocrat.com	81335	2026-07-19
ledburyreporter.co.uk	106957	2026-07-19
ledgertranscript.com	15182	2026-07-17
leducrep.com	16250	2026-07-19
leftfootforward.org	5622	2026-07-19
legalinsurrection.com	16506	2026-07-19
legallyindia.com	22290	2026-07-19
legalnewsline.com	16644	2026-07-17
legit.ng	17884	2026-03-19
legitgov.org	12470	2026-07-18
lehighacrescitizen.com	5439	2026-07-14
lehighvalleylive.com	48122	2026-02-23
leicestermercury.co.uk	116501	2026-07-19
leighjournal.co.uk	97930	2026-07-19
leightonbuzzardonline.co.uk	9193	2025-01-23
leinsterexpress.ie	59110	2026-05-12
leinsterleader.ie	62211	2026-05-12
leitrimobserver.ie	49217	2026-05-14
lelezard.com	35745	2026-06-02
lemonde.fr	9061	2026-04-15
lenconnect.com	10474	2023-09-11
lendio.com	8488	2023-07-02
lep.co.uk	26299	2025-01-23
lestimes.com	7233	2026-07-17
lethbridgeherald.com	63395	2026-07-19
letsrecycle.com	6022	2026-07-17
letsrun.com	12170	2026-06-01
lewistownsentinel.com	15282	2026-07-18
lewrockwell.com	31823	2026-06-04
lex18.com	37160	2026-07-19
lexch.com	23112	2026-07-18
lexology.com	31975	2026-07-15
lfpress.com	24594	2026-07-19
lgbtqnation.com	8913	2026-06-21
lgcplus.com	9827	2026-07-17
libcom.org	5239	2026-07-15
liberianobserver.com	16871	2026-07-18
libertyballers.com	8027	2026-07-18
libn.com	11056	2026-06-03
librivox.org	8515	2026-07-19
lichfieldlive.co.uk	14076	2026-07-19
lifeandstylemag.com	11874	2026-07-15
lifehacker.com	21158	2026-07-19
lifehacker.com.au	22827	2024-10-09
lifenews.com	17814	2026-07-17
lightreading.com	19029	2026-06-15
liherald.com	7174	2026-07-19
liliputing.com	5084	2026-07-17
lillooetnews.net	17763	2020-08-18
limaohio.com	35794	2025-04-15
limerickleader.ie	62755	2026-05-27
limerickpost.ie	12424	2026-07-19
lincolnshireworld.com	14183	2025-01-23
listenupyall.com	7641	2026-07-17
listverse.com	14220	2026-07-19
lite96.com	5798	2024-02-21
lite987.com	28600	2026-07-19
liteonline.com	22753	2026-07-18
literock959.com	22060	2025-03-27
literock969.com	8820	2022-04-18
lithgowmercury.com.au	46061	2026-07-19
littleapplepost.com	24159	2026-07-19
littlehamptongazette.co.uk	6387	2022-02-10
live.com	16087	2020-11-21
live5news.com	38245	2026-07-19
live955.com	10703	2026-07-10
live959.com	13444	2026-07-17
live95fm.ie	17501	2026-07-19
livecharts.co.uk	15226	2026-07-17
livejournal.com	96046	2026-07-19
livelaw.in	72474	2026-07-19
liveleak.com	5908	2021-05-30
livemint.com	221336	2026-07-19
livenews.co.nz	49009	2026-07-19
liverpoolecho.co.uk	211504	2026-07-19
liverpoolfc.com	12845	2026-07-19
livesaildie.com	9351	2026-07-19
livescience.com	16795	2026-07-19
ljworld.com	16304	2026-07-19
lloydslist.com	6574	2025-08-26
lmfm.ie	16311	2026-07-18
lmtonline.com	181735	2026-06-22
lmtribune.com	48005	2026-07-19
lobotero.com	6969	2026-07-19
local10.com	134614	2026-07-19
local12.com	35398	2026-07-19
local21news.com	40525	2026-07-19
local3news.com	47880	2026-07-19
localberkshire.co.uk	9988	2023-03-07
localgov.co.uk	12107	2026-07-17
localmatters.co.nz	6063	2026-07-19
localmemphis.com	55339	2026-06-06
localnews8.com	155027	2026-07-19
lockhaven.com	24236	2026-07-18
lockportjournal.com	24740	2026-07-19
locusmag.com	8767	2025-07-17
lodinews.com	7818	2026-07-19
loeildelaphotographie.com	9555	2025-04-10
loganbanner.com	6501	2026-07-18
logandaily.com	5252	2026-07-19
logisticsmanager.com	5641	2026-07-16
lohud.com	10472	2023-09-11
lombardiave.com	5542	2026-07-19
lompocrecord.com	29301	2026-07-19
london-now.co.uk	14612	2026-07-19
london.ctvnews.ca	22226	2025-01-23
londonlovesbusiness.com	25990	2026-07-19
londonmercury.com	34094	2026-07-19
londontheatre1.com	6130	2026-07-19
lonestar995fm.com	30491	2026-07-19
lonestarball.com	7880	2026-07-19
longbeachstar.com	28882	2024-09-21
longfordleader.ie	53948	2026-05-15
longisland.com	23472	2026-07-19
longislandpress.com	14560	2026-07-19
loopjamaica.com	16567	2021-05-20
loopnews.com	14595	2024-07-21
lordsofpain.net	6837	2020-04-18
losaltosonline.com	7210	2026-07-19
lostcoastoutpost.com	14231	2026-07-19
loudountimes.com	8346	2026-07-16
loudwire.com	20626	2026-07-19
louisianaradionetwork.com	9064	2026-07-18
louisianarecord.com	5312	2025-05-20
lovefm.com	8192	2026-07-18
lovinmalta.com	7683	2026-03-19
lowellsun.com	25419	2026-07-19
lowkickmma.com	23908	2026-07-19
lowvelder.co.za	20975	2023-08-31
lpheralddispatch.com	9347	2026-07-18
lrt.lt	16680	2026-07-19
lse.co.uk	94388	2025-01-23
lsionline.com	14800	2025-11-17
ltn.com.tw	15459	2026-07-19
lubbockonline.com	11096	2023-09-11
ludlowadvertiser.co.uk	124337	2026-07-19
lufkindailynews.com	33661	2026-07-19
lusakatimes.com	16334	2026-03-19
lutontoday.co.uk	13300	2025-01-23
luxtimes.lu	9904	2025-07-21
luxurytravelmagazine.com	12300	2026-07-19
lvb.com	8186	2026-06-04
lynnnews.co.uk	36368	2026-07-19
macaubusiness.com	15766	2025-08-13
macaudailytimes.com.mo	18160	2026-07-17
macdailynews.com	6810	2026-07-17
macleayargus.com.au	64657	2026-07-19
macmegasite.com	8764	2026-01-29
macobserver.com	5646	2025-08-19
macombdaily.com	38418	2026-07-19
macrobusiness.com.au	29787	2026-07-19
macrumors.com	6927	2026-07-10
mactech.com	12295	2026-07-18
macupdate.com	11664	2026-07-17
macworld.com	8946	2026-07-19
madamenoire.com	11099	2026-07-19
madinamerica.com	9831	2026-07-18
madison.com	123035	2026-07-18
madisonrecord.com	9887	2025-05-21
madrock1025.com	29491	2026-06-30
magic1021.com	9578	2026-07-19
magic1029fm.com	10081	2026-07-19
magic106.com	8643	2026-07-06
magic1073fm.com	8963	2026-07-19
magic93fm.com	10284	2026-07-19
magic943fm.com	5000	2026-07-19
magic983.com	17845	2026-07-17
magicbricks.com	8884	2026-07-19
magicvalley.com	78973	2026-07-19
magnoliareporter.com	24230	2026-07-19
mailtimes.com.au	41748	2026-07-19
mailtribune.com	10799	2023-06-01
mainebiz.biz	15341	2026-07-17
mainemirror.com	15497	2026-07-19
mainepublic.org	14418	2026-03-18
mainichi.jp	15561	2026-07-15
mainlinemedianews.com	28707	2026-07-19
mainstreetnews.com	6209	2026-07-16
maitlandmercury.com.au	108165	2026-07-19
makeuseof.com	23261	2026-07-19
malawi24.com	14529	2026-07-19
malawivoice.com	12384	2026-07-19
malaya.com.ph	31133	2026-04-22
malaymail.com	104909	2026-03-19
malaysiakini.com	76783	2026-07-19
malaysiasun.com	65813	2026-07-19
maldivesindependent.com	6952	2026-07-19
maldonandburnhamstandard.co.uk	125355	2026-07-19
maltatoday.com.mt	38916	2026-03-12
malverngazette.co.uk	115799	2026-07-19
mamamia.com.au	28853	2026-07-19
managingmadrid.com	12696	2026-07-19
manchestereveningnews.co.uk	261296	2026-07-19
manchesterjournal.com	12133	2026-07-16
mandurahmail.com.au	71569	2026-07-19
mangalorean.com	53393	2026-07-19
manicapost.co.zw	6458	2025-01-22
manilametro.com	5842	2024-07-24
manilastandard.net	10136	2026-03-18
manilatimes.net	362211	2026-07-19
manitobacooperator.ca	9746	2026-07-19
mankatofreepress.com	95838	2026-07-19
manningrivertimes.com.au	83994	2026-07-19
mansfieldnewsjournal.com	7976	2023-09-11
mantecabulletin.com	9053	2026-07-18
manufacturing.net	21568	2025-10-02
manutd.com	13965	2026-05-04
manxradio.com	21405	2026-07-19
mapleridgenews.com	31749	2026-07-19
maravipost.com	25165	2026-07-19
marca.com	7042	2026-05-24
marcellusdrilling.com	14775	2026-07-17
marconews.com	5934	2023-09-11
mareeg.com	8096	2026-07-04
margaretrivermail.com.au	37228	2025-08-20
marieclaire.co.uk	15922	2026-07-19
marieclaire.com	23301	2026-07-19
mariettatimes.com	18702	2026-07-19
marinecorpstimes.com	7833	2026-07-18
marinelink.com	29184	2026-07-17
marinelog.com	9329	2025-11-20
marinetechnologynews.com	7205	2026-07-19
marinij.com	32628	2026-07-19
maritime-executive.com	32008	2026-07-19
maritimeprofessional.com	5873	2026-07-17
marketbusinessnews.com	19412	2026-07-18
marketing-interactive.com	15191	2026-07-17
marketplace.org	12223	2026-07-18
marketpulse.com	11928	2026-07-17
marketrealist.com	8568	2026-07-17
markets.co	5867	2022-01-09
marketscreener.com	999061	2026-05-18
marketswired.com	5202	2025-01-04
marketwatch.com	422150	2026-07-06
marklevinshow.com	9950	2026-07-18
marshallindependent.com	17692	2026-07-18
marshfieldnewsherald.com	8584	2023-09-11
marthastewart.com	11116	2026-03-17
martinsvillebulletin.com	35830	2026-07-17
maryland.gov	7835	2026-07-19
marylandreporter.com	6678	2026-06-04
maryvilleforum.com	20314	2024-11-15
masala.com	18108	2024-07-13
mashable.com	46770	2026-07-19
massachusettsnewswire.com	7006	2026-07-16
massachusettssun.com	43294	2026-07-19
massdevice.com	8486	2026-02-21
masslawyersweekly.com	19316	2026-06-04
masslive.com	108215	2026-02-23
mathrubhumi.com	5608	2026-06-23
matr.net	6631	2026-07-19
mauinews.com	20494	2026-07-19
mauinow.com	15778	2026-07-19
maurice-info.mu	9184	2026-07-18
mavsmoneyball.com	7058	2026-07-19
max94one.com	23557	2026-07-19
maximumfun.org	6377	2026-07-18
mayerthorpefreelancer.com	15406	2026-07-19
mayonews.ie	20592	2026-05-21
mb.com.ph	181337	2026-07-19
mbcradio.com	5949	2026-07-19
mbtmag.com	18138	2025-09-17
mcalesternews.com	17070	2026-07-19
mcall.com	79367	2026-07-19
mcdonoughvoice.com	5718	2023-09-10
mcdowellnews.com	39449	2026-07-17
mcknights.com	8837	2026-03-11
mcphersonsentinel.com	6034	2026-06-24
mdislander.com	9710	2026-07-18
mdjonline.com	145295	2026-07-18
meadvilletribune.com	42675	2026-07-19
meathchronicle.ie	44188	2026-07-19
meaww.com	20365	2026-03-17
medafricatimes.com	6525	2026-07-18
medcitynews.com	14298	2026-07-16
mediaforfreedom.com	5275	2026-04-27
mediaite.com	85234	2026-07-18
mediamatters.org	14932	2026-07-17
medianama.com	11438	2026-07-17
mediapost.com	24623	2026-07-19
medicaldaily.com	7930	2026-07-18
medicalnewstoday.com	5483	2026-07-19
medicalxpress.com	141329	2026-01-29
medicinehatnews.com	72535	2026-07-19
medpagetoday.com	25044	2025-01-28
medscape.com	47734	2026-07-17
meed.com	23955	2026-07-17
mega979.com	6542	2026-07-19
mega993online.com	29076	2026-07-19
melfortjournal.com	10437	2026-07-04
meltontimes.co.uk	8291	2025-01-23
memphisflyer.com	7026	2026-07-18
memphissun.com	104301	2026-07-19
memri.org	9885	2025-04-22
menafn.com	973875	2026-03-10
mendocinobeacon.com	15229	2026-07-19
menshealth.com	30126	2026-07-19
mensxp.com	27225	2026-07-19
mentalfloss.com	14476	2026-07-19
meobserver.org	5527	2026-07-14
mercopress.com	22847	2026-07-19
mercurynews.com	80073	2026-07-19
meridianstar.com	36381	2026-07-18
merimbulanewsweekly.com.au	70025	2026-07-19
mesabitribune.com	53235	2026-07-19
messagemedia.co	11576	2026-07-19
messenger-inquirer.com	85102	2026-07-19
messenger.com.ge	5879	2026-07-17
messengernews.net	13314	2026-07-18
messengernewspapers.co.uk	143365	2026-07-19
metal.com	22208	2026-07-17
metalunderground.com	14422	2026-07-19
metro.co.uk	147904	2026-07-19
metro.us	86034	2025-11-03
metrojacksonville.com	11680	2026-07-18
metrotimes.com	12133	2026-05-14
metroweekly.com	6594	2026-07-19
metrowestdailynews.com	10026	2023-09-11
metv.com	11037	2026-07-18
metvmall.com	12496	2026-06-06
mexicoledger.com	8000	2026-07-19
mexiconewsdaily.com	6811	2026-03-15
mexicostar.com	64127	2026-07-19
mg.co.za	30147	2026-07-19
mgoblog.com	14877	2025-08-28
miamiherald.com	8780	2024-07-31
miaminewtimes.com	8629	2026-07-19
miamistudent.net	5439	2026-07-15
miamitimesonline.com	8633	2026-07-18
michigan.gov	5321	2023-02-02
michigandaily.com	7547	2026-07-17
michiganradio.org	23666	2024-01-10
michigansthumb.com	78149	2026-06-22
mid-day.com	98872	2026-07-19
middle-east-online.com	5882	2026-07-19
middleeasteye.net	46623	2026-07-19
middleeastmonitor.com	76485	2026-07-19
middleeaststar.com	114400	2026-07-19
middlenecknews.com	5232	2026-07-17
middletownpress.com	123670	2026-04-21
midhurstandpetworth.co.uk	5526	2022-02-10
midmichigannow.com	35031	2026-07-19
midnorthmonitor.com	48731	2026-07-19
midsussextimes.co.uk	5984	2022-02-10
midutahradio.com	16845	2026-07-18
midweekherald.co.uk	35166	2026-07-19
midwestradio.ie	25209	2026-07-19
mihomepaper.com	12568	2026-03-04
milawyersweekly.com	9157	2026-06-03
milehighreport.com	12530	2026-07-19
milforddailynews.com	8053	2023-09-07
milfordmercury.co.uk	90748	2026-07-19
milfordmirror.com	59636	2025-06-14
military.com	33291	2026-07-19
militarytimes.com	13502	2026-07-18
miltonkeynes.co.uk	14120	2025-01-23
milwaukeesun.com	45391	2026-07-19
mindat.org	13155	2025-01-23
minicassia.com	6201	2024-03-21
mining-journal.com	7397	2026-05-26
mining-technology.com	10827	2026-07-17
mining.com	46914	2026-07-15
mininggazette.com	10659	2026-07-19
miningjournal.net	22337	2026-07-19
miningmx.com	6979	2026-07-17
miningnews.net	11257	2026-05-26
miningweekly.com	49163	2026-07-17
minnlawyer.com	7668	2026-06-04
minnpost.com	8874	2026-07-19
minotdailynews.com	18093	2026-07-18
miragenews.com	623340	2026-07-19
mirror.co.uk	691960	2026-07-19
mis-asia.com	10377	2026-07-18
mishpacha.com	8262	2026-07-19
missioncityrecord.com	42195	2026-07-19
missionlocal.org	7181	2026-07-19
mississauga.com	7773	2026-07-19
mississippivalleypublishing.com	23021	2026-07-18
missoulian.com	135183	2026-07-19
mit.edu	10109	2026-07-17
mitchelladvocate.com	22598	2026-07-19
mitchellrepublic.com	31535	2026-07-19
mix100.com	5915	2026-07-01
mix1005.fm	24056	2026-07-02
mix100lubbock.com	15736	2026-07-19
mix103.com	9891	2026-07-19
mix1043fm.com	28279	2026-07-19
mix1069.com	14663	2026-07-19
mix106radio.com	25251	2026-07-18
mix108.com	35311	2026-07-19
mix929.com	24204	2026-07-19
mix931fm.com	30553	2026-07-18
mix941.com	21167	2026-07-08
mix941kmxj.com	20073	2026-07-19
mix949.com	27131	2026-07-19
mix957.net	8804	2024-01-04
mix957gr.com	20624	2026-07-18
mix965tulsa.com	6755	2025-10-22
mix979fm.com	13543	2024-04-26
mix987.com	9389	2026-07-18
mixx993.com	17419	2026-07-19
mizzima.com	20944	2025-01-23
mlb.com	77973	2026-07-19
mlbtraderumors.com	56113	2026-07-19
mlive.com	129535	2026-02-23
mmafighting.com	27102	2026-07-19
mmamania.com	25162	2026-07-19
mmanews.com	16189	2026-04-22
mmegi.bw	6836	2026-07-17
mmm-online.com	5414	2026-07-17
mobihealthnews.com	6860	2026-06-03
mobilesyrup.com	20886	2026-07-17
mobileworldlive.com	12275	2026-03-03
mobilitytechzone.com	5977	2024-09-17
mobypicture.com	32801	2023-10-03
moddb.com	38275	2025-11-16
model-engineer.co.uk	20635	2026-06-22
modernghana.com	172751	2026-07-19
modernhealthcare.com	11836	2026-06-18
modernreaders.com	462461	2025-04-18
moelane.com	11594	2025-07-17
mohavedailynews.com	14088	2026-07-19
mojo1029.com	11524	2026-07-18
moldpres.md	9534	2025-01-14
monacolife.net	5527	2026-07-17
mondaq.com	129958	2026-07-19
mondovisione.com	33622	2026-01-14
mondoweiss.net	7322	2026-07-19
moneycontrol.com	436935	2026-07-19
moneylife.in	21684	2026-07-18
moneymanagement.com.au	13351	2026-06-24
moneymarketing.co.uk	24073	2026-07-17
moneytalksnews.com	11524	2026-07-19
moneyweb.co.za	37490	2024-04-02
moneyweek.com	9485	2026-07-19
mongabay.com	9925	2026-07-18
monitor.co.ug	71515	2026-04-22
monocle.com	5979	2026-07-19
monroenews.com	13644	2023-09-11
monstersandcritics.com	55350	2025-10-02
montanarightnow.com	63555	2026-07-19
montereycountyweekly.com	13791	2026-07-09
montereyherald.com	12721	2026-07-19
montgomery-herald.com	6187	2025-05-20
montgomeryadvertiser.com	8465	2023-09-11
montgomerynews.com	6458	2021-09-28
montreal.ctvnews.ca	32918	2025-01-23
montrealgazette.com	39915	2026-07-19
montrosepress.com	15738	2026-07-19
mooseradio.com	14432	2026-07-18
moreechampion.com.au	58433	2026-07-19
morganton.com	34793	2026-07-18
morning-times.com	36311	2026-07-18
morningadvertiser.co.uk	9564	2026-07-17
morningjournal.com	49751	2026-07-19
morningjournalnews.com	21754	2026-07-18
morningstar.com	103082	2026-07-19
morningstaronline.co.uk	41339	2026-07-19
morningsun.net	65602	2026-07-18
moroccoworldnews.com	17074	2026-07-19
mortgageintroducer.com	8340	2022-03-18
mortgagenewsdaily.com	7932	2026-07-17
mortgagesolutions.co.uk	14374	2026-07-17
mortgagestrategy.co.uk	23653	2026-07-17
morungexpress.com	73605	2026-07-19
mothership.sg	13261	2025-03-10
motor1.com	20380	2026-07-19
motorcyclenews.com	26010	2026-07-19
motorsport.com	22756	2026-07-19
moultonadvertiser.com	16570	2026-07-19
moultrieobserver.com	15757	2026-07-16
mountaineagle.com	9977	2026-07-19
mountvernonnews.com	10819	2026-07-16
mouthshut.com	5585	2026-07-19
movieweb.com	81262	2026-07-19
mpamag.com	7612	2026-07-17
mpnnow.com	10032	2023-09-11
mprnews.org	27258	2026-07-19
mrt.com	64966	2026-06-22
mrtopstep.com	18821	2024-11-22
mscnews.net	5704	2026-07-18
msn.com	2860431	2023-06-23
mtairynews.com	5919	2026-07-18
mtdemocrat.com	27745	2026-07-19
mtexpress.com	11496	2026-07-19
mtlblog.com	7174	2026-07-18
mtpr.org	17857	2026-07-17
mtstandard.com	60281	2026-07-19
mudgeeguardian.com.au	51361	2026-07-19
multifamilybiz.com	6060	2026-07-17
mumbrella.com.au	23789	2025-11-20
murfreesboropost.com	6340	2023-03-01
murrayledger.com	10696	2026-07-18
muscatdaily.com	19413	2026-07-19
muscatinejournal.com	106965	2026-07-19
music-news.com	20555	2025-12-16
musketfire.com	7148	2026-07-19
muskogeephoenix.com	22320	2026-07-17
muskokaregion.com	7845	2026-07-19
muswellbrookchronicle.com.au	69246	2026-07-19
mv-voice.com	10903	2026-07-19
mvariety.com	31282	2026-07-19
mvtimes.com	18261	2026-07-19
mwnation.com	17920	2026-07-19
mxdwn.com	6671	2026-07-19
my1035.com	12254	2026-07-19
my40.tv	7419	2022-01-31
my957.com	6726	2026-07-17
myalbertlea.com	12521	2026-06-08
myalgomamanitoulinnow.com	5735	2026-06-03
myanmarmuslim.net	18759	2024-11-05
myanmarnews.net	57348	2026-07-19
myaustinminnesota.com	20340	2025-06-14
myb106.com	27324	2026-07-17
mybeachradio.com	20323	2024-04-01
mybroadband.co.za	6013	2022-09-28
mycariboonow.com	9471	2026-06-04
mycentraljersey.com	12905	2023-09-11
mycentralnebraska.com	36794	2026-07-17
mycentraloregon.com	50189	2026-07-17
mycolumbuspower.com	12799	2026-07-19
mycountry955.com	30692	2026-07-19
mycouriertribune.com	7801	2024-10-05
mycowichanvalleynow.com	8504	2026-06-03
myeasternshoremd.com	11774	2026-07-19
myedmondsnews.com	20239	2026-06-15
myfox28columbus.com	39463	2026-07-19
myfox8.com	5960	2025-08-29
myheraldreview.com	9725	2026-01-16
myhorrynews.com	9329	2026-07-19
myiowainfo.com	17053	2026-05-01
myjournalcourier.com	67919	2026-06-22
myjournals.org	7241	2023-08-26
myjoyonline.com	111154	2026-03-19
myk104.com	7614	2026-07-18
mykiss1031.com	25051	2026-07-17
mykisscountry937.com	33771	2026-07-19
myklgr.com	21106	2026-07-17
mykxlg.com	86688	2026-07-19
myleaderpaper.com	34718	2026-07-19
mylloydminsternow.com	5646	2026-06-03
mylondon.news	6992	2026-07-16
mymagic106.com	6343	2026-07-19
mymagic949.com	8963	2026-07-19
mymagicgr.com	8906	2024-04-29
mymajic933.com	6401	2026-07-01
mymcmedia.org	12831	2026-07-17
mymix1061.com	15684	2026-07-19
mymixfm.com	37076	2026-07-19
mymmanews.com	9049	2026-07-19
mymoinfo.com	19991	2026-07-18
mymotherlode.com	177703	2026-07-19
mymuskokanow.com	6585	2026-06-01
mynbc5.com	72071	2026-07-19
myneworleans.com	9873	2026-07-17
mynews13.com	9482	2026-07-18
mynews4.com	33257	2026-07-19
mynewsla.com	65785	2026-07-19
mynorthbaynow.com	5340	2026-06-04
mynorthwest.com	220442	2026-07-19
mynspr.org	45777	2026-07-19
myozarksonline.com	17386	2026-07-17
myplainview.com	49460	2026-06-22
myprincegeorgenow.com	13790	2026-06-04
myq105.com	15451	2026-07-19
myq1075.com	20406	2026-07-19
myqcountry.com	12609	2026-07-19
myrecordjournal.com	12869	2023-12-30
mysailing.com.au	6207	2026-07-19
mysanantonio.com	83417	2025-11-18
myspiritfm.com	9739	2026-07-19
mystar98.com	20497	2026-07-19
mysteinbach.ca	10413	2026-07-19
mysteriousuniverse.org	10547	2026-07-17
mystratfordnow.com	7047	2026-06-03
mysuncoast.com	34202	2026-07-19
mytimminsnow.com	5104	2026-06-03
myuscountry.com	17621	2026-06-08
mywebtimes.com	8503	2023-05-01
naftemporiki.gr	8028	2026-07-17
nagalandpost.com	49549	2026-06-08
nagariknetwork.com	28805	2026-03-16
nagpurtoday.in	17470	2026-07-17
naharnet.com	88129	2026-07-19
naija247news.com	60845	2026-07-19
nairaland.com	77881	2025-07-26
nairametrics.com	12220	2026-03-04
nairobiwire.com	14280	2026-07-17
nakedcapitalism.com	12253	2026-07-19
namibian.com.na	31401	2026-07-19
namibiansun.com	21668	2026-07-19
nampa.org	44517	2024-11-08
nanaimobulletin.com	32143	2026-07-19
nancyonnorwalk.com	5311	2026-07-17
nantonnews.com	8257	2026-07-19
napaneeguide.com	39778	2026-07-19
napaneetoday.ca	9973	2026-07-17
napavalleyregister.com	69012	2026-07-19
naplesnews.com	11875	2023-09-11
naroomanewsonline.com.au	70314	2026-07-19
narrominenewsonline.com.au	44355	2026-07-19
nasa.gov	8247	2026-07-18
nasdaq.com	55609	2026-07-17
nashfm100.com	5735	2026-07-19
nashfm1025.com	5796	2026-07-19
nashvilleherald.com	101366	2026-07-19
nashvillepost.com	14227	2026-07-18
nashvillescene.com	11933	2026-07-17
nation.co.ke	29367	2022-02-18
nation.com.pk	11096	2022-06-06
nation.sc	31373	2026-07-18
nationalaccordnewspaper.com	53519	2026-07-19
nationalgeographic.com	10786	2026-07-19
nationalheraldindia.com	6988	2026-03-15
nationalhogfarmer.com	5929	2025-01-21
nationalinterest.org	48930	2026-01-29
nationalmemo.com	10185	2026-07-17
nationalmortgagenews.com	14414	2026-07-18
nationalmortgageprofessional.com	6336	2025-01-22
nationalnetworkonline.com	5239	2026-07-15
nationalobserver.com	21303	2026-07-14
nationalpost.com	53188	2026-07-19
nationalreview.com	12378	2021-07-27
nationaltribune.com.au	8043	2025-01-27
nationnews.com	30832	2026-07-19
nationofchange.org	6473	2026-03-18
nationthailand.com	16496	2026-03-16
natlawreview.com	117072	2026-07-19
naturalgasintel.com	18656	2026-07-15
naturalgasworld.com	12123	2025-02-26
naturalnews.com	63606	2026-07-19
nature.com	36869	2026-07-18
natureworldnews.com	17864	2026-07-19
naval-technology.com	6877	2026-07-17
naveenbharat.in	7607	2022-04-24
navhindtimes.in	32296	2026-07-19
navy.mil	6855	2025-03-06
navytimes.com	10225	2026-07-19
nba.com	18601	2026-03-18
nbc-2.com	55163	2025-02-05
nbc.com	6442	2026-07-17
nbc11news.com	9500	2023-12-14
nbc12.com	30170	2023-12-14
nbc15.com	19997	2023-12-14
nbc16.com	39619	2026-07-19
nbc24.com	8270	2026-07-19
nbc29.com	16840	2023-12-14
nbcbayarea.com	122132	2026-07-19
nbcboston.com	5342	2026-06-04
nbcchicago.com	143786	2026-07-19
nbcconnecticut.com	161241	2026-07-19
nbcdfw.com	141634	2026-07-19
nbclosangeles.com	138938	2026-07-19
nbcmiami.com	114665	2026-07-19
nbcmontana.com	43670	2026-07-19
nbcnews.com	180989	2026-07-19
nbcnewyork.com	138639	2026-07-19
nbcphiladelphia.com	140543	2026-07-19
nbcrightnow.com	52708	2026-07-19
nbcsandiego.com	115533	2026-07-19
nbcsvg.com	9356	2026-07-17
nbcwashington.com	91547	2026-07-19
nbnnews.com.au	29307	2026-07-17
nbr.co.nz	26053	2026-07-19
ncadvertiser.com	56294	2025-10-26
nclawyersweekly.com	7647	2026-06-03
ncnewsonline.com	57142	2026-07-19
ncpa.org	6599	2026-07-17
ncr-iran.org	8290	2026-07-19
ncregister.com	19513	2026-07-19
ncronline.org	16624	2025-10-08
ncspin.com	5045	2026-07-16
ndtv.com	342023	2025-05-26
nebraska.tv	33949	2026-07-19
necn.com	82611	2025-02-13
nehandaradio.com	14034	2026-07-17
neindia.com	6924	2026-07-19
neonnettle.com	10439	2022-07-30
neoskosmos.com	20664	2026-07-19
neowin.net	47848	2025-11-08
nepalnational.com	98165	2026-07-19
nerdist.com	18563	2026-07-18
nesn.com	36318	2026-07-19
netflixlife.com	5758	2026-07-19
netindian.in	5818	2025-08-21
netnewsledger.com	20029	2026-07-19
netscape.com	173877	2026-07-17
netsdaily.com	7245	2026-07-19
netwerk24.com	10158	2025-01-22
networkworld.com	7693	2026-07-17
neurologyadvisor.com	9361	2026-07-17
nevadaappeal.com	12575	2025-09-05
nevadabusiness.com	7327	2026-07-17
nevadanewsandviews.com	6225	2026-07-19
neveitalia.it	11740	2026-03-07
newagebd.net	23289	2025-05-26
newarab.com	9672	2025-09-21
newarkadvertiser.co.uk	32590	2026-07-19
newarkadvocate.com	6177	2023-09-11
newarkpostonline.com	5113	2026-07-19
newbernsj.com	11593	2026-07-18
newburyportnews.com	29775	2026-07-18
newburytoday.co.uk	27291	2026-07-19
newbusinessethiopia.com	13946	2026-07-18
newcanaanite.com	7691	2026-07-19
newcastleherald.com.au	150416	2026-07-19
newcivilengineer.com	14030	2026-07-17
newcountry991.com	6309	2022-04-29
newdelhitimes.com	68127	2026-07-13
newegg.com	25810	2026-07-19
newelectronics.co.uk	12266	2026-06-05
newfoodmagazine.com	5975	2026-03-31
newhamrecorder.co.uk	28894	2026-07-19
newhavenindependent.org	11352	2026-07-18
newidea.com.au	14472	2026-07-19
newindianexpress.com	147021	2026-07-19
newjerseyhills.com	40479	2026-07-15
newjerseytelegraph.com	113539	2026-07-19
newkerala.com	237485	2026-07-19
newmilfordspectrum.com	51343	2022-03-01
neworleanscitybusiness.com	16544	2026-06-03
neworleanssun.com	57433	2026-07-19
newportri.com	6992	2023-09-08
newrepublic.com	23105	2026-07-17
newrock1041.fm	7175	2026-07-07
news-daily.com	80877	2026-07-19
news-expressky.com	26951	2026-07-19
news-gazette.com	127814	2026-07-19
news-herald.com	51436	2026-07-19
news-journal.com	9178	2026-07-19
news-journalonline.com	17642	2023-09-11
news-leader.com	8165	2023-09-11
news-mail.com.au	44484	2021-04-28
news-medical.net	102377	2026-07-19
news-press.com	12874	2023-09-11
news-star.com	10612	2026-07-18
news.am	91867	2026-07-17
news.az	51864	2026-07-19
news.cn	13336	2022-04-14
news.com.au	91981	2024-07-30
news.err.ee	23415	2022-10-20
news.statetimes.in	7534	2020-06-12
news.tuoitre.vn	10220	2026-07-19
news12.com	73314	2026-07-19
news18.com	268439	2026-03-17
news24.com	167171	2026-07-19
news3lv.com	46573	2026-07-19
news4jax.com	156266	2026-07-19
news4sanantonio.com	48687	2026-07-19
news5cleveland.com	6019	2026-03-18
news8000.com	91146	2026-07-19
news9.com	76826	2026-07-19
news957.com	48715	2021-10-17
newsadvance.com	47191	2026-07-19
newsandsentinel.com	23097	2026-07-18
newsandstar.co.uk	187983	2026-07-19
newsandtribune.com	26386	2026-07-19
newsargus.com	25660	2026-07-18
newsbiscuit.com	6030	2026-07-19
newsblogged.com	5602	2026-05-27
newsbreak.com	10798	2025-12-06
newsbtc.com	36850	2026-07-18
newsbug.info	10839	2026-07-18
newsbusters.org	87218	2026-07-19
newsbytes.ph	5560	2026-07-19
newscenter1.tv	34021	2026-07-19
newscentermaine.com	38963	2026-03-19
newscentralasia.net	8285	2026-07-19
newschannel10.com	22865	2026-07-19
newschannel20.com	28968	2026-07-17
newschannel5.com	53187	2026-07-19
newschannel6now.com	24057	2026-07-19
newschannel9.com	39873	2026-07-19
newschannelnebraska.com	13127	2025-03-22
newschief.com	8585	2023-09-11
newscientist.com	17286	2026-07-19
newsdakota.com	21309	2026-07-19
newsday.co.tt	85750	2026-07-19
newsday.co.zw	30033	2026-07-19
newsday.com	102871	2026-07-19
newsdzezimbabwe.co.uk	7676	2025-12-25
newser.com	75634	2026-07-19
newsfirst.lk	12470	2026-03-19
newsghana.com.gh	83750	2026-07-19
newsherald.com	14695	2023-09-11
newshub.co.nz	18541	2024-07-04
newsincyprus.com	12862	2025-01-27
newsindiatimes.com	14325	2026-07-19
newsitem.com	27233	2026-07-19
newslaundry.com	5455	2026-07-18
newsleader.com	5481	2023-09-11
newsletter.co.uk	32306	2025-01-23
newsmakers.pk	21286	2026-07-19
newsmax.com	59273	2024-07-30
newsminer.com	34045	2026-07-19
newsnation.in	8047	2020-04-07
newsnationnow.com	6205	2025-12-25
newsnationtv.com	27052	2025-10-19
newsnow.co.uk	11428	2026-07-18
newsofbahrain.com	10103	2026-03-05
newson6.com	77693	2026-07-19
newsonair.com	29094	2021-11-26
newsone.com	8868	2026-07-19
newsonjapan.com	26358	2026-07-19
newsoptimist.ca	37573	2021-07-29
newspressnow.com	73427	2026-07-19
newsradio1029.com	75084	2026-07-19
newsradio1310.com	19049	2026-07-19
newsradio1440.com	23058	2025-03-17
newsradioklbj.com	7326	2026-07-08
newsregister.com	13561	2026-07-19
newsroompanama.com	12666	2026-07-19
newsshopper.co.uk	123446	2026-07-19
newstalk.com	44442	2026-07-19
newstalk1030.com	44587	2026-07-19
newstalk1280.com	24926	2026-07-17
newstalk1290.com	18727	2026-07-17
newstalk870.am	20785	2026-07-19
newstalkkgvo.com	16278	2026-07-18
newstalkkit.com	19612	2026-07-18
newstalkzb.co.nz	63377	2026-07-19
newstatesman.com	27454	2026-07-19
newstimes.com	131966	2025-06-12
newstoday.com.bd	12801	2021-01-24
newstodaynet.com	31782	2026-07-18
newstracklive.com	7310	2025-07-05
newstrib.com	7242	2023-05-01
newstribune.com	47611	2026-07-19
newsviewsnreviews.com	5466	2019-11-13
newswatchman.com	5150	2026-07-18
newsweek.com	287587	2026-07-19
newswest9.com	42241	2026-06-26
newswire.ca	22001	2026-07-18
newswire.net	5038	2026-07-19
newswiretoday.com	28413	2026-07-19
newswise.com	40675	2026-07-19
newsx.com	61275	2026-07-19
newsy.com	19898	2023-01-04
newtelegraphng.com	6479	2026-03-19
newtimesslo.com	8449	2026-07-16
newtoncountytimes.com	12123	2026-07-16
newtondailynews.com	7023	2026-07-18
newtownbee.com	13811	2026-07-19
newvision.co.ug	15188	2026-07-19
newwestrecord.ca	69228	2025-08-01
newyorker.com	16557	2026-07-19
newyorkstatesman.com	49426	2026-07-19
newyorktelegraph.com	177237	2026-07-19
newzealandstar.com	50752	2026-07-19
newzimbabwe.com	34188	2026-07-19
nextbigfuture.com	6255	2026-07-19
nextbigwhat.com	8687	2026-07-19
nextshark.com	11407	2026-07-17
nfl.com	9180	2026-03-18
nhbr.com	7009	2026-07-18
nhk.or.jp	17436	2026-07-08
nhl.com	22373	2026-03-19
nhpbs.org	20870	2026-07-19
nhpr.org	27624	2026-07-19
nhregister.com	170698	2026-06-22
niagara-gazette.com	27341	2026-07-19
niagarafallsreview.ca	82046	2026-07-19
niagarathisweek.com	10160	2026-07-19
nichegamer.com	13847	2026-07-19
nigerianbulletin.com	9228	2026-07-01
nigerianeye.com	65619	2026-07-19
nigerianobservernews.com	14113	2026-07-19
nigerianpilot.com	7331	2020-10-27
nigeriasun.com	84332	2026-07-19
nih.gov	6197	2026-07-15
nikkei.com	15767	2026-07-19
nine.com.au	11530	2026-07-07
ninernoise.com	5595	2026-07-19
ninersnation.com	15450	2026-07-19
nintendoeverything.com	12394	2026-07-19
nintendolife.com	34584	2026-07-19
nintendoworldreport.com	15601	2026-07-19
nipawinjournal.com	10212	2026-06-28
niyitabiti.net	5586	2023-01-29
nj.com	120944	2026-02-23
nj1015.com	53190	2026-07-19
njbiz.com	17043	2026-06-04
njherald.com	11636	2023-09-11
nknews.org	10827	2026-07-18
nkytribune.com	10134	2026-03-11
nltimes.nl	22392	2026-07-19
nme.com	59431	2026-07-19
nmpoliticalreport.com	5459	2026-07-16
nna-leb.gov.lb	16290	2023-10-07
nny360.com	63327	2026-07-19
noise11.com	14249	2026-07-19
nola.com	79840	2026-07-19
nonpareilonline.com	59040	2026-07-19
noodls.com	5116	2025-05-02
noosanews.com.au	45618	2021-04-28
noozhawk.com	40672	2026-07-19
norfolkandtillsonburgnews.com	43489	2026-06-22
norfolkdailynews.com	32744	2026-07-18
norfolktoday.ca	10708	2026-07-17
normantranscript.com	25588	2026-07-19
northafricapost.com	13231	2026-07-19
northamptonchron.co.uk	23233	2025-01-23
northantstelegraph.co.uk	18240	2025-01-23
northbaynipissing.com	6663	2026-07-19
northcentralpa.com	34568	2026-07-19
northcoastcitizen.com	5728	2025-09-25
northcoastjournal.com	13044	2026-07-19
northcountrynow.com	66167	2026-07-19
northcountrypublicradio.org	55323	2026-07-19
northdenvernews.com	5821	2026-07-18
northdevongazette.co.uk	9532	2026-05-20
northeasttoday.in	14675	2026-06-26
northern-times.co.uk	46023	2026-07-19
northerndailyleader.com.au	102810	2026-07-19
northernirelandnews.com	19738	2024-12-03
northernirelandworld.com	23257	2025-01-23
northernminer.com	8337	2026-07-17
northernnews.ca	50661	2026-07-19
northernpublicradio.org	58415	2026-07-19
northernstar.com.au	43139	2021-04-28
northernvirginiamag.com	5305	2026-07-17
northescambia.com	18951	2026-07-19
northfortmyersneighbor.com	6181	2026-07-18
northislandgazette.com	30839	2026-07-19
northjersey.com	17610	2023-09-11
northkoreatimes.com	34256	2026-07-19
northplattebulletin.com	5998	2026-07-19
northqueenslandregister.com.au	30793	2026-07-19
northsomersettimes.co.uk	33587	2026-07-19
northumberlandgazette.co.uk	17505	2025-01-23
northumberlandnews.com	6756	2026-07-19
northwaleschronicle.co.uk	105593	2026-07-19
northwalespioneer.co.uk	108926	2026-07-19
northwestgeorgianews.com	145431	2026-07-19
northwestmoinfo.com	24255	2026-07-18
northwestsignal.net	40977	2026-07-18
northweststar.com.au	60867	2026-07-19
northwichguardian.co.uk	124927	2026-07-19
norwichbulletin.com	8631	2023-09-11
nottinghampost.com	122573	2026-07-19
nova.ie	26281	2026-07-19
novinite.com	65756	2026-07-19
nowgrenada.com	6224	2026-07-18
nownews.com	14527	2022-10-31
nowtoronto.com	18364	2026-06-25
npr.org	140597	2026-07-19
nptelegraph.com	45588	2026-07-19
nrl.com	13650	2026-07-19
nrn.com	15485	2026-07-18
nrq.com	6084	2026-07-06
nrtoday.com	27976	2026-07-18
nsnews.com	74028	2026-07-19
nst.com.my	19661	2025-09-22
ntnews.com.au	51861	2024-07-22
ntv.co.ug	23367	2026-06-30
nuclear-news.net	18768	2026-07-19
nugget.ca	62104	2026-07-19
nujournal.com	14105	2026-07-19
numberfire.com	17288	2025-10-21
nurseryworld.co.uk	5910	2026-06-19
nursingtimes.net	10249	2026-07-18
nutraingredients-usa.com	6370	2025-10-15
nutraingredients.com	7351	2026-07-17
nvdaily.com	71466	2026-07-19
nvi.com.au	47138	2026-07-19
nwaonline.com	80527	2026-07-19
nwasianweekly.com	5589	2025-12-21
nwemail.co.uk	169563	2026-07-19
nwfdailynews.com	15489	2023-09-11
nwherald.com	10392	2023-05-01
nwitimes.com	107077	2026-07-19
ny1.com	5132	2026-04-22
nyasatimes.com	24944	2026-07-19
nydailynews.com	153786	2026-07-19
nylon.com	5349	2026-07-17
nymag.com	11831	2026-07-18
nynganobserver.com.au	44642	2026-07-19
nyoooz.com	21738	2026-07-18
nypost.com	244117	2026-07-19
nystateofpolitics.com	15691	2026-07-18
nysun.com	20467	2026-07-19
nytimes.com	288623	2026-07-19
nzcity.co.nz	270557	2026-07-19
nzdoctor.co.nz	20237	2026-07-19
nzherald.co.nz	301440	2026-07-19
oakdaleleader.com	7366	2026-07-17
oakridger.com	9789	2023-09-11
oann.com	70394	2026-07-19
oanow.com	32782	2026-07-17
oaoa.com	38684	2025-05-15
obantimes.co.uk	12192	2024-01-25
oberonreview.com.au	47754	2026-07-19
obj.ca	10524	2026-07-19
obozrevatel.com	40531	2025-03-05
obrag.org	7409	2026-07-18
observer-reporter.com	21784	2026-07-18
observer.com	8666	2026-07-18
observer.ug	34201	2026-07-19
observertoday.com	25674	2026-07-19
oc-breeze.com	12900	2023-04-02
ocala.com	12103	2023-09-11
ocbj.com	5956	2026-07-18
oceanfm.ie	14857	2026-07-19
ocj.com	9815	2026-07-19
ocregister.com	75515	2026-07-19
odnako.org	25887	2026-07-19
odt.co.nz	59076	2026-07-19
odwyerpr.com	11350	2026-07-18
oedigital.com	18024	2026-07-17
offalyexpress.ie	62753	2026-05-12
offalyindependent.ie	39922	2026-07-19
officer.com	7125	2026-07-17
offshore-energy.biz	10861	2025-01-22
offshore-technology.com	10773	2026-07-17
ofm.co.za	18601	2026-07-19
og979.com	21908	2026-05-15
ohiostandard.com	41058	2026-07-19
ohsonline.com	5213	2026-07-17
oilandgas360.com	17219	2026-07-17
oilcity.news	6882	2025-04-03
oilprice.com	42702	2026-07-19
oilvoice.com	10120	2020-12-14
oireachtas.ie	10207	2026-07-19
ojaivalleynews.com	11004	2026-07-17
ok.co.uk	127294	2026-07-19
okaz.com.sa	8812	2026-07-19
okcfox.com	36416	2026-07-19
okgazette.com	5412	2026-07-17
oklahomacitysun.com	37207	2026-07-19
oklahoman.com	55294	2023-09-11
oklahomastar.com	21190	2026-07-19
okotoksonline.com	14553	2026-07-19
okotokstoday.ca	8948	2023-03-29
oldham-chronicle.co.uk	12764	2026-07-17
oleantimesherald.com	86274	2026-07-19
omaha.com	179511	2026-07-19
omakchronicle.com	14640	2026-07-18
omanobserver.om	36187	2026-07-19
ominecaexpress.com	26035	2026-07-19
on3.com	5021	2026-03-19
onclive.com	16070	2026-01-16
oncologynurseadvisor.com	6026	2026-07-17
onegreenplanet.org	32532	2026-07-17
oneidadispatch.com	35267	2026-07-19
oneindia.com	60606	2026-07-19
onenewsnow.com	10704	2021-08-10
onenewspage.com	286144	2026-06-09
onlineathens.com	9456	2023-09-11
onlinenigeria.com	70549	2025-03-25
onlineopinion.com.au	9225	2026-07-19
onthewater.com	5520	2026-07-17
onthewight.com	16233	2026-07-19
onwardstate.com	12553	2026-07-18
opalesque.com	5358	2026-07-17
opb.org	7713	2026-04-01
opednews.com	8576	2026-07-19
openpr.com	740024	2026-07-10
openthemagazine.com	9788	2026-07-19
opinionnigeria.com	31358	2026-07-19
opportunitiesforafricans.com	10943	2026-07-17
optics.org	8537	2026-03-25
orangeobserver.com	9356	2025-09-10
orangeville.com	6347	2026-07-19
orangevilletoday.ca	7174	2026-07-17
order-order.com	6865	2025-09-01
oregonlive.com	77250	2026-02-23
organiser.org	31948	2026-07-19
origin-businesstoday.intoday.in	40947	2021-06-25
originalfm.com	16807	2025-12-12
orissabarta.com	45115	2026-03-06
orissadiary.com	27326	2026-07-19
orissapost.com	134404	2026-07-19
orlandoecho.com	50112	2026-07-19
orlandosentinel.com	114868	2026-07-19
orlandoweekly.com	14651	2026-07-19
orlytaitzesq.com	27015	2026-07-19
orovillemr.com	14503	2026-07-19
oskaloosa.com	44941	2026-07-19
oskynews.org	6215	2026-07-14
oswegocountynewsnow.com	13101	2026-07-19
oswegocountytoday.com	12375	2026-07-19
ottawa.ctvnews.ca	29397	2025-01-23
ottawacitizen.com	53564	2026-07-19
ottawaherald.com	5736	2026-06-06
ottawasun.com	64513	2026-07-19
ottumwacourier.com	64344	2026-07-19
oudaily.com	6365	2026-07-17
ourmidland.com	73223	2025-12-18
ourtribune.com	5164	2022-10-28
out.com	7585	2026-07-18
outbreaknewstoday.com	7571	2024-04-16
outdoorlife.com	5118	2026-07-19
outdoornewsdaily.com	5453	2023-05-06
outerbanksvoice.com	8981	2026-07-19
outinperth.com	5500	2026-07-19
outlookindia.com	131149	2026-07-19
outsidelands.org	6547	2026-07-18
outsideonline.com	10697	2026-07-18
overdrive.in	5964	2026-07-17
overdriveonline.com	6211	2026-05-27
owensoundsuntimes.com	25933	2026-07-19
oxfordmail.co.uk	236447	2026-07-19
oyetimes.com	10758	2026-07-16
packers.com	7648	2026-07-17
packworld.com	8007	2025-12-28
padovanews.it	13420	2026-07-19
paducahsun.com	18804	2026-07-19
pagalguy.com	16435	2026-07-16
pagesix.com	49227	2026-07-19
pagosadailypost.com	7401	2026-07-17
pagosasun.com	13263	2026-07-19
paherald.sk.ca	14057	2026-07-19
pajhwok.com	26030	2026-07-19
pakistanpressfoundation.org	7286	2026-07-14
pakistantelegraph.com	97902	2026-07-19
pakistantoday.com.pk	29185	2026-07-19
pakobserver.net	81917	2026-07-19
palatinate.org.uk	8997	2026-07-19
palestinechronicle.com	8588	2025-08-01
palestineherald.com	10867	2026-07-18
palestinemonitor.org	38912	2026-05-15
palmbeachdailynews.com	7786	2023-09-11
palmbeachpost.com	26187	2023-09-11
palmcoastobserver.com	5119	2023-02-01
palmettobusinessdaily.com	6608	2024-01-26
paloaltoonline.com	18415	2026-07-19
pamplinmedia.com	24300	2022-12-14
panapress.com	23117	2026-05-10
panarmenian.net	24456	2026-07-18
pandct.com	10486	2026-02-15
panow.com	82641	2026-07-19
pantagraph.com	90249	2026-07-19
paperpk.com	13961	2026-07-17
parabolicarc.com	8426	2023-11-29
parade.com	9416	2025-09-12
paradisepost.com	11442	2026-07-19
parentherald.com	13163	2026-07-15
parents.com	7116	2026-03-17
parisguardian.com	65332	2026-07-19
parisstaronline.com	39086	2026-07-19
parkeschampionpost.com.au	20407	2026-07-19
parking-net.com	6510	2025-03-11
parking.net	10375	2026-07-17
parkrapidsenterprise.com	31380	2026-07-19
parkrecord.com	18050	2026-07-18
parliament.gov.to	20420	2026-06-29
parrysound.com	7320	2026-07-19
parsonssun.com	15488	2026-07-17
pasadenastarnews.com	45095	2026-07-19
pasoroblesdailynews.com	16814	2026-07-15
pastemagazine.com	11187	2026-07-19
patch.com	237077	2026-07-19
patentlyapple.com	6478	2024-07-30
patheos.com	32796	2026-06-18
patriotledger.com	9693	2023-09-11
patriotpost.us	36265	2026-07-17
patriots.com	6271	2026-07-19
pauldavisoncrime.com	8881	2026-07-16
paulickreport.com	26925	2026-02-06
paultan.org	33577	2026-07-18
paysonroundup.com	9967	2026-07-18
pbcommercial.com	7169	2026-04-07
pbn.com	8460	2026-04-18
pbs.org	26093	2026-07-19
pc-tablet.co.in	7418	2025-04-05
pcgamesn.com	29661	2026-07-19
pcmag.com	38436	2026-07-19
pctechmag.com	6490	2026-07-19
pcworld.co.nz	5685	2023-01-27
peacearchnews.com	35959	2026-07-19
peacefmonline.com	145649	2025-01-26
peakoil.com	17307	2026-07-19
peconicpublicbroadcasting.org	6972	2020-06-16
pedestrian.tv	30522	2026-07-19
peeblesshirenews.com	93242	2026-07-19
pehub.com	14891	2026-07-17
pembinavalleyonline.com	25144	2026-07-19
pembrokeobserver.com	38070	2026-07-19
pembroketoday.ca	11551	2026-07-19
penarthtimes.co.uk	115645	2026-07-19
penbaypilot.com	36869	2026-07-19
pendletoday.co.uk	5505	2021-12-13
peninsuladailynews.com	11191	2026-07-18
pennlive.com	108037	2026-03-08
pennrecord.com	13340	2025-05-21
pensacolasjet.com	6213	2026-07-19
pentictonherald.ca	84758	2026-07-19
people.com	58098	2026-02-05
peoplesdailyng.com	33481	2026-04-09
peoplesreview.com.np	6066	2026-07-19
peoplesworld.org	18043	2026-07-17
peoriapublicradio.org	14883	2021-05-05
perezhilton.com	33990	2026-07-12
performancedrive.com.au	13678	2025-07-21
perhamfocus.com	24877	2026-07-19
perishablenews.com	21436	2026-07-17
perrynewspapers.com	5196	2026-07-17
personneltoday.com	8960	2026-07-17
perthnow.com.au	77169	2026-07-19
petapixel.com	12398	2026-07-19
peterboroughtoday.co.uk	19466	2025-01-23
petoskeynews.com	13149	2023-09-11
pghcitypaper.com	9642	2026-04-25
phandroid.com	17343	2026-07-18
pharmaceuticalonline.com	9635	2026-07-19
pharmacytimes.com	12321	2026-03-25
pharmatimes.com	5501	2026-07-16
pharmiweb.com	39419	2026-06-01
pharostribune.com	19880	2026-07-19
philamirror.info	7659	2026-05-24
philenews.com	18463	2026-07-19
philippinetimes.com	89102	2026-07-19
phillymag.com	6390	2026-07-16
phillytrib.com	40385	2026-07-19
phillyvoice.com	34956	2026-07-19
philstar.com	167444	2026-07-19
phinphanatic.com	5928	2026-07-19
phnompenhpost.com	44520	2026-07-19
phoenixfm.com	6456	2026-07-19
phoenixherald.com	108398	2026-07-19
phoenixnewtimes.com	7792	2026-07-18
phoenixvillenews.com	8403	2021-09-28
phonearena.com	41624	2025-08-21
phoronix.com	9794	2026-07-15
photonics.com	8114	2026-01-03
photonicsonline.com	5414	2026-07-16
phys.org	148868	2026-01-29
physiciansweekly.com	7449	2026-01-06
pikefm.com	9840	2026-07-19
pilotonline.com	69638	2026-07-19
pina.com.fj	20609	2026-07-19
pinchercreekecho.com	8817	2026-07-19
pineandlakes.com	34064	2026-07-19
pineisland-eagle.com	7277	2026-07-18
pinkbike.com	9096	2024-08-26
pinknews.co.uk	20157	2022-11-29
pinkun.com	5191	2025-12-06
pinkvilla.com	220771	2026-07-19
pinstripealley.com	19166	2026-07-19
pionline.com	18259	2026-06-18
piquenewsmagazine.com	60540	2025-09-05
pireport.org	10963	2026-07-17
pistonheads.com	5587	2026-07-19
pitchfork.com	17477	2026-07-19
pittsburghmagazine.com	6048	2026-07-17
pittsburghstar.com	113372	2026-07-19
piworld.com	7959	2026-07-17
pix11.com	19492	2025-06-12
pizzamarketplace.com	5437	2026-07-17
pjmedia.com	47868	2026-07-19
pjstar.com	10980	2023-09-11
placenorthwest.co.uk	17006	2026-06-04
plaintalk.net	5613	2026-07-19
planetf1.com	46297	2026-07-19
planetizen.com	14972	2025-07-30
planetprinceton.com	10569	2026-07-19
plansponsor.com	6354	2026-07-17
plasticsnews.com	9513	2026-04-29
playbill.com	24251	2026-07-19
playstationlifestyle.net	16040	2026-07-18
pleasantonweekly.com	12339	2026-07-18
plenglish.com	61980	2026-07-07
plos.org	5942	2026-07-17
pluggedin.com	5428	2026-07-18
plymouthherald.co.uk	103535	2026-07-19
pmlive.com	10000	2026-07-16
pmnewsnigeria.com	53551	2026-07-19
pna.gov.ph	7058	2026-03-08
pnj.com	13200	2023-09-11
poandpo.com	22819	2025-05-09
pocket-lint.com	26353	2026-07-19
pocketgamer.com	7477	2026-07-19
pocketnow.com	11447	2025-09-04
poconorecord.com	7358	2023-09-11
pokernews.com	33611	2026-07-19
polandsun.com	5706	2023-12-21
police1.com	7484	2026-07-19
polishforums.com	9723	2026-07-17
politicaldog101.com	30474	2026-07-19
politicalwire.com	55924	2026-07-19
politico.com	67856	2025-11-05
politico.eu	41262	2026-07-19
politics.co.uk	8808	2026-07-18
politicsweb.co.za	10379	2026-07-19
politicususa.com	7324	2026-02-28
politifact.com	12760	2026-07-17
polity.org.za	34059	2025-01-23
polkio.com	18595	2026-07-19
polygon.com	35749	2026-07-19
poncacitynews.com	9823	2026-07-16
pontefractandcastlefordexpress.co.uk	5456	2021-12-14
popcrush.com	18145	2026-07-17
popmatters.com	6121	2025-10-29
popsci.com	12524	2026-07-19
popsugar.com	65031	2026-07-17
popsugar.com.au	14474	2025-05-08
popularmechanics.com	14846	2026-07-18
portageonline.com	26905	2026-07-19
portcitydaily.com	15650	2026-07-17
portclintonnewsherald.com	6288	2023-09-11
portfolio-adviser.com	7165	2026-07-16
portlandmercury.com	11972	2026-07-17
portlandtribune.com	8555	2026-07-18
portnews.com.au	63364	2026-07-19
portsmouth-dailytimes.com	7618	2026-07-17
portsmouth.co.uk	25284	2025-01-23
portstephensexaminer.com.au	56957	2026-07-19
positivelyfilipino.com	6088	2026-07-15
post-journal.com	24350	2026-07-19
postandcourier.com	121841	2026-07-19
postbulletin.com	62444	2026-07-19
postcourier.com.pg	42724	2026-07-19
postcrescent.com	12995	2023-09-11
postindependent.com	14233	2026-07-18
postnewsgroup.com	6482	2026-07-19
postonline.co.uk	9025	2026-07-17
postregister.com	68196	2026-07-19
poststar.com	66196	2026-07-19
potchefstroomherald.co.za	10484	2023-10-04
potomaclocal.com	14218	2026-07-17
pottsmerc.com	50070	2026-07-19
poughkeepsiejournal.com	7141	2023-09-11
poundingtherock.com	8845	2026-07-19
powderbulksolids.com	7580	2026-07-17
powelltribune.com	18366	2026-07-19
power-technology.com	11568	2026-07-17
power103.com	8250	2026-07-19
power1057.com	7462	2026-07-19
power1069fm.com	22333	2026-07-17
power923.com	6317	2026-07-19
power959.com	19706	2026-07-18
power965.com	6877	2025-01-27
power96radio.com	50654	2026-07-19
power98fm.com	23479	2026-07-19
powerboise.com	5239	2026-07-01
powerlineblog.com	11521	2026-07-02
powermag.com	6106	2026-07-16
powerorlando.com	7736	2026-07-19
powerpage.org	7064	2026-01-18
poynter.org	5451	2026-07-17
pqbnews.com	31690	2026-07-19
pr-inside.com	177384	2026-07-19
pr.com	16720	2026-07-19
pragativadi.com	53054	2026-07-19
prairiepublic.org	42216	2026-07-19
praise933.com	5194	2024-04-28
prajasakti.com	11555	2026-06-26
pratttribune.com	5184	2023-09-12
predominantlyorange.com	7702	2026-07-19
premierchristianradio.com	11066	2023-06-07
premiumbeautynews.com	5965	2026-07-19
premiumtimesng.com	109320	2026-07-19
prescottenews.com	9107	2026-07-19
press-citizen.com	9004	2023-09-11
pressandguide.com	17310	2025-11-04
pressandjournal.co.uk	196721	2025-05-27
pressconnects.com	6069	2023-09-11
pressdemocrat.com	30738	2026-07-19
pressenterpriseonline.com	87096	2026-01-28
pressenza.com	12301	2026-07-19
pressgazette.co.uk	7228	2026-07-17
pressherald.com	131874	2026-07-19
pressofatlanticcity.com	82794	2026-07-19
pressparty.com	8869	2026-01-02
presspublications.com	6448	2026-07-16
presspubs.com	7637	2026-07-18
pressreleasepoint.com	60637	2026-07-15
pressrepublican.com	19960	2026-07-18
presstelegram.com	45747	2026-07-19
presstv.com	18559	2021-06-22
presstv.ir	65404	2026-07-19
prestigeonline.com	8881	2026-07-17
prestwichandwhitefieldguide.co.uk	18621	2023-03-07
prevention.com	11541	2026-07-19
prima.co.uk	8602	2026-07-19
primepublishers.com	5180	2026-07-17
princegeorgecitizen.com	137171	2025-09-05
princeton.edu	9086	2026-07-15
princetonol.com	11256	2026-07-19
printingnews.com	8737	2022-11-18
printweek.com	9505	2026-05-29
printweek.in	8702	2026-07-17
prleap.com	9500	2026-07-18
prnewswire.co.uk	14817	2026-07-17
prnewswire.com	1293016	2026-07-19
proactiveinvestors.co.uk	60422	2026-07-19
proactiveinvestors.com	62943	2026-07-18
proactiveinvestors.com.au	33739	2026-07-18
probuilder.com	7441	2026-07-17
producer.com	14827	2025-05-22
professionaladviser.com	13535	2026-07-17
professionalpensions.com	10822	2026-07-17
progress-index.com	6209	2023-09-11
progressive-charlestown.com	20024	2026-07-19
progressivegrocer.com	7553	2025-09-09
progressiverailroading.com	10429	2026-07-17
projectnoah.org	19433	2026-07-19
prokerala.com	623959	2026-07-19
prolificnorth.co.uk	21465	2026-07-19
promptnewsonline.com	37934	2026-07-19
propakistani.pk	82807	2026-07-19
propertyweek.com	27303	2026-07-17
propublica.org	5398	2026-07-18
prospectmagazine.co.uk	8114	2026-07-19
providencejournal.com	22218	2023-09-11
prowrestling.net	18016	2026-07-19
prpeak.com	86658	2025-09-05
prrecordgazette.com	12645	2026-07-19
prunderground.com	11925	2026-07-19
prweb.com	172502	2026-07-18
prweek.com	13527	2026-07-02
psu.com	7048	2025-06-06
psu.edu	24924	2026-07-18
psychcentral.com	5022	2024-10-01
psychiatryadvisor.com	8576	2026-07-17
psychologytoday.com	23395	2026-07-07
ptinews.com	297015	2024-03-31
ptleader.com	7168	2026-07-19
publicnewsservice.org	19341	2025-08-20
publicnow.com	17005	2022-09-16
publicradioeast.org	52686	2026-07-19
publicradiotulsa.org	55084	2026-07-19
publishersweekly.com	20634	2026-07-18
pullmanradio.com	13253	2026-07-17
pulse.com.gh	49036	2026-03-19
pulse.ng	86874	2026-03-18
punchjump.com	11210	2026-07-18
punchng.com	287079	2026-07-19
punknews.org	9108	2026-07-19
punto.com.ph	8623	2026-07-19
purdueexponent.org	36550	2026-07-18
purerock96.com	9232	2026-07-19
purplerow.com	5833	2026-07-19
pushsquare.com	29046	2026-07-19
pv-magazine.com	18465	2026-06-04
pv-tech.org	13359	2026-07-17
pvvt.com	5660	2026-07-15
pwcs.edu	10390	2022-08-01
pymnts.com	22698	2026-07-19
q102.ie	16870	2026-07-17
q105.fm	6473	2026-07-19
q1057.com	9618	2026-07-16
q1061.com	8110	2026-07-19
q1065.fm	23599	2026-07-19
q106dot5.com	21443	2026-07-19
q106fm.com	8208	2026-07-16
q107.com	20413	2026-07-19
q1077.com	24652	2026-07-18
q107fm.ca	6514	2020-06-10
q108.com	7820	2026-07-17
q13fox.com	32112	2023-04-18
q93fm.com	14572	2026-07-19
q957.com	18815	2025-10-31
q95fm.net	8599	2026-07-14
q961.com	23516	2026-07-19
q985online.com	37235	2026-07-19
q98fm.com	6820	2026-07-19
qatar-tribune.com	32775	2026-07-19
qatarliving.com	8113	2026-07-19
qchron.com	12935	2026-07-17
qconline.com	70006	2026-07-19
qctimes.com	96041	2026-07-19
qns.com	11810	2026-07-19
qsrmagazine.com	6347	2026-02-19
qsrweb.com	6927	2026-07-17
qt.com.au	56636	2021-06-23
quadcitiesdaily.com	21617	2026-01-02
queanbeyanage.com.au	67509	2026-07-19
queensjournal.ca	5164	2026-06-30
queenslandcountrylife.com.au	49543	2026-07-19
queerty.com	6637	2026-06-22
quesnelobserver.com	29134	2026-07-19
quickcountry.com	47573	2026-07-19
quicknews-africa.net	36212	2026-07-18
quickworldnews.com	19319	2021-10-16
quintenews.com	27055	2026-07-18
qvc.com	59059	2026-07-08
qxmagazine.com	26555	2026-07-19
qz.com	34087	2026-04-13
racer.com	13748	2026-01-08
radaronline.com	32368	2026-07-19
radio.com	43725	2025-12-15
radio.gov.pk	56984	2026-07-19
radiocayman.gov.ky	8064	2026-07-18
radioinfo.com.au	6174	2025-01-22
radioink.com	14717	2026-07-18
radiojamaicanewsonline.com	29652	2026-06-24
radiokerry.ie	24311	2026-07-19
radiokorea.com	28814	2026-06-20
radiotamazuj.org	12809	2026-07-19
radiotimes.com	39686	2026-07-19
radiotoday.co.uk	5689	2026-07-19
radiotoday.com.au	8181	2025-06-14
radiousa.com	8214	2026-07-17
radiox.co.uk	6722	2026-07-17
radyonatin.com	11629	2025-10-03
rafu.com	5290	2026-07-19
ragtrader.com.au	7552	2026-07-17
railpage.com.au	73388	2023-10-15
railway-technology.com	5669	2026-07-03
railwayage.com	8580	2026-01-31
railwaygazette.com	10715	2026-07-19
rap-up.com	9390	2026-02-07
rapidcityjournal.com	58624	2026-07-19
rapidtvnews.com	6195	2026-02-17
rappler.com	82998	2026-07-19
rappnews.com	9492	2026-07-19
rapsinews.com	6019	2025-12-09
rasmussenreports.com	7670	2026-07-17
ravallirepublic.com	53684	2026-07-19
rawstory.com	61704	2026-07-19
rbj.net	12065	2026-06-04
rbth.com	6300	2026-07-19
rcps.info	37674	2026-06-15
rcreader.com	7812	2026-07-19
rcrwireless.com	8347	2026-07-17
reachfm.ca	13597	2026-01-01
readingchronicle.co.uk	136091	2026-07-19
readingeagle.com	57125	2026-07-19
readmedia.com	31951	2026-07-18
readwrite.com	6433	2024-10-10
realclearpolitics.com	31789	2026-05-17
realestate.com.au	13852	2026-07-19
realestatebusiness.com.au	8772	2026-07-18
realgeni.com	32458	2025-04-16
realitytea.com	41001	2026-07-19
realitytvworld.com	35612	2026-07-17
realradio804.com	6330	2026-07-17
realscreen.com	6878	2026-06-24
reason.com	15278	2026-07-19
rechargenews.com	10296	2026-07-02
record-bee.com	10396	2026-07-19
record-eagle.com	80059	2026-07-19
recordcourier.com	10467	2025-09-04
recorder.ca	47431	2026-07-19
recorder.com	34533	2026-07-19
recordernews.com	6816	2023-10-26
recorderonline.com	51681	2026-07-18
recordnet.com	9191	2023-09-11
recordonline.com	10835	2023-09-11
redandblack.com	9906	2026-07-16
redbluffdailynews.com	12454	2026-07-19
reddeeradvocate.com	21292	2026-07-19
redding.com	5466	2023-09-11
redditchadvertiser.co.uk	108882	2026-07-19
redditchstandard.co.uk	14651	2026-07-19
redeyeradioshow.com	14669	2026-06-29
redfm.ie	11607	2026-07-19
rediff.com	82182	2026-07-19
redlandcitybulletin.com.au	63347	2026-07-19
redlandsdailyfacts.com	43465	2026-07-19
redriverradio.org	56326	2026-07-19
redstate.com	74238	2026-07-19
redwatch.org.au	11735	2026-07-19
reflector.com	100268	2026-07-19
reformer.com	46943	2026-07-19
regina.ctvnews.ca	15942	2025-04-08
register-herald.com	61041	2026-07-19
registercitizen.com	111574	2026-04-21
registerguard.com	9843	2023-09-10
registerherald.com	6606	2025-09-17
rejournals.com	8752	2025-07-14
rekordeast.co.za	10868	2021-02-24
relevantmagazine.com	8365	2026-07-18
relevantradio.com	9361	2026-06-04
reliefweb.int	163718	2026-03-28
religionnews.com	16623	2026-07-17
relish.com	7144	2026-07-19
relix.com	6313	2026-07-19
renalandurologynews.com	7964	2026-07-17
renewableenergymagazine.com	10119	2026-07-17
renews.biz	22747	2025-01-23
renfrewtoday.ca	11606	2026-07-17
rep-am.com	52992	2025-02-04
repeatingislands.com	6974	2026-07-18
reporter.net	18214	2026-07-19
reporterherald.com	37439	2026-07-19
reporternews.com	9509	2023-09-11
republic-online.com	26030	2026-07-02
republicaneagle.com	5606	2026-07-18
republicanherald.com	45176	2026-07-19
republicofmining.com	6903	2026-06-18
republicworld.com	41980	2026-03-17
republikein.com.na	6266	2026-07-19
rescue.org	5788	2026-07-10
reseller.co.nz	14485	2026-07-17
resilience.org	5349	2026-07-17
respect-mag.com	5645	2026-06-11
restaurantmagazine.com	13617	2026-07-18
restaurantnews.com	13526	2026-07-18
restaurantnewsrelease.com	13273	2026-07-18
restaurantonline.co.uk	5907	2026-07-17
restonnow.com	6591	2024-05-17
retaildetail.eu	7082	2026-07-17
retaildive.com	12362	2026-07-19
retailtimes.co.uk	18109	2026-07-19
reuters.com	928660	2026-06-28
revengeofthebirds.com	6910	2026-07-19
reverb.com	6060	2022-05-04
reviewjournal.com	38385	2026-07-19
reviewonline.com	18302	2026-07-18
reviewtimes.com	6175	2020-06-10
revolutionradio.org	7537	2025-09-24
revolvermag.com	6193	2025-01-22
rewind943.com	9695	2026-07-17
rexburgstandardjournal.com	7205	2026-07-18
rfa.org	13497	2026-07-17
rfdtv.com	25083	2026-07-18
rferl.org	45784	2026-07-19
rfglobalnet.com	5370	2026-07-17
rfi.fr	62522	2026-07-13
rgj.com	9002	2023-09-11
rheaheraldnews.com	8579	2026-07-18
rheinpfalz.de	6895	2020-11-26
rhyljournal.co.uk	112780	2026-07-19
ricentral.com	6525	2026-07-18
richlandsource.com	28762	2026-07-19
richmond-news.com	74966	2025-09-05
richmond.com	91177	2026-07-18
richmondandtwickenhamtimes.co.uk	111199	2026-07-19
richmondbizsense.com	7286	2026-07-17
richmondfreepress.com	7220	2026-02-12
richmondregister.com	27454	2026-07-19
ricochet.com	33598	2025-06-14
ridgecrestca.com	9062	2026-07-15
riggosrag.com	6652	2026-07-19
rightspeak.net	12224	2026-07-19
rigzone.com	30635	2026-07-19
ringsidereport.com	6056	2026-07-16
riotimesonline.com	40790	2026-07-19
riponadvance.com	8354	2026-07-17
riponpress.com	7667	2026-07-19
ripplesnigeria.com	10801	2026-02-09
risingapple.com	5692	2026-07-19
risingbd.com	7134	2023-02-02
risingkashmir.com	6154	2025-07-25
risk.net	7829	2026-07-17
rismedia.com	14782	2026-07-17
rivals.com	5169	2025-06-14
river1037.com	15283	2026-07-18
river967.com	22204	2026-07-17
riverbender.com	7579	2025-01-23
riverfronttimes.com	8051	2025-08-16
rivergrandrapids.com	31460	2026-07-19
rivernewsonline.com	15032	2026-07-17
riviera-maya-news.com	11574	2026-07-19
rnanews.com	6518	2026-07-18
rnz.co.nz	157348	2026-07-19
road.cc	10159	2026-07-19
roadandtrack.com	12129	2026-07-19
roadsafety.co.za	10501	2026-07-19
roanoke.com	77173	2026-07-17
roarmag.org	19845	2026-07-19
robbreport.com	16375	2026-07-19
robesonian.com	5711	2026-07-19
roboticstomorrow.com	7551	2026-07-19
rochdaleonline.co.uk	11368	2025-11-25
rochestercitynewspaper.com	5405	2023-03-06
rock101.com	10982	2026-07-06
rock1015.com	6013	2026-07-17
rock107.com	10019	2026-07-18
rock937online.com	24042	2025-03-27
rock947.com	9740	2022-11-22
rock967online.com	21093	2026-07-19
rockdalenewtoncitizen.com	71462	2026-07-18
rockpapershotgun.com	19908	2026-07-19
rockymounttelegram.com	61420	2026-07-19
rockytopinsider.com	7824	2026-07-19
rogerebert.com	23518	2026-01-29
rollcall.com	11422	2026-07-17
rollingout.com	36521	2025-12-23
rollingstone.com	54343	2026-07-19
rollingstoneindia.com	6252	2026-07-17
romania-insider.com	15690	2026-07-17
romaniapress.com	66474	2026-07-18
romesentinel.com	13586	2026-07-19
romfordrecorder.co.uk	49287	2026-07-19
romseyadvertiser.co.uk	52579	2024-10-26
roscommonherald.ie	51699	2026-07-19
ross-shirejournal.co.uk	52042	2026-07-19
rosslandtelegraph.com	5776	2026-07-15
rotherhamadvertiser.co.uk	7306	2025-01-23
rotowire.com	11806	2026-07-19
roundupweb.com	5382	2026-07-14
routesonline.com	12924	2026-07-17
royalcentral.co.uk	13720	2026-07-19
royalgazette.com	54181	2026-07-19
royalsreview.com	7939	2026-07-19
royston-crow.co.uk	30096	2026-07-19
rozanaspokesman.com	13220	2026-07-19
rrdailyherald.com	23729	2026-07-19
rri.ro	9800	2026-07-19
rrobserver.com	6397	2026-07-19
rrr.org.au	25064	2026-07-19
rrstar.com	9459	2023-09-11
rsn.net.au	11034	2026-07-19
rstreet.org	8311	2026-07-17
rt.com	14367	2026-07-18
rte.ie	178054	2026-07-19
rthk.hk	11697	2026-07-16
rtoinsider.com	5734	2026-07-19
rtrfm.com.au	6043	2026-07-14
rttnews.com	127602	2026-07-19
rubbernews.com	9503	2026-06-18
runcornandwidnesworld.co.uk	90228	2026-07-19
runnersworld.com	10068	2026-07-19
runningmagazine.ca	6312	2026-07-19
runwaygirlnetwork.com	5635	2026-03-31
rushlane.com	8611	2026-07-19
russiaherald.com	130525	2026-07-19
russianmachineneverbreaks.com	7382	2026-07-19
russianradio7.com	8075	2025-01-20
rustourismnews.com	5707	2026-07-17
ruthfullyyours.com	25530	2026-07-11
rutland-times.co.uk	10982	2026-07-19
rutlandherald.com	40552	2026-07-19
rvasia.org	8171	2026-07-19
ryeandbattleobserver.co.uk	5120	2022-02-09
sabcnews.com	8897	2026-03-19
sacobserver.com	7011	2026-05-28
sacurrent.com	16659	2026-07-19
safc.com	10896	2024-07-16
saharareporters.com	99226	2026-07-19
sahilonline.org	11725	2026-07-19
sail-world.com	21322	2026-07-19
sailingscuttlebutt.com	8762	2026-07-12
saipantribune.com	7237	2025-05-29
sakshi.com	36429	2025-06-05
sakshipost.com	32267	2026-07-19
salemnews.com	29405	2026-07-19
salemnews.net	17045	2026-07-18
salina.com	9487	2023-09-10
salinapost.com	30402	2026-07-19
salisburyjournal.co.uk	120025	2026-07-19
salon.com	32625	2026-07-19
saltlakecitysun.com	145450	2026-07-19
saltwire.com	81095	2026-07-19
samaa.tv	59313	2026-07-19
sammobile.com	26020	2026-07-18
samoanews.com	5672	2026-07-18
samoaobserver.ws	8897	2026-07-19
sana.sy	27286	2026-07-19
sanangelolive.com	27747	2026-07-19
sanantoniopost.com	61423	2026-07-19
sandiegoreader.com	13139	2025-08-22
sandiegosun.com	177152	2026-07-19
sandiegouniontribune.com	211720	2026-07-19
sanews.gov.za	13879	2026-07-19
sanfordherald.com	51883	2026-07-19
sanilacbroadcasting.com	5339	2025-01-09
sanjuanjournal.com	5642	2026-07-18
sanmarcosrecord.com	10916	2026-07-18
santabanta.com	7209	2026-07-18
santacruzsentinel.com	21364	2026-07-19
santafenewmexican.com	62326	2026-07-19
santamariasun.com	5305	2026-07-18
santamariatimes.com	92106	2026-07-19
saobserver.net	44397	2026-07-19
saps.gov.za	37740	2025-11-19
sarajevotimes.com	5933	2026-03-02
saratogian.com	38052	2026-07-19
sarniathisweek.com	35616	2026-01-20
saskatoon.ctvnews.ca	14577	2025-01-22
satellitetoday.com	7165	2026-07-15
satnews.com	14372	2026-07-19
saudigazette.com.sa	54271	2026-03-18
saukvalley.com	7863	2020-12-17
saultstar.com	57644	2026-07-19
saultthisweek.com	48731	2026-06-22
savannahnow.com	16081	2023-09-11
savejersey.com	6037	2026-07-19
savingadvice.com	5860	2026-07-19
sb.by	18462	2026-07-17
sbcnews.co.uk	7219	2024-12-05
sbnation.com	46704	2026-07-19
sbr.com.sg	19299	2026-07-19
sbs.com.au	83432	2026-07-19
sbsun.com	44027	2026-07-19
sbwire.com	16543	2022-01-13
scallywagandvagabond.com	8960	2026-07-19
scdailypress.com	7072	2023-01-30
schoolsweek.co.uk	7252	2026-07-03
schroders.com	5010	2024-02-09
science.org	5028	2024-04-24
science20.com	6756	2026-07-19
sciencealert.com	18507	2026-07-19
scienceblog.com	14753	2026-07-19
scienceblogs.com	14514	2026-07-19
sciencebusiness.net	9408	2026-02-09
sciencedaily.com	32155	2026-06-21
sciencemag.org	12882	2021-10-07
sciencenews.org	5407	2026-07-18
scientificamerican.com	14042	2026-07-19
scmagazine.com	10578	2024-09-25
scmp.com	156475	2026-07-19
scnow.com	44761	2026-07-19
sconeadvocate.com.au	69323	2026-07-19
scoop.co.nz	277680	2026-07-19
scotsman.com	80113	2025-01-23
scottishconstructionnow.com	6678	2026-07-17
scottishhousingnews.com	6767	2026-07-17
scottishlegal.com	6046	2026-07-17
scpr.org	7524	2024-02-29
screencrush.com	10150	2026-07-17
screendaily.com	27103	2025-09-05
screenrant.com	202944	2026-07-19
scrippsnews.com	14231	2026-03-19
scroll.in	55221	2026-07-19
sctimes.com	6903	2023-09-10
scvnews.com	21312	2026-07-19
sdcexec.com	8119	2025-12-28
sdjewishworld.com	6324	2026-07-19
sdpb.org	14461	2026-07-18
se933.com	20429	2026-07-19
seacoastonline.com	17956	2024-10-24
seafoodsource.com	6470	2025-01-23
seaforthhuronexpositor.com	22250	2026-07-19
seahawks.com	6195	2026-07-17
searchenginejournal.com	6314	2026-07-19
searchlight.vc	22851	2026-07-18
seasideradio.co.uk	13521	2026-07-17
seatrade-maritime.com	9491	2025-01-09
seattlepi.com	165051	2025-11-18
seattletimes.com	70978	2026-07-15
securityinfowatch.com	9537	2026-07-17
sedaliademocrat.com	11833	2026-07-19
seekingalpha.com	140474	2026-07-19
seenews.com	23417	2025-11-19
segmentnext.com	12742	2025-07-30
seguingazette.com	7073	2026-07-18
seguintoday.com	5087	2026-07-17
sej.org	14736	2026-07-17
selectscience.net	14472	2026-07-18
semissourian.com	15250	2026-07-19
sen.com.au	17190	2024-11-11
senate.gov.ph	10256	2025-08-20
seneweb.com	81744	2026-04-30
sent-trib.com	33170	2025-09-17
sentinel-standard.com	6658	2023-09-09
sentinelandenterprise.com	19799	2026-07-19
sentinelassam.com	79677	2026-07-19
sentinelsource.com	22605	2025-02-13
sequimgazette.com	6074	2026-07-19
serbian.cri.cn	10169	2026-07-19
setexasrecord.com	13902	2025-05-21
sevendaysvt.com	19683	2026-07-19
seventeen.com	10859	2026-07-09
seychellesnewsagency.com	7022	2026-02-17
sfchronicle.com	86527	2025-11-18
sfexaminer.com	15287	2026-07-19
sfgate.com	557090	2026-07-08
sfist.com	15931	2026-07-19
sflcn.com	6330	2026-06-04
sfstation.com	9358	2026-07-19
sgvtribune.com	46369	2026-07-19
shabait.com	5217	2026-07-19
shacknews.com	29925	2026-07-19
shafaqna.com	38648	2026-07-19
shanghaiist.com	6071	2026-07-11
shanghainews.net	86256	2026-07-19
shanghaisun.com	152979	2026-07-19
shankennewsdaily.com	7155	2026-07-17
shannonside.ie	28348	2026-07-19
sharecast.com	18144	2026-03-26
sharechat.co.nz	5620	2026-07-17
sharenet.co.za	17268	2026-07-17
shark1053.com	22278	2026-07-19
sharonherald.com	24237	2026-07-19
sheboyganpress.com	9278	2023-09-11
shekicks.net	6371	2026-07-19
sheknows.com	27915	2026-07-19
shelbystar.com	6592	2023-09-11
sheltonherald.com	53654	2025-11-18
shephardmedia.com	8440	2026-07-17
sheppnews.com.au	6976	2025-10-15
sherbrookerecord.com	5110	2026-07-18
sheridanmedia.com	22022	2026-07-19
sherwoodparknews.com	16415	2026-07-19
shetlandtimes.co.uk	8001	2026-07-19
shetnews.co.uk	16126	2026-07-19
shieldsgazette.com	12833	2025-01-23
shine.cn	8014	2025-06-14
ship-technology.com	5381	2026-07-16
shipandbunker.com	16972	2026-07-19
shipnc.com	8451	2026-07-17
shippingtribune.com	5829	2026-07-17
shippingwatch.com	7709	2026-06-26
shockya.com	5666	2026-07-19
shorehamherald.co.uk	6130	2022-02-09
shorelinebeacon.com	22967	2026-07-19
shorelinemedia.net	23115	2026-07-18
shorenewsnetwork.com	18724	2026-03-12
shortlist.com	6571	2026-07-17
showbiz411.com	5947	2026-07-19
shreveporttimes.com	9564	2023-09-11
shropshirelive.com	11448	2026-07-19
shropshirestar.com	67852	2026-03-26
si.com	252113	2026-07-19
siasat.com	160754	2026-07-19
sidneydailynews.com	17900	2025-09-17
sidneyherald.com	11588	2026-07-19
sierraleonetimes.com	68871	2026-07-19
sierrawave.net	6116	2026-07-19
sify.com	66025	2026-07-19
signalscv.com	21671	2026-07-19
siliconangle.com	18360	2026-07-19
siliconera.com	19360	2026-07-19
siliconindia.com	22445	2026-07-18
siliconrepublic.com	19713	2026-07-17
siliconvalley.com	14494	2026-07-19
silive.com	59235	2026-02-23
silverandblackpride.com	15250	2026-07-19
silverbirdtv.com	8319	2026-07-19
simcoe.com	13534	2026-07-19
simcoereformer.ca	49106	2026-07-19
simpleflying.com	8159	2026-07-10
sina.com	68991	2025-01-09
sina.com.hk	29643	2026-07-19
singaporestar.com	75006	2026-07-19
singersroom.com	16549	2026-07-19
singletonargus.com.au	73567	2026-07-19
siouxcityjournal.com	261264	2026-07-19
siouxlandnews.com	7986	2026-07-19
sis.gov.eg	9722	2025-11-14
siskiyoudaily.com	5408	2023-09-11
sitkasentinel.com	32279	2026-07-19
sj-r.com	11627	2023-09-11
skift.com	17737	2026-07-18
sknvibes.com	12811	2026-07-18
skopjediem.com	6433	2026-07-17
sky.com	87564	2026-07-07
skymetweather.com	6159	2026-07-05
skynews.com.au	72730	2026-07-19
slamonline.com	5481	2025-09-10
slashdot.org	5538	2024-09-09
slashfilm.com	41879	2026-07-19
slashgear.com	55554	2026-07-19
slate.com	41865	2026-07-19
sleepreviewmag.com	5168	2026-07-19
slguardian.org	23230	2026-07-19
slippedisc.com	6898	2026-07-19
slotocash.im	6832	2023-11-30
sloughobserver.co.uk	111903	2026-07-19
sloveniatimes.com	12811	2025-11-18
sltrib.com	30162	2026-07-19
slugmag.com	5212	2026-07-19
smallbiztrends.com	12817	2026-07-19
smallwarsjournal.com	6274	2026-06-04
smartcanucks.ca	13420	2026-07-19
smartcompany.com.au	9877	2026-07-17
smartpropertyinvestment.com.au	6130	2026-07-18
smdailyjournal.com	136717	2026-07-19
smdp.com	12227	2026-07-18
smenet.org	5040	2026-07-14
smetimes.in	13943	2026-07-17
smh.com.au	265613	2026-07-19
smithsonianmag.com	5376	2026-07-17
smn-news.com	15613	2026-07-19
smnewsnet.com	11006	2026-03-23
smokymountainnews.com	9048	2026-07-15
snl24.com	37194	2026-07-02
snntv.com	12417	2024-07-01
snopes.com	13727	2026-03-19
so-co-it.com	5992	2026-07-02
soapoperadigest.com	6054	2026-07-17
socaltech.com	5712	2025-12-24
socialistparty.org.uk	5103	2025-01-22
socialmediatoday.com	12644	2026-07-19
sofiaglobe.com	9473	2026-07-17
sofrep.com	14334	2026-04-18
softpedia.com	5650	2024-12-01
softrock941.com	5118	2023-02-13
soglos.com	5875	2026-07-19
sojo1049.com	41535	2026-07-19
solomonstarnews.com	9202	2026-04-30
somdnews.com	20732	2026-07-19
somerset-kentucky.com	30674	2026-07-18
somersetcountygazette.co.uk	188278	2026-07-19
somersetlive.co.uk	94344	2026-07-19
sooeveningnews.com	5730	2023-09-09
sookenewsmirror.com	38159	2026-07-19
soompi.com	33322	2026-07-19
sott.net	72402	2026-07-19
sounderatheart.com	7396	2026-07-19
soundonsound.com	25481	2026-07-19
southbendtribune.com	14724	2023-09-11
southcarolinapublicradio.org	75844	2026-07-19
southcoastregister.com.au	50688	2026-07-19
southcoasttoday.com	12183	2025-05-13
southdadenewsleader.com	8763	2026-07-18
southeastagnet.com	6193	2026-07-18
southeastasiapost.com	98731	2026-07-19
southeastradio.ie	8347	2026-07-19
southeastsun.com	5753	2025-01-17
southernhighlandnews.com.au	62446	2026-07-19
southernliving.com	11781	2026-03-17
southernminn.com	90703	2026-07-19
southernstandard.com	5879	2025-07-19
southernstar.ie	12753	2026-07-19
southgatearc.org	6902	2022-10-08
southpeacenews.com	8292	2026-07-19
southtahoenow.com	54132	2026-07-19
southwalesargus.co.uk	190803	2026-07-19
southwalesguardian.co.uk	93850	2026-07-19
southwhidbeyrecord.com	5942	2026-07-19
sowetan.co.za	5379	2026-07-19
sowetanlive.co.za	56173	2025-10-16
soyacincau.com	15752	2026-07-19
space.com	23459	2026-07-19
spacecoastdaily.com	11980	2026-07-19
spacedaily.com	20605	2026-07-19
spacewar.com	31550	2026-07-15
spaldingtoday.co.uk	8426	2023-12-04
spanishvida.com	5258	2026-07-18
spartaindependent.com	5364	2026-07-17
spectator.co.uk	41838	2025-12-16
spectator.org	8302	2026-06-21
spectator.sme.sk	10290	2026-02-18
spectrumlocalnews.com	9095	2026-06-26
spectrummagazine.org	5950	2024-10-24
spectrumnews1.com	7443	2026-02-12
speedcafe.com	31764	2026-07-19
speedwaymedia.com	16066	2026-07-19
spencerdailyreporter.com	5574	2026-07-18
spiked-online.com	6737	2026-07-19
spin.com	7322	2026-03-12
spin1038.com	7464	2026-07-16
spoilertv.com	27778	2026-07-19
spokanepublicradio.org	63323	2026-07-19
spokesman.com	57840	2026-07-19
sportsnet.ca	5652	2022-01-17
spotlightnepal.com	7981	2026-07-19
spotrac.com	56787	2026-07-19
springer.com	5148	2026-07-18
springfieldnewssun.com	53773	2026-07-19
sprucegroveexaminer.com	16322	2026-07-19
sputnikglobe.com	34961	2026-07-19
sputniknews.com	115856	2023-04-05
squamishchief.com	72879	2025-09-05
squatchrocks.com	43898	2026-07-19
srilankamirror.com	14023	2026-07-19
srilankasource.com	96500	2026-07-19
srpressgazette.com	6359	2026-07-18
ssuchronicle.com	20914	2020-04-15
stabroeknews.com	84877	2026-03-26
staffingindustry.com	7493	2024-12-01
stalbansreview.co.uk	82873	2025-12-09
stalbertgazette.com	58824	2025-09-05
stamfordadvocate.com	157056	2025-06-12
stamfordmercury.co.uk	8132	2023-12-04
stampedeblue.com	10043	2026-07-19
standard-freeholder.com	43010	2026-07-19
standard-journal.com	66142	2026-07-19
standard.co.uk	206642	2026-07-19
standard.net	17635	2026-07-19
standard.net.au	76129	2026-07-19
standardbredcanada.ca	34218	2026-07-19
standardmedia.co.ke	191884	2026-07-19
standardspeaker.com	46987	2026-07-19
stanforddaily.com	6362	2026-07-16
star945.com	7755	2026-07-18
star967.net	13534	2026-03-20
star98.net	10156	2026-07-19
staradvertiser.com	52251	2026-07-19
starbeacon.com	28322	2026-07-19
starcommunity.com.au	9165	2026-04-29
starcourier.com	5441	2023-09-10
stardem.com	32595	2026-07-19
starfm1023.com	6846	2026-07-06
stargazette.com	5321	2023-09-11
starherald.com	50516	2026-07-19
starkvilledailynews.com	5598	2026-07-18
starlocalmedia.com	58688	2026-07-19
starmometer.com	9202	2026-06-08
starnewsonline.com	11634	2023-09-11
starobserver.com.au	8215	2026-07-19
starofmysore.com	34058	2026-07-19
starradiovegas.com	5978	2022-06-24
startribune.com	263275	2026-07-14
starweekly.com.au	25547	2026-03-02
state.gov	15167	2026-07-16
statecollege.com	13549	2026-07-19
statenews.com	9015	2026-07-17
stateofreform.com	5750	2026-03-27
statesboroherald.com	8737	2026-07-19
statesman.com	34154	2026-03-25
statesmanjournal.com	9447	2023-09-11
statesville.com	47971	2026-07-17
staugustine.com	10411	2023-09-11
stawelltimes.com.au	30166	2026-07-14
stcatharinesstandard.ca	104930	2026-07-19
steelers.com	6560	2026-07-19
steinbachonline.com	24592	2026-07-19
stellar.ie	10472	2026-07-17
stereoboard.com	20240	2026-07-19
stereogum.com	20020	2026-07-19
stettlerindependent.com	11675	2026-07-19
stevenspointjournal.com	8837	2023-09-11
stevivor.com	5978	2026-07-19
stgeorgeutah.com	23767	2026-07-19
sthelensstar.co.uk	135932	2026-07-19
stiripesurse.ro	38443	2026-07-18
stlamerican.com	17873	2026-07-19
stlouisstar.com	94791	2026-07-19
stlpublicradio.org	8721	2023-09-01
stltoday.com	242057	2026-07-19
stock-world.de	6893	2024-12-30
stockandland.com.au	38983	2026-07-19
stockhouse.com	11236	2026-07-19
stockjournal.com.au	39319	2026-07-19
stockmarketwire.com	21652	2022-02-23
stokesentinel.co.uk	101333	2026-07-19
stornowaygazette.co.uk	7135	2025-01-23
stourbridgenews.co.uk	143079	2026-07-19
straight.com	16704	2026-07-19
straitstimes.com	196047	2026-07-19
strangehorizons.com	5069	2026-07-17
strategypage.com	10516	2026-07-19
stratford-herald.com	18528	2026-07-19
stratfordbeaconherald.com	39927	2026-07-19
stratfordobserver.co.uk	9758	2026-07-19
strathroyagedispatch.com	35086	2026-01-25
strathroytoday.ca	8414	2026-07-17
streetinsider.com	368521	2024-12-02
streetsblog.org	9120	2026-07-18
stripes.com	97186	2026-07-19
stroudnewsandjournal.co.uk	117325	2026-07-19
stthomastimesjournal.com	40566	2026-07-19
stthomastoday.ca	9076	2026-07-19
stuff.co.nz	290589	2024-01-16
stuff.tv	7892	2026-07-18
stupiddope.com	18434	2025-10-20
sturgisjournal.com	6692	2023-09-11
stuttgartdailyleader.com	12446	2026-07-17
stwnewspress.com	10450	2026-07-18
stylecaster.com	15198	2026-07-19
suasnews.com	5740	2026-07-19
sudantribune.com	6768	2025-02-16
suffolknews.co.uk	11630	2026-07-19
summitdaily.com	21565	2026-07-19
sun-sentinel.com	108743	2026-07-19
suncommercial.com	53869	2026-07-19
sundaymail.co.zw	13635	2025-01-23
sundaynews.co.zw	14210	2025-01-22
sundaystandard.info	7110	2026-07-14
sundaytimes.lk	10780	2026-07-18
sundayworld.co.za	10802	2026-07-15
sundayworld.com	50448	2025-11-24
sunderlandecho.com	19890	2025-01-23
sungazette.com	20108	2026-07-19
sunjournal.com	108274	2026-07-19
sunlive.co.nz	43838	2026-07-19
sunnewsonline.com	41578	2024-06-26
sunny1031.com	6975	2026-07-19
sunny1063.com	13719	2026-02-19
sunny923.com	13128	2026-07-16
sunny943.com	11175	2026-07-17
sunnysidesun.com	5601	2023-04-13
sunshinecoastdaily.com.au	63851	2021-06-23
sunshinestatenews.com	9785	2023-07-22
sunstar.com.ph	94795	2026-07-19
suntimes.com	116734	2026-07-19
superbike-news.co.uk	10433	2026-07-19
superherohype.com	17632	2026-07-19
superhits106.com	7921	2026-07-18
superiortelegram.com	19217	2026-07-19
supermarketnews.com	9661	2026-07-17
supertalk.fm	12720	2026-07-19
supertalk1270.com	7766	2026-07-18
supertalk1570.com	16594	2026-07-09
surfky.com	6423	2026-05-29
surinametimes.com	10983	2026-07-19
surinenglish.com	20522	2026-07-19
surreycomet.co.uk	152450	2026-07-19
sussexexpress.co.uk	45134	2025-01-23
sverigesradio.se	7180	2026-04-15
swag1049.com	11855	2026-07-18
swapacd.com	41096	2025-09-25
sweetwaternow.com	19373	2026-07-19
swfinstitute.org	15178	2024-06-11
swiftcurrentonline.com	22015	2026-07-19
swimmingworldmagazine.com	6148	2026-02-23
swimswam.com	30956	2026-07-05
swindonadvertiser.co.uk	153567	2026-07-19
swiowanewssource.com	10643	2026-07-19
swissinfo.ch	101769	2026-07-19
swnewsmedia.com	10991	2025-08-05
swoknews.com	68332	2026-07-19
swtimes.com	7227	2023-09-11
swvatoday.com	19068	2026-06-28
swxrightnow.com	5318	2020-12-17
sydneysun.com	67910	2026-07-19
syfy.com	21965	2026-07-17
syracuse.com	73906	2026-02-19
t-g.com	6190	2026-07-19
t3.com	28766	2026-07-19
t95.com	5068	2026-07-09
taftmidwaydriller.com	5858	2026-07-18
tag911.ae	8885	2026-07-19
tahlequahdailypress.com	34541	2026-07-18
tahoedailytribune.com	14141	2026-07-18
taipeitimes.com	107158	2026-07-19
taiwannews.com.tw	47002	2025-11-28
taiwansun.com	38460	2026-07-19
taku105.com	6608	2024-02-15
talk1073.com	5682	2026-07-17
talkers.com	7466	2026-07-17
talkingpointsmemo.com	25438	2026-07-18
talkingretail.com	13109	2026-07-18
talkradio1170.com	24565	2021-09-07
talkradio960.com	21052	2026-07-19
talkvietnam.com	179795	2023-11-26
tallahassee.com	13322	2023-09-11
tamilguardian.com	5328	2026-07-17
tampabay.com	40369	2026-03-26
tanzanianewsreports.com	17541	2026-07-17
taosnews.com	12363	2026-07-18
tapeop.com	9951	2026-07-15
tapinto.net	6703	2023-08-03
targatocn.it	6330	2026-07-19
targetednews.com	167667	2026-07-19
tasnimnews.com	10617	2025-10-07
tass.com	97872	2026-04-09
tasteofcountry.com	22293	2026-07-19
tasteofhome.com	11221	2026-07-19
tatler.com	7727	2026-07-18
tatlerasia.com	6896	2025-10-27
tauntongazette.com	6714	2023-09-11
taylorvilledailynews.com	21629	2026-07-19
tbnewswatch.com	27463	2025-09-05
tbnweekly.com	13489	2026-05-04
tbsnews.net	21092	2026-03-19
tcpalm.com	12606	2023-09-11
tctimes.com	7664	2026-07-19
tctmd.com	5075	2026-05-19
td.org	5155	2026-03-11
tdh.gov.tm	5187	2026-07-18
tdn.com	62688	2026-07-18
tdtnews.com	31019	2026-07-19
team-bhp.com	42769	2026-06-08
teammyrtlebeach.com	20251	2023-08-29
teamtalk.com	74271	2026-07-19
teamusa.org	6354	2023-08-16
techcabal.com	15787	2026-07-18
techcentral.co.za	8322	2026-05-14
techcentral.ie	5615	2026-07-17
techcrunch.com	67323	2026-07-19
techdirt.com	41268	2026-07-19
techmoran.com	8699	2026-07-16
technewstoday.com	6238	2024-04-04
technical.ly	7507	2026-07-19
technuter.com	6634	2026-06-04
techradar.com	109359	2026-07-19
techreport.com	6990	2026-03-27
techrepublic.com	7100	2026-06-20
techshout.com	5599	2025-09-07
techspot.com	26440	2026-07-19
techstory.in	47319	2026-07-19
techtimes.com	49817	2026-07-19
techxplore.com	35782	2026-01-29
tehachapinews.com	9848	2026-07-18
tehelka.com	7045	2025-09-08
telecomasia.net	7976	2026-01-12
telecompaper.com	59615	2026-07-18
telecomtv.com	5989	2026-07-17
telegrafi.com	6148	2026-07-15
telegram.com	19979	2023-09-11
telegraph.co.uk	238741	2024-11-25
telegraphherald.com	92874	2026-07-19
telegraphindia.com	208030	2024-07-30
teletrader.com	7453	2024-03-13
televisual.com	6381	2026-07-19
tellerreport.com	12622	2024-04-09
telluridenews.com	5018	2026-07-19
tellychakkar.com	94830	2025-02-28
tempo.com.ph	19338	2025-05-27
tennessean.com	23387	2023-09-11
tennesseedaily.com	137563	2026-07-19
tenterfieldstar.com.au	45447	2026-07-19
terracestandard.com	27905	2026-07-19
terradaily.com	24953	2026-07-18
tert.am	5822	2024-11-27
tewkesburyadmag.co.uk	18216	2021-03-11
texarkanagazette.com	32467	2026-07-19
texasguardian.com	213976	2026-07-19
texasmonthly.com	9598	2026-06-22
texastribune.org	8800	2026-07-18
textileworld.com	10493	2026-07-19
thailand-business-news.com	27839	2026-07-19
thailandnews.net	34138	2026-07-19
thatsmags.com	5879	2025-02-07
the-daily-record.com	10173	2023-09-11
the-dispatch.com	12901	2026-07-17
the-independent.com	25711	2026-07-19
the-journal.com	14093	2026-03-19
the-leader.com	6615	2023-09-11
the-messenger.com	96192	2026-07-19
the-review.com	9253	2023-09-11
the-star.co.ke	74650	2026-07-19
the-sun.com	27401	2026-07-19
the42.ie	75787	2026-07-19
the72.co.uk	10026	2026-07-19
theadanews.com	12265	2026-07-18
theadvertiser.com	7982	2023-09-11
theadviser.com.au	7197	2026-07-17
theadvocate.com	64848	2026-07-18
theadvocate.com.au	60345	2026-07-19
theadvocatengr.com	10123	2021-09-14
theafricareport.com	9626	2026-07-18
theage.com.au	245970	2026-07-19
thealpenanews.com	24231	2026-07-19
theamericanconservative.com	8365	2026-07-19
theanswertampa.com	5052	2024-09-25
thearabtribune.com	9186	2026-07-19
theargus.co.uk	168390	2026-07-19
theartnewspaper.com	13789	2026-07-17
theartsdesk.com	12918	2026-07-19
theasian.asia	6029	2026-07-19
theatermania.com	5881	2026-07-17
theathletic.com	40386	2024-05-13
theatlantic.com	31707	2026-07-19
theaustralian.com.au	85916	2024-07-31
theautochannel.com	10986	2026-07-19
thebangladeshtoday.com	6122	2026-07-19
thebatavian.com	22060	2026-07-19
thebeacon.net	5051	2026-07-16
thebeat925.ca	10245	2026-07-17
thebeatdfw.com	10722	2026-07-19
thebeatofthecapital.com	17163	2026-07-19
thebeijinger.com	16082	2026-07-13
thebftonline.com	31002	2026-07-19
thebigdm.com	7546	2026-07-18
thebiglead.com	25564	2026-07-19
thebigstation93blx.com	9619	2026-07-19
theblacksheartimes.com	7170	2026-07-18
theblaze.com	28740	2026-07-19
theboar.org	5961	2026-07-19
theboltonnews.co.uk	156708	2026-07-19
theboneonline.com	14539	2026-07-18
theboot.com	19293	2026-07-19
theborneopost.com	49953	2026-07-17
thebostonpilot.com	20997	2026-07-17
theboxhouston.com	6335	2026-07-19
thebreakingtimes.com	6436	2026-02-05
thebrunswicknews.com	36730	2026-07-18
thebullamarillo.com	9965	2024-04-29
thebulletin.be	8715	2026-05-14
thebulltulsa.com	42888	2025-10-10
thebusinessdesk.com	29670	2026-07-18
thebusinessjournal.com	9194	2026-07-18
thecabin.net	19752	2026-07-18
thecaribbeancamera.com	6496	2026-07-18
thecattlesite.com	9016	2026-07-17
thecentersquare.com	47172	2026-06-26
thechiefleader.com	5535	2026-07-18
thechronicle-online.com	36551	2026-06-29
thechronicle.com.au	59588	2024-07-26
thechronicle.com.gh	26269	2026-07-19
thechronicleherald.ca	29241	2020-11-12
thechronicleonline.com	6398	2024-10-01
thecitizen.co.tz	20133	2026-07-19
thecitizen.com	10597	2026-07-18
thecitizen.in	6677	2026-07-17
thecoast.net.nz	8036	2026-07-14
thecollegefix.com	6711	2026-07-19
thecomet.net	40299	2026-07-19
thecommonsenseshow.com	5386	2022-03-12
thecommunityvoice.com	5609	2026-07-19
theconservativetreehouse.com	47162	2026-07-19
theconstructionindex.co.uk	27110	2026-07-19
theconversation.com	100254	2026-07-19
thecork.ie	5106	2026-07-19
thecorner.eu	5887	2026-07-17
thecourier.co.uk	126383	2025-05-27
thecourier.com	6262	2024-02-01
thecourier.com.au	62910	2026-07-19
thecourierexpress.com	33582	2026-07-18
thecragandcanyon.ca	9172	2026-07-19
thecranberryeagle.com	6309	2026-01-17
thecrimson.com	17807	2026-07-18
thedailybeast.com	69681	2026-07-19
thedailyblog.co.nz	22057	2026-07-19
thedailycitizen.com	13014	2024-08-22
thedailyjournal.com	8370	2023-09-11
thedailymash.co.uk	11888	2026-07-18
thedailymeal.com	23584	2026-07-19
thedailynewnation.com	27080	2024-07-26
thedailynewsonline.com	33398	2026-07-19
thedailyrecord.com	30684	2026-06-04
thedailyreporter.com	5901	2023-09-08
thedailyreview.com	39564	2026-07-18
thedailystar.com	35550	2026-07-19
thedailystar.net	213711	2026-07-19
thedailytimes.com	47979	2026-07-19
thedailyworld.com	7985	2026-07-15
theday.com	76094	2024-12-10
thedenverchannel.com	21269	2022-09-07
thedestinlog.com	5975	2023-09-11
thedickinsonpress.com	35975	2026-07-19
thedigitalcourier.com	34738	2026-07-19
thediplomat.com	22563	2026-07-18
thediplomat.ro	10995	2026-07-17
thedp.com	9736	2026-07-18
thedrinksbusiness.com	14747	2026-07-17
thedrum.com	26119	2026-07-15
theduke.fm	7549	2025-08-29
theeagle.com	35831	2026-07-18
theeagle1069.com	11496	2026-06-23
theeagleonline.com.ng	57285	2026-07-19
theeastafrican.co.ke	17576	2026-07-18
theedgemarkets.com	47793	2023-05-12
theedinburghreporter.co.uk	6974	2026-07-19
theengineer.co.uk	9656	2026-06-05
theenterpriseleader.com	376144	2025-04-18
theepochtimes.com	310212	2026-07-19
thefacts.com	21386	2026-07-19
thefader.com	7980	2026-07-14
thefamuanonline.com	5063	2026-06-02
thefan1075.com	74892	2026-07-19
thefanfm.com	20321	2021-03-19
thefastmode.com	15605	2026-07-17
thefederalist.com	29710	2026-07-18
thefencepost.com	10009	2026-07-19
thefirstnews.com	5660	2024-01-28
thefranklinnewspost.com	6656	2026-07-10
thefreepress.ca	28413	2026-07-19
thefreshloaf.com	13555	2026-07-18
thefrisky.com	8666	2026-06-03
thefrontierpost.com	88429	2026-07-19
thefutoncritic.com	38096	2026-07-19
thegame730am.com	18800	2025-12-01
thegamenashville.com	49483	2026-07-19
thegardenisland.com	17103	2026-07-19
thegazette.com	51037	2026-07-19
theglobeandmail.com	192062	2026-07-19
thegrio.com	40210	2026-07-19
thegrocer.co.uk	30005	2025-09-05
theguardian.com	475857	2026-07-19
theguardian.pe.ca	27018	2020-11-12
thehardtackle.com	48577	2026-07-19
thehawkeye.com	9259	2022-12-02
thehayride.com	5442	2026-07-17
thehealthsite.com	34374	2026-02-16
thehendersonnews.com	10575	2024-05-30
theherald-news.com	9633	2026-01-29
theherald.co.za	6836	2026-07-19
theheraldghana.com	11148	2026-07-19
thehill.com	140700	2026-01-07
thehimalayantimes.com	33165	2026-03-30
thehindu.com	956320	2026-07-19
thehindubusinessline.com	266318	2026-07-19
thehitavada.com	29144	2026-07-19
thehits.co.nz	8394	2026-07-14
thehollywoodgossip.com	16438	2026-07-19
thehorse.com	5111	2026-04-13
thehot1039.com	6866	2026-07-19
thehour.com	150380	2026-06-22
theiet.org	13437	2026-07-14
theifp.ca	7001	2026-07-19
theindependent.co.zw	13749	2026-06-25
theindependent.com	69551	2026-07-19
theindependent.sg	6847	2026-03-17
theindianawaaz.com	30520	2026-07-19
theindychannel.com	8382	2020-08-11
theinertia.com	10115	2026-07-18
theintell.com	5596	2023-01-24
theintelligencer.com	80557	2026-06-22
theintelligencer.net	24785	2026-07-19
theintermountain.com	17709	2026-07-18
theirishfield.ie	11890	2026-07-19
theislandnow.com	5886	2025-10-02
theisonews.com	30453	2020-10-30
theitem.com	24452	2026-07-19
thejakartapost.com	68338	2026-07-19
thejc.com	10808	2026-07-19
thejerseytomatopress.com	8608	2025-07-12
thejetpress.com	5070	2026-07-19
thejournal.ie	117971	2026-07-19
thejoyfm.com	8203	2026-01-05
thejudge13.com	5429	2026-07-19
thekansan.com	9297	2026-07-15
thelancasterandmorecambecitizen.co.uk	31708	2023-02-07
thelancet.com	7560	2024-04-30
theland.com.au	44400	2026-07-19
thelandryhat.com	5526	2026-07-19
theleader.com.au	85137	2026-07-19
theleader.info	16300	2026-07-19
theleafchronicle.com	6764	2023-09-11
theledger.com	15716	2023-09-11
thelincolnite.co.uk	16781	2025-10-23
thelocal.at	6857	2026-07-19
thelocal.ch	7471	2026-07-17
thelocal.de	12461	2026-07-19
thelocal.dk	7745	2026-07-18
thelocal.es	9286	2026-07-19
thelocal.fr	15955	2026-07-19
thelocal.it	8001	2026-07-19
thelocal.no	7173	2026-07-19
thelocal.se	10795	2026-07-19
thelondoner.ca	36738	2025-12-17
themag.co.uk	13462	2026-07-19
themainewire.com	8964	2026-07-19
themalaysianinsight.com	24614	2024-09-16
themaneland.com	5841	2026-07-19
themarketsdaily.com	542958	2026-07-19
themarysue.com	32733	2026-07-09
themedialine.org	22410	2026-07-19
themediaonline.co.za	5906	2026-07-17
themercury.com.au	36877	2024-07-29
themiamihurricane.com	5381	2026-07-19
themiddlemarket.com	23676	2026-07-17
themobileindian.com	12476	2026-07-17
themonitor.com	5325	2021-01-11
themorningbulletin.com.au	63217	2021-06-23
themorningsun.com	32734	2026-07-19
themoscowtimes.com	22031	2026-07-19
themountainmail.com	22543	2026-07-19
themountainpress.com	25744	2026-07-17
themunicheye.com	7942	2026-07-17
themusic.com.au	9688	2026-07-19
thenassauguardian.com	24131	2026-07-17
thenation.com	19202	2026-07-19
thenational.ae	31171	2020-10-14
thenational.com.pg	18457	2026-07-17
thenational.scot	107659	2026-07-19
thenationalherald.com	7932	2026-05-07
thenationalnews.com	59217	2026-07-19
thenationonlineng.net	195278	2026-07-19
thenelsondaily.com	6189	2024-09-27
thenewamerican.com	8416	2026-07-18
thenewdaily.com.au	23374	2025-01-23
thenewdawnliberia.com	23616	2026-07-17
thenewpulsefm.com	6457	2026-07-17
thenews-chronicle.com	36773	2025-01-29
thenews-messenger.com	7786	2023-09-11
thenews.com.pk	484720	2026-07-19
thenewsguard.com	9195	2026-07-19
thenewsherald.com	23258	2026-07-19
thenewsminute.com	31570	2026-07-19
thenewsnigeria.com.ng	11175	2026-07-19
thenewsstar.com	6563	2023-09-11
thenewswheel.com	6752	2026-07-07
thenextweb.com	10564	2026-07-19
thenigerianvoice.com	9550	2026-03-11
thenortheasttoday.com	6563	2025-10-20
thenorthernecho.co.uk	218318	2026-07-19
thenorthlines.com	45664	2026-07-19
thenorthwestern.com	9314	2023-09-11
theoaklandpress.com	42324	2026-07-19
theobserver.ca	46238	2026-07-19
theonion.com	9561	2026-07-17
theonlinecitizen.com	8082	2025-02-13
theparisnews.com	31186	2026-07-19
thepeakfm.com	8270	2026-07-19
thepeninsulaqatar.com	163112	2026-07-19
thepeoplesperson.com	34773	2026-07-19
thepeterboroughexaminer.com	57918	2026-07-19
thephinsider.com	10496	2026-07-19
thephuketnews.com	19442	2025-03-05
thepienews.com	5101	2026-07-17
thepigsite.com	7881	2026-07-17
thepilot.com	7276	2026-07-18
thepinetree.net	5353	2026-07-19
thepinknews.com	20436	2026-07-17
thepiratescove.us	9007	2025-09-07
theplainsman.com	6579	2026-07-17
thepoint.gm	14074	2026-07-18
thepointsguy.com	19284	2026-07-19
theportugalnews.com	48036	2026-07-19
thepost.on.ca	23199	2026-07-19
thepostathens.com	11414	2026-07-10
thepoultrysite.com	8069	2026-07-17
theprint.in	20422	2026-07-14
theproducenews.com	11398	2026-01-03
theprogress.com	31268	2026-07-19
theprogressnews.com	15779	2026-07-19
theprovince.com	26595	2026-07-19
theprowersjournal.com	5576	2026-07-18
thepublicopinion.com	26347	2023-09-11
thequietus.com	9804	2026-07-19
thequint.com	6366	2026-03-16
therakyatpost.com	18257	2026-07-19
theranch.fm	9198	2026-06-11
therealdeal.com	50677	2026-07-19
therebelrocks.com	19458	2022-08-22
therecord.com	32741	2026-07-19
theredstonerocket.com	5004	2026-07-19
thereflector.com	9953	2026-07-17
theregister.com	36212	2026-07-19
thereporter.com	10931	2026-07-19
thereporteronline.com	42786	2026-07-19
therepublic.com	102406	2026-04-01
theridgefieldpress.com	54487	2025-06-14
therightscoop.com	13906	2026-07-19
theroar.com.au	37925	2026-07-19
therockofrochester.com	35901	2026-07-19
therolladailynews.com	8973	2026-07-18
theroot.com	18082	2026-07-19
therural.com.au	41295	2026-07-19
thesalemnewsonline.com	28323	2026-07-08
thescarboroughnews.co.uk	18854	2025-01-23
thescore.com	5139	2026-03-18
thescore1260.com	43343	2026-07-19
thescottishfarmer.co.uk	24807	2026-07-19
thescottishsun.co.uk	6966	2026-02-23
thesheridanpress.com	6703	2026-07-18
theshillongtimes.com	47215	2026-07-19
thesierraleonetelegraph.com	8575	2026-07-19
thesixthaxis.com	9427	2026-07-17
theskanner.com	6754	2026-05-10
theskinny.co.uk	6447	2026-07-17
thesource.com	37150	2026-07-19
thesouthafrican.com	131977	2026-07-19
thesouthern.com	56096	2026-07-19
thesouthernreporter.co.uk	9553	2025-01-23
thespec.com	33666	2026-07-19
thespectrum.com	5397	2023-09-09
thespiritsbusiness.com	12549	2026-07-17
thespread.com	20558	2026-05-11
thespun.com	17568	2023-10-13
thestandard.co.zw	20264	2026-07-19
thestandard.com.hk	105808	2026-03-02
thestandard.org.nz	7041	2025-10-04
thestar.co.uk	20920	2025-01-23
thestar.com	97974	2026-07-15
thestar.com.my	487238	2026-07-19
thestarphoenix.com	36060	2026-07-19
thestarpress.com	7271	2023-09-11
thestatesman.com	68849	2026-06-10
thestkittsnevisobserver.com	5100	2026-03-17
thestrad.com	8272	2025-09-05
thestranger.com	12818	2026-07-18
thestreet.com	43383	2026-07-10
thestreetjournal.org	48434	2026-01-16
thesubtimes.com	14335	2025-10-04
thesuburban.com	17898	2026-07-19
thesudburystar.com	60204	2026-07-19
thesun.co.uk	70390	2026-06-26
thesun.ie	20857	2026-03-18
thesun.my	39404	2026-02-08
thesun.ng	32444	2026-07-19
thesunchronicle.com	83812	2026-07-19
thesundaily.my	99874	2023-11-06
thesylvaherald.com	5894	2026-07-15
thetab.com	31300	2026-07-17
thetablet.co.uk	5736	2026-07-19
thetablet.org	9048	2026-07-17
thetandd.com	58774	2026-07-19
thetelegram.com	22428	2020-11-11
thetelegraph.com	163596	2026-06-22
thetelegraphandargus.co.uk	175594	2026-07-19
thethaiger.com	14483	2026-03-19
thetidenewsonline.com	34276	2026-07-17
thetimes-tribune.com	68511	2026-07-19
thetimes.co.uk	214037	2024-06-05
thetimes.com	85206	2026-07-19
thetimesherald.com	5081	2023-09-11
thetimesnews.com	12274	2026-07-18
thetimestribune.com	24739	2026-07-19
thetottenhamindependent.co.uk	94761	2026-07-19
thetowntalk.com	5540	2023-09-11
thetrucker.com	13770	2026-07-19
thetruthaboutcars.com	16114	2026-07-17
theturtleislandnews.com	18338	2026-07-17
thetyee.ca	8901	2026-07-18
theuknews.com	37501	2026-07-19
theunion.com	19603	2026-07-18
theurbandaily.com	9330	2026-06-24
theusnews.com	140467	2026-07-19
theverge.com	65202	2026-07-19
thevermilion.com	5536	2026-07-19
thevisitor.co.uk	5324	2021-12-13
thevoicebw.com	6374	2024-08-09
thevoiceslu.com	15026	2026-07-18
thevwindependent.com	8342	2026-07-18
thewave.ca	10659	2025-12-07
theweek.co.uk	12509	2023-09-12
theweek.com	53447	2026-07-19
theweek.in	88807	2026-07-19
theweektoday.com	18233	2024-09-18
thewest.com.au	9150	2026-07-13
thewesterlysun.com	24492	2026-07-18
thewestmorlandgazette.co.uk	193192	2026-07-19
thewestonforum.com	6800	2025-10-31
thewestonmercury.co.uk	56127	2026-07-19
thewhig.com	48437	2026-07-19
thewhiskeywash.com	14444	2026-07-19
thewire.in	44530	2024-03-27
thewolf.ca	8097	2026-07-19
theworld.org	9079	2026-06-26
theworldlink.com	21835	2026-07-19
thewrap.com	78613	2026-07-19
thexboxhub.com	9762	2026-07-18
thexradio.com	10847	2026-07-18
theyeshivaworld.com	32500	2026-07-19
theyucatantimes.com	9446	2025-06-10
thezimbabwean.co	6654	2026-07-19
thezimbabwedaily.com	16271	2026-02-04
thezimbabwemail.com	31744	2026-07-19
thirdsector.co.uk	8964	2026-07-03
thisdaylive.com	165043	2026-07-19
thisisanfield.com	21552	2026-01-24
thisislancashire.co.uk	54733	2023-02-07
thisislocallondon.co.uk	155513	2025-12-03
thisismoney.co.uk	52701	2025-11-06
thisisoxfordshire.co.uk	168480	2026-07-19
thisisthewestcountry.co.uk	18359	2023-02-07
thisiswiltshire.co.uk	136476	2026-07-19
thomasnet.com	15573	2024-02-05
thompsoncitizen.net	86287	2025-01-20
thunder987.com	5645	2021-03-31
thurrockgazette.co.uk	91932	2026-07-19
thurstontalk.com	6093	2026-07-18
thv11.com	51235	2026-06-05
thyblackman.com	10069	2026-07-18
tibet.net	9627	2026-07-17
tickerreport.com	430451	2026-07-19
ticotimes.net	6449	2026-01-09
tide1009.com	6739	2026-03-09
tiftongazette.com	10256	2026-07-16
tigerdroppings.com	5399	2022-01-13
tigernet.com	9295	2025-11-20
tigersroar.com	9900	2026-07-07
tillamookheadlightherald.com	14228	2026-07-19
timberjay.com	6670	2026-07-19
time.com	25823	2026-07-19
timeout.com	19155	2026-07-19
timeoutdubai.com	8263	2023-01-03
times-gazette.com	8414	2023-09-11
times-herald.com	6616	2026-07-18
times-journal.com	6233	2026-07-17
times-news.com	38097	2026-07-19
times-series.co.uk	100678	2026-07-19
times-standard.com	14803	2026-07-19
times.co.sz	9098	2026-03-15
timesandstar.co.uk	150926	2026-07-19
timesargus.com	33946	2026-07-19
timesbulletin.com	6962	2026-07-01
timesca.com	14090	2026-07-19
timescall.com	38301	2026-07-19
timescitizen.com	5953	2026-07-19
timescolonist.com	119190	2025-01-21
timesdaily.com	45839	2026-07-19
timesenterprise.com	8964	2026-07-16
timesfreepress.com	35453	2026-07-19
timesgazette.com	8366	2025-09-17
timesherald.com	43979	2026-07-19
timesheraldonline.com	10144	2026-07-19
timeshighereducation.com	11094	2026-07-19
timesleader.com	20710	2026-07-19
timesleader.net	6228	2026-07-17
timesleaderonline.com	18385	2026-07-18
timeslive.co.za	135878	2026-07-19
timesnews.net	36240	2025-11-11
timesnownews.com	143696	2026-04-29
timesofearth.com	6346	2026-07-19
timesofisrael.com	138709	2023-11-04
timesofmalta.com	121997	2026-04-15
timesofoman.com	51840	2026-07-19
timesofsandiego.com	23961	2026-07-19
timesonline.com	9679	2023-09-11
timesrecordnews.com	9821	2023-09-11
timesreporter.com	10999	2023-09-11
timesrepublican.com	21934	2026-07-19
timesreview.com	23630	2026-06-04
timestelegram.com	7281	2023-09-11
timesunion.com	119604	2025-11-14
timeswv.com	18684	2026-07-19
timminspress.com	56380	2026-07-19
timminstimes.com	44691	2026-01-26
tipperarylive.ie	30669	2026-05-14
tippfm.com	18541	2026-07-17
tippmidwestradio.com	13109	2026-07-18
tirebusiness.com	6666	2026-06-09
titansradio.com	16454	2026-07-17
titusvilleherald.com	22168	2022-12-01
tivysideadvertiser.co.uk	124372	2026-07-19
tmcnet.com	437717	2025-01-23
tmj4.com	6376	2026-03-19
tmz.com	52005	2026-07-19
tnledger.com	49357	2026-07-18
tnonline.com	37487	2026-07-19
tnp.sg	13213	2025-10-30
today.az	57389	2026-07-15
today.com	68978	2026-07-19
today.ng	48383	2024-06-20
today.rtl.lu	6406	2026-05-21
todayfm.com	16545	2026-07-17
todayheadline.co	7585	2025-01-27
toffeeweb.com	8372	2026-07-19
tolonews.com	32868	2024-06-06
tomsguide.com	52006	2026-07-19
tomshardware.com	18871	2026-07-19
tonyskansascity.com	45393	2026-07-19
topspeed.com	24636	2026-07-19
topwirenews.com	19560	2026-07-15
tor.com	21154	2024-01-23
toronto.citynews.ca	77084	2026-07-19
toronto.com	16017	2026-07-19
toronto.ctvnews.ca	37722	2025-01-23
torontosun.com	94566	2026-07-19
torontotelegraph.com	103129	2026-07-19
torquenews.com	29402	2026-07-19
totaltele.com	9668	2026-07-16
toucharcade.com	6249	2025-04-19
towleroad.com	15902	2024-04-28
townandcountrymag.com	18556	2026-07-19
townhall.com	92146	2026-07-19
townsvillebulletin.com.au	89461	2026-07-19
toynews-online.biz	5630	2026-07-16
tpr.org	34439	2026-07-19
tradearabia.com	115512	2026-07-19
tradeonlytoday.com	5666	2026-07-17
tradersmagazine.com	8115	2026-07-17
tradewindsnews.com	8151	2026-03-18
trains.com	13628	2026-07-15
trak.in	9032	2026-07-19
transylvaniatimes.com	9747	2026-07-19
travelandleisure.com	22155	2026-03-17
travelbizmonitor.com	8655	2026-07-19
traveldailymedia.com	27645	2026-06-05
traveldailynews.asia	10250	2026-04-19
traveldailynews.com	24067	2026-01-24
travelextra.ie	11134	2026-07-19
traveller.com.au	6007	2023-04-11
travelmarketreport.com	11772	2026-07-17
travelmole.com	9334	2026-05-01
travelweekly.com	19561	2026-02-06
travelweekly.com.au	17444	2026-07-17
trbusiness.com	8939	2026-07-17
trend.az	31560	2026-06-27
trentonian.ca	44449	2026-06-22
trentonian.com	30045	2026-07-19
trib.com	63001	2026-07-18
tribdem.com	59003	2026-07-19
tribecacitizen.com	5444	2026-07-18
triblive.com	99379	2026-05-04
tribstar.com	51095	2026-07-19
tribtoday.com	28832	2026-07-19
tribtown.com	97408	2025-04-15
tribune.com.pk	258019	2026-07-19
tribune.net.ph	66169	2026-07-19
tribune242.com	44808	2026-07-17
tribuneindia.com	280444	2026-07-19
tribuneledgernews.com	34477	2026-07-18
tribuneonlineng.com	158939	2026-07-19
tribunnews.com	8164	2026-07-19
tribute.ca	8148	2025-01-21
tricitynews.com	79527	2025-08-01
trinidadexpress.com	51558	2026-07-19
trinidadtimes.com	52294	2026-07-19
troyrecord.com	37125	2026-07-19
trtworld.com	11841	2026-03-19
truebluela.com	10674	2026-07-19
truenorthreports.com	6071	2023-06-30
trumbulltimes.com	49197	2025-06-14
trussvilletribune.com	12042	2026-07-18
trust.org	37925	2026-04-28
trustedreviews.com	22153	2026-07-19
truthout.org	18813	2026-07-18
tsln.com	8010	2026-07-18
tsn.ca	164298	2026-07-19
tspr.org	23874	2026-07-19
ttgasia.com	12967	2026-07-17
ttnworldwide.com	6933	2026-07-19
ttrweekly.com	10570	2026-07-17
tucson.com	194533	2026-07-19
tucsonpost.com	39124	2026-07-19
tucsonsentinel.com	21556	2025-07-21
tucsonweekly.com	8341	2026-07-19
tudno.co.uk	20766	2023-04-26
tuko.co.ke	17879	2026-03-19
tulsaworld.com	110993	2026-07-19
tuoitrenews.vn	28862	2025-04-16
turkishpress.com	8519	2024-03-13
turlockjournal.com	5191	2026-07-18
turnto10.com	48945	2026-07-19
turnto23.com	49126	2026-07-19
tuscaloosanews.com	10891	2023-09-11
tv6tnt.com	23024	2026-07-19
tvfanatic.com	6905	2025-05-15
tvgrapevine.com	16688	2026-07-19
tvguide.co.uk	1938722	2026-07-19
tvguide.com	9701	2026-07-18
tvline.com	19968	2026-07-19
tvnewscheck.com	25494	2026-07-17
tvnz.co.nz	5645	2021-10-05
tvone.tv	5181	2026-07-16
tvovermind.com	19785	2026-07-19
tvseriesfinale.com	6003	2026-07-18
tvtechnology.com	11377	2026-07-17
tvtonight.com.au	28437	2026-07-19
tweaktown.com	28503	2025-03-01
tweeddailynews.com.au	45440	2021-04-28
twincities.com	37465	2026-07-19
twinsdaily.com	15166	2026-07-19
twitchy.com	61985	2026-07-19
twtd.co.uk	109605	2026-07-19
tylerpaper.com	28331	2026-07-19
typepad.com	10528	2024-12-01
tyrepress.com	6528	2026-07-17
ualrpublicradio.org	48209	2026-07-19
uark.edu	7097	2026-07-17
ubergizmo.com	7864	2026-07-17
ucanews.com	24644	2025-01-23
ucla.edu	6683	2026-07-18
udaipurkiran.com	78750	2026-07-19
udayavani.com	18328	2026-07-19
udn.com	7111	2026-07-19
uefa.com	8140	2024-07-24
uexpress.com	18136	2026-01-13
ufc.com	7012	2026-07-19
uk.com	8182	2026-07-19
ukiahdailyjournal.com	10270	2026-07-19
ukrainianjournal.com	15275	2026-01-27
ukrinform.net	22093	2026-03-19
uky.edu	8756	2026-07-17
ulladullatimes.com.au	61207	2026-07-19
uloop.com	10883	2026-07-19
ultimateclassicrock.com	16160	2026-07-19
ummid.com	19070	2026-07-19
umn.edu	13905	2026-07-17
un.org	6539	2026-07-17
uncrate.com	9938	2026-07-18
undercurrentnews.com	32330	2026-07-17
undertheradar.co.nz	24749	2026-07-19
undertheradarmag.com	18735	2026-07-19
undp.org	26910	2026-07-19
unian.info	12516	2026-02-09
uniindia.com	31007	2026-03-17
union-bulletin.com	44347	2026-07-19
uniondemocrat.com	13223	2026-07-18
unionleader.com	97441	2026-07-19
unionrecorder.com	12163	2026-07-19
unitaid.eu	11777	2026-07-19
unitedwithisrael.org	13818	2026-07-19
universetoday.com	5040	2026-07-19
universityworldnews.com	14140	2026-07-19
unm.edu	5423	2026-07-19
unmultimedia.org	7763	2023-10-16
uow.edu.au	17760	2024-11-07
updatesnews.com	25511	2022-10-01
upenn.edu	7022	2026-07-18
upi.com	99966	2026-07-19
upnorthlive.com	37137	2026-07-19
uppermichiganssource.com	33069	2026-07-19
upr.org	51420	2026-07-19
uproxx.com	20991	2026-07-07
upstract.com	65174	2021-06-14
upstreamonline.com	24479	2026-07-19
urbanacitizen.com	5866	2025-09-17
urbanmilwaukee.com	33173	2026-07-19
urdupoint.com	44060	2025-01-27
us103.com	26107	2026-05-31
us105fm.com	37002	2026-07-19
usanetwork.com	7362	2025-08-13
usatoday.com	217936	2025-04-26
usembassy.gov	7959	2026-07-16
usf.edu	64607	2026-02-26
usmagazine.com	63922	2026-07-19
usnews.com	60090	2024-07-31
usni.org	7584	2026-06-01
utahindependent.com	22069	2026-07-19
uticaod.com	14125	2023-09-11
utilitydive.com	9597	2026-07-17
utv44.com	5914	2026-07-19
v100fm.com	6302	2026-07-19
v100rocks.com	14112	2026-07-19
v1019.com	19324	2026-07-19
vaalweekblad.com	14927	2023-11-09
vaildaily.com	28539	2026-07-19
valdostadailytimes.com	75736	2026-07-18
valleybreeze.com	13651	2026-07-19
valleymorningstar.com	6006	2021-01-11
valleynewslive.com	32477	2026-07-19
valuewalk.com	9489	2025-01-23
vancourier.com	30069	2021-01-13
vancouverisland.ctvnews.ca	24415	2026-06-19
vancouversun.com	58233	2026-07-19
vandaliaradio.com	11764	2026-07-18
vanguardngr.com	216021	2026-07-19
vanityfair.com	18804	2026-07-19
variety.com	94526	2026-07-19
varsity.co.uk	8712	2026-07-19
vavel.com	12222	2026-07-18
vccircle.com	10890	2026-07-17
vcstar.com	9705	2023-09-11
vcyamerica.org	5662	2023-07-13
vdare.com	10802	2024-07-25
vegnews.com	12902	2026-07-18
venezuelastar.com	20508	2026-07-19
venturebeat.com	5743	2025-08-30
venturesafrica.com	22144	2024-11-16
vermilionstandard.com	12608	2026-07-19
vermontbiz.com	25008	2026-07-17
vernonmorningstar.com	51399	2026-07-19
verticalmag.com	13724	2026-07-19
vervetimes.com	11695	2025-01-26
vestnikkavkaza.net	24786	2022-01-22
veteranstoday.com	14175	2025-02-13
vg247.com	9508	2026-06-23
vgchartz.com	40215	2026-07-19
vibe.com	12004	2026-07-18
vice.com	19047	2026-07-19
vicnews.com	37345	2026-07-19
victoriaadvocate.com	5329	2026-07-19
victorygirlsblog.com	6641	2026-07-19
vietnamnet.vn	30619	2026-06-03
vietnamnews.vn	61900	2026-07-19
vietnamtribune.com	59444	2026-07-19
viewngr.com	44838	2025-01-29
vikings.com	5662	2026-07-16
vikingsterritory.com	18389	2026-07-19
villagesoup.com	21386	2024-09-18
vindy.com	48826	2026-07-19
vir.com.vn	29196	2026-07-18
virginislandsdailynews.com	19621	2026-07-19
virginislandsnewsonline.com	36545	2026-07-19
virginradio.co.uk	8273	2026-07-06
visayandailystar.com	32164	2026-06-06
vision.org.au	8528	2026-07-10
visionmp.com	10399	2026-07-10
vladtv.com	45889	2026-07-19
vmagazine.com	7602	2026-06-03
vnews.com	20548	2026-07-19
vnexpress.net	16986	2026-03-19
voanews.com	134105	2025-03-20
voazimbabwe.com	12730	2026-03-20
vocm.com	39019	2026-07-19
vogue.co.uk	18484	2026-07-19
vogue.com	33009	2026-07-19
vogue.in	10534	2026-07-19
voice-online.co.uk	10960	2026-07-17
voicenews.com	19643	2025-11-04
voiceofalexandria.com	81062	2026-07-19
voiceofvienna.org	15454	2026-07-18
voiceonline.com	9655	2026-07-18
vol.at	16127	2026-07-18
volcanodiscovery.com	17709	2026-07-19
vovworld.vn	9520	2026-01-25
vox.com	19973	2026-07-19
voxy.co.nz	48332	2026-07-07
vpm.org	20009	2023-01-27
vpr.org	5702	2022-06-22
vtcng.com	14163	2026-07-19
vtdigger.org	12560	2026-07-19
vulcanadvocate.com	8681	2026-07-19
vulture.com	25584	2026-07-19
vvdailypress.com	8735	2023-09-11
w4country.com	5937	2026-07-19
wa1a.com	10260	2026-07-19
waateanews.com	25714	2026-07-19
waaytv.com	47268	2026-07-19
wabcradio.com	7619	2025-02-02
wabe.org	21327	2026-04-24
wabi.tv	37732	2026-07-19
wabx.net	33283	2026-07-19
wach.com	37176	2026-07-19
wacotrib.com	70807	2026-07-17
wadenapj.com	25314	2026-07-19
wadk.com	36193	2026-07-18
waer.org	40412	2026-07-19
wafb.com	38362	2026-07-19
waff.com	33003	2026-07-19
wagmtv.com	12269	2026-07-18
wahoo-ashland-waverly.com	17384	2026-07-18
wahpetondailynews.com	15542	2026-07-19
waka.com	10856	2026-07-19
wakefieldexpress.co.uk	18345	2025-01-23
wakg.com	7974	2026-07-12
walb.com	33190	2026-07-19
walesonline.co.uk	251817	2026-07-19
walkermn.com	14523	2026-07-19
wallaceburgcourierpress.com	38498	2026-06-29
wallowa.com	8365	2026-07-19
wallpaper.com	15109	2026-07-19
walls102.com	8142	2023-06-13
wallstreet-online.de	85440	2026-07-19
wam.ae	15139	2023-11-04
wamc.org	51799	2026-07-19
wamda.com	5814	2026-07-15
wandsworthguardian.co.uk	130382	2026-07-19
wandtv.com	60728	2026-07-19
wantedinrome.com	8883	2026-07-17
wape.com	12409	2026-07-19
wapt.com	67081	2026-07-19
wardsauto.com	7046	2026-02-03
warm1033.com	24189	2026-07-19
warm1069.com	9638	2026-07-17
warm98.com	11571	2026-07-19
warringtonguardian.co.uk	154139	2026-07-19
warsawvoice.pl	12750	2026-03-18
warwickdailynews.com.au	51988	2021-04-28
warwickonline.com	5950	2026-07-16
warwickshireworld.com	12934	2025-01-23
washingtonblade.com	8381	2026-07-19
washingtonexaminer.com	161153	2026-07-19
washingtonian.com	12938	2026-07-17
washingtoninformer.com	6813	2026-07-17
washingtonpost.com	306594	2024-08-02
washingtontimes.com	292813	2026-04-13
washtimesherald.com	43282	2026-07-19
waste360.com	5106	2025-01-19
wataugademocrat.com	48640	2026-07-19
watchingamerica.com	8089	2026-07-19
waterford-news.ie	67194	2026-07-19
watermarkonline.com	35425	2025-11-03
wateronline.com	10763	2026-07-18
waterwaysjournal.net	5391	2026-07-17
watfordobserver.co.uk	110700	2026-07-19
watoday.com.au	131868	2026-07-19
wattsupwiththat.com	8195	2026-07-19
wausaudailyherald.com	9127	2023-09-11
waxahachietx.com	5976	2026-07-09
wbaa.org	77218	2026-07-19
wbal.com	70125	2026-07-04
wbaltv.com	73973	2026-07-19
wbap.com	88569	2026-07-19
wbay.com	38374	2026-07-19
wbbjtv.com	34151	2026-07-19
wbckfm.com	23781	2025-11-29
wbco.com	6113	2026-07-17
wbez.org	6311	2026-07-19
wbfo.org	39821	2025-04-01
wbgo.org	5968	2026-07-18
wbir.com	60093	2026-06-05
wbiw.com	46181	2026-07-19
wbjournal.com	13544	2026-07-18
wbkb11.com	6818	2026-07-19
wbko.com	23411	2026-07-19
wbkr.com	25188	2026-07-19
wblk.com	38407	2026-07-18
wblm.com	33346	2026-07-19
wbls.com	9472	2026-07-17
wbmq.net	17237	2020-08-26
wbng.com	23482	2026-07-19
wbnowqct.com	5655	2026-07-17
wbnq.com	12732	2026-07-19
wboc.com	90997	2026-07-19
wboi.org	45336	2026-07-19
wbrc.com	46672	2026-07-19
wbrz.com	72159	2026-07-19
wbsm.com	20217	2026-07-19
wbszfm.com	5335	2026-07-12
wbt.com	8194	2026-07-19
wbtmdanville.com	9569	2026-07-11
wbtv.com	36002	2026-07-19
wbur.org	53845	2026-07-19
wbwn.com	9476	2026-07-19
wcax.com	39812	2026-07-19
wcbe.org	58586	2026-07-19
wcbi.com	20902	2026-07-19
wcbm.com	28622	2026-07-19
wccbcharlotte.com	41396	2026-07-19
wccftech.com	47356	2026-07-19
wccq.com	9401	2024-05-24
wcfcourier.com	114186	2026-07-19
wchstv.com	36056	2026-07-19
wcjb.com	32750	2026-07-19
wclk.com	33163	2026-07-19
wclo.com	10685	2025-05-20
wcnc.com	66822	2026-06-06
wcoapensacola.com	43567	2026-07-19
wcpo.com	32523	2026-07-19
wcrz.com	21949	2026-07-18
wcsmradio.com	10214	2026-07-18
wcsufm.org	64491	2026-07-19
wcsx.com	17712	2026-07-19
wcsy.com	39571	2026-07-06
wcti12.com	41262	2026-07-19
wctrib.com	53760	2026-07-19
wctv.tv	29162	2026-07-19
wcvb.com	102040	2026-07-19
wcyb.com	33070	2026-07-19
wcyy.com	30002	2026-07-19
wdadradio.com	14565	2026-07-19
wdam.com	35288	2026-07-19
wdbj7.com	34600	2026-07-19
wdbo.com	48001	2026-07-19
wdbqam.com	9916	2026-07-19
wdef.com	24747	2026-07-19
wdel.com	25779	2026-07-19
wden.com	5684	2026-07-19
wdet.org	10100	2026-07-18
wdez.com	22612	2026-07-19
wdhafm.com	15484	2026-07-19
wdio.com	62276	2026-07-19
wdiy.org	44599	2026-07-19
wdjx.com	8595	2026-07-17
wdkx.com	5395	2022-07-25
wdrb.com	100420	2026-07-19
wdrv.com	9123	2026-07-17
wdsm710.com	39614	2026-07-19
wdsu.com	104354	2026-07-19
wdtimes.com	33647	2026-07-19
wdtv.com	20212	2026-07-19
wdzz.com	8953	2026-07-19
weaa.org	51021	2025-02-25
wealthmanagement.com	17125	2026-07-17
weareiowa.com	7839	2026-03-16
weartv.com	34383	2026-07-19
weatherforddemocrat.com	14190	2026-07-19
weathernationtv.com	6061	2026-07-19
weau.com	31204	2026-07-19
webcamfeet.com	5756	2021-11-12
webindia123.com	421475	2026-07-19
webmd.com	10273	2026-07-16
webwire.com	36618	2026-07-18
wect.com	36063	2026-07-18
weeklyblitz.net	31854	2026-07-19
weeklytimesnow.com.au	11584	2024-07-22
weforum.org	8434	2024-01-12
wegotthiscovered.com	68271	2025-02-24
weirtondailytimes.com	21753	2026-07-18
weisradio.com	18260	2026-01-06
wellandtribune.ca	70611	2026-07-19
wellingtondailynews.com	5441	2026-07-16
wellingtontimes.com.au	35933	2026-07-19
wellsvilledaily.com	5537	2022-04-14
wemu.org	34059	2026-07-19
wenatcheeworld.com	25344	2026-07-19
wenxuecity.com	34121	2026-07-19
weny.com	30123	2026-07-19
wesa.fm	41179	2026-06-04
wesh.com	77420	2026-07-19
wesm913.org	17888	2022-01-28
westcentralonline.com	16888	2026-07-19
westcentralsbest.com	48151	2026-07-19
westerlynews.ca	30745	2026-07-19
westernadvocate.com.au	110595	2026-07-19
westernmassnews.com	22680	2026-07-19
westernpeople.ie	35246	2026-07-19
westerntelegraph.co.uk	123793	2026-07-19
westernweekender.com.au	5504	2026-07-19
westernwheel.ca	6258	2025-09-05
westfaironline.com	12220	2026-07-19
westhawaiitoday.com	19720	2026-07-19
westkentuckystar.com	29693	2026-07-18
westmeathexaminer.ie	46803	2026-07-19
westmeathindependent.ie	45871	2026-07-19
westofthei.com	7074	2026-07-19
westport-news.com	54149	2022-03-01
westseattleblog.com	47469	2026-07-19
westsussextoday.co.uk	7480	2022-02-09
westword.com	12937	2026-07-19
wetaskiwintimes.com	15291	2026-07-19
weyburnreview.com	37373	2021-07-29
wfaa.com	64004	2026-06-05
wfae.org	69408	2026-07-19
wfasam.com	13054	2021-05-17
wfav951.com	14072	2026-07-17
wfdd.org	51447	2026-07-19
wfgr.com	21383	2024-07-03
wfin.com	45335	2025-06-14
wfirnews.com	5222	2026-07-19
wfit.org	6661	2026-07-16
wfiwradio.com	11748	2026-07-18
wfls.com	17408	2026-07-19
wflx.com	32539	2026-07-19
wfmd.com	13534	2026-07-18
wfmj.com	110116	2026-07-19
wfms.com	7238	2026-07-19
wfmynews2.com	66653	2026-06-05
wfmz.com	253956	2026-07-19
wfnc640am.com	68932	2026-06-25
wfnt.com	13135	2026-07-18
wfsb.com	36131	2026-07-19
wfsu.org	47883	2026-07-19
wftv.com	44475	2026-07-19
wftw.com	69191	2025-03-28
wfuv.org	9610	2026-07-19
wfxd.com	6582	2026-04-09
wfxl.com	6512	2025-09-11
wfyi.org	14818	2026-07-18
wgac.com	6460	2026-07-18
wgal.com	81343	2026-07-19
wgan.com	15051	2026-07-19
wgauradio.com	58940	2026-07-19
wgbh.org	23845	2026-07-19
wgcu.org	30591	2026-07-19
wgil.com	10100	2026-07-09
wglr.com	25280	2026-07-19
wglt.org	60337	2026-07-19
wgmd.com	40457	2026-07-19
wgme.com	40961	2026-07-19
wgna.com	33515	2026-07-19
wgni.com	9119	2026-07-19
wgnsradio.com	16782	2026-07-18
wgntv.com	7621	2026-05-05
wgog.com	6024	2026-07-17
wgow.com	46829	2026-07-19
wgowam.com	74889	2026-07-19
wgrd.com	44786	2026-07-18
wgrr.com	9985	2026-07-19
wgrz.com	46639	2026-06-05
wgxa.tv	9755	2026-07-19
wharfedaleobserver.co.uk	116347	2026-07-19
whas11.com	68292	2026-06-25
whatdidyousay.org	15446	2025-11-11
whatech.com	27414	2026-07-18
whathifi.com	11133	2026-07-18
whatsnew2day.com	14117	2025-01-27
whatson.ae	20714	2026-07-19
whatsonstage.com	11139	2026-07-18
whatsontv.co.uk	5261	2021-06-10
whattheythink.com	13842	2026-07-17
whbl.com	69220	2026-07-19
whby.com	9187	2026-07-17
whcuradio.com	10235	2024-06-23
whdg.com	16437	2026-07-17
whdh.com	54762	2026-07-19
whec.com	130568	2026-07-19
whidbeynewstimes.com	6040	2026-07-18
whig.com	59965	2026-07-18
whio.com	44658	2026-07-19
whitecourtstar.com	13322	2026-07-19
whitehorsestar.com	5917	2026-01-29
whitehouse.gov	6012	2026-03-17
whitsundaytimes.com.au	56923	2021-04-28
whittierdailynews.com	45683	2026-07-19
whiznews.com	14811	2026-07-19
whky.com	21470	2026-07-19
whmi.com	24442	2026-07-19
whnt.com	6192	2025-06-12
who.int	10232	2026-07-17
whopam.com	23700	2026-07-19
whqr.org	45632	2026-07-19
whro.org	14571	2026-07-19
whrpfm.com	8974	2026-07-19
whsv.com	29022	2026-07-19
whtc.com	47743	2026-07-19
whtimes.co.uk	55398	2026-07-19
whvoradio.com	13931	2026-05-31
whyy.org	26433	2026-07-19
wiartonecho.com	22380	2026-07-19
wibailoutpeople.org	5654	2026-07-19
wibc.com	28344	2026-07-19
wibqam.com	45131	2026-01-10
wibw.com	45771	2026-07-19
wibx950.com	29915	2026-07-17
wickedlocal.com	236673	2023-09-11
wicz.com	61969	2026-07-19
wifc.com	19420	2026-07-19
wifr.com	24686	2026-07-19
wigantoday.net	27415	2025-01-23
wiky.com	40098	2026-07-19
wild1029.com	9137	2026-07-19
wild1049hd.com	6114	2023-03-21
wild941.com	23568	2026-07-19
wiley.com	5260	2026-07-09
williamsondailynews.com	7203	2026-07-19
willistonherald.com	14362	2026-07-19
willitsnews.com	6423	2026-07-18
willmarradio.com	43987	2026-07-18
wilm-tv.com	8193	2021-09-20
wilmingtonbiz.com	12073	2025-01-22
wilsonpost.com	5372	2023-03-01
wilsontimes.com	5579	2026-07-19
wiltonbulletin.com	62996	2025-06-14
wiltsglosstandard.co.uk	116120	2026-07-19
wiltshiretimes.co.uk	145715	2026-07-19
wilx.com	33255	2026-07-19
wimbledonguardian.co.uk	120314	2026-07-19
wimsradio.com	17191	2026-07-19
wimz.com	6760	2026-07-06
winchesterstar.com	61586	2026-07-19
wincountry.com	19471	2026-07-19
windfm.com	6801	2026-07-19
windowscentral.com	33745	2026-07-19
windowstorussia.com	5923	2026-06-10
windpowermonthly.com	7211	2026-07-02
windsor.ctvnews.ca	20740	2025-04-09
windsorite.ca	19835	2025-09-22
windsorstar.com	57759	2026-07-19
windtech-international.com	9202	2026-07-17
wingsmagazine.com	5746	2026-07-17
wink104.com	10253	2026-07-19
winknews.com	54700	2026-07-19
winnipeg.ctvnews.ca	27808	2025-04-25
winnipegfreepress.com	319709	2026-07-19
winnipegsun.com	54057	2026-07-19
winonadailynews.com	37899	2026-07-16
winonapost.com	10440	2026-07-18
winsfordguardian.co.uk	67252	2023-03-07
winteriscoming.net	8320	2026-07-19
wionews.com	25883	2026-02-12
wiov.com	7272	2026-07-19
wired.com	20825	2026-07-19
wiredprnews.com	26047	2025-10-24
wirralglobe.co.uk	133505	2026-07-19
wirx.com	19919	2026-07-09
wisbechstandard.co.uk	35591	2026-07-19
wisbusiness.com	14014	2026-07-17
wisc.edu	13686	2026-07-19
wiscassetnewspaper.com	24565	2026-07-19
wiscnews.com	66636	2026-07-18
wisconsin106.com	15308	2025-03-13
wisconsinagconnection.com	14623	2026-07-17
wisconsinrapidstribune.com	9142	2023-09-11
wisfarmer.com	5440	2023-09-11
wishtv.com	71261	2026-07-19
wislawjournal.com	11691	2026-06-03
wisn.com	73435	2026-07-19
wispolitics.com	20522	2026-07-18
wisr680.com	9054	2026-07-18
wistv.com	38274	2026-07-19
withinnigeria.com	12604	2026-03-04
witl.com	37381	2026-07-19
witn.com	36059	2026-07-19
witneygazette.co.uk	130535	2026-07-19
wits.ac.za	5398	2026-07-18
wivk.com	12243	2026-07-19
wixx.com	27430	2026-07-19
wiznation.com	13159	2026-07-19
wjactv.com	33185	2026-07-19
wjbc.com	39993	2026-07-17
wjbq.com	28382	2026-07-19
wjbr.com	12970	2025-12-04
wjcl.com	70678	2026-07-19
wjct.org	70670	2026-07-19
wjcw.com	56198	2026-06-22
wjez.com	10700	2026-07-19
wjfw.com	20653	2026-07-18
wjhg.com	25548	2026-07-19
wjimam.com	23474	2025-12-01
wjla.com	48539	2026-07-19
wjle.com	5953	2026-07-19
wjmi.com	18966	2026-05-04
wjnt.com	23076	2026-04-22
wjol.com	34579	2026-07-18
wjon.com	37841	2026-07-19
wjoxam.com	50601	2026-04-07
wjpf.com	5986	2026-07-16
wjr.com	43571	2026-07-18
wjrz.com	13627	2026-07-19
wjsu.org	19822	2025-03-11
wjtn.com	20516	2026-07-18
wjvl.com	5257	2025-03-09
wkar.org	18127	2026-07-19
wkbw.com	41022	2026-07-19
wkdq.com	36651	2026-07-19
wkdzradio.com	16787	2026-06-14
wkfr.com	24493	2026-07-17
wkjc.com	42296	2026-07-18
wkkg.com	9756	2026-07-17
wkmi.com	17491	2025-11-30
wkml.com	15686	2026-07-19
wkms.org	54140	2026-07-19
wknofm.org	81978	2026-07-19
wkow.com	6158	2026-05-21
wkrb13.com	486644	2025-04-18
wksn.com	20463	2026-07-18
wksu.org	17996	2022-12-08
wktn.com	10069	2026-07-19
wktv.com	42653	2026-07-19
wkuherald.com	9452	2026-07-17
wkvi.com	7516	2026-07-17
wkxi.com	15993	2026-05-09
wkyc.com	70523	2026-06-06
wkyt.com	33052	2026-07-19
wkyufm.org	43935	2026-07-19
wkzo.com	76700	2026-07-19
wlav.com	10414	2026-07-19
wlbt.com	8276	2026-03-19
wlds.com	11519	2026-07-16
wlec.com	22783	2026-07-19
wlevradio.com	9724	2026-07-19
wlfi.com	25450	2026-07-17
wlip.com	22890	2026-07-17
wlkm.com	8661	2026-07-17
wlky.com	81282	2026-07-19
wlni.com	5321	2026-04-30
wlos.com	40370	2026-07-19
wlox.com	33117	2026-07-19
wlrfm.com	16507	2026-07-19
wlrh.org	26538	2026-07-16
wlrn.org	49352	2026-07-19
wlsam.com	54480	2026-07-17
wltribune.com	32778	2026-07-19
wltx.com	63246	2026-06-25
wltz.com	6310	2026-06-19
wlwi.com	6272	2026-07-19
wlwt.com	90317	2026-07-19
wmac-am.com	48144	2026-07-19
wmagazine.com	6409	2026-07-17
wmal.com	39455	2026-07-19
wmay.com	11097	2025-04-11
wmbfnews.com	39129	2026-07-19
wmcactionnews5.com	21076	2021-05-19
wmdt.com	33587	2026-07-18
wmfe.org	18986	2024-04-02
wmgk.com	16322	2026-07-19
wmicentral.com	10463	2026-07-19
wmmq.com	33823	2026-07-19
wmnf.org	7432	2026-07-17
wmot.org	24000	2025-08-12
wmra.org	44678	2026-07-19
wmtram.com	9978	2026-07-18
wmtv15news.com	19146	2026-07-19
wmtw.com	72986	2026-07-19
wmuk.org	24510	2026-07-19
wmur.com	94016	2026-07-19
wn.com	399364	2026-07-15
wnaw.com	18819	2026-07-19
wnax.com	8989	2026-07-17
wnbf.com	17854	2026-07-19
wncv.com	9131	2026-07-19
wncw.org	31841	2026-07-19
wncy.com	27511	2026-07-18
wnd.com	37200	2026-07-19
wndu.com	31302	2026-07-19
wnem.com	23358	2026-07-19
wnep.com	57274	2026-06-05
wnewsj.com	19288	2025-05-15
wnir.com	9576	2026-07-17
wnmtradio.com	19176	2022-12-08
wnmufm.org	71209	2026-07-19
wnpr.org	6587	2021-07-14
wnyt.com	45063	2026-03-11
woad.com	19065	2026-04-22
wobm.com	59417	2026-07-19
wogb.fm	17212	2026-07-19
wogx.com	18510	2026-07-19
wohfradio.com	29164	2026-07-19
wokq.com	27543	2026-07-19
wokv.com	62795	2026-07-19
womanandhome.com	24963	2026-07-19
womansworld.com	12717	2026-07-19
womenofchina.cn	11042	2025-06-09
womenshealthmag.com	17191	2026-07-18
wondradio.com	41885	2026-07-18
wonkette.com	5739	2026-06-22
woodallscm.com	5469	2026-07-17
woodlandsonline.com	10069	2026-07-19
woodstocksentinelreview.com	40835	2026-07-19
woodwardnews.net	10398	2026-07-19
woodworkingnetwork.com	9527	2025-12-16
woonsocketcall.com	12514	2026-07-19
worcesternews.co.uk	107403	2026-07-19
wordpress.com	17076	2026-07-19
workers.org	5585	2026-03-06
workerscompensation.com	8343	2026-07-17
workersliberty.org	8719	2025-11-07
worksopguardian.co.uk	12974	2025-01-23
world-nuclear-news.org	7310	2026-07-17
worldbank.org	10193	2026-07-14
worldboxingnews.net	7275	2025-03-04
worldcasinodirectory.com	7870	2026-07-19
worldcrunch.com	14971	2025-01-23
worldipreview.com	5089	2026-07-17
worldoil.com	13668	2026-07-17
worldpoliticsreview.com	5256	2026-07-17
worldscreen.com	13861	2025-08-22
worldsoccertalk.com	14787	2022-08-10
worldtempus.com	6300	2026-07-18
wortfm.org	6174	2025-05-02
worthingherald.co.uk	6867	2022-02-10
worthplaying.com	13386	2026-07-19
worthynews.com	5905	2026-07-19
wosu.org	15427	2026-07-17
woub.org	10717	2026-07-18
wowo.com	9838	2026-07-18
wowt.com	38180	2026-07-19
wpbf.com	66626	2026-07-19
wpde.com	47460	2026-07-19
wpdh.com	44500	2026-07-19
wphm.net	13327	2026-07-01
wpr.org	11419	2026-07-19
wprl.org	54300	2025-10-06
wpsdlocal6.com	53805	2026-07-19
wpst.com	36759	2026-07-19
wpsu.org	64967	2026-07-19
wptv.com	51853	2026-07-19
wpxi.com	44304	2026-07-19
wqad.com	51386	2026-06-05
wqcmfm.com	13718	2026-07-15
wqcs.org	56197	2026-07-19
wqel.com	5652	2026-07-17
wqut.com	21585	2026-07-19
wral.com	150903	2026-07-19
wraltechwire.com	12216	2025-11-06
wrcbtv.com	57393	2022-01-13
wrdw.com	38238	2026-07-19
wrestlezone.com	38174	2026-07-19
wrestlinginc.com	62392	2026-07-19
wrestlingnewssource.com	25672	2026-07-06
wrexham.com	15573	2026-07-19
wrfalp.com	7767	2026-07-17
wrganews.com	12442	2026-07-19
wrhi.com	5555	2026-07-14
wrif.com	30236	2026-07-19
writersdigest.com	5637	2026-07-19
wrjn.com	5385	2026-07-18
wrjo.com	5696	2026-07-19
wrkf.org	37307	2026-07-19
wrkr.com	24515	2026-07-19
wrmf.com	11001	2026-07-19
wror.com	20432	2026-07-19
wrp.org.uk	6224	2026-07-18
wrrv.com	38901	2026-07-19
wruf.com	10591	2026-07-18
wrur.org	9389	2026-07-19
wrvo.org	61666	2026-07-19
wsau.com	103402	2026-07-19
wsaw.com	30772	2026-07-19
wsaz.com	27663	2026-07-19
wsbradio.com	62031	2026-07-19
wsbs.com	12817	2026-07-17
wsbt.com	39181	2026-07-19
wsbtv.com	53568	2026-07-19
wscountytimes.co.uk	6332	2022-02-09
wset.com	41602	2026-07-19
wsfa.com	31879	2026-07-19
wsfl.com	7140	2026-07-19
wsgw.com	20245	2026-07-17
wshu.org	40581	2026-07-19
wsiltv.com	53407	2026-07-18
wsiu.org	75666	2026-07-19
wsj.com	58643	2026-06-22
wsjm.com	30713	2026-07-16
wsjs.com	5404	2026-07-08
wskg.org	6784	2026-03-08
wsls.com	134841	2026-07-19
wsmv.com	35747	2026-07-19
wsnewspublishers.com	7109	2025-08-29
wsoctv.com	44559	2026-07-19
wsrkfm.com	18450	2026-07-19
wsu.edu	8527	2026-07-16
wsvaonline.com	5422	2024-04-02
wsvn.com	47539	2026-07-19
wsws.org	40419	2026-07-18
wtae.com	79729	2026-07-19
wtap.com	5700	2026-03-19
wtaq.com	53462	2026-07-19
wtax.com	7000	2024-05-20
wtbdfm.com	11527	2024-01-02
wtbx.com	24766	2026-07-17
wthitv.com	37364	2026-07-19
wtka.com	15955	2024-08-27
wtkr.com	57424	2026-07-19
wtma.com	106690	2026-07-19
wtmj.com	42363	2026-07-15
wtmx.com	10165	2026-07-19
wtoc.com	34904	2026-07-19
wtok.com	23353	2026-07-19
wtol.com	61161	2026-06-06
wtop.com	88504	2026-07-19
wtov9.com	34204	2026-07-19
wtsp.com	75398	2026-06-06
wttf.com	31164	2026-07-19
wttw.com	14739	2025-12-16
wtug.com	18921	2026-07-19
wtva.com	47075	2026-07-19
wtvbam.com	55030	2026-07-19
wtvm.com	27359	2026-07-19
wtvq.com	19957	2026-07-19
wtvr.com	51202	2026-07-19
wtvy.com	21982	2026-07-19
wtxl.com	30965	2026-07-19
wuft.org	39629	2026-07-19
wuky.org	27609	2026-07-19
wunc.org	21088	2026-07-18
wupe.com	17798	2026-07-19
wusa9.com	68551	2026-06-05
wutc.org	39945	2026-07-19
wuuqradio.com	11979	2026-07-17
wuwf.org	52789	2026-07-19
wuwm.com	17347	2026-07-19
wvasfm.org	50487	2026-07-19
wvel.com	7412	2026-07-02
wvfm1065.com	5078	2020-12-07
wvgazettemail.com	43326	2026-07-19
wvik.org	52386	2026-07-19
wvlkam.com	68684	2026-07-19
wvlnam.com	8640	2026-07-15
wvmetronews.com	24160	2026-07-19
wvnews.com	110265	2026-01-24
wvnn.com	40823	2026-06-22
wvpublic.org	12577	2026-07-18
wvrecord.com	5873	2025-05-20
wvtf.org	33255	2026-07-19
wvtm13.com	65811	2026-07-19
wvxu.org	43115	2026-07-19
wwaytv3.com	28819	2026-07-19
wwd.com	45438	2026-07-19
wweek.com	12033	2026-07-19
wwisradio.com	5261	2026-07-17
wwjb.com	5988	2025-02-24
wwki.com	5827	2026-07-19
wwltv.com	56312	2026-06-05
wwmt.com	40756	2026-07-19
wwno.org	46094	2026-07-19
wwnytv.com	25661	2026-07-19
wwqq101.com	5726	2026-07-19
wxerfm.com	18874	2026-07-19
wxfx.com	9276	2026-07-19
wxii12.com	76511	2026-07-19
wxkr.com	13855	2026-07-19
wxlo.com	9707	2026-07-19
wxow.com	51943	2026-07-19
wxpr.org	30916	2026-07-19
wxxinews.org	54561	2026-07-19
wxxv25.com	26950	2026-07-19
wxyz.com	51854	2026-07-19
wydaily.com	15436	2026-07-18
wyff4.com	79587	2026-07-19
wynn1063.com	20497	2026-07-19
wyomingnews.com	92523	2026-07-19
wyomingnewsnow.tv	36371	2026-07-19
wyomingpublicmedia.org	44071	2026-07-19
wypr.org	51601	2026-07-19
wyrk.com	43266	2026-07-19
wyshradio.com	5149	2026-07-16
wyso.org	43946	2026-07-19
wysu.org	24872	2026-07-19
wzid.com	6618	2026-07-18
wzozfm.com	19087	2026-07-19
wzpl.com	7807	2026-07-19
wzzm13.com	69198	2026-06-26
x1071.com	31047	2026-07-19
xboxachievements.com	9229	2025-04-26
xinhuanet.com	172414	2026-06-16
xlcountry.com	14102	2026-07-19
xpatloop.com	10252	2026-07-15
xtra99.com	17635	2026-07-18
xxlmag.com	13567	2026-07-17
y-103.com	9649	2026-07-19
y100fm.com	7686	2026-07-18
y101.com	14104	2026-07-19
y101hits.com	10005	2026-07-19
y102montgomery.com	22877	2026-07-19
y105fm.com	40660	2026-07-19
y105music.com	25860	2026-07-17
y108.ca	8103	2026-07-19
y94.com	36883	2026-07-19
y95country.com	28710	2026-07-19
yachtsandyachting.com	29946	2026-07-19
yahoo.com	6363214	2026-07-19
yakimaherald.com	98449	2026-07-19
yaktrinews.com	8775	2023-06-26
yale.edu	11637	2026-07-17
yaledailynews.com	5862	2026-01-16
yalibnan.com	9178	2026-07-19
yambolnews.net	6474	2025-10-22
yanksgoyard.com	5374	2026-07-19
yankton.net	60713	2026-07-19
yardbarker.com	164170	2026-07-19
yasstribune.com.au	67690	2026-07-19
ycombinator.com	5895	2026-07-18
ydr.com	6710	2023-09-11
yellowhammernews.com	13799	2026-07-19
yen.com.gh	10134	2026-03-19
yenisafak.com	20714	2025-09-16
yeovilexpress.co.uk	58449	2023-06-08
yesweekly.com	10460	2026-07-17
yle.fi	16899	2026-07-17
yna.co.kr	6410	2026-03-12
ynaija.com	8994	2026-07-19
ynetnews.com	65725	2026-07-19
yorkdispatch.com	14408	2023-09-11
yorknewstimes.com	47498	2026-07-18
yorkpress.co.uk	167136	2026-07-19
yorkregion.com	11887	2026-07-19
yorkshireeveningpost.co.uk	26040	2025-01-23
yorkshirepost.co.uk	60971	2025-01-23
yorktonthisweek.com	42911	2021-07-29
youngwitness.com.au	19869	2026-07-15
youralaskalink.com	22280	2026-07-18
yourdemocracy.net	5472	2026-07-19
yourdemocracy.net.au	18706	2026-07-19
youredm.com	7476	2026-06-26
yourfortdodge.com	19780	2026-07-09
yourlocalguardian.co.uk	188010	2026-07-19
yourobserver.com	13482	2025-09-10
yoursourceone.com	80579	2026-07-19
yourstephenvilletx.com	5057	2026-07-16
yourstory.com	36278	2026-07-04
yourtango.com	47590	2026-07-19
yourthurrock.com	10902	2026-07-19
yovizag.com	6602	2026-07-18
ypradio.org	67269	2026-07-19
yubanet.com	8773	2026-07-18
yukon-news.com	6310	2026-07-18
yumasun.com	59860	2026-07-19
z100fm.com	5678	2026-07-12
z100missoula.com	14707	2026-07-19
z1023online.com	16922	2026-07-19
z103.fm	11188	2024-08-29
z1077fm.com	11099	2026-07-19
z937.com	20952	2026-07-19
z93jamz.com	16263	2026-07-19
z94.com	26028	2026-07-19
z943radio.com	8741	2025-01-06
z96.com	10485	2026-07-19
zawya.com	199724	2026-07-19
zazoom.it	10626	2026-07-13
zdnet.com	40489	2026-07-19
zerohedge.com	132475	2026-07-19
zfenglish.com	40021	2026-07-17
ziarelive.ro	5451	2024-08-01
zigwheels.com	20855	2026-07-15
zimbabwesituation.com	15644	2026-07-19
zimbabwestar.com	52427	2026-07-19
zimeye.net	10503	2026-07-05
zizonline.com	6597	2026-07-17
zmescience.com	13231	2026-07-18
znsbahamas.com	5761	2026-07-17
zodiakmalawi.com	6755	2026-07-16
zonebourse.com	6769	2026-05-15
zrock103.com	9017	2026-07-19
zululandobserver.co.za	18680	2023-08-31
