1005freshradio.ca	8949	2026-08-24
1009theeagle.com	11642	2026-08-20
1010wcsi.com	7307	2025-08-27
1011now.com	33510	2026-08-30
1015hankfm.com	9175	2025-07-28
1015thehawk.com	10170	2026-03-23
1015vibe.com	8514	2026-08-29
1019thebeatfm.com	9206	2025-05-15
1019thekeg.com	26327	2026-05-12
1019therock.com	25482	2026-08-29
1021thefox.com	9200	2026-08-29
1023thebullfm.com	17946	2026-08-24
1023thewolf.com	8199	2026-08-28
1025kiss.com	37614	2026-08-30
1025wowcountry.com	7508	2026-08-30
1027kord.com	33165	2026-08-30
1027thevibe.com	7868	2026-08-30
102thebear.com	6105	2026-08-30
1031freshradio.ca	8924	2026-08-12
1033theeagle.com	6666	2026-08-27
1033wvyb.com	8660	2026-08-30
1035kissfmboise.com	24974	2026-08-29
1035theeagle.com	9324	2026-07-29
1037theloon.com	27689	2026-08-30
1039wvbo.com	27958	2026-08-30
103gbfrocks.com	36241	2026-08-30
103kkcn.com	19414	2026-08-30
103weup.com	9993	2026-08-30
103wjod.com	23717	2026-08-30
1041wdlt.com	9486	2026-08-30
1043freshradio.ca	8348	2026-06-29
1043theparty.com	7427	2026-08-30
1045bobfm.com	5391	2024-09-10
1045freshradio.ca	7545	2026-08-28
1045theteam.com	22955	2026-08-30
1045thezone.com	30216	2026-08-30
1045wjjk.com	5924	2026-08-30
1049maxcountry.com	8001	2021-04-15
1049nashicon.com	5884	2026-08-30
1049thebeat.com	17887	2026-08-30
1049theedge.com	7670	2023-01-13
1049thewolf.com	16046	2026-08-30
104thehawk.com	10951	2026-08-29
1050talk.com	7314	2020-02-18
1053hotfm.com	6125	2026-08-30
1055thehawk.com	6159	2024-06-16
1057thehawk.com	56100	2026-08-30
1057thepoint.com	16045	2026-08-28
1057thex.com	9273	2026-08-30
1059thehog.com	9300	2026-08-30
1063cowboycountry.com	6354	2021-01-15
1063thebuzz.com	31029	2026-08-30
1063thegroove.com	7878	2026-08-30
1065thearch.com	12059	2026-08-28
1065thebuzz.com	15779	2026-08-29
1069morefm.com	6042	2022-09-07
1073modfm.com	24944	2026-08-10
1073theeagle.com	9388	2026-08-29
1073wsjy.com	5991	2025-11-22
1075daverocks.com	7759	2026-08-24
1075koolfm.com	7759	2026-08-28
1075thegame.com	41704	2026-08-30
1075zoofm.com	8459	2022-07-07
1077thebone.com	7178	2026-08-29
1079ishot.com	48192	2026-08-30
107jamz.com	17749	2026-08-30
1090kaay.com	19763	2026-08-30
10news.com	97820	2026-08-30
10tv.com	62651	2026-06-25
1150kknw.com	5768	2026-08-30
1170kfaq.com	5326	2020-05-08
11alive.com	76527	2026-06-06
1280wnam.com	22183	2026-02-02
1290wlby.com	38460	2026-08-30
12news.com	62356	2026-06-26
12newsnow.com	54381	2026-06-06
12onyourside.com	12998	2026-08-30
1310kfka.com	13907	2026-08-28
1310news.com	29075	2020-12-03
1350kman.com	15890	2026-08-29
1370wfea.com	8827	2026-08-28
1380kcim.com	8887	2026-03-18
13abc.com	29672	2026-08-30
13newsnow.com	73852	2026-06-06
13wham.com	42056	2026-08-30
13wmaz.com	59415	2026-06-06
1470kyyw.com	8973	2026-08-30
1470wmbd.com	10508	2023-03-10
1490wosh.com	81719	2026-08-30
14news.com	41055	2026-08-30
1520theticket.com	53163	2026-06-29
1590walg.com	17537	2020-08-26
1630kcjj.com	13934	2026-08-29
1660thefan.com	10612	2020-12-04
1prime.biz	32781	2023-12-29
247sports.com	6960	2023-02-02
247wallst.com	18394	2026-08-30
27east.com	7982	2026-08-29
29news.com	10846	2026-08-29
2ec.com.au	5323	2026-08-29
2gb.com	31672	2026-08-30
2hd.com.au	5912	2024-12-18
2lt.com.au	15943	2026-08-30
2merkato.com	5206	2026-08-26
2news.com	82206	2026-08-30
2nm.com.au	5273	2026-08-29
2paragraphs.com	14463	2026-08-30
360cities.net	23862	2026-06-04
360nobs.com	5978	2020-10-03
3aw.com.au	19469	2026-08-29
3blmedia.com	8423	2026-08-28
3quarksdaily.com	9653	2026-05-24
4029tv.com	65953	2026-08-30
411mania.com	105251	2025-11-29
41nbc.com	26758	2026-08-29
4bc.com.au	27862	2026-08-30
4ni.co.uk	13972	2026-08-28
51.ca	7499	2026-08-30
5280.com	5623	2026-08-28
560cfos.ca	11980	2025-07-31
570news.com	56393	2021-10-17
5newsonline.com	51740	2026-06-06
5tjt.com	10304	2026-06-04
6000.co.za	5301	2026-08-30
620ckrm.com	26528	2026-08-30
640wxsm.com	68857	2026-08-30
660wxqw.com	20062	2025-06-14
680kfeq.com	13562	2026-08-13
680news.com	113457	2021-10-17
6abc.com	61404	2026-08-30
6pr.com.au	10653	2026-08-30
702.co.za	24442	2024-01-15
710keel.com	26127	2026-08-29
730ckdm.com	6718	2026-08-30
740thefan.com	28762	2026-08-30
790business.com	41914	2022-08-10
790wpic.com	61853	2026-08-18
7news.com.au	5070	2026-03-12
7newsbelize.com	38528	2026-08-29
7thspace.com	39838	2024-09-15
850wftl.com	18211	2026-05-06
895thelake.ca	8534	2023-11-21
90min.com	58926	2025-09-29
915thebeat.com	8649	2026-08-24
919thebend.ca	10859	2026-02-10
91x.fm	5257	2026-08-28
921theticket.com	86062	2026-08-30
921wrou.com	25343	2026-08-10
927thedrive.net	19822	2026-08-29
927thevan.com	17824	2026-08-29
929nin.com	47381	2026-08-30
929peakfm.com	13817	2026-08-30
929thebull.com	31254	2026-08-30
929thelake.com	30665	2026-08-30
929theticket.com	9403	2026-08-30
929zzu.com	9012	2026-08-30
92moose.fm	29151	2026-08-29
92q.com	17840	2026-08-30
92qnashville.com	10508	2026-08-30
931coast.com	6735	2026-08-29
931freshradio.ca	8096	2026-08-24
931kmkt.com	18250	2026-08-23
931thebeat.com	9221	2026-08-30
931theborder.ca	8735	2025-09-08
933nashicon.com	5785	2026-08-30
933thedrive.com	38582	2026-08-30
937kclb.com	9653	2026-08-10
937kcountry.com	5223	2026-08-28
937nashicon.com	7073	2025-03-17
937theeagle.com	5818	2026-08-25
93q.com	19490	2026-08-30
93x.com	5535	2026-08-30
940wfaw.com	27438	2024-10-06
941theduke.com	7634	2026-08-27
943jackfm.com	22996	2026-08-29
943thepoint.com	57128	2026-08-30
945thehawkradio.com	5932	2026-08-30
945themoose.com	8684	2026-08-25
947wls.com	5736	2026-08-21
949whom.com	28810	2026-08-29
951kbby.com	8921	2026-08-30
953thebear.com	31226	2026-08-30
953thescore.com	60985	2026-08-30
955glo.com	9017	2026-08-29
955wtvy.com	6066	2026-08-28
959kissfm.com	12387	2026-08-30
95kqds.com	9666	2026-08-26
95rockfm.com	31579	2026-08-30
95sx.com	10412	2026-08-30
961jamz.com	8913	2026-08-30
961theeagle.com	34588	2026-08-30
963bigfm.com	7372	2026-08-20
963jackfm.com	8525	2026-08-28
963kklz.com	16931	2026-08-30
963theblaze.com	27784	2026-08-30
963wdvd.com	5197	2026-08-18
963xke.com	6248	2026-08-29
965bobfm.com	7279	2024-08-08
965kvki.com	39497	2026-08-30
965therock.com	20260	2026-08-30
967theeagle.net	32672	2026-08-30
969therock.com	14916	2026-08-30
96fm.ie	5792	2026-08-27
96krock.com	27053	2026-08-06
96kzel.com	9085	2026-08-29
971kissfm.com	5102	2022-09-16
973thedawg.com	46334	2026-08-30
975kgkl.com	21548	2026-08-30
975klak.com	6919	2020-05-30
975now.com	34764	2026-08-30
975thevibe.com	22759	2026-08-30
975wabd.com	11123	2026-08-30
977thebay.com	6160	2026-08-28
977theriver.com	12897	2025-05-26
979kickfm.com	32019	2026-08-30
979nashicon.com	5511	2026-08-30
979x.com	10461	2026-08-30
97rockonline.com	33399	2026-08-30
97x.com	22176	2026-08-28
97xonline.com	8009	2026-08-29
97zokonline.com	38771	2026-08-30
980waav.com	77032	2026-08-30
981thehawk.com	35918	2026-08-30
981themax.com	9259	2026-08-30
983nashicon.com	5951	2026-08-30
983thecoast.com	34934	2026-08-10
983thesnake.com	21673	2026-08-29
983wlcs.com	6156	2026-08-18
985kissfm.net	6094	2026-08-30
985thebull.com	12688	2026-08-10
987jack.com	23657	2026-08-30
987thebomb.com	6540	2026-08-21
987thebull.com	11553	2026-08-12
989magicfm.com	10579	2026-08-30
989xfm.ca	5695	2026-08-28
98cool.ca	11143	2026-08-30
98fm.com	14221	2026-08-28
98kupd.com	9214	2026-08-28
98q.com	7127	2026-08-28
98rocks.fm	18119	2026-08-13
98theticket.com	15783	2021-01-15
991thewhale.com	32573	2026-08-30
993kjoy.com	9748	2026-08-30
993thex.com	6074	2026-08-22
995qyk.com	21310	2026-08-30
995thewolf.com	7205	2026-08-28
997wtn.com	79229	2026-08-18
999ktdy.com	35782	2026-08-30
999thefoxrocks.com	7194	2026-08-30
999thepoint.com	27145	2026-08-30
99jamzmiami.com	5485	2026-08-28
9and10news.com	61215	2026-08-29
9news.com	62857	2026-06-05
9news.com.au	107292	2026-05-31
9thlevel.ie	8248	2025-12-04
9to5mac.com	21972	2026-08-30
aa.com.tr	88796	2026-08-30
aaj.tv	6866	2025-10-27
aarp.org	13960	2026-08-27
aawsat.com	124714	2026-08-30
abajournal.com	10759	2026-08-30
abbynews.com	33109	2026-08-30
abc-7.com	25368	2025-02-05
abc.net.au	196813	2026-08-30
abc10.com	72693	2026-06-25
abc11.com	77501	2026-08-30
abc12.com	36245	2026-08-30
abc13.com	85497	2026-08-30
abc15.com	54666	2026-08-30
abc17news.com	107741	2026-08-30
abc23.com	10483	2026-08-30
abc30.com	67972	2026-08-30
abc3340.com	42018	2026-08-30
abc57.com	58753	2026-08-30
abc6.com	10148	2026-01-23
abc6onyourside.com	41127	2026-08-30
abc7.com	71589	2026-08-30
abc7amarillo.com	32841	2026-08-30
abc7chicago.com	98868	2026-08-30
abc7news.com	77701	2026-08-30
abc7ny.com	84805	2026-08-30
abcactionnews.com	47042	2025-08-18
abcaudio.com	5535	2026-06-09
abccolumbia.com	41454	2026-08-30
abcfoxmontana.com	10097	2020-03-03
abcnews.com	17827	2026-08-30
abcnews4.com	47832	2026-08-30
abcnewsradioonline.com	21946	2021-04-12
abebooks.co.uk	5398	2023-12-06
aberdeennews.com	16891	2023-09-11
abnnewswire.net	7337	2026-08-28
aboutmyarea.co.uk	7782	2026-06-14
abovethelaw.com	27599	2026-08-28
abplive.com	7280	2026-03-17
abqjournal.com	86193	2026-08-30
abs-cbn.com	45218	2025-02-12
abstvradio.com	8845	2026-08-29
accesswdun.com	132647	2026-05-26
accountantsdaily.com.au	6865	2026-08-28
accountingtoday.com	18966	2026-08-28
aceshowbiz.com	109845	2026-08-30
ack.net	7241	2026-08-29
acm.org	8233	2025-11-11
acrofan.com	16721	2024-06-05
acs.org	8493	2026-08-28
actionforex.com	43020	2026-08-29
actionnews5.com	20932	2026-08-30
actionnewsjax.com	43055	2026-08-30
actionnewsnow.com	17223	2026-03-19
actmedia.eu	17157	2026-08-28
actuarialpost.co.uk	6591	2026-08-28
adage.com	9059	2026-07-23
adb.org	5277	2026-08-28
adelaidenow.com.au	56534	2024-07-27
adgully.com	77747	2026-08-30
adirondackdailyenterprise.com	16924	2026-04-13
adn.com	47156	2026-08-30
adnews.com.au	11657	2026-08-25
adsoftheworld.com	7091	2022-05-07
advanced-television.com	17080	2026-08-28
advancedbiofuelsusa.info	14500	2023-07-26
advertiser.ie	5147	2026-08-27
advertisernewssouth.com	5220	2026-08-28
advisor.ca	10865	2026-07-14
advocate-news.com	18398	2026-08-30
advocate.com	9099	2026-08-30
advocateanddemocrat.com	29777	2026-08-30
adweek.com	32188	2026-08-28
aei.org	22915	2026-08-28
aero-news.net	93633	2026-08-30
aerospace-technology.com	5672	2024-11-14
aerotechnews.com	7740	2026-08-14
af.mil	23754	2025-02-27
afa.net	5088	2026-08-28
afaqs.com	13964	2026-08-30
afar.com	7627	2026-08-29
afghanislamicpress.com	5698	2026-08-30
afghanistannews.net	56016	2026-08-30
afghanistansun.com	52785	2026-08-30
afghanistantimes.af	5533	2022-02-18
afl.com.au	17139	2026-08-30
afloat.ie	22337	2026-08-07
afn.net	7605	2024-09-08
afr.com	153150	2026-08-30
afr.net	8393	2026-08-30
africa-newsroom.com	44292	2026-08-30
africa.com	24702	2026-08-28
africabusiness.com	6842	2026-08-30
africaintelligence.com	12170	2026-08-07
africaleader.com	100959	2026-08-30
african.business	13985	2025-12-02
africanews.com	45676	2026-08-30
africanexaminer.com	17773	2026-07-23
afro.com	8239	2026-08-29
afropages.fr	37473	2025-09-18
agassizharrisonobserver.com	42500	2026-08-30
agenda.ge	9624	2025-02-27
aginfo.net	23344	2026-08-30
agnews890.com	5708	2026-08-01
agreenliving.org	5844	2022-05-27
agri-pulse.com	6858	2026-08-30
agriculture.com	27864	2026-03-17
agriland.ie	45203	2026-01-13
agrinews-pubs.com	13411	2026-08-30
agupdate.com	17157	2026-08-29
agweek.com	12360	2026-08-29
agwired.com	8308	2026-08-30
ahram.org.eg	100198	2026-08-30
ai-cio.com	5412	2026-08-27
aidesep.org.pe	5933	2025-10-03
aikenstandard.com	5935	2023-06-19
ainonline.com	9974	2026-08-28
airdriecityview.com	43048	2025-01-23
airdrieecho.com	9274	2026-08-30
airdrietoday.com	18510	2023-05-11
airforce-technology.com	6953	2026-08-28
airforcetimes.com	9415	2026-08-29
airliners.net	10712	2026-04-23
airport-technology.com	6138	2026-08-21
ajc.com	73381	2026-08-30
ajmc.com	14664	2026-04-24
ajot.com	10088	2026-08-28
ajp.com.au	6473	2026-08-30
akipress.com	109528	2026-08-30
akp.gov.kh	23416	2026-08-30
akronnewsreporter.com	8727	2026-08-30
al-monitor.com	49330	2026-08-30
al.com	75487	2026-03-25
alabamanews.net	13758	2023-04-13
alabamawx.com	14666	2025-08-14
alamogordonews.com	6074	2026-08-29
alarabiya.net	20388	2025-12-05
alaraby.co.uk	8389	2022-11-16
alaska-native-news.com	8711	2026-08-28
alaskahighwaynews.ca	45396	2023-11-01
alaskapublic.org	8505	2026-08-29
alaskasnewssource.com	12292	2026-08-30
albanyherald.com	81229	2025-06-06
albawaba.com	72225	2026-08-26
alberta.ca	5559	2026-08-28
albuquerqueexpress.com	94606	2026-08-30
aldergrovestar.com	32847	2026-08-30
aldianews.com	9003	2026-08-29
aleteia.org	18190	2026-08-30
algemeiner.com	36912	2026-08-29
alice1077.com	10608	2026-08-30
alice965.com	14480	2026-08-24
alipac.us	32947	2026-08-30
aljazeera.com	122169	2026-08-30
allaboutthejersey.com	5380	2026-08-30
allaccess.com	12520	2024-11-05
allafrica.com	585980	2026-08-30
alleywatch.com	21014	2026-08-27
allhiphop.com	23860	2026-08-30
alligator.org	8824	2026-08-30
allkpop.com	62192	2026-08-23
allmediany.com	7207	2020-10-14
allthehitsb951.com	10357	2026-08-30
alltoc.com	8831	2026-04-15
allure.com	6884	2026-08-29
almanacnews.com	12149	2026-08-30
almanar.com.lb	11558	2026-01-24
almayadeen.net	5251	2025-01-26
alt1017.com	10060	2024-11-19
altaz933.com	7295	2026-08-28
altenergymag.com	9054	2026-08-27
alternet.org	32686	2026-08-30
altondailynews.com	9971	2021-06-21
altoonamirror.com	22208	2026-08-29
altpress.com	9018	2025-01-23
am-online.com	20323	2025-12-12
am1050.com	7241	2024-08-08
am1070theanswer.com	5920	2024-05-17
am1100theflag.com	18223	2026-08-12
am1590theanswer.com	6050	2022-07-01
am920theanswer.com	5919	2024-05-17
am9501007fm.com	27723	2026-06-08
am970theanswer.com	5919	2024-05-17
amarillo.com	9981	2023-09-11
amarillosrockstation.com	9223	2026-08-30
amarujala.com	148264	2026-06-15
amazinavenue.com	8692	2026-08-30
amazingmadison.com	26539	2026-08-29
amazonaws.com	35940	2026-08-04
americamagazine.org	15080	2026-08-29
americanbanker.com	26519	2026-08-29
americanbazaaronline.com	9530	2026-08-30
americanfreepress.net	10087	2026-06-11
americanisraelite.com	7072	2026-08-12
americanpress.com	27321	2026-08-29
americansongwriter.com	49389	2026-08-30
americanthinker.com	51356	2026-08-30
americantop40.com	13961	2026-08-28
amestrib.com	8559	2023-09-11
amherstbulletin.com	5136	2026-08-24
ammonnews.net	14006	2026-08-25
amny.com	20765	2026-08-30
amren.com	20773	2026-08-28
amsterdamnews.com	10212	2026-08-30
analystratings.com	5117	2021-04-29
anandabazar.com	12880	2023-08-22
ancient-origins.net	20320	2026-08-30
andhrawishesh.com	6851	2026-05-02
andina.pe	10818	2025-04-22
andoveradvertiser.co.uk	107417	2026-08-30
androidauthority.com	20938	2026-08-30
androidcentral.com	38576	2026-08-30
androidcommunity.com	6682	2022-02-03
androidheadlines.com	38407	2026-07-30
androidpolice.com	38151	2026-08-30
angelusnews.com	5432	2026-08-28
anglocelt.ie	47607	2026-08-30
angop.ao	7651	2025-01-03
anhuinews.com	18104	2026-08-28
animenewsnetwork.com	59865	2025-09-07
aninews.in	562154	2026-08-30
annistonstar.com	25999	2026-08-30
ansa.it	14779	2026-08-28
ansamed.info	9391	2023-03-13
antaranews.com	74228	2026-08-30
antigojournal.com	32851	2026-08-30
antiguaobserver.com	14333	2026-08-28
antiwar.com	22493	2026-08-30
antonyloewenstein.com	6906	2026-08-30
aol.co.uk	258629	2026-08-30
aol.com	281344	2026-08-30
ap.org	20431	2026-06-04
apartmenttherapy.com	14278	2026-04-26
apnews.com	386275	2025-03-05
app.com	16834	2023-09-11
app.com.pk	33134	2026-04-24
appeal-democrat.com	19497	2026-08-29
applevalleynewsnow.com	9349	2026-08-30
apr.org	32922	2026-08-30
aps.dz	13259	2026-08-30
aqha.com	5136	2026-03-27
arabherald.com	113402	2026-08-30
arabianbusiness.com	34763	2026-01-29
arabnews.com	169003	2026-08-30
arabtimesonline.com	48189	2026-08-30
araratadvertiser.com.au	23515	2026-08-30
archaeology.org	5653	2026-08-29
archdaily.com	83567	2026-08-30
archinect.com	42888	2026-08-29
architectsjournal.co.uk	18619	2026-08-28
architecturaldigest.com	8749	2026-08-28
architectureanddesign.com.au	19262	2026-08-27
archyde.com	14291	2025-01-27
ardmoreite.com	5646	2026-08-30
areadevelopment.com	6893	2026-08-30
areanews.com.au	50214	2026-08-30
argentinastar.com	37453	2026-08-30
argus-press.com	11587	2026-08-29
argusleader.com	11421	2023-09-10
argusmedia.com	7637	2026-08-26
argusobserver.com	14941	2026-08-28
argyllshireadvertiser.co.uk	5460	2024-01-25
ariananews.af	18938	2026-08-30
arirang.co.kr	11819	2022-10-11
arirang.com	11761	2022-10-11
arizona.edu	6961	2026-08-30
arizonadailyindependent.com	11889	2026-08-30
arka.am	10477	2026-08-29
arkansasbusiness.com	16124	2026-03-11
arkansasonline.com	172491	2026-08-30
arkansasrazorbacks.com	8295	2026-08-30
arktimes.com	20315	2026-08-29
arlnow.com	28431	2026-08-29
armenianweekly.com	6573	2026-08-30
armenpress.am	85985	2025-06-04
armidaleexpress.com.au	54360	2026-08-30
armstrongeconomics.com	11063	2026-08-30
army-technology.com	8571	2026-08-28
army.mil	5081	2026-06-18
armytimes.com	10129	2026-08-28
arn.ps	13155	2026-08-30
arnnet.com.au	18160	2026-08-28
arrowheadaddict.com	6695	2026-08-30
arrowheadpride.com	15215	2026-08-30
arsenal.com	14061	2026-08-21
arsenalnews.co.uk	59848	2026-08-30
arstechnica.com	14490	2026-08-30
artdaily.com	48340	2026-08-30
artemis.bm	6268	2026-08-28
artfixdaily.com	6664	2025-11-18
artforum.com	5192	2026-08-29
artnet.com	19077	2026-08-07
artnews.com	9183	2026-08-29
artsjournal.com	9744	2026-08-29
arynews.tv	32510	2026-08-30
as.com	10088	2026-03-19
asahi.com	44608	2026-08-30
asbarez.com	6735	2026-07-15
ashepostandtimes.com	13743	2026-08-30
ashleycountyledger.com	30533	2026-08-28
asiaasset.com	6077	2026-08-30
asiabulletin.com	99686	2026-08-30
asianage.com	35420	2026-08-29
asianews.it	14986	2026-07-09
asianews.network	28814	2026-08-28
asianimage.co.uk	82780	2026-08-30
asianjournal.com	11823	2026-08-30
asiaone.com	151264	2026-08-30
askmen.com	5934	2026-06-04
aspendailynews.com	50164	2026-08-30
aspenpublicradio.org	46438	2026-08-30
aspentimes.com	21467	2026-08-30
astanatimes.com	9135	2026-08-30
astroawani.com	7022	2025-11-17
astronomy.com	6249	2026-08-30
asurampage.com	6110	2026-08-29
at40.com	6095	2021-10-15
athens-times.com	106129	2026-08-29
athensmessenger.com	8951	2026-08-29
athensreview.com	18988	2026-08-29
athleticsnation.com	5478	2026-08-30
atholdailynews.com	20704	2026-08-30
atlantablackstar.com	28181	2026-06-04
atlantafalcons.com	5009	2026-08-29
atlantaleader.com	16140	2026-08-30
atlantanewsfirst.com	28322	2026-08-30
atlantic.ctvnews.ca	32788	2025-01-23
atlanticcouncil.org	8370	2026-08-29
attackofthefanboy.com	21193	2026-08-30
attitude.co.uk	7366	2026-08-28
atvtoday.co.uk	19843	2026-08-30
auburnpub.com	65373	2026-08-30
augustafreepress.com	38626	2026-08-30
austinchronicle.com	31402	2026-08-28
austinglobe.com	88446	2026-08-30
australianherald.com	39588	2026-08-30
australiannews.net	78701	2026-08-30
autoblog.com	23954	2026-06-28
autocarindia.com	20581	2026-08-30
autoconnectedcar.com	5874	2026-08-28
autoevolution.com	85876	2026-05-10
autoexpress.co.uk	17182	2026-08-30
autonews.com	18592	2026-06-18
autoremarketing.com	6145	2026-08-28
autospies.com	24648	2026-08-30
autoweek.com	13172	2026-08-30
avclub.com	26821	2026-05-14
avenuemail.in	19907	2026-08-19
averyjournal.com	11949	2026-08-30
avherald.com	6017	2026-08-30
aviationweek.com	20423	2026-08-28
avn.com	11915	2026-08-28
avondhupress.ie	5702	2026-08-30
avweb.com	7702	2026-08-29
awesome98.com	30379	2026-08-30
awfulannouncing.com	29361	2026-08-30
awn.com	9145	2026-08-29
axios.com	16472	2024-06-05
axisoflogic.com	6291	2022-07-23
axs.com	10667	2025-01-20
aysor.am	5418	2026-08-28
azbigmedia.com	13309	2026-08-30
azbusinessdaily.com	9052	2024-01-25
azcapitoltimes.com	7890	2026-08-28
azcardinals.com	5190	2026-08-30
azcentral.com	69880	2023-09-11
azdailysun.com	49607	2026-08-30
azerbaijannews.net	63688	2026-08-30
azernews.az	58603	2026-08-30
azertag.az	46217	2026-06-23
azfamily.com	50901	2026-08-30
azocleantech.com	9044	2026-08-29
azom.com	15704	2026-08-29
azonano.com	5833	2026-08-28
azorobotics.com	5057	2026-08-27
azpbs.org	6994	2026-08-30
azsnakepit.com	7334	2026-08-30
b100quadcities.com	29336	2026-08-29
b1027.com	28543	2026-08-30
b1039.com	17884	2026-04-17
b1047.com	5644	2026-08-29
b105country.com	15198	2026-08-29
b106fm.com	8816	2026-08-30
b92.net	11321	2026-07-19
b93.net	29894	2026-08-29
b93radio.com	17912	2026-08-29
b975.com	11041	2026-08-28
b97hawaii.com	6881	2026-07-30
b98.com	9868	2026-08-30
b985.com	11502	2026-08-30
b985.fm	33315	2026-08-30
b987.com	6243	2026-08-30
badlefthook.com	11754	2026-08-30
baguiomidlandcourier.com.ph	5491	2024-07-30
baidu.com	49477	2026-08-30
bainbridgereview.com	5329	2026-08-28
bakercityherald.com	7980	2026-08-30
bakersfield.com	94673	2026-08-30
bakersfieldnow.com	39116	2026-08-30
bakeryinfo.co.uk	5136	2025-09-05
balkaninsight.com	7033	2026-08-28
ballinaadvocate.com.au	34874	2021-04-28
balloon-juice.com	20047	2026-03-11
ballot-access.org	7316	2026-08-29
balls.ie	5163	2026-08-30
ballstatedaily.com	6910	2026-07-15
baltic-course.com	5550	2026-04-04
baltictimes.com	18374	2026-08-24
baltimorebeatdown.com	7290	2026-08-30
baltimoreravens.com	8812	2026-08-30
baltimorestar.com	100549	2026-08-30
baltimoresun.com	138515	2026-08-30
bamsmackpow.com	6289	2026-08-30
banana1015.com	29076	2026-08-30
banburycake.co.uk	41634	2023-03-07
banburyguardian.co.uk	14854	2025-01-23
bandt.com.au	19067	2026-08-28
bangkokpost.com	151070	2026-08-25
bangladeshinfo.com	12248	2025-06-14
bangladeshsun.com	69588	2026-08-30
banglamirrornews.com	23689	2026-06-08
banglanews24.com	5026	2025-10-28
bangordailynews.com	53783	2026-08-30
bankerandtradesman.com	13620	2026-08-30
bankinfosecurity.com	16048	2026-08-28
bankingnews.gr	6649	2026-08-30
banklesstimes.com	11479	2026-07-31
banksnews.gr	10591	2025-07-24
baptistnews.com	7358	2026-08-28
barandbench.com	34687	2026-08-30
barbadostoday.bb	41805	2026-08-30
barcablaugranes.com	17634	2026-08-30
baristanet.com	5189	2023-08-22
barnsleychronicle.com	5523	2025-10-16
barrie.ctvnews.ca	20049	2025-01-23
barrons.com	76655	2026-06-18
barryanddistrictnews.co.uk	93553	2026-08-30
bartlesvilleradio.com	39261	2026-08-29
basildonstandard.co.uk	30362	2021-03-11
basingstokegazette.co.uk	113969	2026-08-30
bassresource.com	5177	2025-04-17
batemansbaypost.com.au	72575	2026-08-30
batonrougepost.com	49418	2026-08-30
baxterbulletin.com	9477	2026-08-29
bay939.com.au	5897	2026-08-28
baylorlariat.com	6071	2026-08-28
baynews9.com	8092	2026-08-27
bayshorebroadcasting.ca	14378	2026-08-30
baystreet.ca	38601	2026-08-29
baytownsun.com	19251	2026-08-29
bbc.co.uk	345313	2026-08-30
bbc.com	215314	2026-08-30
bbj.hu	9401	2025-10-20
bc.ctvnews.ca	35669	2025-01-23
bcdemocrat.com	7924	2025-07-02
bchomez.com	35967	2026-07-24
bclocalnews.com	7159	2020-04-07
bcps.org	38714	2026-08-05
bctv.org	5532	2026-08-30
bdnews24.com	65821	2025-11-13
bdonline.co.uk	9209	2025-09-05
bdtonline.com	60852	2026-08-30
beach951.com	16686	2026-08-28
bear104.com	13529	2026-08-29
bearingarms.com	20641	2026-08-30
beat.com.au	16527	2026-06-04
beat102103.com	8474	2026-08-26
beatricedailysun.com	52376	2026-08-28
beaufortcountynow.com	16396	2026-08-30
beaumontenterprise.com	67505	2025-11-18
beaver1003.com	8556	2026-08-28
beckersasc.com	11332	2026-08-01
beckershospitalreview.com	27729	2026-08-01
beckersspine.com	7564	2026-08-01
bedfordgazette.com	18609	2026-08-30
bedfordtoday.co.uk	15205	2025-01-23
beefcentral.com	5920	2026-08-30
beefmagazine.com	5014	2025-01-01
begadistrictnews.com.au	62047	2026-08-30
behindthesteelcurtain.com	17243	2026-08-30
beijingbulletin.com	111744	2026-08-30
belfastlive.co.uk	109180	2026-08-30
belfasttelegraph.co.uk	131950	2026-02-16
belgrade-news.com	6016	2026-08-30
bellanaija.com	11623	2026-08-30
belmondnews.com	5764	2026-01-26
beloitdailynews.com	36524	2026-08-30
bemidjipioneer.com	38849	2026-08-30
benarnews.org	5320	2025-09-02
bendbulletin.com	50784	2026-08-30
bendigoadvertiser.com.au	66994	2026-08-30
bendsource.com	14025	2026-08-30
benefitscanada.com	7171	2026-08-28
beniciaindependent.com	5318	2026-08-09
benningtonbanner.com	47533	2026-08-30
benzinga.com	342285	2026-08-06
berkeley.edu	5437	2026-08-30
berkshireeagle.com	71779	2026-08-30
berksmontnews.com	5896	2021-08-26
bernama.com	21124	2026-03-19
bernews.com	29058	2026-08-30
bestmediainfo.com	24657	2026-08-21
bet.com	21766	2026-08-18
betakit.com	6678	2026-08-28
betanews.com	14454	2026-01-15
bethesdamagazine.com	10218	2026-08-29
bevnet.com	19188	2026-07-03
bexhillobserver.net	5028	2022-02-09
bfi.org.uk	5078	2026-08-28
bgdailynews.com	66700	2026-08-30
bgnes.com	8774	2026-08-30
bgr.com	29049	2026-08-30
bgr.in	20873	2023-01-29
bhaskar.com	5203	2026-08-28
bhg.com	12912	2026-03-17
bhpioneer.com	33970	2026-08-30
bianet.org	17804	2026-08-28
biblestudytools.com	5983	2026-08-30
bicesteradvertiser.net	127327	2026-08-30
big104fm.com	7579	2026-04-24
bigblueview.com	17722	2026-08-30
bigcountry1073.com	5862	2026-08-30
bigcountry969.com	24490	2026-08-29
bigcountry995.com	50900	2026-08-17
bigfrog104.com	36338	2026-08-30
biggleswadetoday.co.uk	9031	2025-01-23
bigislandnow.com	10080	2026-08-30
bigissue.com	10183	2026-08-28
bignewsnetwork.com	881674	2026-08-30
bigoven.com	10236	2026-08-30
bigrigs.com.au	10236	2026-06-25
bigtakeover.com	5244	2025-08-22
bikebiz.com	5957	2026-08-28
bikeportland.org	6568	2026-08-28
bikeradar.com	8023	2026-08-30
bilkulonline.com	9547	2026-08-30
billboard.com	79147	2026-08-30
billingsgazette.com	78797	2026-08-30
billoreilly.com	13089	2026-07-15
binnews.com	24785	2026-08-28
biodiversitylibrary.org	16519	2026-02-24
biofuelsdigest.com	15476	2025-01-23
biomassmagazine.com	9055	2026-08-28
biometricupdate.com	15707	2026-08-29
biopharmadive.com	7383	2026-08-30
bioprepwatch.com	17621	2026-04-10
biospace.com	7263	2026-02-19
biospectrumindia.com	13694	2026-06-05
birminghammail.co.uk	304222	2026-08-30
birminghamstar.com	26379	2026-08-30
birminghamtimes.com	7750	2026-08-29
bismarcktribune.com	61985	2026-08-30
bizcommunity.com	68192	2026-08-29
bizenglish.adaderana.lk	6999	2026-02-24
bizjournals.com	49218	2022-06-19
biznews.com	18186	2026-08-30
bizpacreview.com	42842	2023-09-06
biztimes.com	15550	2026-08-30
biztoc.com	1997950	2026-01-16
bizwest.com	12287	2026-08-30
bjpenn.com	32316	2026-08-30
bjreview.com	31112	2026-08-28
bjreview.com.cn	17727	2026-08-28
bkreader.com	8161	2026-08-30
blabbermouth.net	16090	2026-08-29
blackamericaweb.com	15495	2026-08-29
blackandteal.com	6367	2026-08-30
blackenterprise.com	38018	2026-08-30
blackhillsfox.com	13340	2024-07-01
blacklistednews.com	9929	2024-08-07
blackpoolgazette.co.uk	23696	2025-01-23
blackseagrain.net	7057	2022-02-09
blayneychronicle.com.au	53477	2026-08-30
blazersedge.com	12792	2026-08-30
blazin1023.com	6152	2026-08-30
bleachernation.com	41095	2025-03-05
bleacherreport.com	64894	2026-08-30
bleedcubbieblue.com	14861	2026-08-30
bleedingcool.com	112129	2026-08-30
bleedinggreennation.com	12264	2026-08-30
blessyouboys.com	6276	2026-08-30
blingee.com	5682	2024-06-04
blockislandtimes.com	5530	2026-08-28
bloggingdirty.com	6043	2026-08-30
bloggingtheboys.com	20439	2026-08-30
blogherald.com	5747	2026-08-30
blogspot.com	5362	2026-08-29
blogto.com	32346	2026-07-14
bloodhorse.com	32422	2026-08-30
bloody-disgusting.com	23757	2026-08-05
bloodyelbow.com	28845	2025-10-06
blooloop.com	11860	2026-08-28
bloomberg.com	168406	2026-06-22
bloombergquint.com	20998	2022-05-05
bluebirdbanter.com	6215	2026-08-30
bluemountaineagle.com	23939	2026-08-30
bluemountainsgazette.com.au	62608	2026-08-30
bluenc.com	5047	2026-06-30
blueprint.ng	92423	2026-08-30
blueridgenow.com	8748	2023-09-11
blueshirtbanter.com	5331	2026-08-30
blufftonicon.com	12379	2026-08-30
bmj.com	33556	2025-11-26
bmmagazine.co.uk	8917	2026-08-28
bmwblog.com	9790	2026-08-30
bnamericas.com	16560	2026-03-31
bnd.com	5862	2024-07-27
bnionline.net	5075	2026-08-30
bnn-news.com	13667	2026-08-28
bnnbloomberg.ca	258009	2026-08-30
bobfm.co.uk	10073	2026-08-28
bocanewsnow.com	6056	2026-08-30
boerse-social.com	6158	2026-08-30
boersennews.de	6900	2026-08-10
bognor.co.uk	5973	2022-02-10
boingboing.net	31890	2026-08-30
boisestatepublicradio.org	35066	2026-08-29
bold.dk	10142	2026-08-27
bolivarmonews.com	5207	2026-08-25
bollyspice.com	5075	2026-08-30
bollywoodhungama.com	50901	2026-08-30
bollywoodlife.com	8083	2026-02-16
bollywoodmantra.com	5165	2023-06-01
bolnews.com	8267	2025-12-08
bonappetit.com	6476	2026-08-28
bondbuyer.com	14854	2026-08-28
bonnercountydailybee.com	10737	2026-08-30
boom1019.com	6602	2026-08-28
boom997.com	6628	2026-08-27
boorowanewsonline.com.au	17589	2026-08-27
boothbayregister.com	32435	2026-08-30
bordermail.com.au	99892	2026-08-30
bordertelegraph.com	98143	2026-08-30
borderwatch.com.au	7562	2026-05-05
boredpanda.com	399030	2026-08-30
borehamwoodtimes.co.uk	113523	2026-08-30
borgenproject.org	5577	2026-08-11
borneobulletin.com.bn	79107	2025-04-28
boston.com	66775	2026-08-30
bostonglobe.com	146423	2026-08-30
bostonherald.com	60772	2026-08-30
bostonstar.com	110165	2026-08-30
bournemouthecho.co.uk	165166	2026-08-30
bowenislandundercurrent.com	61387	2025-09-05
boxden.com	78610	2024-10-17
boxinginsider.com	5665	2026-08-30
boxingnews24.com	12627	2026-07-17
boxingnewsonline.net	11648	2026-08-30
bozemandailychronicle.com	159234	2026-08-30
bozemanskissfm.com	15016	2026-08-28
bozone.com	14389	2026-08-30
bpr.org	23840	2023-01-31
bracknellnews.co.uk	102194	2026-08-30
bradfordera.com	74310	2026-08-30
braidwoodtimes.com.au	53022	2026-08-30
brainerddispatch.com	57735	2026-08-30
braintreeandwithamtimes.co.uk	136230	2026-08-30
bramptonguardian.com	12929	2026-08-30
brandonsun.com	69454	2026-08-30
bransontrilakesnews.com	46740	2026-08-28
brantfordexpositor.ca	43983	2026-08-30
bravenewcoin.com	10519	2026-08-30
bravotv.com	9878	2026-08-30
brazilsun.com	51181	2026-08-30
breakingbelizenews.com	7788	2026-03-19
breakingdefense.com	13667	2026-08-28
breakingnews.ie	107711	2026-08-30
breakingtravelnews.com	13060	2023-08-26
brecorder.com	74251	2026-02-23
breitbart.com	292685	2026-08-30
brentwoodlive.co.uk	115017	2026-08-30
bridgemi.com	11123	2026-08-30
bridgwatermercury.co.uk	98302	2026-08-30
bridportnews.co.uk	104311	2026-08-30
briefingwire.com	81124	2026-08-30
brightonandhovenews.org	10832	2026-08-30
brightontoday.ca	9095	2026-08-29
brightsideofthesun.com	8676	2026-08-30
bringmethenews.com	15509	2023-09-18
brisbanetimes.com.au	238987	2026-08-30
bristol247.com	10749	2025-11-19
bristolpost.co.uk	129704	2026-08-30
britainnews.net	67382	2026-08-30
britannica.com	21901	2025-11-12
broadbandtvnews.com	6237	2026-06-17
broadcastnow.co.uk	13529	2025-09-04
broadwayworld.com	55810	2026-05-08
brobible.com	15116	2026-08-30
brokernews.com.au	7336	2026-08-30
bromsgroveadvertiser.co.uk	109914	2026-08-30
bromsgrovestandard.co.uk	15050	2026-08-30
brookingsradio.com	22118	2026-08-28
brooklyneagle.com	14582	2026-08-30
brooklynpaper.com	9095	2026-08-30
brooklynvegan.com	36584	2026-08-30
broomfieldenterprise.com	13122	2026-08-30
browndailyherald.com	7379	2026-08-28
brownfieldagnews.com	10795	2026-07-31
brownsvilleherald.com	16485	2021-03-17
brownwoodnews.com	17808	2026-08-30
brudirect.com	25406	2026-08-30
bruneinews.net	79024	2026-08-30
bryantimes.com	56734	2026-08-30
bssnews.net	156852	2026-08-30
bu.edu	6165	2026-08-28
bubblear.com	10996	2026-08-30
buccaneers.com	6500	2026-08-30
buckscountycouriertimes.com	10343	2023-01-24
bucksfreepress.co.uk	122531	2026-08-30
bucksherald.co.uk	12536	2025-01-23
bucksinsider.com	8730	2026-08-30
bucyrustelegraphforum.com	5927	2023-09-11
budapesttimes.hu	10636	2026-08-30
buenosairesherald.com	5387	2026-08-30
buffalobulletin.com	11459	2026-08-28
buffalonews.com	138797	2026-08-30
buffalorising.com	6000	2026-08-30
buildersmerchantsnews.co.uk	5586	2026-08-28
building.co.uk	13478	2025-09-05
bulawayo24.com	61154	2026-08-30
bulgariagazette.com	6870	2025-09-26
bulletsforever.com	7225	2026-08-30
bunburymail.com.au	104596	2026-08-30
bundesliga.com	7740	2026-08-30
burlingtoncountytimes.com	11222	2023-09-11
burlingtonfreepress.com	5470	2023-09-11
burnabynow.com	71750	2025-08-01
burnham-on-sea.com	16990	2026-08-30
burnhamandhighbridgeweeklynews.co.uk	94873	2026-08-30
burnleyexpress.net	21025	2025-01-23
burntorangenation.com	7172	2026-08-30
bursa.ro	5963	2026-08-30
burytimes.co.uk	161453	2026-08-30
business-humanrights.org	10740	2026-08-28
business-review.eu	18050	2026-08-29
business-standard.com	656156	2026-08-30
business2community.com	14798	2026-08-24
businessdailyafrica.com	41125	2026-08-30
businessday.co.za	11547	2026-08-30
businessdayghana.com	8099	2026-08-30
businessden.com	5275	2026-08-28
businessghana.com	145904	2026-08-30
businessgreen.com	18293	2026-07-17
businessincameroon.com	6702	2026-08-28
businessinsider.co.za	8106	2023-02-28
businessinsider.com	348675	2026-08-30
businessinsider.com.au	24044	2023-10-12
businessinsider.in	71647	2025-01-13
businessinsurance.com	9974	2026-08-30
businesslive.co.za	10121	2025-10-13
businessmirror.com.ph	121961	2025-05-14
businessnorth.com	9321	2026-08-30
businessoffashion.com	15909	2026-06-29
businesspost.ie	34828	2026-08-30
businessrecord.com	20810	2024-01-04
businessreport.com	7929	2026-08-29
businesstech.co.za	9105	2022-09-28
businesstimes.com.sg	78896	2026-08-30
businesstoday.in	167789	2026-08-30
businesstraveller.com	10762	2025-01-23
businesstravelnewseurope.com	7049	2026-04-06
businesswire.com	90653	2023-04-18
businesswireindia.com	12266	2026-05-18
businessworld.in	33533	2026-07-15
busseltonmail.com.au	44472	2026-07-27
butlereagle.com	57572	2026-08-30
buxtonadvertiser.co.uk	12680	2025-01-23
buzzfeed.com	87202	2026-08-30
buzzfeednews.com	7389	2026-01-01
bwog.com	16098	2026-08-28
bworldonline.com	88327	2026-08-30
bxr.com	9122	2026-08-30
byronnews.com.au	34848	2021-04-28
byu.edu	6000	2026-07-15
c-mw.net	6322	2026-08-30
c21media.net	26448	2026-08-28
cachevalleydaily.com	17559	2026-08-29
cadforum.cz	13596	2026-08-30
cadillacnews.com	32226	2026-08-30
cagesideseats.com	42407	2026-08-30
cagle.com	21449	2025-01-23
cairnspost.com.au	245414	2026-08-30
cairoscene.com	22498	2026-08-30
caixinglobal.com	24303	2026-06-08
cajnewsafrica.com	6638	2026-08-29
cajunradio.com	15935	2026-08-30
calaverasenterprise.com	5087	2026-08-30
calcoastnews.com	8501	2026-08-30
calculatedriskblog.com	14512	2026-01-12
calcuttanews.net	163485	2026-08-30
caledoncitizen.com	5904	2026-08-27
caledonenterprise.com	5539	2026-08-30
caledoniacourier.com	26528	2026-08-30
caledonianrecord.com	173965	2026-08-30
calgary.ctvnews.ca	30489	2025-01-23
calgaryherald.com	50935	2026-08-30
calgarysun.com	71827	2026-08-30
californianewswire.com	7893	2026-08-28
californiatelegraph.com	150414	2026-08-30
caller.com	7121	2023-09-11
callnewspapers.com	5416	2026-08-27
cambodiantimes.com	151338	2026-08-30
cambrian-news.co.uk	20600	2026-08-30
cambridge-news.co.uk	75533	2026-08-30
cambridge.org	7026	2026-03-01
cambridgetimes.ca	9605	2026-08-30
cambstimes.co.uk	39369	2026-08-30
camdencourier.com.au	51763	2026-08-30
cameroon-tribune.cm	14550	2026-08-30
campaignasia.com	8504	2026-08-28
campaignbrief.com	14472	2026-08-28
campaignindia.in	10176	2026-08-29
campaignlive.co.uk	26052	2026-08-28
campaignseries.co.uk	10186	2023-02-07
campbellrivermirror.com	32176	2026-08-30
campbeltowncourier.co.uk	5717	2024-01-25
campusreform.org	7013	2026-01-05
canada.com	38482	2026-08-30
canadafreepress.com	33147	2025-07-27
canadiancattlemen.ca	6488	2026-08-30
canadianinquirer.net	16386	2026-08-30
canadianlawyermag.com	6502	2026-08-28
canadianmanufacturing.com	9082	2026-08-28
canadianminingjournal.com	9649	2026-08-29
canadianreviewer.com	8983	2026-08-28
canadianunderwriter.ca	6526	2026-07-14
canberratimes.com.au	122711	2026-08-30
cancertherapyadvisor.com	7584	2026-08-28
candgnews.com	14416	2026-08-29
canindia.com	45226	2025-11-20
canoncitydailyrecord.com	26969	2026-08-30
canowindranews.com.au	25736	2024-09-09
cantechletter.com	20754	2026-05-12
cantondailyledger.com	5834	2023-09-10
cantonrep.com	17009	2023-09-11
canyon-news.com	11804	2026-08-30
capeandislands.org	40121	2026-08-30
capebretonpost.com	23307	2020-11-12
capecod.com	13093	2026-08-30
capecodtimes.com	12400	2023-09-11
capegazette.com	20535	2026-01-06
capenews.net	14565	2026-08-30
capetalk.co.za	25547	2024-01-15
capitalethiopia.com	14755	2026-08-30
capitalfm.co.ke	57451	2026-06-15
capitalfm.com	9989	2026-08-30
capitalgazette.com	80815	2026-08-30
capitalpress.com	17449	2026-08-29
capitolfax.com	17595	2026-08-28
capitolhillseattle.com	5959	2026-02-16
capjournal.com	17636	2026-08-30
capradio.org	38766	2026-08-29
captivasanibel.com	12462	2026-08-29
carandbike.com	12268	2026-07-15
caranddriver.com	11477	2026-08-30
carbon-pulse.com	17777	2025-08-13
carbuzz.com	52021	2026-08-30
cardinalcourieronline.com	10292	2026-02-05
careerindia.com	9269	2026-06-26
caribbeanherald.com	61768	2026-08-30
caribjournal.com	6682	2026-08-30
carletonvilleherald.com	12062	2023-10-11
carlow-nationalist.ie	61806	2026-08-30
carlyleobserver.com	30710	2021-07-29
carmagazine.co.uk	5326	2026-08-28
carnegieendowment.org	5351	2026-08-26
carnewschina.com	6142	2026-08-29
carolinacoastonline.com	26707	2026-08-30
carolinajournal.com	10901	2026-08-28
carrollspaper.com	39828	2026-08-29
carscoops.com	53291	2026-08-30
carsguide.com.au	6540	2025-03-31
carsonnow.org	134197	2026-08-30
cartermatt.com	27960	2026-05-08
cartoonbrew.com	5166	2026-08-29
casino.org	7098	2026-08-30
castanet.net	188887	2023-11-21
castanetkamloops.net	74405	2026-08-30
castlegarsource.com	6197	2026-08-26
catcountry1029.com	17448	2026-08-29
catcountry1073.com	51083	2026-08-30
catholic.org	9621	2026-06-29
catholicculture.org	29493	2026-08-30
catholicnewsagency.com	11036	2026-01-23
catholicphilly.com	8698	2026-08-28
catholicregister.org	7531	2026-08-29
catholicworldreport.com	32964	2026-08-30
caughtoffside.com	50041	2026-08-30
cavalierdaily.com	9512	2026-08-30
cbc.bb	19980	2026-08-30
cbc.ca	375904	2026-08-30
cbn.com	25077	2026-08-30
cbr.com	25341	2023-10-27
cbs12.com	44852	2026-08-30
cbs19.tv	57735	2026-06-06
cbs2iowa.com	41499	2026-08-30
cbs46.com	9757	2022-03-01
cbs4indy.com	5543	2024-08-20
cbs4local.com	41433	2026-08-30
cbs58.com	75751	2026-08-30
cbs6albany.com	41126	2026-08-30
cbs7.com	10489	2024-08-12
cbs8.com	55118	2026-06-05
cbsnews.com	211136	2026-08-30
ccenterdispatch.com	18399	2026-03-06
ccm.net	10814	2025-04-02
cdapress.com	23315	2026-08-30
cdispatch.com	19440	2026-08-29
cecildaily.com	19693	2026-08-30
cedarnews.net	5117	2026-08-12
cei.int	6649	2026-08-30
celebdirtylaundry.com	48596	2026-08-30
celebuzz.com	5937	2026-06-26
cemnet.com	10973	2026-08-28
centralasiatimes.com	33010	2026-08-30
centralchronicle.com	29979	2026-03-24
centraljersey.com	19200	2025-05-26
centralmaine.com	98053	2026-08-30
centralmoinfo.com	32124	2026-08-30
centraltelegraph.com.au	20824	2020-06-29
centralwesterndaily.com.au	64500	2026-08-30
centreforaviation.com	24874	2026-08-28
cessnockadvertiser.com.au	60132	2026-08-30
cfnrfm.ca	9656	2026-07-09
cfox.com	10916	2026-08-22
cfr.org	8027	2026-08-28
cfweradio.ca	6863	2026-08-29
cgtn.com	15100	2025-08-27
chad.co.uk	20199	2025-01-23
chaffeecountytimes.com	8039	2026-08-28
chalkbeat.org	8241	2026-08-30
championnewspapers.com	6112	2026-08-30
channel3000.com	131726	2026-08-30
channel4.com	20494	2026-08-30
channel5belize.com	19313	2025-05-24
channelafrica.co.za	14486	2026-08-30
channeleye.co.uk	5515	2024-08-12
channelnewsasia.com	178250	2026-08-30
channelstv.com	88519	2026-08-04
channelweb.co.uk	5809	2025-04-17
chanute.com	28949	2026-08-01
chapelboro.com	20147	2026-06-24
chardandilminsternews.co.uk	95634	2026-08-30
charismamag.com	18512	2023-07-17
charismanews.com	12185	2025-08-02
charkoosta.com	6542	2026-08-29
charlestoncitypaper.com	8333	2026-08-30
charlotteobserver.com	9913	2024-07-31
charter97.org	70754	2026-03-02
chathamdailynews.ca	47852	2026-08-30
chathamstartribune.com	10816	2026-08-29
chathamthisweek.com	37069	2026-03-13
chattanoogan.com	81871	2026-08-30
chattooga1180.com	12097	2026-08-30
chch.com	22250	2026-08-30
cheatsheet.com	28644	2026-03-18
cheboygannews.com	5551	2023-09-10
cheknews.ca	19282	2026-08-30
chelmsfordweeklynews.co.uk	115042	2026-08-14
chemeurope.com	7923	2026-08-28
chennaionline.com	17509	2026-08-30
cherokeephoenix.org	8526	2026-08-29
chessbase.com	10369	2026-08-30
chesterstandard.co.uk	154066	2026-08-30
chiangraitimes.com	23554	2026-08-30
chicagobusiness.com	22332	2026-07-06
chicagocrusader.com	8322	2026-08-28
chicagonow.com	9019	2022-08-18
chicagotribune.com	161293	2026-08-30
chichester.co.uk	7095	2022-02-10
chickashanews.com	6108	2026-08-29
chicoer.com	23586	2026-08-30
chieftain.com	9189	2023-09-11
chilecomparte.cl	24770	2026-08-30
chimpreports.com	15004	2026-08-30
china.org.cn	183794	2026-08-30
chinadaily.com.cn	591630	2026-08-30
chinadailyhk.com	10481	2025-01-27
chinadigitaltimes.net	8017	2026-06-05
chinafile.com	8465	2026-08-27
chinamil.com.cn	21478	2026-08-30
chinanationalnews.com	152019	2026-08-30
chinatechnews.com	9099	2026-08-30
chinaview.cn	30639	2026-03-19
chinookobserver.com	8012	2026-08-30
chipchick.com	23130	2026-08-30
chippewa.com	57963	2026-08-30
chorleycitizen.co.uk	18568	2023-02-07
chortle.co.uk	17940	2026-08-30
chosun.com	17595	2024-09-12
chrisd.ca	7715	2026-08-29
christianitydaily.com	5153	2026-08-28
christianitytoday.com	10644	2026-08-28
christiannewswire.com	6553	2026-08-29
christianpost.com	72167	2026-08-30
christiantoday.com	5324	2026-08-30
chron.com	549721	2025-11-18
chronicle-tribune.com	10418	2026-08-29
chronicle.co.zw	47194	2025-01-23
chronicle.com	5109	2025-11-18
chronicle.gi	7306	2026-03-17
chronicle.lu	34945	2026-08-29
chroniclejournal.com	68140	2026-08-30
chroniclelive.co.uk	133390	2026-08-30
chronicleonline.com	75164	2026-08-30
chronicletimes.com	5645	2026-08-28
chronline.com	36747	2026-08-30
chronogram.com	7722	2026-08-30
chvnradio.com	25568	2026-08-30
cinaradio.com	6147	2026-08-30
cincinnati.com	30235	2024-10-21
cincinnatimagazine.com	5767	2026-08-28
cincinnatisun.com	44058	2026-08-30
cincyjungle.com	14142	2026-08-30
cinemablend.com	85038	2026-08-30
cineuropa.net	5310	2022-08-20
cineuropa.org	28824	2026-03-27
cio.com	12010	2026-01-20
circlevilleherald.com	6617	2026-08-29
cisnfm.com	10144	2026-08-30
cities929.com	14796	2026-08-30
citizen-times.com	8165	2023-09-11
citizen.co.za	99802	2026-08-30
citizen.digital	7318	2026-02-22
citizen.on.ca	6452	2026-08-27
citizensvoice.com	56815	2026-08-30
citr.ca	5040	2025-11-02
city-countyobserver.com	15742	2026-01-31
cityam.com	60986	2026-08-30
citybeat.com	10354	2025-01-22
cityfarmer.info	5160	2026-08-30
citynews.com.au	18100	2025-09-04
citywatchla.com	9318	2026-08-28
cityweekly.net	5926	2026-08-28
citywireselector.com	7388	2022-10-19
civilbeat.org	8507	2026-08-24
civilserviceworld.com	7135	2026-08-28
civilsociety.co.uk	6023	2026-08-28
cjhk.ca	7829	2026-03-03
cjls.com	6152	2026-04-07
cjme.com	31347	2026-08-30
cjonline.com	13533	2023-09-11
cjoy.com	8910	2023-12-05
ckbw.ca	8373	2026-03-02
ckdr.net	10129	2025-10-01
ckfm.ca	6389	2024-05-10
ckom.com	32070	2026-08-30
ckua.com	10396	2026-08-30
ckxsfm.com	11646	2026-08-29
clactonandfrintongazette.co.uk	146792	2026-08-30
claimsjournal.com	13189	2026-08-28
clare.fm	25132	2026-08-30
clarechampion.ie	10266	2026-08-30
clareherald.com	7802	2026-08-30
claremoreprogress.com	7691	2026-08-30
clarionledger.com	9660	2023-09-11
clarksvillenow.com	13882	2026-08-30
clarksvilleonline.com	22034	2026-08-30
classic107.com	13524	2026-08-30
classiccountry1070.com	6263	2024-02-24
classichits925.com	10110	2026-08-28
classicrock1051.com	16764	2024-04-27
classicrock1069.com	5507	2022-01-10
classicrock961.com	32084	2026-08-30
classy100.com	35919	2026-08-30
claytodayonline.com	6648	2026-08-29
cleantechnica.com	34604	2026-08-30
clearwatertimes.com	29449	2026-08-30
clemsontigers.com	5716	2026-08-11
cleveland.com	30463	2026-03-09
cleveland19.com	48248	2026-08-30
clevelandbanner.com	12088	2026-08-29
clevelandbrowns.com	5484	2026-08-29
clevelandjewishnews.com	84603	2026-08-30
clevelandstar.com	114627	2026-08-30
clevescene.com	11236	2026-08-28
clichemag.com	14271	2026-08-15
click2houston.com	98793	2026-08-30
clickondetroit.com	161669	2026-08-30
clickorlando.com	134585	2026-08-30
clickthecity.com	7274	2025-10-21
clinicaladvisor.com	6624	2026-08-27
clinicalleader.com	7474	2026-08-30
clintonherald.com	38779	2026-08-29
clintonnewsrecord.com	23159	2026-08-30
closerweekly.com	6746	2026-08-30
cloverdalereporter.com	34964	2026-08-30
cltampa.com	9742	2026-08-30
club937.com	25002	2026-08-28
clutchpoints.com	38968	2026-06-13
clydebankpost.co.uk	101590	2026-08-30
cmcmarkets.com	5856	2026-03-09
cmo.com.au	5228	2024-01-20
cnbc.com	132327	2026-08-30
cnbcafrica.com	21656	2026-08-28
cnbctv18.com	7702	2026-03-19
cnc3.co.tt	20458	2026-08-25
cnet.com	450869	2026-08-30
cnn.com	299903	2026-08-30
cnnphilippines.com	80976	2024-01-29
cnsnews.com	60537	2025-08-26
cntraveler.com	6391	2026-08-30
cntraveller.com	5519	2026-08-30
cnweekly.com	12207	2021-07-26
cnycentral.com	32240	2026-08-30
cnynews.com	19251	2026-08-30
coast1009.com	20455	2026-08-30
coast931.com	5403	2026-08-30
coast973.com	8748	2026-08-30
coastalcourier.com	5681	2026-08-29
coastaldigest.com	19050	2026-07-27
coastalnewstoday.com	14623	2024-01-03
coastalpoint.com	6376	2026-08-27
coastalradio.ca	7179	2026-08-28
coastfm.co.uk	11110	2025-01-27
coastreporter.net	84071	2025-09-09
cobrapost.com	11783	2026-08-29
cochranetimes.com	9052	2026-08-30
cochranetimespost.ca	50022	2026-08-30
cochranetoday.ca	8500	2023-01-30
coffscoastadvocate.com.au	43733	2021-03-24
cogconnected.com	10543	2026-08-29
coincommunity.com	144852	2026-04-03
coindesk.com	30736	2026-08-18
coinspeaker.com	33275	2026-08-29
cointelegraph.com	42355	2026-08-30
coinweek.com	7781	2026-06-04
coladaily.com	8932	2026-08-28
coldlakesun.com	13025	2026-08-30
collider.com	120509	2026-08-30
colombogazette.com	9284	2026-08-30
colombopage.com	20989	2023-11-30
coloradoan.com	6487	2023-09-11
coloradohometownweekly.com	15735	2026-08-30
coloradopolitics.com	6290	2026-03-19
coloradostar.com	40698	2026-08-30
columbiabasinherald.com	7911	2026-08-28
columbiadailyherald.com	9127	2023-09-11
columbiagorgenews.com	18237	2026-08-29
columbiamissourian.com	27743	2026-08-30
columbian.com	104334	2026-08-30
columbiatribune.com	10247	2023-09-11
columbustelegram.com	53572	2026-08-26
combatpress.com	12229	2026-08-30
comicbook.com	188016	2026-08-30
comicbookmovie.com	27780	2026-08-30
comicsbeat.com	10732	2026-07-30
comingsoon.net	58313	2026-08-30
commercial-news.com	14670	2026-08-30
commercialappeal.com	11594	2023-09-11
commercialmotor.com	5370	2026-06-03
commercialobserver.com	12608	2026-08-30
comminit.com	8001	2026-07-10
commodityonline.com	27788	2025-02-12
commonsnews.org	7904	2023-06-14
communityadvocate.com	6711	2026-08-30
communityimpact.com	19614	2026-07-01
communitynewspapergroup.com	19979	2026-08-29
communitynewspapers.com	13226	2026-08-04
communityni.org	5202	2022-02-11
communitypress.ca	38218	2026-06-22
comoxvalleyrecord.com	33399	2026-08-30
complex.com	22061	2026-08-30
complianceweek.com	5511	2026-08-28
compositesworld.com	8870	2026-08-28
compsmag.com	6764	2024-03-22
computerweekly.com	39255	2026-08-28
computerworld.com	10956	2026-08-28
computing.co.uk	8424	2026-06-22
comunicati.net	56760	2022-02-08
con-telegraph.ie	57423	2026-08-30
concordmonitor.com	32387	2026-08-30
conference-news.co.uk	7647	2026-08-26
connachttribune.ie	15670	2026-02-24
connectionnewspapers.com	8923	2026-08-21
connectradio.fm	20234	2026-08-28
connectsavannah.com	7573	2026-08-30
connexionfrance.com	28327	2026-08-30
consilium.europa.eu	24508	2024-07-15
consortiumnews.com	5381	2026-08-29
constructiondive.com	7609	2026-08-30
constructionenquirer.com	5816	2026-08-28
constructionequipment.com	5195	2026-08-28
constructionequipmentguide.com	6389	2025-03-03
constructionnews.co.uk	14730	2026-08-28
constructionweekonline.com	8096	2024-07-13
consumerelectronicsnet.com	16079	2024-02-09
conwaydailysun.com	20428	2026-08-30
cookingchanneltv.com	5605	2023-03-29
cookislandsnews.com	10664	2026-08-29
cool987fm.com	12310	2026-08-29
coolsocial.net	9498	2023-01-16
coolum-news.com.au	20346	2020-06-29
coosavalleynews.com	9953	2026-08-30
cootamundraherald.com.au	38159	2026-08-30
corkindependent.com	9227	2026-08-27
cornell.edu	7705	2026-08-28
cornellsun.com	8689	2026-08-28
cornwalllive.com	6249	2026-08-05
cornwallseawaynews.com	24332	2026-08-30
coronadonewsca.com	13363	2026-08-30
corsicanadailysun.com	23525	2026-08-30
corvallisadvocate.com	6123	2026-08-28
cosmeticsandtoiletries.com	7465	2026-02-10
cosmopolitan.com	68418	2026-08-30
cosmosmagazine.com	9093	2025-10-20
cotswoldjournal.co.uk	103029	2026-08-30
countercurrents.org	22405	2026-08-30
counterpunch.org	23897	2026-08-28
country-guide.ca	5855	2025-05-21
country104.com	8331	2026-07-30
country105.com	10306	2026-08-28
country1053.ca	9597	2025-05-20
country93.ca	8563	2026-08-27
country94.ca	14854	2025-12-08
countrylife.co.uk	9509	2026-08-30
countryliving.com	9742	2026-08-30
countypress.co.uk	140271	2026-08-30
countytimes.co.uk	118658	2026-08-30
countyweeklynews.ca	37959	2026-06-22
courant.com	103075	2026-08-30
courier-journal.com	18161	2023-09-11
courier-tribune.com	11387	2026-08-27
courierjournal.net	8672	2026-08-27
couriermail.com.au	182103	2024-07-31
couriernews.com	67184	2026-08-30
courierpostonline.com	8906	2023-09-11
courierpress.com	8075	2023-09-11
courthousenews.com	44459	2026-07-16
coventryobserver.co.uk	11277	2026-08-30
coventrytelegraph.net	100111	2026-08-30
covers.com	36968	2026-08-30
covnews.com	5870	2026-08-30
cowboystatedaily.com	5388	2026-07-12
cowichanvalleycitizen.com	33915	2026-08-30
cowraguardian.com.au	27340	2026-08-27
cp24.com	106108	2026-08-30
cpac.ca	6601	2024-12-16
cpapracticeadvisor.com	11659	2026-08-30
cpbj.com	8732	2026-06-04
cpfc.co.uk	5012	2026-06-25
cphpost.dk	8171	2026-08-29
cpr.org	13301	2026-02-25
cqnews.com.au	44410	2021-04-28
cracked.com	31175	2026-08-30
craigdailypress.com	6465	2026-08-29
crainscleveland.com	13200	2026-06-18
crainsdetroit.com	16510	2026-03-31
crainsnewyork.com	16163	2026-03-16
cranbrooktownsman.com	30216	2026-08-30
crash.net	34007	2026-08-30
cravenherald.co.uk	155463	2026-08-30
crawleyobserver.co.uk	5858	2022-02-09
creativebloq.com	12823	2026-08-30
creativereview.co.uk	5161	2026-07-15
crescent-news.com	29564	2026-08-30
crestonnews.com	7184	2026-08-29
crestviewbulletin.com	6274	2026-08-30
crikey.com.au	14278	2026-08-30
crimeonline.com	7164	2026-03-18
crn.com	11365	2026-08-28
crn.com.au	12396	2026-08-28
crooksandliars.com	40683	2026-08-30
crookstontimes.com	5681	2025-01-30
crookwellgazette.com.au	70259	2026-08-30
crossmap.com	32623	2026-08-30
crossrhythms.co.uk	6784	2026-08-29
crossville-chronicle.com	27540	2026-08-28
crowdfundinsider.com	87115	2026-08-27
crowrivermedia.com	50371	2025-10-29
cruisehive.com	9646	2026-08-30
cruiseindustrynews.com	7476	2026-08-30
crunchyroll.com	15924	2023-01-31
cruxnow.com	13880	2026-08-30
csindy.com	6448	2025-04-21
csmonitor.com	25127	2026-08-30
csoonline.com	10254	2026-08-28
csrwire.com	8110	2026-08-28
ctgtribune.com	15346	2025-06-01
ctmirror.org	12666	2026-08-30
ctnewsjunkie.com	5578	2026-08-28
ctpost.com	162446	2025-10-26
ctpublic.org	7913	2026-03-18
ctvnews.ca	171364	2026-08-27
cubaheadlines.com	41069	2026-08-30
cubbiescrib.com	5970	2026-08-30
cuinsight.com	19885	2025-07-09
cullmantimes.com	10105	2026-08-29
cultofmac.com	9025	2026-08-11
culturemap.com	33419	2026-08-30
cumberlink.com	50581	2026-08-29
cumbriacrack.com	30229	2025-01-23
curacaochronicle.com	9373	2026-08-28
curbed.com	6108	2026-08-28
curetoday.com	6790	2026-02-12
currentargus.com	9000	2026-08-30
cwtv.com	5703	2026-08-29
cypnow.co.uk	6355	2026-06-19
cyprus-mail.com	82170	2026-08-30
dabangasudan.org	7137	2026-08-30
dagblog.com	50779	2025-10-13
daijiworld.com	141849	2026-03-16
daily-chronicle.com	8022	2020-12-17
daily-jeff.com	8203	2023-09-11
daily-journal.com	20849	2025-02-04
daily-sun.com	38361	2025-12-09
daily-times.com	5025	2023-09-10
daily-tribune.com	7591	2026-08-30
dailyadvance.com	57130	2026-08-30
dailyadvertiser.com.au	85860	2026-08-30
dailyadvocate.com	12256	2025-05-15
dailyamerican.com	13653	2023-09-11
dailyastorian.com	12598	2026-08-30
dailybreeze.com	48839	2026-08-30
dailybruin.com	6767	2026-08-30
dailybulldog.com	9742	2026-08-30
dailybulletin.com	46579	2026-08-30
dailycal.org	22349	2026-08-28
dailycaller.com	105332	2026-08-30
dailycamera.com	43285	2026-08-30
dailycampus.com	6517	2026-08-28
dailycardinal.com	7796	2026-08-28
dailycitizen.news	13575	2025-02-06
dailycomet.com	6054	2023-09-11
dailycommercial.com	9991	2023-09-11
dailydemocrat.com	13627	2026-08-30
dailydispatch.co.za	8425	2026-08-29
dailydot.com	46305	2026-08-29
dailyecho.co.uk	171172	2026-08-30
dailyemerald.com	6803	2026-08-25
dailyexaminer.com.au	42309	2021-03-24
dailyexcelsior.com	185224	2026-08-30
dailyexpress.com.my	91331	2026-07-01
dailyforex.com	11694	2026-08-30
dailyfreeman.com	44799	2026-08-30
dailyfx.com	24052	2024-08-30
dailygalaxy.com	9988	2026-08-30
dailygazette.com	85733	2026-08-30
dailyherald.com	120389	2025-09-08
dailyheraldtribune.com	14108	2026-08-30
dailyhive.com	64393	2026-08-30
dailyindependent.com	35925	2026-08-30
dailyinterlake.com	13534	2026-08-30
dailyiowegian.com	6412	2020-05-27
dailyitem.com	53483	2026-08-30
dailyjournal.net	102260	2025-05-15
dailyjournalonline.com	43088	2026-08-29
dailykos.com	181409	2026-08-30
dailyliberal.com.au	89974	2026-08-30
dailylocal.com	52796	2026-08-30
dailymail.co.uk	1278695	2026-04-21
dailymail.com	48054	2026-08-30
dailymaverick.co.za	79711	2026-08-30
dailymercury.com.au	49265	2021-06-23
dailymirror.lk	59108	2026-08-30
dailynebraskan.com	5290	2026-08-28
dailynews.co.th	6843	2023-07-05
dailynews.co.tz	15061	2026-08-30
dailynews.co.zw	16838	2026-08-30
dailynews.com	55666	2026-08-30
dailynews.lk	33827	2023-12-29
dailynewsegypt.com	14118	2025-01-26
dailynexus.com	5778	2026-08-29
dailynorseman.com	10629	2026-08-30
dailynorthwestern.com	12038	2026-08-29
dailyorange.com	9932	2025-02-23
dailypakistan.com.pk	18347	2026-08-30
dailypioneer.com	82341	2026-08-30
dailypolitical.com	630255	2026-08-30
dailypost.co.uk	93842	2026-08-30
dailypost.ng	285351	2026-08-30
dailypost.vu	15895	2026-08-30
dailypostathenian.com	20548	2026-08-28
dailypress.com	78362	2026-08-30
dailypress.net	23392	2026-08-29
dailyprincetonian.com	7863	2026-08-24
dailyprogress.com	57731	2026-08-28
dailyrecord.co.uk	308309	2026-08-30
dailyrecord.com	9244	2023-09-11
dailyrecordnews.com	22639	2026-08-30
dailyreporter.com	8550	2026-06-03
dailyrepublic.com	89784	2026-08-30
dailyridge.com	18804	2026-08-30
dailysabah.com	64548	2026-08-30
dailysentinel.com	5537	2026-08-29
dailysignal.com	26348	2026-07-17
dailystar.co.uk	320633	2026-08-30
dailystar.com.lb	7273	2025-09-29
dailystarjournal.com	8779	2020-11-25
dailysun.co.za	30224	2022-09-11
dailytarheel.com	10309	2026-08-30
dailytelegraph.com.au	163773	2024-07-31
dailythepatriot.com	17126	2026-08-30
dailytimes.com	17660	2026-08-29
dailytimes.com.pk	142364	2026-06-25
dailytrib.com	6757	2026-08-29
dailytribune.com	25590	2025-11-05
dailytrojan.com	9045	2026-08-29
dailytrust.com	70021	2026-08-30
dailytrust.com.ng	21882	2021-06-24
dailyunion.com	24017	2026-08-29
dailyuw.com	7176	2026-07-13
dailyvoice.com	184665	2026-07-03
dailyworld.com	5461	2023-09-11
dakotanewsnow.com	19648	2026-08-30
dakotawarcollege.com	8830	2026-08-30
dallascowboys.com	10866	2026-08-30
dallasnews.com	51183	2026-04-01
dallasobserver.com	9922	2026-08-29
dallassun.com	121813	2026-08-30
dallasvoice.com	8315	2026-08-30
daltonsbusiness.com	5649	2026-08-26
danspapers.com	9580	2026-08-30
darientimes.com	58921	2025-08-31
darkhorizons.com	21753	2026-08-30
darkreading.com	13187	2025-02-20
darlingtonandstocktontimes.co.uk	107811	2026-08-30
datacenterdynamics.com	18830	2025-06-14
datacenterknowledge.com	5792	2026-08-28
daventryexpress.co.uk	10264	2025-01-23
davisenterprise.com	23008	2026-08-30
dawgpounddaily.com	5367	2026-08-30
dawn.com	261252	2026-07-20
dayton.com	5431	2024-09-04
daytonatimes.com	5421	2026-08-27
daytondailynews.com	54933	2026-08-30
dazebaonews.it	6505	2026-01-15
dazeddigital.com	18138	2026-08-28
dcourier.com	8887	2026-08-30
dcvelocity.com	5163	2026-08-28
deadline.com	165438	2026-08-30
deadlinedetroit.com	11471	2026-08-30
dealstreetasia.com	38984	2026-08-30
decanter.com	5503	2026-08-28
decaturdaily.com	47410	2026-08-30
decaturish.com	6934	2026-08-28
deccanchronicle.com	132405	2026-08-30
deccanherald.com	64357	2026-03-15
decider.com	35234	2026-08-30
defence.pk	18327	2026-05-12
defenceweb.co.za	15579	2026-08-28
defensenews.com	12252	2026-08-29
defenseone.com	8904	2026-08-28
defenseworld.net	60871	2026-04-30
defpen.com	12275	2026-08-23
dekhnews.com	5202	2025-04-11
delano.lu	6113	2025-01-11
delaware.gov	9001	2026-08-29
delawareonline.com	12601	2023-09-11
delawarepublic.org	48888	2026-08-30
delawarestatenews.net	5676	2021-02-16
delcotimes.com	60156	2026-08-30
delfi.lt	5016	2026-08-28
delgazette.com	6444	2025-04-15
delmartimes.net	6342	2024-06-13
delmarvanow.com	6603	2023-09-11
delphosherald.com	5222	2026-08-05
delrionewsherald.com	10116	2021-01-22
delta-optimist.com	64492	2025-01-23
democracynow.org	35519	2026-08-28
democratandchronicle.com	9032	2023-09-11
democratherald.com	58514	2026-08-28
denbighshirefreepress.co.uk	109027	2026-08-30
denofgeek.com	8818	2026-08-29
dentonrc.com	31446	2026-08-30
denverbroncos.com	6341	2026-08-29
denverpost.com	52775	2026-08-30
derbyshiretimes.co.uk	23955	2025-01-23
derbytelegraph.co.uk	84754	2026-08-30
derryjournal.com	15278	2025-01-23
derrynow.com	41481	2026-05-21
deseret.com	38956	2026-08-30
desertsun.com	11610	2023-09-11
desiblitz.com	17025	2026-08-30
design-reuse.com	8384	2026-08-27
designboom.com	20453	2026-08-30
designnews.com	5853	2024-12-01
designyoutrust.com	5805	2026-08-26
desimartini.com	34149	2025-02-18
desmoinesregister.com	26539	2023-09-11
desototimes.com	5542	2026-08-28
destructoid.com	24027	2026-07-04
detroitnews.com	45794	2023-09-11
devdiscourse.com	137412	2026-07-03
developingtelecoms.com	15041	2026-08-28
devilslakejournal.com	6115	2026-08-28
devondispatch.ca	16019	2026-08-30
devonlive.com	9630	2026-06-20
dewsburyreporter.co.uk	12517	2025-01-23
dezeen.com	26904	2026-07-31
dfnionline.com	10061	2026-08-28
dglobe.com	30926	2026-08-30
dhakacourier.com.bd	8164	2026-08-29
dhakatribune.com	28341	2026-03-10
dhal3.com	8219	2026-08-30
diamonds.net	8812	2024-06-24
dicardiology.com	6363	2026-08-28
digg.com	24911	2026-08-30
diginomica.com	7199	2026-07-16
digit.in	31651	2026-08-30
digitaljournal.com	195059	2026-08-30
digitalsignagetoday.com	5040	2026-08-28
digitalspy.com	87240	2026-08-30
digitaltrends.com	42778	2026-08-30
digitimes.com	30025	2026-08-30
dinamalar.com	35341	2026-08-18
directorstalkinterviews.com	29266	2026-08-04
discoverairdrie.com	16758	2026-08-30
discoverestevan.com	19472	2026-08-30
discovermagazine.com	18473	2026-07-15
dispatch.com	35521	2023-09-11
dispatchlive.co.za	30383	2025-01-25
dissexpress.co.uk	20209	2026-08-30
dissidentvoice.org	9623	2026-03-22
divyabhaskar.co.in	28990	2026-08-27
diymag.com	10907	2026-08-28
djc.com	37481	2026-08-28
djcoregon.com	5745	2026-06-03
djmag.com	11962	2026-08-28
djournal.com	77487	2026-08-30
dl-online.com	30764	2026-08-30
dmagazine.com	16644	2026-08-28
dmnews.com	5386	2026-08-29
dnaindia.com	180911	2026-01-23
dnd.com.pk	16578	2026-08-30
dnews.com	30304	2026-08-30
dnj.com	6738	2023-09-11
dodgeglobe.com	8479	2026-08-22
dohanews.co	6774	2026-08-10
domain-b.com	5320	2026-08-24
dominicanrepublicpost.com	23721	2026-08-30
dominicantoday.com	14806	2026-08-30
doncasterfreepress.co.uk	24323	2025-01-23
donegallive.ie	27845	2026-05-20
donegalnews.com	16505	2026-08-30
doorcountydailynews.com	8036	2026-08-30
dorsetecho.co.uk	154073	2026-08-30
dose.ca	14902	2026-08-30
dothaneagle.com	63525	2026-08-29
dotnews.com	7902	2026-08-28
douglas-budget.com	37064	2026-08-28
downtoearth.org.in	20514	2026-08-30
drapersonline.com	18457	2026-08-30
draytonvalleywesternreview.com	14982	2026-08-30
drbicuspid.com	11808	2025-10-30
dreadcentral.com	17429	2026-08-30
dredgingtoday.com	11555	2026-08-28
drgnews.com	26219	2026-08-30
drive.com.au	41233	2026-05-31
driving.ca	14487	2026-08-29
droid-life.com	7736	2026-08-29
droitwichadvertiser.co.uk	19310	2021-05-03
droitwichstandard.co.uk	9938	2026-08-30
drudge.com	18448	2026-08-30
drugstorenews.com	5369	2025-09-08
dslreports.com	19516	2025-02-26
dtinews.vn	5601	2023-07-17
dtnext.in	7229	2024-12-16
dtnpf.com	9891	2026-08-29
dualshockers.com	27729	2026-08-30
dubaicityguide.com	7073	2026-08-29
dublinlive.ie	7571	2026-03-11
dudleynews.co.uk	128503	2026-08-30
duke.edu	6314	2026-08-28
duke.fm	22635	2026-08-30
dukechronicle.com	8423	2026-07-09
dukefmduluth.com	7915	2025-03-18
duluthnewstribune.com	64468	2026-08-30
dumbartonreporter.co.uk	89139	2026-08-30
duncanbanner.com	13374	2026-08-29
dundalkdemocrat.ie	56109	2026-05-14
dunfermlinepress.com	103744	2026-08-30
dungogchronicle.com.au	55569	2026-08-30
dunmowbroadcast.co.uk	30931	2026-08-30
dunyanews.tv	151070	2026-08-30
dupagepolicyjournal.com	21881	2026-08-30
dupontregistry.com	7662	2026-01-09
durangoherald.com	96342	2026-08-30
durhamregion.com	24111	2026-08-29
dutchnews.nl	21966	2026-08-30
dvidshub.net	16259	2025-01-26
dw.com	121379	2026-08-30
dwell.com	7073	2026-08-28
dynamicbusiness.com	6129	2026-08-30
e-flux.com	10274	2026-08-30
e-know.ca	17794	2026-08-30
eacourier.com	9897	2026-08-30
eadt.co.uk	138773	2026-08-30
eaglecountryonline.com	9329	2026-08-29
eagledayton.com	9122	2026-08-30
eaglesanantonio.com	8830	2026-08-30
eagletimes.com	12955	2025-11-19
eagletribune.com	126199	2026-08-30
ealingtimes.co.uk	114467	2026-08-30
earthquake-report.com	9134	2025-07-21
earthquakenewstoday.com	63211	2025-12-30
earthsky.org	5415	2026-08-30
eastbayri.com	9626	2026-08-28
eastbaytimes.com	77746	2026-08-30
eastbourneherald.co.uk	6199	2022-02-09
eastcountymagazine.org	18852	2026-08-30
easternmirrornagaland.com	37042	2026-08-30
easternontarionetwork.com	44622	2026-06-15
easternriverinachronicle.com.au	94412	2026-08-30
eastidahonews.com	45732	2026-07-09
eastlondonadvertiser.co.uk	36086	2026-08-30
eastlothiancourier.com	106513	2026-08-30
eastoregonian.com	24163	2026-08-30
easttexasradio.com	16649	2026-08-28
eastvalleytribune.com	5884	2026-08-30
easy93.com	5313	2025-06-14
easyreadernews.com	7295	2026-07-25
eater.com	24993	2026-08-28
eaworldview.com	6835	2026-08-30
ebar.com	17369	2025-01-23
ecb.europa.eu	5717	2026-08-28
echo-news.co.uk	177503	2026-08-30
echo.net.au	11542	2025-01-23
echolive.ie	59501	2026-08-30
echonews.com.au	18377	2020-06-29
echopress.com	33748	2026-08-30
ecns.cn	39086	2026-08-21
eco-business.com	11725	2026-08-28
ecofinagency.com	6427	2026-03-19
econintersect.com	7938	2025-01-23
economist.com	30787	2025-09-05
economynext.com	6721	2026-02-28
econotimes.com	89760	2026-08-30
ecr.co.za	44828	2026-08-30
ed.fm	9506	2026-08-30
edenmagnet.com.au	81599	2026-08-30
edge.ca	11073	2026-08-10
edie.net	8412	2025-01-23
editorandpublisher.com	17495	2026-08-30
editorinleaf.com	5320	2026-08-30
edmonton.ctvnews.ca	26612	2025-01-23
edmontonexaminer.com	22667	2026-06-29
edmontonjournal.com	37598	2026-08-30
edmontonsun.com	73069	2026-08-30
edp24.co.uk	178094	2026-08-30
edsource.org	6670	2026-06-24
educationtimes.com	11350	2026-08-30
edweek.org	5624	2026-06-03
eejournal.com	10613	2026-08-28
eenadu.net	5152	2026-08-08
eenews.net	41827	2026-08-28
efe.com	19085	2026-04-15
effinghamdailynews.com	16874	2026-08-28
effinghamradio.com	11460	2026-08-30
efinancialcareers.com	6195	2026-08-28
egyptindependent.com	19255	2026-08-30
eham.net	20305	2026-08-30
ehfcl.com	251751	2020-08-27
einnews.com	148652	2024-06-01
ejpress.org	6097	2026-08-30
ekathimerini.com	5808	2020-04-10
el-balad.com	201569	2026-08-30
elclasificado.com	8848	2026-07-16
eldoradonews.com	14449	2026-08-30
electric949.com	7991	2026-08-28
electronicsweekly.com	19244	2026-08-28
electropages.com	10913	2026-08-28
elitedaily.com	16149	2026-08-30
elitetraveler.com	5294	2026-08-30
elkharttruth.com	19232	2026-08-30
elkodaily.com	54476	2026-08-30
elle.com	21911	2026-08-30
elliotlakestandard.ca	47672	2026-08-30
ellsworthamerican.com	9441	2026-08-30
ellwoodcityledger.com	6226	2023-09-11
elmwoodparkschools.org	17893	2022-03-02
elpais.com	24531	2026-08-30
elpasoinc.com	106985	2026-08-30
elpasotimes.com	10448	2023-09-11
elwakt.com	34770	2024-06-08
elystandard.co.uk	40106	2026-08-30
emarketer.com	5611	2026-08-28
emirates247.com	15362	2026-06-10
emissourian.com	13520	2025-09-01
emmetsburgnews.com	5138	2026-08-27
empireofthekop.com	17962	2026-08-30
empireonline.com	11758	2026-08-29
emporiagazette.com	25674	2026-08-30
empr.com	10876	2026-08-28
ems1.com	12823	2026-08-30
en.apa.az	71037	2026-08-30
en.ce.cn	31876	2026-08-30
en.dangcongsan.vn	5991	2024-10-12
en.gmw.cn	7405	2025-07-02
en.kremlin.ru	5629	2026-08-29
en.people.cn	122358	2026-08-30
en.portnews.ru	5371	2026-03-08
en.qantara.de	10657	2023-10-26
en.qdnd.vn	9658	2026-03-18
en.tempo.co	46587	2026-08-30
en.trend.az	72164	2025-07-09
en.vietnamplus.vn	79240	2026-03-16
enca.com	64848	2026-08-30
endocrinologyadvisor.com	7927	2026-08-28
energeticcity.ca	21691	2026-07-21
energy-pedia.com	23567	2026-08-28
energy-storage.news	7960	2026-08-28
energy953.com	10401	2026-08-06
energycentral.com	24116	2025-05-30
energyfm.net	6729	2026-07-31
energyglobal.com	7447	2025-12-09
energylivenews.com	17182	2026-08-28
energyvoice.com	5581	2025-01-10
enewschannels.com	7344	2026-08-29
enewscourier.com	16069	2026-08-30
enfieldindependent.co.uk	96506	2026-08-30
eng.belta.by	41337	2026-03-10
eng.kavkaz-uzel.eu	7970	2026-08-30
eng.lsm.lv	5866	2025-01-02
engadget.com	47121	2026-08-30
engineering.com	5959	2026-08-28
engineeringnews.co.za	38488	2026-07-31
english.news.cn	294763	2026-08-30
english.pravda.ru	8097	2026-08-30
english.radio.cz	19792	2026-08-30
english.republika.mk	10813	2026-08-30
english.vov.vn	15732	2026-03-16
english.wafa.ps	187779	2026-08-30
enidnews.com	39007	2026-08-30
enn.com	13903	2026-08-28
enr.com	5502	2026-08-29
enrsi.rtvs.sk	5287	2025-01-19
enstarz.com	28178	2026-08-30
enterprisenews.com	7137	2023-09-11
enterprisepub.com	5464	2026-08-24
entornointeligente.com	10143	2026-08-28
entrepreneur.com	10035	2026-08-29
envirotech-online.com	5000	2025-08-14
enviweb.cz	6581	2026-07-14
eonline.com	84066	2026-08-30
ephotozine.com	35871	2025-11-18
eppingforestguardian.co.uk	97443	2026-08-30
eptrail.com	12617	2026-08-30
epw.in	9824	2026-08-29
equibase.com	25375	2026-04-29
equipmentworld.com	5145	2026-05-28
equitybulls.com	75464	2026-08-27
erienewsnow.com	93080	2026-08-30
escapistmagazine.com	8261	2026-06-09
esmmagazine.com	11186	2026-08-28
espn.com	59087	2026-03-19
esquire.com	30573	2026-08-30
essence.com	30981	2026-07-07
essexlive.news	5571	2026-07-02
estevanmercury.ca	31586	2021-07-29
etcanada.com	13319	2023-10-30
eteknix.com	18403	2026-08-30
etfdailynews.com	228558	2025-10-07
etftrends.com	32437	2026-08-03
ethanolproducer.com	8047	2026-08-30
etnow.com	11165	2026-08-28
etonline.com	71395	2026-03-25
eturbonews.com	153793	2026-06-28
eugenedailynews.com	6102	2024-08-21
euobserver.com	13398	2026-08-30
euractiv.com	39817	2026-01-22
eurasiareview.com	40474	2026-08-07
eurekalert.org	75720	2026-08-28
eureporter.co	11352	2026-06-18
euro-petrole.com	8175	2026-08-28
eurogamer.net	42730	2026-08-30
euronews.com	108986	2026-08-30
europapress.es	9006	2026-08-27
europeanpharmaceuticalreview.com	5123	2026-03-26
europeantour.com	5282	2025-06-12
europesun.com	176242	2026-08-30
eurovoix.com	11469	2026-08-30
euroweeklynews.com	6756	2026-03-19
eurweb.com	31706	2026-08-30
evanstonnow.com	9236	2026-08-30
eveningexpress.co.uk	107905	2021-11-08
eveningnews24.co.uk	103112	2026-08-30
eveningtelegraph.co.uk	66368	2021-09-22
eveningtimes.co.uk	5790	2023-03-07
eveningtribune.com	7512	2023-09-11
eventhubs.com	16187	2026-08-30
evertiq.com	8552	2026-08-28
everydayhealth.com	6842	2026-08-29
everything2.com	36374	2026-01-01
eveshamjournal.co.uk	111901	2026-08-30
evo.co.uk	5714	2026-08-30
ew.com	37810	2026-03-17
ewn.co.za	108491	2026-08-30
ewnews.com	5168	2023-02-02
ewrestlingnews.com	80712	2025-07-14
examiner.com.au	82467	2026-08-30
examiner.net	9534	2026-08-27
excelsio.net	6984	2026-08-10
exchangerates.org.uk	12962	2025-11-03
exclaim.ca	27560	2026-08-29
executivebiz.com	8765	2026-08-28
executivegov.com	9202	2026-08-29
exetertoday.ca	10120	2026-08-30
expatforum.com	5471	2026-01-22
expertclick.com	11565	2026-08-29
expertreviews.co.uk	10183	2026-08-28
exploreseiowa.com	26330	2026-03-30
explosion.com	5515	2026-08-27
express.co.uk	400016	2026-08-30
expressandstar.com	67218	2026-03-26
expressnews.com	67773	2025-08-28
extra.ie	5396	2026-03-14
extralunchmoney.com	14998	2024-09-26
extratime.com	7732	2025-09-09
extratv.com	6058	2026-08-28
extremetech.com	8332	2025-01-22
eyeonannapolis.net	17453	2026-08-30
eyeontaiwan.com	5141	2023-03-22
eyeradio.org	16857	2026-08-30
f4wonline.com	34257	2026-08-30
faceofmalawi.com	45097	2026-08-28
fairfaxtimes.com	10964	2026-08-28
fairfieldcitizenonline.com	69732	2022-03-01
fairfieldsuntimes.com	44650	2026-08-30
fairmontsentinel.com	9827	2026-08-29
fairviewpost.com	13248	2026-08-30
falkirkherald.co.uk	16511	2025-01-23
falmouthpacket.co.uk	133790	2026-08-30
famagusta-gazette.com	18052	2025-12-06
familydestinationsguide.com	9807	2026-03-19
famoushookups.com	22648	2025-04-17
fandompost.com	50500	2026-08-30
fangoria.com	7995	2026-07-30
fangraphs.com	27210	2026-08-30
fansided.com	53511	2026-08-30
fantasypros.com	7629	2025-08-19
faribaultcountyregister.com	16231	2026-08-30
fark.com	5825	2026-07-15
farmersjournal.ie	50487	2026-08-07
farminglife.com	11464	2025-01-23
farminguk.com	14523	2026-08-30
farmprogress.com	14728	2024-08-06
farmweekly.com.au	35947	2026-08-30
fastcasual.com	9491	2026-08-28
fastcompany.com	6912	2026-06-28
fauquier.com	6247	2026-08-24
fauquiernow.com	6592	2026-08-28
fayettetribune.com	6246	2026-08-27
fayobserver.com	12278	2023-09-11
faz.net	6154	2026-08-07
fbcnews.com.fj	8735	2026-03-19
fbherald.com	33801	2026-08-21
fdlreporter.com	8392	2023-09-11
feedstuffs.com	9101	2024-11-15
femalefirst.co.uk	38742	2026-08-30
femina.in	9320	2026-08-30
fenlandcitizen.co.uk	21518	2026-08-30
fermanaghherald.com	9597	2026-08-30
fftimes.com	9059	2026-08-27
fhtimes.com	12951	2026-08-30
fibre2fashion.com	15979	2026-06-02
fiercebiotech.com	5682	2026-06-16
fiercepharma.com	5647	2026-08-24
fifetoday.co.uk	14548	2025-01-23
fijilive.com	17738	2025-04-23
fijisun.com.fj	17349	2026-08-30
fijitimes.com	45574	2023-11-30
fijivillage.com	47937	2026-08-30
file770.com	21276	2026-08-30
fillmorecountyjournal.com	7766	2026-08-27
film-news.co.uk	52674	2026-08-30
filmfare.com	23451	2026-08-30
filmibeat.com	49364	2026-08-30
fin24.com	6131	2020-06-05
finance-commerce.com	15997	2026-06-03
financial-news.co.uk	12114	2026-08-30
financial-planning.com	11182	2026-08-28
financialbuzz.com	18207	2025-09-03
financialcontent.com	220089	2026-08-30
financialexpress.com	186827	2026-07-15
financialpost.com	51722	2026-08-30
financialstandard.com.au	7425	2025-01-23
finanzen.ch	37150	2026-08-30
finanzen.net	5403	2026-07-29
finanznachrichten.de	779176	2026-08-30
finchannel.com	6315	2026-08-30
finextra.com	9191	2025-12-08
fingerlakes1.com	62350	2026-08-30
finsmes.com	35430	2025-06-09
firehouse.com	7524	2026-08-30
firerescue1.com	12220	2026-08-30
firetrench.com	6866	2021-10-26
firstalert4.com	20808	2026-08-30
firstalert7.com	5989	2026-08-30
firstcoastnews.com	63319	2026-06-05
firstcomicsnews.com	20689	2026-08-30
firstlightradio.com	26626	2024-02-14
firstpost.com	146450	2026-03-17
firstshowing.net	12403	2026-08-30
fitsnews.com	6246	2026-08-29
fitzhugh.ca	40958	2025-08-29
flaglerlive.com	13781	2026-08-30
flagpole.com	6054	2026-05-20
flanews.com	6192	2025-11-07
flcourier.com	8183	2026-08-30
fleetnews.co.uk	7396	2026-07-24
fleetworld.co.uk	7142	2026-08-27
flickeringmyth.com	32736	2026-08-30
flightaware.com	9179	2026-08-13
flightglobal.com	22705	2026-08-29
floppingaces.net	14162	2026-02-11
floridanewswire.com	8798	2026-08-25
floridapolitics.com	10589	2026-04-06
floridastatesman.com	63069	2026-08-30
floridatoday.com	13611	2023-09-11
floridatrend.com	5408	2026-08-28
floridaweekly.com	16070	2026-08-30
floydct.com	16145	2026-08-30
fltimes.com	23380	2026-08-30
fluther.com	16615	2026-08-30
fly92.com	5359	2026-08-30
flyingmag.com	9484	2026-08-29
fm104.ie	17260	2026-08-27
fm96.com	8101	2026-08-24
fm99.com	5922	2026-08-28
fnarena.com	17895	2026-06-17
focusdailynews.com	7007	2026-08-28
focustaiwan.tw	60829	2026-08-30
fohonline.com	5378	2026-08-27
fonearena.com	19069	2026-08-29
fontanaheraldnews.com	11931	2026-08-27
foodandwine.com	5391	2026-02-23
foodbev.com	9667	2026-08-30
fooddive.com	7194	2026-08-30
foodista.com	14756	2026-08-05
foodmanufacture.co.uk	7601	2026-08-28
foodnavigator-usa.com	7309	2026-07-08
foodnavigator.com	7349	2026-08-28
foodsafetynews.com	5291	2026-08-29
fool.ca	50441	2026-06-04
fool.co.uk	40206	2026-05-12
fool.com	369589	2026-08-30
fool.com.au	49200	2026-06-04
football.london	13513	2023-02-02
football365.com	5098	2023-02-02
footwearnews.com	13853	2025-05-13
forbes.com	624717	2026-08-30
forbesadvocate.com.au	27369	2026-08-30
forbesindia.com	9728	2026-08-30
forcechange.com	8315	2026-08-29
forconstructionpros.com	13234	2025-12-29
ford-trucks.com	36815	2025-08-25
foreignaffairs.co.nz	50515	2025-01-23
foreignpolicy.com	17005	2026-08-29
forexcrunch.com	25695	2026-02-02
forexlive.com	77319	2025-07-19
forextv.com	134608	2025-08-05
forimmediaterelease.net	5678	2026-08-29
formula1.com	18171	2026-08-30
forsythnews.com	6946	2026-08-29
fortmcmurraytoday.com	14429	2026-08-30
fortmorgantimes.com	32277	2026-08-30
fortsaskatchewanrecord.com	15316	2026-08-30
fortune.com	45446	2026-08-30
fortworthbusiness.com	9224	2026-08-28
forward.com	24816	2026-08-30
fosters.com	9701	2023-09-11
foundry-planet.com	5191	2026-08-28
fourfourtwo.com	25897	2026-08-30
fox1023.com	18037	2026-08-26
fox10phoenix.com	91657	2026-08-30
fox10tv.com	35920	2026-08-30
fox11online.com	44736	2026-08-30
fox13memphis.com	39436	2026-08-30
fox13news.com	58332	2026-08-30
fox13now.com	35912	2026-08-30
fox13seattle.com	27695	2026-08-30
fox17.com	40255	2026-08-30
fox17online.com	64043	2026-08-30
fox19.com	38365	2026-08-30
fox21online.com	32115	2026-08-30
fox23.com	36159	2026-08-30
fox23maine.com	48401	2026-08-30
fox26houston.com	68505	2026-08-30
fox29.com	76649	2026-08-30
fox2detroit.com	55560	2026-08-30
fox2now.com	9453	2025-07-02
fox32chicago.com	89767	2026-08-30
fox34.com	27786	2026-08-30
fox35orlando.com	93393	2026-08-30
fox40.com	5235	2025-07-03
fox42kptm.com	8647	2026-08-29
fox43.com	71906	2026-06-25
fox4beaumont.com	32526	2026-08-30
fox4kc.com	7267	2025-07-02
fox4news.com	60804	2026-08-30
fox56.com	37504	2026-08-30
fox59.com	7441	2025-11-18
fox5atlanta.com	94200	2026-08-30
fox5dc.com	64832	2026-08-30
fox5ny.com	70171	2026-08-30
fox5vegas.com	24481	2026-08-30
fox61.com	63743	2026-06-06
fox6now.com	85525	2026-08-30
fox7austin.com	73458	2026-08-30
fox8.com	7734	2026-05-31
fox8live.com	31348	2026-08-30
fox8tv.com	13756	2026-08-27
fox9.com	55092	2026-08-30
fox969.com	19534	2026-08-30
foxbaltimore.com	48782	2026-08-30
foxbangor.com	61335	2026-08-30
foxbusiness.com	77034	2026-08-30
foxcarolina.com	32114	2026-08-30
foxcincinnati.com	9309	2026-08-30
foxillinois.com	29514	2026-08-29
foxla.com	68848	2026-08-30
foxnews.com	375804	2026-08-30
foxradiook.com	11447	2026-08-18
foxreno.com	31691	2026-08-30
foxrochester.com	28071	2026-08-30
foxsanantonio.com	48898	2026-08-30
foxsports.com.au	6342	2023-07-05
foxtel.com.au	12343	2026-06-23
foxwilmington.com	40682	2026-08-30
foxy99.com	14127	2026-08-30
france24.com	167191	2026-02-12
franklinfavorite.com	27556	2026-08-28
frasercoastchronicle.com.au	46313	2021-04-28
fredericknewspost.com	41918	2026-08-30
fredericksburg.com	57202	2026-08-29
freebeacon.com	20686	2026-08-30
freedom929.com	10263	2026-08-26
freedom95.us	6434	2026-08-29
freedom970.com	7969	2026-08-26
freemalaysiatoday.com	100722	2026-08-30
freep.com	46354	2024-06-25
freepressjournal.in	440158	2026-08-30
freepressseries.co.uk	92043	2026-08-30
freerepublic.com	482257	2026-08-30
freestonecountytimesonline.com	5282	2026-08-30
freethoughtblogs.com	6618	2026-08-30
freightwaves.com	6759	2026-01-21
freightweek.org	5242	2026-08-28
fremonttribune.com	72272	2026-08-30
freshfruitportal.com	9308	2026-08-28
freshplaza.com	83446	2026-08-28
fresnobee.com	5973	2024-07-17
frieze.com	5071	2026-01-28
froggy1003.com	11378	2026-08-27
froggy929.com	10680	2025-05-24
froggyweb.com	26831	2026-08-29
frontiersman.com	8569	2026-06-10
frontpageafricaonline.com	26051	2026-08-30
frontpagemag.com	21141	2026-05-29
fruitnet.com	10024	2025-09-04
ft.com	12476	2026-02-05
ft.lk	47249	2026-08-30
ftadviser.com	14915	2026-08-28
ftnnews.com	15128	2026-06-04
ftvlive.com	13010	2026-08-30
fudzilla.com	5476	2026-01-06
fukuoka-now.com	6119	2026-08-28
fultonsun.com	11654	2026-08-30
fun107.com	26692	2026-08-29
funds-europe.com	7823	2026-08-28
fundsforngos.org	24261	2026-08-27
funkytaurusmedia.com	146701	2026-08-30
furninfo.com	7158	2025-09-04
furnituretoday.com	11167	2026-06-04
futaa.com	15659	2020-11-27
futurity.org	10448	2026-08-28
fwi.co.uk	19429	2026-08-30
fwweekly.com	5708	2026-08-28
fxempire.com	10506	2026-03-09
fxstreet.com	125442	2026-03-05
gadget.co.za	6987	2026-08-30
gadgetsmagazine.com.ph	6222	2026-08-30
gadsdentimes.com	8135	2023-09-11
gainesville.com	15883	2023-09-11
gainesvilleregister.com	6877	2026-08-25
gainesvilletimes.com	11414	2026-08-28
galesburg.com	6937	2023-09-11
galusaustralis.com	7671	2020-08-18
galvnews.com	42050	2026-08-30
galwaybayfm.ie	21849	2026-08-30
gamasutra.com	12921	2022-06-24
gamenguide.com	6817	2026-08-28
gamepur.com	22146	2024-08-14
gamerant.com	133091	2026-08-30
gameranx.com	19250	2026-08-28
gamereactor.eu	24714	2026-08-30
gamerevolution.com	10465	2026-08-26
gamesindustry.biz	19309	2026-08-28
gamespot.com	45822	2026-01-20
gamesradar.com	65202	2026-08-30
gamewatcher.com	5244	2026-08-27
gamingbolt.com	19614	2026-08-30
gamingintelligence.com	5304	2026-08-28
gananoquereporter.com	40328	2026-08-29
ganggreennation.com	8428	2026-08-30
gardenandgun.com	5194	2026-08-26
garoweonline.com	7866	2026-08-30
gasgoo.com	16411	2026-08-30
gastongazette.com	9600	2023-09-11
gasworld.com	10705	2026-05-24
gator995.com	17833	2026-08-30
gattonstar.com.au	44798	2021-04-28
gaytimes.co.uk	10016	2024-05-06
gazetaexpress.com	24763	2026-08-05
gazette-news.co.uk	148110	2026-08-30
gazette.com	190568	2026-08-30
gazetteandherald.co.uk	120362	2026-08-30
gazetteherald.co.uk	144918	2026-08-30
gazettejournal.net	6328	2026-08-26
gazettelive.co.uk	92910	2026-08-30
gazettenet.com	37103	2026-08-30
gazetteseries.co.uk	117963	2026-08-30
gazettetimes.com	49355	2026-08-28
gazettextra.com	54057	2026-08-30
gbtribune.com	13084	2026-08-28
gcaptain.com	19473	2026-08-30
gcmaz.com	12880	2026-08-30
gctelegram.com	8452	2026-08-20
gdnonline.com	171233	2026-08-30
gds.ro	6100	2024-11-05
gearjunkie.com	12055	2026-08-14
geekwire.com	13044	2026-08-20
geeky-gadgets.com	48625	2026-08-25
geekzone.co.nz	7369	2026-08-30
geelongadvertiser.com.au	107836	2026-08-30
geneamusings.com	9434	2026-08-30
genengnews.com	9392	2026-06-04
geneticliteracyproject.org	10187	2026-03-20
geo.tv	154810	2026-08-30
geograph.org.uk	6215	2024-07-13
georgeherald.com	32487	2026-08-30
georgiatoday.ge	15583	2026-08-29
geosuper.tv	35040	2026-08-30
getreading.co.uk	50971	2024-05-03
getreligion.org	6582	2024-02-02
getsurrey.co.uk	89324	2026-08-30
gettysburgtimes.com	31612	2026-08-29
ggrasia.com	7764	2026-06-29
ghanafa.org	6722	2026-08-30
ghanaiantimes.com.gh	42713	2026-08-29
ghanamma.com	122287	2026-08-30
ghananewsagency.org	7849	2020-05-06
ghanaweb.com	247740	2026-03-03
ghettoradio.co.ke	9934	2026-08-30
giants.com	7560	2026-08-30
gigulate.com	36126	2026-05-21
gigwise.com	5622	2026-08-29
gillettenewsrecord.com	39586	2026-08-30
gilmermirror.com	24645	2026-08-30
giornaledibrescia.it	8277	2026-04-11
girlslife.com	6611	2026-08-30
gisborneherald.co.nz	15364	2025-02-04
gisuser.com	10344	2026-08-30
github.com	10470	2026-08-30
gizbot.com	5744	2026-07-23
gizchina.com	41190	2026-08-30
gizmochina.com	11012	2026-03-19
gizmodo.co.uk	9499	2020-09-09
gizmodo.com	56258	2026-08-30
gizmodo.com.au	32551	2024-07-11
gjsentinel.com	107397	2026-08-30
gladstoneobserver.com.au	52613	2021-06-23
glamour.com	14872	2026-08-30
glamsham.com	61741	2026-08-30
glasgowtimes.co.uk	193153	2026-08-30
glasgowworld.com	9356	2025-01-23
glassonweb.com	9034	2026-08-28
gleninnesexaminer.com.au	47005	2026-08-30
glidemagazine.com	8535	2026-08-29
globalbankingandfinance.com	7320	2026-08-24
globalcapital.com	15451	2025-10-20
globalcement.com	8149	2026-08-28
globalissues.org	10098	2026-08-29
globalnews.ca	152276	2026-08-30
globalsecurity.org	145897	2026-08-28
globalsistersreport.org	6057	2026-08-29
globaltimes.cn	58871	2026-08-30
globalvoices.org	7072	2026-08-30
globegazette.com	55341	2026-08-30
globenewswire.com	285961	2025-11-14
globes.co.il	15730	2026-08-30
gloucesteradvocate.com.au	60734	2026-08-30
gloucestershirelive.co.uk	11049	2026-05-13
gloucestertimes.com	34446	2026-08-30
gmanetwork.com	22387	2026-07-19
gmatclub.com	29293	2025-11-20
gmauthority.com	17532	2025-11-18
gmenhq.com	6500	2026-08-30
gna.org.gh	11444	2026-02-22
gnnliberia.com	14088	2026-08-30
go.com	359868	2026-02-10
go955.com	17481	2024-10-08
goal.com	111252	2026-03-19
gobankingrates.com	23049	2026-08-28
gocomics.com	23592	2025-08-13
gocountry105.com	10942	2026-08-30
godanriver.com	49561	2026-08-28
goderichsignalstar.com	23069	2026-08-30
goerie.com	15023	2023-09-11
goldcoastbulletin.com.au	141462	2024-07-30
goldderby.com	20422	2026-08-30
goldseiten.de	22114	2026-03-23
golocalprov.com	16443	2026-07-21
goodereader.com	5464	2026-08-30
goodhousekeeping.com	18301	2026-08-30
goodmenproject.com	69387	2025-01-23
gopusa.com	16072	2025-01-21
gosanangelo.com	5421	2023-09-11
goshennews.com	83480	2026-08-30
goskagit.com	267565	2026-08-30
goss.ie	42057	2026-08-30
gossipcop.com	5937	2021-09-01
gothamist.com	22612	2026-08-30
goulburnpost.com.au	95639	2026-08-30
goupstate.com	13769	2026-05-17
gov.uk	110959	2026-08-30
govconwire.com	8648	2026-08-28
governing.com	13922	2026-08-30
governorswindenergycoalition.org	7041	2026-08-30
govexec.com	12399	2026-08-28
govinfosecurity.com	16067	2026-08-29
govtech.com	20971	2026-08-30
gowatertown.net	27419	2026-08-28
gpb.org	14991	2026-08-28
gponline.com	5504	2026-07-02
gq-magazine.co.uk	12606	2026-08-29
gq.co.za	5390	2026-08-30
gq.com	12884	2026-08-29
gqindia.com	9764	2026-08-30
grainews.ca	6978	2025-05-22
grandforksgazette.ca	29306	2026-08-30
grandforksherald.com	73754	2026-08-30
grandhaventribune.com	18663	2026-08-29
grandprix.com	9608	2026-08-29
grandprix247.com	19701	2026-08-30
grandrapidsmn.com	32041	2026-08-30
granthamjournal.co.uk	6444	2023-12-04
graphic.com.gh	61881	2026-08-29
gratefulweb.com	24546	2026-08-30
graziadaily.co.uk	5049	2026-02-03
grbj.com	6001	2023-04-15
greanvillepost.com	9136	2026-08-29
great98.net	10150	2022-09-19
greatbendpost.com	35268	2026-08-30
greaterbelize.com	6232	2026-08-29
greatfallstribune.com	6218	2023-09-08
greatlakesadvocate.com.au	60622	2026-08-30
greekcitytimes.com	18898	2026-03-10
greekherald.com	63072	2026-08-30
greekreporter.com	30344	2026-06-07
greeleytribune.com	37220	2026-08-30
greenbaypressgazette.com	11617	2023-09-11
greencarcongress.com	11692	2024-07-30
greenevillesun.com	20124	2026-08-30
greenfieldreporter.com	43235	2025-05-15
greenleft.org.au	8159	2026-08-30
greenocktelegraph.co.uk	128671	2026-08-30
greensboro.com	56379	2026-08-30
greensburgdailynews.com	40146	2026-08-29
greenvilleonline.com	6965	2023-09-11
greenwichfreepress.com	7059	2026-08-30
greenwichtime.com	135194	2025-06-12
grenadachronicle.com	18339	2026-08-30
grenfellrecord.com.au	26138	2026-08-27
grimsbytelegraph.co.uk	77806	2026-08-30
grmdaily.com	11485	2026-06-28
groove993.com	11369	2026-06-19
ground.news	19048	2025-01-25
groundup.org.za	8653	2026-08-28
gsmarena.com	43470	2026-08-30
guampdn.com	51745	2026-08-30
guardian-series.co.uk	97934	2026-08-30
guardian.co.tt	48086	2026-08-30
guardian.ng	78980	2026-04-05
guelphmercury.com	10018	2026-08-30
guernicamag.com	7443	2026-07-15
guernseypress.com	80101	2026-08-30
guitarworld.com	17054	2026-08-30
gulf-times.com	55639	2026-08-30
gulf104.com	21674	2026-08-30
gulfbusiness.com	19994	2026-04-03
gulfcoastmedia.com	7978	2026-08-29
gulfcoastnewsnow.com	25210	2026-08-30
gulfnews.com	196354	2026-08-30
gulftoday.ae	52129	2026-03-19
gulte.com	41110	2026-08-30
gurlstudio.com	5527	2023-02-20
gurufocus.com	19152	2026-07-11
guyanachronicle.com	6750	2020-07-23
gvnews.com	8922	2026-08-29
gwdtoday.com	125393	2025-11-04
gwhatchet.com	8685	2026-08-30
gwinnettdailypost.com	84618	2026-08-27
gx94radio.com	26586	2026-08-30
gympietimes.com.au	53769	2021-04-28
haaretz.com	65032	2026-08-30
haberler.com	9534	2026-08-25
haberx.com	6873	2025-09-08
habseyesontheprize.com	6603	2026-08-30
hackaday.com	11148	2026-08-30
hackneygazette.co.uk	29824	2026-08-30
haitilibre.com	10051	2026-08-30
haitisun.com	49899	2026-08-30
halesowennews.co.uk	141805	2026-08-30
halfwheel.com	11483	2026-08-30
halifax.citynews.ca	6698	2025-10-14
halifaxcourier.co.uk	18225	2025-01-23
haligonia.ca	5432	2026-08-28
hallmarknews.com	16210	2026-08-30
halsteadgazette.co.uk	124500	2026-08-30
hamhigh.co.uk	56159	2026-08-30
hamlethub.com	14688	2026-08-27
hamodia.com	8109	2023-02-02
hampshirechronicle.co.uk	148653	2026-08-30
hampshirereview.com	7536	2026-08-27
hancinema.net	58225	2026-08-30
hanfordsentinel.com	25620	2026-08-30
hani.co.kr	11840	2026-08-30
hannaherald.com	8883	2026-08-30
hannibal.net	11401	2026-08-30
hannity.com	16708	2026-08-05
hapakenya.com	9235	2026-08-27
hapblog.com	8337	2025-05-22
harboroughmail.co.uk	11120	2025-01-23
hardcoregamer.com	13323	2026-08-28
hardenexpress.com.au	47618	2026-08-30
hardwoodparoxysm.com	9002	2026-08-17
harnesslink.com	28222	2026-08-30
harpersbazaar.com	25078	2026-08-30
harringayonline.com	47197	2026-08-30
harrisondaily.com	22264	2026-08-30
harrogate-news.co.uk	6184	2026-08-28
harrogateadvertiser.co.uk	15619	2025-01-23
harrowtimes.co.uk	95476	2026-08-30
hartenergy.com	8026	2025-09-18
hartfordbusiness.com	21062	2026-08-28
hartfordcitynewstimes.com	37112	2026-08-26
hartlepoolmail.co.uk	13236	2025-01-23
harvard.edu	14306	2026-08-28
harwichandmanningtreestandard.co.uk	127699	2026-08-30
hauraki.co.nz	9257	2026-08-30
havanatimes.org	6908	2026-08-30
havasunews.com	37106	2026-08-30
havredailynews.com	12009	2026-07-19
hawaii.edu	8753	2026-08-30
hawaiinewsnow.com	43623	2026-08-30
hawaiipublicradio.org	26652	2026-08-29
hawaiitelegraph.com	123995	2026-08-30
hawaiitribune-herald.com	19128	2026-08-30
hawkesburygazette.com.au	56749	2025-07-28
hayspost.com	33030	2026-08-30
hazard-herald.com	28108	2026-08-30
hcamag.com	10279	2026-08-28
hccommunityjournal.com	9792	2026-08-30
hcplive.com	11811	2026-03-27
hd983.com	16151	2026-07-03
hdnews.net	6727	2026-08-02
headlineplanet.com	8727	2026-08-30
healio.com	39171	2026-08-30
health.com	6689	2026-03-17
healthcanal.com	7276	2025-02-04
healthcaredive.com	7863	2026-08-30
healthcarefinancenews.com	5465	2026-06-03
healthcareitnews.com	14929	2026-06-04
healthday.com	6688	2026-08-28
healthleadersmedia.com	15931	2026-06-30
heart.co.uk	21194	2026-08-26
heartfm.ca	13713	2026-08-28
heaven1460.com	9105	2026-08-18
heavy.com	23260	2026-06-18
hedgeweek.com	6175	2026-05-20
helenair.com	64109	2026-08-30
helihub.com	5597	2024-07-26
hellenicshippingnews.com	161575	2026-08-30
hellobeautiful.com	5467	2026-08-30
hellomagazine.com	107644	2026-08-30
helsinkitimes.fi	6489	2026-08-30
hemeltoday.co.uk	10711	2025-01-23
hendersondispatch.com	16048	2026-08-29
hendersonvillelightning.com	6382	2026-08-30
henleystandard.co.uk	11072	2026-08-30
henricocitizen.com	6230	2026-08-30
henryherald.com	63905	2026-08-26
hepburnadvocate.com.au	49245	2026-08-30
her.ie	53028	2026-06-26
herald-citizen.com	11639	2026-08-30
herald-dispatch.com	53613	2026-08-30
herald-review.com	67816	2026-08-30
herald-zeitung.com	14421	2026-08-29
herald.co.zw	61471	2025-01-23
heraldandnews.com	23039	2026-08-29
heraldbanner.com	8821	2026-08-30
heraldbulletin.com	61469	2026-08-30
heraldcourier.com	40950	2026-08-25
heralddemocrat.com	9155	2026-08-27
heraldextra.com	19703	2026-08-30
heraldglobe.com	153916	2026-08-30
heraldgoa.in	15356	2026-08-30
heraldlive.co.za	30798	2025-01-25
heraldmailmedia.com	43614	2023-09-11
heraldmalaysia.com	22801	2026-03-11
heraldnet.com	18426	2026-08-29
heraldnews.com	11208	2023-09-11
heraldpalladium.com	36588	2026-08-30
heraldscotland.com	148215	2026-08-30
heraldseries.co.uk	135109	2026-08-30
heraldstandard.com	20036	2026-08-30
heraldstaronline.com	20903	2026-08-29
heraldsun.com.au	122647	2024-07-31
heraldtribune.com	22337	2023-09-11
herefordtimes.com	67857	2026-08-30
heritage.org	39650	2026-08-17
heritagefl.com	10124	2026-08-28
hermistonherald.com	7649	2026-08-30
hertfordshiremercury.co.uk	22775	2025-11-04
hertsad.co.uk	39084	2026-08-30
hexham-courant.co.uk	130143	2026-08-30
hexus.net	6999	2025-02-25
hiawathaworldonline.com	37474	2026-08-20
hickoryrecord.com	49246	2026-08-30
hiddenremote.com	6529	2026-08-30
highlandcountypress.com	24623	2026-08-30
highlandradio.com	54308	2026-08-30
highrivertimes.com	9084	2026-08-30
highschoolot.com	5755	2026-06-09
highsnobiety.com	21993	2026-08-30
highway989.com	9762	2026-07-01
hillingdontimes.co.uk	120790	2026-08-30
hillsdale.net	5253	2023-09-11
hilltimes.com	8208	2026-08-30
hindi.cri.cn	10510	2026-08-30
hindustantimes.com	522127	2026-08-30
hiphopdx.com	39549	2026-05-18
hiphopnc.com	11980	2026-08-30
hiphopwired.com	11883	2026-08-30
hirunews.lk	7226	2026-03-05
history.com	12362	2026-08-29
historyextra.com	5343	2026-08-30
hitc.com	91747	2026-08-30
hitconsultant.net	9448	2026-08-28
hits1053sanantonio.com	6928	2026-08-30
hits96.com	18282	2026-08-28
hits973.com	9893	2026-08-28
hitsfm.net	44864	2026-08-29
hjnews.com	24663	2026-08-29
hltv.org	128348	2025-08-12
hngn.com	51747	2026-08-30
hngnews.com	44154	2026-08-30
hoganstand.com	26580	2026-08-30
hogshaven.com	9962	2026-08-30
hola.com	24319	2026-08-30
hollandsentinel.com	16685	2023-09-10
hollywoodlife.com	31576	2026-08-05
hollywoodreporter.com	71394	2026-08-30
homelandsecuritynewswire.com	9336	2026-08-29
homenewshere.com	66318	2026-08-30
homernews.com	5226	2026-08-29
hometownregister.com	116504	2026-08-30
hometownsource.com	76717	2026-08-30
hometownstation.com	24269	2026-08-30
hometownstations.com	72243	2026-08-30
hongkongherald.com	47520	2026-08-30
honisoit.com	6595	2026-08-30
honolulumagazine.com	9627	2026-08-30
hoodline.com	5815	2025-01-23
hopestandard.com	38753	2026-08-30
horseandhound.co.uk	18747	2026-08-30
hortweek.com	23116	2026-07-02
hospitalitydesign.com	5914	2026-08-17
hospitalitynet.org	56909	2026-06-29
hot101.com	10686	2026-08-30
hot1017.com	6653	2025-01-24
hot1029.com	15191	2026-08-28
hot1033.com	9434	2026-08-30
hot1047.com	28492	2026-08-30
hot105fm.com	7104	2026-08-29
hot1077radio.com	9062	2026-08-30
hot96.com	35131	2026-08-30
hot967.fm	5584	2023-03-17
hot967fm.com	26768	2026-08-28
hot969boston.com	25326	2026-08-30
hot97.com	17461	2026-08-29
hot975fm.com	16929	2026-08-29
hotair.com	92548	2026-08-30
hotaugusta.com	15112	2026-08-30
hotcountrybull.com	7573	2024-01-26
hoteliermiddleeast.com	7467	2023-03-21
hotelnewsresource.com	11233	2026-08-30
hotelscombined.com	5957	2026-08-18
hothardware.com	11759	2026-08-30
hotpress.com	16168	2026-08-30
hotspotatl.com	11036	2026-08-30
houmatoday.com	11760	2023-09-11
houseandgarden.co.uk	6406	2026-08-28
housebeautiful.com	11514	2026-08-29
housingwire.com	16627	2026-08-30
houstonchronicle.com	122357	2025-07-23
houstonherald.com	13219	2026-08-29
houstoniamag.com	5733	2026-08-27
houstonianonline.com	8922	2026-08-19
houstonpress.com	7807	2026-08-28
houstonpublicmedia.org	29737	2026-08-30
houstontexans.com	5306	2026-08-29
howestreet.com	11006	2026-08-18
howstuffworks.com	14191	2026-04-20
howtogeek.com	31096	2026-08-30
hpcwire.com	13520	2026-08-24
hpherald.com	5662	2026-08-26
hpj.com	14683	2026-08-30
hppr.org	50293	2026-08-30
hpr2.org	8519	2021-06-02
hrmagazine.co.uk	19243	2026-05-29
hrreporter.com	6793	2026-08-28
hrw.org	12014	2026-08-28
hsj.co.uk	13651	2025-09-05
htrnews.com	10229	2023-09-11
htsstlucia.org	6293	2026-08-30
htxt.co.za	12192	2026-08-28
hub-4.com	6288	2026-08-30
hubcityradio.com	7956	2026-08-30
hubspot.com	7721	2026-08-28
hucknalldispatch.co.uk	11608	2025-01-23
hudsoncountyview.com	10629	2026-08-29
hudsonreporter.com	7874	2026-04-24
hudsonstarobserver.com	6192	2026-08-30
hudsonvalley360.com	28171	2024-04-23
hudsonvalleycountry.com	44078	2026-08-30
huewire.com	25118	2026-08-28
huffingtonpost.ca	6676	2021-03-09
huffingtonpost.co.uk	41463	2026-08-30
huffpost.com	59785	2026-08-17
hulldailymail.co.uk	102400	2026-08-30
human-wrongs-watch.net	5228	2026-03-01
humanevents.com	9386	2026-08-30
humanitariannews.org	105823	2021-09-28
humanresourcesonline.net	7968	2026-08-28
humboldtjournal.ca	32771	2021-07-29
hungarytoday.hu	24981	2026-08-30
huntspost.co.uk	39917	2026-08-30
hup.hu	6523	2026-08-28
hurriyetdailynews.com	45360	2026-08-30
huskeradio.com	11884	2026-07-24
hutchnews.com	11848	2023-09-10
hydrocarbonprocessing.com	13772	2026-08-28
hypebeast.com	63481	2026-02-15
hypebot.com	13036	2026-08-28
hyperallergic.com	10257	2026-08-28
i1071.com	8884	2021-04-30
i24news.tv	27889	2026-08-30
i95rock.com	15850	2026-08-30
i95rocks.com	19422	2026-08-29
iafrica.com	22480	2026-08-29
iam-media.com	5328	2026-03-21
ianslive.in	303614	2026-08-30
ibcworldnews.com	25264	2026-08-30
iberianet.com	8444	2022-06-22
iberkshires.com	37044	2026-08-30
iberonews.com	6168	2026-08-30
ibinews.com	10505	2025-09-04
ibj.com	7867	2026-08-29
ibtimes.co.in	58575	2026-08-30
ibtimes.co.uk	76290	2026-08-30
ibtimes.com	194291	2026-08-30
ibtimes.com.au	32950	2026-08-30
ibtimes.sg	7279	2026-03-16
icaew.com	8194	2026-08-30
icenews.is	9910	2026-08-30
iconnect007.com	14962	2026-06-11
icsf.net	13300	2026-08-28
idahobusinessreview.com	7707	2026-06-04
idahopress.com	79985	2026-08-30
idahostatejournal.com	94198	2026-08-30
idahostatesman.com	5302	2024-07-30
ideastream.org	19632	2026-08-30
idg.com.au	6314	2023-02-14
idiva.com	19661	2026-08-30
idrw.org	67073	2026-08-30
idsnews.com	12779	2026-08-30
ieyenews.com	17503	2026-03-17
ifa.com.au	6640	2026-06-25
ifamagazine.com	11527	2026-01-16
ifiberone.com	57438	2023-02-15
igamingbusiness.com	15327	2026-08-29
igberetvnews.com	7537	2025-11-26
ign.com	82340	2026-08-30
iheart.com	15317511	2026-08-30
ijpr.org	33129	2026-08-30
ijr.com	5157	2026-03-19
ilfordrecorder.co.uk	29600	2026-08-30
illawarramercury.com.au	100627	2026-08-30
illinoistimes.com	9574	2026-08-30
ilonggotechblog.com	9736	2026-08-21
ilovebobfm.com	9982	2026-08-30
iloveqatar.net	6388	2025-11-27
imemc.org	10387	2026-08-30
imore.com	27836	2025-05-23
imparcialoaxaca.mx	5071	2026-04-01
impartialreporter.com	120073	2026-08-30
imt.ie	5936	2026-08-29
in-cumbria.com	15094	2026-08-30
in.gr	6918	2026-08-30
inc.com	5320	2025-08-22
inc42.com	11305	2024-02-02
indaily.com.au	8422	2025-01-20
indcatholicnews.com	9435	2026-08-30
inddist.com	9485	2025-10-03
indeonline.com	8553	2023-09-11
independantexpress.com	14258	2026-02-17
independent.co.uk	264123	2026-08-30
independent.com	17818	2026-08-30
independent.com.mt	24923	2026-08-30
independent.ie	289738	2026-05-19
independentnews.com	25158	2026-08-30
independentsentinel.com	45911	2026-06-10
independenttribune.com	46444	2026-08-30
india.com	282169	2026-02-23
indiablooms.com	35841	2026-08-30
indiaeducationdiary.in	58082	2026-08-30
indiagazette.com	267045	2026-08-30
indiainfoline.com	12004	2026-08-27
indianagazette.com	5626	2026-03-19
indianapolisrecorder.com	5862	2026-04-02
indianautosblog.com	9032	2026-07-13
indiancooperative.com	14695	2026-08-29
indianewengland.com	27935	2026-08-30
indianexpress.com	484102	2026-07-31
indiantelevision.com	24132	2025-01-23
indianweekender.co.nz	14681	2026-08-30
indiapost.com	10568	2026-08-27
indiatimes.com	2673295	2026-08-30
indiatoday.in	181286	2026-06-29
indiatvnews.com	127245	2026-07-15
indiawest.com	25524	2026-06-22
indiedb.com	15816	2025-11-16
indiewire.com	16605	2026-08-30
indonesiatribune.com	16864	2026-08-30
industrialinfo.com	10177	2026-08-28
industrytoday.co.uk	5784	2024-08-30
indysmix.com	10789	2026-08-30
indystar.com	25111	2023-09-11
indyweek.com	5238	2026-02-12
inews.co.uk	6841	2026-08-19
inewsgr.com	13246	2026-08-30
inferse.com	6265	2026-07-27
infiniteunknown.net	11693	2025-04-11
infonews.co.nz	8655	2026-08-29
inform.kz	15122	2023-09-17
informationng.com	37492	2026-08-30
informationweek.com	6926	2026-08-29
inforum.com	97640	2026-08-30
infosecurity-magazine.com	11833	2026-08-28
infotechlead.com	6859	2026-08-30
infotel.ca	204502	2026-05-01
infowars.com	37273	2025-06-05
infoworld.com	9560	2026-08-28
inlander.com	12990	2026-08-29
inlandnewstoday.com	17447	2026-08-29
inman.com	20720	2026-07-07
inmaricopa.com	9229	2026-08-30
innovationintextiles.com	5675	2026-08-28
innovationtoronto.com	12603	2025-07-14
inquirer.com	79169	2026-08-30
inquirer.net	247882	2026-07-29
inquisitr.com	72061	2025-05-14
insidebitcoins.com	25597	2026-08-19
insideclimatenews.org	5881	2026-06-23
insideedition.com	15008	2025-09-11
insideevs.com	27694	2026-08-29
insidefutbol.com	17638	2026-08-30
insidefutures.com	7921	2020-12-29
insidehalton.com	13565	2026-08-30
insidehighered.com	9322	2026-05-12
insideindianabusiness.com	21600	2026-08-29
insidelacrosse.com	6347	2024-12-01
insidenova.com	69124	2026-08-30
insideottawavalley.com	9082	2026-08-30
insidepulse.com	6985	2026-08-29
insider.com	15591	2024-01-08
insideretail.asia	8976	2026-08-28
insidermedia.com	8897	2025-01-23
insidermonkey.com	174598	2026-08-30
insidethegames.biz	24663	2024-09-13
insidetheiggles.com	7326	2026-08-30
insightnews.com	6617	2026-08-28
instinctmagazine.com	5392	2026-08-30
institutionalinvestor.com	6333	2025-12-11
instyle.com	18917	2026-03-17
insuranceage.co.uk	7917	2026-08-28
insurancebusinessmag.com	31159	2026-08-29
insuranceinsider.com	7698	2026-08-18
insurancejournal.com	72724	2026-08-30
insurancenewsnet.com	70667	2026-06-04
integra927.com	5224	2024-06-03
intelligencer.ca	51402	2026-08-30
intelligentinsurer.com	11862	2026-08-13
interest.co.nz	14639	2026-08-30
interestingengineering.com	6703	2026-03-19
interfax.com	40978	2026-03-19
interfax.com.ua	62047	2026-08-29
intergameonline.com	15693	2026-05-17
interior-news.com	28208	2026-08-30
interlochenpublicradio.org	35972	2026-08-30
international-adviser.com	7980	2026-08-27
internationaltimes.it	5932	2026-08-30
intouchweekly.com	14100	2026-08-30
intrafish.com	14866	2026-08-30
inverelltimes.com.au	55103	2026-08-30
inverness-courier.co.uk	80125	2026-08-30
investegate.co.uk	554613	2026-08-28
investing.com	84818	2026-03-26
investinglive.com	16126	2026-08-30
investingnews.com	18645	2026-08-26
investmentexecutive.com	18662	2026-08-11
investmentnews.com	16647	2026-08-29
investmentwatchblog.com	56207	2026-08-30
investmentweek.co.uk	18105	2026-08-25
investopedia.com	18705	2026-03-17
investordaily.com.au	10101	2026-06-24
investorideas.com	8288	2026-08-28
investorplace.com	21568	2026-08-28
investors.com	46487	2026-08-30
investorschronicle.co.uk	12635	2026-08-28
invezz.com	37889	2025-09-23
inyourpocket.com	5327	2026-08-26
iol.co.za	227944	2025-01-23
iomtoday.co.im	27629	2026-08-30
iowapublicradio.org	50362	2026-08-30
iowastatedaily.com	6885	2026-08-28
ipe.com	9537	2025-09-04
ipolitics.ca	10831	2025-04-24
ipowerrichmond.com	13423	2026-08-30
ippmedia.com	8175	2025-02-26
ipsnews.net	18086	2026-08-28
ipswichadvertiser.com.au	21261	2020-06-29
ipswichstar.co.uk	93818	2026-08-30
ipwatchdog.com	9263	2026-08-28
iradio.ie	8840	2026-08-26
iranherald.com	69522	2026-08-30
iranoilgas.com	7045	2026-08-29
iraq-businessnews.com	6707	2026-08-30
iraqsun.com	82584	2026-08-30
irasciblemusings.com	20726	2024-01-20
irishamerica.com	6788	2026-07-27
irishcentral.com	19274	2026-08-30
irishdentist.ie	6783	2026-08-30
irishecho.com	5586	2026-08-29
irishexaminer.com	122083	2026-08-30
irishmirror.ie	175495	2026-08-30
irishnews.com	85735	2026-08-30
irishsun.com	48815	2026-08-30
irishtimes.com	223792	2026-08-30
ironmountaindailynews.com	25152	2026-08-30
irrawaddy.com	10690	2025-12-09
irrigator.com.au	53194	2026-08-30
irvinetimes.com	93700	2026-08-30
islamicinvitationturkey.com	12536	2026-08-30
island.lk	54091	2026-07-27
islandpacket.com	5017	2024-07-29
islands.com	24620	2026-08-30
islingtongazette.co.uk	29277	2026-08-30
islingtontribune.co.uk	6227	2026-08-28
ispreview.co.uk	5615	2026-08-30
israelherald.com	37778	2026-08-30
israelnationalnews.com	249234	2026-08-30
israeltoday.co.il	6119	2025-04-16
isthmus.com	15825	2026-08-30
it-online.co.za	82788	2026-08-29
italian.cri.cn	11338	2026-08-30
itbrief.co.nz	13956	2026-08-30
itbusinessnet.com	162828	2026-08-29
itechpost.com	18251	2026-08-28
itemlive.com	12632	2026-08-30
itemonline.com	17949	2026-08-30
ithaca.com	6392	2026-08-28
ithacajournal.com	5125	2023-09-11
itnews.com.au	11454	2026-08-30
itnewsafrica.com	10481	2026-08-28
itnewsonline.com	131433	2026-08-10
itnonline.com	8068	2026-08-28
itp.net	8530	2023-03-21
itpro.co.uk	9219	2023-04-11
itsnicethat.com	7894	2026-08-28
itv.com	100917	2025-06-02
itweb.co.za	14600	2026-08-28
itwire.com	23291	2026-08-29
ivpressonline.com	91567	2026-08-30
iwf.org	6281	2025-09-09
iwradio.co.uk	54321	2026-08-30
j-14.com	5231	2025-08-11
jacarandafm.com	48058	2026-08-30
jacksonprogress-argus.com	67456	2026-08-30
jacksonsun.com	6477	2023-09-11
jacksonville.com	16128	2023-09-11
jacksonvilleprogress.com	10827	2026-08-30
jagonews24.com	28631	2026-04-15
jagranjosh.com	83296	2026-08-30
jaguars.com	7027	2026-08-30
jalopnik.com	26239	2026-08-30
jamaica-gleaner.com	92323	2026-08-30
jamaica-star.com	40707	2026-08-28
jamaicantimes.com	41167	2026-08-30
jamaicaobserver.com	222186	2026-08-30
jambands.com	7112	2026-08-29
jambase.com	11492	2025-12-12
jamestown.org	5203	2026-08-20
jamestownsun.com	52723	2026-08-30
janes.com	20542	2026-08-21
japanherald.com	68072	2026-08-30
japantimes.co.jp	118948	2026-08-25
japantoday.com	73330	2026-08-30
jaxdailyrecord.com	8843	2024-01-03
jaysjournal.com	5231	2026-08-30
jayski.com	6195	2025-01-18
jbhe.com	9374	2026-08-29
jckonline.com	8248	2026-08-28
jcnnewswire.com	16898	2026-08-29
jconline.com	6301	2023-09-10
jcpost.com	27738	2026-08-30
jdnews.com	12990	2026-08-29
jdsupra.com	313287	2026-07-15
jeepforum.com	5241	2026-06-11
jerseyeveningpost.com	82651	2026-08-30
jewishjournal.com	10648	2023-03-03
jewishlink.news	5362	2023-06-17
jewishpress.com	42020	2026-08-30
jewishtimes.com	5242	2026-08-27
jewishworldreview.com	8642	2026-08-28
jezebel.com	10250	2026-08-30
jg-tc.com	57125	2026-08-30
jhnewsandguide.com	18036	2026-08-29
jhu.edu	18618	2026-08-30
jns.org	32963	2026-08-30
joblo.com	39802	2026-07-30
joe.co.uk	22824	2026-04-16
joe.ie	23908	2026-04-15
johnogroat-journal.co.uk	46700	2026-08-30
johnsoncitypress.com	21521	2025-12-16
jonathanturley.org	7641	2026-08-30
joplinglobe.com	90106	2026-08-30
jordantimes.com	57650	2026-08-30
jose947.com	15323	2025-03-13
journal-advocate.com	30648	2026-08-30
journal-news.com	38950	2026-08-30
journal-news.net	28157	2026-08-30
journal-spectator.com	9839	2025-11-25
journal-topics.com	8824	2026-08-30
journal.com.ph	15012	2026-08-30
journalgazette.net	79141	2026-08-30
journalinquirer.com	22390	2023-06-03
journalism.co.uk	5497	2026-08-28
journalismpakistan.com	7325	2026-08-30
journalnow.com	73519	2026-08-30
journalpatriot.com	10385	2026-08-30
journalpioneer.com	22877	2020-11-11
journalrecord.com	37118	2026-06-03
journalreview.com	11061	2026-08-29
journalstandard.com	5432	2023-09-10
journalstar.com	111397	2026-08-30
journaltimes.com	69622	2026-08-30
jowhar.com	8155	2026-08-30
jox2fm.com	41278	2025-07-23
joxfm.com	19112	2026-08-30
joy.org.au	12085	2026-08-30
jpost.com	176896	2026-08-30
jsonline.com	32169	2023-09-11
jta.org	11234	2025-05-12
jtv.com	50634	2026-08-21
jumpradio.ca	7573	2026-06-29
juneauempire.com	8116	2026-08-30
juneesoutherncross.com.au	105598	2026-08-30
juniorminingnetwork.com	21093	2026-08-29
junkee.com	6676	2026-02-19
jurist.org	6889	2026-03-19
just-auto.com	11373	2026-08-28
just-drinks.com	7687	2026-08-28
just-food.com	9001	2026-08-28
just-style.com	9241	2026-08-28
justarsenal.com	17874	2026-08-30
justblogbaby.com	5862	2026-08-30
justice.gov	5015	2025-11-26
justiceinfo.net	9715	2026-08-30
justicenewsflash.com	7822	2026-07-14
justjared.com	611881	2026-07-05
justjaredjr.com	121464	2026-08-30
justmeans.com	17128	2023-01-06
justsecurity.org	5592	2026-08-30
juxtapoz.com	6197	2026-05-13
jweekly.com	11369	2026-08-30
jwire.com.au	13917	2026-08-30
k100country.com	5870	2026-08-30
k101fm.net	41439	2026-04-22
k1047.com	23735	2026-08-30
k105.com	12301	2026-07-16
k12.wi.us	18159	2026-08-13
k2radio.com	26457	2026-08-30
k923orlando.com	9138	2026-08-29
k945.com	38480	2026-08-28
k96fm.com	17403	2026-08-30
k985.com	5843	2020-12-09
k99.com	22460	2026-08-30
k99online.com	6541	2026-01-28
k99wigm.com	8200	2026-08-28
kaaltv.com	75975	2026-03-17
kabc.com	30285	2026-08-30
kachwanya.com	7093	2026-08-12
kacu.org	56902	2026-08-30
kafe.com	5723	2026-08-29
kagstv.com	38121	2026-06-06
kaieteurnewsonline.com	31728	2026-08-30
kait8.com	34824	2026-08-30
kajo.com	5825	2026-08-28
kake.com	51544	2026-08-30
kalb.com	17715	2026-08-30
kalw.org	48961	2026-08-30
kamcity.com	15232	2025-11-18
kamloopsbcnow.com	12384	2026-08-30
kamloopsthisweek.com	20035	2023-10-27
kansascity.com	5375	2024-07-30
kansaspublicradio.org	23992	2026-08-30
kanw.com	37966	2025-07-07
kaok.com	41936	2026-08-30
kare11.com	62042	2026-06-25
karennews.org	7335	2026-08-28
karriere.at	11037	2024-03-25
kashmirlife.net	43010	2026-08-30
kashmirreader.com	50661	2026-08-30
kashmirtimes.com	19687	2026-08-30
kashmirtimes.in	16699	2025-04-18
kasu.org	95786	2026-08-30
katc.com	47370	2026-08-30
katcountry989.com	44865	2026-08-26
katherinetimes.com.au	63662	2026-08-30
kathmandupost.com	28482	2026-08-30
katm.com	6269	2026-08-30
katsfm.com	43467	2026-08-30
katt.com	9405	2026-08-30
katu.com	43881	2026-08-30
katv.com	36102	2026-08-30
kawc.org	63767	2026-08-30
kawowo.com	7386	2026-08-30
kazu.org	68080	2026-08-30
kbat.com	27836	2026-08-30
kbcy.com	5518	2026-08-30
kber.com	8817	2026-08-30
kbew98country.com	5094	2026-08-30
kbft.org	7859	2026-08-20
kbhbradio.com	8708	2025-01-23
kbia.org	37888	2026-08-30
kbnd.com	7554	2026-08-28
kbnwnews.com	5550	2026-08-16
kboo.fm	6870	2026-08-30
kbrx.com	7761	2026-08-20
kbs.co.kr	65336	2026-08-30
kbtt.fm	20147	2026-08-10
kbtx.com	28424	2026-08-30
kbull93.com	13417	2022-09-06
kbur.com	16647	2026-08-25
kbzk.com	39404	2026-08-30
kcbd.com	30893	2026-08-30
kcbx.org	31875	2026-08-30
kcby.com	35545	2026-08-30
kcchronicle.com	7039	2023-05-01
kcci.com	84842	2026-08-30
kccu.org	58529	2026-08-30
kcentv.com	51557	2026-06-06
kcet.org	7715	2023-09-25
kchanews.com	10627	2026-08-30
kciiradio.com	24162	2026-08-29
kclr96fm.com	8668	2026-08-30
kclu.org	47186	2026-08-30
kcra.com	112608	2026-08-30
kcrg.com	37189	2026-08-30
kcrr.com	26586	2026-08-30
kcrw.com	21945	2026-01-30
kctv5.com	42364	2026-08-30
kcur.org	16422	2026-08-30
kdal610.com	12741	2025-09-30
kdat.com	45847	2026-08-30
kdhlradio.com	58994	2026-08-30
kdhnews.com	90129	2026-08-30
kdks.fm	16608	2026-08-10
kdlg.org	17369	2025-01-27
kdminer.com	6614	2026-08-30
kdramastars.com	20661	2026-08-28
kdrv.com	29945	2026-08-30
kdux.com	9744	2026-08-07
kdvr.com	6504	2026-02-17
kdwn.com	7218	2022-11-12
keanradio.com	21117	2026-08-30
kearneyhub.com	50121	2026-08-29
kecofm.com	9023	2026-08-27
kedm.org	56542	2026-08-30
keighleynews.co.uk	132600	2026-08-30
kekbfm.com	33698	2026-08-30
kelo.com	82404	2026-08-30
kelofm.com	17994	2026-08-28
kelownacapnews.com	54213	2026-08-30
kelownadailycourier.ca	61330	2026-08-30
kenoraonline.com	7083	2025-08-25
kenoshanews.com	7298	2025-08-27
kens5.com	72133	2026-06-05
kentlive.news	5708	2026-07-02
kentonline.co.uk	96075	2026-08-30
kentuckynewera.com	34704	2026-08-29
kenw.org	42867	2026-08-30
kenyan-post.com	45204	2026-08-30
kenyans.co.ke	16332	2026-03-18
kenyastar.com	68425	2026-08-30
keprtv.com	25980	2026-06-05
keralakaumudi.com	5891	2026-08-30
keranews.org	24971	2026-08-29
kerrang.com	13551	2026-08-17
kesn1033.com	9325	2020-10-06
kesq.com	81840	2026-08-30
ketchikandailynews.com	6941	2026-08-28
ketr.org	48780	2026-08-30
ketv.com	79845	2026-08-30
kevinmd.com	18014	2026-05-27
keyc.com	19045	2026-08-30
keyj.com	20726	2026-08-30
keysnews.com	50238	2026-08-30
keyt.com	104435	2026-08-30
keyw.com	25177	2026-08-29
kezi.com	28073	2026-08-28
kezj.com	22178	2026-08-29
kfdi.com	10996	2026-01-28
kfdm.com	34330	2026-08-30
kffm.com	29588	2026-08-30
kfgo.com	72817	2026-08-30
kfilradio.com	62291	2026-08-30
kfiz.com	10777	2026-08-30
kfm.co.ug	8614	2026-04-20
kfm.co.za	9754	2024-01-15
kfmx.com	31380	2026-08-30
kfor.com	7646	2026-06-11
kfox95.com	28573	2026-08-29
kfoxtv.com	39906	2026-08-30
kfqd.com	6517	2026-08-10
kfru.com	38130	2026-08-30
kfrxfm.com	17293	2026-08-05
kfvs12.com	51858	2026-08-30
kfyo.com	19262	2026-08-29
kfyrtv.com	29373	2026-08-30
kgab.com	6496	2026-03-06
kggo.com	10469	2026-08-29
kgmi.com	7909	2024-01-16
kgmo.com	7189	2026-07-15
kgns.tv	23218	2026-08-30
kgoradio.com	26604	2022-10-06
kgou.org	67243	2026-08-30
kgw.com	58191	2026-07-14
khaama.com	22511	2026-08-30
khak.com	39429	2026-08-30
khaleejtimes.com	156191	2026-08-29
khaosodenglish.com	9434	2025-01-23
khay.com	5515	2026-08-30
khit1075.com	22134	2026-08-29
khits.com	51157	2026-08-03
khmertimeskh.com	29011	2025-07-08
khop.com	10442	2026-08-30
khou.com	72508	2026-06-06
khq.com	83288	2026-08-30
khqa.com	31765	2026-08-30
kicdam.com	7503	2024-07-31
kickam1530.com	24650	2026-08-30
kickoff.com	31422	2026-08-30
kicks105.com	20707	2026-08-30
kicks1063.com	11643	2026-08-30
kicks99.com	16070	2026-08-30
kickscountry.com	5004	2026-07-23
kicksonfire.com	45793	2026-06-01
kidderminstershuttle.co.uk	114640	2026-08-30
kiiitv.com	55653	2026-06-05
kiimfm.com	6227	2026-08-30
kikn.com	32555	2026-08-30
kilburntimes.co.uk	48586	2026-08-30
kildare-nationalist.ie	56223	2026-08-30
kilgorenewsherald.com	11826	2026-08-30
kilkennypeople.ie	58431	2026-05-14
kimatv.com	28907	2026-06-06
kimberleybulletin.com	29598	2026-08-30
kimt.com	58163	2026-08-30
kincardinenews.com	21695	2026-08-29
king5.com	67787	2026-06-05
kingdomfm.co.uk	18364	2025-01-03
kingfm.com	35918	2026-08-30
kingfut.com	10208	2026-08-30
kingstonthisweek.com	36695	2026-03-26
kinja.com	15310	2026-04-27
kink.fm	5475	2026-08-26
kinston.com	7654	2026-08-29
kion546.com	5562	2025-08-21
kios.org	47564	2026-08-15
kiow.com	15908	2026-08-30
kiplinger.com	15222	2026-08-30
kirksvilledailyexpress.com	8765	2026-08-30
kiro7.com	64916	2026-08-30
kism.com	9650	2026-08-28
kiss-1031.com	9198	2026-08-30
kiss951.com	30193	2026-08-30
kisscasper.com	25015	2026-08-30
kissfm969.com	25704	2026-08-28
kissrocks.com	8102	2026-08-30
kisswtlz.com	21892	2026-08-28
kitchener.citynews.ca	6837	2025-01-26
kitchener.ctvnews.ca	24550	2025-01-23
kitchenertoday.com	6824	2021-10-17
kitco.com	27616	2026-08-29
kitguru.net	21792	2026-08-30
kitsapsun.com	5916	2023-09-11
kitv.com	59407	2026-08-30
kivitv.com	7643	2026-03-19
kiwaradio.com	13810	2026-08-30
kiwiblog.co.nz	9063	2026-08-30
kix106.com	6014	2026-08-30
kix953.com	14884	2026-08-07
kix96.com	5991	2026-08-30
kixi.com	9284	2026-08-28
kixs.com	19392	2026-08-30
kixweb.com	7541	2026-08-20
kizn.com	6947	2026-08-30
kjas.com	11037	2026-08-30
kjct8.com	20881	2026-08-30
kjlhradio.com	6695	2026-08-29
kjmo.com	7596	2025-03-17
kjo1055.com	5503	2026-08-25
kjrh.com	18578	2026-08-30
kjzz.org	39303	2026-08-30
kkco11news.com	12206	2026-08-30
kkfm.com	13328	2026-08-30
kkgb.com	17868	2026-08-29
kkiq.com	16162	2026-08-26
kkoh.com	75531	2026-08-30
kkrv.com	14781	2026-08-27
kktv.com	25763	2026-08-30
kkyr.com	24639	2026-08-30
kkyx.com	7249	2026-08-29
klake.com	8869	2024-02-15
klaq.com	29142	2026-08-30
klaw.com	26519	2026-08-30
klcc.org	93359	2026-08-30
klce.com	5932	2024-08-29
klewtv.com	26166	2026-06-06
klif.com	79254	2026-08-30
klik1240.com	31383	2024-10-16
klin.com	15185	2026-08-30
klkl.fm	21081	2026-08-10
klkntv.com	37616	2026-08-30
klll.com	8977	2026-08-29
klove.com	5113	2026-08-30
klrc.com	5137	2026-08-28
kltv.com	34344	2026-08-30
klur.com	6145	2026-08-30
klyq.com	6235	2025-03-12
kmaj1440.com	110638	2026-08-30
kmaland.com	29926	2026-08-30
kmbc.com	79528	2026-08-30
kmch.com	12115	2026-08-30
kmfm.co.uk	8773	2026-08-30
kmhk.com	18460	2026-08-30
kmit.com	5125	2026-08-28
kmjnow.com	70821	2026-08-30
kmmo.com	22516	2026-08-30
kmmsam.com	12899	2026-08-28
kmov.com	18034	2023-12-04
kmuw.org	46400	2026-08-30
kmvt.com	18796	2026-08-30
kmxs.com	7566	2026-08-19
kmxt.org	18456	2026-08-30
knac.com	17851	2026-08-30
knau.org	42297	2026-08-30
knbr.com	14484	2025-05-22
knco.com	7410	2026-08-03
kneb.com	8538	2021-03-30
knek.com	20312	2026-08-30
kniakrls.com	48473	2026-04-10
knoe.com	31049	2026-08-30
knopnews2.com	23534	2026-08-30
knoxnews.com	11024	2023-09-11
knoxradio.com	13802	2026-08-28
knpr.org	71135	2026-08-30
knsiradio.com	19629	2026-08-28
knue.com	35567	2026-08-30
knzr.com	12841	2026-05-14
koaa.com	51927	2026-08-30
koamnewsnow.com	30906	2026-08-30
koat.com	64080	2026-08-30
kob.com	132824	2026-08-30
kobi5.com	24905	2026-08-30
koco.com	88180	2026-08-30
kodiakdailymirror.com	6722	2026-08-27
koel.com	25423	2026-08-29
kogt.com	7282	2026-08-30
koimoi.com	72412	2026-08-24
koka.am	21810	2026-08-28
kokomoperspective.com	42673	2023-11-03
kokomotribune.com	60187	2026-08-30
kold.com	42540	2026-08-30
kolotv.com	29656	2026-08-30
komando.com	10038	2026-08-30
komonews.com	36815	2026-08-30
komu.com	52207	2026-08-30
kono1011.com	9511	2026-08-30
kool1017.com	34467	2026-08-30
kool1079.com	29944	2026-08-30
kool965.com	18881	2026-08-29
kool973.com	5266	2026-08-26
kool98.com	7272	2026-08-28
koolam.com	11367	2026-08-29
koolfmabilene.com	19897	2026-08-30
kopsource.com	65646	2024-11-23
koreabizwire.com	47083	2026-02-12
koreabridge.net	5201	2026-08-30
koreaherald.com	136084	2026-08-30
korean.cri.cn	8631	2026-08-30
koreatimes.co.kr	120760	2026-08-30
koreatimesus.com	6498	2025-07-18
kosu.org	32665	2026-05-09
kotaku.com	19652	2026-08-30
kotaku.com.au	19079	2026-08-10
kotaradio.com	8787	2026-08-30
kotatv.com	22550	2026-08-30
kowb1290.com	14329	2026-08-30
koxe.com	13532	2026-08-28
koze.com	10134	2026-08-13
kpax.com	45697	2026-08-30
kpbs.org	52357	2026-08-30
kpcnews.com	67708	2026-08-30
kpcw.org	38750	2026-08-30
kpel965.com	36465	2026-08-30
kpfa.org	13649	2026-08-30
kphrfm.com	11969	2026-08-24
kpic.com	38381	2026-08-30
kpla.com	9361	2026-08-30
kplctv.com	39572	2026-08-30
kpopstarz.com	22710	2026-08-28
kpq.com	14896	2026-08-30
kprs.com	8784	2026-08-28
kptv.com	32336	2026-08-30
kpvi.com	56637	2026-08-29
kqky.com	10095	2026-04-28
kqvt.com	14646	2026-08-28
kqxy.com	10411	2026-08-30
krcgtv.com	39146	2026-08-30
krcoam.com	5925	2022-04-05
krcrtv.com	45324	2026-08-30
krcu.org	67452	2026-08-30
krdo.com	110855	2026-08-30
krem.com	51326	2026-06-26
krforadio.com	53978	2026-08-30
krgv.com	64308	2026-08-30
kristv.com	38906	2026-08-29
krmg.com	32466	2026-08-30
krmsradio.com	5720	2026-08-29
krna.com	28076	2026-08-30
krnb.com	15619	2026-08-30
krny.com	11554	2026-08-28
kroc.com	42035	2026-08-30
krock.com.au	7369	2026-08-30
krock1017fm.com	5079	2021-05-15
krocnews.com	15593	2026-08-30
krod.com	17590	2026-08-28
krqe.com	5338	2025-11-18
krro.com	26029	2026-08-30
krrq.com	20617	2026-08-30
krrvonline.com	13396	2026-08-28
krtv.com	35161	2026-08-30
krvn.com	7917	2021-02-12
krvs.org	25300	2026-08-30
krwg.org	52814	2026-08-30
ks95.com	15042	2026-08-29
ksal.com	11854	2026-08-30
ksam1017.com	7021	2026-08-30
ksat.com	165713	2026-08-30
ksbw.com	63982	2026-08-30
ksby.com	55817	2026-08-30
kscj.com	8939	2026-08-30
ksdk.com	66285	2026-06-06
ksenam.com	13850	2026-08-30
ksfa860.com	14396	2026-08-30
ksfr.org	6357	2026-08-30
ksgf.com	12566	2026-05-23
kshb.com	46832	2026-08-30
kshe95.com	10028	2026-08-28
ksisradio.com	18892	2026-08-30
ksjbam.com	6249	2026-08-26
ksks.com	10834	2026-08-30
ksl.com	140690	2026-08-30
ksla.com	34683	2026-08-30
kslx.com	7530	2026-08-29
ksmb.com	20107	2026-08-30
ksmu.org	90030	2026-08-30
ksnblocal4.com	18808	2026-08-30
ksnt.com	7165	2025-07-16
ksoo.com	5993	2021-08-01
kspr.com	11386	2020-07-08
ksro.com	23115	2025-09-15
kstp.com	59468	2026-03-19
ksusentinel.com	36224	2026-06-19
ksut.org	38877	2026-08-30
kswo.com	27762	2026-08-30
ksyl.com	28784	2026-08-28
ktar.com	56303	2026-06-03
ktbb.com	48449	2026-08-30
ktbs.com	100038	2026-08-30
ktcx.com	6191	2026-08-30
kten.com	51018	2026-08-30
ktep.org	42523	2026-08-30
ktgl.com	8619	2026-08-19
kticradio.com	7000	2021-05-28
ktik.com	8074	2026-08-30
ktiv.com	37879	2026-08-30
ktla.com	8210	2025-05-28
ktlo.com	37245	2026-08-18
ktnv.com	6090	2026-03-18
ktop1490.com	82403	2026-08-30
ktre.com	22671	2026-08-30
ktsa.com	19414	2026-08-28
kttn.com	17326	2025-11-10
ktts.com	11047	2025-11-23
ktucam.com	9209	2023-08-24
ktul.com	40409	2026-08-30
ktuu.com	8725	2020-07-16
ktvb.com	59027	2026-06-06
ktvh.com	31587	2026-08-30
ktvl.com	5883	2026-08-30
ktvo.com	29152	2026-08-30
ktvq.com	33832	2026-08-30
ktvu.com	66332	2026-08-30
ktvz.com	151305	2026-08-30
ktwb.com	8230	2026-08-27
ktxs.com	34191	2026-08-30
ku.edu	6725	2026-08-28
kuaf.com	48278	2026-08-30
kuam.com	24726	2026-04-30
kucb.org	8862	2026-08-29
kuenselonline.com	10190	2026-08-29
kuer.org	17247	2026-08-29
kugn.com	65466	2026-08-18
kuic.com	14918	2026-08-30
kulr8.com	69432	2026-08-29
kuna.net.kw	50048	2026-02-25
kunc.org	53287	2026-08-30
kunm.org	38743	2026-08-30
kunr.org	27899	2026-08-30
kuow.org	32781	2026-08-30
kurv.com	25405	2026-08-30
kusi.com	21626	2024-01-30
kut.org	13632	2026-08-29
kutx.org	5281	2026-08-30
kuvo.org	10269	2026-08-28
kuwaittimes.com	10873	2025-01-27
kuwaittimes.net	15352	2022-01-04
kuzz.com	6263	2026-08-30
kval.com	41127	2026-08-30
kvia.com	124800	2026-08-30
kvmr.org	8459	2026-08-30
kvnf.org	55544	2026-08-30
kvoa.com	48078	2026-08-30
kvoo.com	8055	2020-12-07
kvor.com	81241	2026-08-30
kvpionline.com	15838	2026-08-28
kvpr.org	35855	2026-08-30
kvrr.com	24800	2026-08-30
kvue.com	62654	2026-06-25
kw3.com	13683	2026-08-30
kwayradio.com	6719	2026-08-28
kwbu.org	78754	2026-08-30
kwcdcountry.com	11267	2026-08-30
kwch.com	29276	2026-08-30
kwhl.com	5400	2026-08-10
kwin.com	23143	2026-08-30
kwiq.com	8481	2026-08-26
kwit.org	75337	2026-08-30
kwqc.com	31497	2026-08-30
kwsn.com	22143	2026-08-30
kwtx.com	26603	2026-08-30
kwwl.com	6192	2026-03-17
kwxx.com	11541	2026-08-26
kx947.fm	6652	2026-08-29
kxel.com	62321	2026-08-29
kxii.com	17851	2026-08-30
kxkx.com	25169	2026-08-30
kxl.com	22346	2026-08-30
kxlf.com	38289	2026-08-30
kxlh.com	32085	2026-08-30
kxly.com	109068	2026-08-30
kxly920.com	16698	2026-08-30
kxrb.com	33264	2026-08-30
kxxv.com	53710	2026-08-30
kxzz1580am.com	8657	2022-01-03
ky3.com	53316	2026-08-30
kygl.com	21926	2026-08-30
kyis.com	10067	2026-08-30
kyivpost.com	67473	2026-08-30
kykz.com	5629	2026-08-30
kyma.com	58830	2026-08-30
kynt1450.com	14877	2026-08-30
kyodonews.net	22843	2026-08-25
kysdc.com	14016	2026-08-30
kyssfm.com	31584	2026-08-30
kyuk.org	26969	2026-08-30
kztv10.com	26502	2026-08-29
kzyx.org	47860	2026-08-30
labelsandlabeling.com	9341	2026-04-07
labmate-online.com	7410	2025-08-07
labusinessjournal.com	6235	2026-08-27
lacrossetribune.com	124045	2026-08-30
ladailypost.com	24666	2026-08-30
ladunliadinews.com	8588	2025-07-28
ladysmithchronicle.com	34326	2026-08-30
lagazzettadelmezzogiorno.it	8032	2026-08-25
lagrandeobserver.com	13368	2026-08-30
lagrangenews.com	6723	2026-08-29
lagunabeachindy.com	5076	2026-08-29
lahainanews.com	5365	2026-08-30
laineygossip.com	14209	2026-08-28
laist.com	39158	2026-08-30
lajollalight.com	5593	2024-06-12
lakeexpo.com	8190	2026-08-30
lakegenevanews.net	29871	2026-08-28
lakelandtimes.com	5058	2026-08-28
lakenewsonline.com	10974	2026-08-27
lakersnation.com	15913	2026-08-30
lakeshoreadvance.com	23273	2026-08-30
lakeshowlife.com	6192	2026-08-30
lamag.com	10384	2026-08-30
lancashiretelegraph.co.uk	216553	2026-08-30
lancasterfarming.com	10226	2026-08-30
lancasterguardian.co.uk	14852	2025-01-23
lancasteronline.com	97701	2026-08-30
lanereport.com	5106	2026-08-28
lankanewspapers.com	6209	2026-08-30
lankaweb.com	16236	2026-08-30
lansingstatejournal.com	8274	2023-09-11
laois-nationalist.ie	57428	2026-08-30
laosnews.net	96829	2026-08-30
laprensalatina.com	37186	2026-05-11
laramieboomerang.com	5085	2021-02-04
larouchepub.com	5016	2026-08-27
lasentinel.net	12449	2025-08-23
lasvegassun.com	104373	2026-08-27
lasvegasweekly.com	7647	2026-08-28
latestly.com	108148	2025-01-27
latimes.com	185624	2026-08-30
latinamericanpost.com	11256	2026-08-30
latinfinance.com	12263	2026-08-22
latinnews.com	5453	2025-09-15
latinpost.com	19968	2026-08-28
latintimes.com	29432	2026-08-29
latpro.com	42075	2023-03-23
laughingplace.com	17615	2026-08-30
law360.com	148633	2026-08-29
lawandcrime.com	6285	2026-03-17
lawfuel.com	5420	2026-08-30
lawgazette.co.uk	18504	2025-09-05
lawofficer.com	10541	2026-08-26
lawstreetmedia.com	8735	2026-08-27
lawyersweekly.com.au	11831	2026-08-30
lbc.co.uk	78198	2026-08-30
lbcgroup.tv	7553	2026-07-13
lbpost.com	13853	2026-08-29
lcsun-news.com	11231	2023-09-11
leaderherald.com	10592	2023-10-24
leaderlive.co.uk	183214	2026-08-30
leaderpost.com	64983	2026-08-30
leadership.ng	103214	2026-08-30
leadertelegram.com	57341	2026-08-30
leamingtonobserver.co.uk	14482	2026-08-30
leavenworthtimes.com	9908	2026-08-30
lebanon-express.com	21448	2023-04-25
lebanondemocrat.com	82163	2026-08-30
ledburyreporter.co.uk	108486	2026-08-30
ledgertranscript.com	15528	2026-08-30
leducrep.com	16530	2026-08-30
leftfootforward.org	5817	2026-08-30
legalinsurrection.com	16900	2026-08-30
legallyindia.com	23356	2026-08-30
legalnewsline.com	16795	2026-08-29
legit.ng	17884	2026-03-19
legitgov.org	12543	2026-08-30
lehighacrescitizen.com	5483	2026-08-27
lehighvalleylive.com	48122	2026-02-23
leicestermercury.co.uk	117946	2026-08-30
leighjournal.co.uk	99172	2026-08-30
leightonbuzzardonline.co.uk	9193	2025-01-23
leinsterexpress.ie	59110	2026-05-12
leinsterleader.ie	62211	2026-05-12
leitrimobserver.ie	49217	2026-05-14
lelezard.com	35745	2026-06-02
lemonde.fr	9061	2026-04-15
lenconnect.com	10474	2023-09-11
lendio.com	8488	2023-07-02
lep.co.uk	26299	2025-01-23
lestimes.com	7356	2026-08-28
lethbridgeherald.com	64626	2026-08-30
letsrecycle.com	6133	2026-08-28
letsrun.com	12170	2026-06-01
lewistownsentinel.com	15542	2026-08-29
lewrockwell.com	31823	2026-06-04
lex18.com	38046	2026-08-30
lexch.com	23141	2026-08-29
lexology.com	31975	2026-07-15
lfpress.com	25022	2026-08-30
lgbtqnation.com	8913	2026-06-21
lgcplus.com	9929	2026-08-28
libcom.org	5248	2026-08-26
liberianobserver.com	17175	2026-08-29
libertyballers.com	8111	2026-08-30
libn.com	11056	2026-06-03
librivox.org	8606	2026-08-30
lichfieldlive.co.uk	14459	2026-08-30
lifeandstylemag.com	11882	2026-08-26
lifehacker.com	21564	2026-08-30
lifehacker.com.au	22827	2024-10-09
lifenews.com	18138	2026-08-29
lightreading.com	19099	2026-08-28
liherald.com	7400	2026-08-29
liliputing.com	5086	2026-07-22
lillooetnews.net	17763	2020-08-18
limaohio.com	35794	2025-04-15
limerickleader.ie	62755	2026-05-27
limerickpost.ie	12785	2026-08-30
lincolnshireworld.com	14183	2025-01-23
lincolntimesnews.com	5024	2026-08-30
listenupyall.com	7749	2026-08-29
listverse.com	14374	2026-08-30
lite96.com	5798	2024-02-21
lite987.com	28794	2026-08-30
liteonline.com	23060	2026-08-29
literock959.com	22060	2025-03-27
literock969.com	8820	2022-04-18
lithgowmercury.com.au	47662	2026-08-30
littleapplepost.com	24947	2026-08-30
littlehamptongazette.co.uk	6387	2022-02-10
live.com	16087	2020-11-21
live5news.com	38973	2026-08-30
live955.com	10707	2026-08-10
live959.com	13526	2026-08-29
live95fm.ie	17746	2026-08-30
livecharts.co.uk	15378	2026-08-28
livejournal.com	96420	2026-08-30
livelaw.in	75404	2026-08-30
liveleak.com	5908	2021-05-30
livemint.com	228209	2026-08-30
livenews.co.nz	50261	2026-08-30
liverpoolecho.co.uk	215017	2026-08-30
liverpoolfc.com	13094	2026-08-30
livesaildie.com	9608	2026-08-30
livescience.com	17044	2026-08-30
ljworld.com	16513	2026-08-30
lloydslist.com	6574	2025-08-26
lmfm.ie	16505	2026-08-30
lmtonline.com	181735	2026-06-22
lmtribune.com	48465	2026-08-30
lobotero.com	7127	2026-08-30
local10.com	136397	2026-08-30
local12.com	36864	2026-08-30
local21news.com	42112	2026-08-30
local3news.com	48836	2026-08-30
localberkshire.co.uk	9988	2023-03-07
localgov.co.uk	12283	2026-08-28
localmatters.co.nz	6181	2026-08-30
localmemphis.com	55339	2026-06-06
localnews8.com	155951	2026-08-30
lockhaven.com	24631	2026-08-29
lockportjournal.com	24917	2026-08-29
locusmag.com	8767	2025-07-17
lodinews.com	7912	2026-08-30
loeildelaphotographie.com	9555	2025-04-10
loganbanner.com	6508	2026-08-22
logandaily.com	5372	2026-08-29
logisticsmanager.com	5737	2026-08-27
lohud.com	10472	2023-09-11
lombardiave.com	5778	2026-08-30
lompocrecord.com	29467	2026-08-30
london-now.co.uk	17335	2026-08-30
london.ctvnews.ca	22226	2025-01-23
londonlovesbusiness.com	26801	2026-08-28
londonmercury.com	34983	2026-08-30
londontheatre1.com	6272	2026-08-30
lonestar995fm.com	31097	2026-08-30
lonestarball.com	8038	2026-08-30
longbeachstar.com	28882	2024-09-21
longfordleader.ie	53948	2026-05-15
longisland.com	23987	2026-08-30
longislandpress.com	15094	2026-08-30
loopjamaica.com	16567	2021-05-20
loopnews.com	14595	2024-07-21
lordsofpain.net	6837	2020-04-18
losaltosonline.com	7301	2026-08-30
lostcoastoutpost.com	14352	2026-08-30
loudountimes.com	8371	2026-08-29
loudwire.com	20822	2026-08-30
louisianaradionetwork.com	9238	2026-08-28
louisianarecord.com	5312	2025-05-20
lovefm.com	8411	2026-08-29
lovinmalta.com	7683	2026-03-19
lowellsun.com	26400	2026-08-30
lowkickmma.com	24334	2026-08-30
lowvelder.co.za	20975	2023-08-31
lpheralddispatch.com	9478	2026-08-29
lrt.lt	16933	2026-08-30
lse.co.uk	94388	2025-01-23
lsionline.com	14800	2025-11-17
ltn.com.tw	15737	2026-08-30
lubbockonline.com	11096	2023-09-11
ludlowadvertiser.co.uk	125785	2026-08-30
lufkindailynews.com	34211	2026-08-30
lusakatimes.com	16334	2026-03-19
lutontoday.co.uk	13300	2025-01-23
luxtimes.lu	9904	2025-07-21
luxurytravelmagazine.com	12611	2026-08-30
lvb.com	8186	2026-06-04
lynnnews.co.uk	37713	2026-08-30
macaubusiness.com	15766	2025-08-13
macaudailytimes.com.mo	18750	2026-08-28
macdailynews.com	7045	2026-08-29
macleayargus.com.au	66238	2026-08-30
macmegasite.com	8764	2026-01-29
macobserver.com	5646	2025-08-19
macombdaily.com	39462	2026-08-30
macrobusiness.com.au	30132	2026-08-30
macrumors.com	6927	2026-07-10
mactech.com	12542	2026-08-30
macupdate.com	11769	2026-08-30
macworld.com	9187	2026-08-30
madamenoire.com	11296	2026-08-30
madinamerica.com	9906	2026-08-29
madison.com	123200	2026-08-30
madisonrecord.com	9887	2025-05-21
madrock1025.com	29493	2026-08-20
magic1021.com	10001	2026-08-29
magic1029fm.com	10155	2026-08-30
magic106.com	8651	2026-08-29
magic1073fm.com	9079	2026-08-30
magic93fm.com	10409	2026-08-30
magic943fm.com	5073	2026-08-30
magic983.com	18275	2026-08-30
magicbricks.com	8892	2026-08-26
magicvalley.com	79055	2026-08-30
magnoliareporter.com	24595	2026-08-30
mailtimes.com.au	41864	2026-08-28
mailtribune.com	10799	2023-06-01
mainebiz.biz	15582	2026-08-28
mainemirror.com	16210	2026-08-30
mainepublic.org	14418	2026-03-18
mainichi.jp	15563	2026-08-28
mainlinemedianews.com	29958	2026-08-30
mainstreetnews.com	6340	2026-08-30
maitlandmercury.com.au	109942	2026-08-30
makeuseof.com	24107	2026-08-30
malawi24.com	15069	2026-08-30
malawivoice.com	12849	2026-08-30
malaya.com.ph	31133	2026-04-22
malaymail.com	104909	2026-03-19
malaysiakini.com	77370	2026-08-30
malaysiasun.com	67645	2026-08-30
maldivesindependent.com	7042	2026-08-30
maldonandburnhamstandard.co.uk	127749	2026-08-30
malibutimes.com	5569	2026-08-28
maltatoday.com.mt	38916	2026-03-12
malverngazette.co.uk	117619	2026-08-30
mamamia.com.au	29080	2026-08-30
managingmadrid.com	12920	2026-08-30
manchestereveningnews.co.uk	265568	2026-08-30
manchesterjournal.com	12233	2026-08-30
mandurahmail.com.au	73036	2026-08-30
mangalorean.com	54919	2026-08-30
manicapost.co.zw	6458	2025-01-22
manilametro.com	5842	2024-07-24
manilastandard.net	10136	2026-03-18
manilatimes.net	381622	2026-08-30
manitobacooperator.ca	9936	2026-08-30
mankatofreepress.com	96487	2026-08-30
manningrivertimes.com.au	85503	2026-08-30
mansfieldnewsjournal.com	7976	2023-09-11
mantecabulletin.com	9226	2026-08-29
manufacturing.net	21568	2025-10-02
manutd.com	13965	2026-05-04
manxradio.com	21858	2026-08-30
mapleridgenews.com	32572	2026-08-30
maravipost.com	25745	2026-08-30
marca.com	7042	2026-05-24
marcellusdrilling.com	15005	2026-08-28
marconews.com	5934	2023-09-11
mareeg.com	8100	2026-08-11
margaretrivermail.com.au	37228	2025-08-20
marieclaire.co.uk	16063	2026-08-30
marieclaire.com	23795	2026-08-30
mariettatimes.com	19030	2026-08-29
marinecorpstimes.com	7959	2026-08-28
marinelink.com	29663	2026-08-30
marinelog.com	9329	2025-11-20
marinetechnologynews.com	7313	2026-08-30
marinij.com	33709	2026-08-30
maritime-executive.com	32579	2026-08-30
maritimeprofessional.com	6042	2026-08-28
marketbusinessnews.com	19576	2026-08-30
marketing-interactive.com	15284	2026-08-28
marketplace.org	12550	2026-08-29
marketpulse.com	11941	2026-08-27
marketrealist.com	8603	2026-08-28
markets.co	5867	2022-01-09
marketscreener.com	999061	2026-05-18
marketswired.com	5202	2025-01-04
marketwatch.com	422152	2026-08-27
marklevinshow.com	9980	2026-08-29
marshallindependent.com	17882	2026-08-29
marshfieldnewsherald.com	8584	2023-09-11
marthastewart.com	11116	2026-03-17
martinsvillebulletin.com	35842	2026-08-28
maryland.gov	8072	2026-08-30
marylandreporter.com	6678	2026-06-04
maryvilleforum.com	20314	2024-11-15
masala.com	18108	2024-07-13
mashable.com	48350	2026-08-30
massachusettsnewswire.com	7108	2026-08-29
massachusettssun.com	44468	2026-08-30
massdevice.com	8486	2026-02-21
masslawyersweekly.com	19316	2026-06-04
masslive.com	108215	2026-02-23
mathrubhumi.com	5608	2026-06-23
matr.net	6854	2026-08-30
mauinews.com	20713	2026-08-29
mauinow.com	16340	2026-08-30
maurice-info.mu	9285	2026-08-30
mavsmoneyball.com	7160	2026-08-30
max94one.com	23628	2026-08-30
maximumfun.org	6556	2026-08-30
mayerthorpefreelancer.com	15660	2026-08-30
mayonews.ie	20592	2026-05-21
mb.com.ph	182230	2026-08-30
mbcradio.com	6099	2026-08-29
mbtmag.com	18138	2025-09-17
mcalesternews.com	17232	2026-08-30
mcall.com	80818	2026-08-30
mccookgazette.com	5109	2026-08-29
mcdonoughvoice.com	5718	2023-09-10
mcdowellnews.com	39485	2026-08-28
mcknights.com	8837	2026-03-11
mcphersonsentinel.com	6037	2026-08-21
mdislander.com	9827	2026-08-27
mdjonline.com	145414	2026-08-29
meadvilletribune.com	42861	2026-08-30
meathchronicle.ie	45168	2026-08-30
meaww.com	20365	2026-03-17
medafricatimes.com	6650	2026-08-27
medcitynews.com	14332	2026-08-29
mediaforfreedom.com	5275	2026-04-27
mediaite.com	85251	2026-08-28
mediamatters.org	15086	2026-08-30
medianama.com	11706	2026-08-29
mediapost.com	25206	2026-08-29
medicaldaily.com	9232	2026-08-30
medicalnewstoday.com	5543	2026-08-30
medicalxpress.com	141329	2026-01-29
medicinehatnews.com	73803	2026-08-30
medindia.net	39307	2026-08-18
medium.com	145786	2026-08-03
medpagetoday.com	25044	2025-01-28
medscape.com	48822	2026-08-30
meed.com	24254	2026-08-27
mega979.com	6848	2026-08-30
mega993online.com	29596	2026-08-30
melfortjournal.com	10437	2026-07-04
meltontimes.co.uk	8291	2025-01-23
memphisflyer.com	7148	2026-08-28
memphissun.com	105260	2026-08-30
memri.org	9885	2025-04-22
menafn.com	973875	2026-03-10
mendocinobeacon.com	15950	2026-08-30
menshealth.com	30513	2026-08-30
mensxp.com	27686	2026-08-30
mentalfloss.com	14817	2026-08-30
meobserver.org	5527	2026-07-14
mercopress.com	23094	2026-08-29
mercurynews.com	82634	2026-08-30
meridianstar.com	36491	2026-08-29
merimbulanewsweekly.com.au	71843	2026-08-30
mesabitribune.com	54241	2026-08-30
messagemedia.co	11928	2026-08-30
messenger-inquirer.com	85886	2026-08-30
messenger.com.ge	5974	2026-08-27
messengernews.net	13545	2026-08-29
messengernewspapers.co.uk	145501	2026-08-30
metal.com	22283	2026-08-28
metalunderground.com	14651	2026-08-29
metro.co.uk	151533	2026-08-30
metro.us	86034	2025-11-03
metrojacksonville.com	12125	2026-08-30
metrotimes.com	12133	2026-05-14
metroweekly.com	6675	2026-08-30
metrowestdailynews.com	10026	2023-09-11
metv.com	11155	2026-08-29
metvmall.com	12496	2026-06-06
mexicoledger.com	8103	2026-08-30
mexiconewsdaily.com	6811	2026-03-15
mexicostar.com	65858	2026-08-30
mg.co.za	30752	2026-08-30
mgoblog.com	14877	2025-08-28
miamiherald.com	8780	2024-07-31
miaminewtimes.com	8815	2026-08-29
miamistudent.net	5462	2026-08-30
miamitimesonline.com	8854	2026-08-28
michigan.gov	5321	2023-02-02
michigandaily.com	7647	2026-08-30
michiganradio.org	23666	2024-01-10
michigansthumb.com	78149	2026-06-22
mid-day.com	99747	2026-08-30
middle-east-online.com	6675	2026-08-30
middleeasteye.net	48689	2026-08-30
middleeastmonitor.com	77749	2026-08-30
middleeaststar.com	116986	2026-08-30
middlenecknews.com	5438	2026-08-30
middletownpress.com	123670	2026-04-21
midhurstandpetworth.co.uk	5526	2022-02-10
midmichigannow.com	36381	2026-08-30
midnorthmonitor.com	49591	2026-08-30
midsussextimes.co.uk	5984	2022-02-10
midutahradio.com	17063	2026-08-30
midweekherald.co.uk	35818	2026-08-30
midwestradio.ie	25543	2026-08-30
mihomepaper.com	12568	2026-03-04
milawyersweekly.com	9157	2026-06-03
milehighreport.com	12792	2026-08-30
milforddailynews.com	8053	2023-09-07
milfordmercury.co.uk	91963	2026-08-30
milfordmirror.com	59636	2025-06-14
military.com	33996	2026-08-30
militarytimes.com	13808	2026-08-28
miltonkeynes.co.uk	14120	2025-01-23
milwaukeesun.com	46487	2026-08-30
mindat.org	13155	2025-01-23
minicassia.com	6201	2024-03-21
mining-journal.com	7397	2026-05-26
mining-technology.com	11008	2026-08-28
mining.com	47726	2026-08-29
mininggazette.com	10996	2026-08-30
miningjournal.net	22673	2026-08-29
miningmx.com	7209	2026-08-30
miningnews.net	11257	2026-05-26
miningweekly.com	49473	2026-08-28
minnlawyer.com	7668	2026-06-04
minnpost.com	9219	2026-08-28
minotdailynews.com	18345	2026-08-29
miragenews.com	634172	2026-08-30
mirror.co.uk	700174	2026-08-30
mis-asia.com	10393	2026-08-25
mishpacha.com	8416	2026-08-30
missioncityrecord.com	42966	2026-08-30
missionlocal.org	7368	2026-08-30
mississauga.com	7930	2026-08-30
mississippivalleypublishing.com	23430	2026-08-29
missoulian.com	135363	2026-08-30
missourinet.com	8104	2026-07-25
mit.edu	10241	2026-08-28
mitchelladvocate.com	22977	2026-08-30
mitchellrepublic.com	31881	2026-08-30
mix100.com	5919	2026-08-12
mix1005.fm	24060	2026-08-26
mix100lubbock.com	15863	2026-08-30
mix103.com	10007	2026-08-30
mix1043fm.com	28575	2026-08-30
mix1069.com	14967	2026-08-30
mix106radio.com	25548	2026-08-29
mix108.com	35753	2026-08-30
mix929.com	24527	2026-08-28
mix931fm.com	30760	2026-08-29
mix941.com	21172	2026-08-10
mix941kmxj.com	20206	2026-08-28
mix949.com	27576	2026-08-30
mix957.net	8804	2024-01-04
mix957gr.com	20672	2026-08-26
mix965tulsa.com	6755	2025-10-22
mix979fm.com	13543	2024-04-26
mix987.com	9389	2026-07-18
mixx993.com	17734	2026-08-28
mizzima.com	20944	2025-01-23
mlb.com	78418	2026-08-30
mlbtraderumors.com	57327	2026-08-30
mlive.com	129535	2026-02-23
mmafighting.com	27517	2026-08-30
mmamania.com	25515	2026-08-30
mmanews.com	16189	2026-04-22
mmegi.bw	7069	2026-08-28
mmm-online.com	5489	2026-08-28
mobihealthnews.com	6860	2026-06-03
mobilesyrup.com	21122	2026-08-28
mobileworldlive.com	12275	2026-03-03
mobilitytechzone.com	5977	2024-09-17
mobypicture.com	32801	2023-10-03
moddb.com	38275	2025-11-16
model-engineer.co.uk	20638	2026-08-22
modernghana.com	172805	2026-07-20
modernhealthcare.com	11836	2026-06-18
modernreaders.com	462461	2025-04-18
moelane.com	11594	2025-07-17
mohavedailynews.com	14215	2026-08-30
mojo1029.com	11655	2026-08-30
moldpres.md	9534	2025-01-14
monacolife.net	5689	2026-08-28
mondaq.com	132261	2026-08-29
mondovisione.com	33622	2026-01-14
mondoweiss.net	7405	2026-08-30
moneycontrol.com	451738	2026-08-30
moneylife.in	22179	2026-08-29
moneymanagement.com.au	13351	2026-06-24
moneymarketing.co.uk	24307	2026-08-28
moneytalksnews.com	12006	2026-08-30
moneyweb.co.za	37490	2024-04-02
moneyweek.com	9622	2026-08-30
mongabay.com	10359	2026-08-29
monitor.co.ug	71515	2026-04-22
monocle.com	6095	2026-08-30
monroenews.com	13644	2023-09-11
monstersandcritics.com	55350	2025-10-02
montanarightnow.com	63661	2026-08-29
montereycountyweekly.com	13791	2026-07-09
montereyherald.com	13028	2026-08-30
montgomery-herald.com	6187	2025-05-20
montgomeryadvertiser.com	8465	2023-09-11
montgomerynews.com	6458	2021-09-28
montreal.ctvnews.ca	32918	2025-01-23
montrealgazette.com	42288	2026-08-30
montrosepress.com	15904	2026-08-30
mooseradio.com	14623	2026-08-30
moreechampion.com.au	60256	2026-08-30
morganton.com	34825	2026-08-28
morning-times.com	36415	2026-08-30
morningadvertiser.co.uk	9760	2026-08-28
morningjournal.com	50546	2026-08-30
morningjournalnews.com	21985	2026-08-30
morningstar.com	105373	2026-08-30
morningstaronline.co.uk	42160	2026-08-30
morningsun.net	65833	2026-08-29
moroccoworldnews.com	18537	2026-08-30
mortgageintroducer.com	8340	2022-03-18
mortgagenewsdaily.com	8064	2026-08-28
mortgagesolutions.co.uk	14792	2026-08-28
mortgagestrategy.co.uk	23873	2026-08-28
morungexpress.com	75409	2026-08-30
mothership.sg	13261	2025-03-10
motor1.com	21073	2026-08-30
motorcyclenews.com	26499	2026-08-30
motorsport.com	23599	2026-08-27
moultonadvertiser.com	16664	2026-08-28
moultrieobserver.com	15868	2026-08-29
mountaineagle.com	10052	2026-08-30
mountvernonnews.com	10948	2026-08-29
mouthshut.com	5624	2026-08-21
movieweb.com	83148	2026-08-30
mpamag.com	7836	2026-08-29
mpnews.com.au	5129	2026-08-28
mpnnow.com	10032	2023-09-11
mprnews.org	27313	2026-08-30
mrt.com	64966	2026-06-22
mrtopstep.com	18821	2024-11-22
mscnews.net	5992	2026-08-30
msn.com	2860431	2023-06-23
msnbc.com	74323	2026-08-25
msu.edu	5011	2026-08-28
mtairynews.com	6053	2026-08-30
mtdemocrat.com	28077	2026-08-29
mtexpress.com	11657	2026-08-30
mtlblog.com	7287	2026-08-30
mtpr.org	17996	2026-08-29
mtstandard.com	60379	2026-08-28
mudgeeguardian.com.au	52811	2026-08-30
multifamilybiz.com	6136	2026-08-28
mumbrella.com.au	23789	2025-11-20
murfreesboropost.com	6340	2023-03-01
murrayledger.com	10759	2026-08-28
muscatdaily.com	19955	2026-08-30
muscatinejournal.com	107187	2026-08-30
music-news.com	20555	2025-12-16
musicrow.com	7500	2026-07-30
musketfire.com	7460	2026-08-30
muskogeephoenix.com	22373	2026-08-29
muskokaregion.com	8134	2026-08-30
muswellbrookchronicle.com.au	70826	2026-08-30
mv-voice.com	11150	2026-08-29
mvariety.com	31630	2026-08-30
mvtimes.com	18430	2026-08-29
mwnation.com	18534	2026-08-30
mxdwn.com	6863	2026-08-30
my1035.com	12346	2026-08-28
my40.tv	7419	2022-01-31
my957.com	6771	2026-08-26
my9nj.com	6199	2026-08-21
myalbertlea.com	12521	2026-06-08
myalgomamanitoulinnow.com	5735	2026-06-03
myanmarmuslim.net	18759	2024-11-05
myanmarnews.net	58780	2026-08-30
myaustinminnesota.com	20340	2025-06-14
myb106.com	27576	2026-08-29
mybeachradio.com	20323	2024-04-01
mybroadband.co.za	6013	2022-09-28
mycariboonow.com	9471	2026-06-04
mycentraljersey.com	12905	2023-09-11
mycentralnebraska.com	36861	2026-08-28
mycentraloregon.com	50204	2026-08-28
mycolumbuspower.com	13314	2026-08-30
mycountry955.com	31048	2026-08-30
mycouriertribune.com	7801	2024-10-05
mycowichanvalleynow.com	8504	2026-06-03
myeasternshoremd.com	11882	2026-08-30
myedmondsnews.com	20239	2026-06-15
myfox28columbus.com	40953	2026-08-30
myfox8.com	5960	2025-08-29
myheraldreview.com	9725	2026-01-16
myhorrynews.com	9466	2026-08-30
myiowainfo.com	17053	2026-05-01
myjournalcourier.com	67919	2026-06-22
myjournals.org	7241	2023-08-26
myjoyonline.com	111154	2026-03-19
myk104.com	8090	2026-08-30
mykiss1031.com	25307	2026-08-30
mykisscountry937.com	34254	2026-08-30
myklgr.com	21222	2026-08-28
mykxlg.com	87207	2026-08-30
myleaderpaper.com	34979	2026-08-30
mylloydminsternow.com	5646	2026-06-03
mylondon.news	6998	2026-08-18
mymagic106.com	6417	2026-08-30
mymagic949.com	9291	2026-08-29
mymagicgr.com	8906	2024-04-29
mymajic933.com	6402	2026-08-18
mymcmedia.org	12965	2026-08-29
mymix1061.com	15760	2026-08-30
mymixfm.com	38149	2026-08-30
mymmanews.com	9149	2026-08-30
mymoinfo.com	20165	2026-08-29
mymotherlode.com	179506	2026-08-30
mymuskokanow.com	6585	2026-06-01
mynbc5.com	73765	2026-08-30
myneworleans.com	10003	2026-08-28
mynews13.com	9608	2026-08-27
mynews4.com	34551	2026-08-30
mynewsla.com	68122	2026-08-30
mynorthbaynow.com	5340	2026-06-04
mynorthwest.com	220475	2026-07-20
mynspr.org	46570	2026-08-30
myozarksonline.com	17390	2026-08-28
myplainview.com	49460	2026-06-22
myprincegeorgenow.com	13790	2026-06-04
myq105.com	15828	2026-08-30
myq1075.com	20789	2026-08-30
myqcountry.com	12615	2026-08-30
myrecordjournal.com	12869	2023-12-30
mysailing.com.au	6319	2026-08-30
mysanantonio.com	83417	2025-11-18
myspiritfm.com	10092	2026-08-30
mystar98.com	20612	2026-08-30
mysteinbach.ca	10504	2026-08-30
mysteriousuniverse.org	10566	2026-08-28
mystratfordnow.com	7047	2026-06-03
mysuncoast.com	34886	2026-08-30
mytimminsnow.com	5104	2026-06-03
myuscountry.com	17621	2026-06-08
mywebtimes.com	8503	2023-05-01
n4g.com	34448	2026-08-29
naftemporiki.gr	8105	2026-08-28
nagalandpost.com	49549	2026-06-08
nagariknetwork.com	28805	2026-03-16
nagpurtoday.in	17510	2026-08-14
naharnet.com	89804	2026-08-30
naija247news.com	61314	2026-08-30
nairaland.com	77881	2025-07-26
nairametrics.com	12220	2026-03-04
nairobiwire.com	14603	2026-08-28
nakedcapitalism.com	12464	2026-08-30
namibian.com.na	32285	2026-08-30
namibiansun.com	22178	2026-08-29
nampa.org	44517	2024-11-08
nanaimobulletin.com	32986	2026-08-30
nancyonnorwalk.com	5458	2026-08-28
nantonnews.com	8374	2026-08-30
napaneeguide.com	40686	2026-08-30
napaneetoday.ca	10171	2026-08-30
napavalleyregister.com	69300	2026-08-30
naplesnews.com	11875	2023-09-11
naroomanewsonline.com.au	72112	2026-08-30
narrominenewsonline.com.au	45677	2026-08-30
nasa.gov	8460	2026-08-30
nasdaq.com	55634	2026-08-18
nashfm100.com	5792	2026-08-30
nashfm1025.com	5817	2026-08-06
nashvilleherald.com	102270	2026-08-30
nashvillepost.com	14264	2026-08-26
nashvillescene.com	12031	2026-08-28
nation.africa	39451	2026-08-30
nation.co.ke	29367	2022-02-18
nation.com.pk	11096	2022-06-06
nation.sc	31897	2026-08-28
nationalaccordnewspaper.com	54321	2026-08-16
nationalgeographic.com	10994	2026-08-30
nationalheraldindia.com	6988	2026-03-15
nationalhogfarmer.com	5929	2025-01-21
nationalinterest.org	48930	2026-01-29
nationalmemo.com	10320	2026-08-29
nationalmortgagenews.com	14688	2026-08-28
nationalmortgageprofessional.com	6336	2025-01-22
nationalnetworkonline.com	5349	2026-08-29
nationalobserver.com	21303	2026-07-14
nationalpost.com	54173	2026-08-30
nationalreview.com	12378	2021-07-27
nationaltribune.com.au	8043	2025-01-27
nationnews.com	31229	2026-08-30
nationofchange.org	6473	2026-03-18
nationthailand.com	16496	2026-03-16
natlawreview.com	118467	2026-08-30
naturalgasintel.com	18656	2026-07-15
naturalgasworld.com	12123	2025-02-26
naturalnews.com	64882	2026-08-30
nature.com	37236	2026-08-30
natureworldnews.com	17990	2026-08-29
naval-technology.com	6972	2026-08-28
naveenbharat.in	7607	2022-04-24
navhindtimes.in	32834	2026-08-30
navy.mil	6855	2025-03-06
navytimes.com	10404	2026-08-29
nba.com	18601	2026-03-18
nbc-2.com	55163	2025-02-05
nbc.com	6486	2026-08-28
nbc11news.com	9500	2023-12-14
nbc12.com	30170	2023-12-14
nbc15.com	19997	2023-12-14
nbc16.com	41240	2026-08-30
nbc24.com	8493	2026-08-29
nbc29.com	16840	2023-12-14
nbcbayarea.com	123503	2026-08-30
nbcboston.com	5342	2026-06-04
nbcchicago.com	145209	2026-08-30
nbcconnecticut.com	162503	2026-08-30
nbcdfw.com	142983	2026-08-30
nbclosangeles.com	140425	2026-08-30
nbcmiami.com	115696	2026-08-30
nbcmontana.com	45253	2026-08-30
nbcnews.com	182768	2026-08-30
nbcnewyork.com	139688	2026-08-30
nbcphiladelphia.com	142202	2026-08-30
nbcrightnow.com	52912	2026-08-30
nbcsandiego.com	116509	2026-08-30
nbcsvg.com	9606	2026-08-29
nbcwashington.com	92632	2026-08-30
nbnnews.com.au	29576	2026-08-28
nbr.co.nz	26593	2026-08-30
ncadvertiser.com	56294	2025-10-26
nclawyersweekly.com	7647	2026-06-03
ncnewsonline.com	57441	2026-08-30
ncpa.org	6738	2026-08-28
ncr-iran.org	8444	2026-08-30
ncregister.com	19884	2026-08-30
ncronline.org	16624	2025-10-08
ncspin.com	5145	2026-08-28
ndtv.com	342023	2025-05-26
nebraska.tv	35006	2026-08-30
necn.com	82611	2025-02-13
nehandaradio.com	14161	2026-08-30
neindia.com	7113	2026-08-30
neonnettle.com	10439	2022-07-30
neoskosmos.com	21118	2026-08-30
neowin.net	47848	2025-11-08
nepalnational.com	101304	2026-08-30
nerdist.com	18847	2026-08-29
nesn.com	37034	2026-08-30
netflixlife.com	5886	2026-08-30
netindian.in	5818	2025-08-21
netnewsledger.com	20420	2026-08-30
netscape.com	175826	2026-08-30
netsdaily.com	7311	2026-08-30
netwerk24.com	10158	2025-01-22
networkworld.com	7776	2026-08-27
neurologyadvisor.com	9521	2026-08-28
nevadaappeal.com	12575	2025-09-05
nevadabusiness.com	7478	2026-08-29
nevadanewsandviews.com	6439	2026-08-28
neveitalia.it	11740	2026-03-07
newagebd.net	23289	2025-05-26
newarab.com	9672	2025-09-21
newarkadvertiser.co.uk	33889	2026-08-30
newarkadvocate.com	6177	2023-09-11
newarkpostonline.com	5174	2026-08-29
newbernsj.com	11699	2026-08-30
newburyportnews.com	29972	2026-08-29
newburytoday.co.uk	28355	2026-08-30
newbusinessethiopia.com	13977	2026-08-28
newcanaanite.com	7791	2026-08-30
newcastleherald.com.au	153042	2026-08-30
newcivilengineer.com	14222	2026-08-28
newcountry991.com	6309	2022-04-29
newdelhitimes.com	68212	2026-08-25
newegg.com	26157	2026-08-30
newelectronics.co.uk	12266	2026-06-05
newfoodmagazine.com	5975	2026-03-31
newhamrecorder.co.uk	29250	2026-08-30
newhavenindependent.org	11618	2026-08-30
newidea.com.au	14502	2026-08-24
newindianexpress.com	149742	2026-08-30
newjerseyhills.com	40493	2026-08-27
newjerseytelegraph.com	115591	2026-08-30
newkerala.com	245547	2026-08-11
newmilfordspectrum.com	51343	2022-03-01
newnigerianpolitics.com	5405	2026-08-13
neworleanscitybusiness.com	16544	2026-06-03
neworleanssun.com	58294	2026-08-30
newportri.com	6992	2023-09-08
newrepublic.com	23802	2026-08-30
newrock1041.fm	7175	2026-07-07
news-daily.com	80960	2026-08-30
news-expressky.com	27074	2026-08-30
news-gazette.com	128469	2026-08-30
news-herald.com	52372	2026-08-30
news-journal.com	9414	2026-08-30
news-journalonline.com	17642	2023-09-11
news-leader.com	8165	2023-09-11
news-mail.com.au	44484	2021-04-28
news-medical.net	103925	2026-08-30
news-press.com	12874	2023-09-11
news-star.com	10618	2026-08-18
news.am	93575	2026-08-28
news.az	53933	2026-08-30
news.cn	13336	2022-04-14
news.com.au	91981	2024-07-30
news.err.ee	23415	2022-10-20
news.statetimes.in	7534	2020-06-12
news.tuoitre.vn	11485	2026-08-30
news12.com	73819	2026-08-30
news18.com	268439	2026-03-17
news24.com	167767	2026-08-30
news3lv.com	48328	2026-08-30
news4jax.com	159111	2026-08-30
news4sanantonio.com	50448	2026-08-30
news5cleveland.com	6019	2026-03-18
news8000.com	91898	2026-08-30
news9.com	77721	2026-08-30
news957.com	48715	2021-10-17
newsadvance.com	47252	2026-08-30
newsandsentinel.com	23512	2026-08-29
newsandstar.co.uk	190819	2026-08-30
newsandtribune.com	26544	2026-08-30
newsargus.com	25825	2026-08-30
newsbiscuit.com	6187	2026-08-30
newsblogged.com	5602	2026-05-27
newsbreak.com	10798	2025-12-06
newsbtc.com	36880	2026-08-25
newsbug.info	11068	2026-08-30
newsbusters.org	88928	2026-08-30
newsbytes.ph	5760	2026-08-29
newscenter1.tv	34348	2026-08-30
newscentermaine.com	38963	2026-03-19
newscentralasia.net	8500	2026-08-30
newschannel10.com	23156	2026-08-30
newschannel20.com	29066	2026-08-27
newschannel5.com	53289	2026-08-30
newschannel6now.com	24323	2026-08-30
newschannel9.com	41425	2026-08-30
newschannelnebraska.com	13127	2025-03-22
newschief.com	8585	2023-09-11
newscientist.com	17542	2026-08-28
newsdakota.com	21321	2026-08-30
newsday.co.tt	85760	2026-08-18
newsday.co.zw	30511	2026-08-20
newsday.com	104920	2026-08-30
newsdzezimbabwe.co.uk	7676	2025-12-25
newser.com	77513	2026-08-30
newsfirst.lk	12470	2026-03-19
newsghana.com.gh	84231	2026-08-06
newsherald.com	14695	2023-09-11
newshub.co.nz	18541	2024-07-04
newsincyprus.com	12862	2025-01-27
newsindiatimes.com	14537	2026-08-30
newsitem.com	27625	2026-08-30
newslaundry.com	5620	2026-08-29
newsleader.com	5481	2023-09-11
newsletter.co.uk	32306	2025-01-23
newsmakers.pk	21872	2026-08-30
newsmax.com	59273	2024-07-30
newsminer.com	34315	2026-08-30
newsnation.in	8047	2020-04-07
newsnationnow.com	6205	2025-12-25
newsnationtv.com	27052	2025-10-19
newsnow.co.uk	11464	2026-08-28
newsofbahrain.com	10103	2026-03-05
newson6.com	78577	2026-08-30
newsonair.com	29094	2021-11-26
newsone.com	9106	2026-08-30
newsonjapan.com	26846	2026-08-30
newsoptimist.ca	37573	2021-07-29
newspressnow.com	73632	2026-08-30
newsradio1029.com	75125	2026-08-30
newsradio1310.com	19317	2026-08-29
newsradio1440.com	23058	2025-03-17
newsradioklbj.com	7332	2026-08-25
newsregister.com	13679	2026-08-30
newsroompanama.com	13053	2026-08-30
newsshopper.co.uk	125087	2026-08-30
newstalk.com	45334	2026-08-30
newstalk1030.com	44628	2026-08-30
newstalk1280.com	25275	2026-08-29
newstalk1290.com	18831	2026-08-29
newstalk870.am	21214	2026-08-29
newstalkkgvo.com	16483	2026-08-29
newstalkkit.com	19893	2026-08-29
newstalkzb.co.nz	64408	2026-08-30
newstatesman.com	27718	2026-08-30
newstimes.com	131966	2025-06-12
newstoday.com.bd	12801	2021-01-24
newstodaynet.com	33298	2026-08-29
newstracklive.com	7310	2025-07-05
newstrib.com	7242	2023-05-01
newstribune.com	49037	2026-08-30
newsviewsnreviews.com	5466	2019-11-13
newswatchman.com	5248	2026-08-30
newsweek.com	290107	2026-08-30
newswest9.com	42241	2026-06-26
newswire.ca	22311	2026-08-30
newswire.net	5064	2026-08-29
newswiretoday.com	28762	2026-08-30
newswise.com	42046	2026-08-30
newsx.com	63797	2026-08-30
newsy.com	19898	2023-01-04
newtelegraphng.com	6479	2026-03-19
newtimesslo.com	8567	2026-08-27
newtoncountytimes.com	12135	2026-08-19
newtondailynews.com	7122	2026-08-29
newtownbee.com	14017	2026-08-30
newvision.co.ug	16251	2026-08-30
newwestrecord.ca	69228	2025-08-01
newyorker.com	16876	2026-08-30
newyorkstatesman.com	50996	2026-08-30
newyorktelegraph.com	178736	2026-08-30
newzealandstar.com	51640	2026-08-30
newzimbabwe.com	34563	2026-08-30
nextbigfuture.com	6411	2026-08-29
nextbigwhat.com	8742	2026-08-30
nextshark.com	11450	2026-08-29
nfl.com	9180	2026-03-18
nflspinzone.com	5141	2026-08-30
nhbr.com	7119	2026-08-28
nhk.or.jp	17436	2026-07-08
nhl.com	22373	2026-03-19
nhpbs.org	21117	2026-08-30
nhpr.org	28036	2026-08-30
nhregister.com	170698	2026-06-22
niagara-gazette.com	27659	2026-08-30
niagarafallsreview.ca	84951	2026-08-30
niagarathisweek.com	10608	2026-08-30
nichegamer.com	14126	2026-08-30
nigerianbulletin.com	9228	2026-07-01
nigerianeye.com	67305	2026-08-30
nigerianobservernews.com	14517	2026-08-30
nigerianpilot.com	7331	2020-10-27
nigeriasun.com	85728	2026-08-30
nih.gov	6202	2026-08-06
nikkei.com	16710	2026-08-30
nine.com.au	11530	2026-07-07
ninernoise.com	5838	2026-08-30
ninersnation.com	15694	2026-08-30
nintendoeverything.com	12844	2026-08-30
nintendolife.com	34942	2026-08-30
nintendoworldreport.com	15827	2026-08-30
nipawinjournal.com	10212	2026-06-28
niyitabiti.net	5586	2023-01-29
nj.com	120944	2026-02-23
nj1015.com	53827	2026-08-30
njbiz.com	17043	2026-06-04
njherald.com	11636	2023-09-11
nknews.org	10977	2026-08-30
nkytribune.com	10134	2026-03-11
nltimes.nl	23252	2026-08-30
nme.com	60438	2026-08-30
nmpoliticalreport.com	5508	2026-08-27
nna-leb.gov.lb	16290	2023-10-07
nny360.com	63734	2026-08-30
noise11.com	14559	2026-08-30
nola.com	80786	2026-08-30
nonpareilonline.com	59159	2026-08-30
noodls.com	5116	2025-05-02
noosanews.com.au	45618	2021-04-28
noozhawk.com	41444	2026-08-30
norfolkandtillsonburgnews.com	43489	2026-06-22
norfolkdailynews.com	33043	2026-08-30
norfolktoday.ca	10887	2026-08-28
normantranscript.com	25724	2026-08-30
northafricapost.com	13523	2026-08-30
northamptonchron.co.uk	23233	2025-01-23
northantstelegraph.co.uk	18240	2025-01-23
northbaynipissing.com	6872	2026-08-30
northcentralpa.com	34945	2026-08-30
northcoastcitizen.com	5728	2025-09-25
northcoastjournal.com	13147	2026-08-30
northcountrynow.com	67438	2026-08-30
northcountrypublicradio.org	56016	2026-08-30
northdenvernews.com	5869	2026-08-30
northdevongazette.co.uk	9532	2026-05-20
northeasttoday.in	15546	2026-08-30
northern-times.co.uk	46237	2026-08-30
northerndailyleader.com.au	104761	2026-08-30
northernirelandnews.com	19738	2024-12-03
northernirelandworld.com	23257	2025-01-23
northernminer.com	8551	2026-08-28
northernnews.ca	51555	2026-08-30
northernpublicradio.org	59328	2026-08-30
northernstar.com.au	43139	2021-04-28
northernstar.info	7087	2026-08-30
northernvirginiamag.com	5469	2026-08-28
northescambia.com	19288	2026-08-30
northfortmyersneighbor.com	6339	2026-08-29
northislandgazette.com	31549	2026-08-30
northjersey.com	17610	2023-09-11
northkoreatimes.com	35135	2026-08-30
northplattebulletin.com	6112	2026-08-29
northqueenslandregister.com.au	31139	2026-08-30
northsomersettimes.co.uk	34216	2026-08-30
northumberlandgazette.co.uk	17505	2025-01-23
northumberlandnews.com	7099	2026-08-30
northwaleschronicle.co.uk	107179	2026-08-30
northwalespioneer.co.uk	110562	2026-08-30
northwestgeorgianews.com	145490	2026-08-30
northwestmoinfo.com	24519	2026-08-30
northwestsignal.net	41192	2026-08-30
northweststar.com.au	62218	2026-08-30
northwichguardian.co.uk	126745	2026-08-30
norwichbulletin.com	8631	2023-09-11
nottinghampost.com	124203	2026-08-30
nova.ie	26633	2026-08-30
novinite.com	67057	2026-08-30
nowgrenada.com	6405	2026-08-30
nownews.com	14527	2022-10-31
nowtoronto.com	18392	2026-07-30
npr.org	141800	2026-08-30
nptelegraph.com	45603	2026-08-28
nrl.com	13685	2026-08-30
nrn.com	15775	2026-08-29
nrq.com	6090	2026-08-18
nrtoday.com	28162	2026-08-29
nsnews.com	74080	2026-07-30
nst.com.my	19661	2025-09-22
ntnews.com.au	51861	2024-07-22
ntv.co.ug	23695	2026-08-30
nuclear-news.net	19228	2026-08-30
nugget.ca	63065	2026-08-30
nujournal.com	14320	2026-08-29
numberfire.com	17288	2025-10-21
nurseryworld.co.uk	5910	2026-06-19
nursingtimes.net	10374	2026-08-29
nutraingredients-usa.com	6370	2025-10-15
nutraingredients.com	7550	2026-08-28
nvdaily.com	72312	2026-08-30
nvi.com.au	48441	2026-08-30
nwaonline.com	81790	2026-08-30
nwasianweekly.com	5589	2025-12-21
nwemail.co.uk	172351	2026-08-30
nwfdailynews.com	15489	2023-09-11
nwherald.com	10392	2023-05-01
nwitimes.com	107250	2026-08-30
ny1.com	5132	2026-04-22
nyasatimes.com	25779	2026-08-30
nydailynews.com	155359	2026-08-30
nylon.com	5427	2026-08-28
nymag.com	12074	2026-08-29
nynganobserver.com.au	45925	2026-08-30
nyoooz.com	21747	2026-08-28
nypost.com	251620	2026-08-30
nystateofpolitics.com	15847	2026-08-29
nysun.com	20863	2026-08-14
nytimes.com	289004	2026-08-30
nzcity.co.nz	274863	2026-08-30
nzdoctor.co.nz	20508	2026-08-30
nzherald.co.nz	305089	2026-08-30
oakdaleleader.com	7531	2026-08-27
oakridger.com	9789	2023-09-11
oann.com	70900	2026-08-30
oanow.com	32833	2026-08-29
oaoa.com	38684	2025-05-15
obantimes.co.uk	12192	2024-01-25
oberonreview.com.au	49412	2026-08-30
obj.ca	10614	2026-08-29
obozrevatel.com	40531	2025-03-05
obrag.org	7691	2026-08-30
observer-reporter.com	22040	2026-08-30
observer.com	8929	2026-08-28
observer.ug	34533	2026-08-30
observertoday.com	26144	2026-08-30
oc-breeze.com	12900	2023-04-02
ocala.com	12103	2023-09-11
ocbj.com	6154	2026-08-29
oceanfm.ie	15302	2026-08-30
ocj.com	9962	2026-08-30
ocregister.com	77225	2026-08-30
odnako.org	26563	2026-08-30
odt.co.nz	60367	2026-08-30
odwyerpr.com	11541	2026-08-29
oed.com	5025	2026-08-30
oedigital.com	18312	2026-08-28
offalyexpress.ie	62753	2026-05-12
offalyindependent.ie	40943	2026-08-30
officer.com	7298	2026-08-28
offshore-energy.biz	10861	2025-01-22
offshore-technology.com	10919	2026-08-28
ofm.co.za	18798	2026-08-30
og979.com	21908	2026-05-15
ohiostandard.com	42310	2026-08-30
ohsonline.com	5322	2026-08-28
oilandgas360.com	17382	2026-08-28
oilcity.news	6882	2025-04-03
oilprice.com	43547	2026-08-30
oilvoice.com	10120	2020-12-14
oireachtas.ie	10230	2026-08-30
ojaivalleynews.com	11123	2026-08-29
ok.co.uk	128061	2026-08-30
okaz.com.sa	10283	2026-08-30
okcfox.com	38165	2026-08-30
okgazette.com	5477	2026-08-28
oklahomacitysun.com	37963	2026-08-30
oklahoman.com	55294	2023-09-11
oklahomastar.com	21813	2026-08-30
okotoksonline.com	14900	2026-08-30
okotokstoday.ca	8948	2023-03-29
oldham-chronicle.co.uk	12844	2026-08-28
oleantimesherald.com	86732	2026-08-30
omaha.com	179642	2026-08-30
omakchronicle.com	14747	2026-08-28
omanobserver.om	37550	2026-08-30
ominecaexpress.com	26653	2026-08-30
on3.com	5021	2026-03-19
onclive.com	16070	2026-01-16
oncologynurseadvisor.com	6187	2026-08-28
onegreenplanet.org	32698	2026-08-28
oneidadispatch.com	36165	2026-08-30
oneindia.com	62036	2026-08-30
onenewsnow.com	10704	2021-08-10
onenewspage.com	286430	2026-08-28
onlineathens.com	9456	2023-09-11
onlinenigeria.com	70549	2025-03-25
onlineopinion.com.au	9364	2026-08-30
onthewater.com	5647	2026-08-28
onthewight.com	16446	2026-08-30
onwardstate.com	12627	2026-08-30
opalesque.com	5419	2026-08-28
opb.org	7713	2026-04-01
opednews.com	8692	2026-08-28
openpr.com	740147	2026-08-23
openthemagazine.com	10389	2026-08-30
opinionnigeria.com	32208	2026-08-30
opportunitiesforafricans.com	11068	2026-08-29
optics.org	8537	2026-03-25
orangeobserver.com	9356	2025-09-10
orangeville.com	6615	2026-08-30
orangevilletoday.ca	7284	2026-08-28
orcadian.co.uk	5050	2026-08-30
order-order.com	6865	2025-09-01
oregonlive.com	77250	2026-02-23
organiser.org	33494	2026-08-30
origin-businesstoday.intoday.in	40947	2021-06-25
originalfm.com	16807	2025-12-12
orissabarta.com	45115	2026-03-06
orissadiary.com	28362	2026-08-30
orissapost.com	137039	2026-08-30
orlandoecho.com	51328	2026-08-30
orlandosentinel.com	117142	2026-08-30
orlandoweekly.com	14896	2026-08-29
orlytaitzesq.com	27056	2026-08-27
orovillemr.com	15093	2026-08-30
oskaloosa.com	45093	2026-08-30
oskynews.org	6266	2026-08-28
oswegocountynewsnow.com	13182	2026-08-29
oswegocountytoday.com	12541	2026-08-30
ottawa.ctvnews.ca	29397	2025-01-23
ottawacitizen.com	54069	2026-08-30
ottawaherald.com	5736	2026-06-06
ottawasun.com	65149	2026-08-30
ottumwacourier.com	64648	2026-08-30
oudaily.com	6394	2026-08-27
ourmidland.com	73223	2025-12-18
ourtribune.com	5164	2022-10-28
out.com	7826	2026-08-29
outbreaknewstoday.com	7571	2024-04-16
outdoorlife.com	5313	2026-08-30
outdoornews.com	14330	2026-08-30
outdoornewsdaily.com	5453	2023-05-06
outerbanksvoice.com	9209	2026-08-30
outinperth.com	5666	2026-08-30
outlookindia.com	133011	2026-08-30
outsidelands.org	6558	2026-08-30
outsideonline.com	10870	2026-08-30
overdrive.in	6018	2026-08-30
overdriveonline.com	6211	2026-05-27
owensoundsuntimes.com	26395	2026-08-30
oxfordmail.co.uk	240352	2026-08-30
oxygen.com	5086	2026-08-30
oyetimes.com	10768	2026-08-28
packers.com	7778	2026-08-30
packworld.com	8007	2025-12-28
padovanews.it	13503	2026-08-30
paducahsun.com	18954	2026-08-30
pagalguy.com	16440	2026-08-19
pagesix.com	50852	2026-08-30
pagosadailypost.com	7670	2026-08-28
pagosasun.com	13603	2026-08-30
paherald.sk.ca	14446	2026-08-30
pajhwok.com	26513	2026-08-30
pakistanpressfoundation.org	7360	2026-08-25
pakistantelegraph.com	100005	2026-08-30
pakistantoday.com.pk	30711	2026-08-30
pakobserver.net	83292	2026-08-30
palatinate.org.uk	9113	2026-08-30
palestinechronicle.com	8588	2025-08-01
palestineherald.com	10924	2026-08-29
palestinemonitor.org	38912	2026-05-15
palmbeachdailynews.com	7786	2023-09-11
palmbeachpost.com	26187	2023-09-11
palmcoastobserver.com	5119	2023-02-01
palmettobusinessdaily.com	6608	2024-01-26
paloaltoonline.com	18720	2026-08-30
pamplinmedia.com	24300	2022-12-14
panapress.com	23117	2026-05-10
panarmenian.net	24741	2026-07-30
pandct.com	10486	2026-02-15
panorama.am	26763	2026-08-30
panow.com	83896	2026-08-30
pantagraph.com	90354	2026-08-29
paperads.com	17379	2026-07-22
paperpk.com	13989	2026-07-20
parabolicarc.com	8426	2023-11-29
parade.com	9416	2025-09-12
paradisepost.com	11854	2026-08-30
parentherald.com	13181	2026-08-30
parents.com	7116	2026-03-17
parisguardian.com	66885	2026-08-30
parisstaronline.com	39819	2026-08-30
parkeschampionpost.com.au	20495	2026-08-28
parking-net.com	6510	2025-03-11
parking.net	10646	2026-08-28
parkrapidsenterprise.com	31790	2026-08-30
parkrecord.com	18486	2026-08-30
parliament.gov.to	20421	2026-08-18
parrysound.com	7611	2026-08-30
parsonssun.com	15498	2026-08-23
pasadenastarnews.com	46428	2026-08-30
pasoroblesdailynews.com	16988	2026-08-29
pastemagazine.com	11385	2026-08-30
patch.com	238740	2026-08-30
patentlyapple.com	6478	2024-07-30
patheos.com	32796	2026-06-18
patriotledger.com	9693	2023-09-11
patriotpost.us	36930	2026-08-28
patriots.com	6366	2026-08-30
pauldavisoncrime.com	8974	2026-08-26
paulickreport.com	26925	2026-02-06
paultan.org	34388	2026-08-30
paysonroundup.com	10036	2026-08-28
pbcommercial.com	7169	2026-04-07
pbn.com	8460	2026-04-18
pbs.org	26121	2026-08-26
pc-tablet.co.in	7418	2025-04-05
pcgamesn.com	29852	2026-08-30
pcmag.com	39043	2026-08-30
pctechmag.com	7018	2026-08-30
pcworld.co.nz	5685	2023-01-27
peacearchnews.com	36847	2026-08-30
peacefmonline.com	145649	2025-01-26
peakoil.com	17661	2026-08-30
peconicpublicbroadcasting.org	6972	2020-06-16
pedestrian.tv	30680	2026-08-30
peeblesshirenews.com	94505	2026-08-30
pehub.com	15146	2026-08-28
pembinavalleyonline.com	25649	2026-08-30
pembrokeobserver.com	38995	2026-08-29
pembroketoday.ca	11757	2026-08-30
penarthtimes.co.uk	117169	2026-08-30
penbaypilot.com	37532	2026-08-30
pendletoday.co.uk	5505	2021-12-13
peninsulaclarion.com	5062	2026-08-29
peninsuladailynews.com	11562	2026-08-30
pennlive.com	108037	2026-03-08
pennrecord.com	13340	2025-05-21
pensacolasjet.com	6329	2026-08-30
pentictonherald.ca	85485	2026-08-30
people.com	58098	2026-02-05
peoplesdailyng.com	33481	2026-04-09
peoplesreview.com.np	6597	2026-08-30
peoplesworld.org	18328	2026-08-28
peoriapublicradio.org	14883	2021-05-05
perezhilton.com	34397	2026-08-10
performancedrive.com.au	13678	2025-07-21
perhamfocus.com	25194	2026-08-30
perishablenews.com	21899	2026-08-28
perrynewspapers.com	5230	2026-08-28
personneltoday.com	9129	2026-08-28
perthnow.com.au	81120	2026-08-30
petapixel.com	12877	2026-08-30
peterboroughtoday.co.uk	19466	2025-01-23
petoskeynews.com	13149	2023-09-11
pghcitypaper.com	9642	2026-04-25
phandroid.com	17653	2026-08-30
pharmaceuticalonline.com	9804	2026-08-30
pharmacytimes.com	12321	2026-03-25
pharmatimes.com	5550	2026-08-27
pharmiweb.com	39419	2026-06-01
pharostribune.com	20026	2026-08-30
philamirror.info	7659	2026-05-24
philenews.com	18599	2026-07-23
philippinetimes.com	90921	2026-08-30
phillymag.com	6479	2026-08-28
phillytrib.com	40674	2026-08-30
phillyvoice.com	35512	2026-08-30
philstar.com	171314	2026-08-30
phinphanatic.com	6185	2026-08-30
phnompenhpost.com	44711	2026-07-31
phoenixfm.com	6575	2026-08-30
phoenixherald.com	109439	2026-08-30
phoenixnewtimes.com	7950	2026-08-30
phoenixvillenews.com	8403	2021-09-28
phonearena.com	41624	2025-08-21
phoronix.com	9795	2026-07-29
photonics.com	8114	2026-01-03
photonicsonline.com	5495	2026-08-29
phys.org	148868	2026-01-29
physiciansweekly.com	7449	2026-01-06
pikefm.com	9954	2026-08-30
pilotonline.com	71483	2026-08-30
pina.com.fj	20987	2026-08-30
pinchercreekecho.com	8936	2026-08-30
pineandlakes.com	34510	2026-08-30
pineisland-eagle.com	7456	2026-08-30
pinkbike.com	9096	2024-08-26
pinknews.co.uk	20157	2022-11-29
pinkun.com	5191	2025-12-06
pinkvilla.com	221460	2026-08-30
pinstripealley.com	19708	2026-08-30
pionline.com	18259	2026-06-18
piquenewsmagazine.com	60540	2025-09-05
pireport.org	10969	2026-08-28
pistonheads.com	5729	2026-08-30
pitchfork.com	18335	2026-08-30
pittsburghmagazine.com	6125	2026-08-28
pittsburghstar.com	114706	2026-08-30
piworld.com	8129	2026-08-28
pix11.com	19492	2025-06-12
pizzamarketplace.com	5552	2026-08-28
pjmedia.com	48912	2026-08-30
pjstar.com	10980	2023-09-11
placenorthwest.co.uk	17006	2026-06-04
plaintalk.net	5687	2026-08-28
planetf1.com	46822	2026-08-30
planetizen.com	14972	2025-07-30
planetprinceton.com	10735	2026-08-30
plansponsor.com	6388	2026-07-31
plasticsnews.com	9513	2026-04-29
playbill.com	24975	2026-08-30
playstationlifestyle.net	16215	2026-08-28
pleasantonweekly.com	12645	2026-08-30
plenglish.com	62014	2026-08-18
plos.org	6000	2026-08-28
pluggedin.com	5509	2026-08-29
plymouthherald.co.uk	105387	2026-08-30
pmlive.com	10061	2026-08-28
pmnewsnigeria.com	55192	2026-08-30
pna.gov.ph	7058	2026-03-08
pnj.com	13200	2023-09-11
poandpo.com	22819	2025-05-09
pocket-lint.com	26690	2026-08-30
pocketgamer.com	7765	2026-08-28
pocketnow.com	11447	2025-09-04
poconorecord.com	7358	2023-09-11
pokernews.com	34184	2026-08-30
polandsun.com	5706	2023-12-21
police1.com	7562	2026-08-17
polishforums.com	9799	2026-08-29
politicaldog101.com	31136	2026-08-30
politicalwire.com	58125	2026-08-30
politico.com	67856	2025-11-05
politico.eu	41727	2026-08-30
politics.co.uk	8822	2026-08-19
politicsweb.co.za	10773	2026-08-30
politicususa.com	7324	2026-02-28
politifact.com	12907	2026-08-29
polity.org.za	34059	2025-01-23
polkio.com	18696	2026-08-30
polygon.com	37122	2026-08-30
poncacitynews.com	9905	2026-08-28
pontefractandcastlefordexpress.co.uk	5456	2021-12-14
popcrush.com	18445	2026-08-30
popmatters.com	6121	2025-10-29
popsci.com	12815	2026-08-30
popsugar.com	65088	2026-08-28
popsugar.com.au	14474	2025-05-08
popularmechanics.com	15159	2026-08-29
portageonline.com	27599	2026-08-30
portcitydaily.com	15928	2026-08-29
portclintonnewsherald.com	6288	2023-09-11
portfolio-adviser.com	7277	2026-08-28
portlandmercury.com	12124	2026-08-30
portlandtribune.com	8753	2026-08-28
portnews.com.au	65034	2026-08-30
portsmouth-dailytimes.com	7661	2026-08-29
portsmouth.co.uk	25284	2025-01-23
portstephensexaminer.com.au	58051	2026-08-30
porttechnology.org	5116	2026-08-28
positivelyfilipino.com	6213	2026-08-26
post-journal.com	24786	2026-08-30
postandcourier.com	123275	2026-08-30
postbulletin.com	63154	2026-08-30
postcourier.com.pg	43678	2026-08-30
postcrescent.com	12995	2023-09-11
postindependent.com	14505	2026-08-29
postnewsgroup.com	6615	2026-08-30
postonline.co.uk	9156	2026-08-28
postregister.com	69322	2026-08-30
poststar.com	66250	2026-08-30
potchefstroomherald.co.za	10484	2023-10-04
potomaclocal.com	14451	2026-08-30
pottsmerc.com	51029	2026-08-30
poughkeepsiejournal.com	7141	2023-09-11
poundingtherock.com	8944	2026-08-30
powderbulksolids.com	7647	2026-08-28
powelltribune.com	19038	2026-08-30
power-technology.com	11730	2026-08-28
power103.com	8425	2026-08-30
power1057.com	7664	2026-08-30
power1069fm.com	22458	2026-08-09
power923.com	6393	2026-08-30
power959.com	20020	2026-08-30
power965.com	6877	2025-01-27
power96radio.com	51501	2026-08-30
power98fm.com	23966	2026-08-30
powerboise.com	5240	2026-08-22
powerlineblog.com	11521	2026-07-02
powermag.com	6184	2026-08-27
powerorlando.com	8020	2026-08-29
powerpage.org	7064	2026-01-18
poynter.org	5536	2026-08-28
pqbnews.com	32472	2026-08-30
pr-inside.com	184978	2026-08-30
pr.com	16977	2026-08-30
pragativadi.com	54646	2026-08-30
prairiepublic.org	42888	2026-08-30
praise933.com	5194	2024-04-28
prajasakti.com	11555	2026-06-26
pratttribune.com	5184	2023-09-12
predominantlyorange.com	7903	2026-08-30
premierchristianradio.com	11066	2023-06-07
premiumbeautynews.com	6040	2026-08-30
premiumtimesng.com	111378	2026-08-30
prescottenews.com	9377	2026-08-04
press-citizen.com	9004	2023-09-11
pressandguide.com	17310	2025-11-04
pressandjournal.co.uk	196721	2025-05-27
pressconnects.com	6069	2023-09-11
pressdemocrat.com	32609	2026-08-30
pressenterpriseonline.com	87096	2026-01-28
pressenza.com	12587	2026-08-30
pressgazette.co.uk	7306	2026-08-27
pressherald.com	133121	2026-08-30
pressofatlanticcity.com	82988	2026-08-30
pressparty.com	8869	2026-01-02
presspublications.com	6503	2026-08-28
presspubs.com	7743	2026-08-29
pressreleasepoint.com	60707	2026-08-30
pressrepublican.com	20094	2026-08-29
presstelegram.com	47008	2026-08-30
presstv.com	18559	2021-06-22
presstv.ir	65484	2026-07-22
prestigeonline.com	8946	2026-08-27
prestwichandwhitefieldguide.co.uk	18621	2023-03-07
prevention.com	11811	2026-08-30
prima.co.uk	8769	2026-08-30
primepublishers.com	5240	2026-08-30
princegeorgecitizen.com	137171	2025-09-05
princeton.edu	9118	2026-08-30
princetonol.com	11467	2026-08-30
printingnews.com	8737	2022-11-18
printweek.com	9505	2026-05-29
printweek.in	8864	2026-08-30
prisonplanet.com	5521	2026-08-12
prleap.com	9572	2026-08-29
prnewswire.co.uk	14876	2026-08-27
prnewswire.com	1308766	2026-08-30
proactiveinvestors.co.uk	61374	2026-08-29
proactiveinvestors.com	64045	2026-08-29
proactiveinvestors.com.au	34222	2026-08-28
probuilder.com	7499	2026-08-28
producer.com	14827	2025-05-22
professionaladviser.com	13752	2026-08-28
professionalpensions.com	10965	2026-08-28
progress-index.com	6209	2023-09-11
progressive-charlestown.com	20355	2026-08-30
progressivegrocer.com	7553	2025-09-09
progressiverailroading.com	10653	2026-08-30
projectnoah.org	19439	2026-08-21
prokerala.com	635624	2026-08-30
prolificnorth.co.uk	21481	2026-07-21
promptnewsonline.com	39063	2026-08-30
propakistani.pk	84174	2026-08-30
propertyweek.com	27590	2026-08-28
propublica.org	5448	2026-08-28
prospectmagazine.co.uk	8200	2026-08-29
providencejournal.com	22218	2023-09-11
prowrestling.net	18346	2026-08-30
prpeak.com	86658	2025-09-05
prrecordgazette.com	12841	2026-08-30
prunderground.com	11996	2026-08-09
prweb.com	172523	2026-08-30
prweek.com	13527	2026-07-02
psu.com	7048	2025-06-06
psu.edu	25065	2026-08-29
psychcentral.com	5022	2024-10-01
psychiatryadvisor.com	8726	2026-08-28
psychologytoday.com	23395	2026-07-07
ptinews.com	297015	2024-03-31
ptleader.com	7550	2026-08-30
publicnewsservice.org	19341	2025-08-20
publicnow.com	17005	2022-09-16
publicradioeast.org	53673	2026-08-30
publicradiotulsa.org	55726	2026-08-30
publishersweekly.com	20945	2026-08-29
pullmanradio.com	13474	2026-08-29
pulse.com.gh	49036	2026-03-19
pulse.ng	86874	2026-03-18
punchjump.com	11321	2026-08-28
punchng.com	294269	2026-08-30
punknews.org	9289	2026-08-30
punto.com.ph	8890	2026-08-30
purdueexponent.org	36740	2026-08-30
purerock96.com	9306	2026-08-30
purplerow.com	6037	2026-08-30
pushsquare.com	29492	2026-08-30
pv-magazine.com	18465	2026-06-04
pv-tech.org	13592	2026-08-28
pvvt.com	5696	2026-08-28
pwcs.edu	10390	2022-08-01
pymnts.com	23494	2026-08-29
q102.ie	16952	2026-08-27
q105.fm	6669	2026-08-30
q1057.com	9683	2026-08-30
q1061.com	8311	2026-08-30
q1065.fm	23901	2026-08-29
q106dot5.com	21515	2026-08-30
q106fm.com	8241	2026-08-27
q107.com	20465	2026-08-28
q1077.com	25006	2026-08-29
q107fm.ca	6514	2020-06-10
q108.com	7876	2026-08-28
q13fox.com	32112	2023-04-18
q93fm.com	14855	2026-08-28
q957.com	18815	2025-10-31
q95fm.net	8602	2026-08-21
q961.com	23842	2026-08-29
q985online.com	37791	2026-08-30
q98fm.com	7021	2026-08-30
qatar-tribune.com	33306	2026-08-30
qatarliving.com	8460	2026-08-30
qchron.com	13075	2026-08-29
qconline.com	70086	2026-08-30
qctimes.com	96230	2026-08-30
qns.com	12136	2026-08-30
qsrmagazine.com	6347	2026-02-19
qsrweb.com	7092	2026-08-28
qt.com.au	56636	2021-06-23
quadcitiesdaily.com	21617	2026-01-02
queanbeyanage.com.au	69258	2026-08-30
queensjournal.ca	5199	2026-08-25
queenslandcountrylife.com.au	50143	2026-08-30
queerty.com	6685	2026-08-30
quesnelobserver.com	29770	2026-08-30
quickcountry.com	48202	2026-08-30
quicknews-africa.net	37053	2026-08-30
quickworldnews.com	19319	2021-10-16
quintenews.com	27458	2026-08-30
qvc.com	59059	2026-07-08
qxmagazine.com	26771	2026-07-27
qz.com	34087	2026-04-13
racer.com	13748	2026-01-08
radaronline.com	33780	2026-08-30
radio.com	43725	2025-12-15
radio.gov.pk	58331	2026-08-30
radiocayman.gov.ky	8282	2026-08-30
radioinfo.com.au	6174	2025-01-22
radioink.com	15009	2026-08-30
radioiowa.com	16240	2026-07-27
radiojamaicanewsonline.com	29690	2026-08-29
radiokerry.ie	24835	2026-08-30
radiokorea.com	28815	2026-08-10
radiotamazuj.org	13198	2026-08-30
radiotimes.com	40700	2026-08-30
radiotoday.co.uk	5791	2026-08-28
radiotoday.com.au	8181	2025-06-14
radiousa.com	8258	2026-08-26
radiox.co.uk	6818	2026-08-29
radyonatin.com	11629	2025-10-03
rafu.com	5389	2026-08-30
ragtrader.com.au	7702	2026-08-28
railpage.com.au	73388	2023-10-15
railway-technology.com	5672	2026-08-07
railwayage.com	8580	2026-01-31
railwaygazette.com	10898	2026-08-30
rap-up.com	9390	2026-02-07
rapidcityjournal.com	58709	2026-08-29
rapidtvnews.com	6195	2026-02-17
rappler.com	83932	2026-08-30
rappnews.com	9635	2026-08-30
rapsinews.com	6019	2025-12-09
rashtranews.com	23678	2026-08-04
rasmussenreports.com	7761	2026-08-28
ravallirepublic.com	53772	2026-08-28
rawstory.com	64458	2026-08-30
rbj.net	12065	2026-06-04
rbth.com	6312	2026-08-19
rcps.info	37674	2026-06-15
rcreader.com	8077	2026-08-30
rcrwireless.com	8510	2026-08-28
reachfm.ca	13597	2026-01-01
readingchronicle.co.uk	138036	2026-08-30
readingeagle.com	58136	2026-08-30
readmedia.com	32332	2026-08-30
readwrite.com	6433	2024-10-10
realclearpolitics.com	31789	2026-05-17
realestate.com.au	14155	2026-08-30
realestatebusiness.com.au	8954	2026-08-30
realgeni.com	32458	2025-04-16
realitytea.com	41981	2026-08-29
realitytvworld.com	35768	2026-08-30
realradio804.com	6444	2026-08-28
realscreen.com	6878	2026-06-24
reason.com	15700	2026-08-30
rechargenews.com	10436	2026-08-30
record-bee.com	11096	2026-08-30
record-eagle.com	80466	2026-08-30
recordcourier.com	10467	2025-09-04
recorder.ca	48474	2026-08-30
recorder.com	34981	2026-08-30
recordernews.com	6816	2023-10-26
recorderonline.com	51957	2026-08-30
recordnet.com	9191	2023-09-11
recordonline.com	10835	2023-09-11
redandblack.com	9970	2026-08-30
redbluffdailynews.com	12871	2026-08-30
reddeeradvocate.com	21522	2026-08-29
redding.com	5466	2023-09-11
redditchadvertiser.co.uk	110184	2026-08-30
redditchstandard.co.uk	14950	2026-08-30
redeyeradioshow.com	14671	2026-08-28
redfm.ie	11646	2026-08-29
rediff.com	85185	2026-08-30
redlandcitybulletin.com.au	64860	2026-08-30
redlandsdailyfacts.com	44683	2026-08-30
redriverradio.org	57161	2026-08-30
redstate.com	75861	2026-08-30
redwatch.org.au	11891	2026-08-30
reflector.com	102263	2026-08-30
reformer.com	47364	2026-08-30
regina.ctvnews.ca	15942	2025-04-08
register-herald.com	61239	2026-08-29
registercitizen.com	111574	2026-04-21
registerguard.com	9843	2023-09-10
registerherald.com	6606	2025-09-17
rejournals.com	8752	2025-07-14
rekordeast.co.za	10868	2021-02-24
relevantmagazine.com	8494	2026-08-28
relevantradio.com	9361	2026-06-04
reliefweb.int	163718	2026-03-28
religionnews.com	16623	2026-07-17
relish.com	7304	2026-08-28
relix.com	6574	2026-08-30
renalandurologynews.com	8171	2026-08-28
renewableenergymagazine.com	10281	2026-08-28
renews.biz	22747	2025-01-23
renfrewtoday.ca	11822	2026-08-28
rep-am.com	52992	2025-02-04
repeatingislands.com	7034	2026-08-29
reporter.net	18284	2026-08-28
reporterherald.com	39387	2026-08-30
reporternews.com	9509	2023-09-11
republic-online.com	26031	2026-08-26
republicaneagle.com	5666	2026-08-29
republicanherald.com	46680	2026-08-30
republicofmining.com	6923	2026-08-07
republicworld.com	41980	2026-03-17
republikein.com.na	6489	2026-08-30
rescue.org	5796	2026-08-26
reseller.co.nz	14597	2026-08-28
resilience.org	5420	2026-08-28
respect-mag.com	5647	2026-08-18
restaurantmagazine.com	13816	2026-08-29
restaurantnews.com	13710	2026-08-29
restaurantnewsrelease.com	13451	2026-08-28
restaurantonline.co.uk	6136	2026-08-28
restonnow.com	6591	2024-05-17
retaildetail.eu	7275	2026-08-28
retaildive.com	12650	2026-08-30
retailtimes.co.uk	18794	2026-08-29
reuters.com	928661	2026-07-21
revengeofthebirds.com	7044	2026-08-30
reverb.com	6060	2022-05-04
reviewjournal.com	39485	2026-08-30
reviewonline.com	18564	2026-08-30
reviewtimes.com	6175	2020-06-10
revolutionradio.org	7537	2025-09-24
revolvermag.com	6193	2025-01-22
rewind943.com	9836	2026-08-29
rexburgstandardjournal.com	7355	2026-08-30
rfa.org	13522	2026-08-29
rfdtv.com	25696	2026-08-29
rferl.org	46022	2026-08-30
rfglobalnet.com	5437	2026-08-30
rfi.fr	62529	2026-08-22
rgj.com	9002	2023-09-11
rheaheraldnews.com	8683	2026-08-29
rheinpfalz.de	6895	2020-11-26
rhyljournal.co.uk	114562	2026-08-30
ricentral.com	6551	2026-08-29
richlandsource.com	29122	2026-08-30
richmond-news.com	74966	2025-09-05
richmond.com	91290	2026-08-30
richmondandtwickenhamtimes.co.uk	112816	2026-08-30
richmondbizsense.com	7423	2026-08-28
richmondfreepress.com	7220	2026-02-12
richmondregister.com	27632	2026-08-30
ricochet.com	33598	2025-06-14
ridgecrestca.com	9142	2026-08-29
riggosrag.com	6950	2026-08-30
rightspeak.net	12468	2026-08-30
rigzone.com	30973	2026-08-30
ringsidereport.com	6092	2026-08-29
riotimesonline.com	44283	2026-08-30
riponadvance.com	8498	2026-08-28
riponpress.com	7758	2026-08-29
ripplesnigeria.com	10801	2026-02-09
risingapple.com	5919	2026-08-30
risingbd.com	7134	2023-02-02
risingkashmir.com	6154	2025-07-25
risk.net	7886	2026-08-27
rismedia.com	14996	2026-08-28
rivals.com	5169	2025-06-14
river1037.com	15295	2026-08-28
river105.com	11694	2026-08-10
river967.com	22232	2026-08-28
riverbender.com	7579	2025-01-23
riverfronttimes.com	8051	2025-08-16
rivergrandrapids.com	31645	2026-08-29
rivernewsonline.com	15168	2026-08-28
riviera-maya-news.com	11672	2026-08-29
rnanews.com	6661	2026-08-30
rnz.co.nz	160375	2026-08-30
road.cc	10345	2026-08-29
roadandtrack.com	12437	2026-08-30
roadsafety.co.za	10730	2026-08-30
roanoke.com	77197	2026-08-30
roarmag.org	22294	2026-08-30
robbreport.com	16770	2026-08-30
robesonian.com	5959	2026-08-30
roboticstomorrow.com	7661	2026-08-28
rochdaleonline.co.uk	11368	2025-11-25
rochestercitynewspaper.com	5405	2023-03-06
rock101.com	10991	2026-08-22
rock1015.com	6112	2026-08-30
rock107.com	10071	2026-08-29
rock937online.com	24042	2025-03-27
rock947.com	9740	2022-11-22
rock967online.com	21414	2026-08-30
rockdalenewtoncitizen.com	71558	2026-08-23
rockpapershotgun.com	20180	2026-08-30
rocksound.tv	5124	2026-08-28
rockymounttelegram.com	62635	2026-08-30
rockytopinsider.com	8115	2026-08-30
rogerebert.com	23518	2026-01-29
rollcall.com	11627	2026-08-28
rollingout.com	36521	2025-12-23
rollingstone.com	55201	2026-08-30
rollingstoneindia.com	6434	2026-08-28
romania-insider.com	16277	2026-08-28
romaniapress.com	67380	2026-08-25
romesentinel.com	13913	2026-08-30
romfordrecorder.co.uk	50067	2026-08-30
romseyadvertiser.co.uk	52579	2024-10-26
roscommonherald.ie	52494	2026-08-30
ross-shirejournal.co.uk	52347	2026-08-30
rosslandtelegraph.com	5832	2026-08-28
rotherhamadvertiser.co.uk	7306	2025-01-23
rotowire.com	12472	2026-08-30
roundupweb.com	5511	2026-08-25
routesonline.com	12955	2026-07-31
royalcentral.co.uk	13845	2026-08-30
royalgazette.com	55064	2026-08-30
royalsreview.com	8144	2026-08-30
royston-crow.co.uk	30497	2026-08-30
rozanaspokesman.com	13950	2026-08-30
rrdailyherald.com	24003	2026-08-30
rri.ro	9973	2026-08-30
rrobserver.com	6495	2026-08-29
rrr.org.au	25509	2026-08-30
rrstar.com	9459	2023-09-11
rsn.net.au	11184	2026-08-30
rstreet.org	8369	2026-08-29
rt.com	14460	2026-08-29
rte.ie	180742	2026-08-30
rthk.hk	11704	2026-08-21
rtoinsider.com	5943	2026-08-30
rtrfm.com.au	6100	2026-08-28
rttnews.com	134112	2026-08-30
rubbernews.com	9503	2026-06-18
runcornandwidnesworld.co.uk	91679	2026-08-30
runnersworld.com	10303	2026-08-30
runningmagazine.ca	6438	2026-08-29
runwaygirlnetwork.com	5635	2026-03-31
rushlane.com	8922	2026-08-30
russiaherald.com	133127	2026-08-30
russianmachineneverbreaks.com	7489	2026-08-30
russianradio7.com	8075	2025-01-20
rustourismnews.com	6075	2026-08-29
ruthfullyyours.com	25532	2026-08-01
rutland-times.co.uk	11645	2026-08-30
rutlandherald.com	40894	2026-08-30
rvasia.org	8268	2026-08-11
ryeandbattleobserver.co.uk	5120	2022-02-09
sabcnews.com	8897	2026-03-19
sacobserver.com	7011	2026-05-28
sacurrent.com	16997	2026-08-30
safc.com	10896	2024-07-16
saharareporters.com	100445	2026-08-30
sahilonline.org	11972	2026-08-30
sail-world.com	21707	2026-08-30
sailingscuttlebutt.com	8762	2026-07-12
saipantribune.com	7237	2025-05-29
sakshi.com	36429	2025-06-05
sakshipost.com	32789	2026-08-29
salemnews.com	29644	2026-08-30
salemnews.net	17338	2026-08-30
salina.com	9487	2023-09-10
salinapost.com	31425	2026-08-30
salisburyjournal.co.uk	121836	2026-08-30
salon.com	32914	2026-08-30
saltlakecitysun.com	146300	2026-08-30
saltwire.com	82226	2026-08-30
samaa.tv	61199	2026-08-30
sammobile.com	26335	2026-08-26
samoanews.com	5890	2026-08-29
samoaobserver.ws	9304	2026-08-30
sana.sy	28595	2026-08-30
sanangelolive.com	28134	2026-08-30
sanantoniopost.com	62877	2026-08-30
sandiegoreader.com	13139	2025-08-22
sandiegosun.com	178295	2026-08-30
sandiegouniontribune.com	214368	2026-08-30
sanews.gov.za	15159	2026-08-30
sanfordherald.com	52340	2026-08-30
sanilacbroadcasting.com	5339	2025-01-09
sanjuanjournal.com	5762	2026-08-28
sanmarcosrecord.com	10943	2026-08-29
sanremonews.it	5077	2026-08-30
santabanta.com	7442	2026-08-29
santacruzsentinel.com	22016	2026-08-30
santafenewmexican.com	63135	2026-08-30
santamariasun.com	5403	2026-08-27
santamariatimes.com	93014	2026-08-30
saobserver.net	45418	2026-08-30
saps.gov.za	37740	2025-11-19
sarajevotimes.com	5933	2026-03-02
saratogian.com	39017	2026-08-30
sarniathisweek.com	35616	2026-01-20
saskatoon.ctvnews.ca	14577	2025-01-22
satellitetoday.com	7207	2026-08-30
satnews.com	14558	2026-08-30
saudigazette.com.sa	54271	2026-03-18
saukvalley.com	7863	2020-12-17
saultstar.com	59505	2026-08-30
saultthisweek.com	48731	2026-06-22
savannahnow.com	16081	2023-09-11
savejersey.com	6114	2026-08-30
savingadvice.com	6065	2026-08-30
sb.by	18880	2026-08-28
sbcnews.co.uk	7219	2024-12-05
sbnation.com	47366	2026-08-30
sbr.com.sg	19923	2026-08-28
sbs.com.au	84620	2026-08-30
sbsun.com	45305	2026-08-30
sbwire.com	16543	2022-01-13
scallywagandvagabond.com	9087	2026-08-30
scdailypress.com	7072	2023-01-30
schoolsweek.co.uk	7252	2026-07-03
schroders.com	5010	2024-02-09
science.org	5028	2024-04-24
science20.com	7542	2026-08-30
sciencealert.com	18836	2026-08-30
scienceblog.com	15468	2026-08-30
scienceblogs.com	14639	2026-08-30
sciencebusiness.net	9408	2026-02-09
sciencedaily.com	32157	2026-08-06
sciencemag.org	12882	2021-10-07
sciencenews.org	5501	2026-08-28
scientificamerican.com	14293	2026-08-30
scmagazine.com	10578	2024-09-25
scmp.com	159933	2026-08-30
scnow.com	44782	2026-08-29
sconeadvocate.com.au	71163	2026-08-30
scoop.co.nz	283280	2026-08-30
scotsman.com	80113	2025-01-23
scottishconstructionnow.com	6864	2026-08-28
scottishhousingnews.com	6969	2026-08-28
scottishlegal.com	6229	2026-08-28
scpr.org	7524	2024-02-29
screencrush.com	10271	2026-08-30
screendaily.com	27103	2025-09-05
screenrant.com	208667	2026-08-30
scrippsnews.com	14231	2026-03-19
scroll.in	55880	2026-08-30
sctimes.com	6903	2023-09-10
scvnews.com	21698	2026-08-30
sdbj.com	5845	2026-08-28
sdcexec.com	8119	2025-12-28
sdjewishworld.com	6492	2026-08-30
sdpb.org	14621	2026-08-28
se933.com	20735	2026-08-29
seacoastonline.com	17956	2024-10-24
seafoodsource.com	6470	2025-01-23
seaforthhuronexpositor.com	22652	2026-08-30
seahawks.com	6300	2026-08-29
searchenginejournal.com	6528	2026-08-30
searchengineland.com	9440	2026-08-29
searchlight.vc	23106	2026-08-28
seasideradio.co.uk	13562	2026-08-28
seatrade-maritime.com	9491	2025-01-09
seattlepi.com	165051	2025-11-18
seattletimes.com	70978	2026-07-15
securityinfowatch.com	9696	2026-08-28
sedaliademocrat.com	12162	2026-08-29
seekingalpha.com	143086	2026-08-30
seenews.com	23417	2025-11-19
segmentnext.com	12742	2025-07-30
seguingazette.com	7160	2026-08-30
seguintoday.com	5167	2026-08-29
sej.org	15043	2026-08-28
selectscience.net	14592	2026-08-28
semissourian.com	16204	2026-08-30
sen.com.au	17190	2024-11-11
senate.gov.ph	10256	2025-08-20
seneweb.com	81744	2026-04-30
sent-trib.com	33170	2025-09-17
sentinel-standard.com	6658	2023-09-09
sentinelandenterprise.com	20740	2026-08-30
sentinelassam.com	82077	2026-08-30
sentinelsource.com	22605	2025-02-13
sequimgazette.com	6227	2026-08-28
serbian.cri.cn	10891	2026-08-30
setexasrecord.com	13902	2025-05-21
sevendaysvt.com	19961	2026-08-28
seventeen.com	10866	2026-07-30
seychellesnewsagency.com	7022	2026-02-17
sfchronicle.com	86527	2025-11-18
sfexaminer.com	15461	2026-08-30
sfgate.com	557090	2026-07-08
sfist.com	16231	2026-08-30
sflcn.com	6330	2026-06-04
sfstation.com	9499	2026-08-30
sgvtribune.com	47681	2026-08-30
shabait.com	5314	2026-08-29
shacknews.com	30349	2026-08-30
shafaqna.com	40189	2026-08-30
shanghaiist.com	6071	2026-07-11
shanghainews.net	88463	2026-08-30
shanghaisun.com	154507	2026-08-30
shankennewsdaily.com	7249	2026-08-28
shannonside.ie	28934	2026-08-30
sharecast.com	18144	2026-03-26
sharechat.co.nz	5688	2026-08-27
sharenet.co.za	17881	2026-08-25
shark1053.com	22426	2026-08-29
sharonherald.com	24472	2026-08-30
sheboyganpress.com	9278	2023-09-11
shekicks.net	6439	2026-08-28
sheknows.com	28337	2026-08-29
shelbystar.com	6592	2023-09-11
sheltonherald.com	53654	2025-11-18
shephardmedia.com	8514	2026-08-28
sheppnews.com.au	6976	2025-10-15
sherbrookerecord.com	5260	2026-08-29
sheridanmedia.com	22417	2026-08-30
sherwoodparknews.com	16671	2026-08-30
shetlandtimes.co.uk	8392	2026-08-30
shetnews.co.uk	16386	2026-08-30
shieldsgazette.com	12833	2025-01-23
shine.cn	8014	2025-06-14
ship-technology.com	5383	2026-08-24
shipandbunker.com	17367	2026-08-28
shipnc.com	8531	2026-08-29
shippingtribune.com	6064	2026-08-29
shippingwatch.com	7709	2026-06-26
shockya.com	5725	2026-08-30
shorehamherald.co.uk	6130	2022-02-09
shorelinebeacon.com	23344	2026-08-29
shorelinemedia.net	23504	2026-08-29
shorenewsnetwork.com	18724	2026-03-12
shortlist.com	6750	2026-08-28
showbiz411.com	6136	2026-08-30
shreveporttimes.com	9564	2023-09-11
shropshirelive.com	11778	2026-08-30
shropshirestar.com	67852	2026-03-26
si.com	255054	2026-08-30
siasat.com	164000	2026-08-30
sidneydailynews.com	17900	2025-09-17
sidneyherald.com	11690	2026-08-29
sierraleonetimes.com	70212	2026-08-30
sierrawave.net	6329	2026-08-30
sify.com	66077	2026-08-28
signalscv.com	22220	2026-08-30
siliconangle.com	18645	2026-08-30
siliconera.com	19610	2026-08-30
siliconindia.com	22766	2026-08-29
siliconrepublic.com	19934	2026-08-28
siliconvalley.com	14859	2026-08-30
silive.com	59235	2026-02-23
silverandblackpride.com	15541	2026-08-30
silverbirdtv.com	8883	2026-08-30
simcoe.com	13949	2026-08-30
simcoereformer.ca	50807	2026-08-30
simpleflying.com	8159	2026-07-10
sina.com	68991	2025-01-09
sina.com.hk	30189	2026-08-29
singaporestar.com	76390	2026-08-30
singersroom.com	17023	2026-08-30
singletonargus.com.au	75480	2026-08-30
siouxcityjournal.com	261410	2026-08-30
siouxlandnews.com	8244	2026-08-30
sis.gov.eg	9722	2025-11-14
siskiyoudaily.com	5408	2023-09-11
sitkasentinel.com	34782	2026-08-30
sj-r.com	11627	2023-09-11
skift.com	17963	2026-08-30
sknvibes.com	12970	2026-08-30
skopjediem.com	6592	2026-08-26
sky.com	87578	2026-08-27
skymetweather.com	6212	2026-08-27
skynews.com.au	72895	2026-07-26
slamonline.com	5481	2025-09-10
slashdot.org	5538	2024-09-09
slashfilm.com	42657	2026-08-30
slashgear.com	56614	2026-08-30
slate.com	42429	2026-08-30
sleepreviewmag.com	5228	2026-08-28
slguardian.org	24103	2026-08-30
slippedisc.com	7094	2026-08-30
slotocash.im	6832	2023-11-30
sloughobserver.co.uk	113260	2026-08-30
sloveniatimes.com	12811	2025-11-18
sltrib.com	30238	2026-08-30
slugmag.com	5417	2026-08-30
smallbiztrends.com	13172	2026-08-30
smallwarsjournal.com	6274	2026-06-04
smartcanucks.ca	13783	2026-08-30
smartcompany.com.au	10051	2026-08-28
smartpropertyinvestment.com.au	6252	2026-08-29
smdailyjournal.com	137001	2026-07-31
smdp.com	12408	2026-08-30
smenet.org	5119	2026-08-28
smetimes.in	13963	2026-08-29
smh.com.au	269948	2026-08-30
smithsonianmag.com	5396	2026-08-30
smn-news.com	15979	2026-08-30
smnewsnet.com	11006	2026-03-23
smokymountainnews.com	9177	2026-08-28
snl24.com	37194	2026-07-02
snntv.com	12417	2024-07-01
snopes.com	13727	2026-03-19
so-co-it.com	5992	2026-07-02
soapoperadigest.com	6162	2026-08-28
socaltech.com	5712	2025-12-24
socialistparty.org.uk	5103	2025-01-22
socialmediatoday.com	12790	2026-08-28
sofiaglobe.com	9601	2026-08-28
sofrep.com	14334	2026-04-18
softpedia.com	5650	2024-12-01
softrock941.com	5118	2023-02-13
soglos.com	5906	2026-08-29
sojo1049.com	41930	2026-08-30
solomonstarnews.com	9202	2026-04-30
somdnews.com	21846	2026-08-30
somerset-kentucky.com	30742	2026-08-30
somersetcountygazette.co.uk	191437	2026-08-30
somersetlive.co.uk	95946	2026-08-30
sooeveningnews.com	5730	2023-09-09
sookenewsmirror.com	39144	2026-08-30
soompi.com	34103	2026-08-30
sott.net	72883	2026-08-30
sounderatheart.com	7561	2026-08-30
soundonsound.com	25662	2026-08-30
southbendtribune.com	14724	2023-09-11
southcarolinapublicradio.org	76894	2026-08-30
southcoastregister.com.au	52178	2026-08-30
southcoasttoday.com	12183	2025-05-13
southdadenewsleader.com	8805	2026-08-28
southeastagnet.com	6336	2026-08-29
southeastasiapost.com	100815	2026-08-30
southeastradio.ie	8641	2026-08-30
southeastsun.com	5753	2025-01-17
southernhighlandnews.com.au	64066	2026-08-30
southernliving.com	11781	2026-03-17
southernminn.com	91705	2026-08-30
southernstandard.com	5879	2025-07-19
southernstar.ie	13176	2026-08-28
southgatearc.org	6902	2022-10-08
southpeacenews.com	8495	2026-08-30
southtahoenow.com	54364	2026-08-30
southwalesargus.co.uk	194242	2026-08-30
southwalesguardian.co.uk	95137	2026-08-30
southwhidbeyrecord.com	6111	2026-08-29
sowetan.co.za	6368	2026-08-30
sowetanlive.co.za	56173	2025-10-16
soyacincau.com	15958	2026-08-30
space.com	23859	2026-08-30
spacecoastdaily.com	12176	2026-08-30
spacedaily.com	21652	2026-08-30
spacewar.com	31603	2026-08-30
spaldingtoday.co.uk	8426	2023-12-04
spanishvida.com	5313	2026-08-30
spartaindependent.com	5417	2026-08-28
spectator.co.uk	41838	2025-12-16
spectator.org	8421	2026-08-20
spectator.sme.sk	10290	2026-02-18
spectrumlocalnews.com	9095	2026-06-26
spectrummagazine.org	5950	2024-10-24
spectrumnews1.com	7443	2026-02-12
speedcafe.com	32099	2026-08-30
speedwaymedia.com	16592	2026-08-30
spencerdailyreporter.com	5758	2026-08-28
spiked-online.com	6885	2026-08-30
spin.com	7322	2026-03-12
spin1038.com	7525	2026-08-27
spoilertv.com	28040	2026-08-30
spokanepublicradio.org	64369	2026-08-30
spokesman.com	59058	2026-08-30
sportsnet.ca	5652	2022-01-17
spotlightnepal.com	8370	2026-08-30
spotrac.com	57054	2026-08-30
springer.com	5859	2026-08-30
springfieldnewssun.com	54144	2026-08-30
sprucegroveexaminer.com	16582	2026-08-30
sputnikglobe.com	35745	2026-08-30
sputniknews.com	115856	2023-04-05
squamishchief.com	72879	2025-09-05
squatchrocks.com	44467	2026-08-30
srilankamirror.com	14690	2026-08-30
srilankasource.com	98355	2026-08-30
srpressgazette.com	6452	2026-08-30
ssuchronicle.com	20914	2020-04-15
stabroeknews.com	84877	2026-03-26
staffingindustry.com	7493	2024-12-01
stalbansreview.co.uk	82873	2025-12-09
stalbertgazette.com	58824	2025-09-05
stamfordadvocate.com	157056	2025-06-12
stamfordmercury.co.uk	8132	2023-12-04
stampedeblue.com	10170	2026-08-30
standard-democrat.com	5151	2026-08-28
standard-freeholder.com	44031	2026-08-30
standard-journal.com	66457	2026-08-30
standard.co.uk	209986	2026-08-30
standard.net	17812	2026-08-29
standard.net.au	78005	2026-08-30
standardbredcanada.ca	34851	2026-08-30
standardmedia.co.ke	195257	2026-08-30
standardspeaker.com	48171	2026-08-30
stanforddaily.com	6380	2026-08-30
star945.com	8007	2026-08-29
star967.net	13534	2026-03-20
star98.net	10349	2026-08-30
staradvertiser.com	53411	2026-08-30
starbeacon.com	28561	2026-08-30
starcommunity.com.au	9165	2026-04-29
starcourier.com	5441	2023-09-10
stardem.com	33771	2026-08-30
starfm1023.com	6851	2026-08-18
stargazette.com	5321	2023-09-11
starherald.com	50607	2026-08-29
starkvilledailynews.com	5622	2026-08-29
starlocalmedia.com	58906	2026-08-30
starmometer.com	9202	2026-06-08
starnewsonline.com	11634	2023-09-11
starobserver.com.au	8353	2026-08-30
starofmysore.com	34807	2026-08-30
starradiovegas.com	5978	2022-06-24
startribune.com	263278	2026-08-25
starweekly.com.au	25547	2026-03-02
state.gov	15205	2026-08-26
statecollege.com	13799	2026-08-30
statenews.com	9070	2026-08-30
stateofreform.com	5750	2026-03-27
statesboroherald.com	8937	2026-08-30
statesman.com	34154	2026-03-25
statesmanjournal.com	9447	2023-09-11
statesville.com	48002	2026-08-27
staugustine.com	10411	2023-09-11
stawelltimes.com.au	30201	2026-08-30
stcatharinesstandard.ca	108471	2026-08-30
steelers.com	6665	2026-08-30
steinbachonline.com	25392	2026-08-30
stellar.ie	10559	2026-08-28
stereoboard.com	20629	2026-08-30
stereogum.com	20591	2026-08-30
stettlerindependent.com	11812	2026-08-28
stevenspointjournal.com	8837	2023-09-11
stevivor.com	6004	2026-08-24
stgeorgeutah.com	24083	2026-08-30
sthelensstar.co.uk	137795	2026-08-30
stiripesurse.ro	39287	2026-08-29
stlamerican.com	18105	2026-08-30
stlouisstar.com	95585	2026-08-30
stlpublicradio.org	8721	2023-09-01
stltoday.com	242176	2026-08-29
stock-world.de	6893	2024-12-30
stockandland.com.au	39412	2026-08-30
stockhouse.com	12208	2026-07-28
stockjournal.com.au	39753	2026-08-30
stockmarketwire.com	21652	2022-02-23
stokesentinel.co.uk	103022	2026-08-30
stornowaygazette.co.uk	7135	2025-01-23
stourbridgenews.co.uk	144734	2026-08-30
straight.com	16946	2026-08-30
straitstimes.com	198250	2026-08-30
strangehorizons.com	5155	2026-08-28
strategypage.com	10705	2026-08-30
stratford-herald.com	19438	2026-08-30
stratfordbeaconherald.com	40600	2026-08-30
stratfordobserver.co.uk	10015	2026-08-30
strathroyagedispatch.com	35086	2026-01-25
strathroytoday.ca	8562	2026-08-28
streetinsider.com	368521	2024-12-02
streetsblog.org	9495	2026-08-30
stripes.com	97895	2026-08-30
stroudnewsandjournal.co.uk	118775	2026-08-30
stthomastimesjournal.com	41215	2026-08-30
stthomastoday.ca	9241	2026-08-29
stuff.co.nz	290589	2024-01-16
stuff.tv	8189	2026-08-30
stupiddope.com	18434	2025-10-20
sturgisjournal.com	6692	2023-09-11
stuttgartdailyleader.com	12742	2026-08-29
stwnewspress.com	10525	2026-08-29
stylecaster.com	15468	2026-08-30
suasnews.com	5839	2026-08-29
sudantribune.com	6768	2025-02-16
suffolknews.co.uk	11932	2026-08-30
summitdaily.com	21864	2026-08-30
sun-sentinel.com	111007	2026-08-30
suncommercial.com	55148	2026-08-30
sundaymail.co.zw	13635	2025-01-23
sundaynews.co.zw	14210	2025-01-22
sundaystandard.info	7250	2026-08-30
sundaytimes.lk	11103	2026-08-30
sundayworld.co.za	10802	2026-07-15
sundayworld.com	50448	2025-11-24
sunderlandecho.com	19890	2025-01-23
sungazette.com	20352	2026-08-29
sunjournal.com	109452	2026-08-30
sunlive.co.nz	44200	2026-08-30
sunnewsonline.com	41578	2024-06-26
sunny1031.com	7094	2026-08-30
sunny1063.com	13719	2026-02-19
sunny923.com	13145	2026-08-26
sunny943.com	11569	2026-08-30
sunnysidesun.com	5601	2023-04-13
sunshinecoastdaily.com.au	63851	2021-06-23
sunshinestatenews.com	9785	2023-07-22
sunstar.com.ph	95961	2026-08-30
suntimes.com	118067	2026-08-30
superbike-news.co.uk	10616	2026-08-30
superherohype.com	18955	2026-08-29
superhits106.com	8061	2026-08-30
superiortelegram.com	19436	2026-08-30
supermarketnews.com	9810	2026-08-28
supertalk.fm	12994	2026-08-30
supertalk1270.com	7878	2026-08-28
supertalk1570.com	16594	2026-07-09
surfky.com	6423	2026-05-29
surinametimes.com	11313	2026-08-30
surinenglish.com	21442	2026-08-30
surreycomet.co.uk	154006	2026-08-30
sussexexpress.co.uk	45134	2025-01-23
sverigesradio.se	7180	2026-04-15
swag1049.com	11863	2026-08-18
swapacd.com	41096	2025-09-25
swarajyamag.com	36344	2026-07-24
sweetwaternow.com	19678	2026-08-30
swfinstitute.org	15178	2024-06-11
swiftcurrentonline.com	22697	2026-08-30
swimmingworldmagazine.com	6148	2026-02-23
swimswam.com	31412	2026-08-30
swindonadvertiser.co.uk	156153	2026-08-30
swiowanewssource.com	10682	2026-08-29
swishappeal.com	5037	2026-08-30
swissinfo.ch	102377	2026-08-30
swnewsmedia.com	10991	2025-08-05
swoknews.com	68630	2026-08-30
swtimes.com	7227	2023-09-11
swvatoday.com	19071	2026-08-15
swxrightnow.com	5318	2020-12-17
sydneysun.com	69692	2026-08-30
syfy.com	22072	2026-08-29
syracuse.com	73906	2026-02-19
t-g.com	6406	2026-08-30
t3.com	29309	2026-08-30
t95.com	5077	2026-08-27
taftmidwaydriller.com	5932	2026-08-30
tag911.ae	9064	2026-08-30
tahlequahdailypress.com	34855	2026-08-30
tahoedailytribune.com	14372	2026-08-30
taipeitimes.com	109165	2026-08-30
taiwannews.com.tw	47002	2025-11-28
taiwansun.com	39510	2026-08-30
taku105.com	6608	2024-02-15
talk1073.com	5836	2026-08-28
talkandroid.com	8023	2026-07-30
talkers.com	7607	2026-08-28
talkingpointsmemo.com	25710	2026-08-30
talkingretail.com	13298	2026-08-28
talkradio1170.com	24565	2021-09-07
talkradio960.com	21513	2026-08-30
talkvietnam.com	179795	2023-11-26
tallahassee.com	13322	2023-09-11
tamilguardian.com	5583	2026-08-30
tampabay.com	40369	2026-03-26
tanzanianewsreports.com	17566	2026-08-25
taosnews.com	12524	2026-08-29
tapeop.com	9974	2026-08-25
tapinto.net	6703	2023-08-03
targatocn.it	6757	2026-08-30
targetednews.com	174414	2026-08-29
tasnimnews.com	10617	2025-10-07
tass.com	97872	2026-04-09
tasteofcountry.com	22530	2026-08-30
tasteofhome.com	11385	2026-08-30
tatler.com	7895	2026-08-30
tatlerasia.com	6896	2025-10-27
tauntongazette.com	6714	2023-09-11
taylorvilledailynews.com	22644	2026-08-30
tbnewswatch.com	27463	2025-09-05
tbnweekly.com	13489	2026-05-04
tbsnews.net	21092	2026-03-19
tcpalm.com	12606	2023-09-11
tctimes.com	7733	2026-08-30
tctmd.com	5075	2026-05-19
td.org	5155	2026-03-11
tdh.gov.tm	5248	2026-08-30
tdn.com	62783	2026-08-30
tdtnews.com	31182	2026-08-30
team-bhp.com	42769	2026-06-08
teammyrtlebeach.com	20251	2023-08-29
teamtalk.com	75364	2026-08-30
teamusa.org	6354	2023-08-16
techcabal.com	16143	2026-08-29
techcentral.co.za	8322	2026-05-14
techcentral.ie	5793	2026-08-28
techcrunch.com	68040	2026-08-30
techdirt.com	41896	2026-08-30
techmoran.com	8852	2026-08-28
technewstoday.com	6238	2024-04-04
technical.ly	7622	2026-08-30
technuter.com	6634	2026-06-04
techradar.com	111460	2026-08-30
techreport.com	6990	2026-03-27
techrepublic.com	7417	2026-08-28
techshout.com	5599	2025-09-07
techspot.com	26887	2026-08-30
techstory.in	47726	2026-08-27
techtimes.com	51500	2026-08-30
techxplore.com	35782	2026-01-29
tehachapinews.com	9923	2026-08-28
tehelka.com	7045	2025-09-08
telecomasia.net	7976	2026-01-12
telecompaper.com	61453	2026-08-30
telecomtv.com	6070	2026-08-28
telegrafi.com	6160	2026-08-28
telegram.com	19979	2023-09-11
telegraph.co.uk	238741	2024-11-25
telegraphherald.com	93479	2026-08-30
telegraphindia.com	208030	2024-07-30
teletrader.com	7453	2024-03-13
televisual.com	6576	2026-08-28
tellerreport.com	12622	2024-04-09
telluridenews.com	5034	2026-08-28
tellychakkar.com	94830	2025-02-28
tempo.com.ph	19338	2025-05-27
tennessean.com	23387	2023-09-11
tennesseedaily.com	139763	2026-08-30
tenterfieldstar.com.au	46801	2026-08-30
terracestandard.com	28508	2026-08-30
terradaily.com	25049	2026-08-28
tert.am	5822	2024-11-27
tewkesburyadmag.co.uk	18216	2021-03-11
texarkanagazette.com	33469	2026-08-30
texasguardian.com	215340	2026-08-30
texasmonthly.com	9598	2026-06-22
texastribune.org	9014	2026-08-29
textileworld.com	10568	2026-08-30
thailand-business-news.com	28688	2026-08-30
thailandnews.net	35110	2026-08-30
thatballsouttahere.com	5027	2026-08-30
thatsmags.com	5879	2025-02-07
the-daily-record.com	10173	2023-09-11
the-dispatch.com	13051	2026-08-28
the-independent.com	27752	2026-08-30
the-journal.com	14093	2026-03-19
the-leader.com	6615	2023-09-11
the-messenger.com	97289	2026-08-30
the-review.com	9253	2023-09-11
the-star.co.ke	76798	2026-08-30
the-sun.com	27469	2026-08-30
the42.ie	76450	2026-08-30
the72.co.uk	10840	2026-08-30
theadanews.com	12327	2026-08-30
theadvertiser.com	7982	2023-09-11
theadviser.com.au	7338	2026-08-28
theadvocate.com	64969	2026-08-30
theadvocate.com.au	62268	2026-08-30
theadvocatengr.com	10123	2021-09-14
theafricareport.com	9656	2026-08-21
theage.com.au	249958	2026-08-30
thealpenanews.com	24669	2026-08-29
theamericanconservative.com	8589	2026-08-30
theanswertampa.com	5052	2024-09-25
thearabtribune.com	9293	2026-08-29
theargus.co.uk	171130	2026-08-30
theartnewspaper.com	13986	2026-08-28
theartsdesk.com	13087	2026-08-30
theasian.asia	6108	2026-08-30
theatermania.com	5991	2026-08-28
theathletic.com	40386	2024-05-13
theatlantic.com	32160	2026-08-30
theaustralian.com.au	85916	2024-07-31
theautochannel.com	11192	2026-08-30
thebangladeshtoday.com	6377	2026-08-30
thebatavian.com	22367	2026-08-30
thebeacon.net	5131	2026-08-26
thebeat925.ca	10388	2026-08-28
thebeatdfw.com	11564	2026-08-30
thebeatofthecapital.com	17426	2026-08-30
thebeijinger.com	16130	2026-08-30
thebftonline.com	31810	2026-08-30
thebigdm.com	7572	2026-08-28
thebiglead.com	27080	2026-08-30
thebigstation93blx.com	9693	2026-08-30
theblacksheartimes.com	7273	2026-08-28
theblaze.com	29609	2026-08-30
theboar.org	6060	2026-08-30
theboltonnews.co.uk	159379	2026-08-30
theboneonline.com	14963	2026-08-29
theboot.com	19515	2026-08-30
theborneopost.com	50107	2026-08-30
thebostonpilot.com	21157	2026-08-28
theboxhouston.com	6528	2026-08-30
thebreakingtimes.com	6436	2026-02-05
thebrunswicknews.com	36953	2026-08-30
thebullamarillo.com	9965	2024-04-29
thebulletin.be	8715	2026-05-14
thebulltulsa.com	42888	2025-10-10
thebusinessdesk.com	30715	2026-08-29
thebusinessjournal.com	9579	2026-08-28
thecabin.net	19805	2026-08-28
thecable.ng	102206	2026-08-07
thecaribbeancamera.com	6664	2026-08-28
thecattlesite.com	9152	2026-08-28
thecentersquare.com	47172	2026-06-26
thechiefleader.com	5669	2026-08-28
thechronicle-online.com	36551	2026-06-29
thechronicle.com.au	59588	2024-07-26
thechronicle.com.gh	27121	2026-08-30
thechronicleherald.ca	29241	2020-11-12
thechronicleonline.com	6398	2024-10-01
thecitizen.co.tz	20905	2026-08-30
thecitizen.com	10796	2026-08-29
thecitizen.in	6709	2026-08-28
thecoast.net.nz	8056	2026-08-27
thecollegefix.com	6912	2026-08-30
thecomet.net	40899	2026-08-30
thecommonsenseshow.com	5386	2022-03-12
thecommunityvoice.com	5652	2026-08-28
theconservativetreehouse.com	47795	2026-08-30
theconstructionindex.co.uk	28131	2026-08-30
theconversation.com	101890	2026-08-30
thecork.ie	5217	2026-08-30
thecorner.eu	6032	2026-08-28
thecourier.co.uk	126383	2025-05-27
thecourier.com	6262	2024-02-01
thecourier.com.au	64783	2026-08-30
thecourierexpress.com	34014	2026-08-29
thecragandcanyon.ca	9310	2026-08-30
thecranberryeagle.com	6309	2026-01-17
thecrimson.com	17914	2026-08-29
thedailybeast.com	72052	2026-08-30
thedailyblog.co.nz	22463	2026-08-30
thedailycitizen.com	13014	2024-08-22
thedailyjournal.com	8370	2023-09-11
thedailymash.co.uk	12074	2026-08-29
thedailymeal.com	23993	2026-08-30
thedailynewnation.com	27080	2024-07-26
thedailynewsonline.com	33602	2026-08-30
thedailyrecord.com	30684	2026-06-04
thedailyreporter.com	5901	2023-09-08
thedailyreview.com	39829	2026-08-29
thedailystar.com	35774	2026-08-30
thedailystar.net	216402	2026-08-30
thedailytimes.com	48391	2026-08-30
thedailyworld.com	8289	2026-08-29
theday.com	76094	2024-12-10
thedenverchannel.com	21269	2022-09-07
thedestinlog.com	5975	2023-09-11
thedickinsonpress.com	36344	2026-08-30
thedigitalcourier.com	35047	2026-08-29
thediplomat.com	22854	2026-08-20
thediplomat.ro	11144	2026-08-28
thedp.com	9820	2026-08-28
thedrinksbusiness.com	15061	2026-08-28
thedrum.com	26119	2026-07-15
theduke.fm	7549	2025-08-29
theeagle.com	35910	2026-08-29
theeagle1069.com	11503	2026-08-10
theeagleonline.com.ng	59528	2026-08-30
theeastafrican.co.ke	17594	2026-08-15
theedgemarkets.com	47793	2023-05-12
theedinburghreporter.co.uk	7670	2026-08-30
theengineer.co.uk	9656	2026-06-05
theenterpriseleader.com	376144	2025-04-18
theepochtimes.com	314025	2026-08-30
thefacts.com	21585	2026-08-30
thefader.com	8013	2026-08-27
thefamuanonline.com	5063	2026-06-02
thefan1075.com	75932	2026-08-30
thefanfm.com	20321	2021-03-19
thefastmode.com	16114	2026-08-28
thefederalist.com	30071	2026-08-28
thefencepost.com	10196	2026-08-28
thefirstnews.com	5660	2024-01-28
thefranklinnewspost.com	6659	2026-07-30
thefreepress.ca	29026	2026-08-30
thefreshloaf.com	13655	2026-08-30
thefrisky.com	8666	2026-06-03
thefrontierpost.com	89911	2026-08-30
thefutoncritic.com	38640	2026-08-30
thegame730am.com	18800	2025-12-01
thegamenashville.com	50268	2026-08-30
thegardenisland.com	17567	2026-08-30
thegazette.com	53164	2026-08-30
theglobeandmail.com	195254	2026-08-30
thegrio.com	40972	2026-08-30
thegrocer.co.uk	30005	2025-09-05
theguardian.com	482455	2026-08-30
theguardian.pe.ca	27018	2020-11-12
thehardtackle.com	49922	2026-08-30
thehawkeye.com	9259	2022-12-02
thehayride.com	5696	2026-08-28
thehealthsite.com	34374	2026-02-16
thehendersonnews.com	10575	2024-05-30
theherald-news.com	9633	2026-01-29
theherald.co.za	7102	2026-08-30
theheraldghana.com	11702	2026-08-30
thehill.com	140700	2026-01-07
thehimalayantimes.com	33165	2026-03-30
thehindu.com	974958	2026-08-30
thehindubusinessline.com	273328	2026-08-30
thehitavada.com	30059	2026-08-29
thehits.co.nz	8404	2026-08-27
thehollywoodgossip.com	16791	2026-08-30
thehorse.com	5111	2026-04-13
thehot1039.com	7063	2026-08-30
thehour.com	150380	2026-06-22
theiet.org	13465	2026-08-28
theifp.ca	7233	2026-08-30
theindependent.co.zw	13749	2026-06-25
theindependent.com	69639	2026-08-30
theindependent.sg	6847	2026-03-17
theindianawaaz.com	31381	2026-08-30
theindychannel.com	8382	2020-08-11
theinertia.com	10371	2026-08-29
theintell.com	5596	2023-01-24
theintelligencer.com	80557	2026-06-22
theintelligencer.net	25215	2026-08-30
theintermountain.com	18055	2026-08-29
theirishfield.ie	12113	2026-08-30
theislamicmonthly.com	5879	2026-08-24
theislandnow.com	5886	2025-10-02
theisonews.com	30453	2020-10-30
theitem.com	25408	2026-08-30
thejakartapost.com	69302	2026-08-30
thejc.com	11275	2026-08-30
thejerseytomatopress.com	8608	2025-07-12
thejetpress.com	5335	2026-08-30
thejournal.ie	119521	2026-08-30
thejoyfm.com	8203	2026-01-05
thejudge13.com	5614	2026-08-30
thekansan.com	9303	2026-08-28
thelancasterandmorecambecitizen.co.uk	31708	2023-02-07
thelancet.com	7560	2024-04-30
theland.com.au	44974	2026-08-30
thelandryhat.com	5803	2026-08-30
theleader.com.au	87154	2026-08-30
theleader.info	16620	2026-08-30
theleafchronicle.com	6764	2023-09-11
theledger.com	15716	2023-09-11
thelincolnite.co.uk	16781	2025-10-23
thelinkpaper.ca	5140	2026-08-26
thelocal.at	7047	2026-08-30
thelocal.ch	7654	2026-08-30
thelocal.de	12761	2026-08-30
thelocal.dk	7936	2026-08-30
thelocal.es	9577	2026-08-30
thelocal.fr	16365	2026-08-30
thelocal.it	8242	2026-08-30
thelocal.no	7332	2026-08-30
thelocal.se	11142	2026-08-30
thelondoner.ca	36738	2025-12-17
themag.co.uk	13917	2026-08-30
themainewire.com	9454	2026-08-30
themalaysianinsight.com	24614	2024-09-16
themaneland.com	5956	2026-08-30
themarketsdaily.com	569246	2026-08-30
themarysue.com	33317	2026-08-30
themedialine.org	22749	2026-08-30
themediaonline.co.za	6022	2026-08-28
themercury.com.au	36877	2024-07-29
themiamihurricane.com	5443	2026-08-29
themiddlemarket.com	23964	2026-08-19
themilitant.com	5405	2026-08-26
themobileindian.com	12688	2026-08-28
themonitor.com	5325	2021-01-11
themorningbulletin.com.au	63217	2021-06-23
themorningsun.com	33603	2026-08-30
themoscowtimes.com	22382	2026-08-30
themountainmail.com	22642	2026-08-30
themountainpress.com	25985	2026-08-29
themunicheye.com	8050	2026-08-20
themusic.com.au	9878	2026-08-12
thenassauguardian.com	24583	2026-08-28
thenation.com	19449	2026-08-30
thenational.ae	31171	2020-10-14
thenational.com.pg	19377	2026-08-28
thenational.scot	109241	2026-08-30
thenationalherald.com	7932	2026-05-07
thenationalnews.com	60541	2026-08-30
thenationonlineng.net	197594	2026-08-30
thenelsondaily.com	6189	2024-09-27
thenewamerican.com	8617	2026-08-30
thenewdaily.com.au	23374	2025-01-23
thenewdawnliberia.com	23965	2026-08-28
thenewpulsefm.com	6638	2026-08-30
thenews-chronicle.com	36773	2025-01-29
thenews-messenger.com	7786	2023-09-11
thenews.com.pk	488469	2026-08-30
thenewsguard.com	9302	2026-08-30
thenewsherald.com	23943	2026-08-30
thenewsminute.com	31785	2026-08-30
thenewsnigeria.com.ng	11410	2026-08-30
thenewsstar.com	6563	2023-09-11
thenewswheel.com	6752	2026-07-07
thenextweb.com	11180	2026-08-30
thenigerianvoice.com	9550	2026-03-11
thenortheasttoday.com	6563	2025-10-20
thenorthernecho.co.uk	222470	2026-08-30
thenorthlines.com	46456	2026-08-30
thenorthwestern.com	9314	2023-09-11
theoaklandpress.com	43380	2026-08-30
theobserver.ca	47583	2026-08-30
theolivepress.es	31293	2026-07-30
theonion.com	9731	2026-08-29
theonlinecitizen.com	8082	2025-02-13
theparisnews.com	31301	2026-08-30
thepeakfm.com	8285	2026-08-28
thepeninsulaqatar.com	165093	2026-08-30
thepeoplesperson.com	35621	2026-08-30
thepeterboroughexaminer.com	59719	2026-08-30
thephinsider.com	10626	2026-08-30
thephuketnews.com	19442	2025-03-05
thepienews.com	5223	2026-08-28
thepigsite.com	7995	2026-08-28
thepilot.com	7364	2026-08-30
thepinetree.net	5596	2026-08-30
thepinknews.com	20770	2026-08-28
thepiratescove.us	9007	2025-09-07
theplainsman.com	6597	2026-08-11
thepoint.gm	14515	2026-08-28
thepointsguy.com	19529	2026-08-30
theportugalnews.com	49129	2026-08-30
thepost.on.ca	23589	2026-08-28
thepostathens.com	11462	2026-08-28
thepoultrysite.com	8182	2026-08-28
theprint.in	20423	2026-08-04
theproducenews.com	11398	2026-01-03
theprogress.com	32084	2026-08-30
theprogressnews.com	15949	2026-08-30
theprovince.com	27581	2026-08-30
theprowersjournal.com	5667	2026-08-29
thepublicopinion.com	26347	2023-09-11
thequietus.com	9977	2026-08-29
thequint.com	6366	2026-03-16
therakyatpost.com	18748	2026-08-30
theranch.fm	9203	2026-08-29
therealdeal.com	50829	2026-07-24
therebelrocks.com	19458	2022-08-22
therecord.com	33781	2026-08-30
theredstonerocket.com	5120	2026-08-26
thereflector.com	10088	2026-08-26
theregister.com	36871	2026-08-30
thereporter.com	11270	2026-08-29
thereporteronline.com	43675	2026-08-30
therepublic.com	102406	2026-04-01
theridgefieldpress.com	54487	2025-06-14
therightscoop.com	14142	2026-08-30
theroar.com.au	38132	2026-08-30
therockofrochester.com	36371	2026-08-30
therolladailynews.com	8983	2026-08-24
theroot.com	18472	2026-08-30
therural.com.au	42600	2026-08-30
thesalemnewsonline.com	28325	2026-08-03
thescarboroughnews.co.uk	18854	2025-01-23
thescore.com	5139	2026-03-18
thescore1260.com	44398	2026-08-30
thescottishfarmer.co.uk	25249	2026-08-30
thescottishsun.co.uk	6966	2026-02-23
thesheridanpress.com	6737	2026-08-29
theshillongtimes.com	49490	2026-08-30
thesierraleonetelegraph.com	8652	2026-08-21
thesixthaxis.com	9562	2026-08-30
theskanner.com	6754	2026-05-10
theskinny.co.uk	6701	2026-08-29
thesource.com	37649	2026-08-30
thesouthafrican.com	133349	2026-08-30
thesouthern.com	56266	2026-08-30
thesouthernreporter.co.uk	9553	2025-01-23
thespec.com	34126	2026-08-30
thespectrum.com	5397	2023-09-09
thespiritsbusiness.com	12880	2026-08-28
thespread.com	20558	2026-05-11
thespun.com	17568	2023-10-13
thestandard.co.zw	20540	2026-08-30
thestandard.com.hk	105808	2026-03-02
thestandard.org.nz	7041	2025-10-04
thestar.co.uk	20920	2025-01-23
thestar.com	98011	2026-08-28
thestar.com.my	493382	2026-08-30
thestarphoenix.com	38166	2026-08-30
thestarpress.com	7271	2023-09-11
thestatesman.com	68849	2026-06-10
thestkittsnevisobserver.com	5100	2026-03-17
thestrad.com	8272	2025-09-05
thestranger.com	12978	2026-08-29
thestreet.com	43387	2026-08-04
thestreetjournal.org	48434	2026-01-16
thesubtimes.com	14335	2025-10-04
thesuburban.com	18090	2026-08-30
thesudburystar.com	61146	2026-08-30
thesun.co.uk	70395	2026-08-13
thesun.ie	20857	2026-03-18
thesun.my	39404	2026-02-08
thesun.ng	37398	2026-08-30
thesunchronicle.com	84471	2026-08-30
thesundaily.my	99874	2023-11-06
thesylvaherald.com	5931	2026-08-26
thetab.com	32140	2026-08-30
thetablet.co.uk	5932	2026-08-29
thetablet.org	9127	2026-08-28
thetandd.com	58887	2026-08-29
thetelegram.com	22428	2020-11-11
thetelegraph.com	163596	2026-06-22
thetelegraphandargus.co.uk	178478	2026-08-30
thethaiger.com	14483	2026-03-19
thetidenewsonline.com	34563	2026-08-30
thetimes-tribune.com	70162	2026-08-30
thetimes.co.uk	214037	2024-06-05
thetimes.com	85506	2026-08-30
thetimesherald.com	5081	2023-09-11
thetimesnews.com	12416	2026-08-30
thetimestribune.com	24889	2026-08-30
thetottenhamindependent.co.uk	95976	2026-08-30
thetowntalk.com	5540	2023-09-11
thetrucker.com	14116	2026-08-30
thetruthaboutcars.com	16247	2026-08-28
theturtleislandnews.com	18719	2026-08-28
thetyee.ca	9097	2026-08-29
theuknews.com	38287	2026-08-30
theunion.com	19815	2026-08-29
theurbandaily.com	9345	2026-08-27
theusnews.com	141136	2026-08-30
theverge.com	66448	2026-08-30
thevermilion.com	5874	2026-08-30
thevisitor.co.uk	5324	2021-12-13
thevoicebw.com	6374	2024-08-09
thevoiceslu.com	15254	2026-08-30
thevwindependent.com	8500	2026-08-29
thewave.ca	10659	2025-12-07
theweek.co.uk	12509	2023-09-12
theweek.com	54043	2026-08-30
theweek.in	89857	2026-08-25
theweektoday.com	18233	2024-09-18
thewest.com.au	9196	2026-08-28
thewesterlysun.com	24606	2026-08-29
thewestmorlandgazette.co.uk	196582	2026-08-30
thewestonforum.com	6800	2025-10-31
thewestonmercury.co.uk	57657	2026-08-30
thewhig.com	50412	2026-08-30
thewhiskeywash.com	14770	2026-08-30
thewire.in	44530	2024-03-27
thewolf.ca	8110	2026-08-27
theworld.org	9079	2026-06-26
theworldlink.com	21960	2026-08-30
thewrap.com	79932	2026-08-30
thexboxhub.com	10000	2026-08-30
thexradio.com	11016	2026-08-30
theyeshivaworld.com	34367	2026-08-30
theyucatantimes.com	9446	2025-06-10
thezimbabwean.co	6880	2026-08-30
thezimbabwedaily.com	16271	2026-02-04
thezimbabwemail.com	31972	2026-08-29
thirdsector.co.uk	8964	2026-07-03
thisdaylive.com	167624	2026-08-30
thisisanfield.com	21552	2026-01-24
thisislancashire.co.uk	54733	2023-02-07
thisislocallondon.co.uk	155513	2025-12-03
thisismoney.co.uk	52701	2025-11-06
thisisoxfordshire.co.uk	171935	2026-08-30
thisisthewestcountry.co.uk	18359	2023-02-07
thisiswiltshire.co.uk	137645	2026-08-30
thomasnet.com	15573	2024-02-05
thompsoncitizen.net	86287	2025-01-20
thunder987.com	5645	2021-03-31
thurrockgazette.co.uk	93752	2026-08-30
thurstontalk.com	6185	2026-08-30
thv11.com	51235	2026-06-05
thyblackman.com	10185	2026-08-30
tibet.net	9783	2026-08-29
tickerreport.com	446649	2026-08-30
ticotimes.net	6449	2026-01-09
tide1009.com	6739	2026-03-09
tiftongazette.com	10369	2026-08-30
tigerdroppings.com	5399	2022-01-13
tigernet.com	9295	2025-11-20
tigersroar.com	9915	2026-08-29
tillamookheadlightherald.com	14354	2026-08-29
timberjay.com	6822	2026-08-27
time.com	26426	2026-08-30
timeout.com	19454	2026-08-30
timeoutdubai.com	8263	2023-01-03
times-gazette.com	8414	2023-09-11
times-herald.com	6707	2026-08-28
times-journal.com	6284	2026-08-29
times-news.com	38353	2026-08-30
times-series.co.uk	101998	2026-08-30
times-standard.com	15610	2026-08-30
times.co.sz	9098	2026-03-15
timesandstar.co.uk	153607	2026-08-30
timesargus.com	34203	2026-08-29
timesbulletin.com	6963	2026-08-06
timesca.com	14455	2026-08-30
timescall.com	39956	2026-08-30
timescitizen.com	6043	2026-08-29
timescolonist.com	119190	2025-01-21
timesdaily.com	45986	2026-08-30
timesenterprise.com	9054	2026-08-28
timesfreepress.com	36461	2026-08-30
timesgazette.com	8366	2025-09-17
timesherald.com	45000	2026-08-30
timesheraldonline.com	10479	2026-08-30
timeshighereducation.com	11393	2026-08-30
timesleader.com	21544	2026-08-30
timesleader.net	6289	2026-08-27
timesleaderonline.com	18594	2026-08-29
timeslive.co.za	137670	2026-08-30
timesnews.net	36240	2025-11-11
timesnewspapers.com	5017	2026-08-28
timesnownews.com	143696	2026-04-29
timesofearth.com	6430	2026-08-30
timesofisrael.com	138709	2023-11-04
timesofmalta.com	121997	2026-04-15
timesofoman.com	53049	2026-08-30
timesofsandiego.com	24360	2026-08-30
timesonline.com	9679	2023-09-11
timesrecordnews.com	9821	2023-09-11
timesreporter.com	10999	2023-09-11
timesrepublican.com	22292	2026-08-29
timesreview.com	23630	2026-06-04
timestelegram.com	7281	2023-09-11
timesunion.com	119604	2025-11-14
timeswv.com	18852	2026-08-29
timminspress.com	58163	2026-08-30
timminstimes.com	44691	2026-01-26
tipperarylive.ie	30669	2026-05-14
tippfm.com	18541	2026-07-17
tippmidwestradio.com	13286	2026-08-30
tirebusiness.com	6666	2026-06-09
titansradio.com	16461	2026-08-30
titusvilleherald.com	22168	2022-12-01
tivysideadvertiser.co.uk	125897	2026-08-30
tmcnet.com	437717	2025-01-23
tmj4.com	6376	2026-03-19
tmz.com	53865	2026-08-30
tnledger.com	49728	2026-08-28
tnonline.com	38002	2026-08-30
tnp.sg	13213	2025-10-30
today.az	57389	2026-07-15
today.com	69690	2026-08-30
today.ng	48383	2024-06-20
today.rtl.lu	6406	2026-05-21
todayfm.com	16686	2026-08-29
todayheadline.co	7585	2025-01-27
toffeeweb.com	8631	2026-08-30
tokyoreporter.com	5070	2026-08-30
tolonews.com	32868	2024-06-06
tomsguide.com	53152	2026-08-30
tomshardware.com	19462	2026-08-30
tonyskansascity.com	46192	2026-08-30
topspeed.com	25474	2026-08-30
topwirenews.com	19569	2026-08-21
tor.com	21154	2024-01-23
toronto.citynews.ca	78465	2026-08-30
toronto.com	16232	2026-08-30
toronto.ctvnews.ca	37722	2025-01-23
torontosun.com	95971	2026-08-30
torontotelegraph.com	105055	2026-08-30
torquenews.com	29722	2026-08-30
totaltele.com	9693	2026-08-27
toucharcade.com	6249	2025-04-19
towleroad.com	15902	2024-04-28
townandcountrymag.com	18920	2026-08-30
townhall.com	94285	2026-08-30
townsvillebulletin.com.au	90872	2026-08-30
toynews-online.biz	5651	2026-08-27
tpr.org	35009	2026-08-30
tradearabia.com	117254	2026-08-30
tradeonlytoday.com	5793	2026-08-29
tradersmagazine.com	8239	2026-08-28
tradewindsnews.com	8151	2026-03-18
trains.com	13628	2026-07-15
trak.in	9330	2026-08-30
transylvaniatimes.com	9836	2026-08-29
travelandleisure.com	22155	2026-03-17
travelbizmonitor.com	8841	2026-08-27
traveldailymedia.com	27645	2026-06-05
traveldailynews.asia	10250	2026-04-19
traveldailynews.com	24067	2026-01-24
travelextra.ie	11660	2026-08-30
traveller.com.au	6007	2023-04-11
travelmarketreport.com	12015	2026-08-28
travelmole.com	9334	2026-05-01
travelweekly.com	19561	2026-02-06
travelweekly.com.au	17967	2026-08-28
trbusiness.com	9069	2026-08-29
trend.az	32161	2026-08-30
trentonian.ca	44449	2026-06-22
trentonian.com	30619	2026-08-30
trib.com	63095	2026-08-29
tribdem.com	59424	2026-08-30
tribecacitizen.com	5589	2026-08-30
triblive.com	99379	2026-05-04
tribstar.com	51378	2026-08-30
tribtoday.com	29244	2026-08-29
tribtown.com	97408	2025-04-15
tribune.com.pk	262444	2026-08-30
tribune.net.ph	67075	2026-08-30
tribune242.com	45463	2026-08-28
tribuneindia.com	288002	2026-08-30
tribuneledgernews.com	34525	2026-08-29
tribuneonlineng.com	163169	2026-08-30
tribunnews.com	10090	2026-08-30
tribute.ca	8148	2025-01-21
tricitynews.com	79527	2025-08-01
trinidadexpress.com	52163	2026-08-30
trinidadtimes.com	53371	2026-08-30
triplicate.com	5737	2026-08-22
troyrecord.com	38461	2026-08-30
trtworld.com	11841	2026-03-19
truebluela.com	10915	2026-08-30
truenorthreports.com	6071	2023-06-30
trumbulltimes.com	49197	2025-06-14
trussvilletribune.com	12364	2026-08-29
trust.org	37925	2026-04-28
trustedreviews.com	22542	2026-08-30
truthout.org	19152	2026-08-30
tsln.com	8185	2026-08-29
tsn.ca	166077	2026-08-30
tspr.org	24523	2026-08-30
ttgasia.com	13154	2026-08-28
ttnworldwide.com	7319	2026-08-30
ttrweekly.com	10788	2026-08-27
tucson.com	195049	2026-08-30
tucsonpost.com	40194	2026-08-30
tucsonsentinel.com	21556	2025-07-21
tucsonweekly.com	8384	2026-08-30
tudno.co.uk	20766	2023-04-26
tuko.co.ke	17879	2026-03-19
tulsaworld.com	111064	2026-08-30
tuoitrenews.vn	28862	2025-04-16
turkishpress.com	8519	2024-03-13
turlockjournal.com	5314	2026-08-29
turnto10.com	50747	2026-08-30
turnto23.com	49926	2026-08-30
tuscaloosanews.com	10891	2023-09-11
tv6tnt.com	23413	2026-08-30
tvfanatic.com	6905	2025-05-15
tvgrapevine.com	16783	2026-08-29
tvguide.co.uk	1956643	2026-08-28
tvguide.com	9797	2026-08-30
tvline.com	20786	2026-08-30
tvnewscheck.com	26187	2026-08-28
tvnz.co.nz	5645	2021-10-05
tvone.tv	5493	2026-08-28
tvovermind.com	19911	2026-08-30
tvseriesfinale.com	6145	2026-08-30
tvtechnology.com	11595	2026-08-28
tvtonight.com.au	28935	2026-08-30
tweaktown.com	28503	2025-03-01
tweeddailynews.com.au	45440	2021-04-28
twincities.com	38802	2026-08-30
twinsdaily.com	15653	2026-08-30
twitchy.com	63053	2026-08-30
twtd.co.uk	110898	2026-08-30
tylerpaper.com	28614	2026-08-30
typepad.com	10528	2024-12-01
tyrepress.com	6773	2026-08-28
ualrpublicradio.org	49437	2026-08-30
uark.edu	7260	2026-08-28
ubergizmo.com	7958	2026-08-30
ucanews.com	24644	2025-01-23
ucla.edu	6770	2026-08-29
udaipurkiran.com	79485	2026-08-30
udayavani.com	18332	2026-08-11
udn.com	7775	2026-08-30
uefa.com	8140	2024-07-24
uexpress.com	18136	2026-01-13
ufc.com	7165	2026-08-30
uk.com	8301	2026-08-30
ukiahdailyjournal.com	10668	2026-08-30
ukrainianjournal.com	15275	2026-01-27
ukrinform.net	22093	2026-03-19
uky.edu	8849	2026-08-28
ulladullatimes.com.au	62795	2026-08-30
uloop.com	11054	2026-08-30
ultimateclassicrock.com	16359	2026-08-30
ummid.com	19262	2026-08-30
umn.edu	14116	2026-08-29
un.org	6558	2026-08-27
uncrate.com	10114	2026-08-29
undercurrentnews.com	33011	2026-08-28
undertheradar.co.nz	25154	2026-08-30
undertheradarmag.com	18765	2026-07-24
undp.org	27776	2026-08-30
unesco.org	5061	2026-08-09
unian.info	12516	2026-02-09
uniindia.com	31007	2026-03-17
union-bulletin.com	45339	2026-08-30
uniondemocrat.com	13366	2026-08-29
unionleader.com	99010	2026-08-30
unionrecorder.com	12232	2026-08-28
unitaid.eu	25148	2026-08-02
unitedwithisrael.org	13845	2026-07-22
universetoday.com	5214	2026-08-30
universityworldnews.com	14208	2026-08-29
unm.edu	5485	2026-08-30
unmultimedia.org	7763	2023-10-16
uow.edu.au	17760	2024-11-07
updatesnews.com	25511	2022-10-01
upenn.edu	7178	2026-08-28
upi.com	101886	2026-08-30
upnorthlive.com	38559	2026-08-30
uppermichiganssource.com	33640	2026-08-30
upr.org	52260	2026-08-30
uproxx.com	21007	2026-08-28
upstract.com	65174	2021-06-14
upstreamonline.com	24882	2026-08-30
urbanacitizen.com	5866	2025-09-17
urbanmilwaukee.com	33930	2026-08-30
urdupoint.com	44060	2025-01-27
us103.com	26107	2026-05-31
us105fm.com	37436	2026-08-30
usanetwork.com	7362	2025-08-13
usatoday.com	217936	2025-04-26
usembassy.gov	7981	2026-08-27
usf.edu	64607	2026-02-26
usmagazine.com	66491	2026-08-30
usnews.com	60090	2024-07-31
usni.org	7584	2026-06-01
utahindependent.com	22848	2026-08-30
uticaod.com	14125	2023-09-11
utilitydive.com	9810	2026-08-30
utv44.com	6201	2026-08-29
v100fm.com	6376	2026-08-30
v100rocks.com	14164	2026-08-29
v1019.com	19803	2026-08-30
vaalweekblad.com	14927	2023-11-09
vaildaily.com	28926	2026-08-30
valdostadailytimes.com	75946	2026-08-29
valleybreeze.com	13813	2026-08-29
valleymorningstar.com	6006	2021-01-11
valleynewslive.com	33214	2026-08-30
valuewalk.com	9489	2025-01-23
vancourier.com	30069	2021-01-13
vancouverisland.ctvnews.ca	24415	2026-06-19
vancouversun.com	58805	2026-08-30
vandaliaradio.com	11960	2026-08-28
vanguardngr.com	220548	2026-08-23
vanityfair.com	19003	2026-08-30
variety.com	96531	2026-08-30
varsity.co.uk	8827	2026-08-30
vavel.com	12287	2026-08-30
vccircle.com	11258	2026-08-29
vcstar.com	9705	2023-09-11
vcyamerica.org	5662	2023-07-13
vdare.com	10802	2024-07-25
vegnews.com	12964	2026-08-30
venezuelastar.com	21099	2026-08-30
venturebeat.com	5743	2025-08-30
venturesafrica.com	22144	2024-11-16
vermilionstandard.com	12801	2026-08-30
vermontbiz.com	25311	2026-08-30
vernonmorningstar.com	52533	2026-08-30
verticalmag.com	13952	2026-08-30
vervetimes.com	11695	2025-01-26
vestnikkavkaza.net	24786	2022-01-22
veteranstoday.com	14175	2025-02-13
vg247.com	9509	2026-08-27
vgchartz.com	40664	2026-08-29
vibe.com	12075	2026-08-27
vice.com	20523	2026-08-30
vicnews.com	38294	2026-08-30
victoriaadvocate.com	5572	2026-08-30
victorygirlsblog.com	6783	2026-08-30
videtteonline.com	7602	2026-08-27
vietnamnet.vn	30619	2026-06-03
vietnamnews.vn	64178	2026-08-30
vietnamtribune.com	61158	2026-08-30
viewngr.com	44838	2025-01-29
vikings.com	5742	2026-08-30
vikingsterritory.com	18631	2026-08-30
villagesoup.com	21386	2024-09-18
vindy.com	49615	2026-08-30
vir.com.vn	29517	2026-08-30
virginislandsdailynews.com	19820	2026-08-30
virginislandsnewsonline.com	37303	2026-08-30
virginradio.co.uk	8275	2026-08-12
visayandailystar.com	32164	2026-06-06
vision.org.au	8529	2026-07-31
visionmp.com	10399	2026-07-10
vladtv.com	46235	2026-08-30
vmagazine.com	7602	2026-06-03
vnews.com	20919	2026-08-30
vnexpress.net	16986	2026-03-19
voanews.com	134105	2025-03-20
voazimbabwe.com	12730	2026-03-20
vocm.com	39785	2026-08-30
vogue.co.uk	18860	2026-08-30
vogue.com	33751	2026-08-30
vogue.in	10761	2026-08-30
voice-online.co.uk	11028	2026-08-28
voicenews.com	19643	2025-11-04
voiceofalexandria.com	81347	2026-08-30
voiceofvienna.org	15688	2026-08-29
voiceonline.com	10004	2026-08-30
vol.at	16697	2026-08-30
volcanodiscovery.com	17764	2026-08-30
vovworld.vn	9520	2026-01-25
vox.com	20106	2026-08-30
voxy.co.nz	48332	2026-07-07
vpm.org	20009	2023-01-27
vpr.org	5702	2022-06-22
vtcng.com	14616	2026-08-30
vtdigger.org	12796	2026-08-30
vulcanadvocate.com	8801	2026-08-30
vulture.com	25946	2026-08-30
vvdailypress.com	8735	2023-09-11
w4country.com	5995	2026-08-30
wa1a.com	10464	2026-08-30
waateanews.com	26146	2026-08-30
waaytv.com	47338	2026-08-02
wabcradio.com	7619	2025-02-02
wabe.org	21327	2026-04-24
wabi.tv	38390	2026-08-30
wabx.net	34135	2026-08-30
wach.com	38591	2026-08-30
wacotrib.com	70872	2026-08-29
wadenapj.com	25589	2026-08-30
wadk.com	36550	2026-08-29
waer.org	41172	2026-08-30
wafb.com	38960	2026-08-30
waff.com	33697	2026-08-30
wagmtv.com	12395	2026-08-29
wahoo-ashland-waverly.com	17412	2026-08-28
wahpetondailynews.com	15954	2026-08-29
wajr.com	5119	2026-08-30
waka.com	11236	2026-08-30
wakefieldexpress.co.uk	18345	2025-01-23
wakg.com	7977	2026-08-09
walb.com	33766	2026-08-30
walesonline.co.uk	256123	2026-08-30
walkermn.com	15011	2026-08-30
wallaceburgcourierpress.com	38498	2026-06-29
wallowa.com	8438	2026-08-30
wallpaper.com	15409	2026-08-30
walls102.com	8142	2023-06-13
wallstreet-online.de	85725	2026-08-30
wam.ae	15139	2023-11-04
wamc.org	53007	2026-08-30
wamda.com	5870	2026-08-26
wandsworthguardian.co.uk	132013	2026-08-30
wandtv.com	61334	2026-08-30
wantedinrome.com	9017	2026-08-30
wape.com	12958	2026-08-29
wapt.com	68586	2026-08-30
wardsauto.com	7046	2026-02-03
warm1033.com	24320	2026-08-30
warm1069.com	9830	2026-08-28
warm98.com	11692	2026-08-30
warringtonguardian.co.uk	156514	2026-08-30
warsawvoice.pl	12750	2026-03-18
warwickdailynews.com.au	51988	2021-04-28
warwickonline.com	5960	2026-08-19
warwickshireworld.com	12934	2025-01-23
washingtonblade.com	8532	2026-08-30
washingtonexaminer.com	162304	2026-08-30
washingtonian.com	13094	2026-08-28
washingtoninformer.com	6982	2026-08-28
washingtonpost.com	306594	2024-08-02
washingtontimes.com	292813	2026-04-13
washtimesherald.com	43440	2026-08-30
waste360.com	5106	2025-01-19
wataugademocrat.com	49542	2026-08-30
watchingamerica.com	8148	2026-08-29
waterford-news.ie	68130	2026-08-30
watermarkonline.com	35425	2025-11-03
wateronline.com	10929	2026-08-27
waterwaysjournal.net	5481	2026-08-28
watfordobserver.co.uk	112264	2026-08-30
watoday.com.au	133584	2026-08-30
wattsupwiththat.com	8450	2026-08-30
wausaudailyherald.com	9127	2023-09-11
waxahachietx.com	5979	2026-08-22
wbaa.org	78219	2026-08-30
wbal.com	70125	2026-07-04
wbaltv.com	75552	2026-08-30
wbap.com	89154	2026-08-30
wbay.com	39257	2026-08-30
wbbjtv.com	34594	2026-08-30
wbckfm.com	23781	2025-11-29
wbco.com	6253	2026-08-28
wbez.org	6604	2026-08-30
wbfo.org	39821	2025-04-01
wbgo.org	6016	2026-08-30
wbir.com	60093	2026-06-05
wbiw.com	46865	2026-08-30
wbjournal.com	13664	2026-08-28
wbkb11.com	6913	2026-08-30
wbko.com	24067	2026-08-30
wbkr.com	25613	2026-08-30
wblk.com	38743	2026-08-30
wblm.com	33763	2026-08-30
wbls.com	9564	2026-08-28
wbmq.net	17237	2020-08-26
wbng.com	23890	2026-08-30
wbnowqct.com	5753	2026-08-28
wbnq.com	12932	2026-08-30
wboc.com	91763	2026-08-30
wboi.org	45878	2026-08-30
wbrc.com	47517	2026-08-30
wbrz.com	73745	2026-08-30
wbsm.com	20482	2026-08-29
wbszfm.com	5337	2026-08-20
wbt.com	8685	2026-08-30
wbtmdanville.com	9571	2026-08-24
wbtv.com	36688	2026-08-30
wbur.org	54615	2026-08-29
wbwn.com	9537	2026-08-30
wcax.com	40704	2026-08-30
wcbe.org	59354	2026-08-30
wcbi.com	21514	2026-08-29
wcbm.com	30586	2026-08-30
wccbcharlotte.com	42074	2026-08-30
wccftech.com	48108	2026-08-30
wccq.com	9401	2024-05-24
wcfcourier.com	114396	2026-08-30
wchstv.com	37371	2026-08-30
wcjb.com	33354	2026-08-30
wclk.com	33858	2026-08-30
wclo.com	10685	2025-05-20
wcnc.com	66822	2026-06-06
wcoapensacola.com	43608	2026-08-30
wcpo.com	33121	2026-08-30
wcrz.com	22150	2026-08-29
wcsmradio.com	10418	2026-08-29
wcsufm.org	65381	2026-08-30
wcsx.com	18129	2026-08-30
wcsy.com	39583	2026-08-28
wcti12.com	43258	2026-08-30
wctrib.com	54306	2026-08-30
wctv.tv	29843	2026-08-30
wcvb.com	103926	2026-08-30
wcyb.com	34345	2026-08-30
wcyy.com	30313	2026-08-29
wdadradio.com	14886	2026-08-30
wdam.com	35980	2026-08-30
wdbj7.com	35239	2026-08-30
wdbo.com	49758	2026-08-30
wdbqam.com	10063	2026-08-28
wdef.com	24777	2026-07-21
wdel.com	25990	2026-08-30
wden.com	5740	2026-08-30
wdet.org	10268	2026-08-28
wdez.com	22818	2026-08-29
wdhafm.com	15888	2026-08-30
wdio.com	63051	2026-08-30
wdiy.org	45288	2026-08-30
wdjx.com	8744	2026-08-30
wdkx.com	5395	2022-07-25
wdrb.com	101031	2026-08-30
wdrv.com	9300	2026-08-29
wdsm710.com	40297	2026-08-30
wdsu.com	105987	2026-08-30
wdtimes.com	34483	2026-08-30
wdtv.com	20695	2026-08-30
wdzz.com	9029	2026-08-30
weaa.org	51021	2025-02-25
wealthmanagement.com	17389	2026-08-29
weareiowa.com	7839	2026-03-16
weartv.com	35694	2026-08-30
weatherforddemocrat.com	14235	2026-08-30
weathernationtv.com	6132	2026-08-30
weau.com	31937	2026-08-30
webcamfeet.com	5756	2021-11-12
webindia123.com	429656	2026-08-30
webmd.com	10297	2026-08-24
webwire.com	37844	2026-08-30
wect.com	36771	2026-08-30
weeklyblitz.net	32134	2026-08-30
weeklytimesnow.com.au	11584	2024-07-22
weforum.org	8434	2024-01-12
wegotthiscovered.com	68271	2025-02-24
weirtondailytimes.com	22105	2026-08-29
weisradio.com	18260	2026-01-06
wellandtribune.ca	72523	2026-08-30
wellingtondailynews.com	5444	2026-08-30
wellingtontimes.com.au	37189	2026-08-30
wellsvilledaily.com	5537	2022-04-14
wemu.org	34639	2026-08-30
wenatcheeworld.com	25528	2026-08-29
wenxuecity.com	35878	2026-08-30
weny.com	30507	2026-08-30
wesa.fm	41179	2026-06-04
wesh.com	79080	2026-08-30
wesm913.org	17888	2022-01-28
westcentralonline.com	17556	2026-08-30
westcentralsbest.com	48474	2026-08-30
westerlynews.ca	31421	2026-08-30
westernadvocate.com.au	112238	2026-08-30
westernmassnews.com	23223	2026-08-30
westernpeople.ie	36173	2026-08-30
westerntelegraph.co.uk	125907	2026-08-30
westernweekender.com.au	5676	2026-08-30
westernwheel.ca	6258	2025-09-05
westfaironline.com	12594	2026-08-30
westhawaiitoday.com	20198	2026-08-30
westkentuckystar.com	29948	2026-08-30
westmeathexaminer.ie	47870	2026-08-30
westmeathindependent.ie	46984	2026-08-30
westofthei.com	7208	2026-08-30
westport-news.com	54149	2022-03-01
westseattleblog.com	48414	2026-08-30
westsussextoday.co.uk	7480	2022-02-09
westword.com	13196	2026-08-29
wetaskiwintimes.com	15553	2026-08-30
weyburnreview.com	37373	2021-07-29
wfaa.com	64004	2026-06-05
wfae.org	70945	2026-08-30
wfasam.com	13054	2021-05-17
wfav951.com	14195	2026-08-28
wfdd.org	52704	2026-08-30
wfgr.com	21383	2024-07-03
wfin.com	45335	2025-06-14
wfirnews.com	5301	2026-08-28
wfit.org	6672	2026-08-29
wfiwradio.com	12294	2026-08-29
wfls.com	17444	2026-08-30
wflx.com	33136	2026-08-30
wfmd.com	14487	2026-08-30
wfmj.com	111288	2026-08-30
wfms.com	7299	2026-08-30
wfmynews2.com	66653	2026-06-05
wfmz.com	255368	2026-08-30
wfnc640am.com	68934	2026-08-18
wfnt.com	13272	2026-08-29
wfsb.com	36936	2026-08-30
wfsu.org	48640	2026-08-30
wftv.com	45904	2026-08-30
wftw.com	69191	2025-03-28
wfuv.org	9661	2026-08-30
wfxd.com	6582	2026-04-09
wfxl.com	6512	2025-09-11
wfyi.org	14959	2026-08-30
wgac.com	6619	2026-08-28
wgal.com	83294	2026-08-30
wgan.com	15424	2026-08-30
wgauradio.com	60822	2026-08-30
wgbh.org	24084	2026-08-28
wgcu.org	31816	2026-08-30
wgil.com	10101	2026-08-01
wglr.com	25537	2026-08-30
wglt.org	61194	2026-08-30
wgmd.com	40721	2026-08-30
wgme.com	42542	2026-08-30
wgna.com	34045	2026-08-30
wgni.com	9339	2026-08-30
wgnsradio.com	16837	2026-07-31
wgntv.com	7621	2026-05-05
wgog.com	6183	2026-08-28
wgow.com	46884	2026-08-30
wgowam.com	75014	2026-08-30
wgrd.com	45041	2026-08-30
wgrr.com	10036	2026-08-29
wgrz.com	46639	2026-06-05
wgxa.tv	10914	2026-08-30
wharfedaleobserver.co.uk	118260	2026-08-30
whas11.com	68292	2026-06-25
whatdidyousay.org	15446	2025-11-11
whatech.com	27525	2026-08-29
whathifi.com	11372	2026-08-29
whatsnew2day.com	14117	2025-01-27
whatson.ae	20977	2026-08-29
whatsonstage.com	11359	2026-08-30
whatsontv.co.uk	5261	2021-06-10
whattheythink.com	14237	2026-08-28
whbl.com	70840	2026-08-30
whby.com	9290	2026-08-28
whcuradio.com	10235	2024-06-23
whdg.com	16669	2026-08-28
whdh.com	55816	2026-08-30
whec.com	131771	2026-08-30
whidbeynewstimes.com	6211	2026-08-29
whig.com	60366	2026-08-30
whio.com	46243	2026-08-30
whitecourtstar.com	13517	2026-08-30
whitehorsestar.com	5917	2026-01-29
whitehouse.gov	6012	2026-03-17
whitsundaytimes.com.au	56923	2021-04-28
whittierdailynews.com	46930	2026-08-30
whiznews.com	15024	2026-08-29
whky.com	21934	2026-08-30
whmi.com	25488	2026-08-30
whnt.com	6192	2025-06-12
who.int	10304	2026-08-30
whopam.com	24172	2026-08-29
whqr.org	46299	2026-08-30
whro.org	15076	2026-08-30
whrpfm.com	9051	2026-08-30
whsv.com	29315	2026-08-30
whtc.com	48548	2026-08-30
whtimes.co.uk	56722	2026-08-30
whvoradio.com	13931	2026-05-31
whyy.org	26693	2026-08-30
wiartonecho.com	22753	2026-08-29
wibailoutpeople.org	5820	2026-08-30
wibc.com	28872	2026-08-30
wibqam.com	45131	2026-01-10
wibw.com	46718	2026-08-30
wibx950.com	30076	2026-08-28
wickedlocal.com	236673	2023-09-11
wicz.com	62226	2026-08-30
wifc.com	19626	2026-08-29
wifr.com	24848	2026-08-03
wigantoday.net	27415	2025-01-23
wiky.com	40956	2026-08-30
wild1029.com	9257	2026-08-30
wild1049hd.com	6114	2023-03-21
wild941.com	23997	2026-08-30
wiley.com	5264	2026-08-14
williamsondailynews.com	7222	2026-08-30
willistonherald.com	14679	2026-08-29
willitsnews.com	6589	2026-08-30
willmarradio.com	44366	2026-08-29
wilm-tv.com	8193	2021-09-20
wilmingtonbiz.com	12073	2025-01-22
wilsonpost.com	5372	2023-03-01
wilsontimes.com	5852	2026-08-29
wiltonbulletin.com	62996	2025-06-14
wiltsglosstandard.co.uk	117683	2026-08-30
wiltshiretimes.co.uk	147609	2026-08-30
wilx.com	33810	2026-08-30
wimbledonguardian.co.uk	121822	2026-08-30
wimsradio.com	17427	2026-08-30
wimz.com	6766	2026-08-24
winchesterstar.com	62043	2026-08-30
wincountry.com	19728	2026-08-30
windfm.com	6981	2026-08-30
windowscentral.com	34066	2026-08-30
windowstorussia.com	5923	2026-06-10
windpowermonthly.com	7211	2026-07-02
windsor.ctvnews.ca	20740	2025-04-09
windsorite.ca	19835	2025-09-22
windsorstar.com	58662	2026-08-30
windtech-international.com	9385	2026-08-28
wingsmagazine.com	5871	2026-08-28
wink104.com	10453	2026-08-30
winknews.com	55784	2026-08-30
winnipeg.ctvnews.ca	27808	2025-04-25
winnipegfreepress.com	326237	2026-08-30
winnipegsun.com	54546	2026-08-30
winonadailynews.com	37927	2026-08-26
winonapost.com	10549	2026-08-29
winsfordguardian.co.uk	67252	2023-03-07
winteriscoming.net	8588	2026-08-30
wiog.com	5137	2026-08-30
wionews.com	25883	2026-02-12
wiov.com	7355	2026-08-30
wired.com	21265	2026-08-30
wiredprnews.com	26047	2025-10-24
wirralglobe.co.uk	135758	2026-08-30
wirx.com	19927	2026-08-25
wisbechstandard.co.uk	36099	2026-08-30
wisbusiness.com	14262	2026-08-29
wisc.edu	13797	2026-08-30
wiscassetnewspaper.com	24997	2026-08-30
wiscnews.com	66680	2026-08-29
wisconsin106.com	15308	2025-03-13
wisconsinagconnection.com	14792	2026-08-28
wisconsinrapidstribune.com	9142	2023-09-11
wisfarmer.com	5440	2023-09-11
wishtv.com	71927	2026-08-30
wislawjournal.com	11691	2026-06-03
wisn.com	75016	2026-08-30
wispolitics.com	20579	2026-07-23
wisr680.com	9376	2026-08-30
wistv.com	38897	2026-08-30
withinnigeria.com	12604	2026-03-04
witl.com	37745	2026-08-30
witn.com	36994	2026-08-30
witneygazette.co.uk	132842	2026-08-30
wits.ac.za	5531	2026-08-30
wivk.com	12573	2026-08-30
wixx.com	27738	2026-08-30
wiznation.com	13701	2026-08-30
wjactv.com	34570	2026-08-30
wjbc.com	40046	2026-08-18
wjbq.com	28621	2026-08-29
wjbr.com	12970	2025-12-04
wjcl.com	72376	2026-08-30
wjct.org	71838	2026-08-30
wjcw.com	56200	2026-08-18
wjez.com	10838	2026-08-30
wjfw.com	20939	2026-08-29
wjhg.com	26082	2026-08-30
wjimam.com	23474	2025-12-01
wjla.com	50342	2026-08-30
wjle.com	6104	2026-08-30
wjmi.com	18966	2026-05-04
wjnt.com	23076	2026-04-22
wjol.com	34836	2026-08-30
wjon.com	38289	2026-08-30
wjoxam.com	50601	2026-04-07
wjpf.com	5991	2026-08-30
wjr.com	43773	2026-08-29
wjrz.com	14038	2026-08-30
wjsu.org	19822	2025-03-11
wjtn.com	20821	2026-08-28
wjvl.com	5257	2025-03-09
wkar.org	18329	2026-08-30
wkbw.com	41589	2026-08-30
wkdq.com	37066	2026-08-30
wkdzradio.com	16789	2026-08-27
wkfr.com	24959	2026-08-28
wkjc.com	42772	2026-08-29
wkkg.com	9903	2026-08-28
wkmi.com	17491	2025-11-30
wkml.com	16147	2026-08-30
wkms.org	54941	2026-08-30
wknofm.org	84236	2026-08-30
wkow.com	6158	2026-05-21
wkrb13.com	486644	2025-04-18
wksn.com	20766	2026-08-29
wksu.org	17996	2022-12-08
wktn.com	10366	2026-08-30
wktv.com	43031	2026-08-30
wkuherald.com	9481	2026-08-28
wkvi.com	7715	2026-08-30
wkxi.com	15993	2026-05-09
wkyc.com	70523	2026-06-06
wkyt.com	34124	2026-08-30
wkyufm.org	45210	2026-08-30
wkzo.com	77393	2026-08-30
wlad.com	5136	2026-08-28
wlav.com	10523	2026-08-30
wlbt.com	8276	2026-03-19
wlds.com	11622	2026-08-28
wlec.com	23100	2026-08-30
wlevradio.com	9843	2026-08-30
wlfi.com	25673	2026-08-30
wlip.com	23044	2026-08-28
wlkm.com	8785	2026-08-28
wlky.com	83047	2026-08-30
wlni.com	5321	2026-04-30
wlos.com	41852	2026-08-30
wlox.com	33767	2026-08-30
wlrfm.com	16614	2026-07-28
wlrh.org	26624	2026-08-28
wlrn.org	50339	2026-08-30
wlsam.com	54532	2026-08-28
wltribune.com	33448	2026-08-30
wltx.com	63246	2026-06-25
wltz.com	6310	2026-06-19
wlwi.com	6332	2026-08-30
wlwt.com	92089	2026-08-30
wmac-am.com	48516	2026-08-30
wmagazine.com	6570	2026-08-29
wmal.com	39566	2026-08-30
wmay.com	11097	2025-04-11
wmbfnews.com	39715	2026-08-30
wmcactionnews5.com	21076	2021-05-19
wmdt.com	34078	2026-08-29
wmfe.org	18986	2024-04-02
wmgk.com	16839	2026-08-30
wmicentral.com	10569	2026-08-29
wmmq.com	34172	2026-08-30
wmnf.org	7603	2026-08-30
wmot.org	24000	2025-08-12
wmra.org	45508	2026-08-30
wmtram.com	10358	2026-08-29
wmtv15news.com	19987	2026-08-30
wmtw.com	74593	2026-08-30
wmuk.org	25121	2026-08-30
wmur.com	95824	2026-08-30
wn.com	399364	2026-07-15
wnaw.com	19157	2026-08-30
wnax.com	9065	2026-08-28
wnbf.com	18083	2026-08-29
wncv.com	9258	2026-08-30
wncw.org	32477	2026-08-30
wncy.com	27587	2026-08-29
wnd.com	37854	2026-08-30
wndu.com	32228	2026-08-30
wnem.com	24030	2026-08-30
wnep.com	57274	2026-06-05
wnewsj.com	19288	2025-05-15
wnir.com	9622	2026-08-28
wnmtradio.com	19176	2022-12-08
wnmufm.org	72479	2026-08-30
wnpr.org	6587	2021-07-14
wntxradio.com	19392	2026-08-10
wnyt.com	45063	2026-03-11
woad.com	19065	2026-04-22
wobm.com	59734	2026-08-30
wogb.fm	17352	2026-08-30
wogx.com	18735	2026-08-29
wohfradio.com	29516	2026-08-30
wokq.com	27915	2026-08-30
wokv.com	64762	2026-08-30
womanandhome.com	25554	2026-08-30
womansworld.com	13296	2026-08-30
womenofchina.cn	11042	2025-06-09
womenshealthmag.com	17376	2026-08-30
wondradio.com	42356	2026-08-29
wonkette.com	5766	2026-07-29
woodallscm.com	5655	2026-08-28
woodlandsonline.com	10407	2026-08-30
woodstocksentinelreview.com	41479	2026-08-30
woodwardnews.net	10448	2026-08-26
woodworkingnetwork.com	9527	2025-12-16
woonsocketcall.com	12681	2026-08-29
worcesternews.co.uk	109425	2026-08-30
wordpress.com	17186	2026-08-30
workers.org	5585	2026-03-06
workerscompensation.com	8465	2026-08-30
workersliberty.org	8719	2025-11-07
worksopguardian.co.uk	12974	2025-01-23
world-nuclear-news.org	7444	2026-08-28
worldbank.org	10219	2026-08-24
worldboxingnews.net	7275	2025-03-04
worldcasinodirectory.com	8045	2026-08-29
worldcrunch.com	14971	2025-01-23
worldipreview.com	5141	2026-08-27
worldoil.com	13987	2026-08-30
worldpoliticsreview.com	5298	2026-08-06
worldscreen.com	13861	2025-08-22
worldsoccertalk.com	14787	2022-08-10
worldtempus.com	6376	2026-08-29
wortfm.org	6174	2025-05-02
worthingherald.co.uk	6867	2022-02-10
worthplaying.com	13704	2026-08-29
worthynews.com	6259	2026-08-29
wosu.org	15759	2026-08-29
woub.org	10790	2026-08-28
wowo.com	10290	2026-08-30
wowt.com	39038	2026-08-30
wpbf.com	68275	2026-08-30
wpde.com	49235	2026-08-30
wpdh.com	45121	2026-08-29
wphm.net	13328	2026-08-08
wpr.org	11836	2026-08-29
wprl.org	54300	2025-10-06
wpsdlocal6.com	54374	2026-08-30
wpst.com	37056	2026-08-29
wpsu.org	65680	2026-08-30
wptv.com	52641	2026-08-30
wpxi.com	45736	2026-08-30
wqad.com	51386	2026-06-05
wqcmfm.com	13722	2026-08-30
wqcs.org	57042	2026-08-30
wqel.com	5792	2026-08-29
wqut.com	21659	2026-08-30
wral.com	153485	2026-08-30
wraltechwire.com	12216	2025-11-06
wrcbtv.com	57393	2022-01-13
wrdw.com	39204	2026-08-30
wreg.com	6285	2026-08-24
wrestlezone.com	39219	2026-08-30
wrestlinginc.com	63572	2026-08-30
wrestlingnewssource.com	25672	2026-07-06
wrexham.com	15908	2026-08-30
wrfalp.com	7876	2026-08-28
wrganews.com	12976	2026-08-30
wrhi.com	5555	2026-07-14
wrif.com	30812	2026-08-30
writersdigest.com	5805	2026-08-30
wrjn.com	5605	2026-08-30
wrjo.com	5698	2026-08-20
wrkf.org	37861	2026-08-30
wrkr.com	24693	2026-08-28
wrmf.com	11194	2026-08-28
wror.com	20976	2026-08-30
wrp.org.uk	6347	2026-08-29
wrrv.com	39323	2026-08-29
wruf.com	10648	2026-08-30
wrur.org	9491	2026-08-30
wrvo.org	62518	2026-08-30
wsau.com	104174	2026-08-30
wsaw.com	31369	2026-08-30
wsaz.com	28292	2026-08-30
wsbradio.com	63720	2026-08-30
wsbs.com	13005	2026-08-29
wsbt.com	40822	2026-08-30
wsbtv.com	55083	2026-08-30
wscountytimes.co.uk	6332	2022-02-09
wset.com	43065	2026-08-30
wsfa.com	32414	2026-08-30
wsfl.com	7246	2026-08-30
wsgw.com	20315	2026-08-28
wshu.org	40854	2026-08-30
wsiltv.com	53441	2026-08-02
wsipam.com	5015	2026-07-25
wsiu.org	76653	2026-08-30
wsj.com	58643	2026-06-22
wsjm.com	30728	2026-08-24
wsjs.com	5407	2026-07-31
wskg.org	6784	2026-03-08
wsls.com	137201	2026-08-30
wsmv.com	36951	2026-08-30
wsnewspublishers.com	7109	2025-08-29
wsoctv.com	46115	2026-08-30
wsrkfm.com	18534	2026-08-28
wsu.edu	8612	2026-08-28
wsvaonline.com	5422	2024-04-02
wsvn.com	48680	2026-08-30
wsws.org	40983	2026-08-30
wtae.com	81325	2026-08-30
wtap.com	5700	2026-03-19
wtaq.com	53708	2026-08-28
wtax.com	7000	2024-05-20
wtbdfm.com	11527	2024-01-02
wtbx.com	24810	2026-08-26
wthitv.com	38002	2026-08-30
wthr.com	77073	2026-08-11
wtka.com	15955	2024-08-27
wtkr.com	57808	2026-08-30
wtma.com	107148	2026-08-30
wtmj.com	42363	2026-07-15
wtmx.com	10457	2026-08-28
wtoc.com	35719	2026-08-30
wtok.com	23645	2026-08-30
wtol.com	61161	2026-06-06
wtop.com	89502	2026-08-30
wtov9.com	35478	2026-08-30
wtsp.com	75398	2026-06-06
wttf.com	31490	2026-08-29
wttw.com	14739	2025-12-16
wtug.com	19282	2026-08-30
wtva.com	47621	2026-08-30
wtvbam.com	56017	2026-08-30
wtvm.com	27702	2026-08-29
wtvq.com	20325	2026-08-30
wtvr.com	51818	2026-08-30
wtvy.com	22304	2026-08-30
wtxl.com	31907	2026-08-30
wuft.org	40237	2026-08-30
wuky.org	28299	2026-08-30
wunc.org	21419	2026-08-30
wupe.com	18183	2026-08-30
wusa9.com	68551	2026-06-05
wutc.org	40520	2026-08-30
wuuqradio.com	12183	2026-08-28
wuwf.org	53616	2026-08-30
wuwm.com	17442	2026-08-30
wvasfm.org	51013	2026-08-30
wvel.com	7415	2026-08-18
wvfm1065.com	5078	2020-12-07
wvgazettemail.com	43716	2026-08-30
wvik.org	53192	2026-08-30
wvlkam.com	68808	2026-08-30
wvlnam.com	8648	2026-07-29
wvmetronews.com	24766	2026-08-30
wvnews.com	110265	2026-01-24
wvnn.com	40826	2026-08-18
wvpublic.org	12760	2026-08-28
wvrecord.com	5873	2025-05-20
wvtf.org	33961	2026-08-30
wvtm13.com	67172	2026-08-30
wvxu.org	44053	2026-08-30
wwaytv3.com	29864	2026-08-29
wwd.com	46649	2026-08-30
wweek.com	12141	2026-08-21
wwisradio.com	5361	2026-08-28
wwjb.com	5988	2025-02-24
wwki.com	5934	2026-08-30
wwltv.com	56312	2026-06-05
wwmt.com	42285	2026-08-30
wwno.org	46761	2026-08-30
wwnytv.com	26136	2026-08-30
wwqq101.com	5862	2026-08-30
wxerfm.com	19131	2026-08-29
wxfx.com	9323	2026-08-29
wxii12.com	78116	2026-08-30
wxkr.com	13901	2026-08-29
wxlo.com	9842	2026-08-30
wxow.com	52440	2026-08-30
wxpr.org	31562	2026-08-30
wxxinews.org	55374	2026-08-30
wxxv25.com	27473	2026-08-30
wxyz.com	52644	2026-08-30
wydaily.com	15607	2026-08-30
wyff4.com	81276	2026-08-30
wynn1063.com	20571	2026-08-30
wyomingnews.com	93973	2026-08-30
wyomingnewsnow.tv	37352	2026-08-30
wyomingpublicmedia.org	44712	2026-08-30
wypr.org	52368	2026-08-30
wyrk.com	43714	2026-08-30
wyshradio.com	5203	2026-08-28
wyso.org	44855	2026-08-30
wysu.org	25667	2026-08-30
wzid.com	6919	2026-08-28
wzozfm.com	19340	2026-08-30
wzpl.com	8012	2026-08-30
wzzm13.com	69198	2026-06-26
x1071.com	31439	2026-08-30
xboxachievements.com	9229	2025-04-26
xinhuanet.com	172414	2026-06-16
xlcountry.com	14379	2026-08-30
xpatloop.com	10253	2026-07-22
xtra99.com	17935	2026-08-28
xxlmag.com	13723	2026-08-29
y-103.com	9729	2026-08-30
y100fm.com	8017	2026-08-29
y101.com	14362	2026-08-28
y101hits.com	10207	2026-08-30
y102montgomery.com	23077	2026-08-30
y105fm.com	41288	2026-08-30
y105music.com	26150	2026-08-29
y108.ca	8122	2026-08-27
y94.com	37483	2026-08-30
y95country.com	29066	2026-08-30
yachtsandyachting.com	30634	2026-08-30
yahoo.com	6410500	2026-08-30
yakimaherald.com	99177	2026-08-30
yaktrinews.com	8775	2023-06-26
yale.edu	11767	2026-08-28
yaledailynews.com	5862	2026-01-16
yalibnan.com	9424	2026-08-30
yambolnews.net	6474	2025-10-22
yanksgoyard.com	5606	2026-08-30
yankton.net	61335	2026-08-30
yardbarker.com	167309	2026-08-30
yasstribune.com.au	69458	2026-08-30
ycombinator.com	5937	2026-08-29
ydr.com	6710	2023-09-11
yellowhammernews.com	14240	2026-08-30
yen.com.gh	10134	2026-03-19
yenisafak.com	20714	2025-09-16
yeovilexpress.co.uk	58449	2023-06-08
yesweekly.com	10494	2026-08-26
yle.fi	17068	2026-08-28
yna.co.kr	6410	2026-03-12
ynaija.com	9181	2026-08-30
ynetnews.com	67098	2026-08-30
yorkdispatch.com	14408	2023-09-11
yorknewstimes.com	47558	2026-08-29
yorkpress.co.uk	170179	2026-08-30
yorkregion.com	12300	2026-08-30
yorkshireeveningpost.co.uk	26040	2025-01-23
yorkshirepost.co.uk	60971	2025-01-23
yorktonthisweek.com	42911	2021-07-29
youngwitness.com.au	19959	2026-08-27
youralaskalink.com	22674	2026-08-30
yourdemocracy.net	5686	2026-08-30
yourdemocracy.net.au	19160	2026-08-30
youredm.com	7476	2026-06-26
yourfortdodge.com	19783	2026-08-18
yourlocalguardian.co.uk	190337	2026-08-30
yourobserver.com	13482	2025-09-10
yourradioplace.com	8020	2026-08-30
yoursourceone.com	81445	2026-08-30
yourstephenvilletx.com	5063	2026-08-22
yourstory.com	36278	2026-07-04
yourtango.com	48991	2026-08-30
yourthurrock.com	11121	2026-08-30
yovizag.com	6807	2026-08-29
ypradio.org	68382	2026-08-30
yubanet.com	8958	2026-08-29
yukon-news.com	6455	2026-08-30
yumasun.com	60522	2026-08-30
z100fm.com	5687	2026-08-27
z100missoula.com	15035	2026-08-30
z1023online.com	16997	2026-08-30
z103.fm	11188	2024-08-29
z1077fm.com	11267	2026-08-30
z937.com	21069	2026-08-30
z93jamz.com	17070	2026-08-30
z94.com	26276	2026-08-30
z943radio.com	8741	2025-01-06
z96.com	10691	2026-08-30
zawya.com	200046	2026-08-30
zazoom.it	10634	2026-08-24
zdnet.com	40878	2026-08-29
zerohedge.com	134626	2026-08-30
zfenglish.com	40732	2026-08-28
ziarelive.ro	5451	2024-08-01
zigwheels.com	20965	2026-08-30
zimbabwesituation.com	15654	2026-07-20
zimbabwestar.com	53722	2026-08-30
zimeye.net	10520	2026-08-23
zizonline.com	6743	2026-08-28
zmescience.com	13475	2026-08-28
znsbahamas.com	5912	2026-08-30
zodiakmalawi.com	6775	2026-08-29
zonebourse.com	6769	2026-05-15
zrock103.com	9091	2026-08-30
zululandobserver.co.za	18680	2023-08-31
