1005freshradio.ca	8948	2026-08-23
1009theeagle.com	11642	2026-08-20
1010wcsi.com	7307	2025-08-27
1011now.com	33384	2026-08-23
1015hankfm.com	9175	2025-07-28
1015thehawk.com	10170	2026-03-23
1015vibe.com	8452	2026-08-21
1019thebeatfm.com	9206	2025-05-15
1019thekeg.com	26327	2026-05-12
1019therock.com	25463	2026-08-21
1021thefox.com	9194	2026-08-21
1023thebullfm.com	17945	2026-07-01
1023thewolf.com	8198	2026-08-21
1025kiss.com	37511	2026-08-22
1025wowcountry.com	7488	2026-08-22
1027kord.com	33066	2026-08-23
1027thevibe.com	7831	2026-08-23
102thebear.com	6095	2026-08-23
1031freshradio.ca	8924	2026-08-12
1033theeagle.com	6663	2026-08-21
1033wvyb.com	8649	2026-08-22
1035kissfmboise.com	24916	2026-08-22
1035theeagle.com	9324	2026-07-29
1037theloon.com	27624	2026-08-23
1039wvbo.com	27811	2026-08-23
103gbfrocks.com	36174	2026-08-23
103kkcn.com	19374	2026-08-22
103weup.com	9955	2026-08-22
103wjod.com	23645	2026-08-23
1041wdlt.com	9473	2026-08-23
1043freshradio.ca	8348	2026-06-29
1043theparty.com	7390	2026-08-23
1045bobfm.com	5391	2024-09-10
1045freshradio.ca	7543	2026-08-19
1045theteam.com	22908	2026-08-23
1045thezone.com	30162	2026-08-23
1045wjjk.com	5893	2026-08-23
1049maxcountry.com	8001	2021-04-15
1049nashicon.com	5867	2026-08-23
1049thebeat.com	17861	2026-08-22
1049theedge.com	7670	2023-01-13
1049thewolf.com	15982	2026-08-22
104thehawk.com	10945	2026-08-21
1050talk.com	7314	2020-02-18
1053hotfm.com	6088	2026-08-23
1055thehawk.com	6159	2024-06-16
1057thehawk.com	56000	2026-08-23
1057thepoint.com	15990	2026-08-21
1057thex.com	9263	2026-08-23
1059thehog.com	9298	2026-06-27
1063cowboycountry.com	6354	2021-01-15
1063thebuzz.com	30981	2026-08-23
1063thegroove.com	7861	2026-08-21
1065thearch.com	12020	2026-08-21
1065thebuzz.com	15740	2026-08-22
1069morefm.com	6042	2022-09-07
1073modfm.com	24944	2026-08-10
1073theeagle.com	9348	2026-08-21
1073wsjy.com	5991	2025-11-22
1075daverocks.com	7757	2026-08-19
1075koolfm.com	7724	2026-08-23
1075thegame.com	41563	2026-08-23
1075zoofm.com	8459	2022-07-07
1077thebone.com	7163	2026-08-22
1079ishot.com	48101	2026-08-23
107jamz.com	17689	2026-08-22
1090kaay.com	19757	2026-08-22
10news.com	97604	2026-08-23
10tv.com	62651	2026-06-25
1150kknw.com	5743	2026-08-23
1170kfaq.com	5326	2020-05-08
11alive.com	76527	2026-06-06
1280wnam.com	22183	2026-02-02
1290wlby.com	38454	2026-08-22
12news.com	62356	2026-06-26
12newsnow.com	54381	2026-06-06
12onyourside.com	12928	2026-08-23
1310kfka.com	13878	2026-08-23
1310news.com	29075	2020-12-03
1350kman.com	15843	2026-08-23
1370wfea.com	8756	2026-08-22
1380kcim.com	8887	2026-03-18
13abc.com	29605	2026-08-23
13newsnow.com	73852	2026-06-06
13wham.com	41787	2026-08-23
13wmaz.com	59415	2026-06-06
1470kyyw.com	8961	2026-08-21
1470wmbd.com	10508	2023-03-10
1490wosh.com	81713	2026-08-22
14news.com	40935	2026-08-23
1520theticket.com	53163	2026-06-29
1590walg.com	17537	2020-08-26
1630kcjj.com	13930	2026-08-23
1660thefan.com	10612	2020-12-04
1prime.biz	32781	2023-12-29
247sports.com	6960	2023-02-02
247wallst.com	17810	2026-08-23
27east.com	7949	2026-08-23
29news.com	10783	2026-08-22
2ec.com.au	5295	2026-08-23
2gb.com	31632	2026-08-23
2hd.com.au	5912	2024-12-18
2lt.com.au	15887	2026-08-23
2merkato.com	5201	2026-08-21
2news.com	82006	2026-08-23
2nm.com.au	5243	2026-08-23
2paragraphs.com	14453	2026-08-23
360cities.net	23862	2026-06-04
360nobs.com	5978	2020-10-03
3aw.com.au	19435	2026-08-23
3blmedia.com	8365	2026-08-22
3quarksdaily.com	9653	2026-05-24
4029tv.com	65692	2026-08-23
411mania.com	105251	2025-11-29
41nbc.com	26697	2026-08-22
4bc.com.au	27837	2026-08-23
4ni.co.uk	13946	2026-08-22
51.ca	7489	2026-08-23
5280.com	5617	2026-08-20
560cfos.ca	11980	2025-07-31
570news.com	56393	2021-10-17
5newsonline.com	51740	2026-06-06
5tjt.com	10304	2026-06-04
6000.co.za	5276	2026-08-23
620ckrm.com	26366	2026-08-23
640wxsm.com	68706	2026-08-23
660wxqw.com	20062	2025-06-14
680kfeq.com	13562	2026-08-13
680news.com	113457	2021-10-17
6abc.com	61237	2026-08-23
6pr.com.au	10632	2026-08-22
702.co.za	24442	2024-01-15
710keel.com	26077	2026-08-21
730ckdm.com	6661	2026-08-23
740thefan.com	28637	2026-08-23
790business.com	41914	2022-08-10
790wpic.com	61853	2026-08-18
7news.com.au	5070	2026-03-12
7newsbelize.com	38346	2026-08-22
7thspace.com	39838	2024-09-15
850wftl.com	18211	2026-05-06
895thelake.ca	8534	2023-11-21
90min.com	58926	2025-09-29
915thebeat.com	8648	2026-08-13
919thebend.ca	10859	2026-02-10
91x.fm	5235	2026-07-08
921theticket.com	85969	2026-08-23
921wrou.com	25343	2026-08-10
927thedrive.net	19769	2026-08-23
927thevan.com	17780	2026-08-21
929nin.com	47306	2026-08-23
929peakfm.com	13796	2026-08-23
929thebull.com	31163	2026-08-22
929thelake.com	30605	2026-08-22
929theticket.com	9387	2026-08-23
929zzu.com	8916	2026-08-23
92moose.fm	29094	2026-08-22
92q.com	17643	2026-08-23
92qnashville.com	10493	2026-08-23
931coast.com	6724	2026-08-22
931freshradio.ca	8094	2026-08-23
931kmkt.com	18250	2026-08-23
931thebeat.com	9200	2026-08-23
931theborder.ca	8735	2025-09-08
933nashicon.com	5768	2026-08-23
933thedrive.com	38385	2026-08-23
937kclb.com	9653	2026-08-10
937kcountry.com	5198	2026-08-22
937nashicon.com	7073	2025-03-17
937theeagle.com	5816	2026-08-19
93q.com	19452	2026-08-23
93x.com	5520	2026-08-23
940wfaw.com	27438	2024-10-06
941theduke.com	7627	2026-08-21
943jackfm.com	22932	2026-08-22
943thepoint.com	57053	2026-08-23
945thehawkradio.com	5925	2026-08-21
945themoose.com	8683	2026-08-22
947wls.com	5736	2026-08-21
949whom.com	28768	2026-08-22
951kbby.com	8900	2026-08-23
953thebear.com	31123	2026-08-23
953thescore.com	60824	2026-08-23
955glo.com	9010	2026-08-21
955wtvy.com	6035	2026-08-20
959kissfm.com	12355	2026-08-23
95kqds.com	9660	2026-08-21
95rockfm.com	31498	2026-08-23
95sx.com	10375	2026-08-23
961jamz.com	8900	2026-08-23
961theeagle.com	34524	2026-08-23
963bigfm.com	7372	2026-08-20
963jackfm.com	8508	2026-08-21
963kklz.com	16856	2026-08-23
963theblaze.com	27723	2026-08-23
963wdvd.com	5197	2026-08-18
963xke.com	6217	2026-08-21
965bobfm.com	7279	2024-08-08
965kvki.com	39417	2026-08-23
965therock.com	20221	2026-08-22
967theeagle.net	32567	2026-08-23
969therock.com	14914	2026-08-20
96fm.ie	5784	2026-08-21
96krock.com	27053	2026-08-06
96kzel.com	9079	2026-08-21
971kissfm.com	5102	2022-09-16
973thedawg.com	46215	2026-08-23
975kgkl.com	21505	2026-08-22
975klak.com	6919	2020-05-30
975now.com	34730	2026-08-23
975thevibe.com	22704	2026-08-23
975wabd.com	11086	2026-08-23
977thebay.com	6129	2026-08-22
977theriver.com	12897	2025-05-26
979kickfm.com	31958	2026-08-23
979nashicon.com	5494	2026-08-23
979x.com	10439	2026-08-23
97rockonline.com	33316	2026-08-23
97x.com	22147	2026-08-21
97xonline.com	7986	2026-08-21
97zokonline.com	38685	2026-08-23
980waav.com	77026	2026-08-22
981thehawk.com	35850	2026-08-22
981themax.com	9248	2026-08-23
983nashicon.com	5934	2026-08-23
983thecoast.com	34934	2026-08-10
983thesnake.com	21621	2026-08-22
983wlcs.com	6156	2026-08-18
985kissfm.net	6081	2026-08-23
985thebull.com	12688	2026-08-10
987jack.com	23604	2026-08-23
987thebomb.com	6540	2026-08-21
987thebull.com	11553	2026-08-12
989magicfm.com	10540	2026-08-23
989xfm.ca	5685	2026-08-21
98cool.ca	11089	2026-08-23
98fm.com	14206	2026-08-21
98kupd.com	9185	2026-08-21
98q.com	7098	2026-08-21
98rocks.fm	18119	2026-08-13
98theticket.com	15783	2021-01-15
991thewhale.com	32503	2026-08-23
993kjoy.com	9727	2026-08-23
993thex.com	6074	2026-08-22
995qyk.com	21226	2026-08-23
995thewolf.com	7201	2026-08-21
997wtn.com	79229	2026-08-18
999ktdy.com	35707	2026-08-23
999thefoxrocks.com	7187	2026-08-21
999thepoint.com	27092	2026-08-23
99jamzmiami.com	5445	2026-08-22
9and10news.com	61152	2026-08-22
9news.com	62857	2026-06-05
9news.com.au	107292	2026-05-31
9thlevel.ie	8248	2025-12-04
9to5mac.com	21833	2026-08-23
aa.com.tr	88223	2026-08-23
aaj.tv	6866	2025-10-27
aarp.org	13947	2026-08-21
aawsat.com	124282	2026-08-23
abajournal.com	10733	2026-08-22
abbynews.com	32969	2026-08-23
abc-7.com	25368	2025-02-05
abc.net.au	195986	2026-08-23
abc10.com	72693	2026-06-25
abc11.com	77280	2026-08-23
abc12.com	36180	2026-08-23
abc13.com	85236	2026-08-23
abc15.com	54566	2026-08-23
abc17news.com	107578	2026-08-23
abc23.com	10456	2026-08-23
abc30.com	67787	2026-08-23
abc3340.com	41745	2026-08-23
abc57.com	58636	2026-08-23
abc6.com	10148	2026-01-23
abc6onyourside.com	40874	2026-08-23
abc7.com	71329	2026-08-23
abc7amarillo.com	32632	2026-08-23
abc7chicago.com	98612	2026-08-23
abc7news.com	77459	2026-08-23
abc7ny.com	84583	2026-08-23
abcactionnews.com	47042	2025-08-18
abcaudio.com	5535	2026-06-09
abccolumbia.com	41346	2026-08-23
abcfoxmontana.com	10097	2020-03-03
abcnews.com	17292	2026-08-23
abcnews4.com	47562	2026-08-23
abcnewsradioonline.com	21946	2021-04-12
abebooks.co.uk	5398	2023-12-06
aberdeennews.com	16891	2023-09-11
abnnewswire.net	7333	2026-08-20
aboutmyarea.co.uk	7782	2026-06-14
abovethelaw.com	27572	2026-08-21
abplive.com	7280	2026-03-17
abqjournal.com	86073	2026-08-23
abs-cbn.com	45218	2025-02-12
abstvradio.com	8814	2026-08-22
accesswdun.com	132647	2026-05-26
accountantsdaily.com.au	6846	2026-08-21
accountingtoday.com	18917	2026-08-22
aceshowbiz.com	109694	2026-08-23
ack.net	7216	2026-08-23
acm.org	8233	2025-11-11
acrofan.com	16721	2024-06-05
acs.org	8448	2026-08-21
actionforex.com	42854	2026-08-22
actionnews5.com	20796	2026-08-23
actionnewsjax.com	42824	2026-08-23
actionnewsnow.com	17223	2026-03-19
actmedia.eu	17078	2026-08-21
actuarialpost.co.uk	6559	2026-08-21
adage.com	9059	2026-07-23
adb.org	5269	2026-08-20
adelaidenow.com.au	56534	2024-07-27
adgully.com	77514	2026-08-22
adirondackdailyenterprise.com	16924	2026-04-13
adn.com	46986	2026-08-23
adnews.com.au	11638	2026-08-23
adsoftheworld.com	7091	2022-05-07
advanced-television.com	17020	2026-08-23
advancedbiofuelsusa.info	14500	2023-07-26
advertiser.ie	5135	2026-08-21
advertisernewssouth.com	5217	2026-08-20
advisor.ca	10865	2026-07-14
advocate-news.com	18222	2026-08-23
advocate.com	9042	2026-08-22
advocateanddemocrat.com	29733	2026-08-23
adweek.com	32132	2026-08-22
aei.org	22900	2026-08-21
aero-news.net	93546	2026-08-23
aerospace-technology.com	5672	2024-11-14
aerotechnews.com	7740	2026-08-14
af.mil	23754	2025-02-27
afa.net	5076	2026-08-22
afaqs.com	13914	2026-08-23
afar.com	7601	2026-08-21
afghanislamicpress.com	5678	2026-08-23
afghanistannews.net	55806	2026-08-23
afghanistansun.com	52570	2026-08-23
afghanistantimes.af	5533	2022-02-18
afl.com.au	17004	2026-08-23
afloat.ie	22337	2026-08-07
afn.net	7605	2024-09-08
afr.com	152759	2026-08-23
afr.net	8327	2026-08-23
africa-newsroom.com	44112	2026-08-22
africa.com	24611	2026-08-22
africabusiness.com	6836	2026-08-19
africaintelligence.com	12170	2026-08-07
africaleader.com	100720	2026-08-23
african.business	13985	2025-12-02
africanews.com	45577	2026-08-23
africanexaminer.com	17773	2026-07-23
afro.com	8195	2026-08-23
afropages.fr	37473	2025-09-18
agassizharrisonobserver.com	42364	2026-08-23
agenda.ge	9624	2025-02-27
aginfo.net	23294	2026-08-23
agnews890.com	5708	2026-08-01
agreenliving.org	5844	2022-05-27
agri-pulse.com	6814	2026-08-23
agriculture.com	27864	2026-03-17
agriland.ie	45203	2026-01-13
agrinews-pubs.com	13352	2026-08-23
agupdate.com	17156	2026-08-21
agweek.com	12342	2026-08-22
agwired.com	8283	2026-08-23
ahram.org.eg	100191	2026-08-07
ai-cio.com	5401	2026-08-21
aidesep.org.pe	5933	2025-10-03
aikenstandard.com	5935	2023-06-19
ainonline.com	9972	2026-08-14
airdriecityview.com	43048	2025-01-23
airdrieecho.com	9248	2026-08-23
airdrietoday.com	18510	2023-05-11
airforce-technology.com	6941	2026-08-21
airforcetimes.com	9396	2026-08-22
airliners.net	10712	2026-04-23
airport-technology.com	6138	2026-08-21
ajc.com	73347	2026-08-23
ajmc.com	14664	2026-04-24
ajot.com	10060	2026-08-11
ajp.com.au	6433	2026-08-23
akipress.com	109141	2026-08-23
akp.gov.kh	23320	2026-08-23
akronnewsreporter.com	8655	2026-08-22
al-monitor.com	49138	2026-08-23
al.com	75487	2026-03-25
alabamanews.net	13758	2023-04-13
alabamawx.com	14666	2025-08-14
alamogordonews.com	6070	2026-08-22
alarabiya.net	20388	2025-12-05
alaraby.co.uk	8389	2022-11-16
alaska-native-news.com	8680	2026-08-23
alaskahighwaynews.ca	45396	2023-11-01
alaskapublic.org	8459	2026-08-22
alaskasnewssource.com	12228	2026-08-23
albanyherald.com	81229	2025-06-06
albawaba.com	72134	2026-08-23
alberta.ca	5539	2026-08-23
albuquerqueexpress.com	94477	2026-08-23
aldergrovestar.com	32715	2026-08-23
aldianews.com	8987	2026-08-21
aleteia.org	18119	2026-08-23
algemeiner.com	36849	2026-08-21
alice1077.com	10571	2026-08-23
alice965.com	14479	2026-08-22
alipac.us	32821	2026-08-23
aljazeera.com	121783	2026-08-23
allaboutthejersey.com	5371	2026-08-23
allaccess.com	12520	2024-11-05
allafrica.com	584546	2026-08-23
alleywatch.com	21008	2026-08-21
allhiphop.com	23753	2026-08-23
alligator.org	8780	2026-08-23
allkpop.com	62192	2026-08-23
allmediany.com	7207	2020-10-14
allthehitsb951.com	10320	2026-08-23
alltoc.com	8831	2026-04-15
allure.com	6867	2026-08-22
almanacnews.com	12090	2026-08-22
almanar.com.lb	11558	2026-01-24
almayadeen.net	5251	2025-01-26
alt1017.com	10060	2024-11-19
altaz933.com	7270	2026-08-20
altenergymag.com	9051	2026-08-05
alternet.org	32473	2026-08-23
altondailynews.com	9971	2021-06-21
altoonamirror.com	22106	2026-08-22
altpress.com	9018	2025-01-23
am-online.com	20323	2025-12-12
am1050.com	7241	2024-08-08
am1070theanswer.com	5920	2024-05-17
am1100theflag.com	18223	2026-08-12
am1590theanswer.com	6050	2022-07-01
am920theanswer.com	5919	2024-05-17
am9501007fm.com	27723	2026-06-08
am970theanswer.com	5919	2024-05-17
amarillo.com	9981	2023-09-11
amarillosrockstation.com	9213	2026-08-23
amarujala.com	148264	2026-06-15
amazinavenue.com	8668	2026-08-23
amazingmadison.com	26530	2026-08-21
amazonaws.com	35940	2026-08-04
americamagazine.org	15043	2026-08-22
americanbanker.com	26429	2026-08-22
americanbazaaronline.com	9421	2026-08-23
americanfreepress.net	10087	2026-06-11
americanisraelite.com	7072	2026-08-12
americanpress.com	27260	2026-08-23
americansongwriter.com	49114	2026-08-23
americanthinker.com	51196	2026-08-23
americantop40.com	13921	2026-08-22
amestrib.com	8559	2023-09-11
amherstbulletin.com	5129	2026-08-17
ammonnews.net	14005	2026-08-19
amny.com	20666	2026-08-23
amren.com	20710	2026-08-23
amsterdamnews.com	10172	2026-08-23
analystratings.com	5117	2021-04-29
anandabazar.com	12880	2023-08-22
ancient-origins.net	20299	2026-08-23
andhrawishesh.com	6851	2026-05-02
andina.pe	10818	2025-04-22
andoveradvertiser.co.uk	107137	2026-08-23
androidauthority.com	20837	2026-08-23
androidcentral.com	38534	2026-08-23
androidcommunity.com	6682	2022-02-03
androidheadlines.com	38407	2026-07-30
androidpolice.com	38025	2026-08-23
angelusnews.com	5405	2026-08-21
anglocelt.ie	47373	2026-08-23
angop.ao	7651	2025-01-03
anhuinews.com	18067	2026-08-21
animenewsnetwork.com	59865	2025-09-07
aninews.in	559627	2026-08-23
annistonstar.com	25985	2026-08-23
ansa.it	14759	2026-08-21
ansamed.info	9391	2023-03-13
antaranews.com	73975	2026-08-23
antigojournal.com	32825	2026-08-23
antiguaobserver.com	14324	2026-08-21
antiwar.com	22437	2026-08-23
antonyloewenstein.com	6864	2026-08-23
aol.co.uk	255427	2026-08-23
aol.com	279043	2026-08-23
ap.org	20431	2026-06-04
apartmenttherapy.com	14278	2026-04-26
apnews.com	386275	2025-03-05
app.com	16834	2023-09-11
app.com.pk	33134	2026-04-24
appeal-democrat.com	19490	2026-08-23
applevalleynewsnow.com	9255	2026-08-23
apr.org	32822	2026-08-23
aps.dz	13215	2026-08-23
aqha.com	5136	2026-03-27
arabherald.com	113091	2026-08-23
arabianbusiness.com	34763	2026-01-29
arabnews.com	168497	2026-08-23
arabtimesonline.com	48122	2026-08-23
araratadvertiser.com.au	23506	2026-08-23
archaeology.org	5629	2026-08-21
archdaily.com	83457	2026-08-23
archinect.com	42782	2026-08-22
architectsjournal.co.uk	18587	2026-08-21
architecturaldigest.com	8725	2026-08-22
architectureanddesign.com.au	19259	2026-08-19
archyde.com	14291	2025-01-27
ardmoreite.com	5644	2026-08-10
areadevelopment.com	6879	2026-08-22
areanews.com.au	49978	2026-08-23
argentinastar.com	37299	2026-08-23
argus-press.com	11575	2026-08-22
argusleader.com	11421	2023-09-10
argusmedia.com	7618	2026-08-22
argusobserver.com	14929	2026-08-23
argyllshireadvertiser.co.uk	5460	2024-01-25
ariananews.af	18875	2026-08-23
arirang.co.kr	11819	2022-10-11
arirang.com	11761	2022-10-11
arizona.edu	6956	2026-08-19
arizonadailyindependent.com	11865	2026-08-23
arka.am	10414	2026-08-21
arkansasbusiness.com	16124	2026-03-11
arkansasonline.com	172058	2026-08-23
arkansasrazorbacks.com	8287	2026-08-21
arktimes.com	20279	2026-08-23
arlnow.com	28349	2026-08-23
armenianweekly.com	6551	2026-08-22
armenpress.am	85985	2025-06-04
armidaleexpress.com.au	54101	2026-08-23
armstrongeconomics.com	11036	2026-08-23
army-technology.com	8557	2026-08-21
army.mil	5081	2026-06-18
armytimes.com	10111	2026-08-22
arn.ps	13096	2026-08-23
arnnet.com.au	18137	2026-08-21
arrowheadaddict.com	6656	2026-08-23
arrowheadpride.com	15164	2026-08-23
arsenal.com	14061	2026-08-21
arsenalnews.co.uk	59802	2026-08-23
arstechnica.com	14427	2026-08-23
artdaily.com	48180	2026-08-23
artemis.bm	6240	2026-08-21
artfixdaily.com	6664	2025-11-18
artforum.com	5156	2026-08-22
artnet.com	19077	2026-08-07
artnews.com	9121	2026-08-21
artsjournal.com	9741	2026-08-22
arynews.tv	31958	2026-08-23
as.com	10088	2026-03-19
asahi.com	44510	2026-08-23
asbarez.com	6735	2026-07-15
ashepostandtimes.com	13733	2026-08-22
ashleycountyledger.com	30515	2026-08-22
asiaasset.com	6053	2026-08-23
asiabulletin.com	99213	2026-08-23
asianage.com	35415	2026-08-15
asianews.it	14986	2026-07-09
asianews.network	28602	2026-08-21
asianimage.co.uk	82603	2026-08-23
asianjournal.com	11798	2026-08-23
asiaone.com	150409	2026-08-23
askmen.com	5934	2026-06-04
aspendailynews.com	50116	2026-08-23
aspenpublicradio.org	46291	2026-08-23
aspentimes.com	21390	2026-08-23
astanatimes.com	9087	2026-08-23
astroawani.com	7022	2025-11-17
astronomy.com	6230	2026-08-23
asurampage.com	6096	2026-08-22
at40.com	6095	2021-10-15
athens-times.com	105728	2026-08-23
athensmessenger.com	8933	2026-08-22
athensreview.com	18982	2026-08-23
athleticsnation.com	5465	2026-08-23
atholdailynews.com	20662	2026-08-23
atlantablackstar.com	28181	2026-06-04
atlantafalcons.com	5001	2026-08-22
atlantaleader.com	16052	2026-08-23
atlantanewsfirst.com	28151	2026-08-23
atlantic.ctvnews.ca	32788	2025-01-23
atlanticcouncil.org	8361	2026-08-21
attackofthefanboy.com	21086	2026-08-23
attitude.co.uk	7321	2026-08-21
atvtoday.co.uk	19742	2026-08-23
auburnpub.com	65364	2026-08-22
augustafreepress.com	38546	2026-08-23
austinchronicle.com	31374	2026-08-22
austinglobe.com	88104	2026-08-23
australianherald.com	39455	2026-08-23
australiannews.net	78377	2026-08-23
autoblog.com	23954	2026-06-28
autocarindia.com	20492	2026-08-23
autoconnectedcar.com	5863	2026-08-23
autoevolution.com	85876	2026-05-10
autoexpress.co.uk	17121	2026-08-23
autonews.com	18592	2026-06-18
autoremarketing.com	6121	2026-08-21
autospies.com	24562	2026-08-23
autoweek.com	13132	2026-08-23
avclub.com	26821	2026-05-14
avenuemail.in	19907	2026-08-19
averyjournal.com	11851	2026-08-23
avherald.com	6005	2026-08-22
aviationweek.com	20373	2026-08-23
avn.com	11884	2026-08-23
avondhupress.ie	5678	2026-08-23
avweb.com	7671	2026-08-21
awesome98.com	30293	2026-08-23
awfulannouncing.com	29239	2026-08-23
awn.com	9104	2026-08-22
axios.com	16472	2024-06-05
axisoflogic.com	6291	2022-07-23
axs.com	10667	2025-01-20
aysor.am	5409	2026-08-21
azbigmedia.com	13255	2026-08-23
azbusinessdaily.com	9052	2024-01-25
azcapitoltimes.com	7881	2026-08-23
azcardinals.com	5169	2026-08-23
azcentral.com	69880	2023-09-11
azdailysun.com	49565	2026-08-23
azerbaijannews.net	63447	2026-08-23
azernews.az	58292	2026-08-23
azertag.az	46217	2026-06-23
azfamily.com	50670	2026-08-23
azocleantech.com	9031	2026-08-21
azom.com	15683	2026-08-22
azonano.com	5824	2026-08-20
azorobotics.com	5054	2026-08-19
azpbs.org	6992	2026-08-11
azsnakepit.com	7308	2026-08-23
b100quadcities.com	29279	2026-08-22
b1027.com	28457	2026-08-23
b1039.com	17884	2026-04-17
b1047.com	5615	2026-08-22
b105country.com	15174	2026-08-23
b106fm.com	8795	2026-08-23
b92.net	11321	2026-07-19
b93.net	29794	2026-08-22
b93radio.com	17842	2026-08-22
b975.com	11024	2026-08-21
b97hawaii.com	6881	2026-07-30
b98.com	9847	2026-08-23
b985.com	11460	2026-08-23
b985.fm	33215	2026-08-22
b987.com	6223	2026-08-23
badlefthook.com	11725	2026-08-23
baguiomidlandcourier.com.ph	5491	2024-07-30
baidu.com	49461	2026-08-23
bainbridgereview.com	5315	2026-08-21
bakercityherald.com	7936	2026-08-23
bakersfield.com	94593	2026-08-23
bakersfieldnow.com	38906	2026-08-23
bakeryinfo.co.uk	5136	2025-09-05
balkaninsight.com	6994	2026-08-21
ballinaadvocate.com.au	34874	2021-04-28
balloon-juice.com	20047	2026-03-11
ballot-access.org	7303	2026-08-21
balls.ie	5135	2026-08-23
ballstatedaily.com	6910	2026-07-15
baltic-course.com	5550	2026-04-04
baltictimes.com	18364	2026-08-21
baltimorebeatdown.com	7261	2026-08-23
baltimoreravens.com	8790	2026-08-23
baltimorestar.com	100403	2026-08-23
baltimoresun.com	138056	2026-08-23
bamsmackpow.com	6253	2026-08-23
banana1015.com	29034	2026-08-23
banburycake.co.uk	41634	2023-03-07
banburyguardian.co.uk	14854	2025-01-23
bandt.com.au	18953	2026-08-21
bangkokpost.com	150981	2026-08-23
bangladeshinfo.com	12248	2025-06-14
bangladeshsun.com	69279	2026-08-23
banglamirrornews.com	23689	2026-06-08
banglanews24.com	5026	2025-10-28
bangordailynews.com	53505	2026-08-23
bankerandtradesman.com	13591	2026-08-23
bankinfosecurity.com	15998	2026-08-22
bankingnews.gr	6460	2026-08-23
banklesstimes.com	11479	2026-07-31
banksnews.gr	10591	2025-07-24
baptistnews.com	7322	2026-08-21
barandbench.com	34523	2026-08-23
barbadostoday.bb	41685	2026-08-23
barcablaugranes.com	17549	2026-08-23
baristanet.com	5189	2023-08-22
barnsleychronicle.com	5523	2025-10-16
barrie.ctvnews.ca	20049	2025-01-23
barrons.com	76655	2026-06-18
barryanddistrictnews.co.uk	93348	2026-08-23
bartlesvilleradio.com	39225	2026-08-23
basildonstandard.co.uk	30362	2021-03-11
basingstokegazette.co.uk	113689	2026-08-23
bassresource.com	5177	2025-04-17
batemansbaypost.com.au	72262	2026-08-23
batonrougepost.com	49139	2026-08-23
baxterbulletin.com	9434	2026-08-23
bay939.com.au	5880	2026-08-23
baylorlariat.com	6012	2026-08-23
baynews9.com	8091	2026-08-09
bayshorebroadcasting.ca	14346	2026-08-23
baystreet.ca	38434	2026-08-22
baytownsun.com	19241	2026-08-22
bbc.co.uk	344177	2026-08-23
bbc.com	214997	2026-08-23
bbj.hu	9401	2025-10-20
bc.ctvnews.ca	35669	2025-01-23
bcdemocrat.com	7924	2025-07-02
bchomez.com	35967	2026-07-24
bclocalnews.com	7159	2020-04-07
bcps.org	38714	2026-08-05
bctv.org	5509	2026-08-21
bdnews24.com	65821	2025-11-13
bdonline.co.uk	9209	2025-09-05
bdtonline.com	60829	2026-08-23
beach951.com	16631	2026-08-22
bear104.com	13523	2026-08-21
bearingarms.com	20572	2026-08-23
beat.com.au	16527	2026-06-04
beat102103.com	8471	2026-08-22
beatricedailysun.com	52370	2026-08-22
beaufortcountynow.com	16367	2026-08-23
beaumontenterprise.com	67505	2025-11-18
beaver1003.com	8543	2026-08-20
beckersasc.com	11332	2026-08-01
beckershospitalreview.com	27729	2026-08-01
beckersspine.com	7564	2026-08-01
bedfordgazette.com	18585	2026-08-23
bedfordtoday.co.uk	15205	2025-01-23
beefcentral.com	5874	2026-08-23
beefmagazine.com	5014	2025-01-01
begadistrictnews.com.au	61681	2026-08-23
behindthesteelcurtain.com	17222	2026-08-23
beijingbulletin.com	111455	2026-08-23
belfastlive.co.uk	108801	2026-08-23
belfasttelegraph.co.uk	131950	2026-02-16
belgrade-news.com	5992	2026-08-22
bellanaija.com	11582	2026-08-23
belmondnews.com	5764	2026-01-26
beloitdailynews.com	36501	2026-08-23
bemidjipioneer.com	38778	2026-08-23
benarnews.org	5320	2025-09-02
bendbulletin.com	50689	2026-08-23
bendigoadvertiser.com.au	66694	2026-08-23
bendsource.com	13966	2026-08-23
benefitscanada.com	7147	2026-08-21
beniciaindependent.com	5318	2026-08-09
benningtonbanner.com	47457	2026-08-23
benzinga.com	342285	2026-08-06
berkeley.edu	5429	2026-08-23
berkshireeagle.com	71654	2026-08-23
berksmontnews.com	5896	2021-08-26
bernama.com	21124	2026-03-19
bernews.com	28918	2026-08-23
bestmediainfo.com	24657	2026-08-21
bet.com	21766	2026-08-18
betakit.com	6659	2026-08-21
betanews.com	14454	2026-01-15
bethesdamagazine.com	10177	2026-08-21
bevnet.com	19188	2026-07-03
bexhillobserver.net	5028	2022-02-09
bfi.org.uk	5066	2026-08-20
bgdailynews.com	66660	2026-08-23
bgnes.com	8570	2026-08-23
bgr.com	28833	2026-08-23
bgr.in	20873	2023-01-29
bhaskar.com	5196	2026-08-20
bhg.com	12912	2026-03-17
bhpioneer.com	33928	2026-08-23
bianet.org	17785	2026-08-23
biblestudytools.com	5962	2026-08-23
bicesteradvertiser.net	127039	2026-08-23
big104fm.com	7579	2026-04-24
bigblueview.com	17657	2026-08-23
bigcountry1073.com	5845	2026-08-23
bigcountry969.com	24467	2026-08-21
bigcountry995.com	50900	2026-08-17
bigfrog104.com	36280	2026-08-22
biggleswadetoday.co.uk	9031	2025-01-23
bigislandnow.com	10012	2026-08-23
bigissue.com	10160	2026-08-21
bignewsnetwork.com	879092	2026-08-23
bigoven.com	10223	2026-08-23
bigrigs.com.au	10236	2026-06-25
bigtakeover.com	5244	2025-08-22
bikebiz.com	5941	2026-08-21
bikeportland.org	6565	2026-08-18
bikeradar.com	7998	2026-08-23
bilkulonline.com	9475	2026-08-23
billboard.com	78874	2026-08-23
billingsgazette.com	78780	2026-08-23
billoreilly.com	13089	2026-07-15
binnews.com	24747	2026-08-21
biodiversitylibrary.org	16519	2026-02-24
biofuelsdigest.com	15476	2025-01-23
biomassmagazine.com	9029	2026-08-21
biometricupdate.com	15633	2026-08-22
biopharmadive.com	7353	2026-08-21
bioprepwatch.com	17621	2026-04-10
biospace.com	7263	2026-02-19
biospectrumindia.com	13694	2026-06-05
birminghammail.co.uk	303514	2026-08-23
birminghamstar.com	26279	2026-08-23
birminghamtimes.com	7735	2026-08-22
bismarcktribune.com	61971	2026-08-22
bizcommunity.com	67944	2026-08-23
bizenglish.adaderana.lk	6999	2026-02-24
bizjournals.com	49218	2022-06-19
biznews.com	18160	2026-08-23
bizpacreview.com	42842	2023-09-06
biztimes.com	15506	2026-08-21
biztoc.com	1997950	2026-01-16
bizwest.com	12259	2026-08-23
bjpenn.com	32241	2026-08-23
bjreview.com	31073	2026-08-21
bjreview.com.cn	17697	2026-08-21
bkreader.com	8118	2026-08-23
blabbermouth.net	16086	2026-08-23
blackamericaweb.com	15359	2026-08-22
blackandteal.com	6326	2026-08-23
blackenterprise.com	37976	2026-08-23
blackhillsfox.com	13340	2024-07-01
blacklistednews.com	9929	2024-08-07
blackpoolgazette.co.uk	23696	2025-01-23
blackseagrain.net	7057	2022-02-09
blayneychronicle.com.au	53187	2026-08-23
blazersedge.com	12752	2026-08-23
blazin1023.com	6139	2026-08-23
bleachernation.com	41095	2025-03-05
bleacherreport.com	64779	2026-08-23
bleedcubbieblue.com	14805	2026-08-23
bleedingcool.com	111779	2026-08-23
bleedinggreennation.com	12205	2026-08-23
blessyouboys.com	6242	2026-08-23
blingee.com	5682	2024-06-04
blockislandtimes.com	5525	2026-08-21
bloggingdirty.com	5990	2026-08-23
bloggingtheboys.com	20387	2026-08-23
blogherald.com	5731	2026-08-22
blogspot.com	5360	2026-08-23
blogto.com	32346	2026-07-14
bloodhorse.com	32311	2026-08-23
bloody-disgusting.com	23757	2026-08-05
bloodyelbow.com	28845	2025-10-06
blooloop.com	11826	2026-08-21
bloomberg.com	168406	2026-06-22
bloombergquint.com	20998	2022-05-05
bluebirdbanter.com	6192	2026-08-23
bluemountaineagle.com	23930	2026-08-22
bluemountainsgazette.com.au	62325	2026-08-23
bluenc.com	5047	2026-06-30
blueprint.ng	91905	2026-08-23
blueridgenow.com	8748	2023-09-11
blueshirtbanter.com	5309	2026-08-23
blufftonicon.com	12340	2026-08-23
bmj.com	33556	2025-11-26
bmmagazine.co.uk	8882	2026-08-23
bmwblog.com	9755	2026-08-23
bnamericas.com	16560	2026-03-31
bnd.com	5862	2024-07-27
bnionline.net	5034	2026-08-23
bnn-news.com	13613	2026-08-23
bnnbloomberg.ca	257798	2026-08-23
bobfm.co.uk	10068	2026-08-21
bocanewsnow.com	6019	2026-08-23
boerse-social.com	5296	2026-08-23
boersennews.de	6900	2026-08-10
bognor.co.uk	5973	2022-02-10
boingboing.net	31871	2026-08-10
boisestatepublicradio.org	35038	2026-08-22
bold.dk	10140	2026-08-16
bolivarmonews.com	5204	2026-08-18
bollyspice.com	5036	2026-08-21
bollywoodhungama.com	50772	2026-08-23
bollywoodlife.com	8083	2026-02-16
bollywoodmantra.com	5165	2023-06-01
bolnews.com	8267	2025-12-08
bonappetit.com	6460	2026-08-23
bondbuyer.com	14821	2026-08-21
boom1019.com	6600	2026-08-19
boom997.com	6627	2026-08-11
boorowanewsonline.com.au	17572	2026-08-20
boothbayregister.com	32350	2026-08-23
bordermail.com.au	99460	2026-08-23
bordertelegraph.com	97890	2026-08-23
borderwatch.com.au	7562	2026-05-05
boredpanda.com	396309	2026-08-23
borehamwoodtimes.co.uk	113320	2026-08-23
borgenproject.org	5577	2026-08-11
borneobulletin.com.bn	79107	2025-04-28
boston.com	66628	2026-08-23
bostonglobe.com	146251	2026-08-23
bostonherald.com	60343	2026-08-23
bostonstar.com	109986	2026-08-23
bournemouthecho.co.uk	164687	2026-08-23
bowenislandundercurrent.com	61387	2025-09-05
boxden.com	78610	2024-10-17
boxinginsider.com	5653	2026-08-23
boxingnews24.com	12627	2026-07-17
boxingnewsonline.net	11568	2026-08-23
bozemandailychronicle.com	159030	2026-08-23
bozemanskissfm.com	14999	2026-08-22
bozone.com	14355	2026-08-23
bpr.org	23840	2023-01-31
bracknellnews.co.uk	101971	2026-08-23
bradfordera.com	74235	2026-08-23
braidwoodtimes.com.au	52734	2026-08-23
brainerddispatch.com	57651	2026-08-23
braintreeandwithamtimes.co.uk	135796	2026-08-23
bramptonguardian.com	12864	2026-08-23
brandonsun.com	69136	2026-08-23
bransontrilakesnews.com	46714	2026-08-17
brantfordexpositor.ca	43850	2026-08-23
bravenewcoin.com	10480	2026-08-23
bravotv.com	9843	2026-08-22
brazilsun.com	50977	2026-08-23
breakingbelizenews.com	7788	2026-03-19
breakingdefense.com	13653	2026-08-20
breakingnews.ie	107405	2026-08-23
breakingtravelnews.com	13060	2023-08-26
brecorder.com	74251	2026-02-23
breitbart.com	292219	2026-08-23
brentwoodlive.co.uk	114643	2026-08-23
bridgemi.com	11104	2026-08-22
bridgwatermercury.co.uk	98079	2026-08-23
bridportnews.co.uk	104082	2026-08-23
briefingwire.com	81088	2026-08-23
brightonandhovenews.org	10763	2026-08-23
brightontoday.ca	9069	2026-08-22
brightsideofthesun.com	8657	2026-08-23
bringmethenews.com	15509	2023-09-18
brisbanetimes.com.au	238402	2026-08-23
bristol247.com	10749	2025-11-19
bristolpost.co.uk	129396	2026-08-23
britainnews.net	67169	2026-08-23
britannica.com	21901	2025-11-12
broadbandtvnews.com	6237	2026-06-17
broadcastnow.co.uk	13529	2025-09-04
broadwayworld.com	55810	2026-05-08
brobible.com	15029	2026-08-23
brokernews.com.au	7297	2026-08-21
bromsgroveadvertiser.co.uk	109704	2026-08-23
bromsgrovestandard.co.uk	15002	2026-08-23
brookingsradio.com	22097	2026-08-18
brooklyneagle.com	14492	2026-08-23
brooklynpaper.com	9054	2026-08-23
brooklynvegan.com	36566	2026-08-23
broomfieldenterprise.com	13035	2026-08-23
browndailyherald.com	7378	2026-08-20
brownfieldagnews.com	10795	2026-07-31
brownsvilleherald.com	16485	2021-03-17
brownwoodnews.com	17763	2026-08-23
brudirect.com	25349	2026-08-23
bruneinews.net	78607	2026-08-23
bryantimes.com	56689	2026-08-23
bssnews.net	156167	2026-08-23
bu.edu	6159	2026-08-21
bubblear.com	10962	2026-08-23
buccaneers.com	6484	2026-08-23
buckscountycouriertimes.com	10343	2023-01-24
bucksfreepress.co.uk	122233	2026-08-23
bucksherald.co.uk	12536	2025-01-23
bucksinsider.com	8693	2026-08-23
bucyrustelegraphforum.com	5927	2023-09-11
budapesttimes.hu	10615	2026-08-23
buenosairesherald.com	5366	2026-08-23
buffalobulletin.com	11450	2026-08-22
buffalonews.com	138770	2026-08-23
buffalorising.com	5982	2026-08-23
buildersmerchantsnews.co.uk	5577	2026-08-21
building.co.uk	13478	2025-09-05
bulawayo24.com	61129	2026-08-23
bulgariagazette.com	6870	2025-09-26
bulletsforever.com	7209	2026-08-22
bunburymail.com.au	104277	2026-08-23
bundesliga.com	7678	2026-08-23
burlingtoncountytimes.com	11222	2023-09-11
burlingtonfreepress.com	5470	2023-09-11
burnabynow.com	71750	2025-08-01
burnham-on-sea.com	16949	2026-08-23
burnhamandhighbridgeweeklynews.co.uk	94657	2026-08-23
burnleyexpress.net	21025	2025-01-23
burntorangenation.com	7160	2026-08-22
bursa.ro	5928	2026-08-23
burytimes.co.uk	161021	2026-08-23
business-humanrights.org	10737	2026-08-18
business-review.eu	17995	2026-08-21
business-standard.com	654551	2026-08-23
business2community.com	14796	2026-08-21
businessdailyafrica.com	41044	2026-08-23
businessday.co.za	11321	2026-08-23
businessdayghana.com	8005	2026-08-23
businessden.com	5258	2026-08-21
businessghana.com	145647	2026-08-23
businessgreen.com	18293	2026-07-17
businessincameroon.com	6671	2026-08-21
businessinsider.co.za	8106	2023-02-28
businessinsider.com	348322	2026-08-23
businessinsider.com.au	24044	2023-10-12
businessinsider.in	71647	2025-01-13
businessinsurance.com	9912	2026-08-21
businesslive.co.za	10121	2025-10-13
businessmirror.com.ph	121961	2025-05-14
businessnorth.com	9312	2026-08-19
businessoffashion.com	15909	2026-06-29
businesspost.ie	34784	2026-08-22
businessrecord.com	20810	2024-01-04
businessreport.com	7905	2026-08-21
businesstech.co.za	9105	2022-09-28
businesstimes.com.sg	78534	2026-08-23
businesstoday.in	167219	2026-08-23
businesstraveller.com	10762	2025-01-23
businesstravelnewseurope.com	7049	2026-04-06
businesswire.com	90653	2023-04-18
businesswireindia.com	12266	2026-05-18
businessworld.in	33533	2026-07-15
busseltonmail.com.au	44472	2026-07-27
butlereagle.com	57389	2026-08-23
buxtonadvertiser.co.uk	12680	2025-01-23
buzzfeed.com	87065	2026-08-23
buzzfeednews.com	7389	2026-01-01
bwog.com	16096	2026-08-21
bworldonline.com	88042	2026-08-23
bxr.com	9112	2026-08-23
byronnews.com.au	34848	2021-04-28
byu.edu	6000	2026-07-15
c-mw.net	6309	2026-08-22
c21media.net	26385	2026-08-21
cachevalleydaily.com	17514	2026-08-23
cadforum.cz	13572	2026-08-23
cadillacnews.com	32194	2026-08-22
cagesideseats.com	42230	2026-08-23
cagle.com	21449	2025-01-23
cairnspost.com.au	244685	2026-08-23
cairoscene.com	22425	2026-08-23
caixinglobal.com	24303	2026-06-08
cajnewsafrica.com	6601	2026-08-21
cajunradio.com	15892	2026-08-22
calaverasenterprise.com	5070	2026-08-21
calcoastnews.com	8475	2026-08-23
calculatedriskblog.com	14512	2026-01-12
calcuttanews.net	162410	2026-08-23
caledoncitizen.com	5885	2026-08-20
caledonenterprise.com	5519	2026-08-23
caledoniacourier.com	26413	2026-08-23
caledonianrecord.com	173876	2026-08-23
calgary.ctvnews.ca	30489	2025-01-23
calgaryherald.com	50803	2026-08-23
calgarysun.com	71648	2026-08-23
californianewswire.com	7887	2026-08-20
californiatelegraph.com	149901	2026-08-23
caller.com	7121	2023-09-11
callnewspapers.com	5396	2026-08-21
cambodiantimes.com	150619	2026-08-23
cambrian-news.co.uk	20548	2026-08-23
cambridge-news.co.uk	75250	2026-08-23
cambridge.org	7026	2026-03-01
cambridgetimes.ca	9547	2026-08-23
cambstimes.co.uk	39163	2026-08-23
camdencourier.com.au	51529	2026-08-23
cameroon-tribune.cm	14504	2026-08-23
campaignasia.com	8477	2026-08-21
campaignbrief.com	14428	2026-08-21
campaignindia.in	10153	2026-08-22
campaignlive.co.uk	25996	2026-08-21
campaignseries.co.uk	10186	2023-02-07
campbellrivermirror.com	32044	2026-08-23
campbeltowncourier.co.uk	5717	2024-01-25
campusreform.org	7013	2026-01-05
canada.com	38475	2026-08-22
canadafreepress.com	33147	2025-07-27
canadiancattlemen.ca	6482	2026-08-23
canadianinquirer.net	16265	2026-08-23
canadianlawyermag.com	6481	2026-08-21
canadianmanufacturing.com	9048	2026-08-21
canadianminingjournal.com	9614	2026-08-21
canadianreviewer.com	8976	2026-08-20
canadianunderwriter.ca	6526	2026-07-14
canberratimes.com.au	122262	2026-08-23
cancertherapyadvisor.com	7554	2026-08-21
candgnews.com	14359	2026-08-23
canindia.com	45226	2025-11-20
canoncitydailyrecord.com	26799	2026-08-23
canowindranews.com.au	25736	2024-09-09
cantechletter.com	20754	2026-05-12
cantondailyledger.com	5834	2023-09-10
cantonrep.com	17009	2023-09-11
canyon-news.com	11741	2026-08-22
capeandislands.org	39989	2026-08-23
capebretonpost.com	23307	2020-11-12
capecod.com	13068	2026-08-23
capecodtimes.com	12400	2023-09-11
capegazette.com	20535	2026-01-06
capenews.net	14543	2026-08-21
capetalk.co.za	25547	2024-01-15
capitalethiopia.com	14726	2026-08-23
capitalfm.co.ke	57451	2026-06-15
capitalfm.com	9971	2026-08-21
capitalgazette.com	80455	2026-08-23
capitalpress.com	17414	2026-08-21
capitolfax.com	17592	2026-08-21
capitolhillseattle.com	5959	2026-02-16
capjournal.com	17608	2026-08-22
capradio.org	38747	2026-08-22
captivasanibel.com	12414	2026-08-21
carandbike.com	12268	2026-07-15
caranddriver.com	11436	2026-08-23
carbon-pulse.com	17777	2025-08-13
carbuzz.com	51875	2026-08-23
cardinalcourieronline.com	10292	2026-02-05
careerindia.com	9269	2026-06-26
caribbeanherald.com	61515	2026-08-23
caribjournal.com	6649	2026-08-23
carletonvilleherald.com	12062	2023-10-11
carlow-nationalist.ie	61675	2026-08-23
carlyleobserver.com	30710	2021-07-29
carmagazine.co.uk	5314	2026-08-21
carnegieendowment.org	5346	2026-08-21
carnewschina.com	6112	2026-08-23
carolinacoastonline.com	26677	2026-08-23
carolinajournal.com	10859	2026-08-22
carrollspaper.com	39796	2026-08-23
carscoops.com	53176	2026-08-23
carsguide.com.au	6540	2025-03-31
carsonnow.org	134147	2026-08-23
cartermatt.com	27960	2026-05-08
cartoonbrew.com	5140	2026-08-21
casino.org	7067	2026-08-23
castanet.net	188887	2023-11-21
castanetkamloops.net	73853	2026-08-23
castlegarsource.com	6190	2026-08-19
catcountry1029.com	17418	2026-08-23
catcountry1073.com	50972	2026-08-23
catholic.org	9621	2026-06-29
catholicculture.org	29427	2026-08-22
catholicnewsagency.com	11036	2026-01-23
catholicphilly.com	8691	2026-08-21
catholicregister.org	7500	2026-08-23
catholicworldreport.com	32915	2026-08-23
caughtoffside.com	49834	2026-08-23
cavalierdaily.com	9484	2026-08-23
cbc.bb	19887	2026-08-23
cbc.ca	374918	2026-08-23
cbn.com	25048	2026-08-23
cbr.com	25341	2023-10-27
cbs12.com	44580	2026-08-23
cbs19.tv	57735	2026-06-06
cbs2iowa.com	41281	2026-08-23
cbs46.com	9757	2022-03-01
cbs4indy.com	5543	2024-08-20
cbs4local.com	41208	2026-08-23
cbs58.com	75590	2026-08-23
cbs6albany.com	40889	2026-08-23
cbs7.com	10489	2024-08-12
cbs8.com	55118	2026-06-05
cbsnews.com	210763	2026-08-23
ccenterdispatch.com	18399	2026-03-06
ccm.net	10814	2025-04-02
cdapress.com	23198	2026-08-23
cdispatch.com	19387	2026-08-22
cecildaily.com	19526	2026-08-23
cedarnews.net	5117	2026-08-12
cei.int	6619	2026-08-23
celebdirtylaundry.com	48477	2026-08-23
celebuzz.com	5937	2026-06-26
cemnet.com	10952	2026-08-21
centralasiatimes.com	32848	2026-08-23
centralchronicle.com	29979	2026-03-24
centraljersey.com	19200	2025-05-26
centralmaine.com	97882	2026-08-23
centralmoinfo.com	32070	2026-08-21
centraltelegraph.com.au	20824	2020-06-29
centralwesterndaily.com.au	64189	2026-08-23
centreforaviation.com	24817	2026-08-21
cessnockadvertiser.com.au	59853	2026-08-23
cfnrfm.ca	9656	2026-07-09
cfox.com	10916	2026-08-22
cfr.org	8016	2026-08-21
cfweradio.ca	6832	2026-08-23
cgtn.com	15100	2025-08-27
chad.co.uk	20199	2025-01-23
chaffeecountytimes.com	8033	2026-08-21
chalkbeat.org	8234	2026-08-21
championnewspapers.com	6102	2026-08-22
channel3000.com	131580	2026-08-23
channel4.com	20430	2026-08-23
channel5belize.com	19313	2025-05-24
channelafrica.co.za	14354	2026-08-23
channeleye.co.uk	5515	2024-08-12
channelnewsasia.com	177840	2026-08-23
channelstv.com	88519	2026-08-04
channelweb.co.uk	5809	2025-04-17
chanute.com	28949	2026-08-01
chapelboro.com	20147	2026-06-24
chardandilminsternews.co.uk	95422	2026-08-23
charismamag.com	18512	2023-07-17
charismanews.com	12185	2025-08-02
charkoosta.com	6538	2026-08-21
charlestoncitypaper.com	8308	2026-08-23
charlotteobserver.com	9913	2024-07-31
charter97.org	70754	2026-03-02
chathamdailynews.ca	47635	2026-08-23
chathamstartribune.com	10808	2026-08-23
chathamthisweek.com	37069	2026-03-13
chattanoogan.com	81669	2026-08-23
chattooga1180.com	12009	2026-08-23
chch.com	22142	2026-08-23
cheatsheet.com	28644	2026-03-18
cheboygannews.com	5551	2023-09-10
cheknews.ca	19096	2026-08-23
chelmsfordweeklynews.co.uk	115042	2026-08-14
chemeurope.com	7905	2026-08-22
chennaionline.com	17335	2026-08-23
cherokeephoenix.org	8514	2026-08-23
chessbase.com	10339	2026-08-23
chesterstandard.co.uk	153722	2026-08-23
chiangraitimes.com	23357	2026-08-23
chicagobusiness.com	22332	2026-07-06
chicagocrusader.com	8304	2026-08-22
chicagonow.com	9019	2022-08-18
chicagotribune.com	160854	2026-08-23
chichester.co.uk	7095	2022-02-10
chickashanews.com	6104	2026-08-22
chicoer.com	23452	2026-08-23
chieftain.com	9189	2023-09-11
chilecomparte.cl	24685	2026-08-23
chimpreports.com	14894	2026-08-23
china.org.cn	183607	2026-08-23
chinadaily.com.cn	590227	2026-08-23
chinadailyhk.com	10481	2025-01-27
chinadigitaltimes.net	8017	2026-06-05
chinafile.com	8464	2026-08-15
chinamil.com.cn	21408	2026-08-23
chinanationalnews.com	151576	2026-08-23
chinatechnews.com	9074	2026-08-23
chinaview.cn	30639	2026-03-19
chinookobserver.com	7989	2026-08-23
chipchick.com	23056	2026-08-23
chippewa.com	57949	2026-08-23
chorleycitizen.co.uk	18568	2023-02-07
chortle.co.uk	17814	2026-08-23
chosun.com	17595	2024-09-12
chrisd.ca	7689	2026-08-22
christianitydaily.com	5137	2026-08-21
christianitytoday.com	10621	2026-08-21
christiannewswire.com	6530	2026-08-21
christianpost.com	72056	2026-08-23
christiantoday.com	5293	2026-08-23
chron.com	549721	2025-11-18
chronicle-tribune.com	10411	2026-08-23
chronicle.co.zw	47194	2025-01-23
chronicle.com	5109	2025-11-18
chronicle.gi	7306	2026-03-17
chronicle.lu	34781	2026-08-23
chroniclejournal.com	68054	2026-08-23
chroniclelive.co.uk	132979	2026-08-23
chronicleonline.com	75119	2026-08-23
chronicletimes.com	5626	2026-08-21
chronline.com	36593	2026-08-23
chronogram.com	7687	2026-08-23
chvnradio.com	25480	2026-08-23
cinaradio.com	5842	2026-08-23
cincinnati.com	30235	2024-10-21
cincinnatimagazine.com	5755	2026-08-21
cincinnatisun.com	43850	2026-08-23
cincyjungle.com	14086	2026-08-23
cinemablend.com	84824	2026-08-23
cineuropa.net	5310	2022-08-20
cineuropa.org	28824	2026-03-27
cio.com	12010	2026-01-20
circlevilleherald.com	6599	2026-08-23
cisnfm.com	10137	2026-08-18
cities929.com	14754	2026-08-23
citizen-times.com	8165	2023-09-11
citizen.co.za	99463	2026-08-23
citizen.digital	7318	2026-02-22
citizen.on.ca	6436	2026-08-20
citizensvoice.com	56506	2026-08-23
citr.ca	5040	2025-11-02
city-countyobserver.com	15742	2026-01-31
cityam.com	60882	2026-08-23
citybeat.com	10354	2025-01-22
cityfarmer.info	5145	2026-08-23
citynews.com.au	18100	2025-09-04
citywatchla.com	9256	2026-08-21
cityweekly.net	5905	2026-08-23
citywireselector.com	7388	2022-10-19
civilbeat.org	8501	2026-07-26
civilserviceworld.com	7116	2026-08-21
civilsociety.co.uk	6003	2026-08-21
cjhk.ca	7829	2026-03-03
cjls.com	6152	2026-04-07
cjme.com	31189	2026-08-23
cjonline.com	13533	2023-09-11
cjoy.com	8910	2023-12-05
ckbw.ca	8373	2026-03-02
ckdr.net	10129	2025-10-01
ckfm.ca	6389	2024-05-10
ckom.com	31919	2026-08-23
ckua.com	10383	2026-08-23
ckxsfm.com	11611	2026-08-21
clactonandfrintongazette.co.uk	146367	2026-08-23
claimsjournal.com	13149	2026-08-21
clare.fm	25070	2026-08-23
clarechampion.ie	10229	2026-08-23
clareherald.com	7787	2026-08-23
claremoreprogress.com	7678	2026-08-21
clarionledger.com	9660	2023-09-11
clarksvillenow.com	13837	2026-08-23
clarksvilleonline.com	21964	2026-08-23
classic107.com	13462	2026-08-23
classiccountry1070.com	6263	2024-02-24
classichits925.com	10076	2026-08-20
classicrock1051.com	16764	2024-04-27
classicrock1069.com	5507	2022-01-10
classicrock961.com	32008	2026-08-23
classy100.com	35899	2026-08-23
claytodayonline.com	6619	2026-08-21
cleantechnica.com	34527	2026-08-23
clearwatertimes.com	29333	2026-08-23
clemsontigers.com	5716	2026-08-11
cleveland.com	30463	2026-03-09
cleveland19.com	48096	2026-08-23
clevelandbanner.com	12063	2026-08-23
clevelandbrowns.com	5467	2026-08-23
clevelandjewishnews.com	84375	2026-08-23
clevelandstar.com	114403	2026-08-23
clevescene.com	11212	2026-08-21
clichemag.com	14271	2026-08-15
click2houston.com	98549	2026-08-23
clickondetroit.com	161219	2026-08-23
clickorlando.com	134150	2026-08-23
clickthecity.com	7274	2025-10-21
clinicaladvisor.com	6613	2026-08-21
clinicalleader.com	7450	2026-08-23
clintonherald.com	38766	2026-08-22
clintonnewsrecord.com	23090	2026-08-23
closerweekly.com	6658	2026-08-23
cloverdalereporter.com	34822	2026-08-23
cltampa.com	9701	2026-08-23
club937.com	24971	2026-08-22
clutchpoints.com	38968	2026-06-13
clydebankpost.co.uk	101396	2026-08-23
cmcmarkets.com	5856	2026-03-09
cmo.com.au	5228	2024-01-20
cnbc.com	131897	2026-08-23
cnbcafrica.com	21532	2026-08-23
cnbctv18.com	7702	2026-03-19
cnet.com	450726	2026-08-23
cnn.com	299181	2026-08-23
cnnphilippines.com	80976	2024-01-29
cnsnews.com	60537	2025-08-26
cntraveler.com	6367	2026-08-22
cntraveller.com	5489	2026-08-22
cnweekly.com	12207	2021-07-26
cnycentral.com	32029	2026-08-23
cnynews.com	19110	2026-08-23
coast1009.com	20400	2026-08-23
coast931.com	5368	2026-08-23
coast973.com	8735	2026-08-23
coastalcourier.com	5666	2026-08-20
coastaldigest.com	19050	2026-07-27
coastalnewstoday.com	14623	2024-01-03
coastalpoint.com	6364	2026-08-21
coastalradio.ca	7178	2026-08-14
coastfm.co.uk	11110	2025-01-27
coastreporter.net	84071	2025-09-09
cobrapost.com	11765	2026-08-22
cochranetimes.com	9026	2026-08-23
cochranetimespost.ca	49884	2026-08-23
cochranetoday.ca	8500	2023-01-30
coffscoastadvocate.com.au	43733	2021-03-24
cogconnected.com	10498	2026-08-22
coincommunity.com	144852	2026-04-03
coindesk.com	30736	2026-08-18
coinspeaker.com	33259	2026-08-23
cointelegraph.com	42247	2026-08-23
coinweek.com	7781	2026-06-04
coladaily.com	8928	2026-08-23
coldlakesun.com	12987	2026-08-23
collider.com	119937	2026-08-23
colombogazette.com	9262	2026-08-23
colombopage.com	20989	2023-11-30
coloradoan.com	6487	2023-09-11
coloradohometownweekly.com	15654	2026-08-23
coloradopolitics.com	6290	2026-03-19
coloradostar.com	40563	2026-08-23
columbiadailyherald.com	9127	2023-09-11
columbiagorgenews.com	18200	2026-08-22
columbiamissourian.com	27714	2026-08-23
columbian.com	104119	2026-08-23
columbiatribune.com	10247	2023-09-11
columbustelegram.com	53570	2026-08-22
combatpress.com	12212	2026-08-23
comicbook.com	187575	2026-08-23
comicbookmovie.com	27682	2026-08-23
comicsbeat.com	10732	2026-07-30
comingsoon.net	57970	2026-08-23
commercial-news.com	14647	2026-08-23
commercialappeal.com	11594	2023-09-11
commercialmotor.com	5370	2026-06-03
commercialobserver.com	12554	2026-08-23
comminit.com	8001	2026-07-10
commodityonline.com	27788	2025-02-12
commonsnews.org	7904	2023-06-14
communityadvocate.com	6689	2026-08-23
communityimpact.com	19614	2026-07-01
communitynewspapergroup.com	19961	2026-08-22
communitynewspapers.com	13226	2026-08-04
communityni.org	5202	2022-02-11
communitypress.ca	38218	2026-06-22
comoxvalleyrecord.com	33269	2026-08-23
complex.com	22010	2026-08-23
complianceweek.com	5501	2026-08-21
compositesworld.com	8847	2026-08-22
compsmag.com	6764	2024-03-22
computerweekly.com	39242	2026-08-21
computerworld.com	10937	2026-08-21
computing.co.uk	8424	2026-06-22
comunicati.net	56760	2022-02-08
con-telegraph.ie	57195	2026-08-23
concordmonitor.com	32329	2026-08-23
conference-news.co.uk	7637	2026-08-21
connachttribune.ie	15670	2026-02-24
connectionnewspapers.com	8923	2026-08-21
connectradio.fm	20188	2026-08-22
connectsavannah.com	7568	2026-08-23
connexionfrance.com	28259	2026-08-23
consilium.europa.eu	24508	2024-07-15
consortiumnews.com	5365	2026-08-21
constructiondive.com	7577	2026-08-23
constructionenquirer.com	5803	2026-08-21
constructionequipment.com	5188	2026-08-21
constructionequipmentguide.com	6389	2025-03-03
constructionnews.co.uk	14693	2026-08-21
constructionweekonline.com	8096	2024-07-13
consumerelectronicsnet.com	16079	2024-02-09
conwaydailysun.com	20426	2026-08-22
cookingchanneltv.com	5605	2023-03-29
cookislandsnews.com	10618	2026-08-23
cool987fm.com	12266	2026-08-21
coolsocial.net	9498	2023-01-16
coolum-news.com.au	20346	2020-06-29
coosavalleynews.com	9894	2026-08-23
cootamundraherald.com.au	37938	2026-08-23
corkindependent.com	9207	2026-08-21
cornell.edu	7676	2026-08-21
cornellsun.com	8665	2026-08-20
cornwalllive.com	6249	2026-08-05
cornwallseawaynews.com	24283	2026-08-23
coronadonewsca.com	13332	2026-08-21
corsicanadailysun.com	23496	2026-08-23
corvallisadvocate.com	6114	2026-08-22
cosmeticsandtoiletries.com	7465	2026-02-10
cosmopolitan.com	68197	2026-08-23
cosmosmagazine.com	9093	2025-10-20
cotswoldjournal.co.uk	102773	2026-08-23
countercurrents.org	22239	2026-08-23
counterpunch.org	23857	2026-08-23
country-guide.ca	5855	2025-05-21
country104.com	8331	2026-07-30
country105.com	10304	2026-08-19
country1053.ca	9597	2025-05-20
country93.ca	8561	2026-08-17
country94.ca	14854	2025-12-08
countrylife.co.uk	9475	2026-08-23
countryliving.com	9700	2026-08-23
countypress.co.uk	139951	2026-08-23
countytimes.co.uk	118347	2026-08-23
countyweeklynews.ca	37959	2026-06-22
courant.com	102590	2026-08-23
courier-journal.com	18161	2023-09-11
courier-tribune.com	11381	2026-08-21
courierjournal.net	8657	2026-08-20
couriermail.com.au	182103	2024-07-31
couriernews.com	67121	2026-08-23
courierpostonline.com	8906	2023-09-11
courierpress.com	8075	2023-09-11
courthousenews.com	44459	2026-07-16
coventryobserver.co.uk	11240	2026-08-23
coventrytelegraph.net	99857	2026-08-23
covers.com	36904	2026-08-23
covnews.com	5861	2026-08-23
cowboystatedaily.com	5388	2026-07-12
cowichanvalleycitizen.com	33774	2026-08-23
cowraguardian.com.au	27333	2026-08-20
cp24.com	105751	2026-08-23
cpac.ca	6601	2024-12-16
cpapracticeadvisor.com	11605	2026-08-23
cpbj.com	8732	2026-06-04
cpfc.co.uk	5012	2026-06-25
cphpost.dk	8104	2026-08-22
cpr.org	13301	2026-02-25
cqnews.com.au	44410	2021-04-28
cracked.com	31078	2026-08-23
craigdailypress.com	6452	2026-08-21
crainscleveland.com	13200	2026-06-18
crainsdetroit.com	16510	2026-03-31
crainsnewyork.com	16163	2026-03-16
cranbrooktownsman.com	30109	2026-08-23
crash.net	33860	2026-08-23
cravenherald.co.uk	155078	2026-08-23
crawleyobserver.co.uk	5858	2022-02-09
creativebloq.com	12776	2026-08-23
creativereview.co.uk	5161	2026-07-15
crescent-news.com	29480	2026-08-23
crestonnews.com	7167	2026-08-22
crestviewbulletin.com	6262	2026-08-22
crikey.com.au	14244	2026-08-21
crimeonline.com	7164	2026-03-18
crn.com	11339	2026-08-21
crn.com.au	12386	2026-08-21
crooksandliars.com	40579	2026-08-23
crookstontimes.com	5681	2025-01-30
crookwellgazette.com.au	69941	2026-08-23
crossmap.com	32451	2026-08-23
crossrhythms.co.uk	6765	2026-08-23
crossville-chronicle.com	27528	2026-08-23
crowdfundinsider.com	87009	2026-08-23
crowrivermedia.com	50371	2025-10-29
cruisehive.com	9620	2026-08-23
cruiseindustrynews.com	7431	2026-08-23
crunchyroll.com	15924	2023-01-31
cruxnow.com	13860	2026-08-23
csindy.com	6448	2025-04-21
csmonitor.com	25083	2026-08-23
csoonline.com	10238	2026-08-21
csrwire.com	8088	2026-08-21
ctgtribune.com	15346	2025-06-01
ctmirror.org	12629	2026-08-23
ctnewsjunkie.com	5559	2026-08-23
ctpost.com	162446	2025-10-26
ctpublic.org	7913	2026-03-18
ctvnews.ca	171363	2026-08-21
cubaheadlines.com	40572	2026-08-23
cubbiescrib.com	5932	2026-08-23
cuinsight.com	19885	2025-07-09
cullmantimes.com	10094	2026-08-22
cultofmac.com	9025	2026-08-11
culturemap.com	33328	2026-08-23
cumberlink.com	50562	2026-08-22
cumbriacrack.com	30229	2025-01-23
curacaochronicle.com	9223	2026-08-21
curbed.com	6103	2026-08-19
curetoday.com	6790	2026-02-12
currentargus.com	8989	2026-08-23
cwtv.com	5688	2026-08-20
cypnow.co.uk	6355	2026-06-19
cyprus-mail.com	81718	2026-08-23
dabangasudan.org	7115	2026-08-21
dagblog.com	50779	2025-10-13
daijiworld.com	141849	2026-03-16
daily-chronicle.com	8022	2020-12-17
daily-jeff.com	8203	2023-09-11
daily-journal.com	20849	2025-02-04
daily-sun.com	38361	2025-12-09
daily-times.com	5025	2023-09-10
daily-tribune.com	7557	2026-08-23
dailyadvance.com	56923	2026-08-23
dailyadvertiser.com.au	85480	2026-08-23
dailyadvocate.com	12256	2025-05-15
dailyamerican.com	13653	2023-09-11
dailyastorian.com	12537	2026-08-23
dailybreeze.com	48603	2026-08-23
dailybruin.com	6744	2026-08-23
dailybulldog.com	9712	2026-08-23
dailybulletin.com	46336	2026-08-23
dailycal.org	22331	2026-08-22
dailycaller.com	105155	2026-08-23
dailycamera.com	43001	2026-08-23
dailycampus.com	6502	2026-07-17
dailycardinal.com	7793	2026-08-21
dailycitizen.news	13575	2025-02-06
dailycomet.com	6054	2023-09-11
dailycommercial.com	9991	2023-09-11
dailydemocrat.com	13532	2026-08-23
dailydispatch.co.za	8374	2026-08-23
dailydot.com	46250	2026-08-23
dailyecho.co.uk	170741	2026-08-23
dailyemerald.com	6802	2026-08-21
dailyexaminer.com.au	42309	2021-03-24
dailyexcelsior.com	184663	2026-08-23
dailyexpress.com.my	91331	2026-07-01
dailyforex.com	11665	2026-08-23
dailyfreeman.com	44679	2026-08-23
dailyfx.com	24052	2024-08-30
dailygalaxy.com	9925	2026-08-23
dailygazette.com	84693	2026-08-23
dailyherald.com	120389	2025-09-08
dailyheraldtribune.com	14070	2026-08-23
dailyhive.com	64282	2026-08-23
dailyindependent.com	35883	2026-08-23
dailyinterlake.com	13446	2026-06-11
dailyiowegian.com	6412	2020-05-27
dailyitem.com	53439	2026-08-23
dailyjournal.net	102260	2025-05-15
dailyjournalonline.com	43053	2026-08-23
dailykos.com	180778	2026-08-23
dailyliberal.com.au	89614	2026-08-23
dailylocal.com	52579	2026-08-23
dailymail.co.uk	1278695	2026-04-21
dailymail.com	45660	2026-08-23
dailymaverick.co.za	79522	2026-08-23
dailymercury.com.au	49265	2021-06-23
dailymirror.lk	58912	2026-08-23
dailynebraskan.com	5282	2026-08-13
dailynews.co.th	6843	2023-07-05
dailynews.co.tz	14922	2026-08-23
dailynews.co.zw	16738	2026-08-23
dailynews.com	55386	2026-08-23
dailynews.lk	33827	2023-12-29
dailynewsegypt.com	14118	2025-01-26
dailynexus.com	5768	2026-08-22
dailynorseman.com	10608	2026-08-23
dailynorthwestern.com	12019	2026-08-21
dailyorange.com	9932	2025-02-23
dailypakistan.com.pk	18179	2026-08-23
dailypioneer.com	81589	2026-08-23
dailypolitical.com	628760	2026-08-23
dailypost.co.uk	93559	2026-08-23
dailypost.ng	284421	2026-08-23
dailypost.vu	15857	2026-08-22
dailypostathenian.com	20528	2026-08-21
dailypress.com	78026	2026-08-23
dailypress.net	23318	2026-08-22
dailyprincetonian.com	7853	2026-08-10
dailyprogress.com	57724	2026-08-22
dailyrecord.co.uk	307770	2026-08-23
dailyrecord.com	9244	2023-09-11
dailyrecordnews.com	22607	2026-08-23
dailyreporter.com	8550	2026-06-03
dailyrepublic.com	89710	2026-08-23
dailyridge.com	18610	2026-08-23
dailysabah.com	64274	2026-08-23
dailysentinel.com	5535	2026-08-22
dailysignal.com	26348	2026-07-17
dailystar.co.uk	319978	2026-08-23
dailystar.com.lb	7273	2025-09-29
dailystarjournal.com	8779	2020-11-25
dailysun.co.za	30224	2022-09-11
dailytarheel.com	10238	2026-08-23
dailytelegraph.com.au	163773	2024-07-31
dailythepatriot.com	17082	2026-08-23
dailytimes.com	17651	2026-08-21
dailytimes.com.pk	142364	2026-06-25
dailytrib.com	6735	2026-08-22
dailytribune.com	25590	2025-11-05
dailytrojan.com	9014	2026-08-22
dailytrust.com	69667	2026-08-23
dailytrust.com.ng	21882	2021-06-24
dailyunion.com	24007	2026-08-23
dailyuw.com	7176	2026-07-13
dailyvoice.com	184665	2026-07-03
dailyworld.com	5461	2023-09-11
dakotanewsnow.com	19534	2026-08-23
dakotawarcollege.com	8813	2026-08-22
dallascowboys.com	10832	2026-08-23
dallasnews.com	51183	2026-04-01
dallasobserver.com	9895	2026-08-23
dallassun.com	121587	2026-08-23
dallasvoice.com	8294	2026-08-21
daltonsbusiness.com	5648	2026-07-19
danspapers.com	9558	2026-08-23
darientimes.com	58921	2025-08-31
darkhorizons.com	21696	2026-08-23
darkreading.com	13187	2025-02-20
darlingtonandstocktontimes.co.uk	107552	2026-08-23
datacenterdynamics.com	18830	2025-06-14
datacenterknowledge.com	5776	2026-08-21
daventryexpress.co.uk	10264	2025-01-23
davisenterprise.com	22969	2026-08-23
dawgpounddaily.com	5317	2026-08-23
dawn.com	261252	2026-07-20
dayton.com	5431	2024-09-04
daytonatimes.com	5415	2026-08-21
daytondailynews.com	54806	2026-08-23
dazebaonews.it	6505	2026-01-15
dazeddigital.com	18108	2026-08-21
dcourier.com	8858	2026-08-23
dcvelocity.com	5158	2026-08-20
deadline.com	164801	2026-08-23
deadlinedetroit.com	11447	2026-08-23
dealstreetasia.com	38915	2026-08-23
decanter.com	5493	2026-08-21
decaturdaily.com	47356	2026-08-22
decaturish.com	6918	2026-08-23
deccanchronicle.com	131185	2026-08-23
deccanherald.com	64357	2026-03-15
decider.com	35151	2026-08-23
defence.pk	18327	2026-05-12
defenceweb.co.za	15552	2026-08-21
defensenews.com	12222	2026-08-21
defenseone.com	8889	2026-08-23
defenseworld.net	60871	2026-04-30
defpen.com	12275	2026-08-23
dekhnews.com	5202	2025-04-11
delano.lu	6113	2025-01-11
delaware.gov	8980	2026-08-21
delawareonline.com	12601	2023-09-11
delawarepublic.org	48715	2026-08-23
delawarestatenews.net	5676	2021-02-16
delcotimes.com	59993	2026-08-23
delgazette.com	6444	2025-04-15
delmartimes.net	6342	2024-06-13
delmarvanow.com	6603	2023-09-11
delphosherald.com	5222	2026-08-05
delrionewsherald.com	10116	2021-01-22
delta-optimist.com	64492	2025-01-23
democracynow.org	35419	2026-08-21
democratandchronicle.com	9032	2023-09-11
democratherald.com	58509	2026-08-22
denbighshirefreepress.co.uk	108743	2026-08-23
denofgeek.com	8795	2026-08-21
dentonrc.com	31411	2026-08-23
denverbroncos.com	6329	2026-08-22
denverpost.com	52556	2026-08-23
derbyshiretimes.co.uk	23955	2025-01-23
derbytelegraph.co.uk	84535	2026-08-23
derryjournal.com	15278	2025-01-23
derrynow.com	41481	2026-05-21
deseret.com	38946	2026-08-23
desertsun.com	11610	2023-09-11
desiblitz.com	16959	2026-08-23
design-reuse.com	8351	2026-08-20
designboom.com	20402	2026-08-23
designnews.com	5853	2024-12-01
designyoutrust.com	5804	2026-08-23
desimartini.com	34149	2025-02-18
desmoinesregister.com	26539	2023-09-11
desototimes.com	5538	2026-08-22
destructoid.com	24027	2026-07-04
detroitnews.com	45794	2023-09-11
devdiscourse.com	137412	2026-07-03
developingtelecoms.com	14993	2026-08-23
devilslakejournal.com	6080	2026-08-21
devondispatch.ca	15973	2026-08-23
devonlive.com	9630	2026-06-20
dewsburyreporter.co.uk	12517	2025-01-23
dezeen.com	26904	2026-07-31
dfnionline.com	10034	2026-08-21
dglobe.com	30862	2026-08-23
dhakacourier.com.bd	8152	2026-08-22
dhakatribune.com	28341	2026-03-10
dhal3.com	8005	2026-08-23
diamonds.net	8812	2024-06-24
dicardiology.com	6352	2026-08-21
digg.com	24801	2026-08-23
diginomica.com	7199	2026-07-16
digit.in	31536	2026-08-23
digitaljournal.com	194994	2026-08-23
digitalsignagetoday.com	5028	2026-08-21
digitalspy.com	87002	2026-08-23
digitaltrends.com	42619	2026-08-23
digitimes.com	29772	2026-08-22
dinamalar.com	35341	2026-08-18
directorstalkinterviews.com	29266	2026-08-04
discoverairdrie.com	16685	2026-08-23
discoverestevan.com	19351	2026-08-23
discovermagazine.com	18473	2026-07-15
dispatch.com	35521	2023-09-11
dispatchlive.co.za	30383	2025-01-25
dissexpress.co.uk	20034	2026-08-23
dissidentvoice.org	9623	2026-03-22
divyabhaskar.co.in	28987	2026-08-20
diymag.com	10887	2026-08-21
djc.com	37345	2026-08-21
djcoregon.com	5745	2026-06-03
djmag.com	11931	2026-08-21
djournal.com	77466	2026-08-23
dl-online.com	30714	2026-08-23
dmagazine.com	16618	2026-08-23
dmnews.com	5332	2026-08-23
dnaindia.com	180911	2026-01-23
dnd.com.pk	16568	2026-08-23
dnews.com	30257	2026-08-23
dnj.com	6738	2023-09-11
dodgeglobe.com	8479	2026-08-22
dohanews.co	6774	2026-08-10
domain-b.com	5315	2026-08-19
dominicanrepublicpost.com	23542	2026-08-23
dominicantoday.com	14726	2026-08-23
doncasterfreepress.co.uk	24323	2025-01-23
donegallive.ie	27845	2026-05-20
donegalnews.com	16421	2026-08-23
doorcountydailynews.com	8006	2026-08-23
dorsetecho.co.uk	153731	2026-08-23
dose.ca	14761	2026-08-23
dothaneagle.com	63520	2026-08-22
dotnews.com	7880	2026-08-20
douglas-budget.com	37046	2026-08-21
downtoearth.org.in	20453	2026-08-23
drapersonline.com	18426	2026-08-21
draytonvalleywesternreview.com	14938	2026-08-23
drbicuspid.com	11808	2025-10-30
dreadcentral.com	17368	2026-08-23
dredgingtoday.com	11493	2026-08-21
drgnews.com	26156	2026-08-23
drive.com.au	41233	2026-05-31
driving.ca	14465	2026-08-22
droid-life.com	7707	2026-08-21
droitwichadvertiser.co.uk	19310	2021-05-03
droitwichstandard.co.uk	9897	2026-08-23
drudge.com	18372	2026-08-23
drugstorenews.com	5369	2025-09-08
dslreports.com	19516	2025-02-26
dtinews.vn	5601	2023-07-17
dtnext.in	7229	2024-12-16
dtnpf.com	9883	2026-08-21
dualshockers.com	27643	2026-08-23
dubaicityguide.com	7033	2026-08-23
dublinlive.ie	7571	2026-03-11
dudleynews.co.uk	128234	2026-08-23
duke.edu	6296	2026-08-21
duke.fm	22580	2026-08-22
dukechronicle.com	8423	2026-07-09
dukefmduluth.com	7915	2025-03-18
duluthnewstribune.com	64373	2026-08-23
dumbartonreporter.co.uk	88944	2026-08-23
duncanbanner.com	13355	2026-08-23
dundalkdemocrat.ie	56109	2026-05-14
dunfermlinepress.com	103500	2026-08-23
dungogchronicle.com.au	55280	2026-08-23
dunmowbroadcast.co.uk	30679	2026-08-23
dunyanews.tv	150754	2026-08-23
dupagepolicyjournal.com	21802	2026-08-23
dupontregistry.com	7662	2026-01-09
durangoherald.com	96154	2026-08-23
durhamregion.com	24056	2026-08-22
dutchnews.nl	21905	2026-08-23
dvidshub.net	16259	2025-01-26
dw.com	121183	2026-08-23
dwell.com	7064	2026-08-21
dynamicbusiness.com	6092	2026-08-23
e-flux.com	10234	2026-08-23
e-know.ca	17736	2026-08-23
eacourier.com	9879	2026-08-21
eadt.co.uk	138357	2026-08-23
eaglecountryonline.com	9290	2026-08-23
eagledayton.com	9064	2026-08-23
eaglesanantonio.com	8794	2026-08-23
eagletimes.com	12955	2025-11-19
eagletribune.com	126141	2026-08-23
ealingtimes.co.uk	114195	2026-08-23
earthquake-report.com	9134	2025-07-21
earthquakenewstoday.com	63211	2025-12-30
earthsky.org	5405	2026-08-23
eastbayri.com	9568	2026-08-23
eastbaytimes.com	77299	2026-08-23
eastbourneherald.co.uk	6199	2022-02-09
eastcountymagazine.org	18830	2026-08-23
easternmirrornagaland.com	36915	2026-08-22
easternontarionetwork.com	44622	2026-06-15
easternriverinachronicle.com.au	94057	2026-08-23
eastidahonews.com	45732	2026-07-09
eastlondonadvertiser.co.uk	35873	2026-08-23
eastlothiancourier.com	106259	2026-08-23
eastoregonian.com	24112	2026-08-23
easttexasradio.com	16598	2026-08-23
eastvalleytribune.com	5877	2026-08-23
easy93.com	5313	2025-06-14
easyreadernews.com	7295	2026-07-25
eater.com	24970	2026-08-21
eaworldview.com	6822	2026-08-23
ebar.com	17369	2025-01-23
ecb.europa.eu	5707	2026-08-21
echo-news.co.uk	176939	2026-08-23
echo.net.au	11542	2025-01-23
echolive.ie	59278	2026-08-23
echonews.com.au	18377	2020-06-29
echopress.com	33685	2026-08-23
ecns.cn	39086	2026-08-21
eco-business.com	11705	2026-08-23
ecofinagency.com	6427	2026-03-19
econintersect.com	7938	2025-01-23
economist.com	30787	2025-09-05
economynext.com	6721	2026-02-28
econotimes.com	89568	2026-08-23
ecr.co.za	44734	2026-08-23
ed.fm	9488	2026-08-23
edenmagnet.com.au	81244	2026-08-23
edge.ca	11073	2026-08-10
edie.net	8412	2025-01-23
editorandpublisher.com	17423	2026-08-23
editorinleaf.com	5294	2026-08-22
edmonton.ctvnews.ca	26612	2025-01-23
edmontonexaminer.com	22667	2026-06-29
edmontonjournal.com	37367	2026-08-23
edmontonsun.com	72901	2026-08-23
edp24.co.uk	177480	2026-08-23
edsource.org	6670	2026-06-24
educationtimes.com	11238	2026-08-23
edweek.org	5624	2026-06-03
eejournal.com	10586	2026-08-21
eenadu.net	5152	2026-08-08
eenews.net	41798	2026-08-21
efe.com	19085	2026-04-15
effinghamdailynews.com	16866	2026-08-21
effinghamradio.com	11431	2026-08-23
efinancialcareers.com	6162	2026-08-21
egyptindependent.com	19164	2026-08-23
eham.net	20273	2026-08-23
ehfcl.com	251751	2020-08-27
einnews.com	148652	2024-06-01
ejpress.org	6077	2026-08-23
ekathimerini.com	5808	2020-04-10
el-balad.com	200329	2026-08-23
elclasificado.com	8848	2026-07-16
eldoradonews.com	14354	2026-08-23
electric949.com	7956	2026-08-23
electronicsweekly.com	19188	2026-08-21
electropages.com	10893	2026-08-21
elitedaily.com	16127	2026-08-23
elitetraveler.com	5275	2026-08-23
elkharttruth.com	19197	2026-08-23
elkodaily.com	54432	2026-08-23
elle.com	21844	2026-08-23
elliotlakestandard.ca	47530	2026-08-23
ellsworthamerican.com	9411	2026-08-23
ellwoodcityledger.com	6226	2023-09-11
elmwoodparkschools.org	17893	2022-03-02
elpais.com	24442	2026-08-23
elpasoinc.com	106891	2026-08-23
elpasotimes.com	10448	2023-09-11
elwakt.com	34770	2024-06-08
elystandard.co.uk	39900	2026-08-23
emarketer.com	5605	2026-08-17
emirates247.com	15362	2026-06-10
emissourian.com	13520	2025-09-01
emmetsburgnews.com	5133	2026-08-21
empireofthekop.com	17894	2026-08-23
empireonline.com	11723	2026-08-22
emporiagazette.com	25651	2026-08-23
empr.com	10844	2026-08-21
ems1.com	12792	2026-08-23
en.apa.az	70715	2026-08-23
en.ce.cn	31796	2026-08-23
en.dangcongsan.vn	5991	2024-10-12
en.gmw.cn	7405	2025-07-02
en.kremlin.ru	5612	2026-08-23
en.people.cn	122023	2026-08-23
en.portnews.ru	5371	2026-03-08
en.qantara.de	10657	2023-10-26
en.qdnd.vn	9658	2026-03-18
en.tempo.co	46304	2026-08-23
en.trend.az	72164	2025-07-09
en.vietnamplus.vn	79240	2026-03-16
enca.com	64742	2026-08-23
endocrinologyadvisor.com	7891	2026-08-21
energeticcity.ca	21691	2026-07-21
energy-pedia.com	23495	2026-08-23
energy-storage.news	7924	2026-08-21
energy953.com	10401	2026-08-06
energycentral.com	24116	2025-05-30
energyfm.net	6729	2026-07-31
energyglobal.com	7447	2025-12-09
energylivenews.com	17140	2026-08-21
energyvoice.com	5581	2025-01-10
enewschannels.com	7323	2026-08-21
enewscourier.com	16058	2026-08-23
enfieldindependent.co.uk	96302	2026-08-23
eng.belta.by	41337	2026-03-10
eng.kavkaz-uzel.eu	7792	2026-08-23
eng.lsm.lv	5866	2025-01-02
engadget.com	46973	2026-08-23
engineering.com	5924	2026-08-21
engineeringnews.co.za	38488	2026-07-31
english.news.cn	293509	2026-08-23
english.pravda.ru	7898	2026-08-21
english.radio.cz	19729	2026-08-23
english.republika.mk	10781	2026-08-23
english.vov.vn	15732	2026-03-16
english.wafa.ps	187640	2026-08-23
enidnews.com	38981	2026-08-23
enn.com	13882	2026-08-20
enr.com	5476	2026-08-22
enrsi.rtvs.sk	5287	2025-01-19
enstarz.com	28130	2026-08-23
enterprisenews.com	7137	2023-09-11
enterprisepub.com	5444	2026-08-20
entornointeligente.com	10142	2026-08-18
entrepreneur.com	10025	2026-08-21
envirotech-online.com	5000	2025-08-14
enviweb.cz	6581	2026-07-14
eonline.com	83853	2026-08-23
ephotozine.com	35871	2025-11-18
eppingforestguardian.co.uk	97234	2026-08-23
eptrail.com	12483	2026-08-23
epw.in	9799	2026-08-22
equibase.com	25375	2026-04-29
equipmentworld.com	5145	2026-05-28
equitybulls.com	75259	2026-08-23
erienewsnow.com	92981	2026-08-23
escapistmagazine.com	8261	2026-06-09
esmmagazine.com	11121	2026-08-21
espn.com	59087	2026-03-19
esquire.com	30461	2026-08-23
essence.com	30981	2026-07-07
essexlive.news	5571	2026-07-02
estevanmercury.ca	31586	2021-07-29
etcanada.com	13319	2023-10-30
eteknix.com	18360	2026-08-23
etfdailynews.com	228558	2025-10-07
etftrends.com	32437	2026-08-03
ethanolproducer.com	8024	2026-08-22
etnow.com	11135	2026-08-21
etonline.com	71395	2026-03-25
eturbonews.com	153793	2026-06-28
eugenedailynews.com	6102	2024-08-21
euobserver.com	13356	2026-08-23
euractiv.com	39817	2026-01-22
eurasiareview.com	40474	2026-08-07
eurekalert.org	75666	2026-08-20
eureporter.co	11352	2026-06-18
euro-petrole.com	8148	2026-08-21
eurogamer.net	42663	2026-08-23
euronews.com	108591	2026-08-23
europapress.es	9005	2026-08-19
europeanpharmaceuticalreview.com	5123	2026-03-26
europeantour.com	5282	2025-06-12
europesun.com	175841	2026-08-23
eurovoix.com	11442	2026-08-23
euroweeklynews.com	6756	2026-03-19
eurweb.com	31612	2026-08-23
evanstonnow.com	9201	2026-08-23
eveningexpress.co.uk	107905	2021-11-08
eveningnews24.co.uk	102772	2026-08-23
eveningtelegraph.co.uk	66368	2021-09-22
eveningtimes.co.uk	5790	2023-03-07
eveningtribune.com	7512	2023-09-11
eventhubs.com	16167	2026-08-23
evertiq.com	8509	2026-08-21
everydayhealth.com	6830	2026-08-22
everything2.com	36374	2026-01-01
eveshamjournal.co.uk	111624	2026-08-23
evo.co.uk	5691	2026-08-23
ew.com	37810	2026-03-17
ewn.co.za	108220	2026-08-23
ewnews.com	5168	2023-02-02
ewrestlingnews.com	80712	2025-07-14
examiner.com.au	82144	2026-08-23
examiner.net	9533	2026-08-21
excelsio.net	6984	2026-08-10
exchangerates.org.uk	12962	2025-11-03
exclaim.ca	27509	2026-08-23
executivebiz.com	8730	2026-08-21
executivegov.com	9168	2026-08-21
exetertoday.ca	10085	2026-08-21
expatforum.com	5471	2026-01-22
expertclick.com	11550	2026-08-22
expertreviews.co.uk	10173	2026-08-21
exploreseiowa.com	26330	2026-03-30
explosion.com	5514	2026-08-22
express.co.uk	398237	2026-08-23
expressandstar.com	67218	2026-03-26
expressnews.com	67773	2025-08-28
extra.ie	5396	2026-03-14
extralunchmoney.com	14998	2024-09-26
extratime.com	7732	2025-09-09
extratv.com	6049	2026-08-23
extremetech.com	8332	2025-01-22
eyeonannapolis.net	17387	2026-08-23
eyeontaiwan.com	5141	2023-03-22
eyeradio.org	16774	2026-08-23
f4wonline.com	34022	2026-08-23
faceofmalawi.com	45064	2026-08-21
fairfaxtimes.com	10943	2026-08-22
fairfieldcitizenonline.com	69732	2022-03-01
fairfieldsuntimes.com	44596	2026-08-23
fairmontsentinel.com	9806	2026-08-22
fairviewpost.com	13210	2026-08-23
falkirkherald.co.uk	16511	2025-01-23
falmouthpacket.co.uk	133435	2026-08-23
famagusta-gazette.com	18052	2025-12-06
familydestinationsguide.com	9807	2026-03-19
famoushookups.com	22648	2025-04-17
fandompost.com	50311	2026-08-23
fangoria.com	7995	2026-07-30
fangraphs.com	27146	2026-08-23
fansided.com	53351	2026-08-23
fantasypros.com	7629	2025-08-19
faribaultcountyregister.com	16202	2026-08-23
fark.com	5825	2026-07-15
farmersjournal.ie	50487	2026-08-07
farminglife.com	11464	2025-01-23
farminguk.com	14488	2026-08-23
farmprogress.com	14728	2024-08-06
farmweekly.com.au	35870	2026-08-23
fastcasual.com	9463	2026-08-21
fastcompany.com	6912	2026-06-28
fauquier.com	6246	2026-08-12
fauquiernow.com	6581	2026-08-20
fayettetribune.com	6240	2026-08-21
fayobserver.com	12278	2023-09-11
faz.net	6154	2026-08-07
fbcnews.com.fj	8735	2026-03-19
fbherald.com	33801	2026-08-21
fdlreporter.com	8392	2023-09-11
feedstuffs.com	9101	2024-11-15
femalefirst.co.uk	38396	2026-08-23
femina.in	9297	2026-08-22
fenlandcitizen.co.uk	21371	2026-08-23
fermanaghherald.com	9537	2026-08-23
fftimes.com	9037	2026-08-20
fhtimes.com	12874	2026-08-23
fibre2fashion.com	15979	2026-06-02
fiercebiotech.com	5682	2026-06-16
fiercepharma.com	5640	2026-08-21
fifetoday.co.uk	14548	2025-01-23
fijilive.com	17738	2025-04-23
fijisun.com.fj	17201	2026-08-23
fijitimes.com	45574	2023-11-30
fijivillage.com	47811	2026-08-23
file770.com	21213	2026-08-23
fillmorecountyjournal.com	7746	2026-08-21
film-news.co.uk	52461	2026-08-23
filmfare.com	23360	2026-08-23
filmibeat.com	49174	2026-08-23
fin24.com	6131	2020-06-05
finance-commerce.com	15997	2026-06-03
financial-news.co.uk	12067	2026-08-23
financial-planning.com	11162	2026-08-22
financialbuzz.com	18207	2025-09-03
financialcontent.com	219874	2026-08-23
financialexpress.com	186827	2026-07-15
financialpost.com	51689	2026-08-22
financialstandard.com.au	7425	2025-01-23
finanzen.ch	36936	2026-08-22
finanzen.net	5403	2026-07-29
finanznachrichten.de	777636	2026-08-23
finchannel.com	6243	2026-08-23
finextra.com	9191	2025-12-08
fingerlakes1.com	62020	2026-08-23
finsmes.com	35430	2025-06-09
firehouse.com	7499	2026-08-23
firerescue1.com	12163	2026-08-23
firetrench.com	6866	2021-10-26
firstalert4.com	20638	2026-08-23
firstalert7.com	5922	2026-08-23
firstcoastnews.com	63319	2026-06-05
firstcomicsnews.com	20634	2026-08-23
firstlightradio.com	26626	2024-02-14
firstpost.com	146450	2026-03-17
firstshowing.net	12358	2026-08-23
fitsnews.com	6223	2026-08-23
fitzhugh.ca	40958	2025-08-29
flaglerlive.com	13732	2026-08-23
flagpole.com	6054	2026-05-20
flanews.com	6192	2025-11-07
flcourier.com	8167	2026-08-22
fleetnews.co.uk	7396	2026-07-24
fleetworld.co.uk	7117	2026-08-21
flickeringmyth.com	32659	2026-08-23
flightaware.com	9179	2026-08-13
flightglobal.com	22657	2026-08-21
floppingaces.net	14162	2026-02-11
floridanewswire.com	8797	2026-08-21
floridapolitics.com	10589	2026-04-06
floridastatesman.com	62868	2026-08-23
floridatoday.com	13611	2023-09-11
floridatrend.com	5397	2026-08-21
floridaweekly.com	15983	2026-08-23
floydct.com	16100	2026-08-23
fltimes.com	23323	2026-08-23
fluther.com	16590	2026-08-18
fly92.com	5332	2026-08-23
flyingmag.com	9451	2026-08-22
fm104.ie	17251	2026-08-22
fm96.com	8100	2026-08-10
fm99.com	5889	2026-08-21
fnarena.com	17895	2026-06-17
focusdailynews.com	7001	2026-08-23
focustaiwan.tw	60573	2026-08-23
fohonline.com	5366	2026-08-21
fonearena.com	18999	2026-08-22
fontanaheraldnews.com	11929	2026-08-21
foodandwine.com	5391	2026-02-23
foodbev.com	9623	2026-08-23
fooddive.com	7166	2026-08-23
foodista.com	14756	2026-08-05
foodmanufacture.co.uk	7574	2026-08-21
foodnavigator-usa.com	7309	2026-07-08
foodnavigator.com	7303	2026-08-21
foodsafetynews.com	5265	2026-08-23
fool.ca	50441	2026-06-04
fool.co.uk	40206	2026-05-12
fool.com	368072	2026-08-23
fool.com.au	49200	2026-06-04
football.london	13513	2023-02-02
football365.com	5098	2023-02-02
footwearnews.com	13853	2025-05-13
forbes.com	623528	2026-08-23
forbesadvocate.com.au	27348	2026-08-20
forbesindia.com	9692	2026-08-21
forcechange.com	8281	2026-08-23
forconstructionpros.com	13234	2025-12-29
ford-trucks.com	36815	2025-08-25
foreignaffairs.co.nz	50515	2025-01-23
foreignpolicy.com	16904	2026-08-23
forexcrunch.com	25695	2026-02-02
forexlive.com	77319	2025-07-19
forextv.com	134608	2025-08-05
forimmediaterelease.net	5671	2026-08-22
formula1.com	18129	2026-08-23
forsythnews.com	6933	2026-08-23
fortmcmurraytoday.com	14391	2026-08-23
fortmorgantimes.com	32011	2026-08-23
fortsaskatchewanrecord.com	15272	2026-08-23
fortune.com	45181	2026-08-23
fortworthbusiness.com	9206	2026-08-21
forward.com	24800	2026-08-22
fosters.com	9701	2023-09-11
foundry-planet.com	5183	2026-08-23
fourfourtwo.com	25817	2026-08-23
fox1023.com	18035	2026-08-19
fox10phoenix.com	91417	2026-08-23
fox10tv.com	35763	2026-08-23
fox11online.com	44469	2026-08-23
fox13memphis.com	39369	2026-08-23
fox13news.com	58128	2026-08-23
fox13now.com	35818	2026-08-23
fox13seattle.com	27529	2026-08-23
fox17.com	39987	2026-08-23
fox17online.com	63931	2026-08-23
fox19.com	38256	2026-08-23
fox21online.com	31999	2026-08-23
fox23.com	35920	2026-08-23
fox23maine.com	48094	2026-08-23
fox26houston.com	68252	2026-08-23
fox29.com	76479	2026-08-23
fox2detroit.com	55440	2026-08-23
fox2now.com	9453	2025-07-02
fox32chicago.com	89578	2026-08-23
fox34.com	27710	2026-08-23
fox35orlando.com	93190	2026-08-23
fox40.com	5235	2025-07-03
fox42kptm.com	8602	2026-08-22
fox43.com	71906	2026-06-25
fox4beaumont.com	32329	2026-08-23
fox4kc.com	7267	2025-07-02
fox4news.com	60643	2026-08-23
fox56.com	37244	2026-08-23
fox59.com	7441	2025-11-18
fox5atlanta.com	93894	2026-08-23
fox5dc.com	64615	2026-08-23
fox5ny.com	70028	2026-08-23
fox5vegas.com	24415	2026-08-23
fox61.com	63743	2026-06-06
fox6now.com	85402	2026-08-23
fox7austin.com	73276	2026-08-23
fox8.com	7734	2026-05-31
fox8live.com	31253	2026-08-23
fox8tv.com	13750	2026-08-22
fox9.com	54950	2026-08-23
fox969.com	19388	2026-08-23
foxbaltimore.com	48458	2026-08-23
foxbangor.com	61275	2026-08-23
foxbusiness.com	76956	2026-08-23
foxcarolina.com	31987	2026-08-23
foxcincinnati.com	9297	2026-08-23
foxillinois.com	29489	2026-08-21
foxla.com	68709	2026-08-23
foxnews.com	375102	2026-08-23
foxradiook.com	11447	2026-08-18
foxreno.com	31476	2026-08-23
foxrochester.com	27897	2026-08-23
foxsanantonio.com	48590	2026-08-23
foxsports.com.au	6342	2023-07-05
foxtel.com.au	12343	2026-06-23
foxwilmington.com	40499	2026-08-23
foxy99.com	14040	2026-08-23
france24.com	167191	2026-02-12
franklinfavorite.com	27544	2026-08-21
frasercoastchronicle.com.au	46313	2021-04-28
fredericknewspost.com	41887	2026-08-23
fredericksburg.com	57191	2026-08-22
freebeacon.com	20653	2026-08-23
freedom929.com	10254	2026-08-17
freedom95.us	6432	2026-08-14
freedom970.com	7966	2026-08-21
freemalaysiatoday.com	99991	2026-08-23
freep.com	46354	2024-06-25
freepressjournal.in	438472	2026-08-23
freepressseries.co.uk	91825	2026-08-23
freerepublic.com	481551	2026-08-23
freestonecountytimesonline.com	5248	2026-08-21
freethoughtblogs.com	6579	2026-08-23
freightwaves.com	6759	2026-01-21
freightweek.org	5228	2026-08-21
fremonttribune.com	72262	2026-08-22
freshfruitportal.com	9276	2026-08-21
freshplaza.com	83281	2026-08-21
fresnobee.com	5973	2024-07-17
frieze.com	5071	2026-01-28
froggy1003.com	11374	2026-08-23
froggy929.com	10680	2025-05-24
froggyweb.com	26777	2026-08-23
frontiersman.com	8569	2026-06-10
frontpageafricaonline.com	25941	2026-08-22
frontpagemag.com	21141	2026-05-29
fruitnet.com	10024	2025-09-04
ft.com	12476	2026-02-05
ft.lk	47093	2026-08-21
ftadviser.com	14867	2026-08-21
ftnnews.com	15128	2026-06-04
ftvlive.com	12968	2026-08-23
fudzilla.com	5476	2026-01-06
fukuoka-now.com	6099	2026-08-23
fultonsun.com	11573	2026-08-23
fun107.com	26625	2026-08-23
funds-europe.com	7799	2026-08-21
fundsforngos.org	24045	2026-08-21
funkytaurusmedia.com	146310	2026-08-23
furninfo.com	7158	2025-09-04
furnituretoday.com	11167	2026-06-04
futaa.com	15659	2020-11-27
futurity.org	10436	2026-08-21
fwi.co.uk	19365	2026-08-23
fwweekly.com	5694	2026-08-21
fxempire.com	10506	2026-03-09
fxstreet.com	125442	2026-03-05
gadget.co.za	6950	2026-08-21
gadgetsmagazine.com.ph	6200	2026-08-22
gadsdentimes.com	8135	2023-09-11
gainesville.com	15883	2023-09-11
gainesvilleregister.com	6874	2026-08-23
gainesvilletimes.com	11380	2026-08-22
galesburg.com	6937	2023-09-11
galusaustralis.com	7671	2020-08-18
galvnews.com	42006	2026-08-22
galwaybayfm.ie	21797	2026-08-23
gamasutra.com	12921	2022-06-24
gamenguide.com	6776	2026-08-21
gamepur.com	22146	2024-08-14
gamerant.com	132761	2026-08-23
gameranx.com	19226	2026-08-21
gamereactor.eu	24623	2026-08-23
gamerevolution.com	10463	2026-08-21
gamesindustry.biz	19272	2026-08-21
gamespot.com	45822	2026-01-20
gamesradar.com	64869	2026-08-23
gamewatcher.com	5237	2026-08-21
gamingbolt.com	19479	2026-08-23
gamingintelligence.com	5259	2026-08-21
gananoquereporter.com	40209	2026-08-23
ganggreennation.com	8414	2026-08-23
gardenandgun.com	5189	2026-08-20
garoweonline.com	7847	2026-08-23
gasgoo.com	16302	2026-08-23
gastongazette.com	9600	2023-09-11
gasworld.com	10705	2026-05-24
gator995.com	17793	2026-08-21
gattonstar.com.au	44798	2021-04-28
gaytimes.co.uk	10016	2024-05-06
gazetaexpress.com	24763	2026-08-05
gazette-news.co.uk	147692	2026-08-23
gazette.com	190417	2026-08-23
gazetteandherald.co.uk	120071	2026-08-23
gazetteherald.co.uk	144395	2026-08-23
gazettejournal.net	6311	2026-08-19
gazettelive.co.uk	92627	2026-08-23
gazettenet.com	37019	2026-08-23
gazetteseries.co.uk	117713	2026-08-23
gazettetimes.com	49353	2026-08-22
gazettextra.com	53941	2026-08-23
gbtribune.com	13050	2026-08-22
gcaptain.com	19414	2026-08-23
gcmaz.com	12858	2026-08-22
gctelegram.com	8452	2026-08-20
gdnonline.com	170521	2026-08-23
gds.ro	6100	2024-11-05
gearjunkie.com	12055	2026-08-14
geekwire.com	13044	2026-08-20
geeky-gadgets.com	48575	2026-08-23
geekzone.co.nz	7336	2026-08-23
geelongadvertiser.com.au	107540	2026-08-23
geneamusings.com	8370	2026-08-23
genengnews.com	9392	2026-06-04
geneticliteracyproject.org	10187	2026-03-20
geo.tv	154410	2026-08-23
geograph.org.uk	6215	2024-07-13
georgeherald.com	32381	2026-08-22
georgiatoday.ge	15482	2026-08-21
geosuper.tv	34855	2026-08-23
getreading.co.uk	50971	2024-05-03
getreligion.org	6582	2024-02-02
getsurrey.co.uk	89069	2026-08-23
gettysburgtimes.com	31573	2026-08-22
ggrasia.com	7764	2026-06-29
ghanafa.org	6675	2026-08-21
ghanaiantimes.com.gh	42533	2026-08-21
ghanamma.com	121916	2026-08-20
ghananewsagency.org	7849	2020-05-06
ghanaweb.com	247740	2026-03-03
ghettoradio.co.ke	9917	2026-08-20
giants.com	7542	2026-08-23
gigulate.com	36126	2026-05-21
gigwise.com	5578	2026-08-23
gillettenewsrecord.com	39544	2026-08-23
gilmermirror.com	24592	2026-08-23
giornaledibrescia.it	8277	2026-04-11
girlslife.com	6595	2026-08-23
gisborneherald.co.nz	15364	2025-02-04
gisuser.com	10287	2026-08-23
github.com	10434	2026-08-22
gizbot.com	5744	2026-07-23
gizchina.com	41152	2026-08-23
gizmochina.com	11012	2026-03-19
gizmodo.co.uk	9499	2020-09-09
gizmodo.com	56001	2026-08-23
gizmodo.com.au	32551	2024-07-11
gjsentinel.com	107290	2026-08-23
gladstoneobserver.com.au	52613	2021-06-23
glamour.com	14851	2026-08-23
glamsham.com	61635	2026-08-22
glasgowtimes.co.uk	192698	2026-08-23
glasgowworld.com	9356	2025-01-23
glassonweb.com	9018	2026-08-21
gleninnesexaminer.com.au	46736	2026-08-23
glidemagazine.com	8478	2026-08-23
globalcapital.com	15451	2025-10-20
globalcement.com	8128	2026-08-21
globalissues.org	10046	2026-08-23
globalnews.ca	151936	2026-08-23
globalsecurity.org	145808	2026-08-23
globalsistersreport.org	6033	2026-08-22
globaltimes.cn	58671	2026-08-23
globalvoices.org	7059	2026-08-22
globegazette.com	55324	2026-08-22
globenewswire.com	285961	2025-11-14
globes.co.il	15691	2026-08-23
gloucesteradvocate.com.au	60414	2026-08-23
gloucestershirelive.co.uk	11049	2026-05-13
gloucestertimes.com	34401	2026-08-23
gmanetwork.com	22387	2026-07-19
gmatclub.com	29293	2025-11-20
gmauthority.com	17532	2025-11-18
gmenhq.com	6441	2026-08-23
gna.org.gh	11444	2026-02-22
gnnliberia.com	14062	2026-08-22
go.com	359868	2026-02-10
go955.com	17481	2024-10-08
goal.com	111252	2026-03-19
gobankingrates.com	23046	2026-08-20
gocomics.com	23592	2025-08-13
gocountry105.com	10905	2026-08-23
godanriver.com	49560	2026-08-22
goderichsignalstar.com	22998	2026-08-23
goerie.com	15023	2023-09-11
goldcoastbulletin.com.au	141462	2024-07-30
goldderby.com	20378	2026-08-22
goldseiten.de	22114	2026-03-23
golocalprov.com	16443	2026-07-21
goodereader.com	5447	2026-08-23
goodhousekeeping.com	18158	2026-08-23
goodmenproject.com	69387	2025-01-23
gopusa.com	16072	2025-01-21
gosanangelo.com	5421	2023-09-11
goshennews.com	83417	2026-08-23
goskagit.com	267373	2026-08-23
goss.ie	41913	2026-08-23
gossipcop.com	5937	2021-09-01
gothamist.com	22540	2026-08-23
goulburnpost.com.au	95229	2026-08-23
goupstate.com	13769	2026-05-17
gov.uk	110927	2026-08-23
govconwire.com	8613	2026-08-21
governing.com	13887	2026-08-23
governorswindenergycoalition.org	7025	2026-08-23
govexec.com	12376	2026-08-23
govinfosecurity.com	16012	2026-08-22
govtech.com	20917	2026-08-23
gowatertown.net	27377	2026-08-20
gpb.org	14970	2026-08-23
gponline.com	5504	2026-07-02
gq-magazine.co.uk	12547	2026-08-23
gq.co.za	5353	2026-08-23
gq.com	12826	2026-08-22
gqindia.com	9718	2026-08-23
grainews.ca	6978	2025-05-22
grandforksgazette.ca	29182	2026-08-23
grandforksherald.com	73632	2026-08-23
grandhaventribune.com	18651	2026-08-22
grandprix.com	9564	2026-08-23
grandprix247.com	19654	2026-08-23
grandrapidsmn.com	31929	2026-08-23
granthamjournal.co.uk	6444	2023-12-04
graphic.com.gh	61801	2026-08-23
gratefulweb.com	24483	2026-08-23
graziadaily.co.uk	5049	2026-02-03
grbj.com	6001	2023-04-15
greanvillepost.com	9122	2026-08-23
great98.net	10150	2022-09-19
greatbendpost.com	35092	2026-08-23
greaterbelize.com	6131	2026-08-23
greatfallstribune.com	6218	2023-09-08
greatlakesadvocate.com.au	60375	2026-08-23
greekcitytimes.com	18898	2026-03-10
greekherald.com	62880	2026-08-23
greekreporter.com	30344	2026-06-07
greeleytribune.com	36910	2026-08-23
greenbaypressgazette.com	11617	2023-09-11
greencarcongress.com	11692	2024-07-30
greenevillesun.com	20036	2026-08-22
greenfieldreporter.com	43235	2025-05-15
greenleft.org.au	8146	2026-08-21
greenocktelegraph.co.uk	128329	2026-08-23
greensboro.com	56366	2026-08-22
greensburgdailynews.com	40137	2026-08-23
greenvilleonline.com	6965	2023-09-11
greenwichfreepress.com	7035	2026-08-23
greenwichtime.com	135194	2025-06-12
grenadachronicle.com	18284	2026-08-23
grenfellrecord.com.au	26123	2026-08-20
grimsbytelegraph.co.uk	77636	2026-08-23
grmdaily.com	11485	2026-06-28
groove993.com	11369	2026-06-19
ground.news	19048	2025-01-25
groundup.org.za	8625	2026-08-23
gsmarena.com	43314	2026-08-23
guampdn.com	51654	2026-08-23
guardian-series.co.uk	97739	2026-08-23
guardian.co.tt	47945	2026-08-23
guardian.ng	78980	2026-04-05
guelphmercury.com	9957	2026-08-23
guernicamag.com	7443	2026-07-15
guernseypress.com	80030	2026-08-22
guitarworld.com	16994	2026-08-23
gulf-times.com	55611	2026-08-23
gulf104.com	21653	2026-08-23
gulfbusiness.com	19994	2026-04-03
gulfcoastmedia.com	7945	2026-08-23
gulfcoastnewsnow.com	24863	2026-08-23
gulfnews.com	196054	2026-08-23
gulftoday.ae	52129	2026-03-19
gulte.com	40848	2026-08-23
gurlstudio.com	5527	2023-02-20
gurufocus.com	19152	2026-07-11
guyanachronicle.com	6750	2020-07-23
gvnews.com	8918	2026-08-22
gwdtoday.com	125393	2025-11-04
gwhatchet.com	8659	2026-08-18
gwinnettdailypost.com	84617	2026-08-20
gx94radio.com	26453	2026-08-23
gympietimes.com.au	53769	2021-04-28
haaretz.com	64888	2026-08-23
haberler.com	9532	2026-08-14
haberx.com	6873	2025-09-08
habseyesontheprize.com	6592	2026-08-22
hackaday.com	11092	2026-08-23
hackneygazette.co.uk	29639	2026-08-23
haitilibre.com	10020	2026-08-23
haitisun.com	49682	2026-08-23
halesowennews.co.uk	141554	2026-08-23
halfwheel.com	11456	2026-08-23
halifax.citynews.ca	6698	2025-10-14
halifaxcourier.co.uk	18225	2025-01-23
haligonia.ca	5420	2026-08-22
hallmarknews.com	16120	2026-08-23
halsteadgazette.co.uk	124100	2026-08-23
hamhigh.co.uk	55970	2026-08-23
hamlethub.com	14685	2026-07-28
hamodia.com	8109	2023-02-02
hampshirechronicle.co.uk	148271	2026-08-23
hampshirereview.com	7522	2026-08-20
hancinema.net	58199	2026-07-28
hanfordsentinel.com	25539	2026-08-23
hani.co.kr	11724	2026-08-23
hannaherald.com	8859	2026-08-23
hannibal.net	11372	2026-08-22
hannity.com	16708	2026-08-05
hapakenya.com	9215	2026-08-18
hapblog.com	8337	2025-05-22
harboroughmail.co.uk	11120	2025-01-23
hardcoregamer.com	13304	2026-08-23
hardenexpress.com.au	47377	2026-08-23
hardwoodparoxysm.com	9002	2026-08-17
harnesslink.com	28215	2026-08-23
harpersbazaar.com	25012	2026-08-23
harringayonline.com	47151	2026-08-23
harrisondaily.com	22247	2026-08-23
harrogate-news.co.uk	6172	2026-08-22
harrogateadvertiser.co.uk	15619	2025-01-23
harrowtimes.co.uk	95275	2026-08-23
hartenergy.com	8026	2025-09-18
hartfordbusiness.com	21003	2026-08-23
hartfordcitynewstimes.com	37106	2026-08-12
hartlepoolmail.co.uk	13236	2025-01-23
harvard.edu	14296	2026-08-21
harwichandmanningtreestandard.co.uk	127291	2026-08-23
hauraki.co.nz	9247	2026-08-20
havanatimes.org	6867	2026-08-23
havasunews.com	37026	2026-08-23
havredailynews.com	12009	2026-07-19
hawaii.edu	8724	2026-08-22
hawaiinewsnow.com	43470	2026-08-23
hawaiipublicradio.org	26610	2026-08-23
hawaiitelegraph.com	123684	2026-08-23
hawaiitribune-herald.com	19034	2026-08-23
hawkesburygazette.com.au	56749	2025-07-28
hayspost.com	32827	2026-08-23
hazard-herald.com	28073	2026-08-23
hcamag.com	10205	2026-08-21
hccommunityjournal.com	9773	2026-08-23
hcplive.com	11811	2026-03-27
hd983.com	16151	2026-07-03
hdnews.net	6727	2026-08-02
headlineplanet.com	8715	2026-08-23
healio.com	39090	2026-08-22
health.com	6689	2026-03-17
healthcanal.com	7276	2025-02-04
healthcaredive.com	7835	2026-08-23
healthcarefinancenews.com	5465	2026-06-03
healthcareitnews.com	14929	2026-06-04
healthday.com	6681	2026-08-21
healthleadersmedia.com	15931	2026-06-30
heart.co.uk	21188	2026-08-21
heartfm.ca	13683	2026-08-22
heaven1460.com	9105	2026-08-18
heavy.com	23260	2026-06-18
hedgeweek.com	6175	2026-05-20
helenair.com	64089	2026-08-22
helihub.com	5597	2024-07-26
hellenicshippingnews.com	161204	2026-08-23
hellobeautiful.com	5435	2026-08-23
hellomagazine.com	107242	2026-08-23
helsinkitimes.fi	6466	2026-08-23
hemeltoday.co.uk	10711	2025-01-23
hendersondispatch.com	16031	2026-08-22
hendersonvillelightning.com	6368	2026-08-22
henleystandard.co.uk	11044	2026-08-23
henricocitizen.com	6171	2026-08-23
henryherald.com	63903	2026-08-20
hepburnadvocate.com.au	49001	2026-08-23
her.ie	53028	2026-06-26
herald-citizen.com	11616	2026-08-22
herald-dispatch.com	53537	2026-08-23
herald-review.com	67805	2026-08-22
herald-zeitung.com	14395	2026-08-22
herald.co.zw	61471	2025-01-23
heraldandnews.com	23022	2026-08-23
heraldbanner.com	8814	2026-08-22
heraldbulletin.com	61430	2026-08-23
heraldcourier.com	40948	2026-08-18
heralddemocrat.com	9154	2026-08-15
heraldextra.com	19671	2026-08-23
heraldglobe.com	153137	2026-08-23
heraldgoa.in	15180	2026-08-23
heraldlive.co.za	30798	2025-01-25
heraldmailmedia.com	43614	2023-09-11
heraldmalaysia.com	22801	2026-03-11
heraldnet.com	18375	2026-08-23
heraldnews.com	11208	2023-09-11
heraldpalladium.com	36554	2026-08-23
heraldscotland.com	147768	2026-08-23
heraldseries.co.uk	134713	2026-08-23
heraldstandard.com	19992	2026-08-22
heraldstaronline.com	20846	2026-08-22
heraldsun.com.au	122647	2024-07-31
heraldtribune.com	22337	2023-09-11
herefordtimes.com	67490	2026-08-23
heritage.org	39650	2026-08-17
heritagefl.com	10097	2026-08-20
hermistonherald.com	7628	2026-08-22
hertfordshiremercury.co.uk	22775	2025-11-04
hertsad.co.uk	38841	2026-08-23
hexham-courant.co.uk	129853	2026-08-23
hexus.net	6999	2025-02-25
hiawathaworldonline.com	37474	2026-08-20
hickoryrecord.com	49236	2026-08-22
hiddenremote.com	6509	2026-08-23
highlandcountypress.com	24546	2026-08-23
highlandradio.com	54137	2026-08-23
highrivertimes.com	9058	2026-08-23
highschoolot.com	5755	2026-06-09
highsnobiety.com	21970	2026-08-23
highway989.com	9762	2026-07-01
hillingdontimes.co.uk	120519	2026-08-23
hillsdale.net	5253	2023-09-11
hilltimes.com	8161	2026-08-23
hindi.cri.cn	10380	2026-08-23
hindustantimes.com	519767	2026-08-23
hiphopdx.com	39549	2026-05-18
hiphopnc.com	11887	2026-08-23
hiphopwired.com	11827	2026-08-22
hirunews.lk	7226	2026-03-05
history.com	12340	2026-08-22
historyextra.com	5331	2026-08-23
hitc.com	91520	2026-08-23
hitconsultant.net	9405	2026-08-22
hits1053sanantonio.com	6898	2026-08-22
hits96.com	18255	2026-08-21
hits973.com	9845	2026-08-21
hitsfm.net	44751	2026-08-23
hjnews.com	24653	2026-08-23
hltv.org	128348	2025-08-12
hngn.com	51625	2026-08-23
hngnews.com	43999	2026-08-23
hoganstand.com	26519	2026-08-23
hogshaven.com	9936	2026-08-23
hola.com	24202	2026-08-23
hollandsentinel.com	16685	2023-09-10
hollywoodlife.com	31576	2026-08-05
hollywoodreporter.com	71152	2026-08-23
homelandsecuritynewswire.com	9310	2026-08-21
homenewshere.com	66232	2026-08-23
homernews.com	5215	2026-08-23
hometownregister.com	116335	2026-08-23
hometownsource.com	76513	2026-08-23
hometownstation.com	24210	2026-08-23
hometownstations.com	72209	2026-08-23
hongkongherald.com	47378	2026-08-23
honisoit.com	6577	2026-08-20
honolulumagazine.com	9603	2026-08-23
hoodline.com	5815	2025-01-23
hopestandard.com	38626	2026-08-23
horseandhound.co.uk	18721	2026-08-22
hortweek.com	23116	2026-07-02
hospitalitydesign.com	5914	2026-08-17
hospitalitynet.org	56909	2026-06-29
hot101.com	10649	2026-08-23
hot1017.com	6653	2025-01-24
hot1029.com	15171	2026-08-19
hot1033.com	9397	2026-08-23
hot1047.com	28456	2026-08-23
hot105fm.com	7079	2026-08-22
hot1077radio.com	9049	2026-08-23
hot96.com	35001	2026-08-23
hot967.fm	5584	2023-03-17
hot967fm.com	26729	2026-08-22
hot969boston.com	25223	2026-08-23
hot97.com	17427	2026-08-21
hot975fm.com	16903	2026-08-22
hotair.com	92328	2026-08-23
hotaugusta.com	15014	2026-08-23
hotcountrybull.com	7573	2024-01-26
hoteliermiddleeast.com	7467	2023-03-21
hotelnewsresource.com	11176	2026-08-22
hotelscombined.com	5957	2026-08-18
hothardware.com	11710	2026-08-23
hotpress.com	16089	2026-08-23
hotspotatl.com	10960	2026-08-23
houmatoday.com	11760	2023-09-11
houseandgarden.co.uk	6386	2026-08-21
housebeautiful.com	11478	2026-08-22
housingwire.com	16516	2026-08-23
houstonchronicle.com	122357	2025-07-23
houstonherald.com	13204	2026-08-22
houstoniamag.com	5728	2026-08-21
houstonianonline.com	8922	2026-08-19
houstonpress.com	7776	2026-08-22
houstonpublicmedia.org	29594	2026-08-23
houstontexans.com	5298	2026-08-21
howestreet.com	11006	2026-08-18
howstuffworks.com	14191	2026-04-20
howtogeek.com	30895	2026-08-23
hpherald.com	5657	2026-08-22
hpj.com	14647	2026-08-21
hppr.org	50158	2026-08-23
hpr2.org	8519	2021-06-02
hrmagazine.co.uk	19243	2026-05-29
hrreporter.com	6764	2026-08-23
hrw.org	11998	2026-08-23
hsj.co.uk	13651	2025-09-05
htrnews.com	10229	2023-09-11
htsstlucia.org	6266	2026-08-22
htxt.co.za	12157	2026-08-21
hub-4.com	6274	2026-08-23
hubcityradio.com	7935	2026-08-22
hubspot.com	7717	2026-08-21
hucknalldispatch.co.uk	11608	2025-01-23
hudsoncountyview.com	10604	2026-08-23
hudsonreporter.com	7874	2026-04-24
hudsonstarobserver.com	6174	2026-08-23
hudsonvalley360.com	28171	2024-04-23
hudsonvalleycountry.com	43971	2026-08-23
huewire.com	25116	2026-08-21
huffingtonpost.ca	6676	2021-03-09
huffingtonpost.co.uk	41354	2026-08-23
huffpost.com	59785	2026-08-17
hulldailymail.co.uk	102199	2026-08-23
human-wrongs-watch.net	5228	2026-03-01
humanevents.com	9365	2026-08-23
humanitariannews.org	105823	2021-09-28
humanresourcesonline.net	7930	2026-08-21
humboldtjournal.ca	32771	2021-07-29
hungarytoday.hu	24934	2026-08-23
huntspost.co.uk	39705	2026-08-23
hup.hu	6522	2026-08-14
hurriyetdailynews.com	45124	2026-08-23
huskeradio.com	11884	2026-07-24
hutchnews.com	11848	2023-09-10
hydrocarbonprocessing.com	13741	2026-08-21
hypebeast.com	63481	2026-02-15
hypebot.com	13001	2026-08-22
hyperallergic.com	10225	2026-08-22
i1071.com	8884	2021-04-30
i24news.tv	27791	2026-08-23
i95rock.com	15793	2026-08-23
i95rocks.com	19375	2026-08-21
iafrica.com	22466	2026-08-23
iam-media.com	5328	2026-03-21
ianslive.in	302492	2026-08-23
ibcworldnews.com	25110	2026-08-23
iberianet.com	8444	2022-06-22
iberkshires.com	36920	2026-08-23
iberonews.com	6155	2026-08-20
ibinews.com	10505	2025-09-04
ibj.com	7864	2026-08-21
ibtimes.co.in	58465	2026-08-23
ibtimes.co.uk	75470	2026-08-23
ibtimes.com	194080	2026-08-23
ibtimes.com.au	32746	2026-08-23
ibtimes.sg	7279	2026-03-16
icaew.com	8181	2026-08-23
icenews.is	9879	2026-08-23
iconnect007.com	14962	2026-06-11
icsf.net	13270	2026-08-21
idahobusinessreview.com	7707	2026-06-04
idahopress.com	79810	2026-08-23
idahostatejournal.com	93874	2026-08-23
idahostatesman.com	5302	2024-07-30
ideastream.org	19535	2026-08-23
idg.com.au	6314	2023-02-14
idiva.com	19640	2026-08-22
idrw.org	66865	2026-08-23
idsnews.com	12759	2026-08-23
ieyenews.com	17503	2026-03-17
ifa.com.au	6640	2026-06-25
ifamagazine.com	11527	2026-01-16
ifiberone.com	57438	2023-02-15
igamingbusiness.com	15275	2026-08-21
igberetvnews.com	7537	2025-11-26
ign.com	82010	2026-08-23
iheart.com	15261586	2026-08-23
ijpr.org	33021	2026-08-23
ijr.com	5157	2026-03-19
ilfordrecorder.co.uk	29419	2026-08-23
illawarramercury.com.au	100218	2026-08-23
illinoistimes.com	9548	2026-08-22
ilonggotechblog.com	9736	2026-08-21
ilovebobfm.com	9913	2026-08-23
iloveqatar.net	6388	2025-11-27
imemc.org	10349	2026-08-23
imore.com	27836	2025-05-23
imparcialoaxaca.mx	5071	2026-04-01
impartialreporter.com	119834	2026-08-23
imt.ie	5921	2026-08-22
in-cumbria.com	15045	2026-08-23
in.gr	6907	2026-08-22
inc.com	5320	2025-08-22
inc42.com	11305	2024-02-02
indaily.com.au	8422	2025-01-20
indcatholicnews.com	9391	2026-08-23
inddist.com	9485	2025-10-03
indeonline.com	8553	2023-09-11
independantexpress.com	14258	2026-02-17
independent.co.uk	263315	2026-08-23
independent.com	17696	2026-08-23
independent.com.mt	24769	2026-08-23
independent.ie	289738	2026-05-19
independentnews.com	25144	2026-08-22
independentsentinel.com	45911	2026-06-10
independenttribune.com	46434	2026-08-23
india.com	282169	2026-02-23
indiablooms.com	35668	2026-08-23
indiaeducationdiary.in	57963	2026-08-23
indiagazette.com	265575	2026-08-23
indiainfoline.com	11988	2026-08-23
indianagazette.com	5626	2026-03-19
indianapolisrecorder.com	5862	2026-04-02
indianautosblog.com	9032	2026-07-13
indiancooperative.com	14621	2026-08-23
indianewengland.com	27869	2026-08-22
indianexpress.com	484102	2026-07-31
indiantelevision.com	24132	2025-01-23
indianweekender.co.nz	14639	2026-08-23
indiapost.com	10512	2026-08-21
indiatimes.com	2663556	2026-08-23
indiatoday.in	181286	2026-06-29
indiatvnews.com	127245	2026-07-15
indiawest.com	25524	2026-06-22
indiedb.com	15816	2025-11-16
indiewire.com	16550	2026-08-23
indonesiatribune.com	16856	2026-08-19
industrialinfo.com	10156	2026-08-21
industrytoday.co.uk	5784	2024-08-30
indysmix.com	10768	2026-08-23
indystar.com	25111	2023-09-11
indyweek.com	5238	2026-02-12
inews.co.uk	6841	2026-08-19
inewsgr.com	13141	2026-08-23
inferse.com	6265	2026-07-27
infiniteunknown.net	11693	2025-04-11
infonews.co.nz	8643	2026-08-21
inform.kz	15122	2023-09-17
informationng.com	37425	2026-08-23
informationweek.com	6914	2026-08-21
inforum.com	97449	2026-08-23
infosecurity-magazine.com	11803	2026-08-21
infotechlead.com	6796	2026-08-21
infotel.ca	204502	2026-05-01
infowars.com	37273	2025-06-05
infoworld.com	9545	2026-08-21
inlander.com	12984	2026-08-22
inlandnewstoday.com	17417	2026-08-22
inman.com	20720	2026-07-07
inmaricopa.com	9207	2026-08-21
innovationintextiles.com	5663	2026-08-21
innovationtoronto.com	12603	2025-07-14
inquirer.com	78859	2026-08-23
inquirer.net	247882	2026-07-29
inquisitr.com	72061	2025-05-14
insidebitcoins.com	25597	2026-08-19
insideclimatenews.org	5881	2026-06-23
insideedition.com	15008	2025-09-11
insideevs.com	27664	2026-08-22
insidefutbol.com	17478	2026-08-23
insidefutures.com	7921	2020-12-29
insidehalton.com	13475	2026-08-23
insidehighered.com	9322	2026-05-12
insideindianabusiness.com	21528	2026-08-23
insidelacrosse.com	6347	2024-12-01
insidenova.com	69087	2026-08-23
insideottawavalley.com	9036	2026-08-23
insidepulse.com	6975	2026-08-21
insider.com	15591	2024-01-08
insideretail.asia	8938	2026-08-21
insidermedia.com	8897	2025-01-23
insidermonkey.com	174032	2026-08-23
insidethegames.biz	24663	2024-09-13
insidetheiggles.com	7285	2026-08-23
insightnews.com	6606	2026-08-21
instinctmagazine.com	5356	2026-08-23
institutionalinvestor.com	6333	2025-12-11
instyle.com	18917	2026-03-17
insuranceage.co.uk	7904	2026-08-21
insurancebusinessmag.com	31004	2026-08-21
insuranceinsider.com	7698	2026-08-18
insurancejournal.com	72534	2026-08-22
insurancenewsnet.com	70667	2026-06-04
integra927.com	5224	2024-06-03
intelligencer.ca	51076	2026-08-23
intelligentinsurer.com	11862	2026-08-13
interest.co.nz	14574	2026-08-23
interestingengineering.com	6703	2026-03-19
interfax.com	40978	2026-03-19
interfax.com.ua	61805	2026-08-22
intergameonline.com	15693	2026-05-17
interior-news.com	28098	2026-08-23
interlochenpublicradio.org	35860	2026-08-23
international-adviser.com	7966	2026-08-21
internationaltimes.it	5914	2026-08-23
intouchweekly.com	13940	2026-08-23
intrafish.com	14819	2026-08-21
inverelltimes.com.au	54776	2026-08-23
inverness-courier.co.uk	80036	2026-08-23
investegate.co.uk	553504	2026-08-21
investing.com	84818	2026-03-26
investinglive.com	15860	2026-08-23
investingnews.com	18638	2026-08-21
investmentexecutive.com	18662	2026-08-11
investmentnews.com	16581	2026-08-22
investmentwatchblog.com	55995	2026-08-23
investmentweek.co.uk	18103	2026-08-17
investopedia.com	18705	2026-03-17
investordaily.com.au	10101	2026-06-24
investorideas.com	8268	2026-08-21
investorplace.com	21549	2026-08-21
investors.com	46311	2026-08-23
investorschronicle.co.uk	12575	2026-08-21
invezz.com	37889	2025-09-23
inyourpocket.com	5325	2026-08-04
iol.co.za	227944	2025-01-23
iomtoday.co.im	27570	2026-08-23
iowapublicradio.org	50242	2026-08-23
iowastatedaily.com	6844	2026-08-17
ipe.com	9537	2025-09-04
ipolitics.ca	10831	2025-04-24
ipowerrichmond.com	13305	2026-08-23
ippmedia.com	8175	2025-02-26
ipsnews.net	18065	2026-08-21
ipswichadvertiser.com.au	21261	2020-06-29
ipswichstar.co.uk	93503	2026-08-23
ipwatchdog.com	9238	2026-08-21
iradio.ie	8835	2026-08-21
iranherald.com	69266	2026-08-23
iranoilgas.com	7026	2026-08-23
iraq-businessnews.com	6675	2026-08-23
iraqsun.com	82313	2026-08-23
irasciblemusings.com	20726	2024-01-20
irishamerica.com	6788	2026-07-27
irishcentral.com	19233	2026-08-23
irishdentist.ie	6711	2026-08-23
irishecho.com	5565	2026-08-21
irishexaminer.com	121720	2026-08-23
irishmirror.ie	175203	2026-08-23
irishnews.com	85547	2026-08-23
irishsun.com	48667	2026-08-23
irishtimes.com	223172	2026-08-23
ironmountaindailynews.com	25031	2026-08-22
irrawaddy.com	10690	2025-12-09
irrigator.com.au	52942	2026-08-23
irvinetimes.com	93502	2026-08-23
islamicinvitationturkey.com	12476	2026-08-23
island.lk	54091	2026-07-27
islandpacket.com	5017	2024-07-29
islands.com	24472	2026-08-23
islingtongazette.co.uk	29099	2026-08-23
islingtontribune.co.uk	6204	2026-08-22
ispreview.co.uk	5584	2026-08-22
israelherald.com	37622	2026-08-23
israelnationalnews.com	248610	2026-08-23
israeltoday.co.il	6119	2025-04-16
isthmus.com	15791	2026-08-23
it-online.co.za	82616	2026-08-22
italian.cri.cn	11220	2026-08-23
itbrief.co.nz	13786	2026-08-23
itbusinessnet.com	162744	2026-08-23
itechpost.com	18185	2026-08-21
itemlive.com	12565	2026-08-23
itemonline.com	17928	2026-08-22
ithaca.com	6383	2026-08-22
ithacajournal.com	5125	2023-09-11
itnews.com.au	11424	2026-08-23
itnewsafrica.com	10465	2026-08-21
itnewsonline.com	131433	2026-08-10
itnonline.com	8060	2026-08-21
itp.net	8530	2023-03-21
itpro.co.uk	9219	2023-04-11
itsnicethat.com	7883	2026-08-21
itv.com	100917	2025-06-02
itweb.co.za	14521	2026-08-21
itwire.com	23215	2026-08-22
ivpressonline.com	91521	2026-08-22
iwf.org	6281	2025-09-09
iwradio.co.uk	54271	2026-08-21
j-14.com	5231	2025-08-11
jacarandafm.com	47976	2026-08-23
jacksonprogress-argus.com	67439	2026-08-23
jacksonsun.com	6477	2023-09-11
jacksonville.com	16128	2023-09-11
jacksonvilleprogress.com	10814	2026-08-22
jagonews24.com	28631	2026-04-15
jagranjosh.com	82878	2026-08-23
jaguars.com	7006	2026-08-23
jalopnik.com	26114	2026-08-23
jamaica-gleaner.com	92086	2026-08-23
jamaica-star.com	40589	2026-08-21
jamaicantimes.com	41004	2026-08-23
jamaicaobserver.com	221877	2026-08-23
jambands.com	7078	2026-08-23
jambase.com	11492	2025-12-12
jamestown.org	5203	2026-08-20
jamestownsun.com	52638	2026-08-23
janes.com	20542	2026-08-21
japanherald.com	67760	2026-08-23
japantimes.co.jp	118947	2026-08-21
japantoday.com	73141	2026-08-23
jaxdailyrecord.com	8843	2024-01-03
jaysjournal.com	5199	2026-08-23
jayski.com	6195	2025-01-18
jbhe.com	9341	2026-08-22
jckonline.com	8223	2026-08-21
jcnnewswire.com	16837	2026-08-23
jconline.com	6301	2023-09-10
jcpost.com	27592	2026-08-23
jdnews.com	12965	2026-08-23
jdsupra.com	313287	2026-07-15
jeepforum.com	5241	2026-06-11
jerseyeveningpost.com	82573	2026-08-23
jewishjournal.com	10648	2023-03-03
jewishlink.news	5362	2023-06-17
jewishpress.com	41963	2026-08-23
jewishtimes.com	5221	2026-08-21
jewishworldreview.com	8617	2026-08-21
jezebel.com	10203	2026-08-22
jg-tc.com	57107	2026-08-22
jhnewsandguide.com	18019	2026-08-23
jhu.edu	18591	2026-08-23
jns.org	32753	2026-08-23
joblo.com	39802	2026-07-30
joe.co.uk	22824	2026-04-16
joe.ie	23908	2026-04-15
johnogroat-journal.co.uk	46649	2026-08-23
johnsoncitypress.com	21521	2025-12-16
jonathanturley.org	7609	2026-08-23
joplinglobe.com	90065	2026-08-23
jordantimes.com	57612	2026-08-23
jose947.com	15323	2025-03-13
journal-advocate.com	30399	2026-08-23
journal-news.com	38885	2026-08-23
journal-news.net	28117	2026-08-23
journal-spectator.com	9839	2025-11-25
journal-topics.com	8805	2026-08-22
journal.com.ph	14940	2026-08-23
journalgazette.net	79045	2026-08-23
journalinquirer.com	22390	2023-06-03
journalism.co.uk	5492	2026-08-20
journalismpakistan.com	7305	2026-08-23
journalnow.com	73508	2026-08-22
journalpatriot.com	10371	2026-08-20
journalpioneer.com	22877	2020-11-11
journalrecord.com	37118	2026-06-03
journalreview.com	11028	2026-08-22
journalstandard.com	5432	2023-09-10
journalstar.com	111375	2026-08-22
journaltimes.com	69611	2026-08-23
jowhar.com	8097	2026-08-23
jox2fm.com	41278	2025-07-23
joxfm.com	18968	2026-08-23
joy.org.au	12029	2026-08-23
jpost.com	175795	2026-08-23
jsonline.com	32169	2023-09-11
jta.org	11234	2025-05-12
jtv.com	50634	2026-08-21
jumpradio.ca	7573	2026-06-29
juneauempire.com	8098	2026-08-23
juneesoutherncross.com.au	105216	2026-08-23
juniorminingnetwork.com	20959	2026-08-21
junkee.com	6676	2026-02-19
jurist.org	6889	2026-03-19
just-auto.com	11340	2026-08-21
just-drinks.com	7659	2026-08-21
just-food.com	8972	2026-08-21
just-style.com	9216	2026-08-21
justarsenal.com	17790	2026-08-23
justblogbaby.com	5806	2026-08-23
justice.gov	5015	2025-11-26
justiceinfo.net	9690	2026-08-22
justicenewsflash.com	7822	2026-07-14
justjared.com	611881	2026-07-05
justjaredjr.com	121461	2026-08-19
justmeans.com	17128	2023-01-06
justsecurity.org	5564	2026-08-21
juxtapoz.com	6197	2026-05-13
jweekly.com	11333	2026-08-22
jwire.com.au	13914	2026-08-20
k100country.com	5853	2026-08-23
k101fm.net	41439	2026-04-22
k1047.com	23663	2026-08-23
k105.com	12301	2026-07-16
k12.wi.us	18159	2026-08-13
k2radio.com	26423	2026-08-21
k923orlando.com	9094	2026-08-22
k945.com	38417	2026-08-22
k96fm.com	17336	2026-08-23
k985.com	5843	2020-12-09
k99.com	22374	2026-08-23
k99online.com	6541	2026-01-28
k99wigm.com	8143	2026-08-21
kaaltv.com	75975	2026-03-17
kabc.com	30264	2026-08-22
kachwanya.com	7093	2026-08-12
kacu.org	56764	2026-08-23
kafe.com	5696	2026-08-23
kagstv.com	38121	2026-06-06
kaieteurnewsonline.com	31512	2026-08-23
kait8.com	34720	2026-08-23
kajo.com	5820	2026-08-22
kake.com	51430	2026-08-23
kalb.com	17668	2026-08-23
kalw.org	48842	2026-08-23
kamcity.com	15232	2025-11-18
kamloopsbcnow.com	12348	2026-08-23
kamloopsthisweek.com	20035	2023-10-27
kansascity.com	5375	2024-07-30
kansaspublicradio.org	23882	2026-08-23
kanw.com	37966	2025-07-07
kaok.com	41913	2026-08-23
kare11.com	62042	2026-06-25
karennews.org	7333	2026-08-21
karriere.at	11037	2024-03-25
kashmirlife.net	42810	2026-08-23
kashmirreader.com	50462	2026-08-23
kashmirtimes.com	19676	2026-08-23
kashmirtimes.in	16699	2025-04-18
kasu.org	95525	2026-08-23
katc.com	47233	2026-08-23
katcountry989.com	44859	2026-08-21
katherinetimes.com.au	63424	2026-08-23
kathmandupost.com	28306	2026-08-23
katm.com	6251	2026-08-23
katsfm.com	43351	2026-08-23
katt.com	9395	2026-08-23
katu.com	43620	2026-08-23
katv.com	35857	2026-08-23
kawc.org	63607	2026-08-23
kawowo.com	7324	2026-08-23
kazu.org	67922	2026-08-23
kbat.com	27728	2026-08-23
kbcy.com	5501	2026-08-23
kber.com	8807	2026-08-23
kbew98country.com	5072	2026-08-23
kbft.org	7859	2026-08-20
kbhbradio.com	8708	2025-01-23
kbia.org	37789	2026-08-23
kbnd.com	7524	2026-08-20
kbnwnews.com	5550	2026-08-16
kboo.fm	6849	2026-08-23
kbrx.com	7761	2026-08-20
kbs.co.kr	65129	2026-08-23
kbtt.fm	20147	2026-08-10
kbtx.com	28314	2026-08-23
kbull93.com	13417	2022-09-06
kbur.com	16646	2026-08-21
kbzk.com	39284	2026-08-23
kcbd.com	30816	2026-08-23
kcbx.org	31787	2026-08-23
kcby.com	35327	2026-08-23
kcchronicle.com	7039	2023-05-01
kcci.com	84558	2026-08-23
kccu.org	58421	2026-08-23
kcentv.com	51557	2026-06-06
kcet.org	7715	2023-09-25
kchanews.com	10578	2026-08-23
kciiradio.com	24158	2026-08-17
kclr96fm.com	8606	2026-08-23
kclu.org	47086	2026-08-23
kcra.com	112275	2026-08-23
kcrg.com	37064	2026-08-23
kcrr.com	26517	2026-08-23
kcrw.com	21945	2026-01-30
kctv5.com	42198	2026-08-23
kcur.org	16374	2026-08-23
kdal610.com	12741	2025-09-30
kdat.com	45752	2026-08-23
kdhlradio.com	58817	2026-08-23
kdhnews.com	90000	2026-08-23
kdks.fm	16608	2026-08-10
kdlg.org	17369	2025-01-27
kdminer.com	6596	2026-08-20
kdramastars.com	20646	2026-08-21
kdrv.com	29908	2026-08-23
kdux.com	9744	2026-08-07
kdvr.com	6504	2026-02-17
kdwn.com	7218	2022-11-12
keanradio.com	21103	2026-08-23
kearneyhub.com	50118	2026-08-23
kecofm.com	9020	2026-08-21
kedm.org	56329	2026-08-23
keighleynews.co.uk	132347	2026-08-23
kekbfm.com	33608	2026-08-23
kelo.com	82269	2026-08-23
kelofm.com	17965	2026-08-21
kelownacapnews.com	54031	2026-08-23
kelownadailycourier.ca	61261	2026-08-23
kenoraonline.com	7083	2025-08-25
kenoshanews.com	7298	2025-08-27
kens5.com	72133	2026-06-05
kentlive.news	5708	2026-07-02
kentonline.co.uk	95912	2026-08-23
kentuckynewera.com	34678	2026-08-22
kenw.org	42770	2026-08-23
kenyan-post.com	45102	2026-08-23
kenyans.co.ke	16332	2026-03-18
kenyastar.com	68068	2026-08-23
keprtv.com	25980	2026-06-05
keralakaumudi.com	5655	2026-08-23
keranews.org	24907	2026-08-23
kerrang.com	13551	2026-08-17
kesn1033.com	9325	2020-10-06
kesq.com	81642	2026-08-23
ketchikandailynews.com	6937	2026-08-21
ketr.org	48660	2026-08-23
ketv.com	79566	2026-08-23
kevinmd.com	18014	2026-05-27
keyc.com	19006	2026-08-23
keyj.com	20683	2026-08-23
keysnews.com	50187	2026-08-23
keyt.com	104253	2026-08-23
keyw.com	25109	2026-08-22
kezi.com	28064	2026-08-21
kezj.com	22139	2026-08-21
kfdi.com	10996	2026-01-28
kfdm.com	34108	2026-08-23
kffm.com	29501	2026-08-23
kfgo.com	72631	2026-08-23
kfilradio.com	62060	2026-08-23
kfiz.com	10734	2026-08-23
kfm.co.ug	8614	2026-04-20
kfm.co.za	9754	2024-01-15
kfmx.com	31312	2026-08-23
kfor.com	7646	2026-06-11
kfox95.com	28515	2026-08-23
kfoxtv.com	39688	2026-08-23
kfqd.com	6517	2026-08-10
kfru.com	38074	2026-08-23
kfrxfm.com	17293	2026-08-05
kfvs12.com	51691	2026-08-23
kfyo.com	19229	2026-08-21
kfyrtv.com	29272	2026-08-23
kgab.com	6496	2026-03-06
kggo.com	10460	2026-08-21
kgmi.com	7909	2024-01-16
kgmo.com	7189	2026-07-15
kgns.tv	23138	2026-08-23
kgoradio.com	26604	2022-10-06
kgou.org	67053	2026-08-23
kgw.com	58191	2026-07-14
khaama.com	22413	2026-08-23
khak.com	39352	2026-08-23
khaleejtimes.com	156190	2026-08-19
khaosodenglish.com	9434	2025-01-23
khay.com	5498	2026-08-23
khit1075.com	22128	2026-08-21
khits.com	51157	2026-08-03
khmertimeskh.com	29011	2025-07-08
khop.com	10405	2026-08-23
khou.com	72508	2026-06-06
khq.com	83236	2026-08-23
khqa.com	31700	2026-08-23
kicdam.com	7503	2024-07-31
kickam1530.com	24596	2026-08-23
kickoff.com	31261	2026-08-23
kicks105.com	20647	2026-08-23
kicks1063.com	11582	2026-08-23
kicks99.com	15977	2026-08-23
kickscountry.com	5004	2026-07-23
kicksonfire.com	45793	2026-06-01
kidderminstershuttle.co.uk	114398	2026-08-23
kiiitv.com	55653	2026-06-05
kiimfm.com	6210	2026-08-23
kikn.com	32470	2026-08-23
kilburntimes.co.uk	48393	2026-08-23
kildare-nationalist.ie	56108	2026-08-23
kilgorenewsherald.com	11812	2026-08-23
kilkennypeople.ie	58431	2026-05-14
kimatv.com	28907	2026-06-06
kimberleybulletin.com	29488	2026-08-23
kimt.com	58063	2026-08-23
kincardinenews.com	21639	2026-08-23
king5.com	67787	2026-06-05
kingdomfm.co.uk	18364	2025-01-03
kingfm.com	35834	2026-08-23
kingfut.com	10182	2026-08-23
kingstonthisweek.com	36695	2026-03-26
kinja.com	15310	2026-04-27
kink.fm	5474	2026-08-23
kinston.com	7642	2026-08-20
kion546.com	5562	2025-08-21
kios.org	47564	2026-08-15
kiow.com	15851	2026-08-23
kiplinger.com	15170	2026-08-23
kirksvilledailyexpress.com	8737	2026-08-23
kiro7.com	64679	2026-08-23
kism.com	9612	2026-08-21
kiss-1031.com	9185	2026-08-23
kiss951.com	30120	2026-08-23
kisscasper.com	24985	2026-08-22
kissfm969.com	25676	2026-08-23
kissrocks.com	8074	2026-08-22
kisswtlz.com	21876	2026-08-21
kitchener.citynews.ca	6837	2025-01-26
kitchener.ctvnews.ca	24550	2025-01-23
kitchenertoday.com	6824	2021-10-17
kitco.com	27552	2026-08-22
kitguru.net	21738	2026-08-21
kitsapsun.com	5916	2023-09-11
kitv.com	59343	2026-08-23
kivitv.com	7643	2026-03-19
kiwaradio.com	13769	2026-08-23
kiwiblog.co.nz	9024	2026-08-23
kix106.com	5995	2026-08-23
kix953.com	14884	2026-08-07
kix96.com	5974	2026-08-23
kixi.com	9256	2026-08-20
kixs.com	19330	2026-08-23
kixweb.com	7541	2026-08-20
kizn.com	6930	2026-08-23
kjas.com	11014	2026-08-23
kjct8.com	20814	2026-08-23
kjlhradio.com	6672	2026-08-21
kjmo.com	7596	2025-03-17
kjo1055.com	5502	2026-08-22
kjrh.com	18531	2026-08-23
kjzz.org	39103	2026-08-23
kkco11news.com	12137	2026-08-23
kkfm.com	13317	2026-08-23
kkgb.com	17861	2026-08-21
kkiq.com	16155	2026-08-22
kkoh.com	75525	2026-08-22
kkrv.com	14780	2026-08-21
kktv.com	25688	2026-08-23
kkyr.com	24576	2026-08-23
kkyx.com	7212	2026-08-22
klake.com	8869	2024-02-15
klaq.com	29099	2026-08-23
klaw.com	26471	2026-08-23
klcc.org	93052	2026-08-23
klce.com	5932	2024-08-29
klewtv.com	26166	2026-06-06
klif.com	79153	2026-08-23
klik1240.com	31383	2024-10-16
klin.com	15135	2026-08-22
klkl.fm	21081	2026-08-10
klkntv.com	37500	2026-08-23
klll.com	8952	2026-08-22
klove.com	5104	2026-08-23
klrc.com	5121	2026-08-21
kltv.com	34247	2026-08-23
klur.com	6128	2026-08-23
klyq.com	6235	2025-03-12
kmaj1440.com	110637	2026-08-18
kmaland.com	29879	2026-08-23
kmbc.com	79249	2026-08-23
kmch.com	12081	2026-08-23
kmfm.co.uk	8760	2026-08-21
kmhk.com	18358	2026-08-23
kmit.com	5109	2026-08-21
kmjnow.com	70724	2026-08-23
kmmo.com	22515	2026-08-19
kmmsam.com	12880	2026-08-23
kmov.com	18034	2023-12-04
kmuw.org	46264	2026-08-23
kmvt.com	18727	2026-08-23
kmxs.com	7566	2026-08-19
kmxt.org	18328	2026-08-23
knac.com	17815	2026-08-22
knau.org	42174	2026-08-23
knbr.com	14484	2025-05-22
knco.com	7410	2026-08-03
kneb.com	8538	2021-03-30
knek.com	20299	2026-08-23
kniakrls.com	48473	2026-04-10
knoe.com	30921	2026-08-23
knopnews2.com	23427	2026-08-23
knoxnews.com	11024	2023-09-11
knoxradio.com	13758	2026-08-21
knpr.org	70958	2026-08-23
knsiradio.com	19595	2026-08-23
knue.com	35502	2026-08-22
knzr.com	12841	2026-05-14
koaa.com	51792	2026-08-23
koamnewsnow.com	30806	2026-08-23
koat.com	63810	2026-08-23
kob.com	132671	2026-08-23
kobi5.com	24827	2026-08-23
koco.com	87862	2026-08-23
kodiakdailymirror.com	6720	2026-08-20
koel.com	25384	2026-08-21
kogt.com	7250	2026-08-22
koimoi.com	72409	2026-08-23
koka.am	21807	2026-08-22
kokomoperspective.com	42673	2023-11-03
kokomotribune.com	60142	2026-08-23
kold.com	42427	2026-08-23
kolotv.com	29503	2026-08-23
komando.com	10025	2026-08-23
komonews.com	36584	2026-08-23
komu.com	52098	2026-08-23
kono1011.com	9477	2026-08-22
kool1017.com	34383	2026-08-23
kool1079.com	29850	2026-08-23
kool965.com	18847	2026-08-21
kool973.com	5260	2026-08-19
kool98.com	7252	2026-08-20
koolam.com	11325	2026-08-21
koolfmabilene.com	19746	2026-08-23
kopsource.com	65646	2024-11-23
koreabizwire.com	47083	2026-02-12
koreabridge.net	5186	2026-08-23
koreaherald.com	135646	2026-08-23
korean.cri.cn	8535	2026-08-23
koreatimes.co.kr	120494	2026-08-23
koreatimesus.com	6498	2025-07-18
kosu.org	32665	2026-05-09
kotaku.com	19497	2026-08-23
kotaku.com.au	19079	2026-08-10
kotaradio.com	8599	2026-08-23
kotatv.com	22428	2026-08-23
kowb1290.com	14308	2026-08-22
koxe.com	13528	2026-08-20
koze.com	10134	2026-08-13
kpax.com	45562	2026-08-23
kpbs.org	52154	2026-08-23
kpcnews.com	67664	2026-08-23
kpcw.org	38627	2026-08-23
kpel965.com	36383	2026-08-23
kpfa.org	13574	2026-08-23
kphrfm.com	11968	2026-08-18
kpic.com	38166	2026-08-23
kpla.com	9340	2026-08-23
kplctv.com	39475	2026-08-23
kpopstarz.com	22692	2026-08-22
kpq.com	14844	2026-08-23
kprs.com	8783	2026-08-18
kptv.com	32250	2026-08-23
kpvi.com	56605	2026-08-23
kqky.com	10095	2026-04-28
kqvt.com	14618	2026-08-22
kqxy.com	10375	2026-08-23
krcgtv.com	38893	2026-08-23
krcoam.com	5925	2022-04-05
krcrtv.com	45074	2026-08-23
krcu.org	67253	2026-08-23
krdo.com	110671	2026-08-23
krem.com	51326	2026-06-26
krforadio.com	53851	2026-08-23
krgv.com	64139	2026-08-23
kristv.com	38779	2026-08-23
krmg.com	32353	2026-08-23
krmsradio.com	5691	2026-08-23
krna.com	28005	2026-08-23
krnb.com	15559	2026-08-23
krny.com	11521	2026-08-20
kroc.com	41945	2026-08-23
krock.com.au	7327	2026-08-23
krock1017fm.com	5079	2021-05-15
krocnews.com	15553	2026-08-23
krod.com	17575	2026-08-22
krqe.com	5338	2025-11-18
krro.com	25904	2026-08-23
krrq.com	20604	2026-08-23
krrvonline.com	13342	2026-08-21
krtv.com	35041	2026-08-23
krvn.com	7917	2021-02-12
krvs.org	25228	2026-08-23
krwg.org	52660	2026-08-23
ks95.com	14997	2026-08-21
ksal.com	11800	2026-08-23
ksam1017.com	7002	2026-08-23
ksat.com	165304	2026-08-23
ksbw.com	63745	2026-08-23
ksby.com	55673	2026-08-23
kscj.com	8904	2026-08-23
ksdk.com	66285	2026-06-06
ksenam.com	13780	2026-08-23
ksfa860.com	14349	2026-08-23
ksfr.org	6265	2026-08-23
ksgf.com	12566	2026-05-23
kshb.com	46697	2026-08-23
kshe95.com	9988	2026-08-21
ksisradio.com	18861	2026-08-23
ksjbam.com	6242	2026-08-23
ksks.com	10817	2026-08-23
ksl.com	140430	2026-08-23
ksla.com	34582	2026-08-23
kslx.com	7503	2026-08-20
ksmb.com	20070	2026-08-23
ksmu.org	89763	2026-08-23
ksnblocal4.com	18682	2026-08-23
ksnt.com	7165	2025-07-16
ksoo.com	5993	2021-08-01
kspr.com	11386	2020-07-08
ksro.com	23115	2025-09-15
kstp.com	59468	2026-03-19
ksusentinel.com	36224	2026-06-19
ksut.org	38741	2026-08-23
kswo.com	27694	2026-08-23
ksyl.com	28720	2026-08-23
ktar.com	56303	2026-06-03
ktbb.com	48229	2026-08-23
ktbs.com	99936	2026-08-23
ktcx.com	6178	2026-08-23
kten.com	50861	2026-08-23
ktep.org	42456	2026-08-23
ktgl.com	8619	2026-08-19
kticradio.com	7000	2021-05-28
ktik.com	7969	2026-08-23
ktiv.com	37683	2026-08-23
ktla.com	8210	2025-05-28
ktlo.com	37245	2026-08-18
ktnv.com	6090	2026-03-18
ktop1490.com	82222	2026-08-23
ktre.com	22630	2026-08-23
ktsa.com	19364	2026-08-23
kttn.com	17326	2025-11-10
ktts.com	11047	2025-11-23
ktucam.com	9209	2023-08-24
ktul.com	40168	2026-08-23
ktuu.com	8725	2020-07-16
ktvb.com	59027	2026-06-06
ktvh.com	31481	2026-08-23
ktvl.com	5848	2026-08-22
ktvo.com	29102	2026-08-23
ktvq.com	33716	2026-08-23
ktvu.com	66186	2026-08-23
ktvz.com	151145	2026-08-23
ktwb.com	8226	2026-08-21
ktxs.com	34019	2026-08-23
ku.edu	6708	2026-08-19
kuaf.com	48163	2026-08-23
kuam.com	24726	2026-04-30
kucb.org	8858	2026-08-20
kuenselonline.com	10167	2026-08-22
kuer.org	17228	2026-08-21
kugn.com	65466	2026-08-18
kuic.com	14908	2026-08-23
kulr8.com	69415	2026-08-23
kuna.net.kw	50048	2026-02-25
kunc.org	53171	2026-08-23
kunm.org	38632	2026-08-23
kunr.org	27806	2026-08-23
kuow.org	32664	2026-08-23
kurv.com	25315	2026-08-23
kusi.com	21626	2024-01-30
kut.org	13605	2026-08-23
kutx.org	5265	2026-08-23
kuvo.org	10264	2026-08-20
kuwaittimes.com	10873	2025-01-27
kuwaittimes.net	15352	2022-01-04
kuzz.com	6238	2026-08-23
kval.com	40892	2026-08-23
kvia.com	124634	2026-08-23
kvmr.org	8420	2026-08-23
kvnf.org	55377	2026-08-23
kvoa.com	48003	2026-08-23
kvoo.com	8055	2020-12-07
kvor.com	81218	2026-08-23
kvpionline.com	15771	2026-08-20
kvpr.org	35773	2026-08-23
kvrr.com	24747	2026-08-22
kvue.com	62654	2026-06-25
kw3.com	13621	2026-08-23
kwayradio.com	6701	2026-08-21
kwbu.org	78628	2026-08-23
kwcdcountry.com	11221	2026-08-23
kwch.com	29155	2026-08-23
kwhl.com	5400	2026-08-10
kwin.com	23106	2026-08-23
kwiq.com	8480	2026-08-22
kwit.org	75227	2026-08-23
kwqc.com	31381	2026-08-23
kwsn.com	22057	2026-08-23
kwtx.com	26516	2026-08-23
kwwl.com	6192	2026-03-17
kwxx.com	11538	2026-08-22
kx947.fm	6639	2026-08-23
kxel.com	62217	2026-08-23
kxii.com	17792	2026-08-23
kxkx.com	25117	2026-08-23
kxl.com	22219	2026-08-23
kxlf.com	38185	2026-08-23
kxlh.com	31983	2026-08-23
kxly.com	109002	2026-08-23
kxly920.com	16544	2026-08-23
kxrb.com	33226	2026-08-23
kxxv.com	53599	2026-08-23
kxzz1580am.com	8657	2022-01-03
ky3.com	53093	2026-08-23
kygl.com	21821	2026-08-23
kyis.com	10046	2026-08-23
kyivpost.com	67257	2026-08-23
kykz.com	5611	2026-08-23
kyma.com	58698	2026-08-23
kynt1450.com	14812	2026-08-23
kyodonews.net	22840	2026-08-21
kysdc.com	13908	2026-08-23
kyssfm.com	31509	2026-08-22
kyuk.org	26871	2026-08-23
kztv10.com	26465	2026-08-23
kzyx.org	47743	2026-08-23
labelsandlabeling.com	9341	2026-04-07
labmate-online.com	7410	2025-08-07
labusinessjournal.com	6216	2026-08-17
lacrossetribune.com	124011	2026-08-23
ladailypost.com	24589	2026-08-23
ladunliadinews.com	8588	2025-07-28
ladysmithchronicle.com	34189	2026-08-23
lagrandeobserver.com	13350	2026-08-23
lagrangenews.com	6682	2026-08-23
lagunabeachindy.com	5070	2026-08-22
lahainanews.com	5355	2026-08-23
laineygossip.com	14178	2026-08-21
laist.com	39040	2026-08-23
lajollalight.com	5593	2024-06-12
lakeexpo.com	8175	2026-08-21
lakegenevanews.net	29869	2026-08-21
lakelandtimes.com	5024	2026-08-21
lakenewsonline.com	10959	2026-08-20
lakersnation.com	15880	2026-08-23
lakeshoreadvance.com	23199	2026-08-23
lakeshowlife.com	6145	2026-08-23
lamag.com	10325	2026-08-23
lancashiretelegraph.co.uk	215937	2026-08-23
lancasterfarming.com	10208	2026-08-22
lancasterguardian.co.uk	14852	2025-01-23
lancasteronline.com	97565	2026-08-23
lanereport.com	5084	2026-08-21
lankanewspapers.com	5904	2026-08-23
lankaweb.com	16195	2026-08-23
lansingstatejournal.com	8274	2023-09-11
laois-nationalist.ie	57294	2026-08-23
laosnews.net	96210	2026-08-23
laprensalatina.com	37186	2026-05-11
laramieboomerang.com	5085	2021-02-04
larouchepub.com	5009	2026-08-20
lasentinel.net	12449	2025-08-23
lasvegassun.com	104369	2026-08-20
lasvegasweekly.com	7611	2026-08-23
latestly.com	108148	2025-01-27
latimes.com	185229	2026-08-23
latinamericanpost.com	11229	2026-08-23
latinfinance.com	12263	2026-08-22
latinnews.com	5453	2025-09-15
latinpost.com	19962	2026-08-12
latintimes.com	29351	2026-08-23
latpro.com	42075	2023-03-23
laughingplace.com	17502	2026-08-23
law360.com	148404	2026-08-23
lawandcrime.com	6285	2026-03-17
lawfuel.com	5391	2026-08-22
lawgazette.co.uk	18504	2025-09-05
lawofficer.com	10540	2026-08-23
lawstreetmedia.com	8734	2026-08-20
lawyersweekly.com.au	11801	2026-08-23
lbc.co.uk	77854	2026-08-23
lbcgroup.tv	7553	2026-07-13
lbpost.com	13829	2026-08-22
lcsun-news.com	11231	2023-09-11
leaderherald.com	10592	2023-10-24
leaderlive.co.uk	182780	2026-08-23
leaderpost.com	64564	2026-08-23
leadership.ng	102525	2026-08-23
leadertelegram.com	57075	2026-08-23
leamingtonobserver.co.uk	14441	2026-08-23
leavenworthtimes.com	9904	2026-08-18
lebanon-express.com	21448	2023-04-25
lebanondemocrat.com	82050	2026-08-23
ledburyreporter.co.uk	108241	2026-08-23
ledgertranscript.com	15471	2026-08-23
leducrep.com	16479	2026-08-23
leftfootforward.org	5782	2026-08-23
legalinsurrection.com	16841	2026-08-23
legallyindia.com	22876	2026-08-23
legalnewsline.com	16774	2026-08-23
legit.ng	17884	2026-03-19
legitgov.org	12528	2026-08-22
lehighacrescitizen.com	5479	2026-08-21
lehighvalleylive.com	48122	2026-02-23
leicestermercury.co.uk	117684	2026-08-23
leighjournal.co.uk	98963	2026-08-23
leightonbuzzardonline.co.uk	9193	2025-01-23
leinsterexpress.ie	59110	2026-05-12
leinsterleader.ie	62211	2026-05-12
leitrimobserver.ie	49217	2026-05-14
lelezard.com	35745	2026-06-02
lemonde.fr	9061	2026-04-15
lenconnect.com	10474	2023-09-11
lendio.com	8488	2023-07-02
lep.co.uk	26299	2025-01-23
lestimes.com	7342	2026-08-22
lethbridgeherald.com	64422	2026-08-23
letsrecycle.com	6114	2026-08-21
letsrun.com	12170	2026-06-01
lewistownsentinel.com	15486	2026-08-23
lewrockwell.com	31823	2026-06-04
lex18.com	37897	2026-08-23
lexch.com	23135	2026-08-21
lexology.com	31975	2026-07-15
lfpress.com	24953	2026-08-23
lgbtqnation.com	8913	2026-06-21
lgcplus.com	9914	2026-08-21
libcom.org	5245	2026-08-23
liberianobserver.com	17121	2026-08-23
libertyballers.com	8101	2026-08-21
libn.com	11056	2026-06-03
librivox.org	8587	2026-08-23
lichfieldlive.co.uk	14399	2026-08-23
lifeandstylemag.com	11881	2026-08-12
lifehacker.com	21501	2026-08-23
lifehacker.com.au	22827	2024-10-09
lifenews.com	18078	2026-08-22
lightreading.com	19071	2026-08-22
liherald.com	7364	2026-08-22
liliputing.com	5086	2026-07-22
lillooetnews.net	17763	2020-08-18
limaohio.com	35794	2025-04-15
limerickleader.ie	62755	2026-05-27
limerickpost.ie	12719	2026-08-23
lincolnshireworld.com	14183	2025-01-23
lincolntimesnews.com	5015	2026-08-21
listenupyall.com	7725	2026-08-21
listverse.com	14356	2026-08-23
lite96.com	5798	2024-02-21
lite987.com	28761	2026-08-22
liteonline.com	23001	2026-08-23
literock959.com	22060	2025-03-27
literock969.com	8820	2022-04-18
lithgowmercury.com.au	47371	2026-08-23
littleapplepost.com	24805	2026-08-23
littlehamptongazette.co.uk	6387	2022-02-10
live.com	16087	2020-11-21
live5news.com	38851	2026-08-23
live955.com	10707	2026-08-10
live959.com	13504	2026-08-22
live95fm.ie	17705	2026-08-23
livecharts.co.uk	15350	2026-08-21
livejournal.com	96374	2026-08-23
livelaw.in	74992	2026-08-23
liveleak.com	5908	2021-05-30
livemint.com	227053	2026-08-23
livenews.co.nz	50017	2026-08-23
liverpoolecho.co.uk	214434	2026-08-23
liverpoolfc.com	13060	2026-08-23
livesaildie.com	9560	2026-08-23
livescience.com	17011	2026-08-23
ljworld.com	16479	2026-08-23
lloydslist.com	6574	2025-08-26
lmfm.ie	16475	2026-08-23
lmtonline.com	181735	2026-06-22
lmtribune.com	48392	2026-08-23
lobotero.com	7102	2026-08-23
local10.com	136101	2026-08-23
local12.com	36619	2026-08-23
local21news.com	41827	2026-08-23
local3news.com	48698	2026-08-23
localberkshire.co.uk	9988	2023-03-07
localgov.co.uk	12253	2026-08-21
localmatters.co.nz	6161	2026-08-21
localmemphis.com	55339	2026-06-06
localnews8.com	155783	2026-08-23
lockhaven.com	24554	2026-08-22
lockportjournal.com	24893	2026-08-22
locusmag.com	8767	2025-07-17
lodinews.com	7899	2026-08-22
loeildelaphotographie.com	9555	2025-04-10
loganbanner.com	6508	2026-08-22
logandaily.com	5354	2026-08-22
logisticsmanager.com	5727	2026-08-21
lohud.com	10472	2023-09-11
lombardiave.com	5722	2026-08-23
lompocrecord.com	29443	2026-08-23
london-now.co.uk	16884	2026-08-23
london.ctvnews.ca	22226	2025-01-23
londonlovesbusiness.com	26679	2026-08-23
londonmercury.com	34861	2026-08-23
londontheatre1.com	6231	2026-08-23
lonestar995fm.com	30988	2026-08-23
lonestarball.com	8017	2026-08-23
longbeachstar.com	28882	2024-09-21
longfordleader.ie	53948	2026-05-15
longisland.com	23913	2026-08-23
longislandpress.com	15009	2026-08-23
loopjamaica.com	16567	2021-05-20
loopnews.com	14595	2024-07-21
lordsofpain.net	6837	2020-04-18
losaltosonline.com	7284	2026-08-18
lostcoastoutpost.com	14330	2026-08-22
loudountimes.com	8364	2026-08-21
loudwire.com	20786	2026-08-23
louisianaradionetwork.com	9207	2026-08-21
louisianarecord.com	5312	2025-05-20
lovefm.com	8371	2026-08-22
lovinmalta.com	7683	2026-03-19
lowellsun.com	26242	2026-08-23
lowkickmma.com	24287	2026-08-23
lowvelder.co.za	20975	2023-08-31
lpheralddispatch.com	9465	2026-08-22
lrt.lt	16878	2026-08-23
lse.co.uk	94388	2025-01-23
lsionline.com	14800	2025-11-17
ltn.com.tw	15689	2026-08-23
lubbockonline.com	11096	2023-09-11
ludlowadvertiser.co.uk	125539	2026-08-23
lufkindailynews.com	34109	2026-08-23
lusakatimes.com	16334	2026-03-19
lutontoday.co.uk	13300	2025-01-23
luxtimes.lu	9904	2025-07-21
luxurytravelmagazine.com	12555	2026-08-22
lvb.com	8186	2026-06-04
lynnnews.co.uk	37508	2026-08-23
macaubusiness.com	15766	2025-08-13
macaudailytimes.com.mo	18660	2026-08-21
macdailynews.com	7006	2026-08-22
macleayargus.com.au	65970	2026-08-23
macmegasite.com	8764	2026-01-29
macobserver.com	5646	2025-08-19
macombdaily.com	39289	2026-08-23
macrobusiness.com.au	30083	2026-08-23
macrumors.com	6927	2026-07-10
mactech.com	12494	2026-08-22
macupdate.com	11747	2026-08-23
macworld.com	9146	2026-08-23
madamenoire.com	11266	2026-08-23
madinamerica.com	9890	2026-08-23
madison.com	123168	2026-08-23
madisonrecord.com	9887	2025-05-21
madrock1025.com	29493	2026-08-20
magic1021.com	9943	2026-08-21
magic1029fm.com	10142	2026-08-23
magic106.com	8650	2026-08-23
magic1073fm.com	9059	2026-08-23
magic93fm.com	10387	2026-08-23
magic943fm.com	5060	2026-08-23
magic983.com	18208	2026-08-23
magicbricks.com	8891	2026-08-18
magicvalley.com	79037	2026-08-23
magnoliareporter.com	24537	2026-08-23
mailtimes.com.au	41848	2026-08-23
mailtribune.com	10799	2023-06-01
mainebiz.biz	15542	2026-08-22
mainemirror.com	16108	2026-08-23
mainepublic.org	14418	2026-03-18
mainichi.jp	15562	2026-07-23
mainlinemedianews.com	29736	2026-08-23
mainstreetnews.com	6308	2026-08-23
maitlandmercury.com.au	109619	2026-08-23
makeuseof.com	23954	2026-08-23
malawi24.com	14979	2026-08-23
malawivoice.com	12785	2026-08-23
malaya.com.ph	31133	2026-04-22
malaymail.com	104909	2026-03-19
malaysiakini.com	77280	2026-08-23
malaysiasun.com	67303	2026-08-23
maldivesindependent.com	7028	2026-08-23
maldonandburnhamstandard.co.uk	127347	2026-08-23
malibutimes.com	5543	2026-08-19
maltatoday.com.mt	38916	2026-03-12
malverngazette.co.uk	117323	2026-08-23
mamamia.com.au	29016	2026-08-23
managingmadrid.com	12883	2026-08-23
manchestereveningnews.co.uk	264836	2026-08-23
manchesterjournal.com	12222	2026-08-22
mandurahmail.com.au	72781	2026-08-23
mangalorean.com	54663	2026-08-23
manicapost.co.zw	6458	2025-01-22
manilametro.com	5842	2024-07-24
manilastandard.net	10136	2026-03-18
manilatimes.net	378916	2026-08-23
manitobacooperator.ca	9903	2026-08-23
mankatofreepress.com	96405	2026-08-23
manningrivertimes.com.au	85253	2026-08-23
mansfieldnewsjournal.com	7976	2023-09-11
mantecabulletin.com	9196	2026-08-22
manufacturing.net	21568	2025-10-02
manutd.com	13965	2026-05-04
manxradio.com	21785	2026-08-23
mapleridgenews.com	32432	2026-08-23
maravipost.com	25652	2026-08-23
marca.com	7042	2026-05-24
marcellusdrilling.com	14969	2026-08-21
marconews.com	5934	2023-09-11
mareeg.com	8100	2026-08-11
margaretrivermail.com.au	37228	2025-08-20
marieclaire.co.uk	16038	2026-08-23
marieclaire.com	23704	2026-08-23
mariettatimes.com	18974	2026-08-22
marinecorpstimes.com	7941	2026-08-22
marinelink.com	29596	2026-08-21
marinelog.com	9329	2025-11-20
marinetechnologynews.com	7296	2026-08-22
marinij.com	33490	2026-08-23
maritime-executive.com	32465	2026-08-23
maritimeprofessional.com	6020	2026-08-21
marketbusinessnews.com	19533	2026-08-23
marketing-interactive.com	15267	2026-08-21
marketplace.org	12498	2026-08-21
marketpulse.com	11938	2026-08-22
marketrealist.com	8600	2026-08-21
markets.co	5867	2022-01-09
marketscreener.com	999061	2026-05-18
marketswired.com	5202	2025-01-04
marketwatch.com	422151	2026-08-23
marklevinshow.com	9975	2026-08-22
marshallindependent.com	17850	2026-08-22
marshfieldnewsherald.com	8584	2023-09-11
marthastewart.com	11116	2026-03-17
martinsvillebulletin.com	35841	2026-08-22
maryland.gov	8034	2026-08-23
marylandreporter.com	6678	2026-06-04
maryvilleforum.com	20314	2024-11-15
masala.com	18108	2024-07-13
mashable.com	48081	2026-08-23
massachusettsnewswire.com	7088	2026-08-21
massachusettssun.com	44279	2026-08-23
massdevice.com	8486	2026-02-21
masslawyersweekly.com	19316	2026-06-04
masslive.com	108215	2026-02-23
mathrubhumi.com	5608	2026-06-23
matr.net	6812	2026-08-23
mauinews.com	20679	2026-08-22
mauinow.com	16246	2026-08-23
maurice-info.mu	9254	2026-08-21
mavsmoneyball.com	7149	2026-08-23
max94one.com	23614	2026-08-23
maximumfun.org	6527	2026-08-22
mayerthorpefreelancer.com	15616	2026-08-23
mayonews.ie	20592	2026-05-21
mb.com.ph	182087	2026-08-23
mbcradio.com	6074	2026-08-23
mbtmag.com	18138	2025-09-17
mcalesternews.com	17210	2026-08-23
mcall.com	80556	2026-08-23
mccookgazette.com	5071	2026-08-22
mcdonoughvoice.com	5718	2023-09-10
mcdowellnews.com	39482	2026-08-21
mcknights.com	8837	2026-03-11
mcphersonsentinel.com	6037	2026-08-21
mdislander.com	9807	2026-08-21
mdjonline.com	145400	2026-08-23
meadvilletribune.com	42836	2026-08-23
meathchronicle.ie	44993	2026-08-23
meaww.com	20365	2026-03-17
medafricatimes.com	6642	2026-08-23
medcitynews.com	14329	2026-08-19
mediaforfreedom.com	5275	2026-04-27
mediaite.com	85249	2026-08-22
mediamatters.org	15058	2026-08-22
medianama.com	11647	2026-08-21
mediapost.com	25124	2026-08-23
medicaldaily.com	8982	2026-08-23
medicalnewstoday.com	5534	2026-08-23
medicalxpress.com	141329	2026-01-29
medicinehatnews.com	73601	2026-08-23
medindia.net	39307	2026-08-18
medium.com	145786	2026-08-03
medpagetoday.com	25044	2025-01-28
medscape.com	48618	2026-08-23
meed.com	24215	2026-08-21
mega979.com	6792	2026-08-23
mega993online.com	29494	2026-08-23
melfortjournal.com	10437	2026-07-04
meltontimes.co.uk	8291	2025-01-23
memphisflyer.com	7126	2026-08-22
memphissun.com	105107	2026-08-23
memri.org	9885	2025-04-22
menafn.com	973875	2026-03-10
mendocinobeacon.com	15815	2026-08-23
menshealth.com	30452	2026-08-23
mensxp.com	27617	2026-08-23
mentalfloss.com	14755	2026-08-23
meobserver.org	5527	2026-07-14
mercopress.com	23058	2026-08-23
mercurynews.com	82159	2026-08-23
meridianstar.com	36472	2026-08-21
merimbulanewsweekly.com.au	71521	2026-08-23
mesabitribune.com	54082	2026-08-23
messagemedia.co	11864	2026-08-23
messenger-inquirer.com	85768	2026-08-23
messenger.com.ge	5961	2026-08-21
messengernews.net	13505	2026-08-22
messengernewspapers.co.uk	145138	2026-08-23
metal.com	22268	2026-08-21
metalunderground.com	14608	2026-08-22
metro.co.uk	150880	2026-08-23
metro.us	86034	2025-11-03
metrojacksonville.com	12040	2026-08-23
metrotimes.com	12133	2026-05-14
metroweekly.com	6665	2026-08-23
metrowestdailynews.com	10026	2023-09-11
metv.com	11143	2026-08-21
metvmall.com	12496	2026-06-06
mexicoledger.com	8084	2026-08-23
mexiconewsdaily.com	6811	2026-03-15
mexicostar.com	65529	2026-08-23
mg.co.za	30680	2026-08-23
mgoblog.com	14877	2025-08-28
miamiherald.com	8780	2024-07-31
miaminewtimes.com	8787	2026-08-22
miamistudent.net	5441	2026-08-23
miamitimesonline.com	8819	2026-08-23
michigan.gov	5321	2023-02-02
michigandaily.com	7638	2026-08-23
michiganradio.org	23666	2024-01-10
michigansthumb.com	78149	2026-06-22
mid-day.com	99607	2026-08-23
middle-east-online.com	6548	2026-08-23
middleeasteye.net	48345	2026-08-23
middleeastmonitor.com	77543	2026-08-23
middleeaststar.com	116587	2026-08-23
middlenecknews.com	5403	2026-08-23
middletownpress.com	123670	2026-04-21
midhurstandpetworth.co.uk	5526	2022-02-10
midmichigannow.com	36157	2026-08-23
midnorthmonitor.com	49454	2026-08-23
midsussextimes.co.uk	5984	2022-02-10
midutahradio.com	17024	2026-08-23
midweekherald.co.uk	35599	2026-08-23
midwestradio.ie	25473	2026-08-23
mihomepaper.com	12568	2026-03-04
milawyersweekly.com	9157	2026-06-03
milehighreport.com	12741	2026-08-23
milforddailynews.com	8053	2023-09-07
milfordmercury.co.uk	91771	2026-08-23
milfordmirror.com	59636	2025-06-14
military.com	33880	2026-08-23
militarytimes.com	13759	2026-08-21
miltonkeynes.co.uk	14120	2025-01-23
milwaukeesun.com	46309	2026-08-23
mindat.org	13155	2025-01-23
minicassia.com	6201	2024-03-21
mining-journal.com	7397	2026-05-26
mining-technology.com	10978	2026-08-21
mining.com	47561	2026-08-23
mininggazette.com	10932	2026-08-23
miningjournal.net	22614	2026-08-23
miningmx.com	7169	2026-08-23
miningnews.net	11257	2026-05-26
miningweekly.com	49423	2026-08-21
minnlawyer.com	7668	2026-06-04
minnpost.com	9171	2026-08-23
minotdailynews.com	18296	2026-08-22
miragenews.com	632339	2026-08-23
mirror.co.uk	698841	2026-08-23
mis-asia.com	10384	2026-07-26
mishpacha.com	8389	2026-08-23
missioncityrecord.com	42832	2026-08-23
missionlocal.org	7341	2026-08-23
mississauga.com	7908	2026-08-23
mississippivalleypublishing.com	23347	2026-08-22
missoulian.com	135335	2026-08-23
missourinet.com	8104	2026-07-25
mit.edu	10214	2026-08-21
mitchelladvocate.com	22906	2026-08-23
mitchellrepublic.com	31832	2026-08-23
mix100.com	5919	2026-08-12
mix1005.fm	24059	2026-08-10
mix100lubbock.com	15843	2026-08-22
mix103.com	9986	2026-08-23
mix1043fm.com	28514	2026-08-22
mix1069.com	14908	2026-08-22
mix106radio.com	25493	2026-08-23
mix108.com	35673	2026-08-23
mix929.com	24474	2026-08-21
mix931fm.com	30718	2026-08-22
mix941.com	21172	2026-08-10
mix941kmxj.com	20189	2026-08-23
mix949.com	27519	2026-08-23
mix957.net	8804	2024-01-04
mix957gr.com	20668	2026-08-23
mix965tulsa.com	6755	2025-10-22
mix979fm.com	13543	2024-04-26
mix987.com	9389	2026-07-18
mixx993.com	17668	2026-08-21
mizzima.com	20944	2025-01-23
mlb.com	78354	2026-08-23
mlbtraderumors.com	57171	2026-08-23
mlive.com	129535	2026-02-23
mmafighting.com	27452	2026-08-23
mmamania.com	25446	2026-08-23
mmanews.com	16189	2026-04-22
mmegi.bw	7021	2026-08-21
mmm-online.com	5480	2026-08-21
mobihealthnews.com	6860	2026-06-03
mobilesyrup.com	21079	2026-08-21
mobileworldlive.com	12275	2026-03-03
mobilitytechzone.com	5977	2024-09-17
mobypicture.com	32801	2023-10-03
moddb.com	38275	2025-11-16
model-engineer.co.uk	20638	2026-08-22
modernghana.com	172805	2026-07-20
modernhealthcare.com	11836	2026-06-18
modernreaders.com	462461	2025-04-18
moelane.com	11594	2025-07-17
mohavedailynews.com	14194	2026-08-23
mojo1029.com	11628	2026-08-22
moldpres.md	9534	2025-01-14
monacolife.net	5660	2026-08-23
mondaq.com	131890	2026-08-23
mondovisione.com	33622	2026-01-14
mondoweiss.net	7389	2026-08-23
moneycontrol.com	449529	2026-08-23
moneylife.in	22114	2026-08-22
moneymanagement.com.au	13351	2026-06-24
moneymarketing.co.uk	24272	2026-08-21
moneytalksnews.com	11919	2026-08-23
moneyweb.co.za	37490	2024-04-02
moneyweek.com	9598	2026-08-23
mongabay.com	10274	2026-08-23
monitor.co.ug	71515	2026-04-22
monocle.com	6077	2026-08-23
monroenews.com	13644	2023-09-11
monstersandcritics.com	55350	2025-10-02
montanarightnow.com	63647	2026-08-23
montereycountyweekly.com	13791	2026-07-09
montereyherald.com	12973	2026-08-23
montgomery-herald.com	6187	2025-05-20
montgomeryadvertiser.com	8465	2023-09-11
montgomerynews.com	6458	2021-09-28
montreal.ctvnews.ca	32918	2025-01-23
montrealgazette.com	41909	2026-08-23
montrosepress.com	15881	2026-08-23
mooseradio.com	14604	2026-08-23
moreechampion.com.au	59922	2026-08-23
morganton.com	34818	2026-08-22
morning-times.com	36396	2026-08-22
morningadvertiser.co.uk	9733	2026-08-21
morningjournal.com	50412	2026-08-23
morningjournalnews.com	21941	2026-08-22
morningstar.com	105027	2026-08-23
morningstaronline.co.uk	42026	2026-08-23
morningsun.net	65798	2026-08-22
moroccoworldnews.com	18331	2026-08-23
mortgageintroducer.com	8340	2022-03-18
mortgagenewsdaily.com	8041	2026-08-22
mortgagesolutions.co.uk	14733	2026-08-21
mortgagestrategy.co.uk	23838	2026-08-21
morungexpress.com	75084	2026-08-23
mothership.sg	13261	2025-03-10
motor1.com	20935	2026-08-23
motorcyclenews.com	26409	2026-08-23
motorsport.com	23515	2026-08-23
moultonadvertiser.com	16653	2026-08-21
moultrieobserver.com	15849	2026-08-22
mountaineagle.com	10043	2026-08-22
mountvernonnews.com	10922	2026-08-23
mouthshut.com	5624	2026-08-21
movieweb.com	82855	2026-08-23
mpamag.com	7799	2026-08-21
mpnews.com.au	5112	2026-08-21
mpnnow.com	10032	2023-09-11
mprnews.org	27304	2026-08-23
mrt.com	64966	2026-06-22
mrtopstep.com	18821	2024-11-22
mscnews.net	5941	2026-08-23
msn.com	2860431	2023-06-23
msu.edu	5006	2026-08-21
mtairynews.com	6038	2026-08-23
mtdemocrat.com	28012	2026-08-21
mtexpress.com	11624	2026-08-23
mtlblog.com	7257	2026-08-23
mtpr.org	17969	2026-08-21
mtstandard.com	60362	2026-08-23
mudgeeguardian.com.au	52548	2026-08-23
multifamilybiz.com	6120	2026-08-21
mumbrella.com.au	23789	2025-11-20
murfreesboropost.com	6340	2023-03-01
murrayledger.com	10751	2026-08-22
muscatdaily.com	19877	2026-08-23
muscatinejournal.com	107159	2026-08-23
music-news.com	20555	2025-12-16
musicrow.com	7500	2026-07-30
musketfire.com	7401	2026-08-23
muskogeephoenix.com	22365	2026-08-23
muskokaregion.com	8082	2026-08-23
muswellbrookchronicle.com.au	70538	2026-08-23
mv-voice.com	11096	2026-08-22
mvariety.com	31569	2026-08-23
mvtimes.com	18406	2026-08-21
mwnation.com	18434	2026-08-23
mxdwn.com	6838	2026-08-21
my1035.com	12325	2026-08-23
my40.tv	7419	2022-01-31
my957.com	6765	2026-08-21
my9nj.com	6199	2026-08-21
myalbertlea.com	12521	2026-06-08
myalgomamanitoulinnow.com	5735	2026-06-03
myanmarmuslim.net	18759	2024-11-05
myanmarnews.net	58537	2026-08-23
myaustinminnesota.com	20340	2025-06-14
myb106.com	27540	2026-08-22
mybeachradio.com	20323	2024-04-01
mybroadband.co.za	6013	2022-09-28
mycariboonow.com	9471	2026-06-04
mycentraljersey.com	12905	2023-09-11
mycentralnebraska.com	36851	2026-08-20
mycentraloregon.com	50199	2026-08-23
mycolumbuspower.com	13218	2026-08-23
mycountry955.com	30977	2026-08-23
mycouriertribune.com	7801	2024-10-05
mycowichanvalleynow.com	8504	2026-06-03
myeasternshoremd.com	11865	2026-08-22
myedmondsnews.com	20239	2026-06-15
myfox28columbus.com	40692	2026-08-23
myfox8.com	5960	2025-08-29
myheraldreview.com	9725	2026-01-16
myhorrynews.com	9453	2026-08-23
myiowainfo.com	17053	2026-05-01
myjournalcourier.com	67919	2026-06-22
myjournals.org	7241	2023-08-26
myjoyonline.com	111154	2026-03-19
myk104.com	7996	2026-08-22
mykiss1031.com	25268	2026-08-22
mykisscountry937.com	34173	2026-08-22
myklgr.com	21199	2026-08-21
mykxlg.com	87132	2026-08-23
myleaderpaper.com	34945	2026-08-23
mylloydminsternow.com	5646	2026-06-03
mylondon.news	6998	2026-08-18
mymagic106.com	6404	2026-08-23
mymagic949.com	9263	2026-08-21
mymagicgr.com	8906	2024-04-29
mymajic933.com	6402	2026-08-18
mymcmedia.org	12944	2026-08-22
mymix1061.com	15747	2026-08-23
mymixfm.com	37972	2026-08-23
mymmanews.com	9130	2026-08-23
mymoinfo.com	20141	2026-08-22
mymotherlode.com	179272	2026-08-23
mymuskokanow.com	6585	2026-06-01
mynbc5.com	73467	2026-08-23
myneworleans.com	9989	2026-08-21
mynews13.com	9606	2026-08-18
mynews4.com	34341	2026-08-23
mynewsla.com	67705	2026-08-23
mynorthbaynow.com	5340	2026-06-04
mynorthwest.com	220475	2026-07-20
mynspr.org	46435	2026-08-23
myozarksonline.com	17389	2026-08-14
myplainview.com	49460	2026-06-22
myprincegeorgenow.com	13790	2026-06-04
myq105.com	15758	2026-08-23
myq1075.com	20709	2026-08-23
myqcountry.com	12612	2026-07-30
myrecordjournal.com	12869	2023-12-30
mysailing.com.au	6307	2026-08-23
mysanantonio.com	83417	2025-11-18
myspiritfm.com	10036	2026-08-23
mystar98.com	20591	2026-08-23
mysteinbach.ca	10491	2026-08-23
mysteriousuniverse.org	10561	2026-08-21
mystratfordnow.com	7047	2026-06-03
mysuncoast.com	34771	2026-08-23
mytimminsnow.com	5104	2026-06-03
myuscountry.com	17621	2026-06-08
mywebtimes.com	8503	2023-05-01
naftemporiki.gr	8078	2026-08-01
nagalandpost.com	49549	2026-06-08
nagariknetwork.com	28805	2026-03-16
nagpurtoday.in	17510	2026-08-14
naharnet.com	89577	2026-08-23
naija247news.com	61262	2026-08-23
nairaland.com	77881	2025-07-26
nairametrics.com	12220	2026-03-04
nairobiwire.com	14551	2026-08-21
nakedcapitalism.com	12428	2026-08-23
namibian.com.na	32156	2026-08-23
namibiansun.com	22111	2026-08-22
nampa.org	44517	2024-11-08
nanaimobulletin.com	32845	2026-08-23
nancyonnorwalk.com	5432	2026-08-21
nantonnews.com	8351	2026-08-23
napaneeguide.com	40544	2026-08-23
napaneetoday.ca	10135	2026-08-21
napavalleyregister.com	69251	2026-08-23
naplesnews.com	11875	2023-09-11
naroomanewsonline.com.au	71789	2026-08-23
narrominenewsonline.com.au	45441	2026-08-23
nasa.gov	8422	2026-08-23
nasdaq.com	55634	2026-08-18
nashfm100.com	5775	2026-08-23
nashfm1025.com	5817	2026-08-06
nashvilleherald.com	102108	2026-08-23
nashvillepost.com	14263	2026-08-21
nashvillescene.com	12016	2026-08-21
nation.africa	39408	2026-08-23
nation.co.ke	29367	2022-02-18
nation.com.pk	11096	2022-06-06
nation.sc	31826	2026-08-22
nationalaccordnewspaper.com	54321	2026-08-16
nationalgeographic.com	10960	2026-08-23
nationalheraldindia.com	6988	2026-03-15
nationalhogfarmer.com	5929	2025-01-21
nationalinterest.org	48930	2026-01-29
nationalmemo.com	10298	2026-08-21
nationalmortgagenews.com	14649	2026-08-22
nationalmortgageprofessional.com	6336	2025-01-22
nationalnetworkonline.com	5331	2026-08-22
nationalobserver.com	21303	2026-07-14
nationalpost.com	54010	2026-08-23
nationalreview.com	12378	2021-07-27
nationaltribune.com.au	8043	2025-01-27
nationnews.com	31157	2026-08-23
nationofchange.org	6473	2026-03-18
nationthailand.com	16496	2026-03-16
natlawreview.com	118232	2026-08-23
naturalgasintel.com	18656	2026-07-15
naturalgasworld.com	12123	2025-02-26
naturalnews.com	64681	2026-08-23
nature.com	37172	2026-08-22
natureworldnews.com	17971	2026-08-21
naval-technology.com	6957	2026-08-21
naveenbharat.in	7607	2022-04-24
navhindtimes.in	32744	2026-08-22
navy.mil	6855	2025-03-06
navytimes.com	10380	2026-08-21
nba.com	18601	2026-03-18
nbc-2.com	55163	2025-02-05
nbc.com	6481	2026-08-21
nbc11news.com	9500	2023-12-14
nbc12.com	30170	2023-12-14
nbc15.com	19997	2023-12-14
nbc16.com	40997	2026-08-23
nbc24.com	8441	2026-08-22
nbc29.com	16840	2023-12-14
nbcbayarea.com	123278	2026-08-23
nbcboston.com	5342	2026-06-04
nbcchicago.com	144960	2026-08-23
nbcconnecticut.com	162285	2026-08-23
nbcdfw.com	142749	2026-08-23
nbclosangeles.com	140187	2026-08-23
nbcmiami.com	115515	2026-08-23
nbcmontana.com	44966	2026-08-23
nbcnews.com	182484	2026-08-23
nbcnewyork.com	139517	2026-08-23
nbcphiladelphia.com	141933	2026-08-23
nbcrightnow.com	52876	2026-08-23
nbcsandiego.com	116336	2026-08-23
nbcsvg.com	9562	2026-08-21
nbcwashington.com	92444	2026-08-23
nbnnews.com.au	29529	2026-08-21
nbr.co.nz	26492	2026-08-23
ncadvertiser.com	56294	2025-10-26
nclawyersweekly.com	7647	2026-06-03
ncnewsonline.com	57395	2026-08-23
ncpa.org	6713	2026-08-21
ncr-iran.org	8420	2026-08-23
ncregister.com	19821	2026-08-23
ncronline.org	16624	2025-10-08
ncspin.com	5130	2026-08-20
ndtv.com	342023	2025-05-26
nebraska.tv	34824	2026-08-23
necn.com	82611	2025-02-13
nehandaradio.com	14134	2026-08-22
neindia.com	7082	2026-08-23
neonnettle.com	10439	2022-07-30
neoskosmos.com	21043	2026-08-23
neowin.net	47848	2025-11-08
nepalnational.com	100497	2026-08-23
nerdist.com	18812	2026-08-19
nesn.com	36917	2026-08-23
netflixlife.com	5867	2026-08-23
netindian.in	5818	2025-08-21
netnewsledger.com	20348	2026-08-23
netscape.com	175497	2026-08-23
netsdaily.com	7301	2026-08-23
netwerk24.com	10158	2025-01-22
networkworld.com	7765	2026-08-21
neurologyadvisor.com	9493	2026-08-21
nevadaappeal.com	12575	2025-09-05
nevadabusiness.com	7459	2026-08-21
nevadanewsandviews.com	6427	2026-08-22
neveitalia.it	11740	2026-03-07
newagebd.net	23289	2025-05-26
newarab.com	9672	2025-09-21
newarkadvertiser.co.uk	33692	2026-08-23
newarkadvocate.com	6177	2023-09-11
newarkpostonline.com	5166	2026-08-23
newbernsj.com	11672	2026-08-23
newburyportnews.com	29941	2026-08-23
newburytoday.co.uk	28182	2026-08-23
newbusinessethiopia.com	13975	2026-08-18
newcanaanite.com	7780	2026-08-23
newcastleherald.com.au	152593	2026-08-23
newcivilengineer.com	14189	2026-08-21
newcountry991.com	6309	2022-04-29
newdelhitimes.com	68190	2026-08-19
newegg.com	26103	2026-08-23
newelectronics.co.uk	12266	2026-06-05
newfoodmagazine.com	5975	2026-03-31
newhamrecorder.co.uk	29069	2026-08-23
newhavenindependent.org	11578	2026-08-21
newidea.com.au	14501	2026-08-21
newindianexpress.com	149170	2026-08-23
newjerseyhills.com	40490	2026-08-19
newjerseytelegraph.com	115293	2026-08-23
newkerala.com	245547	2026-08-11
newmilfordspectrum.com	51343	2022-03-01
newnigerianpolitics.com	5405	2026-08-13
neworleanscitybusiness.com	16544	2026-06-03
neworleanssun.com	58155	2026-08-23
newportri.com	6992	2023-09-08
newrepublic.com	23674	2026-08-23
newrock1041.fm	7175	2026-07-07
news-daily.com	80947	2026-08-23
news-expressky.com	27058	2026-08-23
news-gazette.com	128381	2026-08-23
news-herald.com	52213	2026-08-23
news-journal.com	9369	2026-08-23
news-journalonline.com	17642	2023-09-11
news-leader.com	8165	2023-09-11
news-mail.com.au	44484	2021-04-28
news-medical.net	103650	2026-08-22
news-press.com	12874	2023-09-11
news-star.com	10618	2026-08-18
news.am	93382	2026-08-21
news.az	53598	2026-08-23
news.cn	13336	2022-04-14
news.com.au	91981	2024-07-30
news.err.ee	23415	2022-10-20
news.statetimes.in	7534	2020-06-12
news.tuoitre.vn	11279	2026-08-23
news12.com	73726	2026-08-23
news18.com	268439	2026-03-17
news24.com	167678	2026-08-23
news3lv.com	48025	2026-08-23
news4jax.com	158655	2026-08-23
news4sanantonio.com	50152	2026-08-23
news5cleveland.com	6019	2026-03-18
news8000.com	91785	2026-08-23
news9.com	77588	2026-08-23
news957.com	48715	2021-10-17
newsadvance.com	47242	2026-08-23
newsandsentinel.com	23446	2026-08-22
newsandstar.co.uk	190370	2026-08-23
newsandtribune.com	26527	2026-08-23
newsargus.com	25796	2026-08-22
newsbiscuit.com	6163	2026-08-23
newsblogged.com	5602	2026-05-27
newsbreak.com	10798	2025-12-06
newsbtc.com	36873	2026-08-21
newsbug.info	11039	2026-08-21
newsbusters.org	88625	2026-08-23
newsbytes.ph	5717	2026-08-23
newscenter1.tv	34303	2026-08-23
newscentermaine.com	38963	2026-03-19
newscentralasia.net	8458	2026-08-22
newschannel10.com	23118	2026-08-23
newschannel20.com	29060	2026-08-21
newschannel5.com	53272	2026-08-22
newschannel6now.com	24285	2026-08-22
newschannel9.com	41177	2026-08-23
newschannelnebraska.com	13127	2025-03-22
newschief.com	8585	2023-09-11
newscientist.com	17498	2026-08-21
newsdakota.com	21318	2026-08-15
newsday.co.tt	85760	2026-08-18
newsday.co.zw	30511	2026-08-20
newsday.com	104589	2026-08-23
newsdzezimbabwe.co.uk	7676	2025-12-25
newser.com	77194	2026-08-23
newsfirst.lk	12470	2026-03-19
newsghana.com.gh	84231	2026-08-06
newsherald.com	14695	2023-09-11
newshub.co.nz	18541	2024-07-04
newsincyprus.com	12862	2025-01-27
newsindiatimes.com	14493	2026-08-22
newsitem.com	27571	2026-08-23
newslaundry.com	5588	2026-08-22
newsleader.com	5481	2023-09-11
newsletter.co.uk	32306	2025-01-23
newsmakers.pk	21750	2026-08-22
newsmax.com	59273	2024-07-30
newsminer.com	34263	2026-08-23
newsnation.in	8047	2020-04-07
newsnationnow.com	6205	2025-12-25
newsnationtv.com	27052	2025-10-19
newsnow.co.uk	11459	2026-08-22
newsofbahrain.com	10103	2026-03-05
newson6.com	78445	2026-08-23
newsonair.com	29094	2021-11-26
newsone.com	9065	2026-08-22
newsonjapan.com	26774	2026-08-23
newsoptimist.ca	37573	2021-07-29
newspressnow.com	73599	2026-08-23
newsradio1029.com	75119	2026-08-22
newsradio1310.com	19286	2026-08-21
newsradio1440.com	23058	2025-03-17
newsradioklbj.com	7331	2026-08-17
newsregister.com	13654	2026-08-22
newsroompanama.com	12987	2026-08-23
newsshopper.co.uk	124823	2026-08-23
newstalk.com	45171	2026-08-23
newstalk1030.com	44622	2026-08-22
newstalk1280.com	25224	2026-08-22
newstalk1290.com	18816	2026-08-22
newstalk870.am	21148	2026-08-23
newstalkkgvo.com	16453	2026-08-23
newstalkkit.com	19845	2026-08-23
newstalkzb.co.nz	64227	2026-08-23
newstatesman.com	27686	2026-08-23
newstimes.com	131966	2025-06-12
newstoday.com.bd	12801	2021-01-24
newstodaynet.com	32968	2026-08-22
newstracklive.com	7310	2025-07-05
newstrib.com	7242	2023-05-01
newstribune.com	48808	2026-08-23
newsviewsnreviews.com	5466	2019-11-13
newswatchman.com	5223	2026-08-23
newsweek.com	289665	2026-08-23
newswest9.com	42241	2026-06-26
newswire.ca	22264	2026-08-21
newswire.net	5060	2026-08-23
newswiretoday.com	28710	2026-08-22
newswise.com	41807	2026-08-23
newsx.com	63385	2026-08-23
newsy.com	19898	2023-01-04
newtelegraphng.com	6479	2026-03-19
newtimesslo.com	8547	2026-08-21
newtoncountytimes.com	12135	2026-08-19
newtondailynews.com	7101	2026-08-21
newtownbee.com	13975	2026-08-22
newvision.co.ug	16058	2026-08-23
newwestrecord.ca	69228	2025-08-01
newyorker.com	16827	2026-08-23
newyorkstatesman.com	50742	2026-08-23
newyorktelegraph.com	178484	2026-08-23
newzealandstar.com	51451	2026-08-23
newzimbabwe.com	34510	2026-08-23
nextbigfuture.com	6383	2026-08-23
nextbigwhat.com	8741	2026-08-19
nextshark.com	11448	2026-08-10
nfl.com	9180	2026-03-18
nflspinzone.com	5108	2026-08-23
nhbr.com	7108	2026-08-20
nhk.or.jp	17436	2026-07-08
nhl.com	22373	2026-03-19
nhpbs.org	21066	2026-08-23
nhpr.org	27953	2026-08-23
nhregister.com	170698	2026-06-22
niagara-gazette.com	27611	2026-08-23
niagarafallsreview.ca	84468	2026-08-23
niagarathisweek.com	10534	2026-08-23
nichegamer.com	14073	2026-08-08
nigerianbulletin.com	9228	2026-07-01
nigerianeye.com	67028	2026-08-23
nigerianobservernews.com	14454	2026-08-23
nigerianpilot.com	7331	2020-10-27
nigeriasun.com	85497	2026-08-23
nih.gov	6202	2026-08-06
nikkei.com	16550	2026-08-23
nine.com.au	11530	2026-07-07
ninernoise.com	5795	2026-08-23
ninersnation.com	15648	2026-08-23
nintendoeverything.com	12723	2026-08-23
nintendolife.com	34873	2026-08-23
nintendoworldreport.com	15793	2026-08-23
nipawinjournal.com	10212	2026-06-28
niyitabiti.net	5586	2023-01-29
nj.com	120944	2026-02-23
nj1015.com	53725	2026-08-23
njbiz.com	17043	2026-06-04
njherald.com	11636	2023-09-11
nknews.org	10952	2026-08-21
nkytribune.com	10134	2026-03-11
nltimes.nl	23104	2026-08-23
nme.com	60250	2026-08-23
nmpoliticalreport.com	5496	2026-08-23
nna-leb.gov.lb	16290	2023-10-07
nny360.com	63671	2026-08-23
noise11.com	14510	2026-08-22
nola.com	80634	2026-08-23
nonpareilonline.com	59136	2026-08-23
noodls.com	5116	2025-05-02
noosanews.com.au	45618	2021-04-28
noozhawk.com	41287	2026-08-23
norfolkandtillsonburgnews.com	43489	2026-06-22
norfolkdailynews.com	32990	2026-08-22
norfolktoday.ca	10853	2026-08-21
normantranscript.com	25702	2026-08-23
northafricapost.com	13485	2026-08-23
northamptonchron.co.uk	23233	2025-01-23
northantstelegraph.co.uk	18240	2025-01-23
northbaynipissing.com	6830	2026-08-23
northcentralpa.com	34883	2026-08-23
northcoastcitizen.com	5728	2025-09-25
northcoastjournal.com	13131	2026-08-22
northcountrynow.com	67245	2026-08-23
northcountrypublicradio.org	55900	2026-08-23
northdenvernews.com	5854	2026-08-23
northdevongazette.co.uk	9532	2026-05-20
northeasttoday.in	15354	2026-08-23
northern-times.co.uk	46201	2026-08-23
northerndailyleader.com.au	104419	2026-08-23
northernirelandnews.com	19738	2024-12-03
northernirelandworld.com	23257	2025-01-23
northernminer.com	8520	2026-08-21
northernnews.ca	51411	2026-08-23
northernpublicradio.org	59170	2026-08-23
northernstar.com.au	43139	2021-04-28
northernstar.info	7056	2026-08-23
northernvirginiamag.com	5441	2026-08-21
northescambia.com	19234	2026-08-23
northfortmyersneighbor.com	6320	2026-08-22
northislandgazette.com	31424	2026-08-23
northjersey.com	17610	2023-09-11
northkoreatimes.com	34992	2026-08-23
northplattebulletin.com	6090	2026-08-23
northqueenslandregister.com.au	31085	2026-08-23
northsomersettimes.co.uk	33986	2026-08-23
northumberlandgazette.co.uk	17505	2025-01-23
northumberlandnews.com	7054	2026-08-23
northwaleschronicle.co.uk	106911	2026-08-23
northwalespioneer.co.uk	110289	2026-08-23
northwestgeorgianews.com	145479	2026-08-23
northwestmoinfo.com	24479	2026-08-21
northwestsignal.net	41151	2026-08-23
northweststar.com.au	61971	2026-08-23
northwichguardian.co.uk	126450	2026-08-23
norwichbulletin.com	8631	2023-09-11
nottinghampost.com	123912	2026-08-23
nova.ie	26564	2026-08-23
novinite.com	66827	2026-08-23
nowgrenada.com	6368	2026-08-21
nownews.com	14527	2022-10-31
nowtoronto.com	18392	2026-07-30
npr.org	141596	2026-08-23
nptelegraph.com	45600	2026-08-15
nrl.com	13678	2026-08-23
nrn.com	15730	2026-08-23
nrq.com	6090	2026-08-18
nrtoday.com	28126	2026-08-21
nsnews.com	74080	2026-07-30
nst.com.my	19661	2025-09-22
ntnews.com.au	51861	2024-07-22
ntv.co.ug	23609	2026-08-23
nuclear-news.net	19151	2026-08-23
nugget.ca	62907	2026-08-23
nujournal.com	14286	2026-08-23
numberfire.com	17288	2025-10-21
nurseryworld.co.uk	5910	2026-06-19
nursingtimes.net	10353	2026-08-21
nutraingredients-usa.com	6370	2025-10-15
nutraingredients.com	7515	2026-08-21
nvdaily.com	72196	2026-08-23
nvi.com.au	48200	2026-08-23
nwaonline.com	81579	2026-08-23
nwasianweekly.com	5589	2025-12-21
nwemail.co.uk	171904	2026-08-23
nwfdailynews.com	15489	2023-09-11
nwherald.com	10392	2023-05-01
nwitimes.com	107223	2026-08-23
ny1.com	5132	2026-04-22
nyasatimes.com	25657	2026-08-23
nydailynews.com	155099	2026-08-23
nylon.com	5414	2026-08-21
nymag.com	12032	2026-08-22
nynganobserver.com.au	45700	2026-08-23
nyoooz.com	21744	2026-08-23
nypost.com	250448	2026-08-23
nystateofpolitics.com	15832	2026-08-22
nysun.com	20863	2026-08-14
nytimes.com	288976	2026-08-23
nzcity.co.nz	274122	2026-08-23
nzdoctor.co.nz	20457	2026-08-22
nzherald.co.nz	304371	2026-08-23
oakdaleleader.com	7503	2026-08-22
oakridger.com	9789	2023-09-11
oann.com	70810	2026-08-23
oanow.com	32822	2026-08-22
oaoa.com	38684	2025-05-15
obantimes.co.uk	12192	2024-01-25
oberonreview.com.au	49101	2026-08-23
obj.ca	10597	2026-08-22
obozrevatel.com	40531	2025-03-05
obrag.org	7637	2026-08-23
observer-reporter.com	22000	2026-08-23
observer.com	8895	2026-08-21
observer.ug	34481	2026-08-23
observertoday.com	26072	2026-08-23
oc-breeze.com	12900	2023-04-02
ocala.com	12103	2023-09-11
ocbj.com	6124	2026-08-21
oceanfm.ie	15220	2026-08-23
ocj.com	9938	2026-08-23
ocregister.com	76939	2026-08-23
odnako.org	26425	2026-08-23
odt.co.nz	60162	2026-08-23
odwyerpr.com	11515	2026-08-21
oed.com	5017	2026-08-23
oedigital.com	18258	2026-08-21
offalyexpress.ie	62753	2026-05-12
offalyindependent.ie	40754	2026-08-23
officer.com	7273	2026-08-21
offshore-energy.biz	10861	2025-01-22
offshore-technology.com	10896	2026-08-21
ofm.co.za	18761	2026-08-23
og979.com	21908	2026-05-15
ohiostandard.com	42102	2026-08-23
ohsonline.com	5307	2026-08-23
oilandgas360.com	17352	2026-08-22
oilcity.news	6882	2025-04-03
oilprice.com	43413	2026-08-23
oilvoice.com	10120	2020-12-14
oireachtas.ie	10226	2026-08-21
ojaivalleynews.com	11107	2026-08-23
ok.co.uk	127942	2026-08-23
okaz.com.sa	10022	2026-08-23
okcfox.com	37877	2026-08-23
okgazette.com	5474	2026-08-23
oklahomacitysun.com	37854	2026-08-23
oklahoman.com	55294	2023-09-11
oklahomastar.com	21723	2026-08-23
okotoksonline.com	14846	2026-08-23
okotokstoday.ca	8948	2023-03-29
oldham-chronicle.co.uk	12829	2026-08-22
oleantimesherald.com	86645	2026-08-23
omaha.com	179619	2026-08-23
omakchronicle.com	14738	2026-08-22
omanobserver.om	37318	2026-08-23
ominecaexpress.com	26535	2026-08-23
on3.com	5021	2026-03-19
onclive.com	16070	2026-01-16
oncologynurseadvisor.com	6160	2026-08-21
onegreenplanet.org	32669	2026-08-21
oneidadispatch.com	36002	2026-08-23
oneindia.com	61821	2026-08-23
onenewsnow.com	10704	2021-08-10
onenewspage.com	286372	2026-08-23
onlineathens.com	9456	2023-09-11
onlinenigeria.com	70549	2025-03-25
onlineopinion.com.au	9336	2026-08-22
onthewater.com	5630	2026-08-23
onthewight.com	16408	2026-08-23
onwardstate.com	12609	2026-08-23
opalesque.com	5408	2026-08-18
opb.org	7713	2026-04-01
opednews.com	8672	2026-08-23
openpr.com	740147	2026-08-23
openthemagazine.com	10277	2026-08-23
opinionnigeria.com	32062	2026-08-23
opportunitiesforafricans.com	11052	2026-08-21
optics.org	8537	2026-03-25
orangeobserver.com	9356	2025-09-10
orangeville.com	6573	2026-08-23
orangevilletoday.ca	7271	2026-08-21
orcadian.co.uk	5043	2026-08-23
order-order.com	6865	2025-09-01
oregonlive.com	77250	2026-02-23
organiser.org	33223	2026-08-23
origin-businesstoday.intoday.in	40947	2021-06-25
originalfm.com	16807	2025-12-12
orissabarta.com	45115	2026-03-06
orissadiary.com	28184	2026-08-23
orissapost.com	136615	2026-08-23
orlandoecho.com	51141	2026-08-23
orlandosentinel.com	116722	2026-08-23
orlandoweekly.com	14849	2026-08-23
orlytaitzesq.com	27055	2026-08-22
orovillemr.com	14994	2026-08-23
oskaloosa.com	45070	2026-08-23
oskynews.org	6242	2026-08-20
oswegocountynewsnow.com	13168	2026-08-23
oswegocountytoday.com	12508	2026-08-21
ottawa.ctvnews.ca	29397	2025-01-23
ottawacitizen.com	53980	2026-08-23
ottawaherald.com	5736	2026-06-06
ottawasun.com	65040	2026-08-23
ottumwacourier.com	64615	2026-08-23
oudaily.com	6385	2026-08-21
ourmidland.com	73223	2025-12-18
ourtribune.com	5164	2022-10-28
out.com	7777	2026-08-22
outbreaknewstoday.com	7571	2024-04-16
outdoorlife.com	5281	2026-08-23
outdoornews.com	14254	2026-08-23
outdoornewsdaily.com	5453	2023-05-06
outerbanksvoice.com	9176	2026-08-23
outinperth.com	5640	2026-08-23
outlookindia.com	132711	2026-08-23
outsidelands.org	6556	2026-08-23
outsideonline.com	10831	2026-08-23
overdrive.in	6007	2026-08-21
overdriveonline.com	6211	2026-05-27
owensoundsuntimes.com	26266	2026-08-23
oxfordmail.co.uk	239739	2026-08-23
oxygen.com	5063	2026-08-23
oyetimes.com	10766	2026-08-17
packers.com	7749	2026-08-22
packworld.com	8007	2025-12-28
padovanews.it	13497	2026-08-23
paducahsun.com	18935	2026-08-23
pagalguy.com	16440	2026-08-19
pagesix.com	50587	2026-08-23
pagosadailypost.com	7631	2026-08-21
pagosasun.com	13552	2026-08-23
paherald.sk.ca	14395	2026-08-23
pajhwok.com	26431	2026-08-23
pakistanpressfoundation.org	7345	2026-08-20
pakistantelegraph.com	99638	2026-08-23
pakistantoday.com.pk	30568	2026-08-23
pakobserver.net	83058	2026-08-23
palatinate.org.uk	9087	2026-08-23
palestinechronicle.com	8588	2025-08-01
palestineherald.com	10919	2026-08-23
palestinemonitor.org	38912	2026-05-15
palmbeachdailynews.com	7786	2023-09-11
palmbeachpost.com	26187	2023-09-11
palmcoastobserver.com	5119	2023-02-01
palmettobusinessdaily.com	6608	2024-01-26
paloaltoonline.com	18659	2026-08-23
pamplinmedia.com	24300	2022-12-14
panapress.com	23117	2026-05-10
panarmenian.net	24741	2026-07-30
pandct.com	10486	2026-02-15
panorama.am	26671	2026-08-23
panow.com	83676	2026-08-23
pantagraph.com	90343	2026-08-23
paperads.com	17379	2026-07-22
paperpk.com	13989	2026-07-20
parabolicarc.com	8426	2023-11-29
parade.com	9416	2025-09-12
paradisepost.com	11782	2026-08-23
parentherald.com	13172	2026-08-23
parents.com	7116	2026-03-17
parisguardian.com	66658	2026-08-23
parisstaronline.com	39698	2026-08-23
parkeschampionpost.com.au	20478	2026-08-20
parking-net.com	6510	2025-03-11
parking.net	10588	2026-08-21
parkrapidsenterprise.com	31717	2026-08-23
parkrecord.com	18405	2026-08-23
parliament.gov.to	20421	2026-08-18
parrysound.com	7556	2026-08-23
parsonssun.com	15498	2026-08-23
pasadenastarnews.com	46190	2026-08-23
pasoroblesdailynews.com	16943	2026-08-22
pastemagazine.com	11348	2026-08-22
patch.com	238407	2026-08-23
patentlyapple.com	6478	2024-07-30
patheos.com	32796	2026-06-18
patriotledger.com	9693	2023-09-11
patriotpost.us	36773	2026-08-22
patriots.com	6350	2026-08-23
pauldavisoncrime.com	8970	2026-08-22
paulickreport.com	26925	2026-02-06
paultan.org	34291	2026-08-23
paysonroundup.com	10023	2026-08-21
pbcommercial.com	7169	2026-04-07
pbn.com	8460	2026-04-18
pbs.org	26113	2026-08-22
pc-tablet.co.in	7418	2025-04-05
pcgamesn.com	29814	2026-08-23
pcmag.com	38929	2026-08-23
pctechmag.com	6938	2026-08-23
pcworld.co.nz	5685	2023-01-27
peacearchnews.com	36695	2026-08-23
peacefmonline.com	145649	2025-01-26
peakoil.com	17594	2026-08-23
peconicpublicbroadcasting.org	6972	2020-06-16
pedestrian.tv	30662	2026-08-21
peeblesshirenews.com	94292	2026-08-23
pehub.com	15109	2026-08-21
pembinavalleyonline.com	25556	2026-08-23
pembrokeobserver.com	38870	2026-08-23
pembroketoday.ca	11725	2026-08-22
penarthtimes.co.uk	116937	2026-08-23
penbaypilot.com	37429	2026-08-23
pendletoday.co.uk	5505	2021-12-13
peninsulaclarion.com	5053	2026-08-23
peninsuladailynews.com	11508	2026-08-22
pennlive.com	108037	2026-03-08
pennrecord.com	13340	2025-05-21
pensacolasjet.com	6308	2026-08-23
pentictonherald.ca	85378	2026-08-23
people.com	58098	2026-02-05
peoplesdailyng.com	33481	2026-04-09
peoplesreview.com.np	6492	2026-08-23
peoplesworld.org	18283	2026-08-21
peoriapublicradio.org	14883	2021-05-05
perezhilton.com	34397	2026-08-10
performancedrive.com.au	13678	2025-07-21
perhamfocus.com	25140	2026-08-23
perishablenews.com	21820	2026-08-23
perrynewspapers.com	5226	2026-08-21
personneltoday.com	9106	2026-08-21
perthnow.com.au	80451	2026-08-23
petapixel.com	12801	2026-08-23
peterboroughtoday.co.uk	19466	2025-01-23
petoskeynews.com	13149	2023-09-11
pghcitypaper.com	9642	2026-04-25
phandroid.com	17588	2026-08-21
pharmaceuticalonline.com	9772	2026-08-23
pharmacytimes.com	12321	2026-03-25
pharmatimes.com	5540	2026-08-20
pharmiweb.com	39419	2026-06-01
pharostribune.com	20010	2026-08-23
philamirror.info	7659	2026-05-24
philenews.com	18599	2026-07-23
philippinetimes.com	90634	2026-08-23
phillymag.com	6468	2026-08-21
phillytrib.com	40638	2026-08-23
phillyvoice.com	35418	2026-08-23
philstar.com	170696	2026-08-23
phinphanatic.com	6143	2026-08-23
phnompenhpost.com	44711	2026-07-31
phoenixfm.com	6552	2026-08-23
phoenixherald.com	109266	2026-08-23
phoenixnewtimes.com	7923	2026-08-22
phoenixvillenews.com	8403	2021-09-28
phonearena.com	41624	2025-08-21
phoronix.com	9795	2026-07-29
photonics.com	8114	2026-01-03
photonicsonline.com	5478	2026-08-20
phys.org	148868	2026-01-29
physiciansweekly.com	7449	2026-01-06
pikefm.com	9941	2026-08-23
pilotonline.com	71168	2026-08-23
pina.com.fj	20944	2026-08-23
pinchercreekecho.com	8912	2026-08-23
pineandlakes.com	34434	2026-08-23
pineisland-eagle.com	7431	2026-08-23
pinkbike.com	9096	2024-08-26
pinknews.co.uk	20157	2022-11-29
pinkun.com	5191	2025-12-06
pinkvilla.com	221343	2026-08-23
pinstripealley.com	19614	2026-08-23
pionline.com	18259	2026-06-18
piquenewsmagazine.com	60540	2025-09-05
pireport.org	10968	2026-08-21
pistonheads.com	5706	2026-08-23
pitchfork.com	18109	2026-08-23
pittsburghmagazine.com	6116	2026-08-21
pittsburghstar.com	114488	2026-08-23
piworld.com	8102	2026-08-20
pix11.com	19492	2025-06-12
pizzamarketplace.com	5523	2026-08-21
pjmedia.com	48739	2026-08-23
pjstar.com	10980	2023-09-11
placenorthwest.co.uk	17006	2026-06-04
plaintalk.net	5678	2026-08-21
planetf1.com	46744	2026-08-23
planetizen.com	14972	2025-07-30
planetprinceton.com	10701	2026-08-23
plansponsor.com	6388	2026-07-31
plasticsnews.com	9513	2026-04-29
playbill.com	24850	2026-08-23
playstationlifestyle.net	16180	2026-08-23
pleasantonweekly.com	12588	2026-08-23
plenglish.com	62014	2026-08-18
plos.org	5991	2026-08-21
pluggedin.com	5495	2026-08-22
plymouthherald.co.uk	105087	2026-08-23
pmlive.com	10051	2026-08-21
pmnewsnigeria.com	55029	2026-08-23
pna.gov.ph	7058	2026-03-08
pnj.com	13200	2023-09-11
poandpo.com	22819	2025-05-09
pocket-lint.com	26632	2026-08-23
pocketgamer.com	7721	2026-08-23
pocketnow.com	11447	2025-09-04
poconorecord.com	7358	2023-09-11
pokernews.com	34102	2026-08-23
polandsun.com	5706	2023-12-21
police1.com	7562	2026-08-17
polishforums.com	9793	2026-08-21
politicaldog101.com	31021	2026-08-23
politicalwire.com	57752	2026-08-23
politico.com	67856	2025-11-05
politico.eu	41627	2026-08-23
politics.co.uk	8822	2026-08-19
politicsweb.co.za	10704	2026-08-23
politicususa.com	7324	2026-02-28
politifact.com	12894	2026-08-21
polity.org.za	34059	2025-01-23
polkio.com	18672	2026-08-23
polygon.com	36873	2026-08-23
poncacitynews.com	9887	2026-08-23
pontefractandcastlefordexpress.co.uk	5456	2021-12-14
popcrush.com	18368	2026-08-22
popmatters.com	6121	2025-10-29
popsci.com	12767	2026-08-23
popsugar.com	65080	2026-08-21
popsugar.com.au	14474	2025-05-08
popularmechanics.com	15100	2026-08-22
portageonline.com	27473	2026-08-23
portcitydaily.com	15890	2026-08-21
portclintonnewsherald.com	6288	2023-09-11
portfolio-adviser.com	7258	2026-08-21
portlandmercury.com	12097	2026-08-21
portlandtribune.com	8719	2026-08-22
portnews.com.au	64738	2026-08-23
portsmouth-dailytimes.com	7656	2026-08-22
portsmouth.co.uk	25284	2025-01-23
portstephensexaminer.com.au	57855	2026-08-23
porttechnology.org	5082	2026-08-21
positivelyfilipino.com	6184	2026-08-19
post-journal.com	24716	2026-08-23
postandcourier.com	123033	2026-08-23
postbulletin.com	63051	2026-08-23
postcourier.com.pg	43527	2026-08-23
postcrescent.com	12995	2023-09-11
postindependent.com	14459	2026-08-22
postnewsgroup.com	6591	2026-08-22
postonline.co.uk	9132	2026-08-21
postregister.com	69136	2026-08-23
poststar.com	66240	2026-08-22
potchefstroomherald.co.za	10484	2023-10-04
potomaclocal.com	14424	2026-08-23
pottsmerc.com	50866	2026-08-23
poughkeepsiejournal.com	7141	2023-09-11
poundingtherock.com	8929	2026-08-23
powderbulksolids.com	7635	2026-08-21
powelltribune.com	18924	2026-08-23
power-technology.com	11707	2026-08-21
power103.com	8393	2026-08-23
power1057.com	7627	2026-08-23
power1069fm.com	22458	2026-08-09
power923.com	6380	2026-08-23
power959.com	19967	2026-08-22
power965.com	6877	2025-01-27
power96radio.com	51353	2026-08-23
power98fm.com	23881	2026-08-23
powerboise.com	5240	2026-08-22
powerlineblog.com	11521	2026-07-02
powermag.com	6175	2026-08-23
powerorlando.com	7996	2026-08-22
powerpage.org	7064	2026-01-18
poynter.org	5523	2026-08-21
pqbnews.com	32332	2026-08-23
pr-inside.com	183571	2026-08-23
pr.com	16923	2026-08-22
pragativadi.com	54325	2026-08-22
prairiepublic.org	42779	2026-08-23
praise933.com	5194	2024-04-28
prajasakti.com	11555	2026-06-26
pratttribune.com	5184	2023-09-12
predominantlyorange.com	7873	2026-08-23
premierchristianradio.com	11066	2023-06-07
premiumbeautynews.com	6014	2026-08-23
premiumtimesng.com	111073	2026-08-23
prescottenews.com	9377	2026-08-04
press-citizen.com	9004	2023-09-11
pressandguide.com	17310	2025-11-04
pressandjournal.co.uk	196721	2025-05-27
pressconnects.com	6069	2023-09-11
pressdemocrat.com	32278	2026-08-23
pressenterpriseonline.com	87096	2026-01-28
pressenza.com	12547	2026-08-23
pressgazette.co.uk	7297	2026-08-21
pressherald.com	132918	2026-08-23
pressofatlanticcity.com	82953	2026-08-23
pressparty.com	8869	2026-01-02
presspublications.com	6497	2026-08-21
presspubs.com	7724	2026-08-19
pressreleasepoint.com	60682	2026-08-22
pressrepublican.com	20075	2026-08-21
presstelegram.com	46786	2026-08-23
presstv.com	18559	2021-06-22
presstv.ir	65484	2026-07-22
prestigeonline.com	8936	2026-08-21
prestwichandwhitefieldguide.co.uk	18621	2023-03-07
prevention.com	11766	2026-08-23
prima.co.uk	8742	2026-08-23
primepublishers.com	5228	2026-08-22
princegeorgecitizen.com	137171	2025-09-05
princeton.edu	9102	2026-08-21
princetonol.com	11441	2026-08-23
printingnews.com	8737	2022-11-18
printweek.com	9505	2026-05-29
printweek.in	8841	2026-08-23
prisonplanet.com	5521	2026-08-12
prleap.com	9558	2026-08-22
prnewswire.co.uk	14870	2026-08-21
prnewswire.com	1306038	2026-08-23
proactiveinvestors.co.uk	61202	2026-08-23
proactiveinvestors.com	63865	2026-08-23
proactiveinvestors.com.au	34143	2026-08-23
probuilder.com	7494	2026-08-21
producer.com	14827	2025-05-22
professionaladviser.com	13724	2026-08-21
professionalpensions.com	10944	2026-08-21
progress-index.com	6209	2023-09-11
progressive-charlestown.com	20304	2026-08-23
progressivegrocer.com	7553	2025-09-09
progressiverailroading.com	10619	2026-08-23
projectnoah.org	19439	2026-08-21
prokerala.com	633512	2026-08-23
prolificnorth.co.uk	21481	2026-07-21
promptnewsonline.com	38868	2026-08-23
propakistani.pk	84115	2026-08-12
propertyweek.com	27543	2026-08-21
propublica.org	5437	2026-08-21
prospectmagazine.co.uk	8187	2026-08-22
providencejournal.com	22218	2023-09-11
prowrestling.net	18286	2026-08-23
prpeak.com	86658	2025-09-05
prrecordgazette.com	12803	2026-08-23
prunderground.com	11996	2026-08-09
prweb.com	172516	2026-08-21
prweek.com	13527	2026-07-02
psu.com	7048	2025-06-06
psu.edu	25035	2026-08-22
psychcentral.com	5022	2024-10-01
psychiatryadvisor.com	8694	2026-08-21
psychologytoday.com	23395	2026-07-07
ptinews.com	297015	2024-03-31
ptleader.com	7485	2026-08-23
publicnewsservice.org	19341	2025-08-20
publicnow.com	17005	2022-09-16
publicradioeast.org	53497	2026-08-23
publicradiotulsa.org	55618	2026-08-23
publishersweekly.com	20893	2026-08-22
pullmanradio.com	13438	2026-08-21
pulse.com.gh	49036	2026-03-19
pulse.ng	86874	2026-03-18
punchjump.com	11299	2026-08-22
punchng.com	293118	2026-08-23
punknews.org	9254	2026-08-21
punto.com.ph	8845	2026-08-23
purdueexponent.org	36703	2026-08-23
purerock96.com	9294	2026-08-23
purplerow.com	5998	2026-08-23
pushsquare.com	29406	2026-08-23
pv-magazine.com	18465	2026-06-04
pv-tech.org	13555	2026-08-21
pvvt.com	5694	2026-08-19
pwcs.edu	10390	2022-08-01
pymnts.com	23374	2026-08-22
q102.ie	16944	2026-08-22
q105.fm	6632	2026-08-23
q1057.com	9670	2026-08-21
q1061.com	8274	2026-08-23
q1065.fm	23844	2026-08-21
q106dot5.com	21502	2026-08-23
q106fm.com	8234	2026-08-21
q107.com	20457	2026-08-22
q1077.com	24955	2026-08-22
q107fm.ca	6514	2020-06-10
q108.com	7866	2026-08-20
q13fox.com	32112	2023-04-18
q93fm.com	14804	2026-08-21
q957.com	18815	2025-10-31
q95fm.net	8602	2026-08-21
q961.com	23791	2026-08-22
q985online.com	37680	2026-08-23
q98fm.com	6984	2026-08-23
qatar-tribune.com	33210	2026-08-23
qatarliving.com	8355	2026-08-23
qchron.com	13042	2026-08-21
qconline.com	70073	2026-08-23
qctimes.com	96205	2026-08-23
qns.com	12087	2026-08-23
qsrmagazine.com	6347	2026-02-19
qsrweb.com	7062	2026-08-21
qt.com.au	56636	2021-06-23
quadcitiesdaily.com	21617	2026-01-02
queanbeyanage.com.au	68951	2026-08-23
queensjournal.ca	5198	2026-08-18
queenslandcountrylife.com.au	50058	2026-08-23
queerty.com	6637	2026-06-22
quesnelobserver.com	29660	2026-08-23
quickcountry.com	48093	2026-08-23
quicknews-africa.net	36930	2026-08-18
quickworldnews.com	19319	2021-10-16
quintenews.com	27395	2026-08-23
qvc.com	59059	2026-07-08
qxmagazine.com	26771	2026-07-27
qz.com	34087	2026-04-13
racer.com	13748	2026-01-08
radaronline.com	33545	2026-08-23
radio.com	43725	2025-12-15
radio.gov.pk	58108	2026-08-23
radiocayman.gov.ky	8237	2026-08-22
radioinfo.com.au	6174	2025-01-22
radioink.com	14961	2026-08-23
radioiowa.com	16240	2026-07-27
radiojamaicanewsonline.com	29678	2026-08-21
radiokerry.ie	24750	2026-08-23
radiokorea.com	28815	2026-08-10
radiotamazuj.org	13136	2026-08-23
radiotimes.com	40489	2026-08-23
radiotoday.co.uk	5773	2026-08-22
radiotoday.com.au	8181	2025-06-14
radiousa.com	8252	2026-08-21
radiox.co.uk	6800	2026-08-21
radyonatin.com	11629	2025-10-03
rafu.com	5374	2026-08-22
ragtrader.com.au	7676	2026-08-21
railpage.com.au	73388	2023-10-15
railway-technology.com	5672	2026-08-07
railwayage.com	8580	2026-01-31
railwaygazette.com	10872	2026-08-23
rap-up.com	9390	2026-02-07
rapidcityjournal.com	58696	2026-08-22
rapidtvnews.com	6195	2026-02-17
rappler.com	83770	2026-08-23
rappnews.com	9612	2026-08-23
rapsinews.com	6019	2025-12-09
rashtranews.com	23678	2026-08-04
rasmussenreports.com	7745	2026-08-21
ravallirepublic.com	53762	2026-08-21
rawstory.com	64014	2026-08-23
rbj.net	12065	2026-06-04
rbth.com	6312	2026-08-19
rcps.info	37674	2026-06-15
rcreader.com	8032	2026-08-23
rcrwireless.com	8502	2026-08-21
reachfm.ca	13597	2026-01-01
readingchronicle.co.uk	137720	2026-08-23
readingeagle.com	57958	2026-08-23
readmedia.com	32281	2026-08-23
readwrite.com	6433	2024-10-10
realclearpolitics.com	31789	2026-05-17
realestate.com.au	14105	2026-08-23
realestatebusiness.com.au	8928	2026-08-23
realgeni.com	32458	2025-04-16
realitytea.com	41836	2026-08-22
realitytvworld.com	35740	2026-08-23
realradio804.com	6419	2026-08-21
realscreen.com	6878	2026-06-24
reason.com	15637	2026-08-23
rechargenews.com	10411	2026-08-21
record-bee.com	10981	2026-08-23
record-eagle.com	80411	2026-08-23
recordcourier.com	10467	2025-09-04
recorder.ca	48283	2026-08-23
recorder.com	34910	2026-08-23
recordernews.com	6816	2023-10-26
recorderonline.com	51913	2026-08-23
recordnet.com	9191	2023-09-11
recordonline.com	10835	2023-09-11
redandblack.com	9949	2026-08-23
redbluffdailynews.com	12802	2026-08-23
reddeeradvocate.com	21488	2026-08-22
redding.com	5466	2023-09-11
redditchadvertiser.co.uk	109974	2026-08-23
redditchstandard.co.uk	14903	2026-08-23
redeyeradioshow.com	14670	2026-08-04
redfm.ie	11639	2026-08-23
rediff.com	84633	2026-08-23
redlandcitybulletin.com.au	64583	2026-08-23
redlandsdailyfacts.com	44459	2026-08-23
redriverradio.org	57025	2026-08-23
redstate.com	75592	2026-08-23
redwatch.org.au	11870	2026-08-23
reflector.com	101930	2026-08-23
reformer.com	47290	2026-08-23
regina.ctvnews.ca	15942	2025-04-08
register-herald.com	61215	2026-08-22
registercitizen.com	111574	2026-04-21
registerguard.com	9843	2023-09-10
registerherald.com	6606	2025-09-17
rejournals.com	8752	2025-07-14
rekordeast.co.za	10868	2021-02-24
relevantmagazine.com	8478	2026-08-22
relevantradio.com	9361	2026-06-04
reliefweb.int	163718	2026-03-28
religionnews.com	16623	2026-07-17
relish.com	7286	2026-08-23
relix.com	6532	2026-08-23
renalandurologynews.com	8139	2026-08-21
renewableenergymagazine.com	10256	2026-08-21
renews.biz	22747	2025-01-23
renfrewtoday.ca	11789	2026-08-22
rep-am.com	52992	2025-02-04
repeatingislands.com	7021	2026-08-23
reporter.net	18276	2026-08-23
reporterherald.com	39058	2026-08-23
reporternews.com	9509	2023-09-11
republic-online.com	26030	2026-07-02
republicaneagle.com	5657	2026-08-22
republicanherald.com	46409	2026-08-23
republicofmining.com	6923	2026-08-07
republicworld.com	41980	2026-03-17
republikein.com.na	6461	2026-08-22
rescue.org	5795	2026-08-20
reseller.co.nz	14580	2026-08-21
resilience.org	5405	2026-08-22
respect-mag.com	5647	2026-08-18
restaurantmagazine.com	13784	2026-08-21
restaurantnews.com	13676	2026-08-21
restaurantnewsrelease.com	13425	2026-08-21
restaurantonline.co.uk	6108	2026-08-21
restonnow.com	6591	2024-05-17
retaildetail.eu	7232	2026-08-21
retaildive.com	12606	2026-08-23
retailtimes.co.uk	18677	2026-08-23
reuters.com	928661	2026-07-21
revengeofthebirds.com	7017	2026-08-23
reverb.com	6060	2022-05-04
reviewjournal.com	39287	2026-08-23
reviewonline.com	18516	2026-08-22
reviewtimes.com	6175	2020-06-10
revolutionradio.org	7537	2025-09-24
revolvermag.com	6193	2025-01-22
rewind943.com	9812	2026-08-21
rexburgstandardjournal.com	7334	2026-08-23
rfa.org	13517	2026-08-20
rfdtv.com	25601	2026-08-21
rferl.org	45985	2026-08-23
rfglobalnet.com	5430	2026-08-20
rfi.fr	62529	2026-08-22
rgj.com	9002	2023-09-11
rheaheraldnews.com	8667	2026-08-22
rheinpfalz.de	6895	2020-11-26
rhyljournal.co.uk	114261	2026-08-23
ricentral.com	6550	2026-08-22
richlandsource.com	29058	2026-08-23
richmond-news.com	74966	2025-09-05
richmond.com	91263	2026-08-23
richmondandtwickenhamtimes.co.uk	112548	2026-08-23
richmondbizsense.com	7403	2026-08-21
richmondfreepress.com	7220	2026-02-12
richmondregister.com	27606	2026-08-23
ricochet.com	33598	2025-06-14
ridgecrestca.com	9126	2026-08-22
riggosrag.com	6903	2026-08-23
rightspeak.net	12426	2026-08-23
rigzone.com	30922	2026-08-23
ringsidereport.com	6090	2026-08-20
riotimesonline.com	43601	2026-08-23
riponadvance.com	8474	2026-08-21
riponpress.com	7746	2026-08-23
ripplesnigeria.com	10801	2026-02-09
risingapple.com	5893	2026-08-23
risingbd.com	7134	2023-02-02
risingkashmir.com	6154	2025-07-25
risk.net	7879	2026-08-21
rismedia.com	14962	2026-08-21
rivals.com	5169	2025-06-14
river1037.com	15294	2026-08-19
river105.com	11694	2026-08-10
river967.com	22225	2026-08-20
riverbender.com	7579	2025-01-23
riverfronttimes.com	8051	2025-08-16
rivergrandrapids.com	31615	2026-08-22
rivernewsonline.com	15147	2026-08-21
riviera-maya-news.com	11645	2026-08-22
rnanews.com	6622	2026-08-23
rnz.co.nz	159867	2026-08-23
road.cc	10319	2026-08-23
roadandtrack.com	12380	2026-08-23
roadsafety.co.za	10681	2026-08-23
roanoke.com	77190	2026-08-22
roarmag.org	22102	2026-08-23
robbreport.com	16704	2026-08-23
robesonian.com	5918	2026-08-23
roboticstomorrow.com	7642	2026-08-21
rochdaleonline.co.uk	11368	2025-11-25
rochestercitynewspaper.com	5405	2023-03-06
rock101.com	10991	2026-08-22
rock1015.com	6067	2026-08-22
rock107.com	10064	2026-08-20
rock937online.com	24042	2025-03-27
rock947.com	9740	2022-11-22
rock967online.com	21354	2026-08-23
rockdalenewtoncitizen.com	71558	2026-08-23
rockpapershotgun.com	20133	2026-08-23
rocksound.tv	5098	2026-08-22
rockymounttelegram.com	62439	2026-08-23
rockytopinsider.com	8063	2026-08-23
rogerebert.com	23518	2026-01-29
rollcall.com	11605	2026-08-21
rollingout.com	36521	2025-12-23
rollingstone.com	55047	2026-08-23
rollingstoneindia.com	6402	2026-08-21
romania-insider.com	16181	2026-08-21
romaniapress.com	67364	2026-08-21
romesentinel.com	13870	2026-08-23
romfordrecorder.co.uk	49810	2026-08-23
romseyadvertiser.co.uk	52579	2024-10-26
roscommonherald.ie	52353	2026-08-23
ross-shirejournal.co.uk	52301	2026-08-23
rosslandtelegraph.com	5822	2026-08-19
rotherhamadvertiser.co.uk	7306	2025-01-23
rotowire.com	12364	2026-08-23
roundupweb.com	5491	2026-08-20
routesonline.com	12955	2026-07-31
royalcentral.co.uk	13816	2026-08-23
royalgazette.com	54915	2026-08-23
royalsreview.com	8118	2026-08-23
royston-crow.co.uk	30299	2026-08-23
rozanaspokesman.com	13870	2026-08-23
rrdailyherald.com	23953	2026-08-23
rri.ro	9945	2026-08-23
rrobserver.com	6476	2026-08-21
rrr.org.au	25440	2026-08-23
rrstar.com	9459	2023-09-11
rsn.net.au	11160	2026-08-23
rstreet.org	8359	2026-08-19
rt.com	14446	2026-08-23
rte.ie	180266	2026-08-23
rthk.hk	11704	2026-08-21
rtoinsider.com	5913	2026-08-23
rtrfm.com.au	6092	2026-08-21
rttnews.com	132985	2026-08-23
rubbernews.com	9503	2026-06-18
runcornandwidnesworld.co.uk	91430	2026-08-23
runnersworld.com	10261	2026-08-23
runningmagazine.ca	6419	2026-08-23
runwaygirlnetwork.com	5635	2026-03-31
rushlane.com	8880	2026-08-23
russiaherald.com	132722	2026-08-23
russianmachineneverbreaks.com	7470	2026-08-23
russianradio7.com	8075	2025-01-20
rustourismnews.com	6049	2026-08-23
ruthfullyyours.com	25532	2026-08-01
rutland-times.co.uk	11536	2026-08-23
rutlandherald.com	40844	2026-08-23
rvasia.org	8268	2026-08-11
ryeandbattleobserver.co.uk	5120	2022-02-09
sabcnews.com	8897	2026-03-19
sacobserver.com	7011	2026-05-28
sacurrent.com	16936	2026-08-23
safc.com	10896	2024-07-16
saharareporters.com	100245	2026-08-23
sahilonline.org	11937	2026-08-23
sail-world.com	21644	2026-08-23
sailingscuttlebutt.com	8762	2026-07-12
saipantribune.com	7237	2025-05-29
sakshi.com	36429	2025-06-05
sakshipost.com	32691	2026-08-22
salemnews.com	29610	2026-08-23
salemnews.net	17293	2026-08-22
salina.com	9487	2023-09-10
salinapost.com	31235	2026-08-23
salisburyjournal.co.uk	121559	2026-08-23
salon.com	32867	2026-08-23
saltlakecitysun.com	146165	2026-08-23
saltwire.com	82049	2026-08-23
samaa.tv	60878	2026-08-23
sammobile.com	26298	2026-08-23
samoanews.com	5853	2026-08-21
samoaobserver.ws	9241	2026-08-23
sana.sy	28413	2026-08-23
sanangelolive.com	28066	2026-08-23
sanantoniopost.com	62625	2026-08-23
sandiegoreader.com	13139	2025-08-22
sandiegosun.com	178095	2026-08-23
sandiegouniontribune.com	213892	2026-08-23
sanews.gov.za	14958	2026-08-23
sanfordherald.com	52281	2026-08-23
sanilacbroadcasting.com	5339	2025-01-09
sanjuanjournal.com	5742	2026-08-22
sanmarcosrecord.com	10940	2026-08-23
sanremonews.it	5011	2026-08-22
santabanta.com	7401	2026-08-22
santacruzsentinel.com	21896	2026-08-23
santafenewmexican.com	62993	2026-08-23
santamariasun.com	5386	2026-08-21
santamariatimes.com	92881	2026-08-23
saobserver.net	45244	2026-08-23
saps.gov.za	37740	2025-11-19
sarajevotimes.com	5933	2026-03-02
saratogian.com	38837	2026-08-23
sarniathisweek.com	35616	2026-01-20
saskatoon.ctvnews.ca	14577	2025-01-22
satellitetoday.com	7201	2026-08-21
satnews.com	14527	2026-08-23
saudigazette.com.sa	54271	2026-03-18
saukvalley.com	7863	2020-12-17
saultstar.com	59196	2026-08-23
saultthisweek.com	48731	2026-06-22
savannahnow.com	16081	2023-09-11
savejersey.com	6104	2026-08-23
savingadvice.com	6030	2026-08-23
sb.by	18818	2026-08-21
sbcnews.co.uk	7219	2024-12-05
sbnation.com	47240	2026-08-23
sbr.com.sg	19827	2026-08-23
sbs.com.au	84422	2026-08-23
sbsun.com	45091	2026-08-23
sbwire.com	16543	2022-01-13
scallywagandvagabond.com	9063	2026-08-23
scdailypress.com	7072	2023-01-30
schoolsweek.co.uk	7252	2026-07-03
schroders.com	5010	2024-02-09
science.org	5028	2024-04-24
science20.com	7425	2026-08-23
sciencealert.com	18779	2026-08-23
scienceblog.com	15298	2026-08-23
scienceblogs.com	14620	2026-08-23
sciencebusiness.net	9408	2026-02-09
sciencedaily.com	32157	2026-08-06
sciencemag.org	12882	2021-10-07
sciencenews.org	5484	2026-08-22
scientificamerican.com	14251	2026-08-23
scmagazine.com	10578	2024-09-25
scmp.com	159337	2026-08-23
scnow.com	44778	2026-08-22
sconeadvocate.com.au	70829	2026-08-23
scoop.co.nz	282335	2026-08-23
scotsman.com	80113	2025-01-23
scottishconstructionnow.com	6836	2026-08-21
scottishhousingnews.com	6930	2026-08-21
scottishlegal.com	6200	2026-08-21
scpr.org	7524	2024-02-29
screencrush.com	10245	2026-08-22
screendaily.com	27103	2025-09-05
screenrant.com	207715	2026-08-23
scrippsnews.com	14231	2026-03-19
scroll.in	55770	2026-08-23
sctimes.com	6903	2023-09-10
scvnews.com	21629	2026-08-23
sdbj.com	5825	2026-08-21
sdcexec.com	8119	2025-12-28
sdjewishworld.com	6458	2026-08-23
sdpb.org	14596	2026-08-21
se933.com	20675	2026-08-22
seacoastonline.com	17956	2024-10-24
seafoodsource.com	6470	2025-01-23
seaforthhuronexpositor.com	22580	2026-08-23
seahawks.com	6275	2026-08-23
searchenginejournal.com	6494	2026-08-22
searchengineland.com	9427	2026-08-22
searchlight.vc	23062	2026-08-21
seasideradio.co.uk	13555	2026-08-20
seatrade-maritime.com	9491	2025-01-09
seattlepi.com	165051	2025-11-18
seattletimes.com	70978	2026-07-15
securityinfowatch.com	9681	2026-08-21
sedaliademocrat.com	12116	2026-08-23
seekingalpha.com	142645	2026-08-23
seenews.com	23417	2025-11-19
segmentnext.com	12742	2025-07-30
seguingazette.com	7142	2026-08-22
seguintoday.com	5151	2026-08-21
sej.org	14993	2026-08-21
selectscience.net	14579	2026-08-21
semissourian.com	16075	2026-08-23
sen.com.au	17190	2024-11-11
senate.gov.ph	10256	2025-08-20
seneweb.com	81744	2026-04-30
sent-trib.com	33170	2025-09-17
sentinel-standard.com	6658	2023-09-09
sentinelandenterprise.com	20583	2026-08-23
sentinelassam.com	81666	2026-08-23
sentinelsource.com	22605	2025-02-13
sequimgazette.com	6203	2026-08-21
serbian.cri.cn	10773	2026-08-23
setexasrecord.com	13902	2025-05-21
sevendaysvt.com	19919	2026-08-21
seventeen.com	10866	2026-07-30
seychellesnewsagency.com	7022	2026-02-17
sfchronicle.com	86527	2025-11-18
sfexaminer.com	15433	2026-08-23
sfgate.com	557090	2026-07-08
sfist.com	16184	2026-08-23
sflcn.com	6330	2026-06-04
sfstation.com	9479	2026-08-23
sgvtribune.com	47444	2026-08-23
shabait.com	5295	2026-08-22
shacknews.com	30271	2026-08-22
shafaqna.com	39940	2026-08-23
shanghaiist.com	6071	2026-07-11
shanghainews.net	88012	2026-08-23
shanghaisun.com	154145	2026-08-23
shankennewsdaily.com	7232	2026-08-21
shannonside.ie	28838	2026-08-23
sharecast.com	18144	2026-03-26
sharechat.co.nz	5679	2026-08-21
sharenet.co.za	17872	2026-08-19
shark1053.com	22392	2026-08-21
sharonherald.com	24432	2026-08-23
sheboyganpress.com	9278	2023-09-11
shekicks.net	6426	2026-08-22
sheknows.com	28265	2026-08-22
shelbystar.com	6592	2023-09-11
sheltonherald.com	53654	2025-11-18
shephardmedia.com	8501	2026-08-21
sheppnews.com.au	6976	2025-10-15
sherbrookerecord.com	5238	2026-08-22
sheridanmedia.com	22353	2026-08-23
sherwoodparknews.com	16627	2026-08-23
shetlandtimes.co.uk	8324	2026-08-23
shetnews.co.uk	16337	2026-08-23
shieldsgazette.com	12833	2025-01-23
shine.cn	8014	2025-06-14
ship-technology.com	5382	2026-08-21
shipandbunker.com	17291	2026-08-22
shipnc.com	8513	2026-08-19
shippingtribune.com	6022	2026-08-22
shippingwatch.com	7709	2026-06-26
shockya.com	5704	2026-08-23
shorehamherald.co.uk	6130	2022-02-09
shorelinebeacon.com	23287	2026-08-23
shorelinemedia.net	23450	2026-08-22
shorenewsnetwork.com	18724	2026-03-12
shortlist.com	6727	2026-08-21
showbiz411.com	6094	2026-08-23
shreveporttimes.com	9564	2023-09-11
shropshirelive.com	11728	2026-08-23
shropshirestar.com	67852	2026-03-26
si.com	254561	2026-08-23
siasat.com	163481	2026-08-23
sidneydailynews.com	17900	2025-09-17
sidneyherald.com	11675	2026-08-22
sierraleonetimes.com	69994	2026-08-23
sierrawave.net	6292	2026-08-23
sify.com	66070	2026-08-22
signalscv.com	22124	2026-08-23
siliconangle.com	18606	2026-08-23
siliconera.com	19562	2026-08-23
siliconindia.com	22708	2026-08-22
siliconrepublic.com	19894	2026-08-21
siliconvalley.com	14772	2026-08-23
silive.com	59235	2026-02-23
silverandblackpride.com	15481	2026-08-23
silverbirdtv.com	8778	2026-08-23
simcoe.com	13890	2026-08-23
simcoereformer.ca	50529	2026-08-23
simpleflying.com	8159	2026-07-10
sina.com	68991	2025-01-09
sina.com.hk	30126	2026-08-23
singaporestar.com	76115	2026-08-23
singersroom.com	16937	2026-08-23
singletonargus.com.au	75144	2026-08-23
siouxcityjournal.com	261375	2026-08-23
siouxlandnews.com	8190	2026-08-22
sis.gov.eg	9722	2025-11-14
siskiyoudaily.com	5408	2023-09-11
sitkasentinel.com	34336	2026-08-23
sj-r.com	11627	2023-09-11
skift.com	17927	2026-08-22
sknvibes.com	12937	2026-08-21
skopjediem.com	6575	2026-08-21
sky.com	87577	2026-08-14
skymetweather.com	6205	2026-08-21
skynews.com.au	72895	2026-07-26
slamonline.com	5481	2025-09-10
slashdot.org	5538	2024-09-09
slashfilm.com	42540	2026-08-23
slashgear.com	56417	2026-08-23
slate.com	42336	2026-08-23
sleepreviewmag.com	5217	2026-08-21
slguardian.org	23971	2026-08-23
slippedisc.com	7072	2026-08-23
slotocash.im	6832	2023-11-30
sloughobserver.co.uk	113038	2026-08-23
sloveniatimes.com	12811	2025-11-18
sltrib.com	30229	2026-08-23
slugmag.com	5382	2026-08-23
smallbiztrends.com	13101	2026-08-23
smallwarsjournal.com	6274	2026-06-04
smartcanucks.ca	13714	2026-08-23
smartcompany.com.au	10022	2026-08-21
smartpropertyinvestment.com.au	6234	2026-08-23
smdailyjournal.com	137001	2026-07-31
smdp.com	12377	2026-08-23
smenet.org	5102	2026-08-21
smetimes.in	13962	2026-08-22
smh.com.au	269273	2026-08-23
smithsonianmag.com	5388	2026-08-18
smn-news.com	15887	2026-08-23
smnewsnet.com	11006	2026-03-23
smokymountainnews.com	9155	2026-08-19
snl24.com	37194	2026-07-02
snntv.com	12417	2024-07-01
snopes.com	13727	2026-03-19
so-co-it.com	5992	2026-07-02
soapoperadigest.com	6142	2026-08-21
socaltech.com	5712	2025-12-24
socialistparty.org.uk	5103	2025-01-22
socialmediatoday.com	12764	2026-08-21
sofiaglobe.com	9580	2026-08-21
sofrep.com	14334	2026-04-18
softpedia.com	5650	2024-12-01
softrock941.com	5118	2023-02-13
soglos.com	5900	2026-08-23
sojo1049.com	41857	2026-08-23
solomonstarnews.com	9202	2026-04-30
somdnews.com	21660	2026-08-23
somerset-kentucky.com	30733	2026-08-23
somersetcountygazette.co.uk	190944	2026-08-23
somersetlive.co.uk	95679	2026-08-23
sooeveningnews.com	5730	2023-09-09
sookenewsmirror.com	38981	2026-08-23
soompi.com	33976	2026-08-23
sott.net	72793	2026-08-23
sounderatheart.com	7534	2026-08-23
soundonsound.com	25646	2026-08-23
southbendtribune.com	14724	2023-09-11
southcarolinapublicradio.org	76712	2026-08-23
southcoastregister.com.au	51896	2026-08-23
southcoasttoday.com	12183	2025-05-13
southdadenewsleader.com	8795	2026-08-22
southeastagnet.com	6311	2026-08-22
southeastasiapost.com	100258	2026-08-23
southeastradio.ie	8589	2026-08-23
southeastsun.com	5753	2025-01-17
southernhighlandnews.com.au	63766	2026-08-23
southernliving.com	11781	2026-03-17
southernminn.com	91542	2026-08-23
southernstandard.com	5879	2025-07-19
southernstar.ie	13109	2026-08-22
southgatearc.org	6902	2022-10-08
southpeacenews.com	8470	2026-08-23
southtahoenow.com	54324	2026-08-23
southwalesargus.co.uk	193661	2026-08-23
southwalesguardian.co.uk	94933	2026-08-23
southwhidbeyrecord.com	6092	2026-08-23
sowetan.co.za	6209	2026-08-23
sowetanlive.co.za	56173	2025-10-16
soyacincau.com	15929	2026-08-23
space.com	23783	2026-08-23
spacecoastdaily.com	12145	2026-08-23
spacedaily.com	21460	2026-08-23
spacewar.com	31591	2026-08-21
spaldingtoday.co.uk	8426	2023-12-04
spanishvida.com	5306	2026-08-23
spartaindependent.com	5413	2026-08-20
spectator.co.uk	41838	2025-12-16
spectator.org	8421	2026-08-20
spectator.sme.sk	10290	2026-02-18
spectrumlocalnews.com	9095	2026-06-26
spectrummagazine.org	5950	2024-10-24
spectrumnews1.com	7443	2026-02-12
speedcafe.com	32036	2026-08-23
speedwaymedia.com	16477	2026-08-23
spencerdailyreporter.com	5725	2026-08-21
spiked-online.com	6858	2026-08-22
spin.com	7322	2026-03-12
spin1038.com	7517	2026-08-21
spoilertv.com	28000	2026-08-23
spokanepublicradio.org	64204	2026-08-23
spokesman.com	58857	2026-08-23
sportsnet.ca	5652	2022-01-17
spotlightnepal.com	8294	2026-08-23
spotrac.com	57021	2026-08-23
springer.com	5793	2026-08-23
springfieldnewssun.com	54104	2026-08-23
sprucegroveexaminer.com	16538	2026-08-23
sputnikglobe.com	35619	2026-08-23
sputniknews.com	115856	2023-04-05
squamishchief.com	72879	2025-09-05
squatchrocks.com	44369	2026-08-23
srilankamirror.com	14592	2026-08-23
srilankasource.com	97963	2026-08-23
srpressgazette.com	6439	2026-08-23
ssuchronicle.com	20914	2020-04-15
stabroeknews.com	84877	2026-03-26
staffingindustry.com	7493	2024-12-01
stalbansreview.co.uk	82873	2025-12-09
stalbertgazette.com	58824	2025-09-05
stamfordadvocate.com	157056	2025-06-12
stamfordmercury.co.uk	8132	2023-12-04
stampedeblue.com	10145	2026-08-23
standard-democrat.com	5140	2026-08-22
standard-freeholder.com	43840	2026-08-23
standard-journal.com	66407	2026-08-23
standard.co.uk	209430	2026-08-23
standard.net	17792	2026-08-23
standard.net.au	77684	2026-08-23
standardbredcanada.ca	34735	2026-08-23
standardmedia.co.ke	194690	2026-08-23
standardspeaker.com	47964	2026-08-23
stanforddaily.com	6374	2026-08-20
star945.com	7982	2026-08-21
star967.net	13534	2026-03-20
star98.net	10314	2026-08-23
staradvertiser.com	53225	2026-08-23
starbeacon.com	28535	2026-08-23
starcommunity.com.au	9165	2026-04-29
starcourier.com	5441	2023-09-10
stardem.com	33580	2026-08-23
starfm1023.com	6851	2026-08-18
stargazette.com	5321	2023-09-11
starherald.com	50596	2026-08-23
starkvilledailynews.com	5617	2026-08-20
starlocalmedia.com	58889	2026-08-23
starmometer.com	9202	2026-06-08
starnewsonline.com	11634	2023-09-11
starobserver.com.au	8332	2026-08-23
starofmysore.com	34693	2026-08-23
starradiovegas.com	5978	2022-06-24
startribune.com	263277	2026-08-19
starweekly.com.au	25547	2026-03-02
state.gov	15202	2026-08-21
statecollege.com	13754	2026-08-23
statenews.com	9061	2026-08-22
stateofreform.com	5750	2026-03-27
statesboroherald.com	8907	2026-08-23
statesman.com	34154	2026-03-25
statesmanjournal.com	9447	2023-09-11
statesville.com	48000	2026-08-20
staugustine.com	10411	2023-09-11
stawelltimes.com.au	30192	2026-08-23
stcatharinesstandard.ca	107863	2026-08-23
steelers.com	6649	2026-08-22
steinbachonline.com	25259	2026-08-23
stellar.ie	10543	2026-08-21
stereoboard.com	20570	2026-08-23
stereogum.com	20493	2026-08-22
stettlerindependent.com	11793	2026-08-22
stevenspointjournal.com	8837	2023-09-11
stevivor.com	5999	2026-08-04
stgeorgeutah.com	24035	2026-08-23
sthelensstar.co.uk	137491	2026-08-23
stiripesurse.ro	39154	2026-08-23
stlamerican.com	18059	2026-08-23
stlouisstar.com	95456	2026-08-23
stlpublicradio.org	8721	2023-09-01
stltoday.com	242154	2026-08-23
stock-world.de	6893	2024-12-30
stockandland.com.au	39346	2026-08-23
stockhouse.com	12208	2026-07-28
stockjournal.com.au	39681	2026-08-22
stockmarketwire.com	21652	2022-02-23
stokesentinel.co.uk	102721	2026-08-23
stornowaygazette.co.uk	7135	2025-01-23
stourbridgenews.co.uk	144475	2026-08-23
straight.com	16904	2026-08-23
straitstimes.com	197880	2026-08-23
strangehorizons.com	5143	2026-08-21
strategypage.com	10676	2026-08-23
stratford-herald.com	19288	2026-08-23
stratfordbeaconherald.com	40483	2026-08-23
stratfordobserver.co.uk	9977	2026-08-23
strathroyagedispatch.com	35086	2026-01-25
strathroytoday.ca	8532	2026-08-21
streetinsider.com	368521	2024-12-02
streetsblog.org	9439	2026-08-21
stripes.com	97789	2026-08-23
stroudnewsandjournal.co.uk	118523	2026-08-23
stthomastimesjournal.com	41102	2026-08-23
stthomastoday.ca	9211	2026-08-21
stuff.co.nz	290589	2024-01-16
stuff.tv	8132	2026-08-22
stupiddope.com	18434	2025-10-20
sturgisjournal.com	6692	2023-09-11
stuttgartdailyleader.com	12690	2026-08-21
stwnewspress.com	10508	2026-08-22
stylecaster.com	15413	2026-08-23
suasnews.com	5825	2026-08-21
sudantribune.com	6768	2025-02-16
suffolknews.co.uk	11877	2026-08-23
summitdaily.com	21819	2026-08-23
sun-sentinel.com	110613	2026-08-23
suncommercial.com	54947	2026-08-23
sundaymail.co.zw	13635	2025-01-23
sundaynews.co.zw	14210	2025-01-22
sundaystandard.info	7216	2026-08-17
sundaytimes.lk	11052	2026-08-23
sundayworld.co.za	10802	2026-07-15
sundayworld.com	50448	2025-11-24
sunderlandecho.com	19890	2025-01-23
sungazette.com	20313	2026-08-22
sunjournal.com	109258	2026-08-23
sunlive.co.nz	44147	2026-08-23
sunnewsonline.com	41578	2024-06-26
sunny1031.com	7073	2026-08-23
sunny1063.com	13719	2026-02-19
sunny923.com	13143	2026-08-19
sunny943.com	11500	2026-08-23
sunnysidesun.com	5601	2023-04-13
sunshinecoastdaily.com.au	63851	2021-06-23
sunshinestatenews.com	9785	2023-07-22
sunstar.com.ph	95794	2026-08-23
suntimes.com	117841	2026-08-23
superbike-news.co.uk	10580	2026-08-23
superherohype.com	18775	2026-08-23
superhits106.com	8045	2026-08-22
superiortelegram.com	19396	2026-08-23
supermarketnews.com	9789	2026-08-21
supertalk.fm	12948	2026-08-23
supertalk1270.com	7859	2026-08-21
supertalk1570.com	16594	2026-07-09
surfky.com	6423	2026-05-29
surinametimes.com	11263	2026-08-23
surinenglish.com	21303	2026-08-23
surreycomet.co.uk	153751	2026-08-23
sussexexpress.co.uk	45134	2025-01-23
sverigesradio.se	7180	2026-04-15
swag1049.com	11863	2026-08-18
swapacd.com	41096	2025-09-25
swarajyamag.com	36344	2026-07-24
sweetwaternow.com	19629	2026-08-23
swfinstitute.org	15178	2024-06-11
swiftcurrentonline.com	22594	2026-08-23
swimmingworldmagazine.com	6148	2026-02-23
swimswam.com	31335	2026-08-23
swindonadvertiser.co.uk	155737	2026-08-23
swiowanewssource.com	10676	2026-08-22
swishappeal.com	5018	2026-08-23
swissinfo.ch	102251	2026-08-23
swnewsmedia.com	10991	2025-08-05
swoknews.com	68592	2026-08-23
swtimes.com	7227	2023-09-11
swvatoday.com	19071	2026-08-15
swxrightnow.com	5318	2020-12-17
sydneysun.com	69415	2026-08-23
syfy.com	22050	2026-08-23
syracuse.com	73906	2026-02-19
t-g.com	6362	2026-08-23
t3.com	29218	2026-08-23
t95.com	5076	2026-08-22
taftmidwaydriller.com	5918	2026-08-22
tag911.ae	9033	2026-08-23
tahlequahdailypress.com	34803	2026-08-23
tahoedailytribune.com	14330	2026-08-22
taipeitimes.com	108829	2026-08-23
taiwannews.com.tw	47002	2025-11-28
taiwansun.com	39294	2026-08-23
taku105.com	6608	2024-02-15
talk1073.com	5810	2026-08-21
talkandroid.com	8023	2026-07-30
talkers.com	7578	2026-08-21
talkingpointsmemo.com	25670	2026-08-23
talkingretail.com	13260	2026-08-21
talkradio1170.com	24565	2021-09-07
talkradio960.com	21429	2026-08-23
talkvietnam.com	179795	2023-11-26
tallahassee.com	13322	2023-09-11
tamilguardian.com	5559	2026-08-23
tampabay.com	40369	2026-03-26
tanzanianewsreports.com	17563	2026-08-22
taosnews.com	12493	2026-08-23
tapeop.com	9971	2026-08-21
tapinto.net	6703	2023-08-03
targatocn.it	6677	2026-08-22
targetednews.com	173425	2026-08-23
tasnimnews.com	10617	2025-10-07
tass.com	97872	2026-04-09
tasteofcountry.com	22473	2026-08-22
tasteofhome.com	11356	2026-08-23
tatler.com	7858	2026-08-21
tatlerasia.com	6896	2025-10-27
tauntongazette.com	6714	2023-09-11
taylorvilledailynews.com	22356	2026-08-23
tbnewswatch.com	27463	2025-09-05
tbnweekly.com	13489	2026-05-04
tbsnews.net	21092	2026-03-19
tcpalm.com	12606	2023-09-11
tctimes.com	7723	2026-08-23
tctmd.com	5075	2026-05-19
td.org	5155	2026-03-11
tdh.gov.tm	5233	2026-08-22
tdn.com	62770	2026-08-22
tdtnews.com	31159	2026-08-23
team-bhp.com	42769	2026-06-08
teammyrtlebeach.com	20251	2023-08-29
teamtalk.com	75153	2026-08-23
teamusa.org	6354	2023-08-16
techcabal.com	16075	2026-08-22
techcentral.co.za	8322	2026-05-14
techcentral.ie	5772	2026-08-22
techcrunch.com	67922	2026-08-23
techdirt.com	41777	2026-08-22
techmoran.com	8816	2026-08-22
technewstoday.com	6238	2024-04-04
technical.ly	7596	2026-08-23
technuter.com	6634	2026-06-04
techradar.com	111123	2026-08-23
techreport.com	6990	2026-03-27
techrepublic.com	7359	2026-08-21
techshout.com	5599	2025-09-07
techspot.com	26815	2026-08-23
techstory.in	47700	2026-08-23
techtimes.com	51269	2026-08-23
techxplore.com	35782	2026-01-29
tehachapinews.com	9913	2026-08-23
tehelka.com	7045	2025-09-08
telecomasia.net	7976	2026-01-12
telecompaper.com	61131	2026-08-22
telecomtv.com	6060	2026-08-21
telegrafi.com	6159	2026-08-14
telegram.com	19979	2023-09-11
telegraph.co.uk	238741	2024-11-25
telegraphherald.com	93362	2026-08-23
telegraphindia.com	208030	2024-07-30
teletrader.com	7453	2024-03-13
televisual.com	6532	2026-08-21
tellerreport.com	12622	2024-04-09
telluridenews.com	5031	2026-08-16
tellychakkar.com	94830	2025-02-28
tempo.com.ph	19338	2025-05-27
tennessean.com	23387	2023-09-11
tennesseedaily.com	139416	2026-08-23
tenterfieldstar.com.au	46561	2026-08-23
terracestandard.com	28391	2026-08-23
terradaily.com	25039	2026-08-23
tert.am	5822	2024-11-27
tewkesburyadmag.co.uk	18216	2021-03-11
texarkanagazette.com	33289	2026-08-23
texasguardian.com	215126	2026-08-23
texasmonthly.com	9598	2026-06-22
texastribune.org	8973	2026-08-23
textileworld.com	10549	2026-08-21
thailand-business-news.com	28497	2026-08-23
thailandnews.net	34956	2026-08-23
thatballsouttahere.com	5006	2026-08-23
thatsmags.com	5879	2025-02-07
the-daily-record.com	10173	2023-09-11
the-dispatch.com	13030	2026-08-22
the-independent.com	27414	2026-08-23
the-journal.com	14093	2026-03-19
the-leader.com	6615	2023-09-11
the-messenger.com	97102	2026-08-23
the-review.com	9253	2023-09-11
the-star.co.ke	76449	2026-08-23
the-sun.com	27460	2026-08-23
the42.ie	76331	2026-08-23
the72.co.uk	10691	2026-08-23
theadanews.com	12322	2026-08-23
theadvertiser.com	7982	2023-09-11
theadviser.com.au	7318	2026-08-23
theadvocate.com	64945	2026-08-22
theadvocate.com.au	61936	2026-08-23
theadvocatengr.com	10123	2021-09-14
theafricareport.com	9656	2026-08-21
theage.com.au	249360	2026-08-23
thealpenanews.com	24607	2026-08-22
theamericanconservative.com	8554	2026-08-23
theanswertampa.com	5052	2024-09-25
thearabtribune.com	9275	2026-08-23
theargus.co.uk	170707	2026-08-23
theartnewspaper.com	13946	2026-08-22
theartsdesk.com	13054	2026-08-23
theasian.asia	6092	2026-08-23
theatermania.com	5967	2026-08-22
theathletic.com	40386	2024-05-13
theatlantic.com	32078	2026-08-23
theaustralian.com.au	85916	2024-07-31
theautochannel.com	11178	2026-08-23
thebangladeshtoday.com	6345	2026-08-22
thebatavian.com	22329	2026-08-23
thebeacon.net	5114	2026-08-19
thebeat925.ca	10350	2026-08-21
thebeatdfw.com	11421	2026-08-23
thebeatofthecapital.com	17366	2026-08-23
thebeijinger.com	16122	2026-08-23
thebftonline.com	31702	2026-08-22
thebigdm.com	7568	2026-08-21
thebiglead.com	26799	2026-08-23
thebigstation93blx.com	9680	2026-08-23
theblacksheartimes.com	7256	2026-08-19
theblaze.com	29471	2026-08-23
theboar.org	6042	2026-08-23
theboltonnews.co.uk	158915	2026-08-23
theboneonline.com	14898	2026-08-23
theboot.com	19471	2026-08-23
theborneopost.com	49953	2026-07-17
thebostonpilot.com	21131	2026-08-23
theboxhouston.com	6497	2026-08-22
thebreakingtimes.com	6436	2026-02-05
thebrunswicknews.com	36922	2026-08-23
thebullamarillo.com	9965	2024-04-29
thebulletin.be	8715	2026-05-14
thebulltulsa.com	42888	2025-10-10
thebusinessdesk.com	30566	2026-08-23
thebusinessjournal.com	9518	2026-08-22
thecabin.net	19799	2026-08-21
thecable.ng	102206	2026-08-07
thecaribbeancamera.com	6641	2026-08-22
thecattlesite.com	9127	2026-08-21
thecentersquare.com	47172	2026-06-26
thechiefleader.com	5648	2026-08-21
thechronicle-online.com	36551	2026-06-29
thechronicle.com.au	59588	2024-07-26
thechronicle.com.gh	26979	2026-08-23
thechronicleherald.ca	29241	2020-11-12
thechronicleonline.com	6398	2024-10-01
thecitizen.co.tz	20780	2026-08-23
thecitizen.com	10766	2026-08-23
thecitizen.in	6705	2026-08-21
thecoast.net.nz	8051	2026-08-20
thecollegefix.com	6879	2026-08-23
thecomet.net	40669	2026-08-23
thecommonsenseshow.com	5386	2022-03-12
thecommunityvoice.com	5641	2026-08-21
theconservativetreehouse.com	47685	2026-08-23
theconstructionindex.co.uk	27962	2026-08-23
theconversation.com	101599	2026-08-23
thecork.ie	5198	2026-08-23
thecorner.eu	6021	2026-08-21
thecourier.co.uk	126383	2025-05-27
thecourier.com	6262	2024-02-01
thecourier.com.au	64464	2026-08-23
thecourierexpress.com	33931	2026-08-22
thecragandcanyon.ca	9284	2026-08-23
thecranberryeagle.com	6309	2026-01-17
thecrimson.com	17900	2026-08-23
thedailybeast.com	71671	2026-08-23
thedailyblog.co.nz	22382	2026-08-23
thedailycitizen.com	13014	2024-08-22
thedailyjournal.com	8370	2023-09-11
thedailymash.co.uk	12044	2026-08-22
thedailymeal.com	23924	2026-08-23
thedailynewnation.com	27080	2024-07-26
thedailynewsonline.com	33563	2026-08-23
thedailyrecord.com	30684	2026-06-04
thedailyreporter.com	5901	2023-09-08
thedailyreview.com	39795	2026-08-22
thedailystar.com	35750	2026-08-23
thedailystar.net	215941	2026-08-23
thedailytimes.com	48319	2026-08-23
thedailyworld.com	8242	2026-08-22
theday.com	76094	2024-12-10
thedenverchannel.com	21269	2022-09-07
thedestinlog.com	5975	2023-09-11
thedickinsonpress.com	36280	2026-08-23
thedigitalcourier.com	34991	2026-08-23
thediplomat.com	22854	2026-08-20
thediplomat.ro	11121	2026-08-21
thedp.com	9792	2026-08-19
thedrinksbusiness.com	15018	2026-08-21
thedrum.com	26119	2026-07-15
theduke.fm	7549	2025-08-29
theeagle.com	35898	2026-08-22
theeagle1069.com	11503	2026-08-10
theeagleonline.com.ng	59237	2026-08-23
theeastafrican.co.ke	17594	2026-08-15
theedgemarkets.com	47793	2023-05-12
theedinburghreporter.co.uk	7570	2026-08-23
theengineer.co.uk	9656	2026-06-05
theenterpriseleader.com	376144	2025-04-18
theepochtimes.com	313389	2026-08-23
thefacts.com	21561	2026-08-22
thefader.com	8007	2026-08-20
thefamuanonline.com	5063	2026-06-02
thefan1075.com	75801	2026-08-23
thefanfm.com	20321	2021-03-19
thefastmode.com	16034	2026-08-21
thefederalist.com	30004	2026-08-22
thefencepost.com	10175	2026-08-23
thefirstnews.com	5660	2024-01-28
thefranklinnewspost.com	6659	2026-07-30
thefreepress.ca	28912	2026-08-23
thefreshloaf.com	13636	2026-08-23
thefrisky.com	8666	2026-06-03
thefrontierpost.com	89677	2026-08-23
thefutoncritic.com	38531	2026-08-23
thegame730am.com	18800	2025-12-01
thegamenashville.com	50089	2026-08-23
thegardenisland.com	17492	2026-08-23
thegazette.com	52809	2026-08-23
theglobeandmail.com	194703	2026-08-23
thegrio.com	40841	2026-08-23
thegrocer.co.uk	30005	2025-09-05
theguardian.com	481332	2026-08-23
theguardian.pe.ca	27018	2020-11-12
thehardtackle.com	49668	2026-08-23
thehawkeye.com	9259	2022-12-02
thehayride.com	5652	2026-08-21
thehealthsite.com	34374	2026-02-16
thehendersonnews.com	10575	2024-05-30
theherald-news.com	9633	2026-01-29
theherald.co.za	7065	2026-08-23
theheraldghana.com	11610	2026-08-23
thehill.com	140700	2026-01-07
thehimalayantimes.com	33165	2026-03-30
thehindu.com	971944	2026-08-23
thehindubusinessline.com	272090	2026-08-23
thehitavada.com	29928	2026-08-23
thehits.co.nz	8401	2026-08-23
thehollywoodgossip.com	16733	2026-08-23
thehorse.com	5111	2026-04-13
thehot1039.com	7026	2026-08-23
thehour.com	150380	2026-06-22
theiet.org	13457	2026-08-22
theifp.ca	7179	2026-08-23
theindependent.co.zw	13749	2026-06-25
theindependent.com	69619	2026-08-23
theindependent.sg	6847	2026-03-17
theindianawaaz.com	31233	2026-08-23
theindychannel.com	8382	2020-08-11
theinertia.com	10322	2026-08-22
theintell.com	5596	2023-01-24
theintelligencer.com	80557	2026-06-22
theintelligencer.net	25152	2026-08-23
theintermountain.com	17994	2026-08-23
theirishfield.ie	12073	2026-08-23
theislamicmonthly.com	5878	2026-08-23
theislandnow.com	5886	2025-10-02
theisonews.com	30453	2020-10-30
theitem.com	25248	2026-08-23
thejakartapost.com	69167	2026-08-23
thejc.com	11199	2026-08-23
thejerseytomatopress.com	8608	2025-07-12
thejetpress.com	5298	2026-08-23
thejournal.ie	119236	2026-08-23
thejoyfm.com	8203	2026-01-05
thejudge13.com	5579	2026-08-23
thekansan.com	9300	2026-08-19
thelancasterandmorecambecitizen.co.uk	31708	2023-02-07
thelancet.com	7560	2024-04-30
theland.com.au	44878	2026-08-23
thelandryhat.com	5755	2026-08-23
theleader.com.au	86800	2026-08-23
theleader.info	16559	2026-08-23
theleafchronicle.com	6764	2023-09-11
theledger.com	15716	2023-09-11
thelincolnite.co.uk	16781	2025-10-23
thelinkpaper.ca	5126	2026-08-22
thelocal.at	7006	2026-08-23
thelocal.ch	7611	2026-08-23
thelocal.de	12708	2026-08-23
thelocal.dk	7898	2026-08-23
thelocal.es	9521	2026-08-23
thelocal.fr	16291	2026-08-23
thelocal.it	8197	2026-08-23
thelocal.no	7293	2026-08-23
thelocal.se	11079	2026-08-23
thelondoner.ca	36738	2025-12-17
themag.co.uk	13837	2026-08-23
themainewire.com	9363	2026-08-23
themalaysianinsight.com	24614	2024-09-16
themaneland.com	5940	2026-08-23
themarketsdaily.com	566120	2026-08-23
themarysue.com	33136	2026-08-23
themedialine.org	22680	2026-08-23
themediaonline.co.za	6005	2026-08-21
themercury.com.au	36877	2024-07-29
themiamihurricane.com	5415	2026-08-20
themiddlemarket.com	23964	2026-08-19
themobileindian.com	12660	2026-08-21
themonitor.com	5325	2021-01-11
themorningbulletin.com.au	63217	2021-06-23
themorningsun.com	33458	2026-08-23
themoscowtimes.com	22330	2026-08-23
themountainmail.com	22628	2026-08-23
themountainpress.com	25941	2026-08-22
themunicheye.com	8050	2026-08-20
themusic.com.au	9878	2026-08-12
thenassauguardian.com	24514	2026-08-21
thenation.com	19406	2026-08-23
thenational.ae	31171	2020-10-14
thenational.com.pg	19218	2026-08-21
thenational.scot	109009	2026-08-23
thenationalherald.com	7932	2026-05-07
thenationalnews.com	60303	2026-08-23
thenationonlineng.net	197261	2026-08-23
thenelsondaily.com	6189	2024-09-27
thenewamerican.com	8582	2026-08-23
thenewdaily.com.au	23374	2025-01-23
thenewdawnliberia.com	23921	2026-08-21
thenewpulsefm.com	6605	2026-08-23
thenews-chronicle.com	36773	2025-01-29
thenews-messenger.com	7786	2023-09-11
thenews.com.pk	487684	2026-08-23
thenewsguard.com	9282	2026-08-22
thenewsherald.com	23824	2026-08-23
thenewsminute.com	31756	2026-08-22
thenewsnigeria.com.ng	11397	2026-08-23
thenewsstar.com	6563	2023-09-11
thenewswheel.com	6752	2026-07-07
thenextweb.com	11110	2026-08-23
thenigerianvoice.com	9550	2026-03-11
thenortheasttoday.com	6563	2025-10-20
thenorthernecho.co.uk	221821	2026-08-23
thenorthlines.com	46308	2026-08-23
thenorthwestern.com	9314	2023-09-11
theoaklandpress.com	43209	2026-08-23
theobserver.ca	47368	2026-08-23
theolivepress.es	31293	2026-07-30
theonion.com	9702	2026-08-23
theonlinecitizen.com	8082	2025-02-13
theparisnews.com	31281	2026-08-23
thepeakfm.com	8283	2026-08-23
thepeninsulaqatar.com	164734	2026-08-23
thepeoplesperson.com	35461	2026-08-23
thepeterboroughexaminer.com	59433	2026-08-23
thephinsider.com	10594	2026-08-23
thephuketnews.com	19442	2025-03-05
thepienews.com	5206	2026-08-21
thepigsite.com	7976	2026-08-21
thepilot.com	7352	2026-08-23
thepinetree.net	5547	2026-08-23
thepinknews.com	20708	2026-08-21
thepiratescove.us	9007	2025-09-07
theplainsman.com	6597	2026-08-11
thepoint.gm	14447	2026-08-21
thepointsguy.com	19488	2026-08-23
theportugalnews.com	48931	2026-08-23
thepost.on.ca	23533	2026-08-23
thepostathens.com	11434	2026-08-20
thepoultrysite.com	8162	2026-08-21
theprint.in	20423	2026-08-04
theproducenews.com	11398	2026-01-03
theprogress.com	31942	2026-08-23
theprogressnews.com	15905	2026-08-23
theprovince.com	27420	2026-08-23
theprowersjournal.com	5652	2026-08-23
thepublicopinion.com	26347	2023-09-11
thequietus.com	9942	2026-08-23
thequint.com	6366	2026-03-16
therakyatpost.com	18666	2026-08-22
theranch.fm	9201	2026-08-11
therealdeal.com	50829	2026-07-24
therebelrocks.com	19458	2022-08-22
therecord.com	33591	2026-08-23
theredstonerocket.com	5104	2026-08-19
thereflector.com	10067	2026-08-19
theregister.com	36744	2026-08-23
thereporter.com	11214	2026-08-23
thereporteronline.com	43542	2026-08-23
therepublic.com	102406	2026-04-01
theridgefieldpress.com	54487	2025-06-14
therightscoop.com	14104	2026-08-23
theroar.com.au	38094	2026-08-23
therockofrochester.com	36291	2026-08-23
therolladailynews.com	8982	2026-08-17
theroot.com	18407	2026-08-23
therural.com.au	42360	2026-08-23
thesalemnewsonline.com	28325	2026-08-03
thescarboroughnews.co.uk	18854	2025-01-23
thescore.com	5139	2026-03-18
thescore1260.com	44223	2026-08-23
thescottishfarmer.co.uk	25177	2026-08-23
thescottishsun.co.uk	6966	2026-02-23
thesheridanpress.com	6734	2026-08-22
theshillongtimes.com	49067	2026-08-23
thesierraleonetelegraph.com	8652	2026-08-21
thesixthaxis.com	9531	2026-08-23
theskanner.com	6754	2026-05-10
theskinny.co.uk	6653	2026-08-21
thesource.com	37564	2026-08-22
thesouthafrican.com	133102	2026-08-23
thesouthern.com	56239	2026-08-23
thesouthernreporter.co.uk	9553	2025-01-23
thespec.com	34021	2026-08-23
thespectrum.com	5397	2023-09-09
thespiritsbusiness.com	12831	2026-08-21
thespread.com	20558	2026-05-11
thespun.com	17568	2023-10-13
thestandard.co.zw	20503	2026-08-23
thestandard.com.hk	105808	2026-03-02
thestandard.org.nz	7041	2025-10-04
thestar.co.uk	20920	2025-01-23
thestar.com	98004	2026-08-22
thestar.com.my	492352	2026-08-23
thestarphoenix.com	37801	2026-08-23
thestarpress.com	7271	2023-09-11
thestatesman.com	68849	2026-06-10
thestkittsnevisobserver.com	5100	2026-03-17
thestrad.com	8272	2025-09-05
thestranger.com	12962	2026-08-21
thestreet.com	43387	2026-08-04
thestreetjournal.org	48434	2026-01-16
thesubtimes.com	14335	2025-10-04
thesuburban.com	18051	2026-08-23
thesudburystar.com	60992	2026-08-23
thesun.co.uk	70395	2026-08-13
thesun.ie	20857	2026-03-18
thesun.my	39404	2026-02-08
thesun.ng	36612	2026-08-23
thesunchronicle.com	84396	2026-08-23
thesundaily.my	99874	2023-11-06
thesylvaherald.com	5927	2026-08-20
thetab.com	32010	2026-08-22
thetablet.co.uk	5915	2026-08-23
thetablet.org	9111	2026-08-22
thetandd.com	58872	2026-08-21
thetelegram.com	22428	2020-11-11
thetelegraph.com	163596	2026-06-22
thetelegraphandargus.co.uk	178003	2026-08-23
thethaiger.com	14483	2026-03-19
thetidenewsonline.com	34511	2026-08-19
thetimes-tribune.com	69876	2026-08-23
thetimes.co.uk	214037	2024-06-05
thetimes.com	85459	2026-08-23
thetimesherald.com	5081	2023-09-11
thetimesnews.com	12389	2026-08-22
thetimestribune.com	24869	2026-08-23
thetottenhamindependent.co.uk	95777	2026-08-23
thetowntalk.com	5540	2023-09-11
thetrucker.com	14059	2026-08-23
thetruthaboutcars.com	16222	2026-08-23
theturtleislandnews.com	18651	2026-08-22
thetyee.ca	9063	2026-08-22
theuknews.com	38164	2026-08-23
theunion.com	19784	2026-08-22
theurbandaily.com	9342	2026-08-20
theusnews.com	141026	2026-08-23
theverge.com	66258	2026-08-23
thevermilion.com	5773	2026-08-23
thevisitor.co.uk	5324	2021-12-13
thevoicebw.com	6374	2024-08-09
thevoiceslu.com	15211	2026-08-22
thevwindependent.com	8473	2026-08-22
thewave.ca	10659	2025-12-07
theweek.co.uk	12509	2023-09-12
theweek.com	53939	2026-08-23
theweek.in	89790	2026-08-23
theweektoday.com	18233	2024-09-18
thewest.com.au	9180	2026-08-23
thewesterlysun.com	24582	2026-08-22
thewestmorlandgazette.co.uk	196030	2026-08-23
thewestonforum.com	6800	2025-10-31
thewestonmercury.co.uk	57414	2026-08-23
thewhig.com	50092	2026-08-23
thewhiskeywash.com	14712	2026-08-23
thewire.in	44530	2024-03-27
thewolf.ca	8108	2026-08-23
theworld.org	9079	2026-06-26
theworldlink.com	21935	2026-08-23
thewrap.com	79723	2026-08-23
thexboxhub.com	9951	2026-08-23
thexradio.com	10989	2026-08-22
theyeshivaworld.com	34067	2026-08-23
theyucatantimes.com	9446	2025-06-10
thezimbabwean.co	6836	2026-08-23
thezimbabwedaily.com	16271	2026-02-04
thezimbabwemail.com	31931	2026-08-21
thirdsector.co.uk	8964	2026-07-03
thisdaylive.com	167185	2026-08-23
thisisanfield.com	21552	2026-01-24
thisislancashire.co.uk	54733	2023-02-07
thisislocallondon.co.uk	155513	2025-12-03
thisismoney.co.uk	52701	2025-11-06
thisisoxfordshire.co.uk	171380	2026-08-23
thisisthewestcountry.co.uk	18359	2023-02-07
thisiswiltshire.co.uk	137463	2026-08-23
thomasnet.com	15573	2024-02-05
thompsoncitizen.net	86287	2025-01-20
thunder987.com	5645	2021-03-31
thurrockgazette.co.uk	93439	2026-08-23
thurstontalk.com	6172	2026-08-23
thv11.com	51235	2026-06-05
thyblackman.com	10162	2026-08-23
tibet.net	9745	2026-08-21
tickerreport.com	445040	2026-08-23
ticotimes.net	6449	2026-01-09
tide1009.com	6739	2026-03-09
tiftongazette.com	10348	2026-08-22
tigerdroppings.com	5399	2022-01-13
tigernet.com	9295	2025-11-20
tigersroar.com	9910	2026-08-19
tillamookheadlightherald.com	14326	2026-08-21
timberjay.com	6793	2026-08-21
time.com	26326	2026-08-23
timeout.com	19409	2026-08-23
timeoutdubai.com	8263	2023-01-03
times-gazette.com	8414	2023-09-11
times-herald.com	6703	2026-08-22
times-journal.com	6279	2026-08-21
times-news.com	38306	2026-08-23
times-series.co.uk	101779	2026-08-23
times-standard.com	15434	2026-08-23
times.co.sz	9098	2026-03-15
timesandstar.co.uk	153164	2026-08-23
timesargus.com	34168	2026-08-22
timesbulletin.com	6963	2026-08-06
timesca.com	14390	2026-08-22
timescall.com	39666	2026-08-23
timescitizen.com	6029	2026-08-23
timescolonist.com	119190	2025-01-21
timesdaily.com	45962	2026-08-23
timesenterprise.com	9038	2026-08-20
timesfreepress.com	36343	2026-08-23
timesgazette.com	8366	2025-09-17
timesherald.com	44836	2026-08-23
timesheraldonline.com	10425	2026-08-23
timeshighereducation.com	11348	2026-08-23
timesleader.com	21393	2026-08-23
timesleader.net	6280	2026-08-21
timesleaderonline.com	18554	2026-08-22
timeslive.co.za	137401	2026-08-23
timesnews.net	36240	2025-11-11
timesnownews.com	143696	2026-04-29
timesofearth.com	6416	2026-08-23
timesofisrael.com	138709	2023-11-04
timesofmalta.com	121997	2026-04-15
timesofoman.com	52850	2026-08-23
timesofsandiego.com	24297	2026-08-23
timesonline.com	9679	2023-09-11
timesrecordnews.com	9821	2023-09-11
timesreporter.com	10999	2023-09-11
timesrepublican.com	22239	2026-08-22
timesreview.com	23630	2026-06-04
timestelegram.com	7281	2023-09-11
timesunion.com	119604	2025-11-14
timeswv.com	18814	2026-08-23
timminspress.com	57877	2026-08-23
timminstimes.com	44691	2026-01-26
tipperarylive.ie	30669	2026-05-14
tippfm.com	18541	2026-07-17
tippmidwestradio.com	13259	2026-08-21
tirebusiness.com	6666	2026-06-09
titansradio.com	16457	2026-08-15
titusvilleherald.com	22168	2022-12-01
tivysideadvertiser.co.uk	125653	2026-08-23
tmcnet.com	437717	2025-01-23
tmj4.com	6376	2026-03-19
tmz.com	53531	2026-08-23
tnledger.com	49714	2026-08-13
tnonline.com	37895	2026-08-23
tnp.sg	13213	2025-10-30
today.az	57389	2026-07-15
today.com	69572	2026-08-23
today.ng	48383	2024-06-20
today.rtl.lu	6406	2026-05-21
todayfm.com	16665	2026-08-23
todayheadline.co	7585	2025-01-27
toffeeweb.com	8555	2026-08-23
tokyoreporter.com	5020	2026-08-23
tolonews.com	32868	2024-06-06
tomsguide.com	52950	2026-08-23
tomshardware.com	19352	2026-08-23
tonyskansascity.com	46063	2026-08-23
topspeed.com	25318	2026-08-23
topwirenews.com	19569	2026-08-21
tor.com	21154	2024-01-23
toronto.citynews.ca	78241	2026-08-23
toronto.com	16199	2026-08-23
toronto.ctvnews.ca	37722	2025-01-23
torontosun.com	95738	2026-08-23
torontotelegraph.com	104769	2026-08-23
torquenews.com	29666	2026-08-22
totaltele.com	9686	2026-08-20
toucharcade.com	6249	2025-04-19
towleroad.com	15902	2024-04-28
townandcountrymag.com	18852	2026-08-23
townhall.com	93951	2026-08-23
townsvillebulletin.com.au	90634	2026-08-23
toynews-online.biz	5647	2026-08-19
tpr.org	34911	2026-08-23
tradearabia.com	117025	2026-08-23
tradeonlytoday.com	5769	2026-08-21
tradersmagazine.com	8219	2026-08-21
tradewindsnews.com	8151	2026-03-18
trains.com	13628	2026-07-15
trak.in	9279	2026-08-23
transylvaniatimes.com	9826	2026-08-23
travelandleisure.com	22155	2026-03-17
travelbizmonitor.com	8812	2026-08-22
traveldailymedia.com	27645	2026-06-05
traveldailynews.asia	10250	2026-04-19
traveldailynews.com	24067	2026-01-24
travelextra.ie	11566	2026-08-23
traveller.com.au	6007	2023-04-11
travelmarketreport.com	11971	2026-08-23
travelmole.com	9334	2026-05-01
travelweekly.com	19561	2026-02-06
travelweekly.com.au	17883	2026-08-23
trbusiness.com	9053	2026-08-22
trend.az	31864	2026-08-23
trentonian.ca	44449	2026-06-22
trentonian.com	30532	2026-08-23
trib.com	63077	2026-08-23
tribdem.com	59367	2026-08-23
tribecacitizen.com	5567	2026-08-22
triblive.com	99379	2026-05-04
tribstar.com	51339	2026-08-23
tribtoday.com	29182	2026-08-22
tribtown.com	97408	2025-04-15
tribune.com.pk	261755	2026-08-23
tribune.net.ph	66926	2026-08-23
tribune242.com	45383	2026-08-21
tribuneindia.com	286801	2026-08-23
tribuneledgernews.com	34515	2026-08-22
tribuneonlineng.com	162430	2026-08-23
tribunnews.com	9892	2026-08-23
tribute.ca	8148	2025-01-21
tricitynews.com	79527	2025-08-01
trinidadexpress.com	52050	2026-08-23
trinidadtimes.com	53205	2026-08-23
triplicate.com	5737	2026-08-22
troyrecord.com	38220	2026-08-23
trtworld.com	11841	2026-03-19
truebluela.com	10885	2026-08-23
truenorthreports.com	6071	2023-06-30
trumbulltimes.com	49197	2025-06-14
trussvilletribune.com	12310	2026-08-22
trust.org	37925	2026-04-28
trustedreviews.com	22485	2026-08-23
truthout.org	19099	2026-08-22
tsln.com	8155	2026-08-22
tsn.ca	165753	2026-08-23
tspr.org	24407	2026-08-23
ttgasia.com	13123	2026-08-21
ttnworldwide.com	7255	2026-08-23
ttrweekly.com	10747	2026-08-21
tucson.com	194957	2026-08-23
tucsonpost.com	40033	2026-08-23
tucsonsentinel.com	21556	2025-07-21
tucsonweekly.com	8376	2026-08-21
tudno.co.uk	20766	2023-04-26
tuko.co.ke	17879	2026-03-19
tulsaworld.com	111049	2026-08-23
tuoitrenews.vn	28862	2025-04-16
turkishpress.com	8519	2024-03-13
turlockjournal.com	5295	2026-08-22
turnto10.com	50437	2026-08-23
turnto23.com	49810	2026-08-23
tuscaloosanews.com	10891	2023-09-11
tv6tnt.com	23363	2026-08-23
tvfanatic.com	6905	2025-05-15
tvgrapevine.com	16771	2026-08-23
tvguide.co.uk	1956606	2026-08-21
tvguide.com	9780	2026-08-23
tvline.com	20618	2026-08-23
tvnewscheck.com	26046	2026-08-23
tvnz.co.nz	5645	2021-10-05
tvone.tv	5438	2026-08-21
tvovermind.com	19885	2026-08-23
tvseriesfinale.com	6120	2026-08-23
tvtechnology.com	11551	2026-08-23
tvtonight.com.au	28851	2026-08-23
tweaktown.com	28503	2025-03-01
tweeddailynews.com.au	45440	2021-04-28
twincities.com	38573	2026-08-23
twinsdaily.com	15584	2026-08-23
twitchy.com	62889	2026-08-23
twtd.co.uk	110654	2026-08-23
tylerpaper.com	28556	2026-08-23
typepad.com	10528	2024-12-01
tyrepress.com	6733	2026-08-21
ualrpublicradio.org	49225	2026-08-23
uark.edu	7216	2026-08-21
ubergizmo.com	7938	2026-08-21
ucanews.com	24644	2025-01-23
ucla.edu	6754	2026-08-22
udaipurkiran.com	79383	2026-08-23
udayavani.com	18332	2026-08-11
udn.com	7707	2026-08-23
uefa.com	8140	2024-07-24
uexpress.com	18136	2026-01-13
ufc.com	7135	2026-08-23
uk.com	8279	2026-08-23
ukiahdailyjournal.com	10559	2026-08-23
ukrainianjournal.com	15275	2026-01-27
ukrinform.net	22093	2026-03-19
uky.edu	8828	2026-08-21
ulladullatimes.com.au	62492	2026-08-23
uloop.com	11020	2026-08-23
ultimateclassicrock.com	16314	2026-08-23
ummid.com	19231	2026-08-23
umn.edu	14081	2026-08-21
un.org	6557	2026-08-21
uncrate.com	10077	2026-08-21
undercurrentnews.com	32904	2026-08-21
undertheradar.co.nz	25086	2026-08-23
undertheradarmag.com	18765	2026-07-24
undp.org	27650	2026-08-23
unesco.org	5061	2026-08-09
unian.info	12516	2026-02-09
uniindia.com	31007	2026-03-17
union-bulletin.com	45207	2026-08-23
uniondemocrat.com	13348	2026-08-22
unionleader.com	98745	2026-08-23
unionrecorder.com	12222	2026-08-21
unitaid.eu	25148	2026-08-02
unitedwithisrael.org	13845	2026-07-22
universetoday.com	5192	2026-08-23
universityworldnews.com	14201	2026-08-21
unm.edu	5474	2026-08-22
unmultimedia.org	7763	2023-10-16
uow.edu.au	17760	2024-11-07
updatesnews.com	25511	2022-10-01
upenn.edu	7151	2026-08-23
upi.com	101590	2026-08-23
upnorthlive.com	38310	2026-08-23
uppermichiganssource.com	33529	2026-08-23
upr.org	52111	2026-08-23
uproxx.com	21001	2026-08-21
upstract.com	65174	2021-06-14
upstreamonline.com	24812	2026-08-23
urbanacitizen.com	5866	2025-09-17
urbanmilwaukee.com	33804	2026-08-23
urdupoint.com	44060	2025-01-27
us103.com	26107	2026-05-31
us105fm.com	37354	2026-08-22
usanetwork.com	7362	2025-08-13
usatoday.com	217936	2025-04-26
usembassy.gov	7979	2026-08-18
usf.edu	64607	2026-02-26
usmagazine.com	66058	2026-08-23
usnews.com	60090	2024-07-31
usni.org	7584	2026-06-01
utahindependent.com	22733	2026-08-23
uticaod.com	14125	2023-09-11
utilitydive.com	9778	2026-08-23
utv44.com	6174	2026-08-22
v100fm.com	6363	2026-08-23
v100rocks.com	14158	2026-08-21
v1019.com	19720	2026-08-23
vaalweekblad.com	14927	2023-11-09
vaildaily.com	28858	2026-08-23
valdostadailytimes.com	75910	2026-08-22
valleybreeze.com	13782	2026-08-23
valleymorningstar.com	6006	2021-01-11
valleynewslive.com	33086	2026-08-23
valuewalk.com	9489	2025-01-23
vancourier.com	30069	2021-01-13
vancouverisland.ctvnews.ca	24415	2026-06-19
vancouversun.com	58705	2026-08-23
vandaliaradio.com	11928	2026-08-21
vanguardngr.com	220548	2026-08-23
vanityfair.com	18968	2026-08-23
variety.com	96198	2026-08-23
varsity.co.uk	8802	2026-08-23
vavel.com	12273	2026-08-23
vccircle.com	11207	2026-08-21
vcstar.com	9705	2023-09-11
vcyamerica.org	5662	2023-07-13
vdare.com	10802	2024-07-25
vegnews.com	12952	2026-08-23
venezuelastar.com	21015	2026-08-23
venturebeat.com	5743	2025-08-30
venturesafrica.com	22144	2024-11-16
vermilionstandard.com	12763	2026-08-23
vermontbiz.com	25252	2026-08-23
vernonmorningstar.com	52335	2026-08-23
verticalmag.com	13919	2026-08-23
vervetimes.com	11695	2025-01-26
vestnikkavkaza.net	24786	2022-01-22
veteranstoday.com	14175	2025-02-13
vg247.com	9508	2026-06-23
vgchartz.com	40561	2026-08-23
vibe.com	12064	2026-08-22
vice.com	20284	2026-08-23
vicnews.com	38140	2026-08-23
victoriaadvocate.com	5529	2026-08-23
victorygirlsblog.com	6761	2026-08-23
videtteonline.com	7599	2026-08-22
vietnamnet.vn	30619	2026-06-03
vietnamnews.vn	63713	2026-08-23
vietnamtribune.com	60841	2026-08-23
viewngr.com	44838	2025-01-29
vikings.com	5732	2026-08-23
vikingsterritory.com	18585	2026-08-23
villagesoup.com	21386	2024-09-18
vindy.com	49481	2026-08-22
vir.com.vn	29453	2026-08-22
virginislandsdailynews.com	19784	2026-08-23
virginislandsnewsonline.com	37168	2026-08-23
virginradio.co.uk	8275	2026-08-12
visayandailystar.com	32164	2026-06-06
vision.org.au	8529	2026-07-31
visionmp.com	10399	2026-07-10
vladtv.com	46191	2026-08-23
vmagazine.com	7602	2026-06-03
vnews.com	20856	2026-08-23
vnexpress.net	16986	2026-03-19
voanews.com	134105	2025-03-20
voazimbabwe.com	12730	2026-03-20
vocm.com	39630	2026-08-23
vogue.co.uk	18806	2026-08-23
vogue.com	33635	2026-08-23
vogue.in	10724	2026-08-23
voice-online.co.uk	11015	2026-08-21
voicenews.com	19643	2025-11-04
voiceofalexandria.com	81320	2026-08-23
voiceofvienna.org	15652	2026-08-21
voiceonline.com	9948	2026-08-23
vol.at	16587	2026-08-23
volcanodiscovery.com	17758	2026-08-23
vovworld.vn	9520	2026-01-25
vox.com	20086	2026-08-23
voxy.co.nz	48332	2026-07-07
vpm.org	20009	2023-01-27
vpr.org	5702	2022-06-22
vtcng.com	14527	2026-08-23
vtdigger.org	12757	2026-08-23
vulcanadvocate.com	8777	2026-08-23
vulture.com	25881	2026-08-23
vvdailypress.com	8735	2023-09-11
w4country.com	5978	2026-08-23
wa1a.com	10427	2026-08-23
waateanews.com	26072	2026-08-23
waaytv.com	47338	2026-08-02
wabcradio.com	7619	2025-02-02
wabe.org	21327	2026-04-24
wabi.tv	38270	2026-08-23
wabx.net	34005	2026-08-23
wach.com	38357	2026-08-23
wacotrib.com	70862	2026-08-22
wadenapj.com	25544	2026-08-23
wadk.com	36469	2026-08-23
waer.org	41043	2026-08-23
wafb.com	38854	2026-08-23
waff.com	33583	2026-08-23
wagmtv.com	12375	2026-08-22
wahoo-ashland-waverly.com	17408	2026-08-22
wahpetondailynews.com	15891	2026-08-23
wajr.com	5090	2026-08-23
waka.com	11167	2026-08-23
wakefieldexpress.co.uk	18345	2025-01-23
wakg.com	7977	2026-08-09
walb.com	33669	2026-08-23
walesonline.co.uk	255440	2026-08-23
walkermn.com	14924	2026-08-23
wallaceburgcourierpress.com	38498	2026-06-29
wallowa.com	8431	2026-08-21
wallpaper.com	15360	2026-08-23
walls102.com	8142	2023-06-13
wallstreet-online.de	85677	2026-08-23
wam.ae	15139	2023-11-04
wamc.org	52807	2026-08-23
wamda.com	5861	2026-08-20
wandsworthguardian.co.uk	131743	2026-08-23
wandtv.com	61230	2026-08-23
wantedinrome.com	9003	2026-08-22
wape.com	12882	2026-08-23
wapt.com	68318	2026-08-23
wardsauto.com	7046	2026-02-03
warm1033.com	24299	2026-08-23
warm1069.com	9796	2026-08-21
warm98.com	11669	2026-08-23
warringtonguardian.co.uk	156126	2026-08-23
warsawvoice.pl	12750	2026-03-18
warwickdailynews.com.au	51988	2021-04-28
warwickonline.com	5960	2026-08-19
warwickshireworld.com	12934	2025-01-23
washingtonblade.com	8503	2026-08-23
washingtonexaminer.com	162167	2026-08-23
washingtonian.com	13070	2026-08-21
washingtoninformer.com	6960	2026-08-22
washingtonpost.com	306594	2024-08-02
washingtontimes.com	292813	2026-04-13
washtimesherald.com	43420	2026-08-23
waste360.com	5106	2025-01-19
wataugademocrat.com	49402	2026-08-23
watchingamerica.com	8136	2026-08-23
waterford-news.ie	67989	2026-08-23
watermarkonline.com	35425	2025-11-03
wateronline.com	10909	2026-08-21
waterwaysjournal.net	5467	2026-08-21
watfordobserver.co.uk	112006	2026-08-23
watoday.com.au	133321	2026-08-23
wattsupwiththat.com	8407	2026-08-23
wausaudailyherald.com	9127	2023-09-11
waxahachietx.com	5979	2026-08-22
wbaa.org	78053	2026-08-23
wbal.com	70125	2026-07-04
wbaltv.com	75260	2026-08-23
wbap.com	89053	2026-08-23
wbay.com	39079	2026-08-23
wbbjtv.com	34522	2026-08-23
wbckfm.com	23781	2025-11-29
wbco.com	6228	2026-08-21
wbez.org	6549	2026-08-22
wbfo.org	39821	2025-04-01
wbgo.org	6009	2026-08-22
wbir.com	60093	2026-06-05
wbiw.com	46751	2026-08-23
wbjournal.com	13639	2026-08-21
wbkb11.com	6897	2026-08-22
wbko.com	23947	2026-08-23
wbkr.com	25539	2026-08-23
wblk.com	38699	2026-08-23
wblm.com	33676	2026-08-22
wbls.com	9554	2026-08-22
wbmq.net	17237	2020-08-26
wbng.com	23831	2026-08-23
wbnowqct.com	5734	2026-08-21
wbnq.com	12895	2026-08-23
wboc.com	91653	2026-08-23
wboi.org	45792	2026-08-23
wbrc.com	47383	2026-08-23
wbrz.com	73484	2026-08-23
wbsm.com	20428	2026-08-23
wbszfm.com	5337	2026-08-20
wbt.com	8617	2026-08-23
wbtmdanville.com	9570	2026-08-07
wbtv.com	36582	2026-08-23
wbur.org	54473	2026-08-22
wbwn.com	9522	2026-08-23
wcax.com	40564	2026-08-23
wcbe.org	59224	2026-08-23
wcbi.com	21472	2026-08-22
wcbm.com	30252	2026-08-23
wccbcharlotte.com	41979	2026-08-23
wccftech.com	47990	2026-08-23
wccq.com	9401	2024-05-24
wcfcourier.com	114357	2026-08-23
wchstv.com	37154	2026-08-23
wcjb.com	33259	2026-08-23
wclk.com	33731	2026-08-23
wclo.com	10685	2025-05-20
wcnc.com	66822	2026-06-06
wcoapensacola.com	43602	2026-08-22
wcpo.com	33020	2026-08-22
wcrz.com	22123	2026-08-23
wcsmradio.com	10377	2026-08-23
wcsufm.org	65222	2026-08-23
wcsx.com	18056	2026-08-23
wcsy.com	39580	2026-08-21
wcti12.com	42934	2026-08-23
wctrib.com	54222	2026-08-23
wctv.tv	29740	2026-08-23
wcvb.com	103584	2026-08-23
wcyb.com	34133	2026-08-23
wcyy.com	30252	2026-08-21
wdadradio.com	14846	2026-08-23
wdam.com	35894	2026-08-23
wdbj7.com	35135	2026-08-23
wdbo.com	49467	2026-08-23
wdbqam.com	10031	2026-08-21
wdef.com	24777	2026-07-21
wdel.com	25961	2026-08-23
wden.com	5723	2026-08-23
wdet.org	10243	2026-08-21
wdez.com	22782	2026-08-22
wdhafm.com	15822	2026-08-23
wdio.com	62919	2026-08-23
wdiy.org	45175	2026-08-23
wdjx.com	8716	2026-08-22
wdkx.com	5395	2022-07-25
wdrb.com	100937	2026-08-23
wdrv.com	9270	2026-08-21
wdsm710.com	40188	2026-08-23
wdsu.com	105705	2026-08-23
wdtimes.com	34348	2026-08-23
wdtv.com	20617	2026-08-23
wdzz.com	9015	2026-08-23
weaa.org	51021	2025-02-25
wealthmanagement.com	17358	2026-08-22
weareiowa.com	7839	2026-03-16
weartv.com	35465	2026-08-23
weatherforddemocrat.com	14225	2026-08-23
weathernationtv.com	6111	2026-08-23
weau.com	31832	2026-08-23
webcamfeet.com	5756	2021-11-12
webindia123.com	428245	2026-08-23
webmd.com	10296	2026-08-20
webwire.com	37583	2026-08-22
wect.com	36655	2026-08-23
weeklyblitz.net	32087	2026-08-23
weeklytimesnow.com.au	11584	2024-07-22
weforum.org	8434	2024-01-12
wegotthiscovered.com	68271	2025-02-24
weirtondailytimes.com	22050	2026-08-22
weisradio.com	18260	2026-01-06
wellandtribune.ca	72218	2026-08-23
wellingtondailynews.com	5442	2026-08-11
wellingtontimes.com.au	36968	2026-08-23
wellsvilledaily.com	5537	2022-04-14
wemu.org	34547	2026-08-23
wenatcheeworld.com	25499	2026-08-22
wenxuecity.com	35596	2026-08-23
weny.com	30436	2026-08-23
wesa.fm	41179	2026-06-04
wesh.com	78805	2026-08-23
wesm913.org	17888	2022-01-28
westcentralonline.com	17450	2026-08-23
westcentralsbest.com	48425	2026-08-23
westerlynews.ca	31303	2026-08-23
westernadvocate.com.au	111954	2026-08-23
westernmassnews.com	23141	2026-08-23
westernpeople.ie	36035	2026-08-23
westerntelegraph.co.uk	125559	2026-08-23
westernweekender.com.au	5650	2026-08-22
westernwheel.ca	6258	2025-09-05
westfaironline.com	12526	2026-08-23
westhawaiitoday.com	20119	2026-08-23
westkentuckystar.com	29902	2026-08-23
westmeathexaminer.ie	47661	2026-08-23
westmeathindependent.ie	46772	2026-08-23
westofthei.com	7200	2026-08-23
westport-news.com	54149	2022-03-01
westseattleblog.com	48246	2026-08-23
westsussextoday.co.uk	7480	2022-02-09
westword.com	13154	2026-08-23
wetaskiwintimes.com	15510	2026-08-23
weyburnreview.com	37373	2021-07-29
wfaa.com	64004	2026-06-05
wfae.org	70676	2026-08-23
wfasam.com	13054	2021-05-17
wfav951.com	14176	2026-08-22
wfdd.org	52501	2026-08-23
wfgr.com	21383	2024-07-03
wfin.com	45335	2025-06-14
wfirnews.com	5280	2026-08-21
wfit.org	6669	2026-08-23
wfiwradio.com	12189	2026-08-22
wfls.com	17434	2026-08-18
wflx.com	33035	2026-08-23
wfmd.com	14245	2026-08-23
wfmj.com	111073	2026-08-23
wfms.com	7282	2026-08-23
wfmynews2.com	66653	2026-06-05
wfmz.com	255136	2026-08-23
wfnc640am.com	68934	2026-08-18
wfnt.com	13256	2026-08-22
wfsb.com	36800	2026-08-23
wfsu.org	48512	2026-08-23
wftv.com	45680	2026-08-23
wftw.com	69191	2025-03-28
wfuv.org	9651	2026-08-23
wfxd.com	6582	2026-04-09
wfxl.com	6512	2025-09-11
wfyi.org	14931	2026-08-23
wgac.com	6596	2026-08-22
wgal.com	82965	2026-08-23
wgan.com	15364	2026-08-23
wgauradio.com	60502	2026-08-23
wgbh.org	24044	2026-08-22
wgcu.org	31613	2026-08-23
wgil.com	10101	2026-08-01
wglr.com	25496	2026-08-23
wglt.org	61044	2026-08-23
wgmd.com	40680	2026-08-23
wgme.com	42272	2026-08-23
wgna.com	33959	2026-08-23
wgni.com	9314	2026-08-23
wgnsradio.com	16837	2026-07-31
wgntv.com	7621	2026-05-05
wgog.com	6164	2026-08-22
wgow.com	46878	2026-08-22
wgowam.com	74991	2026-08-23
wgrd.com	45002	2026-08-23
wgrr.com	10029	2026-08-21
wgrz.com	46639	2026-06-05
wgxa.tv	10714	2026-08-23
wharfedaleobserver.co.uk	117947	2026-08-23
whas11.com	68292	2026-06-25
whatdidyousay.org	15446	2025-11-11
whatech.com	27499	2026-08-21
whathifi.com	11340	2026-08-21
whatsnew2day.com	14117	2025-01-27
whatson.ae	20943	2026-08-23
whatsonstage.com	11322	2026-08-21
whatsontv.co.uk	5261	2021-06-10
whattheythink.com	14161	2026-08-21
whbl.com	70579	2026-08-23
whby.com	9277	2026-08-23
whcuradio.com	10235	2024-06-23
whdg.com	16635	2026-08-21
whdh.com	55665	2026-08-23
whec.com	131542	2026-08-23
whidbeynewstimes.com	6193	2026-08-22
whig.com	60291	2026-08-22
whio.com	45979	2026-08-23
whitecourtstar.com	13479	2026-08-23
whitehorsestar.com	5917	2026-01-29
whitehouse.gov	6012	2026-03-17
whitsundaytimes.com.au	56923	2021-04-28
whittierdailynews.com	46699	2026-08-23
whiznews.com	14987	2026-08-23
whky.com	21858	2026-08-23
whmi.com	25320	2026-08-23
whnt.com	6192	2025-06-12
who.int	10288	2026-08-21
whopam.com	24110	2026-08-23
whqr.org	46201	2026-08-23
whro.org	14988	2026-08-23
whrpfm.com	9038	2026-08-23
whsv.com	29260	2026-08-22
whtc.com	48423	2026-08-23
whtimes.co.uk	56506	2026-08-23
whvoradio.com	13931	2026-05-31
whyy.org	26646	2026-08-23
wiartonecho.com	22700	2026-08-23
wibailoutpeople.org	5802	2026-08-23
wibc.com	28794	2026-08-23
wibqam.com	45131	2026-01-10
wibw.com	46549	2026-08-23
wibx950.com	30055	2026-08-21
wickedlocal.com	236673	2023-09-11
wicz.com	62179	2026-08-23
wifc.com	19593	2026-08-22
wifr.com	24848	2026-08-03
wigantoday.net	27415	2025-01-23
wiky.com	40823	2026-08-23
wild1029.com	9236	2026-08-23
wild1049hd.com	6114	2023-03-21
wild941.com	23920	2026-08-23
wiley.com	5264	2026-08-14
williamsondailynews.com	7217	2026-08-19
willistonherald.com	14629	2026-08-23
willitsnews.com	6560	2026-08-23
willmarradio.com	44313	2026-08-23
wilm-tv.com	8193	2021-09-20
wilmingtonbiz.com	12073	2025-01-22
wilsonpost.com	5372	2023-03-01
wilsontimes.com	5807	2026-08-23
wiltonbulletin.com	62996	2025-06-14
wiltsglosstandard.co.uk	117397	2026-08-23
wiltshiretimes.co.uk	147285	2026-08-23
wilx.com	33715	2026-08-23
wimbledonguardian.co.uk	121606	2026-08-23
wimsradio.com	17389	2026-08-23
wimz.com	6765	2026-08-05
winchesterstar.com	61957	2026-08-23
wincountry.com	19688	2026-08-21
windfm.com	6948	2026-08-23
windowscentral.com	34021	2026-08-23
windowstorussia.com	5923	2026-06-10
windpowermonthly.com	7211	2026-07-02
windsor.ctvnews.ca	20740	2025-04-09
windsorite.ca	19835	2025-09-22
windsorstar.com	58480	2026-08-23
windtech-international.com	9351	2026-08-21
wingsmagazine.com	5853	2026-08-21
wink104.com	10416	2026-08-23
winknews.com	55627	2026-08-23
winnipeg.ctvnews.ca	27808	2025-04-25
winnipegfreepress.com	325125	2026-08-23
winnipegsun.com	54485	2026-08-23
winonadailynews.com	37925	2026-08-21
winonapost.com	10531	2026-08-22
winsfordguardian.co.uk	67252	2023-03-07
winteriscoming.net	8557	2026-08-23
wiog.com	5100	2026-08-23
wionews.com	25883	2026-02-12
wiov.com	7334	2026-08-23
wired.com	21190	2026-08-23
wiredprnews.com	26047	2025-10-24
wirralglobe.co.uk	135387	2026-08-23
wirx.com	19926	2026-08-20
wisbechstandard.co.uk	35900	2026-08-23
wisbusiness.com	14195	2026-08-21
wisc.edu	13777	2026-08-23
wiscassetnewspaper.com	24933	2026-08-23
wiscnews.com	66672	2026-08-20
wisconsin106.com	15308	2025-03-13
wisconsinagconnection.com	14765	2026-08-21
wisconsinrapidstribune.com	9142	2023-09-11
wisfarmer.com	5440	2023-09-11
wishtv.com	71807	2026-08-23
wislawjournal.com	11691	2026-06-03
wisn.com	74748	2026-08-23
wispolitics.com	20579	2026-07-23
wisr680.com	9322	2026-08-23
wistv.com	38791	2026-08-23
withinnigeria.com	12604	2026-03-04
witl.com	37686	2026-08-23
witn.com	36847	2026-08-23
witneygazette.co.uk	132456	2026-08-23
wits.ac.za	5508	2026-08-22
wivk.com	12491	2026-08-23
wixx.com	27686	2026-08-22
wiznation.com	13616	2026-08-23
wjactv.com	34346	2026-08-23
wjbc.com	40046	2026-08-18
wjbq.com	28573	2026-08-22
wjbr.com	12970	2025-12-04
wjcl.com	72084	2026-08-23
wjct.org	71628	2026-08-23
wjcw.com	56200	2026-08-18
wjez.com	10813	2026-08-23
wjfw.com	20894	2026-08-23
wjhg.com	25997	2026-08-23
wjimam.com	23474	2025-12-01
wjla.com	50025	2026-08-23
wjle.com	6073	2026-08-23
wjmi.com	18966	2026-05-04
wjnt.com	23076	2026-04-22
wjol.com	34794	2026-08-22
wjon.com	38229	2026-08-23
wjoxam.com	50601	2026-04-07
wjpf.com	5987	2026-08-06
wjr.com	43736	2026-08-22
wjrz.com	13962	2026-08-23
wjsu.org	19822	2025-03-11
wjtn.com	20759	2026-08-22
wjvl.com	5257	2025-03-09
wkar.org	18292	2026-08-23
wkbw.com	41499	2026-08-23
wkdq.com	36986	2026-08-23
wkdzradio.com	16788	2026-08-01
wkfr.com	24874	2026-08-22
wkjc.com	42662	2026-08-22
wkkg.com	9883	2026-08-21
wkmi.com	17491	2025-11-30
wkml.com	16057	2026-08-23
wkms.org	54804	2026-08-23
wknofm.org	83848	2026-08-23
wkow.com	6158	2026-05-21
wkrb13.com	486644	2025-04-18
wksn.com	20706	2026-08-23
wksu.org	17996	2022-12-08
wktn.com	10318	2026-08-22
wktv.com	42961	2026-08-23
wkuherald.com	9472	2026-08-23
wkvi.com	7694	2026-08-22
wkxi.com	15993	2026-05-09
wkyc.com	70523	2026-06-06
wkyt.com	33931	2026-08-23
wkyufm.org	44984	2026-08-23
wkzo.com	77292	2026-08-23
wlad.com	5114	2026-08-21
wlav.com	10505	2026-08-23
wlbt.com	8276	2026-03-19
wlds.com	11604	2026-08-22
wlec.com	23041	2026-08-23
wlevradio.com	9822	2026-08-23
wlfi.com	25644	2026-08-23
wlip.com	23016	2026-08-21
wlkm.com	8761	2026-08-21
wlky.com	82746	2026-08-23
wlni.com	5321	2026-04-30
wlos.com	41613	2026-08-23
wlox.com	33643	2026-08-23
wlrfm.com	16614	2026-07-28
wlrh.org	26611	2026-08-23
wlrn.org	50173	2026-08-23
wlsam.com	54529	2026-08-21
wltribune.com	33330	2026-08-23
wltx.com	63246	2026-06-25
wltz.com	6310	2026-06-19
wlwi.com	6315	2026-08-23
wlwt.com	91781	2026-08-23
wmac-am.com	48449	2026-08-23
wmagazine.com	6535	2026-08-21
wmal.com	39545	2026-08-23
wmay.com	11097	2025-04-11
wmbfnews.com	39626	2026-08-23
wmcactionnews5.com	21076	2021-05-19
wmdt.com	34009	2026-08-23
wmfe.org	18986	2024-04-02
wmgk.com	16745	2026-08-23
wmicentral.com	10554	2026-08-23
wmmq.com	34100	2026-08-23
wmnf.org	7572	2026-08-22
wmot.org	24000	2025-08-12
wmra.org	45367	2026-08-23
wmtram.com	10286	2026-08-21
wmtv15news.com	19831	2026-08-23
wmtw.com	74318	2026-08-23
wmuk.org	25025	2026-08-23
wmur.com	95518	2026-08-23
wn.com	399364	2026-07-15
wnaw.com	19092	2026-08-23
wnax.com	9052	2026-08-21
wnbf.com	18049	2026-08-22
wncv.com	9234	2026-08-23
wncw.org	32368	2026-08-23
wncy.com	27574	2026-08-22
wnd.com	37745	2026-08-23
wndu.com	32070	2026-08-23
wnem.com	23915	2026-08-23
wnep.com	57274	2026-06-05
wnewsj.com	19288	2025-05-15
wnir.com	9615	2026-08-21
wnmtradio.com	19176	2022-12-08
wnmufm.org	72246	2026-08-23
wnpr.org	6587	2021-07-14
wntxradio.com	19392	2026-08-10
wnyt.com	45063	2026-03-11
woad.com	19065	2026-04-22
wobm.com	59660	2026-08-23
wogb.fm	17327	2026-08-23
wogx.com	18699	2026-08-22
wohfradio.com	29454	2026-08-23
wokq.com	27848	2026-08-22
wokv.com	64439	2026-08-23
womanandhome.com	25462	2026-08-23
womansworld.com	13193	2026-08-23
womenofchina.cn	11042	2025-06-09
womenshealthmag.com	17351	2026-08-23
wondradio.com	42261	2026-08-23
wonkette.com	5766	2026-07-29
woodallscm.com	5622	2026-08-21
woodlandsonline.com	10357	2026-08-23
woodstocksentinelreview.com	41367	2026-08-23
woodwardnews.net	10443	2026-08-22
woodworkingnetwork.com	9527	2025-12-16
woonsocketcall.com	12656	2026-08-23
worcesternews.co.uk	108950	2026-08-23
wordpress.com	17166	2026-08-23
workers.org	5585	2026-03-06
workerscompensation.com	8440	2026-08-21
workersliberty.org	8719	2025-11-07
worksopguardian.co.uk	12974	2025-01-23
world-nuclear-news.org	7420	2026-08-21
worldbank.org	10213	2026-08-13
worldboxingnews.net	7275	2025-03-04
worldcasinodirectory.com	8017	2026-08-23
worldcrunch.com	14971	2025-01-23
worldipreview.com	5135	2026-08-21
worldoil.com	13930	2026-08-23
worldpoliticsreview.com	5298	2026-08-06
worldscreen.com	13861	2025-08-22
worldsoccertalk.com	14787	2022-08-10
worldtempus.com	6358	2026-08-21
wortfm.org	6174	2025-05-02
worthingherald.co.uk	6867	2022-02-10
worthplaying.com	13645	2026-08-22
worthynews.com	6199	2026-08-23
wosu.org	15697	2026-08-22
woub.org	10777	2026-08-21
wowo.com	10188	2026-08-21
wowt.com	38877	2026-08-23
wpbf.com	67993	2026-08-23
wpde.com	48952	2026-08-23
wpdh.com	45007	2026-08-23
wphm.net	13328	2026-08-08
wpr.org	11769	2026-08-22
wprl.org	54300	2025-10-06
wpsdlocal6.com	54285	2026-08-23
wpst.com	37006	2026-08-23
wpsu.org	65546	2026-08-23
wptv.com	52509	2026-08-23
wpxi.com	45502	2026-08-23
wqad.com	51386	2026-06-05
wqcmfm.com	13721	2026-08-15
wqcs.org	56908	2026-08-23
wqel.com	5768	2026-08-21
wqut.com	21649	2026-08-23
wral.com	153038	2026-08-23
wraltechwire.com	12216	2025-11-06
wrcbtv.com	57393	2022-01-13
wrdw.com	39037	2026-08-23
wrestlezone.com	39067	2026-08-23
wrestlinginc.com	63354	2026-08-23
wrestlingnewssource.com	25672	2026-07-06
wrexham.com	15849	2026-08-23
wrfalp.com	7855	2026-08-21
wrganews.com	12850	2026-08-23
wrhi.com	5555	2026-07-14
wrif.com	30717	2026-08-23
writersdigest.com	5784	2026-08-23
wrjn.com	5565	2026-08-21
wrjo.com	5698	2026-08-20
wrkf.org	37774	2026-08-23
wrkr.com	24662	2026-08-22
wrmf.com	11159	2026-08-22
wror.com	20881	2026-08-23
wrp.org.uk	6328	2026-08-22
wrrv.com	39259	2026-08-23
wruf.com	10634	2026-08-22
wrur.org	9471	2026-08-23
wrvo.org	62379	2026-08-23
wsau.com	104049	2026-08-23
wsaw.com	31266	2026-08-23
wsaz.com	28180	2026-08-23
wsbradio.com	63435	2026-08-23
wsbs.com	12970	2026-08-22
wsbt.com	40567	2026-08-23
wsbtv.com	54817	2026-08-23
wscountytimes.co.uk	6332	2022-02-09
wset.com	42830	2026-08-23
wsfa.com	32322	2026-08-23
wsfl.com	7230	2026-08-23
wsgw.com	20304	2026-08-21
wshu.org	40802	2026-08-22
wsiltv.com	53441	2026-08-02
wsipam.com	5015	2026-07-25
wsiu.org	76489	2026-08-23
wsj.com	58643	2026-06-22
wsjm.com	30727	2026-08-21
wsjs.com	5407	2026-07-31
wskg.org	6784	2026-03-08
wsls.com	136812	2026-08-23
wsmv.com	36743	2026-08-23
wsnewspublishers.com	7109	2025-08-29
wsoctv.com	45835	2026-08-23
wsrkfm.com	18519	2026-08-22
wsu.edu	8597	2026-08-20
wsvaonline.com	5422	2024-04-02
wsvn.com	48496	2026-08-23
wsws.org	40882	2026-08-23
wtae.com	81041	2026-08-23
wtap.com	5700	2026-03-19
wtaq.com	53666	2026-08-22
wtax.com	7000	2024-05-20
wtbdfm.com	11527	2024-01-02
wtbx.com	24804	2026-08-21
wthitv.com	37881	2026-08-23
wthr.com	77073	2026-08-11
wtka.com	15955	2024-08-27
wtkr.com	57745	2026-08-23
wtma.com	107090	2026-08-23
wtmj.com	42363	2026-07-15
wtmx.com	10419	2026-08-22
wtoc.com	35573	2026-08-23
wtok.com	23596	2026-08-23
wtol.com	61161	2026-06-06
wtop.com	89321	2026-08-23
wtov9.com	35277	2026-08-23
wtsp.com	75398	2026-06-06
wttf.com	31433	2026-08-23
wttw.com	14739	2025-12-16
wtug.com	19215	2026-08-23
wtva.com	47509	2026-08-23
wtvbam.com	55866	2026-08-23
wtvm.com	27638	2026-08-23
wtvq.com	20271	2026-08-23
wtvr.com	51752	2026-08-23
wtvy.com	22254	2026-08-23
wtxl.com	31739	2026-08-23
wuft.org	40132	2026-08-23
wuky.org	28185	2026-08-23
wunc.org	21361	2026-08-23
wupe.com	18102	2026-08-23
wusa9.com	68551	2026-06-05
wutc.org	40422	2026-08-23
wuuqradio.com	12154	2026-08-21
wuwf.org	53480	2026-08-23
wuwm.com	17430	2026-08-23
wvasfm.org	50930	2026-08-23
wvel.com	7415	2026-08-18
wvfm1065.com	5078	2020-12-07
wvgazettemail.com	43652	2026-08-23
wvik.org	53058	2026-08-23
wvlkam.com	68785	2026-08-23
wvlnam.com	8648	2026-07-29
wvmetronews.com	24665	2026-08-23
wvnews.com	110265	2026-01-24
wvnn.com	40826	2026-08-18
wvpublic.org	12732	2026-08-22
wvrecord.com	5873	2025-05-20
wvtf.org	33844	2026-08-23
wvtm13.com	66929	2026-08-23
wvxu.org	43891	2026-08-23
wwaytv3.com	29701	2026-08-23
wwd.com	46457	2026-08-23
wweek.com	12141	2026-08-21
wwisradio.com	5345	2026-08-22
wwjb.com	5988	2025-02-24
wwki.com	5915	2026-08-23
wwltv.com	56312	2026-06-05
wwmt.com	42029	2026-08-23
wwno.org	46644	2026-08-23
wwnytv.com	26053	2026-08-23
wwqq101.com	5845	2026-08-23
wxerfm.com	19082	2026-08-22
wxfx.com	9317	2026-08-21
wxii12.com	77841	2026-08-23
wxkr.com	13895	2026-08-21
wxlo.com	9819	2026-08-23
wxow.com	52355	2026-08-23
wxpr.org	31454	2026-08-23
wxxinews.org	55233	2026-08-23
wxxv25.com	27380	2026-08-23
wxyz.com	52508	2026-08-23
wydaily.com	15579	2026-08-23
wyff4.com	80983	2026-08-23
wynn1063.com	20558	2026-08-23
wyomingnews.com	93746	2026-08-23
wyomingnewsnow.tv	37191	2026-08-23
wyomingpublicmedia.org	44604	2026-08-23
wypr.org	52227	2026-08-23
wyrk.com	43631	2026-08-23
wyshradio.com	5194	2026-08-21
wyso.org	44701	2026-08-23
wysu.org	25524	2026-08-23
wzid.com	6868	2026-08-22
wzozfm.com	19288	2026-08-23
wzpl.com	7974	2026-08-23
wzzm13.com	69198	2026-06-26
x1071.com	31375	2026-08-23
xboxachievements.com	9229	2025-04-26
xinhuanet.com	172414	2026-06-16
xlcountry.com	14323	2026-08-23
xpatloop.com	10253	2026-07-22
xtra99.com	17883	2026-08-23
xxlmag.com	13703	2026-08-22
y-103.com	9718	2026-08-23
y100fm.com	7969	2026-08-21
y101.com	14329	2026-08-22
y101hits.com	10169	2026-08-23
y102montgomery.com	23040	2026-08-23
y105fm.com	41185	2026-08-23
y105music.com	26096	2026-08-22
y108.ca	8119	2026-08-21
y94.com	37382	2026-08-23
y95country.com	29001	2026-08-23
yachtsandyachting.com	30522	2026-08-23
yahoo.com	6402664	2026-08-23
yakimaherald.com	99066	2026-08-23
yaktrinews.com	8775	2023-06-26
yale.edu	11741	2026-08-21
yaledailynews.com	5862	2026-01-16
yalibnan.com	9380	2026-08-23
yambolnews.net	6474	2025-10-22
yanksgoyard.com	5566	2026-08-23
yankton.net	61241	2026-08-23
yardbarker.com	166766	2026-08-23
yasstribune.com.au	69153	2026-08-23
ycombinator.com	5926	2026-08-20
ydr.com	6710	2023-09-11
yellowhammernews.com	14168	2026-08-23
yen.com.gh	10134	2026-03-19
yenisafak.com	20714	2025-09-16
yeovilexpress.co.uk	58449	2023-06-08
yesweekly.com	10490	2026-08-22
yle.fi	17038	2026-08-21
yna.co.kr	6410	2026-03-12
ynaija.com	9154	2026-08-23
ynetnews.com	66870	2026-08-23
yorkdispatch.com	14408	2023-09-11
yorknewstimes.com	47551	2026-08-23
yorkpress.co.uk	169686	2026-08-23
yorkregion.com	12236	2026-08-23
yorkshireeveningpost.co.uk	26040	2025-01-23
yorkshirepost.co.uk	60971	2025-01-23
yorktonthisweek.com	42911	2021-07-29
youngwitness.com.au	19945	2026-08-20
youralaskalink.com	22612	2026-08-22
yourdemocracy.net	5645	2026-08-23
yourdemocracy.net.au	19081	2026-08-23
youredm.com	7476	2026-06-26
yourfortdodge.com	19783	2026-08-18
yourlocalguardian.co.uk	189944	2026-08-23
yourobserver.com	13482	2025-09-10
yoursourceone.com	81332	2026-08-23
yourstephenvilletx.com	5063	2026-08-22
yourstory.com	36278	2026-07-04
yourtango.com	48745	2026-08-23
yourthurrock.com	11085	2026-08-23
yovizag.com	6774	2026-08-22
ypradio.org	68197	2026-08-23
yubanet.com	8922	2026-08-22
yukon-news.com	6433	2026-08-23
yumasun.com	60425	2026-08-23
z100fm.com	5685	2026-08-21
z100missoula.com	14967	2026-08-23
z1023online.com	16987	2026-08-23
z103.fm	11188	2024-08-29
z1077fm.com	11240	2026-08-22
z937.com	21048	2026-08-23
z93jamz.com	16940	2026-08-23
z94.com	26235	2026-08-23
z943radio.com	8741	2025-01-06
z96.com	10654	2026-08-23
zawya.com	199994	2026-08-23
zazoom.it	10633	2026-08-03
zdnet.com	40818	2026-08-22
zerohedge.com	134262	2026-08-23
zfenglish.com	40627	2026-08-21
ziarelive.ro	5451	2024-08-01
zigwheels.com	20938	2026-08-23
zimbabwesituation.com	15654	2026-07-20
zimbabwestar.com	53506	2026-08-23
zimeye.net	10520	2026-08-23
zizonline.com	6715	2026-08-21
zmescience.com	13425	2026-08-21
znsbahamas.com	5896	2026-08-21
zodiakmalawi.com	6772	2026-08-18
zonebourse.com	6769	2026-05-15
zrock103.com	9081	2026-08-23
zululandobserver.co.za	18680	2023-08-31
