1005freshradio.ca	8956	2026-09-16
1009theeagle.com	11642	2026-08-20
1010wcsi.com	7307	2025-08-27
1011now.com	33934	2026-09-28
1015hankfm.com	9175	2025-07-28
1015thehawk.com	10170	2026-03-23
1015vibe.com	8739	2026-09-26
1019thebeatfm.com	9206	2025-05-15
1019thekeg.com	26327	2026-05-12
1019therock.com	25553	2026-09-25
1021thefox.com	9230	2026-09-28
1023thebullfm.com	17951	2026-09-26
1023thewolf.com	8204	2026-09-25
1025kiss.com	38018	2026-09-28
1025wowcountry.com	7586	2026-09-28
1027kord.com	33552	2026-09-28
1027thevibe.com	8006	2026-09-28
102thebear.com	6148	2026-09-27
1031freshradio.ca	8933	2026-09-23
1033theeagle.com	6672	2026-09-24
1033wvyb.com	8703	2026-09-28
1035kissfmboise.com	25213	2026-09-28
1035theeagle.com	9324	2026-07-29
1037theloon.com	28004	2026-09-28
1039wvbo.com	28535	2026-09-28
103gbfrocks.com	36454	2026-09-27
103kkcn.com	19556	2026-09-28
103weup.com	10125	2026-09-27
103wjod.com	24004	2026-09-28
1041wdlt.com	9538	2026-09-27
1043freshradio.ca	8351	2026-09-23
1043theparty.com	7562	2026-09-27
1045bobfm.com	5391	2024-09-10
1045freshradio.ca	7552	2026-09-28
1045theteam.com	23135	2026-09-28
1045thezone.com	30519	2026-09-28
1045wjjk.com	6055	2026-09-28
1049maxcountry.com	8001	2021-04-15
1049nashicon.com	5926	2026-09-28
1049thebeat.com	17963	2026-09-28
1049theedge.com	7670	2023-01-13
1049thewolf.com	16321	2026-09-26
104thehawk.com	10981	2026-09-28
1050talk.com	7314	2020-02-18
1053hotfm.com	6265	2026-09-28
1055thehawk.com	6159	2024-06-16
1057thehawk.com	56498	2026-09-28
1057thepoint.com	16203	2026-09-28
1057thex.com	9321	2026-09-28
1059thehog.com	9300	2026-08-30
1063cowboycountry.com	6354	2021-01-15
1063thebuzz.com	31263	2026-09-27
1063thegroove.com	7943	2026-09-27
1065thearch.com	12180	2026-09-26
1065thebuzz.com	15970	2026-09-28
1069morefm.com	6042	2022-09-07
1073modfm.com	24948	2026-09-23
1073theeagle.com	9531	2026-09-25
1073wsjy.com	5991	2025-11-22
1075daverocks.com	7768	2026-09-26
1075koolfm.com	7854	2026-09-28
1075thegame.com	42726	2026-09-28
1075zoofm.com	8459	2022-07-07
1077thebone.com	7248	2026-09-25
1079ishot.com	48484	2026-09-28
107jamz.com	17989	2026-09-25
1090kaay.com	19789	2026-09-27
10news.com	98700	2026-09-28
10tv.com	62651	2026-06-25
1150kknw.com	5846	2026-09-28
1170kfaq.com	5326	2020-05-08
11alive.com	76527	2026-06-06
1280wnam.com	22183	2026-02-02
1290wlby.com	38487	2026-09-28
12news.com	62356	2026-06-26
12newsnow.com	54381	2026-06-06
12onyourside.com	13295	2026-09-28
1310kfka.com	13990	2026-09-28
1310news.com	29075	2020-12-03
1350kman.com	16052	2026-09-27
1370wfea.com	9066	2026-09-25
1380kcim.com	8887	2026-03-18
13abc.com	30047	2026-09-28
13newsnow.com	73852	2026-06-06
13wham.com	43041	2026-09-28
13wmaz.com	59415	2026-06-06
1470kyyw.com	9041	2026-09-27
1470wmbd.com	10508	2023-03-10
1490wosh.com	81746	2026-09-28
14news.com	41595	2026-09-28
1520theticket.com	53163	2026-06-29
1590walg.com	17537	2020-08-26
1630kcjj.com	13943	2026-09-28
1660thefan.com	10612	2020-12-04
1prime.biz	32781	2023-12-29
247sports.com	6960	2023-02-02
247wallst.com	20621	2026-09-28
27east.com	8113	2026-09-28
29news.com	11074	2026-09-28
2ec.com.au	5458	2026-09-28
2gb.com	31819	2026-09-28
2hd.com.au	5912	2024-12-18
2lt.com.au	16207	2026-09-28
2merkato.com	5238	2026-09-26
2news.com	83109	2026-09-28
2nm.com.au	5414	2026-09-28
2paragraphs.com	14564	2026-09-27
360cities.net	23862	2026-06-04
360nobs.com	5978	2020-10-03
3aw.com.au	19608	2026-09-28
3ba.com.au	5077	2026-09-28
3blmedia.com	8666	2026-09-28
3quarksdaily.com	9653	2026-05-24
4029tv.com	66935	2026-09-28
411mania.com	105251	2025-11-29
41nbc.com	27046	2026-09-28
4bc.com.au	27952	2026-09-28
4ni.co.uk	14158	2026-09-28
51.ca	7533	2026-09-27
5280.com	5640	2026-09-26
560cfos.ca	11980	2025-07-31
570news.com	56393	2021-10-17
5au.com.au	5021	2026-09-28
5newsonline.com	51740	2026-06-06
5tjt.com	10304	2026-06-04
6000.co.za	5389	2026-09-27
620ckrm.com	27128	2026-09-28
640wxsm.com	70059	2026-09-28
660wxqw.com	20062	2025-06-14
680kfeq.com	13566	2026-09-27
680news.com	113457	2021-10-17
6abc.com	62090	2026-09-28
6pr.com.au	10731	2026-09-28
702.co.za	24442	2024-01-15
710keel.com	26318	2026-09-28
730ckdm.com	6920	2026-09-28
740thefan.com	29233	2026-09-28
790business.com	41914	2022-08-10
790wpic.com	61854	2026-09-21
7news.com.au	5070	2026-03-12
7newsbelize.com	39147	2026-09-26
7thspace.com	39838	2024-09-15
850wftl.com	18211	2026-05-06
895thelake.ca	8534	2023-11-21
90min.com	58926	2025-09-29
915thebeat.com	8661	2026-09-28
919thebend.ca	10859	2026-02-10
91x.fm	5308	2026-09-25
921theticket.com	86676	2026-09-28
921wrou.com	25346	2026-09-26
927thedrive.net	19956	2026-09-25
927thevan.com	18032	2026-09-27
929nin.com	47728	2026-09-28
929peakfm.com	13912	2026-09-28
929thebull.com	31587	2026-09-28
929thelake.com	30843	2026-09-25
929theticket.com	9462	2026-09-28
929zzu.com	9390	2026-09-28
92moose.fm	29403	2026-09-28
92profm.com	5056	2026-09-28
92q.com	18520	2026-09-28
92qnashville.com	10578	2026-09-28
931coast.com	6772	2026-09-25
931freshradio.ca	8114	2026-09-28
931kmkt.com	18250	2026-08-23
931thebeat.com	9311	2026-09-27
931theborder.ca	8735	2025-09-08
933nashicon.com	5801	2026-09-09
933thedrive.com	39362	2026-09-28
937kclb.com	9654	2026-09-16
937kcountry.com	5312	2026-09-25
937nashicon.com	7073	2025-03-17
937theeagle.com	5839	2026-09-24
93q.com	19627	2026-09-27
93x.com	5591	2026-09-28
940wfaw.com	27438	2024-10-06
941theduke.com	7674	2026-09-25
943jackfm.com	23229	2026-09-26
943thepoint.com	57430	2026-09-28
945thehawkradio.com	5961	2026-09-27
945themoose.com	8688	2026-09-18
947wls.com	5764	2026-09-24
949whom.com	28989	2026-09-26
951kbby.com	9013	2026-09-28
953thebear.com	31676	2026-09-28
953thescore.com	61803	2026-09-28
955glo.com	9055	2026-09-28
955wtvy.com	6076	2026-09-01
959kissfm.com	12502	2026-09-27
95kqds.com	9712	2026-09-28
95rockfm.com	31828	2026-09-27
95sx.com	10550	2026-09-28
961jamz.com	8966	2026-09-27
961theeagle.com	34851	2026-09-28
963bigfm.com	7374	2026-09-02
963jackfm.com	8624	2026-09-25
963kklz.com	17184	2026-09-28
963theblaze.com	28033	2026-09-28
963wdvd.com	5201	2026-09-28
963xke.com	6359	2026-09-28
965bobfm.com	7279	2024-08-08
965kvki.com	39783	2026-09-28
965therock.com	20408	2026-09-28
967theeagle.net	33047	2026-09-28
969therock.com	14928	2026-09-26
96fm.ie	5819	2026-09-25
96krock.com	27053	2026-08-06
96kzel.com	9113	2026-09-27
971kissfm.com	5102	2022-09-16
973thedawg.com	46772	2026-09-28
975kgkl.com	21687	2026-09-28
975klak.com	6919	2020-05-30
975now.com	34913	2026-09-28
975thevibe.com	22979	2026-09-28
975wabd.com	11262	2026-09-27
977thebay.com	6276	2026-09-28
977theriver.com	12897	2025-05-26
979kickfm.com	32282	2026-09-28
979nashicon.com	5553	2026-09-27
979x.com	10533	2026-09-28
97rockonline.com	33704	2026-09-27
97x.com	22320	2026-09-28
97xonline.com	8096	2026-09-26
97zokonline.com	39065	2026-09-28
980waav.com	77058	2026-09-27
981thehawk.com	36242	2026-09-28
981themax.com	9304	2026-09-28
983nashicon.com	5995	2026-09-28
983thecoast.com	34934	2026-08-10
983thesnake.com	21894	2026-09-28
983wlcs.com	6157	2026-09-21
985kissfm.net	6142	2026-09-26
985thebull.com	12690	2026-09-28
987jack.com	23841	2026-09-28
987thebomb.com	6542	2026-09-23
987thebull.com	11554	2026-09-15
989magicfm.com	10728	2026-09-28
989xfm.ca	5787	2026-09-28
98cool.ca	11201	2026-09-07
98fm.com	14285	2026-09-28
98kupd.com	9306	2026-09-28
98q.com	7245	2026-09-28
98rocks.fm	18120	2026-09-16
98theticket.com	15783	2021-01-15
991thewhale.com	32855	2026-09-28
993kjoy.com	9841	2026-09-28
993thex.com	6076	2026-09-15
995qyk.com	21589	2026-09-27
995thewolf.com	7219	2026-09-25
997wtn.com	79230	2026-09-21
999ktdy.com	36074	2026-09-28
999thefoxrocks.com	7228	2026-09-27
999thepoint.com	27312	2026-09-28
99jamzmiami.com	5677	2026-09-26
9and10news.com	61455	2026-09-26
9news.com	62857	2026-06-05
9news.com.au	107292	2026-05-31
9thlevel.ie	8248	2025-12-04
9to5mac.com	22516	2026-09-28
aa.com.tr	91229	2026-09-28
aaj.tv	6866	2025-10-27
aarp.org	14007	2026-09-25
aawsat.com	126452	2026-09-28
abajournal.com	10882	2026-09-26
abbynews.com	33508	2026-09-28
abc-7.com	25368	2025-02-05
abc.net.au	200059	2026-09-28
abc10.com	72693	2026-06-25
abc11.com	78250	2026-09-28
abc12.com	36586	2026-09-28
abc13.com	86364	2026-09-28
abc15.com	54944	2026-09-28
abc17news.com	108469	2026-09-28
abc23.com	10544	2026-09-28
abc30.com	68664	2026-09-28
abc3340.com	43077	2026-09-28
abc57.com	59208	2026-09-28
abc6.com	10148	2026-01-23
abc6onyourside.com	42098	2026-09-28
abc7.com	72596	2026-09-28
abc7amarillo.com	33576	2026-09-28
abc7chicago.com	99900	2026-09-28
abc7news.com	78707	2026-09-28
abc7ny.com	85761	2026-09-28
abcactionnews.com	47042	2025-08-18
abcaudio.com	5535	2026-06-09
abccolumbia.com	41846	2026-09-28
abcfoxmontana.com	10097	2020-03-03
abcnews.com	20109	2026-09-28
abcnews4.com	48807	2026-09-28
abcnewsradioonline.com	21946	2021-04-12
abebooks.co.uk	5398	2023-12-06
aberdeennews.com	16891	2023-09-11
abnnewswire.net	7377	2026-09-28
aboutmyarea.co.uk	7782	2026-06-14
abovethelaw.com	27692	2026-09-26
abplive.com	7280	2026-03-17
abqjournal.com	86664	2026-09-28
abs-cbn.com	45218	2025-02-12
abstvradio.com	8966	2026-09-26
accesswdun.com	132647	2026-05-26
accountantsdaily.com.au	6961	2026-09-27
accountingtoday.com	19144	2026-09-27
aceshowbiz.com	110317	2026-09-28
achrnews.com	5014	2026-09-27
ack.net	7308	2026-09-27
acm.org	8233	2025-11-11
acrofan.com	16721	2024-06-05
acs.org	8583	2026-09-25
actionforex.com	43765	2026-09-28
actionnews5.com	21410	2026-09-28
actionnewsjax.com	43953	2026-09-28
actionnewsnow.com	17223	2026-03-19
actmedia.eu	17503	2026-09-28
actuarialpost.co.uk	6687	2026-09-28
adage.com	9059	2026-07-23
adb.org	5305	2026-09-28
adelaidenow.com.au	56534	2024-07-27
adgully.com	79010	2026-09-28
adirondackdailyenterprise.com	16924	2026-04-13
adn.com	47890	2026-09-28
adnews.com.au	11657	2026-08-25
adsoftheworld.com	7091	2022-05-07
advanced-television.com	17343	2026-09-28
advancedbiofuelsusa.info	14500	2023-07-26
advertiser.ie	5202	2026-09-28
advertisernewssouth.com	5259	2026-09-25
advisor.ca	10865	2026-07-14
advocate-news.com	19022	2026-09-28
advocate.com	9275	2026-09-27
advocateanddemocrat.com	29984	2026-09-28
adweek.com	32490	2026-09-27
aei.org	23040	2026-09-28
aero-news.net	94092	2026-09-28
aerospace-technology.com	5672	2024-11-14
aerotechnews.com	7765	2026-09-23
af.mil	23754	2025-02-27
afa.net	5120	2026-09-26
afaqs.com	14205	2026-09-28
afar.com	7708	2026-09-27
afghanislamicpress.com	5840	2026-09-28
afghanistannews.net	57016	2026-09-28
afghanistansun.com	53723	2026-09-28
afghanistantimes.af	5533	2022-02-18
afl.com.au	17648	2026-09-28
afloat.ie	22339	2026-09-10
afn.net	7605	2024-09-08
afp.com	7434	2026-09-21
afr.com	154686	2026-09-28
afr.net	8610	2026-09-28
africa-newsroom.com	45153	2026-09-28
africa.com	25120	2026-09-28
africabusiness.com	6875	2026-09-28
africaintelligence.com	12172	2026-09-28
africaleader.com	102205	2026-09-28
african.business	13985	2025-12-02
africanews.com	46084	2026-09-28
africanexaminer.com	17773	2026-07-23
afro.com	8239	2026-08-29
afropages.fr	37473	2025-09-18
agassizharrisonobserver.com	42911	2026-09-28
agenda.ge	9624	2025-02-27
aginfo.net	23552	2026-09-28
agnews890.com	5712	2026-09-23
agreenliving.org	5844	2022-05-27
agri-pulse.com	7030	2026-09-28
agriculture.com	27864	2026-03-17
agriland.ie	45203	2026-01-13
agrinews-pubs.com	13678	2026-09-28
agupdate.com	17178	2026-09-25
agweek.com	12485	2026-09-28
agwired.com	8420	2026-09-28
ahram.org.eg	100228	2026-09-10
ai-cio.com	5438	2026-09-25
aidesep.org.pe	5933	2025-10-03
aikenstandard.com	5935	2023-06-19
ainonline.com	9977	2026-09-25
airdriecityview.com	43048	2025-01-23
airdrieecho.com	9350	2026-09-27
airdrietoday.com	18510	2023-05-11
airforce-technology.com	7006	2026-09-25
airforcetimes.com	9581	2026-09-27
airliners.net	10712	2026-04-23
airport-technology.com	6145	2026-09-28
ajc.com	73509	2026-09-28
ajmc.com	14664	2026-04-24
ajot.com	10138	2026-09-03
ajp.com.au	6624	2026-09-28
akipress.com	111114	2026-09-28
akp.gov.kh	23744	2026-09-28
akronnewsreporter.com	8989	2026-09-28
al-monitor.com	50144	2026-09-28
al.com	75487	2026-03-25
alabamanews.net	13758	2023-04-13
alabamawx.com	14666	2025-08-14
alamogordonews.com	6106	2026-09-27
alarabiya.net	20388	2025-12-05
alaraby.co.uk	8389	2022-11-16
alaska-native-news.com	8849	2026-09-27
alaskahighwaynews.ca	45396	2023-11-01
alaskapublic.org	8686	2026-09-28
alaskasnewssource.com	12527	2026-09-28
albanyherald.com	81229	2025-06-06
albawaba.com	72384	2026-09-13
alberta.ca	5630	2026-09-27
albuquerqueexpress.com	95114	2026-09-28
aldergrovestar.com	33277	2026-09-28
aldianews.com	9059	2026-09-28
aleteia.org	18476	2026-09-28
algemeiner.com	37145	2026-09-25
alice1077.com	10753	2026-09-28
alice965.com	14484	2026-09-26
alipac.us	33404	2026-09-28
aljazeera.com	123800	2026-09-28
allaboutthejersey.com	5430	2026-09-27
allaccess.com	12520	2024-11-05
allafrica.com	592204	2026-09-28
alleywatch.com	21056	2026-09-28
allhiphop.com	24246	2026-09-28
alligator.org	8995	2026-09-28
allkpop.com	62192	2026-08-23
allmediany.com	7207	2020-10-14
allthehitsb951.com	10498	2026-09-28
alltoc.com	8831	2026-04-15
allure.com	6987	2026-09-28
almanacnews.com	12338	2026-09-28
almanar.com.lb	11558	2026-01-24
almayadeen.net	5251	2025-01-26
alt1017.com	10060	2024-11-19
altaz933.com	7370	2026-09-25
altenergymag.com	9060	2026-09-17
alternet.org	33567	2026-09-28
altondailynews.com	9971	2021-06-21
altoonamirror.com	22583	2026-09-28
altpress.com	9018	2025-01-23
am-online.com	20323	2025-12-12
am1050.com	7241	2024-08-08
am1070theanswer.com	5920	2024-05-17
am1100theflag.com	18223	2026-08-12
am1590theanswer.com	6050	2022-07-01
am920theanswer.com	5919	2024-05-17
am9501007fm.com	27724	2026-09-15
am970theanswer.com	5919	2024-05-17
amarillo.com	9981	2023-09-11
amarillosrockstation.com	9268	2026-09-28
amarujala.com	148264	2026-06-15
amazinavenue.com	8784	2026-09-27
amazingmadison.com	26586	2026-09-25
amazonaws.com	35940	2026-08-04
americamagazine.org	15242	2026-09-28
americanbanker.com	26864	2026-09-28
americanbazaaronline.com	9968	2026-09-28
americanfreepress.net	10087	2026-06-11
americanisraelite.com	7099	2026-09-23
americanpress.com	27537	2026-09-27
americansongwriter.com	50443	2026-09-28
americanthinker.com	51987	2026-09-28
americantop40.com	14118	2026-09-28
amestrib.com	8559	2023-09-11
amherstbulletin.com	5181	2026-09-24
ammoland.com	22560	2026-08-31
ammonnews.net	14023	2026-09-28
amny.com	21145	2026-09-28
amren.com	20984	2026-09-27
amsterdamnews.com	10364	2026-09-28
analystratings.com	5117	2021-04-29
anandabazar.com	12880	2023-08-22
anchoragepress.com	5856	2026-09-26
ancient-origins.net	20404	2026-09-28
andhrawishesh.com	6851	2026-05-02
andina.pe	10818	2025-04-22
andoveradvertiser.co.uk	108615	2026-09-28
androidauthority.com	21069	2026-09-23
androidcentral.com	38780	2026-09-28
androidcommunity.com	6682	2022-02-03
androidheadlines.com	38407	2026-07-30
androidpolice.com	38600	2026-09-28
angelusnews.com	5535	2026-09-28
anglocelt.ie	47986	2026-09-28
angop.ao	7651	2025-01-03
anhuinews.com	18237	2026-09-28
animenewsnetwork.com	59865	2025-09-07
aninews.in	572470	2026-09-28
annistonstar.com	26077	2026-09-27
ansa.it	14941	2026-09-28
ansamed.info	9391	2023-03-13
antaranews.com	75537	2026-09-28
antigojournal.com	32960	2026-09-28
antiguaobserver.com	14424	2026-09-28
antiwar.com	22708	2026-09-28
antonyloewenstein.com	7128	2026-09-28
aol.co.uk	276465	2026-09-28
aol.com	297983	2026-09-28
ap.org	20431	2026-06-04
apartmenttherapy.com	14278	2026-04-26
apnews.com	386275	2025-03-05
app.com	16834	2023-09-11
app.com.pk	33134	2026-04-24
appeal-democrat.com	19547	2026-09-25
appleinsider.com	47626	2026-09-08
applevalleynewsnow.com	9752	2026-09-27
apr.org	33354	2026-09-28
aps.dz	13423	2026-09-27
aqha.com	5136	2026-03-27
arabherald.com	114728	2026-09-28
arabianbusiness.com	34763	2026-01-29
arabnews.com	171711	2026-09-28
arabtimesonline.com	48436	2026-09-28
araratadvertiser.com.au	23537	2026-09-28
archaeology.org	5715	2026-09-25
archdaily.com	84032	2026-09-28
archinect.com	43301	2026-09-28
architectsjournal.co.uk	18740	2026-09-28
architecturaldigest.com	8840	2026-09-26
architectureanddesign.com.au	19278	2026-09-28
archyde.com	14291	2025-01-27
ardmoreite.com	5651	2026-09-22
areadevelopment.com	6980	2026-09-28
areanews.com.au	51139	2026-09-28
argentinastar.com	38253	2026-09-28
argus-press.com	11627	2026-09-22
argusleader.com	11421	2023-09-10
argusmedia.com	7637	2026-08-26
argusobserver.com	14985	2026-09-27
argyllshireadvertiser.co.uk	5460	2024-01-25
ariananews.af	19170	2026-09-27
arirang.co.kr	11819	2022-10-11
arirang.com	11761	2022-10-11
arizona.edu	6982	2026-09-27
arizonadailyindependent.com	11992	2026-09-28
arka.am	10719	2026-09-28
arkansasbusiness.com	16124	2026-03-11
arkansasonline.com	174364	2026-09-28
arkansasrazorbacks.com	8344	2026-09-27
arktimes.com	20419	2026-09-27
arlnow.com	28844	2026-09-28
armenianweekly.com	6662	2026-09-26
armenpress.am	85985	2025-06-04
armidaleexpress.com.au	55439	2026-09-28
armstrongeconomics.com	11209	2026-09-28
army-technology.com	8633	2026-09-25
army.mil	5081	2026-06-18
armytimes.com	10269	2026-09-27
arn.ps	13393	2026-09-28
arnnet.com.au	18244	2026-09-28
arrowheadaddict.com	6855	2026-09-28
arrowheadpride.com	15439	2026-09-28
arsenal.com	14061	2026-08-21
arsenalnews.co.uk	60000	2026-09-28
arstechnica.com	14740	2026-09-28
artdaily.com	49015	2026-09-28
artemis.bm	6403	2026-09-28
artfixdaily.com	6664	2025-11-18
artforum.com	5309	2026-09-25
artnet.com	19077	2026-08-07
artnews.com	9460	2026-09-27
artshub.com.au	12674	2026-09-28
artsjournal.com	9765	2026-09-26
arynews.tv	35045	2026-09-28
as.com	10088	2026-03-19
asahi.com	44649	2026-09-02
asbarez.com	6735	2026-07-15
ashepostandtimes.com	13793	2026-09-28
ashleycountyledger.com	30606	2026-09-26
asiaasset.com	6173	2026-09-27
asiabulletin.com	102104	2026-09-28
asianage.com	35432	2026-09-26
asianews.it	14986	2026-07-09
asianews.network	29672	2026-09-28
asianimage.co.uk	83501	2026-09-28
asianjournal.com	11911	2026-09-28
asiaone.com	154726	2026-09-28
askmen.com	5934	2026-06-04
aspendailynews.com	50164	2026-08-30
aspenpublicradio.org	47005	2026-09-28
aspentimes.com	21752	2026-09-28
astanatimes.com	9405	2026-09-28
astroawani.com	7022	2025-11-17
astronomy.com	6317	2026-09-28
asurampage.com	6162	2026-09-28
at40.com	6095	2021-10-15
athens-times.com	106130	2026-09-13
athensmessenger.com	9056	2026-09-26
athensreview.com	19007	2026-09-25
athleticsnation.com	5534	2026-09-28
atholdailynews.com	20853	2026-09-27
atlantablackstar.com	28181	2026-06-04
atlantafalcons.com	5064	2026-09-25
atlantaleader.com	16553	2026-09-28
atlantanewsfirst.com	28940	2026-09-28
atlantic.ctvnews.ca	32788	2025-01-23
atlanticcouncil.org	8405	2026-09-26
attackofthefanboy.com	21493	2026-09-28
attitude.co.uk	7583	2026-09-28
atvtoday.co.uk	20246	2026-09-28
auburnpub.com	65412	2026-09-27
augustafreepress.com	38919	2026-09-28
austinchronicle.com	31510	2026-09-27
austinglobe.com	89939	2026-09-28
australianherald.com	40223	2026-09-28
australiannews.net	80148	2026-09-28
autoblog.com	23954	2026-06-28
autocarindia.com	20937	2026-09-28
autoconnectedcar.com	5924	2026-09-28
autoevolution.com	85876	2026-05-10
autoexpress.co.uk	17380	2026-09-28
autonews.com	18592	2026-06-18
autoremarketing.com	6212	2026-09-25
autospies.com	24942	2026-09-28
autoweek.com	13322	2026-09-28
avclub.com	26821	2026-05-14
avenuemail.in	19912	2026-09-11
averyjournal.com	12504	2026-09-28
avherald.com	6073	2026-09-27
aviationweek.com	20647	2026-09-28
avn.com	12050	2026-09-26
avondhupress.ie	5828	2026-09-28
avweb.com	7813	2026-09-25
awesome98.com	30689	2026-09-28
awfulannouncing.com	29809	2026-09-28
awn.com	9359	2026-09-27
axios.com	16472	2024-06-05
axisoflogic.com	6291	2022-07-23
axs.com	10667	2025-01-20
aysor.am	5449	2026-09-28
azbigmedia.com	13548	2026-09-28
azbusinessdaily.com	9052	2024-01-25
azcapitoltimes.com	7939	2026-09-28
azcardinals.com	5263	2026-09-28
azcentral.com	69880	2023-09-11
azdailysun.com	49765	2026-09-27
azerbaijannews.net	64802	2026-09-28
azernews.az	59902	2026-09-28
azertag.az	46217	2026-06-23
azfamily.com	51693	2026-09-28
azocleantech.com	9127	2026-09-28
azom.com	15846	2026-09-26
azonano.com	5867	2026-09-25
azorobotics.com	5084	2026-09-25
azpbs.org	7042	2026-09-26
azsnakepit.com	7434	2026-09-28
b100quadcities.com	29596	2026-09-28
b1027.com	28840	2026-09-28
b1039.com	17884	2026-04-17
b1047.com	5735	2026-09-26
b105country.com	15292	2026-09-25
b106fm.com	8907	2026-09-28
b92.net	11321	2026-07-19
b93.net	30269	2026-09-28
b93radio.com	18224	2026-09-28
b975.com	11139	2026-09-25
b97hawaii.com	6883	2026-09-02
b98.com	9962	2026-09-28
b985.com	11663	2026-09-27
b985.fm	33698	2026-09-28
b987.com	6324	2026-09-28
badlefthook.com	11877	2026-09-28
baguiomidlandcourier.com.ph	5491	2024-07-30
baidu.com	49525	2026-09-28
bainbridgereview.com	5385	2026-09-25
bakercityherald.com	8086	2026-09-25
bakersfield.com	95060	2026-09-28
bakersfieldnow.com	39936	2026-09-28
bakeryinfo.co.uk	5136	2025-09-05
balkaninsight.com	7193	2026-09-28
ballinaadvocate.com.au	34874	2021-04-28
balloon-juice.com	20047	2026-03-11
ballot-access.org	7422	2026-09-27
balls.ie	5278	2026-09-28
ballstatedaily.com	6910	2026-07-15
baltic-course.com	5550	2026-04-04
baltictimes.com	18554	2026-09-28
baltimorebeatdown.com	7369	2026-09-28
baltimoreravens.com	8935	2026-09-28
baltimorestar.com	101134	2026-09-28
baltimoresun.com	139937	2026-09-28
bamsmackpow.com	6401	2026-09-28
banana1015.com	29262	2026-09-28
banburycake.co.uk	41634	2023-03-07
banburyguardian.co.uk	14854	2025-01-23
bandt.com.au	19522	2026-09-28
bangkokpost.com	151070	2026-08-25
bangladeshinfo.com	12248	2025-06-14
bangladeshsun.com	71128	2026-09-28
banglamirrornews.com	23689	2026-06-08
banglanews24.com	5026	2025-10-28
bangordailynews.com	54787	2026-09-28
bankerandtradesman.com	13734	2026-09-27
bankinfosecurity.com	16288	2026-09-28
bankingnews.gr	7377	2026-09-28
banklesstimes.com	11480	2026-09-15
banksnews.gr	10591	2025-07-24
baptistnews.com	7533	2026-09-28
barandbench.com	35554	2026-09-28
barbadostoday.bb	42187	2026-09-28
barcablaugranes.com	17875	2026-09-28
baristanet.com	5189	2023-08-22
barnsleychronicle.com	5523	2025-10-16
barrie.ctvnews.ca	20049	2025-01-23
barrons.com	76655	2026-06-18
barryanddistrictnews.co.uk	94420	2026-09-28
bartlesvilleradio.com	39402	2026-09-28
basildonstandard.co.uk	30362	2021-03-11
basingstokegazette.co.uk	115133	2026-09-28
bassresource.com	5177	2025-04-17
batemansbaypost.com.au	73798	2026-09-28
batonrougepost.com	50628	2026-09-28
baxterbulletin.com	9633	2026-09-26
bay939.com.au	5968	2026-09-24
baylorlariat.com	6287	2026-09-27
baynews9.com	8092	2026-08-27
bayshorebroadcasting.ca	14512	2026-09-28
baystreet.ca	39220	2026-09-28
baytownsun.com	19304	2026-09-26
bbc.co.uk	350050	2026-09-28
bbc.com	216510	2026-09-28
bbj.hu	9401	2025-10-20
bc.ctvnews.ca	35669	2025-01-23
bcdemocrat.com	7924	2025-07-02
bchomez.com	35967	2026-07-24
bclocalnews.com	7159	2020-04-07
bcps.org	38714	2026-08-05
bctv.org	5638	2026-09-28
bdnews24.com	66520	2026-09-28
bdonline.co.uk	9209	2025-09-05
bdtonline.com	60992	2026-09-27
beach951.com	16821	2026-09-26
bear104.com	13557	2026-09-27
bearingarms.com	20852	2026-09-27
beat.com.au	16527	2026-06-04
beat102103.com	8493	2026-09-28
beatricedailysun.com	52452	2026-09-28
beaufortcountynow.com	16493	2026-09-27
beaumontenterprise.com	67505	2025-11-18
beaver1003.com	8602	2026-09-25
beckersasc.com	11332	2026-08-01
beckershospitalreview.com	27729	2026-08-01
beckersspine.com	7564	2026-08-01
bedfordgazette.com	18727	2026-09-28
bedfordtoday.co.uk	15205	2025-01-23
beefcentral.com	6093	2026-09-28
beefmagazine.com	5014	2025-01-01
begadistrictnews.com.au	63411	2026-09-28
behindthesteelcurtain.com	17368	2026-09-28
beijingbulletin.com	112975	2026-09-28
belfastlive.co.uk	110548	2026-09-28
belfasttelegraph.co.uk	131950	2026-02-16
belgrade-news.com	6125	2026-09-27
bellanaija.com	11798	2026-09-28
belmondnews.com	5764	2026-01-26
beloitdailynews.com	36637	2026-09-28
bemidjipioneer.com	39117	2026-09-27
benarnews.org	5321	2026-09-23
bendbulletin.com	51147	2026-09-28
bendigoadvertiser.com.au	68194	2026-09-28
bendsource.com	14234	2026-09-28
benefitscanada.com	7232	2026-09-25
bengals.com	5018	2026-09-28
beniciaindependent.com	5339	2026-09-27
benningtonbanner.com	47786	2026-09-28
benzinga.com	342285	2026-08-06
berkeley.edu	5506	2026-09-28
berkshireeagle.com	72294	2026-09-28
berksmontnews.com	5896	2021-08-26
bernama.com	21124	2026-03-19
bernews.com	29679	2026-09-28
bestmediainfo.com	24657	2026-08-21
bet.com	21768	2026-09-18
betakit.com	6811	2026-09-25
betanews.com	14454	2026-01-15
bethesdamagazine.com	10363	2026-09-28
bevnet.com	19188	2026-07-03
bexhillobserver.net	5028	2022-02-09
bfi.org.uk	5134	2026-09-28
bgdailynews.com	66866	2026-09-27
bgnes.com	9565	2026-09-28
bgr.com	29859	2026-09-28
bgr.in	20873	2023-01-29
bhaskar.com	5229	2026-09-28
bhg.com	12912	2026-03-17
bhpioneer.com	34151	2026-09-28
bianet.org	17892	2026-09-28
biblestudytools.com	6065	2026-09-28
bicesteradvertiser.net	128467	2026-09-28
big104fm.com	7579	2026-04-24
bigblueview.com	18048	2026-09-28
bigcountry1073.com	5907	2026-09-28
bigcountry969.com	24563	2026-09-28
bigcountry995.com	50901	2026-09-15
bigfrog104.com	36636	2026-09-28
biggleswadetoday.co.uk	9031	2025-01-23
bigislandnow.com	10369	2026-09-28
bigissue.com	10262	2026-09-28
bignewsnetwork.com	891781	2026-09-28
bigoven.com	10285	2026-09-26
bigrigs.com.au	10236	2026-06-25
bigtakeover.com	5244	2025-08-22
bikebiz.com	6018	2026-09-25
bikeportland.org	6570	2026-09-08
bikeradar.com	8135	2026-09-28
bilkulonline.com	9847	2026-09-28
billboard.com	80081	2026-09-28
billingsgazette.com	78913	2026-09-27
billoreilly.com	13089	2026-07-15
binnews.com	24998	2026-09-25
biodiversitylibrary.org	16519	2026-02-24
biofuelsdigest.com	15476	2025-01-23
biomassmagazine.com	9178	2026-09-26
biometricupdate.com	16009	2026-09-28
biopharmadive.com	7490	2026-09-28
bioprepwatch.com	17621	2026-04-10
biospace.com	7263	2026-02-19
biospectrumindia.com	13694	2026-06-05
birminghammail.co.uk	307207	2026-09-28
birminghamstar.com	26938	2026-09-28
birminghamtimes.com	7820	2026-09-28
bismarcktribune.com	62048	2026-09-26
bizcommunity.com	69123	2026-09-28
bizenglish.adaderana.lk	6999	2026-02-24
bizjournals.com	49218	2022-06-19
biznews.com	18274	2026-09-27
bizpacreview.com	42842	2023-09-06
biztimes.com	15706	2026-09-28
biztoc.com	1997950	2026-01-16
bizwest.com	12424	2026-09-27
bjpenn.com	32612	2026-09-28
bjreview.com	31317	2026-09-28
bjreview.com.cn	17883	2026-09-28
bkreader.com	8327	2026-09-27
blabbermouth.net	16105	2026-09-24
blackamericaweb.com	16012	2026-09-28
blackandteal.com	6520	2026-09-28
blackenterprise.com	38165	2026-09-27
blackhillsfox.com	13340	2024-07-01
blacklistednews.com	9929	2024-08-07
blackpoolgazette.co.uk	23696	2025-01-23
blackseagrain.net	7057	2022-02-09
blayneychronicle.com.au	54585	2026-09-28
blazersedge.com	12944	2026-09-27
blazin1023.com	6202	2026-09-27
bleachernation.com	41095	2025-03-05
bleacherreport.com	65256	2026-09-28
bleedcubbieblue.com	15081	2026-09-28
bleedingcool.com	113484	2026-09-28
bleedinggreennation.com	12490	2026-09-28
blessyouboys.com	6430	2026-09-28
blingee.com	5682	2024-06-04
blockislandtimes.com	5545	2026-09-28
blogforiowa.com	5001	2026-09-27
bloggingdirty.com	6201	2026-09-28
bloggingtheboys.com	20725	2026-09-28
blogherald.com	5772	2026-09-21
blogspot.com	5389	2026-09-27
blogto.com	32346	2026-07-14
bloodhorse.com	32921	2026-09-28
bloody-disgusting.com	23757	2026-08-05
bloodyelbow.com	28845	2025-10-06
blooloop.com	12029	2026-09-25
bloomberg.com	168406	2026-06-22
bloombergquint.com	20998	2022-05-05
bluebirdbanter.com	6297	2026-09-28
bluemountaineagle.com	23971	2026-09-25
bluemountainsgazette.com.au	63671	2026-09-28
bluenc.com	5047	2026-06-30
blueprint.ng	94814	2026-09-28
blueridgenow.com	8748	2023-09-11
blueshirtbanter.com	5418	2026-09-27
blufftonicon.com	12530	2026-09-28
bmj.com	33556	2025-11-26
bmmagazine.co.uk	9217	2026-09-28
bmwblog.com	9936	2026-09-28
bnamericas.com	16561	2026-09-15
bnd.com	5862	2024-07-27
bnionline.net	5223	2026-09-28
bnn-news.com	13836	2026-09-28
bnnbloomberg.ca	258763	2026-09-28
bobfm.co.uk	10087	2026-09-18
bocanewsnow.com	6181	2026-09-27
boerse-social.com	7332	2026-09-27
boersennews.de	6902	2026-09-20
bognor.co.uk	5973	2022-02-10
boingboing.net	32048	2026-09-28
boisestatepublicradio.org	35175	2026-09-25
bold.dk	10145	2026-09-20
bolivarmonews.com	5229	2026-09-22
bollyspice.com	5230	2026-09-27
bollywoodhungama.com	51479	2026-09-28
bollywoodlife.com	8083	2026-02-16
bollywoodmantra.com	5165	2023-06-01
bolnews.com	8267	2025-12-08
bonappetit.com	6555	2026-09-28
bondbuyer.com	15029	2026-09-26
bonnercountydailybee.com	10980	2026-09-27
boom1019.com	6607	2026-09-28
boom997.com	6631	2026-09-14
boorowanewsonline.com.au	17636	2026-09-28
boothbayregister.com	32806	2026-09-27
bordermail.com.au	101570	2026-09-28
bordertelegraph.com	99114	2026-09-28
borderwatch.com.au	7562	2026-05-05
boredpanda.com	412750	2026-09-28
borehamwoodtimes.co.uk	114365	2026-09-28
borgenproject.org	5577	2026-08-11
borneobulletin.com.bn	79107	2025-04-28
boston.com	67335	2026-09-28
bostonglobe.com	147144	2026-09-28
bostonherald.com	62585	2026-09-28
bostonstar.com	110928	2026-09-28
bournemouthecho.co.uk	167132	2026-09-28
bowenislandundercurrent.com	61387	2025-09-05
boxden.com	78610	2024-10-17
boxinginsider.com	5736	2026-09-28
boxingnews24.com	12903	2026-09-28
boxingnewsonline.net	11963	2026-09-28
bozemandailychronicle.com	160026	2026-09-28
bozemanskissfm.com	15086	2026-09-25
bozone.com	14511	2026-09-28
bpr.org	23840	2023-01-31
bracknellnews.co.uk	103126	2026-09-28
bradfordera.com	74666	2026-09-26
braidwoodtimes.com.au	54132	2026-09-28
brainerddispatch.com	58102	2026-09-28
braintreeandwithamtimes.co.uk	137953	2026-09-28
bramptonguardian.com	13173	2026-09-28
brandonsun.com	70876	2026-09-28
bransontrilakesnews.com	46890	2026-09-27
brantfordexpositor.ca	44508	2026-09-27
bravenewcoin.com	10683	2026-09-27
bravotv.com	10019	2026-09-28
brazilsun.com	52251	2026-09-28
breakingbelizenews.com	7788	2026-03-19
breakingdefense.com	13778	2026-09-25
breakingnews.ie	108394	2026-09-28
breakingtravelnews.com	13060	2023-08-26
brecorder.com	74251	2026-02-23
breitbart.com	294895	2026-09-28
brentwoodlive.co.uk	116553	2026-09-28
bridgemi.com	11203	2026-09-25
bridgwatermercury.co.uk	99240	2026-09-28
bridportnews.co.uk	105179	2026-09-28
briefingwire.com	81298	2026-09-28
brightonandhovenews.org	11080	2026-09-28
brightontoday.ca	9201	2026-09-28
brightsideofthesun.com	8758	2026-09-28
bringmethenews.com	15509	2023-09-18
brisbanetimes.com.au	241276	2026-09-28
bristol247.com	10749	2025-11-19
bristolpost.co.uk	130811	2026-09-28
britainnews.net	68416	2026-09-28
britannica.com	21901	2025-11-12
broadbandtvnews.com	6237	2026-06-17
broadcastnow.co.uk	13529	2025-09-04
broadwayworld.com	55810	2026-05-08
brobible.com	15473	2026-09-28
brokernews.com.au	7480	2026-09-28
bromsgroveadvertiser.co.uk	110764	2026-09-28
bromsgrovestandard.co.uk	15257	2026-09-28
brookingsradio.com	22259	2026-09-27
brooklyneagle.com	14862	2026-09-27
brooklynpaper.com	9303	2026-09-28
brooklynvegan.com	36724	2026-09-28
broomfieldenterprise.com	13462	2026-09-28
browndailyherald.com	7397	2026-09-09
brownfieldagnews.com	10795	2026-07-31
brownsvilleherald.com	16485	2021-03-17
brownwoodnews.com	18015	2026-09-27
brownwoodtx.com	5780	2026-09-12
brudirect.com	25726	2026-09-28
bruneinews.net	81241	2026-09-28
bryantimes.com	56875	2026-09-26
bssnews.net	158686	2026-09-15
bu.edu	6207	2026-09-28
bubblear.com	11128	2026-09-28
buccaneers.com	6605	2026-09-28
buckscountycouriertimes.com	10343	2023-01-24
bucksfreepress.co.uk	123663	2026-09-28
bucksherald.co.uk	12536	2025-01-23
bucksinsider.com	8979	2026-09-28
bucyrustelegraphforum.com	5927	2023-09-11
budapesttimes.hu	10732	2026-09-28
buenosairesherald.com	5482	2026-09-27
buffalobulletin.com	11518	2026-09-28
buffalonews.com	138935	2026-09-27
buffalorising.com	6102	2026-09-27
buildersmerchantsnews.co.uk	5663	2026-09-28
building.co.uk	13478	2025-09-05
bulawayo24.com	61244	2026-09-27
bulgariagazette.com	6870	2025-09-26
bulletsforever.com	7267	2026-09-28
bunburymail.com.au	105791	2026-09-28
bundesliga.com	7927	2026-09-28
burlingtoncountytimes.com	11222	2023-09-11
burlingtonfreepress.com	5470	2023-09-11
burnabynow.com	71750	2025-08-01
burnham-on-sea.com	17153	2026-09-28
burnhamandhighbridgeweeklynews.co.uk	95713	2026-09-28
burnleyexpress.net	21025	2025-01-23
burntorangenation.com	7237	2026-09-28
bursa.ro	6074	2026-09-27
burytimes.co.uk	163233	2026-09-28
business-humanrights.org	10754	2026-09-25
business-review.eu	18325	2026-09-28
business-standard.com	662669	2026-09-28
business2community.com	14801	2026-09-03
businessdailyafrica.com	41523	2026-09-28
businessday.co.za	12653	2026-09-28
businessdayghana.com	8499	2026-09-28
businessden.com	5351	2026-09-25
businessghana.com	146844	2026-09-28
businessgreen.com	18293	2026-07-17
businessincameroon.com	6904	2026-09-28
businessinsider.co.za	8106	2023-02-28
businessinsider.com	350085	2026-09-28
businessinsider.com.au	24044	2023-10-12
businessinsider.in	71647	2025-01-13
businessinsurance.com	10272	2026-09-25
businesslive.co.za	10121	2025-10-13
businessmirror.com.ph	121961	2025-05-14
businessnorth.com	9358	2026-09-28
businessoffashion.com	15909	2026-06-29
businesspost.ie	35004	2026-09-28
businessrecord.com	20810	2024-01-04
businessreport.com	8097	2026-09-27
businesstech.co.za	9105	2022-09-28
businesstimes.com.sg	80459	2026-09-28
businesstoday.in	170383	2026-09-28
businesstraveller.com	10762	2025-01-23
businesstravelnewseurope.com	7049	2026-04-06
businesswire.com	90653	2023-04-18
businesswireindia.com	12266	2026-05-18
businessworld.in	33533	2026-07-15
busseltonmail.com.au	44473	2026-09-28
butlercountytimesgazette.com	7233	2026-09-06
butlereagle.com	58278	2026-09-28
buxtonadvertiser.co.uk	12680	2025-01-23
buzzfeed.com	87767	2026-09-28
buzzfeednews.com	7389	2026-01-01
bwog.com	16153	2026-09-27
bworldonline.com	89809	2026-09-28
bxr.com	9164	2026-09-28
byronnews.com.au	34848	2021-04-28
byu.edu	6000	2026-07-15
c-mw.net	6392	2026-09-26
c21media.net	26695	2026-09-28
cachevalleydaily.com	17747	2026-09-28
cadforum.cz	13665	2026-09-28
cadillacnews.com	32367	2026-09-28
cagesideseats.com	43021	2026-09-28
cagle.com	21449	2025-01-23
cairnspost.com.au	247894	2026-09-28
cairoscene.com	22836	2026-09-28
caixinglobal.com	24303	2026-06-08
cajnewsafrica.com	6761	2026-09-28
cajunradio.com	16064	2026-09-25
calaverasenterprise.com	5133	2026-09-24
calcoastnews.com	8601	2026-09-27
calculatedriskblog.com	14512	2026-01-12
calcuttanews.net	168154	2026-09-28
caledoncitizen.com	5979	2026-09-24
caledonenterprise.com	5636	2026-09-27
caledoniacourier.com	26868	2026-09-28
caledonianrecord.com	174330	2026-09-28
calgary.ctvnews.ca	30489	2025-01-23
calgaryherald.com	51494	2026-09-28
calgarysun.com	72591	2026-09-28
californianewswire.com	7904	2026-09-23
californiatelegraph.com	152319	2026-09-28
caller.com	7121	2023-09-11
callnewspapers.com	5448	2026-09-24
cambodiantimes.com	154438	2026-09-28
cambrian-news.co.uk	20895	2026-09-28
cambridge-news.co.uk	76587	2026-09-28
cambridge.org	7026	2026-03-01
cambridgetimes.ca	9801	2026-09-28
cambstimes.co.uk	40247	2026-09-28
camdencourier.com.au	52660	2026-09-28
cameroon-tribune.cm	14718	2026-09-28
campaignasia.com	8628	2026-09-28
campaignbrief.com	14741	2026-09-28
campaignindia.in	10262	2026-09-28
campaignlive.co.uk	26131	2026-09-11
campaignseries.co.uk	10186	2023-02-07
campbellrivermirror.com	32629	2026-09-28
campbeltowncourier.co.uk	5717	2024-01-25
campusreform.org	7013	2026-01-05
canada.com	38533	2026-09-25
canadafreepress.com	33147	2025-07-27
canadiancattlemen.ca	6515	2026-09-27
canadianinquirer.net	16728	2026-09-28
canadianlawyermag.com	6587	2026-09-28
canadianmanufacturing.com	9222	2026-09-26
canadianminingjournal.com	9789	2026-09-26
canadianreviewer.com	9030	2026-09-25
canadianunderwriter.ca	6526	2026-07-14
canberratimes.com.au	124554	2026-09-28
cancertherapyadvisor.com	7709	2026-09-25
candgnews.com	14586	2026-09-25
canindia.com	45226	2025-11-20
canoncitydailyrecord.com	27628	2026-09-28
canowindranews.com.au	25736	2024-09-09
cantechletter.com	20754	2026-05-12
cantondailyledger.com	5834	2023-09-10
cantonrep.com	17009	2023-09-11
canyon-news.com	12068	2026-09-28
capeandislands.org	40691	2026-09-28
capebretonpost.com	23307	2020-11-12
capecod.com	13195	2026-09-27
capecodtimes.com	12400	2023-09-11
capegazette.com	20535	2026-01-06
capenews.net	14676	2026-09-26
capetalk.co.za	25547	2024-01-15
capitalethiopia.com	14862	2026-09-28
capitalfm.co.ke	57451	2026-06-15
capitalfm.com	10085	2026-09-26
capitalgazette.com	82162	2026-09-28
capitalpress.com	17561	2026-09-26
capitolfax.com	17709	2026-09-28
capitolhillseattle.com	5959	2026-02-16
capjournal.com	17797	2026-09-27
capradio.org	38841	2026-09-26
captivasanibel.com	12494	2026-09-23
carandbike.com	12268	2026-07-15
caranddriver.com	11621	2026-09-28
carbon-pulse.com	17777	2025-08-13
carbuzz.com	52726	2026-09-28
cardinalcourieronline.com	10292	2026-02-05
careerindia.com	9269	2026-06-26
caribbeanherald.com	62872	2026-09-28
caribjournal.com	6805	2026-09-27
carletonvilleherald.com	12062	2023-10-11
carlow-nationalist.ie	61979	2026-09-28
carlyleobserver.com	30710	2021-07-29
carmagazine.co.uk	5397	2026-09-28
carnegieendowment.org	5382	2026-09-26
carnewschina.com	6254	2026-09-28
carolinacoastonline.com	26790	2026-09-27
carolinajournal.com	11106	2026-09-25
carrollspaper.com	39991	2026-09-28
carscoops.com	53642	2026-09-28
carsguide.com.au	6540	2025-03-31
carsonnow.org	134405	2026-09-28
cartermatt.com	27960	2026-05-08
cartoonbrew.com	5250	2026-09-27
casino.org	7234	2026-09-28
castanet.net	188887	2023-11-21
castanetkamloops.net	76158	2026-09-23
castlegarsource.com	6224	2026-09-23
catcountry1029.com	17551	2026-09-28
catcountry1073.com	51564	2026-09-28
catholic.org	9621	2026-06-29
catholicculture.org	29794	2026-09-28
catholicnewsagency.com	11036	2026-01-23
catholicphilly.com	8750	2026-09-25
catholicregister.org	7642	2026-09-26
catholicworldreport.com	33233	2026-09-28
cathstan.org	5088	2026-09-28
caughtoffside.com	50840	2026-09-28
cavalierdaily.com	9672	2026-09-28
cbc.bb	20375	2026-09-28
cbc.ca	379855	2026-09-28
cbn.com	25208	2026-09-28
cbr.com	25341	2023-10-27
cbs12.com	45922	2026-09-28
cbs19.tv	57735	2026-06-06
cbs2iowa.com	42412	2026-09-28
cbs46.com	9757	2022-03-01
cbs4indy.com	5543	2024-08-20
cbs4local.com	42390	2026-09-28
cbs58.com	76367	2026-09-28
cbs6albany.com	42110	2026-09-28
cbs7.com	10489	2024-08-12
cbs8.com	55118	2026-06-05
cbsnews.com	212441	2026-09-28
ccenterdispatch.com	18399	2026-03-06
ccm.net	10814	2025-04-02
cdapress.com	23341	2026-09-01
cdispatch.com	19642	2026-09-27
cecildaily.com	20367	2026-09-28
cedarnews.net	5376	2026-09-06
cei.int	6793	2026-09-28
celebdirtylaundry.com	49037	2026-09-28
celebuzz.com	5938	2026-09-18
cemnet.com	11100	2026-09-28
centralasiatimes.com	33537	2026-09-28
centralchronicle.com	29979	2026-03-24
centraljersey.com	19200	2025-05-26
centralmaine.com	98709	2026-09-28
centralmoinfo.com	32349	2026-09-27
centraltelegraph.com.au	20824	2020-06-29
centralwesterndaily.com.au	65733	2026-09-28
centreforaviation.com	25194	2026-09-28
cessnockadvertiser.com.au	61188	2026-09-28
cfnrfm.ca	9656	2026-07-09
cfox.com	10928	2026-09-21
cfr.org	8112	2026-09-28
cfweradio.ca	6981	2026-09-28
cgtn.com	15100	2025-08-27
chad.co.uk	20199	2025-01-23
chaffeecountytimes.com	8071	2026-09-27
chalkbeat.org	8261	2026-09-27
championnewspapers.com	6144	2026-09-28
channel3000.com	132415	2026-09-28
channel4.com	20712	2026-09-27
channel5belize.com	19313	2025-05-24
channelafrica.co.za	15039	2026-09-28
channeleye.co.uk	5515	2024-08-12
channellife.com.au	5070	2026-09-28
channelnewsasia.com	179933	2026-09-28
channelstv.com	88519	2026-08-04
channelweb.co.uk	5809	2025-04-17
chanute.com	28951	2026-09-16
chapelboro.com	20147	2026-06-24
chardandilminsternews.co.uk	96554	2026-09-28
charismamag.com	18512	2023-07-17
charismanews.com	12185	2025-08-02
charkoosta.com	6564	2026-09-26
charlestoncitypaper.com	8421	2026-09-26
charlotteobserver.com	9913	2024-07-31
charter97.org	70754	2026-03-02
chathamdailynews.ca	48950	2026-09-28
chathamstartribune.com	10864	2026-09-27
chathamthisweek.com	37069	2026-03-13
chattanoogan.com	82807	2026-09-28
chattooga1180.com	12461	2026-09-28
chch.com	22740	2026-09-28
cheatsheet.com	28644	2026-03-18
cheboygannews.com	5551	2023-09-10
cheknews.ca	19945	2026-09-28
chelmsfordweeklynews.co.uk	115042	2026-08-14
chemeurope.com	8015	2026-09-28
chennaionline.com	18268	2026-09-28
cherokeephoenix.org	8579	2026-09-27
chessbase.com	10487	2026-09-28
chesterstandard.co.uk	155534	2026-09-28
chiangraitimes.com	24535	2026-09-28
chicagobusiness.com	22332	2026-07-06
chicagocrusader.com	8443	2026-09-26
chicagonow.com	9019	2022-08-18
chicagotribune.com	163104	2026-09-28
chichester.co.uk	7095	2022-02-10
chickashanews.com	6121	2026-09-23
chicoer.com	24097	2026-09-28
chieftain.com	9189	2023-09-11
chilecomparte.cl	25044	2026-09-28
chimpreports.com	15330	2026-09-19
china.org.cn	184496	2026-09-28
chinadaily.com.cn	597484	2026-09-28
chinadailyhk.com	10481	2025-01-27
chinadigitaltimes.net	8017	2026-06-05
chinafile.com	8467	2026-09-17
chinamil.com.cn	21773	2026-09-28
chinanationalnews.com	154041	2026-09-28
chinatechnews.com	9306	2026-09-28
chinaview.cn	30639	2026-03-19
chinookobserver.com	8124	2026-09-28
chipchick.com	23436	2026-09-28
chippewa.com	58049	2026-09-27
chorleycitizen.co.uk	18568	2023-02-07
chortle.co.uk	18137	2026-09-28
chosun.com	17595	2024-09-12
chrisd.ca	7825	2026-09-27
christianitydaily.com	5217	2026-09-26
christianitytoday.com	10757	2026-09-27
christiannewswire.com	6633	2026-09-28
christianpost.com	72623	2026-09-28
christiantoday.com	5427	2026-09-27
chron.com	549721	2025-11-18
chronicle-tribune.com	10473	2026-09-26
chronicle.co.zw	47194	2025-01-23
chronicle.com	5109	2025-11-18
chronicle.gi	7306	2026-03-17
chronicle.lu	35811	2026-09-28
chroniclejournal.com	68643	2026-09-28
chroniclelive.co.uk	135068	2026-09-28
chronicleonline.com	75379	2026-09-28
chronicletimes.com	5732	2026-09-25
chronline.com	37474	2026-09-28
chronogram.com	7897	2026-09-28
chvnradio.com	25820	2026-09-28
cinaradio.com	7321	2026-09-28
cincinnati.com	30235	2024-10-21
cincinnatimagazine.com	5833	2026-09-28
cincinnatisun.com	45023	2026-09-28
cincyjungle.com	14324	2026-09-28
cinemablend.com	85815	2026-09-28
cineuropa.net	5310	2022-08-20
cineuropa.org	28824	2026-03-27
cio.com	12010	2026-01-20
circlevilleherald.com	6692	2026-09-26
cisnfm.com	10155	2026-09-20
cities929.com	14945	2026-09-27
citizen-times.com	8165	2023-09-11
citizen.co.za	101134	2026-09-28
citizen.digital	7318	2026-02-22
citizen.on.ca	6515	2026-09-24
citizensvoice.com	58068	2026-09-28
citr.ca	5040	2025-11-02
city-countyobserver.com	15742	2026-01-31
cityam.com	61601	2026-09-28
citybeat.com	10354	2025-01-22
cityfarmer.info	5240	2026-09-27
citynews.com.au	18100	2025-09-04
citynewsokc.com	5024	2026-09-28
citywatchla.com	9483	2026-09-28
cityweekly.net	5926	2026-08-28
citywireselector.com	7388	2022-10-19
civic.md	7943	2026-09-08
civilbeat.org	8515	2026-09-07
civilserviceworld.com	7233	2026-09-28
civilsociety.co.uk	6139	2026-09-28
cjhk.ca	7829	2026-03-03
cjls.com	6152	2026-04-07
cjme.com	31859	2026-09-28
cjonline.com	13533	2023-09-11
cjoy.com	8910	2023-12-05
ckbw.ca	8373	2026-03-02
ckdr.net	10129	2025-10-01
ckfm.ca	6389	2024-05-10
ckom.com	32615	2026-09-28
ckua.com	10446	2026-09-28
ckxsfm.com	11781	2026-09-28
clactonandfrintongazette.co.uk	148535	2026-09-28
claimsjournal.com	13350	2026-09-28
clare.fm	25428	2026-09-28
clarechampion.ie	10390	2026-09-28
clareherald.com	7892	2026-09-28
claremoreprogress.com	7747	2026-09-27
clarionledger.com	9660	2023-09-11
clarksvillenow.com	14080	2026-09-27
clarksvilleonline.com	22334	2026-09-28
classic107.com	13676	2026-09-28
classiccountry1070.com	6263	2024-02-24
classichits925.com	10197	2026-09-26
classicrock1051.com	16764	2024-04-27
classicrock1069.com	5507	2022-01-10
classicrock961.com	32325	2026-09-28
classy100.com	36012	2026-09-28
claytodayonline.com	6756	2026-09-28
cleantechnica.com	34885	2026-09-28
clearwatertimes.com	29777	2026-09-28
clemsontigers.com	5724	2026-09-26
cleveland.com	30463	2026-03-09
cleveland19.com	48786	2026-09-28
clevelandbanner.com	12164	2026-09-27
clevelandbrowns.com	5543	2026-09-28
clevelandjewishnews.com	85567	2026-09-28
clevelandstar.com	115556	2026-09-28
clevescene.com	11349	2026-09-26
clichemag.com	14271	2026-08-15
click2houston.com	99801	2026-09-28
clickondetroit.com	163614	2026-09-28
clickorlando.com	136447	2026-09-28
clickthecity.com	7274	2025-10-21
clinicaladvisor.com	6702	2026-09-26
clinicalleader.com	7546	2026-09-26
clintonherald.com	38847	2026-09-28
clintonnewsrecord.com	23335	2026-09-19
closerweekly.com	7022	2026-09-28
cloverdalereporter.com	35457	2026-09-28
cltampa.com	9904	2026-09-28
club937.com	25173	2026-09-27
clutchpoints.com	38968	2026-06-13
clydebankpost.co.uk	102420	2026-09-28
cmcmarkets.com	5856	2026-03-09
cmo.com.au	5228	2024-01-20
cnbc.com	133920	2026-09-28
cnbcafrica.com	22215	2026-09-28
cnbctv18.com	7702	2026-03-19
cnc3.co.tt	20458	2026-08-25
cnet.com	451495	2026-09-28
cnn.com	302055	2026-09-25
cnnphilippines.com	80976	2024-01-29
cnsnews.com	60537	2025-08-26
cntraveler.com	6480	2026-09-28
cntraveller.com	5689	2026-09-27
cnweekly.com	12207	2021-07-26
cnycentral.com	33045	2026-09-28
cnynews.com	19789	2026-09-28
coast1009.com	20650	2026-09-28
coast931.com	5558	2026-09-28
coast973.com	8801	2026-09-28
coastalcourier.com	5743	2026-09-24
coastaldigest.com	19050	2026-07-27
coastalnewstoday.com	14623	2024-01-03
coastalpoint.com	6410	2026-09-28
coastalradio.ca	7196	2026-09-25
coastfm.co.uk	11110	2025-01-27
coastreporter.net	84071	2025-09-09
cobrapost.com	11882	2026-09-28
cochranetimes.com	9131	2026-09-27
cochranetimespost.ca	50583	2026-09-28
cochranetoday.ca	8500	2023-01-30
coffscoastadvocate.com.au	43733	2021-03-24
cogconnected.com	10707	2026-09-28
coincommunity.com	144852	2026-04-03
coindesk.com	30998	2026-09-28
coinspeaker.com	33369	2026-09-28
cointelegraph.com	42787	2026-09-28
coinweek.com	7781	2026-06-04
coladaily.com	8980	2026-09-28
coldlakesun.com	13143	2026-09-27
collider.com	122883	2026-09-28
colombogazette.com	9413	2026-09-28
colombopage.com	20989	2023-11-30
coloradoan.com	6487	2023-09-11
coloradohometownweekly.com	16080	2026-09-28
coloradopolitics.com	6290	2026-03-19
coloradostar.com	41400	2026-09-28
columbiabasinherald.com	7911	2026-08-28
columbiadailyherald.com	9127	2023-09-11
columbiagorgenews.com	18420	2026-09-27
columbiamissourian.com	27901	2026-09-28
columbian.com	105198	2026-09-28
columbiatribune.com	10247	2023-09-11
columbustelegram.com	53644	2026-09-27
combatpress.com	12293	2026-09-27
comicbook.com	189815	2026-09-28
comicbookmovie.com	28231	2026-09-28
comicsbeat.com	10732	2026-07-30
comingsoon.net	59238	2026-09-28
commercial-news.com	14744	2026-09-28
commercialappeal.com	11594	2023-09-11
commercialmotor.com	5370	2026-06-03
commercialobserver.com	12875	2026-09-28
comminit.com	8001	2026-07-10
commodityonline.com	27788	2025-02-12
commonsnews.org	7904	2023-06-14
communityadvocate.com	6806	2026-09-26
communityimpact.com	19614	2026-07-01
communitynewspapergroup.com	20076	2026-09-26
communitynewspapers.com	13226	2026-08-04
communityni.org	5202	2022-02-11
communitypress.ca	38218	2026-06-22
comoxvalleyrecord.com	33864	2026-09-28
complex.com	22363	2026-09-28
complianceweek.com	5548	2026-09-25
compositesworld.com	8973	2026-09-28
compsmag.com	6764	2024-03-22
computerweekly.com	39314	2026-09-28
computerworld.com	11046	2026-09-25
computing.co.uk	8424	2026-06-22
comunicati.net	56760	2022-02-08
con-telegraph.ie	57927	2026-09-28
concordmonitor.com	32582	2026-09-28
conference-news.co.uk	7663	2026-09-23
connachttribune.ie	15670	2026-02-24
connectionnewspapers.com	8946	2026-09-17
connectradio.fm	20392	2026-09-28
connectsavannah.com	7614	2026-09-28
connexionfrance.com	28680	2026-09-28
consilium.europa.eu	24508	2024-07-15
consortiumnews.com	5450	2026-09-27
constructiondive.com	7722	2026-09-25
constructionenquirer.com	5902	2026-09-28
constructionequipment.com	5221	2026-09-25
constructionequipmentguide.com	6389	2025-03-03
constructionnews.co.uk	14892	2026-09-25
constructionweekonline.com	8096	2024-07-13
consumerelectronicsnet.com	16079	2024-02-09
conwaydailysun.com	20457	2026-09-24
cookingchanneltv.com	5605	2023-03-29
cookislandsnews.com	10833	2026-09-27
cool987fm.com	12472	2026-09-28
coolsocial.net	9498	2023-01-16
coolum-news.com.au	20346	2020-06-29
coosavalleynews.com	10200	2026-09-28
cootamundraherald.com.au	39026	2026-09-28
corkindependent.com	9321	2026-09-25
cornell.edu	7808	2026-09-26
cornellsun.com	8863	2026-09-28
cornwalllive.com	6250	2026-09-09
cornwallseawaynews.com	24509	2026-09-27
coronadonewsca.com	13482	2026-09-28
corsicanadailysun.com	23653	2026-09-28
corvallisadvocate.com	6173	2026-09-26
cosmeticsandtoiletries.com	7465	2026-02-10
cosmopolitan.com	69257	2026-09-28
cosmosmagazine.com	9093	2025-10-20
cotswoldjournal.co.uk	104133	2026-09-28
countercurrents.org	23147	2026-09-28
counterpunch.org	23942	2026-09-03
country-guide.ca	5855	2025-05-21
country104.com	8337	2026-09-27
country105.com	10309	2026-09-15
country1053.ca	9597	2025-05-20
country93.ca	8565	2026-09-10
country94.ca	14854	2025-12-08
countrylife.co.uk	9656	2026-09-28
countryliving.com	9860	2026-09-27
countypress.co.uk	141456	2026-09-28
countytimes.co.uk	119947	2026-09-28
countyweeklynews.ca	37959	2026-06-22
courant.com	104824	2026-09-28
courier-journal.com	18161	2023-09-11
courier-tribune.com	11420	2026-09-28
courierjournal.net	8732	2026-09-28
couriermail.com.au	182103	2024-07-31
couriernews.com	67467	2026-09-28
courierpostonline.com	8906	2023-09-11
courierpress.com	8075	2023-09-11
courthousenews.com	44460	2026-09-26
coventryobserver.co.uk	11418	2026-09-28
coventrytelegraph.net	101131	2026-09-28
covers.com	37198	2026-09-27
covnews.com	5909	2026-09-27
cowboystatedaily.com	5388	2026-07-12
cowichanvalleycitizen.com	34393	2026-09-28
cowraguardian.com.au	27386	2026-09-28
cp24.com	107591	2026-09-28
cpac.ca	6601	2024-12-16
cpapracticeadvisor.com	11923	2026-09-26
cpbj.com	8732	2026-06-04
cpfc.co.uk	5012	2026-06-25
cphpost.dk	8449	2026-09-28
cpr.org	13301	2026-02-25
cqnews.com.au	44410	2021-04-28
cracked.com	31520	2026-09-27
craigdailypress.com	6520	2026-09-28
crainscleveland.com	13200	2026-06-18
crainsdetroit.com	16510	2026-03-31
crainsnewyork.com	16163	2026-03-16
cranbrooktownsman.com	30537	2026-09-28
crash.net	34634	2026-09-28
cravenherald.co.uk	157095	2026-09-28
crawleyobserver.co.uk	5858	2022-02-09
creativebloq.com	13070	2026-09-28
creativereview.co.uk	5161	2026-07-15
crescent-news.com	29945	2026-09-26
crestonnews.com	7254	2026-09-26
crestviewbulletin.com	6329	2026-09-25
crikey.com.au	14419	2026-09-28
crimeonline.com	7164	2026-03-18
crn.com	11475	2026-09-25
crn.com.au	12436	2026-09-28
crooksandliars.com	41090	2026-09-28
crookstontimes.com	5681	2025-01-30
crookwellgazette.com.au	71483	2026-09-28
crossmap.com	33803	2026-09-28
crossrhythms.co.uk	6855	2026-09-28
crosstimbersgazette.com	5022	2026-09-28
crossville-chronicle.com	27570	2026-09-27
crowdfundinsider.com	87115	2026-08-27
crowrivermedia.com	50371	2025-10-29
cruisehive.com	9741	2026-09-27
cruiseindustrynews.com	7746	2026-09-28
crunchyroll.com	15924	2023-01-31
cruxnow.com	13961	2026-09-27
csindy.com	6448	2025-04-21
csmonitor.com	25304	2026-09-28
csoonline.com	10363	2026-09-28
csrwire.com	8197	2026-09-25
ctgtribune.com	15346	2025-06-01
ctinsider.com	61825	2026-09-10
ctmirror.org	12859	2026-09-28
ctnewsjunkie.com	5664	2026-09-28
ctpost.com	162446	2025-10-26
ctpublic.org	7913	2026-03-18
ctvnews.ca	171369	2026-09-24
cubaheadlines.com	42980	2026-09-28
cubbiescrib.com	6125	2026-09-28
cuinsight.com	19885	2025-07-09
cullmantimes.com	10136	2026-09-26
cultofmac.com	9164	2026-09-27
culturemap.com	33790	2026-09-26
cumberlink.com	50657	2026-09-28
cumbriacrack.com	30229	2025-01-23
curacaochronicle.com	9934	2026-09-25
curbed.com	6114	2026-09-22
curetoday.com	6790	2026-02-12
currentargus.com	9050	2026-09-28
cwtv.com	5723	2026-09-23
cypnow.co.uk	6355	2026-06-19
cyprus-mail.com	84491	2026-09-28
dabangasudan.org	7210	2026-09-27
dagblog.com	50779	2025-10-13
daijiworld.com	141849	2026-03-16
daily-chronicle.com	8022	2020-12-17
daily-jeff.com	8203	2023-09-11
daily-journal.com	20849	2025-02-04
daily-sun.com	38361	2025-12-09
daily-times.com	5025	2023-09-10
daily-tribune.com	7746	2026-09-28
dailyadvance.com	58082	2026-09-28
dailyadvertiser.com.au	87433	2026-09-28
dailyadvocate.com	12256	2025-05-15
dailyamerican.com	13653	2023-09-11
dailyastorian.com	12817	2026-09-26
dailybreeze.com	49762	2026-09-28
dailybruin.com	6898	2026-09-28
dailybulldog.com	9843	2026-09-27
dailybulletin.com	47508	2026-09-28
dailycal.org	22455	2026-09-25
dailycaller.com	105990	2026-09-27
dailycamera.com	44326	2026-09-28
dailycampus.com	6712	2026-09-28
dailycardinal.com	7930	2026-09-28
dailycitizen.news	13575	2025-02-06
dailycomet.com	6054	2023-09-11
dailycommercial.com	9991	2023-09-11
dailydemocrat.com	14041	2026-09-28
dailydispatch.co.za	8569	2026-09-28
dailydot.com	46700	2026-09-28
dailyecho.co.uk	172967	2026-09-28
dailyemerald.com	6819	2026-09-27
dailyexaminer.com.au	42309	2021-03-24
dailyexcelsior.com	187659	2026-09-28
dailyexpress.com.my	91331	2026-07-01
dailyforex.com	11800	2026-09-28
dailyfreeman.com	45363	2026-09-28
dailyfx.com	24052	2024-08-30
dailygalaxy.com	10297	2026-09-27
dailygazette.com	89871	2026-09-28
dailyherald.com	120389	2025-09-08
dailyheraldtribune.com	14227	2026-09-27
dailyhive.com	64845	2026-09-28
dailyindependent.com	36131	2026-09-28
dailyinterlake.com	13792	2026-09-28
dailyiowegian.com	6412	2020-05-27
dailyitem.com	53637	2026-09-28
dailyjournal.net	102260	2025-05-15
dailyjournalonline.com	43088	2026-08-29
dailykos.com	183695	2026-09-28
dailyliberal.com.au	91543	2026-09-28
dailylocal.com	53652	2026-09-28
dailymail.co.uk	1278695	2026-04-21
dailymail.com	57775	2026-09-28
dailymaverick.co.za	80429	2026-09-28
dailymercury.com.au	49265	2021-06-23
dailymirror.lk	59401	2026-09-28
dailynebraskan.com	5367	2026-09-28
dailynews.co.th	6843	2023-07-05
dailynews.co.tz	15499	2026-09-28
dailynews.co.zw	17239	2026-09-28
dailynews.com	56762	2026-09-28
dailynews.lk	33827	2023-12-29
dailynewsegypt.com	14118	2025-01-26
dailynexus.com	5784	2026-09-24
dailynorseman.com	10772	2026-09-28
dailynorthwestern.com	12116	2026-09-28
dailyorange.com	9932	2025-02-23
dailypakistan.com.pk	19143	2026-09-28
dailypioneer.com	85217	2026-09-28
dailypolitical.com	640150	2026-09-28
dailypost.co.uk	95068	2026-09-28
dailypost.ng	288979	2026-09-28
dailypost.vu	16047	2026-09-28
dailypostathenian.com	20612	2026-09-28
dailypress.com	79733	2026-09-28
dailypress.net	23686	2026-09-28
dailyprincetonian.com	7980	2026-09-28
dailyprogress.com	57809	2026-09-26
dailyrecord.co.uk	310515	2026-09-28
dailyrecord.com	9244	2023-09-11
dailyrecordnews.com	22750	2026-09-27
dailyreporter.com	8550	2026-06-03
dailyrepublic.com	89978	2026-09-28
dailyridge.com	19431	2026-09-28
dailysabah.com	65693	2026-09-28
dailysentinel.com	5554	2026-09-26
dailysignal.com	26348	2026-07-17
dailystar.co.uk	323344	2026-09-28
dailystar.com.lb	7273	2025-09-29
dailystarjournal.com	8779	2020-11-25
dailysun.co.za	30224	2022-09-11
dailytarheel.com	10607	2026-09-28
dailytelegraph.com.au	163773	2024-07-31
dailythepatriot.com	17268	2026-09-27
dailytimes.com	17704	2026-09-26
dailytimes.com.pk	142364	2026-06-25
dailytrib.com	6841	2026-09-25
dailytribune.com	25590	2025-11-05
dailytrojan.com	9172	2026-09-28
dailytrust.com	71481	2026-09-28
dailytrust.com.ng	21882	2021-06-24
dailyunion.com	24092	2026-09-27
dailyuw.com	7176	2026-07-13
dailyvoice.com	184665	2026-07-03
dailyworld.com	5461	2023-09-11
dairylandexpress.com	5086	2026-09-27
dakotanewsnow.com	20062	2026-09-28
dakotawarcollege.com	8887	2026-09-25
dallascowboys.com	11055	2026-09-28
dallasnews.com	51183	2026-04-01
dallasobserver.com	10050	2026-09-27
dallassun.com	122802	2026-09-28
dallasvoice.com	8399	2026-09-26
daltonsbusiness.com	5735	2026-09-28
danspapers.com	9645	2026-09-27
darientimes.com	58921	2025-08-31
darkhorizons.com	22003	2026-09-28
darkreading.com	13187	2025-02-20
darlingtonandstocktontimes.co.uk	108928	2026-09-28
datacenterdynamics.com	18830	2025-06-14
datacenterknowledge.com	5848	2026-09-28
daventryexpress.co.uk	10264	2025-01-23
davisenterprise.com	23149	2026-09-27
dawgpounddaily.com	5541	2026-09-28
dawn.com	261252	2026-07-20
dayton.com	5431	2024-09-04
daytonatimes.com	5458	2026-09-28
daytondailynews.com	55490	2026-09-28
dazebaonews.it	6505	2026-01-15
dazeddigital.com	18291	2026-09-28
dcourier.com	9018	2026-09-28
dcvelocity.com	5196	2026-09-24
deadline.com	168113	2026-09-28
deadlinedetroit.com	11574	2026-09-28
dealstreetasia.com	39315	2026-09-28
decanter.com	5574	2026-09-28
decaturdaily.com	47747	2026-09-28
decaturish.com	6996	2026-09-26
deccanchronicle.com	137140	2026-09-28
deccanherald.com	64357	2026-03-15
decider.com	35582	2026-09-28
defence.pk	18327	2026-05-12
defenceweb.co.za	15705	2026-09-28
defensenews.com	12415	2026-09-28
defenseone.com	8955	2026-09-26
defenseworld.net	60871	2026-04-30
defpen.com	12285	2026-09-02
dekhnews.com	5202	2025-04-11
delano.lu	6113	2025-01-11
delaware.gov	9073	2026-09-25
delawareonline.com	12601	2023-09-11
delawarepublic.org	49538	2026-09-28
delawarestatenews.net	5676	2021-02-16
delcotimes.com	60814	2026-09-28
delfi.lt	5110	2026-09-28
delgazette.com	6444	2025-04-15
delmartimes.net	6342	2024-06-13
delmarvanow.com	6603	2023-09-11
delphosherald.com	5222	2026-08-05
delrionewsherald.com	10116	2021-01-22
delta-optimist.com	64492	2025-01-23
democracynow.org	35907	2026-09-25
democratandchronicle.com	9032	2023-09-11
democratherald.com	58540	2026-09-26
denbighshirefreepress.co.uk	110171	2026-09-28
denofgeek.com	8905	2026-09-28
dentonrc.com	31617	2026-09-28
denverbroncos.com	6411	2026-09-28
denverpost.com	53678	2026-09-28
derbyshiretimes.co.uk	23955	2025-01-23
derbytelegraph.co.uk	85669	2026-09-28
derryjournal.com	15278	2025-01-23
derrynow.com	41481	2026-05-21
deseret.com	38995	2026-09-25
desertsun.com	11610	2023-09-11
desiblitz.com	17288	2026-09-28
design-reuse.com	8542	2026-09-28
designboom.com	20644	2026-09-28
designnews.com	5853	2024-12-01
designyoutrust.com	5834	2026-09-28
desimartini.com	34149	2025-02-18
desmoinesregister.com	26539	2023-09-11
desototimes.com	5556	2026-09-24
destructoid.com	24027	2026-07-04
detroitnews.com	45794	2023-09-11
devdiscourse.com	137413	2026-09-16
developingtelecoms.com	15270	2026-09-28
devilslakejournal.com	6239	2026-09-26
devondispatch.ca	16198	2026-09-27
devonlive.com	9630	2026-06-20
dewsburyreporter.co.uk	12517	2025-01-23
dezeen.com	26987	2026-09-26
dfnionline.com	10163	2026-09-28
dglobe.com	31208	2026-09-27
dhakacourier.com.bd	8222	2026-09-25
dhakatribune.com	28341	2026-03-10
dhal3.com	9498	2026-09-26
diamonds.net	8812	2024-06-24
dicardiology.com	6390	2026-09-25
digg.com	26484	2026-09-28
diginomica.com	7200	2026-09-15
digit.in	32203	2026-09-28
digitaljournal.com	195309	2026-09-28
digitalsignagetoday.com	5093	2026-09-28
digitalspy.com	88149	2026-09-28
digitaltrends.com	42891	2026-09-03
digitimes.com	30942	2026-09-28
dinamalar.com	35345	2026-09-22
directorstalkinterviews.com	29266	2026-08-04
discoverairdrie.com	17025	2026-09-28
discoverestevan.com	19865	2026-09-28
discovermagazine.com	18473	2026-07-15
dispatch.com	35521	2023-09-11
dispatchlive.co.za	30383	2025-01-25
dissexpress.co.uk	20863	2026-09-28
dissidentvoice.org	9623	2026-03-22
divyabhaskar.co.in	28998	2026-09-26
diymag.com	10961	2026-09-25
djc.com	37959	2026-09-28
djcoregon.com	5745	2026-06-03
djmag.com	12093	2026-09-25
djournal.com	77638	2026-09-27
dl-online.com	31031	2026-09-28
dmagazine.com	16703	2026-09-11
dmnews.com	5560	2026-09-24
dnaindia.com	180911	2026-01-23
dnd.com.pk	16630	2026-09-28
dnews.com	30304	2026-08-30
dnj.com	6738	2023-09-11
dodgeglobe.com	8484	2026-09-28
dohanews.co	6774	2026-08-10
domain-b.com	5336	2026-09-09
dominicanrepublicpost.com	24599	2026-09-28
dominicantoday.com	15100	2026-09-28
doncasterfreepress.co.uk	24323	2025-01-23
donegallive.ie	27845	2026-05-20
donegalnews.com	16836	2026-09-28
doorcountydailynews.com	8189	2026-09-28
dorsetecho.co.uk	155370	2026-09-28
dose.ca	15535	2026-09-28
dothaneagle.com	63562	2026-09-28
dotnews.com	7989	2026-09-24
douglas-budget.com	37151	2026-09-23
downtoearth.org.in	20741	2026-09-28
drapersonline.com	18602	2026-09-28
draytonvalleywesternreview.com	15148	2026-09-27
drbicuspid.com	11808	2025-10-30
dreadcentral.com	17754	2026-09-28
dredgingtoday.com	11661	2026-09-28
drgnews.com	26317	2026-09-28
drive.com.au	41233	2026-05-31
driving.ca	14589	2026-09-26
droid-life.com	7848	2026-09-27
droitwichadvertiser.co.uk	19310	2021-05-03
droitwichstandard.co.uk	10085	2026-09-28
drudge.com	18801	2026-09-28
drugstorenews.com	5369	2025-09-08
dslreports.com	19516	2025-02-26
dtinews.vn	5601	2023-07-17
dtnext.in	7229	2024-12-16
dtnpf.com	9907	2026-09-26
dualshockers.com	28111	2026-09-28
dubaicityguide.com	7145	2026-09-28
dublinlive.ie	7571	2026-03-11
dudleynews.co.uk	129692	2026-09-28
duke.edu	6375	2026-09-25
duke.fm	22822	2026-09-26
dukechronicle.com	8423	2026-07-09
dukefmduluth.com	7915	2025-03-18
duluthnewstribune.com	64864	2026-09-28
dumbartonreporter.co.uk	89942	2026-09-28
duncanbanner.com	13455	2026-09-27
dundalkdemocrat.ie	56109	2026-05-14
dunfermlinepress.com	104773	2026-09-28
dungogchronicle.com.au	56690	2026-09-28
dunmowbroadcast.co.uk	31955	2026-09-28
dunyanews.tv	152440	2026-09-28
dupagepolicyjournal.com	22089	2026-09-27
dupontregistry.com	7662	2026-01-09
durangoherald.com	97119	2026-09-28
durhamregion.com	24335	2026-09-28
dutchnews.nl	22201	2026-09-28
dvidshub.net	16259	2025-01-26
dw.com	122231	2026-09-28
dwell.com	7138	2026-09-26
dynamicbusiness.com	6222	2026-09-12
e-flux.com	10563	2026-09-28
e-know.ca	18001	2026-09-28
eacourier.com	9956	2026-09-28
eadt.co.uk	140629	2026-09-28
eaglecountryonline.com	9478	2026-09-28
eagledayton.com	9358	2026-09-28
eaglesanantonio.com	8965	2026-09-28
eagletimes.com	12955	2025-11-19
eagletribune.com	126429	2026-09-28
ealingtimes.co.uk	115701	2026-09-28
earthquake-report.com	9134	2025-07-21
earthquakenewstoday.com	63211	2025-12-30
earthsky.org	5455	2026-09-28
eastbayri.com	9830	2026-09-28
eastbaytimes.com	79452	2026-09-28
eastbourneherald.co.uk	6199	2022-02-09
eastcountymagazine.org	18886	2026-09-07
easternmirrornagaland.com	37198	2026-09-22
easternontarionetwork.com	44622	2026-06-15
easternriverinachronicle.com.au	95751	2026-09-28
eastidahonews.com	45732	2026-07-09
eastlondonadvertiser.co.uk	36922	2026-09-28
eastlothiancourier.com	107544	2026-09-28
eastoregonian.com	24336	2026-09-28
easttexasradio.com	16848	2026-09-28
eastvalleytribune.com	5916	2026-09-27
easy93.com	5313	2025-06-14
easyreadernews.com	7295	2026-07-25
eater.com	25075	2026-09-26
eaworldview.com	6907	2026-09-27
ebar.com	17369	2025-01-23
ecb.europa.eu	5793	2026-09-28
echo-news.co.uk	179875	2026-09-28
echo.net.au	11542	2025-01-23
echolive.ie	60045	2026-09-28
echonews.com.au	18377	2020-06-29
echopress.com	34036	2026-09-27
ecns.cn	39095	2026-09-23
eco-business.com	11892	2026-09-28
ecofinagency.com	6427	2026-03-19
econintersect.com	7938	2025-01-23
economist.com	30787	2025-09-05
economynext.com	6721	2026-02-28
econotimes.com	90561	2026-09-28
ecr.co.za	45240	2026-09-28
ed.fm	9577	2026-09-28
edenmagnet.com.au	82976	2026-09-28
edge.ca	11088	2026-09-27
edie.net	8412	2025-01-23
editorandpublisher.com	17715	2026-09-28
editorinleaf.com	5426	2026-09-28
edmonton.ctvnews.ca	26612	2025-01-23
edmontonexaminer.com	22667	2026-06-29
edmontonjournal.com	38534	2026-09-28
edmontonsun.com	73743	2026-09-28
edp24.co.uk	180681	2026-09-28
edsource.org	6670	2026-06-24
educationtimes.com	11794	2026-09-28
edweek.org	5624	2026-06-03
eejournal.com	10709	2026-09-25
eenadu.net	5152	2026-08-08
eenews.net	41841	2026-09-26
efe.com	19085	2026-04-15
effinghamdailynews.com	16908	2026-09-24
effinghamradio.com	11561	2026-09-28
efinancialcareers.com	6330	2026-09-25
egyptindependent.com	19662	2026-09-28
eham.net	20393	2026-09-28
ehfcl.com	251751	2020-08-27
einnews.com	148652	2024-06-01
ejpress.org	6154	2026-09-28
ekathimerini.com	5808	2020-04-10
el-balad.com	206194	2026-09-28
elclasificado.com	8848	2026-07-16
eldoradonews.com	14713	2026-09-28
electric949.com	8122	2026-09-25
electronicsweekly.com	19456	2026-09-28
electropages.com	10957	2026-09-25
elitedaily.com	16212	2026-09-28
elitetraveler.com	5382	2026-09-28
elkharttruth.com	19376	2026-09-27
elkodaily.com	54637	2026-09-26
elle.com	22301	2026-09-28
elliotlakestandard.ca	48235	2026-09-27
ellsworthamerican.com	9523	2026-09-26
ellwoodcityledger.com	6226	2023-09-11
elmwoodparkschools.org	17893	2022-03-02
elpais.com	24874	2026-09-26
elpasoinc.com	107497	2026-09-28
elpasotimes.com	10448	2023-09-11
elwakt.com	34770	2024-06-08
elystandard.co.uk	40999	2026-09-28
emarketer.com	5636	2026-09-24
emirates247.com	15362	2026-06-10
emissourian.com	13520	2025-09-01
emmetsburgnews.com	5166	2026-09-24
empireofthekop.com	18146	2026-09-28
empireonline.com	11878	2026-09-28
emporiagazette.com	25834	2026-09-27
empr.com	10994	2026-09-26
ems1.com	12932	2026-09-27
en.apa.az	73184	2026-09-28
en.ce.cn	32221	2026-09-28
en.dangcongsan.vn	5991	2024-10-12
en.gmw.cn	7405	2025-07-02
en.kremlin.ru	5703	2026-09-26
en.people.cn	123675	2026-09-28
en.portnews.ru	5371	2026-03-08
en.qantara.de	10657	2023-10-26
en.qdnd.vn	9658	2026-03-18
en.tempo.co	47878	2026-09-28
en.trend.az	72164	2025-07-09
en.vietnamplus.vn	79240	2026-03-16
enca.com	65288	2026-09-28
endocrinologyadvisor.com	8021	2026-09-25
energeticcity.ca	21691	2026-07-21
energy-pedia.com	23876	2026-09-28
energy-storage.news	8113	2026-09-28
energy953.com	10401	2026-08-06
energycentral.com	24116	2025-05-30
energyfm.net	6729	2026-07-31
energyglobal.com	7447	2025-12-09
energylivenews.com	17392	2026-09-28
energyvoice.com	5581	2025-01-10
enewschannels.com	7423	2026-09-26
enewscourier.com	16125	2026-09-27
enfieldindependent.co.uk	97307	2026-09-28
eng.belta.by	41337	2026-03-10
eng.kavkaz-uzel.eu	8732	2026-09-28
eng.lsm.lv	5866	2025-01-02
engadget.com	47849	2026-09-28
engineering.com	6125	2026-09-28
engineeringnews.co.za	38488	2026-07-31
english.news.cn	299925	2026-09-28
english.pravda.ru	8860	2026-09-28
english.radio.cz	19975	2026-09-27
english.republika.mk	10948	2026-09-27
english.vov.vn	15732	2026-03-16
english.wafa.ps	188450	2026-09-28
enidnews.com	39157	2026-09-28
enn.com	13993	2026-09-25
enr.com	5642	2026-09-28
enrsi.rtvs.sk	5287	2025-01-19
enstarz.com	28325	2026-09-27
enterprisenews.com	7137	2023-09-11
enterprisepub.com	5529	2026-09-24
entornointeligente.com	10147	2026-09-23
entrepreneur.com	10068	2026-09-26
envirotech-online.com	5000	2025-08-14
enviweb.cz	6581	2026-07-14
eonline.com	85106	2026-09-28
ephotozine.com	35871	2025-11-18
eppingforestguardian.co.uk	98285	2026-09-28
eptrail.com	13123	2026-09-28
epw.in	9954	2026-09-26
equibase.com	25375	2026-04-29
equipmentworld.com	5145	2026-05-28
equitybulls.com	76582	2026-09-28
erienewsnow.com	93542	2026-09-28
escapistmagazine.com	8261	2026-06-09
esmmagazine.com	11476	2026-09-28
espn.com	59087	2026-03-19
esquire.com	31017	2026-09-28
essence.com	30981	2026-07-07
essexlive.news	5571	2026-07-02
estevanmercury.ca	31586	2021-07-29
etcanada.com	13319	2023-10-30
eteknix.com	18564	2026-09-28
etfdailynews.com	228558	2025-10-07
etftrends.com	32437	2026-08-03
ethanolproducer.com	8131	2026-09-27
etnow.com	11304	2026-09-28
etonline.com	71395	2026-03-25
eturbonews.com	153793	2026-06-28
eubusiness.com	5010	2026-09-25
eugenedailynews.com	6102	2024-08-21
euobserver.com	13657	2026-09-28
euractiv.com	39817	2026-01-22
eurasiareview.com	41463	2026-09-28
eurekalert.org	75874	2026-09-25
eureporter.co	11352	2026-06-18
euro-petrole.com	8278	2026-09-28
eurogamer.net	42998	2026-09-28
euronews.com	110803	2026-09-28
europapress.es	9026	2026-09-23
europeanpharmaceuticalreview.com	5123	2026-03-26
europeantour.com	5282	2025-06-12
europesun.com	178364	2026-09-28
eurovoix.com	11595	2026-09-27
euroweeklynews.com	6756	2026-03-19
eurweb.com	32057	2026-09-28
evanstonnow.com	9370	2026-09-28
eveningexpress.co.uk	107905	2021-11-08
eveningnews24.co.uk	104535	2026-09-28
eveningtelegraph.co.uk	66368	2021-09-22
eveningtimes.co.uk	5790	2023-03-07
eveningtribune.com	7512	2023-09-11
eventhubs.com	16264	2026-09-28
evertiq.com	8743	2026-09-28
everydayhealth.com	6885	2026-09-26
everything2.com	36374	2026-01-01
eveshamjournal.co.uk	113119	2026-09-28
evo.co.uk	5786	2026-09-27
ew.com	37810	2026-03-17
ewn.co.za	109420	2026-09-28
ewnews.com	5168	2023-02-02
ewrestlingnews.com	80712	2025-07-14
examiner.com.au	83786	2026-09-28
examiner.net	9543	2026-09-26
excelsio.net	6991	2026-09-26
exchangerates.org.uk	12962	2025-11-03
exclaim.ca	27773	2026-09-27
executivebiz.com	8858	2026-09-17
executivegov.com	9344	2026-09-25
exetertoday.ca	10246	2026-09-28
expatforum.com	5471	2026-01-22
expertclick.com	11588	2026-09-25
expertreviews.co.uk	10224	2026-09-28
exploreseiowa.com	26330	2026-03-30
explosion.com	5534	2026-09-26
express.co.uk	406928	2026-09-28
expressandstar.com	67218	2026-03-26
expressnews.com	67773	2025-08-28
extra.ie	5396	2026-03-14
extralunchmoney.com	14998	2024-09-26
extratime.com	7732	2025-09-09
extratv.com	6098	2026-09-28
extremetech.com	8332	2025-01-22
eyeonannapolis.net	17707	2026-09-28
eyeontaiwan.com	5141	2023-03-22
eyeradio.org	17260	2026-09-28
f4wonline.com	34794	2026-09-18
faceofmalawi.com	45267	2026-09-28
fairfaxtimes.com	11053	2026-09-28
fairfieldcitizenonline.com	69732	2022-03-01
fairfieldsuntimes.com	44913	2026-09-28
fairmontsentinel.com	9910	2026-09-26
fairviewpost.com	13364	2026-09-27
falkirkherald.co.uk	16511	2025-01-23
falmouthpacket.co.uk	135238	2026-09-28
famagusta-gazette.com	18052	2025-12-06
familydestinationsguide.com	9807	2026-03-19
famoushookups.com	22648	2025-04-17
fandompost.com	50583	2026-09-02
fangoria.com	7995	2026-07-30
fangraphs.com	27455	2026-09-26
fansided.com	54151	2026-09-28
fantasypros.com	7629	2025-08-19
faribaultcountyregister.com	16384	2026-09-27
fark.com	5825	2026-07-15
farmersjournal.ie	50488	2026-09-14
farminglife.com	11464	2025-01-23
farminguk.com	14674	2026-09-28
farmprogress.com	14728	2024-08-06
farmweekly.com.au	36219	2026-09-28
fastcasual.com	9584	2026-09-28
fastcompany.com	6912	2026-06-28
fauquier.com	6250	2026-09-02
fauquiernow.com	6592	2026-08-28
fayettetribune.com	6257	2026-09-21
fayobserver.com	12278	2023-09-11
faz.net	6154	2026-08-07
fbcnews.com.fj	8735	2026-03-19
fbherald.com	33806	2026-09-25
fdlreporter.com	8392	2023-09-11
feedstuffs.com	9101	2024-11-15
femalefirst.co.uk	40127	2026-09-28
femina.in	9396	2026-09-28
fenlandcitizen.co.uk	22107	2026-09-28
fermanaghherald.com	9821	2026-09-28
fftimes.com	9155	2026-09-25
fhtimes.com	13218	2026-09-28
fibre2fashion.com	15979	2026-06-02
fiercebiotech.com	5697	2026-09-28
fiercepharma.com	5647	2026-08-24
fifetoday.co.uk	14548	2025-01-23
fijilive.com	17738	2025-04-23
fijisun.com.fj	18069	2026-09-28
fijitimes.com	45574	2023-11-30
fijivillage.com	48566	2026-09-28
file770.com	21496	2026-09-28
fillmorecountyjournal.com	7850	2026-09-23
film-news.co.uk	53455	2026-09-28
filmfare.com	23866	2026-09-28
filmibeat.com	50240	2026-09-28
fin24.com	6131	2020-06-05
finance-commerce.com	15997	2026-06-03
financial-news.co.uk	12323	2026-09-28
financial-planning.com	11269	2026-09-26
financialbuzz.com	18207	2025-09-03
financialcontent.com	220686	2026-09-28
financialexpress.com	186827	2026-07-15
financialpost.com	51857	2026-09-25
financialstandard.com.au	7425	2025-01-23
finanzen.ch	37996	2026-09-28
finanzen.net	5406	2026-09-16
finanznachrichten.de	784629	2026-09-28
finchannel.com	6595	2026-09-28
finextra.com	9191	2025-12-08
fingerlakes1.com	63677	2026-09-28
finsmes.com	35430	2025-06-09
firehouse.com	7619	2026-09-25
firerescue1.com	12408	2026-09-28
firetrench.com	6866	2021-10-26
firstalert4.com	21451	2026-09-28
firstalert7.com	6266	2026-09-28
firstcoastnews.com	63319	2026-06-05
firstcomicsnews.com	20917	2026-09-28
firstlightradio.com	26626	2024-02-14
firstpost.com	146450	2026-03-17
firstshowing.net	12552	2026-09-28
fitsnews.com	6336	2026-09-27
fitzhugh.ca	40958	2025-08-29
flaglerlive.com	13956	2026-09-28
flagpole.com	6054	2026-05-20
flanews.com	6192	2025-11-07
flcourier.com	8239	2026-09-28
fleetnews.co.uk	7396	2026-07-24
fleetworld.co.uk	7143	2026-09-21
flickeringmyth.com	32993	2026-09-28
flightaware.com	9179	2026-08-13
flightglobal.com	22918	2026-09-28
floppingaces.net	14162	2026-02-11
floridanewswire.com	8805	2026-09-22
floridapolitics.com	10589	2026-04-06
floridastatesman.com	64132	2026-09-28
floridatoday.com	13611	2023-09-11
floridatrend.com	5440	2026-09-28
floridaweekly.com	16364	2026-09-28
floydct.com	16283	2026-09-28
fltimes.com	23559	2026-09-27
fluther.com	16680	2026-09-27
fly92.com	5428	2026-09-26
flyingmag.com	9593	2026-09-25
fm104.ie	17302	2026-09-27
fm96.com	8141	2026-09-28
fm99.com	6037	2026-09-28
fnarena.com	17895	2026-06-17
focusdailynews.com	7028	2026-09-27
focustaiwan.tw	61748	2026-09-28
fohonline.com	5443	2026-09-25
fonearena.com	19405	2026-09-28
fontanaheraldnews.com	11943	2026-09-26
foodandwine.com	5391	2026-02-23
foodbev.com	9819	2026-09-28
fooddive.com	7335	2026-09-28
foodista.com	14756	2026-08-05
foodmanufacture.co.uk	7702	2026-09-28
foodnavigator-usa.com	7309	2026-07-08
foodnavigator.com	7532	2026-09-28
foodsafetynews.com	5408	2026-09-28
fool.ca	50441	2026-06-04
fool.co.uk	40206	2026-05-12
fool.com	376720	2026-09-28
fool.com.au	49200	2026-06-04
football.london	13513	2023-02-02
football365.com	5098	2023-02-02
footwearnews.com	13853	2025-05-13
forbes.com	626167	2026-09-28
forbesadvocate.com.au	27407	2026-09-28
forbesindia.com	9900	2026-09-28
forcechange.com	8484	2026-09-27
forconstructionpros.com	13234	2025-12-29
ford-trucks.com	36815	2025-08-25
foreignaffairs.co.nz	50515	2025-01-23
foreignpolicy.com	17346	2026-09-28
forexcrunch.com	25701	2026-09-24
forexlive.com	77319	2025-07-19
forextv.com	134608	2025-08-05
forimmediaterelease.net	5726	2026-09-28
formula1.com	18457	2026-09-28
forsythnews.com	7010	2026-09-28
fortmcmurraytoday.com	14548	2026-09-27
fortmorgantimes.com	33296	2026-09-28
fortsaskatchewanrecord.com	15483	2026-09-27
fortune.com	46443	2026-09-28
fortworthbusiness.com	9285	2026-09-25
forward.com	24830	2026-09-03
fosters.com	9701	2023-09-11
foundry-planet.com	5235	2026-09-28
fourfourtwo.com	26235	2026-09-28
fox1023.com	18042	2026-09-28
fox10phoenix.com	92490	2026-09-28
fox10tv.com	36597	2026-09-28
fox11online.com	45804	2026-09-28
fox13memphis.com	39696	2026-09-28
fox13news.com	59107	2026-09-28
fox13now.com	36258	2026-09-28
fox13seattle.com	28299	2026-09-28
fox17.com	41339	2026-09-28
fox17online.com	64466	2026-09-28
fox19.com	38766	2026-09-28
fox21online.com	32510	2026-09-28
fox23.com	37100	2026-09-28
fox23maine.com	49406	2026-09-28
fox26houston.com	69345	2026-09-28
fox29.com	77220	2026-09-28
fox2detroit.com	55981	2026-09-28
fox2now.com	9453	2025-07-02
fox32chicago.com	90396	2026-09-28
fox34.com	28123	2026-09-28
fox35orlando.com	94043	2026-09-28
fox40.com	5235	2025-07-03
fox42kptm.com	8789	2026-09-28
fox43.com	71906	2026-06-25
fox4beaumont.com	33262	2026-09-28
fox4kc.com	7267	2025-07-02
fox4news.com	61550	2026-09-28
fox56.com	38486	2026-09-28
fox59.com	7441	2025-11-18
fox5atlanta.com	95272	2026-09-28
fox5dc.com	65564	2026-09-28
fox5ny.com	70738	2026-09-28
fox5vegas.com	24827	2026-09-28
fox61.com	63743	2026-06-06
fox6now.com	86023	2026-09-28
fox7austin.com	74046	2026-09-28
fox8.com	7734	2026-05-31
fox8live.com	31757	2026-09-28
fox8tv.com	13768	2026-09-25
fox9.com	55547	2026-09-28
fox969.com	20120	2026-09-28
foxbaltimore.com	50073	2026-09-28
foxbangor.com	61559	2026-09-27
foxbusiness.com	77299	2026-09-28
foxcarolina.com	32629	2026-09-28
foxcincinnati.com	9356	2026-09-27
foxillinois.com	29608	2026-09-27
foxla.com	69318	2026-09-28
foxnews.com	378558	2026-09-28
foxradiook.com	11447	2026-08-18
foxreno.com	32500	2026-09-28
foxrochester.com	28723	2026-09-28
foxsanantonio.com	50019	2026-09-28
foxsports.com.au	6342	2023-07-05
foxtel.com.au	12344	2026-09-23
foxwilmington.com	41383	2026-09-28
foxy99.com	14394	2026-09-27
france24.com	167191	2026-02-12
franklinfavorite.com	27598	2026-09-26
frasercoastchronicle.com.au	46313	2021-04-28
fredericknewspost.com	42091	2026-09-28
fredericksburg.com	57275	2026-09-27
freebeacon.com	20811	2026-09-28
freedom929.com	10267	2026-09-09
freedom95.us	6437	2026-09-24
freedom970.com	7980	2026-09-22
freemalaysiatoday.com	103863	2026-09-28
freep.com	46354	2024-06-25
freepressjournal.in	446766	2026-09-28
freepressseries.co.uk	92921	2026-09-28
freerepublic.com	484977	2026-09-28
freestonecountytimesonline.com	5286	2026-08-31
freethoughtblogs.com	6742	2026-09-28
freightwaves.com	6759	2026-01-21
freightweek.org	5294	2026-09-25
fremonttribune.com	72385	2026-09-28
freshfruitportal.com	9441	2026-09-25
freshplaza.com	84205	2026-09-28
fresnobee.com	5973	2024-07-17
frieze.com	5071	2026-01-28
froggy1003.com	11426	2026-09-27
froggy929.com	10680	2025-05-24
froggyweb.com	27103	2026-09-28
frontiersman.com	8570	2026-09-26
frontpageafricaonline.com	26530	2026-09-28
frontpagemag.com	21141	2026-05-29
fruitnet.com	10024	2025-09-04
ft.com	12476	2026-02-05
ft.lk	47960	2026-09-28
ftadviser.com	14970	2026-09-08
ftnnews.com	15128	2026-06-04
ftvlive.com	13193	2026-09-28
fudzilla.com	5476	2026-01-06
fukuoka-now.com	6205	2026-09-28
fultonsun.com	11938	2026-09-28
fun107.com	26925	2026-09-28
funds-europe.com	7942	2026-09-28
fundsforngos.org	24989	2026-09-16
funkytaurusmedia.com	148264	2026-09-28
furninfo.com	7158	2025-09-04
furnituretoday.com	11167	2026-06-04
futaa.com	15659	2020-11-27
futurity.org	10497	2026-09-27
fwi.co.uk	19666	2026-09-28
fwweekly.com	5782	2026-09-24
fxempire.com	10506	2026-03-09
fxstreet.com	125442	2026-03-05
gadget.co.za	7103	2026-09-28
gadgetsmagazine.com.ph	6360	2026-09-28
gadsdentimes.com	8135	2023-09-11
gainesville.com	15883	2023-09-11
gainesvilleregister.com	6901	2026-09-25
gainesvilletimes.com	11517	2026-09-26
galesburg.com	6937	2023-09-11
galusaustralis.com	7671	2020-08-18
galvnews.com	42265	2026-09-28
galwaybayfm.ie	22044	2026-09-28
gamasutra.com	12921	2022-06-24
gamenguide.com	6898	2026-09-25
gamepur.com	22146	2024-08-14
gamerant.com	134413	2026-09-28
gameranx.com	19345	2026-09-28
gamereactor.eu	24992	2026-09-28
gamerevolution.com	10473	2026-09-23
gamesindustry.biz	19432	2026-09-28
gamespot.com	45822	2026-01-20
gamesradar.com	66178	2026-09-28
gamewatcher.com	5279	2026-09-07
gamingbolt.com	20028	2026-09-27
gamingintelligence.com	5476	2026-09-28
gananoquereporter.com	40328	2026-08-29
ganggreennation.com	8506	2026-09-28
gardenandgun.com	5211	2026-09-22
garoweonline.com	7936	2026-09-28
gasgoo.com	16927	2026-09-28
gastongazette.com	9600	2023-09-11
gasworld.com	10705	2026-05-24
gator995.com	17982	2026-09-28
gattonstar.com.au	44798	2021-04-28
gaytimes.co.uk	10016	2024-05-06
gazetaexpress.com	24763	2026-08-05
gazette-news.co.uk	149755	2026-09-28
gazette.com	191240	2026-09-28
gazetteandherald.co.uk	121605	2026-09-28
gazetteherald.co.uk	146934	2026-09-28
gazettejournal.net	6399	2026-09-23
gazettelive.co.uk	94063	2026-09-28
gazettenet.com	37415	2026-09-28
gazetteseries.co.uk	118955	2026-09-28
gazettetimes.com	49380	2026-09-26
gazettextra.com	54648	2026-09-28
gbtribune.com	13213	2026-09-25
gcaptain.com	19710	2026-09-27
gcmaz.com	13004	2026-09-27
gctelegram.com	8453	2026-09-24
gdnonline.com	174821	2026-09-28
gds.ro	6100	2024-11-05
gearjunkie.com	12055	2026-08-14
geekwire.com	13044	2026-08-20
geeky-gadgets.com	48625	2026-08-25
geekzone.co.nz	7515	2026-09-26
geelongadvertiser.com.au	108867	2026-09-28
geneamusings.com	9564	2026-09-27
genengnews.com	9392	2026-06-04
geneticliteracyproject.org	10187	2026-03-20
geo.tv	156470	2026-09-28
geograph.org.uk	6215	2024-07-13
georgeherald.com	32807	2026-09-28
georgiatoday.ge	15937	2026-09-28
geosuper.tv	35698	2026-09-28
getreading.co.uk	50971	2024-05-03
getreligion.org	6582	2024-02-02
getsurrey.co.uk	90403	2026-09-28
gettysburgtimes.com	31757	2026-09-28
ggrasia.com	7764	2026-06-29
ghanafa.org	6894	2026-09-28
ghanaiantimes.com.gh	43426	2026-09-28
ghanamma.com	123759	2026-09-28
ghananewsagency.org	7849	2020-05-06
ghanavisions.com	24639	2026-09-11
ghanaweb.com	247740	2026-03-03
ghettoradio.co.ke	10028	2026-09-28
giants.com	7624	2026-09-27
gigulate.com	36126	2026-05-21
gigwise.com	5816	2026-09-27
gillettenewsrecord.com	39790	2026-09-27
gilmermirror.com	24830	2026-09-28
giornaledibrescia.it	8277	2026-04-11
girlslife.com	6682	2026-09-28
gisborneherald.co.nz	15364	2025-02-04
gisuser.com	10554	2026-09-28
github.com	10579	2026-09-28
gizbot.com	5744	2026-07-23
gizchina.com	41329	2026-09-28
gizmochina.com	11012	2026-03-19
gizmodo.co.uk	9499	2020-09-09
gizmodo.com	57542	2026-09-28
gizmodo.com.au	32551	2024-07-11
gjsentinel.com	107946	2026-09-28
gladstoneobserver.com.au	52613	2021-06-23
glamour.com	14945	2026-09-27
glamsham.com	62193	2026-09-28
glasgowtimes.co.uk	195027	2026-09-28
glasgowworld.com	9356	2025-01-23
glassonweb.com	9152	2026-09-28
gleninnesexaminer.com.au	48036	2026-09-28
glidemagazine.com	8706	2026-09-26
globalbankingandfinance.com	7320	2026-08-24
globalcapital.com	15451	2025-10-20
globalcement.com	8227	2026-09-25
globalissues.org	10344	2026-09-28
globalnews.ca	153528	2026-09-28
globalsecurity.org	149093	2026-09-28
globalsistersreport.org	6135	2026-09-28
globaltimes.cn	59569	2026-09-28
globalvoices.org	7122	2026-09-28
globegazette.com	55392	2026-09-27
globenewswire.com	285961	2025-11-14
globes.co.il	15862	2026-09-28
gloucesteradvocate.com.au	61941	2026-09-28
gloucestershirelive.co.uk	11049	2026-05-13
gloucestertimes.com	34612	2026-09-28
gmanetwork.com	22387	2026-07-19
gmatclub.com	29293	2025-11-20
gmauthority.com	17532	2025-11-18
gmenhq.com	6712	2026-09-28
gna.org.gh	11444	2026-02-22
gnnliberia.com	14216	2026-09-28
go.com	359868	2026-02-10
go955.com	17481	2024-10-08
goal.com	111252	2026-03-19
gobankingrates.com	23064	2026-09-25
gocomics.com	23592	2025-08-13
gocountry105.com	11011	2026-09-25
godanriver.com	49579	2026-09-22
goderichsignalstar.com	23255	2026-09-19
goerie.com	15023	2023-09-11
goldcoastbulletin.com.au	141462	2024-07-30
goldderby.com	20669	2026-09-28
goldseiten.de	22114	2026-03-23
golocalprov.com	16443	2026-07-21
goodereader.com	5523	2026-09-27
goodhousekeeping.com	18916	2026-09-28
goodmenproject.com	69387	2025-01-23
gopusa.com	16072	2025-01-21
gosanangelo.com	5421	2023-09-11
goshennews.com	83713	2026-09-27
goskagit.com	268424	2026-09-28
goss.ie	42704	2026-09-28
gossipcop.com	5937	2021-09-01
gothamist.com	22895	2026-09-28
goulburnpost.com.au	97147	2026-09-28
goupstate.com	13769	2026-05-17
gov.ie	5002	2026-09-21
gov.uk	111066	2026-09-28
govconwire.com	8883	2026-09-28
governing.com	14090	2026-09-28
governorswindenergycoalition.org	7110	2026-09-28
govexec.com	12489	2026-09-25
govinfosecurity.com	16305	2026-09-28
govtech.com	21190	2026-09-27
gowatertown.net	27584	2026-09-28
gpb.org	15065	2026-09-27
gponline.com	5504	2026-07-02
gq-magazine.co.uk	12831	2026-09-27
gq.co.za	5528	2026-09-28
gq.com	13074	2026-09-26
gqindia.com	9905	2026-09-24
grainews.ca	6978	2025-05-22
grandforksgazette.ca	29661	2026-09-28
grandforksherald.com	74262	2026-09-28
grandhaventribune.com	18775	2026-09-28
grandprix.com	9865	2026-09-28
grandprix247.com	19959	2026-09-28
grandrapidsmn.com	32475	2026-09-28
granthamjournal.co.uk	6444	2023-12-04
graphic.com.gh	62240	2026-09-28
gratefulweb.com	24763	2026-09-27
graziadaily.co.uk	5049	2026-02-03
grbj.com	6001	2023-04-15
greanvillepost.com	9208	2026-09-27
great98.net	10150	2022-09-19
greatbendpost.com	36002	2026-09-28
greaterbelize.com	6616	2026-09-27
greatfallstribune.com	6218	2023-09-08
greatlakesadvocate.com.au	61500	2026-09-28
greekcitytimes.com	18898	2026-03-10
greekherald.com	64004	2026-09-28
greekreporter.com	30344	2026-06-07
greeleytribune.com	38476	2026-09-28
greenbaypressgazette.com	11617	2023-09-11
greencarcongress.com	11692	2024-07-30
greenevillesun.com	20455	2026-09-28
greenfieldreporter.com	43235	2025-05-15
greenleft.org.au	8207	2026-09-28
greenocktelegraph.co.uk	130020	2026-09-28
greensboro.com	56431	2026-09-27
greensburgdailynews.com	40185	2026-09-26
greenvilleonline.com	6965	2023-09-11
greenwichfreepress.com	7176	2026-09-27
greenwichtime.com	135194	2025-06-12
grenadachronicle.com	18907	2026-09-28
grenfellrecord.com.au	26185	2026-09-28
grimsbytelegraph.co.uk	78466	2026-09-28
grmdaily.com	11485	2026-06-28
groove993.com	11369	2026-06-19
ground.news	19048	2025-01-25
groundup.org.za	8781	2026-09-28
gsmarena.com	44002	2026-09-28
guampdn.com	52183	2026-09-28
guardian-series.co.uk	98750	2026-09-28
guardian.co.tt	48631	2026-09-28
guardian.ng	78980	2026-04-05
guelphmercury.com	10286	2026-09-28
guernicamag.com	7460	2026-09-26
guernseypress.com	80364	2026-09-28
guitarworld.com	17296	2026-09-28
gulf-times.com	55771	2026-09-28
gulf104.com	21764	2026-09-27
gulfbusiness.com	19994	2026-04-03
gulfcoastmedia.com	8198	2026-09-26
gulfcoastnewsnow.com	26575	2026-09-28
gulfnews.com	197482	2026-09-28
gulftoday.ae	52129	2026-03-19
gulte.com	41960	2026-09-28
gurlstudio.com	5527	2023-02-20
gurufocus.com	19152	2026-07-11
guyanachronicle.com	6750	2020-07-23
gvnews.com	8971	2026-09-25
gwdtoday.com	125393	2025-11-04
gwhatchet.com	8795	2026-09-28
gwinnettdailypost.com	84630	2026-09-27
gx94radio.com	27103	2026-09-28
gympietimes.com.au	53769	2021-04-28
haaretz.com	65615	2026-09-28
haberler.com	9534	2026-08-25
haberx.com	6873	2025-09-08
habseyesontheprize.com	6639	2026-09-27
hackaday.com	11383	2026-09-28
hackneygazette.co.uk	30598	2026-09-28
haitilibre.com	10162	2026-09-27
haitisun.com	50760	2026-09-28
halesowennews.co.uk	142920	2026-09-28
halfwheel.com	11605	2026-09-28
halifax.citynews.ca	6698	2025-10-14
halifaxcourier.co.uk	18225	2025-01-23
haligonia.ca	5488	2026-09-26
hallmarknews.com	16591	2026-09-28
halsteadgazette.co.uk	126152	2026-09-28
hamhigh.co.uk	56916	2026-09-28
hamlethub.com	14765	2026-09-28
hamodia.com	8109	2023-02-02
hampshirechronicle.co.uk	150245	2026-09-28
hampshirereview.com	7585	2026-09-25
hancinema.net	58393	2026-09-16
hanfordsentinel.com	25851	2026-09-28
hani.co.kr	12232	2026-09-28
hannaherald.com	8945	2026-09-27
hannibal.net	11561	2026-09-28
hannity.com	16708	2026-08-05
hapakenya.com	9304	2026-09-28
hapblog.com	8337	2025-05-22
harboroughmail.co.uk	11120	2025-01-23
hardcoregamer.com	13404	2026-09-28
hardenexpress.com.au	48539	2026-09-28
hardwoodparoxysm.com	9008	2026-09-28
harnesslink.com	28265	2026-09-28
harpersbazaar.com	25386	2026-09-28
harringayonline.com	47494	2026-09-28
harrisondaily.com	22319	2026-09-27
harrogate-news.co.uk	6300	2026-09-28
harrogateadvertiser.co.uk	15619	2025-01-23
harrowtimes.co.uk	96291	2026-09-28
hartenergy.com	8026	2025-09-18
hartfordbusiness.com	21335	2026-09-28
hartfordcitynewstimes.com	37133	2026-09-26
hartlepoolmail.co.uk	13236	2025-01-23
harvard.edu	14397	2026-09-26
harwichandmanningtreestandard.co.uk	129372	2026-09-28
hauraki.co.nz	9277	2026-09-28
havanatimes.org	7052	2026-09-28
havasunews.com	37424	2026-09-28
havredailynews.com	12009	2026-07-19
hawaii.edu	8826	2026-09-26
hawaiinewsnow.com	44180	2026-09-28
hawaiipublicradio.org	26814	2026-09-27
hawaiitelegraph.com	125201	2026-09-28
hawaiitribune-herald.com	19512	2026-09-27
hawkesburygazette.com.au	56749	2025-07-28
hayspost.com	33767	2026-09-28
hazard-herald.com	28254	2026-09-28
hcamag.com	10592	2026-09-28
hccommunityjournal.com	9844	2026-09-28
hcplive.com	11811	2026-03-27
hd983.com	16151	2026-07-03
hdnews.net	6730	2026-09-26
headlineplanet.com	8769	2026-09-28
healio.com	39487	2026-09-28
health.com	6689	2026-03-17
healthcanal.com	7276	2025-02-04
healthcaredive.com	7981	2026-09-28
healthcarefinancenews.com	5465	2026-06-03
healthcareitnews.com	14929	2026-06-04
healthday.com	6713	2026-09-25
healthleadersmedia.com	15931	2026-06-30
heart.co.uk	21264	2026-09-28
heartfm.ca	13830	2026-09-28
heaven1460.com	9106	2026-09-21
heavy.com	23260	2026-06-18
hedgeweek.com	6242	2026-09-25
helenair.com	64222	2026-09-27
helihub.com	5597	2024-07-26
hellenicshippingnews.com	163036	2026-09-28
hellobeautiful.com	5547	2026-09-28
hellomagazine.com	109175	2026-09-28
helsinkitimes.fi	6589	2026-09-28
hemeltoday.co.uk	10711	2025-01-23
hendersondispatch.com	16121	2026-09-26
hendersonvillelightning.com	6432	2026-09-26
henleystandard.co.uk	11162	2026-09-28
henricocitizen.com	6516	2026-09-28
henryherald.com	63910	2026-09-19
hepburnadvocate.com.au	50132	2026-09-28
her.ie	53028	2026-06-26
herald-citizen.com	11744	2026-09-28
herald-dispatch.com	53894	2026-09-28
herald-review.com	67911	2026-09-25
herald-zeitung.com	14574	2026-09-26
herald.co.zw	61471	2025-01-23
heraldandnews.com	23139	2026-09-26
heraldbanner.com	8847	2026-09-27
heraldbulletin.com	61626	2026-09-27
heraldcourier.com	40964	2026-09-19
heralddemocrat.com	9161	2026-09-21
heraldextra.com	19833	2026-09-28
heraldglobe.com	157674	2026-09-28
heraldgoa.in	15885	2026-09-21
heraldlive.co.za	30798	2025-01-25
heraldmailmedia.com	43614	2023-09-11
heraldmalaysia.com	22801	2026-03-11
heraldnet.com	18610	2026-09-28
heraldnews.com	11208	2023-09-11
heraldpalladium.com	36737	2026-09-28
heraldscotland.com	149964	2026-09-28
heraldseries.co.uk	136721	2026-09-28
heraldstandard.com	20181	2026-09-28
heraldstaronline.com	21130	2026-09-28
heraldsun.com.au	122647	2024-07-31
heraldtribune.com	22337	2023-09-11
herefordtimes.com	69410	2026-09-28
heritage.org	39651	2026-09-11
heritagefl.com	10251	2026-09-24
hermistonherald.com	7710	2026-09-26
hertfordshiremercury.co.uk	22775	2025-11-04
hertsad.co.uk	40115	2026-09-28
hexham-courant.co.uk	131288	2026-09-28
hexus.net	6999	2025-02-25
hiawathaworldonline.com	37477	2026-09-23
hickoryrecord.com	49289	2026-09-26
hiddenremote.com	6576	2026-09-27
highlandcountypress.com	25039	2026-09-28
highlandradio.com	54971	2026-09-28
highrivertimes.com	9167	2026-09-27
highschoolot.com	5778	2026-09-25
highsnobiety.com	22199	2026-09-28
highway989.com	9766	2026-09-17
hillingdontimes.co.uk	121999	2026-09-28
hillsdale.net	5253	2023-09-11
hilltimes.com	8533	2026-09-28
hindi.cri.cn	11082	2026-09-28
hindustantimes.com	532014	2026-09-28
hiphopdx.com	39549	2026-05-18
hiphopnc.com	12279	2026-09-28
hiphopwired.com	12067	2026-09-27
hirunews.lk	7226	2026-03-05
history.com	12461	2026-09-27
historyextra.com	5398	2026-09-27
hitc.com	92815	2026-09-28
hitconsultant.net	9550	2026-09-25
hits1053sanantonio.com	7030	2026-09-25
hits96.com	18374	2026-09-24
hits973.com	10130	2026-09-26
hitsfm.net	45229	2026-09-26
hjnews.com	24698	2026-09-28
hltv.org	128348	2025-08-12
hngn.com	52172	2026-09-28
hngnews.com	44800	2026-09-28
hoganstand.com	26805	2026-09-28
hogshaven.com	10109	2026-09-28
hola.com	24786	2026-09-28
hollandsentinel.com	16685	2023-09-10
hollywoodlife.com	31576	2026-08-05
hollywoodreporter.com	72640	2026-09-28
homelandsecuritynewswire.com	9451	2026-09-27
homenewshere.com	66652	2026-09-28
homernews.com	5302	2026-09-27
hometownregister.com	117208	2026-09-28
hometownsource.com	77646	2026-09-28
hometownstation.com	24494	2026-09-28
hometownstations.com	72410	2026-09-28
hongkongherald.com	48421	2026-09-28
honisoit.com	6670	2026-09-28
honolulumagazine.com	9798	2026-09-27
hoodline.com	5815	2025-01-23
hopestandard.com	39140	2026-09-28
horseandhound.co.uk	18799	2026-09-28
hortweek.com	23116	2026-07-02
hospitalitydesign.com	5914	2026-08-17
hospitalitynet.org	56909	2026-06-29
hot101.com	10834	2026-09-28
hot1017.com	6653	2025-01-24
hot1029.com	15270	2026-09-24
hot1033.com	9575	2026-09-28
hot1047.com	28625	2026-09-28
hot105fm.com	7199	2026-09-25
hot1077radio.com	9114	2026-09-28
hot96.com	35709	2026-09-28
hot967.fm	5584	2023-03-17
hot967fm.com	26884	2026-09-25
hot969boston.com	25666	2026-09-28
hot97.com	17588	2026-09-28
hot975fm.com	17048	2026-09-28
hotair.com	93339	2026-09-28
hotaugusta.com	15448	2026-09-28
hotcountrybull.com	7573	2024-01-26
hoteliermiddleeast.com	7467	2023-03-21
hotelnewsresource.com	11491	2026-09-26
hotelscombined.com	6034	2026-09-19
hothardware.com	11948	2026-09-27
hotpress.com	16523	2026-09-28
hotspotatl.com	11280	2026-09-28
houmatoday.com	11760	2023-09-11
houseandgarden.co.uk	6507	2026-09-28
housebeautiful.com	11647	2026-09-27
housingwire.com	17055	2026-09-28
houstonchronicle.com	122357	2025-07-23
houstonherald.com	13333	2026-09-28
houstoniamag.com	5753	2026-09-28
houstonianonline.com	8925	2026-09-03
houstonpress.com	7942	2026-09-28
houstonpublicmedia.org	30296	2026-09-28
houstontexans.com	5342	2026-09-20
howestreet.com	11006	2026-08-18
howstuffworks.com	14191	2026-04-20
howtogeek.com	31885	2026-09-28
hpcwire.com	13520	2026-08-24
hpherald.com	5686	2026-09-25
hpj.com	14858	2026-09-27
hppr.org	50835	2026-09-28
hpr2.org	8519	2021-06-02
hrmagazine.co.uk	19243	2026-05-29
hrreporter.com	6900	2026-09-25
hrw.org	12091	2026-09-27
hsj.co.uk	13651	2025-09-05
htrnews.com	10229	2023-09-11
htsstlucia.org	6352	2026-09-25
htxt.co.za	12320	2026-09-28
hub-4.com	6357	2026-09-27
hubcityradio.com	8046	2026-09-28
hubspot.com	7751	2026-09-23
hucknalldispatch.co.uk	11608	2025-01-23
hudsoncountyview.com	10733	2026-09-12
hudsonreporter.com	7874	2026-04-24
hudsonstarobserver.com	6281	2026-09-28
hudsonvalley360.com	28171	2024-04-23
hudsonvalleycountry.com	44556	2026-09-28
huewire.com	25120	2026-09-16
huffingtonpost.ca	6676	2021-03-09
huffingtonpost.co.uk	41913	2026-09-28
huffpost.com	59787	2026-09-26
hulldailymail.co.uk	103166	2026-09-28
human-wrongs-watch.net	5228	2026-03-01
humanevents.com	9477	2026-09-28
humanitariannews.org	105823	2021-09-28
humanresourcesonline.net	8098	2026-09-28
humboldtjournal.ca	32771	2021-07-29
hungarytoday.hu	25176	2026-09-28
huntspost.co.uk	40864	2026-09-28
hup.hu	6526	2026-09-16
hurriyetdailynews.com	46342	2026-09-28
huskeradio.com	11885	2026-09-02
huskerstoday.com	7252	2026-09-06
hutchnews.com	11848	2023-09-10
hydrocarbonprocessing.com	13906	2026-09-25
hypebeast.com	63481	2026-02-15
hypebot.com	13179	2026-09-28
hyperallergic.com	10443	2026-09-26
i1071.com	8884	2021-04-30
i24news.tv	28277	2026-09-28
i95rock.com	16039	2026-09-28
i95rocks.com	19598	2026-09-26
iafrica.com	22556	2026-09-28
iam-media.com	5328	2026-03-21
ianslive.in	308148	2026-09-28
ibcworldnews.com	25818	2026-09-24
iberianet.com	8444	2022-06-22
iberkshires.com	37540	2026-09-28
iberonews.com	6270	2026-09-28
ibinews.com	10505	2025-09-04
ibj.com	7878	2026-09-28
ibtimes.co.in	59127	2026-09-28
ibtimes.co.uk	79599	2026-09-28
ibtimes.com	195210	2026-09-28
ibtimes.com.au	33722	2026-09-28
ibtimes.sg	7280	2026-09-24
icaew.com	8266	2026-09-28
icenews.is	10033	2026-09-27
iclarified.com	5007	2026-09-28
iconnect007.com	14962	2026-06-11
icsf.net	13419	2026-09-28
idahobusinessreview.com	7707	2026-06-04
idahopress.com	80666	2026-09-28
idahostatejournal.com	95462	2026-09-28
idahostatesman.com	5302	2024-07-30
ideastream.org	20022	2026-09-28
idg.com.au	6314	2023-02-14
idiva.com	19732	2026-09-26
idrw.org	67841	2026-09-28
idsnews.com	12942	2026-09-27
ieyenews.com	17503	2026-03-17
ifa.com.au	6640	2026-06-25
ifamagazine.com	11527	2026-01-16
ifiberone.com	57438	2023-02-15
ifp.co.in	18205	2026-08-31
igamingbusiness.com	15538	2026-09-28
igberetvnews.com	7537	2025-11-26
ign.com	83574	2026-09-28
iheart.com	15510112	2026-09-28
ijpr.org	33521	2026-09-27
ijr.com	5157	2026-03-19
ilfordrecorder.co.uk	30395	2026-09-28
illawarramercury.com.au	102140	2026-09-28
illinoistimes.com	9682	2026-09-26
ilonggotechblog.com	9771	2026-09-23
ilovebobfm.com	10224	2026-09-28
iloveqatar.net	6388	2025-11-27
imemc.org	10547	2026-09-26
imore.com	27836	2025-05-23
imparcialoaxaca.mx	5071	2026-04-01
impartialreporter.com	121029	2026-09-28
imt.ie	6018	2026-09-26
in-cumbria.com	15307	2026-09-28
in.gr	6941	2026-09-26
inc.com	5320	2025-08-22
inc42.com	11305	2024-02-02
indaily.com.au	8422	2025-01-20
indcatholicnews.com	9630	2026-09-28
inddist.com	9485	2025-10-03
indeonline.com	8553	2023-09-11
independantexpress.com	14258	2026-02-17
independent.co.uk	265640	2026-09-28
independent.com	18274	2026-09-28
independent.com.mt	25252	2026-09-28
independent.ie	289738	2026-05-19
independentnews.com	25197	2026-09-27
independentsentinel.com	45911	2026-06-10
independenttribune.com	46502	2026-09-28
india.com	282169	2026-02-23
indiablooms.com	36529	2026-09-28
indiaeducationdiary.in	58705	2026-09-28
indiagazette.com	273253	2026-09-28
indiainfoline.com	12100	2026-09-28
indianagazette.com	5626	2026-03-19
indianapolisrecorder.com	5862	2026-04-02
indianautosblog.com	9032	2026-07-13
indiancooperative.com	14974	2026-09-27
indianewengland.com	28179	2026-09-25
indianexpress.com	484102	2026-07-31
indiankanoon.org	76370	2026-09-27
indiantelevision.com	24132	2025-01-23
indianweekender.co.nz	14854	2026-09-28
indiapost.com	10744	2026-09-21
indiatimes.com	2712592	2026-09-28
indiatoday.in	181286	2026-06-29
indiatvnews.com	127245	2026-07-15
indiawest.com	25524	2026-06-22
indiedb.com	15816	2025-11-16
indiewire.com	16930	2026-09-28
indonesiatribune.com	16888	2026-09-15
industrialinfo.com	10259	2026-09-26
industrytoday.co.uk	5784	2024-08-30
indysmix.com	10877	2026-09-28
indystar.com	25111	2023-09-11
indyweek.com	5238	2026-02-12
inews.co.uk	6841	2026-08-19
inewsgr.com	13597	2026-09-28
inferse.com	6313	2026-09-27
infiniteunknown.net	11693	2025-04-11
infonews.co.nz	8741	2026-09-28
inform.kz	15122	2023-09-17
informationng.com	37776	2026-09-28
informationweek.com	6969	2026-09-25
inforum.com	98352	2026-09-28
infosecurity-magazine.com	11955	2026-09-28
infotechlead.com	7023	2026-09-28
infotel.ca	204502	2026-05-01
infowars.com	37273	2025-06-05
infoworld.com	9648	2026-09-28
inlander.com	13009	2026-09-24
inlandnewstoday.com	17562	2026-09-26
inman.com	20720	2026-07-07
inmaricopa.com	9305	2026-09-28
innovationintextiles.com	5724	2026-09-28
innovationtoronto.com	12603	2025-07-14
inquirer.com	80406	2026-09-28
inquirer.net	248296	2026-09-09
inquisitr.com	72061	2025-05-14
insidebitcoins.com	25630	2026-09-25
insideclimatenews.org	5881	2026-06-23
insideedition.com	15008	2025-09-11
insideevs.com	27870	2026-09-28
insidefutbol.com	18022	2026-09-28
insidefutures.com	7921	2020-12-29
insidehalton.com	13913	2026-09-28
insidehighered.com	9322	2026-05-12
insideindianabusiness.com	21858	2026-09-28
insidelacrosse.com	6347	2024-12-01
insidenova.com	69325	2026-09-28
insideottawavalley.com	9290	2026-09-28
insidepulse.com	7036	2026-09-28
insider.com	15591	2024-01-08
insideretail.asia	9133	2026-09-28
insidermedia.com	8897	2025-01-23
insidermonkey.com	177332	2026-09-28
insidethegames.biz	24663	2024-09-13
insidetheiggles.com	7507	2026-09-28
insightnews.com	6679	2026-09-28
instinctmagazine.com	5557	2026-09-28
institutionalinvestor.com	6333	2025-12-11
instyle.com	18917	2026-03-17
insuranceage.co.uk	7998	2026-09-28
insurancebusinessmag.com	31878	2026-09-28
insuranceinsider.com	7702	2026-09-24
insurancejournal.com	73395	2026-09-28
insurancenewsnet.com	70667	2026-06-04
integra927.com	5224	2024-06-03
intelligencer.ca	52965	2026-09-28
intelligentinsurer.com	11946	2026-09-24
interest.co.nz	14934	2026-09-28
interestingengineering.com	6703	2026-03-19
interfax.com	40978	2026-03-19
interfax.com.ua	63391	2026-09-28
intergameonline.com	15693	2026-05-17
interior-news.com	28540	2026-09-28
interlochenpublicradio.org	36449	2026-09-28
international-adviser.com	8025	2026-09-24
internationaltimes.it	6031	2026-09-26
intouchweekly.com	14667	2026-09-28
intrafish.com	15042	2026-09-28
inverelltimes.com.au	56360	2026-09-28
inverness-courier.co.uk	80508	2026-09-28
investegate.co.uk	558937	2026-09-28
investing.com	84818	2026-03-26
investinglive.com	17288	2026-09-28
investingnews.com	18679	2026-09-25
investmentexecutive.com	18662	2026-08-11
investmentnews.com	16936	2026-09-28
investmentwatchblog.com	57002	2026-09-28
investmentweek.co.uk	18132	2026-09-25
investopedia.com	18705	2026-03-17
investordaily.com.au	10101	2026-06-24
investorideas.com	8386	2026-09-28
investorplace.com	21645	2026-09-25
investors.com	47204	2026-09-28
investorschronicle.co.uk	12696	2026-09-07
invezz.com	37889	2025-09-23
inyourpocket.com	5334	2026-09-05
iol.co.za	227944	2025-01-23
iomtoday.co.im	27841	2026-09-28
iowapublicradio.org	50845	2026-09-28
iowastatedaily.com	7089	2026-09-28
ipe.com	9537	2025-09-04
ipolitics.ca	10831	2025-04-24
ipowerrichmond.com	13932	2026-09-28
ippmedia.com	8175	2025-02-26
ipsnews.net	18209	2026-09-28
ipswichadvertiser.com.au	21261	2020-06-29
ipswichstar.co.uk	95114	2026-09-28
ipwatchdog.com	9350	2026-09-27
iradio.ie	8856	2026-09-28
iranherald.com	70807	2026-09-28
iranoilgas.com	7113	2026-09-28
iraq-businessnews.com	6824	2026-09-28
iraqinews.com	11997	2026-09-13
iraqsun.com	83704	2026-09-28
irasciblemusings.com	20726	2024-01-20
irishamerica.com	6788	2026-07-27
irishcentral.com	19417	2026-09-27
irishdentist.ie	7057	2026-09-28
irishecho.com	5668	2026-09-28
irishexaminer.com	123508	2026-09-28
irishmirror.ie	176688	2026-09-28
irishnews.com	86530	2026-09-28
irishsun.com	49611	2026-09-28
irishtimes.com	226290	2026-09-28
ironmountaindailynews.com	25596	2026-09-28
irrawaddy.com	10690	2025-12-09
irrigator.com.au	54134	2026-09-28
irvinetimes.com	94526	2026-09-28
islamicinvitationturkey.com	12905	2026-09-27
island.lk	54091	2026-07-27
islandpacket.com	5017	2024-07-29
islands.com	25279	2026-09-28
islingtongazette.co.uk	30038	2026-09-28
islingtontribune.co.uk	6331	2026-09-28
ispreview.co.uk	5767	2026-09-28
israelherald.com	38544	2026-09-28
israelnationalnews.com	251704	2026-09-28
israeltoday.co.il	6119	2025-04-16
isthmus.com	15977	2026-09-28
it-online.co.za	83459	2026-09-28
italian.cri.cn	11897	2026-09-28
itbrief.co.nz	14524	2026-09-28
itbusinessnet.com	163074	2026-09-28
itechpost.com	18492	2026-09-28
itemlive.com	12859	2026-09-28
itemonline.com	18013	2026-09-27
ithaca.com	6431	2026-09-26
ithacajournal.com	5125	2023-09-11
itnews.com.au	11552	2026-09-28
itnewsafrica.com	10543	2026-09-27
itnewsonline.com	131433	2026-08-10
itnonline.com	8103	2026-09-25
itp.net	8530	2023-03-21
itpro.co.uk	9219	2023-04-11
itsnicethat.com	7948	2026-09-28
itv.com	100917	2025-06-02
itweb.co.za	14864	2026-09-28
itwire.com	23594	2026-09-28
ivpressonline.com	91742	2026-09-27
iwf.org	6281	2025-09-09
iwradio.co.uk	54490	2026-09-28
j-14.com	5231	2025-08-11
jacarandafm.com	48486	2026-09-28
jacksonprogress-argus.com	67537	2026-09-28
jacksonsun.com	6477	2023-09-11
jacksonville.com	16128	2023-09-11
jacksonvilleprogress.com	10891	2026-09-27
jagonews24.com	28631	2026-04-15
jagranjosh.com	85098	2026-09-28
jaguars.com	7114	2026-09-28
jalopnik.com	26693	2026-09-28
jamaica-gleaner.com	93511	2026-09-28
jamaica-star.com	41194	2026-09-28
jamaicantimes.com	41936	2026-09-28
jamaicaobserver.com	223475	2026-09-28
jambands.com	7244	2026-09-27
jambase.com	11492	2025-12-12
jamestown.org	5258	2026-09-25
jamestownsun.com	53088	2026-09-28
janes.com	20544	2026-09-28
japanherald.com	69491	2026-09-28
japantimes.co.jp	118960	2026-09-25
japantoday.com	74118	2026-09-28
jaxdailyrecord.com	8843	2024-01-03
jaysjournal.com	5365	2026-09-28
jayski.com	6195	2025-01-18
jbhe.com	9524	2026-09-26
jckonline.com	8336	2026-09-25
jcnnewswire.com	17102	2026-09-28
jconline.com	6301	2023-09-10
jcpost.com	28313	2026-09-28
jdnews.com	13073	2026-09-28
jdsupra.com	313287	2026-07-15
jeepforum.com	5241	2026-06-11
jerseyeveningpost.com	82966	2026-09-28
jewishjournal.com	10648	2023-03-03
jewishlink.news	5362	2023-06-17
jewishpress.com	42242	2026-09-28
jewishtimes.com	5349	2026-09-25
jewishworldreview.com	8755	2026-09-28
jezebel.com	10438	2026-09-27
jg-tc.com	57202	2026-09-27
jhnewsandguide.com	18161	2026-09-28
jhu.edu	18721	2026-09-28
jns.org	33899	2026-09-28
joblo.com	39802	2026-07-30
joe.co.uk	22824	2026-04-16
joe.ie	23908	2026-04-15
johnogroat-journal.co.uk	46932	2026-09-28
johnsoncitypress.com	21521	2025-12-16
jonathanturley.org	7795	2026-09-28
joplinglobe.com	90327	2026-09-28
jordantimes.com	57811	2026-09-28
jose947.com	15323	2025-03-13
journal-advocate.com	31586	2026-09-28
journal-news.com	39236	2026-09-28
journal-news.net	28313	2026-09-28
journal-spectator.com	9839	2025-11-25
journal-topics.com	8900	2026-09-26
journal.com.ph	15251	2026-09-25
journalgazette.net	79516	2026-09-28
journalinquirer.com	22390	2023-06-03
journalism.co.uk	5511	2026-09-24
journalismpakistan.com	7380	2026-09-27
journalnow.com	73577	2026-09-26
journalpatriot.com	10460	2026-09-28
journalpioneer.com	22877	2020-11-11
journalrecord.com	37118	2026-06-03
journalreview.com	11215	2026-09-27
journalstandard.com	5432	2023-09-10
journalstar.com	111615	2026-09-28
journaltimes.com	69663	2026-09-26
jowhar.com	8406	2026-09-28
jox2fm.com	41278	2025-07-23
joxfm.com	20379	2026-09-28
joy.org.au	12316	2026-09-28
jpost.com	181315	2026-09-28
jsonline.com	32169	2023-09-11
jta.org	11234	2025-05-12
jtv.com	50642	2026-09-23
jumpradio.ca	7577	2026-09-21
juneauempire.com	8213	2026-09-28
juneesoutherncross.com.au	107019	2026-09-28
juniorminingnetwork.com	21602	2026-09-28
junkee.com	6676	2026-02-19
jurist.org	6889	2026-03-19
just-auto.com	11501	2026-09-25
just-drinks.com	7793	2026-09-28
just-food.com	9104	2026-09-28
just-style.com	9336	2026-09-28
justarsenal.com	18235	2026-09-28
justblogbaby.com	6057	2026-09-28
justice.gov	5015	2025-11-26
justiceinfo.net	9845	2026-09-28
justicenewsflash.com	7822	2026-07-14
justjared.com	612631	2026-09-28
justjaredjr.com	121474	2026-09-28
justmeans.com	17128	2023-01-06
justsecurity.org	5702	2026-09-25
juxtapoz.com	6197	2026-05-13
jweekly.com	11429	2026-09-11
jwire.com.au	13921	2026-09-26
k100country.com	5914	2026-09-27
k101fm.net	41439	2026-04-22
k1047.com	23993	2026-09-28
k105.com	12303	2026-09-26
k12.wi.us	18161	2026-09-17
k2radio.com	26591	2026-09-28
k923orlando.com	9283	2026-09-26
k945.com	38692	2026-09-28
k96fm.com	17705	2026-09-28
k985.com	5843	2020-12-09
k99.com	22777	2026-09-28
k99online.com	6541	2026-01-28
k99wigm.com	8386	2026-09-26
kaaltv.com	75975	2026-03-17
kabc.com	30366	2026-09-27
kachwanya.com	7100	2026-09-25
kacu.org	57434	2026-09-28
kafe.com	5817	2026-09-28
kagstv.com	38121	2026-06-06
kaieteurnewsonline.com	32550	2026-09-27
kait8.com	35245	2026-09-28
kajo.com	5858	2026-09-28
kake.com	52015	2026-09-28
kalb.com	17926	2026-09-27
kalw.org	49464	2026-09-28
kamcity.com	15232	2025-11-18
kamloopsbcnow.com	12533	2026-09-28
kamloopsthisweek.com	20035	2023-10-27
kansascity.com	5375	2024-07-30
kansaspublicradio.org	24456	2026-09-28
kanw.com	37966	2025-07-07
kaok.com	42023	2026-09-27
kare11.com	62042	2026-06-25
karennews.org	7344	2026-09-23
karriere.at	11037	2024-03-25
kashmirlife.net	43861	2026-09-28
kashmirreader.com	51649	2026-09-28
kashmirtimes.com	19739	2026-09-27
kashmirtimes.in	16699	2025-04-18
kasu.org	96835	2026-09-28
katc.com	47394	2026-09-01
katcountry989.com	44905	2026-09-28
katherinetimes.com.au	64566	2026-09-28
kathmandupost.com	29133	2026-09-28
katm.com	6316	2026-09-27
katsfm.com	43797	2026-09-27
katt.com	9450	2026-09-27
katu.com	44963	2026-09-28
katv.com	37079	2026-09-28
kawc.org	64371	2026-09-28
kawowo.com	7693	2026-09-28
kazu.org	68732	2026-09-28
kbat.com	28223	2026-09-28
kbcy.com	5561	2026-09-28
kber.com	8865	2026-09-28
kbew98country.com	5172	2026-09-28
kbft.org	7879	2026-09-23
kbhbradio.com	8708	2025-01-23
kbia.org	38327	2026-09-28
kbnd.com	7637	2026-09-25
kbnwnews.com	5552	2026-09-16
kboo.fm	6988	2026-09-28
kbrx.com	7764	2026-09-13
kbs.co.kr	66106	2026-09-28
kbtt.fm	20149	2026-08-31
kbtx.com	28838	2026-09-28
kbull93.com	13417	2022-09-06
kbur.com	16656	2026-09-24
kbzk.com	39790	2026-09-28
kcbd.com	31234	2026-09-28
kcbx.org	32227	2026-09-28
kcby.com	36405	2026-09-28
kcchronicle.com	7039	2023-05-01
kcci.com	85998	2026-09-28
kccu.org	59039	2026-09-28
kcentv.com	51557	2026-06-06
kcet.org	7715	2023-09-25
kchanews.com	10854	2026-09-26
kciiradio.com	24180	2026-09-26
kclr96fm.com	8915	2026-09-28
kclu.org	47563	2026-09-28
kcra.com	113964	2026-09-28
kcrg.com	37687	2026-09-28
kcrr.com	26875	2026-09-28
kcrw.com	21945	2026-01-30
kctv5.com	42922	2026-09-28
kcur.org	16598	2026-09-27
kdal610.com	12741	2025-09-30
kdat.com	46204	2026-09-28
kdhlradio.com	59814	2026-09-28
kdhnews.com	90935	2026-09-28
kdks.fm	16609	2026-08-31
kdlg.org	17369	2025-01-27
kdminer.com	6684	2026-09-28
kdramastars.com	20675	2026-09-17
kdrv.com	30155	2026-09-28
kdux.com	9746	2026-09-16
kdvr.com	6504	2026-02-17
kdwn.com	7218	2022-11-12
keanradio.com	21186	2026-09-28
kearneyhub.com	50159	2026-09-26
kecofm.com	9030	2026-09-26
kedm.org	57418	2026-09-28
keighleynews.co.uk	133694	2026-09-28
kekbfm.com	34025	2026-09-28
kelo.com	82967	2026-09-28
kelofm.com	18132	2026-09-28
kelownacapnews.com	54827	2026-09-28
kelownadailycourier.ca	61720	2026-09-28
kenoraonline.com	7083	2025-08-25
kenoshanews.com	7298	2025-08-27
kens5.com	72133	2026-06-05
kentlive.news	5708	2026-07-02
kentonline.co.uk	96716	2026-09-28
kentuckynewera.com	34829	2026-09-28
kenw.org	43279	2026-09-28
kenyan-post.com	45666	2026-09-28
kenyans.co.ke	16332	2026-03-18
kenyastar.com	69875	2026-09-28
keprtv.com	25980	2026-06-05
keralakaumudi.com	6014	2026-09-03
keranews.org	25259	2026-09-28
kerrang.com	13551	2026-08-17
kesn1033.com	9325	2020-10-06
kesq.com	82717	2026-09-28
ketchikandailynews.com	6966	2026-09-26
ketr.org	49263	2026-09-28
ketv.com	81013	2026-09-28
kevinmd.com	18014	2026-05-27
keyc.com	19229	2026-09-28
keyj.com	20898	2026-09-27
keysnews.com	50526	2026-09-28
keyt.com	105146	2026-09-28
keyw.com	25415	2026-09-28
kezi.com	28324	2026-09-28
kezj.com	22294	2026-09-26
kfdi.com	10996	2026-01-28
kfdm.com	35084	2026-09-28
kffm.com	29889	2026-09-28
kfgo.com	73628	2026-09-28
kfilradio.com	63281	2026-09-28
kfiz.com	10942	2026-09-28
kfm.co.ug	8614	2026-04-20
kfm.co.za	9754	2024-01-15
kfmx.com	31635	2026-09-28
kfor.com	7646	2026-06-11
kfox95.com	28811	2026-09-28
kfoxtv.com	40871	2026-09-28
kfqd.com	6524	2026-09-24
kfru.com	38355	2026-09-28
kfrxfm.com	17294	2026-09-16
kfvs12.com	52446	2026-09-28
kfyo.com	19371	2026-09-26
kfyrtv.com	29732	2026-09-28
kgab.com	6496	2026-03-06
kggo.com	10505	2026-09-28
kgmi.com	7909	2024-01-16
kgmo.com	7190	2026-09-11
kgns.tv	23576	2026-09-28
kgoradio.com	26604	2022-10-06
kgou.org	67993	2026-09-28
kgw.com	58192	2026-09-11
khaama.com	22937	2026-09-28
khak.com	39778	2026-09-28
khaleejtimes.com	156193	2026-09-25
khaosodenglish.com	9434	2025-01-23
khay.com	5557	2026-09-28
khit1075.com	22162	2026-09-27
khits.com	51159	2026-09-02
khmertimeskh.com	29011	2025-07-08
khop.com	10581	2026-09-28
khou.com	72508	2026-06-06
khq.com	83541	2026-09-28
khqa.com	32040	2026-09-28
kicdam.com	7503	2024-07-31
kickam1530.com	24910	2026-09-28
kickoff.com	32041	2026-09-28
kicks105.com	21007	2026-09-28
kicks1063.com	11866	2026-09-28
kicks99.com	16370	2026-09-27
kickscountry.com	5007	2026-09-12
kicksonfire.com	45793	2026-06-01
kidderminstershuttle.co.uk	115730	2026-09-28
kiiitv.com	55653	2026-06-05
kiimfm.com	6271	2026-09-28
kikn.com	32882	2026-09-28
kilburntimes.co.uk	49414	2026-09-28
kildare-nationalist.ie	56432	2026-09-27
kilgorenewsherald.com	11876	2026-09-27
kilkennypeople.ie	58431	2026-05-14
kimatv.com	28907	2026-06-06
kimberleybulletin.com	29920	2026-09-28
kimt.com	58656	2026-09-28
kincardinenews.com	21695	2026-08-29
king5.com	67787	2026-06-05
kingdomfm.co.uk	18364	2025-01-03
kingfm.com	36176	2026-09-28
kingfut.com	10238	2026-09-25
kingstonthisweek.com	36695	2026-03-26
kinja.com	15310	2026-04-27
kink.fm	5480	2026-09-21
kinston.com	7677	2026-09-28
kion546.com	5562	2025-08-21
kios.org	47564	2026-08-15
kiow.com	16086	2026-09-28
kiplinger.com	15454	2026-09-27
kirksvilledailyexpress.com	8908	2026-09-27
kiro7.com	65871	2026-09-28
kism.com	9794	2026-09-25
kiss-1031.com	9251	2026-09-28
kiss951.com	30445	2026-09-28
kisscasper.com	25129	2026-09-28
kissfm969.com	25834	2026-09-28
kissrocks.com	8199	2026-09-27
kisswtlz.com	21941	2026-09-25
kitchener.citynews.ca	6837	2025-01-26
kitchener.ctvnews.ca	24550	2025-01-23
kitchenertoday.com	6824	2021-10-17
kitco.com	27872	2026-09-26
kitguru.net	22012	2026-09-28
kitsapsun.com	5916	2023-09-11
kitv.com	59777	2026-09-28
kivitv.com	7643	2026-03-19
kiwaradio.com	13987	2026-09-27
kiwiblog.co.nz	9223	2026-09-28
kix106.com	6056	2026-09-28
kix953.com	14886	2026-09-16
kix96.com	6033	2026-09-27
kixi.com	9368	2026-09-26
kixs.com	19616	2026-09-28
kixweb.com	7543	2026-09-21
kizn.com	6992	2026-09-28
kjas.com	11131	2026-09-27
kjct8.com	21069	2026-09-28
kjlhradio.com	6775	2026-09-27
kjmo.com	7596	2025-03-17
kjo1055.com	5505	2026-09-09
kjrh.com	18749	2026-09-28
kjzz.org	40059	2026-09-28
kkco11news.com	12412	2026-09-28
kkfm.com	13377	2026-09-28
kkgb.com	17901	2026-09-28
kkiq.com	16172	2026-09-24
kkoh.com	75558	2026-09-28
kkrv.com	14783	2026-09-03
kktv.com	25948	2026-09-28
kkyr.com	24950	2026-09-28
kkyx.com	7376	2026-09-25
klake.com	8869	2024-02-15
klaq.com	29345	2026-09-27
klaw.com	26727	2026-09-27
klcc.org	94576	2026-09-28
klce.com	5932	2024-08-29
klewtv.com	26166	2026-06-06
klif.com	79648	2026-09-28
klik1240.com	31383	2024-10-16
klin.com	15347	2026-09-27
klkl.fm	21081	2026-08-10
klkntv.com	38070	2026-09-28
klll.com	9040	2026-09-28
klove.com	5157	2026-09-28
klrc.com	5211	2026-09-28
kltv.com	34701	2026-09-28
klur.com	6189	2026-09-28
klyq.com	6235	2025-03-12
kmaj1440.com	110753	2026-09-27
kmaland.com	30183	2026-09-28
kmbc.com	80599	2026-09-28
kmch.com	12250	2026-09-27
kmfm.co.uk	8823	2026-09-28
kmhk.com	18801	2026-09-28
kmit.com	5180	2026-09-23
kmjnow.com	71380	2026-09-28
kmmo.com	22522	2026-09-24
kmmsam.com	12977	2026-09-27
kmov.com	18034	2023-12-04
kmuw.org	46958	2026-09-28
kmvt.com	19048	2026-09-28
kmxs.com	7566	2026-08-19
kmxt.org	18969	2026-09-28
knac.com	17956	2026-09-26
knau.org	42853	2026-09-28
knbr.com	14484	2025-05-22
knco.com	7410	2026-08-03
kneb.com	8538	2021-03-30
knek.com	20364	2026-09-27
kniakrls.com	48473	2026-04-10
knoe.com	31471	2026-09-28
knopnews2.com	23907	2026-09-27
knoxnews.com	11024	2023-09-11
knoxradio.com	13973	2026-09-28
knpr.org	71843	2026-09-28
knsiradio.com	19774	2026-09-28
knue.com	35838	2026-09-28
knzr.com	12841	2026-05-14
koaa.com	52456	2026-09-28
koamnewsnow.com	31274	2026-09-27
koat.com	65204	2026-09-28
kob.com	133497	2026-09-28
kobi5.com	25138	2026-09-28
koco.com	89444	2026-09-28
kodiakdailymirror.com	6739	2026-09-25
koel.com	25610	2026-09-27
kogt.com	7406	2026-09-27
koimoi.com	72412	2026-08-24
koka.am	21823	2026-09-23
kokomoperspective.com	42673	2023-11-03
kokomotribune.com	60396	2026-09-28
kold.com	42925	2026-09-28
kolotv.com	30130	2026-09-28
komando.com	10107	2026-09-27
komonews.com	37708	2026-09-28
komu.com	52737	2026-09-28
kono1011.com	9631	2026-09-27
kool1017.com	34787	2026-09-28
kool1079.com	30221	2026-09-27
kool965.com	18997	2026-09-28
kool973.com	5266	2026-08-26
kool98.com	7333	2026-09-24
koolam.com	11535	2026-09-28
koolfmabilene.com	20447	2026-09-28
kopsource.com	65646	2024-11-23
koreabizwire.com	47083	2026-02-12
koreabridge.net	5254	2026-09-28
koreaherald.com	137779	2026-09-28
korean.cri.cn	9131	2026-09-28
koreatimes.co.kr	121814	2026-09-28
koreatimesus.com	6498	2025-07-18
kosu.org	32665	2026-05-09
kotaku.com	20191	2026-09-28
kotaku.com.au	19087	2026-09-16
kotaradio.com	9027	2026-09-27
kotatv.com	22954	2026-09-27
kowb1290.com	14399	2026-09-28
koxe.com	13540	2026-09-20
koze.com	10138	2026-09-25
kpax.com	46131	2026-09-28
kpbs.org	53126	2026-09-28
kpcnews.com	68004	2026-09-28
kpcw.org	39245	2026-09-28
kpel965.com	36710	2026-09-28
kpfa.org	13954	2026-09-28
kphrfm.com	11972	2026-09-23
kpic.com	39279	2026-09-28
kpla.com	9448	2026-09-28
kplctv.com	39956	2026-09-28
kpopstarz.com	22742	2026-09-26
kpq.com	15055	2026-09-28
kprs.com	8798	2026-09-23
kptv.com	32645	2026-09-28
kpvi.com	56777	2026-09-28
kqky.com	10095	2026-04-28
kqvt.com	14724	2026-09-28
kqxy.com	10556	2026-09-28
krcgtv.com	40130	2026-09-28
krcoam.com	5925	2022-04-05
krcrtv.com	46260	2026-09-28
krcu.org	68234	2026-09-28
krdo.com	111652	2026-09-28
krem.com	51326	2026-06-26
krforadio.com	54489	2026-09-28
krgv.com	64926	2026-09-28
kristv.com	39398	2026-09-28
krmg.com	32948	2026-09-28
krmsradio.com	5771	2026-09-26
krna.com	28360	2026-09-28
krnb.com	15852	2026-09-28
krny.com	11647	2026-09-26
kroc.com	42433	2026-09-28
krock.com.au	7502	2026-09-28
krock1017fm.com	5079	2021-05-15
krocnews.com	15750	2026-09-28
krod.com	17676	2026-09-26
krqe.com	5338	2025-11-18
krro.com	26551	2026-09-28
krrq.com	20670	2026-09-28
krrvonline.com	13570	2026-09-27
krtv.com	35591	2026-09-28
krvn.com	7917	2021-02-12
krvs.org	25598	2026-09-28
krwg.org	53447	2026-09-28
ks95.com	15176	2026-09-26
ksal.com	12084	2026-09-28
ksam1017.com	7090	2026-09-27
ksat.com	167440	2026-09-28
ksbw.com	64960	2026-09-28
ksby.com	56420	2026-09-28
kscj.com	9098	2026-09-28
ksdk.com	66285	2026-06-06
ksenam.com	14097	2026-09-28
ksfa860.com	14594	2026-09-28
ksfr.org	6745	2026-09-28
ksgf.com	12566	2026-05-23
kshb.com	47353	2026-09-28
kshe95.com	10069	2026-09-28
ksisradio.com	18984	2026-09-25
ksjbam.com	6250	2026-09-05
ksks.com	10889	2026-09-27
ksl.com	142065	2026-09-28
ksla.com	35114	2026-09-28
kslx.com	7608	2026-09-25
ksmb.com	20250	2026-09-28
ksmu.org	91136	2026-09-28
ksnblocal4.com	19207	2026-09-28
ksnt.com	7165	2025-07-16
ksoo.com	5993	2021-08-01
kspr.com	11386	2020-07-08
ksro.com	23115	2025-09-15
kstp.com	59468	2026-03-19
ksusentinel.com	36224	2026-06-19
ksut.org	39455	2026-09-28
kswo.com	27988	2026-09-28
ksyl.com	28784	2026-08-28
ktar.com	56303	2026-06-03
ktbb.com	49364	2026-09-28
ktbs.com	100582	2026-09-28
ktcx.com	6245	2026-09-28
kten.com	51644	2026-09-28
ktep.org	42783	2026-09-28
ktgl.com	8621	2026-09-16
kticradio.com	7000	2021-05-28
ktik.com	8544	2026-09-28
ktiv.com	38525	2026-09-28
ktla.com	8210	2025-05-28
ktlo.com	37245	2026-08-18
ktnv.com	6090	2026-03-18
ktop1490.com	83316	2026-09-28
ktre.com	22837	2026-09-28
ktsa.com	19670	2026-09-28
kttn.com	17326	2025-11-10
ktts.com	11047	2025-11-23
ktucam.com	9209	2023-08-24
ktul.com	41350	2026-09-28
ktuu.com	8725	2020-07-16
ktvb.com	59027	2026-06-06
ktvh.com	31945	2026-09-28
ktvl.com	5954	2026-09-26
ktvo.com	29379	2026-09-28
ktvq.com	34264	2026-09-28
ktvu.com	66888	2026-09-28
ktvz.com	151946	2026-09-28
ktwb.com	8248	2026-09-25
ktxs.com	34942	2026-09-28
ku.edu	6774	2026-09-25
kuaf.com	48708	2026-09-28
kuam.com	24726	2026-04-30
kucb.org	8874	2026-09-24
kuenselonline.com	10191	2026-09-01
kuer.org	17322	2026-09-28
kugn.com	65467	2026-09-21
kuic.com	14971	2026-09-27
kulr8.com	69562	2026-09-28
kuna.net.kw	50048	2026-02-25
kunc.org	53763	2026-09-28
kunm.org	39164	2026-09-28
kunr.org	28266	2026-09-28
kuow.org	33277	2026-09-28
kurv.com	25690	2026-09-26
kusi.com	21626	2024-01-30
kut.org	13712	2026-09-28
kutx.org	5335	2026-09-27
kuvo.org	10285	2026-09-25
kuwaittimes.com	10873	2025-01-27
kuwaittimes.net	15352	2022-01-04
kuzz.com	6318	2026-09-28
kval.com	42158	2026-09-28
kvia.com	125446	2026-09-28
kvmr.org	8670	2026-09-28
kvnf.org	56233	2026-09-28
kvoa.com	48487	2026-09-28
kvoo.com	8055	2020-12-07
kvor.com	81334	2026-09-28
kvpionline.com	15874	2026-09-03
kvpr.org	36202	2026-09-28
kvrr.com	25027	2026-09-28
kvue.com	62654	2026-06-25
kw3.com	13908	2026-09-28
kwayradio.com	6789	2026-09-25
kwbu.org	79216	2026-09-28
kwcdcountry.com	11480	2026-09-28
kwch.com	29710	2026-09-28
kwhl.com	5409	2026-09-23
kwin.com	23283	2026-09-28
kwiq.com	8481	2026-08-26
kwit.org	75800	2026-09-28
kwqc.com	31964	2026-09-28
kwsn.com	22473	2026-09-28
kwtx.com	26999	2026-09-28
kwwl.com	6192	2026-03-17
kwxx.com	11545	2026-09-24
kx947.fm	6728	2026-09-26
kxel.com	62728	2026-09-28
kxii.com	18060	2026-09-28
kxkx.com	25403	2026-09-28
kxl.com	22849	2026-09-28
kxlf.com	38633	2026-09-28
kxlh.com	32417	2026-09-27
kxly.com	109394	2026-09-28
kxly920.com	17476	2026-09-28
kxrb.com	33411	2026-09-28
kxxv.com	54102	2026-09-28
kxzz1580am.com	8657	2022-01-03
ky3.com	54153	2026-09-28
kygl.com	22207	2026-09-28
kyis.com	10160	2026-09-28
kyivpost.com	68444	2026-09-28
kykz.com	5674	2026-09-27
kyma.com	59337	2026-09-28
kynt1450.com	15086	2026-09-28
kyodonews.net	22862	2026-09-27
kysdc.com	14429	2026-09-28
kyssfm.com	31906	2026-09-28
kyuk.org	27366	2026-09-28
kztv10.com	26822	2026-09-27
kzyx.org	48325	2026-09-28
labelsandlabeling.com	9341	2026-04-07
labmate-online.com	7410	2025-08-07
labusinessjournal.com	6328	2026-09-28
lacrossetribune.com	124230	2026-09-28
ladailypost.com	24787	2026-09-27
ladunliadinews.com	8588	2025-07-28
ladysmithchronicle.com	34787	2026-09-28
lagazzettadelmezzogiorno.it	8033	2026-09-21
lagrandeobserver.com	13423	2026-09-27
lagrangenews.com	6723	2026-08-29
lagunabeachindy.com	5083	2026-09-25
lahainanews.com	5442	2026-09-28
laineygossip.com	14334	2026-09-25
laist.com	39659	2026-09-27
lajollalight.com	5593	2024-06-12
lakeexpo.com	8229	2026-09-28
lakegenevanews.net	29878	2026-09-21
lakelandtimes.com	5189	2026-09-25
lakenewsonline.com	11035	2026-09-26
lakersnation.com	16056	2026-09-28
lakeshoreadvance.com	23458	2026-09-19
lakeshowlife.com	6367	2026-09-27
lamag.com	10635	2026-09-26
lancashiretelegraph.co.uk	219047	2026-09-28
lancasterfarming.com	10309	2026-09-28
lancasterguardian.co.uk	14852	2025-01-23
lancasteronline.com	98427	2026-09-28
lanereport.com	5226	2026-09-25
lankabusinessonline.com	5437	2026-09-28
lankanewspapers.com	7520	2026-09-28
lankaweb.com	16359	2026-09-28
lansingstatejournal.com	8274	2023-09-11
laois-nationalist.ie	57668	2026-09-28
laosnews.net	99199	2026-09-28
laprensalatina.com	37186	2026-05-11
laramieboomerang.com	5085	2021-02-04
larouchepub.com	5047	2026-09-24
lasentinel.net	12449	2025-08-23
lasvegassun.com	104383	2026-09-28
lasvegasweekly.com	7765	2026-09-28
latestly.com	108148	2025-01-27
latimes.com	187360	2026-09-28
latinamericanpost.com	11335	2026-09-27
latinfinance.com	12273	2026-09-24
latinnews.com	5453	2025-09-15
latinpost.com	19975	2026-09-21
latintimes.com	29905	2026-09-28
latpro.com	42075	2023-03-23
laughingplace.com	18131	2026-09-28
law360.com	149586	2026-09-26
lawandcrime.com	6285	2026-03-17
lawfuel.com	5574	2026-09-28
lawgazette.co.uk	18504	2025-09-05
lawofficer.com	10557	2026-09-16
lawstreetmedia.com	8739	2026-09-24
lawyersweekly.com.au	11949	2026-09-28
lbc.co.uk	79910	2026-09-28
lbcgroup.tv	7575	2026-09-24
lbpost.com	13937	2026-09-27
lcsun-news.com	11231	2023-09-11
leaderherald.com	10592	2023-10-24
leaderlive.co.uk	185011	2026-09-28
leaderpost.com	66175	2026-09-28
leadership.ng	105286	2026-09-28
leadertelegram.com	58294	2026-09-28
leamingtonobserver.co.uk	14659	2026-09-28
leavenworthtimes.com	9909	2026-09-23
lebanon-express.com	21448	2023-04-25
lebanondemocrat.com	82659	2026-09-28
ledburyreporter.co.uk	109561	2026-09-28
ledgertranscript.com	15745	2026-09-27
leducrep.com	16707	2026-09-27
leftfootforward.org	5974	2026-09-28
legalinsurrection.com	17169	2026-09-28
legallyindia.com	24942	2026-09-28
legalnewsline.com	16898	2026-09-27
legit.ng	17884	2026-03-19
legitgov.org	12598	2026-09-25
lehighacrescitizen.com	5508	2026-09-25
lehighvalleylive.com	48122	2026-02-23
leicestermercury.co.uk	118928	2026-09-28
leighjournal.co.uk	100020	2026-09-28
leightonbuzzardonline.co.uk	9193	2025-01-23
leinsterexpress.ie	59110	2026-05-12
leinsterleader.ie	62211	2026-05-12
leitrimobserver.ie	49217	2026-05-14
lelezard.com	35745	2026-06-02
lemonde.fr	9061	2026-04-15
lenconnect.com	10474	2023-09-11
lendio.com	8488	2023-07-02
lep.co.uk	26299	2025-01-23
lestimes.com	7482	2026-09-25
lethbridgeherald.com	65548	2026-09-28
letsrecycle.com	6202	2026-09-28
letsrun.com	12170	2026-06-01
lewistownsentinel.com	15760	2026-09-28
lewrockwell.com	31823	2026-06-04
lex18.com	38539	2026-09-27
lexch.com	23198	2026-09-28
lexology.com	31975	2026-07-15
lfpress.com	25352	2026-09-28
lgbtqnation.com	8913	2026-06-21
lgcplus.com	10007	2026-09-28
libcom.org	5257	2026-09-28
liberianobserver.com	17412	2026-09-28
libertyballers.com	8166	2026-09-27
libn.com	11056	2026-06-03
librivox.org	8653	2026-09-27
lichfieldlive.co.uk	14815	2026-09-28
lifeandstylemag.com	11892	2026-09-25
lifehacker.com	21884	2026-09-28
lifehacker.com.au	22827	2024-10-09
lifenews.com	18375	2026-09-25
lightreading.com	19214	2026-09-23
liherald.com	7609	2026-09-28
liliputing.com	5086	2026-07-22
lillooetnews.net	17763	2020-08-18
limaohio.com	35794	2025-04-15
limerickleader.ie	62755	2026-05-27
limerickpost.ie	13070	2026-09-28
lincolnshireworld.com	14183	2025-01-23
lincolntimesnews.com	5053	2026-09-24
listenupyall.com	7818	2026-09-26
listverse.com	14472	2026-09-28
lite96.com	5798	2024-02-21
lite987.com	28966	2026-09-28
liteonline.com	23283	2026-09-28
literock959.com	22060	2025-03-27
literock969.com	8820	2022-04-18
lithgowmercury.com.au	48738	2026-09-28
littleapplepost.com	25483	2026-09-28
littlehamptongazette.co.uk	6387	2022-02-10
live.com	16087	2020-11-21
live5news.com	39448	2026-09-28
live955.com	10711	2026-09-22
live959.com	13606	2026-09-28
live95fm.ie	17896	2026-09-28
livecharts.co.uk	15505	2026-09-28
livejournal.com	96703	2026-09-28
livelaw.in	77412	2026-09-28
liveleak.com	5908	2021-05-30
livemint.com	233039	2026-09-28
livenews.co.nz	51205	2026-09-28
liverpoolecho.co.uk	217234	2026-09-28
liverpoolfc.com	13255	2026-09-28
livesaildie.com	9838	2026-09-28
livescience.com	17205	2026-09-28
ljworld.com	16667	2026-09-26
lloydslist.com	6574	2025-08-26
lmfm.ie	16634	2026-09-28
lmtonline.com	181735	2026-06-22
lmtribune.com	48465	2026-08-30
lobotero.com	7225	2026-09-28
local10.com	137391	2026-09-24
local12.com	37849	2026-09-28
local21news.com	43180	2026-09-28
local3news.com	49449	2026-09-28
localberkshire.co.uk	9988	2023-03-07
localgov.co.uk	12406	2026-09-28
localmatters.co.nz	6271	2026-09-28
localmemphis.com	55339	2026-06-06
localnews8.com	156536	2026-09-28
lockhaven.com	24891	2026-09-28
lockportjournal.com	25024	2026-09-28
locusmag.com	8767	2025-07-17
lodinews.com	7953	2026-09-27
loeildelaphotographie.com	9555	2025-04-10
loganbanner.com	6518	2026-09-26
logandaily.com	5440	2026-09-26
logisticsmanager.com	5831	2026-09-28
lohud.com	10472	2023-09-11
lombardiave.com	5929	2026-09-27
lompocrecord.com	29573	2026-09-27
london-now.co.uk	19226	2026-09-28
london.ctvnews.ca	22226	2025-01-23
londonlovesbusiness.com	27404	2026-09-28
londonmercury.com	35554	2026-09-28
londontheatre1.com	6354	2026-09-27
lonestar995fm.com	31529	2026-09-28
lonestarball.com	8126	2026-09-28
longbeachstar.com	28882	2024-09-21
longfordleader.ie	53948	2026-05-15
longisland.com	24329	2026-09-28
longislandpress.com	15461	2026-09-28
loopjamaica.com	16567	2021-05-20
loopnews.com	14595	2024-07-21
lordsofpain.net	6837	2020-04-18
losaltosonline.com	7346	2026-09-27
lostcoastoutpost.com	14439	2026-09-28
loudountimes.com	8384	2026-09-20
loudwire.com	20949	2026-09-27
louisianaradionetwork.com	9336	2026-09-27
louisianarecord.com	5312	2025-05-20
lovefm.com	8537	2026-09-26
lovinmalta.com	7683	2026-03-19
lowellsun.com	27050	2026-09-28
lowkickmma.com	24587	2026-09-27
lowvelder.co.za	20975	2023-08-31
lpheralddispatch.com	9559	2026-09-26
lrt.lt	17070	2026-09-27
lse.co.uk	94388	2025-01-23
lsionline.com	14800	2025-11-17
ltn.com.tw	15915	2026-09-27
lubbockonline.com	11096	2023-09-11
ludlowadvertiser.co.uk	126804	2026-09-28
lufkindailynews.com	34699	2026-09-28
lusakatimes.com	16334	2026-03-19
lutontoday.co.uk	13300	2025-01-23
luxtimes.lu	9904	2025-07-21
luxurytravelmagazine.com	12889	2026-09-28
lvb.com	8186	2026-06-04
lynnnews.co.uk	38578	2026-09-28
macaubusiness.com	15766	2025-08-13
macaudailytimes.com.mo	19113	2026-09-28
macdailynews.com	7204	2026-09-25
macleayargus.com.au	67266	2026-09-28
macmegasite.com	8764	2026-01-29
macobserver.com	5646	2025-08-19
macombdaily.com	40152	2026-09-28
macrobusiness.com.au	30337	2026-09-28
macrumors.com	6930	2026-09-26
mactech.com	12668	2026-09-26
macupdate.com	11828	2026-09-28
macworld.com	9346	2026-09-28
madamenoire.com	11393	2026-09-27
madinamerica.com	9965	2026-09-26
madison.com	123355	2026-09-28
madisonrecord.com	9887	2025-05-21
madrock1025.com	29494	2026-09-16
magic1021.com	10212	2026-09-26
magic1029fm.com	10207	2026-09-27
magic106.com	8663	2026-09-26
magic1073fm.com	9170	2026-09-27
magic93fm.com	10505	2026-09-28
magic943fm.com	5126	2026-09-28
magic983.com	18507	2026-09-28
magicbricks.com	8898	2026-09-20
magicvalley.com	79109	2026-09-28
magnoliareporter.com	24867	2026-09-28
mailtimes.com.au	41944	2026-09-27
mailtribune.com	10799	2023-06-01
mainebiz.biz	15748	2026-09-28
mainemirror.com	16781	2026-09-28
mainepublic.org	14418	2026-03-18
mainichi.jp	15566	2026-09-18
mainlinemedianews.com	30841	2026-09-28
mainstreetnews.com	6471	2026-09-28
maitlandmercury.com.au	111153	2026-09-28
makeuseof.com	24758	2026-09-28
malawi24.com	15454	2026-09-28
malawivoice.com	13099	2026-09-28
malaya.com.ph	31133	2026-04-22
malaymail.com	104909	2026-03-19
malaysiakini.com	77873	2026-09-28
malaysiasun.com	69042	2026-09-28
maldivesindependent.com	7098	2026-09-28
maldonandburnhamstandard.co.uk	129404	2026-09-28
malibutimes.com	5625	2026-09-24
maltatoday.com.mt	38916	2026-03-12
malverngazette.co.uk	118926	2026-09-28
mamamia.com.au	29471	2026-09-28
managingmadrid.com	13058	2026-09-28
manchestereveningnews.co.uk	268497	2026-09-28
manchesterjournal.com	12315	2026-09-28
mandurahmail.com.au	74020	2026-09-28
mangalorean.com	55909	2026-09-28
manicapost.co.zw	6458	2025-01-22
manilametro.com	5842	2024-07-24
manilastandard.net	10136	2026-03-18
manilatimes.net	387112	2026-09-28
manitobacooperator.ca	10059	2026-09-27
mankatofreepress.com	96940	2026-09-28
manningrivertimes.com.au	86517	2026-09-28
mansfieldnewsjournal.com	7976	2023-09-11
mantecabulletin.com	9337	2026-09-26
manufacturing.net	21568	2025-10-02
manutd.com	13965	2026-05-04
manxradio.com	22153	2026-09-28
mapleridgenews.com	33033	2026-09-28
maravipost.com	26175	2026-09-28
marca.com	7042	2026-05-24
marcellusdrilling.com	15146	2026-09-25
marconews.com	5934	2023-09-11
mareeg.com	8100	2026-08-11
margaretrivermail.com.au	37228	2025-08-20
marieclaire.co.uk	16139	2026-09-27
marieclaire.com	24206	2026-09-28
mariettatimes.com	19256	2026-09-28
marinecorpstimes.com	8044	2026-09-27
marinelink.com	29945	2026-09-28
marinelog.com	9329	2025-11-20
marinetechnologynews.com	7372	2026-09-28
marinij.com	34549	2026-09-28
maritime-executive.com	32960	2026-09-28
maritimeprofessional.com	6123	2026-09-25
marketbusinessnews.com	19729	2026-09-28
marketing-interactive.com	15368	2026-09-28
marketplace.org	12771	2026-09-25
marketpulse.com	11949	2026-09-25
marketrealist.com	8621	2026-09-24
markets.co	5867	2022-01-09
marketscreener.com	999061	2026-05-18
marketswired.com	5202	2025-01-04
marketwatch.com	422152	2026-08-27
marklevinshow.com	10001	2026-09-26
marshallindependent.com	18015	2026-09-26
marshfieldnewsherald.com	8584	2023-09-11
marthastewart.com	11116	2026-03-17
martinsvillebulletin.com	35859	2026-09-22
maryland.gov	8244	2026-09-28
marylandreporter.com	6678	2026-06-04
maryvilleforum.com	20314	2024-11-15
masala.com	18108	2024-07-13
mashable.com	49478	2026-09-28
massachusettsnewswire.com	7178	2026-09-28
massachusettssun.com	45366	2026-09-28
massdevice.com	8486	2026-02-21
masslawyersweekly.com	19316	2026-06-04
masslive.com	108215	2026-02-23
mathrubhumi.com	5608	2026-06-23
matr.net	7019	2026-09-28
mauinews.com	20864	2026-09-28
mauinow.com	16750	2026-09-28
maurice-info.mu	9360	2026-09-27
mavsmoneyball.com	7202	2026-09-28
max94one.com	23681	2026-09-28
maximumfun.org	6663	2026-09-28
mayerthorpefreelancer.com	15831	2026-09-27
mayonews.ie	20592	2026-05-21
mb.com.ph	182277	2026-09-07
mbcradio.com	6214	2026-09-27
mbtmag.com	18138	2025-09-17
mcalesternews.com	17311	2026-09-27
mcall.com	81784	2026-09-27
mccookgazette.com	5109	2026-08-29
mcdonoughvoice.com	5718	2023-09-10
mcdowellnews.com	39528	2026-09-27
mcknights.com	8837	2026-03-11
mcphersonsentinel.com	6037	2026-08-21
mdislander.com	9892	2026-09-27
mdjonline.com	145501	2026-09-28
meadvilletribune.com	42949	2026-09-28
meathchronicle.ie	45431	2026-09-28
meaww.com	20365	2026-03-17
medafricatimes.com	6752	2026-09-27
medcitynews.com	14343	2026-09-21
mediaforfreedom.com	5283	2026-09-24
mediaite.com	85287	2026-09-27
mediamatters.org	15194	2026-09-25
medianama.com	11930	2026-09-28
mediapost.com	25601	2026-09-28
medicaldaily.com	10095	2026-09-28
medicalnewstoday.com	5585	2026-09-27
medicalxpress.com	141329	2026-01-29
medicinehatnews.com	74790	2026-09-28
medindia.net	39307	2026-08-18
medium.com	145786	2026-08-03
medpagetoday.com	25044	2025-01-28
medscape.com	49495	2026-09-28
meed.com	24520	2026-09-28
mega979.com	7064	2026-09-27
mega993online.com	29944	2026-09-28
melfortjournal.com	10437	2026-07-04
meltontimes.co.uk	8291	2025-01-23
memphisflyer.com	7231	2026-09-26
memphissun.com	105885	2026-09-28
memri.org	9885	2025-04-22
menafn.com	973875	2026-03-10
mendocinobeacon.com	16449	2026-09-28
menshealth.com	30775	2026-09-28
mensxp.com	27990	2026-09-28
mentalfloss.com	15033	2026-09-28
meobserver.org	5527	2026-07-14
mercopress.com	23253	2026-09-28
mercurynews.com	84803	2026-09-28
meridianstar.com	36575	2026-09-26
merimbulanewsweekly.com.au	73087	2026-09-28
mesabitribune.com	54893	2026-09-28
messagemedia.co	12148	2026-09-28
messenger-inquirer.com	86370	2026-09-28
messenger.com.ge	6041	2026-09-28
messengernews.net	13705	2026-09-28
messengernewspapers.co.uk	147011	2026-09-28
metal.com	22346	2026-09-28
metalunderground.com	14818	2026-09-26
metro.co.uk	154143	2026-09-28
metro.us	86034	2025-11-03
metrojacksonville.com	12482	2026-09-28
metrotimes.com	12133	2026-05-14
metroweekly.com	6727	2026-09-28
metrowestdailynews.com	10026	2023-09-11
metv.com	11220	2026-09-28
metvmall.com	12496	2026-06-06
mexicoledger.com	8203	2026-09-28
mexiconewsdaily.com	6811	2026-03-15
mexicostar.com	66900	2026-09-28
mg.co.za	31030	2026-09-28
mgoblog.com	14877	2025-08-28
miamiherald.com	8780	2024-07-31
miaminewtimes.com	8952	2026-09-28
miamistudent.net	5543	2026-09-27
miamitimesonline.com	9008	2026-09-25
michigan.gov	5321	2023-02-02
michigandaily.com	7790	2026-09-28
michiganradio.org	23666	2024-01-10
michigansthumb.com	78149	2026-06-22
mid-day.com	100325	2026-09-28
middle-east-online.com	7294	2026-09-28
middleeasteye.net	50136	2026-09-28
middleeastmonitor.com	78606	2026-09-28
middleeaststar.com	118815	2026-09-28
middlenecknews.com	5591	2026-09-28
middletownpress.com	123670	2026-04-21
midhurstandpetworth.co.uk	5526	2022-02-10
midmichigannow.com	37275	2026-09-28
midnorthmonitor.com	50148	2026-09-28
midsussextimes.co.uk	5984	2022-02-10
midutahradio.com	17166	2026-09-28
midweekherald.co.uk	36772	2026-09-28
midwestradio.ie	25817	2026-09-28
mihomepaper.com	12568	2026-03-04
milawyersweekly.com	9157	2026-06-03
milb.com	5027	2026-09-27
milehighreport.com	13007	2026-09-28
milforddailynews.com	8053	2023-09-07
milfordmercury.co.uk	92787	2026-09-28
milfordmirror.com	59636	2025-06-14
military.com	34408	2026-09-28
militarytimes.com	14024	2026-09-27
miltonkeynes.co.uk	14120	2025-01-23
milwaukeesun.com	47293	2026-09-28
mindat.org	13155	2025-01-23
minicassia.com	6201	2024-03-21
mining-journal.com	7397	2026-05-26
mining-technology.com	11139	2026-09-28
mining.com	48424	2026-09-28
mininggazette.com	11206	2026-09-28
miningjournal.net	22886	2026-09-28
miningmx.com	7376	2026-09-28
miningnews.net	11257	2026-05-26
miningweekly.com	49659	2026-09-23
minnlawyer.com	7668	2026-06-04
minnpost.com	9439	2026-09-28
minotdailynews.com	18533	2026-09-28
miragenews.com	641292	2026-09-28
mirror.co.uk	705439	2026-09-28
mis-asia.com	10393	2026-08-25
mishpacha.com	8529	2026-09-28
missioncityrecord.com	43326	2026-09-28
missionlocal.org	7513	2026-09-28
mississauga.com	8056	2026-09-28
mississippivalleypublishing.com	23662	2026-09-26
missoulian.com	135497	2026-09-28
missourinet.com	8104	2026-07-25
mit.edu	10354	2026-09-28
mitchelladvocate.com	23160	2026-09-19
mitchellrepublic.com	32122	2026-09-28
mix100.com	5923	2026-09-22
mix1005.fm	24063	2026-09-28
mix100lubbock.com	15933	2026-09-28
mix103.com	10096	2026-09-27
mix1043fm.com	28762	2026-09-28
mix1069.com	15215	2026-09-26
mix106radio.com	25780	2026-09-28
mix108.com	36071	2026-09-28
mix929.com	24716	2026-09-26
mix931fm.com	30897	2026-09-28
mix941.com	21178	2026-09-27
mix941kmxj.com	20282	2026-09-27
mix949.com	27885	2026-09-27
mix957.net	8804	2024-01-04
mix957gr.com	20684	2026-09-28
mix965tulsa.com	6755	2025-10-22
mix979fm.com	13543	2024-04-26
mix987.com	9479	2026-09-24
mixx993.com	17939	2026-09-26
mizzima.com	20944	2025-01-23
mlb.com	78783	2026-09-28
mlbtraderumors.com	57912	2026-09-28
mlive.com	129535	2026-02-23
mmafighting.com	27849	2026-09-28
mmamania.com	25745	2026-09-28
mmanews.com	16189	2026-04-22
mmegi.bw	7226	2026-09-28
mmm-online.com	5538	2026-09-25
mnnonline.org	5029	2026-09-16
mobihealthnews.com	6860	2026-06-03
mobilesyrup.com	21263	2026-09-25
mobileworldlive.com	12275	2026-03-03
mobilitytechzone.com	5977	2024-09-17
mobypicture.com	32801	2023-10-03
moddb.com	38275	2025-11-16
model-engineer.co.uk	20639	2026-09-19
modernghana.com	172805	2026-07-20
modernhealthcare.com	11836	2026-06-18
modernreaders.com	462461	2025-04-18
moelane.com	11594	2025-07-17
mohavedailynews.com	14289	2026-09-25
mojo1029.com	11750	2026-09-28
moldpres.md	9534	2025-01-14
monacolife.net	5826	2026-09-28
mondaq.com	133428	2026-09-28
mondovisione.com	33622	2026-01-14
mondoweiss.net	7459	2026-09-26
moneycontrol.com	461341	2026-09-28
moneylife.in	22442	2026-09-28
moneymanagement.com.au	13351	2026-06-24
moneymarketing.co.uk	24471	2026-09-28
moneytalksnews.com	12456	2026-09-28
moneyweb.co.za	37490	2024-04-02
moneyweek.com	9706	2026-09-28
mongabay.com	10618	2026-09-28
monitor.co.ug	71515	2026-04-22
monocle.com	6177	2026-09-28
monroenews.com	13644	2023-09-11
monstersandcritics.com	55350	2025-10-02
montanarightnow.com	63735	2026-09-28
montereycountyweekly.com	13791	2026-07-09
montereyherald.com	13262	2026-09-28
montgomery-herald.com	6187	2025-05-20
montgomeryadvertiser.com	8465	2023-09-11
montgomerynews.com	6458	2021-09-28
montreal.ctvnews.ca	32918	2025-01-23
montrealgazette.com	43422	2026-09-28
montrosepress.com	16014	2026-09-27
mooseradio.com	14698	2026-09-27
moreechampion.com.au	61571	2026-09-28
morganton.com	34840	2026-09-25
morning-times.com	36487	2026-09-26
morningadvertiser.co.uk	9917	2026-09-28
morningjournal.com	51060	2026-09-28
morningjournalnews.com	22127	2026-09-28
morningstar.com	106581	2026-09-28
morningstaronline.co.uk	42777	2026-09-28
morningsun.net	65997	2026-09-26
moroccoworldnews.com	19366	2026-09-27
mortgageintroducer.com	8340	2022-03-18
mortgagenewsdaily.com	8148	2026-09-26
mortgagesolutions.co.uk	15070	2026-09-28
mortgagestrategy.co.uk	24023	2026-09-28
morungexpress.com	76651	2026-09-28
mothership.sg	13261	2025-03-10
motor1.com	21625	2026-09-28
motorcyclenews.com	26840	2026-09-28
motorsport.com	23599	2026-08-27
moultonadvertiser.com	16698	2026-09-28
moultrieobserver.com	15934	2026-09-23
mountaineagle.com	10095	2026-09-27
mountvernonnews.com	10984	2026-09-24
mouthshut.com	5626	2026-09-08
movieweb.com	84318	2026-09-28
mpamag.com	7976	2026-09-28
mpnews.com.au	5223	2026-09-28
mpnnow.com	10032	2023-09-11
mprnews.org	27602	2026-09-28
mrt.com	64966	2026-06-22
mrtopstep.com	18821	2024-11-22
mscnews.net	6181	2026-09-28
msn.com	2860431	2023-06-23
msnbc.com	74323	2026-08-25
msu.edu	5039	2026-09-25
mtairynews.com	6129	2026-09-27
mtdemocrat.com	28245	2026-09-26
mtexpress.com	11773	2026-09-28
mtlblog.com	7402	2026-09-28
mtpr.org	18071	2026-09-26
mtstandard.com	60462	2026-09-27
mudgeeguardian.com.au	53780	2026-09-28
multifamilybiz.com	6183	2026-09-25
mumbrella.com.au	23789	2025-11-20
murfreesboropost.com	6340	2023-03-01
murrayledger.com	10791	2026-09-28
muscatdaily.com	20291	2026-09-28
muscatinejournal.com	107392	2026-09-27
music-news.com	20555	2025-12-16
musicrow.com	7500	2026-07-30
musketfire.com	7674	2026-09-28
muskogeephoenix.com	22407	2026-09-26
muskokaregion.com	8324	2026-09-28
muswellbrookchronicle.com.au	71899	2026-09-28
mv-voice.com	11319	2026-09-28
mvariety.com	31897	2026-09-28
mvtimes.com	18553	2026-09-25
mwnation.com	18979	2026-09-28
mxdwn.com	6997	2026-09-28
my1035.com	12418	2026-09-27
my40.tv	7419	2022-01-31
my957.com	6812	2026-09-28
my9nj.com	6245	2026-09-24
myalbertlea.com	12521	2026-06-08
myalgomamanitoulinnow.com	5735	2026-06-03
myanmarmuslim.net	18759	2024-11-05
myanmarnews.net	59778	2026-09-28
myaustinminnesota.com	20340	2025-06-14
myb106.com	27753	2026-09-26
mybeachradio.com	20323	2024-04-01
mybroadband.co.za	6013	2022-09-28
mycariboonow.com	9471	2026-06-04
mycentraljersey.com	12905	2023-09-11
mycentralnebraska.com	36924	2026-09-25
mycentraloregon.com	50218	2026-09-22
mycolumbuspower.com	13672	2026-09-28
mycountry955.com	31350	2026-09-28
mycouriertribune.com	7801	2024-10-05
mycowichanvalleynow.com	8504	2026-06-03
myeasternshoremd.com	11956	2026-09-26
myedmondsnews.com	20239	2026-06-15
myfox28columbus.com	41917	2026-09-28
myfox8.com	5960	2025-08-29
myheraldreview.com	9725	2026-01-16
myhorrynews.com	9552	2026-09-28
myiowainfo.com	17053	2026-05-01
myjournalcourier.com	67919	2026-06-22
myjournals.org	7241	2023-08-26
myjoyonline.com	111154	2026-03-19
myk104.com	8402	2026-09-27
mykiss1031.com	25487	2026-09-26
mykisscountry937.com	34617	2026-09-27
myklgr.com	21291	2026-09-23
mykxlg.com	87571	2026-09-28
myleaderpaper.com	35187	2026-09-28
mylloydminsternow.com	5646	2026-06-03
mylondon.news	6999	2026-09-21
mymagic106.com	6469	2026-09-27
mymagic949.com	9403	2026-09-25
mymagicgr.com	8906	2024-04-29
mymajic933.com	6402	2026-08-18
mymcmedia.org	13059	2026-09-28
mymix1061.com	15814	2026-09-28
mymixfm.com	38759	2026-09-28
mymmanews.com	9225	2026-09-28
mymoinfo.com	20277	2026-09-26
mymotherlode.com	180882	2026-09-28
mymuskokanow.com	6585	2026-06-01
mynbc5.com	74958	2026-09-28
myneworleans.com	10095	2026-09-25
mynews13.com	9608	2026-08-27
mynews4.com	35374	2026-09-28
mynewsla.com	69721	2026-09-28
mynorthbaynow.com	5340	2026-06-04
mynorthwest.com	220475	2026-07-20
mynspr.org	47155	2026-09-28
myozarksonline.com	17395	2026-09-25
myplainview.com	49460	2026-06-22
myprincegeorgenow.com	13790	2026-06-04
myq105.com	16060	2026-09-28
myq1075.com	21052	2026-09-28
myqcountry.com	12623	2026-09-24
myrecordjournal.com	12869	2023-12-30
mysailing.com.au	6418	2026-09-28
mysanantonio.com	83417	2025-11-18
myspiritfm.com	10329	2026-09-28
mystar98.com	20699	2026-09-27
mysteinbach.ca	10562	2026-09-27
mysteriousuniverse.org	10580	2026-09-25
mystratfordnow.com	7047	2026-06-03
mysuncoast.com	35355	2026-09-28
mytimminsnow.com	5104	2026-06-03
myuscountry.com	17621	2026-06-08
mywebtimes.com	8503	2023-05-01
n4g.com	34448	2026-08-29
naftemporiki.gr	8215	2026-09-28
nagalandpost.com	49549	2026-06-08
nagariknetwork.com	28805	2026-03-16
nagpurtoday.in	17510	2026-08-14
naharnet.com	90982	2026-09-28
naija247news.com	61758	2026-09-28
naijanews.com	10997	2026-09-06
nairaland.com	77881	2025-07-26
nairametrics.com	12220	2026-03-04
nairobiwire.com	14819	2026-09-25
nakedcapitalism.com	12620	2026-09-28
namibian.com.na	32958	2026-09-28
namibiansun.com	22529	2026-09-28
nampa.org	44517	2024-11-08
nanaimobulletin.com	33458	2026-09-28
nancyonnorwalk.com	5550	2026-09-28
nantonnews.com	8436	2026-09-27
napaneeguide.com	41216	2026-09-28
napaneetoday.ca	10305	2026-09-26
napavalleyregister.com	69513	2026-09-27
naplesnews.com	11875	2023-09-11
naroomanewsonline.com.au	73333	2026-09-28
narrominenewsonline.com.au	46557	2026-09-28
nasa.gov	8585	2026-09-28
nasdaq.com	55636	2026-09-24
nashfm100.com	5835	2026-09-28
nashfm1025.com	5817	2026-08-06
nashvilleherald.com	102884	2026-09-28
nashvillepost.com	14297	2026-09-25
nashvillescene.com	12107	2026-09-28
nation.africa	39719	2026-09-15
nation.co.ke	29367	2022-02-18
nation.com.pk	11096	2022-06-06
nation.sc	32268	2026-09-28
nationalaccordnewspaper.com	54321	2026-08-16
nationalgeographic.com	11109	2026-09-28
nationalheraldindia.com	6988	2026-03-15
nationalhogfarmer.com	5929	2025-01-21
nationalinterest.org	48930	2026-01-29
nationalmemo.com	10411	2026-09-25
nationalmortgagenews.com	14846	2026-09-28
nationalmortgageprofessional.com	6336	2025-01-22
nationalnetworkonline.com	5430	2026-09-23
nationalobserver.com	21303	2026-07-14
nationalpost.com	54861	2026-09-28
nationalreview.com	12378	2021-07-27
nationaltribune.com.au	8043	2025-01-27
nationnews.com	31477	2026-09-25
nationofchange.org	6473	2026-03-18
nationthailand.com	16496	2026-03-16
natlawreview.com	119401	2026-09-28
naturalgasintel.com	18656	2026-07-15
naturalgasworld.com	12123	2025-02-26
naturalnews.com	65754	2026-09-28
nature.com	37512	2026-09-28
natureworldnews.com	18149	2026-09-26
naval-technology.com	7030	2026-09-28
naveenbharat.in	7607	2022-04-24
navhindtimes.in	33144	2026-09-26
navy.mil	6855	2025-03-06
navytimes.com	10518	2026-09-27
nba.com	18601	2026-03-18
nbc-2.com	55163	2025-02-05
nbc.com	6507	2026-09-23
nbc11news.com	9500	2023-12-14
nbc12.com	30170	2023-12-14
nbc15.com	19997	2023-12-14
nbc16.com	42289	2026-09-28
nbc24.com	8639	2026-09-28
nbc29.com	16840	2023-12-14
nbcbayarea.com	124333	2026-09-28
nbcboston.com	5342	2026-06-04
nbcchicago.com	146142	2026-09-28
nbcconnecticut.com	163300	2026-09-28
nbcdfw.com	143838	2026-09-28
nbclosangeles.com	141313	2026-09-28
nbcmiami.com	116354	2026-09-28
nbcmontana.com	46281	2026-09-28
nbcnews.com	183968	2026-09-28
nbcnewyork.com	140348	2026-09-28
nbcphiladelphia.com	143224	2026-09-28
nbcrightnow.com	53144	2026-09-28
nbcsandiego.com	117174	2026-09-28
nbcsvg.com	9769	2026-09-25
nbcwashington.com	93325	2026-09-28
nbnnews.com.au	29739	2026-09-28
nbr.co.nz	26923	2026-09-28
ncadvertiser.com	56294	2025-10-26
nclawyersweekly.com	7647	2026-06-03
ncnewsonline.com	57614	2026-09-28
ncpa.org	6826	2026-09-25
ncr-iran.org	8559	2026-09-28
ncregister.com	20147	2026-09-28
ncronline.org	16624	2025-10-08
ncspin.com	5217	2026-09-25
ndtv.com	342023	2025-05-26
nebraska.tv	35717	2026-09-28
necn.com	82611	2025-02-13
nehandaradio.com	14245	2026-09-26
neindia.com	7228	2026-09-27
neonnettle.com	10439	2022-07-30
neoskosmos.com	21404	2026-09-28
neowin.net	47848	2025-11-08
nepalnational.com	103700	2026-09-28
nerdist.com	19011	2026-09-28
nesn.com	37486	2026-09-28
netflixlife.com	5968	2026-09-27
netindian.in	5818	2025-08-21
netnewsledger.com	20701	2026-09-28
netscape.com	177306	2026-09-28
netsdaily.com	7350	2026-09-28
netwerk24.com	10158	2025-01-22
networkworld.com	7826	2026-09-28
neurologyadvisor.com	9625	2026-09-25
nevadaappeal.com	12575	2025-09-05
nevadabusiness.com	7592	2026-09-26
nevadanewsandviews.com	6578	2026-09-26
neveitalia.it	11740	2026-03-07
newagebd.net	23289	2025-05-26
newarab.com	9672	2025-09-21
newarkadvertiser.co.uk	34705	2026-09-28
newarkadvocate.com	6177	2023-09-11
newarkpostonline.com	5229	2026-09-28
newbernsj.com	11771	2026-09-28
newburyportnews.com	30105	2026-09-28
newburytoday.co.uk	29066	2026-09-28
newbusinessethiopia.com	13981	2026-09-01
newcanaanite.com	7904	2026-09-28
newcastleherald.com.au	154793	2026-09-28
newcivilengineer.com	14344	2026-09-28
newcountry991.com	6309	2022-04-29
newdelhitimes.com	68335	2026-09-21
newegg.com	26382	2026-09-28
newelectronics.co.uk	12266	2026-06-05
newfoodmagazine.com	5975	2026-03-31
newhamrecorder.co.uk	30035	2026-09-28
newhavenindependent.org	11762	2026-09-28
newidea.com.au	14540	2026-09-28
newindianexpress.com	152265	2026-09-28
newjerseyhills.com	40500	2026-09-25
newjerseytelegraph.com	116813	2026-09-28
newkerala.com	245592	2026-09-17
newmilfordspectrum.com	51343	2022-03-01
newnigerianpolitics.com	5405	2026-08-13
neworleanscitybusiness.com	16544	2026-06-03
neworleanssun.com	58965	2026-09-28
newportri.com	6992	2023-09-08
newrepublic.com	24250	2026-09-27
newrock1041.fm	7175	2026-07-07
news-daily.com	81027	2026-09-28
news-expressky.com	27142	2026-09-28
news-gazette.com	128996	2026-09-28
news-herald.com	52989	2026-09-28
news-journal.com	9612	2026-09-28
news-journalonline.com	17642	2023-09-11
news-leader.com	8165	2023-09-11
news-mail.com.au	44484	2021-04-28
news-medical.net	104890	2026-09-28
news-press.com	12874	2023-09-11
news-star.com	10623	2026-09-26
news.am	93926	2026-09-10
news.az	55402	2026-09-28
news.cn	13336	2022-04-14
news.com.au	91981	2024-07-30
news.err.ee	23415	2022-10-20
news.statetimes.in	7534	2020-06-12
news.tuoitre.vn	12342	2026-09-28
news12.com	74182	2026-09-28
news18.com	268439	2026-03-17
news24.com	168061	2026-09-28
news3lv.com	49469	2026-09-28
news4jax.com	161077	2026-09-28
news4sanantonio.com	51626	2026-09-28
news5cleveland.com	6019	2026-03-18
news8000.com	92520	2026-09-28
news9.com	78302	2026-09-28
news957.com	48715	2021-10-17
newsadvance.com	47303	2026-09-26
newsandsentinel.com	23793	2026-09-28
newsandstar.co.uk	192793	2026-09-28
newsandtribune.com	26652	2026-09-27
newsargus.com	26002	2026-09-28
newsbiscuit.com	6300	2026-09-28
newsblogged.com	5603	2026-09-24
newsbreak.com	10798	2025-12-06
newsbtc.com	36938	2026-09-28
newsbug.info	11192	2026-09-24
newsbusters.org	90075	2026-09-28
newsbytes.ph	5893	2026-09-28
newscenter1.tv	34599	2026-09-28
newscentermaine.com	38963	2026-03-19
newscentralasia.net	8689	2026-09-28
newschannel10.com	23327	2026-09-26
newschannel20.com	29111	2026-09-27
newschannel5.com	53358	2026-09-27
newschannel6now.com	24452	2026-09-28
newschannel9.com	42413	2026-09-28
newschannelnebraska.com	13127	2025-03-22
newschief.com	8585	2023-09-11
newscientist.com	17707	2026-09-28
newsdakota.com	21326	2026-09-25
newsday.co.tt	85767	2026-09-22
newsday.co.zw	30511	2026-08-20
newsday.com	106253	2026-09-28
newsdzezimbabwe.co.uk	7676	2025-12-25
newser.com	78751	2026-09-28
newsfirst.lk	12470	2026-03-19
newsghana.com.gh	84231	2026-08-06
newsherald.com	14695	2023-09-11
newshub.co.nz	18541	2024-07-04
newsincyprus.com	12862	2025-01-27
newsindiatimes.com	14704	2026-09-28
newsitem.com	27878	2026-09-28
newslaundry.com	5741	2026-09-28
newsleader.com	5481	2023-09-11
newsletter.co.uk	32306	2025-01-23
newsmakers.pk	22325	2026-09-27
newsmax.com	59273	2024-07-30
newsminer.com	34566	2026-09-28
newsnation.in	8047	2020-04-07
newsnationnow.com	6205	2025-12-25
newsnationtv.com	27052	2025-10-19
newsnow.co.uk	11477	2026-09-23
newsofbahrain.com	10103	2026-03-05
newson6.com	79141	2026-09-28
newsonair.com	29094	2021-11-26
newsone.com	9291	2026-09-27
newsonjapan.com	27126	2026-09-28
newsoptimist.ca	37573	2021-07-29
newspressnow.com	73769	2026-09-28
newsradio1029.com	75151	2026-09-27
newsradio1310.com	19436	2026-09-28
newsradio1440.com	23058	2025-03-17
newsradioklbj.com	7340	2026-09-28
newsregister.com	13764	2026-09-28
newsroompanama.com	13311	2026-09-28
newsshopper.co.uk	126196	2026-09-28
newstalk.com	45965	2026-09-28
newstalk1030.com	44654	2026-09-28
newstalk1280.com	25466	2026-09-26
newstalk1290.com	18906	2026-09-26
newstalk870.am	21446	2026-09-27
newstalkkgvo.com	16622	2026-09-28
newstalkkit.com	20033	2026-09-28
newstalkzb.co.nz	65127	2026-09-28
newstatesman.com	27940	2026-09-28
newstimes.com	131966	2025-06-12
newstoday.com.bd	12801	2021-01-24
newstodaynet.com	34492	2026-09-28
newstracklive.com	7310	2025-07-05
newstrib.com	7242	2023-05-01
newstribune.com	49924	2026-09-28
newsviewsnreviews.com	5466	2019-11-13
newswatchman.com	5339	2026-09-27
newsweek.com	291778	2026-09-28
newswest9.com	42241	2026-06-26
newswire.ca	22516	2026-09-26
newswire.net	5091	2026-09-26
newswiretoday.com	29131	2026-09-27
newswise.com	42886	2026-09-28
newswit.com	12005	2026-09-28
newsx.com	65345	2026-09-28
newsy.com	19898	2023-01-04
newtelegraphng.com	6479	2026-03-19
newtimesslo.com	8639	2026-09-24
newtoncountytimes.com	12143	2026-09-17
newtondailynews.com	7202	2026-09-26
newtownbee.com	14156	2026-09-28
newvision.co.ug	16963	2026-09-28
newwestrecord.ca	69228	2025-08-01
newyorker.com	17097	2026-09-28
newyorkstatesman.com	52152	2026-09-28
newyorktelegraph.com	179832	2026-09-28
newzealandstar.com	52450	2026-09-28
newzimbabwe.com	34809	2026-09-28
nextbigfuture.com	6495	2026-09-27
nextbigwhat.com	8775	2026-09-28
nextshark.com	11473	2026-09-23
nfl.com	9180	2026-03-18
nflspinzone.com	5233	2026-09-28
nhbr.com	7184	2026-09-26
nhk.or.jp	17436	2026-07-08
nhl.com	22373	2026-03-19
nhpbs.org	21317	2026-09-28
nhpr.org	28340	2026-09-28
nhregister.com	170718	2026-09-10
niagara-gazette.com	27811	2026-09-27
niagarafallsreview.ca	86924	2026-09-28
niagarathisweek.com	10865	2026-09-28
nichegamer.com	14191	2026-09-15
nigerianbulletin.com	9228	2026-07-01
nigerianeye.com	68395	2026-09-28
nigerianobservernews.com	14781	2026-09-28
nigerianpilot.com	7331	2020-10-27
nigeriasun.com	86775	2026-09-28
nih.gov	6203	2026-09-12
nikkei.com	17336	2026-09-28
nine.com.au	11530	2026-07-07
nineoclock.ro	5043	2026-09-26
ninernoise.com	6005	2026-09-28
ninersnation.com	15940	2026-09-28
nintendoeverything.com	13180	2026-09-28
nintendolife.com	35218	2026-09-28
nintendoworldreport.com	16070	2026-09-28
nipawinjournal.com	10212	2026-06-28
niyitabiti.net	5586	2023-01-29
nj.com	120944	2026-02-23
nj1015.com	54305	2026-09-28
njbiz.com	17043	2026-06-04
njherald.com	11636	2023-09-11
nknews.org	11088	2026-09-28
nkytribune.com	10134	2026-03-11
nltimes.nl	23830	2026-09-28
nme.com	61033	2026-09-28
nmpoliticalreport.com	5531	2026-09-28
nna-leb.gov.lb	16290	2023-10-07
nny360.com	63749	2026-09-01
noise11.com	14808	2026-09-28
nola.com	81483	2026-09-28
nonpareilonline.com	59250	2026-09-28
noodls.com	5116	2025-05-02
noosanews.com.au	45618	2021-04-28
noozhawk.com	42068	2026-09-28
norfolkandtillsonburgnews.com	43489	2026-06-22
norfolkdailynews.com	33298	2026-09-27
norfolktoday.ca	10987	2026-09-21
normantranscript.com	25815	2026-09-26
northafricapost.com	13724	2026-09-27
northamptonchron.co.uk	23233	2025-01-23
northantstelegraph.co.uk	18240	2025-01-23
northbaynipissing.com	7009	2026-09-28
northcentralpa.com	35252	2026-09-28
northcoastcitizen.com	5728	2025-09-25
northcoastjournal.com	13211	2026-09-27
northcountrynow.com	68216	2026-09-28
northcountrypublicradio.org	56527	2026-09-28
northdenvernews.com	5881	2026-09-17
northdevongazette.co.uk	9532	2026-05-20
northeasttoday.in	16278	2026-09-28
northern-times.co.uk	46413	2026-09-28
northerndailyleader.com.au	106105	2026-09-28
northernirelandnews.com	19738	2024-12-03
northernirelandworld.com	23257	2025-01-23
northernminer.com	8705	2026-09-25
northernnews.ca	52146	2026-09-27
northernpublicradio.org	59917	2026-09-28
northernstar.com.au	43139	2021-04-28
northernstar.info	7193	2026-09-28
northernvirginiamag.com	5582	2026-09-25
northescambia.com	19510	2026-09-27
northfortmyersneighbor.com	6405	2026-09-26
northislandgazette.com	31931	2026-09-28
northjersey.com	17610	2023-09-11
northkoreatimes.com	35849	2026-09-28
northplattebulletin.com	6200	2026-09-28
northqueenslandregister.com.au	31372	2026-09-28
northsomersettimes.co.uk	35168	2026-09-28
northumberlandgazette.co.uk	17505	2025-01-23
northumberlandnews.com	7318	2026-09-28
northwaleschronicle.co.uk	108315	2026-09-28
northwalespioneer.co.uk	111758	2026-09-28
northwestgeorgianews.com	145527	2026-09-27
northwestmoinfo.com	24663	2026-09-25
northwestsignal.net	41332	2026-09-28
northweststar.com.au	63136	2026-09-28
northwichguardian.co.uk	127980	2026-09-28
norwichbulletin.com	8631	2023-09-11
nottinghampost.com	125318	2026-09-28
nova.ie	26904	2026-09-28
novinite.com	67878	2026-09-28
nowgrenada.com	6533	2026-09-28
nownews.com	14527	2022-10-31
nowtoronto.com	18392	2026-07-30
npr.org	142633	2026-09-28
nptelegraph.com	45631	2026-09-26
nrl.com	13702	2026-09-27
nrn.com	15968	2026-09-25
nrq.com	6093	2026-09-21
nrtoday.com	28327	2026-09-28
nsnews.com	74200	2026-09-28
nst.com.my	19661	2025-09-22
ntnews.com.au	51861	2024-07-22
ntv.co.ug	24045	2026-09-27
nuclear-news.net	19561	2026-09-28
nugget.ca	63668	2026-09-27
nujournal.com	14468	2026-09-27
numberfire.com	17288	2025-10-21
nurseryworld.co.uk	5910	2026-06-19
nursingtimes.net	10466	2026-09-28
nutraingredients-usa.com	6370	2025-10-15
nutraingredients.com	7701	2026-09-28
nvdaily.com	73025	2026-09-28
nvi.com.au	49321	2026-09-28
nwaonline.com	82638	2026-09-28
nwasianweekly.com	5589	2025-12-21
nwemail.co.uk	174276	2026-09-28
nwfdailynews.com	15489	2023-09-11
nwherald.com	10392	2023-05-01
nwitimes.com	107346	2026-09-28
ny1.com	5132	2026-04-22
nyasatimes.com	26295	2026-09-28
nydailynews.com	156367	2026-09-28
nylon.com	5499	2026-09-27
nymag.com	12211	2026-09-28
nynganobserver.com.au	46820	2026-09-28
nyoooz.com	21755	2026-09-16
nypost.com	256446	2026-09-28
nystateofpolitics.com	15948	2026-09-26
nysun.com	20863	2026-08-14
nytimes.com	289221	2026-09-28
nzcity.co.nz	277793	2026-09-28
nzdoctor.co.nz	20665	2026-09-28
nzherald.co.nz	308013	2026-09-28
oakdaleleader.com	7641	2026-09-26
oakridger.com	9789	2023-09-11
oann.com	71222	2026-09-28
oanow.com	32870	2026-09-26
oaoa.com	38684	2025-05-15
obantimes.co.uk	12192	2024-01-25
oberonreview.com.au	50522	2026-09-28
obj.ca	10715	2026-09-27
obozrevatel.com	40531	2025-03-05
obrag.org	7880	2026-09-26
observer-reporter.com	22182	2026-09-28
observer.com	9060	2026-09-28
observer.ug	34765	2026-09-28
observertoday.com	26437	2026-09-27
oc-breeze.com	12900	2023-04-02
ocala.com	12103	2023-09-11
ocbj.com	6285	2026-09-28
oceanfm.ie	15602	2026-09-28
ocj.com	10059	2026-09-28
ocregister.com	78337	2026-09-28
odnako.org	27408	2026-09-28
odt.co.nz	61227	2026-09-28
odwyerpr.com	11661	2026-09-25
oed.com	5141	2026-09-27
oedigital.com	18499	2026-09-28
offalyexpress.ie	62753	2026-05-12
offalyindependent.ie	41269	2026-09-28
officer.com	7390	2026-09-28
offshore-energy.biz	10861	2025-01-22
offshore-technology.com	11021	2026-09-28
ofm.co.za	18906	2026-09-28
og979.com	21908	2026-05-15
ohiostandard.com	43332	2026-09-28
ohsonline.com	5442	2026-09-28
oilandgas360.com	17439	2026-09-11
oilcity.news	6882	2025-04-03
oilprice.com	44111	2026-09-28
oilvoice.com	10120	2020-12-14
oireachtas.ie	10264	2026-09-25
ojaivalleynews.com	11195	2026-09-27
ok.co.uk	128594	2026-09-28
okaz.com.sa	11088	2026-09-27
okcfox.com	39331	2026-09-28
okgazette.com	5507	2026-09-25
oklahomacitysun.com	38570	2026-09-28
oklahoman.com	55294	2023-09-11
oklahomastar.com	22342	2026-09-28
okotoksonline.com	15114	2026-09-28
okotokstoday.ca	8948	2023-03-29
oldham-chronicle.co.uk	12974	2026-09-28
oleantimesherald.com	87028	2026-09-28
omaha.com	179809	2026-09-28
omakchronicle.com	14819	2026-09-26
omanobserver.om	38537	2026-09-28
ominecaexpress.com	26986	2026-09-28
on3.com	5021	2026-03-19
onclive.com	16070	2026-01-16
oncologynurseadvisor.com	6279	2026-09-25
onegreenplanet.org	32793	2026-09-28
oneidadispatch.com	36625	2026-09-28
oneindia.com	63044	2026-09-28
onenewsnow.com	10704	2021-08-10
onenewspage.com	286775	2026-09-28
onlineathens.com	9456	2023-09-11
onlinenigeria.com	70549	2025-03-25
onlineopinion.com.au	9455	2026-09-28
onthewater.com	5718	2026-09-25
onthewight.com	16595	2026-09-28
onwardstate.com	12710	2026-09-28
opalesque.com	5452	2026-09-24
opb.org	7713	2026-04-01
opednews.com	8805	2026-09-27
openpr.com	744388	2026-09-28
openthemagazine.com	10813	2026-09-28
opinionnigeria.com	32838	2026-09-28
opportunitiesforafricans.com	11167	2026-09-26
optics.org	8537	2026-03-25
orangeobserver.com	9356	2025-09-10
orangeville.com	6776	2026-09-28
orangevilletoday.ca	7357	2026-09-28
orcadian.co.uk	5113	2026-09-27
order-order.com	6865	2025-09-01
oregonlive.com	77250	2026-02-23
organiser.org	34454	2026-09-28
origin-businesstoday.intoday.in	40947	2021-06-25
originalfm.com	16807	2025-12-12
orissabarta.com	45115	2026-03-06
orissadiary.com	29144	2026-09-28
orissapost.com	138955	2026-09-28
orlandoecho.com	52271	2026-09-28
orlandosentinel.com	118627	2026-09-28
orlandoweekly.com	15046	2026-09-25
orlytaitzesq.com	27076	2026-09-26
orovillemr.com	15522	2026-09-28
oskaloosa.com	45170	2026-09-28
oskynews.org	6348	2026-09-27
oswegocountynewsnow.com	13236	2026-09-28
oswegocountytoday.com	12676	2026-09-27
ottawa.ctvnews.ca	29397	2025-01-23
ottawacitizen.com	54499	2026-09-28
ottawaherald.com	5737	2026-09-26
ottawasun.com	65612	2026-09-28
ottumwacourier.com	64837	2026-09-28
oudaily.com	6423	2026-09-25
ourmidland.com	73223	2025-12-18
ourtribune.com	5164	2022-10-28
out.com	7999	2026-09-26
outbreaknewstoday.com	7571	2024-04-16
outdoorlife.com	5434	2026-09-28
outdoornews.com	14541	2026-09-27
outdoornewsdaily.com	5453	2023-05-06
outerbanksvoice.com	9373	2026-09-28
outinperth.com	5794	2026-09-28
outlookindia.com	134152	2026-09-28
outsidelands.org	6690	2026-09-28
outsideonline.com	10980	2026-09-28
overdrive.in	6042	2026-09-24
overdriveonline.com	6211	2026-05-27
owensoundsuntimes.com	27593	2026-09-28
oxfordmail.co.uk	243048	2026-09-28
oxygen.com	5153	2026-09-28
oyetimes.com	10769	2026-08-31
packers.com	7879	2026-09-26
packworld.com	8007	2025-12-28
padovanews.it	13563	2026-09-28
paducahsun.com	19032	2026-09-27
pagalguy.com	16458	2026-09-24
pagesix.com	51965	2026-09-28
pagosadailypost.com	7829	2026-09-25
pagosasun.com	13811	2026-09-27
paherald.sk.ca	14761	2026-09-26
pajhwok.com	26817	2026-09-28
pakistanpressfoundation.org	7406	2026-09-22
pakistantelegraph.com	101308	2026-09-28
pakistantoday.com.pk	31308	2026-09-28
pakobserver.net	84257	2026-09-28
palatinate.org.uk	9202	2026-09-28
palatkadailynews.com	5004	2026-09-28
palestinechronicle.com	8588	2025-08-01
palestineherald.com	10961	2026-09-27
palestinemonitor.org	38912	2026-05-15
palmbeachdailynews.com	7786	2023-09-11
palmbeachpost.com	26187	2023-09-11
palmcoastobserver.com	5119	2023-02-01
palmettobusinessdaily.com	6608	2024-01-26
paloaltoonline.com	18919	2026-09-28
pamplinmedia.com	24300	2022-12-14
panapress.com	23117	2026-05-10
panarmenian.net	24741	2026-07-30
pandct.com	10486	2026-02-15
panorama.am	27124	2026-09-28
panow.com	84739	2026-09-28
pantagraph.com	90429	2026-09-27
paperads.com	17379	2026-07-22
paperpk.com	13989	2026-07-20
parabolicarc.com	8426	2023-11-29
parade.com	9416	2025-09-12
paradisepost.com	12156	2026-09-28
parentherald.com	13193	2026-09-28
parents.com	7116	2026-03-17
parisguardian.com	68043	2026-09-28
parisstaronline.com	40321	2026-09-28
parkeschampionpost.com.au	20542	2026-09-28
parking-net.com	6510	2025-03-11
parking.net	10864	2026-09-28
parkrapidsenterprise.com	32093	2026-09-27
parkrecord.com	18780	2026-09-26
parliament.gov.to	20421	2026-08-18
parrysound.com	7807	2026-09-28
parsonssun.com	15499	2026-09-22
pasadenastarnews.com	47316	2026-09-28
pasoroblesdailynews.com	17145	2026-09-26
pastemagazine.com	11734	2026-09-28
patch.com	239966	2026-09-28
patentlyapple.com	6478	2024-07-30
patheos.com	32796	2026-06-18
patriotledger.com	9693	2023-09-11
patriotpost.us	37340	2026-09-28
patriots.com	6438	2026-09-28
pauldavisoncrime.com	9017	2026-09-24
paulickreport.com	26925	2026-02-06
paultan.org	34968	2026-09-28
paysonroundup.com	10074	2026-09-27
pbcommercial.com	7169	2026-04-07
pbn.com	8460	2026-04-18
pbs.org	26137	2026-09-25
pc-tablet.co.in	7418	2025-04-05
pcgamesn.com	30053	2026-09-28
pcmag.com	39501	2026-09-28
pctechmag.com	7284	2026-09-28
pcworld.co.nz	5685	2023-01-27
pcworld.com	16024	2026-09-12
peacearchnews.com	37380	2026-09-28
peacefmonline.com	145649	2025-01-26
peakoil.com	17899	2026-09-28
peconicpublicbroadcasting.org	6972	2020-06-16
pedestrian.tv	30829	2026-09-28
peeblesshirenews.com	95302	2026-09-28
pehub.com	15384	2026-09-28
pembinavalleyonline.com	26024	2026-09-28
pembrokeobserver.com	38995	2026-08-29
pembroketoday.ca	11773	2026-09-21
penarthtimes.co.uk	118186	2026-09-28
penbaypilot.com	37955	2026-09-28
pendletoday.co.uk	5505	2021-12-13
peninsulaclarion.com	5141	2026-09-28
peninsuladailynews.com	11852	2026-09-28
pennlive.com	108037	2026-03-08
pennrecord.com	13340	2025-05-21
pensacolasjet.com	6421	2026-09-28
pentictonherald.ca	86117	2026-09-28
people.com	58098	2026-02-05
peoplesdailyng.com	33481	2026-04-09
peoplesreview.com.np	6988	2026-09-28
peoplesworld.org	18531	2026-09-25
peoriapublicradio.org	14883	2021-05-05
perezhilton.com	34397	2026-08-10
performancedrive.com.au	13678	2025-07-21
perhamfocus.com	25419	2026-09-28
perishablenews.com	22197	2026-09-28
perrynewspapers.com	5257	2026-09-25
personneltoday.com	9152	2026-09-03
perthnow.com.au	83705	2026-09-28
petapixel.com	13188	2026-09-28
peterboroughtoday.co.uk	19466	2025-01-23
petoskeynews.com	13149	2023-09-11
petroleumnews.com	5017	2026-09-24
pghcitypaper.com	9642	2026-04-25
phandroid.com	17880	2026-09-28
pharmaceuticalonline.com	9915	2026-09-27
pharmacytimes.com	12321	2026-03-25
pharmatimes.com	5591	2026-09-28
pharmiweb.com	39419	2026-06-01
pharostribune.com	20105	2026-09-28
philamirror.info	7659	2026-05-24
philenews.com	18599	2026-07-23
philippinetimes.com	92279	2026-09-28
phillymag.com	6537	2026-09-28
phillytrib.com	40857	2026-09-28
phillyvoice.com	35909	2026-09-27
philstar.com	173995	2026-09-28
phinphanatic.com	6321	2026-09-27
phnompenhpost.com	44711	2026-07-31
phoenixfm.com	6669	2026-09-28
phoenixherald.com	110157	2026-09-28
phoenixnewtimes.com	8065	2026-09-26
phoenixvillenews.com	8403	2021-09-28
phonearena.com	41624	2025-08-21
phoronix.com	9796	2026-09-06
photonics.com	8114	2026-01-03
photonicsonline.com	5540	2026-09-24
phys.org	148868	2026-01-29
physiciansweekly.com	7449	2026-01-06
pikefm.com	10023	2026-09-28
pilotonline.com	72791	2026-09-28
pina.com.fj	21226	2026-09-28
pinchercreekecho.com	8998	2026-09-27
pineandlakes.com	34820	2026-09-28
pineisland-eagle.com	7527	2026-09-25
pinkbike.com	9096	2024-08-26
pinknews.co.uk	20157	2022-11-29
pinkun.com	5191	2025-12-06
pinkvilla.com	221877	2026-09-28
pinstripealley.com	20059	2026-09-28
pionline.com	18259	2026-06-18
piquenewsmagazine.com	60540	2025-09-05
pireport.org	10973	2026-09-25
pistonheads.com	5825	2026-09-28
pitchfork.com	19222	2026-09-28
pittsburghmagazine.com	6187	2026-09-26
pittsburghstar.com	115601	2026-09-28
piworld.com	8232	2026-09-26
pix11.com	19492	2025-06-12
pizzamarketplace.com	5623	2026-09-28
pjmedia.com	49590	2026-09-28
pjstar.com	10980	2023-09-11
placenorthwest.co.uk	17006	2026-06-04
plaintalk.net	5742	2026-09-28
planetf1.com	47240	2026-09-28
planetizen.com	14972	2025-07-30
planetprinceton.com	10828	2026-09-28
plansponsor.com	6388	2026-07-31
plasticsnews.com	9513	2026-04-29
playbill.com	25427	2026-09-28
playstationlifestyle.net	16380	2026-09-28
pleasantonweekly.com	12840	2026-09-28
plenglish.com	62043	2026-09-28
plos.org	6042	2026-09-28
pluggedin.com	5563	2026-09-26
plymouthherald.co.uk	106555	2026-09-28
pmlive.com	10101	2026-09-25
pmnewsnigeria.com	56009	2026-09-28
pna.gov.ph	7058	2026-03-08
pnj.com	13200	2023-09-11
poandpo.com	22819	2025-05-09
pocket-lint.com	26937	2026-09-28
pocketgamer.com	7930	2026-09-28
pocketnow.com	11447	2025-09-04
poconorecord.com	7358	2023-09-11
pokernews.com	34558	2026-09-28
polandsun.com	5706	2023-12-21
police1.com	7640	2026-09-18
polishforums.com	9831	2026-09-27
politicaldog101.com	31689	2026-09-28
politicalwire.com	59662	2026-09-28
politico.com	67856	2025-11-05
politico.eu	42278	2026-09-28
politics.co.uk	8903	2026-09-28
politicsweb.co.za	11007	2026-09-28
politicususa.com	7324	2026-02-28
politifact.com	12964	2026-09-28
polity.org.za	34101	2026-09-28
polkio.com	18765	2026-09-28
pollstar.com	6661	2026-09-10
polygon.com	38098	2026-09-28
poncacitynews.com	9954	2026-09-28
pontefractandcastlefordexpress.co.uk	5456	2021-12-14
popcrush.com	18727	2026-09-28
popmatters.com	6121	2025-10-29
popsci.com	13003	2026-09-28
popsugar.com	65105	2026-09-24
popsugar.com.au	14474	2025-05-08
popularmechanics.com	15340	2026-09-26
portageonline.com	28140	2026-09-28
portcitydaily.com	16107	2026-09-28
portclintonnewsherald.com	6288	2023-09-11
portfolio-adviser.com	7369	2026-09-28
portlandmercury.com	12237	2026-09-26
portlandtribune.com	8891	2026-09-27
portnews.com.au	66125	2026-09-28
portsmouth-dailytimes.com	7689	2026-09-27
portsmouth.co.uk	25284	2025-01-23
portstephensexaminer.com.au	58861	2026-09-28
porttechnology.org	5116	2026-08-28
positivelyfilipino.com	6281	2026-09-24
post-journal.com	25071	2026-09-28
postandcourier.com	124534	2026-09-28
postbulletin.com	63629	2026-09-28
postcourier.com.pg	44372	2026-09-28
postcrescent.com	12995	2023-09-11
postindependent.com	14686	2026-09-26
postnewsgroup.com	6692	2026-09-28
postonline.co.uk	9309	2026-09-28
postregister.com	70056	2026-09-28
poststar.com	66323	2026-09-27
potchefstroomherald.co.za	10484	2023-10-04
potomaclocal.com	14573	2026-09-28
pottsmerc.com	51708	2026-09-28
poughkeepsiejournal.com	7141	2023-09-11
poundingtherock.com	9021	2026-09-28
powderbulksolids.com	7690	2026-09-25
powelltribune.com	19503	2026-09-27
power-technology.com	11848	2026-09-28
power103.com	8547	2026-09-27
power1057.com	7804	2026-09-28
power1069fm.com	22458	2026-08-09
power923.com	6445	2026-09-27
power959.com	20227	2026-09-28
power965.com	6877	2025-01-27
power96radio.com	52089	2026-09-28
power98fm.com	24240	2026-09-28
powerboise.com	5242	2026-09-17
powerlineblog.com	11521	2026-07-02
powermag.com	6239	2026-09-28
powerorlando.com	8114	2026-09-25
powerpage.org	7064	2026-01-18
poynter.org	5596	2026-09-25
pqbnews.com	32927	2026-09-28
pr-inside.com	191210	2026-09-28
pr.com	17168	2026-09-28
pragativadi.com	55929	2026-09-28
prairiepublic.org	43338	2026-09-28
praise933.com	5194	2024-04-28
prajasakti.com	11555	2026-06-26
pratttribune.com	5184	2023-09-12
predominantlyorange.com	8015	2026-09-28
premierchristianradio.com	11066	2023-06-07
premiumbeautynews.com	6159	2026-09-28
premiumtimesng.com	112778	2026-09-28
prescottenews.com	9377	2026-08-04
press-citizen.com	9004	2023-09-11
pressandguide.com	17310	2025-11-04
pressandjournal.co.uk	196721	2025-05-27
pressconnects.com	6069	2023-09-11
pressdemocrat.com	33999	2026-09-28
pressenterpriseonline.com	87096	2026-01-28
pressenza.com	12764	2026-09-28
pressgazette.co.uk	7352	2026-09-28
pressherald.com	133932	2026-09-28
pressofatlanticcity.com	83138	2026-09-28
pressparty.com	8869	2026-01-02
presspublications.com	6543	2026-09-25
presspubs.com	7806	2026-09-27
pressreleasepoint.com	60764	2026-09-28
pressrepublican.com	20154	2026-09-27
presstelegram.com	47939	2026-09-28
presstv.com	18559	2021-06-22
presstv.ir	65484	2026-07-22
prestigeonline.com	9027	2026-09-28
prestwichandwhitefieldguide.co.uk	18621	2023-03-07
prevention.com	11950	2026-09-28
prima.co.uk	8868	2026-09-28
primepublishers.com	5280	2026-09-28
princegeorgecitizen.com	137171	2025-09-05
princeton.edu	9215	2026-09-22
princetonol.com	11622	2026-09-28
printingnews.com	8737	2022-11-18
printweek.com	9505	2026-05-29
printweek.in	8978	2026-09-28
prisonplanet.com	5521	2026-08-12
priyo.com	19475	2026-09-05
prleap.com	9618	2026-09-26
prnewswire.co.uk	14921	2026-09-24
prnewswire.com	1319951	2026-09-28
proactiveinvestors.co.uk	61702	2026-09-12
proactiveinvestors.com	64681	2026-09-28
proactiveinvestors.com.au	34392	2026-09-12
probuilder.com	7528	2026-09-26
producer.com	14827	2025-05-22
professionaladviser.com	13899	2026-09-28
professionalpensions.com	11066	2026-09-28
progress-index.com	6209	2023-09-11
progressive-charlestown.com	20581	2026-09-28
progressivegrocer.com	7553	2025-09-09
progressiverailroading.com	10792	2026-09-27
projectnoah.org	19442	2026-09-06
prokerala.com	643809	2026-09-28
prolificnorth.co.uk	21481	2026-07-21
promptnewsonline.com	39732	2026-09-28
propakistani.pk	85265	2026-09-28
propertyweek.com	27813	2026-09-28
propertywire.com	5019	2026-09-28
propublica.org	5491	2026-09-28
prospectmagazine.co.uk	8266	2026-09-26
providencejournal.com	22218	2023-09-11
prowrestling.net	18522	2026-09-28
prpeak.com	86658	2025-09-05
prrecordgazette.com	12959	2026-09-27
prunderground.com	11996	2026-08-09
prweb.com	172538	2026-09-23
prweek.com	13527	2026-07-02
psu.com	7048	2025-06-06
psu.edu	25231	2026-09-27
psychcentral.com	5022	2024-10-01
psychiatryadvisor.com	8841	2026-09-25
psychologytoday.com	23396	2026-09-01
ptinews.com	297015	2024-03-31
ptleader.com	7820	2026-09-28
publicnewsservice.org	19341	2025-08-20
publicnow.com	17005	2022-09-16
publicradioeast.org	54458	2026-09-28
publicradiotulsa.org	56160	2026-09-28
publishersweekly.com	21143	2026-09-28
pullmanradio.com	13619	2026-09-25
pulse.com.gh	49036	2026-03-19
pulse.ng	86874	2026-03-18
punchjump.com	11392	2026-09-26
punchng.com	298893	2026-09-28
punknews.org	9410	2026-09-27
punto.com.ph	9027	2026-09-28
purdueexponent.org	36958	2026-09-28
purerock96.com	9354	2026-09-28
purplerow.com	6147	2026-09-28
pushsquare.com	29770	2026-09-28
pv-magazine.com	18465	2026-06-04
pv-tech.org	13760	2026-09-28
pvvt.com	5711	2026-09-16
pwcs.edu	10390	2022-08-01
pymnts.com	23992	2026-09-28
q102.ie	16992	2026-09-27
q105.fm	6809	2026-09-28
q1057.com	9729	2026-09-25
q1061.com	8450	2026-09-28
q1065.fm	24091	2026-09-28
q106dot5.com	21568	2026-09-28
q106fm.com	8281	2026-09-25
q107.com	20509	2026-09-25
q1077.com	25256	2026-09-25
q107fm.ca	6514	2020-06-10
q108.com	7920	2026-09-23
q13fox.com	32112	2023-04-18
q93fm.com	15045	2026-09-27
q957.com	18815	2025-10-31
q95fm.net	8602	2026-08-21
q961.com	24045	2026-09-28
q985online.com	38214	2026-09-28
q98fm.com	7164	2026-09-28
qatar-tribune.com	33754	2026-09-28
qatarliving.com	9151	2026-09-28
qchron.com	13155	2026-09-26
qconline.com	70196	2026-09-28
qctimes.com	96372	2026-09-28
qns.com	12367	2026-09-28
qsrmagazine.com	6347	2026-02-19
qsrweb.com	7170	2026-09-25
qt.com.au	56636	2021-06-23
quadcitiesdaily.com	21617	2026-01-02
queanbeyanage.com.au	70449	2026-09-28
queensjournal.ca	5312	2026-09-26
queenslandcountrylife.com.au	50480	2026-09-28
queerty.com	6797	2026-09-27
quesnelobserver.com	30087	2026-09-28
quickcountry.com	48650	2026-09-28
quicknews-africa.net	37426	2026-09-27
quickworldnews.com	19319	2021-10-16
quintenews.com	27704	2026-09-28
qvc.com	59060	2026-09-16
qxmagazine.com	26771	2026-07-27
qz.com	34087	2026-04-13
racer.com	13748	2026-01-08
radaronline.com	34740	2026-09-28
radio.com	43725	2025-12-15
radio.gov.pk	59273	2026-09-28
radiocayman.gov.ky	8446	2026-09-28
radioinfo.com.au	6174	2025-01-22
radioink.com	15204	2026-09-28
radioiowa.com	16240	2026-07-27
radiojamaicanewsonline.com	29773	2026-09-28
radiokerry.ie	25159	2026-09-28
radiokorea.com	28815	2026-08-10
radiotamazuj.org	13518	2026-09-28
radiotimes.com	41426	2026-09-28
radiotoday.co.uk	5874	2026-09-28
radiotoday.com.au	8181	2025-06-14
radiousa.com	8299	2026-09-28
radiox.co.uk	6863	2026-09-28
radyonatin.com	11629	2025-10-03
rafu.com	5450	2026-09-27
ragtrader.com.au	7803	2026-09-28
railpage.com.au	73388	2023-10-15
railway-technology.com	5674	2026-09-08
railwayage.com	8580	2026-01-31
railwaygazette.com	11048	2026-09-28
rap-up.com	9390	2026-02-07
rapidcityjournal.com	58749	2026-09-27
rapidtvnews.com	6195	2026-02-17
rappler.com	84577	2026-09-28
rappnews.com	9635	2026-08-30
rapsinews.com	6019	2025-12-09
rashtranews.com	23678	2026-08-04
rasmussenreports.com	7836	2026-09-25
ravallirepublic.com	53815	2026-09-27
rawstory.com	66186	2026-09-28
rbj.net	12065	2026-06-04
rbth.com	6317	2026-09-16
rcps.info	37674	2026-06-15
rcreader.com	8268	2026-09-28
rcrwireless.com	8580	2026-09-28
reachfm.ca	13597	2026-01-01
readingchronicle.co.uk	139175	2026-09-28
readingeagle.com	58847	2026-09-28
readmedia.com	32525	2026-09-24
readwrite.com	6434	2026-09-28
realclearpolitics.com	31789	2026-05-17
realestate.com.au	14403	2026-09-28
realestatebusiness.com.au	9059	2026-09-28
realgeni.com	32458	2025-04-16
realitytea.com	42710	2026-09-28
realitytvworld.com	35818	2026-09-27
realradio804.com	6503	2026-09-25
realscreen.com	6878	2026-06-24
reason.com	16011	2026-09-28
rechargenews.com	10552	2026-09-28
record-bee.com	11679	2026-09-28
record-eagle.com	80673	2026-09-28
recordcourier.com	10467	2025-09-04
recorder.ca	49995	2026-09-28
recorder.com	35251	2026-09-28
recordernews.com	6816	2023-10-26
recorderonline.com	52156	2026-09-27
recordnet.com	9191	2023-09-11
recordonline.com	10835	2023-09-11
redandblack.com	10074	2026-09-28
redbluffdailynews.com	13175	2026-09-28
reddeeradvocate.com	21668	2026-09-27
redding.com	5466	2023-09-11
redditchadvertiser.co.uk	111076	2026-09-28
redditchstandard.co.uk	15155	2026-09-28
redeyeradioshow.com	14672	2026-09-16
redfm.ie	11678	2026-09-28
rediff.com	87486	2026-09-28
redlandcitybulletin.com.au	65871	2026-09-28
redlandsdailyfacts.com	45541	2026-09-28
redriverradio.org	57764	2026-09-28
redstate.com	76946	2026-09-28
redwatch.org.au	11965	2026-09-27
reflector.com	103831	2026-09-28
reformer.com	47619	2026-09-28
regina.ctvnews.ca	15942	2025-04-08
register-herald.com	61331	2026-09-28
registercitizen.com	111574	2026-04-21
registerguard.com	9843	2023-09-10
registerherald.com	6606	2025-09-17
rejournals.com	8752	2025-07-14
rekordeast.co.za	10868	2021-02-24
relevantmagazine.com	8544	2026-09-28
relevantradio.com	9361	2026-06-04
reliefweb.int	163718	2026-03-28
religionnews.com	16689	2026-09-26
relish.com	7311	2026-08-31
relix.com	6706	2026-09-27
renalandurologynews.com	8297	2026-09-25
renewableenergymagazine.com	10426	2026-09-25
renews.biz	22747	2025-01-23
renfrewtoday.ca	11839	2026-09-21
rep-am.com	52992	2025-02-04
repeatingislands.com	7088	2026-09-25
reporter.net	18325	2026-09-27
reporterherald.com	40669	2026-09-28
reporternews.com	9509	2023-09-11
republic-online.com	26032	2026-09-18
republicaneagle.com	5731	2026-09-28
republicanherald.com	47715	2026-09-28
republicofmining.com	6923	2026-08-07
republicworld.com	41980	2026-03-17
republikein.com.na	6627	2026-09-28
rescue.org	5799	2026-09-18
reseller.co.nz	14669	2026-09-28
resilience.org	5493	2026-09-28
respect-mag.com	5648	2026-09-01
restaurantmagazine.com	13948	2026-09-28
restaurantnews.com	13843	2026-09-25
restaurantnewsrelease.com	13566	2026-09-25
restaurantonline.co.uk	6309	2026-09-28
restonnow.com	6591	2024-05-17
retaildetail.eu	7434	2026-09-28
retaildive.com	12832	2026-09-28
retailtimes.co.uk	19189	2026-09-28
reuters.com	928661	2026-07-21
revengeofthebirds.com	7124	2026-09-28
reverb.com	6060	2022-05-04
reviewjournal.com	40169	2026-09-28
reviewonline.com	18740	2026-09-28
reviewtimes.com	6175	2020-06-10
revolutionradio.org	7537	2025-09-24
revolvermag.com	6193	2025-01-22
rewind943.com	9915	2026-09-24
rexburgstandardjournal.com	7466	2026-09-26
rfa.org	13553	2026-09-26
rfdtv.com	26046	2026-09-28
rferl.org	46203	2026-09-28
rfglobalnet.com	5490	2026-09-28
rfi.fr	62536	2026-09-24
rgj.com	9002	2023-09-11
rheaheraldnews.com	8752	2026-09-28
rheinpfalz.de	6895	2020-11-26
rhyljournal.co.uk	115779	2026-09-28
ricentral.com	6572	2026-09-23
richlandsource.com	29375	2026-09-28
richmond-news.com	74966	2025-09-05
richmond.com	91483	2026-09-28
richmondandtwickenhamtimes.co.uk	113918	2026-09-28
richmondbizsense.com	7508	2026-09-28
richmondfreepress.com	7220	2026-02-12
richmondregister.com	27708	2026-09-28
ricochet.com	33598	2025-06-14
ridgecrestca.com	9177	2026-09-27
riggosrag.com	7132	2026-09-28
rightspeak.net	12654	2026-09-28
rigzone.com	31194	2026-09-28
ringsidereport.com	6102	2026-09-17
riotimesonline.com	47227	2026-09-28
riponadvance.com	8538	2026-09-25
riponpress.com	7821	2026-09-27
ripplesnigeria.com	10801	2026-02-09
risingapple.com	6029	2026-09-27
risingbd.com	7134	2023-02-02
risingkashmir.com	6154	2025-07-25
risk.net	7932	2026-09-28
rismedia.com	15150	2026-09-25
rivals.com	5169	2025-06-14
river1037.com	15304	2026-09-27
river105.com	11695	2026-09-09
river949.com.au	5018	2026-09-28
river967.com	22250	2026-09-28
riverbender.com	7579	2025-01-23
riverfronttimes.com	8051	2025-08-16
rivergrandrapids.com	31760	2026-09-28
rivernewsonline.com	15269	2026-09-25
riviera-maya-news.com	11748	2026-09-26
rnanews.com	6802	2026-09-26
rnz.co.nz	162442	2026-09-28
road.cc	10452	2026-09-28
roadandtrack.com	12623	2026-09-28
roadsafety.co.za	10961	2026-09-28
roanoke.com	77260	2026-09-27
roarmag.org	23778	2026-09-28
robbreport.com	17012	2026-09-28
robesonian.com	6115	2026-09-26
roboticstomorrow.com	7768	2026-09-25
rochdaleonline.co.uk	11368	2025-11-25
rochestercitynewspaper.com	5405	2023-03-06
rock101.com	10997	2026-09-21
rock1015.com	6309	2026-09-27
rock107.com	10083	2026-09-25
rock937online.com	24042	2025-03-27
rock947.com	9740	2022-11-22
rock967online.com	21659	2026-09-28
rockdalenewtoncitizen.com	71558	2026-08-23
rockpapershotgun.com	20352	2026-09-27
rocksound.tv	5227	2026-09-28
rockymounttelegram.com	63638	2026-09-28
rockytopinsider.com	8369	2026-09-27
rogerebert.com	23518	2026-01-29
rollcall.com	11780	2026-09-28
rollingout.com	36521	2025-12-23
rollingstone.com	55792	2026-09-28
rollingstoneindia.com	6534	2026-09-28
romania-insider.com	16431	2026-09-06
romaniapress.com	68003	2026-09-28
romesentinel.com	14113	2026-09-28
romfordrecorder.co.uk	51127	2026-09-28
romseyadvertiser.co.uk	52579	2024-10-26
roscommonherald.ie	52695	2026-09-28
ross-shirejournal.co.uk	52596	2026-09-28
rosslandtelegraph.com	5867	2026-09-23
rotherhamadvertiser.co.uk	7306	2025-01-23
rotowire.com	13034	2026-09-28
roundupweb.com	5618	2026-09-24
routesonline.com	12955	2026-07-31
royalcentral.co.uk	13900	2026-09-27
royalgazette.com	55671	2026-09-28
royalsreview.com	8256	2026-09-27
royston-crow.co.uk	31276	2026-09-28
rozanaspokesman.com	14306	2026-09-28
rrdailyherald.com	24188	2026-09-27
rri.ro	10137	2026-09-28
rrobserver.com	6569	2026-09-27
rrr.org.au	25811	2026-09-28
rrstar.com	9459	2023-09-11
rsn.net.au	11295	2026-09-28
rstreet.org	8408	2026-09-25
rt.com	14531	2026-09-27
rte.ie	182722	2026-09-28
rthk.hk	11707	2026-09-04
rtoinsider.com	6077	2026-09-27
rtrfm.com.au	6130	2026-09-25
rttnews.com	138036	2026-09-28
rubbernews.com	9503	2026-06-18
runcornandwidnesworld.co.uk	92637	2026-09-28
runnersworld.com	10438	2026-09-27
runningmagazine.ca	6539	2026-09-28
runwaygirlnetwork.com	5635	2026-03-31
rushlane.com	9129	2026-09-28
russiaherald.com	135008	2026-09-28
russianmachineneverbreaks.com	7601	2026-09-28
russianradio7.com	8075	2025-01-20
rustourismnews.com	6604	2026-09-28
ruthfullyyours.com	25532	2026-08-01
rutland-times.co.uk	12054	2026-09-28
rutlandherald.com	41140	2026-09-28
rvasia.org	8268	2026-08-11
ryeandbattleobserver.co.uk	5120	2022-02-09
sabcnews.com	8897	2026-03-19
sacobserver.com	7011	2026-05-28
sacurrent.com	17220	2026-09-26
safc.com	10896	2024-07-16
saharareporters.com	101234	2026-09-27
saharasamay.com	17977	2026-09-27
sahilonline.org	12158	2026-09-27
sail-world.com	22006	2026-09-27
sailingscuttlebutt.com	8762	2026-07-12
saipantribune.com	7237	2025-05-29
sakshi.com	36429	2025-06-05
sakshipost.com	33002	2026-09-28
salemnews.com	29784	2026-09-28
salemnews.net	17548	2026-09-28
salina.com	9487	2023-09-10
salinapost.com	32091	2026-09-28
salisburyjournal.co.uk	123111	2026-09-28
salon.com	33107	2026-09-27
saltlakecitysun.com	146836	2026-09-28
saltwire.com	83016	2026-09-28
samaa.tv	62532	2026-09-28
sammobile.com	26335	2026-08-26
samoanews.com	6036	2026-09-26
samoaobserver.ws	9566	2026-09-28
sana.sy	29616	2026-09-28
sanangelolive.com	28378	2026-09-27
sanantoniopost.com	63960	2026-09-28
sandiegoreader.com	13139	2025-08-22
sandiegosun.com	179229	2026-09-28
sandiegouniontribune.com	216174	2026-09-28
sanews.gov.za	16241	2026-09-28
sanfordherald.com	52706	2026-09-28
sanilacbroadcasting.com	5339	2025-01-09
sanjuanjournal.com	5845	2026-09-27
sanmarcosrecord.com	10966	2026-09-24
sanremonews.it	5337	2026-09-28
santabanta.com	7614	2026-09-28
santacruzsentinel.com	22488	2026-09-28
santafenewmexican.com	63807	2026-09-28
santamariasun.com	5464	2026-09-24
santamariatimes.com	93597	2026-09-28
saobserver.net	45912	2026-09-28
saps.gov.za	37740	2025-11-19
sarajevotimes.com	5933	2026-03-02
saratogian.com	39548	2026-09-28
sarniathisweek.com	35616	2026-01-20
saskatoon.ctvnews.ca	14577	2025-01-22
satellitetoday.com	7233	2026-09-25
satnews.com	14694	2026-09-28
saudigazette.com.sa	54271	2026-03-18
saukvalley.com	7863	2020-12-17
saultstar.com	60690	2026-09-27
saultthisweek.com	48731	2026-06-22
savannahnow.com	16081	2023-09-11
savejersey.com	6161	2026-09-28
savingadvice.com	6222	2026-09-27
savonanews.it	5032	2026-09-28
sb.by	19065	2026-09-28
sbcnews.co.uk	7219	2024-12-05
sbnation.com	47839	2026-09-28
sbr.com.sg	20276	2026-09-28
sbs.com.au	85489	2026-09-28
sbsun.com	46202	2026-09-28
sbwire.com	16543	2022-01-13
scallywagandvagabond.com	9179	2026-09-27
scdailypress.com	7072	2023-01-30
schoolsweek.co.uk	7252	2026-07-03
schroders.com	5010	2024-02-09
science.org	5028	2024-04-24
science20.com	8029	2026-09-28
sciencealert.com	19002	2026-09-21
scienceblog.com	15938	2026-09-26
scienceblogs.com	14726	2026-09-27
sciencebusiness.net	9408	2026-02-09
sciencedaily.com	32158	2026-09-14
sciencemag.org	12882	2021-10-07
sciencenews.org	5552	2026-09-25
scientificamerican.com	14452	2026-09-28
scmagazine.com	10578	2024-09-25
scmp.com	162337	2026-09-28
scnow.com	44816	2026-09-27
sconeadvocate.com.au	72434	2026-09-28
scoop.co.nz	287178	2026-09-28
scotsman.com	80113	2025-01-23
scottishconstructionnow.com	6987	2026-09-28
scottishhousingnews.com	7140	2026-09-28
scottishlegal.com	6375	2026-09-28
scpr.org	7524	2024-02-29
screencrush.com	10369	2026-09-28
screendaily.com	27103	2025-09-05
screenrant.com	212909	2026-09-28
scrippsnews.com	14232	2026-09-14
scroll.in	56342	2026-09-28
sctimes.com	6903	2023-09-10
scvnews.com	21963	2026-09-28
sdbj.com	5929	2026-09-25
sdcexec.com	8119	2025-12-28
sdjewishworld.com	6618	2026-09-28
sdpb.org	14736	2026-09-28
se933.com	20928	2026-09-26
seacoastonline.com	17956	2024-10-24
seafoodsource.com	6470	2025-01-23
seaforthhuronexpositor.com	22832	2026-09-19
seahawks.com	6397	2026-09-28
searchenginejournal.com	6675	2026-09-26
searchengineland.com	9467	2026-09-15
searchlight.vc	23270	2026-09-26
seasideradio.co.uk	13598	2026-09-28
seatrade-maritime.com	9491	2025-01-09
seattlepi.com	165051	2025-11-18
seattletimes.com	70978	2026-07-15
securityinfowatch.com	9794	2026-09-25
sedaliademocrat.com	12362	2026-09-27
seekingalpha.com	145211	2026-09-28
seenews.com	23417	2025-11-19
segmentnext.com	12742	2025-07-30
seguingazette.com	7215	2026-09-26
seguintoday.com	5244	2026-09-26
sej.org	15242	2026-09-25
selectscience.net	14658	2026-09-28
semissourian.com	16204	2026-08-30
sen.com.au	17190	2024-11-11
senate.gov.ph	10256	2025-08-20
seneweb.com	81744	2026-04-30
sent-trib.com	33170	2025-09-17
sentinel-standard.com	6658	2023-09-09
sentinelandenterprise.com	21385	2026-09-28
sentinelassam.com	83785	2026-09-28
sentinelsource.com	22605	2025-02-13
sequimgazette.com	6342	2026-09-28
serbian.cri.cn	11450	2026-09-28
setexasrecord.com	13902	2025-05-21
sevendaysvt.com	20136	2026-09-26
seventeen.com	10867	2026-09-03
seychellesnewsagency.com	7022	2026-02-17
sfchronicle.com	86527	2025-11-18
sfexaminer.com	15578	2026-09-28
sfgate.com	557091	2026-09-12
sfist.com	16405	2026-09-27
sflcn.com	6330	2026-06-04
sfstation.com	9610	2026-09-28
sgvtribune.com	48583	2026-09-28
shabait.com	5375	2026-09-27
shacknews.com	30615	2026-09-28
shafaqna.com	41064	2026-09-28
shanghaiist.com	6071	2026-07-11
shanghainews.net	90361	2026-09-28
shanghaisun.com	155804	2026-09-28
shankennewsdaily.com	7310	2026-09-25
shannonside.ie	29381	2026-09-28
sharecast.com	18144	2026-03-26
sharechat.co.nz	5793	2026-09-28
sharenet.co.za	17883	2026-09-15
shark1053.com	22551	2026-09-26
sharonherald.com	24636	2026-09-28
sheboyganpress.com	9278	2023-09-11
shekicks.net	6466	2026-09-17
sheknows.com	28609	2026-09-26
shelbystar.com	6592	2023-09-11
sheltonherald.com	53654	2025-11-18
shephardmedia.com	8568	2026-09-25
sheppnews.com.au	6976	2025-10-15
sherbrookerecord.com	5357	2026-09-26
sheridanmedia.com	22678	2026-09-28
sherwoodparknews.com	16839	2026-09-27
shetlandtimes.co.uk	8625	2026-09-28
shetnews.co.uk	16564	2026-09-28
shieldsgazette.com	12833	2025-01-23
shine.cn	8014	2025-06-14
ship-technology.com	5387	2026-09-24
shipandbunker.com	17639	2026-09-28
shipnc.com	8573	2026-09-28
shippingtribune.com	6208	2026-09-28
shippingwatch.com	7709	2026-06-26
shockya.com	5841	2026-09-27
shorehamherald.co.uk	6130	2022-02-09
shorelinebeacon.com	23344	2026-08-29
shorelinemedia.net	23758	2026-09-28
shorenewsnetwork.com	18724	2026-03-12
shortlist.com	6836	2026-09-28
showbiz411.com	6304	2026-09-28
shreveporttimes.com	9564	2023-09-11
shropshirelive.com	11992	2026-09-28
shropshirestar.com	67852	2026-03-26
si.com	256985	2026-09-28
siasat.com	166176	2026-09-28
sidneydailynews.com	17900	2025-09-17
sidneyherald.com	11781	2026-09-26
sierraleonetimes.com	71251	2026-09-28
sierrawave.net	6472	2026-09-28
sify.com	66109	2026-09-28
signalscv.com	22287	2026-09-05
siliconangle.com	18879	2026-09-28
siliconera.com	19780	2026-09-27
siliconindia.com	22953	2026-09-28
siliconrepublic.com	20078	2026-09-28
siliconvalley.com	15118	2026-09-27
silive.com	59239	2026-09-14
silverandblackpride.com	15764	2026-09-28
silverbirdtv.com	9300	2026-09-28
simcoe.com	14209	2026-09-27
simcoereformer.ca	51939	2026-09-27
simpleflying.com	8160	2026-09-01
sina.com	68991	2025-01-09
sina.com.hk	30451	2026-09-28
singaporestar.com	77633	2026-09-28
singersroom.com	17182	2026-09-13
singletonargus.com.au	76807	2026-09-28
siouxcityjournal.com	261603	2026-09-28
siouxlandnews.com	8410	2026-09-28
sis.gov.eg	9722	2025-11-14
siskiyoudaily.com	5408	2023-09-11
sitkasentinel.com	36405	2026-09-28
sj-r.com	11627	2023-09-11
skift.com	18126	2026-09-28
sknvibes.com	13026	2026-09-17
skopjediem.com	6700	2026-09-21
sky.com	87587	2026-09-22
skymetweather.com	6268	2026-09-28
skynews.com.au	72895	2026-07-26
slamonline.com	5481	2025-09-10
slashdot.org	5538	2024-09-09
slashfilm.com	43127	2026-09-28
slashgear.com	57482	2026-09-28
slate.com	42797	2026-09-28
sleepreviewmag.com	5269	2026-09-25
slguardian.org	24813	2026-09-28
slippedisc.com	7231	2026-09-27
slotocash.im	6832	2023-11-30
sloughobserver.co.uk	114098	2026-09-28
sloveniatimes.com	12811	2025-11-18
sltrib.com	30284	2026-09-28
slugmag.com	5560	2026-09-27
smallbiztrends.com	13467	2026-09-28
smallwarsjournal.com	6274	2026-06-04
smartcanucks.ca	14052	2026-09-28
smartcompany.com.au	10168	2026-09-28
smartpropertyinvestment.com.au	6327	2026-09-26
smdailyjournal.com	137001	2026-07-31
smdp.com	12552	2026-09-28
smenet.org	5147	2026-09-25
smetimes.in	13981	2026-09-26
smh.com.au	272570	2026-09-28
smithsonianmag.com	5403	2026-09-21
smn-news.com	16236	2026-09-28
smnewsnet.com	11006	2026-03-23
smokymountainnews.com	9264	2026-09-24
snl24.com	37194	2026-07-02
snntv.com	12417	2024-07-01
snopes.com	13727	2026-03-19
so-co-it.com	5992	2026-07-02
soapoperadigest.com	6248	2026-09-27
socaltech.com	5712	2025-12-24
socialistparty.org.uk	5103	2025-01-22
socialmediatoday.com	12889	2026-09-28
sofiaglobe.com	9694	2026-09-28
sofrep.com	14350	2026-09-23
softpedia.com	5650	2024-12-01
softrock941.com	5118	2023-02-13
soglos.com	5922	2026-09-28
sojo1049.com	42222	2026-09-28
solomonstarnews.com	9202	2026-04-30
somdnews.com	22529	2026-09-28
somerset-kentucky.com	30793	2026-09-26
somersetcountygazette.co.uk	193508	2026-09-28
somersetlive.co.uk	96956	2026-09-28
sooeveningnews.com	5730	2023-09-09
sookenewsmirror.com	39695	2026-09-28
soompi.com	34637	2026-09-28
sott.net	73291	2026-09-28
sounderatheart.com	7668	2026-09-27
soundonsound.com	25767	2026-09-27
southbendtribune.com	14724	2023-09-11
southcarolinapublicradio.org	77619	2026-09-28
southcoastregister.com.au	53236	2026-09-28
southcoasttoday.com	12183	2025-05-13
southdadenewsleader.com	8841	2026-09-28
southeastagnet.com	6437	2026-09-28
southeastasiapost.com	102361	2026-09-28
southeastradio.ie	8843	2026-09-28
southeastsun.com	5753	2025-01-17
southernhighlandnews.com.au	65230	2026-09-28
southernliving.com	11781	2026-03-17
southernminn.com	92356	2026-09-28
southernstandard.com	5879	2025-07-19
southernstar.ie	13471	2026-09-28
southgatearc.org	6902	2022-10-08
southpeacenews.com	8600	2026-09-28
southtahoenow.com	54525	2026-09-28
southwalesargus.co.uk	196497	2026-09-28
southwalesguardian.co.uk	95959	2026-09-28
southwhidbeyrecord.com	6224	2026-09-26
sowetan.co.za	7024	2026-09-28
sowetanlive.co.za	56173	2025-10-16
soyacincau.com	16085	2026-09-27
space.com	24117	2026-09-28
spacecoastdaily.com	12274	2026-09-28
spacedaily.com	22176	2026-09-24
spaceref.com	6301	2026-09-03
spacewar.com	31794	2026-09-28
spaldingtoday.co.uk	8426	2023-12-04
spanishvida.com	5354	2026-09-28
spartaindependent.com	5460	2026-09-25
spectator.co.uk	41838	2025-12-16
spectator.org	8506	2026-09-27
spectator.sme.sk	10290	2026-02-18
spectrumlocalnews.com	9095	2026-06-26
spectrummagazine.org	5950	2024-10-24
spectrumnews1.com	7443	2026-02-12
speedcafe.com	32357	2026-09-28
speedwaymedia.com	17006	2026-09-28
spencerdailyreporter.com	5916	2026-09-25
spiked-online.com	6995	2026-09-27
spin.com	7322	2026-03-12
spin1038.com	7569	2026-09-28
spoilertv.com	28233	2026-09-28
spokanepublicradio.org	65100	2026-09-28
spokesman.com	59864	2026-09-28
sportsnet.ca	5652	2022-01-17
spotlightnepal.com	8641	2026-09-28
spotrac.com	57195	2026-09-28
springer.com	6175	2026-09-28
springfieldnewssun.com	54406	2026-09-28
sprucegroveexaminer.com	16747	2026-09-27
sputnikglobe.com	36332	2026-09-28
sputniknews.com	115856	2023-04-05
squamishchief.com	72879	2025-09-05
squatchrocks.com	44831	2026-09-28
srilankamirror.com	15152	2026-09-28
srilankasource.com	99848	2026-09-28
srpressgazette.com	6527	2026-09-28
ssuchronicle.com	20914	2020-04-15
stabroeknews.com	84877	2026-03-26
staffingindustry.com	7493	2024-12-01
stalbansreview.co.uk	82873	2025-12-09
stalbertgazette.com	58824	2025-09-05
stamfordadvocate.com	157056	2025-06-12
stamfordmercury.co.uk	8132	2023-12-04
stampedeblue.com	10273	2026-09-28
standard-democrat.com	5151	2026-08-28
standard-freeholder.com	45185	2026-09-28
standard-journal.com	66663	2026-09-28
standard.co.uk	212414	2026-09-28
standard.net	17946	2026-09-27
standard.net.au	79290	2026-09-28
standardbredcanada.ca	35219	2026-09-28
standardmedia.co.ke	197621	2026-09-28
standardspeaker.com	49027	2026-09-28
stanforddaily.com	6441	2026-09-28
star945.com	8113	2026-09-25
star967.net	13534	2026-03-20
star98.net	10489	2026-09-27
staradvertiser.com	54172	2026-09-28
starbeacon.com	28672	2026-09-28
starcommunity.com.au	9165	2026-04-29
starcourier.com	5441	2023-09-10
stardem.com	34581	2026-09-28
starfm1023.com	6855	2026-09-21
stargazette.com	5321	2023-09-11
starherald.com	50683	2026-09-27
starkvilledailynews.com	5633	2026-09-28
starlocalmedia.com	58955	2026-09-27
starmometer.com	9202	2026-06-08
starnewsonline.com	11634	2023-09-11
starobserver.com.au	8459	2026-09-28
starofmysore.com	35291	2026-09-28
starradiovegas.com	5978	2022-06-24
startribune.com	263278	2026-08-25
starweekly.com.au	25547	2026-03-02
state.gov	15232	2026-09-24
statecollege.com	13956	2026-09-28
statenews.com	9173	2026-09-28
stateofreform.com	5750	2026-03-27
statesboroherald.com	9058	2026-09-27
statesman.com	34154	2026-03-25
statesmanjournal.com	9447	2023-09-11
statesville.com	48039	2026-09-25
staugustine.com	10411	2023-09-11
stawelltimes.com.au	30221	2026-09-28
stcatharinesstandard.ca	110873	2026-09-28
steelers.com	6755	2026-09-28
steinbachonline.com	25871	2026-09-28
stellar.ie	10629	2026-09-28
stereoboard.com	20873	2026-09-22
stereogum.com	20988	2026-09-28
stettlerindependent.com	11907	2026-09-27
stevenspointjournal.com	8837	2023-09-11
stevivor.com	6004	2026-08-24
stgeorgeutah.com	24298	2026-09-28
sthelensstar.co.uk	139140	2026-09-28
stiripesurse.ro	39847	2026-09-28
stlamerican.com	18258	2026-09-27
stlouisstar.com	96138	2026-09-28
stlpublicradio.org	8721	2023-09-01
stltoday.com	242352	2026-09-28
stock-world.de	6893	2024-12-30
stockandland.com.au	39691	2026-09-28
stockhouse.com	12208	2026-07-28
stockjournal.com.au	40061	2026-09-28
stockmarketwire.com	21652	2022-02-23
stokesentinel.co.uk	104139	2026-09-28
stornowaygazette.co.uk	7135	2025-01-23
stourbridgenews.co.uk	145958	2026-09-28
straight.com	17133	2026-09-28
straitstimes.com	199689	2026-09-28
strangehorizons.com	5211	2026-09-25
strategypage.com	10819	2026-09-27
stratford-herald.com	20020	2026-09-28
stratfordbeaconherald.com	41046	2026-09-27
stratfordobserver.co.uk	10170	2026-09-28
strathroyagedispatch.com	35086	2026-01-25
strathroytoday.ca	8675	2026-09-28
streetinsider.com	368521	2024-12-02
streetsblog.org	9729	2026-09-28
stripes.com	98375	2026-09-28
stroudnewsandjournal.co.uk	119769	2026-09-28
stthomastimesjournal.com	41523	2026-09-18
stthomastoday.ca	9362	2026-09-28
stuff.co.nz	290589	2024-01-16
stuff.tv	8436	2026-09-28
stupiddope.com	18434	2025-10-20
sturgisjournal.com	6692	2023-09-11
stuttgartdailyleader.com	12924	2026-09-26
stwnewspress.com	10565	2026-09-25
stylecaster.com	15664	2026-09-27
suasnews.com	5917	2026-09-25
sudantribune.com	6768	2025-02-16
suffolknews.co.uk	12138	2026-09-28
summitdaily.com	22035	2026-09-28
sun-sentinel.com	112530	2026-09-28
suncommercial.com	56072	2026-09-28
sundaymail.co.zw	13635	2025-01-23
sundaynews.co.zw	14210	2025-01-22
sundaystandard.info	7315	2026-09-28
sundaytimes.lk	11322	2026-09-27
sundayworld.co.za	11015	2026-09-28
sundayworld.com	50448	2025-11-24
sunderlandecho.com	19890	2025-01-23
sungazette.com	20508	2026-09-28
sunjournal.com	110213	2026-09-28
sunlive.co.nz	44464	2026-09-28
sunnewsonline.com	41578	2024-06-26
sunny1031.com	7187	2026-09-28
sunny1063.com	13719	2026-02-19
sunny923.com	13170	2026-09-28
sunny943.com	11806	2026-09-28
sunnysidesun.com	5601	2023-04-13
sunshinecoastdaily.com.au	63851	2021-06-23
sunshinestatenews.com	9785	2023-07-22
sunstar.com.ph	96693	2026-09-28
suntimes.com	118965	2026-09-28
superbike-news.co.uk	10785	2026-09-28
superherohype.com	19793	2026-09-28
superhits106.com	8139	2026-09-28
superiortelegram.com	19588	2026-09-27
supermarketnews.com	9903	2026-09-25
supertalk.fm	13213	2026-09-27
supertalk1270.com	7951	2026-09-26
supertalk1570.com	16594	2026-07-09
surfky.com	6423	2026-05-29
surinametimes.com	11535	2026-09-28
surinenglish.com	22080	2026-09-28
surreycomet.co.uk	155126	2026-09-28
sussexexpress.co.uk	45134	2025-01-23
sverigesradio.se	7180	2026-04-15
swag1049.com	11876	2026-09-28
swapacd.com	41096	2025-09-25
swarajyamag.com	36344	2026-07-24
sweetwaternow.com	19901	2026-09-28
swfinstitute.org	15178	2024-06-11
swiftcurrentonline.com	23081	2026-09-28
swimmingworldmagazine.com	6148	2026-02-23
swimswam.com	31842	2026-09-28
swindonadvertiser.co.uk	157994	2026-09-28
swiowanewssource.com	10704	2026-09-24
swishappeal.com	5105	2026-09-27
swissinfo.ch	102834	2026-09-28
swnewsmedia.com	10991	2025-08-05
swoknews.com	68809	2026-09-28
swtimes.com	7227	2023-09-11
swvatoday.com	19075	2026-09-19
swxrightnow.com	5318	2020-12-17
sydneysun.com	71034	2026-09-28
syfy.com	22133	2026-09-26
syracuse.com	73906	2026-02-19
t-g.com	6613	2026-09-28
t3.com	29675	2026-09-28
t95.com	5081	2026-09-18
taftmidwaydriller.com	5976	2026-09-27
tag911.ae	9208	2026-09-28
tahlequahdailypress.com	35045	2026-09-27
tahoedailytribune.com	14520	2026-09-28
taipeitimes.com	110472	2026-09-28
taiwannews.com.tw	47002	2025-11-28
taiwansun.com	40475	2026-09-28
taku105.com	6608	2024-02-15
talk1073.com	5934	2026-09-25
talkandroid.com	8023	2026-07-30
talkers.com	7697	2026-09-25
talkingpointsmemo.com	25866	2026-09-28
talkingretail.com	13428	2026-09-28
talkradio1170.com	24565	2021-09-07
talkradio960.com	21767	2026-09-28
talkvietnam.com	179795	2023-11-26
tallahassee.com	13322	2023-09-11
tamilguardian.com	5793	2026-09-27
tampabay.com	40369	2026-03-26
tanzanianewsreports.com	17579	2026-09-17
taosnews.com	12659	2026-09-28
tapeop.com	10002	2026-09-27
tapinto.net	6703	2023-08-03
targatocn.it	7096	2026-09-28
targetednews.com	179141	2026-09-28
tasnimnews.com	10617	2025-10-07
tass.com	97872	2026-04-09
tasteofcountry.com	22762	2026-09-28
tasteofhome.com	11491	2026-09-28
tatler.com	8001	2026-09-27
tatlerasia.com	6896	2025-10-27
tauntongazette.com	6714	2023-09-11
taylorvilledailynews.com	23754	2026-09-28
tbnewswatch.com	27463	2025-09-05
tbnweekly.com	13489	2026-05-04
tbsnews.net	21092	2026-03-19
tcpalm.com	12606	2023-09-11
tctimes.com	7787	2026-09-27
tctmd.com	5075	2026-05-19
td.org	5155	2026-03-11
tdh.gov.tm	5306	2026-09-25
tdn.com	62859	2026-09-26
tdtnews.com	31335	2026-09-28
team-bhp.com	42769	2026-06-08
teammyrtlebeach.com	20251	2023-08-29
teamtalk.com	76125	2026-09-28
teamusa.org	6354	2023-08-16
techcabal.com	16422	2026-09-28
techcentral.co.za	8322	2026-05-14
techcentral.ie	5938	2026-09-28
techcrunch.com	68528	2026-09-27
techdirt.com	42129	2026-09-27
techmoran.com	8943	2026-09-28
technewstoday.com	6238	2024-04-04
technical.ly	7703	2026-09-28
technuter.com	6634	2026-06-04
techradar.com	112875	2026-09-28
techreport.com	6990	2026-03-27
techrepublic.com	7621	2026-09-23
techshout.com	5599	2025-09-07
techspot.com	27167	2026-09-28
techstory.in	47834	2026-09-28
techtimes.com	52298	2026-09-28
techxplore.com	35782	2026-01-29
tehachapinews.com	9980	2026-09-28
tehelka.com	7045	2025-09-08
telecomasia.net	7976	2026-01-12
telecompaper.com	62747	2026-09-28
telecomtv.com	6153	2026-09-28
telegrafi.com	6160	2026-08-28
telegram.com	19979	2023-09-11
telegraph.co.uk	238741	2024-11-25
telegraphherald.com	93999	2026-09-28
telegraphindia.com	208030	2024-07-30
teletrader.com	7453	2024-03-13
televisual.com	6726	2026-09-28
tellerreport.com	12622	2024-04-09
telluridenews.com	5043	2026-09-24
tellychakkar.com	94830	2025-02-28
tempo.com.ph	19338	2025-05-27
tennessean.com	23387	2023-09-11
tennesseedaily.com	141090	2026-09-28
tenterfieldstar.com.au	47727	2026-09-28
terracestandard.com	28824	2026-09-28
terradaily.com	25073	2026-09-21
tert.am	5882	2026-09-28
tewkesburyadmag.co.uk	18216	2021-03-11
texarkanagazette.com	34110	2026-09-28
texasguardian.com	216405	2026-09-28
texasmonthly.com	9598	2026-06-22
texastribune.org	9185	2026-09-28
textileworld.com	10627	2026-09-27
thailand-business-news.com	29469	2026-09-28
thailandnews.net	35859	2026-09-28
thatballsouttahere.com	5132	2026-09-28
thatsmags.com	5879	2025-02-07
the-daily-record.com	10173	2023-09-11
the-dispatch.com	13140	2026-09-28
the-independent.com	28694	2026-09-28
the-journal.com	14093	2026-03-19
the-leader.com	6615	2023-09-11
the-messenger.com	98101	2026-09-28
the-review.com	9253	2023-09-11
the-star.co.ke	78315	2026-09-28
the-sun.com	27508	2026-09-27
the42.ie	76909	2026-09-28
the72.co.uk	11352	2026-09-27
theadanews.com	12368	2026-09-27
theadvertiser.com	7982	2023-09-11
theadviser.com.au	7430	2026-09-28
theadvocate.com	65149	2026-09-28
theadvocate.com.au	63556	2026-09-28
theadvocatengr.com	10123	2021-09-14
theafricareport.com	9656	2026-08-21
theage.com.au	252320	2026-09-28
thealpenanews.com	24913	2026-09-26
theamericanconservative.com	8729	2026-09-28
theanswertampa.com	5052	2024-09-25
thearabtribune.com	9346	2026-09-28
theargus.co.uk	172930	2026-09-28
theartnewspaper.com	14169	2026-09-28
theartsdesk.com	13194	2026-09-28
theasian.asia	6155	2026-09-28
theatermania.com	6051	2026-09-26
theathletic.com	40386	2024-05-13
theatlantic.com	32431	2026-09-22
theaustralian.com.au	85916	2024-07-31
theautochannel.com	11263	2026-09-28
thebangladeshtoday.com	6684	2026-09-28
thebatavian.com	22575	2026-09-27
thebatt.com	5019	2026-09-28
thebeacon.net	5188	2026-09-23
thebeat925.ca	10489	2026-09-28
thebeatdfw.com	12142	2026-09-28
thebeatofthecapital.com	17654	2026-09-28
thebeijinger.com	16160	2026-09-28
thebftonline.com	32357	2026-09-28
thebigdm.com	7594	2026-09-25
thebiglead.com	28115	2026-09-28
thebigstation93blx.com	9744	2026-09-27
theblacksheartimes.com	7338	2026-09-27
theblaze.com	30199	2026-09-28
theboar.org	6110	2026-09-28
theboltonnews.co.uk	161227	2026-09-28
theboneonline.com	15212	2026-09-26
theboot.com	19737	2026-09-28
theborneopost.com	50209	2026-09-24
thebostonpilot.com	21287	2026-09-27
theboxhouston.com	6628	2026-09-27
thebreakingtimes.com	6436	2026-02-05
thebrunswicknews.com	37068	2026-09-26
thebullamarillo.com	9965	2024-04-29
thebulletin.be	8715	2026-05-14
thebulltulsa.com	42888	2025-10-10
thebusinessdesk.com	31391	2026-09-28
thebusinessjournal.com	9796	2026-09-28
thecabin.net	19829	2026-09-26
thecable.ng	102206	2026-08-07
thecaribbeancamera.com	6778	2026-09-27
thecattlesite.com	9252	2026-09-28
thecentersquare.com	47172	2026-06-26
thechiefleader.com	5770	2026-09-25
thechronicle-online.com	36551	2026-06-29
thechronicle.com.au	59588	2024-07-26
thechronicle.com.gh	27677	2026-09-28
thechronicleherald.ca	29241	2020-11-12
thechronicleonline.com	6398	2024-10-01
thecitizen.co.tz	21262	2026-09-27
thecitizen.com	10948	2026-09-28
thecitizen.in	6731	2026-09-28
thecoast.net.nz	8065	2026-09-18
thecollegefix.com	7044	2026-09-28
thecomet.net	41875	2026-09-28
thecommonsenseshow.com	5386	2022-03-12
thecommunityvoice.com	5684	2026-09-28
theconservativetreehouse.com	48302	2026-09-28
theconstructionindex.co.uk	28788	2026-09-28
theconversation.com	102945	2026-09-28
thecork.ie	5290	2026-09-28
thecorner.eu	6080	2026-09-28
thecourier.co.uk	126383	2025-05-27
thecourier.com	6262	2024-02-01
thecourier.com.au	66018	2026-09-28
thecourierexpress.com	34362	2026-09-28
thecragandcanyon.ca	9389	2026-09-27
thecranberryeagle.com	6309	2026-01-17
thecrimson.com	18197	2026-09-28
thedailybeast.com	73672	2026-09-28
thedailyblog.co.nz	22812	2026-09-28
thedailycitizen.com	13014	2024-08-22
thedailyjournal.com	8370	2023-09-11
thedailymash.co.uk	12197	2026-09-28
thedailymeal.com	24272	2026-09-28
thedailynewnation.com	27080	2024-07-26
thedailynewsonline.com	33809	2026-09-27
thedailyrecord.com	30684	2026-06-04
thedailyreporter.com	5901	2023-09-08
thedailyreview.com	39975	2026-09-27
thedailystar.com	35874	2026-09-27
thedailystar.net	218376	2026-09-28
thedailytimes.com	48660	2026-09-28
thedailyworld.com	8517	2026-09-25
theday.com	76094	2024-12-10
thedenverchannel.com	21269	2022-09-07
thedestinlog.com	5975	2023-09-11
thedickinsonpress.com	36600	2026-09-27
thedigitalcourier.com	35296	2026-09-27
thediplomat.com	23140	2026-09-28
thediplomat.ro	11237	2026-09-28
thedp.com	10003	2026-09-28
thedrinksbusiness.com	15226	2026-09-21
thedrum.com	26119	2026-07-15
theduke.fm	7549	2025-08-29
theeagle.com	35977	2026-09-27
theeagle1069.com	11505	2026-09-03
theeagleonline.com.ng	60526	2026-09-28
theeastafrican.co.ke	17594	2026-08-15
theedgemarkets.com	47793	2023-05-12
theedinburghreporter.co.uk	8094	2026-09-28
theengineer.co.uk	9656	2026-06-05
theenterpriseleader.com	376144	2025-04-18
theepochtimes.com	316540	2026-09-28
thefacts.com	21719	2026-09-27
thefader.com	8034	2026-09-25
thefamuanonline.com	5065	2026-09-25
thefan1075.com	76699	2026-09-28
thefanfm.com	20321	2021-03-19
thefastmode.com	16405	2026-09-28
thefederalist.com	30294	2026-09-26
thefencepost.com	10335	2026-09-27
thefirstnews.com	5660	2024-01-28
thefranklinnewspost.com	6661	2026-09-22
thefreepress.ca	29333	2026-09-28
thefreshloaf.com	13720	2026-09-27
thefrisky.com	8666	2026-06-03
thefrontierpost.com	90966	2026-09-28
thefutoncritic.com	39076	2026-09-28
thegadgetman.org.uk	5084	2026-09-21
thegame730am.com	18800	2025-12-01
thegamenashville.com	51017	2026-09-28
thegardenisland.com	17881	2026-09-28
thegazette.com	54525	2026-09-28
theglobeandmail.com	197587	2026-09-28
thegrio.com	41432	2026-09-27
thegrocer.co.uk	30005	2025-09-05
theguardian.com	487123	2026-09-28
theguardian.pe.ca	27018	2020-11-12
thehardtackle.com	50655	2026-09-28
thehawkeye.com	9259	2022-12-02
thehayride.com	5859	2026-09-28
thehealthsite.com	34374	2026-02-16
thehendersonnews.com	10575	2024-05-30
theherald-news.com	9633	2026-01-29
theherald.co.za	7248	2026-09-28
theheraldghana.com	12031	2026-09-28
thehill.com	140700	2026-01-07
thehimalayantimes.com	33165	2026-03-30
thehindu.com	987206	2026-09-28
thehindubusinessline.com	277895	2026-09-28
thehitavada.com	30586	2026-09-27
thehits.co.nz	8410	2026-09-11
thehollywoodgossip.com	17030	2026-09-28
thehorse.com	5111	2026-04-13
thehot1039.com	7195	2026-09-28
thehour.com	150380	2026-06-22
theiet.org	13476	2026-09-24
theifp.ca	7420	2026-09-27
theindependent.co.zw	13749	2026-06-25
theindependent.com	69745	2026-09-28
theindependent.sg	6847	2026-03-17
theindianawaaz.com	31796	2026-09-27
theindychannel.com	8382	2020-08-11
theinertia.com	10522	2026-09-25
theintell.com	5596	2023-01-24
theintelligencer.com	80557	2026-06-22
theintelligencer.net	25493	2026-09-27
theintermountain.com	18268	2026-09-28
theirishfield.ie	12275	2026-09-28
theirishworld.com	5000	2026-09-27
theislamicmonthly.com	5920	2026-09-11
theislandnow.com	5886	2025-10-02
theisonews.com	30453	2020-10-30
theitem.com	25982	2026-09-28
thejakartapost.com	70045	2026-09-28
thejc.com	11599	2026-09-28
thejerseytomatopress.com	8608	2025-07-12
thejetpress.com	5535	2026-09-28
thejournal.ie	120614	2026-09-28
thejoyfm.com	8203	2026-01-05
thejudge13.com	5739	2026-09-28
thekansan.com	9307	2026-09-17
thelancasterandmorecambecitizen.co.uk	31708	2023-02-07
thelancet.com	7560	2024-04-30
theland.com.au	45374	2026-09-28
thelandryhat.com	5971	2026-09-28
theleader.com.au	88461	2026-09-28
theleader.info	16865	2026-09-27
theleafchronicle.com	6764	2023-09-11
theledger.com	15716	2023-09-11
thelincolnite.co.uk	16781	2025-10-23
thelinkpaper.ca	5238	2026-09-28
thelocal.at	7195	2026-09-28
thelocal.ch	7787	2026-09-28
thelocal.de	12982	2026-09-28
thelocal.dk	8083	2026-09-28
thelocal.es	9773	2026-09-28
thelocal.fr	16656	2026-09-28
thelocal.it	8417	2026-09-28
thelocal.no	7448	2026-09-28
thelocal.se	11431	2026-09-28
thelondoner.ca	36738	2025-12-17
themag.co.uk	14196	2026-09-28
themainewire.com	9731	2026-09-28
themalaysianinsight.com	24614	2024-09-16
themaneland.com	6026	2026-09-27
themarketsdaily.com	582719	2026-09-28
themarysue.com	33668	2026-09-14
themedialine.org	22992	2026-09-28
themediaonline.co.za	6102	2026-09-28
themercury.com.au	36877	2024-07-29
themiamihurricane.com	5569	2026-09-28
themiddlemarket.com	23964	2026-08-19
themilitant.com	5446	2026-09-11
themobileindian.com	12818	2026-09-28
themonitor.com	5325	2021-01-11
themorningbulletin.com.au	63217	2021-06-23
themorningsun.com	34210	2026-09-28
themoscowtimes.com	22587	2026-09-28
themountainmail.com	22694	2026-09-26
themountainpress.com	26148	2026-09-28
themunicheye.com	8161	2026-09-25
themusic.com.au	9878	2026-08-12
thenassauguardian.com	24857	2026-09-25
thenation.com	19635	2026-09-28
thenational.ae	31171	2020-10-14
thenational.com.pg	20012	2026-09-28
thenational.scot	110235	2026-09-28
thenationalherald.com	7932	2026-05-07
thenationalnews.com	61525	2026-09-28
thenationonlineng.net	199250	2026-09-28
thenelsondaily.com	6189	2024-09-27
thenewamerican.com	8738	2026-09-27
thenewdaily.com.au	23374	2025-01-23
thenewdawnliberia.com	24261	2026-09-28
thenewpulsefm.com	6771	2026-09-28
thenews-chronicle.com	36773	2025-01-29
thenews-messenger.com	7786	2023-09-11
thenews.com.pk	491492	2026-09-28
thenewsguard.com	9365	2026-09-28
thenewsherald.com	24391	2026-09-28
thenewsminute.com	31914	2026-09-28
thenewsnigeria.com.ng	11457	2026-09-27
thenewsstar.com	6563	2023-09-11
thenewswheel.com	6752	2026-07-07
thenextweb.com	11600	2026-09-28
thenigerianvoice.com	9550	2026-03-11
thenortheasttoday.com	6563	2025-10-20
thenorthernecho.co.uk	225257	2026-09-28
thenorthlines.com	46947	2026-09-28
thenorthwestern.com	9314	2023-09-11
theoaklandpress.com	44086	2026-09-28
theobserver.ca	48470	2026-09-28
theolivepress.es	31293	2026-07-30
theonion.com	9843	2026-09-26
theonlinecitizen.com	8082	2025-02-13
theparisnews.com	31400	2026-09-28
thepeak1041.com	13905	2026-09-22
thepeakfm.com	8301	2026-09-26
thepeninsulaqatar.com	166703	2026-09-28
thepeoplesperson.com	36206	2026-09-28
thepeterboroughexaminer.com	60890	2026-09-28
thephinsider.com	10778	2026-09-27
thephuketnews.com	19442	2025-03-05
thepienews.com	5302	2026-09-28
thepigsite.com	8072	2026-09-28
thepilot.com	7407	2026-09-28
thepinetree.net	5761	2026-09-27
thepinknews.com	21071	2026-09-28
thepiratescove.us	9007	2025-09-07
theplainsman.com	6597	2026-08-11
thepoint.gm	14784	2026-09-25
thepointsguy.com	19675	2026-09-27
theportugalnews.com	49843	2026-09-28
thepost.on.ca	23589	2026-08-28
thepostathens.com	11625	2026-09-27
thepoultrysite.com	8256	2026-09-28
theprint.in	20423	2026-08-04
theproducenews.com	11398	2026-01-03
theprogress.com	32514	2026-09-28
theprogressnews.com	16113	2026-09-27
theprovince.com	28248	2026-09-28
theprowersjournal.com	5711	2026-09-27
thepublicopinion.com	26347	2023-09-11
thequietus.com	10110	2026-09-28
thequint.com	6366	2026-03-16
therakyatpost.com	19032	2026-09-28
theranch.fm	9205	2026-09-08
therealdeal.com	50897	2026-09-14
therebelrocks.com	19458	2022-08-22
therecord.com	34526	2026-09-28
theredstonerocket.com	5154	2026-09-23
thereflector.com	10180	2026-09-24
theregister.com	37320	2026-09-28
thereminder.ca	98307	2026-09-27
thereporter.com	11503	2026-09-28
thereporteronline.com	44276	2026-09-28
therepublic.com	102406	2026-04-01
theridgefieldpress.com	54487	2025-06-14
therightscoop.com	14270	2026-09-28
theroar.com.au	38286	2026-09-28
therockofrochester.com	36687	2026-09-27
therolladailynews.com	8983	2026-08-24
theroot.com	18734	2026-09-27
therural.com.au	43474	2026-09-28
thesalemnewsonline.com	28326	2026-09-01
thescarboroughnews.co.uk	18854	2025-01-23
thescore.com	5139	2026-03-18
thescore1260.com	45414	2026-09-28
thescottishfarmer.co.uk	25568	2026-09-28
thescottishsun.co.uk	6966	2026-02-23
thesheridanpress.com	6760	2026-09-25
theshillongtimes.com	51001	2026-09-28
thesierraleonetelegraph.com	8687	2026-09-23
thesixthaxis.com	9659	2026-09-27
theskanner.com	6754	2026-05-10
theskinny.co.uk	6734	2026-09-10
thesource.com	37961	2026-09-28
thesouthafrican.com	134433	2026-09-28
thesouthern.com	56375	2026-09-28
thesouthernreporter.co.uk	9553	2025-01-23
thespec.com	34415	2026-09-28
thespectrum.com	5397	2023-09-09
thespiritsbusiness.com	13109	2026-09-28
thespread.com	20558	2026-05-11
thespun.com	17568	2023-10-13
thestandard.co.zw	20544	2026-09-01
thestandard.com.hk	105833	2026-09-28
thestandard.org.nz	7041	2025-10-04
thestar.co.uk	20920	2025-01-23
thestar.com	98033	2026-09-25
thestar.com.my	497608	2026-09-28
thestarphoenix.com	39228	2026-09-26
thestarpress.com	7271	2023-09-11
thestatesman.com	68849	2026-06-10
thestkittsnevisobserver.com	5100	2026-03-17
thestrad.com	8272	2025-09-05
thestranger.com	13089	2026-09-26
thestreet.com	43387	2026-08-04
thestreetjournal.org	48434	2026-01-16
thesubtimes.com	14335	2025-10-04
thesuburban.com	18212	2026-09-28
thesudburystar.com	61743	2026-09-27
thesun.co.uk	70396	2026-09-13
thesun.ie	20857	2026-03-18
thesun.my	39404	2026-02-08
thesun.ng	40097	2026-09-28
thesunchronicle.com	84953	2026-09-28
thesundaily.my	99874	2023-11-06
thesylvaherald.com	5963	2026-09-23
thetab.com	32666	2026-09-28
thetablet.co.uk	6099	2026-09-28
thetablet.org	9197	2026-09-26
thetandd.com	58949	2026-09-27
thetelegram.com	22428	2020-11-11
thetelegraph.com	163596	2026-06-22
thetelegraphandargus.co.uk	180528	2026-09-28
thethaiger.com	14483	2026-03-19
thetidenewsonline.com	34822	2026-09-25
thetimes-tribune.com	71236	2026-09-28
thetimes.co.uk	214037	2024-06-05
thetimes.com	85720	2026-09-28
thetimesherald.com	5081	2023-09-11
thetimesnews.com	12513	2026-09-28
thetimestribune.com	24998	2026-09-28
thetottenhamindependent.co.uk	96776	2026-09-28
thetowntalk.com	5540	2023-09-11
thetrucker.com	14342	2026-09-27
thetruthaboutcars.com	16330	2026-09-27
theturtleislandnews.com	18975	2026-09-28
thetyee.ca	9202	2026-09-28
theuknews.com	38755	2026-09-28
theunion.com	19932	2026-09-26
theurbandaily.com	9353	2026-09-10
theusnews.com	141573	2026-09-28
theverge.com	67312	2026-09-28
thevermilion.com	6214	2026-09-28
thevisitor.co.uk	5324	2021-12-13
thevoicebw.com	6374	2024-08-09
thevoiceslu.com	15384	2026-09-27
thevwindependent.com	8618	2026-09-28
thewave.ca	10659	2025-12-07
theweek.co.uk	12509	2023-09-12
theweek.com	54402	2026-09-28
theweek.in	89857	2026-08-25
theweektoday.com	18233	2024-09-18
thewest.com.au	9229	2026-09-28
thewesterlysun.com	24699	2026-09-27
thewestmorlandgazette.co.uk	198885	2026-09-28
thewestonforum.com	6800	2025-10-31
thewestonmercury.co.uk	58678	2026-09-28
thewhig.com	51650	2026-09-28
thewhiskeywash.com	15034	2026-09-28
thewire.in	44530	2024-03-27
thewolf.ca	8123	2026-09-27
theworld.org	9079	2026-06-26
theworldlink.com	22053	2026-09-28
thewrap.com	80943	2026-09-28
thexboxhub.com	10155	2026-09-28
thexradio.com	11129	2026-09-25
theyeshivaworld.com	35664	2026-09-28
theyucatantimes.com	9446	2025-06-10
thezimbabwean.co	7089	2026-09-28
thezimbabwedaily.com	16271	2026-02-04
thezimbabwemail.com	31972	2026-08-29
thirdsector.co.uk	8964	2026-07-03
thisdaylive.com	169323	2026-09-28
thisisanfield.com	21552	2026-01-24
thisislancashire.co.uk	54733	2023-02-07
thisislocallondon.co.uk	155513	2025-12-03
thisismoney.co.uk	52701	2025-11-06
thisisoxfordshire.co.uk	174388	2026-09-28
thisisthewestcountry.co.uk	18359	2023-02-07
thisiswiltshire.co.uk	138406	2026-09-28
thomasnet.com	15573	2024-02-05
thompsoncitizen.net	86287	2025-01-20
thunder987.com	5645	2021-03-31
thurrockgazette.co.uk	94974	2026-09-28
thurstontalk.com	6265	2026-09-26
thv11.com	51235	2026-06-05
thyblackman.com	10260	2026-09-28
tibet.net	9898	2026-09-28
tickerreport.com	454946	2026-09-28
ticotimes.net	6449	2026-01-09
tide1009.com	6739	2026-03-09
tiftongazette.com	10458	2026-09-24
tigerdroppings.com	5399	2022-01-13
tigernet.com	9295	2025-11-20
tigersroar.com	9922	2026-09-26
tillamookheadlightherald.com	14427	2026-09-28
timberjay.com	6920	2026-09-26
time.com	26802	2026-09-28
timeout.com	19656	2026-09-28
timeoutdubai.com	8263	2023-01-03
times-gazette.com	8414	2023-09-11
times-herald.com	6751	2026-09-25
times-journal.com	6316	2026-09-26
times-news.com	38504	2026-09-27
times-series.co.uk	102830	2026-09-28
times-standard.com	16454	2026-09-28
times.co.sz	9098	2026-03-15
timesandstar.co.uk	155374	2026-09-28
timesargus.com	34379	2026-09-26
timesbulletin.com	6966	2026-09-26
timesca.com	14729	2026-09-28
timescall.com	41085	2026-09-28
timescitizen.com	6120	2026-09-27
timescolonist.com	119190	2025-01-21
timesdaily.com	46146	2026-09-28
timesenterprise.com	9115	2026-09-25
timesfreepress.com	37158	2026-09-28
timesgazette.com	8366	2025-09-17
timesherald.com	45687	2026-09-28
timesheraldonline.com	10733	2026-09-27
timeshighereducation.com	11597	2026-09-28
timesleader.com	22058	2026-09-28
timesleader.net	6339	2026-09-28
timesleaderonline.com	18734	2026-09-28
timeslive.co.za	138896	2026-09-28
timesnews.net	36240	2025-11-11
timesnewspapers.com	5123	2026-09-28
timesnownews.com	143696	2026-04-29
timesofearth.com	6482	2026-09-28
timesofisrael.com	138709	2023-11-04
timesofmalta.com	121997	2026-04-15
timesofoman.com	53885	2026-09-28
timesofsandiego.com	24609	2026-09-28
timesonline.com	9679	2023-09-11
timesrecordnews.com	9821	2023-09-11
timesreporter.com	10999	2023-09-11
timesrepublican.com	22544	2026-09-28
timesreview.com	23630	2026-06-04
timestelegram.com	7281	2023-09-11
timesunion.com	119604	2025-11-14
timeswv.com	18935	2026-09-28
timminspress.com	59307	2026-09-27
timminstimes.com	44691	2026-01-26
tipperarylive.ie	30669	2026-05-14
tippfm.com	18541	2026-07-17
tippmidwestradio.com	13440	2026-09-28
tirebusiness.com	6666	2026-06-09
titansradio.com	16471	2026-09-27
titusvilleherald.com	22168	2022-12-01
tivysideadvertiser.co.uk	126943	2026-09-28
tmcnet.com	437717	2025-01-23
tmj4.com	6376	2026-03-19
tmz.com	55029	2026-09-28
tnledger.com	49757	2026-09-26
tnonline.com	38366	2026-09-28
tnp.sg	13213	2025-10-30
today.az	57389	2026-07-15
today.com	70194	2026-09-28
today.ng	48383	2024-06-20
today.rtl.lu	6406	2026-05-21
todayfm.com	16797	2026-09-27
todayheadline.co	7585	2025-01-27
toffeeweb.com	8907	2026-09-27
tokyoreporter.com	5257	2026-09-28
tolonews.com	32868	2024-06-06
tomsguide.com	54024	2026-09-28
tomshardware.com	19810	2026-09-28
tonyskansascity.com	46720	2026-09-28
topspeed.com	26120	2026-09-28
topwirenews.com	19572	2026-09-26
tor.com	21154	2024-01-23
toronto.citynews.ca	79424	2026-09-28
toronto.com	16375	2026-09-28
toronto.ctvnews.ca	37722	2025-01-23
torontosun.com	96954	2026-09-28
torontotelegraph.com	106288	2026-09-28
torquenews.com	29922	2026-09-28
totaltele.com	9719	2026-09-24
toucharcade.com	6249	2025-04-19
towleroad.com	15902	2024-04-28
townandcountrymag.com	19180	2026-09-27
townhall.com	95672	2026-09-28
townsvillebulletin.com.au	91713	2026-09-28
toynews-online.biz	5666	2026-09-24
tpr.org	35347	2026-09-28
tradearabia.com	118859	2026-09-28
tradeonlytoday.com	5872	2026-09-25
tradersmagazine.com	8326	2026-09-28
tradewindsnews.com	8151	2026-03-18
trains.com	13837	2026-09-28
trak.in	9521	2026-09-28
transylvaniatimes.com	9919	2026-09-28
travelandleisure.com	22155	2026-03-17
travelbizmonitor.com	8841	2026-08-27
traveldailymedia.com	27645	2026-06-05
traveldailynews.asia	10250	2026-04-19
traveldailynews.com	24067	2026-01-24
travelextra.ie	12115	2026-09-28
traveller.com.au	6007	2023-04-11
travelmarketreport.com	12185	2026-09-28
travelmole.com	9334	2026-05-01
travelweekly.com	19561	2026-02-06
travelweekly.com.au	18357	2026-09-28
trbusiness.com	9173	2026-09-28
trend.az	34647	2026-09-28
trentonian.ca	44449	2026-06-22
trentonian.com	30987	2026-09-28
trib.com	63155	2026-09-28
tribdem.com	59676	2026-09-28
tribecacitizen.com	5679	2026-09-28
triblive.com	99379	2026-05-04
tribstar.com	51542	2026-09-28
tribtoday.com	29526	2026-09-26
tribtown.com	97408	2025-04-15
tribune.com.pk	265686	2026-09-28
tribune.net.ph	67647	2026-09-28
tribune242.com	45983	2026-09-26
tribuneindia.com	292742	2026-09-28
tribuneledgernews.com	34549	2026-09-26
tribuneonlineng.com	165871	2026-09-28
tribunnews.com	10202	2026-09-02
tribute.ca	8148	2025-01-21
tricitynews.com	79527	2025-08-01
trinidadexpress.com	52571	2026-09-28
trinidadtimes.com	54152	2026-09-28
triplicate.com	5755	2026-09-28
troyrecord.com	39222	2026-09-28
trtworld.com	11841	2026-03-19
truebluela.com	11079	2026-09-28
truenorthreports.com	6071	2023-06-30
trumbulltimes.com	49197	2025-06-14
trussvilletribune.com	12543	2026-09-28
trust.org	37925	2026-04-28
trustedreviews.com	22847	2026-09-28
truthout.org	19367	2026-09-27
tsln.com	8302	2026-09-26
tsn.ca	167370	2026-09-28
tspr.org	24963	2026-09-28
ttgasia.com	13295	2026-09-28
ttnworldwide.com	7810	2026-09-28
ttrweekly.com	10958	2026-09-28
tucson.com	195431	2026-09-28
tucsonpost.com	41037	2026-09-28
tucsonsentinel.com	21556	2025-07-21
tucsonweekly.com	8423	2026-09-27
tudno.co.uk	20766	2023-04-26
tuko.co.ke	17879	2026-03-19
tulsaworld.com	111119	2026-09-28
tuoitrenews.vn	28862	2025-04-16
turkishpress.com	8519	2024-03-13
turlockjournal.com	5389	2026-09-26
turnto10.com	51977	2026-09-28
turnto23.com	50294	2026-09-28
tuscaloosanews.com	10891	2023-09-11
tv6tnt.com	23694	2026-09-28
tvfanatic.com	6905	2025-05-15
tvgrapevine.com	16828	2026-09-27
tvguide.co.uk	1956873	2026-09-28
tvguide.com	9851	2026-09-26
tvline.com	21433	2026-09-28
tvnewscheck.com	26698	2026-09-26
tvnz.co.nz	5645	2021-10-05
tvone.tv	5613	2026-09-25
tvovermind.com	19994	2026-09-27
tvseriesfinale.com	6238	2026-09-28
tvtechnology.com	11754	2026-09-27
tvtonight.com.au	29262	2026-09-28
tweaktown.com	28503	2025-03-01
tweeddailynews.com.au	45440	2021-04-28
twincities.com	39778	2026-09-28
twinsdaily.com	15906	2026-09-28
twitchy.com	63722	2026-09-28
twtd.co.uk	111751	2026-09-28
tylerpaper.com	28836	2026-09-27
typepad.com	10528	2024-12-01
tyrepress.com	6906	2026-09-28
ualrpublicradio.org	50284	2026-09-28
uark.edu	7403	2026-09-28
ubergizmo.com	8066	2026-09-28
ucanews.com	24644	2025-01-23
ucla.edu	6835	2026-09-26
udaipurkiran.com	79954	2026-09-28
udayavani.com	18341	2026-09-28
udn.com	7866	2026-09-28
uefa.com	8140	2024-07-24
uexpress.com	18136	2026-01-13
ufc.com	7289	2026-09-27
uk.com	8387	2026-09-27
ukiahdailyjournal.com	11390	2026-09-28
ukrainianjournal.com	15275	2026-01-27
ukrinform.net	22093	2026-03-19
uky.edu	8940	2026-09-28
ulladullatimes.com.au	63909	2026-09-28
uloop.com	11177	2026-09-27
ultimateclassicrock.com	16508	2026-09-28
ummid.com	19388	2026-09-28
umn.edu	14249	2026-09-26
un.org	6579	2026-09-24
uncrate.com	10253	2026-09-26
undercurrentnews.com	33476	2026-09-28
undertheradar.co.nz	25411	2026-09-27
undertheradarmag.com	18765	2026-07-24
undp.org	28335	2026-09-28
unesco.org	5061	2026-08-09
unian.info	12516	2026-02-09
uniindia.com	31007	2026-03-17
union-bulletin.com	46205	2026-09-28
uniondemocrat.com	13457	2026-09-25
unionleader.com	100118	2026-09-28
unionrecorder.com	12291	2026-09-26
unitaid.eu	25148	2026-08-02
unitedwithisrael.org	13845	2026-07-22
universetoday.com	5328	2026-09-28
universityworldnews.com	14365	2026-09-27
unm.edu	5529	2026-09-28
unmultimedia.org	7763	2023-10-16
uow.edu.au	17760	2024-11-07
updatesnews.com	25511	2022-10-01
upenn.edu	7207	2026-09-25
upi.com	102258	2026-09-08
upnorthlive.com	39465	2026-09-28
uppermichiganssource.com	34058	2026-09-28
upr.org	52835	2026-09-28
uproxx.com	21014	2026-09-17
upstract.com	65174	2021-06-14
upstreamonline.com	25126	2026-09-28
urbanacitizen.com	5866	2025-09-17
urbanmilwaukee.com	34387	2026-09-28
urdupoint.com	44060	2025-01-27
us103.com	26107	2026-05-31
us105fm.com	37758	2026-09-28
usanetwork.com	7362	2025-08-13
usatoday.com	217936	2025-04-26
usembassy.gov	7987	2026-09-16
usf.edu	64607	2026-02-26
usmagazine.com	68286	2026-09-28
usnews.com	60090	2024-07-31
usni.org	7584	2026-06-01
utahindependent.com	23465	2026-09-28
utdailybeacon.com	5041	2026-09-26
uticaod.com	14125	2023-09-11
utilitydive.com	9929	2026-09-26
utv44.com	6337	2026-09-26
v100fm.com	6430	2026-09-28
v100rocks.com	14196	2026-09-27
v1019.com	20078	2026-09-28
vaalweekblad.com	14927	2023-11-09
vaildaily.com	29154	2026-09-28
valdostadailytimes.com	76067	2026-09-28
valleybreeze.com	13951	2026-09-28
valleymorningstar.com	6006	2021-01-11
valleynewslive.com	33669	2026-09-28
valuewalk.com	9489	2025-01-23
vancourier.com	30069	2021-01-13
vancouverisland.ctvnews.ca	24417	2026-09-27
vancouversun.com	59206	2026-09-28
vandaliaradio.com	12068	2026-09-28
vanguardngr.com	223357	2026-09-28
vanityfair.com	19156	2026-09-27
variety.com	98304	2026-09-28
varsity.co.uk	8935	2026-09-27
vavel.com	12325	2026-09-28
vccircle.com	11518	2026-09-28
vcstar.com	9705	2023-09-11
vcyamerica.org	5662	2023-07-13
vdare.com	10802	2024-07-25
vegnews.com	13007	2026-09-27
venezuelastar.com	21525	2026-09-28
venturebeat.com	5743	2025-08-30
venturesafrica.com	22144	2024-11-16
vermilionstandard.com	12919	2026-09-27
vermontbiz.com	25528	2026-09-24
vernonmorningstar.com	53130	2026-09-28
verticalmag.com	14094	2026-09-28
vervetimes.com	11695	2025-01-26
vestnikkavkaza.net	24786	2022-01-22
veteranstoday.com	14175	2025-02-13
vg247.com	9510	2026-09-08
vgchartz.com	41031	2026-09-28
vibe.com	12123	2026-09-28
vice.com	21501	2026-09-28
vicnews.com	38803	2026-09-28
victoriaadvocate.com	5749	2026-09-28
victorygirlsblog.com	6876	2026-09-28
videtteonline.com	7622	2026-09-28
vietnamnet.vn	30619	2026-06-03
vietnamnews.vn	65809	2026-09-28
vietnamtribune.com	62444	2026-09-28
viewngr.com	44838	2025-01-29
vikings.com	5812	2026-09-28
vikingsterritory.com	18787	2026-09-28
villagesoup.com	21386	2024-09-18
vindy.com	50146	2026-09-28
vir.com.vn	29711	2026-09-28
virginislandsdailynews.com	20019	2026-09-28
virginislandsnewsonline.com	37791	2026-09-28
virginradio.co.uk	8278	2026-09-19
visayandailystar.com	32164	2026-06-06
vision.org.au	8529	2026-07-31
visionmp.com	10399	2026-07-10
vladtv.com	46461	2026-09-27
vmagazine.com	7602	2026-06-03
vnews.com	21160	2026-09-28
vnexpress.net	16986	2026-03-19
voanews.com	134105	2025-03-20
voazimbabwe.com	12730	2026-03-20
vocm.com	40355	2026-09-28
vogue.co.uk	19158	2026-09-28
vogue.com	34585	2026-09-28
vogue.in	10902	2026-09-28
voice-online.co.uk	11103	2026-09-26
voicenews.com	19643	2025-11-04
voiceofalexandria.com	81545	2026-09-28
voiceofvienna.org	15835	2026-09-28
voiceonline.com	10248	2026-09-28
vol.at	17071	2026-09-28
volcanodiscovery.com	17769	2026-09-27
volumeone.org	5030	2026-09-27
vovworld.vn	9520	2026-01-25
vox.com	20194	2026-09-28
voxy.co.nz	48332	2026-07-07
vpm.org	20009	2023-01-27
vpr.org	5702	2022-06-22
vtcng.com	15008	2026-09-28
vtdigger.org	12969	2026-09-28
vulcanadvocate.com	8862	2026-09-27
vulture.com	26194	2026-09-28
vvdailypress.com	8735	2023-09-11
w4country.com	6039	2026-09-28
wa1a.com	10604	2026-09-27
waateanews.com	26436	2026-09-28
waaytv.com	47338	2026-08-02
wabcradio.com	7619	2025-02-02
wabe.org	21327	2026-04-24
wabi.tv	38861	2026-09-28
wabx.net	34714	2026-09-28
wach.com	39504	2026-09-28
wacotrib.com	70932	2026-09-26
wadenapj.com	25799	2026-09-27
wadk.com	36823	2026-09-26
waer.org	41721	2026-09-28
wafb.com	39345	2026-09-28
waff.com	34104	2026-09-28
wagmtv.com	12481	2026-09-26
wahoo-ashland-waverly.com	17427	2026-09-24
wahpetondailynews.com	16228	2026-09-28
wajr.com	5210	2026-09-27
waka.com	11481	2026-09-28
wakefieldexpress.co.uk	18345	2025-01-23
wakg.com	7980	2026-09-18
walb.com	34171	2026-09-28
walesonline.co.uk	258980	2026-09-28
walkermn.com	15289	2026-09-28
wallaceburgcourierpress.com	38498	2026-06-29
wallowa.com	8475	2026-09-25
wallpaper.com	15633	2026-09-27
walls102.com	8142	2023-06-13
wallstreet-online.de	85903	2026-09-28
wam.ae	15139	2023-11-04
wamc.org	53813	2026-09-28
wamda.com	5924	2026-09-28
wandsworthguardian.co.uk	133089	2026-09-28
wandtv.com	61700	2026-09-28
wantedinrome.com	9137	2026-09-28
wape.com	13227	2026-09-27
wapt.com	69647	2026-09-28
wardheernews.com	5012	2026-09-28
wardsauto.com	7046	2026-02-03
warm1033.com	24412	2026-09-28
warm1069.com	9930	2026-09-28
warm98.com	11781	2026-09-27
warringtonguardian.co.uk	158148	2026-09-28
warsawvoice.pl	12750	2026-03-18
warwickdailynews.com.au	51988	2021-04-28
warwickonline.com	5973	2026-09-24
warwickshireworld.com	12934	2025-01-23
washingtonblade.com	8637	2026-09-28
washingtonexaminer.com	163024	2026-09-28
washingtonian.com	13194	2026-09-25
washingtoninformer.com	7113	2026-09-26
washingtonjewishweek.com	5070	2026-09-26
washingtonpost.com	306594	2024-08-02
washingtontimes.com	292813	2026-04-13
washtimesherald.com	43524	2026-09-27
waste360.com	5106	2025-01-19
wataugademocrat.com	50265	2026-09-28
watchingamerica.com	8193	2026-09-27
waterford-news.ie	68378	2026-09-28
watermarkonline.com	35425	2025-11-03
wateronline.com	11048	2026-09-28
waterwaysjournal.net	5553	2026-09-25
watfordobserver.co.uk	113294	2026-09-28
watoday.com.au	134628	2026-09-28
wattsupwiththat.com	8615	2026-09-28
wausaudailyherald.com	9127	2023-09-11
waxahachietx.com	5983	2026-09-25
wbaa.org	78904	2026-09-28
wbal.com	70127	2026-09-07
wbaltv.com	76657	2026-09-28
wbap.com	89556	2026-09-28
wbay.com	39825	2026-09-28
wbbjtv.com	34888	2026-09-28
wbckfm.com	23781	2025-11-29
wbco.com	6331	2026-09-25
wbez.org	6809	2026-09-28
wbfo.org	39821	2025-04-01
wbgo.org	6043	2026-09-25
wbir.com	60093	2026-06-05
wbiw.com	47373	2026-09-28
wbjournal.com	13742	2026-09-25
wbkb11.com	7002	2026-09-28
wbko.com	24515	2026-09-28
wbkr.com	25942	2026-09-28
wblk.com	38959	2026-09-28
wblm.com	34086	2026-09-28
wbls.com	9642	2026-09-26
wbmq.net	17237	2020-08-26
wbng.com	24157	2026-09-28
wbnowqct.com	5817	2026-09-28
wbnq.com	13074	2026-09-28
wboc.com	92550	2026-09-28
wboi.org	46214	2026-09-28
wbrc.com	48080	2026-09-28
wbrz.com	74831	2026-09-28
wbsm.com	20673	2026-09-28
wbszfm.com	5344	2026-09-24
wbt.com	8955	2026-09-28
wbtmdanville.com	9576	2026-09-25
wbtv.com	37145	2026-09-28
wbur.org	55150	2026-09-28
wbwn.com	9588	2026-09-27
wcax.com	41279	2026-09-28
wcbe.org	59875	2026-09-28
wcbi.com	21618	2026-09-28
wcbm.com	31576	2026-09-28
wccbcharlotte.com	42499	2026-09-27
wccftech.com	48610	2026-09-27
wccq.com	9401	2024-05-24
wcfcourier.com	114553	2026-09-28
wchstv.com	38190	2026-09-28
wcjb.com	33731	2026-09-28
wclk.com	34365	2026-09-28
wclo.com	10685	2025-05-20
wcnc.com	66822	2026-06-06
wcoapensacola.com	43634	2026-09-27
wcpo.com	33539	2026-09-27
wcrz.com	22325	2026-09-28
wcsmradio.com	10561	2026-09-27
wcsufm.org	66007	2026-09-28
wcsx.com	18397	2026-09-28
wcsy.com	39594	2026-09-26
wcti12.com	44655	2026-09-28
wctrib.com	54676	2026-09-28
wctv.tv	30275	2026-09-28
wcvb.com	105292	2026-09-28
wcyb.com	35155	2026-09-28
wcyy.com	30569	2026-09-26
wdadradio.com	15029	2026-09-28
wdam.com	36404	2026-09-28
wdbj7.com	35645	2026-09-28
wdbo.com	50874	2026-09-28
wdbqam.com	10164	2026-09-28
wdef.com	24777	2026-07-21
wdel.com	26166	2026-09-28
wden.com	5782	2026-09-27
wdet.org	10347	2026-09-26
wdez.com	22990	2026-09-28
wdhafm.com	16123	2026-09-28
wdio.com	63602	2026-09-28
wdiy.org	45758	2026-09-28
wdjx.com	8847	2026-09-28
wdkx.com	5395	2022-07-25
wdrb.com	101048	2026-09-01
wdrv.com	9390	2026-09-26
wdsm710.com	40750	2026-09-28
wdsu.com	107127	2026-09-28
wdtimes.com	35016	2026-09-28
wdtv.com	20994	2026-09-27
wdzz.com	9083	2026-09-28
weaa.org	51021	2025-02-25
wealthmanagement.com	17583	2026-09-25
weareiowa.com	7839	2026-03-16
weartv.com	36534	2026-09-28
weatherforddemocrat.com	14258	2026-09-27
weathernationtv.com	6175	2026-09-26
weau.com	32381	2026-09-28
webcamfeet.com	5756	2021-11-12
webindia123.com	436175	2026-09-28
webmd.com	10312	2026-09-25
webpronews.com	32496	2026-09-17
webwire.com	38814	2026-09-28
wect.com	37193	2026-09-28
weeklyblitz.net	32328	2026-09-27
weeklytimesnow.com.au	11584	2024-07-22
weforum.org	8434	2024-01-12
wegotthiscovered.com	68271	2025-02-24
weirtondailytimes.com	22322	2026-09-28
weisradio.com	18260	2026-01-06
wellandtribune.ca	73863	2026-09-28
wellingtondailynews.com	5446	2026-09-24
wellingtontimes.com.au	38037	2026-09-28
wellsvilledaily.com	5537	2022-04-14
wemu.org	35026	2026-09-28
wenatcheeworld.com	25640	2026-09-28
wenxuecity.com	37121	2026-09-28
weny.com	30751	2026-09-28
wesa.fm	41179	2026-06-04
wesh.com	80190	2026-09-28
wesm913.org	17888	2022-01-28
westcentralonline.com	18012	2026-09-28
westcentralsbest.com	48754	2026-09-28
westerlynews.ca	31768	2026-09-28
westernadvocate.com.au	113337	2026-09-28
westernmassnews.com	23570	2026-09-28
westernpeople.ie	36484	2026-09-28
westerntelegraph.co.uk	127182	2026-09-28
westernweekender.com.au	5806	2026-09-28
westernwheel.ca	6258	2025-09-05
westfaironline.com	12839	2026-09-27
westhawaiitoday.com	20513	2026-09-27
westkentuckystar.com	30108	2026-09-28
westmeathexaminer.ie	48193	2026-09-28
westmeathindependent.ie	47329	2026-09-28
westofthei.com	7279	2026-09-28
westport-news.com	54149	2022-03-01
westseattleblog.com	49032	2026-09-28
westsussextoday.co.uk	7480	2022-02-09
westword.com	13366	2026-09-27
wetaskiwintimes.com	15723	2026-09-27
weyburnreview.com	37373	2021-07-29
wfaa.com	64004	2026-06-05
wfae.org	71978	2026-09-28
wfasam.com	13055	2026-09-16
wfav951.com	14273	2026-09-26
wfdd.org	53532	2026-09-28
wfgr.com	21383	2024-07-03
wfin.com	45335	2025-06-14
wfirnews.com	5356	2026-09-28
wfit.org	6693	2026-09-25
wfiwradio.com	12692	2026-09-28
wfls.com	17495	2026-09-28
wflx.com	33515	2026-09-28
wfmd.com	15414	2026-09-28
wfmj.com	111979	2026-09-28
wfms.com	7341	2026-09-27
wfmynews2.com	66653	2026-06-05
wfmz.com	256710	2026-09-28
wfnc640am.com	68935	2026-09-21
wfnt.com	13352	2026-09-27
wfsb.com	37447	2026-09-28
wfsu.org	49109	2026-09-28
wftv.com	46835	2026-09-28
wftw.com	69191	2025-03-28
wfuv.org	9693	2026-09-28
wfxd.com	6582	2026-04-09
wfxl.com	6512	2025-09-11
wfyi.org	15044	2026-09-26
wgac.com	6715	2026-09-26
wgal.com	84594	2026-09-28
wgan.com	15650	2026-09-28
wgauradio.com	62120	2026-09-28
wgbh.org	24262	2026-09-28
wgcu.org	32547	2026-09-28
wgil.com	10108	2026-09-17
wglr.com	25664	2026-09-28
wglt.org	61780	2026-09-28
wgmd.com	40916	2026-09-27
wgme.com	43511	2026-09-28
wgna.com	34418	2026-09-28
wgni.com	9505	2026-09-28
wgnsradio.com	16837	2026-07-31
wgntv.com	7621	2026-05-05
wgog.com	6283	2026-09-28
wgow.com	46911	2026-09-27
wgowam.com	75103	2026-09-28
wgrd.com	45199	2026-09-26
wgrr.com	10069	2026-09-28
wgrz.com	46639	2026-06-05
wgxa.tv	11647	2026-09-28
wharfedaleobserver.co.uk	119513	2026-09-28
whas11.com	68292	2026-06-25
whatdidyousay.org	15446	2025-11-11
whatech.com	27625	2026-09-06
whathifi.com	11521	2026-09-28
whatsnew2day.com	14117	2025-01-27
whatson.ae	21169	2026-09-28
whatsonstage.com	11478	2026-09-28
whatsontv.co.uk	5261	2021-06-10
whattheythink.com	14237	2026-08-28
whav.net	5601	2026-09-02
whbl.com	71924	2026-09-28
whby.com	9343	2026-09-25
whcuradio.com	10235	2024-06-23
whdg.com	16762	2026-09-26
whdh.com	56431	2026-09-28
whec.com	132603	2026-09-28
whidbeynewstimes.com	6324	2026-09-26
whig.com	60652	2026-09-28
whio.com	47286	2026-09-28
whitecountycitizen.com	5027	2026-09-26
whitecourtstar.com	13635	2026-09-27
whitehorsestar.com	5917	2026-01-29
whitehouse.gov	6012	2026-03-17
whitsundaytimes.com.au	56923	2021-04-28
whittierdailynews.com	47755	2026-09-28
whiznews.com	15162	2026-09-27
whky.com	22255	2026-09-28
whmi.com	26091	2026-09-28
whnt.com	6192	2025-06-12
who.int	10373	2026-09-28
whopam.com	24434	2026-09-28
whqr.org	46925	2026-09-28
whro.org	15432	2026-09-28
whrpfm.com	9105	2026-09-27
whsv.com	29532	2026-09-28
whtc.com	49084	2026-09-28
whtimes.co.uk	57600	2026-09-28
whvoradio.com	13932	2026-09-26
whyy.org	26896	2026-09-28
wiartonecho.com	22753	2026-08-29
wibailoutpeople.org	5926	2026-09-28
wibc.com	29190	2026-09-27
wibqam.com	45131	2026-01-10
wibw.com	47289	2026-09-28
wibx950.com	30193	2026-09-28
wickedlocal.com	236673	2023-09-11
wicz.com	62391	2026-09-28
wifc.com	19800	2026-09-27
wifr.com	24848	2026-08-03
wigantoday.net	27415	2025-01-23
wiky.com	41528	2026-09-28
wild1029.com	9345	2026-09-28
wild1049hd.com	6114	2023-03-21
wild941.com	24259	2026-09-28
wiley.com	5267	2026-09-24
williamsondailynews.com	7236	2026-09-26
willistonherald.com	14905	2026-09-27
willitsnews.com	6695	2026-09-27
willmarradio.com	44571	2026-09-26
wilm-tv.com	8193	2021-09-20
wilmingtonbiz.com	12073	2025-01-22
wilsonpost.com	5372	2023-03-01
wilsontimes.com	5852	2026-08-29
wiltonbulletin.com	62996	2025-06-14
wiltsglosstandard.co.uk	118849	2026-09-28
wiltshiretimes.co.uk	148939	2026-09-28
wilx.com	34177	2026-09-28
wimbledonguardian.co.uk	122713	2026-09-28
wimsradio.com	17574	2026-09-28
wimz.com	6768	2026-09-21
winchesterstar.com	62451	2026-09-28
wincountry.com	19931	2026-09-28
windfm.com	7094	2026-09-28
windowscentral.com	34225	2026-09-27
windowstorussia.com	5923	2026-06-10
windpowermonthly.com	7211	2026-07-02
windsor.ctvnews.ca	20740	2025-04-09
windsorite.ca	19835	2025-09-22
windsorstar.com	59192	2026-09-28
windtech-international.com	9532	2026-09-28
wingsmagazine.com	5951	2026-09-25
wink104.com	10596	2026-09-28
winknews.com	56574	2026-09-28
winnipeg.ctvnews.ca	27808	2025-04-25
winnipegfreepress.com	331108	2026-09-28
winnipegsun.com	54839	2026-09-28
winonadailynews.com	37945	2026-09-26
winonapost.com	10640	2026-09-28
winsfordguardian.co.uk	67252	2023-03-07
winteriscoming.net	8727	2026-09-27
wiog.com	5279	2026-09-28
wionews.com	25883	2026-02-12
wiov.com	7415	2026-09-28
wired.com	21575	2026-09-28
wiredprnews.com	26047	2025-10-24
wirralglobe.co.uk	137263	2026-09-28
wirx.com	19929	2026-08-31
wisbechstandard.co.uk	36942	2026-09-28
wisbusiness.com	14441	2026-09-26
wisc.edu	13943	2026-09-28
wiscassetnewspaper.com	25286	2026-09-27
wiscnews.com	66715	2026-09-27
wisconsin106.com	15308	2025-03-13
wisconsinagconnection.com	14898	2026-09-25
wisconsinrapidstribune.com	9142	2023-09-11
wisfarmer.com	5440	2023-09-11
wishtv.com	72407	2026-09-28
wislawjournal.com	11691	2026-06-03
wisn.com	76176	2026-09-28
wispolitics.com	20579	2026-07-23
wisr680.com	9582	2026-09-28
wistv.com	39277	2026-09-28
withinnigeria.com	12604	2026-03-04
witl.com	38022	2026-09-28
witn.com	37618	2026-09-28
witneygazette.co.uk	134467	2026-09-28
wits.ac.za	5621	2026-09-26
wivk.com	12764	2026-09-28
wixx.com	27906	2026-09-26
wiznation.com	14044	2026-09-28
wjactv.com	35420	2026-09-28
wjbc.com	40048	2026-09-21
wjbq.com	28850	2026-09-28
wjbr.com	12970	2025-12-04
wjcl.com	73522	2026-09-28
wjct.org	72699	2026-09-28
wjcw.com	56217	2026-09-27
wjez.com	10942	2026-09-27
wjfw.com	21114	2026-09-28
wjhg.com	26441	2026-09-28
wjimam.com	23474	2025-12-01
wjla.com	51616	2026-09-28
wjle.com	6166	2026-09-27
wjmi.com	18966	2026-05-04
wjnt.com	23076	2026-04-22
wjol.com	35009	2026-09-28
wjon.com	38593	2026-09-28
wjoxam.com	50601	2026-04-07
wjpf.com	5993	2026-09-16
wjr.com	43901	2026-09-27
wjrz.com	14269	2026-09-28
wjsu.org	19822	2025-03-11
wjtn.com	21018	2026-09-26
wjvl.com	5257	2025-03-09
wkar.org	18489	2026-09-27
wkbw.com	41969	2026-09-28
wkdq.com	37352	2026-09-27
wkdzradio.com	16790	2026-09-23
wkfr.com	25254	2026-09-28
wkjc.com	43127	2026-09-28
wkkg.com	9966	2026-09-16
wkmi.com	17491	2025-11-30
wkml.com	16438	2026-09-28
wkms.org	55492	2026-09-28
wknofm.org	85801	2026-09-28
wkow.com	6158	2026-05-21
wkrb13.com	486644	2025-04-18
wksn.com	20957	2026-09-28
wksu.org	17996	2022-12-08
wktn.com	10548	2026-09-26
wktv.com	43377	2026-09-28
wkuherald.com	9562	2026-09-28
wkvi.com	7843	2026-09-28
wkxi.com	15993	2026-05-09
wkyc.com	70523	2026-06-06
wkyt.com	34828	2026-09-28
wkyufm.org	46061	2026-09-28
wkzo.com	77860	2026-09-28
wlad.com	5225	2026-09-28
wlav.com	10603	2026-09-28
wlbt.com	8276	2026-03-19
wlds.com	11700	2026-09-28
wlec.com	23304	2026-09-28
wlevradio.com	9936	2026-09-28
wlfi.com	25819	2026-09-28
wlip.com	23140	2026-09-25
wlkm.com	8868	2026-09-28
wlky.com	84264	2026-09-28
wlni.com	5321	2026-04-30
wlos.com	42793	2026-09-28
wlox.com	34229	2026-09-28
wlrfm.com	16614	2026-07-28
wlrh.org	26665	2026-09-27
wlrn.org	51012	2026-09-28
wlsam.com	54574	2026-09-28
wltribune.com	33790	2026-09-28
wltx.com	63246	2026-06-25
wltz.com	6311	2026-09-01
wlwi.com	6376	2026-09-28
wlwt.com	93380	2026-09-28
wmac-am.com	48768	2026-09-27
wmagazine.com	6730	2026-09-28
wmal.com	39634	2026-09-28
wmay.com	11097	2025-04-11
wmbfnews.com	40070	2026-09-28
wmcactionnews5.com	21076	2021-05-19
wmdt.com	34430	2026-09-27
wmfe.org	18986	2024-04-02
wmgk.com	17171	2026-09-28
wmicentral.com	10623	2026-09-25
wmmq.com	34418	2026-09-28
wmnf.org	7728	2026-09-28
wmot.org	24000	2025-08-12
wmra.org	46120	2026-09-28
wmtram.com	10579	2026-09-28
wmtv15news.com	20574	2026-09-28
wmtw.com	75756	2026-09-28
wmuk.org	25533	2026-09-28
wmur.com	97104	2026-09-28
wn.com	400270	2026-09-28
wnaw.com	19400	2026-09-27
wnax.com	9110	2026-09-25
wnbf.com	18219	2026-09-28
wncv.com	9351	2026-09-26
wncw.org	32934	2026-09-28
wncy.com	27640	2026-09-25
wnd.com	38270	2026-09-28
wndu.com	32791	2026-09-28
wnem.com	24495	2026-09-28
wnep.com	57274	2026-06-05
wnewsj.com	19288	2025-05-15
wnir.com	9648	2026-09-28
wnmtradio.com	19176	2022-12-08
wnmufm.org	73337	2026-09-28
wnpr.org	6587	2021-07-14
wntxradio.com	19392	2026-08-10
wnypapers.com	5068	2026-09-26
wnyt.com	45063	2026-03-11
woad.com	19065	2026-04-22
wobm.com	60043	2026-09-28
wogb.fm	17438	2026-09-28
wogx.com	18837	2026-09-19
wohfradio.com	29765	2026-09-28
wokq.com	28229	2026-09-28
wokv.com	66114	2026-09-28
womanandhome.com	25937	2026-09-28
womansworld.com	13646	2026-09-28
womenofchina.cn	11042	2025-06-09
womenshealthmag.com	17482	2026-09-27
wondradio.com	42686	2026-09-28
wonkette.com	5766	2026-07-29
woodallscm.com	5764	2026-09-25
woodlandsonline.com	10644	2026-09-28
woodstocksentinelreview.com	41800	2026-09-18
woodwardnews.net	10476	2026-09-24
woodworkingnetwork.com	9527	2025-12-16
woonsocketcall.com	12811	2026-09-27
worcesternews.co.uk	111514	2026-09-28
wordpress.com	17270	2026-09-28
workers.org	5585	2026-03-06
workerscompensation.com	8548	2026-09-27
workersliberty.org	8719	2025-11-07
worksopguardian.co.uk	12974	2025-01-23
world-nuclear-news.org	7537	2026-09-25
worldathletics.org	5040	2026-09-27
worldbank.org	10247	2026-09-23
worldboxingnews.net	7275	2025-03-04
worldcasinodirectory.com	8161	2026-09-28
worldcrunch.com	14971	2025-01-23
worldipreview.com	5176	2026-09-25
worldoil.com	14134	2026-09-27
worldpoliticsreview.com	5298	2026-08-06
worldscreen.com	13861	2025-08-22
worldsoccertalk.com	14787	2022-08-10
worldtempus.com	6466	2026-09-28
wortfm.org	6174	2025-05-02
worthingherald.co.uk	6867	2022-02-10
worthplaying.com	13901	2026-09-25
worthynews.com	6498	2026-09-28
wosu.org	15991	2026-09-28
woub.org	10840	2026-09-26
wowo.com	10722	2026-09-28
wowt.com	39561	2026-09-28
wpbf.com	69463	2026-09-28
wpde.com	50273	2026-09-28
wpdh.com	45555	2026-09-28
wphm.net	13328	2026-08-08
wpr.org	12103	2026-09-28
wprl.org	54300	2025-10-06
wpsdlocal6.com	54843	2026-09-28
wpst.com	37258	2026-09-28
wpsu.org	66190	2026-09-28
wptv.com	53213	2026-09-28
wpxi.com	46644	2026-09-28
wqad.com	51386	2026-06-05
wqcmfm.com	13726	2026-09-26
wqcs.org	57614	2026-09-28
wqel.com	5874	2026-09-24
wqut.com	21701	2026-09-27
wral.com	155212	2026-09-28
wraltechwire.com	12216	2025-11-06
wrcbtv.com	57393	2022-01-13
wrdw.com	39903	2026-09-28
wreg.com	6285	2026-08-24
wrestlezone.com	39888	2026-09-27
wrestlinginc.com	64341	2026-09-28
wrestlingnewssource.com	25672	2026-07-06
wrexham.com	16129	2026-09-28
wrfalp.com	7974	2026-09-25
wrganews.com	13412	2026-09-28
wrhi.com	5656	2026-09-26
wrif.com	31181	2026-09-28
writersdigest.com	5942	2026-09-28
wrjn.com	5798	2026-09-28
wrjo.com	5701	2026-09-24
wrkf.org	38241	2026-09-28
wrkr.com	24830	2026-09-28
wrmf.com	11307	2026-09-26
wror.com	21324	2026-09-28
wrp.org.uk	6424	2026-09-28
wrrv.com	39614	2026-09-28
wruf.com	10802	2026-09-28
wrur.org	9558	2026-09-28
wrvo.org	63098	2026-09-28
wsau.com	104637	2026-09-28
wsaw.com	31837	2026-09-28
wsaz.com	28700	2026-09-28
wsbradio.com	64887	2026-09-28
wsbs.com	13114	2026-09-25
wsbt.com	41828	2026-09-28
wsbtv.com	56077	2026-09-28
wscountytimes.co.uk	6332	2022-02-09
wset.com	44045	2026-09-28
wsfa.com	32747	2026-09-28
wsfl.com	7320	2026-09-28
wsgw.com	20370	2026-09-25
wshu.org	41067	2026-09-28
wsiltv.com	53441	2026-08-02
wsipam.com	5015	2026-07-25
wsiu.org	77351	2026-09-28
wsj.com	58643	2026-06-22
wsjm.com	30737	2026-09-26
wsjs.com	5407	2026-07-31
wskg.org	6784	2026-03-08
wsls.com	138874	2026-09-28
wsmv.com	37732	2026-09-28
wsnewspublishers.com	7109	2025-08-29
wsoctv.com	47113	2026-09-28
wsrkfm.com	18611	2026-09-28
wsu.edu	8678	2026-09-25
wsvaonline.com	5422	2024-04-02
wsvn.com	49448	2026-09-28
wsws.org	41409	2026-09-28
wtae.com	82399	2026-09-28
wtap.com	5700	2026-03-19
wtaq.com	53882	2026-09-26
wtax.com	7000	2024-05-20
wtbdfm.com	11527	2024-01-02
wtbx.com	24849	2026-09-28
wthitv.com	38455	2026-09-28
wthr.com	77073	2026-08-11
wtka.com	15955	2024-08-27
wtkr.com	58052	2026-09-28
wtma.com	107412	2026-09-28
wtmj.com	42363	2026-07-15
wtmx.com	10579	2026-09-28
wtoc.com	36284	2026-09-28
wtok.com	23923	2026-09-28
wtol.com	61161	2026-06-06
wtop.com	90096	2026-09-28
wtov9.com	36244	2026-09-28
wtsp.com	75398	2026-06-06
wttf.com	31685	2026-09-28
wttw.com	14739	2025-12-16
wtug.com	19553	2026-09-27
wtva.com	48055	2026-09-28
wtvbam.com	56715	2026-09-28
wtvm.com	27954	2026-09-28
wtvq.com	20358	2026-09-09
wtvr.com	52168	2026-09-27
wtvy.com	22470	2026-09-28
wtxl.com	32540	2026-09-28
wuft.org	40713	2026-09-28
wuky.org	28800	2026-09-28
wunc.org	21647	2026-09-28
wupe.com	18422	2026-09-28
wusa9.com	68551	2026-06-05
wutc.org	40910	2026-09-28
wuuqradio.com	12299	2026-09-25
wuwf.org	54139	2026-09-28
wuwm.com	17501	2026-09-28
wvasfm.org	51382	2026-09-28
wvel.com	7416	2026-09-21
wvfm1065.com	5078	2020-12-07
wvgazettemail.com	44022	2026-09-27
wvik.org	53755	2026-09-28
wvlkam.com	68897	2026-09-28
wvlnam.com	8648	2026-07-29
wvmetronews.com	25116	2026-09-28
wvnews.com	110265	2026-01-24
wvnn.com	40828	2026-09-23
wvpublic.org	12884	2026-09-25
wvrecord.com	5873	2025-05-20
wvtf.org	34455	2026-09-28
wvtm13.com	68157	2026-09-28
wvxu.org	44677	2026-09-28
wwaytv3.com	30589	2026-09-28
wwd.com	47839	2026-09-28
wweek.com	12142	2026-09-22
wwisradio.com	5441	2026-09-28
wwjb.com	5988	2025-02-24
wwki.com	5993	2026-09-28
wwltv.com	56312	2026-06-05
wwmt.com	43355	2026-09-28
wwno.org	47205	2026-09-28
wwnytv.com	26469	2026-09-28
wwqq101.com	5906	2026-09-28
wxerfm.com	19346	2026-09-28
wxfx.com	9353	2026-09-28
wxii12.com	79279	2026-09-28
wxkr.com	13932	2026-09-27
wxlo.com	9949	2026-09-28
wxow.com	52874	2026-09-28
wxpr.org	31993	2026-09-28
wxxinews.org	55930	2026-09-28
wxxv25.com	27814	2026-09-28
wxyz.com	53173	2026-09-28
wydaily.com	15719	2026-09-27
wyff4.com	82431	2026-09-28
wynn1063.com	20623	2026-09-27
wyomingnews.com	94917	2026-09-28
wyomingnewsnow.tv	38010	2026-09-28
wyomingpublicmedia.org	45163	2026-09-28
wypr.org	52910	2026-09-28
wyrk.com	44084	2026-09-28
wyshradio.com	5235	2026-09-25
wyso.org	45480	2026-09-28
wysu.org	26220	2026-09-28
wzid.com	7103	2026-09-26
wzozfm.com	19510	2026-09-28
wzpl.com	8156	2026-09-28
wzzm13.com	69198	2026-06-26
x1071.com	31698	2026-09-27
xboxachievements.com	9229	2025-04-26
xinhuanet.com	172415	2026-09-10
xlcountry.com	14639	2026-09-27
xpatloop.com	10253	2026-07-22
xtra99.com	18080	2026-09-28
xxlmag.com	13824	2026-09-25
y-103.com	9776	2026-09-27
y100fm.com	8174	2026-09-27
y101.com	14460	2026-09-26
y101hits.com	10351	2026-09-28
y102montgomery.com	23217	2026-09-28
y105fm.com	41721	2026-09-28
y105music.com	26375	2026-09-28
y108.ca	8134	2026-09-27
y94.com	37944	2026-09-28
y95country.com	29359	2026-09-27
yachtsandyachting.com	31114	2026-09-28
yahoo.com	6432998	2026-09-28
yakimaherald.com	99901	2026-09-28
yaktrinews.com	8775	2023-06-26
yale.edu	11876	2026-09-26
yaledailynews.com	5862	2026-01-16
yalibnan.com	9606	2026-09-28
yambolnews.net	6474	2025-10-22
yanksgoyard.com	5753	2026-09-28
yankton.net	61670	2026-09-28
yardbarker.com	169296	2026-09-28
yasstribune.com.au	70664	2026-09-28
ycombinator.com	5968	2026-09-25
ydr.com	6710	2023-09-11
yellowhammernews.com	14558	2026-09-28
yen.com.gh	10134	2026-03-19
yenisafak.com	20714	2025-09-16
yeovilexpress.co.uk	58449	2023-06-08
yesweekly.com	10512	2026-09-24
yle.fi	17183	2026-09-28
yna.co.kr	6410	2026-03-12
ynaija.com	9292	2026-09-28
ynetnews.com	67969	2026-09-28
yorkdispatch.com	14408	2023-09-11
yorknewstimes.com	47621	2026-09-28
yorkpress.co.uk	172161	2026-09-28
yorkregion.com	12595	2026-09-28
yorkshireeveningpost.co.uk	26040	2025-01-23
yorkshirepost.co.uk	60971	2025-01-23
yorktonthisweek.com	42911	2021-07-29
youngwitness.com.au	20009	2026-09-23
youralaskalink.com	22856	2026-09-26
yourdemocracy.net	5767	2026-09-28
yourdemocracy.net.au	19395	2026-09-28
youredm.com	7476	2026-06-26
yourfortdodge.com	19789	2026-09-22
yourlocalguardian.co.uk	191900	2026-09-28
yourobserver.com	13482	2025-09-10
yourradioplace.com	8117	2026-09-15
yoursourceone.com	81614	2026-09-27
yourstephenvilletx.com	5065	2026-09-19
yourstory.com	36279	2026-09-03
yourtango.com	49989	2026-09-28
yourthurrock.com	11264	2026-09-28
yovizag.com	6914	2026-09-28
ypradio.org	69194	2026-09-28
yubanet.com	9094	2026-09-26
yukon-news.com	6539	2026-09-28
yumasun.com	61024	2026-09-28
z100fm.com	5690	2026-09-18
z100missoula.com	15276	2026-09-28
z1023online.com	17044	2026-09-28
z103.fm	11188	2024-08-29
z1077fm.com	11394	2026-09-27
z937.com	21161	2026-09-28
z93jamz.com	17645	2026-09-28
z94.com	26450	2026-09-28
z943radio.com	8741	2025-01-06
z96.com	10832	2026-09-28
zawya.com	200271	2026-09-28
zazoom.it	10642	2026-09-25
zdnet.com	41211	2026-09-28
zerohedge.com	136163	2026-09-28
zfenglish.com	41197	2026-09-28
ziarelive.ro	5451	2024-08-01
zigwheels.com	21097	2026-09-28
zimbabwesituation.com	15654	2026-07-20
zimbabwestar.com	54676	2026-09-28
zimeye.net	10558	2026-09-15
zizonline.com	6804	2026-09-26
zmescience.com	13655	2026-09-26
znsbahamas.com	6008	2026-09-25
zodiakmalawi.com	6788	2026-09-23
zonebourse.com	6769	2026-05-15
zrock103.com	9136	2026-09-27
zululandobserver.co.za	18680	2023-08-31
