1005freshradio.ca	8954	2026-09-12
1009theeagle.com	11642	2026-08-20
1010wcsi.com	7307	2025-08-27
1011now.com	33712	2026-09-13
1015hankfm.com	9175	2025-07-28
1015thehawk.com	10170	2026-03-23
1015vibe.com	8623	2026-09-11
1019thebeatfm.com	9206	2025-05-15
1019thekeg.com	26327	2026-05-12
1019therock.com	25497	2026-09-09
1021thefox.com	9214	2026-09-12
1023thebullfm.com	17949	2026-09-10
1023thewolf.com	8201	2026-09-04
1025kiss.com	37813	2026-09-12
1025wowcountry.com	7547	2026-09-12
1027kord.com	33356	2026-09-13
1027thevibe.com	7934	2026-09-13
102thebear.com	6131	2026-09-13
1031freshradio.ca	8930	2026-09-11
1033theeagle.com	6668	2026-09-01
1033wvyb.com	8679	2026-09-11
1035kissfmboise.com	25100	2026-09-13
1035theeagle.com	9324	2026-07-29
1037theloon.com	27835	2026-09-13
1039wvbo.com	28251	2026-09-13
103gbfrocks.com	36331	2026-09-12
103kkcn.com	19480	2026-09-13
103weup.com	10059	2026-09-12
103wjod.com	23852	2026-09-11
1041wdlt.com	9512	2026-09-13
1043freshradio.ca	8349	2026-08-31
1043theparty.com	7491	2026-09-13
1045bobfm.com	5391	2024-09-10
1045freshradio.ca	7547	2026-09-11
1045theteam.com	23046	2026-09-12
1045thezone.com	30330	2026-09-13
1045wjjk.com	5991	2026-09-13
1049maxcountry.com	8001	2021-04-15
1049nashicon.com	5906	2026-09-13
1049thebeat.com	17926	2026-09-13
1049theedge.com	7670	2023-01-13
1049thewolf.com	16180	2026-09-13
104thehawk.com	10965	2026-09-12
1050talk.com	7314	2020-02-18
1053hotfm.com	6192	2026-09-13
1055thehawk.com	6159	2024-06-16
1057thehawk.com	56288	2026-09-13
1057thepoint.com	16117	2026-09-13
1057thex.com	9300	2026-09-13
1059thehog.com	9300	2026-08-30
1063cowboycountry.com	6354	2021-01-15
1063thebuzz.com	31128	2026-09-11
1063thegroove.com	7909	2026-09-11
1065thearch.com	12110	2026-09-12
1065thebuzz.com	15869	2026-09-13
1069morefm.com	6042	2022-09-07
1073modfm.com	24944	2026-08-10
1073theeagle.com	9457	2026-09-11
1073wsjy.com	5991	2025-11-22
1075daverocks.com	7765	2026-09-13
1075koolfm.com	7798	2026-09-11
1075thegame.com	42130	2026-09-13
1075zoofm.com	8459	2022-07-07
1077thebone.com	7214	2026-09-11
1079ishot.com	48345	2026-09-13
107jamz.com	17862	2026-09-13
1090kaay.com	19774	2026-09-13
10news.com	98224	2026-09-13
10tv.com	62651	2026-06-25
1150kknw.com	5801	2026-09-12
1170kfaq.com	5326	2020-05-08
11alive.com	76527	2026-06-06
1280wnam.com	22183	2026-02-02
1290wlby.com	38470	2026-09-12
12news.com	62356	2026-06-26
12newsnow.com	54381	2026-06-06
12onyourside.com	13141	2026-09-13
1310kfka.com	13955	2026-09-11
1310news.com	29075	2020-12-03
1350kman.com	15966	2026-09-13
1370wfea.com	8940	2026-09-12
1380kcim.com	8887	2026-03-18
13abc.com	29849	2026-09-12
13newsnow.com	73852	2026-06-06
13wham.com	42528	2026-09-13
13wmaz.com	59415	2026-06-06
1470kyyw.com	9004	2026-09-13
1470wmbd.com	10508	2023-03-10
1490wosh.com	81729	2026-09-12
14news.com	41312	2026-09-13
1520theticket.com	53163	2026-06-29
1590walg.com	17537	2020-08-26
1630kcjj.com	13939	2026-09-08
1660thefan.com	10612	2020-12-04
1prime.biz	32781	2023-12-29
247sports.com	6960	2023-02-02
247wallst.com	19384	2026-09-13
27east.com	8050	2026-09-12
29news.com	10940	2026-09-11
2ec.com.au	5392	2026-09-12
2gb.com	31740	2026-09-13
2hd.com.au	5912	2024-12-18
2lt.com.au	16076	2026-09-13
2merkato.com	5220	2026-09-11
2news.com	82621	2026-09-13
2nm.com.au	5348	2026-09-13
2paragraphs.com	14497	2026-09-12
360cities.net	23862	2026-06-04
360nobs.com	5978	2020-10-03
3aw.com.au	19545	2026-09-13
3ba.com.au	5033	2026-09-13
3blmedia.com	8532	2026-09-11
3quarksdaily.com	9653	2026-05-24
4029tv.com	66414	2026-09-13
411mania.com	105251	2025-11-29
41nbc.com	26885	2026-09-13
4bc.com.au	27900	2026-09-13
4ni.co.uk	14059	2026-09-11
51.ca	7515	2026-09-11
5280.com	5631	2026-09-10
560cfos.ca	11980	2025-07-31
570news.com	56393	2021-10-17
5newsonline.com	51740	2026-06-06
5tjt.com	10304	2026-06-04
6000.co.za	5333	2026-09-12
620ckrm.com	26831	2026-09-13
640wxsm.com	69341	2026-09-13
660wxqw.com	20062	2025-06-14
680kfeq.com	13564	2026-09-05
680news.com	113457	2021-10-17
6abc.com	61743	2026-09-13
6pr.com.au	10689	2026-09-13
702.co.za	24442	2024-01-15
710keel.com	26224	2026-09-13
730ckdm.com	6815	2026-09-13
740thefan.com	28969	2026-09-13
790business.com	41914	2022-08-10
790wpic.com	61853	2026-08-18
7news.com.au	5070	2026-03-12
7newsbelize.com	38853	2026-09-12
7thspace.com	39838	2024-09-15
850wftl.com	18211	2026-05-06
895thelake.ca	8534	2023-11-21
90min.com	58926	2025-09-29
915thebeat.com	8655	2026-09-09
919thebend.ca	10859	2026-02-10
91x.fm	5277	2026-09-11
921theticket.com	86356	2026-09-13
921wrou.com	25343	2026-08-10
927thedrive.net	19893	2026-09-11
927thevan.com	17929	2026-09-13
929nin.com	47541	2026-09-13
929peakfm.com	13855	2026-09-13
929thebull.com	31416	2026-09-12
929thelake.com	30741	2026-09-13
929theticket.com	9429	2026-09-10
929zzu.com	9210	2026-09-13
92moose.fm	29267	2026-09-13
92q.com	18169	2026-09-13
92qnashville.com	10545	2026-09-12
931coast.com	6752	2026-09-11
931freshradio.ca	8104	2026-09-12
931kmkt.com	18250	2026-08-23
931thebeat.com	9260	2026-09-13
931theborder.ca	8735	2025-09-08
933nashicon.com	5801	2026-09-09
933thedrive.com	38952	2026-09-13
937kclb.com	9653	2026-08-10
937kcountry.com	5271	2026-09-11
937nashicon.com	7073	2025-03-17
937theeagle.com	5831	2026-09-11
93q.com	19555	2026-09-13
93x.com	5566	2026-09-13
940wfaw.com	27438	2024-10-06
941theduke.com	7652	2026-09-11
943jackfm.com	23101	2026-09-12
943thepoint.com	57278	2026-09-13
945thehawkradio.com	5947	2026-09-13
945themoose.com	8687	2026-09-09
947wls.com	5747	2026-09-11
949whom.com	28884	2026-09-13
951kbby.com	8959	2026-09-13
953thebear.com	31444	2026-09-13
953thescore.com	61324	2026-09-13
955glo.com	9035	2026-09-12
955wtvy.com	6076	2026-09-01
959kissfm.com	12445	2026-09-13
95kqds.com	9688	2026-09-11
95rockfm.com	31698	2026-09-11
95sx.com	10473	2026-09-13
961jamz.com	8940	2026-09-13
961theeagle.com	34699	2026-09-12
963bigfm.com	7374	2026-09-02
963jackfm.com	8571	2026-09-13
963kklz.com	17050	2026-09-12
963theblaze.com	27900	2026-09-13
963wdvd.com	5199	2026-08-31
963xke.com	6305	2026-09-12
965bobfm.com	7279	2024-08-08
965kvki.com	39630	2026-09-13
965therock.com	20330	2026-09-13
967theeagle.net	32842	2026-09-12
969therock.com	14920	2026-09-06
96fm.ie	5800	2026-09-10
96krock.com	27053	2026-08-06
96kzel.com	9099	2026-09-12
971kissfm.com	5102	2022-09-16
973thedawg.com	46556	2026-09-13
975kgkl.com	21614	2026-09-12
975klak.com	6919	2020-05-30
975now.com	34840	2026-09-12
975thevibe.com	22864	2026-09-13
975wabd.com	11188	2026-09-13
977thebay.com	6214	2026-09-12
977theriver.com	12897	2025-05-26
979kickfm.com	32154	2026-09-11
979nashicon.com	5534	2026-09-13
979x.com	10493	2026-09-12
97rockonline.com	33538	2026-09-12
97x.com	22237	2026-09-11
97xonline.com	8055	2026-09-11
97zokonline.com	38915	2026-09-12
980waav.com	77043	2026-09-13
981thehawk.com	36066	2026-09-12
981themax.com	9286	2026-09-13
983nashicon.com	5974	2026-09-13
983thecoast.com	34934	2026-08-10
983thesnake.com	21786	2026-09-12
983wlcs.com	6156	2026-08-18
985kissfm.net	6118	2026-09-12
985thebull.com	12689	2026-09-02
987jack.com	23751	2026-09-12
987thebomb.com	6541	2026-09-04
987thebull.com	11553	2026-08-12
989magicfm.com	10650	2026-09-13
989xfm.ca	5745	2026-09-12
98cool.ca	11201	2026-09-07
98fm.com	14256	2026-09-11
98kupd.com	9252	2026-09-11
98q.com	7176	2026-09-11
98rocks.fm	18119	2026-08-13
98theticket.com	15783	2021-01-15
991thewhale.com	32691	2026-09-12
993kjoy.com	9786	2026-09-13
993thex.com	6075	2026-09-07
995qyk.com	21441	2026-09-12
995thewolf.com	7210	2026-09-10
997wtn.com	79229	2026-08-18
999ktdy.com	35937	2026-09-13
999thefoxrocks.com	7211	2026-09-13
999thepoint.com	27241	2026-09-13
99jamzmiami.com	5585	2026-09-12
9and10news.com	61337	2026-09-12
9news.com	62857	2026-06-05
9news.com.au	107292	2026-05-31
9thlevel.ie	8248	2025-12-04
9to5mac.com	22232	2026-09-13
aa.com.tr	89972	2026-09-13
aaj.tv	6866	2025-10-27
aarp.org	13985	2026-09-10
aawsat.com	125604	2026-09-13
abajournal.com	10826	2026-09-13
abbynews.com	33279	2026-09-13
abc-7.com	25368	2025-02-05
abc.net.au	198340	2026-09-13
abc10.com	72693	2026-06-25
abc11.com	77855	2026-09-13
abc12.com	36393	2026-09-13
abc13.com	85904	2026-09-13
abc15.com	54795	2026-09-13
abc17news.com	108088	2026-09-13
abc23.com	10512	2026-09-12
abc30.com	68308	2026-09-13
abc3340.com	42536	2026-09-13
abc57.com	58994	2026-09-13
abc6.com	10148	2026-01-23
abc6onyourside.com	41585	2026-09-13
abc7.com	72060	2026-09-13
abc7amarillo.com	33198	2026-09-13
abc7chicago.com	99355	2026-09-13
abc7news.com	78185	2026-09-13
abc7ny.com	85228	2026-09-13
abcactionnews.com	47042	2025-08-18
abcaudio.com	5535	2026-06-09
abccolumbia.com	41640	2026-09-12
abcfoxmontana.com	10097	2020-03-03
abcnews.com	18902	2026-09-13
abcnews4.com	48298	2026-09-13
abcnewsradioonline.com	21946	2021-04-12
abebooks.co.uk	5398	2023-12-06
aberdeennews.com	16891	2023-09-11
abnnewswire.net	7358	2026-09-11
aboutmyarea.co.uk	7782	2026-06-14
abovethelaw.com	27647	2026-09-11
abplive.com	7280	2026-03-17
abqjournal.com	86398	2026-09-13
abs-cbn.com	45218	2025-02-12
abstvradio.com	8889	2026-09-10
accesswdun.com	132647	2026-05-26
accountantsdaily.com.au	6912	2026-09-11
accountingtoday.com	19059	2026-09-12
aceshowbiz.com	110010	2026-09-10
ack.net	7269	2026-09-12
acm.org	8233	2025-11-11
acrofan.com	16721	2024-06-05
acs.org	8537	2026-09-11
actionforex.com	43400	2026-09-12
actionnews5.com	21155	2026-09-13
actionnewsjax.com	43502	2026-09-13
actionnewsnow.com	17223	2026-03-19
actmedia.eu	17334	2026-09-11
actuarialpost.co.uk	6638	2026-09-11
adage.com	9059	2026-07-23
adb.org	5286	2026-09-10
adelaidenow.com.au	56534	2024-07-27
adgully.com	78320	2026-09-12
adirondackdailyenterprise.com	16924	2026-04-13
adn.com	47497	2026-09-13
adnews.com.au	11657	2026-08-25
adsoftheworld.com	7091	2022-05-07
advanced-television.com	17204	2026-09-12
advancedbiofuelsusa.info	14500	2023-07-26
advertiser.ie	5171	2026-09-11
advertisernewssouth.com	5240	2026-09-11
advisor.ca	10865	2026-07-14
advocate-news.com	18714	2026-09-13
advocate.com	9189	2026-09-12
advocateanddemocrat.com	29884	2026-09-12
adweek.com	32320	2026-09-13
aei.org	22962	2026-09-12
aero-news.net	93862	2026-09-13
aerospace-technology.com	5672	2024-11-14
aerotechnews.com	7758	2026-09-13
af.mil	23754	2025-02-27
afa.net	5106	2026-09-11
afaqs.com	14099	2026-09-13
afar.com	7662	2026-09-12
afghanislamicpress.com	5763	2026-09-13
afghanistannews.net	56500	2026-09-13
afghanistansun.com	53260	2026-09-13
afghanistantimes.af	5533	2022-02-18
afl.com.au	17395	2026-09-13
afloat.ie	22339	2026-09-10
afn.net	7605	2024-09-08
afp.com	7433	2026-09-12
afr.com	153868	2026-09-13
afr.net	8498	2026-09-13
africa-newsroom.com	44705	2026-09-13
africa.com	24884	2026-09-12
africabusiness.com	6858	2026-09-09
africaintelligence.com	12170	2026-08-07
africaleader.com	101585	2026-09-13
african.business	13985	2025-12-02
africanews.com	45857	2026-09-13
africanexaminer.com	17773	2026-07-23
afro.com	8239	2026-08-29
afropages.fr	37473	2025-09-18
agassizharrisonobserver.com	42681	2026-09-13
agenda.ge	9624	2025-02-27
aginfo.net	23449	2026-09-13
agnews890.com	5709	2026-09-01
agreenliving.org	5844	2022-05-27
agri-pulse.com	6933	2026-09-13
agriculture.com	27864	2026-03-17
agriland.ie	45203	2026-01-13
agrinews-pubs.com	13531	2026-09-13
agupdate.com	17167	2026-09-12
agweek.com	12417	2026-09-12
agwired.com	8369	2026-09-13
ahram.org.eg	100228	2026-09-10
ai-cio.com	5427	2026-09-11
aidesep.org.pe	5933	2025-10-03
aikenstandard.com	5935	2023-06-19
ainonline.com	9975	2026-09-11
airdriecityview.com	43048	2025-01-23
airdrieecho.com	9313	2026-09-12
airdrietoday.com	18510	2023-05-11
airforce-technology.com	6980	2026-09-11
airforcetimes.com	9509	2026-09-13
airliners.net	10712	2026-04-23
airport-technology.com	6142	2026-09-11
ajc.com	73440	2026-09-12
ajmc.com	14664	2026-04-24
ajot.com	10138	2026-09-03
ajp.com.au	6545	2026-09-11
akipress.com	110306	2026-09-13
akp.gov.kh	23556	2026-09-13
akronnewsreporter.com	8859	2026-09-13
al-monitor.com	49724	2026-09-13
al.com	75487	2026-03-25
alabamanews.net	13758	2023-04-13
alabamawx.com	14666	2025-08-14
alamogordonews.com	6086	2026-09-12
alarabiya.net	20388	2025-12-05
alaraby.co.uk	8389	2022-11-16
alaska-native-news.com	8783	2026-09-12
alaskahighwaynews.ca	45396	2023-11-01
alaskapublic.org	8590	2026-09-12
alaskasnewssource.com	12404	2026-09-13
albanyherald.com	81229	2025-06-06
albawaba.com	72384	2026-09-13
alberta.ca	5590	2026-09-12
albuquerqueexpress.com	94872	2026-09-13
aldergrovestar.com	33048	2026-09-13
aldianews.com	9033	2026-09-11
aleteia.org	18324	2026-09-13
algemeiner.com	37035	2026-09-12
alice1077.com	10677	2026-09-13
alice965.com	14481	2026-09-13
alipac.us	33141	2026-09-13
aljazeera.com	122981	2026-09-13
allaboutthejersey.com	5397	2026-09-12
allaccess.com	12520	2024-11-05
allafrica.com	589128	2026-09-13
alleywatch.com	21032	2026-09-11
allhiphop.com	24054	2026-09-13
alligator.org	8908	2026-09-13
allkpop.com	62192	2026-08-23
allmediany.com	7207	2020-10-14
allthehitsb951.com	10423	2026-09-13
alltoc.com	8831	2026-04-15
allure.com	6924	2026-09-12
almanacnews.com	12239	2026-09-12
almanar.com.lb	11558	2026-01-24
almayadeen.net	5251	2025-01-26
alt1017.com	10060	2024-11-19
altaz933.com	7328	2026-09-11
altenergymag.com	9058	2026-09-02
alternet.org	33118	2026-09-13
altondailynews.com	9971	2021-06-21
altoonamirror.com	22381	2026-09-12
altpress.com	9018	2025-01-23
am-online.com	20323	2025-12-12
am1050.com	7241	2024-08-08
am1070theanswer.com	5920	2024-05-17
am1100theflag.com	18223	2026-08-12
am1590theanswer.com	6050	2022-07-01
am920theanswer.com	5919	2024-05-17
am9501007fm.com	27723	2026-06-08
am970theanswer.com	5919	2024-05-17
amarillo.com	9981	2023-09-11
amarillosrockstation.com	9249	2026-09-13
amarujala.com	148264	2026-06-15
amazinavenue.com	8733	2026-09-12
amazingmadison.com	26562	2026-09-11
amazonaws.com	35940	2026-08-04
americamagazine.org	15161	2026-09-12
americanbanker.com	26689	2026-09-12
americanbazaaronline.com	9726	2026-09-12
americanfreepress.net	10087	2026-06-11
americanisraelite.com	7079	2026-09-09
americanpress.com	27426	2026-09-13
americansongwriter.com	49892	2026-09-13
americanthinker.com	51659	2026-09-13
americantop40.com	14027	2026-09-12
amestrib.com	8559	2023-09-11
amherstbulletin.com	5162	2026-09-11
ammoland.com	22560	2026-08-31
ammonnews.net	14011	2026-09-10
amny.com	20941	2026-09-12
amren.com	20875	2026-09-11
amsterdamnews.com	10289	2026-09-13
analystratings.com	5117	2021-04-29
anandabazar.com	12880	2023-08-22
anchoragepress.com	5841	2026-09-13
ancient-origins.net	20359	2026-09-12
andhrawishesh.com	6851	2026-05-02
andina.pe	10818	2025-04-22
andoveradvertiser.co.uk	107989	2026-09-13
androidauthority.com	21068	2026-09-09
androidcentral.com	38665	2026-09-11
androidcommunity.com	6682	2022-02-03
androidheadlines.com	38407	2026-07-30
androidpolice.com	38345	2026-09-13
angelusnews.com	5480	2026-09-11
anglocelt.ie	47787	2026-09-13
angop.ao	7651	2025-01-03
anhuinews.com	18168	2026-09-11
animenewsnetwork.com	59865	2025-09-07
aninews.in	567251	2026-09-13
annistonstar.com	26037	2026-09-12
ansa.it	14848	2026-09-11
ansamed.info	9391	2023-03-13
antaranews.com	74885	2026-09-13
antigojournal.com	32899	2026-09-11
antiguaobserver.com	14373	2026-09-08
antiwar.com	22590	2026-09-11
antonyloewenstein.com	6995	2026-09-13
aol.co.uk	267303	2026-09-13
aol.com	288866	2026-09-13
ap.org	20431	2026-06-04
apartmenttherapy.com	14278	2026-04-26
apnews.com	386275	2025-03-05
app.com	16834	2023-09-11
app.com.pk	33134	2026-04-24
appeal-democrat.com	19522	2026-09-13
appleinsider.com	47626	2026-09-08
applevalleynewsnow.com	9566	2026-09-13
apr.org	33111	2026-09-13
aps.dz	13322	2026-09-13
aqha.com	5136	2026-03-27
arabherald.com	114081	2026-09-13
arabianbusiness.com	34763	2026-01-29
arabnews.com	170267	2026-09-13
arabtimesonline.com	48305	2026-09-13
araratadvertiser.com.au	23519	2026-09-13
archaeology.org	5683	2026-09-12
archdaily.com	83793	2026-09-13
archinect.com	43099	2026-09-13
architectsjournal.co.uk	18670	2026-09-11
architecturaldigest.com	8785	2026-09-11
architectureanddesign.com.au	19272	2026-09-11
archyde.com	14291	2025-01-27
ardmoreite.com	5647	2026-09-10
areadevelopment.com	6934	2026-09-13
areanews.com.au	50659	2026-09-13
argentinastar.com	37847	2026-09-13
argus-press.com	11612	2026-09-12
argusleader.com	11421	2023-09-10
argusmedia.com	7637	2026-08-26
argusobserver.com	14961	2026-09-12
argyllshireadvertiser.co.uk	5460	2024-01-25
ariananews.af	19057	2026-09-13
arirang.co.kr	11819	2022-10-11
arirang.com	11761	2022-10-11
arizona.edu	6968	2026-09-10
arizonadailyindependent.com	11937	2026-09-13
arka.am	10607	2026-09-12
arkansasbusiness.com	16124	2026-03-11
arkansasonline.com	173373	2026-09-13
arkansasrazorbacks.com	8315	2026-09-13
arktimes.com	20360	2026-09-13
arlnow.com	28627	2026-09-12
armenianweekly.com	6614	2026-09-11
armenpress.am	85985	2025-06-04
armidaleexpress.com.au	54894	2026-09-13
armstrongeconomics.com	11130	2026-09-13
army-technology.com	8606	2026-09-11
army.mil	5081	2026-06-18
armytimes.com	10175	2026-09-12
arn.ps	13268	2026-09-13
arnnet.com.au	18203	2026-09-11
arrowheadaddict.com	6764	2026-09-13
arrowheadpride.com	15304	2026-09-13
arsenal.com	14061	2026-08-21
arsenalnews.co.uk	59930	2026-09-13
arstechnica.com	14605	2026-09-13
artdaily.com	48666	2026-09-13
artemis.bm	6345	2026-09-11
artfixdaily.com	6664	2025-11-18
artforum.com	5251	2026-09-11
artnet.com	19077	2026-08-07
artnews.com	9322	2026-09-13
artshub.com.au	12599	2026-09-12
artsjournal.com	9753	2026-09-12
arynews.tv	33718	2026-09-13
as.com	10088	2026-03-19
asahi.com	44649	2026-09-02
asbarez.com	6735	2026-07-15
ashepostandtimes.com	13769	2026-09-12
ashleycountyledger.com	30570	2026-09-12
asiaasset.com	6122	2026-09-11
asiabulletin.com	100780	2026-09-13
asianage.com	35429	2026-09-13
asianews.it	14986	2026-07-09
asianews.network	29209	2026-09-11
asianimage.co.uk	83123	2026-09-13
asianjournal.com	11865	2026-09-12
asiaone.com	152931	2026-09-13
askmen.com	5934	2026-06-04
aspendailynews.com	50164	2026-08-30
aspenpublicradio.org	46689	2026-09-13
aspentimes.com	21603	2026-09-13
astanatimes.com	9241	2026-09-13
astroawani.com	7022	2025-11-17
astronomy.com	6279	2026-09-13
asurampage.com	6130	2026-09-12
at40.com	6095	2021-10-15
athens-times.com	106129	2026-08-29
athensmessenger.com	9002	2026-09-13
athensreview.com	18999	2026-09-11
athleticsnation.com	5502	2026-09-13
atholdailynews.com	20781	2026-09-12
atlantablackstar.com	28181	2026-06-04
atlantafalcons.com	5030	2026-09-13
atlantaleader.com	16293	2026-09-13
atlantanewsfirst.com	28621	2026-09-13
atlantic.ctvnews.ca	32788	2025-01-23
atlanticcouncil.org	8385	2026-09-11
attackofthefanboy.com	21380	2026-09-12
attitude.co.uk	7460	2026-09-11
atvtoday.co.uk	20020	2026-09-12
auburnpub.com	65403	2026-09-13
augustafreepress.com	38778	2026-09-13
austinchronicle.com	31453	2026-09-12
austinglobe.com	89135	2026-09-13
australianherald.com	39887	2026-09-13
australiannews.net	79406	2026-09-13
autoblog.com	23954	2026-06-28
autocarindia.com	20779	2026-09-13
autoconnectedcar.com	5897	2026-09-11
autoevolution.com	85876	2026-05-10
autoexpress.co.uk	17261	2026-09-13
autonews.com	18592	2026-06-18
autoremarketing.com	6177	2026-09-12
autospies.com	24778	2026-09-13
autoweek.com	13246	2026-09-13
avclub.com	26821	2026-05-14
avenuemail.in	19912	2026-09-11
averyjournal.com	12233	2026-09-12
avherald.com	6041	2026-09-12
aviationweek.com	20520	2026-09-13
avn.com	11973	2026-09-12
avondhupress.ie	5761	2026-09-13
avweb.com	7757	2026-09-11
awesome98.com	30529	2026-09-12
awfulannouncing.com	29565	2026-09-13
awn.com	9259	2026-09-11
axios.com	16472	2024-06-05
axisoflogic.com	6291	2022-07-23
axs.com	10667	2025-01-20
aysor.am	5431	2026-09-11
azbigmedia.com	13416	2026-09-13
azbusinessdaily.com	9052	2024-01-25
azcapitoltimes.com	7910	2026-09-11
azcardinals.com	5218	2026-09-13
azcentral.com	69880	2023-09-11
azdailysun.com	49683	2026-09-13
azerbaijannews.net	64185	2026-09-13
azernews.az	59231	2026-09-13
azertag.az	46217	2026-06-23
azfamily.com	51283	2026-09-13
azocleantech.com	9084	2026-09-12
azom.com	15776	2026-09-12
azonano.com	5850	2026-09-11
azorobotics.com	5072	2026-09-11
azpbs.org	7013	2026-09-12
azsnakepit.com	7385	2026-09-13
b100quadcities.com	29463	2026-09-11
b1027.com	28681	2026-09-12
b1039.com	17884	2026-04-17
b1047.com	5689	2026-09-11
b105country.com	15240	2026-09-12
b106fm.com	8854	2026-09-13
b92.net	11321	2026-07-19
b93.net	30072	2026-09-12
b93radio.com	18047	2026-09-13
b975.com	11088	2026-09-13
b97hawaii.com	6883	2026-09-02
b98.com	9906	2026-09-13
b985.com	11577	2026-09-11
b985.fm	33492	2026-09-13
b987.com	6277	2026-09-13
badlefthook.com	11817	2026-09-13
baguiomidlandcourier.com.ph	5491	2024-07-30
baidu.com	49498	2026-09-12
bainbridgereview.com	5352	2026-09-11
bakercityherald.com	8029	2026-09-12
bakersfield.com	94856	2026-09-13
bakersfieldnow.com	39504	2026-09-12
bakeryinfo.co.uk	5136	2025-09-05
balkaninsight.com	7114	2026-09-11
ballinaadvocate.com.au	34874	2021-04-28
balloon-juice.com	20047	2026-03-11
ballot-access.org	7377	2026-09-13
balls.ie	5219	2026-09-13
ballstatedaily.com	6910	2026-07-15
baltic-course.com	5550	2026-04-04
baltictimes.com	18454	2026-09-11
baltimorebeatdown.com	7316	2026-09-12
baltimoreravens.com	8863	2026-09-12
baltimorestar.com	100839	2026-09-13
baltimoresun.com	139274	2026-09-13
bamsmackpow.com	6344	2026-09-13
banana1015.com	29158	2026-09-12
banburycake.co.uk	41634	2023-03-07
banburyguardian.co.uk	14854	2025-01-23
bandt.com.au	19302	2026-09-11
bangkokpost.com	151070	2026-08-25
bangladeshinfo.com	12248	2025-06-14
bangladeshsun.com	70331	2026-09-13
banglamirrornews.com	23689	2026-06-08
banglanews24.com	5026	2025-10-28
bangordailynews.com	54257	2026-09-13
bankerandtradesman.com	13673	2026-09-13
bankinfosecurity.com	16155	2026-09-12
bankingnews.gr	6976	2026-09-13
banklesstimes.com	11479	2026-07-31
banksnews.gr	10591	2025-07-24
baptistnews.com	7441	2026-09-11
barandbench.com	35132	2026-09-12
barbadostoday.bb	42008	2026-09-13
barcablaugranes.com	17752	2026-09-13
baristanet.com	5189	2023-08-22
barnsleychronicle.com	5523	2025-10-16
barrie.ctvnews.ca	20049	2025-01-23
barrons.com	76655	2026-06-18
barryanddistrictnews.co.uk	93958	2026-09-13
bartlesvilleradio.com	39323	2026-09-12
basildonstandard.co.uk	30362	2021-03-11
basingstokegazette.co.uk	114521	2026-09-13
bassresource.com	5177	2025-04-17
batemansbaypost.com.au	73161	2026-09-13
batonrougepost.com	49979	2026-09-13
baxterbulletin.com	9557	2026-09-12
bay939.com.au	5937	2026-09-11
baylorlariat.com	6172	2026-09-12
baynews9.com	8092	2026-08-27
bayshorebroadcasting.ca	14444	2026-09-13
baystreet.ca	38897	2026-09-13
baytownsun.com	19285	2026-09-11
bbc.co.uk	347562	2026-09-13
bbc.com	215867	2026-09-13
bbj.hu	9401	2025-10-20
bc.ctvnews.ca	35669	2025-01-23
bcdemocrat.com	7924	2025-07-02
bchomez.com	35967	2026-07-24
bclocalnews.com	7159	2020-04-07
bcps.org	38714	2026-08-05
bctv.org	5580	2026-09-13
bdnews24.com	65821	2025-11-13
bdonline.co.uk	9209	2025-09-05
bdtonline.com	60924	2026-09-12
beach951.com	16755	2026-09-11
bear104.com	13543	2026-09-12
bearingarms.com	20721	2026-09-13
beat.com.au	16527	2026-06-04
beat102103.com	8483	2026-09-11
beatricedailysun.com	52434	2026-09-11
beaufortcountynow.com	16439	2026-09-12
beaumontenterprise.com	67505	2025-11-18
beaver1003.com	8581	2026-09-11
beckersasc.com	11332	2026-08-01
beckershospitalreview.com	27729	2026-08-01
beckersspine.com	7564	2026-08-01
bedfordgazette.com	18662	2026-09-12
bedfordtoday.co.uk	15205	2025-01-23
beefcentral.com	6010	2026-09-12
beefmagazine.com	5014	2025-01-01
begadistrictnews.com.au	62700	2026-09-13
behindthesteelcurtain.com	17289	2026-09-12
beijingbulletin.com	112300	2026-09-13
belfastlive.co.uk	109844	2026-09-13
belfasttelegraph.co.uk	131950	2026-02-16
belgrade-news.com	6070	2026-09-12
bellanaija.com	11708	2026-09-13
belmondnews.com	5764	2026-01-26
beloitdailynews.com	36568	2026-09-11
bemidjipioneer.com	38973	2026-09-13
benarnews.org	5320	2025-09-02
bendbulletin.com	50957	2026-09-13
bendigoadvertiser.com.au	67558	2026-09-13
bendsource.com	14121	2026-09-13
benefitscanada.com	7199	2026-09-11
beniciaindependent.com	5332	2026-09-12
benningtonbanner.com	47645	2026-09-12
benzinga.com	342285	2026-08-06
berkeley.edu	5459	2026-09-13
berkshireeagle.com	72033	2026-09-13
berksmontnews.com	5896	2021-08-26
bernama.com	21124	2026-03-19
bernews.com	29361	2026-09-13
bestmediainfo.com	24657	2026-08-21
bet.com	21767	2026-08-31
betakit.com	6733	2026-09-11
betanews.com	14454	2026-01-15
bethesdamagazine.com	10286	2026-09-11
bevnet.com	19188	2026-07-03
bexhillobserver.net	5028	2022-02-09
bfi.org.uk	5096	2026-09-12
bgdailynews.com	66775	2026-09-13
bgnes.com	9170	2026-09-13
bgr.com	29423	2026-09-13
bgr.in	20873	2023-01-29
bhaskar.com	5213	2026-09-10
bhg.com	12912	2026-03-17
bhpioneer.com	34073	2026-09-13
bianet.org	17844	2026-09-13
biblestudytools.com	6026	2026-09-12
bicesteradvertiser.net	127883	2026-09-13
big104fm.com	7579	2026-04-24
bigblueview.com	17851	2026-09-13
bigcountry1073.com	5886	2026-09-13
bigcountry969.com	24508	2026-09-08
bigcountry995.com	50900	2026-08-17
bigfrog104.com	36485	2026-09-12
biggleswadetoday.co.uk	9031	2025-01-23
bigislandnow.com	10218	2026-09-13
bigissue.com	10228	2026-09-11
bignewsnetwork.com	886678	2026-09-13
bigoven.com	10258	2026-09-13
bigrigs.com.au	10236	2026-06-25
bigtakeover.com	5244	2025-08-22
bikebiz.com	5991	2026-09-11
bikeportland.org	6570	2026-09-08
bikeradar.com	8071	2026-09-13
bilkulonline.com	9666	2026-09-13
billboard.com	79567	2026-09-13
billingsgazette.com	78870	2026-09-13
billoreilly.com	13089	2026-07-15
binnews.com	24878	2026-09-11
biodiversitylibrary.org	16519	2026-02-24
biofuelsdigest.com	15476	2025-01-23
biomassmagazine.com	9115	2026-09-11
biometricupdate.com	15848	2026-09-11
biopharmadive.com	7442	2026-09-13
bioprepwatch.com	17621	2026-04-10
biospace.com	7263	2026-02-19
biospectrumindia.com	13694	2026-06-05
birminghammail.co.uk	305635	2026-09-13
birminghamstar.com	26650	2026-09-13
birminghamtimes.com	7782	2026-09-12
bismarcktribune.com	62017	2026-09-11
bizcommunity.com	68692	2026-09-11
bizenglish.adaderana.lk	6999	2026-02-24
bizjournals.com	49218	2022-06-19
biznews.com	18238	2026-09-11
bizpacreview.com	42842	2023-09-06
biztimes.com	15605	2026-09-12
biztoc.com	1997950	2026-01-16
bizwest.com	12357	2026-09-12
bjpenn.com	32456	2026-09-13
bjreview.com	31197	2026-09-11
bjreview.com.cn	17794	2026-09-11
bkreader.com	8240	2026-09-12
blabbermouth.net	16098	2026-09-11
blackamericaweb.com	15718	2026-09-12
blackandteal.com	6446	2026-09-13
blackenterprise.com	38087	2026-09-12
blackhillsfox.com	13340	2024-07-01
blacklistednews.com	9929	2024-08-07
blackpoolgazette.co.uk	23696	2025-01-23
blackseagrain.net	7057	2022-02-09
blayneychronicle.com.au	54009	2026-09-13
blazersedge.com	12865	2026-09-13
blazin1023.com	6178	2026-09-13
bleachernation.com	41095	2025-03-05
bleacherreport.com	65084	2026-09-13
bleedcubbieblue.com	14974	2026-09-13
bleedingcool.com	112744	2026-09-13
bleedinggreennation.com	12343	2026-09-12
blessyouboys.com	6343	2026-09-12
blingee.com	5682	2024-06-04
blockislandtimes.com	5539	2026-09-11
bloggingdirty.com	6118	2026-09-12
bloggingtheboys.com	20560	2026-09-13
blogherald.com	5763	2026-09-09
blogspot.com	5371	2026-09-13
blogto.com	32346	2026-07-14
bloodhorse.com	32659	2026-09-13
bloody-disgusting.com	23757	2026-08-05
bloodyelbow.com	28845	2025-10-06
blooloop.com	11932	2026-09-11
bloomberg.com	168406	2026-06-22
bloombergquint.com	20998	2022-05-05
bluebirdbanter.com	6253	2026-09-13
bluemountaineagle.com	23953	2026-09-12
bluemountainsgazette.com.au	63117	2026-09-13
bluenc.com	5047	2026-06-30
blueprint.ng	93522	2026-09-13
blueridgenow.com	8748	2023-09-11
blueshirtbanter.com	5365	2026-09-13
blufftonicon.com	12455	2026-09-13
bmj.com	33556	2025-11-26
bmmagazine.co.uk	9025	2026-09-13
bmwblog.com	9850	2026-09-13
bnamericas.com	16560	2026-03-31
bnd.com	5862	2024-07-27
bnionline.net	5153	2026-09-12
bnn-news.com	13738	2026-09-11
bnnbloomberg.ca	258362	2026-09-13
bobfm.co.uk	10080	2026-09-12
bocanewsnow.com	6112	2026-09-13
boerse-social.com	7315	2026-09-12
boersennews.de	6901	2026-09-03
bognor.co.uk	5973	2022-02-10
boingboing.net	31981	2026-09-09
boisestatepublicradio.org	35121	2026-09-12
bold.dk	10143	2026-09-03
bolivarmonews.com	5218	2026-09-08
bollyspice.com	5150	2026-09-13
bollywoodhungama.com	51165	2026-09-13
bollywoodlife.com	8083	2026-02-16
bollywoodmantra.com	5165	2023-06-01
bolnews.com	8267	2025-12-08
bonappetit.com	6519	2026-09-12
bondbuyer.com	14935	2026-09-11
bonnercountydailybee.com	10844	2026-09-12
boom1019.com	6604	2026-09-11
boom997.com	6630	2026-09-02
boorowanewsonline.com.au	17618	2026-09-09
boothbayregister.com	32605	2026-09-13
bordermail.com.au	100717	2026-09-13
bordertelegraph.com	98602	2026-09-13
borderwatch.com.au	7562	2026-05-05
boredpanda.com	405727	2026-09-13
borehamwoodtimes.co.uk	113930	2026-09-13
borgenproject.org	5577	2026-08-11
borneobulletin.com.bn	79107	2025-04-28
boston.com	67024	2026-09-13
bostonglobe.com	146773	2026-09-13
bostonherald.com	61625	2026-09-13
bostonstar.com	110535	2026-09-13
bournemouthecho.co.uk	166069	2026-09-13
bowenislandundercurrent.com	61387	2025-09-05
boxden.com	78610	2024-10-17
boxinginsider.com	5700	2026-09-13
boxingnews24.com	12743	2026-09-13
boxingnewsonline.net	11811	2026-09-13
bozemandailychronicle.com	159614	2026-09-13
bozemanskissfm.com	15051	2026-09-11
bozone.com	14452	2026-09-13
bpr.org	23840	2023-01-31
bracknellnews.co.uk	102647	2026-09-13
bradfordera.com	74491	2026-09-12
braidwoodtimes.com.au	53552	2026-09-13
brainerddispatch.com	57907	2026-09-13
braintreeandwithamtimes.co.uk	137012	2026-09-13
bramptonguardian.com	13057	2026-09-13
brandonsun.com	70098	2026-09-13
bransontrilakesnews.com	46822	2026-09-12
brantfordexpositor.ca	44255	2026-09-12
bravenewcoin.com	10601	2026-09-13
bravotv.com	9940	2026-09-13
brazilsun.com	51697	2026-09-13
breakingbelizenews.com	7788	2026-03-19
breakingdefense.com	13714	2026-09-11
breakingnews.ie	108156	2026-09-10
breakingtravelnews.com	13060	2023-08-26
brecorder.com	74251	2026-02-23
breitbart.com	293682	2026-09-13
brentwoodlive.co.uk	115717	2026-09-13
bridgemi.com	11160	2026-09-11
bridgwatermercury.co.uk	98747	2026-09-13
bridportnews.co.uk	104738	2026-09-13
briefingwire.com	81234	2026-09-12
brightonandhovenews.org	10944	2026-09-12
brightontoday.ca	9148	2026-09-11
brightsideofthesun.com	8714	2026-09-13
bringmethenews.com	15509	2023-09-18
brisbanetimes.com.au	240065	2026-09-13
bristol247.com	10749	2025-11-19
bristolpost.co.uk	130267	2026-09-13
britainnews.net	67890	2026-09-13
britannica.com	21901	2025-11-12
broadbandtvnews.com	6237	2026-06-17
broadcastnow.co.uk	13529	2025-09-04
broadwayworld.com	55810	2026-05-08
brobible.com	15293	2026-09-13
brokernews.com.au	7405	2026-09-11
bromsgroveadvertiser.co.uk	110318	2026-09-13
bromsgrovestandard.co.uk	15137	2026-09-13
brookingsradio.com	22177	2026-09-12
brooklyneagle.com	14747	2026-09-11
brooklynpaper.com	9189	2026-09-13
brooklynvegan.com	36620	2026-09-13
broomfieldenterprise.com	13276	2026-09-13
browndailyherald.com	7397	2026-09-09
brownfieldagnews.com	10795	2026-07-31
brownsvilleherald.com	16485	2021-03-17
brownwoodnews.com	17909	2026-09-13
brownwoodtx.com	5780	2026-09-12
brudirect.com	25558	2026-09-13
bruneinews.net	80069	2026-09-13
bryantimes.com	56804	2026-09-12
bssnews.net	158403	2026-09-13
bu.edu	6188	2026-09-11
bubblear.com	11059	2026-09-13
buccaneers.com	6544	2026-09-13
buckscountycouriertimes.com	10343	2023-01-24
bucksfreepress.co.uk	123096	2026-09-13
bucksherald.co.uk	12536	2025-01-23
bucksinsider.com	8819	2026-09-13
bucyrustelegraphforum.com	5927	2023-09-11
budapesttimes.hu	10682	2026-09-13
buenosairesherald.com	5431	2026-09-12
buffalobulletin.com	11488	2026-09-12
buffalonews.com	138886	2026-09-13
buffalorising.com	6047	2026-09-12
buildersmerchantsnews.co.uk	5625	2026-09-11
building.co.uk	13478	2025-09-05
bulawayo24.com	61195	2026-09-12
bulgariagazette.com	6870	2025-09-26
bulletsforever.com	7240	2026-09-10
bunburymail.com.au	105144	2026-09-13
bundesliga.com	7843	2026-09-13
burlingtoncountytimes.com	11222	2023-09-11
burlingtonfreepress.com	5470	2023-09-11
burnabynow.com	71750	2025-08-01
burnham-on-sea.com	17069	2026-09-13
burnhamandhighbridgeweeklynews.co.uk	95259	2026-09-13
burnleyexpress.net	21025	2025-01-23
burntorangenation.com	7194	2026-09-13
bursa.ro	6016	2026-09-10
burytimes.co.uk	162223	2026-09-13
business-humanrights.org	10744	2026-09-09
business-review.eu	18173	2026-09-13
business-standard.com	659341	2026-09-13
business2community.com	14801	2026-09-03
businessdailyafrica.com	41343	2026-09-13
businessday.co.za	12082	2026-09-13
businessdayghana.com	8281	2026-09-13
businessden.com	5311	2026-09-11
businessghana.com	146430	2026-09-13
businessgreen.com	18293	2026-07-17
businessincameroon.com	6797	2026-09-11
businessinsider.co.za	8106	2023-02-28
businessinsider.com	349330	2026-09-13
businessinsider.com.au	24044	2023-10-12
businessinsider.in	71647	2025-01-13
businessinsurance.com	10112	2026-09-11
businesslive.co.za	10121	2025-10-13
businessmirror.com.ph	121961	2025-05-14
businessnorth.com	9337	2026-09-11
businessoffashion.com	15909	2026-06-29
businesspost.ie	34899	2026-09-13
businessrecord.com	20810	2024-01-04
businessreport.com	7963	2026-09-11
businesstech.co.za	9105	2022-09-28
businesstimes.com.sg	79601	2026-09-13
businesstoday.in	169101	2026-09-13
businesstraveller.com	10762	2025-01-23
businesstravelnewseurope.com	7049	2026-04-06
businesswire.com	90653	2023-04-18
businesswireindia.com	12266	2026-05-18
businessworld.in	33533	2026-07-15
busseltonmail.com.au	44472	2026-07-27
butlercountytimesgazette.com	7233	2026-09-06
butlereagle.com	57907	2026-09-13
buxtonadvertiser.co.uk	12680	2025-01-23
buzzfeed.com	87497	2026-09-13
buzzfeednews.com	7389	2026-01-01
bwog.com	16098	2026-08-28
bworldonline.com	88851	2026-09-13
bxr.com	9148	2026-09-13
byronnews.com.au	34848	2021-04-28
byu.edu	6000	2026-07-15
c-mw.net	6362	2026-09-12
c21media.net	26554	2026-09-13
cachevalleydaily.com	17652	2026-09-12
cadforum.cz	13633	2026-09-11
cadillacnews.com	32284	2026-09-12
cagesideseats.com	42691	2026-09-13
cagle.com	21449	2025-01-23
cairnspost.com.au	246689	2026-09-13
cairoscene.com	22666	2026-09-13
caixinglobal.com	24303	2026-06-08
cajnewsafrica.com	6704	2026-09-11
cajunradio.com	15996	2026-09-12
calaverasenterprise.com	5112	2026-09-09
calcoastnews.com	8549	2026-09-13
calculatedriskblog.com	14512	2026-01-12
calcuttanews.net	165679	2026-09-13
caledoncitizen.com	5937	2026-09-10
caledonenterprise.com	5593	2026-09-13
caledoniacourier.com	26686	2026-09-13
caledonianrecord.com	174135	2026-09-13
calgary.ctvnews.ca	30489	2025-01-23
calgaryherald.com	51191	2026-09-13
calgarysun.com	72192	2026-09-13
californianewswire.com	7898	2026-09-11
californiatelegraph.com	151302	2026-09-13
caller.com	7121	2023-09-11
callnewspapers.com	5431	2026-09-11
cambodiantimes.com	152927	2026-09-13
cambrian-news.co.uk	20750	2026-09-13
cambridge-news.co.uk	76035	2026-09-13
cambridge.org	7026	2026-03-01
cambridgetimes.ca	9720	2026-09-13
cambstimes.co.uk	39774	2026-09-13
camdencourier.com.au	52186	2026-09-13
cameroon-tribune.cm	14638	2026-09-12
campaignasia.com	8556	2026-09-11
campaignbrief.com	14599	2026-09-11
campaignindia.in	10219	2026-09-11
campaignlive.co.uk	26131	2026-09-11
campaignseries.co.uk	10186	2023-02-07
campbellrivermirror.com	32382	2026-09-13
campbeltowncourier.co.uk	5717	2024-01-25
campusreform.org	7013	2026-01-05
canada.com	38502	2026-09-11
canadafreepress.com	33147	2025-07-27
canadiancattlemen.ca	6500	2026-09-12
canadianinquirer.net	16570	2026-09-13
canadianlawyermag.com	6541	2026-09-11
canadianmanufacturing.com	9135	2026-09-10
canadianminingjournal.com	9730	2026-09-12
canadianreviewer.com	9012	2026-09-11
canadianunderwriter.ca	6526	2026-07-14
canberratimes.com.au	123573	2026-09-13
cancertherapyadvisor.com	7639	2026-09-11
candgnews.com	14502	2026-09-11
canindia.com	45226	2025-11-20
canoncitydailyrecord.com	27296	2026-09-13
canowindranews.com.au	25736	2024-09-09
cantechletter.com	20754	2026-05-12
cantondailyledger.com	5834	2023-09-10
cantonrep.com	17009	2023-09-11
canyon-news.com	11923	2026-09-13
capeandislands.org	40397	2026-09-13
capebretonpost.com	23307	2020-11-12
capecod.com	13137	2026-09-13
capecodtimes.com	12400	2023-09-11
capegazette.com	20535	2026-01-06
capenews.net	14621	2026-09-13
capetalk.co.za	25547	2024-01-15
capitalethiopia.com	14807	2026-09-13
capitalfm.co.ke	57451	2026-06-15
capitalfm.com	10033	2026-09-12
capitalgazette.com	81433	2026-09-13
capitalpress.com	17503	2026-09-12
capitolfax.com	17654	2026-09-11
capitolhillseattle.com	5959	2026-02-16
capjournal.com	17705	2026-09-12
capradio.org	38800	2026-09-12
captivasanibel.com	12482	2026-09-09
carandbike.com	12268	2026-07-15
caranddriver.com	11549	2026-09-13
carbon-pulse.com	17777	2025-08-13
carbuzz.com	52330	2026-09-13
cardinalcourieronline.com	10292	2026-02-05
careerindia.com	9269	2026-06-26
caribbeanherald.com	62307	2026-09-13
caribjournal.com	6743	2026-09-13
carletonvilleherald.com	12062	2023-10-11
carlow-nationalist.ie	61899	2026-09-13
carlyleobserver.com	30710	2021-07-29
carmagazine.co.uk	5360	2026-09-11
carnegieendowment.org	5369	2026-09-11
carnewschina.com	6201	2026-09-13
carolinacoastonline.com	26759	2026-09-13
carolinajournal.com	11004	2026-09-11
carrollspaper.com	39923	2026-09-13
carscoops.com	53452	2026-09-12
carsguide.com.au	6540	2025-03-31
carsonnow.org	134293	2026-09-13
cartermatt.com	27960	2026-05-08
cartoonbrew.com	5199	2026-09-12
casino.org	7164	2026-09-13
castanet.net	188887	2023-11-21
castanetkamloops.net	75408	2026-09-13
castlegarsource.com	6212	2026-09-13
catcountry1029.com	17497	2026-09-12
catcountry1073.com	51312	2026-09-13
catholic.org	9621	2026-06-29
catholicculture.org	29648	2026-09-12
catholicnewsagency.com	11036	2026-01-23
catholicphilly.com	8729	2026-09-11
catholicregister.org	7579	2026-09-12
catholicworldreport.com	33093	2026-09-13
cathstan.org	5029	2026-09-12
caughtoffside.com	50415	2026-09-13
cavalierdaily.com	9586	2026-09-13
cbc.bb	20165	2026-09-13
cbc.ca	377720	2026-09-13
cbn.com	25139	2026-09-13
cbr.com	25341	2023-10-27
cbs12.com	45363	2026-09-13
cbs19.tv	57735	2026-06-06
cbs2iowa.com	41938	2026-09-13
cbs46.com	9757	2022-03-01
cbs4indy.com	5543	2024-08-20
cbs4local.com	41894	2026-09-13
cbs58.com	76035	2026-09-13
cbs6albany.com	41589	2026-09-13
cbs7.com	10489	2024-08-12
cbs8.com	55118	2026-06-05
cbsnews.com	211770	2026-09-13
ccenterdispatch.com	18399	2026-03-06
ccm.net	10814	2025-04-02
cdapress.com	23341	2026-09-01
cdispatch.com	19537	2026-09-12
cecildaily.com	20016	2026-09-13
cedarnews.net	5376	2026-09-06
cei.int	6716	2026-09-12
celebdirtylaundry.com	48813	2026-09-13
celebuzz.com	5937	2026-06-26
cemnet.com	11028	2026-09-11
centralasiatimes.com	33288	2026-09-13
centralchronicle.com	29979	2026-03-24
centraljersey.com	19200	2025-05-26
centralmaine.com	98375	2026-09-13
centralmoinfo.com	32217	2026-09-11
centraltelegraph.com.au	20824	2020-06-29
centralwesterndaily.com.au	65085	2026-09-13
centreforaviation.com	25008	2026-09-11
cessnockadvertiser.com.au	60628	2026-09-13
cfnrfm.ca	9656	2026-07-09
cfox.com	10923	2026-09-13
cfr.org	8059	2026-09-12
cfweradio.ca	6923	2026-09-13
cgtn.com	15100	2025-08-27
chad.co.uk	20199	2025-01-23
chaffeecountytimes.com	8053	2026-09-11
chalkbeat.org	8247	2026-09-11
championnewspapers.com	6132	2026-09-12
channel3000.com	132044	2026-09-13
channel4.com	20592	2026-09-12
channel5belize.com	19313	2025-05-24
channelafrica.co.za	14746	2026-09-13
channeleye.co.uk	5515	2024-08-12
channelnewsasia.com	179118	2026-09-13
channelstv.com	88519	2026-08-04
channelweb.co.uk	5809	2025-04-17
chanute.com	28950	2026-09-04
chapelboro.com	20147	2026-06-24
chardandilminsternews.co.uk	96054	2026-09-13
charismamag.com	18512	2023-07-17
charismanews.com	12185	2025-08-02
charkoosta.com	6551	2026-09-11
charlestoncitypaper.com	8377	2026-09-12
charlotteobserver.com	9913	2024-07-31
charter97.org	70754	2026-03-02
chathamdailynews.ca	48345	2026-09-12
chathamstartribune.com	10839	2026-09-11
chathamthisweek.com	37069	2026-03-13
chattanoogan.com	82313	2026-09-13
chattooga1180.com	12262	2026-09-13
chch.com	22498	2026-09-13
cheatsheet.com	28644	2026-03-18
cheboygannews.com	5551	2023-09-10
cheknews.ca	19581	2026-09-13
chelmsfordweeklynews.co.uk	115042	2026-08-14
chemeurope.com	7964	2026-09-11
chennaionline.com	17897	2026-09-12
cherokeephoenix.org	8549	2026-09-12
chessbase.com	10426	2026-09-13
chesterstandard.co.uk	154799	2026-09-13
chiangraitimes.com	24035	2026-09-13
chicagobusiness.com	22332	2026-07-06
chicagocrusader.com	8378	2026-09-12
chicagonow.com	9019	2022-08-18
chicagotribune.com	162146	2026-09-13
chichester.co.uk	7095	2022-02-10
chickashanews.com	6114	2026-09-11
chicoer.com	23844	2026-09-13
chieftain.com	9189	2023-09-11
chilecomparte.cl	24907	2026-09-13
chimpreports.com	15231	2026-09-13
china.org.cn	184181	2026-09-13
chinadaily.com.cn	594359	2026-09-13
chinadailyhk.com	10481	2025-01-27
chinadigitaltimes.net	8017	2026-06-05
chinafile.com	8466	2026-09-04
chinamil.com.cn	21603	2026-09-13
chinanationalnews.com	152995	2026-09-13
chinatechnews.com	9161	2026-09-13
chinaview.cn	30639	2026-03-19
chinookobserver.com	8055	2026-09-11
chipchick.com	23273	2026-09-13
chippewa.com	58022	2026-09-13
chorleycitizen.co.uk	18568	2023-02-07
chortle.co.uk	18039	2026-09-13
chosun.com	17595	2024-09-12
chrisd.ca	7766	2026-09-13
christianitydaily.com	5186	2026-09-12
christianitytoday.com	10713	2026-09-12
christiannewswire.com	6592	2026-09-12
christianpost.com	72397	2026-09-13
christiantoday.com	5378	2026-09-13
chron.com	549721	2025-11-18
chronicle-tribune.com	10435	2026-09-13
chronicle.co.zw	47194	2025-01-23
chronicle.com	5109	2025-11-18
chronicle.gi	7306	2026-03-17
chronicle.lu	35344	2026-09-12
chroniclejournal.com	68357	2026-09-13
chroniclelive.co.uk	134148	2026-09-13
chronicleonline.com	75273	2026-09-13
chronicletimes.com	5689	2026-09-11
chronline.com	37068	2026-09-13
chronogram.com	7817	2026-09-12
chvnradio.com	25694	2026-09-13
cinaradio.com	6709	2026-09-13
cincinnati.com	30235	2024-10-21
cincinnatimagazine.com	5798	2026-09-11
cincinnatisun.com	44527	2026-09-13
cincyjungle.com	14219	2026-09-12
cinemablend.com	85387	2026-09-12
cineuropa.net	5310	2022-08-20
cineuropa.org	28824	2026-03-27
cio.com	12010	2026-01-20
circlevilleherald.com	6651	2026-09-12
cisnfm.com	10149	2026-09-09
cities929.com	14864	2026-09-12
citizen-times.com	8165	2023-09-11
citizen.co.za	100490	2026-09-13
citizen.digital	7318	2026-02-22
citizen.on.ca	6492	2026-09-10
citizensvoice.com	57426	2026-09-13
citr.ca	5040	2025-11-02
city-countyobserver.com	15742	2026-01-31
cityam.com	61285	2026-09-13
citybeat.com	10354	2025-01-22
cityfarmer.info	5198	2026-09-12
citynews.com.au	18100	2025-09-04
citywatchla.com	9399	2026-09-11
cityweekly.net	5926	2026-08-28
citywireselector.com	7388	2022-10-19
civic.md	7943	2026-09-08
civilbeat.org	8515	2026-09-07
civilserviceworld.com	7179	2026-09-11
civilsociety.co.uk	6080	2026-09-10
cjhk.ca	7829	2026-03-03
cjls.com	6152	2026-04-07
cjme.com	31584	2026-09-13
cjonline.com	13533	2023-09-11
cjoy.com	8910	2023-12-05
ckbw.ca	8373	2026-03-02
ckdr.net	10129	2025-10-01
ckfm.ca	6389	2024-05-10
ckom.com	32313	2026-09-13
ckua.com	10419	2026-09-12
ckxsfm.com	11705	2026-09-11
clactonandfrintongazette.co.uk	147568	2026-09-13
claimsjournal.com	13262	2026-09-11
clare.fm	25283	2026-09-13
clarechampion.ie	10340	2026-09-13
clareherald.com	7851	2026-09-13
claremoreprogress.com	7721	2026-09-12
clarionledger.com	9660	2023-09-11
clarksvillenow.com	13969	2026-09-13
clarksvilleonline.com	22183	2026-09-13
classic107.com	13613	2026-09-13
classiccountry1070.com	6263	2024-02-24
classichits925.com	10144	2026-09-11
classicrock1051.com	16764	2024-04-27
classicrock1069.com	5507	2022-01-10
classicrock961.com	32183	2026-09-12
classy100.com	35957	2026-09-13
claytodayonline.com	6692	2026-09-12
cleantechnica.com	34733	2026-09-13
clearwatertimes.com	29596	2026-09-13
clemsontigers.com	5719	2026-09-11
cleveland.com	30463	2026-03-09
cleveland19.com	48527	2026-09-13
clevelandbanner.com	12138	2026-09-13
clevelandbrowns.com	5503	2026-09-12
clevelandjewishnews.com	85098	2026-09-13
clevelandstar.com	115100	2026-09-13
clevescene.com	11291	2026-09-11
clichemag.com	14271	2026-08-15
click2houston.com	99228	2026-09-13
clickondetroit.com	162598	2026-09-13
clickorlando.com	135445	2026-09-13
clickthecity.com	7274	2025-10-21
clinicaladvisor.com	6664	2026-09-11
clinicalleader.com	7508	2026-09-12
clintonherald.com	38817	2026-09-12
clintonnewsrecord.com	23286	2026-09-12
closerweekly.com	6875	2026-09-12
cloverdalereporter.com	35195	2026-09-13
cltampa.com	9820	2026-09-11
club937.com	25078	2026-09-12
clutchpoints.com	38968	2026-06-13
clydebankpost.co.uk	101973	2026-09-13
cmcmarkets.com	5856	2026-03-09
cmo.com.au	5228	2024-01-20
cnbc.com	133104	2026-09-13
cnbcafrica.com	21960	2026-09-11
cnbctv18.com	7702	2026-03-19
cnc3.co.tt	20458	2026-08-25
cnet.com	451231	2026-09-13
cnn.com	301305	2026-09-13
cnnphilippines.com	80976	2024-01-29
cnsnews.com	60537	2025-08-26
cntraveler.com	6442	2026-09-13
cntraveller.com	5595	2026-09-13
cnweekly.com	12207	2021-07-26
cnycentral.com	32627	2026-09-13
cnynews.com	19499	2026-09-12
coast1009.com	20546	2026-09-13
coast931.com	5473	2026-09-12
coast973.com	8774	2026-09-13
coastalcourier.com	5712	2026-09-10
coastaldigest.com	19050	2026-07-27
coastalnewstoday.com	14623	2024-01-03
coastalpoint.com	6396	2026-09-11
coastalradio.ca	7188	2026-09-11
coastfm.co.uk	11110	2025-01-27
coastreporter.net	84071	2025-09-09
cobrapost.com	11832	2026-09-12
cochranetimes.com	9094	2026-09-12
cochranetimespost.ca	50287	2026-09-13
cochranetoday.ca	8500	2023-01-30
coffscoastadvocate.com.au	43733	2021-03-24
cogconnected.com	10628	2026-09-13
coincommunity.com	144852	2026-04-03
coindesk.com	30736	2026-08-18
coinspeaker.com	33307	2026-09-11
cointelegraph.com	42550	2026-09-13
coinweek.com	7781	2026-06-04
coladaily.com	8956	2026-09-13
coldlakesun.com	13088	2026-09-12
collider.com	121607	2026-09-13
colombogazette.com	9346	2026-09-13
colombopage.com	20989	2023-11-30
coloradoan.com	6487	2023-09-11
coloradohometownweekly.com	15896	2026-09-13
coloradopolitics.com	6290	2026-03-19
coloradostar.com	41034	2026-09-13
columbiabasinherald.com	7911	2026-08-28
columbiadailyherald.com	9127	2023-09-11
columbiagorgenews.com	18327	2026-09-12
columbiamissourian.com	27818	2026-09-13
columbian.com	104744	2026-09-13
columbiatribune.com	10247	2023-09-11
columbustelegram.com	53628	2026-09-12
combatpress.com	12258	2026-09-13
comicbook.com	188862	2026-09-13
comicbookmovie.com	27994	2026-09-13
comicsbeat.com	10732	2026-07-30
comingsoon.net	58572	2026-09-03
commercial-news.com	14713	2026-09-13
commercialappeal.com	11594	2023-09-11
commercialmotor.com	5370	2026-06-03
commercialobserver.com	12741	2026-09-11
comminit.com	8001	2026-07-10
commodityonline.com	27788	2025-02-12
commonsnews.org	7904	2023-06-14
communityadvocate.com	6765	2026-09-12
communityimpact.com	19614	2026-07-01
communitynewspapergroup.com	20028	2026-09-12
communitynewspapers.com	13226	2026-08-04
communityni.org	5202	2022-02-11
communitypress.ca	38218	2026-06-22
comoxvalleyrecord.com	33596	2026-09-13
complex.com	22217	2026-09-13
complianceweek.com	5525	2026-09-11
compositesworld.com	8919	2026-09-11
compsmag.com	6764	2024-03-22
computerweekly.com	39290	2026-09-07
computerworld.com	10999	2026-09-11
computing.co.uk	8424	2026-06-22
comunicati.net	56760	2022-02-08
con-telegraph.ie	57682	2026-09-13
concordmonitor.com	32481	2026-09-12
conference-news.co.uk	7657	2026-09-10
connachttribune.ie	15670	2026-02-24
connectionnewspapers.com	8936	2026-09-04
connectradio.fm	20314	2026-09-13
connectsavannah.com	7592	2026-09-13
connexionfrance.com	28513	2026-09-13
consilium.europa.eu	24508	2024-07-15
consortiumnews.com	5415	2026-09-12
constructiondive.com	7658	2026-09-12
constructionenquirer.com	5845	2026-09-11
constructionequipment.com	5206	2026-09-11
constructionequipmentguide.com	6389	2025-03-03
constructionnews.co.uk	14816	2026-09-11
constructionweekonline.com	8096	2024-07-13
consumerelectronicsnet.com	16079	2024-02-09
conwaydailysun.com	20441	2026-09-13
cookingchanneltv.com	5605	2023-03-29
cookislandsnews.com	10755	2026-09-13
cool987fm.com	12390	2026-09-11
coolsocial.net	9498	2023-01-16
coolum-news.com.au	20346	2020-06-29
coosavalleynews.com	10071	2026-09-11
cootamundraherald.com.au	38571	2026-09-13
corkindependent.com	9275	2026-09-10
cornell.edu	7750	2026-09-11
cornellsun.com	8765	2026-09-12
cornwalllive.com	6250	2026-09-09
cornwallseawaynews.com	24414	2026-09-13
coronadonewsca.com	13431	2026-09-12
corsicanadailysun.com	23590	2026-09-13
corvallisadvocate.com	6148	2026-09-11
cosmeticsandtoiletries.com	7465	2026-02-10
cosmopolitan.com	68800	2026-09-13
cosmosmagazine.com	9093	2025-10-20
cotswoldjournal.co.uk	103555	2026-09-13
countercurrents.org	22746	2026-09-13
counterpunch.org	23942	2026-09-03
country-guide.ca	5855	2025-05-21
country104.com	8333	2026-09-05
country105.com	10306	2026-08-28
country1053.ca	9597	2025-05-20
country93.ca	8565	2026-09-10
country94.ca	14854	2025-12-08
countrylife.co.uk	9576	2026-09-13
countryliving.com	9801	2026-09-12
countypress.co.uk	140818	2026-09-13
countytimes.co.uk	119277	2026-09-13
countyweeklynews.ca	37959	2026-06-22
courant.com	103927	2026-09-13
courier-journal.com	18161	2023-09-11
courier-tribune.com	11403	2026-09-11
courierjournal.net	8699	2026-09-09
couriermail.com.au	182103	2024-07-31
couriernews.com	67316	2026-09-13
courierpostonline.com	8906	2023-09-11
courierpress.com	8075	2023-09-11
courthousenews.com	44459	2026-07-16
coventryobserver.co.uk	11342	2026-09-13
coventrytelegraph.net	100598	2026-09-13
covers.com	37080	2026-09-12
covnews.com	5885	2026-09-12
cowboystatedaily.com	5388	2026-07-12
cowichanvalleycitizen.com	34131	2026-09-13
cowraguardian.com.au	27357	2026-09-07
cp24.com	106793	2026-09-13
cpac.ca	6601	2024-12-16
cpapracticeadvisor.com	11801	2026-09-12
cpbj.com	8732	2026-06-04
cpfc.co.uk	5012	2026-06-25
cphpost.dk	8306	2026-09-12
cpr.org	13301	2026-02-25
cqnews.com.au	44410	2021-04-28
cracked.com	31356	2026-09-13
craigdailypress.com	6491	2026-09-09
crainscleveland.com	13200	2026-06-18
crainsdetroit.com	16510	2026-03-31
crainsnewyork.com	16163	2026-03-16
cranbrooktownsman.com	30360	2026-09-13
crash.net	34319	2026-09-13
cravenherald.co.uk	156219	2026-09-13
crawleyobserver.co.uk	5858	2022-02-09
creativebloq.com	12952	2026-09-13
creativereview.co.uk	5161	2026-07-15
crescent-news.com	29754	2026-09-12
crestonnews.com	7222	2026-09-11
crestviewbulletin.com	6297	2026-09-12
crikey.com.au	14342	2026-09-11
crimeonline.com	7164	2026-03-18
crn.com	11414	2026-09-11
crn.com.au	12420	2026-09-11
crooksandliars.com	40873	2026-09-13
crookstontimes.com	5681	2025-01-30
crookwellgazette.com.au	70850	2026-09-13
crossmap.com	33190	2026-09-13
crossrhythms.co.uk	6822	2026-09-13
crossville-chronicle.com	27550	2026-09-13
crowdfundinsider.com	87115	2026-08-27
crowrivermedia.com	50371	2025-10-29
cruisehive.com	9688	2026-09-12
cruiseindustrynews.com	7593	2026-09-13
crunchyroll.com	15924	2023-01-31
cruxnow.com	13915	2026-09-11
csindy.com	6448	2025-04-21
csmonitor.com	25211	2026-09-13
csoonline.com	10312	2026-09-11
csrwire.com	8151	2026-09-11
ctgtribune.com	15346	2025-06-01
ctinsider.com	61825	2026-09-10
ctmirror.org	12761	2026-09-12
ctnewsjunkie.com	5614	2026-09-11
ctpost.com	162446	2025-10-26
ctpublic.org	7913	2026-03-18
ctvnews.ca	171367	2026-09-11
cubaheadlines.com	41960	2026-09-13
cubbiescrib.com	6043	2026-09-13
cuinsight.com	19885	2025-07-09
cullmantimes.com	10118	2026-09-12
cultofmac.com	9108	2026-09-12
culturemap.com	33607	2026-09-12
cumberlink.com	50626	2026-09-13
cumbriacrack.com	30229	2025-01-23
curacaochronicle.com	9633	2026-09-11
curbed.com	6111	2026-09-03
curetoday.com	6790	2026-02-12
currentargus.com	9025	2026-09-13
cwtv.com	5716	2026-09-13
cypnow.co.uk	6355	2026-06-19
cyprus-mail.com	83209	2026-09-13
dabangasudan.org	7173	2026-09-11
dagblog.com	50779	2025-10-13
daijiworld.com	141849	2026-03-16
daily-chronicle.com	8022	2020-12-17
daily-jeff.com	8203	2023-09-11
daily-journal.com	20849	2025-02-04
daily-sun.com	38361	2025-12-09
daily-times.com	5025	2023-09-10
daily-tribune.com	7678	2026-09-13
dailyadvance.com	57564	2026-09-13
dailyadvertiser.com.au	86603	2026-09-13
dailyadvocate.com	12256	2025-05-15
dailyamerican.com	13653	2023-09-11
dailyastorian.com	12704	2026-09-12
dailybreeze.com	49283	2026-09-13
dailybruin.com	6824	2026-09-13
dailybulldog.com	9796	2026-09-12
dailybulletin.com	47024	2026-09-13
dailycal.org	22394	2026-09-11
dailycaller.com	105630	2026-09-13
dailycamera.com	43753	2026-09-13
dailycampus.com	6560	2026-09-12
dailycardinal.com	7851	2026-09-12
dailycitizen.news	13575	2025-02-06
dailycomet.com	6054	2023-09-11
dailycommercial.com	9991	2023-09-11
dailydemocrat.com	13814	2026-09-12
dailydispatch.co.za	8482	2026-09-12
dailydot.com	46476	2026-09-12
dailyecho.co.uk	172072	2026-09-13
dailyemerald.com	6806	2026-09-13
dailyexaminer.com.au	42309	2021-03-24
dailyexcelsior.com	186388	2026-09-13
dailyexpress.com.my	91331	2026-07-01
dailyforex.com	11744	2026-09-13
dailyfreeman.com	45071	2026-09-13
dailyfx.com	24052	2024-08-30
dailygalaxy.com	10140	2026-09-13
dailygazette.com	87806	2026-09-13
dailyherald.com	120389	2025-09-08
dailyheraldtribune.com	14170	2026-09-12
dailyhive.com	64595	2026-09-13
dailyindependent.com	36045	2026-09-13
dailyinterlake.com	13660	2026-09-13
dailyiowegian.com	6412	2020-05-27
dailyitem.com	53571	2026-09-12
dailyjournal.net	102260	2025-05-15
dailyjournalonline.com	43088	2026-08-29
dailykos.com	182581	2026-09-13
dailyliberal.com.au	90754	2026-09-13
dailylocal.com	53179	2026-09-13
dailymail.co.uk	1278695	2026-04-21
dailymail.com	52769	2026-09-13
dailymaverick.co.za	80060	2026-09-13
dailymercury.com.au	49265	2021-06-23
dailymirror.lk	59271	2026-09-08
dailynebraskan.com	5324	2026-09-12
dailynews.co.th	6843	2023-07-05
dailynews.co.tz	15276	2026-09-13
dailynews.co.zw	17027	2026-09-13
dailynews.com	56181	2026-09-13
dailynews.lk	33827	2023-12-29
dailynewsegypt.com	14118	2025-01-26
dailynexus.com	5782	2026-09-05
dailynorseman.com	10680	2026-09-13
dailynorthwestern.com	12054	2026-09-12
dailyorange.com	9932	2025-02-23
dailypakistan.com.pk	18703	2026-09-13
dailypioneer.com	83826	2026-09-13
dailypolitical.com	635015	2026-09-13
dailypost.co.uk	94428	2026-09-13
dailypost.ng	287123	2026-09-13
dailypost.vu	15974	2026-09-12
dailypostathenian.com	20583	2026-09-11
dailypress.com	78953	2026-09-13
dailypress.net	23525	2026-09-12
dailyprincetonian.com	7914	2026-09-13
dailyprogress.com	57787	2026-09-13
dailyrecord.co.uk	309385	2026-09-13
dailyrecord.com	9244	2023-09-11
dailyrecordnews.com	22695	2026-09-13
dailyreporter.com	8550	2026-06-03
dailyrepublic.com	89891	2026-09-13
dailyridge.com	19262	2026-09-13
dailysabah.com	65068	2026-09-13
dailysentinel.com	5548	2026-09-13
dailysignal.com	26348	2026-07-17
dailystar.co.uk	321954	2026-09-13
dailystar.com.lb	7273	2025-09-29
dailystarjournal.com	8779	2020-11-25
dailysun.co.za	30224	2022-09-11
dailytarheel.com	10410	2026-09-13
dailytelegraph.com.au	163773	2024-07-31
dailythepatriot.com	17205	2026-09-11
dailytimes.com	17680	2026-09-12
dailytimes.com.pk	142364	2026-06-25
dailytrib.com	6802	2026-09-12
dailytribune.com	25590	2025-11-05
dailytrojan.com	9106	2026-09-13
dailytrust.com	70702	2026-09-13
dailytrust.com.ng	21882	2021-06-24
dailyunion.com	24045	2026-09-11
dailyuw.com	7176	2026-07-13
dailyvoice.com	184665	2026-07-03
dailyworld.com	5461	2023-09-11
dairylandexpress.com	5010	2026-09-13
dakotanewsnow.com	19830	2026-09-13
dakotawarcollege.com	8857	2026-09-11
dallascowboys.com	10941	2026-09-12
dallasnews.com	51183	2026-04-01
dallasobserver.com	9981	2026-09-12
dallassun.com	122302	2026-09-13
dallasvoice.com	8355	2026-09-11
daltonsbusiness.com	5652	2026-09-10
danspapers.com	9614	2026-09-13
darientimes.com	58921	2025-08-31
darkhorizons.com	21875	2026-09-13
darkreading.com	13187	2025-02-20
darlingtonandstocktontimes.co.uk	108309	2026-09-13
datacenterdynamics.com	18830	2025-06-14
datacenterknowledge.com	5823	2026-09-11
daventryexpress.co.uk	10264	2025-01-23
davisenterprise.com	23079	2026-09-12
dawgpounddaily.com	5445	2026-09-13
dawn.com	261252	2026-07-20
dayton.com	5431	2024-09-04
daytonatimes.com	5436	2026-09-11
daytondailynews.com	55215	2026-09-13
dazebaonews.it	6505	2026-01-15
dazeddigital.com	18200	2026-09-11
dcourier.com	8945	2026-09-13
dcvelocity.com	5175	2026-09-10
deadline.com	166772	2026-09-13
deadlinedetroit.com	11516	2026-09-13
dealstreetasia.com	39142	2026-09-13
decanter.com	5538	2026-09-11
decaturdaily.com	47566	2026-09-12
decaturish.com	6961	2026-09-11
deccanchronicle.com	134681	2026-09-13
deccanherald.com	64357	2026-03-15
decider.com	35396	2026-09-13
defence.pk	18327	2026-05-12
defenceweb.co.za	15633	2026-09-11
defensenews.com	12330	2026-09-11
defenseone.com	8929	2026-09-13
defenseworld.net	60871	2026-04-30
defpen.com	12285	2026-09-02
dekhnews.com	5202	2025-04-11
delano.lu	6113	2025-01-11
delaware.gov	9035	2026-09-11
delawareonline.com	12601	2023-09-11
delawarepublic.org	49194	2026-09-13
delawarestatenews.net	5676	2021-02-16
delcotimes.com	60454	2026-09-13
delfi.lt	5064	2026-09-11
delgazette.com	6444	2025-04-15
delmartimes.net	6342	2024-06-13
delmarvanow.com	6603	2023-09-11
delphosherald.com	5222	2026-08-05
delrionewsherald.com	10116	2021-01-22
delta-optimist.com	64492	2025-01-23
democracynow.org	35706	2026-09-11
democratandchronicle.com	9032	2023-09-11
democratherald.com	58526	2026-09-10
denbighshirefreepress.co.uk	109538	2026-09-13
denofgeek.com	8859	2026-09-11
dentonrc.com	31516	2026-09-13
denverbroncos.com	6366	2026-09-13
denverpost.com	53217	2026-09-13
derbyshiretimes.co.uk	23955	2025-01-23
derbytelegraph.co.uk	85190	2026-09-13
derryjournal.com	15278	2025-01-23
derrynow.com	41481	2026-05-21
deseret.com	38975	2026-09-11
desertsun.com	11610	2023-09-11
desiblitz.com	17152	2026-09-13
design-reuse.com	8447	2026-09-10
designboom.com	20542	2026-09-13
designnews.com	5853	2024-12-01
designyoutrust.com	5817	2026-09-12
desimartini.com	34149	2025-02-18
desmoinesregister.com	26539	2023-09-11
desototimes.com	5550	2026-09-11
destructoid.com	24027	2026-07-04
detroitnews.com	45794	2023-09-11
devdiscourse.com	137412	2026-07-03
developingtelecoms.com	15161	2026-09-11
devilslakejournal.com	6170	2026-09-12
devondispatch.ca	16106	2026-09-13
devonlive.com	9630	2026-06-20
dewsburyreporter.co.uk	12517	2025-01-23
dezeen.com	26904	2026-07-31
dfnionline.com	10103	2026-09-11
dglobe.com	31044	2026-09-12
dhakacourier.com.bd	8196	2026-09-12
dhakatribune.com	28341	2026-03-10
dhal3.com	8765	2026-09-13
diamonds.net	8812	2024-06-24
dicardiology.com	6378	2026-09-11
digg.com	25537	2026-09-13
diginomica.com	7199	2026-07-16
digit.in	31911	2026-09-13
digitaljournal.com	195182	2026-09-13
digitalsignagetoday.com	5065	2026-09-11
digitalspy.com	87671	2026-09-13
digitaltrends.com	42891	2026-09-03
digitimes.com	30563	2026-09-13
dinamalar.com	35343	2026-09-07
directorstalkinterviews.com	29266	2026-08-04
discoverairdrie.com	16847	2026-09-13
discoverestevan.com	19666	2026-09-12
discovermagazine.com	18473	2026-07-15
dispatch.com	35521	2023-09-11
dispatchlive.co.za	30383	2025-01-25
dissexpress.co.uk	20527	2026-09-13
dissidentvoice.org	9623	2026-03-22
divyabhaskar.co.in	28992	2026-09-10
diymag.com	10926	2026-09-11
djc.com	37686	2026-09-11
djcoregon.com	5745	2026-06-03
djmag.com	12023	2026-09-11
djournal.com	77546	2026-09-13
dl-online.com	30887	2026-09-12
dmagazine.com	16703	2026-09-11
dmnews.com	5511	2026-09-11
dnaindia.com	180911	2026-01-23
dnd.com.pk	16600	2026-09-12
dnews.com	30304	2026-08-30
dnj.com	6738	2023-09-11
dodgeglobe.com	8482	2026-09-06
dohanews.co	6774	2026-08-10
domain-b.com	5336	2026-09-09
dominicanrepublicpost.com	24080	2026-09-13
dominicantoday.com	14947	2026-09-13
doncasterfreepress.co.uk	24323	2025-01-23
donegallive.ie	27845	2026-05-20
donegalnews.com	16674	2026-09-13
doorcountydailynews.com	8097	2026-09-12
dorsetecho.co.uk	154711	2026-09-13
dose.ca	15185	2026-09-13
dothaneagle.com	63544	2026-09-12
dotnews.com	7944	2026-09-12
douglas-budget.com	37103	2026-09-12
downtoearth.org.in	20654	2026-09-13
drapersonline.com	18527	2026-09-11
draytonvalleywesternreview.com	15061	2026-09-13
drbicuspid.com	11808	2025-10-30
dreadcentral.com	17583	2026-09-12
dredgingtoday.com	11606	2026-09-11
drgnews.com	26276	2026-09-12
drive.com.au	41233	2026-05-31
driving.ca	14536	2026-09-12
droid-life.com	7790	2026-09-12
droitwichadvertiser.co.uk	19310	2021-05-03
droitwichstandard.co.uk	10001	2026-09-13
drudge.com	18606	2026-09-13
drugstorenews.com	5369	2025-09-08
dslreports.com	19516	2025-02-26
dtinews.vn	5601	2023-07-17
dtnext.in	7229	2024-12-16
dtnpf.com	9898	2026-09-12
dualshockers.com	27902	2026-09-13
dubaicityguide.com	7115	2026-09-13
dublinlive.ie	7571	2026-03-11
dudleynews.co.uk	129071	2026-09-13
duke.edu	6342	2026-09-10
duke.fm	22715	2026-09-12
dukechronicle.com	8423	2026-07-09
dukefmduluth.com	7915	2025-03-18
duluthnewstribune.com	64638	2026-09-13
dumbartonreporter.co.uk	89508	2026-09-13
duncanbanner.com	13409	2026-09-13
dundalkdemocrat.ie	56109	2026-05-14
dunfermlinepress.com	104227	2026-09-13
dungogchronicle.com.au	56095	2026-09-13
dunmowbroadcast.co.uk	31392	2026-09-13
dunyanews.tv	151727	2026-09-13
dupagepolicyjournal.com	21965	2026-09-12
dupontregistry.com	7662	2026-01-09
durangoherald.com	96706	2026-09-13
durhamregion.com	24170	2026-09-12
dutchnews.nl	22071	2026-09-13
dvidshub.net	16259	2025-01-26
dw.com	121770	2026-09-13
dwell.com	7116	2026-09-11
dynamicbusiness.com	6222	2026-09-12
e-flux.com	10414	2026-09-13
e-know.ca	17900	2026-09-12
eacourier.com	9922	2026-09-12
eadt.co.uk	139621	2026-09-13
eaglecountryonline.com	9398	2026-09-13
eagledayton.com	9244	2026-09-13
eaglesanantonio.com	8902	2026-09-13
eagletimes.com	12955	2025-11-19
eagletribune.com	126306	2026-09-13
ealingtimes.co.uk	115071	2026-09-13
earthquake-report.com	9134	2025-07-21
earthquakenewstoday.com	63211	2025-12-30
earthsky.org	5434	2026-09-13
eastbayri.com	9720	2026-09-12
eastbaytimes.com	78580	2026-09-13
eastbourneherald.co.uk	6199	2022-02-09
eastcountymagazine.org	18886	2026-09-07
easternmirrornagaland.com	37081	2026-08-31
easternontarionetwork.com	44622	2026-06-15
easternriverinachronicle.com.au	95054	2026-09-13
eastidahonews.com	45732	2026-07-09
eastlondonadvertiser.co.uk	36478	2026-09-13
eastlothiancourier.com	106971	2026-09-13
eastoregonian.com	24239	2026-09-12
easttexasradio.com	16719	2026-09-13
eastvalleytribune.com	5897	2026-09-13
easy93.com	5313	2025-06-14
easyreadernews.com	7295	2026-07-25
eater.com	25032	2026-09-12
eaworldview.com	6875	2026-09-13
ebar.com	17369	2025-01-23
ecb.europa.eu	5740	2026-09-12
echo-news.co.uk	178606	2026-09-13
echo.net.au	11542	2025-01-23
echolive.ie	59770	2026-09-13
echonews.com.au	18377	2020-06-29
echopress.com	33879	2026-09-12
ecns.cn	39089	2026-09-04
eco-business.com	11828	2026-09-12
ecofinagency.com	6427	2026-03-19
econintersect.com	7938	2025-01-23
economist.com	30787	2025-09-05
economynext.com	6721	2026-02-28
econotimes.com	90106	2026-09-13
ecr.co.za	45026	2026-09-13
ed.fm	9547	2026-09-13
edenmagnet.com.au	82249	2026-09-13
edge.ca	11080	2026-09-13
edie.net	8412	2025-01-23
editorandpublisher.com	17586	2026-09-12
editorinleaf.com	5374	2026-09-13
edmonton.ctvnews.ca	26612	2025-01-23
edmontonexaminer.com	22667	2026-06-29
edmontonjournal.com	38009	2026-09-12
edmontonsun.com	73377	2026-09-13
edp24.co.uk	179342	2026-09-13
edsource.org	6670	2026-06-24
educationtimes.com	11601	2026-09-13
edweek.org	5624	2026-06-03
eejournal.com	10662	2026-09-11
eenadu.net	5152	2026-08-08
eenews.net	41827	2026-08-28
efe.com	19085	2026-04-15
effinghamdailynews.com	16892	2026-09-11
effinghamradio.com	11514	2026-09-13
efinancialcareers.com	6256	2026-09-11
egyptindependent.com	19450	2026-09-13
eham.net	20349	2026-09-12
ehfcl.com	251751	2020-08-27
einnews.com	148652	2024-06-01
ejpress.org	6122	2026-09-13
ekathimerini.com	5808	2020-04-10
el-balad.com	204258	2026-09-13
elclasificado.com	8848	2026-07-16
eldoradonews.com	14579	2026-09-13
electric949.com	8050	2026-09-11
electronicsweekly.com	19343	2026-09-11
electropages.com	10941	2026-09-12
elitedaily.com	16183	2026-09-13
elitetraveler.com	5342	2026-09-13
elkharttruth.com	19302	2026-09-12
elkodaily.com	54553	2026-09-13
elle.com	22060	2026-09-13
elliotlakestandard.ca	47943	2026-09-13
ellsworthamerican.com	9494	2026-09-12
ellwoodcityledger.com	6226	2023-09-11
elmwoodparkschools.org	17893	2022-03-02
elpais.com	24701	2026-09-13
elpasoinc.com	107229	2026-09-13
elpasotimes.com	10448	2023-09-11
elwakt.com	34770	2024-06-08
elystandard.co.uk	40526	2026-09-13
emarketer.com	5624	2026-09-10
emirates247.com	15362	2026-06-10
emissourian.com	13520	2025-09-01
emmetsburgnews.com	5150	2026-09-11
empireofthekop.com	18049	2026-09-12
empireonline.com	11805	2026-09-11
emporiagazette.com	25748	2026-09-12
empr.com	10925	2026-09-11
ems1.com	12878	2026-09-13
en.apa.az	71898	2026-09-13
en.ce.cn	32028	2026-09-13
en.dangcongsan.vn	5991	2024-10-12
en.gmw.cn	7405	2025-07-02
en.kremlin.ru	5680	2026-09-13
en.people.cn	123019	2026-09-13
en.portnews.ru	5371	2026-03-08
en.qantara.de	10657	2023-10-26
en.qdnd.vn	9658	2026-03-18
en.tempo.co	47231	2026-09-13
en.trend.az	72164	2025-07-09
en.vietnamplus.vn	79240	2026-03-16
enca.com	65053	2026-09-13
endocrinologyadvisor.com	7971	2026-09-11
energeticcity.ca	21691	2026-07-21
energy-pedia.com	23707	2026-09-13
energy-storage.news	8033	2026-09-11
energy953.com	10401	2026-08-06
energycentral.com	24116	2025-05-30
energyfm.net	6729	2026-07-31
energyglobal.com	7447	2025-12-09
energylivenews.com	17268	2026-09-12
energyvoice.com	5581	2025-01-10
enewschannels.com	7387	2026-09-11
enewscourier.com	16086	2026-09-12
enfieldindependent.co.uk	96871	2026-09-13
eng.belta.by	41337	2026-03-10
eng.kavkaz-uzel.eu	8327	2026-09-13
eng.lsm.lv	5866	2025-01-02
engadget.com	47479	2026-09-13
engineering.com	6027	2026-09-11
engineeringnews.co.za	38488	2026-07-31
english.news.cn	297341	2026-09-13
english.pravda.ru	8438	2026-09-11
english.radio.cz	19917	2026-09-13
english.republika.mk	10875	2026-09-12
english.vov.vn	15732	2026-03-16
english.wafa.ps	188052	2026-09-13
enidnews.com	39079	2026-09-13
enn.com	13948	2026-09-11
enr.com	5573	2026-09-12
enrsi.rtvs.sk	5287	2025-01-19
enstarz.com	28259	2026-09-13
enterprisenews.com	7137	2023-09-11
enterprisepub.com	5496	2026-09-09
entornointeligente.com	10145	2026-09-09
entrepreneur.com	10053	2026-09-10
envirotech-online.com	5000	2025-08-14
enviweb.cz	6581	2026-07-14
eonline.com	84458	2026-09-13
ephotozine.com	35871	2025-11-18
eppingforestguardian.co.uk	97834	2026-09-13
eptrail.com	12868	2026-09-13
epw.in	9885	2026-09-12
equibase.com	25375	2026-04-29
equipmentworld.com	5145	2026-05-28
equitybulls.com	75957	2026-09-12
erienewsnow.com	93310	2026-09-13
escapistmagazine.com	8261	2026-06-09
esmmagazine.com	11309	2026-09-11
espn.com	59087	2026-03-19
esquire.com	30786	2026-09-13
essence.com	30981	2026-07-07
essexlive.news	5571	2026-07-02
estevanmercury.ca	31586	2021-07-29
etcanada.com	13319	2023-10-30
eteknix.com	18480	2026-09-13
etfdailynews.com	228558	2025-10-07
etftrends.com	32437	2026-08-03
ethanolproducer.com	8086	2026-09-12
etnow.com	11239	2026-09-11
etonline.com	71395	2026-03-25
eturbonews.com	153793	2026-06-28
eugenedailynews.com	6102	2024-08-21
euobserver.com	13519	2026-09-12
euractiv.com	39817	2026-01-22
eurasiareview.com	40853	2026-09-13
eurekalert.org	75786	2026-09-09
eureporter.co	11352	2026-06-18
euro-petrole.com	8222	2026-09-13
eurogamer.net	42877	2026-09-13
euronews.com	109772	2026-09-13
europapress.es	9013	2026-09-11
europeanpharmaceuticalreview.com	5123	2026-03-26
europeantour.com	5282	2025-06-12
europesun.com	177285	2026-09-13
eurovoix.com	11512	2026-09-13
euroweeklynews.com	6756	2026-03-19
eurweb.com	31864	2026-09-13
evanstonnow.com	9294	2026-09-13
eveningexpress.co.uk	107905	2021-11-08
eveningnews24.co.uk	103814	2026-09-13
eveningtelegraph.co.uk	66368	2021-09-22
eveningtimes.co.uk	5790	2023-03-07
eveningtribune.com	7512	2023-09-11
eventhubs.com	16220	2026-09-13
evertiq.com	8639	2026-09-11
everydayhealth.com	6861	2026-09-11
everything2.com	36374	2026-01-01
eveshamjournal.co.uk	112484	2026-09-13
evo.co.uk	5747	2026-09-12
ew.com	37810	2026-03-17
ewn.co.za	108955	2026-09-13
ewnews.com	5168	2023-02-02
ewrestlingnews.com	80712	2025-07-14
examiner.com.au	83106	2026-09-13
examiner.net	9538	2026-09-07
excelsio.net	6989	2026-09-10
exchangerates.org.uk	12962	2025-11-03
exclaim.ca	27651	2026-09-12
executivebiz.com	8828	2026-09-11
executivegov.com	9271	2026-09-12
exetertoday.ca	10182	2026-09-11
expatforum.com	5471	2026-01-22
expertclick.com	11578	2026-09-12
expertreviews.co.uk	10199	2026-09-11
exploreseiowa.com	26330	2026-03-30
explosion.com	5524	2026-09-10
express.co.uk	403367	2026-09-13
expressandstar.com	67218	2026-03-26
expressnews.com	67773	2025-08-28
extra.ie	5396	2026-03-14
extralunchmoney.com	14998	2024-09-26
extratime.com	7732	2025-09-09
extratv.com	6074	2026-09-11
extremetech.com	8332	2025-01-22
eyeonannapolis.net	17577	2026-09-13
eyeontaiwan.com	5141	2023-03-22
eyeradio.org	17022	2026-09-13
f4wonline.com	34700	2026-09-13
faceofmalawi.com	45191	2026-09-11
fairfaxtimes.com	11011	2026-09-12
fairfieldcitizenonline.com	69732	2022-03-01
fairfieldsuntimes.com	44771	2026-09-13
fairmontsentinel.com	9865	2026-09-12
fairviewpost.com	13308	2026-09-12
falkirkherald.co.uk	16511	2025-01-23
falmouthpacket.co.uk	134483	2026-09-13
famagusta-gazette.com	18052	2025-12-06
familydestinationsguide.com	9807	2026-03-19
famoushookups.com	22648	2025-04-17
fandompost.com	50583	2026-09-02
fangoria.com	7995	2026-07-30
fangraphs.com	27332	2026-09-13
fansided.com	53800	2026-09-13
fantasypros.com	7629	2025-08-19
faribaultcountyregister.com	16299	2026-09-13
fark.com	5825	2026-07-15
farmersjournal.ie	50487	2026-08-07
farminglife.com	11464	2025-01-23
farminguk.com	14594	2026-09-13
farmprogress.com	14728	2024-08-06
farmweekly.com.au	36085	2026-09-13
fastcasual.com	9531	2026-09-11
fastcompany.com	6912	2026-06-28
fauquier.com	6250	2026-09-02
fauquiernow.com	6592	2026-08-28
fayettetribune.com	6252	2026-09-08
fayobserver.com	12278	2023-09-11
faz.net	6154	2026-08-07
fbcnews.com.fj	8735	2026-03-19
fbherald.com	33801	2026-08-21
fdlreporter.com	8392	2023-09-11
feedstuffs.com	9101	2024-11-15
femalefirst.co.uk	39383	2026-09-13
femina.in	9364	2026-09-12
fenlandcitizen.co.uk	21804	2026-09-13
fermanaghherald.com	9714	2026-09-13
fftimes.com	9101	2026-09-10
fhtimes.com	13085	2026-09-13
fibre2fashion.com	15979	2026-06-02
fiercebiotech.com	5682	2026-06-16
fiercepharma.com	5647	2026-08-24
fifetoday.co.uk	14548	2025-01-23
fijilive.com	17738	2025-04-23
fijisun.com.fj	17690	2026-09-13
fijitimes.com	45574	2023-11-30
fijivillage.com	48239	2026-09-13
file770.com	21402	2026-09-13
fillmorecountyjournal.com	7807	2026-09-11
film-news.co.uk	53058	2026-09-13
filmfare.com	23665	2026-09-12
filmibeat.com	49786	2026-09-13
fin24.com	6131	2020-06-05
finance-commerce.com	15997	2026-06-03
financial-news.co.uk	12206	2026-09-13
financial-planning.com	11219	2026-09-11
financialbuzz.com	18207	2025-09-03
financialcontent.com	220404	2026-09-13
financialexpress.com	186827	2026-07-15
financialpost.com	51799	2026-09-12
financialstandard.com.au	7425	2025-01-23
finanzen.ch	37613	2026-09-11
finanzen.net	5405	2026-09-10
finanznachrichten.de	781807	2026-09-13
finchannel.com	6444	2026-09-12
finextra.com	9191	2025-12-08
fingerlakes1.com	62976	2026-09-13
finsmes.com	35430	2025-06-09
firehouse.com	7565	2026-09-11
firerescue1.com	12321	2026-09-12
firetrench.com	6866	2021-10-26
firstalert4.com	21098	2026-09-13
firstalert7.com	6111	2026-09-13
firstcoastnews.com	63319	2026-06-05
firstcomicsnews.com	20795	2026-09-12
firstlightradio.com	26626	2024-02-14
firstpost.com	146450	2026-03-17
firstshowing.net	12470	2026-09-12
fitsnews.com	6290	2026-09-12
fitzhugh.ca	40958	2025-08-29
flaglerlive.com	13858	2026-09-13
flagpole.com	6054	2026-05-20
flanews.com	6192	2025-11-07
flcourier.com	8210	2026-09-12
fleetnews.co.uk	7396	2026-07-24
fleetworld.co.uk	7142	2026-08-27
flickeringmyth.com	32852	2026-09-13
flightaware.com	9179	2026-08-13
flightglobal.com	22793	2026-09-11
floppingaces.net	14162	2026-02-11
floridanewswire.com	8801	2026-09-10
floridapolitics.com	10589	2026-04-06
floridastatesman.com	63567	2026-09-13
floridatoday.com	13611	2023-09-11
floridatrend.com	5420	2026-09-10
floridaweekly.com	16204	2026-09-11
floydct.com	16206	2026-09-13
fltimes.com	23483	2026-09-12
fluther.com	16645	2026-09-12
fly92.com	5396	2026-09-13
flyingmag.com	9537	2026-09-12
fm104.ie	17274	2026-09-10
fm96.com	8118	2026-09-13
fm99.com	5984	2026-09-11
fnarena.com	17895	2026-06-17
focusdailynews.com	7017	2026-09-12
focustaiwan.tw	61310	2026-09-13
fohonline.com	5415	2026-09-11
fonearena.com	19240	2026-09-12
fontanaheraldnews.com	11939	2026-09-12
foodandwine.com	5391	2026-02-23
foodbev.com	9751	2026-09-11
fooddive.com	7249	2026-09-13
foodista.com	14756	2026-08-05
foodmanufacture.co.uk	7647	2026-09-11
foodnavigator-usa.com	7309	2026-07-08
foodnavigator.com	7429	2026-09-11
foodsafetynews.com	5348	2026-09-13
fool.ca	50441	2026-06-04
fool.co.uk	40206	2026-05-12
fool.com	372821	2026-09-13
fool.com.au	49200	2026-06-04
football.london	13513	2023-02-02
football365.com	5098	2023-02-02
footwearnews.com	13853	2025-05-13
forbes.com	625561	2026-09-11
forbesadvocate.com.au	27389	2026-09-10
forbesindia.com	9813	2026-09-13
forcechange.com	8381	2026-09-13
forconstructionpros.com	13234	2025-12-29
ford-trucks.com	36815	2025-08-25
foreignaffairs.co.nz	50515	2025-01-23
foreignpolicy.com	17159	2026-09-12
forexcrunch.com	25695	2026-02-02
forexlive.com	77319	2025-07-19
forextv.com	134608	2025-08-05
forimmediaterelease.net	5696	2026-09-11
formula1.com	18323	2026-09-13
forsythnews.com	6973	2026-09-11
fortmcmurraytoday.com	14492	2026-09-12
fortmorgantimes.com	32757	2026-09-13
fortsaskatchewanrecord.com	15397	2026-09-13
fortune.com	45912	2026-09-13
fortworthbusiness.com	9253	2026-09-11
forward.com	24830	2026-09-03
fosters.com	9701	2023-09-11
foundry-planet.com	5212	2026-09-11
fourfourtwo.com	26064	2026-09-13
fox1023.com	18039	2026-09-11
fox10phoenix.com	92060	2026-09-13
fox10tv.com	36249	2026-09-13
fox11online.com	45246	2026-09-13
fox13memphis.com	39574	2026-09-13
fox13news.com	58674	2026-09-13
fox13now.com	36075	2026-09-13
fox13seattle.com	27982	2026-09-13
fox17.com	40788	2026-09-13
fox17online.com	64223	2026-09-13
fox19.com	38562	2026-09-13
fox21online.com	32305	2026-09-13
fox23.com	36603	2026-09-13
fox23maine.com	48848	2026-09-13
fox26houston.com	68881	2026-09-13
fox29.com	76923	2026-09-13
fox2detroit.com	55751	2026-09-12
fox2now.com	9453	2025-07-02
fox32chicago.com	90055	2026-09-13
fox34.com	27956	2026-09-12
fox35orlando.com	93680	2026-09-13
fox40.com	5235	2025-07-03
fox42kptm.com	8715	2026-09-12
fox43.com	71906	2026-06-25
fox4beaumont.com	32880	2026-09-13
fox4kc.com	7267	2025-07-02
fox4news.com	61140	2026-09-12
fox56.com	37956	2026-09-13
fox59.com	7441	2025-11-18
fox5atlanta.com	94712	2026-09-13
fox5dc.com	65173	2026-09-13
fox5ny.com	70443	2026-09-13
fox5vegas.com	24654	2026-09-13
fox61.com	63743	2026-06-06
fox6now.com	85775	2026-09-13
fox7austin.com	73727	2026-09-13
fox8.com	7734	2026-05-31
fox8live.com	31546	2026-09-13
fox8tv.com	13763	2026-09-13
fox9.com	55329	2026-09-13
fox969.com	19818	2026-09-13
foxbaltimore.com	49416	2026-09-13
foxbangor.com	61440	2026-09-13
foxbusiness.com	77169	2026-09-13
foxcarolina.com	32386	2026-09-13
foxcincinnati.com	9336	2026-09-13
foxillinois.com	29548	2026-09-11
foxla.com	69090	2026-09-12
foxnews.com	377119	2026-09-13
foxradiook.com	11447	2026-08-18
foxreno.com	32078	2026-09-13
foxrochester.com	28401	2026-09-13
foxsanantonio.com	49437	2026-09-13
foxsports.com.au	6342	2023-07-05
foxtel.com.au	12343	2026-06-23
foxwilmington.com	41033	2026-09-13
foxy99.com	14246	2026-09-13
france24.com	167191	2026-02-12
franklinfavorite.com	27578	2026-09-11
frasercoastchronicle.com.au	46313	2021-04-28
fredericknewspost.com	41994	2026-09-13
fredericksburg.com	57239	2026-09-13
freebeacon.com	20745	2026-09-11
freedom929.com	10267	2026-09-09
freedom95.us	6434	2026-08-29
freedom970.com	7975	2026-09-11
freemalaysiatoday.com	102259	2026-09-13
freep.com	46354	2024-06-25
freepressjournal.in	443584	2026-09-13
freepressseries.co.uk	92433	2026-09-13
freerepublic.com	483684	2026-09-13
freestonecountytimesonline.com	5286	2026-08-31
freethoughtblogs.com	6679	2026-09-12
freightwaves.com	6759	2026-01-21
freightweek.org	5268	2026-09-11
fremonttribune.com	72357	2026-09-12
freshfruitportal.com	9383	2026-09-11
freshplaza.com	83824	2026-09-11
fresnobee.com	5973	2024-07-17
frieze.com	5071	2026-01-28
froggy1003.com	11406	2026-09-13
froggy929.com	10680	2025-05-24
froggyweb.com	26972	2026-09-13
frontiersman.com	8569	2026-06-10
frontpageafricaonline.com	26290	2026-09-13
frontpagemag.com	21141	2026-05-29
fruitnet.com	10024	2025-09-04
ft.com	12476	2026-02-05
ft.lk	47611	2026-09-11
ftadviser.com	14970	2026-09-08
ftnnews.com	15128	2026-06-04
ftvlive.com	13098	2026-09-13
fudzilla.com	5476	2026-01-06
fukuoka-now.com	6161	2026-09-11
fultonsun.com	11796	2026-09-13
fun107.com	26811	2026-09-13
funds-europe.com	7887	2026-09-11
fundsforngos.org	24830	2026-09-11
funkytaurusmedia.com	147527	2026-09-13
furninfo.com	7158	2025-09-04
furnituretoday.com	11167	2026-06-04
futaa.com	15659	2020-11-27
futurity.org	10464	2026-09-09
fwi.co.uk	19543	2026-09-13
fwweekly.com	5744	2026-09-11
fxempire.com	10506	2026-03-09
fxstreet.com	125442	2026-03-05
gadget.co.za	7047	2026-09-11
gadgetsmagazine.com.ph	6298	2026-09-13
gadsdentimes.com	8135	2023-09-11
gainesville.com	15883	2023-09-11
gainesvilleregister.com	6887	2026-09-13
gainesvilletimes.com	11463	2026-09-11
galesburg.com	6937	2023-09-11
galusaustralis.com	7671	2020-08-18
galvnews.com	42147	2026-09-13
galwaybayfm.ie	21947	2026-09-13
gamasutra.com	12921	2022-06-24
gamenguide.com	6862	2026-09-11
gamepur.com	22146	2024-08-14
gamerant.com	133730	2026-09-13
gameranx.com	19295	2026-09-10
gamereactor.eu	24951	2026-09-13
gamerevolution.com	10470	2026-09-10
gamesindustry.biz	19372	2026-09-11
gamespot.com	45822	2026-01-20
gamesradar.com	65659	2026-09-13
gamewatcher.com	5279	2026-09-07
gamingbolt.com	19826	2026-09-12
gamingintelligence.com	5371	2026-09-11
gananoquereporter.com	40328	2026-08-29
ganggreennation.com	8453	2026-09-13
gardenandgun.com	5203	2026-09-09
garoweonline.com	7907	2026-09-13
gasgoo.com	16651	2026-09-12
gastongazette.com	9600	2023-09-11
gasworld.com	10705	2026-05-24
gator995.com	17907	2026-09-13
gattonstar.com.au	44798	2021-04-28
gaytimes.co.uk	10016	2024-05-06
gazetaexpress.com	24763	2026-08-05
gazette-news.co.uk	148905	2026-09-13
gazette.com	190841	2026-09-13
gazetteandherald.co.uk	120965	2026-09-13
gazetteherald.co.uk	145841	2026-09-13
gazettejournal.net	6365	2026-09-11
gazettelive.co.uk	93474	2026-09-13
gazettenet.com	37247	2026-09-13
gazetteseries.co.uk	118421	2026-09-13
gazettetimes.com	49376	2026-09-09
gazettextra.com	54348	2026-09-13
gbtribune.com	13151	2026-09-12
gcaptain.com	19584	2026-09-11
gcmaz.com	12940	2026-09-13
gctelegram.com	8452	2026-08-20
gdnonline.com	172899	2026-09-13
gds.ro	6100	2024-11-05
gearjunkie.com	12055	2026-08-14
geekwire.com	13044	2026-08-20
geeky-gadgets.com	48625	2026-08-25
geekzone.co.nz	7443	2026-09-13
geelongadvertiser.com.au	108371	2026-09-13
geneamusings.com	9494	2026-09-12
genengnews.com	9392	2026-06-04
geneticliteracyproject.org	10187	2026-03-20
geo.tv	155609	2026-09-13
geograph.org.uk	6215	2024-07-13
georgeherald.com	32647	2026-09-13
georgiatoday.ge	15763	2026-09-11
geosuper.tv	35357	2026-09-13
getreading.co.uk	50971	2024-05-03
getreligion.org	6582	2024-02-02
getsurrey.co.uk	89843	2026-09-13
gettysburgtimes.com	31675	2026-09-12
ggrasia.com	7764	2026-06-29
ghanafa.org	6804	2026-09-13
ghanaiantimes.com.gh	43065	2026-09-12
ghanamma.com	123031	2026-09-12
ghananewsagency.org	7849	2020-05-06
ghanavisions.com	24639	2026-09-11
ghanaweb.com	247740	2026-03-03
ghettoradio.co.ke	9975	2026-09-13
giants.com	7583	2026-09-12
gigulate.com	36126	2026-05-21
gigwise.com	5725	2026-09-10
gillettenewsrecord.com	39686	2026-09-12
gilmermirror.com	24728	2026-09-12
giornaledibrescia.it	8277	2026-04-11
girlslife.com	6639	2026-09-12
gisborneherald.co.nz	15364	2025-02-04
gisuser.com	10468	2026-09-13
github.com	10517	2026-09-13
gizbot.com	5744	2026-07-23
gizchina.com	41259	2026-09-13
gizmochina.com	11012	2026-03-19
gizmodo.co.uk	9499	2020-09-09
gizmodo.com	56842	2026-09-13
gizmodo.com.au	32551	2024-07-11
gjsentinel.com	107656	2026-09-13
gladstoneobserver.com.au	52613	2021-06-23
glamour.com	14903	2026-09-12
glamsham.com	61978	2026-09-12
glasgowtimes.co.uk	194060	2026-09-13
glasgowworld.com	9356	2025-01-23
glassonweb.com	9098	2026-09-12
gleninnesexaminer.com.au	47496	2026-09-13
glidemagazine.com	8603	2026-09-12
globalbankingandfinance.com	7320	2026-08-24
globalcapital.com	15451	2025-10-20
globalcement.com	8179	2026-09-10
globalissues.org	10197	2026-09-13
globalnews.ca	152838	2026-09-13
globalsecurity.org	147103	2026-09-13
globalsistersreport.org	6092	2026-09-12
globaltimes.cn	59203	2026-09-13
globalvoices.org	7089	2026-09-11
globegazette.com	55367	2026-09-11
globenewswire.com	285961	2025-11-14
globes.co.il	15788	2026-09-10
gloucesteradvocate.com.au	61297	2026-09-13
gloucestershirelive.co.uk	11049	2026-05-13
gloucestertimes.com	34522	2026-09-13
gmanetwork.com	22387	2026-07-19
gmatclub.com	29293	2025-11-20
gmauthority.com	17532	2025-11-18
gmenhq.com	6594	2026-09-12
gna.org.gh	11444	2026-02-22
gnnliberia.com	14135	2026-09-13
go.com	359868	2026-02-10
go955.com	17481	2024-10-08
goal.com	111252	2026-03-19
gobankingrates.com	23055	2026-09-10
gocomics.com	23592	2025-08-13
gocountry105.com	10987	2026-09-11
godanriver.com	49572	2026-09-13
goderichsignalstar.com	23200	2026-09-12
goerie.com	15023	2023-09-11
goldcoastbulletin.com.au	141462	2024-07-30
goldderby.com	20546	2026-09-13
goldseiten.de	22114	2026-03-23
golocalprov.com	16443	2026-07-21
goodereader.com	5490	2026-09-11
goodhousekeeping.com	18603	2026-09-13
goodmenproject.com	69387	2025-01-23
gopusa.com	16072	2025-01-21
gosanangelo.com	5421	2023-09-11
goshennews.com	83630	2026-09-13
goskagit.com	267969	2026-09-13
goss.ie	42399	2026-09-13
gossipcop.com	5937	2021-09-01
gothamist.com	22740	2026-09-13
goulburnpost.com.au	96390	2026-09-13
goupstate.com	13769	2026-05-17
gov.uk	110997	2026-09-11
govconwire.com	8810	2026-09-11
governing.com	13986	2026-09-12
governorswindenergycoalition.org	7067	2026-09-10
govexec.com	12438	2026-09-11
govinfosecurity.com	16169	2026-09-11
govtech.com	21076	2026-09-13
gowatertown.net	27490	2026-09-11
gpb.org	15025	2026-09-12
gponline.com	5504	2026-07-02
gq-magazine.co.uk	12713	2026-09-13
gq.co.za	5456	2026-09-13
gq.com	12977	2026-09-12
gqindia.com	9838	2026-09-13
grainews.ca	6978	2025-05-22
grandforksgazette.ca	29461	2026-09-13
grandforksherald.com	73995	2026-09-13
grandhaventribune.com	18720	2026-09-12
grandprix.com	9750	2026-09-13
grandprix247.com	19841	2026-09-13
grandrapidsmn.com	32253	2026-09-13
granthamjournal.co.uk	6444	2023-12-04
graphic.com.gh	62075	2026-09-13
gratefulweb.com	24646	2026-09-12
graziadaily.co.uk	5049	2026-02-03
grbj.com	6001	2023-04-15
greanvillepost.com	9170	2026-09-11
great98.net	10150	2022-09-19
greatbendpost.com	35605	2026-09-13
greaterbelize.com	6399	2026-09-12
greatfallstribune.com	6218	2023-09-08
greatlakesadvocate.com.au	61022	2026-09-13
greekcitytimes.com	18898	2026-03-10
greekherald.com	63544	2026-09-13
greekreporter.com	30344	2026-06-07
greeleytribune.com	37796	2026-09-13
greenbaypressgazette.com	11617	2023-09-11
greencarcongress.com	11692	2024-07-30
greenevillesun.com	20291	2026-09-12
greenfieldreporter.com	43235	2025-05-15
greenleft.org.au	8174	2026-09-09
greenocktelegraph.co.uk	129329	2026-09-13
greensboro.com	56406	2026-09-13
greensburgdailynews.com	40166	2026-09-09
greenvilleonline.com	6965	2023-09-11
greenwichfreepress.com	7109	2026-09-12
greenwichtime.com	135194	2025-06-12
grenadachronicle.com	18596	2026-09-13
grenfellrecord.com.au	26164	2026-09-09
grimsbytelegraph.co.uk	78115	2026-09-13
grmdaily.com	11485	2026-06-28
groove993.com	11369	2026-06-19
ground.news	19048	2025-01-25
groundup.org.za	8722	2026-09-11
gsmarena.com	43734	2026-09-13
guampdn.com	51945	2026-09-13
guardian-series.co.uk	98323	2026-09-13
guardian.co.tt	48363	2026-09-13
guardian.ng	78980	2026-04-05
guelphmercury.com	10156	2026-09-13
guernicamag.com	7443	2026-07-15
guernseypress.com	80239	2026-09-13
guitarworld.com	17174	2026-09-13
gulf-times.com	55694	2026-09-13
gulf104.com	21713	2026-09-13
gulfbusiness.com	19994	2026-04-03
gulfcoastmedia.com	8088	2026-09-13
gulfcoastnewsnow.com	25839	2026-09-13
gulfnews.com	196881	2026-09-13
gulftoday.ae	52129	2026-03-19
gulte.com	41567	2026-09-13
gurlstudio.com	5527	2023-02-20
gurufocus.com	19152	2026-07-11
guyanachronicle.com	6750	2020-07-23
gvnews.com	8948	2026-09-13
gwdtoday.com	125393	2025-11-04
gwhatchet.com	8724	2026-09-12
gwinnettdailypost.com	84623	2026-09-11
gx94radio.com	26845	2026-09-13
gympietimes.com.au	53769	2021-04-28
haaretz.com	65322	2026-09-13
haberler.com	9534	2026-08-25
haberx.com	6873	2025-09-08
habseyesontheprize.com	6618	2026-09-12
hackaday.com	11258	2026-09-13
hackneygazette.co.uk	30186	2026-09-13
haitilibre.com	10103	2026-09-12
haitisun.com	50311	2026-09-13
halesowennews.co.uk	142337	2026-09-13
halfwheel.com	11544	2026-09-12
halifax.citynews.ca	6698	2025-10-14
halifaxcourier.co.uk	18225	2025-01-23
haligonia.ca	5454	2026-09-11
hallmarknews.com	16391	2026-09-13
halsteadgazette.co.uk	125266	2026-09-13
hamhigh.co.uk	56516	2026-09-13
hamlethub.com	14689	2026-09-06
hamodia.com	8109	2023-02-02
hampshirechronicle.co.uk	149437	2026-09-13
hampshirereview.com	7550	2026-09-09
hancinema.net	58369	2026-09-13
hanfordsentinel.com	25753	2026-09-13
hani.co.kr	12048	2026-09-13
hannaherald.com	8920	2026-09-12
hannibal.net	11481	2026-09-13
hannity.com	16708	2026-08-05
hapakenya.com	9254	2026-09-11
hapblog.com	8337	2025-05-22
harboroughmail.co.uk	11120	2025-01-23
hardcoregamer.com	13364	2026-09-12
hardenexpress.com.au	48061	2026-09-13
hardwoodparoxysm.com	9005	2026-09-02
harnesslink.com	28237	2026-09-13
harpersbazaar.com	25198	2026-09-12
harringayonline.com	47315	2026-09-12
harrisondaily.com	22294	2026-09-13
harrogate-news.co.uk	6241	2026-09-12
harrogateadvertiser.co.uk	15619	2025-01-23
harrowtimes.co.uk	95868	2026-09-13
hartenergy.com	8026	2025-09-18
hartfordbusiness.com	21197	2026-09-11
hartfordcitynewstimes.com	37118	2026-09-10
hartlepoolmail.co.uk	13236	2025-01-23
harvard.edu	14349	2026-09-11
harwichandmanningtreestandard.co.uk	128485	2026-09-13
hauraki.co.nz	9266	2026-09-08
havanatimes.org	6976	2026-09-13
havasunews.com	37254	2026-09-13
havredailynews.com	12009	2026-07-19
hawaii.edu	8785	2026-09-12
hawaiinewsnow.com	43879	2026-09-13
hawaiipublicradio.org	26726	2026-09-12
hawaiitelegraph.com	124586	2026-09-13
hawaiitribune-herald.com	19326	2026-09-13
hawkesburygazette.com.au	56749	2025-07-28
hayspost.com	33364	2026-09-13
hazard-herald.com	28177	2026-09-12
hcamag.com	10426	2026-09-12
hccommunityjournal.com	9824	2026-09-13
hcplive.com	11811	2026-03-27
hd983.com	16151	2026-07-03
hdnews.net	6728	2026-09-01
headlineplanet.com	8740	2026-09-13
healio.com	39308	2026-09-13
health.com	6689	2026-03-17
healthcanal.com	7276	2025-02-04
healthcaredive.com	7920	2026-09-13
healthcarefinancenews.com	5465	2026-06-03
healthcareitnews.com	14929	2026-06-04
healthday.com	6700	2026-09-11
healthleadersmedia.com	15931	2026-06-30
heart.co.uk	21230	2026-09-11
heartfm.ca	13764	2026-09-11
heaven1460.com	9105	2026-08-18
heavy.com	23260	2026-06-18
hedgeweek.com	6175	2026-05-20
helenair.com	64178	2026-09-13
helihub.com	5597	2024-07-26
hellenicshippingnews.com	162268	2026-09-11
hellobeautiful.com	5503	2026-09-13
hellomagazine.com	108373	2026-09-13
helsinkitimes.fi	6538	2026-09-13
hemeltoday.co.uk	10711	2025-01-23
hendersondispatch.com	16079	2026-09-12
hendersonvillelightning.com	6405	2026-09-13
henleystandard.co.uk	11106	2026-09-13
henricocitizen.com	6337	2026-09-12
henryherald.com	63908	2026-09-09
hepburnadvocate.com.au	49662	2026-09-13
her.ie	53028	2026-06-26
herald-citizen.com	11681	2026-09-13
herald-dispatch.com	53750	2026-09-13
herald-review.com	67877	2026-09-12
herald-zeitung.com	14505	2026-09-12
herald.co.zw	61471	2025-01-23
heraldandnews.com	23096	2026-09-12
heraldbanner.com	8835	2026-09-11
heraldbulletin.com	61551	2026-09-13
heraldcourier.com	40961	2026-09-13
heralddemocrat.com	9160	2026-09-10
heraldextra.com	19767	2026-09-13
heraldglobe.com	155635	2026-09-13
heraldgoa.in	15690	2026-09-13
heraldlive.co.za	30798	2025-01-25
heraldmailmedia.com	43614	2023-09-11
heraldmalaysia.com	22801	2026-03-11
heraldnet.com	18517	2026-09-13
heraldnews.com	11208	2023-09-11
heraldpalladium.com	36669	2026-09-13
heraldscotland.com	149088	2026-09-13
heraldseries.co.uk	135862	2026-09-13
heraldstandard.com	20111	2026-09-12
heraldstaronline.com	21016	2026-09-12
heraldsun.com.au	122647	2024-07-31
heraldtribune.com	22337	2023-09-11
herefordtimes.com	68614	2026-09-13
heritage.org	39651	2026-09-11
heritagefl.com	10186	2026-09-10
hermistonherald.com	7677	2026-09-12
hertfordshiremercury.co.uk	22775	2025-11-04
hertsad.co.uk	39579	2026-09-13
hexham-courant.co.uk	130681	2026-09-13
hexus.net	6999	2025-02-25
hiawathaworldonline.com	37475	2026-08-31
hickoryrecord.com	49272	2026-09-13
hiddenremote.com	6550	2026-09-12
highlandcountypress.com	24801	2026-09-13
highlandradio.com	54621	2026-09-13
highrivertimes.com	9129	2026-09-12
highschoolot.com	5769	2026-09-11
highsnobiety.com	22070	2026-09-12
highway989.com	9765	2026-09-09
hillingdontimes.co.uk	121380	2026-09-13
hillsdale.net	5253	2023-09-11
hilltimes.com	8352	2026-09-13
hindi.cri.cn	10761	2026-09-13
hindustantimes.com	526828	2026-09-13
hiphopdx.com	39549	2026-05-18
hiphopnc.com	12110	2026-09-12
hiphopwired.com	11981	2026-09-12
hirunews.lk	7226	2026-03-05
history.com	12421	2026-09-12
historyextra.com	5374	2026-09-11
hitc.com	92268	2026-09-13
hitconsultant.net	9487	2026-09-11
hits1053sanantonio.com	6981	2026-09-11
hits96.com	18325	2026-09-11
hits973.com	10007	2026-09-11
hitsfm.net	45031	2026-09-11
hjnews.com	24685	2026-09-12
hltv.org	128348	2025-08-12
hngn.com	51996	2026-09-13
hngnews.com	44448	2026-09-13
hoganstand.com	26701	2026-09-13
hogshaven.com	10009	2026-09-13
hola.com	24537	2026-09-12
hollandsentinel.com	16685	2023-09-10
hollywoodlife.com	31576	2026-08-05
hollywoodreporter.com	72006	2026-09-13
homelandsecuritynewswire.com	9392	2026-09-12
homenewshere.com	66462	2026-09-12
homernews.com	5258	2026-09-12
hometownregister.com	116837	2026-09-13
hometownsource.com	77171	2026-09-13
hometownstation.com	24379	2026-09-13
hometownstations.com	72327	2026-09-13
hongkongherald.com	47948	2026-09-13
honisoit.com	6630	2026-09-13
honolulumagazine.com	9700	2026-09-13
hoodline.com	5815	2025-01-23
hopestandard.com	38926	2026-09-13
horseandhound.co.uk	18773	2026-09-12
hortweek.com	23116	2026-07-02
hospitalitydesign.com	5914	2026-08-17
hospitalitynet.org	56909	2026-06-29
hot101.com	10755	2026-09-13
hot1017.com	6653	2025-01-24
hot1029.com	15231	2026-09-10
hot1033.com	9501	2026-09-13
hot1047.com	28557	2026-09-12
hot105fm.com	7157	2026-09-12
hot1077radio.com	9086	2026-09-12
hot96.com	35408	2026-09-13
hot967.fm	5584	2023-03-17
hot967fm.com	26820	2026-09-11
hot969boston.com	25479	2026-09-13
hot97.com	17514	2026-09-12
hot975fm.com	16995	2026-09-12
hotair.com	92922	2026-09-13
hotaugusta.com	15270	2026-09-13
hotcountrybull.com	7573	2024-01-26
hoteliermiddleeast.com	7467	2023-03-21
hotelnewsresource.com	11352	2026-09-13
hotelscombined.com	6001	2026-09-08
hothardware.com	11848	2026-09-12
hotpress.com	16319	2026-09-13
hotspotatl.com	11151	2026-09-13
houmatoday.com	11760	2023-09-11
houseandgarden.co.uk	6453	2026-09-11
housebeautiful.com	11591	2026-09-12
housingwire.com	16823	2026-09-13
houstonchronicle.com	122357	2025-07-23
houstonherald.com	13254	2026-09-13
houstoniamag.com	5741	2026-09-12
houstonianonline.com	8925	2026-09-03
houstonpress.com	7866	2026-09-12
houstonpublicmedia.org	29989	2026-09-13
houstontexans.com	5327	2026-09-12
howestreet.com	11006	2026-08-18
howstuffworks.com	14191	2026-04-20
howtogeek.com	31445	2026-09-13
hpcwire.com	13520	2026-08-24
hpherald.com	5679	2026-09-11
hpj.com	14767	2026-09-12
hppr.org	50544	2026-09-13
hpr2.org	8519	2021-06-02
hrmagazine.co.uk	19243	2026-05-29
hrreporter.com	6845	2026-09-11
hrw.org	12058	2026-09-11
hsj.co.uk	13651	2025-09-05
htrnews.com	10229	2023-09-11
htsstlucia.org	6329	2026-09-11
htxt.co.za	12254	2026-09-12
hub-4.com	6317	2026-09-13
hubcityradio.com	7996	2026-09-11
hubspot.com	7740	2026-09-10
hucknalldispatch.co.uk	11608	2025-01-23
hudsoncountyview.com	10733	2026-09-12
hudsonreporter.com	7874	2026-04-24
hudsonstarobserver.com	6232	2026-09-12
hudsonvalley360.com	28171	2024-04-23
hudsonvalleycountry.com	44303	2026-09-13
huewire.com	25119	2026-09-03
huffingtonpost.ca	6676	2021-03-09
huffingtonpost.co.uk	41671	2026-09-13
huffpost.com	59785	2026-08-17
hulldailymail.co.uk	102771	2026-09-13
human-wrongs-watch.net	5228	2026-03-01
humanevents.com	9426	2026-09-13
humanitariannews.org	105823	2021-09-28
humanresourcesonline.net	8047	2026-09-11
humboldtjournal.ca	32771	2021-07-29
hungarytoday.hu	25072	2026-09-13
huntspost.co.uk	40352	2026-09-13
hup.hu	6525	2026-09-12
hurriyetdailynews.com	45851	2026-09-13
huskeradio.com	11885	2026-09-02
huskerstoday.com	7252	2026-09-06
hutchnews.com	11848	2023-09-10
hydrocarbonprocessing.com	13842	2026-09-11
hypebeast.com	63481	2026-02-15
hypebot.com	13101	2026-09-11
hyperallergic.com	10339	2026-09-12
i1071.com	8884	2021-04-30
i24news.tv	28085	2026-09-13
i95rock.com	15932	2026-09-12
i95rocks.com	19492	2026-09-11
iafrica.com	22513	2026-09-12
iam-media.com	5328	2026-03-21
ianslive.in	305845	2026-09-13
ibcworldnews.com	25566	2026-09-12
iberianet.com	8444	2022-06-22
iberkshires.com	37277	2026-09-13
iberonews.com	6213	2026-09-12
ibinews.com	10505	2025-09-04
ibj.com	7870	2026-09-10
ibtimes.co.in	58832	2026-09-13
ibtimes.co.uk	77721	2026-09-13
ibtimes.com	194726	2026-09-12
ibtimes.com.au	33394	2026-09-13
ibtimes.sg	7279	2026-03-16
icaew.com	8222	2026-09-13
icenews.is	9969	2026-09-12
iconnect007.com	14962	2026-06-11
icsf.net	13360	2026-09-11
idahobusinessreview.com	7707	2026-06-04
idahopress.com	80316	2026-09-13
idahostatejournal.com	94806	2026-09-13
idahostatesman.com	5302	2024-07-30
ideastream.org	19829	2026-09-12
idg.com.au	6314	2023-02-14
idiva.com	19700	2026-09-12
idrw.org	67473	2026-09-13
idsnews.com	12858	2026-09-12
ieyenews.com	17503	2026-03-17
ifa.com.au	6640	2026-06-25
ifamagazine.com	11527	2026-01-16
ifiberone.com	57438	2023-02-15
ifp.co.in	18205	2026-08-31
igamingbusiness.com	15421	2026-09-12
igberetvnews.com	7537	2025-11-26
ign.com	82933	2026-09-13
iheart.com	15409776	2026-09-13
ijpr.org	33305	2026-09-13
ijr.com	5157	2026-03-19
ilfordrecorder.co.uk	29968	2026-09-13
illawarramercury.com.au	101342	2026-09-13
illinoistimes.com	9624	2026-09-12
ilonggotechblog.com	9762	2026-09-05
ilovebobfm.com	10099	2026-09-13
iloveqatar.net	6388	2025-11-27
imemc.org	10469	2026-09-13
imore.com	27836	2025-05-23
imparcialoaxaca.mx	5071	2026-04-01
impartialreporter.com	120538	2026-09-13
imt.ie	5974	2026-09-12
in-cumbria.com	15189	2026-09-13
in.gr	6931	2026-09-12
inc.com	5320	2025-08-22
inc42.com	11305	2024-02-02
indaily.com.au	8422	2025-01-20
indcatholicnews.com	9524	2026-09-13
inddist.com	9485	2025-10-03
indeonline.com	8553	2023-09-11
independantexpress.com	14258	2026-02-17
independent.co.uk	264995	2026-09-13
independent.com	18007	2026-09-13
independent.com.mt	25070	2026-09-06
independent.ie	289738	2026-05-19
independentnews.com	25176	2026-09-12
independentsentinel.com	45911	2026-06-10
independenttribune.com	46479	2026-09-12
india.com	282169	2026-02-23
indiablooms.com	36189	2026-09-13
indiaeducationdiary.in	58427	2026-09-13
indiagazette.com	270055	2026-09-13
indiainfoline.com	12059	2026-09-11
indianagazette.com	5626	2026-03-19
indianapolisrecorder.com	5862	2026-04-02
indianautosblog.com	9032	2026-07-13
indiancooperative.com	14831	2026-09-12
indianewengland.com	28069	2026-09-13
indianexpress.com	484102	2026-07-31
indiankanoon.org	74204	2026-09-13
indiantelevision.com	24132	2025-01-23
indianweekender.co.nz	14767	2026-09-13
indiapost.com	10680	2026-09-13
indiatimes.com	2692735	2026-09-13
indiatoday.in	181286	2026-06-29
indiatvnews.com	127245	2026-07-15
indiawest.com	25524	2026-06-22
indiedb.com	15816	2025-11-16
indiewire.com	16776	2026-09-13
indonesiatribune.com	16882	2026-09-12
industrialinfo.com	10217	2026-09-11
industrytoday.co.uk	5784	2024-08-30
indysmix.com	10826	2026-09-13
indystar.com	25111	2023-09-11
indyweek.com	5238	2026-02-12
inews.co.uk	6841	2026-08-19
inewsgr.com	13445	2026-09-13
inferse.com	6299	2026-09-05
infiniteunknown.net	11693	2025-04-11
infonews.co.nz	8699	2026-09-13
inform.kz	15122	2023-09-17
informationng.com	37611	2026-09-13
informationweek.com	6947	2026-09-12
inforum.com	97938	2026-09-13
infosecurity-magazine.com	11892	2026-09-11
infotechlead.com	6947	2026-09-13
infotel.ca	204502	2026-05-01
infowars.com	37273	2025-06-05
infoworld.com	9598	2026-09-11
inlander.com	12998	2026-09-11
inlandnewstoday.com	17504	2026-09-12
inman.com	20720	2026-07-07
inmaricopa.com	9269	2026-09-13
innovationintextiles.com	5701	2026-09-11
innovationtoronto.com	12603	2025-07-14
inquirer.com	79708	2026-09-13
inquirer.net	248296	2026-09-09
inquisitr.com	72061	2025-05-14
insidebitcoins.com	25606	2026-09-13
insideclimatenews.org	5881	2026-06-23
insideedition.com	15008	2025-09-11
insideevs.com	27778	2026-09-12
insidefutbol.com	17816	2026-09-13
insidefutures.com	7921	2020-12-29
insidehalton.com	13737	2026-09-12
insidehighered.com	9322	2026-05-12
insideindianabusiness.com	21719	2026-09-12
insidelacrosse.com	6347	2024-12-01
insidenova.com	69227	2026-09-13
insideottawavalley.com	9189	2026-09-13
insidepulse.com	7004	2026-09-12
insider.com	15591	2024-01-08
insideretail.asia	9054	2026-09-11
insidermedia.com	8897	2025-01-23
insidermonkey.com	175850	2026-09-13
insidethegames.biz	24663	2024-09-13
insidetheiggles.com	7401	2026-09-13
insightnews.com	6639	2026-09-10
instinctmagazine.com	5468	2026-09-13
institutionalinvestor.com	6333	2025-12-11
instyle.com	18917	2026-03-17
insuranceage.co.uk	7951	2026-09-11
insurancebusinessmag.com	31476	2026-09-11
insuranceinsider.com	7699	2026-09-08
insurancejournal.com	73038	2026-09-13
insurancenewsnet.com	70667	2026-06-04
integra927.com	5224	2024-06-03
intelligencer.ca	52147	2026-09-13
intelligentinsurer.com	11920	2026-09-10
interest.co.nz	14766	2026-09-13
interestingengineering.com	6703	2026-03-19
interfax.com	40978	2026-03-19
interfax.com.ua	62654	2026-09-12
intergameonline.com	15693	2026-05-17
interior-news.com	28359	2026-09-13
interlochenpublicradio.org	36189	2026-09-13
international-adviser.com	8001	2026-09-11
internationaltimes.it	5981	2026-09-13
intouchweekly.com	14338	2026-09-13
intrafish.com	14957	2026-09-11
inverelltimes.com.au	55701	2026-09-13
inverness-courier.co.uk	80316	2026-09-13
investegate.co.uk	556688	2026-09-12
investing.com	84818	2026-03-26
investinglive.com	16647	2026-09-12
investingnews.com	18665	2026-09-11
investmentexecutive.com	18662	2026-08-11
investmentnews.com	16775	2026-09-11
investmentwatchblog.com	56554	2026-09-13
investmentweek.co.uk	18110	2026-09-11
investopedia.com	18705	2026-03-17
investordaily.com.au	10101	2026-06-24
investorideas.com	8325	2026-09-11
investorplace.com	21606	2026-09-11
investors.com	46808	2026-09-13
investorschronicle.co.uk	12696	2026-09-07
invezz.com	37889	2025-09-23
inyourpocket.com	5334	2026-09-05
iol.co.za	227944	2025-01-23
iomtoday.co.im	27736	2026-09-13
iowapublicradio.org	50571	2026-09-13
iowastatedaily.com	6986	2026-09-12
ipe.com	9537	2025-09-04
ipolitics.ca	10831	2025-04-24
ipowerrichmond.com	13655	2026-09-13
ippmedia.com	8175	2025-02-26
ipsnews.net	18142	2026-09-11
ipswichadvertiser.com.au	21261	2020-06-29
ipswichstar.co.uk	94424	2026-09-13
ipwatchdog.com	9307	2026-09-11
iradio.ie	8851	2026-09-11
iranherald.com	70133	2026-09-13
iranoilgas.com	7082	2026-09-13
iraq-businessnews.com	6767	2026-09-13
iraqinews.com	11993	2026-09-13
iraqsun.com	83156	2026-09-13
irasciblemusings.com	20726	2024-01-20
irishamerica.com	6788	2026-07-27
irishcentral.com	19346	2026-09-13
irishdentist.ie	6916	2026-09-13
irishecho.com	5625	2026-09-12
irishexaminer.com	122745	2026-09-13
irishmirror.ie	176097	2026-09-13
irishnews.com	86124	2026-09-13
irishsun.com	49193	2026-09-13
irishtimes.com	224967	2026-09-13
ironmountaindailynews.com	25353	2026-09-12
irrawaddy.com	10690	2025-12-09
irrigator.com.au	53647	2026-09-13
irvinetimes.com	94090	2026-09-13
islamicinvitationturkey.com	12710	2026-09-13
island.lk	54091	2026-07-27
islandpacket.com	5017	2024-07-29
islands.com	24921	2026-09-13
islingtongazette.co.uk	29615	2026-09-13
islingtontribune.co.uk	6281	2026-09-11
ispreview.co.uk	5680	2026-09-13
israelherald.com	38135	2026-09-13
israelnationalnews.com	250426	2026-09-11
israeltoday.co.il	6119	2025-04-16
isthmus.com	15906	2026-09-13
it-online.co.za	83166	2026-09-12
italian.cri.cn	11604	2026-09-13
itbrief.co.nz	14252	2026-09-11
itbusinessnet.com	162961	2026-09-13
itechpost.com	18380	2026-09-11
itemlive.com	12746	2026-09-12
itemonline.com	17978	2026-09-12
ithaca.com	6414	2026-09-10
ithacajournal.com	5125	2023-09-11
itnews.com.au	11500	2026-09-10
itnewsafrica.com	10486	2026-08-31
itnewsonline.com	131433	2026-08-10
itnonline.com	8081	2026-09-11
itp.net	8530	2023-03-21
itpro.co.uk	9219	2023-04-11
itsnicethat.com	7917	2026-09-11
itv.com	100917	2025-06-02
itweb.co.za	14741	2026-09-11
itwire.com	23426	2026-09-11
ivpressonline.com	91653	2026-09-13
iwf.org	6281	2025-09-09
iwradio.co.uk	54404	2026-09-12
j-14.com	5231	2025-08-11
jacarandafm.com	48273	2026-09-13
jacksonprogress-argus.com	67494	2026-09-13
jacksonsun.com	6477	2023-09-11
jacksonville.com	16128	2023-09-11
jacksonvilleprogress.com	10855	2026-09-12
jagonews24.com	28631	2026-04-15
jagranjosh.com	84116	2026-09-13
jaguars.com	7057	2026-09-12
jalopnik.com	26453	2026-09-13
jamaica-gleaner.com	92866	2026-09-13
jamaica-star.com	40937	2026-09-11
jamaicantimes.com	41528	2026-09-13
jamaicaobserver.com	222800	2026-09-13
jambands.com	7176	2026-09-11
jambase.com	11492	2025-12-12
jamestown.org	5213	2026-09-11
jamestownsun.com	52878	2026-09-12
janes.com	20543	2026-09-02
japanherald.com	68728	2026-09-13
japantimes.co.jp	118956	2026-09-12
japantoday.com	73712	2026-09-13
jaxdailyrecord.com	8843	2024-01-03
jaysjournal.com	5294	2026-09-12
jayski.com	6195	2025-01-18
jbhe.com	9444	2026-09-12
jckonline.com	8291	2026-09-11
jcnnewswire.com	17010	2026-09-12
jconline.com	6301	2023-09-10
jcpost.com	28005	2026-09-13
jdnews.com	13034	2026-09-12
jdsupra.com	313287	2026-07-15
jeepforum.com	5241	2026-06-11
jerseyeveningpost.com	82800	2026-09-13
jewishjournal.com	10648	2023-03-03
jewishlink.news	5362	2023-06-17
jewishpress.com	42128	2026-09-11
jewishtimes.com	5298	2026-09-11
jewishworldreview.com	8691	2026-09-11
jezebel.com	10332	2026-09-12
jg-tc.com	57170	2026-09-11
jhnewsandguide.com	18097	2026-09-13
jhu.edu	18665	2026-09-13
jns.org	33435	2026-09-13
joblo.com	39802	2026-07-30
joe.co.uk	22824	2026-04-16
joe.ie	23908	2026-04-15
johnogroat-journal.co.uk	46801	2026-09-13
johnsoncitypress.com	21521	2025-12-16
jonathanturley.org	7713	2026-09-12
joplinglobe.com	90213	2026-09-13
jordantimes.com	57732	2026-09-13
jose947.com	15323	2025-03-13
journal-advocate.com	31096	2026-09-13
journal-news.com	39116	2026-09-13
journal-news.net	28224	2026-09-12
journal-spectator.com	9839	2025-11-25
journal-topics.com	8852	2026-09-12
journal.com.ph	15133	2026-09-13
journalgazette.net	79331	2026-09-13
journalinquirer.com	22390	2023-06-03
journalism.co.uk	5503	2026-09-10
journalismpakistan.com	7354	2026-09-12
journalnow.com	73550	2026-09-12
journalpatriot.com	10423	2026-09-13
journalpioneer.com	22877	2020-11-11
journalrecord.com	37118	2026-06-03
journalreview.com	11135	2026-09-12
journalstandard.com	5432	2023-09-10
journalstar.com	111548	2026-09-13
journaltimes.com	69643	2026-09-12
jowhar.com	8272	2026-09-13
jox2fm.com	41278	2025-07-23
joxfm.com	19603	2026-09-13
joy.org.au	12202	2026-09-13
jpost.com	178978	2026-09-13
jsonline.com	32169	2023-09-11
jta.org	11234	2025-05-12
jtv.com	50639	2026-09-08
jumpradio.ca	7574	2026-08-31
juneauempire.com	8156	2026-09-12
juneesoutherncross.com.au	106287	2026-09-13
juniorminingnetwork.com	21323	2026-09-12
junkee.com	6676	2026-02-19
jurist.org	6889	2026-03-19
just-auto.com	11434	2026-09-11
just-drinks.com	7737	2026-09-11
just-food.com	9051	2026-09-11
just-style.com	9289	2026-09-11
justarsenal.com	18050	2026-09-13
justblogbaby.com	5954	2026-09-13
justice.gov	5015	2025-11-26
justiceinfo.net	9779	2026-09-12
justicenewsflash.com	7822	2026-07-14
justjared.com	611953	2026-09-13
justjaredjr.com	121468	2026-09-13
justmeans.com	17128	2023-01-06
justsecurity.org	5636	2026-09-13
juxtapoz.com	6197	2026-05-13
jweekly.com	11429	2026-09-11
jwire.com.au	13920	2026-09-10
k100country.com	5893	2026-09-13
k101fm.net	41439	2026-04-22
k1047.com	23858	2026-09-13
k105.com	12302	2026-08-31
k12.wi.us	18160	2026-09-10
k2radio.com	26521	2026-09-12
k923orlando.com	9212	2026-09-12
k945.com	38603	2026-09-11
k96fm.com	17555	2026-09-13
k985.com	5843	2020-12-09
k99.com	22619	2026-09-12
k99online.com	6541	2026-01-28
k99wigm.com	8285	2026-09-11
kaaltv.com	75975	2026-03-17
kabc.com	30321	2026-09-13
kachwanya.com	7097	2026-09-10
kacu.org	57137	2026-09-13
kafe.com	5775	2026-09-11
kagstv.com	38121	2026-06-06
kaieteurnewsonline.com	32121	2026-09-12
kait8.com	35026	2026-09-13
kajo.com	5841	2026-09-10
kake.com	51786	2026-09-13
kalb.com	17825	2026-09-13
kalw.org	49203	2026-09-13
kamcity.com	15232	2025-11-18
kamloopsbcnow.com	12450	2026-09-13
kamloopsthisweek.com	20035	2023-10-27
kansascity.com	5375	2024-07-30
kansaspublicradio.org	24197	2026-09-13
kanw.com	37966	2025-07-07
kaok.com	41979	2026-09-13
kare11.com	62042	2026-06-25
karennews.org	7338	2026-09-05
karriere.at	11037	2024-03-25
kashmirlife.net	43405	2026-09-13
kashmirreader.com	51138	2026-09-13
kashmirtimes.com	19710	2026-09-12
kashmirtimes.in	16699	2025-04-18
kasu.org	96285	2026-09-13
katc.com	47394	2026-09-01
katcountry989.com	44882	2026-09-11
katherinetimes.com.au	64093	2026-09-13
kathmandupost.com	28793	2026-09-13
katm.com	6295	2026-09-13
katsfm.com	43623	2026-09-12
katt.com	9431	2026-09-12
katu.com	44402	2026-09-13
katv.com	36549	2026-09-13
kawc.org	64046	2026-09-13
kawowo.com	7506	2026-09-13
kazu.org	68367	2026-09-13
kbat.com	28013	2026-09-12
kbcy.com	5541	2026-09-13
kber.com	8845	2026-09-13
kbew98country.com	5134	2026-09-13
kbft.org	7864	2026-09-13
kbhbradio.com	8708	2025-01-23
kbia.org	38087	2026-09-13
kbnd.com	7603	2026-09-11
kbnwnews.com	5551	2026-09-02
kboo.fm	6926	2026-09-12
kbrx.com	7763	2026-09-09
kbs.co.kr	65709	2026-09-13
kbtt.fm	20149	2026-08-31
kbtx.com	28606	2026-09-13
kbull93.com	13417	2022-09-06
kbur.com	16654	2026-09-09
kbzk.com	39584	2026-09-13
kcbd.com	31064	2026-09-13
kcbx.org	32028	2026-09-12
kcby.com	35939	2026-09-13
kcchronicle.com	7039	2023-05-01
kcci.com	85387	2026-09-13
kccu.org	58755	2026-09-13
kcentv.com	51557	2026-06-06
kcet.org	7715	2023-09-25
kchanews.com	10736	2026-09-12
kciiradio.com	24166	2026-09-13
kclr96fm.com	8779	2026-09-13
kclu.org	47354	2026-09-12
kcra.com	113255	2026-09-13
kcrg.com	37438	2026-09-13
kcrr.com	26702	2026-09-12
kcrw.com	21945	2026-01-30
kctv5.com	42619	2026-09-13
kcur.org	16504	2026-09-12
kdal610.com	12741	2025-09-30
kdat.com	46003	2026-09-12
kdhlradio.com	59361	2026-09-12
kdhnews.com	90464	2026-09-13
kdks.fm	16609	2026-08-31
kdlg.org	17369	2025-01-27
kdminer.com	6646	2026-09-13
kdramastars.com	20670	2026-09-10
kdrv.com	30043	2026-09-13
kdux.com	9745	2026-09-04
kdvr.com	6504	2026-02-17
kdwn.com	7218	2022-11-12
keanradio.com	21145	2026-09-13
kearneyhub.com	50149	2026-09-12
kecofm.com	9026	2026-09-12
kedm.org	56951	2026-09-13
keighleynews.co.uk	133086	2026-09-13
kekbfm.com	33861	2026-09-13
kelo.com	82681	2026-09-13
kelofm.com	18063	2026-09-13
kelownacapnews.com	54493	2026-09-13
kelownadailycourier.ca	61503	2026-09-13
kenoraonline.com	7083	2025-08-25
kenoshanews.com	7298	2025-08-27
kens5.com	72133	2026-06-05
kentlive.news	5708	2026-07-02
kentonline.co.uk	96395	2026-09-13
kentuckynewera.com	34769	2026-09-13
kenw.org	43046	2026-09-13
kenyan-post.com	45420	2026-09-13
kenyans.co.ke	16332	2026-03-18
kenyastar.com	69112	2026-09-13
keprtv.com	25980	2026-06-05
keralakaumudi.com	6014	2026-09-03
keranews.org	25098	2026-09-12
kerrang.com	13551	2026-08-17
kesn1033.com	9325	2020-10-06
kesq.com	82264	2026-09-13
ketchikandailynews.com	6956	2026-09-12
ketr.org	48999	2026-09-13
ketv.com	80391	2026-09-13
kevinmd.com	18014	2026-05-27
keyc.com	19128	2026-09-12
keyj.com	20798	2026-09-12
keysnews.com	50391	2026-09-13
keyt.com	104769	2026-09-13
keyw.com	25292	2026-09-12
kezi.com	28198	2026-09-13
kezj.com	22247	2026-09-12
kfdi.com	10996	2026-01-28
kfdm.com	34696	2026-09-13
kffm.com	29740	2026-09-11
kfgo.com	73209	2026-09-13
kfilradio.com	62743	2026-09-12
kfiz.com	10852	2026-09-13
kfm.co.ug	8614	2026-04-20
kfm.co.za	9754	2024-01-15
kfmx.com	31499	2026-09-12
kfor.com	7646	2026-06-11
kfox95.com	28678	2026-09-12
kfoxtv.com	40365	2026-09-13
kfqd.com	6520	2026-09-13
kfru.com	38235	2026-09-13
kfrxfm.com	17293	2026-08-05
kfvs12.com	52144	2026-09-13
kfyo.com	19315	2026-09-12
kfyrtv.com	29535	2026-09-13
kgab.com	6496	2026-03-06
kggo.com	10486	2026-09-12
kgmi.com	7909	2024-01-16
kgmo.com	7190	2026-09-11
kgns.tv	23391	2026-09-12
kgoradio.com	26604	2022-10-06
kgou.org	67587	2026-09-13
kgw.com	58192	2026-09-11
khaama.com	22721	2026-09-13
khak.com	39586	2026-09-11
khaleejtimes.com	156192	2026-09-01
khaosodenglish.com	9434	2025-01-23
khay.com	5538	2026-09-13
khit1075.com	22149	2026-09-12
khits.com	51159	2026-09-02
khmertimeskh.com	29011	2025-07-08
khop.com	10508	2026-09-13
khou.com	72508	2026-06-06
khq.com	83401	2026-09-13
khqa.com	31913	2026-09-13
kicdam.com	7503	2024-07-31
kickam1530.com	24783	2026-09-12
kickoff.com	31759	2026-09-13
kicks105.com	20858	2026-09-12
kicks1063.com	11753	2026-09-13
kicks99.com	16211	2026-09-12
kickscountry.com	5007	2026-09-12
kicksonfire.com	45793	2026-06-01
kidderminstershuttle.co.uk	115161	2026-09-13
kiiitv.com	55653	2026-06-05
kiimfm.com	6251	2026-09-13
kikn.com	32722	2026-09-12
kilburntimes.co.uk	48974	2026-09-13
kildare-nationalist.ie	56334	2026-09-13
kilgorenewsherald.com	11852	2026-09-12
kilkennypeople.ie	58431	2026-05-14
kimatv.com	28907	2026-06-06
kimberleybulletin.com	29747	2026-09-13
kimt.com	58400	2026-09-13
kincardinenews.com	21695	2026-08-29
king5.com	67787	2026-06-05
kingdomfm.co.uk	18364	2025-01-03
kingfm.com	36033	2026-09-12
kingfut.com	10224	2026-09-12
kingstonthisweek.com	36695	2026-03-26
kinja.com	15310	2026-04-27
kink.fm	5478	2026-09-12
kinston.com	7663	2026-09-12
kion546.com	5562	2025-08-21
kios.org	47564	2026-08-15
kiow.com	15979	2026-09-13
kiplinger.com	15339	2026-09-13
kirksvilledailyexpress.com	8840	2026-09-13
kiro7.com	65382	2026-09-13
kism.com	9717	2026-09-11
kiss-1031.com	9224	2026-09-13
kiss951.com	30312	2026-09-13
kisscasper.com	25073	2026-09-12
kissfm969.com	25770	2026-09-12
kissrocks.com	8153	2026-09-13
kisswtlz.com	21921	2026-09-11
kitchener.citynews.ca	6837	2025-01-26
kitchener.ctvnews.ca	24550	2025-01-23
kitchenertoday.com	6824	2021-10-17
kitco.com	27744	2026-09-11
kitguru.net	21889	2026-09-13
kitsapsun.com	5916	2023-09-11
kitv.com	59577	2026-09-13
kivitv.com	7643	2026-03-19
kiwaradio.com	13900	2026-09-13
kiwiblog.co.nz	9142	2026-09-13
kix106.com	6037	2026-09-13
kix953.com	14885	2026-08-31
kix96.com	6014	2026-09-13
kixi.com	9320	2026-09-11
kixs.com	19506	2026-09-11
kixweb.com	7542	2026-08-31
kizn.com	6971	2026-09-13
kjas.com	11087	2026-09-13
kjct8.com	20966	2026-09-13
kjlhradio.com	6727	2026-09-11
kjmo.com	7596	2025-03-17
kjo1055.com	5505	2026-09-09
kjrh.com	18657	2026-09-12
kjzz.org	39653	2026-09-13
kkco11news.com	12301	2026-09-13
kkfm.com	13355	2026-09-13
kkgb.com	17884	2026-09-12
kkiq.com	16168	2026-09-11
kkoh.com	75542	2026-09-13
kkrv.com	14783	2026-09-03
kktv.com	25852	2026-09-13
kkyr.com	24785	2026-09-12
kkyx.com	7314	2026-09-11
klake.com	8869	2024-02-15
klaq.com	29223	2026-09-12
klaw.com	26612	2026-09-12
klcc.org	93930	2026-09-13
klce.com	5932	2024-08-29
klewtv.com	26166	2026-06-06
klif.com	79440	2026-09-13
klik1240.com	31383	2024-10-16
klin.com	15261	2026-09-13
klkl.fm	21081	2026-08-10
klkntv.com	37820	2026-09-13
klll.com	9008	2026-09-12
klove.com	5133	2026-09-13
klrc.com	5173	2026-09-11
kltv.com	34510	2026-09-13
klur.com	6168	2026-09-13
klyq.com	6235	2025-03-12
kmaj1440.com	110688	2026-09-12
kmaland.com	30047	2026-09-12
kmbc.com	80017	2026-09-13
kmch.com	12177	2026-09-12
kmfm.co.uk	8790	2026-09-13
kmhk.com	18602	2026-09-13
kmit.com	5154	2026-09-12
kmjnow.com	71042	2026-09-13
kmmo.com	22521	2026-09-11
kmmsam.com	12937	2026-09-11
kmov.com	18034	2023-12-04
kmuw.org	46658	2026-09-13
kmvt.com	18935	2026-09-13
kmxs.com	7566	2026-08-19
kmxt.org	18680	2026-09-13
knac.com	17904	2026-09-12
knau.org	42559	2026-09-13
knbr.com	14484	2025-05-22
knco.com	7410	2026-08-03
kneb.com	8538	2021-03-30
knek.com	20338	2026-09-13
kniakrls.com	48473	2026-04-10
knoe.com	31242	2026-09-13
knopnews2.com	23718	2026-09-13
knoxnews.com	11024	2023-09-11
knoxradio.com	13888	2026-09-12
knpr.org	71459	2026-09-13
knsiradio.com	19698	2026-09-11
knue.com	35692	2026-09-12
knzr.com	12841	2026-05-14
koaa.com	52179	2026-09-13
koamnewsnow.com	31086	2026-09-12
koat.com	64606	2026-09-13
kob.com	133124	2026-09-13
kobi5.com	25032	2026-09-13
koco.com	88756	2026-09-13
kodiakdailymirror.com	6732	2026-09-09
koel.com	25500	2026-09-13
kogt.com	7344	2026-09-13
koimoi.com	72412	2026-08-24
koka.am	21817	2026-09-09
kokomoperspective.com	42673	2023-11-03
kokomotribune.com	60307	2026-09-13
kold.com	42740	2026-09-13
kolotv.com	29899	2026-09-13
komando.com	10069	2026-09-13
komonews.com	37235	2026-09-13
komu.com	52447	2026-09-13
kono1011.com	9574	2026-09-12
kool1017.com	34604	2026-09-13
kool1079.com	30078	2026-09-12
kool965.com	18940	2026-09-12
kool973.com	5266	2026-08-26
kool98.com	7306	2026-09-11
koolam.com	11435	2026-09-13
koolfmabilene.com	20145	2026-09-13
kopsource.com	65646	2024-11-23
koreabizwire.com	47083	2026-02-12
koreabridge.net	5230	2026-09-13
koreaherald.com	136963	2026-09-13
korean.cri.cn	8908	2026-09-13
koreatimes.co.kr	121306	2026-09-13
koreatimesus.com	6498	2025-07-18
kosu.org	32665	2026-05-09
kotaku.com	19929	2026-09-12
kotaku.com.au	19084	2026-09-07
kotaradio.com	8946	2026-09-13
kotatv.com	22752	2026-09-13
kowb1290.com	14361	2026-09-11
koxe.com	13537	2026-09-11
koze.com	10135	2026-09-08
kpax.com	45905	2026-09-13
kpbs.org	52715	2026-09-13
kpcnews.com	67861	2026-09-12
kpcw.org	38975	2026-09-13
kpel965.com	36585	2026-09-13
kpfa.org	13800	2026-09-13
kphrfm.com	11970	2026-09-04
kpic.com	38803	2026-09-13
kpla.com	9397	2026-09-13
kplctv.com	39765	2026-09-13
kpopstarz.com	22733	2026-09-12
kpq.com	14971	2026-09-11
kprs.com	8794	2026-09-11
kptv.com	32490	2026-09-13
kpvi.com	56703	2026-09-12
kqky.com	10095	2026-04-28
kqvt.com	14694	2026-09-11
kqxy.com	10475	2026-09-13
krcgtv.com	39619	2026-09-13
krcoam.com	5925	2022-04-05
krcrtv.com	45772	2026-09-13
krcu.org	67812	2026-09-13
krdo.com	111255	2026-09-13
krem.com	51326	2026-06-26
krforadio.com	54191	2026-09-12
krgv.com	64609	2026-09-13
kristv.com	39133	2026-09-13
krmg.com	32699	2026-09-13
krmsradio.com	5742	2026-09-12
krna.com	28189	2026-09-13
krnb.com	15730	2026-09-13
krny.com	11595	2026-09-11
kroc.com	42220	2026-09-12
krock.com.au	7442	2026-09-13
krock1017fm.com	5079	2021-05-15
krocnews.com	15660	2026-09-12
krod.com	17623	2026-09-12
krqe.com	5338	2025-11-18
krro.com	26256	2026-09-13
krrq.com	20643	2026-09-13
krrvonline.com	13472	2026-09-11
krtv.com	35360	2026-09-13
krvn.com	7917	2021-02-12
krvs.org	25428	2026-09-12
krwg.org	53111	2026-09-13
ks95.com	15097	2026-09-11
ksal.com	11992	2026-09-13
ksam1017.com	7051	2026-09-13
ksat.com	166535	2026-09-13
ksbw.com	64447	2026-09-13
ksby.com	56105	2026-09-13
kscj.com	9012	2026-09-12
ksdk.com	66285	2026-06-06
ksenam.com	13965	2026-09-13
ksfa860.com	14485	2026-09-12
ksfr.org	6527	2026-09-13
ksgf.com	12566	2026-05-23
kshb.com	47093	2026-09-13
kshe95.com	10052	2026-09-11
ksisradio.com	18940	2026-09-12
ksjbam.com	6250	2026-09-05
ksks.com	10865	2026-09-13
ksl.com	141294	2026-09-13
ksla.com	34880	2026-09-13
kslx.com	7567	2026-09-11
ksmb.com	20173	2026-09-13
ksmu.org	90559	2026-09-13
ksnblocal4.com	19013	2026-09-13
ksnt.com	7165	2025-07-16
ksoo.com	5993	2021-08-01
kspr.com	11386	2020-07-08
ksro.com	23115	2025-09-15
kstp.com	59468	2026-03-19
ksusentinel.com	36224	2026-06-19
ksut.org	39117	2026-09-13
kswo.com	27862	2026-09-13
ksyl.com	28784	2026-08-28
ktar.com	56303	2026-06-03
ktbb.com	48903	2026-09-13
ktbs.com	100256	2026-09-13
ktcx.com	6218	2026-09-13
kten.com	51352	2026-09-13
ktep.org	42645	2026-09-13
ktgl.com	8620	2026-08-31
kticradio.com	7000	2021-05-28
ktik.com	8283	2026-09-13
ktiv.com	38191	2026-09-13
ktla.com	8210	2025-05-28
ktlo.com	37245	2026-08-18
ktnv.com	6090	2026-03-18
ktop1490.com	82794	2026-09-13
ktre.com	22749	2026-09-13
ktsa.com	19535	2026-09-11
kttn.com	17326	2025-11-10
ktts.com	11047	2025-11-23
ktucam.com	9209	2023-08-24
ktul.com	40864	2026-09-13
ktuu.com	8725	2020-07-16
ktvb.com	59027	2026-06-06
ktvh.com	31748	2026-09-13
ktvl.com	5914	2026-09-12
ktvo.com	29276	2026-09-13
ktvq.com	34037	2026-09-13
ktvu.com	66594	2026-09-13
ktvz.com	151624	2026-09-13
ktwb.com	8237	2026-09-10
ktxs.com	34547	2026-09-13
ku.edu	6748	2026-09-11
kuaf.com	48471	2026-09-13
kuam.com	24726	2026-04-30
kucb.org	8866	2026-09-11
kuenselonline.com	10191	2026-09-01
kuer.org	17287	2026-09-12
kugn.com	65466	2026-08-18
kuic.com	14937	2026-09-13
kulr8.com	69503	2026-09-13
kuna.net.kw	50048	2026-02-25
kunc.org	53499	2026-09-13
kunm.org	38935	2026-09-13
kunr.org	28079	2026-09-13
kuow.org	33006	2026-09-13
kurv.com	25521	2026-09-11
kusi.com	21626	2024-01-30
kut.org	13655	2026-09-11
kutx.org	5305	2026-09-13
kuvo.org	10276	2026-09-11
kuwaittimes.com	10873	2025-01-27
kuwaittimes.net	15352	2022-01-04
kuzz.com	6293	2026-09-13
kval.com	41619	2026-09-13
kvia.com	125094	2026-09-13
kvmr.org	8562	2026-09-13
kvnf.org	55884	2026-09-13
kvoa.com	48259	2026-09-13
kvoo.com	8055	2020-12-07
kvor.com	81284	2026-09-13
kvpionline.com	15874	2026-09-03
kvpr.org	36009	2026-09-13
kvrr.com	24924	2026-09-12
kvue.com	62654	2026-06-25
kw3.com	13803	2026-09-13
kwayradio.com	6749	2026-09-11
kwbu.org	78970	2026-09-13
kwcdcountry.com	11374	2026-09-12
kwch.com	29492	2026-09-12
kwhl.com	5404	2026-09-13
kwin.com	23207	2026-09-13
kwiq.com	8481	2026-08-26
kwit.org	75540	2026-09-13
kwqc.com	31717	2026-09-13
kwsn.com	22288	2026-09-13
kwtx.com	26799	2026-09-13
kwwl.com	6192	2026-03-17
kwxx.com	11542	2026-08-31
kx947.fm	6689	2026-09-13
kxel.com	62520	2026-09-11
kxii.com	17952	2026-09-12
kxkx.com	25294	2026-09-12
kxl.com	22576	2026-09-13
kxlf.com	38449	2026-09-13
kxlh.com	32237	2026-09-13
kxly.com	109221	2026-09-13
kxly920.com	17070	2026-09-13
kxrb.com	33334	2026-09-11
kxxv.com	53893	2026-09-13
kxzz1580am.com	8657	2022-01-03
ky3.com	53711	2026-09-13
kygl.com	22078	2026-09-12
kyis.com	10107	2026-09-13
kyivpost.com	67947	2026-09-13
kykz.com	5655	2026-09-13
kyma.com	59069	2026-09-13
kynt1450.com	14974	2026-09-13
kyodonews.net	22851	2026-09-09
kysdc.com	14213	2026-09-13
kyssfm.com	31742	2026-09-13
kyuk.org	27151	2026-09-13
kztv10.com	26627	2026-09-13
kzyx.org	48066	2026-09-13
labelsandlabeling.com	9341	2026-04-07
labmate-online.com	7410	2025-08-07
labusinessjournal.com	6273	2026-09-08
lacrossetribune.com	124136	2026-09-13
ladailypost.com	24734	2026-09-13
ladunliadinews.com	8588	2025-07-28
ladysmithchronicle.com	34539	2026-09-13
lagazzettadelmezzogiorno.it	8032	2026-08-25
lagrandeobserver.com	13388	2026-09-12
lagrangenews.com	6723	2026-08-29
lagunabeachindy.com	5077	2026-09-04
lahainanews.com	5399	2026-09-13
laineygossip.com	14260	2026-09-11
laist.com	39393	2026-09-13
lajollalight.com	5593	2024-06-12
lakeexpo.com	8208	2026-09-11
lakegenevanews.net	29875	2026-09-07
lakelandtimes.com	5124	2026-09-11
lakenewsonline.com	10998	2026-09-11
lakersnation.com	15980	2026-09-12
lakeshoreadvance.com	23403	2026-09-13
lakeshowlife.com	6270	2026-09-13
lamag.com	10506	2026-09-12
lancashiretelegraph.co.uk	217724	2026-09-13
lancasterfarming.com	10263	2026-09-12
lancasterguardian.co.uk	14852	2025-01-23
lancasteronline.com	98040	2026-09-13
lanereport.com	5162	2026-09-11
lankabusinessonline.com	5410	2026-09-13
lankanewspapers.com	6837	2026-09-13
lankaweb.com	16303	2026-09-12
lansingstatejournal.com	8274	2023-09-11
laois-nationalist.ie	57551	2026-09-13
laosnews.net	98015	2026-09-13
laprensalatina.com	37186	2026-05-11
laramieboomerang.com	5085	2021-02-04
larouchepub.com	5026	2026-09-09
lasentinel.net	12449	2025-08-23
lasvegassun.com	104378	2026-09-13
lasvegasweekly.com	7705	2026-09-13
latestly.com	108148	2025-01-27
latimes.com	186463	2026-09-13
latinamericanpost.com	11293	2026-09-11
latinfinance.com	12267	2026-09-08
latinnews.com	5453	2025-09-15
latinpost.com	19974	2026-09-10
latintimes.com	29666	2026-09-13
latpro.com	42075	2023-03-23
laughingplace.com	17864	2026-09-13
law360.com	149075	2026-09-12
lawandcrime.com	6285	2026-03-17
lawfuel.com	5489	2026-09-12
lawgazette.co.uk	18504	2025-09-05
lawofficer.com	10555	2026-09-12
lawstreetmedia.com	8737	2026-09-10
lawyersweekly.com.au	11887	2026-09-11
lbc.co.uk	78995	2026-09-13
lbcgroup.tv	7553	2026-07-13
lbpost.com	13898	2026-09-13
lcsun-news.com	11231	2023-09-11
leaderherald.com	10592	2023-10-24
leaderlive.co.uk	184028	2026-09-13
leaderpost.com	65706	2026-09-13
leadership.ng	104273	2026-09-13
leadertelegram.com	57814	2026-09-13
leamingtonobserver.co.uk	14566	2026-09-13
leavenworthtimes.com	9908	2026-08-30
lebanon-express.com	21448	2023-04-25
lebanondemocrat.com	82410	2026-09-12
ledburyreporter.co.uk	109003	2026-09-13
ledgertranscript.com	15640	2026-09-12
leducrep.com	16619	2026-09-13
leftfootforward.org	5876	2026-09-13
legalinsurrection.com	17023	2026-09-13
legallyindia.com	24227	2026-09-13
legalnewsline.com	16844	2026-09-13
legit.ng	17884	2026-03-19
legitgov.org	12575	2026-09-13
lehighacrescitizen.com	5497	2026-09-10
lehighvalleylive.com	48122	2026-02-23
leicestermercury.co.uk	118425	2026-09-13
leighjournal.co.uk	99544	2026-09-13
leightonbuzzardonline.co.uk	9193	2025-01-23
leinsterexpress.ie	59110	2026-05-12
leinsterleader.ie	62211	2026-05-12
leitrimobserver.ie	49217	2026-05-14
lelezard.com	35745	2026-06-02
lemonde.fr	9061	2026-04-15
lenconnect.com	10474	2023-09-11
lendio.com	8488	2023-07-02
lep.co.uk	26299	2025-01-23
lestimes.com	7400	2026-09-10
lethbridgeherald.com	65052	2026-09-13
letsrecycle.com	6164	2026-09-11
letsrun.com	12170	2026-06-01
lewistownsentinel.com	15645	2026-09-12
lewrockwell.com	31823	2026-06-04
lex18.com	38309	2026-09-13
lexch.com	23189	2026-09-12
lexology.com	31975	2026-07-15
lfpress.com	25147	2026-09-13
lgbtqnation.com	8913	2026-06-21
lgcplus.com	9968	2026-09-11
libcom.org	5252	2026-09-07
liberianobserver.com	17304	2026-09-13
libertyballers.com	8131	2026-09-11
libn.com	11056	2026-06-03
librivox.org	8620	2026-09-12
lichfieldlive.co.uk	14643	2026-09-13
lifeandstylemag.com	11886	2026-09-08
lifehacker.com	21741	2026-09-13
lifehacker.com.au	22827	2024-10-09
lifenews.com	18247	2026-09-11
lightreading.com	19163	2026-09-12
liherald.com	7497	2026-09-13
liliputing.com	5086	2026-07-22
lillooetnews.net	17763	2020-08-18
limaohio.com	35794	2025-04-15
limerickleader.ie	62755	2026-05-27
limerickpost.ie	12914	2026-09-13
lincolnshireworld.com	14183	2025-01-23
lincolntimesnews.com	5034	2026-09-12
listenupyall.com	7783	2026-09-12
listverse.com	14417	2026-09-13
lite96.com	5798	2024-02-21
lite987.com	28884	2026-09-12
liteonline.com	23177	2026-09-13
literock959.com	22060	2025-03-27
literock969.com	8820	2022-04-18
lithgowmercury.com.au	48192	2026-09-13
littleapplepost.com	25191	2026-09-13
littlehamptongazette.co.uk	6387	2022-02-10
live.com	16087	2020-11-21
live5news.com	39173	2026-09-12
live955.com	10710	2026-09-11
live959.com	13577	2026-09-12
live95fm.ie	17814	2026-09-11
livecharts.co.uk	15429	2026-09-11
livejournal.com	96546	2026-09-12
livelaw.in	76414	2026-09-13
liveleak.com	5908	2021-05-30
livemint.com	230587	2026-09-13
livenews.co.nz	50705	2026-09-13
liverpoolecho.co.uk	216116	2026-09-13
liverpoolfc.com	13180	2026-09-12
livesaildie.com	9728	2026-09-13
livescience.com	17119	2026-09-13
ljworld.com	16591	2026-09-12
lloydslist.com	6574	2025-08-26
lmfm.ie	16556	2026-09-13
lmtonline.com	181735	2026-06-22
lmtribune.com	48465	2026-08-30
lobotero.com	7175	2026-09-12
local10.com	136947	2026-09-13
local12.com	37346	2026-09-13
local21news.com	42614	2026-09-13
local3news.com	49121	2026-09-13
localberkshire.co.uk	9988	2023-03-07
localgov.co.uk	12337	2026-09-11
localmatters.co.nz	6222	2026-09-11
localmemphis.com	55339	2026-06-06
localnews8.com	156222	2026-09-13
lockhaven.com	24751	2026-09-12
lockportjournal.com	24966	2026-09-13
locusmag.com	8767	2025-07-17
lodinews.com	7932	2026-09-12
loeildelaphotographie.com	9555	2025-04-10
loganbanner.com	6515	2026-09-10
logandaily.com	5402	2026-09-12
logisticsmanager.com	5791	2026-09-11
lohud.com	10472	2023-09-11
lombardiave.com	5836	2026-09-12
lompocrecord.com	29522	2026-09-12
london-now.co.uk	18166	2026-09-13
london.ctvnews.ca	22226	2025-01-23
londonlovesbusiness.com	27106	2026-09-13
londonmercury.com	35302	2026-09-13
londontheatre1.com	6313	2026-09-13
lonestar995fm.com	31314	2026-09-12
lonestarball.com	8075	2026-09-13
longbeachstar.com	28882	2024-09-21
longfordleader.ie	53948	2026-05-15
longisland.com	24143	2026-09-13
longislandpress.com	15283	2026-09-13
loopjamaica.com	16567	2021-05-20
loopnews.com	14595	2024-07-21
lordsofpain.net	6837	2020-04-18
losaltosonline.com	7319	2026-09-09
lostcoastoutpost.com	14388	2026-09-13
loudountimes.com	8379	2026-09-12
loudwire.com	20878	2026-09-11
louisianaradionetwork.com	9288	2026-09-12
louisianarecord.com	5312	2025-05-20
lovefm.com	8472	2026-09-12
lovinmalta.com	7683	2026-03-19
lowellsun.com	26723	2026-09-13
lowkickmma.com	24442	2026-09-13
lowvelder.co.za	20975	2023-08-31
lpheralddispatch.com	9515	2026-09-12
lrt.lt	17008	2026-09-13
lse.co.uk	94388	2025-01-23
lsionline.com	14800	2025-11-17
ltn.com.tw	15814	2026-09-12
lubbockonline.com	11096	2023-09-11
ludlowadvertiser.co.uk	126258	2026-09-13
lufkindailynews.com	34453	2026-09-13
lusakatimes.com	16334	2026-03-19
lutontoday.co.uk	13300	2025-01-23
luxtimes.lu	9904	2025-07-21
luxurytravelmagazine.com	12734	2026-09-12
lvb.com	8186	2026-06-04
lynnnews.co.uk	38125	2026-09-13
macaubusiness.com	15766	2025-08-13
macaudailytimes.com.mo	18945	2026-09-11
macdailynews.com	7120	2026-09-11
macleayargus.com.au	66734	2026-09-13
macmegasite.com	8764	2026-01-29
macobserver.com	5646	2025-08-19
macombdaily.com	39793	2026-09-13
macrobusiness.com.au	30226	2026-09-13
macrumors.com	6928	2026-08-31
mactech.com	12615	2026-09-12
macupdate.com	11784	2026-09-11
macworld.com	9268	2026-09-12
madamenoire.com	11337	2026-09-11
madinamerica.com	9941	2026-09-13
madison.com	123296	2026-09-13
madisonrecord.com	9887	2025-05-21
madrock1025.com	29493	2026-08-20
magic1021.com	10104	2026-09-11
magic1029fm.com	10181	2026-09-13
magic106.com	8656	2026-09-09
magic1073fm.com	9126	2026-09-13
magic93fm.com	10448	2026-09-13
magic943fm.com	5099	2026-09-13
magic983.com	18388	2026-09-12
magicbricks.com	8896	2026-09-10
magicvalley.com	79079	2026-09-11
magnoliareporter.com	24730	2026-09-13
mailtimes.com.au	41900	2026-09-13
mailtribune.com	10799	2023-06-01
mainebiz.biz	15664	2026-09-11
mainemirror.com	16485	2026-09-13
mainepublic.org	14418	2026-03-18
mainichi.jp	15565	2026-09-13
mainlinemedianews.com	30355	2026-09-13
mainstreetnews.com	6401	2026-09-12
maitlandmercury.com.au	110523	2026-09-13
makeuseof.com	24407	2026-09-12
malawi24.com	15264	2026-09-13
malawivoice.com	12979	2026-09-10
malaya.com.ph	31133	2026-04-22
malaymail.com	104909	2026-03-19
malaysiakini.com	77619	2026-09-13
malaysiasun.com	68317	2026-09-13
maldivesindependent.com	7069	2026-09-13
maldonandburnhamstandard.co.uk	128497	2026-09-13
malibutimes.com	5613	2026-09-11
maltatoday.com.mt	38916	2026-03-12
malverngazette.co.uk	118233	2026-09-13
mamamia.com.au	29279	2026-09-13
managingmadrid.com	12988	2026-09-13
manchestereveningnews.co.uk	266994	2026-09-13
manchesterjournal.com	12268	2026-09-11
mandurahmail.com.au	73498	2026-09-13
mangalorean.com	55384	2026-09-13
manicapost.co.zw	6458	2025-01-22
manilametro.com	5842	2024-07-24
manilastandard.net	10136	2026-03-18
manilatimes.net	384694	2026-09-10
manitobacooperator.ca	9994	2026-09-13
mankatofreepress.com	96707	2026-09-13
manningrivertimes.com.au	85969	2026-09-13
mansfieldnewsjournal.com	7976	2023-09-11
mantecabulletin.com	9276	2026-09-11
manufacturing.net	21568	2025-10-02
manutd.com	13965	2026-05-04
manxradio.com	21999	2026-09-13
mapleridgenews.com	32778	2026-09-13
maravipost.com	25944	2026-09-13
marca.com	7042	2026-05-24
marcellusdrilling.com	15075	2026-09-11
marconews.com	5934	2023-09-11
mareeg.com	8100	2026-08-11
margaretrivermail.com.au	37228	2025-08-20
marieclaire.co.uk	16100	2026-09-13
marieclaire.com	23976	2026-09-13
mariettatimes.com	19131	2026-09-12
marinecorpstimes.com	8001	2026-09-12
marinelink.com	29789	2026-09-11
marinelog.com	9329	2025-11-20
marinetechnologynews.com	7338	2026-09-10
marinij.com	34092	2026-09-13
maritime-executive.com	32758	2026-09-13
maritimeprofessional.com	6078	2026-09-09
marketbusinessnews.com	19659	2026-09-13
marketing-interactive.com	15324	2026-09-11
marketplace.org	12659	2026-09-12
marketpulse.com	11945	2026-09-12
marketrealist.com	8608	2026-09-11
markets.co	5867	2022-01-09
marketscreener.com	999061	2026-05-18
marketswired.com	5202	2025-01-04
marketwatch.com	422152	2026-08-27
marklevinshow.com	9990	2026-09-12
marshallindependent.com	17945	2026-09-12
marshfieldnewsherald.com	8584	2023-09-11
marthastewart.com	11116	2026-03-17
martinsvillebulletin.com	35855	2026-09-13
maryland.gov	8140	2026-09-13
marylandreporter.com	6678	2026-06-04
maryvilleforum.com	20314	2024-11-15
masala.com	18108	2024-07-13
mashable.com	48875	2026-09-13
massachusettsnewswire.com	7141	2026-09-11
massachusettssun.com	44895	2026-09-13
massdevice.com	8486	2026-02-21
masslawyersweekly.com	19316	2026-06-04
masslive.com	108215	2026-02-23
mathrubhumi.com	5608	2026-06-23
matr.net	6940	2026-09-13
mauinews.com	20783	2026-09-12
mauinow.com	16539	2026-09-13
maurice-info.mu	9325	2026-09-13
mavsmoneyball.com	7178	2026-09-12
max94one.com	23654	2026-09-13
maximumfun.org	6604	2026-09-12
mayerthorpefreelancer.com	15743	2026-09-13
mayonews.ie	20592	2026-05-21
mb.com.ph	182277	2026-09-07
mbcradio.com	6161	2026-09-12
mbtmag.com	18138	2025-09-17
mcalesternews.com	17279	2026-09-11
mcall.com	81278	2026-09-13
mccookgazette.com	5109	2026-08-29
mcdonoughvoice.com	5718	2023-09-10
mcdowellnews.com	39501	2026-09-12
mcknights.com	8837	2026-03-11
mcphersonsentinel.com	6037	2026-08-21
mdislander.com	9862	2026-09-11
mdjonline.com	145458	2026-09-13
meadvilletribune.com	42910	2026-09-12
meathchronicle.ie	45290	2026-09-13
meaww.com	20365	2026-03-17
medafricatimes.com	6684	2026-09-11
medcitynews.com	14335	2026-09-08
mediaforfreedom.com	5275	2026-04-27
mediaite.com	85264	2026-09-12
mediamatters.org	15139	2026-09-12
medianama.com	11831	2026-09-11
mediapost.com	25383	2026-09-12
medicaldaily.com	9655	2026-09-12
medicalnewstoday.com	5561	2026-09-13
medicalxpress.com	141329	2026-01-29
medicinehatnews.com	74250	2026-09-13
medindia.net	39307	2026-08-18
medium.com	145786	2026-08-03
medpagetoday.com	25044	2025-01-28
medscape.com	49167	2026-09-12
meed.com	24389	2026-09-11
mega979.com	6956	2026-09-13
mega993online.com	29763	2026-09-13
melfortjournal.com	10437	2026-07-04
meltontimes.co.uk	8291	2025-01-23
memphisflyer.com	7185	2026-09-11
memphissun.com	105583	2026-09-13
memri.org	9885	2025-04-22
menafn.com	973875	2026-03-10
mendocinobeacon.com	16195	2026-09-13
menshealth.com	30644	2026-09-13
mensxp.com	27844	2026-09-13
mentalfloss.com	14922	2026-09-13
meobserver.org	5527	2026-07-14
mercopress.com	23173	2026-09-12
mercurynews.com	83603	2026-09-13
meridianstar.com	36523	2026-09-12
merimbulanewsweekly.com.au	72442	2026-09-13
mesabitribune.com	54575	2026-09-13
messagemedia.co	12035	2026-09-13
messenger-inquirer.com	86159	2026-09-13
messenger.com.ge	6007	2026-09-11
messengernews.net	13617	2026-09-12
messengernewspapers.co.uk	146173	2026-09-13
metal.com	22311	2026-09-11
metalunderground.com	14717	2026-09-12
metro.co.uk	152848	2026-09-13
metro.us	86034	2025-11-03
metrojacksonville.com	12265	2026-09-13
metrotimes.com	12133	2026-05-14
metroweekly.com	6689	2026-09-11
metrowestdailynews.com	10026	2023-09-11
metv.com	11187	2026-09-11
metvmall.com	12496	2026-06-06
mexicoledger.com	8153	2026-09-13
mexiconewsdaily.com	6811	2026-03-15
mexicostar.com	66369	2026-09-13
mg.co.za	30880	2026-09-12
mgoblog.com	14877	2025-08-28
miamiherald.com	8780	2024-07-31
miaminewtimes.com	8871	2026-09-11
miamistudent.net	5504	2026-09-13
miamitimesonline.com	8935	2026-09-11
michigan.gov	5321	2023-02-02
michigandaily.com	7700	2026-09-11
michiganradio.org	23666	2024-01-10
michigansthumb.com	78149	2026-06-22
mid-day.com	100023	2026-09-13
middle-east-online.com	6953	2026-09-12
middleeasteye.net	49394	2026-09-13
middleeastmonitor.com	78140	2026-09-13
middleeaststar.com	117829	2026-09-13
middlenecknews.com	5502	2026-09-12
middletownpress.com	123670	2026-04-21
midhurstandpetworth.co.uk	5526	2022-02-10
midmichigannow.com	36823	2026-09-13
midnorthmonitor.com	49863	2026-09-13
midsussextimes.co.uk	5984	2022-02-10
midutahradio.com	17109	2026-09-11
midweekherald.co.uk	36267	2026-09-13
midwestradio.ie	25675	2026-09-13
mihomepaper.com	12568	2026-03-04
milawyersweekly.com	9157	2026-06-03
milehighreport.com	12866	2026-09-13
milforddailynews.com	8053	2023-09-07
milfordmercury.co.uk	92353	2026-09-13
milfordmirror.com	59636	2025-06-14
military.com	34195	2026-09-13
militarytimes.com	13909	2026-09-12
miltonkeynes.co.uk	14120	2025-01-23
milwaukeesun.com	46863	2026-09-13
mindat.org	13155	2025-01-23
minicassia.com	6201	2024-03-21
mining-journal.com	7397	2026-05-26
mining-technology.com	11077	2026-09-11
mining.com	48031	2026-09-12
mininggazette.com	11082	2026-09-12
miningjournal.net	22772	2026-09-12
miningmx.com	7299	2026-09-11
miningnews.net	11257	2026-05-26
miningweekly.com	49576	2026-09-11
minnlawyer.com	7668	2026-06-04
minnpost.com	9335	2026-09-12
minotdailynews.com	18435	2026-09-12
miragenews.com	637951	2026-09-13
mirror.co.uk	702712	2026-09-13
mis-asia.com	10393	2026-08-25
mishpacha.com	8468	2026-09-10
missioncityrecord.com	43122	2026-09-13
missionlocal.org	7431	2026-09-13
mississauga.com	7993	2026-09-13
mississippivalleypublishing.com	23559	2026-09-13
missoulian.com	135440	2026-09-12
missourinet.com	8104	2026-07-25
mit.edu	10295	2026-09-11
mitchelladvocate.com	23109	2026-09-12
mitchellrepublic.com	31991	2026-09-12
mix100.com	5920	2026-09-04
mix1005.fm	24062	2026-09-03
mix100lubbock.com	15902	2026-09-13
mix103.com	10045	2026-09-13
mix1043fm.com	28676	2026-09-12
mix1069.com	15085	2026-09-13
mix106radio.com	25675	2026-09-13
mix108.com	35908	2026-09-12
mix929.com	24610	2026-09-12
mix931fm.com	30828	2026-09-11
mix941.com	21174	2026-09-11
mix941kmxj.com	20245	2026-09-12
mix949.com	27715	2026-09-13
mix957.net	8804	2024-01-04
mix957gr.com	20676	2026-09-11
mix965tulsa.com	6755	2025-10-22
mix979fm.com	13543	2024-04-26
mix987.com	9431	2026-09-11
mixx993.com	17821	2026-09-11
mizzima.com	20944	2025-01-23
mlb.com	78560	2026-09-13
mlbtraderumors.com	57635	2026-09-13
mlive.com	129535	2026-02-23
mmafighting.com	27656	2026-09-13
mmamania.com	25631	2026-09-13
mmanews.com	16189	2026-04-22
mmegi.bw	7146	2026-09-11
mmm-online.com	5508	2026-09-11
mnnonline.org	5020	2026-09-11
mobihealthnews.com	6860	2026-06-03
mobilesyrup.com	21194	2026-09-11
mobileworldlive.com	12275	2026-03-03
mobilitytechzone.com	5977	2024-09-17
mobypicture.com	32801	2023-10-03
moddb.com	38275	2025-11-16
model-engineer.co.uk	20638	2026-08-22
modernghana.com	172805	2026-07-20
modernhealthcare.com	11836	2026-06-18
modernreaders.com	462461	2025-04-18
moelane.com	11594	2025-07-17
mohavedailynews.com	14259	2026-09-13
mojo1029.com	11704	2026-09-12
moldpres.md	9534	2025-01-14
monacolife.net	5753	2026-09-11
mondaq.com	132853	2026-09-11
mondovisione.com	33622	2026-01-14
mondoweiss.net	7431	2026-09-12
moneycontrol.com	456380	2026-09-13
moneylife.in	22313	2026-09-12
moneymanagement.com.au	13351	2026-06-24
moneymarketing.co.uk	24382	2026-09-11
moneytalksnews.com	12193	2026-09-13
moneyweb.co.za	37490	2024-04-02
moneyweek.com	9655	2026-09-13
mongabay.com	10492	2026-09-12
monitor.co.ug	71515	2026-04-22
monocle.com	6124	2026-09-13
monroenews.com	13644	2023-09-11
monstersandcritics.com	55350	2025-10-02
montanarightnow.com	63704	2026-09-13
montereycountyweekly.com	13791	2026-07-09
montereyherald.com	13136	2026-09-13
montgomery-herald.com	6187	2025-05-20
montgomeryadvertiser.com	8465	2023-09-11
montgomerynews.com	6458	2021-09-28
montreal.ctvnews.ca	32918	2025-01-23
montrealgazette.com	42964	2026-09-13
montrosepress.com	15964	2026-09-12
mooseradio.com	14658	2026-09-11
moreechampion.com.au	60862	2026-09-13
morganton.com	34828	2026-09-12
morning-times.com	36455	2026-09-12
morningadvertiser.co.uk	9824	2026-09-11
morningjournal.com	50807	2026-09-13
morningjournalnews.com	22056	2026-09-12
morningstar.com	105940	2026-09-13
morningstaronline.co.uk	42417	2026-09-11
morningsun.net	65913	2026-09-12
moroccoworldnews.com	18934	2026-09-13
mortgageintroducer.com	8340	2022-03-18
mortgagenewsdaily.com	8101	2026-09-11
mortgagesolutions.co.uk	14913	2026-09-11
mortgagestrategy.co.uk	23938	2026-09-11
morungexpress.com	75990	2026-09-13
mothership.sg	13261	2025-03-10
motor1.com	21325	2026-09-13
motorcyclenews.com	26664	2026-09-13
motorsport.com	23599	2026-08-27
moultonadvertiser.com	16682	2026-09-10
moultrieobserver.com	15909	2026-09-11
mountaineagle.com	10075	2026-09-12
mountvernonnews.com	10954	2026-08-31
mouthshut.com	5626	2026-09-08
movieweb.com	83700	2026-09-13
mpamag.com	7900	2026-09-11
mpnews.com.au	5171	2026-09-13
mpnnow.com	10032	2023-09-11
mprnews.org	27413	2026-09-13
mrt.com	64966	2026-06-22
mrtopstep.com	18821	2024-11-22
mscnews.net	6075	2026-09-13
msn.com	2860431	2023-06-23
msnbc.com	74323	2026-08-25
msu.edu	5021	2026-09-11
mtairynews.com	6093	2026-09-12
mtdemocrat.com	28163	2026-09-12
mtexpress.com	11714	2026-09-12
mtlblog.com	7335	2026-09-11
mtpr.org	18030	2026-09-12
mtstandard.com	60426	2026-09-11
mudgeeguardian.com.au	53277	2026-09-13
multifamilybiz.com	6159	2026-09-13
mumbrella.com.au	23789	2025-11-20
murfreesboropost.com	6340	2023-03-01
murrayledger.com	10773	2026-09-11
muscatdaily.com	20119	2026-09-13
muscatinejournal.com	107320	2026-09-13
music-news.com	20555	2025-12-16
musicrow.com	7500	2026-07-30
musketfire.com	7573	2026-09-13
muskogeephoenix.com	22386	2026-09-10
muskokaregion.com	8235	2026-09-13
muswellbrookchronicle.com.au	71341	2026-09-13
mv-voice.com	11231	2026-09-12
mvariety.com	31749	2026-09-12
mvtimes.com	18500	2026-09-12
mwnation.com	18738	2026-09-13
mxdwn.com	6900	2026-09-13
my1035.com	12378	2026-09-11
my40.tv	7419	2022-01-31
my957.com	6789	2026-09-11
my9nj.com	6223	2026-09-10
myalbertlea.com	12521	2026-06-08
myalgomamanitoulinnow.com	5735	2026-06-03
myanmarmuslim.net	18759	2024-11-05
myanmarnews.net	59236	2026-09-13
myaustinminnesota.com	20340	2025-06-14
myb106.com	27661	2026-09-12
mybeachradio.com	20323	2024-04-01
mybroadband.co.za	6013	2022-09-28
mycariboonow.com	9471	2026-06-04
mycentraljersey.com	12905	2023-09-11
mycentralnebraska.com	36896	2026-09-11
mycentraloregon.com	50206	2026-09-09
mycolumbuspower.com	13483	2026-09-13
mycountry955.com	31197	2026-09-11
mycouriertribune.com	7801	2024-10-05
mycowichanvalleynow.com	8504	2026-06-03
myeasternshoremd.com	11919	2026-09-11
myedmondsnews.com	20239	2026-06-15
myfox28columbus.com	41402	2026-09-13
myfox8.com	5960	2025-08-29
myheraldreview.com	9725	2026-01-16
myhorrynews.com	9498	2026-09-12
myiowainfo.com	17053	2026-05-01
myjournalcourier.com	67919	2026-06-22
myjournals.org	7241	2023-08-26
myjoyonline.com	111154	2026-03-19
myk104.com	8241	2026-09-13
mykiss1031.com	25390	2026-09-12
mykisscountry937.com	34441	2026-09-12
myklgr.com	21260	2026-09-13
mykxlg.com	87366	2026-09-13
myleaderpaper.com	35077	2026-09-13
mylloydminsternow.com	5646	2026-06-03
mylondon.news	6998	2026-08-18
mymagic106.com	6443	2026-09-13
mymagic949.com	9350	2026-09-11
mymagicgr.com	8906	2024-04-29
mymajic933.com	6402	2026-08-18
mymcmedia.org	13009	2026-09-12
mymix1061.com	15787	2026-09-13
mymixfm.com	38486	2026-09-13
mymmanews.com	9184	2026-09-13
mymoinfo.com	20221	2026-09-12
mymotherlode.com	180065	2026-09-13
mymuskokanow.com	6585	2026-06-01
mynbc5.com	74308	2026-09-13
myneworleans.com	10060	2026-09-11
mynews13.com	9608	2026-08-27
mynews4.com	34949	2026-09-13
mynewsla.com	68909	2026-09-13
mynorthbaynow.com	5340	2026-06-04
mynorthwest.com	220475	2026-07-20
mynspr.org	46859	2026-09-13
myozarksonline.com	17392	2026-09-11
myplainview.com	49460	2026-06-22
myprincegeorgenow.com	13790	2026-06-04
myq105.com	15935	2026-09-13
myq1075.com	20913	2026-09-12
myqcountry.com	12618	2026-09-11
myrecordjournal.com	12869	2023-12-30
mysailing.com.au	6356	2026-09-12
mysanantonio.com	83417	2025-11-18
myspiritfm.com	10197	2026-09-12
mystar98.com	20650	2026-09-13
mysteinbach.ca	10533	2026-09-12
mysteriousuniverse.org	10571	2026-09-11
mystratfordnow.com	7047	2026-06-03
mysuncoast.com	35106	2026-09-13
mytimminsnow.com	5104	2026-06-03
myuscountry.com	17621	2026-06-08
mywebtimes.com	8503	2023-05-01
n4g.com	34448	2026-08-29
naftemporiki.gr	8160	2026-09-11
nagalandpost.com	49549	2026-06-08
nagariknetwork.com	28805	2026-03-16
nagpurtoday.in	17510	2026-08-14
naharnet.com	90404	2026-09-13
naija247news.com	61543	2026-09-13
naijanews.com	10997	2026-09-06
nairaland.com	77881	2025-07-26
nairametrics.com	12220	2026-03-04
nairobiwire.com	14711	2026-09-11
nakedcapitalism.com	12534	2026-09-13
namibian.com.na	32608	2026-09-13
namibiansun.com	22342	2026-09-11
nampa.org	44517	2024-11-08
nanaimobulletin.com	33204	2026-09-13
nancyonnorwalk.com	5503	2026-09-11
nantonnews.com	8411	2026-09-12
napaneeguide.com	40937	2026-09-12
napaneetoday.ca	10235	2026-09-11
napavalleyregister.com	69409	2026-09-12
naplesnews.com	11875	2023-09-11
naroomanewsonline.com.au	72696	2026-09-13
narrominenewsonline.com.au	46098	2026-09-13
nasa.gov	8511	2026-09-11
nasdaq.com	55635	2026-09-09
nashfm100.com	5815	2026-09-13
nashfm1025.com	5817	2026-08-06
nashvilleherald.com	102574	2026-09-13
nashvillepost.com	14286	2026-09-12
nashvillescene.com	12057	2026-09-11
nation.africa	39691	2026-09-13
nation.co.ke	29367	2022-02-18
nation.com.pk	11096	2022-06-06
nation.sc	32057	2026-09-12
nationalaccordnewspaper.com	54321	2026-08-16
nationalgeographic.com	11051	2026-09-13
nationalheraldindia.com	6988	2026-03-15
nationalhogfarmer.com	5929	2025-01-21
nationalinterest.org	48930	2026-01-29
nationalmemo.com	10365	2026-09-11
nationalmortgagenews.com	14758	2026-09-12
nationalmortgageprofessional.com	6336	2025-01-22
nationalnetworkonline.com	5391	2026-09-10
nationalobserver.com	21303	2026-07-14
nationalpost.com	54483	2026-09-13
nationalreview.com	12378	2021-07-27
nationaltribune.com.au	8043	2025-01-27
nationnews.com	31387	2026-09-13
nationofchange.org	6473	2026-03-18
nationthailand.com	16496	2026-03-16
natlawreview.com	118876	2026-09-13
naturalgasintel.com	18656	2026-07-15
naturalgasworld.com	12123	2025-02-26
naturalnews.com	65306	2026-09-13
nature.com	37366	2026-09-11
natureworldnews.com	18053	2026-09-11
naval-technology.com	6999	2026-09-11
naveenbharat.in	7607	2022-04-24
navhindtimes.in	32976	2026-09-12
navy.mil	6855	2025-03-06
navytimes.com	10465	2026-09-12
nba.com	18601	2026-03-18
nbc-2.com	55163	2025-02-05
nbc.com	6501	2026-09-11
nbc11news.com	9500	2023-12-14
nbc12.com	30170	2023-12-14
nbc15.com	19997	2023-12-14
nbc16.com	41733	2026-09-13
nbc24.com	8564	2026-09-12
nbc29.com	16840	2023-12-14
nbcbayarea.com	123875	2026-09-13
nbcboston.com	5342	2026-06-04
nbcchicago.com	145639	2026-09-13
nbcconnecticut.com	162858	2026-09-13
nbcdfw.com	143358	2026-09-13
nbclosangeles.com	140843	2026-09-13
nbcmiami.com	116013	2026-09-13
nbcmontana.com	45761	2026-09-13
nbcnews.com	183344	2026-09-13
nbcnewyork.com	139991	2026-09-13
nbcphiladelphia.com	142654	2026-09-13
nbcrightnow.com	53027	2026-09-13
nbcsandiego.com	116822	2026-09-13
nbcsvg.com	9688	2026-09-11
nbcwashington.com	92953	2026-09-13
nbnnews.com.au	29650	2026-09-11
nbr.co.nz	26737	2026-09-13
ncadvertiser.com	56294	2025-10-26
nclawyersweekly.com	7647	2026-06-03
ncnewsonline.com	57536	2026-09-12
ncpa.org	6779	2026-09-11
ncr-iran.org	8494	2026-09-13
ncregister.com	20002	2026-09-13
ncronline.org	16624	2025-10-08
ncspin.com	5180	2026-09-11
ndtv.com	342023	2025-05-26
nebraska.tv	35352	2026-09-13
necn.com	82611	2025-02-13
nehandaradio.com	14206	2026-09-12
neindia.com	7174	2026-09-12
neonnettle.com	10439	2022-07-30
neoskosmos.com	21254	2026-09-13
neowin.net	47848	2025-11-08
nepalnational.com	102524	2026-09-13
nerdist.com	18912	2026-09-11
nesn.com	37286	2026-09-13
netflixlife.com	5925	2026-09-12
netindian.in	5818	2025-08-21
netnewsledger.com	20556	2026-09-12
netscape.com	176530	2026-09-13
netsdaily.com	7331	2026-09-13
netwerk24.com	10158	2025-01-22
networkworld.com	7798	2026-09-11
neurologyadvisor.com	9570	2026-09-10
nevadaappeal.com	12575	2025-09-05
nevadabusiness.com	7533	2026-09-12
nevadanewsandviews.com	6516	2026-09-12
neveitalia.it	11740	2026-03-07
newagebd.net	23289	2025-05-26
newarab.com	9672	2025-09-21
newarkadvertiser.co.uk	34266	2026-09-13
newarkadvocate.com	6177	2023-09-11
newarkpostonline.com	5202	2026-09-11
newbernsj.com	11737	2026-09-11
newburyportnews.com	30035	2026-09-12
newburytoday.co.uk	28702	2026-09-13
newbusinessethiopia.com	13981	2026-09-01
newcanaanite.com	7838	2026-09-12
newcastleherald.com.au	153860	2026-09-13
newcivilengineer.com	14269	2026-09-11
newcountry991.com	6309	2022-04-29
newdelhitimes.com	68292	2026-09-10
newegg.com	26254	2026-09-13
newelectronics.co.uk	12266	2026-06-05
newfoodmagazine.com	5975	2026-03-31
newhamrecorder.co.uk	29627	2026-09-13
newhavenindependent.org	11691	2026-09-11
newidea.com.au	14513	2026-09-11
newindianexpress.com	150923	2026-09-13
newjerseyhills.com	40496	2026-09-11
newjerseytelegraph.com	116158	2026-09-13
newkerala.com	245547	2026-08-11
newmilfordspectrum.com	51343	2022-03-01
newnigerianpolitics.com	5405	2026-08-13
neworleanscitybusiness.com	16544	2026-06-03
neworleanssun.com	58608	2026-09-13
newportri.com	6992	2023-09-08
newrepublic.com	23995	2026-09-12
newrock1041.fm	7175	2026-07-07
news-daily.com	80984	2026-09-13
news-expressky.com	27107	2026-09-13
news-gazette.com	128715	2026-09-13
news-herald.com	52684	2026-09-13
news-journal.com	9510	2026-09-13
news-journalonline.com	17642	2023-09-11
news-leader.com	8165	2023-09-11
news-mail.com.au	44484	2021-04-28
news-medical.net	104376	2026-09-12
news-press.com	12874	2023-09-11
news-star.com	10618	2026-08-18
news.am	93926	2026-09-10
news.az	54560	2026-09-13
news.cn	13336	2022-04-14
news.com.au	91981	2024-07-30
news.err.ee	23415	2022-10-20
news.statetimes.in	7534	2020-06-12
news.tuoitre.vn	11864	2026-09-13
news12.com	73998	2026-09-13
news18.com	268439	2026-03-17
news24.com	167912	2026-09-13
news3lv.com	48877	2026-09-13
news4jax.com	160019	2026-09-13
news4sanantonio.com	51013	2026-09-13
news5cleveland.com	6019	2026-03-18
news8000.com	92195	2026-09-13
news9.com	77991	2026-09-13
news957.com	48715	2021-10-17
newsadvance.com	47286	2026-09-13
newsandsentinel.com	23626	2026-09-12
newsandstar.co.uk	191727	2026-09-13
newsandtribune.com	26608	2026-09-13
newsargus.com	25904	2026-09-12
newsbiscuit.com	6241	2026-09-12
newsblogged.com	5602	2026-05-27
newsbreak.com	10798	2025-12-06
newsbtc.com	36901	2026-09-12
newsbug.info	11131	2026-09-11
newsbusters.org	89445	2026-09-13
newsbytes.ph	5809	2026-09-13
newscenter1.tv	34458	2026-09-13
newscentermaine.com	38963	2026-03-19
newscentralasia.net	8591	2026-09-12
newschannel10.com	23236	2026-09-13
newschannel20.com	29079	2026-09-11
newschannel5.com	53326	2026-09-12
newschannel6now.com	24382	2026-09-13
newschannel9.com	41885	2026-09-13
newschannelnebraska.com	13127	2025-03-22
newschief.com	8585	2023-09-11
newscientist.com	17621	2026-09-12
newsdakota.com	21323	2026-09-08
newsday.co.tt	85762	2026-09-12
newsday.co.zw	30511	2026-08-20
newsday.com	105540	2026-09-13
newsdzezimbabwe.co.uk	7676	2025-12-25
newser.com	78103	2026-09-13
newsfirst.lk	12470	2026-03-19
newsghana.com.gh	84231	2026-08-06
newsherald.com	14695	2023-09-11
newshub.co.nz	18541	2024-07-04
newsincyprus.com	12862	2025-01-27
newsindiatimes.com	14615	2026-09-11
newsitem.com	27761	2026-09-13
newslaundry.com	5683	2026-09-12
newsleader.com	5481	2023-09-11
newsletter.co.uk	32306	2025-01-23
newsmakers.pk	22120	2026-09-13
newsmax.com	59273	2024-07-30
newsminer.com	34424	2026-09-13
newsnation.in	8047	2020-04-07
newsnationnow.com	6205	2025-12-25
newsnationtv.com	27052	2025-10-19
newsnow.co.uk	11472	2026-09-11
newsofbahrain.com	10103	2026-03-05
newson6.com	78853	2026-09-13
newsonair.com	29094	2021-11-26
newsone.com	9187	2026-09-12
newsonjapan.com	26993	2026-09-11
newsoptimist.ca	37573	2021-07-29
newspressnow.com	73698	2026-09-12
newsradio1029.com	75136	2026-09-13
newsradio1310.com	19378	2026-09-12
newsradio1440.com	23058	2025-03-17
newsradioklbj.com	7334	2026-09-09
newsregister.com	13727	2026-09-13
newsroompanama.com	13172	2026-09-12
newsshopper.co.uk	125603	2026-09-13
newstalk.com	45659	2026-09-12
newstalk1030.com	44638	2026-09-12
newstalk1280.com	25361	2026-09-12
newstalk1290.com	18865	2026-09-12
newstalk870.am	21329	2026-09-12
newstalkkgvo.com	16549	2026-09-13
newstalkkit.com	19969	2026-09-12
newstalkzb.co.nz	64752	2026-09-13
newstatesman.com	27826	2026-09-12
newstimes.com	131966	2025-06-12
newstoday.com.bd	12801	2021-01-24
newstodaynet.com	33922	2026-09-12
newstracklive.com	7310	2025-07-05
newstrib.com	7242	2023-05-01
newstribune.com	49470	2026-09-13
newsviewsnreviews.com	5466	2019-11-13
newswatchman.com	5290	2026-09-13
newsweek.com	290897	2026-09-13
newswest9.com	42241	2026-06-26
newswire.ca	22432	2026-09-11
newswire.net	5082	2026-09-12
newswiretoday.com	28941	2026-09-12
newswise.com	42412	2026-09-13
newswit.com	11925	2026-09-11
newsx.com	64534	2026-09-13
newsy.com	19898	2023-01-04
newtelegraphng.com	6479	2026-03-19
newtimesslo.com	8604	2026-09-10
newtoncountytimes.com	12138	2026-09-02
newtondailynews.com	7161	2026-09-12
newtownbee.com	14088	2026-09-12
newvision.co.ug	16594	2026-09-13
newwestrecord.ca	69228	2025-08-01
newyorker.com	16976	2026-09-13
newyorkstatesman.com	51524	2026-09-13
newyorktelegraph.com	179232	2026-09-13
newzealandstar.com	52035	2026-09-13
newzimbabwe.com	34680	2026-09-13
nextbigfuture.com	6462	2026-09-13
nextbigwhat.com	8752	2026-09-11
nextshark.com	11450	2026-08-29
nfl.com	9180	2026-03-18
nflspinzone.com	5190	2026-09-12
nhbr.com	7147	2026-09-11
nhk.or.jp	17436	2026-07-08
nhl.com	22373	2026-03-19
nhpbs.org	21214	2026-09-13
nhpr.org	28175	2026-09-12
nhregister.com	170718	2026-09-10
niagara-gazette.com	27734	2026-09-13
niagarafallsreview.ca	85958	2026-09-13
niagarathisweek.com	10735	2026-09-13
nichegamer.com	14158	2026-09-05
nigerianbulletin.com	9228	2026-07-01
nigerianeye.com	67797	2026-09-12
nigerianobservernews.com	14640	2026-09-12
nigerianpilot.com	7331	2020-10-27
nigeriasun.com	86225	2026-09-13
nih.gov	6203	2026-09-12
nikkei.com	17015	2026-09-13
nine.com.au	11530	2026-07-07
ninernoise.com	5916	2026-09-13
ninersnation.com	15800	2026-09-13
nintendoeverything.com	13013	2026-09-13
nintendolife.com	35072	2026-09-13
nintendoworldreport.com	15971	2026-09-13
nipawinjournal.com	10212	2026-06-28
niyitabiti.net	5586	2023-01-29
nj.com	120944	2026-02-23
nj1015.com	54036	2026-09-13
njbiz.com	17043	2026-06-04
njherald.com	11636	2023-09-11
nknews.org	11033	2026-09-12
nkytribune.com	10134	2026-03-11
nltimes.nl	23523	2026-09-13
nme.com	60726	2026-09-13
nmpoliticalreport.com	5517	2026-09-10
nna-leb.gov.lb	16290	2023-10-07
nny360.com	63749	2026-09-01
noise11.com	14685	2026-09-12
nola.com	81113	2026-09-13
nonpareilonline.com	59231	2026-09-12
noodls.com	5116	2025-05-02
noosanews.com.au	45618	2021-04-28
noozhawk.com	41733	2026-09-13
norfolkandtillsonburgnews.com	43489	2026-06-22
norfolkdailynews.com	33165	2026-09-12
norfolktoday.ca	10953	2026-09-12
normantranscript.com	25781	2026-09-13
northafricapost.com	13608	2026-09-11
northamptonchron.co.uk	23233	2025-01-23
northantstelegraph.co.uk	18240	2025-01-23
northbaynipissing.com	6936	2026-09-13
northcentralpa.com	35090	2026-09-13
northcoastcitizen.com	5728	2025-09-25
northcoastjournal.com	13177	2026-09-11
northcountrynow.com	67747	2026-09-13
northcountrypublicradio.org	56248	2026-09-13
northdenvernews.com	5869	2026-08-30
northdevongazette.co.uk	9532	2026-05-20
northeasttoday.in	15913	2026-09-12
northern-times.co.uk	46321	2026-09-13
northerndailyleader.com.au	105423	2026-09-13
northernirelandnews.com	19738	2024-12-03
northernirelandworld.com	23257	2025-01-23
northernminer.com	8625	2026-09-12
northernnews.ca	51845	2026-09-13
northernpublicradio.org	59600	2026-09-13
northernstar.com.au	43139	2021-04-28
northernstar.info	7132	2026-09-11
northernvirginiamag.com	5527	2026-09-11
northescambia.com	19400	2026-09-13
northfortmyersneighbor.com	6366	2026-09-10
northislandgazette.com	31714	2026-09-13
northjersey.com	17610	2023-09-11
northkoreatimes.com	35467	2026-09-13
northplattebulletin.com	6153	2026-09-12
northqueenslandregister.com.au	31254	2026-09-12
northsomersettimes.co.uk	34645	2026-09-13
northumberlandgazette.co.uk	17505	2025-01-23
northumberlandnews.com	7206	2026-09-12
northwaleschronicle.co.uk	107710	2026-09-13
northwalespioneer.co.uk	111151	2026-09-13
northwestgeorgianews.com	145509	2026-09-13
northwestmoinfo.com	24591	2026-09-11
northwestsignal.net	41268	2026-09-12
northweststar.com.au	62645	2026-09-13
northwichguardian.co.uk	127323	2026-09-13
norwichbulletin.com	8631	2023-09-11
nottinghampost.com	124743	2026-09-13
nova.ie	26753	2026-09-13
novinite.com	67450	2026-09-13
nowgrenada.com	6462	2026-09-11
nownews.com	14527	2022-10-31
nowtoronto.com	18392	2026-07-30
npr.org	142179	2026-09-13
nptelegraph.com	45622	2026-09-11
nrl.com	13693	2026-09-13
nrn.com	15865	2026-09-12
nrq.com	6091	2026-08-31
nrtoday.com	28241	2026-09-11
nsnews.com	74080	2026-07-30
nst.com.my	19661	2025-09-22
ntnews.com.au	51861	2024-07-22
ntv.co.ug	23872	2026-09-13
nuclear-news.net	19391	2026-09-13
nugget.ca	63361	2026-09-13
nujournal.com	14389	2026-09-13
numberfire.com	17288	2025-10-21
nurseryworld.co.uk	5910	2026-06-19
nursingtimes.net	10422	2026-09-12
nutraingredients-usa.com	6370	2025-10-15
nutraingredients.com	7623	2026-09-12
nvdaily.com	72634	2026-09-13
nvi.com.au	48855	2026-09-13
nwaonline.com	82187	2026-09-13
nwasianweekly.com	5589	2025-12-21
nwemail.co.uk	173270	2026-09-13
nwfdailynews.com	15489	2023-09-11
nwherald.com	10392	2023-05-01
nwitimes.com	107311	2026-09-13
ny1.com	5132	2026-04-22
nyasatimes.com	26052	2026-09-13
nydailynews.com	155848	2026-09-13
nylon.com	5462	2026-09-11
nymag.com	12148	2026-09-12
nynganobserver.com.au	46350	2026-09-13
nyoooz.com	21751	2026-09-09
nypost.com	253865	2026-09-13
nystateofpolitics.com	15892	2026-09-12
nysun.com	20863	2026-08-14
nytimes.com	289115	2026-09-13
nzcity.co.nz	276287	2026-09-13
nzdoctor.co.nz	20593	2026-09-13
nzherald.co.nz	306471	2026-09-13
oakdaleleader.com	7588	2026-09-11
oakridger.com	9789	2023-09-11
oann.com	71051	2026-09-13
oanow.com	32847	2026-09-10
oaoa.com	38684	2025-05-15
obantimes.co.uk	12192	2024-01-25
oberonreview.com.au	49956	2026-09-13
obj.ca	10656	2026-09-11
obozrevatel.com	40531	2025-03-05
obrag.org	7771	2026-09-13
observer-reporter.com	22105	2026-09-12
observer.com	8994	2026-09-12
observer.ug	34648	2026-09-12
observertoday.com	26276	2026-09-13
oc-breeze.com	12900	2023-04-02
ocala.com	12103	2023-09-11
ocbj.com	6214	2026-09-12
oceanfm.ie	15450	2026-09-13
ocj.com	10006	2026-09-11
ocregister.com	77756	2026-09-13
odnako.org	26982	2026-09-13
odt.co.nz	60766	2026-09-13
odwyerpr.com	11593	2026-09-11
oed.com	5033	2026-09-12
oedigital.com	18388	2026-09-11
offalyexpress.ie	62753	2026-05-12
offalyindependent.ie	41116	2026-09-12
officer.com	7338	2026-09-11
offshore-energy.biz	10861	2025-01-22
offshore-technology.com	10966	2026-09-11
ofm.co.za	18863	2026-09-13
og979.com	21908	2026-05-15
ohiostandard.com	42797	2026-09-13
ohsonline.com	5360	2026-09-12
oilandgas360.com	17439	2026-09-11
oilcity.news	6882	2025-04-03
oilprice.com	43826	2026-09-13
oilvoice.com	10120	2020-12-14
oireachtas.ie	10234	2026-09-03
ojaivalleynews.com	11163	2026-09-13
ok.co.uk	128290	2026-09-13
okaz.com.sa	10802	2026-09-13
okcfox.com	38719	2026-09-13
okgazette.com	5494	2026-09-11
oklahomacitysun.com	38254	2026-09-13
oklahoman.com	55294	2023-09-11
oklahomastar.com	22055	2026-09-13
okotoksonline.com	14995	2026-09-13
okotokstoday.ca	8948	2023-03-29
oldham-chronicle.co.uk	12915	2026-09-13
oleantimesherald.com	86853	2026-09-12
omaha.com	179760	2026-09-12
omakchronicle.com	14784	2026-09-10
omanobserver.om	38036	2026-09-13
ominecaexpress.com	26802	2026-09-13
on3.com	5021	2026-03-19
onclive.com	16070	2026-01-16
oncologynurseadvisor.com	6231	2026-09-11
onegreenplanet.org	32733	2026-09-11
oneidadispatch.com	36390	2026-09-13
oneindia.com	62555	2026-09-13
onenewsnow.com	10704	2021-08-10
onenewspage.com	286593	2026-09-13
onlineathens.com	9456	2023-09-11
onlinenigeria.com	70549	2025-03-25
onlineopinion.com.au	9409	2026-09-13
onthewater.com	5680	2026-09-11
onthewight.com	16519	2026-09-13
onwardstate.com	12669	2026-09-12
opalesque.com	5438	2026-09-13
opb.org	7713	2026-04-01
opednews.com	8749	2026-09-13
openpr.com	741692	2026-09-13
openthemagazine.com	10591	2026-09-13
opinionnigeria.com	32495	2026-09-13
opportunitiesforafricans.com	11124	2026-09-11
optics.org	8537	2026-03-25
orangeobserver.com	9356	2025-09-10
orangeville.com	6698	2026-09-13
orangevilletoday.ca	7317	2026-09-11
orcadian.co.uk	5080	2026-09-11
order-order.com	6865	2025-09-01
oregonlive.com	77250	2026-02-23
organiser.org	34013	2026-09-13
origin-businesstoday.intoday.in	40947	2021-06-25
originalfm.com	16807	2025-12-12
orissabarta.com	45115	2026-03-06
orissadiary.com	28739	2026-09-12
orissapost.com	137952	2026-09-13
orlandoecho.com	51758	2026-09-13
orlandosentinel.com	117871	2026-09-13
orlandoweekly.com	14966	2026-09-11
orlytaitzesq.com	27061	2026-09-10
orovillemr.com	15309	2026-09-13
oskaloosa.com	45132	2026-09-13
oskynews.org	6309	2026-09-10
oswegocountynewsnow.com	13212	2026-09-12
oswegocountytoday.com	12613	2026-09-12
ottawa.ctvnews.ca	29397	2025-01-23
ottawacitizen.com	54269	2026-09-13
ottawaherald.com	5736	2026-06-06
ottawasun.com	65348	2026-09-13
ottumwacourier.com	64751	2026-09-13
oudaily.com	6403	2026-09-12
ourmidland.com	73223	2025-12-18
ourtribune.com	5164	2022-10-28
out.com	7910	2026-09-12
outbreaknewstoday.com	7571	2024-04-16
outdoorlife.com	5373	2026-09-13
outdoornews.com	14460	2026-09-12
outdoornewsdaily.com	5453	2023-05-06
outerbanksvoice.com	9297	2026-09-13
outinperth.com	5741	2026-09-13
outlookindia.com	133537	2026-09-13
outsidelands.org	6568	2026-09-13
outsideonline.com	10921	2026-09-12
overdrive.in	6031	2026-09-12
overdriveonline.com	6211	2026-05-27
owensoundsuntimes.com	26966	2026-09-13
oxfordmail.co.uk	241658	2026-09-13
oxygen.com	5115	2026-09-12
oyetimes.com	10769	2026-08-31
packers.com	7824	2026-09-12
packworld.com	8007	2025-12-28
padovanews.it	13533	2026-09-13
paducahsun.com	18992	2026-09-12
pagalguy.com	16442	2026-09-09
pagesix.com	51341	2026-09-13
pagosadailypost.com	7747	2026-09-11
pagosasun.com	13696	2026-09-12
paherald.sk.ca	14609	2026-09-13
pajhwok.com	26656	2026-09-13
pakistanpressfoundation.org	7380	2026-09-08
pakistantelegraph.com	100630	2026-09-13
pakistantoday.com.pk	30966	2026-09-12
pakobserver.net	83755	2026-09-13
palatinate.org.uk	9161	2026-09-13
palestinechronicle.com	8588	2025-08-01
palestineherald.com	10942	2026-09-13
palestinemonitor.org	38912	2026-05-15
palmbeachdailynews.com	7786	2023-09-11
palmbeachpost.com	26187	2023-09-11
palmcoastobserver.com	5119	2023-02-01
palmettobusinessdaily.com	6608	2024-01-26
paloaltoonline.com	18811	2026-09-12
pamplinmedia.com	24300	2022-12-14
panapress.com	23117	2026-05-10
panarmenian.net	24741	2026-07-30
pandct.com	10486	2026-02-15
panorama.am	26944	2026-09-13
panow.com	84293	2026-09-13
pantagraph.com	90396	2026-09-12
paperads.com	17379	2026-07-22
paperpk.com	13989	2026-07-20
parabolicarc.com	8426	2023-11-29
parade.com	9416	2025-09-12
paradisepost.com	11993	2026-09-13
parentherald.com	13186	2026-09-08
parents.com	7116	2026-03-17
parisguardian.com	67438	2026-09-13
parisstaronline.com	40074	2026-09-12
parkeschampionpost.com.au	20523	2026-09-10
parking-net.com	6510	2025-03-11
parking.net	10752	2026-09-11
parkrapidsenterprise.com	31922	2026-09-12
parkrecord.com	18628	2026-09-12
parliament.gov.to	20421	2026-08-18
parrysound.com	7704	2026-09-13
parsonssun.com	15498	2026-08-23
pasadenastarnews.com	46867	2026-09-13
pasoroblesdailynews.com	17061	2026-09-12
pastemagazine.com	11506	2026-09-12
patch.com	239335	2026-09-12
patentlyapple.com	6478	2024-07-30
patheos.com	32796	2026-06-18
patriotledger.com	9693	2023-09-11
patriotpost.us	37122	2026-09-11
patriots.com	6397	2026-09-12
pauldavisoncrime.com	8999	2026-09-12
paulickreport.com	26925	2026-02-06
paultan.org	34666	2026-09-13
paysonroundup.com	10058	2026-09-13
pbcommercial.com	7169	2026-04-07
pbn.com	8460	2026-04-18
pbs.org	26130	2026-09-11
pc-tablet.co.in	7418	2025-04-05
pcgamesn.com	29924	2026-09-13
pcmag.com	39301	2026-09-13
pctechmag.com	7132	2026-09-12
pcworld.co.nz	5685	2023-01-27
pcworld.com	16024	2026-09-12
peacearchnews.com	37085	2026-09-13
peacefmonline.com	145649	2025-01-26
peakoil.com	17729	2026-09-13
peconicpublicbroadcasting.org	6972	2020-06-16
pedestrian.tv	30724	2026-09-11
peeblesshirenews.com	94870	2026-09-13
pehub.com	15256	2026-09-11
pembinavalleyonline.com	25801	2026-09-13
pembrokeobserver.com	38995	2026-08-29
pembroketoday.ca	11772	2026-09-08
penarthtimes.co.uk	117647	2026-09-13
penbaypilot.com	37731	2026-09-12
pendletoday.co.uk	5505	2021-12-13
peninsulaclarion.com	5098	2026-09-13
peninsuladailynews.com	11693	2026-09-12
pennlive.com	108037	2026-03-08
pennrecord.com	13340	2025-05-21
pensacolasjet.com	6367	2026-09-13
pentictonherald.ca	85758	2026-09-13
people.com	58098	2026-02-05
peoplesdailyng.com	33481	2026-04-09
peoplesreview.com.np	6799	2026-09-13
peoplesworld.org	18418	2026-09-11
peoriapublicradio.org	14883	2021-05-05
perezhilton.com	34397	2026-08-10
performancedrive.com.au	13678	2025-07-21
perhamfocus.com	25294	2026-09-12
perishablenews.com	22042	2026-09-12
perrynewspapers.com	5242	2026-09-11
personneltoday.com	9152	2026-09-03
perthnow.com.au	82352	2026-09-13
petapixel.com	13031	2026-09-12
peterboroughtoday.co.uk	19466	2025-01-23
petoskeynews.com	13149	2023-09-11
pghcitypaper.com	9642	2026-04-25
phandroid.com	17766	2026-09-12
pharmaceuticalonline.com	9857	2026-09-13
pharmacytimes.com	12321	2026-03-25
pharmatimes.com	5575	2026-09-10
pharmiweb.com	39419	2026-06-01
pharostribune.com	20066	2026-09-13
philamirror.info	7659	2026-05-24
philenews.com	18599	2026-07-23
philippinetimes.com	91569	2026-09-13
phillymag.com	6502	2026-09-10
phillytrib.com	40757	2026-09-13
phillyvoice.com	35688	2026-09-13
philstar.com	172550	2026-09-13
phinphanatic.com	6244	2026-09-13
phnompenhpost.com	44711	2026-07-31
phoenixfm.com	6612	2026-09-13
phoenixherald.com	109799	2026-09-13
phoenixnewtimes.com	8005	2026-09-11
phoenixvillenews.com	8403	2021-09-28
phonearena.com	41624	2025-08-21
phoronix.com	9796	2026-09-06
photonics.com	8114	2026-01-03
photonicsonline.com	5520	2026-09-11
phys.org	148868	2026-01-29
physiciansweekly.com	7449	2026-01-06
pikefm.com	9986	2026-09-13
pilotonline.com	72056	2026-09-13
pina.com.fj	21068	2026-09-11
pinchercreekecho.com	8973	2026-09-12
pineandlakes.com	34652	2026-09-12
pineisland-eagle.com	7480	2026-09-13
pinkbike.com	9096	2024-08-26
pinknews.co.uk	20157	2022-11-29
pinkun.com	5191	2025-12-06
pinkvilla.com	221686	2026-09-13
pinstripealley.com	19867	2026-09-13
pionline.com	18259	2026-06-18
piquenewsmagazine.com	60540	2025-09-05
pireport.org	10971	2026-09-11
pistonheads.com	5777	2026-09-13
pitchfork.com	18752	2026-09-13
pittsburghmagazine.com	6153	2026-09-11
pittsburghstar.com	115127	2026-09-13
piworld.com	8178	2026-09-11
pix11.com	19492	2025-06-12
pizzamarketplace.com	5586	2026-09-11
pjmedia.com	49217	2026-09-13
pjstar.com	10980	2023-09-11
placenorthwest.co.uk	17006	2026-06-04
plaintalk.net	5720	2026-09-11
planetf1.com	47031	2026-09-13
planetizen.com	14972	2025-07-30
planetprinceton.com	10783	2026-09-13
plansponsor.com	6388	2026-07-31
plasticsnews.com	9513	2026-04-29
playbill.com	25184	2026-09-13
playstationlifestyle.net	16308	2026-09-11
pleasantonweekly.com	12735	2026-09-12
plenglish.com	62030	2026-09-01
plos.org	6020	2026-09-11
pluggedin.com	5534	2026-09-12
plymouthherald.co.uk	105934	2026-09-13
pmlive.com	10079	2026-09-11
pmnewsnigeria.com	55556	2026-09-13
pna.gov.ph	7058	2026-03-08
pnj.com	13200	2023-09-11
poandpo.com	22819	2025-05-09
pocket-lint.com	26807	2026-09-13
pocketgamer.com	7823	2026-09-12
pocketnow.com	11447	2025-09-04
poconorecord.com	7358	2023-09-11
pokernews.com	34363	2026-09-13
polandsun.com	5706	2023-12-21
police1.com	7613	2026-09-10
polishforums.com	9811	2026-09-12
politicaldog101.com	31393	2026-09-13
politicalwire.com	58824	2026-09-13
politico.com	67856	2025-11-05
politico.eu	41972	2026-09-13
politics.co.uk	8830	2026-09-11
politicsweb.co.za	10887	2026-09-11
politicususa.com	7324	2026-02-28
politifact.com	12932	2026-09-12
polity.org.za	34059	2025-01-23
polkio.com	18731	2026-09-12
pollstar.com	6661	2026-09-10
polygon.com	37589	2026-09-13
poncacitynews.com	9921	2026-09-12
pontefractandcastlefordexpress.co.uk	5456	2021-12-14
popcrush.com	18602	2026-09-13
popmatters.com	6121	2025-10-29
popsci.com	12907	2026-09-12
popsugar.com	65098	2026-09-11
popsugar.com.au	14474	2025-05-08
popularmechanics.com	15234	2026-09-11
portageonline.com	27835	2026-09-13
portcitydaily.com	16019	2026-09-12
portclintonnewsherald.com	6288	2023-09-11
portfolio-adviser.com	7311	2026-09-10
portlandmercury.com	12186	2026-09-12
portlandtribune.com	8817	2026-09-13
portnews.com.au	65544	2026-09-13
portsmouth-dailytimes.com	7678	2026-09-12
portsmouth.co.uk	25284	2025-01-23
portstephensexaminer.com.au	58432	2026-09-13
porttechnology.org	5116	2026-08-28
positivelyfilipino.com	6238	2026-09-09
post-journal.com	24920	2026-09-12
postandcourier.com	123843	2026-09-13
postbulletin.com	63376	2026-09-13
postcourier.com.pg	44037	2026-09-13
postcrescent.com	12995	2023-09-11
postindependent.com	14592	2026-09-12
postnewsgroup.com	6629	2026-09-08
postonline.co.uk	9226	2026-09-11
postregister.com	69664	2026-09-13
poststar.com	66297	2026-09-12
potchefstroomherald.co.za	10484	2023-10-04
potomaclocal.com	14518	2026-09-13
pottsmerc.com	51333	2026-09-13
poughkeepsiejournal.com	7141	2023-09-11
poundingtherock.com	8989	2026-09-13
powderbulksolids.com	7664	2026-09-12
powelltribune.com	19226	2026-09-13
power-technology.com	11788	2026-09-11
power103.com	8486	2026-09-13
power1057.com	7731	2026-09-13
power1069fm.com	22458	2026-08-09
power923.com	6419	2026-09-13
power959.com	20123	2026-09-12
power965.com	6877	2025-01-27
power96radio.com	51754	2026-09-12
power98fm.com	24097	2026-09-13
powerboise.com	5241	2026-09-07
powerlineblog.com	11521	2026-07-02
powermag.com	6214	2026-09-11
powerorlando.com	8072	2026-09-11
powerpage.org	7064	2026-01-18
poynter.org	5565	2026-09-11
pqbnews.com	32674	2026-09-13
pr-inside.com	187735	2026-09-13
pr.com	17071	2026-09-13
pragativadi.com	55187	2026-09-13
prairiepublic.org	43094	2026-09-13
praise933.com	5194	2024-04-28
prajasakti.com	11555	2026-06-26
pratttribune.com	5184	2023-09-12
predominantlyorange.com	7947	2026-09-12
premierchristianradio.com	11066	2023-06-07
premiumbeautynews.com	6079	2026-09-12
premiumtimesng.com	111963	2026-09-13
prescottenews.com	9377	2026-08-04
press-citizen.com	9004	2023-09-11
pressandguide.com	17310	2025-11-04
pressandjournal.co.uk	196721	2025-05-27
pressconnects.com	6069	2023-09-11
pressdemocrat.com	33280	2026-09-13
pressenterpriseonline.com	87096	2026-01-28
pressenza.com	12674	2026-09-13
pressgazette.co.uk	7329	2026-09-11
pressherald.com	133525	2026-09-13
pressofatlanticcity.com	83064	2026-09-13
pressparty.com	8869	2026-01-02
presspublications.com	6532	2026-09-11
presspubs.com	7768	2026-09-13
pressreleasepoint.com	60727	2026-09-03
pressrepublican.com	20126	2026-09-13
presstelegram.com	47436	2026-09-13
presstv.com	18559	2021-06-22
presstv.ir	65484	2026-07-22
prestigeonline.com	8986	2026-09-11
prestwichandwhitefieldguide.co.uk	18621	2023-03-07
prevention.com	11871	2026-09-13
prima.co.uk	8815	2026-09-12
primepublishers.com	5255	2026-09-12
princegeorgecitizen.com	137171	2025-09-05
princeton.edu	9169	2026-09-13
princetonol.com	11548	2026-09-13
printingnews.com	8737	2022-11-18
printweek.com	9505	2026-05-29
printweek.in	8919	2026-09-13
prisonplanet.com	5521	2026-08-12
priyo.com	19475	2026-09-05
prleap.com	9596	2026-09-12
prnewswire.co.uk	14900	2026-09-10
prnewswire.com	1314056	2026-09-13
proactiveinvestors.co.uk	61702	2026-09-12
proactiveinvestors.com	64333	2026-09-12
proactiveinvestors.com.au	34392	2026-09-12
probuilder.com	7515	2026-09-11
producer.com	14827	2025-05-22
professionaladviser.com	13826	2026-09-11
professionalpensions.com	11013	2026-09-11
progress-index.com	6209	2023-09-11
progressive-charlestown.com	20463	2026-09-13
progressivegrocer.com	7553	2025-09-09
progressiverailroading.com	10720	2026-09-12
projectnoah.org	19442	2026-09-06
prokerala.com	639439	2026-09-13
prolificnorth.co.uk	21481	2026-07-21
promptnewsonline.com	39416	2026-09-13
propakistani.pk	84666	2026-09-08
propertyweek.com	27699	2026-09-11
propublica.org	5471	2026-09-11
prospectmagazine.co.uk	8245	2026-09-12
providencejournal.com	22218	2023-09-11
prowrestling.net	18435	2026-09-13
prpeak.com	86658	2025-09-05
prrecordgazette.com	12903	2026-09-12
prunderground.com	11996	2026-08-09
prweb.com	172534	2026-09-12
prweek.com	13527	2026-07-02
psu.com	7048	2025-06-06
psu.edu	25134	2026-09-12
psychcentral.com	5022	2024-10-01
psychiatryadvisor.com	8782	2026-09-11
psychologytoday.com	23396	2026-09-01
ptinews.com	297015	2024-03-31
ptleader.com	7674	2026-09-13
publicnewsservice.org	19341	2025-08-20
publicnow.com	17005	2022-09-16
publicradioeast.org	54022	2026-09-13
publicradiotulsa.org	55923	2026-09-13
publishersweekly.com	21018	2026-09-12
pullmanradio.com	13536	2026-09-12
pulse.com.gh	49036	2026-03-19
pulse.ng	86874	2026-03-18
punchjump.com	11360	2026-09-11
punchng.com	296344	2026-09-13
punknews.org	9344	2026-09-12
punto.com.ph	8965	2026-09-12
purdueexponent.org	36834	2026-09-12
purerock96.com	9332	2026-09-13
purplerow.com	6088	2026-09-13
pushsquare.com	29640	2026-09-12
pv-magazine.com	18465	2026-06-04
pv-tech.org	13676	2026-09-11
pvvt.com	5706	2026-09-09
pwcs.edu	10390	2022-08-01
pymnts.com	23721	2026-09-12
q102.ie	16965	2026-09-10
q105.fm	6735	2026-09-13
q1057.com	9706	2026-09-12
q1061.com	8377	2026-09-13
q1065.fm	23984	2026-09-11
q106dot5.com	21541	2026-09-13
q106fm.com	8259	2026-09-11
q107.com	20490	2026-09-11
q1077.com	25126	2026-09-11
q107fm.ca	6514	2020-06-10
q108.com	7901	2026-09-11
q13fox.com	32112	2023-04-18
q93fm.com	14934	2026-09-11
q957.com	18815	2025-10-31
q95fm.net	8602	2026-08-21
q961.com	23932	2026-09-11
q985online.com	38010	2026-09-12
q98fm.com	7087	2026-09-13
qatar-tribune.com	33510	2026-09-13
qatarliving.com	8922	2026-09-13
qchron.com	13106	2026-09-10
qconline.com	70153	2026-09-13
qctimes.com	96322	2026-09-13
qns.com	12233	2026-09-12
qsrmagazine.com	6347	2026-02-19
qsrweb.com	7132	2026-09-11
qt.com.au	56636	2021-06-23
quadcitiesdaily.com	21617	2026-01-02
queanbeyanage.com.au	69842	2026-09-13
queensjournal.ca	5246	2026-09-11
queenslandcountrylife.com.au	50306	2026-09-13
queerty.com	6744	2026-09-05
quesnelobserver.com	29908	2026-09-13
quickcountry.com	48412	2026-09-12
quicknews-africa.net	37254	2026-09-13
quickworldnews.com	19319	2021-10-16
quintenews.com	27567	2026-09-13
qvc.com	59059	2026-07-08
qxmagazine.com	26771	2026-07-27
qz.com	34087	2026-04-13
racer.com	13748	2026-01-08
radaronline.com	34192	2026-09-13
radio.com	43725	2025-12-15
radio.gov.pk	58755	2026-09-13
radiocayman.gov.ky	8354	2026-09-13
radioinfo.com.au	6174	2025-01-22
radioink.com	15091	2026-09-11
radioiowa.com	16240	2026-07-27
radiojamaicanewsonline.com	29734	2026-09-11
radiokerry.ie	24999	2026-09-12
radiokorea.com	28815	2026-08-10
radiotamazuj.org	13337	2026-09-13
radiotimes.com	41042	2026-09-13
radiotoday.co.uk	5829	2026-09-11
radiotoday.com.au	8181	2025-06-14
radiousa.com	8276	2026-09-11
radiox.co.uk	6840	2026-09-11
radyonatin.com	11629	2025-10-03
rafu.com	5416	2026-09-13
ragtrader.com.au	7754	2026-09-11
railpage.com.au	73388	2023-10-15
railway-technology.com	5674	2026-09-08
railwayage.com	8580	2026-01-31
railwaygazette.com	10963	2026-09-13
rap-up.com	9390	2026-02-07
rapidcityjournal.com	58729	2026-09-12
rapidtvnews.com	6195	2026-02-17
rappler.com	84234	2026-09-13
rappnews.com	9635	2026-08-30
rapsinews.com	6019	2025-12-09
rashtranews.com	23678	2026-08-04
rasmussenreports.com	7797	2026-09-12
ravallirepublic.com	53791	2026-09-11
rawstory.com	65235	2026-09-13
rbj.net	12065	2026-06-04
rbth.com	6316	2026-09-06
rcps.info	37674	2026-06-15
rcreader.com	8166	2026-09-13
rcrwireless.com	8537	2026-09-11
reachfm.ca	13597	2026-01-01
readingchronicle.co.uk	138572	2026-09-13
readingeagle.com	58468	2026-09-13
readmedia.com	32404	2026-09-09
readwrite.com	6433	2024-10-10
realclearpolitics.com	31789	2026-05-17
realestate.com.au	14264	2026-09-13
realestatebusiness.com.au	9001	2026-09-11
realgeni.com	32458	2025-04-16
realitytea.com	42334	2026-09-12
realitytvworld.com	35795	2026-09-13
realradio804.com	6475	2026-09-11
realscreen.com	6878	2026-06-24
reason.com	15850	2026-09-13
rechargenews.com	10493	2026-09-11
record-bee.com	11336	2026-09-13
record-eagle.com	80580	2026-09-13
recordcourier.com	10467	2025-09-04
recorder.ca	49198	2026-09-13
recorder.com	35106	2026-09-13
recordernews.com	6816	2023-10-26
recorderonline.com	52037	2026-09-12
recordnet.com	9191	2023-09-11
recordonline.com	10835	2023-09-11
redandblack.com	10013	2026-09-13
redbluffdailynews.com	13021	2026-09-13
reddeeradvocate.com	21597	2026-09-12
redding.com	5466	2023-09-11
redditchadvertiser.co.uk	110611	2026-09-13
redditchstandard.co.uk	15043	2026-09-13
redeyeradioshow.com	14671	2026-08-28
redfm.ie	11655	2026-09-12
rediff.com	86238	2026-09-13
redlandcitybulletin.com.au	65341	2026-09-13
redlandsdailyfacts.com	45073	2026-09-13
redriverradio.org	57447	2026-09-13
redstate.com	76402	2026-09-13
redwatch.org.au	11938	2026-09-13
reflector.com	102966	2026-09-13
reformer.com	47485	2026-09-12
regina.ctvnews.ca	15942	2025-04-08
register-herald.com	61289	2026-09-12
registercitizen.com	111574	2026-04-21
registerguard.com	9843	2023-09-10
registerherald.com	6606	2025-09-17
rejournals.com	8752	2025-07-14
rekordeast.co.za	10868	2021-02-24
relevantmagazine.com	8513	2026-09-11
relevantradio.com	9361	2026-06-04
reliefweb.int	163718	2026-03-28
religionnews.com	16623	2026-07-17
relish.com	7311	2026-08-31
relix.com	6638	2026-09-11
renalandurologynews.com	8236	2026-09-11
renewableenergymagazine.com	10347	2026-09-11
renews.biz	22747	2025-01-23
renfrewtoday.ca	11838	2026-09-02
rep-am.com	52992	2025-02-04
repeatingislands.com	7064	2026-09-11
reporter.net	18310	2026-09-13
reporterherald.com	40000	2026-09-13
reporternews.com	9509	2023-09-11
republic-online.com	26031	2026-08-26
republicaneagle.com	5698	2026-09-12
republicanherald.com	47170	2026-09-13
republicofmining.com	6923	2026-08-07
republicworld.com	41980	2026-03-17
republikein.com.na	6547	2026-09-11
rescue.org	5797	2026-09-09
reseller.co.nz	14635	2026-09-11
resilience.org	5454	2026-09-11
respect-mag.com	5648	2026-09-01
restaurantmagazine.com	13875	2026-09-11
restaurantnews.com	13770	2026-09-12
restaurantnewsrelease.com	13504	2026-09-12
restaurantonline.co.uk	6210	2026-09-11
restonnow.com	6591	2024-05-17
retaildetail.eu	7352	2026-09-11
retaildive.com	12724	2026-09-12
retailtimes.co.uk	18968	2026-09-13
reuters.com	928661	2026-07-21
revengeofthebirds.com	7076	2026-09-13
reverb.com	6060	2022-05-04
reviewjournal.com	39819	2026-09-13
reviewonline.com	18650	2026-09-12
reviewtimes.com	6175	2020-06-10
revolutionradio.org	7537	2025-09-24
revolvermag.com	6193	2025-01-22
rewind943.com	9882	2026-09-11
rexburgstandardjournal.com	7414	2026-09-13
rfa.org	13534	2026-09-08
rfdtv.com	25859	2026-09-12
rferl.org	46111	2026-09-13
rfglobalnet.com	5457	2026-09-11
rfi.fr	62533	2026-09-12
rgj.com	9002	2023-09-11
rheaheraldnews.com	8721	2026-09-12
rheinpfalz.de	6895	2020-11-26
rhyljournal.co.uk	115133	2026-09-13
ricentral.com	6569	2026-09-11
richlandsource.com	29242	2026-09-13
richmond-news.com	74966	2025-09-05
richmond.com	91388	2026-09-13
richmondandtwickenhamtimes.co.uk	113332	2026-09-13
richmondbizsense.com	7460	2026-09-11
richmondfreepress.com	7220	2026-02-12
richmondregister.com	27675	2026-09-11
ricochet.com	33598	2025-06-14
ridgecrestca.com	9161	2026-09-12
riggosrag.com	7024	2026-09-12
rightspeak.net	12561	2026-09-13
rigzone.com	31084	2026-09-13
ringsidereport.com	6094	2026-09-08
riotimesonline.com	45585	2026-09-13
riponadvance.com	8516	2026-09-11
riponpress.com	7792	2026-09-13
ripplesnigeria.com	10801	2026-02-09
risingapple.com	5968	2026-09-13
risingbd.com	7134	2023-02-02
risingkashmir.com	6154	2025-07-25
risk.net	7905	2026-09-10
rismedia.com	15073	2026-09-11
rivals.com	5169	2025-06-14
river1037.com	15297	2026-09-06
river105.com	11695	2026-09-09
river967.com	22238	2026-09-11
riverbender.com	7579	2025-01-23
riverfronttimes.com	8051	2025-08-16
rivergrandrapids.com	31696	2026-09-12
rivernewsonline.com	15228	2026-09-11
riviera-maya-news.com	11701	2026-09-12
rnanews.com	6731	2026-09-12
rnz.co.nz	161360	2026-09-13
road.cc	10392	2026-09-12
roadandtrack.com	12526	2026-09-13
roadsafety.co.za	10831	2026-09-12
roanoke.com	77237	2026-09-12
roarmag.org	22884	2026-09-13
robbreport.com	16885	2026-09-12
robesonian.com	6028	2026-09-12
roboticstomorrow.com	7712	2026-09-11
rochdaleonline.co.uk	11368	2025-11-25
rochestercitynewspaper.com	5405	2023-03-06
rock101.com	10995	2026-09-08
rock1015.com	6204	2026-09-12
rock107.com	10079	2026-09-12
rock937online.com	24042	2025-03-27
rock947.com	9740	2022-11-22
rock967online.com	21525	2026-09-11
rockdalenewtoncitizen.com	71558	2026-08-23
rockpapershotgun.com	20263	2026-09-11
rocksound.tv	5177	2026-09-11
rockymounttelegram.com	63102	2026-09-13
rockytopinsider.com	8219	2026-09-13
rogerebert.com	23518	2026-01-29
rollcall.com	11688	2026-09-11
rollingout.com	36521	2025-12-23
rollingstone.com	55477	2026-09-13
rollingstoneindia.com	6486	2026-09-11
romania-insider.com	16431	2026-09-06
romaniapress.com	67628	2026-09-11
romesentinel.com	14010	2026-09-13
romfordrecorder.co.uk	50572	2026-09-13
romseyadvertiser.co.uk	52579	2024-10-26
roscommonherald.ie	52605	2026-09-13
ross-shirejournal.co.uk	52465	2026-09-13
rosslandtelegraph.com	5850	2026-09-12
rotherhamadvertiser.co.uk	7306	2025-01-23
rotowire.com	12714	2026-09-13
roundupweb.com	5571	2026-09-11
routesonline.com	12955	2026-07-31
royalcentral.co.uk	13873	2026-09-12
royalgazette.com	55353	2026-09-12
royalsreview.com	8201	2026-09-13
royston-crow.co.uk	30858	2026-09-13
rozanaspokesman.com	14136	2026-09-13
rrdailyherald.com	24084	2026-09-12
rri.ro	10043	2026-09-13
rrobserver.com	6531	2026-09-11
rrr.org.au	25656	2026-09-13
rrstar.com	9459	2023-09-11
rsn.net.au	11242	2026-09-13
rstreet.org	8389	2026-09-11
rt.com	14487	2026-09-12
rte.ie	181666	2026-09-13
rthk.hk	11707	2026-09-04
rtoinsider.com	5999	2026-09-11
rtrfm.com.au	6114	2026-09-11
rttnews.com	136083	2026-09-13
rubbernews.com	9503	2026-06-18
runcornandwidnesworld.co.uk	92121	2026-09-13
runnersworld.com	10372	2026-09-12
runningmagazine.ca	6485	2026-09-12
runwaygirlnetwork.com	5635	2026-03-31
rushlane.com	9032	2026-09-13
russiaherald.com	134042	2026-09-13
russianmachineneverbreaks.com	7533	2026-09-13
russianradio7.com	8075	2025-01-20
rustourismnews.com	6290	2026-09-12
ruthfullyyours.com	25532	2026-08-01
rutland-times.co.uk	11835	2026-09-13
rutlandherald.com	41028	2026-09-12
rvasia.org	8268	2026-08-11
ryeandbattleobserver.co.uk	5120	2022-02-09
sabcnews.com	8897	2026-03-19
sacobserver.com	7011	2026-05-28
sacurrent.com	17107	2026-09-12
safc.com	10896	2024-07-16
saharareporters.com	100815	2026-09-12
saharasamay.com	17976	2026-09-11
sahilonline.org	12066	2026-09-13
sail-world.com	21864	2026-09-13
sailingscuttlebutt.com	8762	2026-07-12
saipantribune.com	7237	2025-05-29
sakshi.com	36429	2025-06-05
sakshipost.com	32884	2026-09-12
salemnews.com	29714	2026-09-12
salemnews.net	17434	2026-09-12
salina.com	9487	2023-09-10
salinapost.com	31749	2026-09-13
salisburyjournal.co.uk	122429	2026-09-13
salon.com	33003	2026-09-13
saltlakecitysun.com	146570	2026-09-13
saltwire.com	82580	2026-09-13
samaa.tv	61790	2026-09-13
sammobile.com	26335	2026-08-26
samoanews.com	5955	2026-09-12
samoaobserver.ws	9433	2026-09-13
sana.sy	29039	2026-09-13
sanangelolive.com	28250	2026-09-12
sanantoniopost.com	63386	2026-09-13
sandiegoreader.com	13139	2025-08-22
sandiegosun.com	178711	2026-09-13
sandiegouniontribune.com	215227	2026-09-13
sanews.gov.za	15713	2026-09-13
sanfordherald.com	52517	2026-09-13
sanilacbroadcasting.com	5339	2025-01-09
sanjuanjournal.com	5796	2026-09-11
sanmarcosrecord.com	10955	2026-09-10
sanremonews.it	5202	2026-09-13
santabanta.com	7519	2026-09-12
santacruzsentinel.com	22245	2026-09-13
santafenewmexican.com	63453	2026-09-13
santamariasun.com	5433	2026-09-10
santamariatimes.com	93306	2026-09-13
saobserver.net	45638	2026-09-13
saps.gov.za	37740	2025-11-19
sarajevotimes.com	5933	2026-03-02
saratogian.com	39284	2026-09-13
sarniathisweek.com	35616	2026-01-20
saskatoon.ctvnews.ca	14577	2025-01-22
satellitetoday.com	7220	2026-09-11
satnews.com	14620	2026-09-12
saudigazette.com.sa	54271	2026-03-18
saukvalley.com	7863	2020-12-17
saultstar.com	60086	2026-09-13
saultthisweek.com	48731	2026-06-22
savannahnow.com	16081	2023-09-11
savejersey.com	6138	2026-09-13
savingadvice.com	6141	2026-09-12
sb.by	18960	2026-09-11
sbcnews.co.uk	7219	2024-12-05
sbnation.com	47610	2026-09-13
sbr.com.sg	20094	2026-09-11
sbs.com.au	85039	2026-09-13
sbsun.com	45728	2026-09-13
sbwire.com	16543	2022-01-13
scallywagandvagabond.com	9151	2026-09-13
scdailypress.com	7072	2023-01-30
schoolsweek.co.uk	7252	2026-07-03
schroders.com	5010	2024-02-09
science.org	5028	2024-04-24
science20.com	7779	2026-09-13
sciencealert.com	18940	2026-09-13
scienceblog.com	15764	2026-09-13
scienceblogs.com	14676	2026-09-13
sciencebusiness.net	9408	2026-02-09
sciencedaily.com	32157	2026-08-06
sciencemag.org	12882	2021-10-07
sciencenews.org	5525	2026-09-11
scientificamerican.com	14365	2026-09-13
scmagazine.com	10578	2024-09-25
scmp.com	161114	2026-09-13
scnow.com	44803	2026-09-12
sconeadvocate.com.au	71769	2026-09-13
scoop.co.nz	285158	2026-09-13
scotsman.com	80113	2025-01-23
scottishconstructionnow.com	6927	2026-09-11
scottishhousingnews.com	7057	2026-09-11
scottishlegal.com	6308	2026-09-11
scpr.org	7524	2024-02-29
screencrush.com	10321	2026-09-11
screendaily.com	27103	2025-09-05
screenrant.com	210630	2026-09-13
scrippsnews.com	14231	2026-03-19
scroll.in	56101	2026-09-13
sctimes.com	6903	2023-09-10
scvnews.com	21827	2026-09-13
sdbj.com	5886	2026-09-11
sdcexec.com	8119	2025-12-28
sdjewishworld.com	6549	2026-09-13
sdpb.org	14678	2026-09-11
se933.com	20825	2026-09-12
seacoastonline.com	17956	2024-10-24
seafoodsource.com	6470	2025-01-23
seaforthhuronexpositor.com	22780	2026-09-12
seahawks.com	6342	2026-09-11
searchenginejournal.com	6604	2026-09-13
searchengineland.com	9460	2026-09-12
searchlight.vc	23186	2026-09-11
seasideradio.co.uk	13585	2026-09-11
seatrade-maritime.com	9491	2025-01-09
seattlepi.com	165051	2025-11-18
seattletimes.com	70978	2026-07-15
securityinfowatch.com	9751	2026-09-11
sedaliademocrat.com	12267	2026-09-12
seekingalpha.com	143995	2026-09-13
seenews.com	23417	2025-11-19
segmentnext.com	12742	2025-07-30
seguingazette.com	7189	2026-09-12
seguintoday.com	5208	2026-09-12
sej.org	15138	2026-09-11
selectscience.net	14615	2026-09-11
semissourian.com	16204	2026-08-30
sen.com.au	17190	2024-11-11
senate.gov.ph	10256	2025-08-20
seneweb.com	81744	2026-04-30
sent-trib.com	33170	2025-09-17
sentinel-standard.com	6658	2023-09-09
sentinelandenterprise.com	21072	2026-09-13
sentinelassam.com	82932	2026-09-13
sentinelsource.com	22605	2025-02-13
sequimgazette.com	6277	2026-09-12
serbian.cri.cn	11148	2026-09-13
setexasrecord.com	13902	2025-05-21
sevendaysvt.com	20045	2026-09-11
seventeen.com	10867	2026-09-03
seychellesnewsagency.com	7022	2026-02-17
sfchronicle.com	86527	2025-11-18
sfexaminer.com	15511	2026-09-13
sfgate.com	557091	2026-09-12
sfist.com	16312	2026-09-12
sflcn.com	6330	2026-06-04
sfstation.com	9545	2026-09-13
sgvtribune.com	48114	2026-09-13
shabait.com	5337	2026-09-12
shacknews.com	30498	2026-09-13
shafaqna.com	40724	2026-09-13
shanghaiist.com	6071	2026-07-11
shanghainews.net	89389	2026-09-13
shanghaisun.com	155164	2026-09-13
shankennewsdaily.com	7275	2026-09-11
shannonside.ie	29157	2026-09-13
sharecast.com	18144	2026-03-26
sharechat.co.nz	5724	2026-09-11
sharenet.co.za	17881	2026-08-25
shark1053.com	22481	2026-09-13
sharonherald.com	24553	2026-09-13
sheboyganpress.com	9278	2023-09-11
shekicks.net	6464	2026-09-12
sheknows.com	28461	2026-09-12
shelbystar.com	6592	2023-09-11
sheltonherald.com	53654	2025-11-18
shephardmedia.com	8547	2026-09-11
sheppnews.com.au	6976	2025-10-15
sherbrookerecord.com	5309	2026-09-12
sheridanmedia.com	22539	2026-09-13
sherwoodparknews.com	16752	2026-09-13
shetlandtimes.co.uk	8516	2026-09-13
shetnews.co.uk	16477	2026-09-13
shieldsgazette.com	12833	2025-01-23
shine.cn	8014	2025-06-14
ship-technology.com	5385	2026-09-12
shipandbunker.com	17515	2026-09-11
shipnc.com	8549	2026-09-12
shippingtribune.com	6152	2026-09-12
shippingwatch.com	7709	2026-06-26
shockya.com	5782	2026-09-13
shorehamherald.co.uk	6130	2022-02-09
shorelinebeacon.com	23344	2026-08-29
shorelinemedia.net	23652	2026-09-12
shorenewsnetwork.com	18724	2026-03-12
shortlist.com	6790	2026-09-11
showbiz411.com	6214	2026-09-13
shreveporttimes.com	9564	2023-09-11
shropshirelive.com	11879	2026-09-13
shropshirestar.com	67852	2026-03-26
si.com	255917	2026-09-13
siasat.com	165116	2026-09-13
sidneydailynews.com	17900	2025-09-17
sidneyherald.com	11730	2026-09-12
sierraleonetimes.com	70719	2026-09-13
sierrawave.net	6391	2026-09-13
sify.com	66094	2026-09-11
signalscv.com	22287	2026-09-05
siliconangle.com	18755	2026-09-12
siliconera.com	19696	2026-09-12
siliconindia.com	22860	2026-09-12
siliconrepublic.com	20007	2026-09-11
siliconvalley.com	14989	2026-09-12
silive.com	59235	2026-02-23
silverandblackpride.com	15641	2026-09-13
silverbirdtv.com	9081	2026-09-13
simcoe.com	14068	2026-09-12
simcoereformer.ca	51366	2026-09-12
simpleflying.com	8160	2026-09-01
sina.com	68991	2025-01-09
sina.com.hk	30314	2026-09-12
singaporestar.com	77010	2026-09-13
singersroom.com	17176	2026-09-13
singletonargus.com.au	76110	2026-09-13
siouxcityjournal.com	261530	2026-09-12
siouxlandnews.com	8328	2026-09-12
sis.gov.eg	9722	2025-11-14
siskiyoudaily.com	5408	2023-09-11
sitkasentinel.com	35549	2026-09-13
sj-r.com	11627	2023-09-11
skift.com	18029	2026-09-11
sknvibes.com	13019	2026-09-13
skopjediem.com	6665	2026-09-11
sky.com	87580	2026-09-10
skymetweather.com	6238	2026-09-12
skynews.com.au	72895	2026-07-26
slamonline.com	5481	2025-09-10
slashdot.org	5538	2024-09-09
slashfilm.com	42870	2026-09-13
slashgear.com	57002	2026-09-13
slate.com	42599	2026-09-13
sleepreviewmag.com	5252	2026-09-12
slguardian.org	24441	2026-09-13
slippedisc.com	7161	2026-09-13
slotocash.im	6832	2023-11-30
sloughobserver.co.uk	113667	2026-09-13
sloveniatimes.com	12811	2025-11-18
sltrib.com	30260	2026-09-13
slugmag.com	5511	2026-09-13
smallbiztrends.com	13314	2026-09-13
smallwarsjournal.com	6274	2026-06-04
smartcanucks.ca	13910	2026-09-13
smartcompany.com.au	10104	2026-09-11
smartpropertyinvestment.com.au	6287	2026-09-12
smdailyjournal.com	137001	2026-07-31
smdp.com	12473	2026-09-12
smenet.org	5134	2026-09-11
smetimes.in	13973	2026-09-10
smh.com.au	271199	2026-09-13
smithsonianmag.com	5400	2026-09-09
smn-news.com	16105	2026-09-13
smnewsnet.com	11006	2026-03-23
smokymountainnews.com	9219	2026-09-09
snl24.com	37194	2026-07-02
snntv.com	12417	2024-07-01
snopes.com	13727	2026-03-19
so-co-it.com	5992	2026-07-02
soapoperadigest.com	6201	2026-09-13
socaltech.com	5712	2025-12-24
socialistparty.org.uk	5103	2025-01-22
socialmediatoday.com	12831	2026-09-11
sofiaglobe.com	9649	2026-09-12
sofrep.com	14334	2026-04-18
softpedia.com	5650	2024-12-01
softrock941.com	5118	2023-02-13
soglos.com	5914	2026-09-10
sojo1049.com	42062	2026-09-12
solomonstarnews.com	9202	2026-04-30
somdnews.com	22199	2026-09-13
somerset-kentucky.com	30766	2026-09-13
somersetcountygazette.co.uk	192385	2026-09-13
somersetlive.co.uk	96437	2026-09-13
sooeveningnews.com	5730	2023-09-09
sookenewsmirror.com	39401	2026-09-13
soompi.com	34369	2026-09-13
sott.net	73070	2026-09-12
sounderatheart.com	7610	2026-09-13
soundonsound.com	25693	2026-09-12
southbendtribune.com	14724	2023-09-11
southcarolinapublicradio.org	77226	2026-09-13
southcoastregister.com.au	52660	2026-09-13
southcoasttoday.com	12183	2025-05-13
southdadenewsleader.com	8825	2026-09-12
southeastagnet.com	6388	2026-09-12
southeastasiapost.com	101505	2026-09-13
southeastradio.ie	8735	2026-09-12
southeastsun.com	5753	2025-01-17
southernhighlandnews.com.au	64613	2026-09-13
southernliving.com	11781	2026-03-17
southernminn.com	92015	2026-09-13
southernstandard.com	5879	2025-07-19
southernstar.ie	13312	2026-09-11
southgatearc.org	6902	2022-10-08
southpeacenews.com	8539	2026-09-13
southtahoenow.com	54431	2026-09-13
southwalesargus.co.uk	195315	2026-09-13
southwalesguardian.co.uk	95516	2026-09-13
southwhidbeyrecord.com	6162	2026-09-08
sowetan.co.za	6669	2026-09-13
sowetanlive.co.za	56173	2025-10-16
soyacincau.com	16027	2026-09-11
space.com	23983	2026-09-13
spacecoastdaily.com	12231	2026-09-12
spacedaily.com	22007	2026-09-13
spaceref.com	6301	2026-09-03
spacewar.com	31717	2026-09-13
spaldingtoday.co.uk	8426	2023-12-04
spanishvida.com	5334	2026-09-12
spartaindependent.com	5440	2026-09-11
spectator.co.uk	41838	2025-12-16
spectator.org	8421	2026-08-20
spectator.sme.sk	10290	2026-02-18
spectrumlocalnews.com	9095	2026-06-26
spectrummagazine.org	5950	2024-10-24
spectrumnews1.com	7443	2026-02-12
speedcafe.com	32234	2026-09-13
speedwaymedia.com	16790	2026-09-13
spencerdailyreporter.com	5843	2026-09-10
spiked-online.com	6936	2026-09-12
spin.com	7322	2026-03-12
spin1038.com	7551	2026-09-11
spoilertv.com	28117	2026-09-13
spokanepublicradio.org	64713	2026-09-12
spokesman.com	59414	2026-09-13
sportsnet.ca	5652	2022-01-17
spotlightnepal.com	8516	2026-09-13
spotrac.com	57123	2026-09-13
springer.com	6034	2026-09-13
springfieldnewssun.com	54275	2026-09-13
sprucegroveexaminer.com	16663	2026-09-13
sputnikglobe.com	36015	2026-09-13
sputniknews.com	115856	2023-04-05
squamishchief.com	72879	2025-09-05
squatchrocks.com	44628	2026-09-12
srilankamirror.com	14916	2026-09-13
srilankasource.com	99115	2026-09-13
srpressgazette.com	6492	2026-09-13
ssuchronicle.com	20914	2020-04-15
stabroeknews.com	84877	2026-03-26
staffingindustry.com	7493	2024-12-01
stalbansreview.co.uk	82873	2025-12-09
stalbertgazette.com	58824	2025-09-05
stamfordadvocate.com	157056	2025-06-12
stamfordmercury.co.uk	8132	2023-12-04
stampedeblue.com	10204	2026-09-13
standard-democrat.com	5151	2026-08-28
standard-freeholder.com	44581	2026-09-13
standard-journal.com	66568	2026-09-13
standard.co.uk	211083	2026-09-13
standard.net	17883	2026-09-12
standard.net.au	78620	2026-09-13
standardbredcanada.ca	35035	2026-09-13
standardmedia.co.ke	196365	2026-09-13
standardspeaker.com	48583	2026-09-13
stanforddaily.com	6385	2026-09-10
star945.com	8060	2026-09-11
star967.net	13534	2026-03-20
star98.net	10415	2026-09-13
staradvertiser.com	53782	2026-09-13
starbeacon.com	28614	2026-09-13
starcommunity.com.au	9165	2026-04-29
starcourier.com	5441	2023-09-10
stardem.com	34166	2026-09-13
starfm1023.com	6853	2026-08-31
stargazette.com	5321	2023-09-11
starherald.com	50655	2026-09-12
starkvilledailynews.com	5628	2026-09-11
starlocalmedia.com	58927	2026-09-12
starmometer.com	9202	2026-06-08
starnewsonline.com	11634	2023-09-11
starobserver.com.au	8406	2026-09-13
starofmysore.com	35038	2026-09-12
starradiovegas.com	5978	2022-06-24
startribune.com	263278	2026-08-25
starweekly.com.au	25547	2026-03-02
state.gov	15216	2026-09-12
statecollege.com	13875	2026-09-12
statenews.com	9109	2026-09-13
stateofreform.com	5750	2026-03-27
statesboroherald.com	9002	2026-09-12
statesman.com	34154	2026-03-25
statesmanjournal.com	9447	2023-09-11
statesville.com	48023	2026-09-11
staugustine.com	10411	2023-09-11
stawelltimes.com.au	30205	2026-09-13
stcatharinesstandard.ca	109645	2026-09-13
steelers.com	6702	2026-09-13
steinbachonline.com	25624	2026-09-13
stellar.ie	10593	2026-09-10
stereoboard.com	20771	2026-09-12
stereogum.com	20792	2026-09-12
stettlerindependent.com	11859	2026-09-12
stevenspointjournal.com	8837	2023-09-11
stevivor.com	6004	2026-08-24
stgeorgeutah.com	24191	2026-09-13
sthelensstar.co.uk	138391	2026-09-13
stiripesurse.ro	39553	2026-09-12
stlamerican.com	18177	2026-09-12
stlouisstar.com	95868	2026-09-13
stlpublicradio.org	8721	2023-09-01
stltoday.com	242288	2026-09-12
stock-world.de	6893	2024-12-30
stockandland.com.au	39566	2026-09-13
stockhouse.com	12208	2026-07-28
stockjournal.com.au	39922	2026-09-13
stockmarketwire.com	21652	2022-02-23
stokesentinel.co.uk	103574	2026-09-13
stornowaygazette.co.uk	7135	2025-01-23
stourbridgenews.co.uk	145309	2026-09-13
straight.com	17035	2026-09-13
straitstimes.com	198947	2026-09-13
strangehorizons.com	5185	2026-09-13
strategypage.com	10764	2026-09-13
stratford-herald.com	19723	2026-09-13
stratfordbeaconherald.com	40833	2026-09-12
stratfordobserver.co.uk	10090	2026-09-13
strathroyagedispatch.com	35086	2026-01-25
strathroytoday.ca	8618	2026-09-11
streetinsider.com	368521	2024-12-02
streetsblog.org	9586	2026-09-11
stripes.com	98140	2026-09-13
stroudnewsandjournal.co.uk	119240	2026-09-13
stthomastimesjournal.com	41427	2026-09-12
stthomastoday.ca	9298	2026-09-11
stuff.co.nz	290589	2024-01-16
stuff.tv	8317	2026-09-13
stupiddope.com	18434	2025-10-20
sturgisjournal.com	6692	2023-09-11
stuttgartdailyleader.com	12823	2026-09-11
stwnewspress.com	10550	2026-09-10
stylecaster.com	15566	2026-09-12
suasnews.com	5874	2026-09-12
sudantribune.com	6768	2025-02-16
suffolknews.co.uk	12041	2026-09-13
summitdaily.com	21945	2026-09-13
sun-sentinel.com	111712	2026-09-13
suncommercial.com	55621	2026-09-13
sundaymail.co.zw	13635	2025-01-23
sundaynews.co.zw	14210	2025-01-22
sundaystandard.info	7266	2026-09-08
sundaytimes.lk	11213	2026-09-13
sundayworld.co.za	10802	2026-07-15
sundayworld.com	50448	2025-11-24
sunderlandecho.com	19890	2025-01-23
sungazette.com	20423	2026-09-12
sunjournal.com	109820	2026-09-13
sunlive.co.nz	44322	2026-09-13
sunnewsonline.com	41578	2024-06-26
sunny1031.com	7132	2026-09-13
sunny1063.com	13719	2026-02-19
sunny923.com	13158	2026-09-11
sunny943.com	11678	2026-09-12
sunnysidesun.com	5601	2023-04-13
sunshinecoastdaily.com.au	63851	2021-06-23
sunshinestatenews.com	9785	2023-07-22
sunstar.com.ph	96333	2026-09-13
suntimes.com	118480	2026-09-13
superbike-news.co.uk	10703	2026-09-13
superherohype.com	19364	2026-09-11
superhits106.com	8102	2026-09-12
superiortelegram.com	19499	2026-09-13
supermarketnews.com	9854	2026-09-11
supertalk.fm	13113	2026-09-13
supertalk1270.com	7912	2026-09-11
supertalk1570.com	16594	2026-07-09
surfky.com	6423	2026-05-29
surinametimes.com	11417	2026-09-13
surinenglish.com	21712	2026-09-12
surreycomet.co.uk	154539	2026-09-13
sussexexpress.co.uk	45134	2025-01-23
sverigesradio.se	7180	2026-04-15
swag1049.com	11869	2026-09-12
swapacd.com	41096	2025-09-25
swarajyamag.com	36344	2026-07-24
sweetwaternow.com	19786	2026-09-12
swfinstitute.org	15178	2024-06-11
swiftcurrentonline.com	22879	2026-09-13
swimmingworldmagazine.com	6148	2026-02-23
swimswam.com	31606	2026-09-13
swindonadvertiser.co.uk	157029	2026-09-13
swiowanewssource.com	10691	2026-09-12
swishappeal.com	5069	2026-09-13
swissinfo.ch	102608	2026-09-13
swnewsmedia.com	10991	2025-08-05
swoknews.com	68715	2026-09-13
swtimes.com	7227	2023-09-11
swvatoday.com	19074	2026-09-09
swxrightnow.com	5318	2020-12-17
sydneysun.com	70345	2026-09-13
syfy.com	22104	2026-09-13
syracuse.com	73906	2026-02-19
t-g.com	6466	2026-09-12
t3.com	29495	2026-09-13
t95.com	5079	2026-09-09
taftmidwaydriller.com	5954	2026-09-10
tag911.ae	9136	2026-09-13
tahlequahdailypress.com	34951	2026-09-12
tahoedailytribune.com	14438	2026-09-12
taipeitimes.com	109760	2026-09-12
taiwannews.com.tw	47002	2025-11-28
taiwansun.com	39976	2026-09-13
taku105.com	6608	2024-02-15
talk1073.com	5881	2026-09-11
talkandroid.com	8023	2026-07-30
talkers.com	7653	2026-09-11
talkingpointsmemo.com	25781	2026-09-12
talkingretail.com	13364	2026-09-12
talkradio1170.com	24565	2021-09-07
talkradio960.com	21640	2026-09-13
talkvietnam.com	179795	2023-11-26
tallahassee.com	13322	2023-09-11
tamilguardian.com	5656	2026-09-11
tampabay.com	40369	2026-03-26
tanzanianewsreports.com	17575	2026-09-12
taosnews.com	12595	2026-09-12
tapeop.com	9978	2026-09-03
tapinto.net	6703	2023-08-03
targatocn.it	6937	2026-09-13
targetednews.com	176181	2026-09-12
tasnimnews.com	10617	2025-10-07
tass.com	97872	2026-04-09
tasteofcountry.com	22652	2026-09-13
tasteofhome.com	11438	2026-09-13
tatler.com	7949	2026-09-12
tatlerasia.com	6896	2025-10-27
tauntongazette.com	6714	2023-09-11
taylorvilledailynews.com	23199	2026-09-13
tbnewswatch.com	27463	2025-09-05
tbnweekly.com	13489	2026-05-04
tbsnews.net	21092	2026-03-19
tcpalm.com	12606	2023-09-11
tctimes.com	7759	2026-09-13
tctmd.com	5075	2026-05-19
td.org	5155	2026-03-11
tdh.gov.tm	5280	2026-09-13
tdn.com	62842	2026-09-11
tdtnews.com	31262	2026-09-13
team-bhp.com	42769	2026-06-08
teammyrtlebeach.com	20251	2023-08-29
teamtalk.com	75758	2026-09-13
teamusa.org	6354	2023-08-16
techcabal.com	16285	2026-09-12
techcentral.co.za	8322	2026-05-14
techcentral.ie	5864	2026-09-11
techcrunch.com	68252	2026-09-13
techdirt.com	42090	2026-09-12
techmoran.com	8891	2026-09-11
technewstoday.com	6238	2024-04-04
technical.ly	7654	2026-09-13
technuter.com	6634	2026-06-04
techradar.com	112153	2026-09-13
techreport.com	6990	2026-03-27
techrepublic.com	7541	2026-09-11
techshout.com	5599	2025-09-07
techspot.com	27021	2026-09-12
techstory.in	47726	2026-08-27
techtimes.com	51987	2026-09-12
techxplore.com	35782	2026-01-29
tehachapinews.com	9945	2026-09-12
tehelka.com	7045	2025-09-08
telecomasia.net	7976	2026-01-12
telecompaper.com	62110	2026-09-12
telecomtv.com	6098	2026-09-11
telegrafi.com	6160	2026-08-28
telegram.com	19979	2023-09-11
telegraph.co.uk	238741	2024-11-25
telegraphherald.com	93724	2026-09-13
telegraphindia.com	208030	2024-07-30
teletrader.com	7453	2024-03-13
televisual.com	6644	2026-09-11
tellerreport.com	12622	2024-04-09
telluridenews.com	5041	2026-09-09
tellychakkar.com	94830	2025-02-28
tempo.com.ph	19338	2025-05-27
tennessean.com	23387	2023-09-11
tennesseedaily.com	140397	2026-09-13
tenterfieldstar.com.au	47250	2026-09-13
terracestandard.com	28648	2026-09-13
terradaily.com	25067	2026-09-12
tert.am	5822	2024-11-27
tewkesburyadmag.co.uk	18216	2021-03-11
texarkanagazette.com	33776	2026-09-13
texasguardian.com	215846	2026-09-13
texasmonthly.com	9598	2026-06-22
texastribune.org	9078	2026-09-11
textileworld.com	10601	2026-09-13
thailand-business-news.com	29071	2026-09-13
thailandnews.net	35464	2026-09-13
thatballsouttahere.com	5076	2026-09-13
thatsmags.com	5879	2025-02-07
the-daily-record.com	10173	2023-09-11
the-dispatch.com	13084	2026-09-11
the-independent.com	28284	2026-09-13
the-journal.com	14093	2026-03-19
the-leader.com	6615	2023-09-11
the-messenger.com	97742	2026-09-13
the-review.com	9253	2023-09-11
the-star.co.ke	77499	2026-09-13
the-sun.com	27482	2026-09-11
the42.ie	76678	2026-09-13
the72.co.uk	11114	2026-09-13
theadanews.com	12345	2026-09-13
theadvertiser.com	7982	2023-09-11
theadviser.com.au	7380	2026-09-11
theadvocate.com	65006	2026-09-13
theadvocate.com.au	62880	2026-09-13
theadvocatengr.com	10123	2021-09-14
theafricareport.com	9656	2026-08-21
theage.com.au	251076	2026-09-13
thealpenanews.com	24788	2026-09-12
theamericanconservative.com	8666	2026-09-13
theanswertampa.com	5052	2024-09-25
thearabtribune.com	9321	2026-09-13
theargus.co.uk	171959	2026-09-13
theartnewspaper.com	14074	2026-09-11
theartsdesk.com	13139	2026-09-13
theasian.asia	6130	2026-09-13
theatermania.com	6017	2026-09-11
theathletic.com	40386	2024-05-13
theatlantic.com	32314	2026-09-13
theaustralian.com.au	85916	2024-07-31
theautochannel.com	11217	2026-09-13
thebangladeshtoday.com	6501	2026-09-13
thebatavian.com	22454	2026-09-13
thebeacon.net	5159	2026-09-09
thebeat925.ca	10436	2026-09-11
thebeatdfw.com	11823	2026-09-13
thebeatofthecapital.com	17540	2026-09-12
thebeijinger.com	16146	2026-09-13
thebftonline.com	32065	2026-09-11
thebigdm.com	7584	2026-09-11
thebiglead.com	27545	2026-09-13
thebigstation93blx.com	9717	2026-09-12
theblacksheartimes.com	7304	2026-09-09
theblaze.com	29892	2026-09-13
theboar.org	6089	2026-09-11
theboltonnews.co.uk	160261	2026-09-13
theboneonline.com	15088	2026-09-11
theboot.com	19631	2026-09-11
theborneopost.com	50107	2026-08-30
thebostonpilot.com	21218	2026-09-11
theboxhouston.com	6577	2026-09-12
thebreakingtimes.com	6436	2026-02-05
thebrunswicknews.com	37021	2026-09-13
thebullamarillo.com	9965	2024-04-29
thebulletin.be	8715	2026-05-14
thebulltulsa.com	42888	2025-10-10
thebusinessdesk.com	31023	2026-09-11
thebusinessjournal.com	9697	2026-09-13
thecabin.net	19811	2026-09-12
thecable.ng	102206	2026-08-07
thecaribbeancamera.com	6721	2026-09-13
thecattlesite.com	9208	2026-09-11
thecentersquare.com	47172	2026-06-26
thechiefleader.com	5720	2026-09-12
thechronicle-online.com	36551	2026-06-29
thechronicle.com.au	59588	2024-07-26
thechronicle.com.gh	27401	2026-09-12
thechronicleherald.ca	29241	2020-11-12
thechronicleonline.com	6398	2024-10-01
thecitizen.co.tz	21183	2026-09-12
thecitizen.com	10883	2026-09-11
thecitizen.in	6719	2026-09-09
thecoast.net.nz	8061	2026-09-11
thecollegefix.com	6978	2026-09-12
thecomet.net	41345	2026-09-13
thecommonsenseshow.com	5386	2022-03-12
thecommunityvoice.com	5664	2026-09-12
theconservativetreehouse.com	48032	2026-09-13
theconstructionindex.co.uk	28437	2026-09-13
theconversation.com	102378	2026-09-13
thecork.ie	5253	2026-09-13
thecorner.eu	6054	2026-09-11
thecourier.co.uk	126383	2025-05-27
thecourier.com	6262	2024-02-01
thecourier.com.au	65381	2026-09-13
thecourierexpress.com	34167	2026-09-12
thecragandcanyon.ca	9352	2026-09-12
thecranberryeagle.com	6309	2026-01-17
thecrimson.com	18057	2026-09-12
thedailybeast.com	72795	2026-09-13
thedailyblog.co.nz	22617	2026-09-13
thedailycitizen.com	13014	2024-08-22
thedailyjournal.com	8370	2023-09-11
thedailymash.co.uk	12137	2026-09-12
thedailymeal.com	24123	2026-09-13
thedailynewnation.com	27080	2024-07-26
thedailynewsonline.com	33690	2026-09-13
thedailyrecord.com	30684	2026-06-04
thedailyreporter.com	5901	2023-09-08
thedailyreview.com	39900	2026-09-12
thedailystar.com	35826	2026-09-13
thedailystar.net	217351	2026-09-13
thedailytimes.com	48532	2026-09-13
thedailyworld.com	8404	2026-09-13
theday.com	76094	2024-12-10
thedenverchannel.com	21269	2022-09-07
thedestinlog.com	5975	2023-09-11
thedickinsonpress.com	36455	2026-09-12
thedigitalcourier.com	35185	2026-09-13
thediplomat.com	22986	2026-09-11
thediplomat.ro	11190	2026-09-11
thedp.com	9902	2026-09-11
thedrinksbusiness.com	15167	2026-09-12
thedrum.com	26119	2026-07-15
theduke.fm	7549	2025-08-29
theeagle.com	35956	2026-09-12
theeagle1069.com	11505	2026-09-03
theeagleonline.com.ng	59999	2026-09-13
theeastafrican.co.ke	17594	2026-08-15
theedgemarkets.com	47793	2023-05-12
theedinburghreporter.co.uk	7911	2026-09-13
theengineer.co.uk	9656	2026-06-05
theenterpriseleader.com	376144	2025-04-18
theepochtimes.com	315225	2026-09-13
thefacts.com	21650	2026-09-12
thefader.com	8026	2026-09-10
thefamuanonline.com	5063	2026-06-02
thefan1075.com	76243	2026-09-13
thefanfm.com	20321	2021-03-19
thefastmode.com	16210	2026-09-11
thefederalist.com	30179	2026-09-12
thefencepost.com	10257	2026-09-12
thefirstnews.com	5660	2024-01-28
thefranklinnewspost.com	6660	2026-09-01
thefreepress.ca	29165	2026-09-13
thefreshloaf.com	13679	2026-09-13
thefrisky.com	8666	2026-06-03
thefrontierpost.com	90407	2026-09-13
thefutoncritic.com	38865	2026-09-13
thegadgetman.org.uk	5082	2026-09-12
thegame730am.com	18800	2025-12-01
thegamenashville.com	50613	2026-09-13
thegardenisland.com	17722	2026-09-13
thegazette.com	53842	2026-09-13
theglobeandmail.com	196306	2026-09-13
thegrio.com	41196	2026-09-13
thegrocer.co.uk	30005	2025-09-05
theguardian.com	484663	2026-09-13
theguardian.pe.ca	27018	2020-11-12
thehardtackle.com	50309	2026-09-13
thehawkeye.com	9259	2022-12-02
thehayride.com	5774	2026-09-12
thehealthsite.com	34374	2026-02-16
thehendersonnews.com	10575	2024-05-30
theherald-news.com	9633	2026-01-29
theherald.co.za	7173	2026-09-11
theheraldghana.com	11860	2026-09-11
thehill.com	140700	2026-01-07
thehimalayantimes.com	33165	2026-03-30
thehindu.com	980915	2026-09-13
thehindubusinessline.com	275588	2026-09-13
thehitavada.com	30351	2026-09-13
thehits.co.nz	8410	2026-09-11
thehollywoodgossip.com	16906	2026-09-12
thehorse.com	5111	2026-04-13
thehot1039.com	7127	2026-09-13
thehour.com	150380	2026-06-22
theiet.org	13472	2026-09-12
theifp.ca	7331	2026-09-12
theindependent.co.zw	13749	2026-06-25
theindependent.com	69719	2026-09-13
theindependent.sg	6847	2026-03-17
theindianawaaz.com	31645	2026-09-13
theindychannel.com	8382	2020-08-11
theinertia.com	10438	2026-09-12
theintell.com	5596	2023-01-24
theintelligencer.com	80557	2026-06-22
theintelligencer.net	25358	2026-09-13
theintermountain.com	18154	2026-09-12
theirishfield.ie	12181	2026-09-12
theislamicmonthly.com	5920	2026-09-11
theislandnow.com	5886	2025-10-02
theisonews.com	30453	2020-10-30
theitem.com	25673	2026-09-13
thejakartapost.com	69666	2026-09-13
thejc.com	11428	2026-09-11
thejerseytomatopress.com	8608	2025-07-12
thejetpress.com	5419	2026-09-13
thejournal.ie	120062	2026-09-13
thejoyfm.com	8203	2026-01-05
thejudge13.com	5685	2026-09-13
thekansan.com	9305	2026-09-04
thelancasterandmorecambecitizen.co.uk	31708	2023-02-07
thelancet.com	7560	2024-04-30
theland.com.au	45163	2026-09-13
thelandryhat.com	5884	2026-09-13
theleader.com.au	87771	2026-09-13
theleader.info	16743	2026-09-13
theleafchronicle.com	6764	2023-09-11
theledger.com	15716	2023-09-11
thelincolnite.co.uk	16781	2025-10-23
thelinkpaper.ca	5177	2026-09-12
thelocal.at	7120	2026-09-12
thelocal.ch	7719	2026-09-12
thelocal.de	12875	2026-09-13
thelocal.dk	8007	2026-09-13
thelocal.es	9667	2026-09-12
thelocal.fr	16502	2026-09-13
thelocal.it	8330	2026-09-13
thelocal.no	7387	2026-09-12
thelocal.se	11274	2026-09-13
thelondoner.ca	36738	2025-12-17
themag.co.uk	14057	2026-09-13
themainewire.com	9586	2026-09-12
themalaysianinsight.com	24614	2024-09-16
themaneland.com	5992	2026-09-13
themarketsdaily.com	576394	2026-09-13
themarysue.com	33656	2026-09-13
themedialine.org	22864	2026-09-11
themediaonline.co.za	6066	2026-09-11
themercury.com.au	36877	2024-07-29
themiamihurricane.com	5490	2026-09-13
themiddlemarket.com	23964	2026-08-19
themilitant.com	5446	2026-09-11
themobileindian.com	12748	2026-09-11
themonitor.com	5325	2021-01-11
themorningbulletin.com.au	63217	2021-06-23
themorningsun.com	33887	2026-09-13
themoscowtimes.com	22484	2026-09-13
themountainmail.com	22673	2026-09-12
themountainpress.com	26064	2026-09-12
themunicheye.com	8102	2026-09-13
themusic.com.au	9878	2026-08-12
thenassauguardian.com	24722	2026-09-12
thenation.com	19550	2026-09-13
thenational.ae	31171	2020-10-14
thenational.com.pg	19711	2026-09-11
thenational.scot	109705	2026-09-13
thenationalherald.com	7932	2026-05-07
thenationalnews.com	61002	2026-09-13
thenationonlineng.net	198351	2026-09-13
thenelsondaily.com	6189	2024-09-27
thenewamerican.com	8679	2026-09-12
thenewdaily.com.au	23374	2025-01-23
thenewdawnliberia.com	24098	2026-09-11
thenewpulsefm.com	6701	2026-09-13
thenews-chronicle.com	36773	2025-01-29
thenews-messenger.com	7786	2023-09-11
thenews.com.pk	489945	2026-09-13
thenewsguard.com	9335	2026-09-13
thenewsherald.com	24154	2026-09-13
thenewsminute.com	31840	2026-09-13
thenewsnigeria.com.ng	11427	2026-09-13
thenewsstar.com	6563	2023-09-11
thenewswheel.com	6752	2026-07-07
thenextweb.com	11392	2026-09-13
thenigerianvoice.com	9550	2026-03-11
thenortheasttoday.com	6563	2025-10-20
thenorthernecho.co.uk	223673	2026-09-13
thenorthlines.com	46670	2026-09-13
thenorthwestern.com	9314	2023-09-11
theoaklandpress.com	43715	2026-09-13
theobserver.ca	48024	2026-09-12
theolivepress.es	31293	2026-07-30
theonion.com	9783	2026-09-11
theonlinecitizen.com	8082	2025-02-13
theparisnews.com	31353	2026-09-11
thepeak1041.com	13904	2026-09-13
thepeakfm.com	8294	2026-09-12
thepeninsulaqatar.com	165799	2026-09-13
thepeoplesperson.com	35907	2026-09-13
thepeterboroughexaminer.com	60284	2026-09-13
thephinsider.com	10691	2026-09-13
thephuketnews.com	19442	2025-03-05
thepienews.com	5260	2026-09-11
thepigsite.com	8038	2026-09-11
thepilot.com	7392	2026-09-12
thepinetree.net	5687	2026-09-13
thepinknews.com	20912	2026-09-12
thepiratescove.us	9007	2025-09-07
theplainsman.com	6597	2026-08-11
thepoint.gm	14646	2026-09-11
thepointsguy.com	19595	2026-09-12
theportugalnews.com	49474	2026-09-13
thepost.on.ca	23589	2026-08-28
thepostathens.com	11540	2026-09-11
thepoultrysite.com	8223	2026-09-11
theprint.in	20423	2026-08-04
theproducenews.com	11398	2026-01-03
theprogress.com	32277	2026-09-13
theprogressnews.com	16000	2026-09-12
theprovince.com	27878	2026-09-12
theprowersjournal.com	5692	2026-09-12
thepublicopinion.com	26347	2023-09-11
thequietus.com	10041	2026-09-13
thequint.com	6366	2026-03-16
therakyatpost.com	18874	2026-09-12
theranch.fm	9205	2026-09-08
therealdeal.com	50829	2026-07-24
therebelrocks.com	19458	2022-08-22
therecord.com	34142	2026-09-13
theredstonerocket.com	5139	2026-09-11
thereflector.com	10136	2026-09-11
theregister.com	37077	2026-09-13
thereminder.ca	98265	2026-09-13
thereporter.com	11381	2026-09-13
thereporteronline.com	43959	2026-09-13
therepublic.com	102406	2026-04-01
theridgefieldpress.com	54487	2025-06-14
therightscoop.com	14192	2026-09-12
theroar.com.au	38202	2026-09-13
therockofrochester.com	36513	2026-09-13
therolladailynews.com	8983	2026-08-24
theroot.com	18593	2026-09-12
therural.com.au	43025	2026-09-13
thesalemnewsonline.com	28326	2026-09-01
thescarboroughnews.co.uk	18854	2025-01-23
thescore.com	5139	2026-03-18
thescore1260.com	44860	2026-09-13
thescottishfarmer.co.uk	25412	2026-09-13
thescottishsun.co.uk	6966	2026-02-23
thesheridanpress.com	6752	2026-09-12
theshillongtimes.com	50206	2026-09-13
thesierraleonetelegraph.com	8666	2026-09-10
thesixthaxis.com	9624	2026-09-12
theskanner.com	6754	2026-05-10
theskinny.co.uk	6734	2026-09-10
thesource.com	37797	2026-09-13
thesouthafrican.com	133868	2026-09-13
thesouthern.com	56330	2026-09-13
thesouthernreporter.co.uk	9553	2025-01-23
thespec.com	34251	2026-09-13
thespectrum.com	5397	2023-09-09
thespiritsbusiness.com	12981	2026-09-11
thespread.com	20558	2026-05-11
thespun.com	17568	2023-10-13
thestandard.co.zw	20544	2026-09-01
thestandard.com.hk	105808	2026-03-02
thestandard.org.nz	7041	2025-10-04
thestar.co.uk	20920	2025-01-23
thestar.com	98021	2026-09-11
thestar.com.my	495485	2026-09-13
thestarphoenix.com	38806	2026-09-12
thestarpress.com	7271	2023-09-11
thestatesman.com	68849	2026-06-10
thestkittsnevisobserver.com	5100	2026-03-17
thestrad.com	8272	2025-09-05
thestranger.com	13043	2026-09-12
thestreet.com	43387	2026-08-04
thestreetjournal.org	48434	2026-01-16
thesubtimes.com	14335	2025-10-04
thesuburban.com	18149	2026-09-12
thesudburystar.com	61439	2026-09-13
thesun.co.uk	70395	2026-08-13
thesun.ie	20857	2026-03-18
thesun.my	39404	2026-02-08
thesun.ng	38683	2026-09-13
thesunchronicle.com	84710	2026-09-13
thesundaily.my	99874	2023-11-06
thesylvaherald.com	5937	2026-09-09
thetab.com	32392	2026-09-11
thetablet.co.uk	6020	2026-09-11
thetablet.org	9158	2026-09-11
thetandd.com	58925	2026-09-12
thetelegram.com	22428	2020-11-11
thetelegraph.com	163596	2026-06-22
thetelegraphandargus.co.uk	179452	2026-09-13
thethaiger.com	14483	2026-03-19
thetidenewsonline.com	34677	2026-09-08
thetimes-tribune.com	70655	2026-09-13
thetimes.co.uk	214037	2024-06-05
thetimes.com	85612	2026-09-13
thetimesherald.com	5081	2023-09-11
thetimesnews.com	12475	2026-09-12
thetimestribune.com	24951	2026-09-13
thetottenhamindependent.co.uk	96347	2026-09-13
thetowntalk.com	5540	2023-09-11
thetrucker.com	14225	2026-09-12
thetruthaboutcars.com	16284	2026-09-12
theturtleislandnews.com	18843	2026-09-11
thetyee.ca	9129	2026-09-12
theuknews.com	38519	2026-09-13
theunion.com	19886	2026-09-12
theurbandaily.com	9353	2026-09-10
theusnews.com	141370	2026-09-13
theverge.com	66890	2026-09-12
thevermilion.com	6047	2026-09-13
thevisitor.co.uk	5324	2021-12-13
thevoicebw.com	6374	2024-08-09
thevoiceslu.com	15321	2026-09-12
thevwindependent.com	8554	2026-09-12
thewave.ca	10659	2025-12-07
theweek.co.uk	12509	2023-09-12
theweek.com	54216	2026-09-13
theweek.in	89857	2026-08-25
theweektoday.com	18233	2024-09-18
thewest.com.au	9218	2026-09-07
thewesterlysun.com	24655	2026-09-12
thewestmorlandgazette.co.uk	197653	2026-09-13
thewestonforum.com	6800	2025-10-31
thewestonmercury.co.uk	58114	2026-09-13
thewhig.com	51010	2026-09-13
thewhiskeywash.com	14913	2026-09-13
thewire.in	44530	2024-03-27
thewolf.ca	8115	2026-09-12
theworld.org	9079	2026-06-26
theworldlink.com	22006	2026-09-13
thewrap.com	80389	2026-09-13
thexboxhub.com	10070	2026-09-12
thexradio.com	11071	2026-09-13
theyeshivaworld.com	35004	2026-09-11
theyucatantimes.com	9446	2025-06-10
thezimbabwean.co	6962	2026-09-12
thezimbabwedaily.com	16271	2026-02-04
thezimbabwemail.com	31972	2026-08-29
thirdsector.co.uk	8964	2026-07-03
thisdaylive.com	168444	2026-09-13
thisisanfield.com	21552	2026-01-24
thisislancashire.co.uk	54733	2023-02-07
thisislocallondon.co.uk	155513	2025-12-03
thisismoney.co.uk	52701	2025-11-06
thisisoxfordshire.co.uk	173143	2026-09-13
thisisthewestcountry.co.uk	18359	2023-02-07
thisiswiltshire.co.uk	138014	2026-09-13
thomasnet.com	15573	2024-02-05
thompsoncitizen.net	86287	2025-01-20
thunder987.com	5645	2021-03-31
thurrockgazette.co.uk	94321	2026-09-13
thurstontalk.com	6229	2026-09-13
thv11.com	51235	2026-06-05
thyblackman.com	10220	2026-09-13
tibet.net	9841	2026-09-10
tickerreport.com	450862	2026-09-13
ticotimes.net	6449	2026-01-09
tide1009.com	6739	2026-03-09
tiftongazette.com	10419	2026-09-13
tigerdroppings.com	5399	2022-01-13
tigernet.com	9295	2025-11-20
tigersroar.com	9919	2026-09-10
tillamookheadlightherald.com	14393	2026-09-13
timberjay.com	6863	2026-09-10
time.com	26574	2026-09-12
timeout.com	19556	2026-09-13
timeoutdubai.com	8263	2023-01-03
times-gazette.com	8414	2023-09-11
times-herald.com	6730	2026-09-12
times-journal.com	6305	2026-09-12
times-news.com	38432	2026-09-12
times-series.co.uk	102372	2026-09-13
times-standard.com	15991	2026-09-13
times.co.sz	9098	2026-03-15
timesandstar.co.uk	154420	2026-09-13
timesargus.com	34299	2026-09-13
timesbulletin.com	6963	2026-08-06
timesca.com	14588	2026-09-13
timescall.com	40474	2026-09-13
timescitizen.com	6072	2026-09-13
timescolonist.com	119190	2025-01-21
timesdaily.com	46056	2026-09-13
timesenterprise.com	9089	2026-09-10
timesfreepress.com	36790	2026-09-13
timesgazette.com	8366	2025-09-17
timesherald.com	45322	2026-09-13
timesheraldonline.com	10603	2026-09-13
timeshighereducation.com	11492	2026-09-13
timesleader.com	21792	2026-09-13
timesleader.net	6314	2026-09-12
timesleaderonline.com	18662	2026-09-12
timeslive.co.za	138243	2026-09-13
timesnews.net	36240	2025-11-11
timesnewspapers.com	5056	2026-09-11
timesnownews.com	143696	2026-04-29
timesofearth.com	6458	2026-09-13
timesofisrael.com	138709	2023-11-04
timesofmalta.com	121997	2026-04-15
timesofoman.com	53466	2026-09-13
timesofsandiego.com	24470	2026-09-13
timesonline.com	9679	2023-09-11
timesrecordnews.com	9821	2023-09-11
timesreporter.com	10999	2023-09-11
timesrepublican.com	22418	2026-09-12
timesreview.com	23630	2026-06-04
timestelegram.com	7281	2023-09-11
timesunion.com	119604	2025-11-14
timeswv.com	18891	2026-09-12
timminspress.com	58714	2026-09-13
timminstimes.com	44691	2026-01-26
tipperarylive.ie	30669	2026-05-14
tippfm.com	18541	2026-07-17
tippmidwestradio.com	13361	2026-09-11
tirebusiness.com	6666	2026-06-09
titansradio.com	16465	2026-09-12
titusvilleherald.com	22168	2022-12-01
tivysideadvertiser.co.uk	126379	2026-09-13
tmcnet.com	437717	2025-01-23
tmj4.com	6376	2026-03-19
tmz.com	54420	2026-09-13
tnledger.com	49743	2026-09-11
tnonline.com	38174	2026-09-13
tnp.sg	13213	2025-10-30
today.az	57389	2026-07-15
today.com	69925	2026-09-13
today.ng	48383	2024-06-20
today.rtl.lu	6406	2026-05-21
todayfm.com	16737	2026-09-12
todayheadline.co	7585	2025-01-27
toffeeweb.com	8781	2026-09-13
tokyoreporter.com	5164	2026-09-13
tolonews.com	32868	2024-06-06
tomsguide.com	53598	2026-09-13
tomshardware.com	19633	2026-09-13
tonyskansascity.com	46433	2026-09-13
topspeed.com	25780	2026-09-13
topwirenews.com	19571	2026-09-11
tor.com	21154	2024-01-23
toronto.citynews.ca	78888	2026-09-13
toronto.com	16306	2026-09-13
toronto.ctvnews.ca	37722	2025-01-23
torontosun.com	96438	2026-09-13
torontotelegraph.com	105660	2026-09-13
torquenews.com	29811	2026-09-13
totaltele.com	9704	2026-09-10
toucharcade.com	6249	2025-04-19
towleroad.com	15902	2024-04-28
townandcountrymag.com	19030	2026-09-12
townhall.com	94977	2026-09-13
townsvillebulletin.com.au	91339	2026-09-13
toynews-online.biz	5658	2026-09-10
tpr.org	35163	2026-09-12
tradearabia.com	118051	2026-09-13
tradeonlytoday.com	5821	2026-09-11
tradersmagazine.com	8276	2026-09-11
tradewindsnews.com	8151	2026-03-18
trains.com	13736	2026-09-12
trak.in	9412	2026-09-13
transylvaniatimes.com	9869	2026-09-10
travelandleisure.com	22155	2026-03-17
travelbizmonitor.com	8841	2026-08-27
traveldailymedia.com	27645	2026-06-05
traveldailynews.asia	10250	2026-04-19
traveldailynews.com	24067	2026-01-24
travelextra.ie	11876	2026-09-13
traveller.com.au	6007	2023-04-11
travelmarketreport.com	12101	2026-09-12
travelmole.com	9334	2026-05-01
travelweekly.com	19561	2026-02-06
travelweekly.com.au	18148	2026-09-11
trbusiness.com	9116	2026-09-12
trend.az	33224	2026-09-13
trentonian.ca	44449	2026-06-22
trentonian.com	30786	2026-09-13
trib.com	63120	2026-09-13
tribdem.com	59566	2026-09-13
tribecacitizen.com	5632	2026-09-11
triblive.com	99379	2026-05-04
tribstar.com	51478	2026-09-12
tribtoday.com	29383	2026-09-13
tribtown.com	97408	2025-04-15
tribune.com.pk	264009	2026-09-13
tribune.net.ph	67339	2026-09-13
tribune242.com	45745	2026-09-11
tribuneindia.com	290370	2026-09-13
tribuneledgernews.com	34540	2026-09-12
tribuneonlineng.com	164419	2026-09-13
tribunnews.com	10202	2026-09-02
tribute.ca	8148	2025-01-21
tricitynews.com	79527	2025-08-01
trinidadexpress.com	52377	2026-09-13
trinidadtimes.com	53732	2026-09-13
triplicate.com	5738	2026-09-03
troyrecord.com	38842	2026-09-13
trtworld.com	11841	2026-03-19
truebluela.com	10992	2026-09-13
truenorthreports.com	6071	2023-06-30
trumbulltimes.com	49197	2025-06-14
trussvilletribune.com	12463	2026-09-12
trust.org	37925	2026-04-28
trustedreviews.com	22695	2026-09-13
truthout.org	19263	2026-09-13
tsln.com	8241	2026-09-13
tsn.ca	166610	2026-09-13
tspr.org	24726	2026-09-13
ttgasia.com	13218	2026-09-11
ttnworldwide.com	7589	2026-09-13
ttrweekly.com	10873	2026-09-11
tucson.com	195234	2026-09-12
tucsonpost.com	40597	2026-09-13
tucsonsentinel.com	21556	2025-07-21
tucsonweekly.com	8403	2026-09-12
tudno.co.uk	20766	2023-04-26
tuko.co.ke	17879	2026-03-19
tulsaworld.com	111092	2026-09-12
tuoitrenews.vn	28862	2025-04-16
turkishpress.com	8519	2024-03-13
turlockjournal.com	5349	2026-09-12
turnto10.com	51307	2026-09-13
turnto23.com	50092	2026-09-13
tuscaloosanews.com	10891	2023-09-11
tv6tnt.com	23546	2026-09-13
tvfanatic.com	6905	2025-05-15
tvgrapevine.com	16799	2026-09-11
tvguide.co.uk	1956746	2026-09-13
tvguide.com	9821	2026-09-13
tvline.com	21093	2026-09-13
tvnewscheck.com	26443	2026-09-12
tvnz.co.nz	5645	2021-10-05
tvone.tv	5538	2026-09-09
tvovermind.com	19945	2026-09-12
tvseriesfinale.com	6185	2026-09-13
tvtechnology.com	11696	2026-09-11
tvtonight.com.au	29086	2026-09-12
tweaktown.com	28503	2025-03-01
tweeddailynews.com.au	45440	2021-04-28
twincities.com	39257	2026-09-13
twinsdaily.com	15767	2026-09-13
twitchy.com	63366	2026-09-13
twtd.co.uk	111342	2026-09-13
tylerpaper.com	28724	2026-09-13
typepad.com	10528	2024-12-01
tyrepress.com	6832	2026-09-11
ualrpublicradio.org	49810	2026-09-13
uark.edu	7325	2026-09-11
ubergizmo.com	8022	2026-09-12
ucanews.com	24644	2025-01-23
ucla.edu	6798	2026-09-12
udaipurkiran.com	79702	2026-09-13
udayavani.com	18335	2026-09-09
udn.com	7811	2026-09-13
uefa.com	8140	2024-07-24
uexpress.com	18136	2026-01-13
ufc.com	7227	2026-09-13
uk.com	8348	2026-09-12
ukiahdailyjournal.com	11017	2026-09-13
ukrainianjournal.com	15275	2026-01-27
ukrinform.net	22093	2026-03-19
uky.edu	8888	2026-09-11
ulladullatimes.com.au	63318	2026-09-13
uloop.com	11109	2026-09-12
ultimateclassicrock.com	16423	2026-09-12
ummid.com	19326	2026-09-13
umn.edu	14183	2026-09-11
un.org	6564	2026-09-11
uncrate.com	10170	2026-09-11
undercurrentnews.com	33236	2026-09-11
undertheradar.co.nz	25261	2026-09-13
undertheradarmag.com	18765	2026-07-24
undp.org	28029	2026-09-13
unesco.org	5061	2026-08-09
unian.info	12516	2026-02-09
uniindia.com	31007	2026-03-17
union-bulletin.com	45744	2026-09-13
uniondemocrat.com	13416	2026-09-12
unionleader.com	99543	2026-09-13
unionrecorder.com	12260	2026-09-12
unitaid.eu	25148	2026-08-02
unitedwithisrael.org	13845	2026-07-22
universetoday.com	5278	2026-09-13
universityworldnews.com	14282	2026-09-13
unm.edu	5506	2026-09-12
unmultimedia.org	7763	2023-10-16
uow.edu.au	17760	2024-11-07
updatesnews.com	25511	2022-10-01
upenn.edu	7191	2026-09-11
upi.com	102258	2026-09-08
upnorthlive.com	38989	2026-09-13
uppermichiganssource.com	33850	2026-09-13
upr.org	52518	2026-09-13
uproxx.com	21012	2026-09-09
upstract.com	65174	2021-06-14
upstreamonline.com	24997	2026-09-12
urbanacitizen.com	5866	2025-09-17
urbanmilwaukee.com	34132	2026-09-13
urdupoint.com	44060	2025-01-27
us103.com	26107	2026-05-31
us105fm.com	37606	2026-09-12
usanetwork.com	7362	2025-08-13
usatoday.com	217936	2025-04-26
usembassy.gov	7985	2026-09-11
usf.edu	64607	2026-02-26
usmagazine.com	67329	2026-09-13
usnews.com	60090	2024-07-31
usni.org	7584	2026-06-01
utahindependent.com	23143	2026-09-13
utdailybeacon.com	5011	2026-09-11
uticaod.com	14125	2023-09-11
utilitydive.com	9855	2026-09-13
utv44.com	6259	2026-09-12
v100fm.com	6402	2026-09-13
v100rocks.com	14182	2026-09-12
v1019.com	19932	2026-09-13
vaalweekblad.com	14927	2023-11-09
vaildaily.com	29051	2026-09-13
valdostadailytimes.com	76016	2026-09-12
valleybreeze.com	13899	2026-09-13
valleymorningstar.com	6006	2021-01-11
valleynewslive.com	33441	2026-09-13
valuewalk.com	9489	2025-01-23
vancourier.com	30069	2021-01-13
vancouverisland.ctvnews.ca	24416	2026-09-11
vancouversun.com	58980	2026-09-12
vandaliaradio.com	12012	2026-09-11
vanguardngr.com	221575	2026-09-13
vanityfair.com	19067	2026-09-12
variety.com	97387	2026-09-13
varsity.co.uk	8877	2026-09-13
vavel.com	12299	2026-09-11
vccircle.com	11371	2026-09-11
vcstar.com	9705	2023-09-11
vcyamerica.org	5662	2023-07-13
vdare.com	10802	2024-07-25
vegnews.com	12986	2026-09-12
venezuelastar.com	21300	2026-09-13
venturebeat.com	5743	2025-08-30
venturesafrica.com	22144	2024-11-16
vermilionstandard.com	12864	2026-09-12
vermontbiz.com	25420	2026-09-12
vernonmorningstar.com	52807	2026-09-13
verticalmag.com	14019	2026-09-13
vervetimes.com	11695	2025-01-26
vestnikkavkaza.net	24786	2022-01-22
veteranstoday.com	14175	2025-02-13
vg247.com	9510	2026-09-08
vgchartz.com	40860	2026-09-13
vibe.com	12096	2026-09-11
vice.com	20994	2026-09-13
vicnews.com	38524	2026-09-13
victoriaadvocate.com	5656	2026-09-12
victorygirlsblog.com	6833	2026-09-13
videtteonline.com	7610	2026-09-10
vietnamnet.vn	30619	2026-06-03
vietnamnews.vn	64917	2026-09-13
vietnamtribune.com	61765	2026-09-13
viewngr.com	44838	2025-01-29
vikings.com	5769	2026-09-12
vikingsterritory.com	18706	2026-09-12
villagesoup.com	21386	2024-09-18
vindy.com	49884	2026-09-13
vir.com.vn	29590	2026-09-13
virginislandsdailynews.com	19907	2026-09-13
virginislandsnewsonline.com	37531	2026-09-12
virginradio.co.uk	8276	2026-09-01
visayandailystar.com	32164	2026-06-06
vision.org.au	8529	2026-07-31
visionmp.com	10399	2026-07-10
vladtv.com	46342	2026-09-13
vmagazine.com	7602	2026-06-03
vnews.com	21023	2026-09-13
vnexpress.net	16986	2026-03-19
voanews.com	134105	2025-03-20
voazimbabwe.com	12730	2026-03-20
vocm.com	40056	2026-09-13
vogue.co.uk	18998	2026-09-13
vogue.com	34117	2026-09-13
vogue.in	10827	2026-09-13
voice-online.co.uk	11063	2026-09-12
voicenews.com	19643	2025-11-04
voiceofalexandria.com	81450	2026-09-12
voiceofvienna.org	15760	2026-09-13
voiceonline.com	10119	2026-09-13
vol.at	16881	2026-09-13
volcanodiscovery.com	17768	2026-09-10
vovworld.vn	9520	2026-01-25
vox.com	20147	2026-09-12
voxy.co.nz	48332	2026-07-07
vpm.org	20009	2023-01-27
vpr.org	5702	2022-06-22
vtcng.com	14803	2026-09-12
vtdigger.org	12872	2026-09-13
vulcanadvocate.com	8837	2026-09-12
vulture.com	26065	2026-09-13
vvdailypress.com	8735	2023-09-11
w4country.com	6018	2026-09-13
wa1a.com	10532	2026-09-13
waateanews.com	26271	2026-09-13
waaytv.com	47338	2026-08-02
wabcradio.com	7619	2025-02-02
wabe.org	21327	2026-04-24
wabi.tv	38612	2026-09-13
wabx.net	34410	2026-09-13
wach.com	39032	2026-09-13
wacotrib.com	70905	2026-09-12
wadenapj.com	25675	2026-09-12
wadk.com	36679	2026-09-11
waer.org	41426	2026-09-12
wafb.com	39130	2026-09-13
waff.com	33888	2026-09-13
wagmtv.com	12439	2026-09-11
wahoo-ashland-waverly.com	17423	2026-09-10
wahpetondailynews.com	16071	2026-09-12
wajr.com	5161	2026-09-10
waka.com	11366	2026-09-13
wakefieldexpress.co.uk	18345	2025-01-23
wakg.com	7978	2026-09-11
walb.com	33969	2026-09-13
walesonline.co.uk	257424	2026-09-13
walkermn.com	15160	2026-09-12
wallaceburgcourierpress.com	38498	2026-06-29
wallowa.com	8453	2026-09-11
wallpaper.com	15520	2026-09-13
walls102.com	8142	2023-06-13
wallstreet-online.de	85808	2026-09-13
wam.ae	15139	2023-11-04
wamc.org	53372	2026-09-13
wamda.com	5901	2026-09-10
wandsworthguardian.co.uk	132514	2026-09-13
wandtv.com	61530	2026-09-13
wantedinrome.com	9067	2026-09-12
wape.com	13087	2026-09-12
wapt.com	69080	2026-09-13
wardsauto.com	7046	2026-02-03
warm1033.com	24360	2026-09-13
warm1069.com	9873	2026-09-11
warm98.com	11728	2026-09-13
warringtonguardian.co.uk	157266	2026-09-13
warsawvoice.pl	12750	2026-03-18
warwickdailynews.com.au	51988	2021-04-28
warwickonline.com	5967	2026-09-11
warwickshireworld.com	12934	2025-01-23
washingtonblade.com	8577	2026-09-12
washingtonexaminer.com	162687	2026-09-13
washingtonian.com	13142	2026-09-11
washingtoninformer.com	7052	2026-09-11
washingtonjewishweek.com	5011	2026-09-12
washingtonpost.com	306594	2024-08-02
washingtontimes.com	292813	2026-04-13
washtimesherald.com	43493	2026-09-13
waste360.com	5106	2025-01-19
wataugademocrat.com	49906	2026-09-12
watchingamerica.com	8167	2026-09-12
waterford-news.ie	68259	2026-09-13
watermarkonline.com	35425	2025-11-03
wateronline.com	10993	2026-09-11
waterwaysjournal.net	5517	2026-09-11
watfordobserver.co.uk	112753	2026-09-13
watoday.com.au	134067	2026-09-13
wattsupwiththat.com	8530	2026-09-13
wausaudailyherald.com	9127	2023-09-11
waxahachietx.com	5980	2026-09-05
wbaa.org	78533	2026-09-13
wbal.com	70127	2026-09-07
wbaltv.com	76100	2026-09-13
wbap.com	89344	2026-09-13
wbay.com	39534	2026-09-13
wbbjtv.com	34740	2026-09-13
wbckfm.com	23781	2025-11-29
wbco.com	6299	2026-09-11
wbez.org	6699	2026-09-12
wbfo.org	39821	2025-04-01
wbgo.org	6029	2026-09-11
wbir.com	60093	2026-06-05
wbiw.com	47093	2026-09-13
wbjournal.com	13702	2026-09-11
wbkb11.com	6954	2026-09-12
wbko.com	24296	2026-09-13
wbkr.com	25774	2026-09-12
wblk.com	38841	2026-09-13
wblm.com	33898	2026-09-13
wbls.com	9586	2026-09-11
wbmq.net	17237	2020-08-26
wbng.com	24018	2026-09-12
wbnowqct.com	5782	2026-09-11
wbnq.com	12998	2026-09-13
wboc.com	92112	2026-09-13
wboi.org	46031	2026-09-12
wbrc.com	47786	2026-09-13
wbrz.com	74250	2026-09-13
wbsm.com	20578	2026-09-13
wbszfm.com	5340	2026-09-10
wbt.com	8830	2026-09-12
wbtmdanville.com	9573	2026-09-11
wbtv.com	36904	2026-09-13
wbur.org	54881	2026-09-12
wbwn.com	9562	2026-09-13
wcax.com	40963	2026-09-13
wcbe.org	59610	2026-09-13
wcbi.com	21568	2026-09-12
wcbm.com	31148	2026-09-13
wccbcharlotte.com	42282	2026-09-12
wccftech.com	48364	2026-09-13
wccq.com	9401	2024-05-24
wcfcourier.com	114479	2026-09-13
wchstv.com	37758	2026-09-13
wcjb.com	33530	2026-09-13
wclk.com	34080	2026-09-13
wclo.com	10685	2025-05-20
wcnc.com	66822	2026-06-06
wcoapensacola.com	43619	2026-09-13
wcpo.com	33323	2026-09-13
wcrz.com	22240	2026-09-12
wcsmradio.com	10489	2026-09-11
wcsufm.org	65659	2026-09-13
wcsx.com	18258	2026-09-13
wcsy.com	39588	2026-09-11
wcti12.com	43897	2026-09-13
wctrib.com	54489	2026-09-12
wctv.tv	30050	2026-09-13
wcvb.com	104570	2026-09-13
wcyb.com	34713	2026-09-13
wcyy.com	30427	2026-09-13
wdadradio.com	14959	2026-09-13
wdam.com	36187	2026-09-13
wdbj7.com	35432	2026-09-13
wdbo.com	50287	2026-09-13
wdbqam.com	10110	2026-09-11
wdef.com	24777	2026-07-21
wdel.com	26077	2026-09-13
wden.com	5763	2026-09-13
wdet.org	10312	2026-09-12
wdez.com	22900	2026-09-13
wdhafm.com	16008	2026-09-13
wdio.com	63309	2026-09-13
wdiy.org	45504	2026-09-13
wdjx.com	8791	2026-09-12
wdkx.com	5395	2022-07-25
wdrb.com	101048	2026-09-01
wdrv.com	9342	2026-09-11
wdsm710.com	40486	2026-09-13
wdsu.com	106542	2026-09-13
wdtimes.com	34740	2026-09-13
wdtv.com	20845	2026-09-13
wdzz.com	9054	2026-09-12
weaa.org	51021	2025-02-25
wealthmanagement.com	17484	2026-09-11
weareiowa.com	7839	2026-03-16
weartv.com	36110	2026-09-13
weatherforddemocrat.com	14249	2026-09-12
weathernationtv.com	6150	2026-09-11
weau.com	32142	2026-09-13
webcamfeet.com	5756	2021-11-12
webindia123.com	432868	2026-09-13
webmd.com	10303	2026-09-09
webpronews.com	32206	2026-09-13
webwire.com	38316	2026-09-12
wect.com	36991	2026-09-13
weeklyblitz.net	32229	2026-09-12
weeklytimesnow.com.au	11584	2024-07-22
weforum.org	8434	2024-01-12
wegotthiscovered.com	68271	2025-02-24
weirtondailytimes.com	22210	2026-09-12
weisradio.com	18260	2026-01-06
wellandtribune.ca	73201	2026-09-13
wellingtondailynews.com	5444	2026-08-30
wellingtontimes.com.au	37597	2026-09-13
wellsvilledaily.com	5537	2022-04-14
wemu.org	34817	2026-09-13
wenatcheeworld.com	25571	2026-09-12
wenxuecity.com	36489	2026-09-13
weny.com	30631	2026-09-13
wesa.fm	41179	2026-06-04
wesh.com	79654	2026-09-13
wesm913.org	17888	2022-01-28
westcentralonline.com	17777	2026-09-13
westcentralsbest.com	48590	2026-09-13
westerlynews.ca	31581	2026-09-13
westernadvocate.com.au	112781	2026-09-13
westernmassnews.com	23388	2026-09-13
westernpeople.ie	36318	2026-09-13
westerntelegraph.co.uk	126538	2026-09-13
westernweekender.com.au	5732	2026-09-11
westernwheel.ca	6258	2025-09-05
westfaironline.com	12700	2026-09-11
westhawaiitoday.com	20364	2026-09-13
westkentuckystar.com	30031	2026-09-13
westmeathexaminer.ie	48037	2026-09-13
westmeathindependent.ie	47167	2026-09-12
westofthei.com	7234	2026-09-12
westport-news.com	54149	2022-03-01
westseattleblog.com	48691	2026-09-13
westsussextoday.co.uk	7480	2022-02-09
westword.com	13278	2026-09-12
wetaskiwintimes.com	15634	2026-09-13
weyburnreview.com	37373	2021-07-29
wfaa.com	64004	2026-06-05
wfae.org	71433	2026-09-13
wfasam.com	13054	2021-05-17
wfav951.com	14232	2026-09-11
wfdd.org	53078	2026-09-13
wfgr.com	21383	2024-07-03
wfin.com	45335	2025-06-14
wfirnews.com	5328	2026-09-11
wfit.org	6687	2026-09-13
wfiwradio.com	12490	2026-09-12
wfls.com	17455	2026-09-13
wflx.com	33325	2026-09-12
wfmd.com	14936	2026-09-13
wfmj.com	111665	2026-09-13
wfms.com	7322	2026-09-13
wfmynews2.com	66653	2026-06-05
wfmz.com	256013	2026-09-13
wfnc640am.com	68934	2026-08-18
wfnt.com	13305	2026-09-13
wfsb.com	37188	2026-09-13
wfsu.org	48855	2026-09-13
wftv.com	46370	2026-09-13
wftw.com	69191	2025-03-28
wfuv.org	9673	2026-09-13
wfxd.com	6582	2026-04-09
wfxl.com	6512	2025-09-11
wfyi.org	15002	2026-09-12
wgac.com	6667	2026-09-11
wgal.com	83895	2026-09-13
wgan.com	15524	2026-09-12
wgauradio.com	61416	2026-09-13
wgbh.org	24167	2026-09-12
wgcu.org	32160	2026-09-13
wgil.com	10105	2026-09-12
wglr.com	25606	2026-09-13
wglt.org	61462	2026-09-13
wgmd.com	40816	2026-09-13
wgme.com	42973	2026-09-13
wgna.com	34236	2026-09-12
wgni.com	9420	2026-09-13
wgnsradio.com	16837	2026-07-31
wgntv.com	7621	2026-05-05
wgog.com	6233	2026-09-11
wgow.com	46897	2026-09-13
wgowam.com	75056	2026-09-13
wgrd.com	45100	2026-09-12
wgrr.com	10051	2026-09-12
wgrz.com	46639	2026-06-05
wgxa.tv	11254	2026-09-13
wharfedaleobserver.co.uk	118858	2026-09-13
whas11.com	68292	2026-06-25
whatdidyousay.org	15446	2025-11-11
whatech.com	27625	2026-09-06
whathifi.com	11443	2026-09-12
whatsnew2day.com	14117	2025-01-27
whatson.ae	21070	2026-09-12
whatsonstage.com	11434	2026-09-13
whatsontv.co.uk	5261	2021-06-10
whattheythink.com	14237	2026-08-28
whav.net	5601	2026-09-02
whbl.com	71326	2026-09-13
whby.com	9319	2026-09-11
whcuradio.com	10235	2024-06-23
whdg.com	16708	2026-09-11
whdh.com	56105	2026-09-13
whec.com	132193	2026-09-13
whidbeynewstimes.com	6259	2026-09-09
whig.com	60510	2026-09-13
whio.com	46731	2026-09-13
whitecourtstar.com	13579	2026-09-12
whitehorsestar.com	5917	2026-01-29
whitehouse.gov	6012	2026-03-17
whitsundaytimes.com.au	56923	2021-04-28
whittierdailynews.com	47327	2026-09-13
whiznews.com	15095	2026-09-13
whky.com	22103	2026-09-13
whmi.com	25801	2026-09-13
whnt.com	6192	2025-06-12
who.int	10334	2026-09-11
whopam.com	24293	2026-09-13
whqr.org	46554	2026-09-13
whro.org	15243	2026-09-13
whrpfm.com	9075	2026-09-12
whsv.com	29415	2026-09-13
whtc.com	48803	2026-09-13
whtimes.co.uk	57128	2026-09-13
whvoradio.com	13931	2026-05-31
whyy.org	26788	2026-09-12
wiartonecho.com	22753	2026-08-29
wibailoutpeople.org	5863	2026-09-13
wibc.com	29020	2026-09-13
wibqam.com	45131	2026-01-10
wibw.com	46998	2026-09-13
wibx950.com	30131	2026-09-13
wickedlocal.com	236673	2023-09-11
wicz.com	62322	2026-09-13
wifc.com	19708	2026-09-13
wifr.com	24848	2026-08-03
wigantoday.net	27415	2025-01-23
wiky.com	41226	2026-09-13
wild1029.com	9295	2026-09-13
wild1049hd.com	6114	2023-03-21
wild941.com	24123	2026-09-13
wiley.com	5264	2026-08-14
williamsondailynews.com	7230	2026-09-09
willistonherald.com	14776	2026-09-12
willitsnews.com	6641	2026-09-12
willmarradio.com	44472	2026-09-12
wilm-tv.com	8193	2021-09-20
wilmingtonbiz.com	12073	2025-01-22
wilsonpost.com	5372	2023-03-01
wilsontimes.com	5852	2026-08-29
wiltonbulletin.com	62996	2025-06-14
wiltsglosstandard.co.uk	118250	2026-09-13
wiltshiretimes.co.uk	148220	2026-09-13
wilx.com	33988	2026-09-13
wimbledonguardian.co.uk	122231	2026-09-13
wimsradio.com	17494	2026-09-13
wimz.com	6767	2026-09-07
winchesterstar.com	62237	2026-09-13
wincountry.com	19825	2026-09-13
windfm.com	7040	2026-09-13
windowscentral.com	34154	2026-09-12
windowstorussia.com	5923	2026-06-10
windpowermonthly.com	7211	2026-07-02
windsor.ctvnews.ca	20740	2025-04-09
windsorite.ca	19835	2025-09-22
windsorstar.com	58958	2026-09-13
windtech-international.com	9448	2026-09-11
wingsmagazine.com	5907	2026-09-11
wink104.com	10520	2026-09-13
winknews.com	56158	2026-09-13
winnipeg.ctvnews.ca	27808	2025-04-25
winnipegfreepress.com	328598	2026-09-13
winnipegsun.com	54691	2026-09-12
winonadailynews.com	37936	2026-09-11
winonapost.com	10581	2026-09-10
winsfordguardian.co.uk	67252	2023-03-07
winteriscoming.net	8651	2026-09-13
wiog.com	5204	2026-09-13
wionews.com	25883	2026-02-12
wiov.com	7388	2026-09-13
wired.com	21407	2026-09-13
wiredprnews.com	26047	2025-10-24
wirralglobe.co.uk	136482	2026-09-13
wirx.com	19929	2026-08-31
wisbechstandard.co.uk	36480	2026-09-13
wisbusiness.com	14357	2026-09-11
wisc.edu	13865	2026-09-13
wiscassetnewspaper.com	25124	2026-09-13
wiscnews.com	66705	2026-09-13
wisconsin106.com	15308	2025-03-13
wisconsinagconnection.com	14846	2026-09-11
wisconsinrapidstribune.com	9142	2023-09-11
wisfarmer.com	5440	2023-09-11
wishtv.com	72149	2026-09-13
wislawjournal.com	11691	2026-06-03
wisn.com	75542	2026-09-13
wispolitics.com	20579	2026-07-23
wisr680.com	9459	2026-09-13
wistv.com	39075	2026-09-13
withinnigeria.com	12604	2026-03-04
witl.com	37878	2026-09-11
witn.com	37282	2026-09-13
witneygazette.co.uk	133588	2026-09-13
wits.ac.za	5573	2026-09-12
wivk.com	12687	2026-09-13
wixx.com	27817	2026-09-12
wiznation.com	13875	2026-09-13
wjactv.com	34971	2026-09-13
wjbc.com	40047	2026-09-08
wjbq.com	28726	2026-09-13
wjbr.com	12970	2025-12-04
wjcl.com	72938	2026-09-13
wjct.org	72259	2026-09-13
wjcw.com	56200	2026-08-18
wjez.com	10889	2026-09-13
wjfw.com	21020	2026-09-13
wjhg.com	26259	2026-09-13
wjimam.com	23474	2025-12-01
wjla.com	50971	2026-09-13
wjle.com	6131	2026-09-12
wjmi.com	18966	2026-05-04
wjnt.com	23076	2026-04-22
wjol.com	34927	2026-09-13
wjon.com	38423	2026-09-12
wjoxam.com	50601	2026-04-07
wjpf.com	5992	2026-08-31
wjr.com	43825	2026-09-13
wjrz.com	14146	2026-09-13
wjsu.org	19822	2025-03-11
wjtn.com	20916	2026-09-12
wjvl.com	5257	2025-03-09
wkar.org	18408	2026-09-13
wkbw.com	41758	2026-09-12
wkdq.com	37214	2026-09-13
wkdzradio.com	16789	2026-08-27
wkfr.com	25095	2026-09-11
wkjc.com	42933	2026-09-12
wkkg.com	9956	2026-09-12
wkmi.com	17491	2025-11-30
wkml.com	16283	2026-09-12
wkms.org	55194	2026-09-13
wknofm.org	84972	2026-09-13
wkow.com	6158	2026-05-21
wkrb13.com	486644	2025-04-18
wksn.com	20857	2026-09-11
wksu.org	17996	2022-12-08
wktn.com	10447	2026-09-12
wktv.com	43185	2026-09-13
wkuherald.com	9512	2026-09-13
wkvi.com	7775	2026-09-11
wkxi.com	15993	2026-05-09
wkyc.com	70523	2026-06-06
wkyt.com	34486	2026-09-13
wkyufm.org	45624	2026-09-13
wkzo.com	77611	2026-09-13
wlad.com	5175	2026-09-11
wlav.com	10570	2026-09-13
wlbt.com	8276	2026-03-19
wlds.com	11655	2026-09-12
wlec.com	23189	2026-09-12
wlevradio.com	9881	2026-09-13
wlfi.com	25740	2026-09-12
wlip.com	23091	2026-09-11
wlkm.com	8825	2026-09-11
wlky.com	83622	2026-09-13
wlni.com	5321	2026-04-30
wlos.com	42300	2026-09-13
wlox.com	33985	2026-09-13
wlrfm.com	16614	2026-07-28
wlrh.org	26644	2026-09-12
wlrn.org	50659	2026-09-13
wlsam.com	54549	2026-09-11
wltribune.com	33597	2026-09-13
wltx.com	63246	2026-06-25
wltz.com	6311	2026-09-01
wlwi.com	6355	2026-09-13
wlwt.com	92698	2026-09-13
wmac-am.com	48638	2026-09-13
wmagazine.com	6633	2026-09-12
wmal.com	39599	2026-09-12
wmay.com	11097	2025-04-11
wmbfnews.com	39886	2026-09-13
wmcactionnews5.com	21076	2021-05-19
wmdt.com	34249	2026-09-12
wmfe.org	18986	2024-04-02
wmgk.com	17000	2026-09-13
wmicentral.com	10601	2026-09-11
wmmq.com	34278	2026-09-12
wmnf.org	7669	2026-09-13
wmot.org	24000	2025-08-12
wmra.org	45793	2026-09-13
wmtram.com	10456	2026-09-11
wmtv15news.com	20252	2026-09-13
wmtw.com	75135	2026-09-13
wmuk.org	25303	2026-09-13
wmur.com	96434	2026-09-13
wn.com	399364	2026-07-15
wnaw.com	19278	2026-09-12
wnax.com	9088	2026-09-11
wnbf.com	18142	2026-09-13
wncv.com	9298	2026-09-13
wncw.org	32678	2026-09-13
wncy.com	27611	2026-09-11
wnd.com	38044	2026-09-13
wndu.com	32485	2026-09-13
wnem.com	24262	2026-09-12
wnep.com	57274	2026-06-05
wnewsj.com	19288	2025-05-15
wnir.com	9636	2026-09-11
wnmtradio.com	19176	2022-12-08
wnmufm.org	72884	2026-09-13
wnpr.org	6587	2021-07-14
wntxradio.com	19392	2026-08-10
wnyt.com	45063	2026-03-11
woad.com	19065	2026-04-22
wobm.com	59894	2026-09-13
wogb.fm	17406	2026-09-13
wogx.com	18799	2026-09-12
wohfradio.com	29621	2026-09-13
wokq.com	28064	2026-09-13
wokv.com	65391	2026-09-13
womanandhome.com	25730	2026-09-13
womansworld.com	13451	2026-09-13
womenofchina.cn	11042	2025-06-09
womenshealthmag.com	17424	2026-09-12
wondradio.com	42515	2026-09-11
wonkette.com	5766	2026-07-29
woodallscm.com	5707	2026-09-11
woodlandsonline.com	10525	2026-09-13
woodstocksentinelreview.com	41703	2026-09-12
woodwardnews.net	10456	2026-09-10
woodworkingnetwork.com	9527	2025-12-16
woonsocketcall.com	12739	2026-09-13
worcesternews.co.uk	110413	2026-09-13
wordpress.com	17224	2026-09-13
workers.org	5585	2026-03-06
workerscompensation.com	8503	2026-09-11
workersliberty.org	8719	2025-11-07
worksopguardian.co.uk	12974	2025-01-23
world-nuclear-news.org	7490	2026-09-11
worldathletics.org	5011	2026-09-10
worldbank.org	10233	2026-09-04
worldboxingnews.net	7275	2025-03-04
worldcasinodirectory.com	8103	2026-09-13
worldcrunch.com	14971	2025-01-23
worldipreview.com	5158	2026-09-11
worldoil.com	14056	2026-09-11
worldpoliticsreview.com	5298	2026-08-06
worldscreen.com	13861	2025-08-22
worldsoccertalk.com	14787	2022-08-10
worldtempus.com	6422	2026-09-12
wortfm.org	6174	2025-05-02
worthingherald.co.uk	6867	2022-02-10
worthplaying.com	13794	2026-09-12
worthynews.com	6384	2026-09-12
wosu.org	15867	2026-09-13
woub.org	10812	2026-09-11
wowo.com	10492	2026-09-13
wowt.com	39274	2026-09-13
wpbf.com	68851	2026-09-13
wpde.com	49719	2026-09-13
wpdh.com	45318	2026-09-13
wphm.net	13328	2026-08-08
wpr.org	11974	2026-09-12
wprl.org	54300	2025-10-06
wpsdlocal6.com	54591	2026-09-13
wpst.com	37158	2026-09-12
wpsu.org	65907	2026-09-13
wptv.com	52909	2026-09-13
wpxi.com	46183	2026-09-13
wqad.com	51386	2026-06-05
wqcmfm.com	13723	2026-09-11
wqcs.org	57322	2026-09-13
wqel.com	5840	2026-09-11
wqut.com	21685	2026-09-13
wral.com	154351	2026-09-13
wraltechwire.com	12216	2025-11-06
wrcbtv.com	57393	2022-01-13
wrdw.com	39539	2026-09-13
wreg.com	6285	2026-08-24
wrestlezone.com	39547	2026-09-13
wrestlinginc.com	63940	2026-09-13
wrestlingnewssource.com	25672	2026-07-06
wrexham.com	16009	2026-09-13
wrfalp.com	7927	2026-09-11
wrganews.com	13202	2026-09-13
wrhi.com	5598	2026-09-12
wrif.com	31004	2026-09-13
writersdigest.com	5872	2026-09-12
wrjn.com	5677	2026-09-12
wrjo.com	5700	2026-09-12
wrkf.org	38026	2026-09-13
wrkr.com	24753	2026-09-11
wrmf.com	11244	2026-09-12
wror.com	21142	2026-09-13
wrp.org.uk	6381	2026-09-11
wrrv.com	39456	2026-09-13
wruf.com	10716	2026-09-13
wrur.org	9517	2026-09-13
wrvo.org	62787	2026-09-13
wsau.com	104410	2026-09-13
wsaw.com	31587	2026-09-13
wsaz.com	28479	2026-09-13
wsbradio.com	64267	2026-09-13
wsbs.com	13060	2026-09-12
wsbt.com	41307	2026-09-13
wsbtv.com	55573	2026-09-13
wscountytimes.co.uk	6332	2022-02-09
wset.com	43537	2026-09-13
wsfa.com	32570	2026-09-13
wsfl.com	7284	2026-09-13
wsgw.com	20340	2026-09-11
wshu.org	40962	2026-09-13
wsiltv.com	53441	2026-08-02
wsipam.com	5015	2026-07-25
wsiu.org	76964	2026-09-13
wsj.com	58643	2026-06-22
wsjm.com	30735	2026-09-12
wsjs.com	5407	2026-07-31
wskg.org	6784	2026-03-08
wsls.com	137984	2026-09-13
wsmv.com	37334	2026-09-13
wsnewspublishers.com	7109	2025-08-29
wsoctv.com	46572	2026-09-13
wsrkfm.com	18575	2026-09-13
wsu.edu	8641	2026-09-11
wsvaonline.com	5422	2024-04-02
wsvn.com	49010	2026-09-12
wsws.org	41194	2026-09-12
wtae.com	81798	2026-09-13
wtap.com	5700	2026-03-19
wtaq.com	53792	2026-09-12
wtax.com	7000	2024-05-20
wtbdfm.com	11527	2024-01-02
wtbx.com	24828	2026-09-11
wthitv.com	38213	2026-09-12
wthr.com	77073	2026-08-11
wtka.com	15955	2024-08-27
wtkr.com	57910	2026-09-13
wtma.com	107264	2026-09-13
wtmj.com	42363	2026-07-15
wtmx.com	10513	2026-09-11
wtoc.com	36000	2026-09-13
wtok.com	23774	2026-09-13
wtol.com	61161	2026-06-06
wtop.com	89750	2026-09-13
wtov9.com	35836	2026-09-13
wtsp.com	75398	2026-06-06
wttf.com	31576	2026-09-13
wttw.com	14739	2025-12-16
wtug.com	19406	2026-09-13
wtva.com	47851	2026-09-13
wtvbam.com	56343	2026-09-13
wtvm.com	27821	2026-09-13
wtvq.com	20358	2026-09-09
wtvr.com	51982	2026-09-13
wtvy.com	22383	2026-09-12
wtxl.com	32201	2026-09-12
wuft.org	40453	2026-09-13
wuky.org	28528	2026-09-13
wunc.org	21533	2026-09-11
wupe.com	18294	2026-09-12
wusa9.com	68551	2026-06-05
wutc.org	40695	2026-09-13
wuuqradio.com	12246	2026-09-10
wuwf.org	53858	2026-09-13
wuwm.com	17467	2026-09-12
wvasfm.org	51183	2026-09-13
wvel.com	7415	2026-08-18
wvfm1065.com	5078	2020-12-07
wvgazettemail.com	43840	2026-09-13
wvik.org	53440	2026-09-13
wvlkam.com	68850	2026-09-13
wvlnam.com	8648	2026-07-29
wvmetronews.com	24925	2026-09-11
wvnews.com	110265	2026-01-24
wvnn.com	40826	2026-08-18
wvpublic.org	12823	2026-09-13
wvrecord.com	5873	2025-05-20
wvtf.org	34182	2026-09-13
wvtm13.com	67629	2026-09-13
wvxu.org	44346	2026-09-13
wwaytv3.com	30225	2026-09-13
wwd.com	47212	2026-09-13
wweek.com	12141	2026-08-21
wwisradio.com	5387	2026-09-11
wwjb.com	5988	2025-02-24
wwki.com	5968	2026-09-13
wwltv.com	56312	2026-06-05
wwmt.com	42789	2026-09-13
wwno.org	46967	2026-09-13
wwnytv.com	26287	2026-09-13
wwqq101.com	5885	2026-09-13
wxerfm.com	19233	2026-09-13
wxfx.com	9337	2026-09-12
wxii12.com	78650	2026-09-13
wxkr.com	13917	2026-09-12
wxlo.com	9886	2026-09-13
wxow.com	52657	2026-09-13
wxpr.org	31771	2026-09-13
wxxinews.org	55639	2026-09-13
wxxv25.com	27617	2026-09-13
wxyz.com	52890	2026-09-13
wydaily.com	15659	2026-09-12
wyff4.com	81811	2026-09-13
wynn1063.com	20597	2026-09-13
wyomingnews.com	94466	2026-09-13
wyomingnewsnow.tv	37679	2026-09-12
wyomingpublicmedia.org	44917	2026-09-13
wypr.org	52604	2026-09-13
wyrk.com	43897	2026-09-12
wyshradio.com	5220	2026-09-10
wyso.org	45148	2026-09-13
wysu.org	25921	2026-09-13
wzid.com	7004	2026-09-13
wzozfm.com	19410	2026-09-13
wzpl.com	8078	2026-09-13
wzzm13.com	69198	2026-06-26
x1071.com	31569	2026-09-13
xboxachievements.com	9229	2025-04-26
xinhuanet.com	172415	2026-09-10
xlcountry.com	14513	2026-09-11
xpatloop.com	10253	2026-07-22
xtra99.com	18009	2026-09-12
xxlmag.com	13771	2026-09-12
y-103.com	9755	2026-09-13
y100fm.com	8094	2026-09-11
y101.com	14405	2026-09-11
y101hits.com	10275	2026-09-13
y102montgomery.com	23139	2026-09-13
y105fm.com	41505	2026-09-12
y105music.com	26269	2026-09-12
y108.ca	8126	2026-09-13
y94.com	37718	2026-09-13
y95country.com	29212	2026-09-12
yachtsandyachting.com	30885	2026-09-13
yahoo.com	6425262	2026-09-13
yakimaherald.com	99505	2026-09-13
yaktrinews.com	8775	2023-06-26
yale.edu	11812	2026-09-11
yaledailynews.com	5862	2026-01-16
yalibnan.com	9506	2026-09-13
yambolnews.net	6474	2025-10-22
yanksgoyard.com	5669	2026-09-13
yankton.net	61517	2026-09-13
yardbarker.com	168137	2026-09-13
yasstribune.com.au	70037	2026-09-13
ycombinator.com	5958	2026-09-09
ydr.com	6710	2023-09-11
yellowhammernews.com	14394	2026-09-13
yen.com.gh	10134	2026-03-19
yenisafak.com	20714	2025-09-16
yeovilexpress.co.uk	58449	2023-06-08
yesweekly.com	10504	2026-09-09
yle.fi	17123	2026-09-11
yna.co.kr	6410	2026-03-12
ynaija.com	9234	2026-09-13
ynetnews.com	67548	2026-09-13
yorkdispatch.com	14408	2023-09-11
yorknewstimes.com	47595	2026-09-11
yorkpress.co.uk	171098	2026-09-13
yorkregion.com	12457	2026-09-13
yorkshireeveningpost.co.uk	26040	2025-01-23
yorkshirepost.co.uk	60971	2025-01-23
yorktonthisweek.com	42911	2021-07-29
youngwitness.com.au	19987	2026-09-09
youralaskalink.com	22767	2026-09-12
yourdemocracy.net	5717	2026-09-10
yourdemocracy.net.au	19263	2026-09-10
youredm.com	7476	2026-06-26
yourfortdodge.com	19787	2026-09-10
yourlocalguardian.co.uk	191047	2026-09-13
yourobserver.com	13482	2025-09-10
yourradioplace.com	8097	2026-09-11
yoursourceone.com	81537	2026-09-13
yourstephenvilletx.com	5064	2026-09-06
yourstory.com	36279	2026-09-03
yourtango.com	49451	2026-09-13
yourthurrock.com	11190	2026-09-12
yovizag.com	6859	2026-09-12
ypradio.org	68767	2026-09-13
yubanet.com	9025	2026-09-12
yukon-news.com	6494	2026-09-13
yumasun.com	60773	2026-09-13
z100fm.com	5689	2026-09-03
z100missoula.com	15148	2026-09-13
z1023online.com	17023	2026-09-13
z103.fm	11188	2024-08-29
z1077fm.com	11327	2026-09-12
z937.com	21107	2026-09-13
z93jamz.com	17333	2026-09-13
z94.com	26345	2026-09-12
z943radio.com	8741	2025-01-06
z96.com	10754	2026-09-13
zawya.com	200170	2026-09-12
zazoom.it	10637	2026-09-04
zdnet.com	41078	2026-09-11
zerohedge.com	135348	2026-09-13
zfenglish.com	40973	2026-09-11
ziarelive.ro	5451	2024-08-01
zigwheels.com	21036	2026-09-13
zimbabwesituation.com	15654	2026-07-20
zimbabwestar.com	54193	2026-09-13
zimeye.net	10547	2026-09-13
zizonline.com	6772	2026-09-13
zmescience.com	13562	2026-09-11
znsbahamas.com	5950	2026-09-11
zodiakmalawi.com	6781	2026-09-09
zonebourse.com	6769	2026-05-15
zrock103.com	9118	2026-09-13
zululandobserver.co.za	18680	2023-08-31
