1005freshradio.ca	8956	2026-09-16
1009theeagle.com	11642	2026-08-20
1010wcsi.com	7307	2025-08-27
1011now.com	34053	2026-10-05
1015hankfm.com	9175	2025-07-28
1015thehawk.com	10170	2026-03-23
1015vibe.com	8819	2026-10-03
1019thebeatfm.com	9206	2025-05-15
1019thekeg.com	26327	2026-05-12
1019therock.com	25581	2026-10-03
1021thefox.com	9240	2026-10-05
1023thebullfm.com	17951	2026-09-26
1023thewolf.com	8205	2026-10-02
1025kiss.com	38100	2026-10-05
1025wowcountry.com	7611	2026-10-04
1027kord.com	33634	2026-10-05
1027thevibe.com	8043	2026-10-05
102thebear.com	6160	2026-10-05
1031freshradio.ca	8934	2026-10-05
1033theeagle.com	6672	2026-09-24
1033wvyb.com	8713	2026-10-02
1035kissfmboise.com	25264	2026-10-05
1035theeagle.com	9324	2026-07-29
1037theloon.com	28078	2026-10-05
1039wvbo.com	28682	2026-10-05
103gbfrocks.com	36504	2026-10-04
103kkcn.com	19592	2026-10-05
103weup.com	10154	2026-10-04
103wjod.com	24079	2026-10-05
1041wdlt.com	9554	2026-10-05
1043freshradio.ca	8353	2026-10-01
1043theparty.com	7600	2026-10-05
1045bobfm.com	5391	2024-09-10
1045freshradio.ca	7553	2026-10-01
1045theteam.com	23179	2026-10-03
1045thezone.com	30619	2026-10-05
1045wjjk.com	6066	2026-10-05
1049maxcountry.com	8001	2021-04-15
1049nashicon.com	5935	2026-10-05
1049thebeat.com	17984	2026-10-05
1049theedge.com	7670	2023-01-13
1049thewolf.com	16377	2026-10-04
104thehawk.com	10991	2026-10-05
1050talk.com	7314	2020-02-18
1053hotfm.com	6303	2026-10-05
1055thehawk.com	6159	2024-06-16
1057thehawk.com	56583	2026-10-05
1057thepoint.com	16248	2026-10-05
1057thex.com	9331	2026-10-05
1059thehog.com	9300	2026-08-30
1063cowboycountry.com	6354	2021-01-15
1063thebuzz.com	31316	2026-10-05
1063thegroove.com	7958	2026-10-04
1065thearch.com	12214	2026-10-02
1065thebuzz.com	16023	2026-10-05
1069morefm.com	6042	2022-09-07
1073modfm.com	24949	2026-10-01
1073theeagle.com	9577	2026-10-03
1073wsjy.com	5991	2025-11-22
1075daverocks.com	7771	2026-10-05
1075koolfm.com	7886	2026-10-05
1075thegame.com	42985	2026-10-05
1075zoofm.com	8459	2022-07-07
1077thebone.com	7266	2026-10-04
1079ishot.com	48542	2026-10-05
107jamz.com	18040	2026-10-05
1090kaay.com	19797	2026-10-05
10news.com	98925	2026-10-05
10tv.com	62651	2026-06-25
1150kknw.com	5860	2026-10-04
1170kfaq.com	5326	2020-05-08
11alive.com	76527	2026-06-06
1280wnam.com	22183	2026-02-02
1290wlby.com	38494	2026-10-05
12news.com	62356	2026-06-26
12newsnow.com	54381	2026-06-06
12onyourside.com	13375	2026-10-05
1310kfka.com	14021	2026-10-05
1310news.com	29075	2020-12-03
1350kman.com	16098	2026-10-05
1370wfea.com	9130	2026-10-02
1380kcim.com	8887	2026-03-18
13abc.com	30161	2026-10-05
13newsnow.com	73852	2026-06-06
13wham.com	43331	2026-10-05
13wmaz.com	59415	2026-06-06
1470kyyw.com	9056	2026-10-05
1470wmbd.com	10508	2023-03-10
1490wosh.com	81753	2026-10-05
14news.com	41733	2026-10-05
1520theticket.com	53163	2026-06-29
1590walg.com	17537	2020-08-26
1630kcjj.com	13946	2026-10-03
1660thefan.com	10612	2020-12-04
1prime.biz	32781	2023-12-29
247sports.com	6960	2023-02-02
247wallst.com	21409	2026-10-05
27east.com	8149	2026-10-05
29news.com	11130	2026-10-05
2ec.com.au	5492	2026-10-05
2gb.com	31850	2026-10-05
2hd.com.au	5912	2024-12-18
2lt.com.au	16271	2026-10-05
2merkato.com	5247	2026-10-03
2news.com	83350	2026-10-05
2nm.com.au	5453	2026-10-05
2paragraphs.com	14596	2026-10-04
360cities.net	23862	2026-06-04
360nobs.com	5978	2020-10-03
3aw.com.au	19633	2026-10-05
3ba.com.au	5107	2026-10-05
3blmedia.com	8727	2026-10-02
3quarksdaily.com	9653	2026-05-24
4029tv.com	67170	2026-10-05
411mania.com	105251	2025-11-29
41nbc.com	27130	2026-10-04
4bc.com.au	27973	2026-10-05
4ni.co.uk	14203	2026-10-05
51.ca	7544	2026-10-05
5280.com	5645	2026-10-01
560cfos.ca	11980	2025-07-31
570news.com	56393	2021-10-17
5au.com.au	5052	2026-10-05
5newsonline.com	51740	2026-06-06
5tjt.com	10304	2026-06-04
6000.co.za	5424	2026-10-05
620ckrm.com	27287	2026-10-05
640wxsm.com	70415	2026-10-05
660wxqw.com	20062	2025-06-14
680kfeq.com	13569	2026-10-05
680news.com	113457	2021-10-17
6abc.com	62261	2026-10-05
6pr.com.au	10752	2026-10-05
702.co.za	24442	2024-01-15
710keel.com	26350	2026-10-05
730ckdm.com	6979	2026-10-05
740thefan.com	29351	2026-10-05
790business.com	41914	2022-08-10
790wpic.com	61854	2026-09-21
7news.com.au	5070	2026-03-12
7newsbelize.com	39325	2026-10-03
7thspace.com	39838	2024-09-15
850wftl.com	18211	2026-05-06
895thelake.ca	8534	2023-11-21
90min.com	58926	2025-09-29
915thebeat.com	8662	2026-09-29
919thebend.ca	10859	2026-02-10
91x.fm	5332	2026-10-02
921theticket.com	86847	2026-10-05
921wrou.com	25347	2026-10-02
927thedrive.net	20022	2026-10-03
927thevan.com	18078	2026-10-05
929nin.com	47789	2026-10-05
929peakfm.com	13931	2026-10-05
929thebull.com	31667	2026-10-05
929thelake.com	30879	2026-10-03
929theticket.com	9476	2026-10-05
929zzu.com	9483	2026-10-05
92moose.fm	29462	2026-10-05
92profm.com	5098	2026-10-05
92q.com	18676	2026-10-05
92qnashville.com	10593	2026-10-05
931coast.com	6782	2026-10-02
931freshradio.ca	8118	2026-10-05
931kmkt.com	18254	2026-10-05
931thebeat.com	9333	2026-10-05
931theborder.ca	8735	2025-09-08
933nashicon.com	5801	2026-09-09
933thedrive.com	39550	2026-10-05
937kclb.com	9654	2026-09-16
937kcountry.com	5338	2026-10-02
937nashicon.com	7073	2025-03-17
937theeagle.com	5844	2026-10-02
93q.com	19665	2026-10-05
93x.com	5609	2026-10-05
940wfaw.com	27438	2024-10-06
941theduke.com	7682	2026-10-03
943jackfm.com	23287	2026-10-03
943thepoint.com	57481	2026-10-05
945thehawkradio.com	5974	2026-10-05
945themoose.com	8689	2026-09-28
947wls.com	5772	2026-10-02
949whom.com	29031	2026-10-05
951kbby.com	9032	2026-10-05
953thebear.com	31777	2026-10-05
953thescore.com	61967	2026-10-05
955glo.com	9067	2026-10-05
955wtvy.com	6076	2026-09-01
959kissfm.com	12538	2026-10-05
95kqds.com	9725	2026-10-05
95rockfm.com	31896	2026-10-05
95sx.com	10582	2026-10-05
961jamz.com	8982	2026-10-05
961theeagle.com	34903	2026-10-05
963bigfm.com	7374	2026-09-02
963jackfm.com	8645	2026-10-05
963kklz.com	17230	2026-10-05
963theblaze.com	28090	2026-10-04
963wdvd.com	5201	2026-09-28
963xke.com	6384	2026-10-05
965bobfm.com	7279	2024-08-08
965kvki.com	39864	2026-10-05
965therock.com	20447	2026-10-05
967theeagle.net	33129	2026-10-05
969therock.com	14930	2026-10-05
96fm.ie	5827	2026-10-02
96krock.com	27053	2026-08-06
96kzel.com	9125	2026-10-05
971kissfm.com	5102	2022-09-16
973thedawg.com	46879	2026-10-05
975kgkl.com	21731	2026-10-05
975klak.com	6919	2020-05-30
975now.com	34951	2026-10-05
975thevibe.com	23031	2026-10-05
975wabd.com	11298	2026-10-05
977thebay.com	6314	2026-10-05
977theriver.com	12897	2025-05-26
979kickfm.com	32344	2026-10-05
979nashicon.com	5563	2026-10-05
979x.com	10557	2026-10-05
97rockonline.com	33788	2026-10-04
97x.com	22355	2026-10-02
97xonline.com	8118	2026-10-02
97zokonline.com	39135	2026-10-05
980waav.com	77066	2026-10-05
981thehawk.com	36313	2026-10-05
981themax.com	9314	2026-10-05
983nashicon.com	6004	2026-10-05
983thecoast.com	34934	2026-08-10
983thesnake.com	21965	2026-10-05
983wlcs.com	6157	2026-09-21
985kissfm.net	6158	2026-10-05
985thebull.com	12690	2026-09-28
987jack.com	23873	2026-10-04
987thebomb.com	6542	2026-09-23
987thebull.com	11554	2026-09-15
989magicfm.com	10768	2026-10-05
989xfm.ca	5799	2026-10-05
98cool.ca	11201	2026-09-07
98fm.com	14303	2026-10-05
98kupd.com	9332	2026-10-02
98q.com	7278	2026-10-05
98rocks.fm	18121	2026-09-30
98theticket.com	15783	2021-01-15
991thewhale.com	32927	2026-10-05
993kjoy.com	9860	2026-10-05
993thex.com	6076	2026-09-15
995qyk.com	21666	2026-10-05
995thewolf.com	7223	2026-10-05
997wtn.com	79230	2026-09-21
999ktdy.com	36140	2026-10-05
999thefoxrocks.com	7241	2026-10-05
999thepoint.com	27345	2026-10-05
99jamzmiami.com	5737	2026-10-02
9and10news.com	61522	2026-10-04
9news.com	62857	2026-06-05
9news.com.au	107292	2026-05-31
9thlevel.ie	8248	2025-12-04
9to5mac.com	22644	2026-10-05
aa.com.tr	91772	2026-10-05
aaj.tv	6866	2025-10-27
aarp.org	14025	2026-10-05
aawsat.com	126807	2026-10-05
abajournal.com	10928	2026-10-04
abbynews.com	33581	2026-10-05
abc-7.com	25368	2025-02-05
abc.net.au	200811	2026-10-05
abc10.com	72693	2026-06-25
abc11.com	78459	2026-10-05
abc12.com	36706	2026-10-05
abc13.com	86590	2026-10-05
abc15.com	55024	2026-10-05
abc17news.com	108665	2026-10-05
abc23.com	10569	2026-10-05
abc30.com	68847	2026-10-05
abc3340.com	43395	2026-10-05
abc57.com	59315	2026-10-05
abc6.com	10148	2026-01-23
abc6onyourside.com	42347	2026-10-05
abc7.com	72860	2026-10-05
abc7amarillo.com	33784	2026-10-05
abc7chicago.com	100157	2026-10-05
abc7news.com	78961	2026-10-05
abc7ny.com	86002	2026-10-05
abcactionnews.com	47042	2025-08-18
abcaudio.com	5535	2026-06-09
abccolumbia.com	41954	2026-10-05
abcfoxmontana.com	10097	2020-03-03
abcnews.com	20669	2026-10-05
abcnews4.com	49074	2026-10-05
abcnewsradioonline.com	21946	2021-04-12
abebooks.co.uk	5398	2023-12-06
aberdeennews.com	16891	2023-09-11
abnnewswire.net	7391	2026-10-02
aboutmyarea.co.uk	7782	2026-06-14
abovethelaw.com	27724	2026-10-03
abplive.com	7280	2026-03-17
abqjournal.com	86785	2026-10-05
abs-cbn.com	45218	2025-02-12
abstvradio.com	9006	2026-10-03
accesswdun.com	132647	2026-05-26
accountantsdaily.com.au	6982	2026-10-04
accountingtoday.com	19200	2026-10-02
aceshowbiz.com	110446	2026-10-05
achrnews.com	5041	2026-10-03
ack.net	7330	2026-10-05
acm.org	8233	2025-11-11
acrofan.com	16721	2024-06-05
acs.org	8607	2026-10-05
actionforex.com	43941	2026-10-05
actionnews5.com	21546	2026-10-05
actionnewsjax.com	44196	2026-10-05
actionnewsnow.com	17223	2026-03-19
actmedia.eu	17612	2026-10-05
actuarialpost.co.uk	6718	2026-10-05
adage.com	9059	2026-07-23
adb.org	5317	2026-10-05
adelaidenow.com.au	56534	2024-07-27
adgully.com	79340	2026-10-05
adirondackdailyenterprise.com	16924	2026-04-13
adn.com	48043	2026-10-05
adnews.com.au	11657	2026-08-25
adsoftheworld.com	7091	2022-05-07
advanced-television.com	17415	2026-10-05
advancedbiofuelsusa.info	14500	2023-07-26
advertiser.ie	5218	2026-10-03
advertisernewssouth.com	5272	2026-10-02
advisor.ca	10865	2026-07-14
advocate-news.com	19186	2026-10-05
advocate.com	9320	2026-10-05
advocateanddemocrat.com	30049	2026-10-04
adweek.com	32568	2026-10-05
aei.org	23074	2026-10-02
aero-news.net	94190	2026-10-05
aerospace-technology.com	5672	2024-11-14
aerotechnews.com	7771	2026-10-02
af.mil	23754	2025-02-27
afa.net	5128	2026-10-02
afaqs.com	14265	2026-10-05
afar.com	7715	2026-10-02
afghanislamicpress.com	5880	2026-10-04
afghanistannews.net	57266	2026-10-05
afghanistansun.com	53946	2026-10-05
afghanistantimes.af	5533	2022-02-18
afl.com.au	17747	2026-10-05
afloat.ie	22339	2026-09-10
afn.net	7605	2024-09-08
afp.com	7434	2026-09-21
afr.com	155041	2026-10-05
afr.net	8668	2026-10-05
africa-newsroom.com	45310	2026-10-05
africa.com	25302	2026-10-05
africabusiness.com	6877	2026-10-04
africaintelligence.com	12173	2026-10-02
africaleader.com	102442	2026-10-05
african.business	13985	2025-12-02
africanews.com	46190	2026-10-05
africanexaminer.com	17773	2026-07-23
afro.com	8239	2026-08-29
afropages.fr	37473	2025-09-18
agassizharrisonobserver.com	42988	2026-10-05
agenda.ge	9624	2025-02-27
aginfo.net	23592	2026-10-05
agnews890.com	5713	2026-10-05
agreenliving.org	5844	2022-05-27
agri-pulse.com	7069	2026-10-04
agriculture.com	27864	2026-03-17
agriland.ie	45203	2026-01-13
agrinews-pubs.com	13753	2026-10-05
agupdate.com	17183	2026-10-02
agweek.com	12508	2026-10-03
agwired.com	8448	2026-10-04
ahram.org.eg	100228	2026-09-10
ai-cio.com	5447	2026-10-01
aidesep.org.pe	5933	2025-10-03
aikenstandard.com	5935	2023-06-19
ainonline.com	9978	2026-10-01
airdriecityview.com	43048	2025-01-23
airdrieecho.com	9364	2026-10-03
airdrietoday.com	18510	2023-05-11
airforce-technology.com	7017	2026-10-05
airforcetimes.com	9611	2026-10-05
airliners.net	10712	2026-04-23
airport-technology.com	6149	2026-10-05
ajc.com	73551	2026-10-05
ajmc.com	14808	2026-10-05
ajot.com	10138	2026-09-03
ajp.com.au	6660	2026-10-03
akipress.com	111501	2026-10-05
akp.gov.kh	23823	2026-10-05
akronnewsreporter.com	9051	2026-10-05
al-monitor.com	50378	2026-10-05
al.com	75487	2026-03-25
alabamanews.net	13758	2023-04-13
alabamawx.com	14666	2025-08-14
alamogordonews.com	6110	2026-10-02
alarabiya.net	20388	2025-12-05
alaraby.co.uk	8389	2022-11-16
alaska-native-news.com	8878	2026-10-03
alaskahighwaynews.ca	45396	2023-11-01
alaskapublic.org	8726	2026-10-05
alaskasnewssource.com	12590	2026-10-05
albanyherald.com	81229	2025-06-06
albawaba.com	72384	2026-09-13
alberta.ca	5653	2026-10-04
albuquerqueexpress.com	95215	2026-10-05
aldergrovestar.com	33356	2026-10-05
aldianews.com	9071	2026-10-02
aleteia.org	18528	2026-10-04
algemeiner.com	37208	2026-10-03
alice1077.com	10787	2026-10-05
alice965.com	14484	2026-09-26
alipac.us	33528	2026-10-05
aljazeera.com	124192	2026-10-05
allaboutthejersey.com	5447	2026-10-04
allaccess.com	12520	2024-11-05
allafrica.com	593783	2026-10-05
alleywatch.com	21066	2026-10-04
allhiphop.com	24331	2026-10-05
alligator.org	9042	2026-10-05
allkpop.com	62192	2026-08-23
allmediany.com	7207	2020-10-14
allthehitsb951.com	10530	2026-10-05
alltoc.com	8831	2026-04-15
allure.com	7008	2026-10-02
almanacnews.com	12403	2026-10-04
almanar.com.lb	11558	2026-01-24
almayadeen.net	5251	2025-01-26
alt1017.com	10060	2024-11-19
altaz933.com	7395	2026-10-02
altenergymag.com	9060	2026-09-17
alternet.org	33803	2026-10-05
altondailynews.com	9971	2021-06-21
altoonamirror.com	22690	2026-10-05
altpress.com	9018	2025-01-23
am-online.com	20323	2025-12-12
am1050.com	7241	2024-08-08
am1070theanswer.com	5920	2024-05-17
am1100theflag.com	18223	2026-08-12
am1590theanswer.com	6050	2022-07-01
am920theanswer.com	5919	2024-05-17
am9501007fm.com	27724	2026-09-15
am970theanswer.com	5919	2024-05-17
amarillo.com	9981	2023-09-11
amarillosrockstation.com	9278	2026-10-05
amarujala.com	148264	2026-06-15
amazinavenue.com	8798	2026-10-05
amazingmadison.com	26603	2026-10-05
amazonaws.com	35940	2026-08-04
americamagazine.org	15281	2026-10-04
americanbanker.com	26968	2026-10-03
americanbazaaronline.com	10082	2026-10-05
americanfreepress.net	10087	2026-06-11
americanisraelite.com	7109	2026-09-30
americanpress.com	27599	2026-10-05
americansongwriter.com	50687	2026-10-05
americanthinker.com	52151	2026-10-05
americantop40.com	14164	2026-10-03
amestrib.com	8559	2023-09-11
amherstbulletin.com	5189	2026-10-04
ammoland.com	22560	2026-08-31
ammonnews.net	14025	2026-10-05
amny.com	21255	2026-10-05
amren.com	21031	2026-10-02
amsterdamnews.com	10410	2026-10-02
analystratings.com	5117	2021-04-29
anandabazar.com	12880	2023-08-22
anchoragepress.com	5874	2026-10-05
ancient-origins.net	20426	2026-10-04
andhrawishesh.com	6851	2026-05-02
andina.pe	10818	2025-04-22
andoveradvertiser.co.uk	108915	2026-10-05
androidauthority.com	21069	2026-09-23
androidcentral.com	38819	2026-10-05
androidcommunity.com	6682	2022-02-03
androidheadlines.com	38407	2026-07-30
androidpolice.com	38746	2026-10-05
angelusnews.com	5563	2026-10-05
anglocelt.ie	48064	2026-10-05
angop.ao	7651	2025-01-03
anhuinews.com	18250	2026-09-30
animenewsnetwork.com	59865	2025-09-07
aninews.in	574858	2026-10-05
annistonstar.com	26097	2026-10-02
ansa.it	14982	2026-10-05
ansamed.info	9391	2023-03-13
antaranews.com	75814	2026-10-05
antigojournal.com	32985	2026-10-05
antiguaobserver.com	14440	2026-10-01
antiwar.com	22761	2026-10-05
antonyloewenstein.com	7172	2026-10-05
aol.co.uk	280590	2026-10-05
aol.com	302368	2026-10-05
ap.org	20431	2026-06-04
apartmenttherapy.com	14278	2026-04-26
apnews.com	386275	2025-03-05
app.com	16834	2023-09-11
app.com.pk	33134	2026-04-24
appeal-democrat.com	19568	2026-10-03
appleinsider.com	47627	2026-09-29
applevalleynewsnow.com	9838	2026-10-04
apr.org	33448	2026-10-05
aps.dz	13474	2026-10-05
aqha.com	5136	2026-03-27
arabherald.com	115026	2026-10-05
arabianbusiness.com	34763	2026-01-29
arabnews.com	172361	2026-10-05
arabtimesonline.com	48493	2026-10-05
araratadvertiser.com.au	23540	2026-10-03
archaeology.org	5730	2026-10-02
archdaily.com	84148	2026-10-05
archinect.com	43406	2026-10-04
architectsjournal.co.uk	18832	2026-10-05
architecturaldigest.com	8868	2026-10-04
architectureanddesign.com.au	19280	2026-09-29
archyde.com	14291	2025-01-27
ardmoreite.com	5653	2026-10-04
areadevelopment.com	7009	2026-10-04
areanews.com.au	51348	2026-10-05
argentinastar.com	38443	2026-10-05
argus-press.com	11627	2026-09-22
argusleader.com	11421	2023-09-10
argusmedia.com	7637	2026-08-26
argusobserver.com	15001	2026-10-05
argyllshireadvertiser.co.uk	5460	2024-01-25
ariananews.af	19233	2026-10-05
arirang.co.kr	11819	2022-10-11
arirang.com	11761	2022-10-11
arizona.edu	6988	2026-10-04
arizonadailyindependent.com	12017	2026-10-05
arka.am	10765	2026-10-05
arkansasbusiness.com	16124	2026-03-11
arkansasonline.com	174846	2026-10-05
arkansasrazorbacks.com	8369	2026-10-05
arktimes.com	20454	2026-10-04
arlnow.com	28953	2026-10-05
armenianweekly.com	6683	2026-10-02
armenpress.am	85985	2025-06-04
armidaleexpress.com.au	55673	2026-10-05
armstrongeconomics.com	11237	2026-10-05
army-technology.com	8644	2026-10-02
army.mil	5081	2026-06-18
armytimes.com	10296	2026-10-02
arn.ps	13461	2026-10-05
arnnet.com.au	18261	2026-10-02
arrowheadaddict.com	6900	2026-10-05
arrowheadpride.com	15512	2026-10-05
arsenal.com	14063	2026-10-01
arsenalnews.co.uk	60040	2026-10-05
arstechnica.com	14813	2026-10-05
artdaily.com	49174	2026-10-05
artemis.bm	6428	2026-10-05
artfixdaily.com	6664	2025-11-18
artforum.com	5358	2026-10-02
artnet.com	19077	2026-08-07
artnews.com	9537	2026-10-05
artshub.com.au	12702	2026-10-05
artsjournal.com	9775	2026-10-05
arynews.tv	35646	2026-10-05
as.com	10088	2026-03-19
asahi.com	44650	2026-10-01
asbarez.com	6735	2026-07-15
ashepostandtimes.com	13802	2026-10-03
ashleycountyledger.com	30618	2026-10-04
asiaasset.com	6200	2026-10-04
asiabulletin.com	102663	2026-10-05
asianage.com	35434	2026-10-04
asianews.it	14986	2026-07-09
asianews.network	29877	2026-10-05
asianimage.co.uk	83684	2026-10-05
asianjournal.com	11944	2026-10-04
asiaone.com	155551	2026-10-05
askmen.com	5934	2026-06-04
aspendailynews.com	50164	2026-08-30
aspenpublicradio.org	47127	2026-10-05
aspentimes.com	21823	2026-10-05
astanatimes.com	9458	2026-10-05
astroawani.com	7023	2026-10-02
astronomy.com	6333	2026-10-05
asurampage.com	6176	2026-10-05
at40.com	6095	2021-10-15
athens-times.com	106131	2026-10-01
athensmessenger.com	9085	2026-10-05
athensreview.com	19009	2026-09-30
athleticsnation.com	5542	2026-10-05
atholdailynews.com	20891	2026-10-04
atlantablackstar.com	28181	2026-06-04
atlantafalcons.com	5070	2026-10-02
atlantaleader.com	16632	2026-10-05
atlantanewsfirst.com	29084	2026-10-05
atlantic.ctvnews.ca	32788	2025-01-23
atlanticcouncil.org	8415	2026-10-05
attackofthefanboy.com	21595	2026-10-03
attitude.co.uk	7625	2026-10-05
atvtoday.co.uk	20344	2026-10-05
auburnpub.com	65425	2026-10-05
augustafreepress.com	38999	2026-10-04
austinchronicle.com	31542	2026-10-04
austinglobe.com	90242	2026-10-05
australianherald.com	40355	2026-10-05
australiannews.net	80429	2026-10-05
autoblog.com	23954	2026-06-28
autocarindia.com	20994	2026-10-05
autoconnectedcar.com	5939	2026-10-04
autoevolution.com	85876	2026-05-10
autoexpress.co.uk	17446	2026-10-05
autonews.com	18592	2026-06-18
autoremarketing.com	6233	2026-10-02
autospies.com	25007	2026-10-04
autoweek.com	13366	2026-10-05
avclub.com	26821	2026-05-14
avenuemail.in	19912	2026-09-11
averyjournal.com	12625	2026-10-05
avherald.com	6085	2026-10-05
aviationweek.com	20690	2026-10-05
avn.com	12112	2026-10-03
avondhupress.ie	5863	2026-10-05
avweb.com	7839	2026-10-02
awesome98.com	30760	2026-10-05
awfulannouncing.com	29930	2026-10-05
awn.com	9405	2026-10-03
axios.com	16472	2024-06-05
axisoflogic.com	6291	2022-07-23
axs.com	10667	2025-01-20
aysor.am	5458	2026-10-05
azbigmedia.com	13618	2026-10-05
azbusinessdaily.com	9052	2024-01-25
azcapitoltimes.com	7953	2026-10-05
azcardinals.com	5286	2026-10-05
azcentral.com	69880	2023-09-11
azdailysun.com	49820	2026-10-04
azerbaijannews.net	65103	2026-10-05
azernews.az	60259	2026-10-05
azertag.az	46217	2026-06-23
azfamily.com	51871	2026-10-05
azocleantech.com	9146	2026-10-02
azom.com	15887	2026-10-05
azonano.com	5877	2026-10-05
azorobotics.com	5089	2026-10-01
azpbs.org	7065	2026-10-04
azsnakepit.com	7452	2026-10-05
b100quadcities.com	29654	2026-10-05
b1027.com	28915	2026-10-05
b1039.com	17884	2026-04-17
b1047.com	5765	2026-10-04
b105country.com	15315	2026-10-03
b106fm.com	8929	2026-10-05
b92.net	11321	2026-07-19
b93.net	30368	2026-10-05
b93radio.com	18300	2026-10-04
b975.com	11159	2026-10-05
b97hawaii.com	6883	2026-09-02
b98.com	9981	2026-10-05
b985.com	11711	2026-10-04
b985.fm	33793	2026-10-05
b987.com	6342	2026-10-05
badlefthook.com	11911	2026-10-04
baguiomidlandcourier.com.ph	5491	2024-07-30
baidu.com	49537	2026-10-05
bainbridgereview.com	5397	2026-10-02
bakercityherald.com	8108	2026-10-05
bakersfield.com	95150	2026-10-05
bakersfieldnow.com	40177	2026-10-05
bakeryinfo.co.uk	5136	2025-09-05
balkaninsight.com	7235	2026-10-05
ballinaadvocate.com.au	34874	2021-04-28
balloon-juice.com	20047	2026-03-11
ballot-access.org	7446	2026-10-04
balls.ie	5300	2026-10-05
ballstatedaily.com	6910	2026-07-15
baltic-course.com	5550	2026-04-04
baltictimes.com	18621	2026-10-05
baltimorebeatdown.com	7395	2026-10-04
baltimoreravens.com	8968	2026-10-05
baltimorestar.com	101218	2026-10-05
baltimoresun.com	140267	2026-10-05
bamsmackpow.com	6431	2026-10-05
banana1015.com	29318	2026-10-04
banburycake.co.uk	41634	2023-03-07
banburyguardian.co.uk	14854	2025-01-23
bandt.com.au	19608	2026-10-04
bangkokpost.com	151070	2026-08-25
bangladeshinfo.com	12248	2025-06-14
bangladeshsun.com	71433	2026-10-05
banglamirrornews.com	23689	2026-06-08
banglanews24.com	5026	2025-10-28
bangordailynews.com	55063	2026-10-05
bankerandtradesman.com	13766	2026-10-04
bankinfosecurity.com	16350	2026-10-05
bankingnews.gr	7576	2026-10-05
banklesstimes.com	11481	2026-10-02
banksnews.gr	10591	2025-07-24
baptistnews.com	7574	2026-10-05
barandbench.com	35744	2026-10-05
barbadostoday.bb	42262	2026-10-04
barcablaugranes.com	17934	2026-10-05
baristanet.com	5189	2023-08-22
barnsleychronicle.com	5523	2025-10-16
barrie.ctvnews.ca	20049	2025-01-23
barrons.com	76655	2026-06-18
barryanddistrictnews.co.uk	94630	2026-10-05
bartlesvilleradio.com	39436	2026-10-02
basildonstandard.co.uk	30362	2021-03-11
basingstokegazette.co.uk	115449	2026-10-05
bassresource.com	5177	2025-04-17
batemansbaypost.com.au	74065	2026-10-05
batonrougepost.com	50903	2026-10-05
baxterbulletin.com	9675	2026-10-03
bay939.com.au	5983	2026-10-05
baylorlariat.com	6342	2026-10-05
baynews9.com	8092	2026-08-27
bayshorebroadcasting.ca	14549	2026-10-05
baystreet.ca	39379	2026-10-05
baytownsun.com	19311	2026-10-03
bbc.co.uk	351150	2026-10-05
bbc.com	216814	2026-10-05
bbj.hu	9401	2025-10-20
bc.ctvnews.ca	35669	2025-01-23
bcdemocrat.com	7924	2025-07-02
bchomez.com	35967	2026-07-24
bclocalnews.com	7159	2020-04-07
bcps.org	38714	2026-08-05
bctv.org	5664	2026-10-05
bdnews24.com	66977	2026-10-05
bdonline.co.uk	9209	2025-09-05
bdtonline.com	61019	2026-10-05
beach951.com	16891	2026-10-03
bear104.com	13569	2026-10-05
bearingarms.com	20910	2026-10-04
beat.com.au	16527	2026-06-04
beat102103.com	8497	2026-10-05
beatricedailysun.com	52460	2026-10-03
beaufortcountynow.com	16513	2026-10-05
beaumontenterprise.com	67505	2025-11-18
beaver1003.com	8617	2026-10-02
beckersasc.com	11332	2026-08-01
beckershospitalreview.com	27729	2026-08-01
beckersspine.com	7564	2026-08-01
bedfordgazette.com	18763	2026-10-05
bedfordtoday.co.uk	15205	2025-01-23
beefcentral.com	6130	2026-10-05
beefmagazine.com	5014	2025-01-01
begadistrictnews.com.au	63702	2026-10-05
behindthesteelcurtain.com	17405	2026-10-05
beijingbulletin.com	113198	2026-10-05
belfastlive.co.uk	110930	2026-10-05
belfasttelegraph.co.uk	131950	2026-02-16
belgrade-news.com	6153	2026-10-03
bellanaija.com	11833	2026-10-05
belmondnews.com	5764	2026-01-26
beloitdailynews.com	36667	2026-10-05
bemidjipioneer.com	39202	2026-10-03
benarnews.org	5321	2026-09-23
bendbulletin.com	51229	2026-10-04
bendigoadvertiser.com.au	68488	2026-10-05
bendsource.com	14288	2026-10-05
benefitscanada.com	7247	2026-10-02
bengals.com	5040	2026-10-05
beniciaindependent.com	5347	2026-09-30
benningtonbanner.com	47892	2026-10-04
benzinga.com	342285	2026-08-06
berkeley.edu	5524	2026-10-05
berkshireeagle.com	72469	2026-10-05
berksmontnews.com	5896	2021-08-26
bernama.com	21124	2026-03-19
bernews.com	29840	2026-10-05
bestmediainfo.com	24657	2026-08-21
bet.com	21768	2026-09-18
betakit.com	6836	2026-10-05
betanews.com	14454	2026-01-15
bethesdamagazine.com	10400	2026-10-02
bevnet.com	19188	2026-07-03
bexhillobserver.net	5028	2022-02-09
bfi.org.uk	5144	2026-10-02
bgdailynews.com	66907	2026-10-05
bgnes.com	9732	2026-10-05
bgr.com	30073	2026-10-05
bgr.in	20873	2023-01-29
bhaskar.com	5236	2026-10-05
bhg.com	12912	2026-03-17
bhpioneer.com	34184	2026-10-05
bianet.org	17924	2026-10-05
biblestudytools.com	6083	2026-10-05
bicesteradvertiser.net	128801	2026-10-05
big104fm.com	7579	2026-04-24
bigblueview.com	18133	2026-10-05
bigcountry1073.com	5916	2026-10-05
bigcountry969.com	24597	2026-10-04
bigcountry995.com	50902	2026-10-03
bigfrog104.com	36693	2026-10-05
biggleswadetoday.co.uk	9031	2025-01-23
bigislandnow.com	10435	2026-10-05
bigissue.com	10276	2026-10-05
bignewsnetwork.com	894507	2026-10-05
bigoven.com	10297	2026-10-04
bigrigs.com.au	10236	2026-06-25
bigtakeover.com	5244	2025-08-22
bikebiz.com	6037	2026-10-02
bikeportland.org	6570	2026-09-08
bikeradar.com	8155	2026-10-05
bilkulonline.com	9911	2026-10-05
billboard.com	80350	2026-10-05
billingsgazette.com	78933	2026-10-03
billoreilly.com	13089	2026-07-15
binnews.com	25049	2026-10-03
biodiversitylibrary.org	16519	2026-02-24
biofuelsdigest.com	15476	2025-01-23
biomassmagazine.com	9228	2026-10-02
biometricupdate.com	16083	2026-10-05
biopharmadive.com	7520	2026-10-04
bioprepwatch.com	17621	2026-04-10
biospace.com	7263	2026-02-19
biospectrumindia.com	13694	2026-06-05
birminghammail.co.uk	307906	2026-10-05
birminghamstar.com	27064	2026-10-05
birminghamtimes.com	7836	2026-10-05
bismarcktribune.com	62062	2026-10-05
bizcommunity.com	69353	2026-10-05
bizenglish.adaderana.lk	6999	2026-02-24
bizjournals.com	49218	2022-06-19
biznews.com	18299	2026-10-05
bizpacreview.com	42842	2023-09-06
biztimes.com	15746	2026-10-05
biztoc.com	1997950	2026-01-16
bizwest.com	12461	2026-10-05
bjpenn.com	32686	2026-10-05
bjreview.com	31345	2026-10-02
bjreview.com.cn	17906	2026-10-02
bkreader.com	8370	2026-10-04
blabbermouth.net	16109	2026-10-01
blackamericaweb.com	16118	2026-10-05
blackandteal.com	6553	2026-10-05
blackenterprise.com	38199	2026-10-04
blackhillsfox.com	13340	2024-07-01
blacklistednews.com	9929	2024-08-07
blackpoolgazette.co.uk	23696	2025-01-23
blackseagrain.net	7057	2022-02-09
blayneychronicle.com.au	54814	2026-10-05
blazersedge.com	12977	2026-10-05
blazin1023.com	6218	2026-10-05
bleachernation.com	41095	2025-03-05
bleacherreport.com	65357	2026-10-05
bleedcubbieblue.com	15120	2026-10-04
bleedingcool.com	113821	2026-10-05
bleedinggreennation.com	12583	2026-10-05
blessyouboys.com	6449	2026-10-04
blingee.com	5682	2024-06-04
blockislandtimes.com	5548	2026-10-02
blogforiowa.com	5022	2026-10-05
bloggingdirty.com	6231	2026-10-04
bloggingtheboys.com	20812	2026-10-05
blogherald.com	5772	2026-09-21
blogspot.com	5394	2026-10-05
blogto.com	32346	2026-07-14
bloodhorse.com	33052	2026-10-05
bloody-disgusting.com	23757	2026-08-05
bloodyelbow.com	28845	2025-10-06
blooloop.com	12070	2026-10-05
bloomberg.com	168406	2026-06-22
bloombergquint.com	20998	2022-05-05
bluebirdbanter.com	6309	2026-10-05
bluemountaineagle.com	23978	2026-10-05
bluemountainsgazette.com.au	63895	2026-10-05
bluenc.com	5047	2026-06-30
blueprint.ng	95409	2026-10-05
blueridgenow.com	8748	2023-09-11
blueshirtbanter.com	5445	2026-10-05
blufftonicon.com	12573	2026-10-05
bmj.com	33556	2025-11-26
bmmagazine.co.uk	9317	2026-10-05
bmwblog.com	9986	2026-10-05
bnamericas.com	16561	2026-09-15
bnd.com	5862	2024-07-27
bnionline.net	5262	2026-10-05
bnn-news.com	13943	2026-10-05
bnnbloomberg.ca	258948	2026-10-05
bobfm.co.uk	10092	2026-10-03
bocanewsnow.com	6217	2026-10-05
boerse-social.com	7339	2026-10-04
boersennews.de	6902	2026-09-20
bognor.co.uk	5973	2022-02-10
boingboing.net	32112	2026-10-02
boisestatepublicradio.org	35203	2026-10-05
bold.dk	10148	2026-10-05
bolivarmonews.com	5235	2026-09-30
bollyspice.com	5279	2026-10-05
bollywoodhungama.com	51615	2026-10-05
bollywoodlife.com	8083	2026-02-16
bollywoodmantra.com	5165	2023-06-01
bolnews.com	8267	2025-12-08
bonappetit.com	6574	2026-10-05
bondbuyer.com	15073	2026-10-05
bonnercountydailybee.com	11054	2026-10-04
boom1019.com	6607	2026-09-28
boom997.com	6631	2026-09-14
boorowanewsonline.com.au	17645	2026-09-30
boothbayregister.com	32907	2026-10-05
bordermail.com.au	101916	2026-10-05
bordertelegraph.com	99372	2026-10-05
borderwatch.com.au	7562	2026-05-05
boredpanda.com	416134	2026-10-05
borehamwoodtimes.co.uk	114571	2026-10-05
borgenproject.org	5577	2026-08-11
borneobulletin.com.bn	79107	2025-04-28
boston.com	67476	2026-10-05
bostonglobe.com	147312	2026-10-05
bostonherald.com	63064	2026-10-05
bostonstar.com	111065	2026-10-05
bournemouthecho.co.uk	167626	2026-10-05
bowenislandundercurrent.com	61387	2025-09-05
boxden.com	78610	2024-10-17
boxinginsider.com	5751	2026-10-04
boxingnews24.com	13000	2026-10-05
boxingnewsonline.net	12051	2026-10-05
bozemandailychronicle.com	160227	2026-10-05
bozemanskissfm.com	15107	2026-10-05
bozone.com	14540	2026-10-05
bpr.org	23840	2023-01-31
bracknellnews.co.uk	103373	2026-10-05
bradfordera.com	74713	2026-10-04
braidwoodtimes.com.au	54371	2026-10-05
brainerddispatch.com	58208	2026-10-05
braintreeandwithamtimes.co.uk	138447	2026-10-05
bramptonguardian.com	13226	2026-10-04
brandonsun.com	71205	2026-10-05
bransontrilakesnews.com	46923	2026-10-05
brantfordexpositor.ca	44725	2026-10-05
bravenewcoin.com	10725	2026-10-05
bravotv.com	10051	2026-10-05
brazilsun.com	52526	2026-10-05
breakingbelizenews.com	7788	2026-03-19
breakingdefense.com	13814	2026-10-03
breakingnews.ie	108745	2026-10-05
breakingtravelnews.com	13060	2023-08-26
brecorder.com	74251	2026-02-23
breitbart.com	295514	2026-10-05
brentwoodlive.co.uk	116986	2026-10-05
bridgemi.com	11221	2026-10-03
bridgwatermercury.co.uk	99479	2026-10-05
bridportnews.co.uk	105386	2026-10-05
briefingwire.com	81336	2026-10-05
brightonandhovenews.org	11152	2026-10-05
brightontoday.ca	9216	2026-10-05
brightsideofthesun.com	8789	2026-10-05
bringmethenews.com	15509	2023-09-18
brisbanetimes.com.au	241845	2026-10-05
bristol247.com	10749	2025-11-19
bristolpost.co.uk	131084	2026-10-05
britainnews.net	68715	2026-10-05
britannica.com	21901	2025-11-12
brnow.org	5015	2026-10-03
broadbandtvnews.com	6237	2026-06-17
broadcastnow.co.uk	13529	2025-09-04
broadwayworld.com	55810	2026-05-08
brobible.com	15559	2026-10-05
brokernews.com.au	7513	2026-10-02
bromsgroveadvertiser.co.uk	111011	2026-10-05
bromsgrovestandard.co.uk	15303	2026-10-05
brookingsradio.com	22294	2026-10-04
brooklyneagle.com	14905	2026-10-01
brooklynpaper.com	9365	2026-10-04
brooklynvegan.com	36765	2026-10-05
broomfieldenterprise.com	13530	2026-10-04
browndailyherald.com	7397	2026-09-09
brownfieldagnews.com	10795	2026-07-31
brownsvilleherald.com	16485	2021-03-17
brownwoodnews.com	18066	2026-10-05
brownwoodtx.com	5780	2026-09-12
brudirect.com	25762	2026-10-01
bruneinews.net	81686	2026-10-05
bryantimes.com	56908	2026-10-05
bssnews.net	158686	2026-09-15
bu.edu	6217	2026-10-05
bubblear.com	11160	2026-10-05
buccaneers.com	6631	2026-10-05
buckscountycouriertimes.com	10343	2023-01-24
bucksfreepress.co.uk	123949	2026-10-05
bucksherald.co.uk	12536	2025-01-23
bucksinsider.com	9044	2026-10-05
bucyrustelegraphforum.com	5927	2023-09-11
budapesttimes.hu	10754	2026-10-05
buenosairesherald.com	5507	2026-10-05
buffalobulletin.com	11530	2026-10-02
buffalonews.com	138971	2026-10-05
buffalorising.com	6129	2026-10-04
buildersmerchantsnews.co.uk	5683	2026-10-02
building.co.uk	13478	2025-09-05
bulawayo24.com	61260	2026-10-05
bulgariagazette.com	6870	2025-09-26
bulletsforever.com	7286	2026-10-04
bunburymail.com.au	106034	2026-10-05
bundesliga.com	7946	2026-10-04
burlingtoncountytimes.com	11222	2023-09-11
burlingtonfreepress.com	5470	2023-09-11
burnabynow.com	71750	2025-08-01
burnham-on-sea.com	17194	2026-10-05
burnhamandhighbridgeweeklynews.co.uk	95933	2026-10-05
burnleyexpress.net	21025	2025-01-23
burntorangenation.com	7247	2026-10-05
bursa.ro	6086	2026-10-04
burytimes.co.uk	163738	2026-10-05
business-humanrights.org	10756	2026-10-01
business-review.eu	18496	2026-10-05
business-standard.com	663870	2026-10-05
business2community.com	14801	2026-09-03
businessdailyafrica.com	41603	2026-10-05
businessday.co.za	12938	2026-10-05
businessdayghana.com	8603	2026-10-05
businessden.com	5372	2026-10-02
businessghana.com	147042	2026-10-05
businessgreen.com	18293	2026-07-17
businessincameroon.com	6950	2026-10-04
businessinsider.co.za	8106	2023-02-28
businessinsider.com	350434	2026-10-05
businessinsider.com.au	24044	2023-10-12
businessinsider.in	71647	2025-01-13
businessinsurance.com	10355	2026-10-02
businesslive.co.za	10121	2025-10-13
businessmirror.com.ph	121961	2025-05-14
businessnorth.com	9365	2026-10-02
businessoffashion.com	15909	2026-06-29
businesspost.ie	35050	2026-10-05
businessrecord.com	20810	2024-01-04
businessreport.com	8119	2026-10-02
businesstech.co.za	9105	2022-09-28
businesstimes.com.sg	80827	2026-10-05
businesstoday.in	170922	2026-10-05
businesstraveller.com	10762	2025-01-23
businesstravelnewseurope.com	7049	2026-04-06
businesswire.com	90653	2023-04-18
businesswireindia.com	12266	2026-05-18
businessworld.in	33533	2026-07-15
busseltonmail.com.au	44474	2026-09-29
butlercountytimesgazette.com	7233	2026-09-06
butlereagle.com	58460	2026-10-05
buxtonadvertiser.co.uk	12680	2025-01-23
buzzfeed.com	87921	2026-10-05
buzzfeednews.com	7389	2026-01-01
bwog.com	16194	2026-10-04
bworldonline.com	90258	2026-10-05
bxr.com	9174	2026-10-05
byronnews.com.au	34848	2021-04-28
byu.edu	6000	2026-07-15
c-mw.net	6401	2026-10-02
c21media.net	26774	2026-10-05
cachevalleydaily.com	17790	2026-10-04
cadforum.cz	13687	2026-10-03
cadillacnews.com	32398	2026-10-05
cagesideseats.com	43170	2026-10-05
cagle.com	21449	2025-01-23
cairnspost.com.au	248419	2026-10-05
cairoscene.com	22908	2026-10-05
caixinglobal.com	24303	2026-06-08
cajnewsafrica.com	6787	2026-10-05
cajunradio.com	16090	2026-10-05
calaverasenterprise.com	5146	2026-10-01
calcoastnews.com	8623	2026-10-05
calculatedriskblog.com	14512	2026-01-12
calcuttanews.net	169527	2026-10-05
caledoncitizen.com	5995	2026-10-02
caledonenterprise.com	5660	2026-10-05
caledoniacourier.com	26933	2026-10-05
caledonianrecord.com	174420	2026-10-05
calgary.ctvnews.ca	30489	2025-01-23
calgaryherald.com	51621	2026-10-05
calgarysun.com	72774	2026-10-05
californianewswire.com	7911	2026-10-01
californiatelegraph.com	152715	2026-10-05
caller.com	7121	2023-09-11
callnewspapers.com	5458	2026-09-30
cambodiantimes.com	155028	2026-10-05
cambrian-news.co.uk	20970	2026-10-05
cambridge-news.co.uk	76853	2026-10-05
cambridge.org	7027	2026-10-05
cambridgetimes.ca	9851	2026-10-05
cambstimes.co.uk	40478	2026-10-05
camdencourier.com.au	52856	2026-10-05
cameroon-tribune.cm	14754	2026-10-05
campaignasia.com	8644	2026-10-01
campaignbrief.com	14817	2026-10-05
campaignindia.in	10281	2026-10-05
campaignlive.co.uk	26131	2026-09-11
campaignseries.co.uk	10186	2023-02-07
campbellrivermirror.com	32730	2026-10-05
campbeltowncourier.co.uk	5717	2024-01-25
campusreform.org	7013	2026-01-05
canada.com	38548	2026-10-03
canadafreepress.com	33147	2025-07-27
canadiancattlemen.ca	6523	2026-10-04
canadianinquirer.net	16790	2026-10-05
canadianlawyermag.com	6608	2026-10-02
canadianmanufacturing.com	9252	2026-10-03
canadianminingjournal.com	9820	2026-10-02
canadianreviewer.com	9040	2026-10-01
canadianunderwriter.ca	6526	2026-07-14
canberratimes.com.au	124981	2026-10-05
cancertherapyadvisor.com	7737	2026-10-02
candgnews.com	14613	2026-10-05
canindia.com	45226	2025-11-20
canoncitydailyrecord.com	27784	2026-10-05
canowindranews.com.au	25736	2024-09-09
cantechletter.com	20754	2026-05-12
cantondailyledger.com	5834	2023-09-10
cantonrep.com	17009	2023-09-11
canyon-news.com	12121	2026-10-05
capeandislands.org	40820	2026-10-05
capebretonpost.com	23307	2020-11-12
capecod.com	13215	2026-10-04
capecodtimes.com	12400	2023-09-11
capegazette.com	20535	2026-01-06
capenews.net	14696	2026-10-03
capetalk.co.za	25547	2024-01-15
capitalethiopia.com	14888	2026-10-05
capitalfm.co.ke	57451	2026-06-15
capitalfm.com	10108	2026-10-05
capitalgazette.com	82515	2026-10-05
capitalpress.com	17593	2026-10-02
capitolfax.com	17738	2026-10-03
capitolhillseattle.com	5959	2026-02-16
capjournal.com	17852	2026-10-04
capradio.org	38858	2026-10-03
captivasanibel.com	12516	2026-10-04
carandbike.com	12268	2026-07-15
caranddriver.com	11665	2026-10-04
carbon-pulse.com	17777	2025-08-13
carbuzz.com	52962	2026-10-05
cardinalcourieronline.com	10292	2026-02-05
careerindia.com	9269	2026-06-26
caribbeanherald.com	63159	2026-10-05
caribjournal.com	6814	2026-09-30
carletonvilleherald.com	12062	2023-10-11
carlow-nationalist.ie	62009	2026-10-05
carlyleobserver.com	30710	2021-07-29
carmagazine.co.uk	5409	2026-10-02
carnegieendowment.org	5390	2026-10-02
carnewschina.com	6276	2026-10-05
carolinacoastonline.com	26805	2026-10-03
carolinajournal.com	11160	2026-10-05
carrollspaper.com	40031	2026-10-05
carscoops.com	53774	2026-10-05
carsguide.com.au	6540	2025-03-31
carsonnow.org	134462	2026-10-05
cartermatt.com	27960	2026-05-08
cartoonbrew.com	5270	2026-10-02
casino.org	7267	2026-10-05
castanet.net	188887	2023-11-21
castanetkamloops.net	76158	2026-09-23
castlegarsource.com	6228	2026-09-30
catcountry1029.com	17573	2026-10-03
catcountry1073.com	51667	2026-10-05
catholic.org	9621	2026-06-29
catholicculture.org	29873	2026-10-05
catholicnewsagency.com	11036	2026-01-23
catholicphilly.com	8763	2026-10-02
catholicregister.org	7671	2026-10-03
catholicworldreport.com	33280	2026-10-05
cathstan.org	5117	2026-10-02
caughtoffside.com	51015	2026-10-05
cavalierdaily.com	9712	2026-10-05
cbc.bb	20455	2026-10-04
cbc.ca	380847	2026-10-05
cbn.com	25242	2026-10-05
cbr.com	25341	2023-10-27
cbs12.com	46177	2026-10-05
cbs19.tv	57735	2026-06-06
cbs2iowa.com	42680	2026-10-05
cbs46.com	9757	2022-03-01
cbs4indy.com	5543	2024-08-20
cbs4local.com	42647	2026-10-05
cbs58.com	76518	2026-10-05
cbs6albany.com	42384	2026-10-05
cbs7.com	10489	2024-08-12
cbs8.com	55118	2026-06-05
cbsnews.com	212767	2026-10-05
ccenterdispatch.com	18399	2026-03-06
ccm.net	10814	2025-04-02
cdapress.com	23341	2026-09-01
cdispatch.com	19692	2026-10-05
cecildaily.com	20535	2026-10-05
cedarnews.net	5376	2026-09-06
cei.int	6818	2026-10-05
celebdirtylaundry.com	49154	2026-10-05
celebuzz.com	5939	2026-09-28
cemnet.com	11127	2026-10-05
centralasiatimes.com	33606	2026-10-05
centralchronicle.com	29979	2026-03-24
centraljersey.com	19200	2025-05-26
centralmaine.com	98872	2026-10-05
centralmoinfo.com	32408	2026-10-04
centraltelegraph.com.au	20824	2020-06-29
centralwesterndaily.com.au	66029	2026-10-05
centreforaviation.com	25261	2026-10-05
cessnockadvertiser.com.au	61404	2026-10-05
cfnrfm.ca	9656	2026-07-09
cfox.com	10930	2026-10-05
cfr.org	8125	2026-10-03
cfweradio.ca	7003	2026-10-05
cgtn.com	15100	2025-08-27
chad.co.uk	20199	2025-01-23
chaffeecountytimes.com	8079	2026-10-01
chalkbeat.org	8268	2026-10-03
championnewspapers.com	6150	2026-10-05
channel3000.com	132616	2026-10-05
channel4.com	20765	2026-10-04
channel5belize.com	19313	2025-05-24
channelafrica.co.za	15177	2026-10-05
channeleye.co.uk	5515	2024-08-12
channellife.com.au	5102	2026-10-05
channelnewsasia.com	180308	2026-10-05
channelstv.com	88519	2026-08-04
channelweb.co.uk	5809	2025-04-17
chanute.com	28951	2026-09-16
chapelboro.com	20147	2026-06-24
chardandilminsternews.co.uk	96778	2026-10-05
charismamag.com	18512	2023-07-17
charismanews.com	12185	2025-08-02
charkoosta.com	6569	2026-10-04
charlestoncitypaper.com	8443	2026-10-04
charlotteobserver.com	9913	2024-07-31
charter97.org	70754	2026-03-02
chathamdailynews.ca	49271	2026-10-05
chathamstartribune.com	10872	2026-10-02
chathamthisweek.com	37069	2026-03-13
chattanoogan.com	83033	2026-10-05
chattooga1180.com	12553	2026-10-05
chch.com	22855	2026-10-05
cheatsheet.com	28644	2026-03-18
cheboygannews.com	5551	2023-09-10
cheknews.ca	20084	2026-10-05
chelmsfordweeklynews.co.uk	115042	2026-08-14
chemeurope.com	8037	2026-10-05
chennaionline.com	18314	2026-10-05
cherokeephoenix.org	8588	2026-10-05
chessbase.com	10519	2026-10-05
chesterstandard.co.uk	155911	2026-10-05
chiangraitimes.com	24757	2026-10-05
chicagobusiness.com	22332	2026-07-06
chicagocrusader.com	8474	2026-10-03
chicagonow.com	9019	2022-08-18
chicagotribune.com	163573	2026-10-05
chichester.co.uk	7095	2022-02-10
chickashanews.com	6123	2026-09-30
chicoer.com	24225	2026-10-05
chieftain.com	9189	2023-09-11
chilecomparte.cl	25099	2026-10-05
chimpreports.com	15391	2026-10-05
china.org.cn	184575	2026-10-05
chinadaily.com.cn	598496	2026-10-05
chinadailyhk.com	10481	2025-01-27
chinadigitaltimes.net	8017	2026-06-05
chinafile.com	8471	2026-10-02
chinamil.com.cn	21823	2026-10-05
chinanationalnews.com	154444	2026-10-05
chinatechnews.com	9356	2026-10-05
chinaview.cn	30639	2026-03-19
chinookobserver.com	8149	2026-10-05
chipchick.com	23503	2026-10-04
chippewa.com	58063	2026-10-04
chorleycitizen.co.uk	18568	2023-02-07
chortle.co.uk	18181	2026-10-05
chosun.com	17595	2024-09-12
chrisd.ca	7852	2026-10-05
christianitydaily.com	5234	2026-10-03
christianitytoday.com	10779	2026-10-02
christiannewswire.com	6652	2026-10-03
christianpost.com	72736	2026-10-05
christiantoday.com	5465	2026-10-05
chron.com	549721	2025-11-18
chronicle-tribune.com	10489	2026-10-04
chronicle.co.zw	47194	2025-01-23
chronicle.com	5109	2025-11-18
chronicle.gi	7306	2026-03-17
chronicle.lu	36022	2026-10-05
chroniclejournal.com	68761	2026-10-05
chroniclelive.co.uk	135417	2026-10-05
chronicleonline.com	75441	2026-10-05
chronicletimes.com	5757	2026-10-05
chronline.com	37656	2026-10-04
chronogram.com	7948	2026-10-05
chvnradio.com	25873	2026-10-05
cinaradio.com	7582	2026-10-05
cincinnati.com	30235	2024-10-21
cincinnatimagazine.com	5855	2026-10-05
cincinnatisun.com	45200	2026-10-05
cincyjungle.com	14373	2026-10-05
cinemablend.com	85987	2026-10-05
cineuropa.net	5310	2022-08-20
cineuropa.org	28824	2026-03-27
cio.com	12010	2026-01-20
circlevilleherald.com	6713	2026-10-02
cisnfm.com	10157	2026-09-29
cities929.com	14981	2026-10-04
citizen-times.com	8165	2023-09-11
citizen.co.za	101477	2026-10-05
citizen.digital	7318	2026-02-22
citizen.on.ca	6530	2026-10-01
citizensvoice.com	58404	2026-10-05
citr.ca	5040	2025-11-02
city-countyobserver.com	15742	2026-01-31
cityam.com	61762	2026-10-05
citybeat.com	10354	2025-01-22
cityfarmer.info	5262	2026-10-04
citynews.com.au	18100	2025-09-04
citynewsokc.com	5037	2026-10-05
citywatchla.com	9529	2026-10-05
cityweekly.net	5926	2026-08-28
citywireselector.com	7388	2022-10-19
civic.md	7943	2026-09-08
civilbeat.org	8515	2026-09-07
civilserviceworld.com	7258	2026-10-05
civilsociety.co.uk	6175	2026-10-05
cjhk.ca	7829	2026-03-03
cjls.com	6152	2026-04-07
cjme.com	32008	2026-10-04
cjonline.com	13533	2023-09-11
cjoy.com	8910	2023-12-05
ckbw.ca	8373	2026-03-02
ckdr.net	10129	2025-10-01
ckfm.ca	6389	2024-05-10
ckom.com	32772	2026-10-05
ckua.com	10469	2026-10-05
ckxsfm.com	11819	2026-10-05
clactonandfrintongazette.co.uk	149018	2026-10-05
claimsjournal.com	13391	2026-10-05
clare.fm	25501	2026-10-05
clarechampion.ie	10418	2026-10-05
clareherald.com	7916	2026-10-04
claremoreprogress.com	7756	2026-10-05
clarionledger.com	9660	2023-09-11
clarksvillenow.com	14131	2026-10-04
clarksvilleonline.com	22407	2026-10-05
classic107.com	13707	2026-10-05
classiccountry1070.com	6263	2024-02-24
classichits925.com	10222	2026-10-02
classicrock1051.com	16764	2024-04-27
classicrock1069.com	5507	2022-01-10
classicrock961.com	32377	2026-10-05
classy100.com	36032	2026-10-05
claytodayonline.com	6784	2026-10-05
cleantechnica.com	34955	2026-10-05
clearwatertimes.com	29849	2026-10-05
clemsontigers.com	5726	2026-10-03
cleveland.com	30463	2026-03-09
cleveland19.com	48914	2026-10-05
clevelandbanner.com	12176	2026-10-03
clevelandbrowns.com	5563	2026-10-03
clevelandjewishnews.com	85771	2026-10-05
clevelandstar.com	115700	2026-10-05
clevescene.com	11373	2026-10-02
clichemag.com	14271	2026-08-15
click2houston.com	100062	2026-10-05
clickondetroit.com	164090	2026-10-05
clickorlando.com	136941	2026-10-05
clickthecity.com	7274	2025-10-21
clinicaladvisor.com	6722	2026-10-02
clinicalleader.com	7563	2026-10-05
clintonherald.com	38863	2026-10-05
clintonnewsrecord.com	23335	2026-09-19
closerweekly.com	7097	2026-10-05
cloverdalereporter.com	35570	2026-10-05
cltampa.com	9949	2026-10-02
club937.com	25216	2026-10-04
clutchpoints.com	38968	2026-06-13
clydebankpost.co.uk	102652	2026-10-05
cmcmarkets.com	5856	2026-03-09
cmo.com.au	5228	2024-01-20
cnbc.com	134344	2026-10-05
cnbcafrica.com	22328	2026-10-05
cnbctv18.com	7702	2026-03-19
cnc3.co.tt	20458	2026-08-25
cnet.com	451641	2026-10-05
cnn.com	302062	2026-10-01
cnnphilippines.com	80976	2024-01-29
cnsnews.com	60537	2025-08-26
cntraveler.com	6509	2026-10-03
cntraveller.com	5729	2026-10-04
cnweekly.com	12207	2021-07-26
cnycentral.com	33248	2026-10-05
cnynews.com	19942	2026-10-05
coast1009.com	20709	2026-10-05
coast931.com	5597	2026-10-05
coast973.com	8816	2026-10-05
coastalcourier.com	5761	2026-10-02
coastaldigest.com	19050	2026-07-27
coastalnewstoday.com	14623	2024-01-03
coastalpoint.com	6423	2026-10-02
coastalradio.ca	7197	2026-09-29
coastfm.co.uk	11110	2025-01-27
coastreporter.net	84071	2025-09-09
cobrapost.com	11912	2026-10-05
cochranetimes.com	9143	2026-10-03
cochranetimespost.ca	50697	2026-10-03
cochranetoday.ca	8500	2023-01-30
coffscoastadvocate.com.au	43733	2021-03-24
cogconnected.com	10736	2026-10-05
coincommunity.com	144852	2026-04-03
coindesk.com	31091	2026-10-05
coinspeaker.com	33394	2026-10-05
cointelegraph.com	42901	2026-10-05
coinweek.com	7781	2026-06-04
coladaily.com	8992	2026-10-05
coldlakesun.com	13167	2026-10-03
collider.com	123503	2026-10-05
colombogazette.com	9454	2026-10-05
colombopage.com	20989	2023-11-30
coloradoan.com	6487	2023-09-11
coloradohometownweekly.com	16155	2026-10-04
coloradopolitics.com	6290	2026-03-19
coloradostar.com	41544	2026-10-05
columbiabasinherald.com	7911	2026-08-28
columbiadailyherald.com	9127	2023-09-11
columbiagorgenews.com	18465	2026-10-02
columbiamissourian.com	27936	2026-10-05
columbian.com	105412	2026-10-05
columbiatribune.com	10247	2023-09-11
columbustelegram.com	53656	2026-10-03
combatpress.com	12307	2026-10-04
comicbook.com	190261	2026-10-05
comicbookmovie.com	28363	2026-10-05
comicsbeat.com	10732	2026-07-30
comingsoon.net	59513	2026-10-02
commercial-news.com	14757	2026-10-04
commercialappeal.com	11594	2023-09-11
commercialmotor.com	5370	2026-06-03
commercialobserver.com	12953	2026-10-05
comminit.com	8001	2026-07-10
commodityonline.com	27788	2025-02-12
commonsnews.org	7904	2023-06-14
communityadvocate.com	6827	2026-10-05
communityimpact.com	19614	2026-07-01
communitynewspapergroup.com	20092	2026-10-02
communitynewspapers.com	13226	2026-08-04
communityni.org	5202	2022-02-11
communitypress.ca	38218	2026-06-22
comoxvalleyrecord.com	33969	2026-10-05
complex.com	22430	2026-10-05
complianceweek.com	5559	2026-10-03
compositesworld.com	8997	2026-10-03
compsmag.com	6764	2024-03-22
computerweekly.com	39331	2026-10-01
computerworld.com	11068	2026-10-02
computing.co.uk	8424	2026-06-22
comunicati.net	56760	2022-02-08
con-telegraph.ie	58039	2026-10-05
concordmonitor.com	32633	2026-10-04
conference-news.co.uk	7663	2026-09-23
connachttribune.ie	15670	2026-02-24
connectionnewspapers.com	8946	2026-09-17
connectradio.fm	20470	2026-10-05
connectsavannah.com	7622	2026-10-04
connexionfrance.com	28752	2026-10-05
consilium.europa.eu	24508	2024-07-15
consortiumnews.com	5467	2026-10-05
constructiondive.com	7746	2026-10-03
constructionenquirer.com	5931	2026-10-05
constructionequipment.com	5230	2026-10-01
constructionequipmentguide.com	6389	2025-03-03
constructionnews.co.uk	14949	2026-10-05
constructionweekonline.com	8096	2024-07-13
consumerelectronicsnet.com	16079	2024-02-09
conwaydailysun.com	20457	2026-09-24
cookingchanneltv.com	5605	2023-03-29
cookislandsnews.com	10876	2026-10-03
cool987fm.com	12512	2026-10-05
coolsocial.net	9498	2023-01-16
coolum-news.com.au	20346	2020-06-29
coosavalleynews.com	10260	2026-10-05
cootamundraherald.com.au	39225	2026-10-05
corkindependent.com	9360	2026-10-02
cornell.edu	7829	2026-10-01
cornellsun.com	8921	2026-10-05
cornwalllive.com	6251	2026-10-01
cornwallseawaynews.com	24555	2026-10-05
coronadonewsca.com	13516	2026-10-03
corsicanadailysun.com	23684	2026-10-05
corvallisadvocate.com	6192	2026-10-03
cosmeticsandtoiletries.com	7465	2026-02-10
cosmopolitan.com	69478	2026-10-05
cosmosmagazine.com	9093	2025-10-20
cotswoldjournal.co.uk	104425	2026-10-05
countercurrents.org	23335	2026-10-05
counterpunch.org	23942	2026-09-03
country-guide.ca	5855	2025-05-21
country104.com	8337	2026-09-27
country105.com	10311	2026-10-03
country1053.ca	9597	2025-05-20
country93.ca	8566	2026-09-28
country94.ca	14854	2025-12-08
countrylife.co.uk	9692	2026-10-05
countryliving.com	9884	2026-10-04
countypress.co.uk	141732	2026-10-05
countytimes.co.uk	120278	2026-10-05
countyweeklynews.ca	37959	2026-06-22
courant.com	105218	2026-10-05
courier-journal.com	18161	2023-09-11
courier-tribune.com	11423	2026-10-01
courierjournal.net	8751	2026-10-02
couriermail.com.au	182103	2024-07-31
couriernews.com	67547	2026-10-05
courierpostonline.com	8906	2023-09-11
courierpress.com	8075	2023-09-11
courthousenews.com	44460	2026-09-26
coventryobserver.co.uk	11449	2026-10-05
coventrytelegraph.net	101359	2026-10-05
covers.com	37247	2026-10-05
covnews.com	5927	2026-10-03
cowboystatedaily.com	5388	2026-07-12
cowichanvalleycitizen.com	34510	2026-10-05
cowraguardian.com.au	27403	2026-10-01
cp24.com	107959	2026-10-05
cpac.ca	6601	2024-12-16
cpapracticeadvisor.com	12001	2026-10-02
cpbj.com	8732	2026-06-04
cpfc.co.uk	5012	2026-06-25
cphpost.dk	8529	2026-10-05
cpr.org	13301	2026-02-25
cqnews.com.au	44410	2021-04-28
cracked.com	31609	2026-10-05
craigdailypress.com	6528	2026-10-01
crainscleveland.com	13200	2026-06-18
crainsdetroit.com	16510	2026-03-31
crainsnewyork.com	16163	2026-03-16
cranbrooktownsman.com	30597	2026-10-05
crash.net	34811	2026-10-05
cravenherald.co.uk	157542	2026-10-05
crawleyobserver.co.uk	5858	2022-02-09
creativebloq.com	13122	2026-10-05
creativereview.co.uk	5161	2026-07-15
crescent-news.com	30046	2026-10-05
crestonnews.com	7268	2026-10-03
crestviewbulletin.com	6346	2026-10-03
crikey.com.au	14454	2026-10-05
crimeonline.com	7164	2026-03-18
crn.com	11510	2026-10-02
crn.com.au	12444	2026-10-05
crooksandliars.com	41191	2026-10-04
crookstontimes.com	5681	2025-01-30
crookwellgazette.com.au	71750	2026-10-05
crossmap.com	34164	2026-10-05
crossrhythms.co.uk	6877	2026-10-05
crosstimbersgazette.com	5050	2026-10-05
crossville-chronicle.com	27581	2026-10-04
crowdfundinsider.com	87115	2026-08-27
crowrivermedia.com	50371	2025-10-29
cruisehive.com	9765	2026-10-03
cruiseindustrynews.com	7809	2026-10-04
crunchyroll.com	15924	2023-01-31
cruxnow.com	13990	2026-10-05
csindy.com	6448	2025-04-21
csmonitor.com	25348	2026-10-05
csoonline.com	10377	2026-10-05
csrwire.com	8221	2026-10-02
ctgtribune.com	15346	2025-06-01
ctinsider.com	61825	2026-09-10
ctmirror.org	12894	2026-10-05
ctnewsjunkie.com	5687	2026-10-05
ctpost.com	162446	2025-10-26
ctpublic.org	7913	2026-03-18
ctvnews.ca	171370	2026-10-02
cubaheadlines.com	43507	2026-10-05
cubbiescrib.com	6165	2026-10-05
cuinsight.com	19885	2025-07-09
cullmantimes.com	10151	2026-10-04
cultofmac.com	9192	2026-10-05
culturemap.com	33883	2026-10-03
cumberlink.com	50672	2026-10-03
cumbriacrack.com	30229	2025-01-23
curacaochronicle.com	10080	2026-10-02
curbed.com	6119	2026-10-01
curetoday.com	6904	2026-10-05
currentargus.com	9060	2026-10-03
cwtv.com	5725	2026-10-02
cypnow.co.uk	6355	2026-06-19
cyprus-mail.com	85005	2026-10-05
dabangasudan.org	7226	2026-10-05
dagblog.com	50779	2025-10-13
daijiworld.com	141849	2026-03-16
daily-chronicle.com	8022	2020-12-17
daily-jeff.com	8203	2023-09-11
daily-journal.com	20849	2025-02-04
daily-sun.com	38361	2025-12-09
daily-times.com	5025	2023-09-10
daily-tribune.com	7768	2026-10-04
dailyadvance.com	58337	2026-10-05
dailyadvertiser.com.au	87829	2026-10-05
dailyadvocate.com	12256	2025-05-15
dailyamerican.com	13653	2023-09-11
dailyastorian.com	12882	2026-10-05
dailybreeze.com	50014	2026-10-05
dailybruin.com	6935	2026-10-04
dailybulldog.com	9883	2026-10-05
dailybulletin.com	47751	2026-10-05
dailycal.org	22497	2026-10-03
dailycaller.com	106150	2026-10-05
dailycamera.com	44574	2026-10-05
dailycampus.com	6777	2026-10-05
dailycardinal.com	7970	2026-10-03
dailycitizen.news	13575	2025-02-06
dailycomet.com	6054	2023-09-11
dailycommercial.com	9991	2023-09-11
dailydemocrat.com	14147	2026-10-05
dailydispatch.co.za	8618	2026-10-05
dailydot.com	46796	2026-10-05
dailyecho.co.uk	173422	2026-10-05
dailyemerald.com	6858	2026-10-05
dailyexaminer.com.au	42309	2021-03-24
dailyexcelsior.com	188230	2026-10-05
dailyexpress.com.my	91331	2026-07-01
dailyforex.com	11818	2026-10-05
dailyfreeman.com	45482	2026-10-05
dailyfx.com	24052	2024-08-30
dailygalaxy.com	10376	2026-10-05
dailygazette.com	90818	2026-10-05
dailyherald.com	120389	2025-09-08
dailyheraldtribune.com	14252	2026-10-03
dailyhive.com	64973	2026-10-05
dailyindependent.com	36159	2026-10-05
dailyinterlake.com	13855	2026-10-05
dailyiowegian.com	6412	2020-05-27
dailyitem.com	53701	2026-10-05
dailyjournal.net	102260	2025-05-15
dailyjournalonline.com	43088	2026-08-29
dailykos.com	183944	2026-10-05
dailyliberal.com.au	91922	2026-10-05
dailylocal.com	53870	2026-10-05
dailymail.co.uk	1278695	2026-04-21
dailymail.com	60120	2026-10-05
dailymaverick.co.za	80616	2026-10-05
dailymercury.com.au	49265	2021-06-23
dailymirror.lk	59839	2026-10-05
dailynebraskan.com	5382	2026-10-05
dailynews.co.th	6843	2023-07-05
dailynews.co.tz	15641	2026-10-05
dailynews.co.zw	17325	2026-10-05
dailynews.com	57075	2026-10-05
dailynews.lk	33827	2023-12-29
dailynewsegypt.com	14118	2025-01-26
dailynexus.com	5799	2026-10-02
dailynorseman.com	10819	2026-10-05
dailynorthwestern.com	12184	2026-10-05
dailyorange.com	9932	2025-02-23
dailypakistan.com.pk	19353	2026-10-05
dailypioneer.com	85871	2026-10-05
dailypolitical.com	642567	2026-10-05
dailypost.co.uk	95384	2026-10-05
dailypost.ng	289727	2026-10-05
dailypost.vu	16070	2026-10-03
dailypostathenian.com	20634	2026-10-02
dailypress.com	80058	2026-10-05
dailypress.net	23763	2026-10-05
dailyprincetonian.com	8015	2026-10-05
dailyprogress.com	57822	2026-10-03
dailyrecord.co.uk	311010	2026-10-05
dailyrecord.com	9244	2023-09-11
dailyrecordnews.com	22787	2026-10-04
dailyreporter.com	8550	2026-06-03
dailyrepublic.com	90033	2026-10-05
dailyridge.com	19481	2026-10-05
dailysabah.com	66009	2026-10-05
dailysentinel.com	5558	2026-10-03
dailysignal.com	26348	2026-07-17
dailystar.co.uk	324081	2026-10-05
dailystar.com.lb	7273	2025-09-29
dailystarjournal.com	8779	2020-11-25
dailysun.co.za	30224	2022-09-11
dailytarheel.com	10704	2026-10-03
dailytelegraph.com.au	163773	2024-07-31
dailythepatriot.com	17358	2026-10-04
dailytimes.com	17712	2026-10-03
dailytimes.com.pk	142364	2026-06-25
dailytrib.com	6867	2026-10-02
dailytribune.com	25590	2025-11-05
dailytrojan.com	9217	2026-10-05
dailytrust.com	71821	2026-10-05
dailytrust.com.ng	21882	2021-06-24
dailyunion.com	24107	2026-10-02
dailyuw.com	7176	2026-07-13
dailyvoice.com	184665	2026-07-03
dailyworld.com	5461	2023-09-11
dairylandexpress.com	5120	2026-10-04
dakotanewsnow.com	20174	2026-10-05
dakotawarcollege.com	8907	2026-10-02
dallascowboys.com	11102	2026-10-05
dallasnews.com	51183	2026-04-01
dallasobserver.com	10085	2026-10-03
dallassun.com	122959	2026-10-05
dallasvoice.com	8422	2026-10-04
daltonsbusiness.com	5742	2026-10-02
danspapers.com	9664	2026-10-05
darientimes.com	58921	2025-08-31
darkhorizons.com	22060	2026-10-05
darkreading.com	13187	2025-02-20
darlingtonandstocktontimes.co.uk	109191	2026-10-05
datacenterdynamics.com	18830	2025-06-14
datacenterknowledge.com	5869	2026-10-05
daventryexpress.co.uk	10264	2025-01-23
davisenterprise.com	23191	2026-10-04
dawgpounddaily.com	5593	2026-10-05
dawindycity.com	5042	2026-10-05
dawn.com	261252	2026-07-20
dayton.com	5431	2024-09-04
daytonatimes.com	5463	2026-10-05
daytondailynews.com	55629	2026-10-05
dazebaonews.it	6505	2026-01-15
dazeddigital.com	18349	2026-10-05
dcourier.com	9036	2026-10-04
dcvelocity.com	5202	2026-10-01
deadline.com	168726	2026-10-05
deadlinedetroit.com	11607	2026-10-05
dealstreetasia.com	39387	2026-10-05
decanter.com	5596	2026-10-05
decaturdaily.com	47811	2026-10-04
decaturish.com	7011	2026-10-03
deccanchronicle.com	138362	2026-10-05
deccanherald.com	64357	2026-03-15
decider.com	35667	2026-10-05
defence.pk	18327	2026-05-12
defenceweb.co.za	15732	2026-10-04
defensenews.com	12461	2026-10-05
defenseone.com	8967	2026-10-02
defenseworld.net	60871	2026-04-30
defpen.com	12285	2026-09-02
dekhnews.com	5202	2025-04-11
delano.lu	6113	2025-01-11
delaware.gov	9100	2026-10-02
delawareonline.com	12601	2023-09-11
delawarepublic.org	49700	2026-10-05
delawarestatenews.net	5676	2021-02-16
delcotimes.com	60955	2026-10-05
delfi.lt	5137	2026-10-05
delgazette.com	6444	2025-04-15
delmartimes.net	6342	2024-06-13
delmarvanow.com	6603	2023-09-11
delphosherald.com	5222	2026-08-05
delrionewsherald.com	10116	2021-01-22
delta-optimist.com	64492	2025-01-23
democracynow.org	35996	2026-10-02
democratandchronicle.com	9032	2023-09-11
democratherald.com	58549	2026-10-03
denbighshirefreepress.co.uk	110418	2026-10-05
denofgeek.com	8937	2026-10-05
dentonrc.com	31653	2026-10-05
denverbroncos.com	6431	2026-10-05
denverpost.com	53921	2026-10-05
derbyshiretimes.co.uk	23955	2025-01-23
derbytelegraph.co.uk	85883	2026-10-05
derryjournal.com	15278	2025-01-23
derrynow.com	41481	2026-05-21
deseret.com	39005	2026-10-04
desertsun.com	11610	2023-09-11
desiblitz.com	17349	2026-10-05
design-reuse.com	8579	2026-10-05
designboom.com	21009	2026-10-05
designnews.com	5853	2024-12-01
designyoutrust.com	5853	2026-10-03
desimartini.com	34149	2025-02-18
desmoinesregister.com	26539	2023-09-11
desototimes.com	5562	2026-10-03
destructoid.com	24027	2026-07-04
detroitnews.com	45794	2023-09-11
devdiscourse.com	137413	2026-09-16
developingtelecoms.com	15341	2026-10-05
devilslakejournal.com	6274	2026-10-03
devondispatch.ca	16223	2026-10-03
devonlive.com	9630	2026-06-20
dewsburyreporter.co.uk	12517	2025-01-23
dezeen.com	27001	2026-10-05
dfnionline.com	10178	2026-10-02
dglobe.com	31303	2026-10-04
dhakacourier.com.bd	8235	2026-10-03
dhakatribune.com	28341	2026-03-10
dhal3.com	9639	2026-10-05
diamonds.net	8812	2024-06-24
dicardiology.com	6394	2026-10-02
digg.com	26882	2026-10-05
diginomica.com	7200	2026-09-15
digit.in	32347	2026-10-05
digitaljournal.com	195359	2026-10-05
digitalsignagetoday.com	5106	2026-10-05
digitalspy.com	88386	2026-10-05
digitaltrends.com	42891	2026-09-03
digitimes.com	31116	2026-10-05
dinamalar.com	35345	2026-09-22
directorstalkinterviews.com	29266	2026-08-04
discoverairdrie.com	17090	2026-10-05
discoverestevan.com	19969	2026-10-05
discovermagazine.com	18473	2026-07-15
dispatch.com	35521	2023-09-11
dispatchlive.co.za	30383	2025-01-25
dissexpress.co.uk	21042	2026-10-05
dissidentvoice.org	9623	2026-03-22
divyabhaskar.co.in	28999	2026-10-02
diymag.com	10976	2026-10-05
djc.com	38084	2026-10-05
djcoregon.com	5745	2026-06-03
djmag.com	12093	2026-09-25
djournal.com	77670	2026-10-03
dl-online.com	31109	2026-10-04
dmagazine.com	16703	2026-09-11
dmnews.com	5560	2026-09-24
dnaindia.com	180911	2026-01-23
dnd.com.pk	16643	2026-10-05
dnews.com	30304	2026-08-30
dnj.com	6738	2023-09-11
dodgeglobe.com	8484	2026-09-28
dohanews.co	6774	2026-08-10
domain-b.com	5336	2026-09-09
dominicanrepublicpost.com	24832	2026-10-05
dominicantoday.com	15171	2026-10-04
doncasterfreepress.co.uk	24323	2025-01-23
donegallive.ie	27845	2026-05-20
donegalnews.com	16927	2026-10-05
doorcountydailynews.com	8227	2026-10-03
dorsetecho.co.uk	155661	2026-10-05
dose.ca	15716	2026-10-05
dothaneagle.com	63572	2026-10-03
dotnews.com	8011	2026-10-03
douglas-budget.com	37173	2026-10-02
downtoearth.org.in	20798	2026-10-05
drapersonline.com	18639	2026-10-02
draytonvalleywesternreview.com	15171	2026-10-03
drbicuspid.com	11808	2025-10-30
dreadcentral.com	17867	2026-10-05
dredgingtoday.com	11685	2026-10-05
drgnews.com	26334	2026-10-03
drive.com.au	41233	2026-05-31
driving.ca	14612	2026-10-04
droid-life.com	7879	2026-10-04
droitwichadvertiser.co.uk	19310	2021-05-03
droitwichstandard.co.uk	10117	2026-10-04
drudge.com	18884	2026-10-05
drugstorenews.com	5369	2025-09-08
dslreports.com	19516	2025-02-26
dtinews.vn	5601	2023-07-17
dtnext.in	7229	2024-12-16
dtnpf.com	9913	2026-10-04
dualshockers.com	28204	2026-10-05
dubaicityguide.com	7162	2026-10-02
dublinlive.ie	7571	2026-03-11
dudleynews.co.uk	130010	2026-10-05
duke.edu	6392	2026-10-05
duke.fm	22875	2026-10-05
dukechronicle.com	8423	2026-07-09
dukefmduluth.com	7915	2025-03-18
duluthnewstribune.com	64989	2026-10-04
dumbartonreporter.co.uk	90157	2026-10-05
duncanbanner.com	13473	2026-10-04
dundalkdemocrat.ie	56109	2026-05-14
dunfermlinepress.com	105004	2026-10-05
dungogchronicle.com.au	56971	2026-10-05
dunmowbroadcast.co.uk	32196	2026-10-05
dunyanews.tv	152779	2026-10-05
dupagepolicyjournal.com	22107	2026-10-03
dupontregistry.com	7662	2026-01-09
durangoherald.com	97321	2026-10-05
durhamregion.com	24413	2026-10-05
dutchnews.nl	22249	2026-10-05
dvidshub.net	16259	2025-01-26
dw.com	122452	2026-10-05
dwell.com	7146	2026-10-05
dynamicbusiness.com	6222	2026-09-12
e-flux.com	10633	2026-10-05
e-know.ca	18015	2026-09-30
eacourier.com	9970	2026-10-02
eadt.co.uk	141089	2026-10-05
eaglecountryonline.com	9507	2026-10-05
eagledayton.com	9419	2026-10-05
eaglesanantonio.com	8996	2026-10-05
eagletimes.com	12955	2025-11-19
eagletribune.com	126485	2026-10-05
ealingtimes.co.uk	116001	2026-10-05
earthquake-report.com	9134	2025-07-21
earthquakenewstoday.com	63211	2025-12-30
earthsky.org	5464	2026-10-04
eastbayri.com	9889	2026-10-04
eastbaytimes.com	79907	2026-10-05
eastbourneherald.co.uk	6199	2022-02-09
eastcountymagazine.org	18886	2026-09-07
easternmirrornagaland.com	37198	2026-09-22
easternontarionetwork.com	44622	2026-06-15
easternriverinachronicle.com.au	96069	2026-10-05
eastidahonews.com	45732	2026-07-09
eastlondonadvertiser.co.uk	37131	2026-10-05
eastlothiancourier.com	107809	2026-10-05
eastoregonian.com	24369	2026-10-05
easttexasradio.com	16907	2026-10-04
eastvalleytribune.com	5926	2026-10-05
easy93.com	5313	2025-06-14
easyreadernews.com	7295	2026-07-25
eater.com	25097	2026-10-03
eaworldview.com	6929	2026-10-05
ebar.com	17369	2025-01-23
ecb.europa.eu	5814	2026-10-05
echo-news.co.uk	180512	2026-10-05
echo.net.au	11542	2025-01-23
echolive.ie	60166	2026-10-05
echonews.com.au	18377	2020-06-29
echopress.com	34127	2026-10-04
ecns.cn	39097	2026-09-30
eco-business.com	11946	2026-10-05
ecofinagency.com	6427	2026-03-19
econintersect.com	7938	2025-01-23
economist.com	30787	2025-09-05
economynext.com	6721	2026-02-28
econotimes.com	90775	2026-10-05
ecr.co.za	45355	2026-10-05
ed.fm	9595	2026-10-05
edenmagnet.com.au	83289	2026-10-05
edge.ca	11090	2026-10-05
edie.net	8412	2025-01-23
editorandpublisher.com	17763	2026-10-04
editorinleaf.com	5468	2026-10-05
edmonton.ctvnews.ca	26612	2025-01-23
edmontonexaminer.com	22667	2026-06-29
edmontonjournal.com	38803	2026-10-05
edmontonsun.com	73910	2026-10-05
edp24.co.uk	181312	2026-10-05
edsource.org	6670	2026-06-24
educationtimes.com	11914	2026-10-05
edweek.org	5625	2026-10-03
eejournal.com	10732	2026-10-03
eenadu.net	5152	2026-08-08
eenews.net	41841	2026-09-26
efe.com	19085	2026-04-15
effinghamdailynews.com	16914	2026-10-05
effinghamradio.com	11581	2026-10-05
efinancialcareers.com	6364	2026-10-05
egyptindependent.com	19770	2026-10-05
eham.net	20418	2026-10-04
ehfcl.com	251751	2020-08-27
einnews.com	148652	2024-06-01
ejpress.org	6173	2026-10-04
ekathimerini.com	5808	2020-04-10
el-balad.com	206993	2026-10-05
elclasificado.com	8848	2026-07-16
eldoradonews.com	14774	2026-10-05
electric949.com	8160	2026-10-02
electronicsweekly.com	19506	2026-10-05
electropages.com	10961	2026-10-05
elitedaily.com	16234	2026-10-04
elitetraveler.com	5398	2026-10-05
elkharttruth.com	19410	2026-10-04
elkodaily.com	54677	2026-10-05
elle.com	22394	2026-10-05
elliotlakestandard.ca	48400	2026-10-05
ellsworthamerican.com	9546	2026-10-04
ellwoodcityledger.com	6226	2023-09-11
elmwoodparkschools.org	17893	2022-03-02
elpais.com	24970	2026-10-04
elpasoinc.com	107617	2026-10-05
elpasotimes.com	10448	2023-09-11
elwakt.com	34770	2024-06-08
elystandard.co.uk	41223	2026-10-05
emarketer.com	5636	2026-09-24
emirates247.com	15362	2026-06-10
emissourian.com	13520	2025-09-01
emmetsburgnews.com	5173	2026-10-01
empireofthekop.com	18165	2026-10-05
empireonline.com	11911	2026-10-04
emporiagazette.com	25878	2026-10-05
empr.com	11023	2026-10-02
ems1.com	12957	2026-10-04
en.apa.az	73760	2026-10-05
en.ce.cn	32294	2026-10-05
en.dangcongsan.vn	5991	2024-10-12
en.gmw.cn	7405	2025-07-02
en.kremlin.ru	5717	2026-10-05
en.people.cn	123879	2026-10-05
en.portnews.ru	5371	2026-03-08
en.qantara.de	10657	2023-10-26
en.qdnd.vn	9658	2026-03-18
en.tempo.co	48145	2026-10-05
en.trend.az	72164	2025-07-09
en.vietnamplus.vn	79240	2026-03-16
enca.com	65392	2026-10-05
endocrinologyadvisor.com	8053	2026-10-02
energeticcity.ca	21691	2026-07-21
energy-pedia.com	23951	2026-10-05
energy-storage.news	8113	2026-09-28
energy953.com	10401	2026-08-06
energycentral.com	24116	2025-05-30
energyfm.net	6729	2026-07-31
energyglobal.com	7447	2025-12-09
energylivenews.com	17451	2026-10-05
energyvoice.com	5581	2025-01-10
enewschannels.com	7450	2026-10-04
enewscourier.com	16153	2026-10-04
enfieldindependent.co.uk	97513	2026-10-05
eng.belta.by	41337	2026-03-10
eng.kavkaz-uzel.eu	8923	2026-10-05
eng.lsm.lv	5866	2025-01-02
engadget.com	48032	2026-10-05
engineering.com	6141	2026-09-30
engineeringnews.co.za	38488	2026-07-31
english.news.cn	301246	2026-10-05
english.pravda.ru	9124	2026-10-04
english.radio.cz	20011	2026-10-04
english.republika.mk	10981	2026-10-04
english.vov.vn	15732	2026-03-16
english.wafa.ps	188601	2026-10-05
enidnews.com	39179	2026-10-04
enn.com	14008	2026-10-03
enr.com	5680	2026-10-05
enrsi.rtvs.sk	5287	2025-01-19
enstarz.com	28345	2026-10-04
enterprisenews.com	7137	2023-09-11
enterprisepub.com	5541	2026-09-30
entornointeligente.com	10149	2026-10-04
entrepreneur.com	10077	2026-10-03
envirotech-online.com	5000	2025-08-14
enviweb.cz	6581	2026-07-14
eonline.com	85441	2026-10-05
ephotozine.com	35871	2025-11-18
eppingforestguardian.co.uk	98489	2026-10-05
eptrail.com	13258	2026-10-05
epw.in	9971	2026-10-03
equibase.com	25375	2026-04-29
equipmentworld.com	5145	2026-05-28
equitybulls.com	76935	2026-10-05
erienewsnow.com	93656	2026-10-05
escapistmagazine.com	8261	2026-06-09
esmmagazine.com	11559	2026-10-05
espn.com	59087	2026-03-19
esquire.com	31139	2026-10-05
essence.com	30981	2026-07-07
essexlive.news	5571	2026-07-02
estevanmercury.ca	31586	2021-07-29
etcanada.com	13319	2023-10-30
eteknix.com	18597	2026-10-05
etfdailynews.com	228558	2025-10-07
etftrends.com	32437	2026-08-03
ethanolproducer.com	8161	2026-10-05
etnow.com	11328	2026-10-02
etonline.com	71395	2026-03-25
eturbonews.com	153793	2026-06-28
eubusiness.com	5026	2026-10-01
eugenedailynews.com	6102	2024-08-21
euobserver.com	13724	2026-10-05
euractiv.com	39817	2026-01-22
eurasiareview.com	41525	2026-10-05
eurekalert.org	75930	2026-10-02
eureporter.co	11352	2026-06-18
euro-petrole.com	8306	2026-10-05
eurogamer.net	43060	2026-10-05
euronews.com	111188	2026-10-05
europapress.es	9034	2026-10-01
europeanpharmaceuticalreview.com	5123	2026-03-26
europeantour.com	5282	2025-06-12
europesun.com	178790	2026-10-05
eurovoix.com	11626	2026-10-05
euroweeklynews.com	6756	2026-03-19
eurweb.com	32148	2026-10-05
evanstonnow.com	9407	2026-10-05
eveningexpress.co.uk	107905	2021-11-08
eveningnews24.co.uk	104913	2026-10-05
eveningtelegraph.co.uk	66368	2021-09-22
eveningtimes.co.uk	5790	2023-03-07
eveningtribune.com	7512	2023-09-11
eventhubs.com	16281	2026-10-04
evertiq.com	8788	2026-10-05
everydayhealth.com	6893	2026-10-03
everything2.com	36374	2026-01-01
eveshamjournal.co.uk	113404	2026-10-05
evo.co.uk	5806	2026-10-05
ew.com	37810	2026-03-17
ewn.co.za	109649	2026-10-05
ewnews.com	5168	2023-02-02
ewrestlingnews.com	80712	2025-07-14
examiner.com.au	84122	2026-10-05
examiner.net	9546	2026-10-02
excelsio.net	6991	2026-09-26
exchangerates.org.uk	12962	2025-11-03
exclaim.ca	27829	2026-10-04
executivebiz.com	8858	2026-09-17
executivegov.com	9380	2026-10-02
exetertoday.ca	10274	2026-10-04
expatforum.com	5471	2026-01-22
expertclick.com	11593	2026-10-02
expertreviews.co.uk	10237	2026-10-05
exploreseiowa.com	26330	2026-03-30
explosion.com	5537	2026-09-30
express.co.uk	408655	2026-10-05
expressandstar.com	67218	2026-03-26
expressnews.com	67773	2025-08-28
extra.ie	5396	2026-03-14
extralunchmoney.com	14998	2024-09-26
extratime.com	7732	2025-09-09
extratv.com	6108	2026-10-04
extremetech.com	8332	2025-01-22
eyeonannapolis.net	17761	2026-10-05
eyeontaiwan.com	5141	2023-03-22
eyeradio.org	17407	2026-10-05
f4wonline.com	34794	2026-09-18
faceofmalawi.com	45305	2026-10-05
fairfaxtimes.com	11071	2026-10-05
fairfieldcitizenonline.com	69732	2022-03-01
fairfieldsuntimes.com	44969	2026-10-05
fairmontsentinel.com	9932	2026-10-03
fairviewpost.com	13388	2026-10-03
falkirkherald.co.uk	16511	2025-01-23
falmouthpacket.co.uk	135648	2026-10-05
famagusta-gazette.com	18052	2025-12-06
familydestinationsguide.com	9807	2026-03-19
famoushookups.com	22648	2025-04-17
fandompost.com	50583	2026-09-02
fangoria.com	7995	2026-07-30
fangraphs.com	27532	2026-10-05
fansided.com	54318	2026-10-05
fantasypros.com	7629	2025-08-19
faribaultcountyregister.com	16416	2026-10-05
fark.com	5825	2026-07-15
farmersjournal.ie	50489	2026-10-05
farminglife.com	11464	2025-01-23
farminguk.com	14714	2026-10-05
farmprogress.com	14728	2024-08-06
farmweekly.com.au	36277	2026-10-05
fastcasual.com	9602	2026-10-02
fastcompany.com	6912	2026-06-28
fauquier.com	6250	2026-09-02
fauquiernow.com	6592	2026-08-28
fayettetribune.com	6260	2026-10-01
fayobserver.com	12278	2023-09-11
faz.net	6154	2026-08-07
fbcnews.com.fj	8735	2026-03-19
fbherald.com	33807	2026-10-01
fdlreporter.com	8392	2023-09-11
feedstuffs.com	9101	2024-11-15
femalefirst.co.uk	40473	2026-10-05
femina.in	9407	2026-10-05
fenlandcitizen.co.uk	22274	2026-10-05
fermanaghherald.com	9883	2026-10-05
fftimes.com	9183	2026-10-01
fhtimes.com	13286	2026-10-05
fibre2fashion.com	15979	2026-06-02
fiercebiotech.com	5724	2026-10-01
fiercepharma.com	5647	2026-08-24
fifetoday.co.uk	14548	2025-01-23
fijilive.com	17738	2025-04-23
fijisun.com.fj	18218	2026-10-05
fijitimes.com	45574	2023-11-30
fijivillage.com	48722	2026-10-05
file770.com	21544	2026-10-05
fillmorecountyjournal.com	7865	2026-09-29
film-news.co.uk	53661	2026-10-05
filmfare.com	23957	2026-10-05
filmibeat.com	50399	2026-10-05
fin24.com	6131	2020-06-05
finance-commerce.com	15997	2026-06-03
financial-news.co.uk	12375	2026-10-05
financial-planning.com	11291	2026-10-02
financialbuzz.com	18207	2025-09-03
financialcontent.com	220929	2026-10-05
financialexpress.com	186827	2026-07-15
financialpost.com	51900	2026-10-03
financialstandard.com.au	7425	2025-01-23
finanzen.ch	38228	2026-10-05
finanzen.net	5407	2026-09-29
finanznachrichten.de	785903	2026-10-05
finchannel.com	6676	2026-10-05
finextra.com	9191	2025-12-08
fingerlakes1.com	63994	2026-10-05
finsmes.com	35430	2025-06-09
firehouse.com	7640	2026-10-05
firerescue1.com	12452	2026-10-05
firetrench.com	6866	2021-10-26
firstalert4.com	21604	2026-10-05
firstalert7.com	6344	2026-10-05
firstcoastnews.com	63319	2026-06-05
firstcomicsnews.com	21006	2026-10-05
firstlightradio.com	26626	2024-02-14
firstpost.com	146450	2026-03-17
firstshowing.net	12580	2026-10-04
fitsnews.com	6359	2026-10-04
fitzhugh.ca	40958	2025-08-29
flaglerlive.com	14004	2026-10-05
flagpole.com	6054	2026-05-20
flanews.com	6192	2025-11-07
flcourier.com	8254	2026-10-05
fleetnews.co.uk	7396	2026-07-24
fleetworld.co.uk	7143	2026-09-21
flickeringmyth.com	33055	2026-10-05
flightaware.com	9179	2026-08-13
flightglobal.com	22972	2026-10-05
floppingaces.net	14162	2026-02-11
floridanewswire.com	8805	2026-09-22
floridapolitics.com	10589	2026-04-06
floridastatesman.com	64346	2026-10-05
floridatoday.com	13611	2023-09-11
floridatrend.com	5446	2026-10-02
floridaweekly.com	16469	2026-10-05
floydct.com	16296	2026-10-05
fltimes.com	23603	2026-10-04
fluther.com	16700	2026-10-05
fly92.com	5442	2026-10-04
flyingmag.com	9622	2026-10-03
fm104.ie	17313	2026-10-04
fm96.com	8152	2026-10-04
fm99.com	6068	2026-10-05
fnarena.com	17895	2026-06-17
focusdailynews.com	7034	2026-09-30
focustaiwan.tw	61972	2026-10-05
fohonline.com	5464	2026-10-03
fonearena.com	19463	2026-10-05
fontanaheraldnews.com	11945	2026-10-01
foodandwine.com	5391	2026-02-23
foodbev.com	9867	2026-10-05
fooddive.com	7372	2026-10-05
foodista.com	14756	2026-08-05
foodmanufacture.co.uk	7739	2026-10-05
foodnavigator-usa.com	7309	2026-07-08
foodnavigator.com	7579	2026-10-05
foodsafetynews.com	5435	2026-10-05
fool.ca	50441	2026-06-04
fool.co.uk	40206	2026-05-12
fool.com	378448	2026-10-05
fool.com.au	49200	2026-06-04
football.london	13513	2023-02-02
football365.com	5098	2023-02-02
footwearnews.com	13853	2025-05-13
forbes.com	626463	2026-10-05
forbesadvocate.com.au	27413	2026-10-01
forbesindia.com	9962	2026-10-05
forcechange.com	8527	2026-10-04
forconstructionpros.com	13234	2025-12-29
ford-trucks.com	36815	2025-08-25
foreignaffairs.co.nz	50515	2025-01-23
foreignpolicy.com	17446	2026-10-05
forexcrunch.com	25709	2026-10-05
forexlive.com	77319	2025-07-19
forextv.com	134608	2025-08-05
forimmediaterelease.net	5740	2026-10-04
formula1.com	18540	2026-10-05
forsythnews.com	7029	2026-10-05
fortmcmurraytoday.com	14573	2026-10-03
fortmorgantimes.com	33556	2026-10-05
fortsaskatchewanrecord.com	15506	2026-10-03
fortune.com	46726	2026-10-05
fortworthbusiness.com	9301	2026-10-02
forward.com	24830	2026-09-03
fosters.com	9701	2023-09-11
foundry-planet.com	5245	2026-10-04
fourfourtwo.com	26321	2026-10-05
fox1023.com	18045	2026-10-04
fox10phoenix.com	92727	2026-10-05
fox10tv.com	36750	2026-10-05
fox11online.com	46074	2026-10-05
fox13memphis.com	39760	2026-10-05
fox13news.com	59299	2026-10-05
fox13now.com	36344	2026-10-05
fox13seattle.com	28462	2026-10-05
fox17.com	41605	2026-10-05
fox17online.com	64572	2026-10-05
fox19.com	38868	2026-10-05
fox21online.com	32624	2026-10-05
fox23.com	37366	2026-10-05
fox23maine.com	49672	2026-10-05
fox26houston.com	69588	2026-10-05
fox29.com	77359	2026-10-05
fox2detroit.com	56101	2026-10-05
fox2now.com	9453	2025-07-02
fox32chicago.com	90536	2026-10-04
fox34.com	28206	2026-10-05
fox35orlando.com	94227	2026-10-05
fox40.com	5235	2025-07-03
fox42kptm.com	8847	2026-10-05
fox43.com	71906	2026-06-25
fox4beaumont.com	33481	2026-10-05
fox4kc.com	7267	2025-07-02
fox4news.com	61748	2026-10-05
fox56.com	38747	2026-10-05
fox59.com	7441	2025-11-18
fox5atlanta.com	95565	2026-10-05
fox5dc.com	65747	2026-10-05
fox5ny.com	70873	2026-10-05
fox5vegas.com	24925	2026-10-05
fox61.com	63743	2026-06-06
fox6now.com	86130	2026-10-05
fox7austin.com	74231	2026-10-05
fox8.com	7734	2026-05-31
fox8live.com	31860	2026-10-05
fox8tv.com	13773	2026-10-03
fox9.com	55663	2026-10-05
fox969.com	20264	2026-10-05
foxbaltimore.com	50414	2026-10-05
foxbangor.com	61623	2026-10-05
foxbusiness.com	77371	2026-10-05
foxcarolina.com	32760	2026-10-05
foxcincinnati.com	9369	2026-10-05
foxillinois.com	29637	2026-10-05
foxla.com	69403	2026-10-05
foxnews.com	379249	2026-10-05
foxradiook.com	11447	2026-08-18
foxreno.com	32724	2026-10-05
foxrochester.com	28934	2026-10-05
foxsanantonio.com	50315	2026-10-05
foxsports.com.au	6342	2023-07-05
foxtel.com.au	12344	2026-09-23
foxwilmington.com	41568	2026-10-05
foxy99.com	14476	2026-10-05
france24.com	167191	2026-02-12
franklinfavorite.com	27611	2026-10-04
frasercoastchronicle.com.au	46313	2021-04-28
fredericknewspost.com	42140	2026-10-05
fredericksburg.com	57285	2026-10-04
freebeacon.com	20842	2026-10-05
freedom929.com	10267	2026-09-09
freedom95.us	6437	2026-09-24
freedom970.com	7983	2026-10-01
freemalaysiatoday.com	104593	2026-10-05
freep.com	46354	2024-06-25
freepressjournal.in	448462	2026-10-05
freepressseries.co.uk	93133	2026-10-05
freerepublic.com	485642	2026-10-05
freestonecountytimesonline.com	5286	2026-08-31
freethoughtblogs.com	6774	2026-10-05
freightwaves.com	6759	2026-01-21
freightweek.org	5308	2026-10-05
fremonttribune.com	72397	2026-10-04
freshfruitportal.com	9477	2026-10-02
freshplaza.com	84400	2026-10-03
fresnobee.com	5973	2024-07-17
frieze.com	5071	2026-01-28
froggy1003.com	11429	2026-10-03
froggy929.com	10680	2025-05-24
froggyweb.com	27163	2026-10-05
frontiersman.com	8570	2026-09-26
frontpageafricaonline.com	26657	2026-10-05
frontpagemag.com	21141	2026-05-29
fruitnet.com	10024	2025-09-04
ft.com	12476	2026-02-05
ft.lk	48159	2026-10-05
ftadviser.com	14970	2026-09-08
ftnnews.com	15128	2026-06-04
ftvlive.com	13230	2026-10-05
fudzilla.com	5476	2026-01-06
fukuoka-now.com	6236	2026-10-05
fultonsun.com	12010	2026-10-05
fun107.com	26970	2026-10-05
funds-europe.com	7968	2026-10-05
fundsforngos.org	24989	2026-09-16
funkytaurusmedia.com	148604	2026-10-04
furninfo.com	7158	2025-09-04
furnituretoday.com	11167	2026-06-04
futaa.com	15659	2020-11-27
futurity.org	10520	2026-10-02
fwi.co.uk	19723	2026-10-05
fwweekly.com	5804	2026-10-05
fxempire.com	10506	2026-03-09
fxstreet.com	125442	2026-03-05
gadget.co.za	7133	2026-10-05
gadgetsmagazine.com.ph	6383	2026-10-05
gadsdentimes.com	8135	2023-09-11
gainesville.com	15883	2023-09-11
gainesvilleregister.com	6904	2026-10-01
gainesvilletimes.com	11552	2026-10-04
galesburg.com	6937	2023-09-11
galusaustralis.com	7671	2020-08-18
galvnews.com	42318	2026-10-04
galwaybayfm.ie	22084	2026-10-05
gamasutra.com	12921	2022-06-24
gamenguide.com	6919	2026-10-05
gamepur.com	22146	2024-08-14
gamerant.com	134811	2026-10-05
gameranx.com	19365	2026-10-05
gamereactor.eu	25006	2026-10-04
gamerevolution.com	10473	2026-09-23
gamesindustry.biz	19461	2026-10-05
gamespot.com	45822	2026-01-20
gamesradar.com	66396	2026-10-05
gamewatcher.com	5279	2026-09-07
gamingbolt.com	20136	2026-10-05
gamingintelligence.com	5521	2026-10-05
gananoquereporter.com	40328	2026-08-29
ganggreennation.com	8524	2026-10-05
gardenandgun.com	5221	2026-10-02
garoweonline.com	7955	2026-10-05
gasgoo.com	16975	2026-09-30
gastongazette.com	9600	2023-09-11
gasworld.com	10705	2026-05-24
gator995.com	18015	2026-10-05
gattonstar.com.au	44798	2021-04-28
gaytimes.co.uk	10016	2024-05-06
gazetaexpress.com	24763	2026-08-05
gazette-news.co.uk	150174	2026-10-05
gazette.com	191443	2026-10-05
gazetteandherald.co.uk	121937	2026-10-05
gazetteherald.co.uk	147501	2026-10-05
gazettejournal.net	6419	2026-10-02
gazettelive.co.uk	94383	2026-10-05
gazettenet.com	37497	2026-10-05
gazetteseries.co.uk	119242	2026-10-05
gazettetimes.com	49384	2026-10-04
gazettextra.com	54803	2026-10-05
gbtribune.com	13245	2026-10-02
gcaptain.com	19766	2026-10-05
gcmaz.com	13034	2026-10-05
gctelegram.com	8455	2026-09-30
gdnonline.com	175734	2026-10-05
gds.ro	6100	2024-11-05
gearjunkie.com	12055	2026-08-14
geekwire.com	13044	2026-08-20
geeky-gadgets.com	48625	2026-08-25
geekzone.co.nz	7554	2026-10-05
geelongadvertiser.com.au	109080	2026-10-05
geneamusings.com	9595	2026-10-04
genengnews.com	9392	2026-06-04
geneticliteracyproject.org	10187	2026-03-20
geo.tv	156869	2026-10-05
geograph.org.uk	6215	2024-07-13
georgeherald.com	32882	2026-10-05
georgiatoday.ge	16030	2026-10-05
geosuper.tv	35849	2026-10-05
getreading.co.uk	50971	2024-05-03
getreligion.org	6582	2024-02-02
getsurrey.co.uk	90673	2026-10-05
gettysburgtimes.com	31783	2026-10-05
ggrasia.com	7764	2026-06-29
ghanafa.org	6927	2026-10-05
ghanaiantimes.com.gh	43598	2026-10-05
ghanamma.com	124363	2026-10-05
ghananewsagency.org	7849	2020-05-06
ghanavisions.com	24639	2026-09-11
ghanaweb.com	247740	2026-03-03
ghettoradio.co.ke	10052	2026-10-05
giants.com	7652	2026-10-05
gigulate.com	36126	2026-05-21
gigwise.com	5839	2026-10-01
gillettenewsrecord.com	39846	2026-10-05
gilmermirror.com	24885	2026-10-05
giornaledibrescia.it	8277	2026-04-11
girlslife.com	6701	2026-10-04
gisborneherald.co.nz	15364	2025-02-04
gisuser.com	10582	2026-10-03
github.com	10607	2026-10-05
gizbot.com	5744	2026-07-23
gizchina.com	41359	2026-10-05
gizmochina.com	11012	2026-03-19
gizmodo.co.uk	9499	2020-09-09
gizmodo.com	57845	2026-10-05
gizmodo.com.au	32551	2024-07-11
gjsentinel.com	108091	2026-10-05
gladstoneobserver.com.au	52613	2021-06-23
glamour.com	14970	2026-10-04
glamsham.com	62283	2026-10-05
glasgowtimes.co.uk	195498	2026-10-05
glasgowworld.com	9356	2025-01-23
glassonweb.com	9176	2026-10-05
gleninnesexaminer.com.au	48269	2026-10-05
glidemagazine.com	8756	2026-10-05
globalbankingandfinance.com	7320	2026-08-24
globalcapital.com	15451	2025-10-20
globalcement.com	8251	2026-10-02
globalissues.org	10407	2026-10-05
globalnews.ca	153829	2026-10-05
globalsecurity.org	149333	2026-10-01
globalsistersreport.org	6158	2026-10-05
globaltimes.cn	59668	2026-10-05
globalvoices.org	7135	2026-10-03
globegazette.com	55407	2026-10-03
globenewswire.com	285961	2025-11-14
globes.co.il	15899	2026-10-05
gloucesteradvocate.com.au	62248	2026-10-05
gloucestershirelive.co.uk	11049	2026-05-13
gloucestertimes.com	34650	2026-10-05
gmanetwork.com	22387	2026-07-19
gmatclub.com	29293	2025-11-20
gmauthority.com	17532	2025-11-18
gmenhq.com	6769	2026-10-05
gna.org.gh	11444	2026-02-22
gnnliberia.com	14253	2026-10-05
go.com	359868	2026-02-10
go955.com	17481	2024-10-08
goal.com	111252	2026-03-19
gobankingrates.com	23067	2026-10-02
gocomics.com	23592	2025-08-13
gocountry105.com	11026	2026-10-05
godanriver.com	49581	2026-10-01
goderichsignalstar.com	23255	2026-09-19
goerie.com	15023	2023-09-11
goldcoastbulletin.com.au	141462	2024-07-30
goldderby.com	20731	2026-10-05
goldseiten.de	22114	2026-03-23
golocalprov.com	16443	2026-07-21
goodereader.com	5542	2026-10-04
goodhousekeeping.com	19083	2026-10-04
goodmenproject.com	69387	2025-01-23
gopusa.com	16072	2025-01-21
gosanangelo.com	5421	2023-09-11
goshennews.com	83765	2026-10-05
goskagit.com	268596	2026-10-05
goss.ie	42858	2026-10-05
gossipcop.com	5937	2021-09-01
gothamist.com	22978	2026-10-05
goulburnpost.com.au	97458	2026-10-05
goupstate.com	13769	2026-05-17
gov.ie	5009	2026-10-02
gov.uk	111099	2026-10-05
govconwire.com	8918	2026-10-05
governing.com	14129	2026-10-05
governorswindenergycoalition.org	7124	2026-10-01
govexec.com	12517	2026-10-02
govinfosecurity.com	16371	2026-10-05
govtech.com	21269	2026-10-04
gowatertown.net	27619	2026-10-02
gpb.org	15088	2026-10-02
gponline.com	5504	2026-07-02
gq-magazine.co.uk	12890	2026-10-05
gq.co.za	5568	2026-10-05
gq.com	13126	2026-10-05
gqindia.com	9905	2026-09-24
grainews.ca	6978	2025-05-22
grandforksgazette.ca	29746	2026-10-05
grandforksherald.com	74410	2026-10-05
grandhaventribune.com	18801	2026-10-05
grandprix.com	9908	2026-10-04
grandprix247.com	20031	2026-10-05
grandrapidsmn.com	32594	2026-10-05
granthamjournal.co.uk	6444	2023-12-04
graphic.com.gh	62341	2026-10-05
gratefulweb.com	24818	2026-10-05
graziadaily.co.uk	5049	2026-02-03
grbj.com	6001	2023-04-15
greanvillepost.com	9226	2026-10-05
great98.net	10150	2022-09-19
greatbendpost.com	36169	2026-10-05
greaterbelize.com	6734	2026-10-05
greatfallstribune.com	6218	2023-09-08
greatlakesadvocate.com.au	61700	2026-10-05
greekcitytimes.com	18898	2026-03-10
greekherald.com	64237	2026-10-05
greekreporter.com	30344	2026-06-07
greeleytribune.com	38813	2026-10-05
greenbaypressgazette.com	11617	2023-09-11
greencarcongress.com	11692	2024-07-30
greenevillesun.com	20549	2026-10-05
greenfieldreporter.com	43235	2025-05-15
greenleft.org.au	8237	2026-10-05
greenocktelegraph.co.uk	130356	2026-10-05
greensboro.com	56445	2026-10-04
greensburgdailynews.com	40198	2026-10-03
greenvilleonline.com	6965	2023-09-11
greenwichfreepress.com	7207	2026-10-05
greenwichtime.com	135194	2025-06-12
grenadachronicle.com	19042	2026-10-05
grenfellrecord.com.au	26195	2026-09-30
grimsbytelegraph.co.uk	78630	2026-10-05
grmdaily.com	11485	2026-06-28
groove993.com	11369	2026-06-19
ground.news	19048	2025-01-25
groundup.org.za	8810	2026-10-05
gsmarena.com	44121	2026-10-05
guampdn.com	52295	2026-10-05
guardian-series.co.uk	98964	2026-10-05
guardian.co.tt	48767	2026-10-05
guardian.ng	78980	2026-04-05
guelphmercury.com	10332	2026-10-03
guernicamag.com	7460	2026-09-26
guernseypress.com	80423	2026-10-05
guitarworld.com	17355	2026-10-05
gulf-times.com	55795	2026-10-05
gulf104.com	21786	2026-10-05
gulfbusiness.com	19994	2026-04-03
gulfcoastmedia.com	8256	2026-10-05
gulfcoastnewsnow.com	26899	2026-10-05
gulfnews.com	197766	2026-10-05
gulftoday.ae	52129	2026-03-19
gulte.com	42158	2026-10-05
gurlstudio.com	5527	2023-02-20
gurufocus.com	19152	2026-07-11
guyanachronicle.com	6750	2020-07-23
gvnews.com	8982	2026-10-02
gwdtoday.com	125393	2025-11-04
gwhatchet.com	8821	2026-10-05
gwinnettdailypost.com	84633	2026-10-04
gx94radio.com	27239	2026-10-05
gympietimes.com.au	53769	2021-04-28
haaretz.com	65768	2026-10-05
haberler.com	9534	2026-08-25
haberx.com	6873	2025-09-08
habseyesontheprize.com	6652	2026-10-05
hackaday.com	11435	2026-10-05
hackneygazette.co.uk	30786	2026-10-05
haitilibre.com	10190	2026-10-04
haitisun.com	50967	2026-10-05
halesowennews.co.uk	143209	2026-10-05
halfwheel.com	11635	2026-10-04
halifax.citynews.ca	6698	2025-10-14
halifaxcourier.co.uk	18225	2025-01-23
haligonia.ca	5503	2026-10-04
hallmarknews.com	16691	2026-10-05
halsteadgazette.co.uk	126612	2026-10-05
hamhigh.co.uk	57099	2026-10-05
hamlethub.com	15112	2026-10-05
hamodia.com	8109	2023-02-02
hampshirechronicle.co.uk	150648	2026-10-05
hampshirereview.com	7589	2026-09-30
hancinema.net	58393	2026-09-16
hanfordsentinel.com	25910	2026-10-05
hani.co.kr	12314	2026-10-05
hannaherald.com	8955	2026-10-03
hannibal.net	11603	2026-10-05
hannity.com	16708	2026-08-05
hapakenya.com	9305	2026-09-29
hapblog.com	8339	2026-09-30
harboroughmail.co.uk	11120	2025-01-23
hardcoregamer.com	13409	2026-10-04
hardenexpress.com.au	48757	2026-10-05
hardwoodparoxysm.com	9011	2026-10-03
harnesslink.com	28279	2026-10-05
harpersbazaar.com	25481	2026-10-05
harringayonline.com	47526	2026-10-04
harrisondaily.com	22337	2026-10-05
harrogate-news.co.uk	6319	2026-10-05
harrogateadvertiser.co.uk	15619	2025-01-23
harrowtimes.co.uk	96500	2026-10-05
hartenergy.com	8026	2025-09-18
hartfordbusiness.com	21404	2026-10-05
hartfordcitynewstimes.com	37137	2026-09-30
hartlepoolmail.co.uk	13236	2025-01-23
harvard.edu	14422	2026-10-03
harwichandmanningtreestandard.co.uk	129854	2026-10-05
hauraki.co.nz	9279	2026-10-02
havanatimes.org	7091	2026-10-05
havasunews.com	37504	2026-10-05
havredailynews.com	12009	2026-07-19
hawaii.edu	8844	2026-10-03
hawaiinewsnow.com	44325	2026-10-05
hawaiipublicradio.org	26853	2026-10-03
hawaiitelegraph.com	125458	2026-10-05
hawaiitribune-herald.com	19620	2026-10-05
hawkesburygazette.com.au	56749	2025-07-28
hayspost.com	33955	2026-10-05
hazard-herald.com	28297	2026-10-04
hcamag.com	10669	2026-10-02
hccommunityjournal.com	9863	2026-10-04
hcplive.com	11970	2026-10-05
hd983.com	16151	2026-07-03
hdnews.net	6734	2026-10-02
headlineplanet.com	8774	2026-10-04
healio.com	39575	2026-10-05
health.com	6689	2026-03-17
healthcanal.com	7276	2025-02-04
healthcaredive.com	8010	2026-10-03
healthcarefinancenews.com	5465	2026-06-03
healthcareitnews.com	14929	2026-06-04
healthday.com	6717	2026-10-02
healthleadersmedia.com	15931	2026-06-30
heart.co.uk	21277	2026-10-05
heartfm.ca	13859	2026-10-05
heaven1460.com	9106	2026-09-21
heavy.com	23260	2026-06-18
hedgeweek.com	6286	2026-10-05
helenair.com	64250	2026-10-05
helihub.com	5597	2024-07-26
hellenicshippingnews.com	163396	2026-10-05
hellobeautiful.com	5564	2026-10-03
hellomagazine.com	109573	2026-10-05
helsinkitimes.fi	6611	2026-10-05
hemeltoday.co.uk	10711	2025-01-23
hendersondispatch.com	16145	2026-10-03
hendersonvillelightning.com	6447	2026-10-04
henleystandard.co.uk	11194	2026-10-05
henricocitizen.com	6585	2026-10-05
henryherald.com	63912	2026-10-03
hepburnadvocate.com.au	50339	2026-10-05
her.ie	53028	2026-06-26
herald-citizen.com	11775	2026-10-04
herald-dispatch.com	53968	2026-10-05
herald-review.com	67924	2026-10-04
herald-zeitung.com	14608	2026-10-03
herald.co.zw	61471	2025-01-23
heraldandnews.com	23172	2026-10-05
heraldbanner.com	8859	2026-10-03
heraldbulletin.com	61661	2026-10-05
heraldcourier.com	40966	2026-10-01
heralddemocrat.com	9161	2026-09-21
heraldextra.com	19863	2026-10-04
heraldglobe.com	158407	2026-10-05
heraldgoa.in	15885	2026-09-21
heraldlive.co.za	30798	2025-01-25
heraldmailmedia.com	43614	2023-09-11
heraldmalaysia.com	22801	2026-03-11
heraldnet.com	18653	2026-10-05
heraldnews.com	11208	2023-09-11
heraldpalladium.com	36773	2026-10-03
heraldscotland.com	150398	2026-10-05
heraldseries.co.uk	137193	2026-10-05
heraldstandard.com	20210	2026-10-05
heraldstaronline.com	21190	2026-10-05
heraldsun.com.au	122647	2024-07-31
heraldtribune.com	22337	2023-09-11
herefordtimes.com	69815	2026-10-05
heritage.org	39651	2026-09-11
heritagefl.com	10282	2026-10-01
hermistonherald.com	7725	2026-10-03
hertfordshiremercury.co.uk	22775	2025-11-04
hertsad.co.uk	40332	2026-10-05
hexham-courant.co.uk	131595	2026-10-05
hexus.net	6999	2025-02-25
hiawathaworldonline.com	37478	2026-10-03
hickoryrecord.com	49295	2026-10-02
hiddenremote.com	6589	2026-10-05
highlandcountypress.com	25133	2026-10-05
highlandradio.com	55136	2026-10-05
highrivertimes.com	9181	2026-10-03
highschoolot.com	5783	2026-10-02
highsnobiety.com	22275	2026-10-05
highway989.com	9766	2026-09-17
hillingdontimes.co.uk	122302	2026-10-05
hillsdale.net	5253	2023-09-11
hilltimes.com	8624	2026-10-05
hindi.cri.cn	11174	2026-10-05
hindustantimes.com	534520	2026-10-05
hiphopdx.com	39549	2026-05-18
hiphopnc.com	12342	2026-10-05
hiphopwired.com	12101	2026-10-04
hirunews.lk	7226	2026-03-05
history.com	12484	2026-10-05
historyextra.com	5407	2026-10-04
hitc.com	92894	2026-09-30
hitconsultant.net	9573	2026-10-05
hits1053sanantonio.com	7060	2026-10-04
hits96.com	18393	2026-10-02
hits973.com	10205	2026-10-03
hitsfm.net	45378	2026-10-03
hjnews.com	24706	2026-10-03
hltv.org	128348	2025-08-12
hngn.com	52226	2026-10-05
hngnews.com	44971	2026-10-05
hoganstand.com	26872	2026-10-05
hogshaven.com	10142	2026-10-04
hola.com	24874	2026-10-04
hollandsentinel.com	16685	2023-09-10
hollywoodlife.com	31576	2026-08-05
hollywoodreporter.com	72912	2026-10-05
homelandsecuritynewswire.com	9467	2026-10-02
homenewshere.com	66745	2026-10-05
homernews.com	5320	2026-10-04
hometownregister.com	117395	2026-10-05
hometownsource.com	77882	2026-10-05
hometownstation.com	24573	2026-10-05
hometownstations.com	72443	2026-10-04
hongkongherald.com	48635	2026-10-05
honisoit.com	6680	2026-10-05
honolulumagazine.com	9840	2026-10-05
hoodline.com	5815	2025-01-23
hopestandard.com	39215	2026-10-05
horseandhound.co.uk	18810	2026-10-04
hortweek.com	23116	2026-07-02
hospitalitydesign.com	5914	2026-08-17
hospitalitynet.org	56909	2026-06-29
hot101.com	10868	2026-10-05
hot1017.com	6653	2025-01-24
hot1029.com	15298	2026-10-02
hot1033.com	9612	2026-10-05
hot1047.com	28666	2026-10-05
hot105fm.com	7229	2026-10-02
hot1077radio.com	9129	2026-10-05
hot96.com	35862	2026-10-05
hot967.fm	5584	2023-03-17
hot967fm.com	26916	2026-10-02
hot969boston.com	25771	2026-10-05
hot97.com	17621	2026-10-03
hot975fm.com	17067	2026-10-05
hotair.com	93551	2026-10-05
hotaugusta.com	15529	2026-10-04
hotcountrybull.com	7573	2024-01-26
hoteliermiddleeast.com	7467	2023-03-21
hotelnewsresource.com	11566	2026-10-05
hotelscombined.com	6050	2026-09-29
hothardware.com	11999	2026-10-04
hotpress.com	16612	2026-10-05
hotspotatl.com	11329	2026-10-04
houmatoday.com	11760	2023-09-11
houseandgarden.co.uk	6536	2026-10-05
housebeautiful.com	11682	2026-10-03
housingwire.com	17176	2026-10-05
houstonchronicle.com	122357	2025-07-23
houstonherald.com	13356	2026-10-05
houstoniamag.com	5757	2026-10-02
houstonianonline.com	8925	2026-09-03
houstonpress.com	7972	2026-10-05
houstonpublicmedia.org	30436	2026-10-05
houstontexans.com	5365	2026-10-05
howestreet.com	11006	2026-08-18
howstuffworks.com	14191	2026-04-20
howtogeek.com	32080	2026-10-05
hpcwire.com	13520	2026-08-24
hpherald.com	5693	2026-10-02
hpj.com	14897	2026-10-02
hppr.org	50955	2026-10-05
hpr2.org	8519	2021-06-02
hrmagazine.co.uk	19243	2026-05-29
hrreporter.com	6931	2026-10-02
hrw.org	12106	2026-10-05
hsj.co.uk	13651	2025-09-05
htrnews.com	10229	2023-09-11
htsstlucia.org	6378	2026-10-03
htxt.co.za	12365	2026-10-05
hub-4.com	6383	2026-10-05
hubcityradio.com	8073	2026-10-05
hubspot.com	7763	2026-10-02
hucknalldispatch.co.uk	11608	2025-01-23
hudsoncountyview.com	10733	2026-09-12
hudsonreporter.com	7874	2026-04-24
hudsonstarobserver.com	6307	2026-10-05
hudsonvalley360.com	28171	2024-04-23
hudsonvalleycountry.com	44667	2026-10-05
huewire.com	25121	2026-10-01
huffingtonpost.ca	6676	2021-03-09
huffingtonpost.co.uk	42031	2026-10-05
huffpost.com	59789	2026-10-04
hulldailymail.co.uk	103356	2026-10-05
human-wrongs-watch.net	5228	2026-03-01
humanevents.com	9499	2026-10-04
humanitariannews.org	105823	2021-09-28
humanresourcesonline.net	8127	2026-10-05
humboldtjournal.ca	32771	2021-07-29
hungarytoday.hu	25222	2026-10-05
huntspost.co.uk	41087	2026-10-05
hup.hu	6526	2026-09-16
hurriyetdailynews.com	46579	2026-10-05
huskeradio.com	11886	2026-10-03
huskerstoday.com	7252	2026-09-06
hutchnews.com	11848	2023-09-10
hydrocarbonprocessing.com	13941	2026-10-02
hypebeast.com	63481	2026-02-15
hypebot.com	13213	2026-10-03
hyperallergic.com	10493	2026-10-05
i1071.com	8884	2021-04-30
i24news.tv	28368	2026-10-05
i95rock.com	16082	2026-10-05
i95rocks.com	19635	2026-10-02
iafrica.com	22571	2026-10-03
iam-media.com	5328	2026-03-21
ianslive.in	309299	2026-10-05
ibcworldnews.com	25846	2026-10-05
iberianet.com	8444	2022-06-22
iberkshires.com	37667	2026-10-05
iberonews.com	6306	2026-10-05
ibinews.com	10505	2025-09-04
ibj.com	7882	2026-10-05
ibtimes.co.in	59259	2026-10-05
ibtimes.co.uk	80453	2026-10-05
ibtimes.com	195432	2026-10-05
ibtimes.com.au	33912	2026-10-05
ibtimes.sg	7280	2026-09-24
icaew.com	8289	2026-10-05
icenews.is	10055	2026-10-04
iclarified.com	5037	2026-10-05
iconnect007.com	14962	2026-06-11
icsf.net	13442	2026-10-05
idahobusinessreview.com	7707	2026-06-04
idahopress.com	80840	2026-10-05
idahostatejournal.com	95792	2026-10-05
idahostatesman.com	5302	2024-07-30
ideastream.org	20117	2026-10-05
idg.com.au	6314	2023-02-14
idiva.com	19750	2026-10-05
idrw.org	68012	2026-10-05
idsnews.com	12986	2026-10-05
ieyenews.com	17503	2026-03-17
ifa.com.au	6640	2026-06-25
ifamagazine.com	11527	2026-01-16
ifiberone.com	57438	2023-02-15
ifp.co.in	18205	2026-08-31
igamingbusiness.com	15580	2026-10-05
igberetvnews.com	7537	2025-11-26
ign.com	83870	2026-10-05
iheart.com	15561227	2026-10-05
ijpr.org	33625	2026-10-04
ijr.com	5157	2026-03-19
ilfordrecorder.co.uk	30582	2026-10-05
illawarramercury.com.au	102545	2026-10-05
illinoistimes.com	9715	2026-10-04
ilonggotechblog.com	9771	2026-09-23
ilovebobfm.com	10276	2026-10-05
iloveqatar.net	6388	2025-11-27
imemc.org	10547	2026-09-26
imore.com	27836	2025-05-23
imparcialoaxaca.mx	5071	2026-04-01
impartialreporter.com	121274	2026-10-05
imt.ie	6048	2026-10-05
in-cumbria.com	15356	2026-10-05
in.gr	6945	2026-10-04
inc.com	5320	2025-08-22
inc42.com	11305	2024-02-02
indaily.com.au	8422	2025-01-20
indcatholicnews.com	9673	2026-10-05
inddist.com	9485	2025-10-03
indeonline.com	8553	2023-09-11
independantexpress.com	14258	2026-02-17
independent.co.uk	265924	2026-10-05
independent.com	18409	2026-10-05
independent.com.mt	25269	2026-09-29
independent.ie	289738	2026-05-19
independentnews.com	25202	2026-10-03
independentsentinel.com	45911	2026-06-10
independenttribune.com	46513	2026-10-04
india.com	282169	2026-02-23
indiablooms.com	36684	2026-10-05
indiaeducationdiary.in	58751	2026-10-05
indiagazette.com	274529	2026-10-05
indiainfoline.com	12103	2026-10-05
indianagazette.com	5626	2026-03-19
indianapolisrecorder.com	5862	2026-04-02
indianautosblog.com	9032	2026-07-13
indiancooperative.com	15054	2026-10-05
indianewengland.com	28247	2026-10-05
indianexpress.com	484102	2026-07-31
indiankanoon.org	77408	2026-10-04
indiantelevision.com	24132	2025-01-23
indianweekender.co.nz	14892	2026-10-05
indiapost.com	10744	2026-09-21
indiatimes.com	2722123	2026-10-05
indiatoday.in	181286	2026-06-29
indiatvnews.com	127245	2026-07-15
indiawest.com	25524	2026-06-22
indiedb.com	15816	2025-11-16
indiewire.com	16994	2026-10-05
indonesiatribune.com	16888	2026-09-15
industrialinfo.com	10285	2026-10-05
industrytoday.co.uk	5784	2024-08-30
indysmix.com	10899	2026-10-05
indystar.com	25111	2023-09-11
indyweek.com	5238	2026-02-12
inews.co.uk	6841	2026-08-19
inewsgr.com	13674	2026-10-05
inferse.com	6496	2026-10-05
infiniteunknown.net	11693	2025-04-11
infonews.co.nz	8756	2026-10-05
inform.kz	15122	2023-09-17
informationng.com	37857	2026-10-05
informationweek.com	6980	2026-10-02
inforum.com	98550	2026-10-05
infosecurity-magazine.com	11987	2026-10-05
infotechlead.com	7073	2026-10-04
infotel.ca	204502	2026-05-01
infowars.com	37273	2025-06-05
infoworld.com	9674	2026-10-05
inlander.com	13016	2026-10-05
inlandnewstoday.com	17591	2026-10-03
inman.com	20720	2026-07-07
inmaricopa.com	9323	2026-10-05
innovationintextiles.com	5738	2026-10-05
innovationtoronto.com	12603	2025-07-14
inquirer.com	80761	2026-10-05
inquirer.net	248296	2026-09-09
inquisitr.com	72061	2025-05-14
insidebitcoins.com	25647	2026-10-05
insideclimatenews.org	5881	2026-06-23
insideedition.com	15008	2025-09-11
insideevs.com	27921	2026-10-05
insidefutbol.com	18107	2026-10-04
insidefutures.com	7921	2020-12-29
insidehalton.com	14002	2026-10-05
insidehighered.com	9322	2026-05-12
insideindianabusiness.com	21930	2026-10-03
insidelacrosse.com	6347	2024-12-01
insidenova.com	69359	2026-10-04
insideottawavalley.com	9337	2026-10-04
insidepulse.com	7041	2026-09-30
insider.com	15591	2024-01-08
insideretail.asia	9165	2026-10-05
insidermedia.com	8897	2025-01-23
insidermonkey.com	177805	2026-10-05
insidethegames.biz	24663	2024-09-13
insidetheiggles.com	7550	2026-10-05
insightnews.com	6702	2026-10-01
instinctmagazine.com	5593	2026-10-05
institutionalinvestor.com	6333	2025-12-11
instyle.com	18917	2026-03-17
insuranceage.co.uk	8034	2026-10-05
insurancebusinessmag.com	32070	2026-10-05
insuranceinsider.com	7703	2026-10-01
insurancejournal.com	73581	2026-10-05
insurancenewsnet.com	70667	2026-06-04
integra927.com	5224	2024-06-03
intelligencer.ca	53413	2026-10-05
intelligentinsurer.com	11961	2026-10-05
interest.co.nz	15009	2026-10-05
interestingengineering.com	6703	2026-03-19
interfax.com	40978	2026-03-19
interfax.com.ua	63716	2026-10-05
intergameonline.com	15693	2026-05-17
interior-news.com	28607	2026-10-05
interlochenpublicradio.org	36559	2026-10-05
international-adviser.com	8038	2026-10-02
internationaltimes.it	6053	2026-10-03
intouchweekly.com	14795	2026-10-05
intrafish.com	15096	2026-10-05
inverelltimes.com.au	56623	2026-10-05
inverness-courier.co.uk	80588	2026-10-05
investegate.co.uk	560242	2026-10-05
investing.com	84818	2026-03-26
investinglive.com	17590	2026-10-05
investingnews.com	18683	2026-09-29
investmentexecutive.com	18662	2026-08-11
investmentnews.com	17013	2026-10-05
investmentwatchblog.com	57169	2026-10-05
investmentweek.co.uk	18138	2026-10-05
investopedia.com	18705	2026-03-17
investordaily.com.au	10101	2026-06-24
investorideas.com	8416	2026-10-03
investorplace.com	21664	2026-10-02
investors.com	47434	2026-10-05
investorschronicle.co.uk	12696	2026-09-07
invezz.com	37889	2025-09-23
inyourpocket.com	5338	2026-10-03
iol.co.za	227944	2025-01-23
iomtoday.co.im	27899	2026-10-05
iowapublicradio.org	50969	2026-10-05
iowastatedaily.com	7137	2026-10-05
ipe.com	9537	2025-09-04
ipolitics.ca	10831	2025-04-24
ipowerrichmond.com	14062	2026-10-05
ippmedia.com	8175	2025-02-26
ipsnews.net	18231	2026-10-05
ipswichadvertiser.com.au	21261	2020-06-29
ipswichstar.co.uk	95456	2026-10-05
ipwatchdog.com	9377	2026-10-04
iradio.ie	8862	2026-10-05
iranherald.com	71113	2026-10-05
iranoilgas.com	7129	2026-10-05
iraq-businessnews.com	6844	2026-10-05
iraqinews.com	12035	2026-10-05
iraqsun.com	83955	2026-10-05
irasciblemusings.com	20726	2024-01-20
irishamerica.com	6788	2026-07-27
irishcentral.com	19453	2026-10-05
irishdentist.ie	7121	2026-10-05
irishecho.com	5695	2026-10-04
irishexaminer.com	123879	2026-10-05
irishmirror.ie	176990	2026-10-05
irishnews.com	86722	2026-10-05
irishsun.com	49849	2026-10-05
irishtimes.com	226923	2026-10-05
ironmountaindailynews.com	25708	2026-10-05
irrawaddy.com	10690	2025-12-09
irrigator.com.au	54342	2026-10-05
irvinetimes.com	94734	2026-10-05
islamicinvitationturkey.com	12993	2026-10-04
island.lk	54091	2026-07-27
islandpacket.com	5017	2024-07-29
islands.com	25445	2026-10-05
islingtongazette.co.uk	30210	2026-10-05
islingtontribune.co.uk	6360	2026-10-02
ispreview.co.uk	5797	2026-10-05
israelherald.com	38734	2026-10-05
israelnationalnews.com	252381	2026-10-05
israeltoday.co.il	6119	2025-04-16
isthmus.com	16009	2026-10-05
it-online.co.za	83632	2026-10-05
italian.cri.cn	11986	2026-10-05
itbrief.co.nz	14682	2026-10-05
itbusinessnet.com	163088	2026-09-30
itechpost.com	18534	2026-10-02
itemlive.com	12913	2026-10-05
itemonline.com	18022	2026-10-03
ithaca.com	6443	2026-10-05
ithacajournal.com	5125	2023-09-11
itnews.com.au	11573	2026-10-04
itnewsafrica.com	10543	2026-09-27
itnewsonline.com	131433	2026-08-10
itnonline.com	8113	2026-10-02
itp.net	8530	2023-03-21
itpro.co.uk	9219	2023-04-11
itsnicethat.com	7960	2026-10-05
itv.com	100917	2025-06-02
itweb.co.za	14949	2026-10-05
itwire.com	23668	2026-10-05
ivpressonline.com	91775	2026-10-03
iwf.org	6281	2025-09-09
iwradio.co.uk	54531	2026-10-05
j-14.com	5231	2025-08-11
jacarandafm.com	48587	2026-10-05
jacksonprogress-argus.com	67562	2026-10-05
jacksonsun.com	6477	2023-09-11
jacksonville.com	16128	2023-09-11
jacksonvilleprogress.com	10906	2026-10-05
jagonews24.com	28631	2026-04-15
jagranjosh.com	85588	2026-10-05
jaguars.com	7136	2026-10-05
jalopnik.com	26801	2026-10-05
jamaica-gleaner.com	93801	2026-10-05
jamaica-star.com	41313	2026-10-03
jamaicantimes.com	42131	2026-10-05
jamaicaobserver.com	223762	2026-10-05
jambands.com	7278	2026-10-04
jambase.com	11492	2025-12-12
jamestown.org	5281	2026-10-04
jamestownsun.com	53187	2026-10-05
janes.com	20546	2026-09-29
japanherald.com	69751	2026-10-05
japantimes.co.jp	118961	2026-10-02
japantoday.com	74303	2026-10-05
jaxdailyrecord.com	8843	2024-01-03
jaysjournal.com	5399	2026-10-05
jayski.com	6195	2025-01-18
jbhe.com	9561	2026-10-03
jckonline.com	8361	2026-10-02
jcnnewswire.com	17136	2026-10-05
jconline.com	6301	2023-09-10
jcpost.com	28447	2026-10-05
jdnews.com	13086	2026-10-05
jdsupra.com	313287	2026-07-15
jeepforum.com	5241	2026-06-11
jerseyeveningpost.com	83037	2026-10-05
jewishjournal.com	10648	2023-03-03
jewishlink.news	5362	2023-06-17
jewishpress.com	42263	2026-10-02
jewishtimes.com	5374	2026-10-02
jewishworldreview.com	8771	2026-10-02
jezebel.com	10506	2026-10-05
jg-tc.com	57216	2026-10-04
jhnewsandguide.com	18185	2026-10-05
jhu.edu	18742	2026-10-05
jns.org	34114	2026-10-05
joblo.com	39802	2026-07-30
joe.co.uk	22824	2026-04-16
joe.ie	23908	2026-04-15
johnogroat-journal.co.uk	47001	2026-10-05
johnsoncitypress.com	21521	2025-12-16
jonathanturley.org	7823	2026-10-05
joplinglobe.com	90366	2026-10-05
jordantimes.com	57863	2026-10-05
jose947.com	15323	2025-03-13
journal-advocate.com	31825	2026-10-05
journal-news.com	39306	2026-10-05
journal-news.net	28359	2026-10-05
journal-spectator.com	9839	2025-11-25
journal-topics.com	8921	2026-10-04
journal.com.ph	15290	2026-10-01
journalgazette.net	79593	2026-10-05
journalinquirer.com	22390	2023-06-03
journalism.co.uk	5515	2026-10-02
journalismpakistan.com	7394	2026-10-04
journalnow.com	73592	2026-10-04
journalpatriot.com	10489	2026-10-05
journalpioneer.com	22877	2020-11-11
journalrecord.com	37118	2026-06-03
journalreview.com	11246	2026-10-03
journalstandard.com	5432	2023-09-10
journalstar.com	111632	2026-10-03
journaltimes.com	69675	2026-10-03
jowhar.com	8468	2026-10-05
jox2fm.com	41278	2025-07-23
joxfm.com	20735	2026-10-05
joy.org.au	12381	2026-10-05
jpost.com	182375	2026-10-05
jsonline.com	32169	2023-09-11
jta.org	11234	2025-05-12
jtv.com	50647	2026-10-05
jumpradio.ca	7581	2026-10-02
juneauempire.com	8232	2026-10-04
juneesoutherncross.com.au	107368	2026-10-05
juniorminingnetwork.com	21704	2026-10-03
junkee.com	6676	2026-02-19
jurist.org	6889	2026-03-19
just-auto.com	11534	2026-10-05
just-drinks.com	7815	2026-10-05
just-food.com	9129	2026-10-05
just-style.com	9361	2026-10-05
justarsenal.com	18324	2026-10-05
justblogbaby.com	6105	2026-10-05
justice.gov	5015	2025-11-26
justiceinfo.net	9868	2026-10-05
justicenewsflash.com	7822	2026-07-14
justjared.com	612684	2026-09-29
justjaredjr.com	121476	2026-09-30
justmeans.com	17128	2023-01-06
justsecurity.org	5735	2026-10-03
juxtapoz.com	6197	2026-05-13
jweekly.com	11429	2026-09-11
jwire.com.au	13922	2026-10-02
k100country.com	5924	2026-10-05
k101fm.net	41439	2026-04-22
k1047.com	24063	2026-10-05
k105.com	12303	2026-09-26
k12.wi.us	18162	2026-09-30
k2radio.com	26616	2026-10-05
k923orlando.com	9321	2026-10-05
k945.com	38749	2026-10-05
k96fm.com	17770	2026-10-05
k985.com	5843	2020-12-09
k99.com	22855	2026-10-05
k99online.com	6541	2026-01-28
k99wigm.com	8436	2026-10-02
kaaltv.com	75975	2026-03-17
kabc.com	30390	2026-10-05
kachwanya.com	7100	2026-09-25
kacu.org	57551	2026-10-05
kafe.com	5850	2026-10-04
kagstv.com	38121	2026-06-06
kaieteurnewsonline.com	32775	2026-10-04
kait8.com	35344	2026-10-05
kajo.com	5863	2026-10-02
kake.com	52127	2026-10-05
kalb.com	17973	2026-10-05
kalw.org	49591	2026-10-05
kamcity.com	15232	2025-11-18
kamloopsbcnow.com	12568	2026-10-05
kamloopsthisweek.com	20035	2023-10-27
kansascity.com	5375	2024-07-30
kansaspublicradio.org	24554	2026-10-05
kanw.com	37966	2025-07-07
kaok.com	42049	2026-10-05
kare11.com	62042	2026-06-25
karennews.org	7347	2026-10-03
karriere.at	11037	2024-03-25
kashmirlife.net	44074	2026-10-05
kashmirreader.com	51839	2026-10-05
kashmirtimes.com	19752	2026-10-04
kashmirtimes.in	16699	2025-04-18
kasu.org	97077	2026-10-05
katc.com	47394	2026-09-01
katcountry989.com	44916	2026-10-05
katherinetimes.com.au	64756	2026-10-05
kathmandupost.com	29292	2026-10-05
katm.com	6328	2026-10-05
katsfm.com	43902	2026-10-04
katt.com	9462	2026-10-05
katu.com	45227	2026-10-05
katv.com	37333	2026-10-05
kawc.org	64526	2026-10-05
kawowo.com	7761	2026-10-05
kazu.org	68757	2026-09-29
kbat.com	28326	2026-10-05
kbcy.com	5570	2026-10-05
kber.com	8876	2026-10-05
kbew98country.com	5189	2026-10-05
kbft.org	7885	2026-10-02
kbhbradio.com	8708	2025-01-23
kbia.org	38427	2026-10-05
kbnd.com	7662	2026-10-02
kbnwnews.com	5552	2026-09-16
kboo.fm	7022	2026-10-04
kbrx.com	7765	2026-09-30
kbs.co.kr	66286	2026-10-05
kbtt.fm	20149	2026-08-31
kbtx.com	28926	2026-10-05
kbull93.com	13417	2022-09-06
kbur.com	16657	2026-10-02
kbzk.com	39882	2026-10-05
kcbd.com	31320	2026-10-05
kcbx.org	32305	2026-10-05
kcby.com	36618	2026-10-05
kcchronicle.com	7039	2023-05-01
kcci.com	86273	2026-10-05
kccu.org	59171	2026-10-05
kcentv.com	51557	2026-06-06
kcet.org	7715	2023-09-25
kchanews.com	10909	2026-10-05
kciiradio.com	24183	2026-10-04
kclr96fm.com	8974	2026-10-05
kclu.org	47644	2026-10-05
kcra.com	114275	2026-10-05
kcrg.com	37814	2026-10-05
kcrr.com	26944	2026-10-04
kcrw.com	21945	2026-01-30
kctv5.com	43078	2026-10-05
kcur.org	16653	2026-10-05
kdal610.com	12741	2025-09-30
kdat.com	46288	2026-10-05
kdhlradio.com	60012	2026-10-05
kdhnews.com	91144	2026-10-05
kdks.fm	16609	2026-08-31
kdlg.org	17369	2025-01-27
kdminer.com	6699	2026-10-05
kdramastars.com	20675	2026-09-17
kdrv.com	30201	2026-10-04
kdux.com	9746	2026-09-16
kdvr.com	6504	2026-02-17
kdwn.com	7218	2022-11-12
keanradio.com	21198	2026-10-05
kearneyhub.com	50161	2026-09-30
kecofm.com	9030	2026-09-26
kedm.org	57636	2026-10-05
keighleynews.co.uk	133984	2026-10-05
kekbfm.com	34108	2026-10-05
kelo.com	83120	2026-10-05
kelofm.com	18160	2026-10-04
kelownacapnews.com	54966	2026-10-05
kelownadailycourier.ca	61813	2026-10-05
kenoraonline.com	7083	2025-08-25
kenoshanews.com	7298	2025-08-27
kens5.com	72133	2026-06-05
kentlive.news	5708	2026-07-02
kentonline.co.uk	96886	2026-10-05
kentreporter.com	5006	2026-10-03
kentuckynewera.com	34851	2026-10-03
kenw.org	43371	2026-10-05
kenya-today.com	5148	2026-10-05
kenyan-post.com	45789	2026-10-05
kenyans.co.ke	16332	2026-03-18
kenyastar.com	70178	2026-10-05
keprtv.com	25980	2026-06-05
keralakaumudi.com	6014	2026-09-03
keranews.org	25287	2026-09-30
kerrang.com	13551	2026-08-17
kesn1033.com	9325	2020-10-06
kesq.com	82958	2026-10-05
ketchikandailynews.com	6975	2026-10-03
ketr.org	49367	2026-10-05
ketv.com	81259	2026-10-05
kevinmd.com	18014	2026-05-27
keyc.com	19281	2026-10-05
keyj.com	20940	2026-10-05
keysnews.com	50591	2026-10-05
keyt.com	105349	2026-10-05
keyw.com	25478	2026-10-05
kezi.com	28396	2026-10-04
kezj.com	22342	2026-10-05
kfdi.com	10996	2026-01-28
kfdm.com	35291	2026-10-05
kffm.com	29955	2026-10-05
kfgo.com	73824	2026-10-05
kfilradio.com	63534	2026-10-05
kfiz.com	10985	2026-10-05
kfm.co.ug	8614	2026-04-20
kfm.co.za	9754	2024-01-15
kfmx.com	31698	2026-10-04
kfor.com	7646	2026-06-11
kfox95.com	28876	2026-10-05
kfoxtv.com	41130	2026-10-05
kfqd.com	6528	2026-10-01
kfru.com	38408	2026-10-05
kfrxfm.com	17295	2026-10-02
kfvs12.com	52586	2026-10-05
kfyo.com	19401	2026-10-03
kfyrtv.com	29818	2026-10-05
kgab.com	6496	2026-03-06
kggo.com	10519	2026-10-05
kgmi.com	7909	2024-01-16
kgmo.com	7190	2026-09-11
kgns.tv	23666	2026-10-05
kgoradio.com	26604	2022-10-06
kgou.org	68183	2026-10-05
kgw.com	58192	2026-09-11
khaama.com	23050	2026-10-05
khak.com	39867	2026-10-05
khaleejtimes.com	156194	2026-09-29
khaosodenglish.com	9434	2025-01-23
khay.com	5566	2026-10-05
khit1075.com	22174	2026-10-05
khits.com	51160	2026-10-05
khmertimeskh.com	29011	2025-07-08
khop.com	10618	2026-10-05
khou.com	72508	2026-06-06
khq.com	83606	2026-10-05
khqa.com	32086	2026-10-05
kicdam.com	7503	2024-07-31
kickam1530.com	24963	2026-10-05
kickoff.com	32170	2026-10-05
kicks105.com	21067	2026-10-05
kicks1063.com	11920	2026-10-05
kicks99.com	16444	2026-10-05
kickscountry.com	5008	2026-09-30
kicksonfire.com	45793	2026-06-01
kidderminstershuttle.co.uk	115996	2026-10-05
kiiitv.com	55653	2026-06-05
kiimfm.com	6280	2026-10-05
kikn.com	32959	2026-10-05
kilburntimes.co.uk	49617	2026-10-05
kildare-nationalist.ie	56470	2026-10-05
kilgorenewsherald.com	11906	2026-10-04
kilkennypeople.ie	58431	2026-05-14
kimatv.com	28907	2026-06-06
kimberleybulletin.com	29988	2026-10-05
kimt.com	58785	2026-10-05
kincardinenews.com	21695	2026-08-29
king5.com	67787	2026-06-05
kingdomfm.co.uk	18364	2025-01-03
kingfm.com	36232	2026-10-04
kingfut.com	10242	2026-10-04
kingstonthisweek.com	36695	2026-03-26
kinja.com	15310	2026-04-27
kink.fm	5483	2026-10-04
kinston.com	7684	2026-10-05
kion546.com	5562	2025-08-21
kios.org	47564	2026-08-15
kiow.com	16143	2026-10-05
kiplinger.com	15520	2026-10-05
kirksvilledailyexpress.com	8940	2026-10-05
kiro7.com	66095	2026-10-05
kism.com	9842	2026-10-02
kiss-1031.com	9266	2026-10-05
kiss951.com	30492	2026-09-30
kisscasper.com	25145	2026-10-05
kissfm969.com	25853	2026-10-04
kissrocks.com	8225	2026-10-04
kisswtlz.com	21947	2026-10-04
kitchener.citynews.ca	6837	2025-01-26
kitchener.ctvnews.ca	24550	2025-01-23
kitchenertoday.com	6824	2021-10-17
kitco.com	27927	2026-10-02
kitguru.net	22065	2026-10-05
kitsapsun.com	5916	2023-09-11
kitv.com	59853	2026-10-04
kivitv.com	7643	2026-03-19
kiwaradio.com	14028	2026-10-04
kiwiblog.co.nz	9268	2026-10-05
kix106.com	6065	2026-10-05
kix953.com	14886	2026-09-16
kix96.com	6044	2026-10-05
kixi.com	9392	2026-10-02
kixs.com	19658	2026-10-05
kixweb.com	7544	2026-10-02
kizn.com	7002	2026-10-05
kjas.com	11158	2026-10-05
kjct8.com	21108	2026-10-04
kjlhradio.com	6795	2026-10-03
kjmo.com	7596	2025-03-17
kjo1055.com	5505	2026-09-09
kjrh.com	18796	2026-10-04
kjzz.org	40236	2026-10-05
kkco11news.com	12451	2026-10-05
kkfm.com	13391	2026-10-05
kkgb.com	17912	2026-10-05
kkiq.com	16177	2026-10-05
kkoh.com	75565	2026-10-05
kkrv.com	14783	2026-09-03
kktv.com	25995	2026-10-05
kkyr.com	25040	2026-10-05
kkyx.com	7410	2026-10-02
klake.com	8869	2024-02-15
klaq.com	29393	2026-10-04
klaw.com	26770	2026-10-05
klcc.org	94847	2026-10-05
klce.com	5932	2024-08-29
klewtv.com	26166	2026-06-06
klif.com	79771	2026-10-04
klik1240.com	31383	2024-10-16
klin.com	15393	2026-10-05
klkl.fm	21081	2026-08-10
klkntv.com	38178	2026-10-05
klll.com	9057	2026-10-05
klove.com	5167	2026-10-05
klrc.com	5255	2026-10-05
kltv.com	34786	2026-10-05
klur.com	6198	2026-10-05
klyq.com	6235	2025-03-12
kmaj1440.com	110782	2026-10-04
kmaland.com	30268	2026-10-05
kmbc.com	80884	2026-10-05
kmch.com	12287	2026-10-05
kmfm.co.uk	8831	2026-10-04
kmhk.com	18879	2026-10-04
kmit.com	5198	2026-10-02
kmjnow.com	71549	2026-10-05
kmmo.com	22528	2026-10-03
kmmsam.com	12998	2026-10-05
kmov.com	18034	2023-12-04
kmuw.org	47089	2026-10-05
kmvt.com	19109	2026-10-05
kmxs.com	7567	2026-10-02
kmxt.org	19088	2026-10-05
knac.com	17993	2026-10-04
knau.org	42986	2026-10-05
knbr.com	14484	2025-05-22
knco.com	7447	2026-09-29
kneb.com	8538	2021-03-30
knek.com	20380	2026-10-05
kniakrls.com	48473	2026-04-10
knoe.com	31620	2026-10-05
knopnews2.com	23988	2026-10-05
knoxnews.com	11024	2023-09-11
knoxradio.com	14016	2026-10-02
knpr.org	72020	2026-10-05
knsiradio.com	19809	2026-10-05
knue.com	35908	2026-10-05
knzr.com	12841	2026-05-14
koaa.com	52599	2026-10-05
koamnewsnow.com	31375	2026-10-05
koat.com	65467	2026-10-05
kob.com	133666	2026-10-05
kobi5.com	25182	2026-10-05
koco.com	89747	2026-10-05
kodiakdailymirror.com	6742	2026-10-05
koel.com	25655	2026-10-03
kogt.com	7437	2026-10-05
koimoi.com	72412	2026-08-24
koka.am	21823	2026-09-23
kokomoperspective.com	42673	2023-11-03
kokomotribune.com	60452	2026-10-05
kold.com	43026	2026-10-05
kolotv.com	30242	2026-10-05
komando.com	10121	2026-10-05
komonews.com	37950	2026-10-05
komu.com	52877	2026-10-05
kono1011.com	9661	2026-10-05
kool1017.com	34860	2026-10-05
kool1079.com	30296	2026-10-05
kool965.com	19041	2026-10-05
kool973.com	5266	2026-08-26
kool98.com	7351	2026-10-02
koolam.com	11571	2026-10-05
koolfmabilene.com	20600	2026-10-05
kopsource.com	65646	2024-11-23
koreabizwire.com	47083	2026-02-12
koreabridge.net	5270	2026-10-05
koreaherald.com	138142	2026-10-05
korean.cri.cn	9243	2026-10-05
koreatimes.co.kr	122041	2026-10-05
koreatimesus.com	6498	2025-07-18
kosu.org	32665	2026-05-09
kotaku.com	20331	2026-10-05
kotaku.com.au	19087	2026-09-16
kotaradio.com	9080	2026-10-05
kotatv.com	23054	2026-10-05
kowb1290.com	14413	2026-10-02
koxe.com	13543	2026-09-30
koze.com	10138	2026-09-25
kpax.com	46242	2026-10-05
kpbs.org	53337	2026-10-05
kpcnews.com	68068	2026-10-05
kpcw.org	39372	2026-10-05
kpel965.com	36768	2026-10-05
kpfa.org	14027	2026-10-05
kphrfm.com	11973	2026-10-01
kpic.com	39518	2026-10-05
kpla.com	9470	2026-10-05
kplctv.com	40045	2026-10-05
kpopstarz.com	22749	2026-10-02
kpq.com	15101	2026-10-05
kprs.com	8798	2026-09-23
kptv.com	32733	2026-10-05
kpvi.com	56816	2026-10-05
kqky.com	10095	2026-04-28
kqvt.com	14728	2026-10-01
kqxy.com	10589	2026-10-05
krcgtv.com	40380	2026-10-05
krcoam.com	5925	2022-04-05
krcrtv.com	46523	2026-10-05
krcu.org	68418	2026-10-05
krdo.com	111863	2026-10-05
krem.com	51326	2026-06-26
krforadio.com	54618	2026-10-04
krgv.com	65081	2026-10-04
kristv.com	39524	2026-10-05
krmg.com	33068	2026-10-05
krmsradio.com	5782	2026-10-05
krna.com	28421	2026-10-05
krnb.com	15960	2026-10-05
krny.com	11676	2026-10-02
kroc.com	42524	2026-10-05
krock.com.au	7529	2026-10-05
krock1017fm.com	5079	2021-05-15
krocnews.com	15792	2026-10-04
krod.com	17689	2026-10-02
krqe.com	5338	2025-11-18
krro.com	26684	2026-10-05
krrq.com	20685	2026-10-05
krrvonline.com	13599	2026-10-02
krtv.com	35709	2026-10-05
krvn.com	7917	2021-02-12
krvs.org	25668	2026-10-05
krwg.org	53593	2026-10-05
ks95.com	15214	2026-10-02
ksal.com	12112	2026-10-04
ksam1017.com	7113	2026-10-05
ksat.com	167867	2026-10-05
ksbw.com	65200	2026-10-05
ksby.com	56584	2026-10-05
kscj.com	9139	2026-10-05
ksdk.com	66285	2026-06-06
ksenam.com	14152	2026-10-05
ksfa860.com	14652	2026-10-05
ksfr.org	6829	2026-10-05
ksgf.com	12566	2026-05-23
kshb.com	47494	2026-10-05
kshe95.com	10077	2026-10-05
ksisradio.com	19004	2026-10-02
ksjbam.com	6251	2026-10-03
ksks.com	10900	2026-10-05
ksl.com	142476	2026-10-05
ksla.com	35223	2026-10-05
kslx.com	7632	2026-10-02
ksmb.com	20282	2026-10-05
ksmu.org	91400	2026-10-05
ksnblocal4.com	19289	2026-10-05
ksnt.com	7165	2025-07-16
ksoo.com	5993	2021-08-01
kspr.com	11386	2020-07-08
ksro.com	23115	2025-09-15
kstp.com	59468	2026-03-19
ksusentinel.com	36224	2026-06-19
ksut.org	39613	2026-10-05
kswo.com	28051	2026-10-05
ksyl.com	28784	2026-08-28
ktar.com	56303	2026-06-03
ktbb.com	49650	2026-10-05
ktbs.com	100733	2026-10-05
ktcx.com	6260	2026-10-05
kten.com	51780	2026-10-05
ktep.org	42847	2026-10-05
ktgl.com	8621	2026-09-16
kticradio.com	7000	2021-05-28
ktik.com	8653	2026-10-05
ktiv.com	38692	2026-10-05
ktla.com	8210	2025-05-28
ktlo.com	37245	2026-08-18
ktnv.com	6090	2026-03-18
ktop1490.com	83498	2026-10-05
ktre.com	22863	2026-10-05
ktsa.com	19730	2026-10-05
kttn.com	17326	2025-11-10
ktts.com	11047	2025-11-23
ktucam.com	9209	2023-08-24
ktul.com	41611	2026-10-05
ktuu.com	8725	2020-07-16
ktvb.com	59027	2026-06-06
ktvh.com	32036	2026-10-05
ktvl.com	5988	2026-10-03
ktvo.com	29423	2026-10-05
ktvq.com	34367	2026-10-05
ktvu.com	67036	2026-10-05
ktvz.com	152146	2026-10-05
ktwb.com	8251	2026-10-02
ktxs.com	35145	2026-10-05
ku.edu	6786	2026-10-02
kuaf.com	48817	2026-10-05
kuam.com	24728	2026-10-03
kucb.org	8877	2026-10-01
kuenselonline.com	10191	2026-09-01
kuer.org	17340	2026-10-05
kugn.com	65467	2026-09-21
kuic.com	14985	2026-10-05
kulr8.com	69591	2026-10-03
kuna.net.kw	50048	2026-02-25
kunc.org	53873	2026-10-05
kunm.org	39264	2026-10-05
kunr.org	28344	2026-10-05
kuow.org	33390	2026-10-05
kurv.com	25758	2026-10-02
kusi.com	21626	2024-01-30
kut.org	13743	2026-10-03
kutx.org	5350	2026-10-04
kuvo.org	10285	2026-09-25
kuwaittimes.com	10873	2025-01-27
kuwaittimes.net	15352	2022-01-04
kuzz.com	6330	2026-10-05
kval.com	42405	2026-10-05
kvia.com	125629	2026-10-05
kvmr.org	8715	2026-10-05
kvnf.org	56407	2026-10-05
kvoa.com	48591	2026-10-04
kvoo.com	8055	2020-12-07
kvor.com	81359	2026-10-05
kvpionline.com	15874	2026-09-03
kvpr.org	36294	2026-10-05
kvrr.com	25079	2026-10-05
kvue.com	62654	2026-06-25
kw3.com	13961	2026-10-05
kwayradio.com	6811	2026-10-05
kwbu.org	79327	2026-10-05
kwcdcountry.com	11527	2026-10-05
kwch.com	29807	2026-10-05
kwhl.com	5413	2026-10-01
kwin.com	23315	2026-10-05
kwiq.com	8481	2026-08-26
kwit.org	75894	2026-10-05
kwqc.com	32091	2026-10-05
kwsn.com	22560	2026-10-05
kwtx.com	27115	2026-10-05
kwwl.com	6192	2026-03-17
kwxx.com	11547	2026-09-29
kx947.fm	6738	2026-10-05
kxel.com	62881	2026-10-05
kxii.com	18108	2026-10-05
kxkx.com	25454	2026-10-05
kxl.com	22985	2026-10-05
kxlf.com	38718	2026-10-05
kxlh.com	32502	2026-10-05
kxly.com	109485	2026-10-05
kxly920.com	17677	2026-10-05
kxrb.com	33454	2026-10-05
kxxv.com	54217	2026-10-05
kxzz1580am.com	8657	2022-01-03
ky3.com	54347	2026-10-05
kygl.com	22268	2026-10-05
kyis.com	10179	2026-10-05
kyivpost.com	68676	2026-10-05
kykz.com	5685	2026-10-05
kyma.com	59475	2026-10-05
kynt1450.com	15147	2026-10-05
kyodonews.net	22863	2026-10-04
kysdc.com	14533	2026-10-05
kyssfm.com	31984	2026-10-05
kyuk.org	27455	2026-10-05
kztv10.com	26915	2026-10-05
kzyx.org	48433	2026-10-05
labelsandlabeling.com	9341	2026-04-07
labmate-online.com	7410	2025-08-07
labusinessjournal.com	6355	2026-10-05
lacrossetribune.com	124267	2026-10-05
ladailypost.com	24819	2026-10-05
ladunliadinews.com	8588	2025-07-28
ladysmithchronicle.com	34907	2026-10-05
lagazzettadelmezzogiorno.it	8033	2026-09-21
lagrandeobserver.com	13430	2026-10-02
lagrangenews.com	6723	2026-08-29
lagunabeachindy.com	5087	2026-10-02
lahainanews.com	5465	2026-10-05
laineygossip.com	14362	2026-10-02
laist.com	39814	2026-10-04
lajollalight.com	5593	2024-06-12
lakeexpo.com	8235	2026-10-02
lakegenevanews.net	29882	2026-10-04
lakelandtimes.com	5221	2026-10-02
lakenewsonline.com	11061	2026-10-03
lakersnation.com	16096	2026-10-05
lakeshoreadvance.com	23458	2026-09-19
lakeshowlife.com	6414	2026-10-05
lamag.com	10721	2026-10-04
lampasasdispatchrecord.com	5006	2026-10-02
lancashiretelegraph.co.uk	219722	2026-10-05
lancasterfarming.com	10324	2026-10-05
lancasterguardian.co.uk	14852	2025-01-23
lancasteronline.com	98600	2026-10-05
lanereport.com	5242	2026-10-01
lankabusinessonline.com	5458	2026-10-04
lankanewspapers.com	7851	2026-10-05
lankaweb.com	16382	2026-10-03
lansingstatejournal.com	8274	2023-09-11
laois-nationalist.ie	57724	2026-10-05
laosnews.net	99756	2026-10-05
laprensalatina.com	37186	2026-05-11
laramieboomerang.com	5085	2021-02-04
larouchepub.com	5055	2026-10-01
lasentinel.net	12449	2025-08-23
lasvegassun.com	104384	2026-10-01
lasvegasweekly.com	7802	2026-10-05
latestly.com	108148	2025-01-27
latimes.com	187833	2026-10-05
latinamericanpost.com	11348	2026-10-03
latinfinance.com	12286	2026-10-04
latinnews.com	5453	2025-09-15
latinpost.com	19986	2026-10-02
latintimes.com	30016	2026-10-05
latpro.com	42075	2023-03-23
laughingplace.com	18263	2026-10-05
laughingsquid.com	5001	2026-10-02
law360.com	149865	2026-10-04
lawandcrime.com	6285	2026-03-17
lawfuel.com	5623	2026-10-05
lawgazette.co.uk	18504	2025-09-05
lawofficer.com	10557	2026-09-16
lawstreetmedia.com	8740	2026-10-01
lawyersweekly.com.au	11983	2026-10-04
lbc.co.uk	80302	2026-10-05
lbcgroup.tv	7575	2026-09-24
lbpost.com	13962	2026-10-04
lcsun-news.com	11231	2023-09-11
leaderherald.com	10592	2023-10-24
leaderlive.co.uk	185461	2026-10-05
leaderpost.com	66201	2026-10-05
leadership.ng	106116	2026-10-05
leadertelegram.com	58518	2026-10-05
leamingtonobserver.co.uk	14697	2026-10-05
leavenworthtimes.com	9911	2026-09-30
lebanon-express.com	21448	2023-04-25
lebanondemocrat.com	82781	2026-10-04
ledburyreporter.co.uk	109824	2026-10-05
ledgertranscript.com	15806	2026-10-05
leducrep.com	16735	2026-10-03
leftfootforward.org	6051	2026-10-05
legalinsurrection.com	17233	2026-10-05
legallyindia.com	25238	2026-10-05
legalnewsline.com	16912	2026-10-03
legit.ng	17884	2026-03-19
legitgov.org	12613	2026-10-05
lehighacrescitizen.com	5524	2026-10-02
lehighvalleylive.com	48122	2026-02-23
leicestermercury.co.uk	119154	2026-10-05
leighjournal.co.uk	100226	2026-10-05
leightonbuzzardonline.co.uk	9193	2025-01-23
leinsterexpress.ie	59110	2026-05-12
leinsterleader.ie	62211	2026-05-12
leitrimobserver.ie	49217	2026-05-14
lelezard.com	35745	2026-06-02
lemonde.fr	9061	2026-04-15
lenconnect.com	10474	2023-09-11
lendio.com	8488	2023-07-02
lep.co.uk	26299	2025-01-23
lestimes.com	7486	2026-10-01
lethbridgeherald.com	65742	2026-10-05
letsrecycle.com	6221	2026-10-05
letsrun.com	12170	2026-06-01
lewistownsentinel.com	15820	2026-10-05
lewrockwell.com	31823	2026-06-04
lex18.com	38620	2026-10-04
lexch.com	23203	2026-10-03
lexology.com	31975	2026-07-15
lfpress.com	25423	2026-10-04
lgbtqnation.com	8913	2026-06-21
lgcplus.com	10032	2026-10-02
libcom.org	5261	2026-10-04
liberianobserver.com	17461	2026-10-05
libertyballers.com	8196	2026-10-04
libn.com	11056	2026-06-03
librivox.org	8664	2026-10-05
lichfieldlive.co.uk	14882	2026-10-05
lifeandstylemag.com	11894	2026-10-01
lifehacker.com	21961	2026-10-05
lifehacker.com.au	22827	2024-10-09
lifenews.com	18435	2026-10-02
lightreading.com	19236	2026-09-29
liherald.com	7652	2026-10-05
liliputing.com	5086	2026-07-22
lillooetnews.net	17763	2020-08-18
limaohio.com	35794	2025-04-15
limerickleader.ie	62755	2026-05-27
limerickpost.ie	13134	2026-10-05
lincolnshireworld.com	14183	2025-01-23
lincolntimesnews.com	5062	2026-10-05
listenupyall.com	7833	2026-10-04
listverse.com	14492	2026-10-05
lite96.com	5798	2024-02-21
lite987.com	28993	2026-10-05
liteonline.com	23330	2026-10-05
literock959.com	22060	2025-03-27
literock969.com	8820	2022-04-18
lithgowmercury.com.au	48982	2026-10-05
littleapplepost.com	25602	2026-10-05
littlehamptongazette.co.uk	6387	2022-02-10
live.com	16087	2020-11-21
live5news.com	39569	2026-10-05
live955.com	10713	2026-10-02
live959.com	13616	2026-10-05
live95fm.ie	17937	2026-10-05
livecharts.co.uk	15522	2026-09-30
livejournal.com	96783	2026-10-05
livelaw.in	77853	2026-10-05
liveleak.com	5908	2021-05-30
livemint.com	234247	2026-10-05
livenews.co.nz	51437	2026-10-05
liverpoolecho.co.uk	217784	2026-10-05
liverpoolfc.com	13287	2026-10-05
livesaildie.com	9897	2026-10-05
livescience.com	17244	2026-10-05
ljworld.com	16694	2026-10-03
lloydslist.com	6574	2025-08-26
lmfm.ie	16663	2026-10-05
lmtonline.com	181735	2026-06-22
lmtribune.com	48465	2026-08-30
lobotero.com	7250	2026-10-05
local10.com	137391	2026-09-24
local12.com	38109	2026-10-05
local21news.com	43479	2026-10-05
local3news.com	49635	2026-10-05
localberkshire.co.uk	9988	2023-03-07
localgov.co.uk	12439	2026-10-05
localmatters.co.nz	6273	2026-10-05
localmemphis.com	55339	2026-06-06
localnews8.com	156711	2026-10-05
lockhaven.com	24960	2026-10-05
lockportjournal.com	25046	2026-10-05
locusmag.com	8767	2025-07-17
lodinews.com	7960	2026-10-04
loeildelaphotographie.com	9555	2025-04-10
loganbanner.com	6519	2026-10-02
logandaily.com	5462	2026-10-03
logisticsmanager.com	5843	2026-10-05
lohud.com	10472	2023-09-11
lombardiave.com	5965	2026-10-04
lompocrecord.com	29594	2026-10-04
london-now.co.uk	19658	2026-10-05
london.ctvnews.ca	22226	2025-01-23
londonlovesbusiness.com	27553	2026-10-05
londonmercury.com	35655	2026-10-05
londontheatre1.com	6370	2026-10-03
lonestar995fm.com	31628	2026-10-05
lonestarball.com	8139	2026-10-04
longbeachstar.com	28882	2024-09-21
longfordleader.ie	53948	2026-05-15
longisland.com	24416	2026-10-05
longislandpress.com	15539	2026-10-05
loopjamaica.com	16567	2021-05-20
loopnews.com	14595	2024-07-21
lordsofpain.net	6837	2020-04-18
losaltosonline.com	7360	2026-09-30
lostcoastoutpost.com	14456	2026-10-05
loudountimes.com	8387	2026-10-02
loudwire.com	20985	2026-10-04
louisianaradionetwork.com	9362	2026-10-04
louisianarecord.com	5312	2025-05-20
lovefm.com	8570	2026-10-03
lovinmalta.com	7683	2026-03-19
lowellsun.com	27203	2026-10-05
lowkickmma.com	24661	2026-10-05
lowvelder.co.za	20975	2023-08-31
lpheralddispatch.com	9578	2026-10-03
lrt.lt	17101	2026-10-05
lse.co.uk	94388	2025-01-23
lsionline.com	14800	2025-11-17
ltn.com.tw	15950	2026-10-04
lubbockonline.com	11096	2023-09-11
ludlowadvertiser.co.uk	127049	2026-10-05
lufkindailynews.com	34827	2026-10-05
lusakatimes.com	16334	2026-03-19
lutontoday.co.uk	13300	2025-01-23
luxtimes.lu	9904	2025-07-21
luxurytravelmagazine.com	12951	2026-10-04
lvb.com	8186	2026-06-04
lynnnews.co.uk	38814	2026-10-05
macaubusiness.com	15766	2025-08-13
macaudailytimes.com.mo	19113	2026-09-28
macdailynews.com	7247	2026-10-03
macleayargus.com.au	67508	2026-10-05
macmegasite.com	8764	2026-01-29
macobserver.com	5646	2025-08-19
macombdaily.com	40318	2026-10-05
macrobusiness.com.au	30386	2026-10-05
macrumors.com	6930	2026-09-26
mactech.com	12706	2026-10-03
macupdate.com	11854	2026-10-05
macworld.com	9391	2026-10-05
madamenoire.com	11419	2026-10-03
madinamerica.com	9979	2026-10-05
madison.com	123376	2026-10-03
madisonrecord.com	9887	2025-05-21
madrock1025.com	29495	2026-10-04
magic1021.com	10273	2026-10-03
magic1029fm.com	10223	2026-10-05
magic106.com	8667	2026-10-05
magic1073fm.com	9196	2026-10-05
magic93fm.com	10529	2026-10-05
magic943fm.com	5141	2026-10-05
magic983.com	18581	2026-10-02
magicbricks.com	8899	2026-10-04
magicvalley.com	79123	2026-10-04
magnoliareporter.com	24937	2026-10-05
mailtimes.com.au	41968	2026-10-05
mailtribune.com	10799	2023-06-01
mainebiz.biz	15784	2026-10-05
mainemirror.com	16894	2026-10-05
mainepublic.org	14418	2026-03-18
mainichi.jp	15566	2026-09-18
mainlinemedianews.com	31049	2026-10-05
mainstreetnews.com	6502	2026-10-04
maitlandmercury.com.au	111446	2026-10-05
makeuseof.com	24910	2026-10-04
malawi24.com	15617	2026-10-05
malawivoice.com	13184	2026-10-05
malaya.com.ph	31133	2026-04-22
malaymail.com	104909	2026-03-19
malaysiakini.com	77990	2026-10-05
malaysiasun.com	69297	2026-10-05
maldivesindependent.com	7113	2026-10-05
maldonandburnhamstandard.co.uk	129853	2026-10-05
malibutimes.com	5646	2026-10-04
maltatoday.com.mt	38916	2026-03-12
malverngazette.co.uk	119227	2026-10-05
mamamia.com.au	29560	2026-10-05
managingmadrid.com	13083	2026-10-04
manchestereveningnews.co.uk	269227	2026-10-05
manchesterjournal.com	12377	2026-10-03
mandurahmail.com.au	74243	2026-10-05
mangalorean.com	56144	2026-10-05
manicapost.co.zw	6458	2025-01-22
manilametro.com	5842	2024-07-24
manilastandard.net	10136	2026-03-18
manilatimes.net	390799	2026-10-05
manitobacooperator.ca	10085	2026-10-04
mankatofreepress.com	97022	2026-10-05
manningrivertimes.com.au	86750	2026-10-05
mansfieldnewsjournal.com	7976	2023-09-11
mantecabulletin.com	9360	2026-10-03
manufacturing.net	21568	2025-10-02
manutd.com	13965	2026-05-04
manxradio.com	22224	2026-10-05
mapleridgenews.com	33128	2026-10-05
maravipost.com	26265	2026-10-05
marca.com	7042	2026-05-24
marcellusdrilling.com	15174	2026-10-02
marconews.com	5934	2023-09-11
mareeg.com	8100	2026-08-11
margaretrivermail.com.au	37228	2025-08-20
marieclaire.co.uk	16165	2026-10-05
marieclaire.com	24331	2026-10-05
mariettatimes.com	19311	2026-10-05
marinecorpstimes.com	8067	2026-10-03
marinelink.com	30023	2026-10-05
marinelog.com	9329	2025-11-20
marinetechnologynews.com	7386	2026-10-05
marinij.com	34762	2026-10-05
maritime-executive.com	33056	2026-10-05
maritimeprofessional.com	6143	2026-10-02
marketbusinessnews.com	19753	2026-10-05
marketing-interactive.com	15380	2026-10-05
marketplace.org	12831	2026-10-05
marketpulse.com	11950	2026-10-02
marketrealist.com	8622	2026-10-03
markets.co	5867	2022-01-09
marketscreener.com	999061	2026-05-18
marketswired.com	5202	2025-01-04
marketwatch.com	422152	2026-08-27
marklevinshow.com	10006	2026-10-03
marshallindependent.com	18052	2026-10-04
marshfieldnewsherald.com	8584	2023-09-11
marthastewart.com	11116	2026-03-17
martinsvillebulletin.com	35860	2026-10-01
maryland.gov	8290	2026-10-05
marylandreporter.com	6678	2026-06-04
maryvilleforum.com	20314	2024-11-15
masala.com	18108	2024-07-13
mashable.com	49771	2026-10-05
massachusettsnewswire.com	7196	2026-10-01
massachusettssun.com	45558	2026-10-05
massdevice.com	8486	2026-02-21
masslawyersweekly.com	19316	2026-06-04
masslive.com	108215	2026-02-23
mathrubhumi.com	5608	2026-06-23
matr.net	7047	2026-10-04
mauinews.com	20889	2026-10-05
mauinow.com	16840	2026-10-05
maurice-info.mu	9385	2026-10-05
mavsmoneyball.com	7220	2026-10-05
max94one.com	23696	2026-10-05
maximumfun.org	6694	2026-10-05
mayerthorpefreelancer.com	15853	2026-10-03
mayonews.ie	20592	2026-05-21
mb.com.ph	182277	2026-09-07
mbcradio.com	6243	2026-10-04
mbtmag.com	18138	2025-09-17
mcalesternews.com	17322	2026-10-04
mcall.com	82046	2026-10-05
mccookgazette.com	5109	2026-08-29
mcdonoughvoice.com	5718	2023-09-10
mcdowellnews.com	39540	2026-10-04
mcknights.com	8837	2026-03-11
mcphersonsentinel.com	6038	2026-10-02
mdislander.com	9914	2026-10-02
mdjonline.com	145520	2026-10-03
meadvilletribune.com	42964	2026-10-04
meathchronicle.ie	45511	2026-10-05
meaww.com	20365	2026-03-17
medafricatimes.com	6771	2026-10-02
medcitynews.com	14346	2026-10-04
mediaforfreedom.com	5283	2026-09-24
mediaite.com	85295	2026-10-04
mediamatters.org	15220	2026-10-02
medianama.com	11980	2026-10-05
mediapost.com	25701	2026-10-05
medicaldaily.com	10345	2026-10-05
medicalnewstoday.com	5597	2026-10-04
medicalxpress.com	141329	2026-01-29
medicinehatnews.com	75004	2026-10-05
medindia.net	39307	2026-08-18
medium.com	145786	2026-08-03
medpagetoday.com	25044	2025-01-28
medscape.com	49675	2026-10-05
meed.com	24592	2026-10-05
mega979.com	7126	2026-10-05
mega993online.com	30022	2026-10-05
melfortjournal.com	10437	2026-07-04
meltontimes.co.uk	8291	2025-01-23
memphisflyer.com	7258	2026-10-02
memphissun.com	106008	2026-10-05
memri.org	9885	2025-04-22
menafn.com	973875	2026-03-10
mendocinobeacon.com	16569	2026-10-05
menshealth.com	30848	2026-10-05
mensxp.com	28062	2026-10-05
mentalfloss.com	15084	2026-10-05
meobserver.org	5527	2026-07-14
mercopress.com	23288	2026-10-05
mercurynews.com	85407	2026-10-05
meridianstar.com	36598	2026-10-03
merimbulanewsweekly.com.au	73382	2026-10-05
mesabitribune.com	55070	2026-10-05
messagemedia.co	12208	2026-10-05
messenger-inquirer.com	86472	2026-10-05
messenger.com.ge	6053	2026-10-02
messengernews.net	13743	2026-10-05
messengernewspapers.co.uk	147437	2026-10-05
metal.com	22352	2026-09-30
metalunderground.com	14859	2026-10-03
metro.co.uk	154784	2026-10-05
metro.us	86034	2025-11-03
metrojacksonville.com	12602	2026-10-05
metrotimes.com	12133	2026-05-14
metroweekly.com	6736	2026-10-04
metrowestdailynews.com	10026	2023-09-11
metv.com	11238	2026-10-05
metvmall.com	12496	2026-06-06
mexicoledger.com	8227	2026-10-04
mexiconewsdaily.com	6811	2026-03-15
mexicostar.com	67123	2026-10-05
mg.co.za	31142	2026-10-05
mgoblog.com	14877	2025-08-28
miamiherald.com	8780	2024-07-31
miaminewtimes.com	8985	2026-10-04
miamistudent.net	5567	2026-10-05
miamitimesonline.com	9048	2026-10-02
michigan.gov	5321	2023-02-02
michigandaily.com	7837	2026-10-05
michiganradio.org	23666	2024-01-10
michigansthumb.com	78149	2026-06-22
mid-day.com	100463	2026-10-05
middle-east-online.com	7468	2026-10-05
middleeasteye.net	50478	2026-10-05
middleeastmonitor.com	78852	2026-10-05
middleeaststar.com	119307	2026-10-05
middlenecknews.com	5617	2026-10-03
middletownpress.com	123670	2026-04-21
midhurstandpetworth.co.uk	5526	2022-02-10
midmichigannow.com	37499	2026-10-05
midnorthmonitor.com	50266	2026-10-03
midsussextimes.co.uk	5984	2022-02-10
midutahradio.com	17221	2026-10-03
midweekherald.co.uk	37026	2026-10-05
midwestradio.ie	25894	2026-10-05
mihomepaper.com	12568	2026-03-04
milawyersweekly.com	9157	2026-06-03
milb.com	5027	2026-09-27
milehighreport.com	13063	2026-10-05
milforddailynews.com	8053	2023-09-07
milfordmercury.co.uk	93002	2026-10-05
milfordmirror.com	59636	2025-06-14
military.com	34513	2026-10-05
militarytimes.com	14088	2026-10-05
miltonkeynes.co.uk	14120	2025-01-23
milwaukeesun.com	47483	2026-10-05
mindat.org	13155	2025-01-23
minicassia.com	6201	2024-03-21
mining-journal.com	7397	2026-05-26
mining-technology.com	11160	2026-10-05
mining.com	48596	2026-10-05
mininggazette.com	11262	2026-10-05
miningjournal.net	22933	2026-10-05
miningmx.com	7413	2026-10-05
miningnews.net	11257	2026-05-26
miningweekly.com	49659	2026-09-23
minnlawyer.com	7668	2026-06-04
minnpost.com	9498	2026-10-05
minotdailynews.com	18584	2026-10-05
miragenews.com	642904	2026-10-05
mirror.co.uk	706706	2026-10-05
mis-asia.com	10393	2026-08-25
mishpacha.com	8543	2026-10-04
missioncityrecord.com	43399	2026-10-05
missionlocal.org	7565	2026-10-05
mississauga.com	8076	2026-10-04
mississippivalleypublishing.com	23711	2026-10-05
missoulian.com	135528	2026-10-03
missourinet.com	8104	2026-07-25
mit.edu	10387	2026-10-02
mitchelladvocate.com	23160	2026-09-19
mitchellrepublic.com	32195	2026-10-04
mix100.com	5924	2026-10-01
mix1005.fm	24064	2026-09-30
mix100lubbock.com	15943	2026-10-05
mix103.com	10118	2026-10-05
mix1043fm.com	28805	2026-10-05
mix1069.com	15263	2026-10-04
mix106radio.com	25828	2026-10-05
mix108.com	36141	2026-10-05
mix929.com	24768	2026-10-02
mix931fm.com	30930	2026-10-05
mix941.com	21183	2026-10-05
mix941kmxj.com	20295	2026-10-03
mix949.com	27965	2026-10-05
mix957.net	8804	2024-01-04
mix957gr.com	20685	2026-09-30
mix965tulsa.com	6755	2025-10-22
mix979fm.com	13543	2024-04-26
mix987.com	9504	2026-10-02
mixx993.com	17994	2026-10-02
mizzima.com	20944	2025-01-23
mlb.com	78933	2026-10-05
mlbtraderumors.com	58051	2026-10-05
mlive.com	129535	2026-02-23
mmafighting.com	27937	2026-10-05
mmamania.com	25787	2026-10-04
mmanews.com	16189	2026-04-22
mmegi.bw	7257	2026-10-05
mmm-online.com	5549	2026-10-02
mnnonline.org	5048	2026-10-02
mobihealthnews.com	6860	2026-06-03
mobilesyrup.com	21267	2026-10-02
mobileworldlive.com	12275	2026-03-03
mobilitytechzone.com	5977	2024-09-17
mobypicture.com	32801	2023-10-03
moddb.com	38275	2025-11-16
model-engineer.co.uk	20639	2026-09-19
modernghana.com	172805	2026-07-20
modernhealthcare.com	11836	2026-06-18
modernreaders.com	462461	2025-04-18
moelane.com	11594	2025-07-17
mohavedailynews.com	14307	2026-10-04
mojo1029.com	11766	2026-10-05
moldpres.md	9534	2025-01-14
monacolife.net	5864	2026-10-05
mondaq.com	133801	2026-10-05
mondovisione.com	33622	2026-01-14
mondoweiss.net	7473	2026-10-03
moneycontrol.com	463393	2026-10-05
moneylife.in	22518	2026-10-05
moneymanagement.com.au	13351	2026-06-24
moneymarketing.co.uk	24511	2026-10-03
moneytalksnews.com	12603	2026-10-05
moneyweb.co.za	37490	2024-04-02
moneyweek.com	9735	2026-10-05
mongabay.com	10701	2026-10-05
monitor.co.ug	71515	2026-04-22
monocle.com	6203	2026-10-05
monroenews.com	13644	2023-09-11
monstersandcritics.com	55350	2025-10-02
montanarightnow.com	63744	2026-10-05
montereycountyweekly.com	13791	2026-07-09
montereyherald.com	13305	2026-10-04
montgomery-herald.com	6187	2025-05-20
montgomeryadvertiser.com	8465	2023-09-11
montgomerynews.com	6458	2021-09-28
montreal.ctvnews.ca	32918	2025-01-23
montrealgazette.com	43511	2026-10-05
montrosepress.com	16034	2026-10-04
mooseradio.com	14717	2026-10-03
moreechampion.com.au	61833	2026-10-05
morganton.com	34847	2026-10-05
morning-times.com	36502	2026-10-03
morningadvertiser.co.uk	9963	2026-10-05
morningjournal.com	51207	2026-10-05
morningjournalnews.com	22165	2026-10-05
morningstar.com	106908	2026-10-05
morningstaronline.co.uk	42943	2026-10-05
morningsun.net	66035	2026-10-03
moroccoworldnews.com	19552	2026-10-05
mortgageintroducer.com	8340	2022-03-18
mortgagenewsdaily.com	8169	2026-10-02
mortgagesolutions.co.uk	15158	2026-10-05
mortgagestrategy.co.uk	24067	2026-10-05
morungexpress.com	76983	2026-10-05
mothership.sg	13261	2025-03-10
motor1.com	21754	2026-10-05
motorcyclenews.com	26932	2026-10-05
motorsport.com	23599	2026-08-27
moultonadvertiser.com	16705	2026-10-02
moultrieobserver.com	15955	2026-10-03
mountaineagle.com	10100	2026-10-03
mountvernonnews.com	10984	2026-09-24
mouthshut.com	5626	2026-09-08
movieweb.com	84596	2026-10-05
mpamag.com	8010	2026-10-02
mpnews.com.au	5242	2026-10-05
mpnnow.com	10032	2023-09-11
mprnews.org	27683	2026-10-05
mrt.com	64966	2026-06-22
mrtopstep.com	18821	2024-11-22
mscnews.net	6227	2026-10-05
msn.com	2860431	2023-06-23
msnbc.com	74323	2026-08-25
msu.edu	5046	2026-10-02
mtairynews.com	6153	2026-10-04
mtdemocrat.com	28287	2026-10-05
mtexpress.com	11793	2026-10-02
mtlblog.com	7451	2026-10-05
mtpr.org	18094	2026-10-05
mtstandard.com	60480	2026-10-03
mudgeeguardian.com.au	53992	2026-10-05
multifamilybiz.com	6194	2026-10-02
mumbrella.com.au	23789	2025-11-20
murfreesboropost.com	6340	2023-03-01
murrayledger.com	10798	2026-10-02
muscatdaily.com	20374	2026-10-05
muscatinejournal.com	107413	2026-10-05
music-news.com	20555	2025-12-16
musicrow.com	7500	2026-07-30
musketfire.com	7718	2026-10-05
muskogeephoenix.com	22411	2026-10-02
muskokaregion.com	8366	2026-10-04
muswellbrookchronicle.com.au	72139	2026-10-05
mv-voice.com	11393	2026-10-05
mvariety.com	31966	2026-10-05
mvtimes.com	18588	2026-10-04
mwnation.com	19052	2026-10-05
mxdwn.com	7034	2026-10-05
my1035.com	12440	2026-10-05
my40.tv	7419	2022-01-31
my957.com	6822	2026-10-05
my9nj.com	6256	2026-09-30
myalbertlea.com	12521	2026-06-08
myalgomamanitoulinnow.com	5735	2026-06-03
myanmarmuslim.net	18759	2024-11-05
myanmarnews.net	60048	2026-10-05
myaustinminnesota.com	20340	2025-06-14
myb106.com	27810	2026-10-03
mybeachradio.com	20323	2024-04-01
mybroadband.co.za	6013	2022-09-28
mycariboonow.com	9471	2026-06-04
mycentraljersey.com	12905	2023-09-11
mycentralnebraska.com	36937	2026-10-02
mycentraloregon.com	50222	2026-10-04
mycolumbuspower.com	13751	2026-10-04
mycountry955.com	31420	2026-10-05
mycouriertribune.com	7801	2024-10-05
mycowichanvalleynow.com	8504	2026-06-03
myeasternshoremd.com	11971	2026-10-03
myedmondsnews.com	20239	2026-06-15
myfox28columbus.com	42175	2026-10-05
myfox8.com	5960	2025-08-29
myheraldreview.com	9725	2026-01-16
myhorrynews.com	9566	2026-10-03
myiowainfo.com	17053	2026-05-01
myjournalcourier.com	67919	2026-06-22
myjournals.org	7241	2023-08-26
myjoyonline.com	111154	2026-03-19
myk104.com	8476	2026-10-04
mykiss1031.com	25544	2026-10-03
mykisscountry937.com	34705	2026-10-05
myklgr.com	21315	2026-10-02
mykxlg.com	87650	2026-10-05
myleaderpaper.com	35251	2026-10-05
mylloydminsternow.com	5646	2026-06-03
mylondon.news	7000	2026-09-29
mymagic106.com	6485	2026-10-05
mymagic949.com	9441	2026-10-03
mymagicgr.com	8906	2024-04-29
mymajic933.com	6402	2026-08-18
mymcmedia.org	13083	2026-10-05
mymix1061.com	15829	2026-10-05
mymixfm.com	38900	2026-10-05
mymmanews.com	9237	2026-10-02
mymoinfo.com	20300	2026-10-03
mymotherlode.com	181257	2026-10-05
mymuskokanow.com	6585	2026-06-01
mynbc5.com	75242	2026-10-05
myneworleans.com	10136	2026-10-04
mynews13.com	9608	2026-08-27
mynews4.com	35597	2026-10-05
mynewsla.com	70133	2026-10-05
mynorthbaynow.com	5340	2026-06-04
mynorthwest.com	220475	2026-07-20
mynspr.org	47305	2026-10-05
myozarksonline.com	17396	2026-09-28
myplainview.com	49460	2026-06-22
myprincegeorgenow.com	13790	2026-06-04
myq105.com	16113	2026-10-05
myq1075.com	21117	2026-10-05
myqcountry.com	12625	2026-09-29
myrecordjournal.com	12869	2023-12-30
mysailing.com.au	6441	2026-10-05
mysanantonio.com	83417	2025-11-18
myspiritfm.com	10406	2026-10-04
mystar98.com	20721	2026-10-05
mysteinbach.ca	10580	2026-10-05
mysteriousuniverse.org	10584	2026-10-02
mystratfordnow.com	7047	2026-06-03
mysuncoast.com	35468	2026-10-05
mytimminsnow.com	5104	2026-06-03
myuscountry.com	17621	2026-06-08
mywebtimes.com	8503	2023-05-01
n4g.com	34448	2026-08-29
naftemporiki.gr	8244	2026-10-05
nagalandpost.com	49549	2026-06-08
nagariknetwork.com	28805	2026-03-16
nagpurtoday.in	17510	2026-08-14
naharnet.com	91292	2026-10-05
naija247news.com	61829	2026-10-04
naijanews.com	10997	2026-09-06
nairaland.com	77881	2025-07-26
nairametrics.com	12220	2026-03-04
nairobiwire.com	14870	2026-10-05
nakedcapitalism.com	12671	2026-10-05
namibian.com.na	33115	2026-10-05
namibiansun.com	22626	2026-10-05
nampa.org	44517	2024-11-08
nanaimobulletin.com	33561	2026-10-05
nancyonnorwalk.com	5561	2026-10-02
nantonnews.com	8444	2026-10-03
napaneeguide.com	41377	2026-10-05
napaneetoday.ca	10342	2026-10-05
napavalleyregister.com	69568	2026-10-04
naplesnews.com	11875	2023-09-11
naroomanewsonline.com.au	73631	2026-10-05
narrominenewsonline.com.au	46761	2026-10-05
nasa.gov	8766	2026-10-05
nasdaq.com	55636	2026-09-24
nashfm100.com	5844	2026-10-05
nashfm1025.com	5817	2026-08-06
nashvilleherald.com	103016	2026-10-05
nashvillepost.com	14305	2026-10-02
nashvillescene.com	12129	2026-10-05
nation.africa	39719	2026-09-15
nation.co.ke	29367	2022-02-18
nation.com.pk	11096	2022-06-06
nation.sc	32338	2026-10-05
nationalaccordnewspaper.com	54321	2026-08-16
nationalgeographic.com	11134	2026-10-05
nationalheraldindia.com	6988	2026-03-15
nationalhogfarmer.com	5929	2025-01-21
nationalinterest.org	48930	2026-01-29
nationalmemo.com	10429	2026-10-05
nationalmortgagenews.com	14891	2026-10-02
nationalmortgageprofessional.com	6336	2025-01-22
nationalnetworkonline.com	5442	2026-09-30
nationalobserver.com	21303	2026-07-14
nationalpost.com	55020	2026-10-05
nationalreview.com	12378	2021-07-27
nationaltribune.com.au	8043	2025-01-27
nationnews.com	31529	2026-10-05
nationofchange.org	6473	2026-03-18
nationthailand.com	16496	2026-03-16
natlawreview.com	119672	2026-10-05
naturalgasintel.com	18656	2026-07-15
naturalgasworld.com	12123	2025-02-26
naturalnews.com	65964	2026-10-05
nature.com	37581	2026-10-05
natureworldnews.com	18214	2026-10-05
naval-technology.com	7043	2026-10-05
naveenbharat.in	7607	2022-04-24
navhindtimes.in	33157	2026-09-29
navy.mil	6855	2025-03-06
navytimes.com	10559	2026-10-04
nba.com	18601	2026-03-18
nbc-2.com	55163	2025-02-05
nbc.com	6513	2026-10-01
nbc11news.com	9500	2023-12-14
nbc12.com	30170	2023-12-14
nbc15.com	19997	2023-12-14
nbc16.com	42544	2026-10-05
nbc24.com	8698	2026-10-05
nbc29.com	16840	2023-12-14
nbcbayarea.com	124550	2026-10-05
nbcboston.com	5342	2026-06-04
nbcchicago.com	146369	2026-10-05
nbcconnecticut.com	163501	2026-10-05
nbcdfw.com	144077	2026-10-05
nbclosangeles.com	141565	2026-10-05
nbcmiami.com	116523	2026-10-05
nbcmontana.com	46563	2026-10-05
nbcnews.com	184279	2026-10-05
nbcnewyork.com	140543	2026-10-05
nbcphiladelphia.com	143505	2026-10-05
nbcrightnow.com	53199	2026-10-05
nbcsandiego.com	117353	2026-10-05
nbcsvg.com	9818	2026-10-02
nbcwashington.com	93506	2026-10-05
nbnnews.com.au	29768	2026-10-05
nbr.co.nz	27000	2026-10-05
ncadvertiser.com	56294	2025-10-26
nclawyersweekly.com	7647	2026-06-03
ncnewsonline.com	57645	2026-10-04
ncpa.org	6855	2026-10-05
ncr-iran.org	8589	2026-10-05
ncregister.com	20223	2026-10-05
ncronline.org	16624	2025-10-08
ncspin.com	5235	2026-10-01
ndtv.com	342023	2025-05-26
nebraska.tv	35916	2026-10-05
necn.com	82611	2025-02-13
nehandaradio.com	14283	2026-10-04
neindia.com	7264	2026-10-04
neonnettle.com	10439	2022-07-30
neoskosmos.com	21455	2026-10-02
neowin.net	47848	2025-11-08
nepalnational.com	104124	2026-10-05
nerdist.com	19065	2026-10-05
nesn.com	37608	2026-10-05
netflixlife.com	5989	2026-10-04
netindian.in	5818	2025-08-21
netnewsledger.com	20761	2026-10-05
netscape.com	177631	2026-10-05
netsdaily.com	7361	2026-10-05
netwerk24.com	10158	2025-01-22
networkworld.com	7840	2026-10-05
neurologyadvisor.com	9649	2026-10-02
nevadaappeal.com	12575	2025-09-05
nevadabusiness.com	7632	2026-10-03
nevadanewsandviews.com	6613	2026-10-03
neveitalia.it	11740	2026-03-07
newagebd.net	23289	2025-05-26
newarab.com	9672	2025-09-21
newarkadvertiser.co.uk	34941	2026-10-05
newarkadvocate.com	6177	2023-09-11
newarkpostonline.com	5238	2026-10-05
newbernsj.com	11787	2026-10-05
newburyportnews.com	30125	2026-10-05
newburytoday.co.uk	29248	2026-10-05
newbusinessethiopia.com	13981	2026-09-01
newcanaanite.com	7935	2026-10-05
newcastleherald.com.au	155251	2026-10-05
newcivilengineer.com	14380	2026-10-05
newcountry991.com	6309	2022-04-29
newdelhitimes.com	68357	2026-09-30
newegg.com	26470	2026-10-05
newelectronics.co.uk	12266	2026-06-05
newfoodmagazine.com	5975	2026-03-31
newhamrecorder.co.uk	30227	2026-10-05
newhavenindependent.org	11792	2026-10-05
newidea.com.au	14590	2026-10-05
newindianexpress.com	152917	2026-10-05
newjerseyhills.com	40502	2026-10-04
newjerseytelegraph.com	117119	2026-10-05
newkerala.com	245592	2026-09-17
newmilfordspectrum.com	51343	2022-03-01
newnigerianpolitics.com	5405	2026-08-13
neworleanscitybusiness.com	16544	2026-06-03
neworleanssun.com	59102	2026-10-05
newportri.com	6992	2023-09-08
newrepublic.com	24366	2026-10-05
newrock1041.fm	7175	2026-07-07
news-daily.com	81039	2026-10-05
news-expressky.com	27157	2026-10-03
news-gazette.com	129126	2026-10-05
news-herald.com	53135	2026-10-05
news-journal.com	9659	2026-10-04
news-journalonline.com	17642	2023-09-11
news-leader.com	8165	2023-09-11
news-mail.com.au	44484	2021-04-28
news-medical.net	105120	2026-10-05
news-press.com	12874	2023-09-11
news-star.com	10625	2026-10-02
news.am	93926	2026-09-10
news.az	55810	2026-10-05
news.cn	13336	2022-04-14
news.com.au	91981	2024-07-30
news.err.ee	23415	2022-10-20
news.statetimes.in	7534	2020-06-12
news.tuoitre.vn	12546	2026-10-05
news12.com	74268	2026-10-05
news18.com	268439	2026-03-17
news24.com	168104	2026-10-05
news3lv.com	49768	2026-10-05
news4jax.com	161554	2026-10-05
news4sanantonio.com	51939	2026-10-05
news5cleveland.com	6019	2026-03-18
news8000.com	92703	2026-10-05
news9.com	78432	2026-10-05
news957.com	48715	2021-10-17
newsadvance.com	47323	2026-10-05
newsandsentinel.com	23852	2026-10-05
newsandstar.co.uk	193245	2026-10-05
newsandtribune.com	26669	2026-10-04
newsargus.com	26058	2026-10-05
newsbiscuit.com	6332	2026-10-05
newsblogged.com	5604	2026-09-30
newsbreak.com	10798	2025-12-06
newsbtc.com	36953	2026-10-05
newsbug.info	11216	2026-10-04
newsbusters.org	90446	2026-10-05
newsbytes.ph	5934	2026-10-05
newscenter1.tv	34669	2026-10-05
newscentermaine.com	38963	2026-03-19
newscentralasia.net	8735	2026-10-05
newschannel10.com	23374	2026-10-05
newschannel20.com	29121	2026-10-02
newschannel5.com	53373	2026-10-04
newschannel6now.com	24482	2026-10-05
newschannel9.com	42680	2026-10-05
newschannelnebraska.com	13127	2025-03-22
newschief.com	8585	2023-09-11
newscientist.com	17750	2026-10-05
newsdakota.com	21332	2026-10-05
newsday.co.tt	85767	2026-09-22
newsday.co.zw	30511	2026-08-20
newsday.com	106604	2026-10-05
newsdzezimbabwe.co.uk	7676	2025-12-25
newser.com	79055	2026-10-05
newsfirst.lk	12470	2026-03-19
newsghana.com.gh	84241	2026-10-01
newsherald.com	14695	2023-09-11
newshub.co.nz	18541	2024-07-04
newsincyprus.com	12862	2025-01-27
newsindiatimes.com	14751	2026-10-05
newsitem.com	27929	2026-10-05
newslaundry.com	5767	2026-10-05
newsleader.com	5481	2023-09-11
newsletter.co.uk	32306	2025-01-23
newsmakers.pk	22435	2026-10-05
newsmax.com	59273	2024-07-30
newsminer.com	34653	2026-10-05
newsnation.in	8047	2020-04-07
newsnationnow.com	6205	2025-12-25
newsnationtv.com	27052	2025-10-19
newsnow.co.uk	11479	2026-10-05
newsofbahrain.com	10103	2026-03-05
newson6.com	79270	2026-10-05
newsonair.com	29094	2021-11-26
newsone.com	9331	2026-10-03
newsonjapan.com	27181	2026-10-05
newsoptimist.ca	37573	2021-07-29
newspressnow.com	73808	2026-10-05
newsradio1029.com	75159	2026-10-05
newsradio1310.com	19483	2026-10-05
newsradio1440.com	23058	2025-03-17
newsradioklbj.com	7340	2026-09-28
newsregister.com	13796	2026-10-03
newsroomamerica.com	5348	2026-10-05
newsroompanama.com	13377	2026-10-05
newsshopper.co.uk	126473	2026-10-05
newstalk.com	46105	2026-10-05
newstalk1030.com	44661	2026-10-05
newstalk1280.com	25518	2026-10-05
newstalk1290.com	18919	2026-10-02
newstalk870.am	21509	2026-10-05
newstalkkgvo.com	16659	2026-10-05
newstalkkit.com	20071	2026-10-05
newstalkzb.co.nz	65280	2026-10-05
newstatesman.com	27997	2026-10-05
newstimes.com	131966	2025-06-12
newstoday.com.bd	12801	2021-01-24
newstodaynet.com	34754	2026-10-05
newstracklive.com	7310	2025-07-05
newstrib.com	7242	2023-05-01
newstribune.com	50131	2026-10-05
newsviewsnreviews.com	5466	2019-11-13
newswatchman.com	5366	2026-10-04
newsweek.com	292221	2026-10-05
newswest9.com	42241	2026-06-26
newswire.ca	22560	2026-10-03
newswire.net	5095	2026-10-01
newswiretoday.com	29236	2026-10-03
newswise.com	43094	2026-10-05
newswit.com	12073	2026-10-05
newsx.com	65817	2026-10-05
newsy.com	19898	2023-01-04
newtelegraphng.com	6479	2026-03-19
newtimesslo.com	8657	2026-10-01
newtoncountytimes.com	12145	2026-09-30
newtondailynews.com	7220	2026-10-03
newtownbee.com	14203	2026-10-05
newvision.co.ug	17172	2026-10-05
newwestrecord.ca	69228	2025-08-01
newyorker.com	17151	2026-10-05
newyorkstatesman.com	52358	2026-10-05
newyorktelegraph.com	180056	2026-10-05
newzealandstar.com	52583	2026-10-05
newzimbabwe.com	34867	2026-10-05
nextbigfuture.com	6516	2026-10-05
nextbigwhat.com	8792	2026-10-04
nextshark.com	11473	2026-09-23
nfl.com	9180	2026-03-18
nflspinzone.com	5281	2026-10-05
nhbr.com	7196	2026-09-28
nhk.or.jp	17436	2026-07-08
nhl.com	22373	2026-03-19
nhpbs.org	21364	2026-10-05
nhpr.org	28413	2026-10-05
nhregister.com	170718	2026-09-10
niagara-gazette.com	27852	2026-10-05
niagarafallsreview.ca	87375	2026-10-05
niagarathisweek.com	10943	2026-10-04
nichegamer.com	14191	2026-09-15
nigerianbulletin.com	9228	2026-07-01
nigerianeye.com	68654	2026-10-05
nigerianobservernews.com	14847	2026-10-05
nigerianpilot.com	7331	2020-10-27
nigeriasun.com	86976	2026-10-05
nih.gov	6203	2026-09-12
nikkei.com	17503	2026-10-05
nine.com.au	11530	2026-07-07
nineoclock.ro	5117	2026-10-05
ninernoise.com	6053	2026-10-05
ninersnation.com	16016	2026-10-05
nintendoeverything.com	13240	2026-10-05
nintendolife.com	35277	2026-10-05
nintendoworldreport.com	16118	2026-10-05
nipawinjournal.com	10212	2026-06-28
niyitabiti.net	5586	2023-01-29
nj.com	120944	2026-02-23
nj1015.com	54412	2026-10-05
njbiz.com	17043	2026-06-04
njherald.com	11636	2023-09-11
nknews.org	11117	2026-10-05
nkytribune.com	10134	2026-03-11
nltimes.nl	23977	2026-10-05
nme.com	61154	2026-10-05
nmpoliticalreport.com	5535	2026-10-04
nna-leb.gov.lb	16290	2023-10-07
nny360.com	63749	2026-09-01
noise11.com	14874	2026-10-05
nola.com	81670	2026-10-05
nonpareilonline.com	59258	2026-10-01
noodls.com	5116	2025-05-02
noosanews.com.au	45618	2021-04-28
noozhawk.com	42218	2026-10-05
norfolkandtillsonburgnews.com	43489	2026-06-22
norfolkdailynews.com	33360	2026-10-04
norfolktoday.ca	10987	2026-09-21
normantranscript.com	25840	2026-10-04
northafricapost.com	13764	2026-10-03
northamptonchron.co.uk	23233	2025-01-23
northantstelegraph.co.uk	18240	2025-01-23
northbaynipissing.com	7043	2026-10-05
northcentralpa.com	35344	2026-10-05
northcoastcitizen.com	5728	2025-09-25
northcoastjournal.com	13226	2026-10-01
northcountrynow.com	68462	2026-10-05
northcountrypublicradio.org	56630	2026-10-05
northdenvernews.com	5881	2026-09-17
northdevongazette.co.uk	9532	2026-05-20
northeasttoday.in	16453	2026-10-05
northern-times.co.uk	46452	2026-10-05
northerndailyleader.com.au	106384	2026-10-05
northernirelandnews.com	19738	2024-12-03
northernirelandworld.com	23257	2025-01-23
northernminer.com	8748	2026-10-03
northernnews.ca	52345	2026-10-05
northernpublicradio.org	60066	2026-10-05
northernstar.com.au	43139	2021-04-28
northernstar.info	7220	2026-10-05
northernvirginiamag.com	5614	2026-10-05
northescambia.com	19563	2026-10-05
northfortmyersneighbor.com	6431	2026-10-05
northislandgazette.com	32016	2026-10-05
northjersey.com	17610	2023-09-11
northkoreatimes.com	36014	2026-10-05
northplattebulletin.com	6213	2026-10-05
northqueenslandregister.com.au	31424	2026-10-05
northsomersettimes.co.uk	35391	2026-10-05
northumberlandgazette.co.uk	17505	2025-01-23
northumberlandnews.com	7357	2026-10-04
northwaleschronicle.co.uk	108547	2026-10-05
northwalespioneer.co.uk	112045	2026-10-05
northwestgeorgianews.com	145537	2026-10-04
northwestmoinfo.com	24698	2026-10-02
northwestsignal.net	41361	2026-10-05
northweststar.com.au	63343	2026-10-05
northwichguardian.co.uk	128288	2026-10-05
norwichbulletin.com	8631	2023-09-11
nottinghampost.com	125590	2026-10-05
nova.ie	26971	2026-10-05
novinite.com	68038	2026-10-05
nowgrenada.com	6574	2026-10-03
nownews.com	14527	2022-10-31
nowtoronto.com	18392	2026-07-30
npr.org	142838	2026-10-05
nptelegraph.com	45634	2026-09-29
nrl.com	13704	2026-10-04
nrn.com	16016	2026-10-03
nrq.com	6093	2026-09-21
nrtoday.com	28377	2026-10-02
nsnews.com	74255	2026-10-01
nst.com.my	19661	2025-09-22
ntnews.com.au	51861	2024-07-22
ntv.co.ug	24112	2026-10-04
nuclear-news.net	19626	2026-10-05
nugget.ca	63894	2026-10-05
nujournal.com	14507	2026-10-04
numberfire.com	17288	2025-10-21
nurseryworld.co.uk	5910	2026-06-19
nursingtimes.net	10491	2026-10-05
nutraingredients-usa.com	6370	2025-10-15
nutraingredients.com	7734	2026-10-05
nvdaily.com	73208	2026-10-05
nvi.com.au	49528	2026-10-05
nwaonline.com	82839	2026-10-05
nwasianweekly.com	5589	2025-12-21
nwemail.co.uk	174718	2026-10-05
nwfdailynews.com	15489	2023-09-11
nwherald.com	10392	2023-05-01
nwitimes.com	107354	2026-10-03
ny1.com	5132	2026-04-22
nyasatimes.com	26393	2026-10-05
nydailynews.com	156639	2026-10-05
nylon.com	5515	2026-10-02
nymag.com	12249	2026-10-05
nynganobserver.com.au	47028	2026-10-05
nyoooz.com	21755	2026-09-16
nypost.com	257677	2026-10-05
nystateofpolitics.com	15972	2026-10-03
nysun.com	20863	2026-08-14
nytimes.com	289259	2026-10-05
nzcity.co.nz	278525	2026-10-05
nzdoctor.co.nz	20712	2026-10-05
nzherald.co.nz	308698	2026-10-05
oakdaleleader.com	7672	2026-10-03
oakpark.com	5017	2026-10-03
oakridger.com	9789	2023-09-11
oann.com	71300	2026-10-05
oanow.com	32886	2026-10-02
oaoa.com	38684	2025-05-15
obantimes.co.uk	12192	2024-01-25
oberonreview.com.au	50770	2026-10-05
obj.ca	10740	2026-10-04
obozrevatel.com	40531	2025-03-05
obrag.org	7933	2026-10-03
observer-reporter.com	22221	2026-10-05
observer.com	9099	2026-10-03
observer.ug	34813	2026-10-05
observertoday.com	26515	2026-10-05
oc-breeze.com	12900	2023-04-02
ocala.com	12103	2023-09-11
ocbj.com	6322	2026-10-04
oceanfm.ie	15679	2026-10-05
ocj.com	10086	2026-10-05
ocregister.com	78626	2026-10-05
odnako.org	27620	2026-10-05
odt.co.nz	61426	2026-10-05
odwyerpr.com	11695	2026-10-03
oed.com	5145	2026-10-02
oedigital.com	18558	2026-10-05
offalyexpress.ie	62753	2026-05-12
offalyindependent.ie	41343	2026-10-05
officer.com	7428	2026-10-03
offshore-energy.biz	10861	2025-01-22
offshore-technology.com	11040	2026-10-05
ofm.co.za	18942	2026-10-04
og979.com	21908	2026-05-15
ohiostandard.com	43511	2026-10-05
ohsonline.com	5479	2026-10-05
oilandgas360.com	17439	2026-09-11
oilcity.news	6882	2025-04-03
oilprice.com	44239	2026-10-05
oilvoice.com	10120	2020-12-14
oireachtas.ie	10276	2026-10-04
ojaivalleynews.com	11219	2026-10-02
ok.co.uk	128760	2026-10-05
okaz.com.sa	11330	2026-10-05
okcfox.com	39613	2026-10-05
okgazette.com	5525	2026-10-02
oklahomacitysun.com	38713	2026-10-05
oklahoman.com	55294	2023-09-11
oklahomastar.com	22462	2026-10-05
okotoksonline.com	15176	2026-10-05
okotokstoday.ca	8948	2023-03-29
oldham-chronicle.co.uk	12995	2026-10-03
oleantimesherald.com	87106	2026-10-04
omaha.com	179846	2026-10-04
omakchronicle.com	14830	2026-10-03
omanobserver.om	38781	2026-10-05
ominecaexpress.com	27044	2026-10-05
on3.com	5021	2026-03-19
onclive.com	16218	2026-10-04
oncologynurseadvisor.com	6306	2026-10-02
onegreenplanet.org	32806	2026-10-01
oneidadispatch.com	36727	2026-10-05
oneindia.com	63273	2026-10-05
onenewsnow.com	10704	2021-08-10
onenewspage.com	286878	2026-10-05
onlineathens.com	9456	2023-09-11
onlinenigeria.com	70549	2025-03-25
onlineopinion.com.au	9478	2026-10-05
onthewater.com	5730	2026-10-02
onthewight.com	16627	2026-10-05
onwardstate.com	12728	2026-10-05
opalesque.com	5464	2026-10-05
opb.org	7713	2026-04-01
opednews.com	8819	2026-10-03
openpr.com	745496	2026-10-05
openthemagazine.com	10931	2026-10-05
opinionnigeria.com	32976	2026-10-05
opportunitiesforafricans.com	11193	2026-10-02
optics.org	8537	2026-03-25
orangeobserver.com	9356	2025-09-10
orangeville.com	6816	2026-10-04
orangevilletoday.ca	7380	2026-10-05
orcadian.co.uk	5127	2026-10-05
order-order.com	6865	2025-09-01
oregonlive.com	77250	2026-02-23
organiser.org	34699	2026-10-05
origin-businesstoday.intoday.in	40947	2021-06-25
originalfm.com	16807	2025-12-12
orissabarta.com	45115	2026-03-06
orissadiary.com	29176	2026-10-05
orissapost.com	139430	2026-10-05
orlandoecho.com	52471	2026-10-05
orlandosentinel.com	119001	2026-10-05
orlandoweekly.com	15077	2026-10-02
orlytaitzesq.com	27080	2026-10-05
orovillemr.com	15618	2026-10-05
oskaloosa.com	45192	2026-10-05
oskynews.org	6363	2026-09-30
oswegocountynewsnow.com	13248	2026-10-03
oswegocountytoday.com	12714	2026-10-03
ottawa.ctvnews.ca	29397	2025-01-23
ottawacitizen.com	54594	2026-10-05
ottawaherald.com	5737	2026-09-26
ottawasun.com	65726	2026-10-05
ottumwacourier.com	64888	2026-10-05
oudaily.com	6435	2026-10-03
ourmidland.com	73223	2025-12-18
ourtribune.com	5164	2022-10-28
out.com	8031	2026-10-02
outbreaknewstoday.com	7571	2024-04-16
outdoorlife.com	5470	2026-10-05
outdoornews.com	14578	2026-10-05
outdoornewsdaily.com	5453	2023-05-06
outerbanksvoice.com	9426	2026-10-05
outinperth.com	5831	2026-10-04
outlookindia.com	134409	2026-10-05
outsidelands.org	6722	2026-10-05
outsideonline.com	11007	2026-10-05
overdrive.in	6056	2026-10-01
overdriveonline.com	6211	2026-05-27
owensoundsuntimes.com	27928	2026-10-05
oxfordmail.co.uk	243740	2026-10-05
oxygen.com	5181	2026-10-04
oyetimes.com	10770	2026-09-28
packers.com	7909	2026-10-05
packworld.com	8007	2025-12-28
padovanews.it	13576	2026-10-05
paducahsun.com	19050	2026-10-04
pagalguy.com	16458	2026-09-24
pagesix.com	52236	2026-10-05
pagosadailypost.com	7871	2026-10-02
pagosasun.com	13880	2026-10-05
paherald.sk.ca	14837	2026-10-03
pajhwok.com	26892	2026-10-05
pakistanpressfoundation.org	7426	2026-10-05
pakistantelegraph.com	101607	2026-10-05
pakistantoday.com.pk	31468	2026-10-05
pakobserver.net	84487	2026-10-05
palatinate.org.uk	9257	2026-10-05
palatkadailynews.com	5030	2026-10-05
palestinechronicle.com	8588	2025-08-01
palestineherald.com	10967	2026-09-30
palestinemonitor.org	38912	2026-05-15
palmbeachdailynews.com	7786	2023-09-11
palmbeachpost.com	26187	2023-09-11
palmcoastobserver.com	5119	2023-02-01
palmettobusinessdaily.com	6608	2024-01-26
paloaltoonline.com	18987	2026-10-05
pamplinmedia.com	24300	2022-12-14
panapress.com	23117	2026-05-10
panarmenian.net	24741	2026-07-30
pandct.com	10486	2026-02-15
panorama.am	27216	2026-10-05
panow.com	84943	2026-10-05
pantagraph.com	90444	2026-10-05
paperads.com	17379	2026-07-22
paperpk.com	13989	2026-07-20
parabolicarc.com	8426	2023-11-29
parade.com	9416	2025-09-12
paradisepost.com	12224	2026-10-05
parentherald.com	13198	2026-10-03
parents.com	7116	2026-03-17
parisguardian.com	68299	2026-10-05
parisstaronline.com	40479	2026-10-04
parkeschampionpost.com.au	20548	2026-10-02
parking-net.com	6510	2025-03-11
parking.net	10926	2026-10-05
parkrapidsenterprise.com	32177	2026-10-05
parkrecord.com	18861	2026-10-03
parliament.gov.to	20421	2026-08-18
parrysound.com	7861	2026-10-05
parsonssun.com	15499	2026-09-22
pasadenastarnews.com	47545	2026-10-05
pasoroblesdailynews.com	17194	2026-10-04
pastemagazine.com	11827	2026-10-04
patch.com	240207	2026-10-05
patentlyapple.com	6478	2024-07-30
patheos.com	32796	2026-06-18
patriotledger.com	9693	2023-09-11
patriotpost.us	37444	2026-10-05
patriots.com	6459	2026-10-04
pauldavisoncrime.com	9038	2026-10-04
paulickreport.com	26925	2026-02-06
paultan.org	35128	2026-10-05
paysonroundup.com	10080	2026-10-03
pbcommercial.com	7169	2026-04-07
pbn.com	8460	2026-04-18
pbs.org	26144	2026-10-02
pc-tablet.co.in	7418	2025-04-05
pcgamesn.com	30118	2026-10-05
pcmag.com	39629	2026-10-05
pctechmag.com	7350	2026-10-05
pcworld.co.nz	5685	2023-01-27
pcworld.com	16024	2026-09-12
peacearchnews.com	37503	2026-10-05
peacefmonline.com	145649	2025-01-26
peakoil.com	17980	2026-10-05
peconicpublicbroadcasting.org	6972	2020-06-16
pedestrian.tv	30844	2026-10-05
peeblesshirenews.com	95506	2026-10-05
pehub.com	15466	2026-10-05
pembinavalleyonline.com	26125	2026-10-05
pembrokeobserver.com	38995	2026-08-29
pembroketoday.ca	11773	2026-09-21
penarthtimes.co.uk	118431	2026-10-05
penbaypilot.com	38056	2026-10-05
pendletoday.co.uk	5505	2021-12-13
peninsulaclarion.com	5158	2026-10-04
peninsuladailynews.com	11922	2026-10-05
pennlive.com	108037	2026-03-08
pennrecord.com	13340	2025-05-21
pensacolasjet.com	6440	2026-10-05
pentictonherald.ca	86280	2026-10-05
people.com	58098	2026-02-05
peoplesdailyng.com	33481	2026-04-09
peoplesreview.com.np	7082	2026-10-05
peoplesworld.org	18580	2026-10-02
peoriapublicradio.org	14883	2021-05-05
perezhilton.com	34397	2026-08-10
performancedrive.com.au	13678	2025-07-21
perhamfocus.com	25501	2026-10-04
perishablenews.com	22269	2026-10-05
perrynewspapers.com	5262	2026-10-02
personneltoday.com	9195	2026-10-05
perthnow.com.au	84305	2026-10-05
petapixel.com	13274	2026-10-05
peterboroughtoday.co.uk	19466	2025-01-23
petoskeynews.com	13149	2023-09-11
petroleumnews.com	5025	2026-10-02
pghcitypaper.com	9642	2026-04-25
phandroid.com	17933	2026-10-03
pharmaceuticalonline.com	9953	2026-10-05
pharmacytimes.com	12435	2026-10-05
pharmatimes.com	5608	2026-10-05
pharmiweb.com	39419	2026-06-01
pharostribune.com	20125	2026-10-05
philamirror.info	7659	2026-05-24
philenews.com	18599	2026-07-23
philippinetimes.com	92516	2026-10-05
phillymag.com	6547	2026-10-02
phillytrib.com	40911	2026-10-05
phillyvoice.com	36021	2026-10-05
philstar.com	174594	2026-10-05
phinphanatic.com	6353	2026-10-05
phnompenhpost.com	44711	2026-07-31
phoenixfm.com	6693	2026-10-05
phoenixherald.com	110264	2026-10-05
phoenixnewtimes.com	8094	2026-10-03
phoenixvillenews.com	8403	2021-09-28
phonearena.com	41624	2025-08-21
phoronix.com	9797	2026-10-04
photonics.com	8114	2026-01-03
photonicsonline.com	5552	2026-10-03
phys.org	148868	2026-01-29
physiciansweekly.com	7449	2026-01-06
pikefm.com	10040	2026-10-05
pilotonline.com	73091	2026-10-05
pina.com.fj	21290	2026-10-05
pinchercreekecho.com	9009	2026-10-03
pineandlakes.com	34909	2026-10-04
pineisland-eagle.com	7556	2026-10-02
pinkbike.com	9096	2024-08-26
pinknews.co.uk	20157	2022-11-29
pinkun.com	5191	2025-12-06
pinkvilla.com	221983	2026-10-05
pinstripealley.com	20142	2026-10-05
pionline.com	18259	2026-06-18
piquenewsmagazine.com	60540	2025-09-05
pireport.org	10974	2026-10-02
pistonheads.com	5848	2026-10-05
pitchfork.com	19397	2026-10-05
pittsburghmagazine.com	6197	2026-10-02
pittsburghstar.com	115769	2026-10-05
piworld.com	8265	2026-10-02
pix11.com	19492	2025-06-12
pizzamarketplace.com	5637	2026-10-05
pjmedia.com	49770	2026-10-05
pjstar.com	10980	2023-09-11
placenorthwest.co.uk	17006	2026-06-04
plaintalk.net	5745	2026-10-02
planetf1.com	47350	2026-10-05
planetizen.com	14972	2025-07-30
planetprinceton.com	10851	2026-10-05
plansponsor.com	6388	2026-07-31
plasticsnews.com	9513	2026-04-29
playbill.com	25523	2026-10-05
playstationlifestyle.net	16448	2026-10-05
pleasantonweekly.com	12906	2026-10-05
plenglish.com	62066	2026-10-02
plos.org	6048	2026-09-30
pluggedin.com	5576	2026-10-03
plymouthherald.co.uk	106860	2026-10-05
pmlive.com	10111	2026-10-02
pmnewsnigeria.com	56238	2026-10-05
pna.gov.ph	7058	2026-03-08
pnj.com	13200	2023-09-11
poandpo.com	22819	2025-05-09
pocket-lint.com	27000	2026-10-05
pocketgamer.com	7965	2026-10-05
pocketnow.com	11447	2025-09-04
poconorecord.com	7358	2023-09-11
pokernews.com	34669	2026-10-05
polandsun.com	5706	2023-12-21
police1.com	7672	2026-10-04
polishforums.com	9849	2026-10-05
politicaldog101.com	31844	2026-10-05
politicalwire.com	60042	2026-10-05
politico.com	67856	2025-11-05
politico.eu	42422	2026-10-05
politics.co.uk	8923	2026-10-05
politicsweb.co.za	11066	2026-10-04
politicususa.com	7324	2026-02-28
politifact.com	12980	2026-10-04
polity.org.za	34241	2026-10-05
polkio.com	18778	2026-10-03
pollstar.com	6686	2026-10-05
polygon.com	38345	2026-10-05
poncacitynews.com	9960	2026-10-04
pontefractandcastlefordexpress.co.uk	5456	2021-12-14
popcrush.com	18799	2026-10-05
popmatters.com	6121	2025-10-29
popsci.com	13053	2026-10-05
popsugar.com	65112	2026-10-02
popsugar.com.au	14474	2025-05-08
popularmechanics.com	15383	2026-10-03
portageonline.com	28257	2026-10-04
portcitydaily.com	16151	2026-10-04
portclintonnewsherald.com	6288	2023-09-11
portfolio-adviser.com	7388	2026-10-05
portlandmercury.com	12259	2026-10-04
portlandtribune.com	8921	2026-10-05
portnews.com.au	66380	2026-10-05
portsmouth-dailytimes.com	7695	2026-10-02
portsmouth.co.uk	25284	2025-01-23
portstephensexaminer.com.au	59040	2026-10-05
porttechnology.org	5116	2026-08-28
positivelyfilipino.com	6303	2026-09-30
post-journal.com	25143	2026-10-05
postandcourier.com	124865	2026-10-05
postbulletin.com	63769	2026-10-05
postcourier.com.pg	44530	2026-10-05
postcrescent.com	12995	2023-09-11
postindependent.com	14733	2026-10-05
postnewsgroup.com	6697	2026-10-05
postonline.co.uk	9340	2026-10-05
postregister.com	70248	2026-10-05
poststar.com	66332	2026-10-05
potchefstroomherald.co.za	10484	2023-10-04
potomaclocal.com	14633	2026-10-05
pottsmerc.com	51886	2026-10-05
poughkeepsiejournal.com	7141	2023-09-11
poundingtherock.com	9036	2026-10-05
powderbulksolids.com	7699	2026-10-03
powelltribune.com	19568	2026-10-04
power-technology.com	11868	2026-10-05
power103.com	8582	2026-10-05
power1057.com	7841	2026-10-05
power1069fm.com	22458	2026-08-09
power923.com	6461	2026-10-05
power959.com	20280	2026-10-05
power965.com	6877	2025-01-27
power96radio.com	52230	2026-10-04
power98fm.com	24331	2026-10-05
powerboise.com	5242	2026-09-17
powerlineblog.com	11521	2026-07-02
powermag.com	6265	2026-10-01
powerorlando.com	8139	2026-10-02
powerpage.org	7064	2026-01-18
poynter.org	5614	2026-10-05
pqbnews.com	33028	2026-10-05
pr-inside.com	192305	2026-10-05
pr.com	17216	2026-10-04
pragativadi.com	56374	2026-10-05
prairiepublic.org	43445	2026-10-05
praise933.com	5194	2024-04-28
prajasakti.com	11555	2026-06-26
pratttribune.com	5184	2023-09-12
predominantlyorange.com	8044	2026-10-05
premierchristianradio.com	11066	2023-06-07
premiumbeautynews.com	6173	2026-10-05
premiumtimesng.com	113107	2026-10-05
prescottenews.com	9377	2026-08-04
press-citizen.com	9004	2023-09-11
pressandguide.com	17310	2025-11-04
pressandjournal.co.uk	196721	2025-05-27
pressconnects.com	6069	2023-09-11
pressdemocrat.com	34382	2026-10-05
pressenterpriseonline.com	87096	2026-01-28
pressenza.com	12808	2026-10-05
pressgazette.co.uk	7367	2026-10-05
pressherald.com	134131	2026-10-05
pressofatlanticcity.com	83162	2026-10-05
pressparty.com	8869	2026-01-02
presspublications.com	6549	2026-10-03
presspubs.com	7833	2026-10-05
pressreleasepoint.com	60785	2026-10-05
pressrepublican.com	20171	2026-10-04
presstelegram.com	48184	2026-10-05
presstv.com	18559	2021-06-22
presstv.ir	65484	2026-07-22
prestigeonline.com	9043	2026-10-05
prestwichandwhitefieldguide.co.uk	18621	2023-03-07
prevention.com	11991	2026-10-04
prima.co.uk	8898	2026-10-04
primepublishers.com	5289	2026-10-05
princegeorgecitizen.com	137171	2025-09-05
princeton.edu	9215	2026-09-22
princetonol.com	11675	2026-10-05
printingnews.com	8737	2022-11-18
printweek.com	9505	2026-05-29
printweek.in	9016	2026-10-05
prisonplanet.com	5521	2026-08-12
priyo.com	19475	2026-09-05
prleap.com	9636	2026-10-03
prnewswire.co.uk	14934	2026-10-05
prnewswire.com	1322862	2026-10-05
proactiveinvestors.co.uk	61702	2026-09-12
proactiveinvestors.com	64835	2026-10-05
proactiveinvestors.com.au	34392	2026-09-12
probuilder.com	7532	2026-10-01
producer.com	14827	2025-05-22
professionaladviser.com	13939	2026-10-05
professionalpensions.com	11089	2026-10-05
progress-index.com	6209	2023-09-11
progressive-charlestown.com	20632	2026-10-05
progressivegrocer.com	7553	2025-09-09
progressiverailroading.com	10828	2026-10-04
projectnoah.org	19442	2026-09-06
prokerala.com	645681	2026-10-05
prolificnorth.co.uk	21481	2026-07-21
promptnewsonline.com	39873	2026-10-05
propakistani.pk	85555	2026-10-01
propertyweek.com	27862	2026-10-05
propertywire.com	5049	2026-10-05
propublica.org	5502	2026-10-05
prospectmagazine.co.uk	8281	2026-10-05
providencejournal.com	22218	2023-09-11
prowrestling.net	18578	2026-10-04
prpeak.com	86658	2025-09-05
prrecordgazette.com	12982	2026-10-03
prunderground.com	11996	2026-08-09
prweb.com	172546	2026-10-02
prweek.com	13527	2026-07-02
psu.com	7048	2025-06-06
psu.edu	25273	2026-10-05
psychcentral.com	5022	2024-10-01
psychiatryadvisor.com	8865	2026-10-01
psychologytoday.com	23396	2026-09-01
ptinews.com	297015	2024-03-31
ptleader.com	7885	2026-10-05
publicnewsservice.org	19341	2025-08-20
publicnow.com	17005	2022-09-16
publicradioeast.org	54610	2026-10-04
publicradiotulsa.org	56259	2026-10-05
publishersweekly.com	21194	2026-10-03
pullmanradio.com	13654	2026-10-03
pulse.com.gh	49036	2026-03-19
pulse.ng	86874	2026-03-18
punchjump.com	11412	2026-10-03
punchng.com	300032	2026-10-05
punknews.org	9440	2026-10-04
punto.com.ph	9060	2026-10-05
purdueexponent.org	37021	2026-10-05
purerock96.com	9365	2026-10-05
purplerow.com	6161	2026-10-04
pushsquare.com	29850	2026-10-05
pv-magazine.com	18465	2026-06-04
pv-tech.org	13790	2026-10-02
pvvt.com	5716	2026-09-30
pwcs.edu	10390	2022-08-01
pymnts.com	24123	2026-10-05
q102.ie	17001	2026-10-04
q105.fm	6846	2026-10-05
q1057.com	9742	2026-10-02
q1061.com	8487	2026-10-05
q1065.fm	24133	2026-10-05
q106dot5.com	21583	2026-10-05
q106fm.com	8288	2026-10-01
q107.com	20520	2026-10-05
q1077.com	25329	2026-10-05
q107fm.ca	6514	2020-06-10
q108.com	7936	2026-10-05
q13fox.com	32112	2023-04-18
q93fm.com	15098	2026-10-02
q957.com	18815	2025-10-31
q95fm.net	8603	2026-10-01
q961.com	24104	2026-10-05
q985online.com	38317	2026-10-05
q98fm.com	7196	2026-10-05
qatar-tribune.com	33869	2026-10-05
qatarliving.com	9273	2026-10-05
qchron.com	13178	2026-10-02
qconline.com	70208	2026-10-04
qctimes.com	96398	2026-10-05
qns.com	12435	2026-10-04
qsrmagazine.com	6347	2026-02-19
qsrweb.com	7185	2026-10-02
qt.com.au	56636	2021-06-23
quadcitiesdaily.com	21617	2026-01-02
queanbeyanage.com.au	70725	2026-10-05
queensjournal.ca	5344	2026-10-03
queenslandcountrylife.com.au	50551	2026-10-05
queerty.com	6858	2026-10-04
quesnelobserver.com	30154	2026-10-05
quickcountry.com	48761	2026-10-05
quicknews-africa.net	37468	2026-10-01
quickworldnews.com	19319	2021-10-16
quintenews.com	27767	2026-10-05
qvc.com	59060	2026-09-16
qxmagazine.com	26771	2026-07-27
qz.com	34087	2026-04-13
racer.com	13748	2026-01-08
radaronline.com	34990	2026-10-05
radio.com	43725	2025-12-15
radio.gov.pk	59484	2026-10-05
radiocayman.gov.ky	8484	2026-10-05
radioinfo.com.au	6174	2025-01-22
radioink.com	15248	2026-10-02
radioiowa.com	16240	2026-07-27
radiojamaicanewsonline.com	29815	2026-10-04
radiokerry.ie	25240	2026-10-05
radiokorea.com	28815	2026-08-10
radiotamazuj.org	13610	2026-10-05
radiotimes.com	41617	2026-10-05
radiotoday.co.uk	5901	2026-10-05
radiotoday.com.au	8181	2025-06-14
radiousa.com	8309	2026-10-05
radiox.co.uk	6871	2026-10-05
radyonatin.com	11629	2025-10-03
rafu.com	5469	2026-10-05
ragtrader.com.au	7823	2026-10-02
railpage.com.au	73388	2023-10-15
railway-technology.com	5674	2026-09-08
railwayage.com	8580	2026-01-31
railwaygazette.com	11086	2026-10-05
rap-up.com	9390	2026-02-07
rapidcityjournal.com	58762	2026-10-05
rapidtvnews.com	6195	2026-02-17
rappler.com	84706	2026-10-05
rappnews.com	9635	2026-08-30
rapsinews.com	6019	2025-12-09
rashtranews.com	23678	2026-08-04
rasmussenreports.com	7855	2026-10-02
ravallirepublic.com	53832	2026-10-04
rawstory.com	66635	2026-10-05
rbj.net	12065	2026-06-04
rbth.com	6319	2026-10-05
rcps.info	37674	2026-06-15
rcreader.com	8317	2026-10-05
rcrwireless.com	8602	2026-10-02
reachfm.ca	13597	2026-01-01
readingchronicle.co.uk	139511	2026-10-05
readingeagle.com	59021	2026-10-05
readmedia.com	32593	2026-10-05
readwrite.com	6452	2026-10-05
realclearpolitics.com	31789	2026-05-17
realestate.com.au	14461	2026-10-05
realestatebusiness.com.au	9085	2026-10-04
realgeni.com	32458	2025-04-16
realitytea.com	42866	2026-10-05
realitytvworld.com	35830	2026-10-05
realradio804.com	6515	2026-10-02
realscreen.com	6879	2026-10-01
reason.com	16105	2026-10-05
rechargenews.com	10574	2026-10-05
record-bee.com	11829	2026-10-05
record-eagle.com	80733	2026-10-05
recordcourier.com	10467	2025-09-04
recorder.ca	50393	2026-10-05
recorder.com	35328	2026-10-05
recordernews.com	6816	2023-10-26
recorderonline.com	52219	2026-10-05
recordnet.com	9191	2023-09-11
recordonline.com	10835	2023-09-11
redandblack.com	10094	2026-10-03
redbluffdailynews.com	13249	2026-10-05
reddeeradvocate.com	21710	2026-10-05
redding.com	5466	2023-09-11
redditchadvertiser.co.uk	111307	2026-10-05
redditchstandard.co.uk	15222	2026-10-05
redeyeradioshow.com	14672	2026-09-16
redfm.ie	11684	2026-10-05
rediff.com	88077	2026-10-05
redlandcitybulletin.com.au	66091	2026-10-05
redlandsdailyfacts.com	45754	2026-10-05
redriverradio.org	57921	2026-10-05
redstate.com	77197	2026-10-05
redwatch.org.au	11986	2026-10-05
reflector.com	104245	2026-10-05
reformer.com	47744	2026-10-05
regina.ctvnews.ca	15942	2025-04-08
register-herald.com	61355	2026-10-04
registercitizen.com	111574	2026-04-21
registerguard.com	9843	2023-09-10
registerherald.com	6606	2025-09-17
rejournals.com	8752	2025-07-14
rekordeast.co.za	10868	2021-02-24
relevantmagazine.com	8566	2026-10-05
relevantradio.com	9361	2026-06-04
reliefweb.int	163718	2026-03-28
religionnews.com	16689	2026-09-26
relish.com	7311	2026-08-31
relix.com	6742	2026-10-04
renalandurologynews.com	8335	2026-10-03
renewableenergymagazine.com	10458	2026-10-05
renews.biz	22747	2025-01-23
renfrewtoday.ca	11839	2026-09-21
rep-am.com	52992	2025-02-04
repeatingislands.com	7096	2026-10-01
reporter.net	18332	2026-10-05
reporterherald.com	40982	2026-10-05
reporternews.com	9509	2023-09-11
republic-online.com	26033	2026-09-30
republicaneagle.com	5742	2026-10-03
republicanherald.com	47976	2026-10-05
republicofmining.com	6923	2026-08-07
republicworld.com	41980	2026-03-17
republikein.com.na	6673	2026-10-05
rescue.org	5800	2026-09-30
reseller.co.nz	14688	2026-10-05
resilience.org	5509	2026-10-05
respect-mag.com	5648	2026-09-01
restaurantmagazine.com	13992	2026-10-03
restaurantnews.com	13888	2026-10-03
restaurantnewsrelease.com	13606	2026-10-03
restaurantonline.co.uk	6353	2026-10-05
restonnow.com	6591	2024-05-17
retaildetail.eu	7479	2026-10-05
retaildive.com	12878	2026-10-05
retailtimes.co.uk	19348	2026-10-05
reuters.com	928661	2026-07-21
revengeofthebirds.com	7149	2026-10-05
reverb.com	6060	2022-05-04
reviewjournal.com	40330	2026-10-05
reviewonline.com	18787	2026-10-05
reviewtimes.com	6175	2020-06-10
revolutionradio.org	7537	2025-09-24
revolvermag.com	6193	2025-01-22
rewind943.com	9940	2026-10-02
rexburgstandardjournal.com	7484	2026-10-01
rfa.org	13562	2026-10-03
rfdtv.com	26140	2026-10-05
rferl.org	46247	2026-10-05
rfglobalnet.com	5496	2026-10-03
rfi.fr	62537	2026-09-28
rgj.com	9002	2023-09-11
rheaheraldnews.com	8764	2026-10-05
rheinpfalz.de	6895	2020-11-26
rhyljournal.co.uk	116091	2026-10-05
ricentral.com	6578	2026-10-02
richlandsource.com	29443	2026-10-05
richmond-news.com	74966	2025-09-05
richmond.com	91523	2026-10-05
richmondandtwickenhamtimes.co.uk	114197	2026-10-05
richmondbizsense.com	7531	2026-10-05
richmondfreepress.com	7220	2026-02-12
richmondregister.com	27729	2026-10-05
ricochet.com	33598	2025-06-14
ridgecrestca.com	9183	2026-10-05
riggosrag.com	7182	2026-10-05
rightspeak.net	12697	2026-10-05
rigzone.com	31251	2026-10-05
ringsidereport.com	6105	2026-10-01
riotimesonline.com	48077	2026-10-05
riponadvance.com	8549	2026-10-02
riponpress.com	7840	2026-10-05
ripplesnigeria.com	10801	2026-02-09
risingapple.com	6050	2026-10-05
risingbd.com	7134	2023-02-02
risingkashmir.com	6154	2025-07-25
risk.net	7941	2026-10-02
rismedia.com	15184	2026-10-02
rivals.com	5169	2025-06-14
river1037.com	15306	2026-09-29
river105.com	11695	2026-09-09
river949.com.au	5048	2026-10-05
river967.com	22254	2026-10-02
riverbender.com	7579	2025-01-23
riverfronttimes.com	8051	2025-08-16
rivergrandrapids.com	31798	2026-10-03
riverheadlocal.com	5015	2026-10-04
rivernewsonline.com	15293	2026-10-02
riviera-maya-news.com	11779	2026-10-02
rnanews.com	6827	2026-10-03
rnz.co.nz	162911	2026-10-05
road.cc	10477	2026-10-05
roadandtrack.com	12672	2026-10-05
roadsafety.co.za	11006	2026-10-04
roanoke.com	77272	2026-10-05
roarmag.org	24080	2026-10-05
robbreport.com	17079	2026-10-04
robesonian.com	6155	2026-10-04
roboticstomorrow.com	7793	2026-10-02
rochdaleonline.co.uk	11368	2025-11-25
rochestercitynewspaper.com	5405	2023-03-06
rock101.com	10998	2026-10-05
rock1015.com	6368	2026-10-04
rock107.com	10085	2026-09-29
rock937online.com	24042	2025-03-27
rock947.com	9740	2022-11-22
rock967online.com	21715	2026-10-05
rockdalenewtoncitizen.com	71558	2026-08-23
rockpapershotgun.com	20389	2026-10-04
rocksound.tv	5246	2026-10-04
rockymounttelegram.com	63892	2026-10-05
rockytopinsider.com	8425	2026-10-05
rogerebert.com	23518	2026-01-29
rollcall.com	11823	2026-10-05
rollingout.com	36521	2025-12-23
rollingstone.com	55937	2026-10-05
rollingstoneindia.com	6557	2026-10-05
romania-insider.com	16431	2026-09-06
romaniapress.com	68196	2026-10-05
romesentinel.com	14170	2026-10-05
romfordrecorder.co.uk	51396	2026-10-05
romseyadvertiser.co.uk	52579	2024-10-26
roscommonherald.ie	52745	2026-10-05
ross-shirejournal.co.uk	52641	2026-10-05
rosslandtelegraph.com	5878	2026-10-03
rotherhamadvertiser.co.uk	7306	2025-01-23
rotowire.com	13189	2026-10-05
roundupweb.com	5635	2026-10-02
routesonline.com	12955	2026-07-31
royalcentral.co.uk	13910	2026-10-04
royalgazette.com	55835	2026-10-05
royalsreview.com	8274	2026-10-05
royston-crow.co.uk	31475	2026-10-05
rozanaspokesman.com	14382	2026-10-05
rrdailyherald.com	24258	2026-10-05
rri.ro	10184	2026-10-04
rrobserver.com	6584	2026-10-02
rrr.org.au	25891	2026-10-05
rrstar.com	9459	2023-09-11
rsn.net.au	11328	2026-10-05
rstreet.org	8416	2026-10-02
rt.com	14537	2026-09-30
rte.ie	183167	2026-10-05
rthk.hk	11711	2026-10-03
rtoinsider.com	6108	2026-10-05
rtrfm.com.au	6138	2026-10-05
rttnews.com	139083	2026-10-05
rubbernews.com	9503	2026-06-18
runcornandwidnesworld.co.uk	92844	2026-10-05
runnersworld.com	10478	2026-10-04
runningmagazine.ca	6562	2026-10-04
runwaygirlnetwork.com	5635	2026-03-31
rushlane.com	9182	2026-10-05
russiaherald.com	135405	2026-10-05
russianmachineneverbreaks.com	7646	2026-10-05
russianradio7.com	8075	2025-01-20
rustourismnews.com	6751	2026-10-04
ruthfullyyours.com	25532	2026-08-01
rutland-times.co.uk	12163	2026-10-05
rutlandherald.com	41190	2026-10-05
rvasia.org	8268	2026-08-11
ryeandbattleobserver.co.uk	5120	2022-02-09
sabcnews.com	8897	2026-03-19
sacobserver.com	7011	2026-05-28
sacurrent.com	17276	2026-10-04
safc.com	10896	2024-07-16
saharareporters.com	101433	2026-10-04
saharasamay.com	17977	2026-09-27
sahilonline.org	12213	2026-10-04
sail-world.com	22078	2026-10-05
sailingscuttlebutt.com	8762	2026-07-12
saipantribune.com	7237	2025-05-29
sakshi.com	36429	2025-06-05
sakshipost.com	33080	2026-10-05
salemnews.com	29812	2026-10-05
salemnews.net	17601	2026-10-05
salina.com	9487	2023-09-10
salinapost.com	32239	2026-10-05
salisburyjournal.co.uk	123473	2026-10-05
salon.com	33157	2026-10-05
saltlakecitysun.com	146955	2026-10-05
saltwire.com	83243	2026-10-05
samaa.tv	62857	2026-10-05
sammobile.com	26335	2026-08-26
samoanews.com	6063	2026-10-02
samoaobserver.ws	9634	2026-10-05
sana.sy	29869	2026-10-05
sanangelolive.com	28430	2026-10-04
sanantoniopost.com	64160	2026-10-05
sandiegoreader.com	13139	2025-08-22
sandiegosun.com	179408	2026-10-05
sandiegouniontribune.com	216646	2026-10-05
sanews.gov.za	16414	2026-10-05
sanfordherald.com	52821	2026-10-05
sanilacbroadcasting.com	5339	2025-01-09
sanjuanjournal.com	5876	2026-10-02
sanmarcosrecord.com	10973	2026-10-05
sanremonews.it	5405	2026-10-05
santabanta.com	7652	2026-10-05
santacruzsentinel.com	22593	2026-10-05
santafenewmexican.com	63979	2026-10-05
santamariasun.com	5479	2026-10-01
santamariatimes.com	93736	2026-10-05
saobserver.net	46019	2026-10-05
saps.gov.za	37740	2025-11-19
sarajevotimes.com	5933	2026-03-02
saratogian.com	39655	2026-10-05
sarniathisweek.com	35616	2026-01-20
saskatoon.ctvnews.ca	14577	2025-01-22
satellitetoday.com	7238	2026-10-01
satnews.com	14723	2026-10-04
saudigazette.com.sa	54271	2026-03-18
saukvalley.com	7863	2020-12-17
saultstar.com	61022	2026-10-05
saultthisweek.com	48731	2026-06-22
savannahnow.com	16081	2023-09-11
savejersey.com	6173	2026-10-05
savingadvice.com	6285	2026-10-04
savonanews.it	5107	2026-10-05
sb.by	19130	2026-10-05
sbcnews.co.uk	7219	2024-12-05
sbnation.com	47945	2026-10-05
sbr.com.sg	20390	2026-10-05
sbs.com.au	85704	2026-10-05
sbsun.com	46417	2026-10-05
sbwire.com	16543	2022-01-13
scallywagandvagabond.com	9193	2026-10-04
scdailypress.com	7072	2023-01-30
schoolsweek.co.uk	7252	2026-07-03
schroders.com	5010	2024-02-09
science.org	5028	2024-04-24
science20.com	8130	2026-10-05
sciencealert.com	19099	2026-10-05
scienceblog.com	15938	2026-09-26
scienceblogs.com	14744	2026-10-05
sciencebusiness.net	9408	2026-02-09
sciencedaily.com	32158	2026-09-14
sciencemag.org	12882	2021-10-07
sciencenews.org	5563	2026-10-02
scientificamerican.com	14492	2026-10-05
scmagazine.com	10578	2024-09-25
scmp.com	162339	2026-10-02
scnow.com	44821	2026-10-02
sconeadvocate.com.au	72727	2026-10-05
scoop.co.nz	288116	2026-10-05
scotsman.com	80113	2025-01-23
scottishconstructionnow.com	7007	2026-10-05
scottishhousingnews.com	7171	2026-10-05
scottishlegal.com	6413	2026-10-05
scpr.org	7524	2024-02-29
screencrush.com	10392	2026-10-05
screendaily.com	27103	2025-09-05
screenrant.com	213899	2026-10-05
scrippsnews.com	14232	2026-09-14
scroll.in	56451	2026-10-05
sctimes.com	6903	2023-09-10
scvnews.com	22029	2026-10-05
sdbj.com	5951	2026-10-02
sdcexec.com	8119	2025-12-28
sdjewishworld.com	6649	2026-10-05
sdpb.org	14772	2026-10-05
se933.com	21008	2026-10-03
seacoastonline.com	17956	2024-10-24
seafoodsource.com	6470	2025-01-23
seaforthhuronexpositor.com	22832	2026-09-19
seahawks.com	6424	2026-10-05
searchenginejournal.com	6725	2026-10-05
searchengineland.com	9467	2026-09-15
searchlight.vc	23276	2026-10-05
seasideradio.co.uk	13607	2026-10-05
seatrade-maritime.com	9491	2025-01-09
seattlepi.com	165051	2025-11-18
seattletimes.com	70978	2026-07-15
securityinfowatch.com	9816	2026-10-02
sedaliademocrat.com	12406	2026-10-05
seekingalpha.com	145764	2026-10-05
seenews.com	23417	2025-11-19
segmentnext.com	12742	2025-07-30
seguingazette.com	7232	2026-10-03
seguintoday.com	5254	2026-10-05
sej.org	15303	2026-10-05
selectscience.net	14681	2026-10-05
semissourian.com	16204	2026-08-30
sen.com.au	17190	2024-11-11
senate.gov.ph	10256	2025-08-20
seneweb.com	81744	2026-04-30
sent-trib.com	33170	2025-09-17
sentinel-standard.com	6658	2023-09-09
sentinelandenterprise.com	21534	2026-10-05
sentinelassam.com	84183	2026-10-05
sentinelsource.com	22605	2025-02-13
sequimgazette.com	6368	2026-10-05
serbian.cri.cn	11526	2026-10-05
setexasrecord.com	13902	2025-05-21
sevendaysvt.com	20176	2026-10-03
seventeen.com	10867	2026-09-03
seychellesnewsagency.com	7022	2026-02-17
sfchronicle.com	86527	2025-11-18
sfexaminer.com	15603	2026-10-04
sfgate.com	557091	2026-09-12
sfist.com	16449	2026-10-05
sflcn.com	6330	2026-06-04
sfstation.com	9629	2026-10-05
sgvtribune.com	48828	2026-10-05
shabait.com	5390	2026-10-04
shacknews.com	30674	2026-10-05
shafaqna.com	41326	2026-10-05
shanghaiist.com	6071	2026-07-11
shanghainews.net	90800	2026-10-05
shanghaisun.com	156015	2026-10-05
shankennewsdaily.com	7333	2026-10-02
shannonside.ie	29496	2026-10-05
sharecast.com	18144	2026-03-26
sharechat.co.nz	5818	2026-10-02
sharenet.co.za	17883	2026-09-15
shark1053.com	22575	2026-10-03
sharonherald.com	24672	2026-10-05
sheboyganpress.com	9278	2023-09-11
shekicks.net	6466	2026-09-17
sheknows.com	28695	2026-10-03
shelbystar.com	6592	2023-09-11
sheltonherald.com	53654	2025-11-18
shephardmedia.com	8581	2026-10-05
sheppnews.com.au	6976	2025-10-15
sherbrookerecord.com	5376	2026-10-03
sheridanmedia.com	22735	2026-10-05
sherwoodparknews.com	16861	2026-10-03
shetlandtimes.co.uk	8689	2026-10-05
shetnews.co.uk	16617	2026-10-05
shieldsgazette.com	12833	2025-01-23
shine.cn	8014	2025-06-14
ship-technology.com	5388	2026-10-05
shipandbunker.com	17701	2026-10-05
shipnc.com	8591	2026-10-05
shippingtribune.com	6234	2026-10-05
shippingwatch.com	7709	2026-06-26
shockya.com	5868	2026-10-04
shorehamherald.co.uk	6130	2022-02-09
shorelinebeacon.com	23344	2026-08-29
shorelinemedia.net	23807	2026-10-05
shorenewsnetwork.com	18724	2026-03-12
shortlist.com	6854	2026-10-05
showbiz411.com	6344	2026-10-05
shreveporttimes.com	9564	2023-09-11
shropshirelive.com	12035	2026-10-05
shropshirestar.com	67852	2026-03-26
si.com	257501	2026-10-05
siasat.com	166695	2026-10-05
sidneydailynews.com	17900	2025-09-17
sidneyherald.com	11812	2026-10-03
sierraleonetimes.com	71465	2026-10-05
sierrawave.net	6509	2026-10-05
sify.com	66114	2026-10-05
signalscv.com	22287	2026-09-05
siliconangle.com	18944	2026-10-05
siliconera.com	19827	2026-10-05
siliconindia.com	22983	2026-10-05
siliconrepublic.com	20107	2026-10-05
siliconvalley.com	15181	2026-10-04
silive.com	59239	2026-09-14
silverandblackpride.com	15844	2026-10-05
silverbirdtv.com	9376	2026-10-05
simcoe.com	14270	2026-10-04
simcoereformer.ca	52348	2026-10-05
simpleflying.com	8160	2026-09-01
sina.com	68991	2025-01-09
sina.com.hk	30549	2026-10-05
singaporestar.com	77848	2026-10-05
singersroom.com	17182	2026-09-13
singletonargus.com.au	77112	2026-10-05
siouxcityjournal.com	261622	2026-10-05
siouxlandnews.com	8477	2026-10-05
sis.gov.eg	9722	2025-11-14
siskiyoudaily.com	5408	2023-09-11
sitkasentinel.com	36846	2026-10-05
sj-r.com	11627	2023-09-11
skift.com	18177	2026-10-05
sknvibes.com	13026	2026-09-17
skopjediem.com	6749	2026-10-02
sky.com	87588	2026-10-03
skymetweather.com	6276	2026-10-03
skynews.com.au	72895	2026-07-26
slamonline.com	5481	2025-09-10
slashdot.org	5540	2026-10-01
slashfilm.com	43226	2026-10-05
slashgear.com	57720	2026-10-05
slate.com	42875	2026-10-05
sleepreviewmag.com	5282	2026-10-02
slguardian.org	25004	2026-10-05
slippedisc.com	7272	2026-10-05
slotocash.im	6832	2023-11-30
sloughobserver.co.uk	114312	2026-10-05
sloveniatimes.com	12811	2025-11-18
sltrib.com	30346	2026-10-05
slugmag.com	5601	2026-10-05
smallbiztrends.com	13561	2026-10-05
smallwarsjournal.com	6274	2026-06-04
smartcanucks.ca	14107	2026-10-05
smartcompany.com.au	10200	2026-10-05
smartpropertyinvestment.com.au	6351	2026-10-05
smdailyjournal.com	137001	2026-07-31
smdp.com	12592	2026-10-05
smenet.org	5166	2026-10-02
smetimes.in	13984	2026-10-01
smh.com.au	273220	2026-10-05
smithsonianmag.com	5407	2026-10-02
smn-news.com	16343	2026-10-05
smnewsnet.com	11006	2026-03-23
smokymountainnews.com	9287	2026-10-02
snl24.com	37194	2026-07-02
snntv.com	12417	2024-07-01
snopes.com	13727	2026-03-19
so-co-it.com	5992	2026-07-02
soapoperadigest.com	6268	2026-10-04
socaltech.com	5712	2025-12-24
socialistparty.org.uk	5103	2025-01-22
socialmediatoday.com	12917	2026-10-05
sofiaglobe.com	9721	2026-10-05
sofrep.com	14350	2026-09-23
softpedia.com	5650	2024-12-01
softrock941.com	5118	2023-02-13
soglos.com	5927	2026-10-02
sojo1049.com	42276	2026-10-05
solomonstarnews.com	9202	2026-04-30
somdnews.com	22575	2026-10-04
somerset-kentucky.com	30810	2026-10-04
somersetcountygazette.co.uk	194051	2026-10-05
somersetlive.co.uk	97198	2026-10-05
sooeveningnews.com	5730	2023-09-09
sookenewsmirror.com	39813	2026-10-05
soompi.com	34758	2026-10-05
sott.net	73392	2026-10-05
sounderatheart.com	7690	2026-10-04
soundonsound.com	25782	2026-10-05
southbendtribune.com	14724	2023-09-11
southcarolinapublicradio.org	77791	2026-10-05
southcoastregister.com.au	53481	2026-10-05
southcoasttoday.com	12183	2025-05-13
southdadenewsleader.com	8850	2026-10-02
southeastagnet.com	6459	2026-10-05
southeastasiapost.com	102701	2026-10-05
southeastradio.ie	8898	2026-10-05
southeastsun.com	5753	2025-01-17
southernhighlandnews.com.au	65497	2026-10-05
southernliving.com	11781	2026-03-17
southernminn.com	92508	2026-10-04
southernstandard.com	5879	2025-07-19
southernstar.ie	13540	2026-10-05
southgatearc.org	6902	2022-10-08
southpeacenews.com	8642	2026-10-05
southtahoenow.com	54562	2026-10-05
southwalesargus.co.uk	197037	2026-10-05
southwalesguardian.co.uk	96172	2026-10-05
southwhidbeyrecord.com	6266	2026-10-04
sowetan.co.za	7197	2026-10-05
sowetanlive.co.za	56173	2025-10-16
soyacincau.com	16098	2026-09-30
space.com	24176	2026-10-05
spacecoastdaily.com	12305	2026-10-05
spacedaily.com	22176	2026-09-24
spaceref.com	6301	2026-09-03
spacewar.com	31821	2026-10-05
spaldingtoday.co.uk	8426	2023-12-04
spanishvida.com	5360	2026-10-04
spartaindependent.com	5475	2026-10-02
spectator.co.uk	41838	2025-12-16
spectator.org	8506	2026-09-27
spectator.sme.sk	10290	2026-02-18
spectrumlocalnews.com	9095	2026-06-26
spectrummagazine.org	5950	2024-10-24
spectrumnews1.com	7443	2026-02-12
speedcafe.com	32417	2026-10-05
speedwaymedia.com	17098	2026-10-05
spencerdailyreporter.com	5962	2026-10-05
spiked-online.com	7022	2026-10-04
spin.com	7322	2026-03-12
spin1038.com	7578	2026-10-05
spoilertv.com	28321	2026-10-05
spokanepublicradio.org	65305	2026-10-05
spokesman.com	60067	2026-10-05
sportsnet.ca	5652	2022-01-17
spotlightnepal.com	8673	2026-10-05
spotrac.com	57221	2026-10-05
springer.com	6258	2026-10-05
springfieldnewssun.com	54479	2026-10-05
sprucegroveexaminer.com	16769	2026-10-03
sputnikglobe.com	36470	2026-10-05
sputniknews.com	115856	2023-04-05
squamishchief.com	72879	2025-09-05
squatchrocks.com	44928	2026-10-05
srilankamirror.com	15253	2026-10-05
srilankasource.com	100125	2026-10-05
srpressgazette.com	6551	2026-10-05
ssuchronicle.com	20914	2020-04-15
stabroeknews.com	84877	2026-03-26
staffingindustry.com	7493	2024-12-01
stalbansreview.co.uk	82873	2025-12-09
stalbertgazette.com	58824	2025-09-05
stamfordadvocate.com	157056	2025-06-12
stamfordmercury.co.uk	8132	2023-12-04
stampedeblue.com	10297	2026-10-05
standard-democrat.com	5151	2026-08-28
standard-freeholder.com	45502	2026-10-05
standard-journal.com	66715	2026-10-05
standard.co.uk	213074	2026-10-05
standard.net	17976	2026-10-03
standard.net.au	79585	2026-10-05
standardbredcanada.ca	35316	2026-10-05
standardmedia.co.ke	198181	2026-10-05
standardspeaker.com	49242	2026-10-05
stanforddaily.com	6486	2026-10-05
star945.com	8149	2026-10-02
star967.net	13534	2026-03-20
star98.net	10528	2026-10-05
staradvertiser.com	54345	2026-10-05
starbeacon.com	28704	2026-10-05
starcommunity.com.au	9165	2026-04-29
starcourier.com	5441	2023-09-10
stardem.com	34767	2026-10-05
starfm1023.com	6855	2026-09-21
stargazette.com	5321	2023-09-11
starherald.com	50703	2026-10-05
starkvilledailynews.com	5636	2026-09-29
starlocalmedia.com	58963	2026-10-02
starmometer.com	9202	2026-06-08
starnewsonline.com	11634	2023-09-11
starobserver.com.au	8484	2026-10-05
starofmysore.com	35407	2026-10-05
starradiovegas.com	5978	2022-06-24
startribune.com	263278	2026-08-25
starweekly.com.au	25547	2026-03-02
state.gov	15240	2026-10-05
statecollege.com	14003	2026-10-05
statenews.com	9209	2026-10-05
stateofreform.com	5750	2026-03-27
statesboroherald.com	9091	2026-10-04
statesman.com	34154	2026-03-25
statesmanjournal.com	9447	2023-09-11
statesville.com	48048	2026-10-04
staugustine.com	10411	2023-09-11
stawelltimes.com.au	30224	2026-10-03
stcatharinesstandard.ca	111467	2026-10-05
steelers.com	6776	2026-10-03
steinbachonline.com	25990	2026-10-05
stellar.ie	10646	2026-10-05
stereoboard.com	20873	2026-09-22
stereogum.com	21088	2026-10-04
stettlerindependent.com	11923	2026-10-03
stevenspointjournal.com	8837	2023-09-11
stevivor.com	6004	2026-08-24
stgeorgeutah.com	24343	2026-10-05
sthelensstar.co.uk	139456	2026-10-05
stiripesurse.ro	40007	2026-10-05
stlamerican.com	18299	2026-10-04
stlouisstar.com	96230	2026-10-05
stlpublicradio.org	8721	2023-09-01
stltoday.com	242381	2026-10-04
stock-world.de	6893	2024-12-30
stockandland.com.au	39754	2026-10-05
stockhouse.com	12208	2026-07-28
stockjournal.com.au	40128	2026-10-05
stockmarketwire.com	21652	2022-02-23
stokesentinel.co.uk	104418	2026-10-05
stornowaygazette.co.uk	7135	2025-01-23
stourbridgenews.co.uk	146256	2026-10-05
straight.com	17185	2026-10-05
straitstimes.com	200045	2026-10-05
strangehorizons.com	5226	2026-10-05
strategypage.com	10855	2026-10-05
stratford-herald.com	20180	2026-10-05
stratfordbeaconherald.com	41253	2026-10-05
stratfordobserver.co.uk	10206	2026-10-04
strathroyagedispatch.com	35086	2026-01-25
strathroytoday.ca	8705	2026-10-05
streetinsider.com	368521	2024-12-02
streetsblog.org	9800	2026-10-05
stripes.com	98496	2026-10-05
stroudnewsandjournal.co.uk	120054	2026-10-05
stthomastimesjournal.com	41523	2026-09-18
stthomastoday.ca	9388	2026-10-05
stuff.co.nz	290589	2024-01-16
stuff.tv	8486	2026-10-05
stupiddope.com	18434	2025-10-20
sturgisjournal.com	6692	2023-09-11
stuttgartdailyleader.com	12980	2026-10-02
stwnewspress.com	10569	2026-10-01
stylecaster.com	15728	2026-10-04
suasnews.com	5945	2026-10-05
sudantribune.com	6768	2025-02-16
suffolknews.co.uk	12192	2026-10-05
summitdaily.com	22078	2026-10-05
sun-sentinel.com	112929	2026-10-05
suncommercial.com	56308	2026-10-05
sundaymail.co.zw	13635	2025-01-23
sundaynews.co.zw	14210	2025-01-22
sundaystandard.info	7330	2026-10-05
sundaytimes.lk	11373	2026-10-04
sundayworld.co.za	11131	2026-10-05
sundayworld.com	50448	2025-11-24
sunderlandecho.com	19890	2025-01-23
sungazette.com	20541	2026-10-05
sunjournal.com	110405	2026-10-05
sunlive.co.nz	44520	2026-10-05
sunnewsonline.com	41578	2024-06-26
sunny1031.com	7206	2026-10-05
sunny1063.com	13719	2026-02-19
sunny923.com	13178	2026-10-05
sunny943.com	11878	2026-10-03
sunnysidesun.com	5601	2023-04-13
sunshinecoastdaily.com.au	63851	2021-06-23
sunshinestatenews.com	9785	2023-07-22
sunstar.com.ph	96848	2026-10-05
suntimes.com	119214	2026-10-05
superbike-news.co.uk	10810	2026-10-05
superherohype.com	19939	2026-10-05
superhits106.com	8156	2026-10-05
superiortelegram.com	19639	2026-10-03
supermarketnews.com	9929	2026-10-02
supertalk.fm	13267	2026-10-05
supertalk1270.com	7966	2026-10-03
supertalk1570.com	16594	2026-07-09
surfky.com	6514	2026-10-01
surinametimes.com	11592	2026-10-05
surinenglish.com	22231	2026-10-05
surreycomet.co.uk	155388	2026-10-05
sussexexpress.co.uk	45134	2025-01-23
sverigesradio.se	7180	2026-04-15
swag1049.com	11876	2026-09-28
swapacd.com	41096	2025-09-25
swarajyamag.com	36344	2026-07-24
sweetwaternow.com	19957	2026-10-04
swfinstitute.org	15178	2024-06-11
swiftcurrentonline.com	23189	2026-10-05
swimmingworldmagazine.com	6148	2026-02-23
swimswam.com	31965	2026-10-05
swindonadvertiser.co.uk	158471	2026-10-05
swiowanewssource.com	10710	2026-10-04
swishappeal.com	5132	2026-10-05
swissinfo.ch	102936	2026-10-05
swnewsmedia.com	10991	2025-08-05
swoknews.com	68843	2026-10-05
swtimes.com	7227	2023-09-11
swvatoday.com	19077	2026-10-01
swxrightnow.com	5318	2020-12-17
sydneysun.com	71305	2026-10-05
syfy.com	22149	2026-10-04
syracuse.com	73906	2026-02-19
t-g.com	6710	2026-10-05
t3.com	29764	2026-10-05
t95.com	5083	2026-09-29
taftmidwaydriller.com	5986	2026-10-02
tag911.ae	9236	2026-10-05
tahlequahdailypress.com	35077	2026-10-05
tahoedailytribune.com	14560	2026-10-03
taipeitimes.com	110773	2026-10-05
taiwannews.com.tw	47002	2025-11-28
taiwansun.com	40649	2026-10-05
taku105.com	6608	2024-02-15
talk1073.com	5957	2026-10-02
talkandroid.com	8023	2026-07-30
talkers.com	7718	2026-10-02
talkingpointsmemo.com	25910	2026-10-03
talkingretail.com	13464	2026-10-05
talkradio1170.com	24565	2021-09-07
talkradio960.com	21836	2026-10-05
talkvietnam.com	179795	2023-11-26
tallahassee.com	13322	2023-09-11
tamilguardian.com	5870	2026-10-05
tampabay.com	40369	2026-03-26
tanzanianewsreports.com	17579	2026-09-17
taosnews.com	12693	2026-10-04
tapeop.com	10006	2026-10-04
tapinto.net	6703	2023-08-03
targatocn.it	7184	2026-10-05
targetednews.com	180253	2026-10-05
tasnimnews.com	10617	2025-10-07
tass.com	97872	2026-04-09
tasteofcountry.com	22810	2026-10-05
tasteofhome.com	11517	2026-10-04
tatler.com	8031	2026-10-05
tatlerasia.com	6896	2025-10-27
tauntongazette.com	6714	2023-09-11
taylorvilledailynews.com	23975	2026-10-05
tbnewswatch.com	27463	2025-09-05
tbnweekly.com	13489	2026-05-04
tbsnews.net	21092	2026-03-19
tcpalm.com	12606	2023-09-11
tctimes.com	7801	2026-10-04
tctmd.com	5075	2026-05-19
td.org	5155	2026-03-11
tdh.gov.tm	5320	2026-10-05
tdn.com	62876	2026-10-03
tdtnews.com	31366	2026-10-05
team-bhp.com	42769	2026-06-08
teammyrtlebeach.com	20251	2023-08-29
teamtalk.com	76313	2026-10-05
teamusa.org	6354	2023-08-16
techcabal.com	16488	2026-10-05
techcentral.co.za	8323	2026-09-28
techcentral.ie	5967	2026-10-02
techcrunch.com	68671	2026-10-05
techdirt.com	42159	2026-10-05
techmoran.com	8958	2026-10-05
technewstoday.com	6238	2024-04-04
technical.ly	7720	2026-10-05
technuter.com	6634	2026-06-04
techradar.com	113237	2026-10-05
techreport.com	6990	2026-03-27
techrepublic.com	7621	2026-09-23
techshout.com	5599	2025-09-07
techspot.com	27239	2026-10-04
techstory.in	47886	2026-10-05
techtimes.com	52501	2026-10-05
techxplore.com	35782	2026-01-29
tehachapinews.com	9988	2026-10-02
tehelka.com	7045	2025-09-08
telecomasia.net	8005	2026-10-05
telecompaper.com	63068	2026-10-05
telecomtv.com	6173	2026-10-05
telegrafi.com	6160	2026-08-28
telegram.com	19979	2023-09-11
telegraph.co.uk	238741	2024-11-25
telegraphherald.com	94146	2026-10-05
telegraphindia.com	208030	2024-07-30
teletrader.com	7453	2024-03-13
televisual.com	6763	2026-10-05
tellerreport.com	12622	2024-04-09
telluridenews.com	5045	2026-10-03
tellychakkar.com	94830	2025-02-28
tempo.com.ph	19338	2025-05-27
tennessean.com	23387	2023-09-11
tennesseedaily.com	141373	2026-10-05
tenterfieldstar.com.au	47941	2026-10-05
terracestandard.com	28888	2026-10-05
terradaily.com	25073	2026-09-21
tert.am	5948	2026-10-05
tewkesburyadmag.co.uk	18216	2021-03-11
texarkanagazette.com	34260	2026-10-05
texasguardian.com	216614	2026-10-05
texasmonthly.com	9598	2026-06-22
texastribune.org	9222	2026-10-05
textileworld.com	10639	2026-09-30
thailand-business-news.com	29668	2026-10-05
thailandnews.net	36047	2026-10-05
thatballsouttahere.com	5158	2026-10-05
thatsmags.com	5879	2025-02-07
the-daily-record.com	10173	2023-09-11
the-dispatch.com	13162	2026-10-05
the-independent.com	28789	2026-10-05
the-journal.com	14093	2026-03-19
the-leader.com	6615	2023-09-11
the-messenger.com	98252	2026-10-05
the-review.com	9253	2023-09-11
the-star.co.ke	78691	2026-10-05
the-sun.com	27527	2026-10-04
the42.ie	77018	2026-10-05
the72.co.uk	11488	2026-10-05
theadanews.com	12376	2026-10-03
theadvertiser.com	7982	2023-09-11
theadviser.com.au	7450	2026-10-04
theadvocate.com	65287	2026-10-05
theadvocate.com.au	63857	2026-10-05
theadvocatengr.com	10123	2021-09-14
theafricareport.com	9656	2026-08-21
theage.com.au	252889	2026-10-05
thealpenanews.com	24960	2026-10-05
theamericanconservative.com	8762	2026-10-05
theanswertampa.com	5052	2024-09-25
thearabtribune.com	9359	2026-10-05
theargus.co.uk	173395	2026-10-05
theartnewspaper.com	14217	2026-10-03
theartsdesk.com	13222	2026-10-05
theasian.asia	6166	2026-10-05
theatermania.com	6070	2026-10-05
theathletic.com	40386	2024-05-13
theatlantic.com	32431	2026-09-22
theaustralian.com.au	85916	2024-07-31
theautochannel.com	11283	2026-10-05
thebangladeshtoday.com	6735	2026-10-04
thebatavian.com	22637	2026-10-05
thebatt.com	5044	2026-10-05
thebeacon.net	5201	2026-10-01
thebeat925.ca	10501	2026-10-02
thebeatdfw.com	12289	2026-10-05
thebeatofthecapital.com	17701	2026-10-04
thebeijinger.com	16160	2026-09-28
thebftonline.com	32511	2026-10-05
thebigdm.com	7599	2026-10-03
thebiglead.com	28369	2026-10-05
thebigstation93blx.com	9760	2026-10-05
theblacksheartimes.com	7355	2026-10-03
theblaze.com	30342	2026-10-05
theboar.org	6127	2026-10-05
theboltonnews.co.uk	161704	2026-10-05
theboneonline.com	15283	2026-10-03
theboot.com	19784	2026-10-05
theborneopost.com	50209	2026-09-24
thebostonpilot.com	21315	2026-10-02
theboxhouston.com	6648	2026-10-02
thebreakingtimes.com	6436	2026-02-05
thebrunswicknews.com	37082	2026-10-05
thebullamarillo.com	9965	2024-04-29
thebulletin.be	8715	2026-05-14
thebulltulsa.com	42888	2025-10-10
thebusinessdesk.com	31558	2026-10-05
thebusinessjournal.com	9838	2026-10-01
thecabin.net	19843	2026-10-03
thecable.ng	102206	2026-08-07
thecaribbeancamera.com	6801	2026-10-04
thecattlesite.com	9271	2026-10-05
thecentersquare.com	47172	2026-06-26
thechiefleader.com	5793	2026-10-02
thechronicle-online.com	36551	2026-06-29
thechronicle.com.au	59588	2024-07-26
thechronicle.com.gh	27828	2026-10-05
thechronicleherald.ca	29241	2020-11-12
thechronicleonline.com	6398	2024-10-01
thecitizen.co.tz	21288	2026-10-05
thecitizen.com	10990	2026-10-04
thecitizen.in	6736	2026-10-05
thecoast.net.nz	8066	2026-10-05
thecollegefix.com	7074	2026-10-04
thecomet.net	42095	2026-10-05
thecommonsenseshow.com	5386	2022-03-12
thecommunityvoice.com	5687	2026-10-03
theconservativetreehouse.com	48415	2026-10-05
theconstructionindex.co.uk	28949	2026-10-05
theconversation.com	103219	2026-10-05
thecork.ie	5299	2026-10-05
thecorner.eu	6089	2026-10-05
thecourier.co.uk	126383	2025-05-27
thecourier.com	6262	2024-02-01
thecourier.com.au	66311	2026-10-05
thecourierexpress.com	34462	2026-10-05
thecragandcanyon.ca	9402	2026-10-03
thecranberryeagle.com	6314	2026-09-30
thecrimson.com	18252	2026-10-04
thedailybeast.com	74088	2026-10-05
thedailyblog.co.nz	22905	2026-10-05
thedailycitizen.com	13014	2024-08-22
thedailyjournal.com	8370	2023-09-11
thedailymash.co.uk	12227	2026-10-05
thedailymeal.com	24343	2026-10-05
thedailynewnation.com	27080	2024-07-26
thedailynewsonline.com	33849	2026-10-05
thedailyrecord.com	30684	2026-06-04
thedailyreporter.com	5901	2023-09-08
thedailyreview.com	40016	2026-10-05
thedailystar.com	35912	2026-10-05
thedailystar.net	218843	2026-10-05
thedailytimes.com	48719	2026-10-05
thedailyworld.com	8562	2026-10-05
theday.com	76094	2024-12-10
thedenverchannel.com	21269	2022-09-07
thedestinlog.com	5975	2023-09-11
thedickinsonpress.com	36676	2026-10-05
thedigitalcourier.com	35381	2026-10-04
thediplomat.com	23202	2026-10-02
thediplomat.ro	11269	2026-10-05
thedp.com	10030	2026-10-05
thedrinksbusiness.com	15226	2026-09-21
thedrum.com	26119	2026-07-15
theduke.fm	7549	2025-08-29
theeagle.com	35988	2026-10-03
theeagle1069.com	11506	2026-09-30
theeagleonline.com.ng	60806	2026-10-05
theeastafrican.co.ke	17594	2026-08-15
theedgemarkets.com	47793	2023-05-12
theedinburghreporter.co.uk	8194	2026-10-05
theengineer.co.uk	9656	2026-06-05
theenterpriseleader.com	376144	2025-04-18
theepochtimes.com	317179	2026-10-05
thefacts.com	21740	2026-10-04
thefader.com	8040	2026-10-03
thefamuanonline.com	5073	2026-10-04
thefan1075.com	76865	2026-10-05
thefanfm.com	20321	2021-03-19
thefastmode.com	16481	2026-10-05
thefederalist.com	30363	2026-10-05
thefencepost.com	10376	2026-10-04
thefirstnews.com	5660	2024-01-28
thefranklinnewspost.com	6662	2026-09-29
thefreepress.ca	29394	2026-10-05
thefreshloaf.com	13737	2026-10-04
thefrisky.com	8666	2026-06-03
thefrontierpost.com	91250	2026-10-05
thefutoncritic.com	39204	2026-10-05
thegadgetman.org.uk	5084	2026-09-21
thegame730am.com	18800	2025-12-01
thegamenashville.com	51229	2026-10-05
thegardenisland.com	17953	2026-10-05
thegazette.com	54883	2026-10-05
theglobeandmail.com	198129	2026-10-05
thegrio.com	41543	2026-10-04
thegrocer.co.uk	30005	2025-09-05
theguardian.com	488308	2026-10-05
theguardian.pe.ca	27018	2020-11-12
thehardtackle.com	50838	2026-10-05
thehawkeye.com	9259	2022-12-02
thehayride.com	5894	2026-10-02
thehealthsite.com	34374	2026-02-16
thehendersonnews.com	10575	2024-05-30
theherald-news.com	9633	2026-01-29
theherald.co.za	7309	2026-10-05
theheraldghana.com	12112	2026-10-05
thehill.com	140700	2026-01-07
thehimalayantimes.com	33165	2026-03-30
thehindu.com	990181	2026-10-05
thehindubusinessline.com	278971	2026-10-05
thehitavada.com	30773	2026-10-05
thehits.co.nz	8413	2026-10-05
thehollywoodgossip.com	17095	2026-10-05
thehorse.com	5111	2026-04-13
thehot1039.com	7227	2026-10-05
thehour.com	150380	2026-06-22
theiet.org	13479	2026-10-02
theifp.ca	7457	2026-10-05
theindependent.co.zw	13749	2026-06-25
theindependent.com	69759	2026-10-04
theindependent.sg	6847	2026-03-17
theindianawaaz.com	31918	2026-10-05
theindychannel.com	8382	2020-08-11
theinertia.com	10556	2026-10-03
theintell.com	5596	2023-01-24
theintelligencer.com	80557	2026-06-22
theintelligencer.net	25570	2026-10-05
theintermountain.com	18317	2026-10-05
theirishfield.ie	12322	2026-10-05
theirishworld.com	5014	2026-10-04
theislamicmonthly.com	5935	2026-10-05
theislandnow.com	5886	2025-10-02
theisonews.com	30453	2020-10-30
theitem.com	26134	2026-10-05
thejakartapost.com	70219	2026-10-05
thejc.com	11696	2026-10-05
thejerseytomatopress.com	8608	2025-07-12
thejetpress.com	5587	2026-10-05
thejournal.ie	120858	2026-10-05
thejoyfm.com	8203	2026-01-05
thejudge13.com	5774	2026-10-05
thekansan.com	9309	2026-10-03
thelancasterandmorecambecitizen.co.uk	31708	2023-02-07
thelancet.com	7560	2024-04-30
theland.com.au	45456	2026-10-05
thelandryhat.com	6016	2026-10-05
theleader.com.au	88738	2026-10-05
theleader.info	16917	2026-10-04
theleafchronicle.com	6764	2023-09-11
theledger.com	15716	2023-09-11
thelincolnite.co.uk	16781	2025-10-23
thelinkpaper.ca	5274	2026-10-05
thelocal.at	7224	2026-10-05
thelocal.ch	7817	2026-10-05
thelocal.de	13037	2026-10-05
thelocal.dk	8112	2026-10-05
thelocal.es	9816	2026-10-05
thelocal.fr	16726	2026-10-05
thelocal.it	8452	2026-10-05
thelocal.no	7472	2026-10-05
thelocal.se	11489	2026-10-05
thelondoner.ca	36738	2025-12-17
themag.co.uk	14246	2026-10-05
themainewire.com	9793	2026-10-04
themalaysianinsight.com	24614	2024-09-16
themaneland.com	6039	2026-10-05
themarketsdaily.com	585081	2026-10-05
themarysue.com	33784	2026-10-05
themedialine.org	23060	2026-10-05
themediaonline.co.za	6122	2026-10-05
themercury.com.au	36877	2024-07-29
themiamihurricane.com	5589	2026-10-05
themiddlemarket.com	23964	2026-08-19
themilitant.com	5446	2026-09-11
themobileindian.com	12848	2026-10-05
themonitor.com	5325	2021-01-11
themorningbulletin.com.au	63217	2021-06-23
themorningsun.com	34355	2026-10-05
themoscowtimes.com	22665	2026-10-05
themountainmail.com	22707	2026-10-04
themountainpress.com	26199	2026-10-03
themunicheye.com	8204	2026-10-05
themusic.com.au	9878	2026-08-12
thenassauguardian.com	24938	2026-10-05
thenation.com	19683	2026-10-05
thenational.ae	31171	2020-10-14
thenational.com.pg	20153	2026-10-05
thenational.scot	110495	2026-10-05
thenationalherald.com	7932	2026-05-07
thenationalnews.com	61753	2026-10-05
thenationonlineng.net	199660	2026-10-05
thenelsondaily.com	6189	2024-09-27
thenewamerican.com	8772	2026-10-04
thenewdaily.com.au	23374	2025-01-23
thenewdawnliberia.com	24321	2026-10-05
thenewpulsefm.com	6801	2026-10-05
thenews-chronicle.com	36773	2025-01-29
thenews-messenger.com	7786	2023-09-11
thenews.com.pk	492231	2026-10-05
thenewsguard.com	9375	2026-10-04
thenewsherald.com	24492	2026-10-04
thenewsminute.com	31951	2026-10-05
thenewsnigeria.com.ng	11480	2026-10-05
thenewsstar.com	6563	2023-09-11
thenewswheel.com	6752	2026-07-07
thenextweb.com	11707	2026-10-05
thenigerianvoice.com	9550	2026-03-11
thenortheasttoday.com	6563	2025-10-20
thenorthernecho.co.uk	226016	2026-10-05
thenorthlines.com	47082	2026-10-05
thenorthwestern.com	9314	2023-09-11
theoaklandpress.com	44265	2026-10-05
theobserver.ca	48817	2026-10-05
theolivepress.es	31293	2026-07-30
theonion.com	9866	2026-10-02
theonlinecitizen.com	8082	2025-02-13
theparisnews.com	31414	2026-10-04
thepeak1041.com	13905	2026-09-22
thepeakfm.com	8306	2026-10-05
thepeninsulaqatar.com	167080	2026-10-05
thepeoplesperson.com	36319	2026-10-05
thepeterboroughexaminer.com	61104	2026-10-05
thephinsider.com	10823	2026-10-05
thephuketnews.com	19442	2025-03-05
thepienews.com	5321	2026-10-05
thepigsite.com	8087	2026-10-02
thepilot.com	7419	2026-10-04
thepinetree.net	5784	2026-10-05
thepinknews.com	21137	2026-10-05
thepiratescove.us	9007	2025-09-07
theplainsman.com	6597	2026-08-11
thepoint.gm	14853	2026-10-05
thepointsguy.com	19711	2026-10-04
theportugalnews.com	50022	2026-10-05
thepost.on.ca	23589	2026-08-28
thepostathens.com	11678	2026-10-05
thepoultrysite.com	8275	2026-10-05
theprint.in	20423	2026-08-04
theproducenews.com	11398	2026-01-03
theprogress.com	32602	2026-10-05
theprogressnews.com	16159	2026-10-05
theprovince.com	28391	2026-10-05
theprowersjournal.com	5717	2026-10-01
thepublicopinion.com	26347	2023-09-11
thequietus.com	10151	2026-10-05
thequint.com	6366	2026-03-16
therakyatpost.com	19117	2026-10-05
theranch.fm	9205	2026-09-08
therealdeal.com	50897	2026-09-14
therebelrocks.com	19458	2022-08-22
therecord.com	34670	2026-10-05
theredstonerocket.com	5172	2026-10-02
thereflector.com	10208	2026-09-30
theregister.com	37447	2026-10-05
thereminder.ca	98319	2026-10-03
thereporter.com	11559	2026-10-05
thereporteronline.com	44438	2026-10-05
therepublic.com	102406	2026-04-01
theridgefieldpress.com	54487	2025-06-14
therightscoop.com	14308	2026-10-05
theroar.com.au	38339	2026-10-05
therockofrochester.com	36771	2026-10-04
therolladailynews.com	8983	2026-08-24
theroot.com	18796	2026-10-04
therural.com.au	43675	2026-10-05
thesalemnewsonline.com	28328	2026-10-03
thescarboroughnews.co.uk	18854	2025-01-23
thescore.com	5139	2026-03-18
thescore1260.com	45702	2026-10-05
thescottishfarmer.co.uk	25631	2026-10-05
thescottishsun.co.uk	6966	2026-02-23
thesheridanpress.com	6763	2026-09-30
theshillongtimes.com	51386	2026-10-05
thesierraleonetelegraph.com	8692	2026-10-05
thesixthaxis.com	9678	2026-10-05
theskanner.com	6754	2026-05-10
theskinny.co.uk	6735	2026-09-29
thesource.com	38028	2026-10-02
thesouthafrican.com	134703	2026-10-05
thesouthern.com	56396	2026-10-03
thesouthernreporter.co.uk	9553	2025-01-23
thespec.com	34505	2026-10-05
thespectrum.com	5397	2023-09-09
thespiritsbusiness.com	13182	2026-10-05
thespread.com	20558	2026-05-11
thespun.com	17568	2023-10-13
thestandard.co.zw	20544	2026-09-01
thestandard.com.hk	105833	2026-09-28
thestandard.org.nz	7041	2025-10-04
thestar.co.uk	20920	2025-01-23
thestar.com	98037	2026-10-04
thestar.com.my	498706	2026-10-05
thestarphoenix.com	39264	2026-10-04
thestarpress.com	7271	2023-09-11
thestatesman.com	68849	2026-06-10
thestkittsnevisobserver.com	5100	2026-03-17
thestrad.com	8272	2025-09-05
thestranger.com	13110	2026-10-03
thestreet.com	43387	2026-08-04
thestreetjournal.org	48434	2026-01-16
thesubtimes.com	14335	2025-10-04
thesuburban.com	18244	2026-10-05
thesudburystar.com	61930	2026-10-05
thesun.co.uk	70398	2026-09-30
thesun.ie	20857	2026-03-18
thesun.my	39404	2026-02-08
thesun.ng	40752	2026-10-05
thesunchronicle.com	85048	2026-10-05
thesundaily.my	99874	2023-11-06
thesylvaherald.com	5970	2026-09-30
thetab.com	32798	2026-10-04
thetablet.co.uk	6144	2026-10-04
thetablet.org	9218	2026-10-02
thetandd.com	58962	2026-10-03
thetelegram.com	22428	2020-11-11
thetelegraph.com	163596	2026-06-22
thetelegraphandargus.co.uk	181013	2026-10-05
thethaiger.com	14483	2026-03-19
thetidenewsonline.com	34885	2026-10-05
thetimes-tribune.com	71499	2026-10-05
thetimes.co.uk	214037	2024-06-05
thetimes.com	85776	2026-10-05
thetimesherald.com	5081	2023-09-11
thetimesnews.com	12548	2026-10-05
thetimestribune.com	25018	2026-10-05
thetottenhamindependent.co.uk	96972	2026-10-05
thetowntalk.com	5540	2023-09-11
thetrucker.com	14393	2026-10-04
thetruthaboutcars.com	16355	2026-10-03
theturtleislandnews.com	19040	2026-10-02
thetyee.ca	9238	2026-10-05
theuknews.com	38877	2026-10-05
theunion.com	19957	2026-10-03
theurbandaily.com	9354	2026-09-30
theusnews.com	141654	2026-10-05
theverge.com	67546	2026-10-05
thevermilion.com	6298	2026-10-05
thevisitor.co.uk	5324	2021-12-13
thevoicebw.com	6374	2024-08-09
thevoiceslu.com	15416	2026-10-03
thevwindependent.com	8645	2026-10-05
thewave.ca	10659	2025-12-07
theweek.co.uk	12509	2023-09-12
theweek.com	54485	2026-10-05
theweek.in	89857	2026-08-25
theweektoday.com	18233	2024-09-18
thewest.com.au	9244	2026-10-04
thewesterlysun.com	24714	2026-10-03
thewestmorlandgazette.co.uk	199402	2026-10-05
thewestonforum.com	6800	2025-10-31
thewestonmercury.co.uk	58922	2026-10-05
thewhig.com	51987	2026-10-05
thewhiskeywash.com	15100	2026-10-05
thewire.in	44530	2024-03-27
thewolf.ca	8127	2026-10-05
theworld.org	9079	2026-06-26
theworldlink.com	22069	2026-10-05
thewrap.com	81196	2026-10-05
thexboxhub.com	10191	2026-10-04
thexradio.com	11147	2026-10-01
theyeshivaworld.com	35860	2026-10-05
theyucatantimes.com	9446	2025-06-10
thezimbabwean.co	7145	2026-10-05
thezimbabwedaily.com	16271	2026-02-04
thezimbabwemail.com	31972	2026-08-29
thirdsector.co.uk	8964	2026-07-03
thisdaylive.com	169756	2026-10-05
thisisanfield.com	21552	2026-01-24
thisislancashire.co.uk	54733	2023-02-07
thisislocallondon.co.uk	155513	2025-12-03
thisismoney.co.uk	52701	2025-11-06
thisisoxfordshire.co.uk	175064	2026-10-05
thisisthewestcountry.co.uk	18359	2023-02-07
thisiswiltshire.co.uk	138616	2026-10-05
thomasnet.com	15573	2024-02-05
thompsoncitizen.net	86287	2025-01-20
thunder987.com	5645	2021-03-31
thurrockgazette.co.uk	95312	2026-10-05
thurstontalk.com	6290	2026-10-05
thv11.com	51235	2026-06-05
thyblackman.com	10276	2026-10-05
tibet.net	9933	2026-10-05
tickerreport.com	457078	2026-10-05
ticotimes.net	6449	2026-01-09
tide1009.com	6739	2026-03-09
tiftongazette.com	10484	2026-10-03
tigerdroppings.com	5399	2022-01-13
tigernet.com	9295	2025-11-20
tigersroar.com	9922	2026-09-26
tillamookheadlightherald.com	14444	2026-10-05
timberjay.com	6951	2026-10-03
time.com	26903	2026-10-05
timeout.com	19709	2026-10-05
timeoutdubai.com	8263	2023-01-03
times-gazette.com	8414	2023-09-11
times-herald.com	6764	2026-10-05
times-journal.com	6328	2026-10-03
times-news.com	38548	2026-10-04
times-series.co.uk	103053	2026-10-05
times-standard.com	16658	2026-10-05
times.co.sz	9098	2026-03-15
timesandstar.co.uk	155812	2026-10-05
timesargus.com	34427	2026-10-05
timesbulletin.com	6968	2026-10-05
timesca.com	14808	2026-10-03
timescall.com	41337	2026-10-05
timescitizen.com	6141	2026-10-04
timescolonist.com	119190	2025-01-21
timesdaily.com	46196	2026-10-05
timesenterprise.com	9134	2026-10-02
timesfreepress.com	37334	2026-10-05
timesgazette.com	8366	2025-09-17
timesherald.com	45876	2026-10-05
timesheraldonline.com	10789	2026-10-05
timeshighereducation.com	11653	2026-10-05
timesleader.com	22181	2026-10-05
timesleader.net	6354	2026-10-03
timesleaderonline.com	18759	2026-10-05
timeslive.co.za	139225	2026-10-05
timesnews.net	36240	2025-11-11
timesnewspapers.com	5153	2026-10-05
timesnownews.com	143696	2026-04-29
timesofearth.com	6497	2026-10-05
timesofisrael.com	138709	2023-11-04
timesofmalta.com	121997	2026-04-15
timesofoman.com	54050	2026-10-05
timesofsandiego.com	24686	2026-10-05
timesonline.com	9679	2023-09-11
timesrecordnews.com	9821	2023-09-11
timesreporter.com	10999	2023-09-11
timesrepublican.com	22613	2026-10-05
timesreview.com	23630	2026-06-04
timestelegram.com	7281	2023-09-11
timesunion.com	119604	2025-11-14
timeswv.com	18951	2026-10-04
timminspress.com	59626	2026-10-05
timminstimes.com	44691	2026-01-26
tipperarylive.ie	30669	2026-05-14
tippfm.com	18541	2026-07-17
tippmidwestradio.com	13480	2026-10-05
tirebusiness.com	6666	2026-06-09
titansradio.com	16473	2026-10-04
titusvilleherald.com	22168	2022-12-01
tivysideadvertiser.co.uk	127222	2026-10-05
tmcnet.com	437717	2025-01-23
tmj4.com	6376	2026-03-19
tmz.com	55353	2026-10-05
tnledger.com	49763	2026-10-04
tnonline.com	38452	2026-10-05
tnp.sg	13213	2025-10-30
today.az	57389	2026-07-15
today.com	70316	2026-10-05
today.ng	48383	2024-06-20
today.rtl.lu	6406	2026-05-21
todayfm.com	16832	2026-10-05
todayheadline.co	7585	2025-01-27
toffeeweb.com	8947	2026-10-04
tokyoreporter.com	5318	2026-10-04
tolonews.com	32868	2024-06-06
tomsguide.com	54253	2026-10-05
tomshardware.com	19916	2026-10-05
tonyskansascity.com	46858	2026-10-05
topspeed.com	26281	2026-10-05
topwirenews.com	19573	2026-10-01
tor.com	21154	2024-01-23
toronto.citynews.ca	79663	2026-10-05
toronto.com	16404	2026-10-05
toronto.ctvnews.ca	37722	2025-01-23
torontosun.com	97182	2026-10-05
torontotelegraph.com	106574	2026-10-05
torquenews.com	29987	2026-10-05
totaltele.com	9723	2026-10-01
toucharcade.com	6249	2025-04-19
towleroad.com	15902	2024-04-28
townandcountrymag.com	19231	2026-10-04
townhall.com	96030	2026-10-05
townsvillebulletin.com.au	91886	2026-10-05
toynews-online.biz	5670	2026-10-01
tpr.org	35454	2026-10-05
tradearabia.com	119263	2026-10-05
tradeonlytoday.com	5895	2026-10-02
tradersmagazine.com	8343	2026-10-05
tradewindsnews.com	8151	2026-03-18
trains.com	13884	2026-10-05
trak.in	9563	2026-10-05
transylvaniatimes.com	9944	2026-10-05
travelandleisure.com	22155	2026-03-17
travelbizmonitor.com	8841	2026-08-27
traveldailymedia.com	27645	2026-06-05
traveldailynews.asia	10250	2026-04-19
traveldailynews.com	24067	2026-01-24
travelextra.ie	12202	2026-10-05
traveller.com.au	6007	2023-04-11
travelmarketreport.com	12248	2026-10-05
travelmole.com	9334	2026-05-01
travelweekly.com	19561	2026-02-06
travelweekly.com.au	18422	2026-10-02
trbusiness.com	9202	2026-10-05
trend.az	35260	2026-10-05
trentonian.ca	44449	2026-06-22
trentonian.com	31099	2026-10-05
trib.com	63167	2026-10-04
tribdem.com	59729	2026-10-05
tribecacitizen.com	5698	2026-10-05
triblive.com	99379	2026-05-04
tribstar.com	51587	2026-10-04
tribtoday.com	29591	2026-10-05
tribtown.com	97408	2025-04-15
tribune.com.pk	266440	2026-10-05
tribune.net.ph	67737	2026-10-05
tribune242.com	46081	2026-10-02
tribuneindia.com	293784	2026-10-05
tribuneledgernews.com	34555	2026-10-02
tribuneonlineng.com	166495	2026-10-05
tribunnews.com	10202	2026-09-02
tribute.ca	8148	2025-01-21
tricitynews.com	79527	2025-08-01
trinidadexpress.com	52683	2026-10-05
trinidadtimes.com	54348	2026-10-05
triplicate.com	5760	2026-10-05
troyrecord.com	39399	2026-10-05
trtworld.com	11841	2026-03-19
truebluela.com	11124	2026-10-05
truenorthreports.com	6071	2023-06-30
trumbulltimes.com	49197	2025-06-14
trussvilletribune.com	12598	2026-10-05
trust.org	37925	2026-04-28
trustedreviews.com	22921	2026-10-05
truthout.org	19428	2026-10-03
tsln.com	8333	2026-10-03
tsn.ca	167673	2026-10-05
tspr.org	25067	2026-10-05
ttgasia.com	13324	2026-10-05
ttnworldwide.com	7946	2026-10-05
ttrweekly.com	11001	2026-10-05
tucson.com	195508	2026-10-05
tucsonpost.com	41179	2026-10-05
tucsonsentinel.com	21556	2025-07-21
tucsonweekly.com	8436	2026-10-05
tudno.co.uk	20766	2023-04-26
tuko.co.ke	17879	2026-03-19
tulsaworld.com	111131	2026-10-03
tuoitrenews.vn	28862	2025-04-16
turkishpress.com	8519	2024-03-13
turlockjournal.com	5414	2026-10-03
turnto10.com	52291	2026-10-05
turnto23.com	50394	2026-10-05
tuscaloosanews.com	10891	2023-09-11
tv6tnt.com	23778	2026-10-05
tvfanatic.com	6905	2025-05-15
tvgrapevine.com	16836	2026-10-05
tvguide.co.uk	1956946	2026-10-05
tvguide.com	9870	2026-10-04
tvline.com	21585	2026-10-05
tvnewscheck.com	26840	2026-10-05
tvnz.co.nz	5645	2021-10-05
tvone.tv	5685	2026-10-02
tvovermind.com	20006	2026-10-04
tvseriesfinale.com	6240	2026-10-02
tvtechnology.com	11790	2026-10-02
tvtonight.com.au	29351	2026-10-05
tweaktown.com	28503	2025-03-01
tweeddailynews.com.au	45440	2021-04-28
twincities.com	40018	2026-10-05
twinsdaily.com	15949	2026-10-05
twitchy.com	63867	2026-10-05
twtd.co.uk	111935	2026-10-05
tylerpaper.com	28898	2026-10-05
typepad.com	10528	2024-12-01
tyrepress.com	6953	2026-10-05
ualrpublicradio.org	50464	2026-10-05
uark.edu	7435	2026-10-05
ubergizmo.com	8084	2026-10-02
ucanews.com	24795	2026-10-05
ucla.edu	6854	2026-10-03
udaipurkiran.com	80054	2026-10-05
udayavani.com	18341	2026-09-28
udn.com	7876	2026-10-05
uefa.com	8140	2024-07-24
uexpress.com	18136	2026-01-13
ufc.com	7317	2026-10-05
uk.com	8416	2026-10-04
ukiahdailyjournal.com	11560	2026-10-05
ukrainianjournal.com	15275	2026-01-27
ukrinform.net	22093	2026-03-19
uky.edu	8960	2026-10-05
ulladullatimes.com.au	64163	2026-10-05
uloop.com	11205	2026-10-04
ultimateclassicrock.com	16545	2026-10-04
ummid.com	19394	2026-10-03
umn.edu	14288	2026-10-03
un.org	6581	2026-10-02
uncrate.com	10285	2026-10-03
undercurrentnews.com	33583	2026-10-05
undertheradar.co.nz	25473	2026-10-05
undertheradarmag.com	18765	2026-07-24
undp.org	28482	2026-10-05
unesco.org	5061	2026-08-09
unian.info	12516	2026-02-09
uniindia.com	31007	2026-03-17
union-bulletin.com	46425	2026-10-05
uniondemocrat.com	13480	2026-10-05
unionleader.com	100119	2026-09-28
unionrecorder.com	12306	2026-10-03
unitaid.eu	25148	2026-08-02
unitedwithisrael.org	13845	2026-07-22
universetoday.com	5358	2026-10-05
universityworldnews.com	14410	2026-10-04
unm.edu	5544	2026-10-05
unmultimedia.org	7763	2023-10-16
uow.edu.au	17760	2024-11-07
updatesnews.com	25511	2022-10-01
upenn.edu	7218	2026-10-02
upi.com	102258	2026-09-08
upnorthlive.com	39714	2026-10-05
uppermichiganssource.com	34155	2026-10-04
upr.org	52980	2026-10-05
uproxx.com	21017	2026-10-01
upstract.com	65174	2021-06-14
upstreamonline.com	25190	2026-10-05
urbanacitizen.com	5866	2025-09-17
urbanmilwaukee.com	34515	2026-10-05
urdupoint.com	44060	2025-01-27
us103.com	26107	2026-05-31
us105fm.com	37841	2026-10-05
usanetwork.com	7362	2025-08-13
usatoday.com	217936	2025-04-26
usembassy.gov	7987	2026-09-16
usf.edu	64607	2026-02-26
usmagazine.com	68753	2026-10-05
usnews.com	60090	2024-07-31
usni.org	7584	2026-06-01
utahindependent.com	23614	2026-10-05
utdailybeacon.com	5058	2026-10-04
uticaod.com	14125	2023-09-11
utilitydive.com	9963	2026-10-04
utv44.com	6377	2026-10-03
v100fm.com	6445	2026-10-05
v100rocks.com	14210	2026-10-05
v1019.com	20166	2026-10-05
vaalweekblad.com	14927	2023-11-09
vaildaily.com	29204	2026-10-05
valdostadailytimes.com	76113	2026-10-05
valleybreeze.com	13980	2026-10-02
valleymorningstar.com	6006	2021-01-11
valleynewslive.com	33776	2026-10-05
valuewalk.com	9489	2025-01-23
vancourier.com	30069	2021-01-13
vancouverisland.ctvnews.ca	24418	2026-09-30
vancouversun.com	59294	2026-10-05
vandaliaradio.com	12094	2026-10-05
vanguardngr.com	224262	2026-10-05
vanityfair.com	19197	2026-10-05
variety.com	98678	2026-10-05
varsity.co.uk	8982	2026-10-05
vavel.com	12328	2026-10-04
vccircle.com	11576	2026-10-05
vcstar.com	9705	2023-09-11
vcyamerica.org	5662	2023-07-13
vdare.com	10802	2024-07-25
vegnews.com	13016	2026-10-04
venezuelastar.com	21619	2026-10-05
venturebeat.com	5743	2025-08-30
venturesafrica.com	22144	2024-11-16
vermilionstandard.com	12942	2026-10-03
vermontbiz.com	25528	2026-09-24
vernonmorningstar.com	53271	2026-10-05
verticalmag.com	14130	2026-10-05
vervetimes.com	11695	2025-01-26
vestnikkavkaza.net	24786	2022-01-22
veteranstoday.com	14175	2025-02-13
vg247.com	9511	2026-09-30
vgchartz.com	41132	2026-10-05
vibe.com	12138	2026-10-02
vice.com	21749	2026-10-05
vicnews.com	38914	2026-10-05
victoriaadvocate.com	5798	2026-10-04
victorygirlsblog.com	6898	2026-10-05
videtteonline.com	7632	2026-10-05
vietnamnet.vn	30619	2026-06-03
vietnamnews.vn	66193	2026-10-05
vietnamtribune.com	62719	2026-10-05
viewngr.com	44838	2025-01-29
vikings.com	5830	2026-10-05
vikingsterritory.com	18827	2026-10-05
villagesoup.com	21386	2024-09-18
vindy.com	50273	2026-10-05
vir.com.vn	29762	2026-10-05
virginislandsdailynews.com	20058	2026-10-05
virginislandsnewsonline.com	37913	2026-10-04
virginradio.co.uk	8279	2026-10-05
visayandailystar.com	32164	2026-06-06
vision.org.au	8530	2026-10-01
visionmp.com	10399	2026-07-10
vladtv.com	46505	2026-10-04
vmagazine.com	7602	2026-06-03
vnews.com	21211	2026-10-05
vnexpress.net	16986	2026-03-19
voanews.com	134120	2026-10-05
voazimbabwe.com	12730	2026-03-20
vocm.com	40497	2026-10-05
vogue.co.uk	19230	2026-10-05
vogue.com	34772	2026-10-05
vogue.in	10930	2026-10-05
voice-online.co.uk	11117	2026-10-05
voicenews.com	19643	2025-11-04
voiceofalexandria.com	81589	2026-10-04
voiceofvienna.org	15861	2026-10-04
voiceonline.com	10292	2026-10-05
vol.at	17182	2026-10-05
volcanodiscovery.com	17770	2026-09-30
volumeone.org	5056	2026-10-05
vovworld.vn	9520	2026-01-25
vox.com	20215	2026-10-05
voxy.co.nz	48332	2026-07-07
vpm.org	20009	2023-01-27
vpr.org	5702	2022-06-22
vtcng.com	15097	2026-10-04
vtdigger.org	13011	2026-10-04
vulcanadvocate.com	8872	2026-10-03
vulture.com	26260	2026-10-05
vvdailypress.com	8735	2023-09-11
w4country.com	6048	2026-10-05
wa1a.com	10641	2026-10-05
waateanews.com	26493	2026-10-05
waaytv.com	47338	2026-08-02
wabcradio.com	7619	2025-02-02
wabe.org	21327	2026-04-24
wabi.tv	38985	2026-10-05
wabx.net	34868	2026-10-05
wach.com	39773	2026-10-05
wacotrib.com	70941	2026-10-03
wadenapj.com	25872	2026-10-04
wadk.com	36948	2026-10-03
waer.org	41855	2026-10-05
wafb.com	39442	2026-10-04
waff.com	34213	2026-10-05
wagmtv.com	12500	2026-10-03
wahoo-ashland-waverly.com	17430	2026-10-03
wahpetondailynews.com	16312	2026-10-04
wajr.com	5237	2026-10-04
waka.com	11547	2026-10-05
wakefieldexpress.co.uk	18345	2025-01-23
wakg.com	7980	2026-09-18
walb.com	34271	2026-10-05
walesonline.co.uk	259721	2026-10-05
walkermn.com	15368	2026-10-05
wallaceburgcourierpress.com	38498	2026-06-29
wallowa.com	8481	2026-10-05
wallpaper.com	15685	2026-10-05
walls102.com	8142	2023-06-13
wallstreet-online.de	85950	2026-10-05
wam.ae	15139	2023-11-04
wamc.org	53961	2026-10-05
wamda.com	5929	2026-10-05
wandsworthguardian.co.uk	133405	2026-10-05
wandtv.com	61776	2026-10-05
wantedinrome.com	9174	2026-10-04
wape.com	13303	2026-10-05
wapt.com	69897	2026-10-05
wardheernews.com	5050	2026-10-05
wardsauto.com	7046	2026-02-03
warm1033.com	24434	2026-10-05
warm1069.com	9955	2026-10-03
warm98.com	11804	2026-10-05
warringtonguardian.co.uk	158554	2026-10-05
warsawvoice.pl	12750	2026-03-18
warwickdailynews.com.au	51988	2021-04-28
warwickonline.com	5974	2026-09-30
warwickshireworld.com	12934	2025-01-23
washingtonblade.com	8668	2026-10-05
washingtonexaminer.com	163190	2026-10-05
washingtonian.com	13219	2026-10-05
washingtoninformer.com	7142	2026-10-03
washingtonjewishweek.com	5096	2026-10-03
washingtonpost.com	306594	2024-08-02
washingtontimes.com	292813	2026-04-13
washtimesherald.com	43542	2026-10-05
waste360.com	5106	2025-01-19
wataugademocrat.com	50407	2026-10-05
watchingamerica.com	8204	2026-10-05
waterford-news.ie	68448	2026-10-05
watermarkonline.com	35425	2025-11-03
wateronline.com	11061	2026-10-05
waterwaysjournal.net	5570	2026-10-03
watfordobserver.co.uk	113555	2026-10-05
watoday.com.au	134910	2026-10-05
wattsupwiththat.com	8646	2026-10-05
wausaudailyherald.com	9127	2023-09-11
waxahachietx.com	5983	2026-09-25
wbaa.org	79076	2026-10-05
wbal.com	70127	2026-09-07
wbaltv.com	76947	2026-10-05
wbap.com	89665	2026-10-05
wbay.com	39987	2026-10-05
wbbjtv.com	34956	2026-10-05
wbckfm.com	23781	2025-11-29
wbco.com	6354	2026-10-02
wbez.org	6857	2026-10-04
wbfo.org	39821	2025-04-01
wbgo.org	6048	2026-10-05
wbir.com	60093	2026-06-05
wbiw.com	47480	2026-10-03
wbjournal.com	13759	2026-10-02
wbkb11.com	7022	2026-10-03
wbko.com	24597	2026-10-05
wbkr.com	26016	2026-10-05
wblk.com	39012	2026-10-05
wblm.com	34161	2026-10-05
wbls.com	9670	2026-10-04
wbmq.net	17237	2020-08-26
wbng.com	24223	2026-10-05
wbnowqct.com	5831	2026-10-02
wbnq.com	13107	2026-10-05
wboc.com	92758	2026-10-05
wboi.org	46300	2026-10-05
wbrc.com	48217	2026-10-05
wbrz.com	75118	2026-10-05
wbsm.com	20711	2026-10-05
wbszfm.com	5346	2026-10-02
wbt.com	9009	2026-10-04
wbtmdanville.com	9576	2026-09-25
wbtv.com	37257	2026-10-05
wbur.org	55280	2026-10-05
wbwn.com	9598	2026-10-05
wcax.com	41432	2026-10-05
wcbe.org	60000	2026-10-05
wcbi.com	21636	2026-10-05
wcbm.com	31794	2026-10-05
wccbcharlotte.com	42592	2026-10-04
wccftech.com	48730	2026-10-05
wccq.com	9401	2024-05-24
wcfcourier.com	114580	2026-10-05
wchstv.com	38416	2026-10-05
wcjb.com	33826	2026-10-05
wclk.com	34478	2026-10-05
wclo.com	10685	2025-05-20
wcnc.com	66822	2026-06-06
wcoapensacola.com	43642	2026-10-05
wcpo.com	33641	2026-10-04
wcrz.com	22361	2026-10-05
wcsmradio.com	10610	2026-10-05
wcsufm.org	66147	2026-10-05
wcsx.com	18458	2026-10-05
wcsy.com	39594	2026-09-26
wcti12.com	45029	2026-10-05
wctrib.com	54774	2026-10-04
wctv.tv	30378	2026-10-05
wcvb.com	105629	2026-10-05
wcyb.com	35378	2026-10-05
wcyy.com	30624	2026-10-04
wdadradio.com	15066	2026-10-05
wdam.com	36508	2026-10-05
wdbj7.com	35753	2026-10-05
wdbo.com	51175	2026-10-05
wdbqam.com	10191	2026-10-02
wdef.com	24777	2026-07-21
wdel.com	26211	2026-10-04
wden.com	5792	2026-10-05
wdet.org	10373	2026-10-02
wdez.com	23031	2026-10-05
wdhafm.com	16208	2026-10-05
wdio.com	63753	2026-10-05
wdiy.org	45876	2026-10-05
wdjx.com	8870	2026-10-04
wdkx.com	5395	2022-07-25
wdrb.com	101048	2026-09-01
wdrv.com	9422	2026-10-02
wdsm710.com	40871	2026-10-05
wdsu.com	107400	2026-10-05
wdtimes.com	35152	2026-10-05
wdtv.com	21060	2026-10-05
wdzz.com	9098	2026-10-05
weaa.org	51021	2025-02-25
wealthmanagement.com	17642	2026-10-02
weareiowa.com	7839	2026-03-16
weartv.com	36756	2026-10-05
weatherforddemocrat.com	14266	2026-10-04
weathernationtv.com	6188	2026-10-04
weau.com	32491	2026-10-05
webcamfeet.com	5756	2021-11-12
webindia123.com	437444	2026-10-05
webmd.com	10316	2026-10-02
webpronews.com	32496	2026-09-17
webwire.com	39036	2026-10-05
wect.com	37304	2026-10-05
weeklyblitz.net	32376	2026-10-04
weeklytimesnow.com.au	11584	2024-07-22
weforum.org	8434	2024-01-12
wegotthiscovered.com	68271	2025-02-24
weirtondailytimes.com	22383	2026-10-05
weisradio.com	18260	2026-01-06
wellandtribune.ca	74162	2026-10-05
wellingtondailynews.com	5448	2026-09-30
wellingtontimes.com.au	38240	2026-10-05
wellsvilledaily.com	5537	2022-04-14
wemu.org	35121	2026-10-05
wenatcheeworld.com	25665	2026-10-03
wenxuecity.com	37423	2026-10-05
weny.com	30808	2026-10-05
wesa.fm	41179	2026-06-04
wesh.com	80482	2026-10-05
wesm913.org	17888	2022-01-28
westcentralonline.com	18107	2026-10-05
westcentralsbest.com	48841	2026-10-05
westerlynews.ca	31846	2026-10-05
westernadvocate.com.au	113595	2026-10-05
westernmassnews.com	23670	2026-10-05
westernpeople.ie	36556	2026-10-05
westerntelegraph.co.uk	127531	2026-10-05
westernweekender.com.au	5829	2026-10-03
westernwheel.ca	6258	2025-09-05
westfaironline.com	12907	2026-10-05
westhawaiitoday.com	20606	2026-10-05
westkentuckystar.com	30147	2026-10-05
westmeathexaminer.ie	48283	2026-10-05
westmeathindependent.ie	47424	2026-10-05
westofthei.com	7298	2026-10-05
westport-news.com	54149	2022-03-01
westseattleblog.com	49150	2026-10-05
westsussextoday.co.uk	7480	2022-02-09
westword.com	13427	2026-10-04
wetaskiwintimes.com	15748	2026-10-03
weyburnreview.com	37373	2021-07-29
wfaa.com	64004	2026-06-05
wfae.org	72236	2026-10-05
wfasam.com	13055	2026-09-16
wfav951.com	14292	2026-10-02
wfdd.org	53734	2026-10-05
wfgr.com	21383	2024-07-03
wfin.com	45335	2025-06-14
wfirnews.com	5367	2026-10-05
wfit.org	6697	2026-10-02
wfiwradio.com	12793	2026-10-05
wfls.com	17507	2026-10-05
wflx.com	33613	2026-10-05
wfmd.com	15638	2026-10-05
wfmj.com	112128	2026-10-05
wfms.com	7351	2026-10-05
wfmynews2.com	66653	2026-06-05
wfmz.com	257063	2026-10-05
wfnc640am.com	68935	2026-09-21
wfnt.com	13371	2026-10-05
wfsb.com	37563	2026-10-05
wfsu.org	49206	2026-10-05
wftv.com	47064	2026-10-05
wftw.com	69191	2025-03-28
wfuv.org	9696	2026-10-05
wfxd.com	6582	2026-04-09
wfxl.com	6512	2025-09-11
wfyi.org	15069	2026-10-04
wgac.com	6746	2026-10-03
wgal.com	84887	2026-10-05
wgan.com	15719	2026-10-05
wgauradio.com	62456	2026-10-05
wgbh.org	24305	2026-10-03
wgcu.org	32715	2026-10-05
wgil.com	10108	2026-09-17
wglr.com	25690	2026-10-05
wglt.org	61910	2026-10-05
wgmd.com	40963	2026-10-05
wgme.com	43769	2026-10-05
wgna.com	34500	2026-10-05
wgni.com	9535	2026-10-05
wgnsradio.com	16837	2026-07-31
wgntv.com	7621	2026-05-05
wgog.com	6324	2026-10-03
wgow.com	46919	2026-10-05
wgowam.com	75126	2026-10-05
wgrd.com	45239	2026-10-03
wgrr.com	10081	2026-10-05
wgrz.com	46639	2026-06-05
wgxa.tv	11841	2026-10-05
wharfedaleobserver.co.uk	119862	2026-10-05
whas11.com	68292	2026-06-25
whatdidyousay.org	15446	2025-11-11
whatech.com	27628	2026-10-02
whathifi.com	11557	2026-10-05
whatsnew2day.com	14117	2025-01-27
whatson.ae	21237	2026-10-05
whatsonstage.com	11525	2026-10-05
whatsontv.co.uk	5261	2021-06-10
whattheythink.com	14237	2026-08-28
whav.net	5601	2026-09-02
whbl.com	72185	2026-10-05
whby.com	9351	2026-10-02
whcuradio.com	10235	2024-06-23
whdg.com	16791	2026-10-02
whdh.com	56574	2026-10-05
whec.com	132838	2026-10-05
whidbeynewstimes.com	6363	2026-10-03
whig.com	60723	2026-10-05
whio.com	47544	2026-10-05
whitecountycitizen.com	5055	2026-10-03
whitecourtstar.com	13660	2026-10-03
whitehorsestar.com	5917	2026-01-29
whitehouse.gov	6012	2026-03-17
whitsundaytimes.com.au	56923	2021-04-28
whittierdailynews.com	47990	2026-10-05
whiznews.com	15191	2026-10-03
whky.com	22334	2026-10-05
whmi.com	26235	2026-10-05
whnt.com	6192	2025-06-12
who.int	10392	2026-10-02
whopam.com	24490	2026-10-04
whqr.org	47081	2026-10-05
whro.org	15542	2026-10-05
whrpfm.com	9121	2026-10-05
whsv.com	29576	2026-10-04
whtc.com	49222	2026-10-05
whtimes.co.uk	57818	2026-10-05
whvoradio.com	13932	2026-09-26
whyy.org	26939	2026-10-04
wiartonecho.com	22753	2026-08-29
wibailoutpeople.org	5958	2026-10-04
wibc.com	29267	2026-10-05
wibqam.com	45131	2026-01-10
wibw.com	47416	2026-10-05
wibx950.com	30212	2026-10-02
wickedlocal.com	236673	2023-09-11
wicz.com	62426	2026-10-02
wifc.com	19840	2026-10-05
wifr.com	24848	2026-08-03
wigantoday.net	27415	2025-01-23
wiky.com	41689	2026-10-05
wild1029.com	9364	2026-10-05
wild1049hd.com	6114	2023-03-21
wild941.com	24342	2026-10-05
wiley.com	5267	2026-09-24
williamsondailynews.com	7239	2026-10-03
willistonherald.com	14968	2026-10-05
willitsnews.com	6714	2026-10-03
willmarradio.com	44632	2026-10-05
wilm-tv.com	8193	2021-09-20
wilmingtonbiz.com	12073	2025-01-22
wilsonpost.com	5372	2023-03-01
wilsontimes.com	5852	2026-08-29
wiltonbulletin.com	62996	2025-06-14
wiltsglosstandard.co.uk	119180	2026-10-05
wiltshiretimes.co.uk	149277	2026-10-05
wilx.com	34258	2026-10-05
wimbledonguardian.co.uk	122956	2026-10-05
wimsradio.com	17615	2026-10-05
wimz.com	6769	2026-10-05
winchesterstar.com	62564	2026-10-05
wincountry.com	19973	2026-10-04
windfm.com	7129	2026-10-05
windowscentral.com	34271	2026-10-04
windowstorussia.com	5923	2026-06-10
windpowermonthly.com	7211	2026-07-02
windsor.ctvnews.ca	20740	2025-04-09
windsorite.ca	19835	2025-09-22
windsorstar.com	59234	2026-10-05
windtech-international.com	9557	2026-10-05
wingsmagazine.com	5963	2026-10-05
wink104.com	10628	2026-10-05
winknews.com	56794	2026-10-05
winnipeg.ctvnews.ca	27808	2025-04-25
winnipegfreepress.com	332276	2026-10-05
winnipegsun.com	54902	2026-10-05
winonadailynews.com	37948	2026-10-02
winonapost.com	10667	2026-10-04
winsfordguardian.co.uk	67252	2023-03-07
winteriscoming.net	8765	2026-10-04
wiog.com	5316	2026-10-05
wionews.com	25883	2026-02-12
wiov.com	7429	2026-10-05
wired.com	21644	2026-10-05
wiredprnews.com	26047	2025-10-24
wirralglobe.co.uk	137644	2026-10-05
wirx.com	19929	2026-08-31
wisbechstandard.co.uk	37158	2026-10-05
wisbusiness.com	14480	2026-10-02
wisc.edu	13979	2026-10-04
wiscassetnewspaper.com	25356	2026-10-04
wiscnews.com	66719	2026-10-04
wisconsin106.com	15308	2025-03-13
wisconsinagconnection.com	14919	2026-10-02
wisconsinrapidstribune.com	9142	2023-09-11
wisfarmer.com	5440	2023-09-11
wishtv.com	72508	2026-10-05
wislawjournal.com	11691	2026-06-03
wisn.com	76478	2026-10-05
wispolitics.com	20579	2026-07-23
wisr680.com	9638	2026-10-02
wistv.com	39394	2026-10-05
withinnigeria.com	12604	2026-03-04
witl.com	38091	2026-10-05
witn.com	37785	2026-10-05
witneygazette.co.uk	134904	2026-10-05
wits.ac.za	5634	2026-10-01
wivk.com	12821	2026-10-05
wixx.com	27950	2026-10-02
wiznation.com	14117	2026-10-05
wjactv.com	35668	2026-10-05
wjbc.com	40048	2026-09-21
wjbq.com	28890	2026-10-05
wjbr.com	12970	2025-12-04
wjcl.com	73835	2026-10-05
wjct.org	72906	2026-10-05
wjcw.com	56225	2026-10-05
wjez.com	10970	2026-10-05
wjfw.com	21172	2026-10-05
wjhg.com	26521	2026-10-05
wjimam.com	23474	2025-12-01
wjla.com	51955	2026-10-05
wjle.com	6179	2026-10-04
wjmi.com	18966	2026-05-04
wjnt.com	23076	2026-04-22
wjol.com	35049	2026-10-05
wjon.com	38673	2026-10-05
wjoxam.com	50601	2026-04-07
wjpf.com	5994	2026-10-02
wjr.com	43930	2026-10-03
wjrz.com	14324	2026-10-05
wjsu.org	19822	2025-03-11
wjtn.com	21097	2026-10-03
wjvl.com	5257	2025-03-09
wkar.org	18538	2026-10-05
wkbw.com	42066	2026-10-05
wkdq.com	37419	2026-10-05
wkdzradio.com	16790	2026-09-23
wkfr.com	25323	2026-10-04
wkjc.com	43275	2026-10-05
wkkg.com	9966	2026-09-16
wkmi.com	17491	2025-11-30
wkml.com	16511	2026-10-05
wkms.org	55620	2026-10-05
wknofm.org	86152	2026-10-05
wkow.com	6158	2026-05-21
wkrb13.com	486644	2025-04-18
wksn.com	21037	2026-10-03
wksu.org	17996	2022-12-08
wktn.com	10594	2026-10-02
wktv.com	43453	2026-10-05
wkuherald.com	9578	2026-10-03
wkvi.com	7868	2026-10-02
wkxi.com	15993	2026-05-09
wkyc.com	70523	2026-06-06
wkyt.com	35017	2026-10-05
wkyufm.org	46271	2026-10-05
wkzo.com	77972	2026-10-05
wlad.com	5246	2026-10-02
wlav.com	10626	2026-10-05
wlbt.com	8276	2026-03-19
wlds.com	11714	2026-10-02
wlec.com	23349	2026-10-05
wlevradio.com	9955	2026-10-05
wlfi.com	25851	2026-10-05
wlip.com	23163	2026-10-02
wlkm.com	8889	2026-10-05
wlky.com	84542	2026-10-05
wlni.com	5322	2026-09-30
wlos.com	43059	2026-10-05
wlox.com	34358	2026-10-05
wlrfm.com	16614	2026-07-28
wlrh.org	26687	2026-10-05
wlrn.org	51165	2026-10-05
wlsam.com	54585	2026-10-02
wltribune.com	33856	2026-10-05
wltx.com	63246	2026-06-25
wltz.com	6311	2026-09-01
wlwi.com	6385	2026-10-05
wlwt.com	93675	2026-10-05
wmac-am.com	48844	2026-10-05
wmagazine.com	6771	2026-10-04
wmal.com	39652	2026-10-05
wmay.com	11097	2025-04-11
wmbfnews.com	40144	2026-10-05
wmcactionnews5.com	21076	2021-05-19
wmdt.com	34513	2026-10-03
wmfe.org	18986	2024-04-02
wmgk.com	17245	2026-10-05
wmicentral.com	10631	2026-10-04
wmmq.com	34479	2026-10-04
wmnf.org	7748	2026-10-05
wmot.org	24000	2025-08-12
wmra.org	46258	2026-10-05
wmtram.com	10643	2026-10-05
wmtv15news.com	20721	2026-10-05
wmtw.com	76031	2026-10-05
wmuk.org	25632	2026-10-05
wmur.com	97419	2026-10-05
wn.com	401330	2026-10-05
wnaw.com	19455	2026-10-05
wnax.com	9125	2026-10-05
wnbf.com	18256	2026-10-03
wncv.com	9375	2026-10-05
wncw.org	33035	2026-10-05
wncy.com	27655	2026-10-05
wnd.com	38382	2026-10-05
wndu.com	32940	2026-10-05
wnem.com	24619	2026-10-05
wnep.com	57274	2026-06-05
wnewsj.com	19288	2025-05-15
wnir.com	9653	2026-10-02
wnmtradio.com	19176	2022-12-08
wnmufm.org	73561	2026-10-05
wnpr.org	6587	2021-07-14
wntxradio.com	19392	2026-08-10
wnypapers.com	5112	2026-10-02
wnyt.com	45063	2026-03-11
woad.com	19065	2026-04-22
wobm.com	60104	2026-10-05
wogb.fm	17446	2026-10-05
wogx.com	18871	2026-10-03
wohfradio.com	29848	2026-10-05
wokq.com	28284	2026-10-05
wokv.com	66474	2026-10-05
womanandhome.com	26040	2026-10-05
womansworld.com	13740	2026-10-04
womenofchina.cn	11042	2025-06-09
womenshealthmag.com	17510	2026-10-05
wondradio.com	42823	2026-10-03
wonkette.com	5766	2026-07-29
woodallscm.com	5804	2026-10-05
woodlandsonline.com	10695	2026-10-05
woodstocksentinelreview.com	41800	2026-09-18
woodwardnews.net	10485	2026-10-02
woodworkingnetwork.com	9527	2025-12-16
woonsocketcall.com	12842	2026-10-05
worcesternews.co.uk	112062	2026-10-05
wordpress.com	17291	2026-10-05
workers.org	5585	2026-03-06
workerscompensation.com	8566	2026-10-04
workersliberty.org	8719	2025-11-07
worksopguardian.co.uk	12974	2025-01-23
world-nuclear-news.org	7561	2026-10-02
worldathletics.org	5045	2026-10-03
worldbank.org	10248	2026-09-30
worldboxingnews.net	7275	2025-03-04
worldcasinodirectory.com	8190	2026-10-05
worldcrunch.com	14971	2025-01-23
worldipreview.com	5185	2026-10-02
worldoil.com	14170	2026-10-05
worldpoliticsreview.com	5298	2026-08-06
worldscreen.com	13861	2025-08-22
worldsoccertalk.com	14787	2022-08-10
worldtempus.com	6487	2026-10-05
wortfm.org	6174	2025-05-02
worthingherald.co.uk	6867	2022-02-10
worthplaying.com	13954	2026-10-05
worthynews.com	6553	2026-10-05
wosu.org	16058	2026-10-05
woub.org	10850	2026-10-03
wowo.com	10832	2026-10-05
wowt.com	39687	2026-10-05
wpbf.com	69740	2026-10-05
wpde.com	50542	2026-10-05
wpdh.com	45656	2026-10-05
wphm.net	13328	2026-08-08
wpr.org	12165	2026-10-05
wprl.org	54300	2025-10-06
wpsdlocal6.com	54970	2026-10-05
wpst.com	37302	2026-10-05
wpsu.org	66304	2026-10-05
wptv.com	53351	2026-10-05
wpxi.com	46863	2026-10-05
wqad.com	51386	2026-06-05
wqcmfm.com	13726	2026-09-26
wqcs.org	57773	2026-10-05
wqel.com	5893	2026-10-02
wqut.com	21716	2026-10-05
wral.com	155609	2026-10-05
wraltechwire.com	12216	2025-11-06
wrcbtv.com	57393	2022-01-13
wrdw.com	40058	2026-10-05
wreg.com	6285	2026-08-24
wrestlezone.com	40031	2026-10-05
wrestlinginc.com	64502	2026-10-05
wrestlingnewssource.com	25672	2026-07-06
wrexham.com	16178	2026-10-05
wrfalp.com	8000	2026-10-02
wrganews.com	13519	2026-10-05
wrhi.com	5679	2026-10-04
wrif.com	31293	2026-10-05
writersdigest.com	5988	2026-10-05
wrjn.com	5864	2026-10-05
wrjo.com	5701	2026-09-24
wrkf.org	38331	2026-10-05
wrkr.com	24859	2026-10-03
wrmf.com	11338	2026-10-03
wror.com	21407	2026-10-05
wrp.org.uk	6444	2026-10-05
wrrv.com	39683	2026-10-05
wruf.com	10845	2026-10-05
wrur.org	9569	2026-10-04
wrvo.org	63242	2026-10-05
wsau.com	104742	2026-10-05
wsaw.com	31934	2026-10-05
wsaz.com	28785	2026-10-05
wsbradio.com	65169	2026-10-05
wsbs.com	13138	2026-10-05
wsbt.com	42082	2026-10-05
wsbtv.com	56335	2026-10-05
wscountytimes.co.uk	6332	2022-02-09
wset.com	44302	2026-10-05
wsfa.com	32850	2026-10-05
wsfl.com	7336	2026-10-05
wsgw.com	20380	2026-10-02
wshu.org	41111	2026-10-05
wsiltv.com	53441	2026-08-02
wsipam.com	5015	2026-07-25
wsiu.org	77493	2026-10-05
wsj.com	58643	2026-06-22
wsjm.com	30740	2026-10-04
wsjs.com	5407	2026-07-31
wskg.org	6784	2026-03-08
wsls.com	139276	2026-10-05
wsmv.com	37940	2026-10-05
wsnewspublishers.com	7109	2025-08-29
wsoctv.com	47345	2026-10-05
wsrkfm.com	18623	2026-10-05
wsu.edu	8694	2026-10-01
wsvaonline.com	5422	2024-04-02
wsvn.com	49629	2026-10-05
wsws.org	41518	2026-10-05
wtae.com	82640	2026-10-05
wtap.com	5700	2026-03-19
wtaq.com	53928	2026-10-03
wtax.com	7000	2024-05-20
wtbdfm.com	11527	2024-01-02
wtbx.com	24860	2026-10-05
wthitv.com	38577	2026-10-04
wthr.com	77073	2026-08-11
wtka.com	15955	2024-08-27
wtkr.com	58116	2026-10-05
wtma.com	107495	2026-10-05
wtmj.com	42363	2026-07-15
wtmx.com	10614	2026-10-02
wtoc.com	36447	2026-10-05
wtok.com	23979	2026-10-05
wtol.com	61161	2026-06-06
wtop.com	90269	2026-10-05
wtov9.com	36446	2026-10-05
wtsp.com	75398	2026-06-06
wttf.com	31750	2026-10-05
wttw.com	14789	2026-10-03
wtug.com	19615	2026-10-05
wtva.com	48166	2026-10-05
wtvbam.com	56880	2026-10-05
wtvm.com	28021	2026-10-05
wtvq.com	20358	2026-09-09
wtvr.com	52261	2026-10-05
wtvy.com	22510	2026-10-04
wtxl.com	32706	2026-10-05
wuft.org	40826	2026-10-05
wuky.org	28900	2026-10-05
wunc.org	21701	2026-10-02
wupe.com	18471	2026-10-04
wusa9.com	68551	2026-06-05
wutc.org	41006	2026-10-05
wuuqradio.com	12330	2026-10-02
wuwf.org	54276	2026-10-05
wuwm.com	17518	2026-10-04
wvasfm.org	51460	2026-10-05
wvel.com	7416	2026-09-21
wvfm1065.com	5078	2020-12-07
wvgazettemail.com	44103	2026-10-05
wvik.org	53884	2026-10-05
wvlkam.com	68920	2026-10-05
wvlnam.com	8648	2026-07-29
wvmetronews.com	25224	2026-10-05
wvnews.com	110265	2026-01-24
wvnn.com	40828	2026-09-23
wvpublic.org	12914	2026-10-03
wvrecord.com	5873	2025-05-20
wvtf.org	34565	2026-10-05
wvtm13.com	68404	2026-10-05
wvxu.org	44819	2026-10-05
wwaytv3.com	30768	2026-10-05
wwd.com	48154	2026-10-05
wweek.com	12142	2026-09-22
wwisradio.com	5471	2026-10-03
wwjb.com	5988	2025-02-24
wwki.com	6003	2026-10-05
wwltv.com	56312	2026-06-05
wwmt.com	43604	2026-10-05
wwno.org	47311	2026-10-05
wwnytv.com	26553	2026-10-05
wwqq101.com	5915	2026-10-05
wxerfm.com	19403	2026-10-05
wxfx.com	9363	2026-10-05
wxii12.com	79545	2026-10-05
wxkr.com	13944	2026-10-05
wxlo.com	9969	2026-10-05
wxow.com	52979	2026-10-05
wxpr.org	32093	2026-10-05
wxxinews.org	56071	2026-10-05
wxxv25.com	27908	2026-10-05
wxyz.com	53298	2026-10-05
wydaily.com	15745	2026-10-05
wyff4.com	82726	2026-10-05
wynn1063.com	20639	2026-10-05
wyomingnews.com	95161	2026-10-05
wyomingnewsnow.tv	38183	2026-10-05
wyomingpublicmedia.org	45264	2026-10-05
wypr.org	53034	2026-10-05
wyrk.com	44161	2026-10-05
wyshradio.com	5239	2026-10-02
wyso.org	45621	2026-10-05
wysu.org	26338	2026-10-05
wzid.com	7153	2026-10-03
wzozfm.com	19546	2026-10-04
wzpl.com	8188	2026-10-05
wzzm13.com	69198	2026-06-26
x1071.com	31772	2026-10-05
xboxachievements.com	9229	2025-04-26
xinhuanet.com	172415	2026-09-10
xlcountry.com	14701	2026-10-05
xpatloop.com	10253	2026-07-22
xtra99.com	18142	2026-10-05
xxlmag.com	13851	2026-10-03
y-103.com	9791	2026-10-05
y100fm.com	8217	2026-10-04
y101.com	14488	2026-10-02
y101hits.com	10388	2026-10-05
y102montgomery.com	23249	2026-10-05
y105fm.com	41831	2026-10-05
y105music.com	26421	2026-10-05
y108.ca	8136	2026-10-02
y94.com	38051	2026-10-05
y95country.com	29422	2026-10-05
yachtsandyachting.com	31218	2026-10-05
yahoo.com	6433118	2026-10-05
yakimaherald.com	100070	2026-10-05
yaktrinews.com	8775	2023-06-26
yale.edu	11898	2026-10-02
yaledailynews.com	5862	2026-01-16
yalibnan.com	9644	2026-10-05
yambolnews.net	6474	2025-10-22
yanksgoyard.com	5796	2026-10-04
yankton.net	61741	2026-10-05
yardbarker.com	169800	2026-10-05
yasstribune.com.au	70941	2026-10-05
ycombinator.com	5977	2026-10-04
ydr.com	6710	2023-09-11
yellowhammernews.com	14642	2026-10-04
yen.com.gh	10134	2026-03-19
yenisafak.com	20714	2025-09-16
yeovilexpress.co.uk	58449	2023-06-08
yesweekly.com	10515	2026-10-01
yle.fi	17211	2026-10-05
yna.co.kr	6410	2026-03-12
ynaija.com	9317	2026-10-05
ynetnews.com	68173	2026-10-05
yorkdispatch.com	14408	2023-09-11
yorknewstimes.com	47627	2026-10-04
yorkpress.co.uk	172704	2026-10-05
yorkregion.com	12665	2026-10-05
yorkshireeveningpost.co.uk	26040	2025-01-23
yorkshirepost.co.uk	60971	2025-01-23
yorktonthisweek.com	42911	2021-07-29
youngwitness.com.au	20017	2026-09-30
youralaskalink.com	22910	2026-10-05
yourdemocracy.net	5812	2026-10-05
yourdemocracy.net.au	19508	2026-10-05
youredm.com	7476	2026-06-26
yourfortdodge.com	19791	2026-10-03
yourlocalguardian.co.uk	192314	2026-10-05
yourobserver.com	13482	2025-09-10
yourradioplace.com	8117	2026-09-15
yoursourceone.com	81656	2026-10-04
yourstephenvilletx.com	5068	2026-09-30
yourstory.com	36279	2026-09-03
yourtango.com	50234	2026-10-05
yourthurrock.com	11298	2026-10-04
yovizag.com	6931	2026-10-05
ypradio.org	69388	2026-10-05
yubanet.com	9130	2026-10-05
yukon-news.com	6553	2026-10-05
yumasun.com	61143	2026-10-05
z100fm.com	5690	2026-09-18
z100missoula.com	15340	2026-10-04
z1023online.com	17058	2026-10-05
z103.fm	11188	2024-08-29
z1077fm.com	11414	2026-10-04
z937.com	21180	2026-10-05
z93jamz.com	17774	2026-10-05
z94.com	26489	2026-10-04
z943radio.com	8741	2025-01-06
z96.com	10870	2026-10-05
zawya.com	200327	2026-10-05
zazoom.it	10642	2026-09-25
zdnet.com	41281	2026-10-03
zerohedge.com	136760	2026-10-05
zfenglish.com	41344	2026-10-05
ziarelive.ro	5451	2024-08-01
zigwheels.com	21121	2026-10-05
zimbabwesituation.com	15654	2026-07-20
zimbabwestar.com	54887	2026-10-05
zimeye.net	10558	2026-09-15
zizonline.com	6827	2026-10-03
zmescience.com	13704	2026-10-02
znsbahamas.com	6047	2026-10-05
zodiakmalawi.com	6790	2026-10-02
zonebourse.com	6769	2026-05-15
zrock103.com	9148	2026-10-05
zululandobserver.co.za	18680	2023-08-31
