1005freshradio.ca	8932	2026-06-12
1010wcsi.com	7307	2025-08-27
1011now.com	32145	2026-06-14
1015hankfm.com	9175	2025-07-28
1015thehawk.com	10170	2026-03-23
1015vibe.com	7833	2026-06-14
1019thebeatfm.com	9206	2025-05-15
1019thekeg.com	26327	2026-05-12
1019therock.com	25120	2026-06-14
1021thefox.com	9098	2026-06-13
1025kiss.com	36558	2026-06-14
1025wowcountry.com	7282	2026-06-13
1027kord.com	32136	2026-06-14
1027thevibe.com	7523	2026-06-13
102thebear.com	5962	2026-06-13
1031freshradio.ca	8917	2026-06-08
1033theeagle.com	6637	2026-06-10
1033wvyb.com	8545	2026-06-12
1035kissfmboise.com	24465	2026-06-14
1035theeagle.com	9286	2026-06-11
1037theloon.com	26777	2026-06-14
1039wvbo.com	26468	2026-06-13
103gbfrocks.com	35551	2026-06-14
103kkcn.com	18981	2026-06-13
103weup.com	9760	2026-06-13
103wjod.com	22982	2026-06-14
1041wdlt.com	9346	2026-06-11
1043freshradio.ca	8347	2026-06-09
1043theparty.com	7105	2026-06-13
1045bobfm.com	5391	2024-09-10
1045freshradio.ca	7533	2026-06-09
1045theteam.com	22397	2026-06-14
1045thezone.com	29852	2026-06-14
1045wjjk.com	5563	2026-06-14
1049maxcountry.com	8001	2021-04-15
1049nashicon.com	5792	2026-06-13
1049thebeat.com	17688	2026-06-13
1049theedge.com	7670	2023-01-13
1049thewolf.com	15455	2026-06-13
104thehawk.com	10847	2026-06-13
1050talk.com	7314	2020-02-18
1053hotfm.com	5776	2026-06-13
1055thehawk.com	6159	2024-06-16
1057thehawk.com	55160	2026-06-14
1057thepoint.com	15348	2026-06-13
1057thex.com	9127	2026-06-13
1063cowboycountry.com	6354	2021-01-15
1063thebuzz.com	30478	2026-06-14
1063thegroove.com	7711	2026-06-12
1065thearch.com	11647	2026-06-14
1065thebuzz.com	15332	2026-06-14
1069morefm.com	6042	2022-09-07
1073modfm.com	24943	2026-06-09
1073theeagle.com	8657	2026-06-14
1073wsjy.com	5991	2025-11-22
1075koolfm.com	7451	2026-06-14
1075thegame.com	39690	2026-06-14
1075zoofm.com	8459	2022-07-07
1077thebone.com	6995	2026-06-12
1079ishot.com	47428	2026-06-14
107jamz.com	17007	2026-06-12
1090kaay.com	19687	2026-06-13
10news.com	95410	2026-06-14
1150kknw.com	5562	2026-06-14
1170kfaq.com	5326	2020-05-08
11alive.com	76527	2026-06-06
1280wnam.com	22183	2026-02-02
1290wlby.com	38384	2026-06-13
12newsnow.com	54381	2026-06-06
12onyourside.com	12195	2026-06-14
1310kfka.com	13596	2026-06-13
1310news.com	29075	2020-12-03
1350kman.com	15413	2026-06-14
1370wfea.com	8097	2026-06-12
1380kcim.com	8887	2026-03-18
13abc.com	28703	2026-06-14
13newsnow.com	73852	2026-06-06
13wham.com	39269	2026-06-14
13wmaz.com	59415	2026-06-06
1470kyyw.com	8838	2026-06-13
1470wmbd.com	10508	2023-03-10
1490wosh.com	81642	2026-06-13
14news.com	39543	2026-06-14
1520theticket.com	53094	2026-06-13
1590walg.com	17537	2020-08-26
1630kcjj.com	13906	2026-06-10
1660thefan.com	10612	2020-12-04
1prime.biz	32781	2023-12-29
247sports.com	6960	2023-02-02
247wallst.com	15241	2026-06-14
27east.com	7552	2026-06-14
29news.com	10107	2026-06-14
2gb.com	31296	2026-06-14
2hd.com.au	5912	2024-12-18
2lt.com.au	15189	2026-06-14
2merkato.com	5127	2026-06-14
2news.com	79877	2026-06-14
2paragraphs.com	14251	2026-06-14
360cities.net	23862	2026-06-04
360nobs.com	5978	2020-10-03
3aw.com.au	19006	2026-06-14
3blmedia.com	7743	2026-06-12
3quarksdaily.com	9653	2026-05-24
4029tv.com	63386	2026-06-14
411mania.com	105251	2025-11-29
41nbc.com	25947	2026-06-14
4bc.com.au	27675	2026-06-14
4ni.co.uk	13530	2026-06-14
51.ca	7422	2026-06-13
5280.com	5534	2026-06-11
560cfos.ca	11980	2025-07-31
570news.com	56393	2021-10-17
5newsonline.com	51740	2026-06-06
5tjt.com	10304	2026-06-04
6000.co.za	5015	2026-06-13
620ckrm.com	24671	2026-06-14
640wxsm.com	66591	2026-06-14
660wxqw.com	20062	2025-06-14
680kfeq.com	13547	2026-06-10
680news.com	113457	2021-10-17
6abc.com	59443	2026-06-14
6pr.com.au	10408	2026-06-12
702.co.za	24442	2024-01-15
710keel.com	25592	2026-06-12
740thefan.com	27659	2026-06-14
790business.com	41914	2022-08-10
7news.com.au	5070	2026-03-12
7newsbelize.com	36699	2026-06-13
7thspace.com	39838	2024-09-15
850wftl.com	18211	2026-05-06
895thelake.ca	8534	2023-11-21
90min.com	58926	2025-09-29
915thebeat.com	8641	2026-06-14
919thebend.ca	10859	2026-02-10
91x.fm	5150	2026-06-12
921theticket.com	84971	2026-06-14
927thedrive.net	19162	2026-06-14
927thevan.com	17392	2026-06-14
929nin.com	46789	2026-06-14
929peakfm.com	13602	2026-06-13
929thebull.com	30477	2026-06-14
929thelake.com	30146	2026-06-12
929theticket.com	9203	2026-06-14
929zzu.com	8464	2026-06-14
92moose.fm	28545	2026-06-14
92q.com	15859	2026-06-14
92qnashville.com	10295	2026-06-12
931coast.com	6634	2026-06-12
931freshradio.ca	8063	2026-06-14
931thebeat.com	9003	2026-06-13
931theborder.ca	8735	2025-09-08
933nashicon.com	5691	2026-06-13
933thedrive.com	36764	2026-06-14
937nashicon.com	7073	2025-03-17
937theeagle.com	5791	2026-06-11
93q.com	19134	2026-06-13
93x.com	5353	2026-06-13
940wfaw.com	27438	2024-10-06
941theduke.com	7559	2026-06-12
943jackfm.com	22324	2026-06-12
943thepoint.com	56434	2026-06-14
945thehawkradio.com	5822	2026-06-14
945themoose.com	8668	2026-06-12
947wls.com	5655	2026-06-11
949whom.com	28368	2026-06-14
951kbby.com	8703	2026-06-13
953thebear.com	30275	2026-06-14
953thescore.com	59070	2026-06-14
955glo.com	8904	2026-06-13
955wtvy.com	5865	2026-06-12
959kissfm.com	12125	2026-06-13
95kqds.com	9566	2026-06-12
95rockfm.com	30789	2026-06-14
95sx.com	10073	2026-06-13
961jamz.com	8767	2026-06-11
961theeagle.com	33972	2026-06-14
963jackfm.com	8362	2026-06-13
963kklz.com	16218	2026-06-14
963theblaze.com	27119	2026-06-14
963wdvd.com	5184	2026-06-08
963xke.com	5952	2026-06-13
965bobfm.com	7279	2024-08-08
965kvki.com	38612	2026-06-14
965therock.com	19819	2026-06-13
967theeagle.net	31743	2026-06-14
969therock.com	14882	2026-06-14
96fm.ie	5681	2026-06-12
96kzel.com	8980	2026-06-13
971kissfm.com	5102	2022-09-16
973thedawg.com	45196	2026-06-14
975kgkl.com	21113	2026-06-13
975klak.com	6919	2020-05-30
975now.com	34417	2026-06-14
975thevibe.com	22201	2026-06-13
975wabd.com	10775	2026-06-13
977thebay.com	5822	2026-06-14
977theriver.com	12897	2025-05-26
979kickfm.com	31414	2026-06-14
979nashicon.com	5418	2026-06-13
979x.com	10208	2026-06-13
97rockonline.com	32438	2026-06-14
97x.com	21770	2026-06-12
97xonline.com	7471	2026-06-14
97zokonline.com	38045	2026-06-14
980waav.com	76955	2026-06-13
981thehawk.com	35152	2026-06-14
981themax.com	9112	2026-06-13
983nashicon.com	5856	2026-06-13
983thecoast.com	34908	2026-06-08
983thesnake.com	21048	2026-06-13
983wlcs.com	6149	2026-06-08
985kissfm.net	5955	2026-06-11
987jack.com	23161	2026-06-14
987thebomb.com	6462	2026-06-12
987thebull.com	11548	2026-06-10
989magicfm.com	10217	2026-06-13
989xfm.ca	5457	2026-06-13
98cool.ca	10696	2026-06-14
98fm.com	14048	2026-06-12
98kupd.com	8865	2026-06-13
98q.com	6756	2026-06-12
98theticket.com	15783	2021-01-15
991thewhale.com	31847	2026-06-14
993kjoy.com	9530	2026-06-13
993thex.com	6070	2026-06-12
995qyk.com	20518	2026-06-14
995thewolf.com	7163	2026-06-12
999ktdy.com	35040	2026-06-14
999thefoxrocks.com	7076	2026-06-14
999thepoint.com	26686	2026-06-14
9and10news.com	60526	2026-06-13
9news.com	62857	2026-06-05
9news.com.au	107292	2026-05-31
9thlevel.ie	8248	2025-12-04
9to5mac.com	20503	2026-06-14
aa.com.tr	82801	2026-06-14
aaj.tv	6866	2025-10-27
aarp.org	13792	2026-06-12
aawsat.com	119931	2026-06-14
abajournal.com	10433	2026-06-13
abbynews.com	31759	2026-06-14
abc-7.com	25368	2025-02-05
abc.net.au	187824	2026-06-14
abc11.com	75286	2026-06-14
abc12.com	35470	2026-06-14
abc13.com	83336	2026-06-14
abc15.com	53812	2026-06-14
abc17news.com	105930	2026-06-14
abc23.com	10255	2026-06-12
abc30.com	66381	2026-06-14
abc3340.com	39028	2026-06-14
abc57.com	57433	2026-06-14
abc6.com	10148	2026-01-23
abc6onyourside.com	38421	2026-06-14
abc7.com	68853	2026-06-14
abc7amarillo.com	30660	2026-06-14
abc7chicago.com	96299	2026-06-14
abc7news.com	75231	2026-06-14
abc7ny.com	82412	2026-06-14
abcactionnews.com	47042	2025-08-18
abcaudio.com	5535	2026-06-09
abccolumbia.com	40483	2026-06-14
abcfoxmontana.com	10097	2020-03-03
abcnews.com	11823	2026-06-14
abcnews4.com	44782	2026-06-14
abcnewsradioonline.com	21946	2021-04-12
abebooks.co.uk	5398	2023-12-06
aberdeennews.com	16891	2023-09-11
abnnewswire.net	7229	2026-06-12
aboutmyarea.co.uk	7782	2026-06-14
abovethelaw.com	27384	2026-06-12
abplive.com	7280	2026-03-17
abqjournal.com	84848	2026-06-14
abs-cbn.com	45218	2025-02-12
abstvradio.com	8498	2026-06-12
accesswdun.com	132647	2026-05-26
accountantsdaily.com.au	6600	2026-06-13
accountingtoday.com	18407	2026-06-12
aceshowbiz.com	107970	2026-06-14
ack.net	6957	2026-06-13
acm.org	8233	2025-11-11
acrofan.com	16721	2024-06-05
acs.org	8191	2026-06-12
actionforex.com	41144	2026-06-13
actionnews5.com	19579	2026-06-14
actionnewsjax.com	40655	2026-06-14
actionnewsnow.com	17223	2026-03-19
actmedia.eu	16102	2026-06-12
actuarialpost.co.uk	6259	2026-06-12
adb.org	5188	2026-06-12
adelaidenow.com.au	56534	2024-07-27
adgully.com	75036	2026-06-13
adirondackdailyenterprise.com	16924	2026-04-13
adn.com	45154	2026-06-14
adnews.com.au	10867	2026-06-14
adsoftheworld.com	7091	2022-05-07
advanced-television.com	16330	2026-06-12
advancedbiofuelsusa.info	14500	2023-07-26
advertiser.ie	5019	2026-06-11
advertisernewssouth.com	5137	2026-06-11
advisor.ca	10642	2026-06-14
advocate-news.com	16748	2026-06-14
advocate.com	8635	2026-06-14
advocateanddemocrat.com	29102	2026-06-14
adweek.com	31701	2026-06-14
aei.org	22403	2026-06-13
aero-news.net	92601	2026-06-14
aerospace-technology.com	5672	2024-11-14
aerotechnews.com	7696	2026-06-11
af.mil	23754	2025-02-27
afaqs.com	13364	2026-06-13
afar.com	7403	2026-06-13
afghanislamicpress.com	5392	2026-06-14
afghanistannews.net	53727	2026-06-14
afghanistansun.com	50548	2026-06-14
afghanistantimes.af	5533	2022-02-18
afl.com.au	15879	2026-06-14
afloat.ie	22334	2026-06-11
afn.net	7605	2024-09-08
afr.com	149137	2026-06-14
afr.net	7780	2026-06-13
africa-newsroom.com	42962	2026-06-14
africa.com	23763	2026-06-14
africaintelligence.com	12161	2026-06-12
africaleader.com	97654	2026-06-14
african.business	13985	2025-12-02
africanews.com	44494	2026-06-14
africanexaminer.com	17701	2026-06-14
afro.com	7737	2026-06-14
afropages.fr	37473	2025-09-18
agassizharrisonobserver.com	41135	2026-06-14
agenda.ge	9624	2025-02-27
aginfo.net	22704	2026-06-14
agnews890.com	5701	2026-06-10
agreenliving.org	5844	2022-05-27
agri-pulse.com	6424	2026-06-14
agriculture.com	27864	2026-03-17
agriland.ie	45203	2026-01-13
agrinews-pubs.com	12645	2026-06-14
agupdate.com	17121	2026-06-14
agweek.com	12060	2026-06-13
agwired.com	7991	2026-06-14
ahram.org.eg	98512	2026-06-14
ai-cio.com	5355	2026-06-11
aidesep.org.pe	5933	2025-10-03
aikenstandard.com	5935	2023-06-19
ainonline.com	9960	2026-06-12
airdriecityview.com	43048	2025-01-23
airdrieecho.com	9021	2026-06-14
airdrietoday.com	18510	2023-05-11
airforce-technology.com	6797	2026-06-12
airforcetimes.com	9125	2026-06-14
airliners.net	10712	2026-04-23
airport-technology.com	6123	2026-06-09
ajc.com	73013	2026-06-14
ajmc.com	14664	2026-04-24
ajp.com.au	6068	2026-06-14
akp.gov.kh	22523	2026-06-14
akronnewsreporter.com	7932	2026-06-14
al-monitor.com	47257	2026-06-14
al.com	75487	2026-03-25
alabamanews.net	13758	2023-04-13
alabamawx.com	14666	2025-08-14
alamogordonews.com	6029	2026-06-14
alarabiya.net	20388	2025-12-05
alaraby.co.uk	8389	2022-11-16
alaska-native-news.com	8336	2026-06-13
alaskahighwaynews.ca	45396	2023-11-01
alaskapublic.org	8000	2026-06-13
alaskasnewssource.com	11552	2026-06-14
albanyherald.com	81229	2025-06-06
albawaba.com	70995	2026-06-14
alberta.ca	5389	2026-06-14
albuquerqueexpress.com	93227	2026-06-14
aldergrovestar.com	31441	2026-06-14
aldianews.com	8877	2026-06-12
aleteia.org	17528	2026-06-14
algemeiner.com	36304	2026-06-14
alice1077.com	10264	2026-06-13
alice965.com	14461	2026-06-11
alipac.us	31866	2026-06-14
aljazeera.com	118314	2026-06-14
allaboutthejersey.com	5255	2026-06-14
allaccess.com	12520	2024-11-05
allafrica.com	569966	2026-06-14
alleywatch.com	20909	2026-06-11
allhiphop.com	22785	2026-06-14
alligator.org	8579	2026-06-14
allkpop.com	60323	2026-06-14
allmediany.com	7207	2020-10-14
allthehitsb951.com	10019	2026-06-13
alltoc.com	8831	2026-04-15
allure.com	6694	2026-06-13
almanacnews.com	11625	2026-06-13
almanar.com.lb	11558	2026-01-24
almayadeen.net	5251	2025-01-26
alt1017.com	10060	2024-11-19
altaz933.com	7009	2026-06-13
alternet.org	30246	2026-06-14
altondailynews.com	9971	2021-06-21
altoonamirror.com	20950	2026-06-14
altpress.com	9018	2025-01-23
am-online.com	20323	2025-12-12
am1050.com	7241	2024-08-08
am1070theanswer.com	5920	2024-05-17
am1100theflag.com	18222	2026-06-10
am1590theanswer.com	6050	2022-07-01
am920theanswer.com	5919	2024-05-17
am9501007fm.com	27723	2026-06-08
am970theanswer.com	5919	2024-05-17
amarillo.com	9981	2023-09-11
amarillosrockstation.com	9076	2026-06-13
amazinavenue.com	8376	2026-06-14
amazingmadison.com	26414	2026-06-12
americamagazine.org	14642	2026-06-13
americanbanker.com	25602	2026-06-13
americanbazaaronline.com	8265	2026-06-14
americanfreepress.net	10087	2026-06-11
americanpress.com	26800	2026-06-14
americansongwriter.com	46462	2026-06-14
americanthinker.com	49662	2026-06-14
americantop40.com	13616	2026-06-14
amestrib.com	8559	2023-09-11
amherstbulletin.com	5035	2026-06-11
ammonnews.net	13976	2026-06-10
amny.com	19651	2026-06-14
amren.com	20158	2026-06-14
amsterdamnews.com	9748	2026-06-14
analystratings.com	5117	2021-04-29
anandabazar.com	12880	2023-08-22
ancient-origins.net	19991	2026-06-14
andhrawishesh.com	6851	2026-05-02
andina.pe	10818	2025-04-22
andoveradvertiser.co.uk	104231	2026-06-14
androidauthority.com	19782	2026-06-14
androidcentral.com	37967	2026-06-14
androidcommunity.com	6682	2022-02-03
androidpolice.com	36943	2026-06-14
angelusnews.com	5160	2026-06-13
anglocelt.ie	45429	2026-06-14
angop.ao	7651	2025-01-03
anhuinews.com	17717	2026-06-12
animenewsnetwork.com	59865	2025-09-07
aninews.in	535749	2026-06-14
annistonstar.com	25733	2026-06-14
ansa.it	14466	2026-06-12
ansamed.info	9391	2023-03-13
antaranews.com	71061	2026-06-14
antigojournal.com	32569	2026-06-12
antiwar.com	21826	2026-06-14
antonyloewenstein.com	6354	2026-06-14
aol.co.uk	231500	2026-06-14
aol.com	275710	2026-06-14
ap.org	20431	2026-06-04
apartmenttherapy.com	14278	2026-04-26
apnews.com	386275	2025-03-05
app.com	16834	2023-09-11
app.com.pk	33134	2026-04-24
appeal-democrat.com	19352	2026-06-12
applevalleynewsnow.com	8321	2026-06-14
apr.org	31762	2026-06-14
aps.dz	12949	2026-06-14
aqha.com	5136	2026-03-27
arabherald.com	109311	2026-06-14
arabianbusiness.com	34763	2026-01-29
arabnews.com	162837	2026-06-14
arabtimesonline.com	47449	2026-06-14
araratadvertiser.com.au	23461	2026-06-14
archaeology.org	5462	2026-06-13
archdaily.com	82278	2026-06-14
archinect.com	41715	2026-06-14
architectsjournal.co.uk	18264	2026-06-12
architecturaldigest.com	8395	2026-06-13
architectureanddesign.com.au	19216	2026-06-12
archyde.com	14291	2025-01-27
areadevelopment.com	6664	2026-06-14
areanews.com.au	47760	2026-06-14
argentinastar.com	34777	2026-06-14
argus-press.com	11405	2026-06-14
argusleader.com	11421	2023-09-10
argusmedia.com	7219	2026-06-12
argusobserver.com	14812	2026-06-14
argyllshireadvertiser.co.uk	5460	2024-01-25
ariananews.af	18321	2026-06-14
arirang.co.kr	11819	2022-10-11
arirang.com	11761	2022-10-11
arizonadailyindependent.com	11600	2026-06-14
arka.am	9941	2026-06-14
arkansasbusiness.com	16124	2026-03-11
arkansasonline.com	167667	2026-06-14
arkansasrazorbacks.com	8205	2026-06-14
arktimes.com	20025	2026-06-13
arlnow.com	27454	2026-06-13
armenianweekly.com	6317	2026-06-12
armenpress.am	85985	2025-06-04
armidaleexpress.com.au	51619	2026-06-14
armstrongeconomics.com	10735	2026-06-14
army-technology.com	8383	2026-06-13
armytimes.com	9852	2026-06-12
arn.ps	12414	2026-06-14
arnnet.com.au	17933	2026-06-12
arrowheadaddict.com	6322	2026-06-14
arrowheadpride.com	14839	2026-06-14
arsenal.com	13905	2026-06-14
arsenalnews.co.uk	59366	2026-06-14
arstechnica.com	13783	2026-06-14
artdaily.com	46599	2026-06-13
artemis.bm	5918	2026-06-13
artfixdaily.com	6664	2025-11-18
artnet.com	18952	2026-06-12
artnews.com	8559	2026-06-14
artsjournal.com	9675	2026-06-13
arynews.tv	27399	2026-06-14
as.com	10088	2026-03-19
asahi.com	43629	2026-06-14
asbarez.com	6695	2026-06-12
ashepostandtimes.com	13605	2026-06-14
ashleycountyledger.com	30367	2026-06-14
asiaasset.com	5852	2026-06-14
asiabulletin.com	94362	2026-06-14
asianage.com	35387	2026-06-14
asianews.it	14875	2026-06-14
asianews.network	26547	2026-06-12
asianimage.co.uk	80826	2026-06-14
asianjournal.com	11569	2026-06-14
asiaone.com	142256	2026-06-14
askmen.com	5934	2026-06-04
aspendailynews.com	49641	2026-06-14
aspenpublicradio.org	44897	2026-06-14
aspentimes.com	20603	2026-06-14
astanatimes.com	8691	2026-06-14
astroawani.com	7022	2025-11-17
astronomy.com	6038	2026-06-13
asurampage.com	6012	2026-06-14
at40.com	6095	2021-10-15
athens-times.com	99913	2026-06-14
athensmessenger.com	8740	2026-06-13
athensreview.com	18904	2026-06-13
athleticsnation.com	5295	2026-06-14
atholdailynews.com	20245	2026-06-14
atlantablackstar.com	28181	2026-06-04
atlantaleader.com	15200	2026-06-14
atlantanewsfirst.com	26566	2026-06-14
atlantic.ctvnews.ca	32788	2025-01-23
atlanticcouncil.org	8275	2026-06-13
attackofthefanboy.com	19607	2026-06-14
attitude.co.uk	6802	2026-06-12
atvtoday.co.uk	18709	2026-06-14
auburnpub.com	65214	2026-06-14
augustafreepress.com	37742	2026-06-14
austinchronicle.com	31125	2026-06-11
austinglobe.com	84622	2026-06-14
australianherald.com	37863	2026-06-14
australiannews.net	75375	2026-06-14
autocarindia.com	19639	2026-06-14
autoconnectedcar.com	5751	2026-06-14
autoevolution.com	85876	2026-05-10
autoexpress.co.uk	16574	2026-06-14
autoremarketing.com	5924	2026-06-12
autospies.com	23750	2026-06-13
autoweek.com	12759	2026-06-14
avclub.com	26821	2026-05-14
avenuemail.in	19185	2026-06-14
averyjournal.com	10806	2026-06-14
avherald.com	5916	2026-06-12
aviationweek.com	19775	2026-06-12
avn.com	11506	2026-06-12
avondhupress.ie	5399	2026-06-14
avweb.com	7384	2026-06-13
awesome98.com	29659	2026-06-14
awfulannouncing.com	28167	2026-06-14
awn.com	8731	2026-06-13
axios.com	16472	2024-06-05
axisoflogic.com	6291	2022-07-23
axs.com	10667	2025-01-20
azbigmedia.com	12655	2026-06-14
azbusinessdaily.com	9052	2024-01-25
azcapitoltimes.com	7731	2026-06-14
azcardinals.com	5011	2026-06-12
azcentral.com	69880	2023-09-11
azdailysun.com	49069	2026-06-14
azerbaijannews.net	61014	2026-06-14
azernews.az	55534	2026-06-14
azertag.az	45814	2026-06-14
azfamily.com	48649	2026-06-14
azocleantech.com	8869	2026-06-13
azom.com	15345	2026-06-13
azonano.com	5736	2026-06-13
azpbs.org	6892	2026-06-12
azsnakepit.com	7056	2026-06-14
b100quadcities.com	28726	2026-06-14
b1027.com	27780	2026-06-14
b1039.com	17884	2026-04-17
b1047.com	5355	2026-06-14
b105country.com	14928	2026-06-13
b106fm.com	8596	2026-06-13
b92.net	11215	2026-06-12
b93.net	28762	2026-06-14
b93radio.com	17296	2026-06-14
b975.com	10876	2026-06-13
b98.com	9653	2026-06-13
b985.com	10742	2026-06-14
b985.fm	32369	2026-06-14
b987.com	6038	2026-06-13
badlefthook.com	11463	2026-06-14
baguiomidlandcourier.com.ph	5491	2024-07-30
baidu.com	49297	2026-06-13
bainbridgereview.com	5194	2026-06-12
bakercityherald.com	7617	2026-06-14
bakersfield.com	93815	2026-06-14
bakersfieldnow.com	36583	2026-06-14
bakeryinfo.co.uk	5136	2025-09-05
balkaninsight.com	6641	2026-06-12
ballinaadvocate.com.au	34874	2021-04-28
balloon-juice.com	20047	2026-03-11
ballot-access.org	7058	2026-06-13
baltic-course.com	5550	2026-04-04
baltictimes.com	17957	2026-06-12
baltimorebeatdown.com	7152	2026-06-13
baltimoreravens.com	8606	2026-06-14
baltimorestar.com	99037	2026-06-14
baltimoresun.com	133439	2026-06-14
bamsmackpow.com	5901	2026-06-14
banana1015.com	28538	2026-06-14
banburycake.co.uk	41634	2023-03-07
banburyguardian.co.uk	14854	2025-01-23
bandt.com.au	17864	2026-06-12
bangkokpost.com	149228	2026-06-14
bangladeshinfo.com	12248	2025-06-14
bangladeshsun.com	66720	2026-06-14
banglamirrornews.com	23689	2026-06-08
banglanews24.com	5026	2025-10-28
bangordailynews.com	50888	2026-06-14
bankerandtradesman.com	13302	2026-06-14
bankinfosecurity.com	15452	2026-06-12
banklesstimes.com	11185	2026-06-14
banksnews.gr	10591	2025-07-24
baptistnews.com	6875	2026-06-13
barandbench.com	32666	2026-06-14
barbadostoday.bb	40624	2026-06-14
barcablaugranes.com	16900	2026-06-14
baristanet.com	5189	2023-08-22
barnsleychronicle.com	5523	2025-10-16
barrie.ctvnews.ca	20049	2025-01-23
barryanddistrictnews.co.uk	91132	2026-06-14
bartlesvilleradio.com	38092	2026-06-14
basildonstandard.co.uk	30362	2021-03-11
basingstokegazette.co.uk	110791	2026-06-14
bassresource.com	5177	2025-04-17
batemansbaypost.com.au	69478	2026-06-14
batonrougepost.com	46188	2026-06-14
baxterbulletin.com	9076	2026-06-13
bay939.com.au	5634	2026-06-14
baynews9.com	7989	2026-06-13
bayshorebroadcasting.ca	14009	2026-06-14
baystreet.ca	36899	2026-06-14
baytownsun.com	19080	2026-06-13
bbc.co.uk	332842	2026-06-14
bbc.com	211568	2026-06-14
bbj.hu	9401	2025-10-20
bc.ctvnews.ca	35669	2025-01-23
bcdemocrat.com	7924	2025-07-02
bchomez.com	30975	2026-06-10
bclocalnews.com	7159	2020-04-07
bctv.org	5283	2026-06-12
bdnews24.com	65821	2025-11-13
bdonline.co.uk	9209	2025-09-05
bdtonline.com	60451	2026-06-14
beach951.com	16017	2026-06-14
bear104.com	13426	2026-06-13
bearingarms.com	19958	2026-06-14
beat.com.au	16527	2026-06-04
beat102103.com	8404	2026-06-14
beatricedailysun.com	52206	2026-06-14
beaufortcountynow.com	16122	2026-06-13
beaumontenterprise.com	67505	2025-11-18
beaver1003.com	8423	2026-06-13
beckersspine.com	7251	2026-06-12
bedfordgazette.com	18283	2026-06-14
bedfordtoday.co.uk	15205	2025-01-23
beefmagazine.com	5014	2025-01-01
begadistrictnews.com.au	58638	2026-06-14
behindthesteelcurtain.com	17091	2026-06-14
beijingbulletin.com	109393	2026-06-14
belfastlive.co.uk	105123	2026-06-14
belfasttelegraph.co.uk	131950	2026-02-16
belgrade-news.com	5737	2026-06-13
bellanaija.com	11134	2026-06-14
belmondnews.com	5764	2026-01-26
beloitdailynews.com	36226	2026-06-14
bemidjipioneer.com	38047	2026-06-14
benarnews.org	5320	2025-09-02
bendbulletin.com	49837	2026-06-14
bendigoadvertiser.com.au	63851	2026-06-14
bendsource.com	13391	2026-06-14
benefitscanada.com	6987	2026-06-12
beniciaindependent.com	5258	2026-06-14
benningtonbanner.com	46720	2026-06-14
benzinga.com	335690	2026-06-14
berkeley.edu	5318	2026-06-14
berkshireeagle.com	70304	2026-06-14
berksmontnews.com	5896	2021-08-26
bernama.com	21124	2026-03-19
bernews.com	27556	2026-06-14
bestmediainfo.com	23439	2026-06-13
bet.com	21603	2026-06-14
betakit.com	6373	2026-06-12
betanews.com	14454	2026-01-15
bethesdamagazine.com	9787	2026-06-12
bevnet.com	19158	2026-06-13
bexhillobserver.net	5028	2022-02-09
bgdailynews.com	66321	2026-06-14
bgnes.com	7346	2026-06-14
bgr.com	26596	2026-06-14
bgr.in	20873	2023-01-29
bhaskar.com	5153	2026-06-11
bhg.com	12912	2026-03-17
bhpioneer.com	33558	2026-06-14
bianet.org	17521	2026-06-14
biblestudytools.com	5812	2026-06-12
bicesteradvertiser.net	123514	2026-06-14
big104fm.com	7579	2026-04-24
bigblueview.com	17286	2026-06-13
bigcountry1073.com	5766	2026-06-13
bigcountry969.com	24106	2026-06-14
bigfrog104.com	35673	2026-06-14
biggleswadetoday.co.uk	9031	2025-01-23
bigislandnow.com	9320	2026-06-14
bigissue.com	9937	2026-06-12
bignewsnetwork.com	852760	2026-06-14
bigoven.com	10092	2026-06-14
bigrigs.com.au	10189	2026-06-12
bigtakeover.com	5244	2025-08-22
bikebiz.com	5800	2026-06-12
bikeradar.com	7673	2026-06-14
bilkulonline.com	8703	2026-06-14
billboard.com	76652	2026-06-14
billingsgazette.com	78543	2026-06-14
billoreilly.com	13035	2026-06-11
binnews.com	24495	2026-06-12
biodiversitylibrary.org	16519	2026-02-24
biofuelsdigest.com	15476	2025-01-23
biomassmagazine.com	8716	2026-06-13
biometricupdate.com	14852	2026-06-14
biopharmadive.com	7100	2026-06-12
bioprepwatch.com	17621	2026-04-10
biospace.com	7263	2026-02-19
biospectrumindia.com	13694	2026-06-05
birminghammail.co.uk	295461	2026-06-14
birminghamstar.com	25029	2026-06-14
birminghamtimes.com	7556	2026-06-13
bismarcktribune.com	61823	2026-06-13
bizcommunity.com	65702	2026-06-13
bizenglish.adaderana.lk	6999	2026-02-24
bizjournals.com	49218	2022-06-19
biznews.com	17843	2026-06-14
bizpacreview.com	42842	2023-09-06
biztimes.com	15168	2026-06-12
biztoc.com	1997950	2026-01-16
bizwest.com	11924	2026-06-14
bjpenn.com	31452	2026-06-14
bjreview.com	30632	2026-06-12
bjreview.com.cn	17350	2026-06-12
bkreader.com	7706	2026-06-14
blabbermouth.net	16036	2026-06-11
blackamericaweb.com	14382	2026-06-14
blackandteal.com	5984	2026-06-14
blackenterprise.com	37583	2026-06-14
blackhillsfox.com	13340	2024-07-01
blacklistednews.com	9929	2024-08-07
blackpoolgazette.co.uk	23696	2025-01-23
blackseagrain.net	7057	2022-02-09
blayneychronicle.com.au	50599	2026-06-14
blazersedge.com	12383	2026-06-14
blazin1023.com	6009	2026-06-11
bleachernation.com	41095	2025-03-05
bleacherreport.com	62888	2026-06-14
bleedcubbieblue.com	14240	2026-06-14
bleedingcool.com	108377	2026-06-14
bleedinggreennation.com	11965	2026-06-14
blessyouboys.com	5881	2026-06-14
blingee.com	5682	2024-06-04
blockislandtimes.com	5460	2026-06-13
bloggingdirty.com	5555	2026-06-14
bloggingtheboys.com	19892	2026-06-14
blogherald.com	5660	2026-06-13
blogspot.com	5313	2026-06-14
blogto.com	32243	2026-06-14
bloodhorse.com	31323	2026-06-14
bloodyelbow.com	28845	2025-10-06
blooloop.com	11466	2026-06-12
bloomberg.com	168218	2026-06-13
bloombergquint.com	20998	2022-05-05
bluebirdbanter.com	5999	2026-06-14
bluemountaineagle.com	23807	2026-06-14
bluemountainsgazette.com.au	59841	2026-06-14
blueprint.ng	86022	2026-06-14
blueridgenow.com	8748	2023-09-11
blueshirtbanter.com	5127	2026-06-14
blufftonicon.com	11822	2026-06-14
bmj.com	33556	2025-11-26
bmmagazine.co.uk	8385	2026-06-14
bmwblog.com	9438	2026-06-14
bnamericas.com	16560	2026-03-31
bnd.com	5862	2024-07-27
bnn-news.com	13258	2026-06-12
bnnbloomberg.ca	256009	2026-06-14
bobfm.co.uk	10011	2026-06-13
bocanewsnow.com	5661	2026-06-14
bognor.co.uk	5973	2022-02-10
boingboing.net	31171	2026-06-14
boisestatepublicradio.org	34728	2026-06-13
bold.dk	10115	2026-06-14
bolivarmonews.com	5181	2026-06-09
bollywoodhungama.com	49394	2026-06-14
bollywoodlife.com	8083	2026-02-16
bollywoodmantra.com	5165	2023-06-01
bolnews.com	8267	2025-12-08
bonappetit.com	6267	2026-06-14
bondbuyer.com	14425	2026-06-12
boom1019.com	6591	2026-06-10
boorowanewsonline.com.au	17426	2026-06-12
boothbayregister.com	31256	2026-06-14
bordermail.com.au	95722	2026-06-14
bordertelegraph.com	95379	2026-06-14
borderwatch.com.au	7562	2026-05-05
boredpanda.com	365433	2026-06-14
borehamwoodtimes.co.uk	111322	2026-06-14
borgenproject.org	5392	2026-06-14
borneobulletin.com.bn	79107	2025-04-28
boston.com	65247	2026-06-14
bostonglobe.com	141976	2026-06-14
bostonherald.com	56069	2026-06-14
bostonstar.com	108236	2026-06-14
bournemouthecho.co.uk	160008	2026-06-14
bowenislandundercurrent.com	61387	2025-09-05
boxden.com	78610	2024-10-17
boxinginsider.com	5506	2026-06-14
boxingnews24.com	12161	2026-06-14
boxingnewsonline.net	10847	2026-06-14
bozemandailychronicle.com	155308	2026-06-14
bozemanskissfm.com	14817	2026-06-12
bozone.com	13842	2026-06-14
bpr.org	23840	2023-01-31
bracknellnews.co.uk	99520	2026-06-14
bradfordera.com	73428	2026-06-14
braidwoodtimes.com.au	50078	2026-06-14
brainerddispatch.com	56691	2026-06-14
braintreeandwithamtimes.co.uk	131712	2026-06-14
bramptonguardian.com	12105	2026-06-14
brandonsun.com	65754	2026-06-14
bransontrilakesnews.com	46403	2026-06-14
brantfordexpositor.ca	42465	2026-06-14
bravenewcoin.com	10075	2026-06-14
bravotv.com	9503	2026-06-14
brazilsun.com	48131	2026-06-14
breakingbelizenews.com	7788	2026-03-19
breakingdefense.com	13447	2026-06-12
breakingnews.ie	104425	2026-06-14
breakingtravelnews.com	13060	2023-08-26
brecorder.com	74251	2026-02-23
breitbart.com	286587	2026-06-14
brentwoodlive.co.uk	110970	2026-06-14
bridgemi.com	10853	2026-06-12
bridgwatermercury.co.uk	95680	2026-06-14
bridportnews.co.uk	101745	2026-06-14
briefingwire.com	79426	2026-06-14
brightonandhovenews.org	10196	2026-06-14
brightontoday.ca	8733	2026-06-14
brightsideofthesun.com	8420	2026-06-14
bringmethenews.com	15509	2023-09-18
brisbanetimes.com.au	232045	2026-06-14
bristol247.com	10749	2025-11-19
bristolpost.co.uk	126352	2026-06-14
britainnews.net	64480	2026-06-14
britannica.com	21901	2025-11-12
broadbandtvnews.com	6210	2026-06-12
broadcastnow.co.uk	13529	2025-09-04
broadwayworld.com	55810	2026-05-08
brobible.com	14119	2026-06-14
brokernews.com.au	6968	2026-06-12
bromsgroveadvertiser.co.uk	107562	2026-06-14
bromsgrovestandard.co.uk	14497	2026-06-14
brookingsradio.com	22075	2026-06-12
brooklyneagle.com	13594	2026-06-14
brooklynpaper.com	8672	2026-06-14
brooklynvegan.com	36353	2026-06-14
broomfieldenterprise.com	12151	2026-06-14
browndailyherald.com	7362	2026-06-11
brownsvilleherald.com	16485	2021-03-17
brownwoodnews.com	17303	2026-06-14
brudirect.com	25045	2026-06-14
bruneinews.net	75552	2026-06-14
bryantimes.com	56156	2026-06-14
bssnews.net	149181	2026-06-14
bu.edu	6099	2026-06-12
bubblear.com	10614	2026-06-14
buccaneers.com	6348	2026-06-12
buckscountycouriertimes.com	10343	2023-01-24
bucksfreepress.co.uk	119089	2026-06-14
bucksherald.co.uk	12536	2025-01-23
bucksinsider.com	8353	2026-06-14
bucyrustelegraphforum.com	5927	2023-09-11
budapesttimes.hu	10375	2026-06-14
buenosairesherald.com	5147	2026-06-14
buffalobulletin.com	11292	2026-06-13
buffalonews.com	138431	2026-06-14
buffalorising.com	5732	2026-06-14
buildersmerchantsnews.co.uk	5407	2026-06-12
building.co.uk	13478	2025-09-05
bulawayo24.com	60710	2026-06-14
bulgariagazette.com	6870	2025-09-26
bulletsforever.com	6997	2026-06-14
bunburymail.com.au	101321	2026-06-14
bundesliga.com	7332	2026-06-14
burlingtoncountytimes.com	11222	2023-09-11
burlingtonfreepress.com	5470	2023-09-11
burnabynow.com	71750	2025-08-01
burnham-on-sea.com	16542	2026-06-14
burnhamandhighbridgeweeklynews.co.uk	92476	2026-06-14
burnleyexpress.net	21025	2025-01-23
burntorangenation.com	7082	2026-06-13
bursa.ro	5628	2026-06-14
burytimes.co.uk	156904	2026-06-14
business-humanrights.org	10692	2026-06-09
business-review.eu	17461	2026-06-12
business2community.com	14740	2026-06-12
businessdailyafrica.com	39954	2026-06-14
businessday.co.za	8721	2026-06-14
businessdayghana.com	7223	2026-06-14
businessden.com	5115	2026-06-12
businessghana.com	142573	2026-06-14
businessgreen.com	17994	2026-06-14
businessincameroon.com	6395	2026-06-12
businessinsider.co.za	8106	2023-02-28
businessinsider.com	344674	2026-06-14
businessinsider.com.au	24044	2023-10-12
businessinsider.in	71647	2025-01-13
businessinsurance.com	9104	2026-06-12
businesslive.co.za	10121	2025-10-13
businessmirror.com.ph	121961	2025-05-14
businessnorth.com	9240	2026-06-14
businessoffashion.com	15826	2026-06-13
businessrecord.com	20810	2024-01-04
businessreport.com	7696	2026-06-13
businesstech.co.za	9105	2022-09-28
businesstimes.com.sg	74735	2026-06-14
businesstoday.in	161953	2026-06-14
businesstraveller.com	10762	2025-01-23
businesstravelnewseurope.com	7049	2026-04-06
businesswire.com	90653	2023-04-18
businesswireindia.com	12266	2026-05-18
businessworld.in	33179	2026-06-14
butlereagle.com	55293	2026-06-14
buxtonadvertiser.co.uk	12680	2025-01-23
buzzfeed.com	85367	2026-06-14
buzzfeednews.com	7389	2026-01-01
bworldonline.com	85182	2026-06-14
bxr.com	8979	2026-06-13
byronnews.com.au	34848	2021-04-28
byu.edu	5992	2026-06-11
c-mw.net	6184	2026-06-11
c21media.net	25838	2026-06-12
cachevalleydaily.com	16990	2026-06-14
cadforum.cz	13342	2026-06-14
cadillacnews.com	31792	2026-06-14
cagesideseats.com	40730	2026-06-14
cagle.com	21449	2025-01-23
cairnspost.com.au	238332	2026-06-14
cairoscene.com	21650	2026-06-14
caixinglobal.com	24303	2026-06-08
cajnewsafrica.com	6321	2026-06-12
cajunradio.com	15503	2026-06-12
calcoastnews.com	8234	2026-06-14
calculatedriskblog.com	14512	2026-01-12
calcuttanews.net	150752	2026-06-14
caledoncitizen.com	5717	2026-06-11
caledonenterprise.com	5235	2026-06-14
caledoniacourier.com	25506	2026-06-14
caledonianrecord.com	172870	2026-06-14
calgary.ctvnews.ca	30489	2025-01-23
calgaryherald.com	49513	2026-06-14
calgarysun.com	69913	2026-06-14
californianewswire.com	7851	2026-06-11
californiatelegraph.com	145032	2026-06-14
caller.com	7121	2023-09-11
callnewspapers.com	5301	2026-06-11
cambodiantimes.com	145228	2026-06-14
cambrian-news.co.uk	19654	2026-06-14
cambridge-news.co.uk	72139	2026-06-14
cambridge.org	7026	2026-03-01
cambridgetimes.ca	8980	2026-06-14
cambstimes.co.uk	38547	2026-06-14
camdencourier.com.au	49325	2026-06-14
cameroon-tribune.cm	14111	2026-06-14
campaignasia.com	8170	2026-06-14
campaignbrief.com	13831	2026-06-14
campaignindia.in	9925	2026-06-13
campaignlive.co.uk	25978	2026-06-12
campaignseries.co.uk	10186	2023-02-07
campbellrivermirror.com	30852	2026-06-14
campbeltowncourier.co.uk	5717	2024-01-25
campusreform.org	7013	2026-01-05
canada.com	38348	2026-06-13
canadafreepress.com	33147	2025-07-27
canadiancattlemen.ca	6419	2026-06-14
canadianinquirer.net	15909	2026-06-13
canadianlawyermag.com	6277	2026-06-12
canadianmanufacturing.com	8700	2026-06-12
canadianminingjournal.com	9220	2026-06-12
canadianreviewer.com	8870	2026-06-12
canadianunderwriter.ca	6425	2026-06-12
canberratimes.com.au	117802	2026-06-14
cancertherapyadvisor.com	7290	2026-06-12
candgnews.com	13844	2026-06-14
canindia.com	45226	2025-11-20
canoncitydailyrecord.com	24630	2026-06-14
canowindranews.com.au	25736	2024-09-09
cantechletter.com	20754	2026-05-12
cantondailyledger.com	5834	2023-09-10
cantonrep.com	17009	2023-09-11
canyon-news.com	11181	2026-06-14
capeandislands.org	38692	2026-06-14
capebretonpost.com	23307	2020-11-12
capecod.com	12757	2026-06-14
capecodtimes.com	12400	2023-09-11
capegazette.com	20535	2026-01-06
capenews.net	14218	2026-06-13
capetalk.co.za	25547	2024-01-15
capitalethiopia.com	14501	2026-06-14
capitalfm.co.ke	57447	2026-06-14
capitalfm.com	9750	2026-06-14
capitalgazette.com	76934	2026-06-14
capitalpress.com	17133	2026-06-12
capitolfax.com	17225	2026-06-12
capitolhillseattle.com	5959	2026-02-16
capjournal.com	17272	2026-06-14
capradio.org	38561	2026-06-12
captivasanibel.com	12062	2026-06-12
carandbike.com	12060	2026-06-14
caranddriver.com	10963	2026-06-14
carbon-pulse.com	17777	2025-08-13
carbuzz.com	50111	2026-06-14
cardinalcourieronline.com	10292	2026-02-05
careerindia.com	8996	2026-06-14
caribbeanherald.com	58319	2026-06-14
caribjournal.com	6288	2026-06-14
carletonvilleherald.com	12062	2023-10-11
carlow-nationalist.ie	60217	2026-06-14
carlyleobserver.com	30710	2021-07-29
carmagazine.co.uk	5186	2026-06-12
carnegieendowment.org	5280	2026-06-11
carnewschina.com	5741	2026-06-14
carolinacoastonline.com	26362	2026-06-13
carolinajournal.com	10378	2026-06-13
carrollspaper.com	39326	2026-06-14
carscoops.com	51872	2026-06-14
carsguide.com.au	6540	2025-03-31
carsonnow.org	133642	2026-06-14
cartermatt.com	27960	2026-05-08
casino.org	6740	2026-06-14
castanet.net	188887	2023-11-21
castanetkamloops.net	68337	2026-06-14
castlegarsource.com	6134	2026-06-12
catcountry1029.com	17153	2026-06-13
catcountry1073.com	49989	2026-06-14
catholicculture.org	28613	2026-06-13
catholicnewsagency.com	11036	2026-01-23
catholicphilly.com	8576	2026-06-12
catholicregister.org	7280	2026-06-14
catholicworldreport.com	32066	2026-06-14
caughtoffside.com	47794	2026-06-14
cavalierdaily.com	9327	2026-06-14
cbc.bb	19000	2026-06-14
cbc.ca	365262	2026-06-14
cbn.com	24676	2026-06-14
cbr.com	25341	2023-10-27
cbs12.com	42061	2026-06-14
cbs19.tv	57735	2026-06-06
cbs2iowa.com	38858	2026-06-14
cbs46.com	9757	2022-03-01
cbs4indy.com	5543	2024-08-20
cbs4local.com	38842	2026-06-14
cbs58.com	74064	2026-06-14
cbs6albany.com	38460	2026-06-14
cbs7.com	10489	2024-08-12
cbs8.com	55118	2026-06-05
cbsnews.com	207334	2026-06-14
ccenterdispatch.com	18399	2026-03-06
ccm.net	10814	2025-04-02
cdapress.com	22132	2026-06-14
cdispatch.com	18902	2026-06-13
cecildaily.com	17796	2026-06-14
cei.int	6321	2026-06-13
celebdirtylaundry.com	47418	2026-06-14
cemnet.com	10712	2026-06-12
centralasiatimes.com	31750	2026-06-14
centralchronicle.com	29979	2026-03-24
centraljersey.com	19200	2025-05-26
centralmaine.com	96084	2026-06-14
centralmoinfo.com	31702	2026-06-14
centraltelegraph.com.au	20824	2020-06-29
centralwesterndaily.com.au	61214	2026-06-14
centreforaviation.com	23643	2026-06-12
cessnockadvertiser.com.au	57276	2026-06-14
cfnrfm.ca	9615	2026-06-12
cfr.org	7865	2026-06-13
cfweradio.ca	6578	2026-06-11
cgtn.com	15100	2025-08-27
chad.co.uk	20199	2025-01-23
chaffeecountytimes.com	7975	2026-06-12
chalkbeat.org	8116	2026-06-14
championnewspapers.com	6019	2026-06-14
channel3000.com	130061	2026-06-14
channel4.com	19832	2026-06-14
channel5belize.com	19313	2025-05-24
channelafrica.co.za	13116	2026-06-14
channeleye.co.uk	5515	2024-08-12
channelnewsasia.com	174076	2026-06-14
channelstv.com	87427	2026-06-10
channelweb.co.uk	5809	2025-04-17
chapelboro.com	20093	2026-06-13
chardandilminsternews.co.uk	93091	2026-06-14
charismamag.com	18512	2023-07-17
charismanews.com	12185	2025-08-02
charkoosta.com	6467	2026-06-12
charlestoncitypaper.com	8067	2026-06-14
charlotteobserver.com	9913	2024-07-31
charter97.org	70754	2026-03-02
chathamdailynews.ca	45150	2026-06-14
chathamstartribune.com	10705	2026-06-14
chathamthisweek.com	37069	2026-03-13
chattanoogan.com	79834	2026-06-14
chattooga1180.com	11380	2026-06-14
chch.com	21000	2026-06-14
cheatsheet.com	28644	2026-03-18
cheboygannews.com	5551	2023-09-10
cheknews.ca	17423	2026-06-14
chelmsfordweeklynews.co.uk	111767	2026-06-14
chemeurope.com	7717	2026-06-13
chennaionline.com	16679	2026-06-14
cherokeephoenix.org	8379	2026-06-12
chessbase.com	10026	2026-06-14
chesterstandard.co.uk	150086	2026-06-14
chiangraitimes.com	22177	2026-06-14
chicagocrusader.com	8153	2026-06-14
chicagonow.com	9019	2022-08-18
chicagotribune.com	156541	2026-06-14
chichester.co.uk	7095	2022-02-10
chickashanews.com	6069	2026-06-12
chicoer.com	22143	2026-06-14
chieftain.com	9189	2023-09-11
chilecomparte.cl	23931	2026-06-14
chimpreports.com	13757	2026-06-14
china.org.cn	181743	2026-06-14
chinadaily.com.cn	576442	2026-06-14
chinadailyhk.com	10481	2025-01-27
chinadigitaltimes.net	8017	2026-06-05
chinafile.com	8455	2026-06-12
chinamil.com.cn	20752	2026-06-14
chinanationalnews.com	147956	2026-06-14
chinatechnews.com	7731	2026-06-14
chinaview.cn	30639	2026-03-19
chinookobserver.com	7696	2026-06-14
chipchick.com	22244	2026-06-14
chippewa.com	57763	2026-06-14
chorleycitizen.co.uk	18568	2023-02-07
chortle.co.uk	17192	2026-06-13
chosun.com	17595	2024-09-12
chrisd.ca	7438	2026-06-14
christianitytoday.com	10364	2026-06-12
christiannewswire.com	6334	2026-06-12
christianpost.com	70833	2026-06-14
chron.com	549721	2025-11-18
chronicle-tribune.com	10295	2026-06-14
chronicle.co.zw	47194	2025-01-23
chronicle.com	5109	2025-11-18
chronicle.gi	7306	2026-03-17
chronicle.lu	32836	2026-06-13
chroniclejournal.com	67087	2026-06-14
chroniclelive.co.uk	128720	2026-06-14
chronicleonline.com	74664	2026-06-14
chronicletimes.com	5371	2026-06-12
chronline.com	34983	2026-06-14
chronogram.com	7289	2026-06-14
chvnradio.com	24651	2026-06-14
cincinnati.com	30235	2024-10-21
cincinnatimagazine.com	5569	2026-06-12
cincinnatisun.com	41881	2026-06-14
cincyjungle.com	13808	2026-06-14
cinemablend.com	82811	2026-06-14
cineuropa.net	5310	2022-08-20
cineuropa.org	28824	2026-03-27
cio.com	12010	2026-01-20
circlevilleherald.com	6385	2026-06-12
cisnfm.com	10126	2026-06-11
cities929.com	14406	2026-06-13
citizen-times.com	8165	2023-09-11
citizen.co.za	96255	2026-06-14
citizen.digital	7318	2026-02-22
citizen.on.ca	6258	2026-06-12
citizensvoice.com	53781	2026-06-14
citr.ca	5040	2025-11-02
city-countyobserver.com	15742	2026-01-31
cityam.com	59353	2026-06-14
citybeat.com	10354	2025-01-22
citynews.com.au	18100	2025-09-04
citywatchla.com	8881	2026-06-13
citywireselector.com	7388	2022-10-19
civilserviceworld.com	6859	2026-06-12
civilsociety.co.uk	5760	2026-06-12
cjhk.ca	7829	2026-03-03
cjls.com	6152	2026-04-07
cjme.com	29887	2026-06-14
cjonline.com	13533	2023-09-11
cjoy.com	8910	2023-12-05
ckbw.ca	8373	2026-03-02
ckdr.net	10129	2025-10-01
ckfm.ca	6389	2024-05-10
ckom.com	30584	2026-06-14
ckua.com	10235	2026-06-14
ckxsfm.com	11289	2026-06-12
clactonandfrintongazette.co.uk	142211	2026-06-14
claimsjournal.com	12766	2026-06-12
clare.fm	24396	2026-06-14
clarechampion.ie	9982	2026-06-14
clareherald.com	7578	2026-06-14
claremoreprogress.com	7547	2026-06-13
clarionledger.com	9660	2023-09-11
clarksvillenow.com	13386	2026-06-14
clarksvilleonline.com	21223	2026-06-14
classic107.com	12837	2026-06-14
classiccountry1070.com	6263	2024-02-24
classichits925.com	9735	2026-06-14
classicrock1051.com	16764	2024-04-27
classicrock1069.com	5507	2022-01-10
classicrock961.com	31399	2026-06-14
classy100.com	35701	2026-06-13
claytodayonline.com	6375	2026-06-13
cleantechnica.com	33662	2026-06-14
clearwatertimes.com	28350	2026-06-14
clemsontigers.com	5714	2026-06-14
cleveland.com	30463	2026-03-09
cleveland19.com	46605	2026-06-14
clevelandbanner.com	11789	2026-06-14
clevelandbrowns.com	5384	2026-06-12
clevelandjewishnews.com	81359	2026-06-14
clevelandstar.com	112482	2026-06-14
clevescene.com	10974	2026-06-12
clichemag.com	14082	2026-06-13
click2houston.com	96184	2026-06-14
clickondetroit.com	156358	2026-06-14
clickorlando.com	129740	2026-06-14
clickthecity.com	7274	2025-10-21
clinicaladvisor.com	6452	2026-06-12
clinicalleader.com	7256	2026-06-13
clintonherald.com	38611	2026-06-13
clintonnewsrecord.com	22418	2026-06-14
closerweekly.com	6110	2026-06-14
cloverdalereporter.com	33422	2026-06-14
cltampa.com	9282	2026-06-13
club937.com	24487	2026-06-12
clutchpoints.com	38968	2026-06-13
clydebankpost.co.uk	99327	2026-06-14
cmcmarkets.com	5856	2026-03-09
cmo.com.au	5228	2024-01-20
cnbc.com	127750	2026-06-14
cnbcafrica.com	20130	2026-06-14
cnbctv18.com	7702	2026-03-19
cnet.com	449299	2026-06-14
cnn.com	291853	2026-06-14
cnnphilippines.com	80976	2024-01-29
cnsnews.com	60537	2025-08-26
cntraveler.com	6084	2026-06-13
cntraveller.com	5107	2026-06-13
cnweekly.com	12207	2021-07-26
cnycentral.com	29914	2026-06-14
cnynews.com	17723	2026-06-14
coast1009.com	19867	2026-06-14
coast973.com	8608	2026-06-11
coastalcourier.com	5494	2026-06-12
coastaldigest.com	18952	2026-06-14
coastalnewstoday.com	14623	2024-01-03
coastalpoint.com	6198	2026-06-13
coastalradio.ca	7138	2026-06-12
coastfm.co.uk	11110	2025-01-27
coastreporter.net	84071	2025-09-09
cobrapost.com	11561	2026-06-13
cochranetimes.com	8797	2026-06-14
cochranetimespost.ca	48412	2026-06-14
cochranetoday.ca	8500	2023-01-30
coffscoastadvocate.com.au	43733	2021-03-24
cogconnected.com	10110	2026-06-14
coincommunity.com	144852	2026-04-03
coindesk.com	29582	2026-06-14
coinspeaker.com	33108	2026-06-14
cointelegraph.com	40987	2026-06-14
coinweek.com	7781	2026-06-04
coladaily.com	8867	2026-06-11
coldlakesun.com	12659	2026-06-14
collider.com	114416	2026-06-14
colombogazette.com	8948	2026-06-14
colombopage.com	20989	2023-11-30
coloradoan.com	6487	2023-09-11
coloradohometownweekly.com	14862	2026-06-14
coloradopolitics.com	6290	2026-03-19
coloradostar.com	39025	2026-06-14
columbiadailyherald.com	9127	2023-09-11
columbiagorgenews.com	17814	2026-06-11
columbiamissourian.com	27420	2026-06-14
columbian.com	101716	2026-06-14
columbiatribune.com	10247	2023-09-11
columbustelegram.com	53410	2026-06-13
combatpress.com	12050	2026-06-14
comicbook.com	182218	2026-06-14
comicbookmovie.com	26524	2026-06-14
comingsoon.net	54277	2026-06-14
commercial-news.com	14445	2026-06-14
commercialappeal.com	11594	2023-09-11
commercialmotor.com	5370	2026-06-03
commercialobserver.com	11849	2026-06-14
commodityonline.com	27788	2025-02-12
commonsnews.org	7904	2023-06-14
communityadvocate.com	6418	2026-06-14
communityimpact.com	19253	2026-06-14
communitynewspapergroup.com	19618	2026-06-14
communitynewspapers.com	12830	2026-06-14
communityni.org	5202	2022-02-11
communitypress.ca	38049	2026-06-14
comoxvalleyrecord.com	31980	2026-06-14
complex.com	21490	2026-06-14
complianceweek.com	5398	2026-06-12
compositesworld.com	8564	2026-06-14
compsmag.com	6764	2024-03-22
computerweekly.com	38935	2026-06-12
computerworld.com	10708	2026-06-12
computing.co.uk	8400	2026-06-12
comunicati.net	56760	2022-02-08
con-telegraph.ie	55071	2026-06-14
concordmonitor.com	31817	2026-06-14
conference-news.co.uk	7527	2026-06-11
connachttribune.ie	15670	2026-02-24
connectradio.fm	19640	2026-06-14
connectsavannah.com	7526	2026-06-12
connexionfrance.com	27479	2026-06-14
consilium.europa.eu	24508	2024-07-15
consortiumnews.com	5190	2026-06-13
constructiondive.com	7294	2026-06-12
constructionenquirer.com	5630	2026-06-12
constructionequipment.com	5099	2026-06-13
constructionequipmentguide.com	6389	2025-03-03
constructionnews.co.uk	14253	2026-06-12
constructionweekonline.com	8096	2024-07-13
consumerelectronicsnet.com	16079	2024-02-09
conwaydailysun.com	20378	2026-06-11
cookingchanneltv.com	5605	2023-03-29
cookislandsnews.com	10121	2026-06-14
cool987fm.com	11904	2026-06-12
coolsocial.net	9498	2023-01-16
coolum-news.com.au	20346	2020-06-29
coosavalleynews.com	9293	2026-06-14
cootamundraherald.com.au	35787	2026-06-14
corkindependent.com	8925	2026-06-12
cornell.edu	7490	2026-06-13
cornellsun.com	8613	2026-06-14
cornwalllive.com	6247	2026-06-09
cornwallseawaynews.com	23803	2026-06-14
coronadonewsca.com	13032	2026-06-14
corsicanadailysun.com	23249	2026-06-14
corvallisadvocate.com	5986	2026-06-13
cosmeticsandtoiletries.com	7465	2026-02-10
cosmopolitan.com	66089	2026-06-14
cosmosmagazine.com	9093	2025-10-20
cotswoldjournal.co.uk	100051	2026-06-14
countercurrents.org	20564	2026-06-14
counterpunch.org	23416	2026-06-14
country-guide.ca	5855	2025-05-21
country104.com	8320	2026-06-08
country105.com	10288	2026-06-08
country1053.ca	9597	2025-05-20
country94.ca	14854	2025-12-08
countrylife.co.uk	9089	2026-06-14
countryliving.com	9384	2026-06-14
countypress.co.uk	136996	2026-06-14
countytimes.co.uk	115143	2026-06-14
countyweeklynews.ca	37781	2026-06-14
courant.com	98174	2026-06-14
courier-journal.com	18161	2023-09-11
courier-tribune.com	11280	2026-06-13
courierjournal.net	8465	2026-06-14
couriermail.com.au	182103	2024-07-31
couriernews.com	66538	2026-06-14
courierpostonline.com	8906	2023-09-11
courierpress.com	8075	2023-09-11
coventryobserver.co.uk	10772	2026-06-14
coventrytelegraph.net	97231	2026-06-14
covers.com	36646	2026-06-14
covnews.com	5700	2026-06-14
cowichanvalleycitizen.com	32458	2026-06-14
cowraguardian.com.au	27221	2026-06-11
cp24.com	102116	2026-06-14
cpac.ca	6601	2024-12-16
cpapracticeadvisor.com	10960	2026-06-13
cpbj.com	8732	2026-06-04
cphpost.dk	7534	2026-06-13
cpr.org	13301	2026-02-25
cqnews.com.au	44410	2021-04-28
cracked.com	30238	2026-06-14
craigdailypress.com	6303	2026-06-11
crainsdetroit.com	16510	2026-03-31
crainsnewyork.com	16163	2026-03-16
cranbrooktownsman.com	29159	2026-06-14
crash.net	32491	2026-06-14
cravenherald.co.uk	151168	2026-06-14
crawleyobserver.co.uk	5858	2022-02-09
creativebloq.com	12214	2026-06-14
creativereview.co.uk	5103	2026-06-12
crescent-news.com	28569	2026-06-13
crestonnews.com	6998	2026-06-12
crestviewbulletin.com	6157	2026-06-14
crikey.com.au	13919	2026-06-14
crimeonline.com	7164	2026-03-18
crn.com	11111	2026-06-12
crn.com.au	12277	2026-06-12
crooksandliars.com	39526	2026-06-14
crookstontimes.com	5681	2025-01-30
crookwellgazette.com.au	67075	2026-06-14
crossmap.com	30966	2026-06-14
crossville-chronicle.com	27357	2026-06-14
crowrivermedia.com	50371	2025-10-29
cruisehive.com	9363	2026-06-14
cruiseindustrynews.com	6875	2026-06-14
crunchyroll.com	15924	2023-01-31
cruxnow.com	13663	2026-06-14
csindy.com	6448	2025-04-21
csmonitor.com	24659	2026-06-14
csoonline.com	9970	2026-06-13
csrwire.com	7934	2026-06-12
ctgtribune.com	15346	2025-06-01
ctmirror.org	12170	2026-06-14
ctnewsjunkie.com	5328	2026-06-12
ctpost.com	162446	2025-10-26
ctpublic.org	7913	2026-03-18
ctvnews.ca	170654	2026-06-14
cubaheadlines.com	34872	2026-06-14
cubbiescrib.com	5521	2026-06-14
cuinsight.com	19885	2025-07-09
cullmantimes.com	10005	2026-06-11
cultofmac.com	8764	2026-06-13
culturemap.com	32428	2026-06-13
cumberlink.com	50391	2026-06-14
cumbriacrack.com	30229	2025-01-23
curacaochronicle.com	8320	2026-06-12
curbed.com	6080	2026-06-12
curetoday.com	6790	2026-02-12
currentargus.com	8898	2026-06-14
cwtv.com	5625	2026-06-14
cypnow.co.uk	6338	2026-06-12
cyprus-mail.com	76739	2026-06-14
dabangasudan.org	7020	2026-06-11
dagblog.com	50779	2025-10-13
daijiworld.com	141849	2026-03-16
daily-chronicle.com	8022	2020-12-17
daily-jeff.com	8203	2023-09-11
daily-journal.com	20849	2025-02-04
daily-sun.com	38361	2025-12-09
daily-times.com	5025	2023-09-10
daily-tribune.com	7121	2026-06-14
dailyadvance.com	54683	2026-06-14
dailyadvertiser.com.au	81845	2026-06-14
dailyadvocate.com	12256	2025-05-15
dailyamerican.com	13653	2023-09-11
dailyastorian.com	11979	2026-06-14
dailybreeze.com	46146	2026-06-14
dailybruin.com	6529	2026-06-14
dailybulldog.com	9395	2026-06-14
dailybulletin.com	43940	2026-06-14
dailycal.org	22097	2026-06-13
dailycaller.com	103345	2026-06-14
dailycamera.com	40376	2026-06-14
dailycardinal.com	7747	2026-06-11
dailycitizen.news	13575	2025-02-06
dailycomet.com	6054	2023-09-11
dailycommercial.com	9991	2023-09-11
dailydemocrat.com	12669	2026-06-14
dailydispatch.co.za	7510	2026-06-14
dailydot.com	45239	2026-06-14
dailyecho.co.uk	166243	2026-06-14
dailyemerald.com	6755	2026-06-11
dailyexaminer.com.au	42309	2021-03-24
dailyexcelsior.com	179027	2026-06-14
dailyexpress.com.my	90843	2026-06-14
dailyforex.com	11433	2026-06-14
dailyfreeman.com	43268	2026-06-14
dailyfx.com	24052	2024-08-30
dailygalaxy.com	9230	2026-06-14
dailygazette.com	75019	2026-06-14
dailyherald.com	120389	2025-09-08
dailyheraldtribune.com	13735	2026-06-14
dailyhive.com	62990	2026-06-14
dailyindependent.com	35495	2026-06-14
dailyinterlake.com	13446	2026-06-11
dailyiowegian.com	6412	2020-05-27
dailyitem.com	52967	2026-06-14
dailyjournal.net	102260	2025-05-15
dailyjournalonline.com	42694	2026-06-14
dailykos.com	174518	2026-06-14
dailyliberal.com.au	85915	2026-06-14
dailylocal.com	50305	2026-06-14
dailymail.co.uk	1278695	2026-04-21
dailymail.com	22043	2026-06-14
dailymaverick.co.za	77636	2026-06-14
dailymercury.com.au	49265	2021-06-23
dailymirror.lk	56565	2026-06-14
dailynebraskan.com	5266	2026-06-13
dailynews.co.th	6843	2023-07-05
dailynews.co.tz	13704	2026-06-14
dailynews.co.zw	15812	2026-06-14
dailynews.com	52411	2026-06-14
dailynews.lk	33827	2023-12-29
dailynewsegypt.com	14118	2025-01-26
dailynexus.com	5729	2026-06-11
dailynorseman.com	10475	2026-06-13
dailynorthwestern.com	11803	2026-06-14
dailyorange.com	9932	2025-02-23
dailypakistan.com.pk	16294	2026-06-14
dailypioneer.com	74744	2026-06-14
dailypolitical.com	596641	2026-06-14
dailypost.co.uk	90462	2026-06-14
dailypost.ng	274801	2026-06-14
dailypost.vu	15460	2026-06-12
dailypostathenian.com	20338	2026-06-12
dailypress.com	74789	2026-06-14
dailypress.net	22515	2026-06-13
dailyprincetonian.com	7821	2026-06-10
dailyprogress.com	57611	2026-06-13
dailyrecord.co.uk	301518	2026-06-14
dailyrecord.com	9244	2023-09-11
dailyrecordnews.com	22274	2026-06-14
dailyreporter.com	8550	2026-06-03
dailyrepublic.com	88985	2026-06-14
dailyridge.com	16398	2026-06-14
dailysabah.com	61496	2026-06-14
dailysentinel.com	5476	2026-06-13
dailysignal.com	25644	2026-06-14
dailystar.co.uk	311853	2026-06-14
dailystar.com.lb	7273	2025-09-29
dailystarjournal.com	8779	2020-11-25
dailysun.co.za	30224	2022-09-11
dailytarheel.com	9980	2026-06-13
dailytelegraph.com.au	163773	2024-07-31
dailythepatriot.com	16220	2026-06-14
dailytimes.com	17542	2026-06-13
dailytrib.com	6496	2026-06-13
dailytribune.com	25590	2025-11-05
dailytrojan.com	8981	2026-06-10
dailytrust.com	66351	2026-06-14
dailytrust.com.ng	21882	2021-06-24
dailyunion.com	23915	2026-06-14
dailyuw.com	7151	2026-06-12
dailyworld.com	5461	2023-09-11
dakotanewsnow.com	18541	2026-06-14
dakotawarcollege.com	8614	2026-06-14
dallascowboys.com	10595	2026-06-14
dallasnews.com	51183	2026-04-01
dallasobserver.com	9576	2026-06-13
dallassun.com	119432	2026-06-14
dallasvoice.com	8091	2026-06-13
daltonsbusiness.com	5637	2026-06-11
danspapers.com	9420	2026-06-13
darientimes.com	58921	2025-08-31
darkhorizons.com	21032	2026-06-14
darkreading.com	13187	2025-02-20
darlingtonandstocktontimes.co.uk	105139	2026-06-14
datacenterdynamics.com	18830	2025-06-14
datacenterknowledge.com	5587	2026-06-12
daventryexpress.co.uk	10264	2025-01-23
davisenterprise.com	22506	2026-06-14
dayton.com	5431	2024-09-04
daytonatimes.com	5331	2026-06-13
daytondailynews.com	53258	2026-06-14
dazebaonews.it	6505	2026-01-15
dazeddigital.com	17725	2026-06-14
dcourier.com	8428	2026-06-14
dcvelocity.com	5078	2026-06-10
deadline.com	159219	2026-06-14
deadlinedetroit.com	11178	2026-06-14
dealstreetasia.com	38110	2026-06-14
decanter.com	5249	2026-06-12
decaturdaily.com	46687	2026-06-14
decaturish.com	6743	2026-06-13
deccanchronicle.com	121153	2026-06-14
deccanherald.com	64357	2026-03-15
decider.com	34028	2026-06-14
defence.pk	18327	2026-05-12
defenceweb.co.za	15250	2026-06-12
defensenews.com	11812	2026-06-14
defenseone.com	8720	2026-06-12
defenseworld.net	60871	2026-04-30
dekhnews.com	5202	2025-04-11
delano.lu	6113	2025-01-11
delaware.gov	8814	2026-06-12
delawareonline.com	12601	2023-09-11
delawarepublic.org	47086	2026-06-14
delawarestatenews.net	5676	2021-02-16
delcotimes.com	58357	2026-06-14
delgazette.com	6444	2025-04-15
delmartimes.net	6342	2024-06-13
delmarvanow.com	6603	2023-09-11
delrionewsherald.com	10116	2021-01-22
delta-optimist.com	64492	2025-01-23
democracynow.org	34436	2026-06-12
democratandchronicle.com	9032	2023-09-11
democratherald.com	58446	2026-06-12
denbighshirefreepress.co.uk	106106	2026-06-14
denofgeek.com	8360	2026-06-14
dentonrc.com	31133	2026-06-14
denverbroncos.com	6249	2026-06-13
denverpost.com	50406	2026-06-14
derbyshiretimes.co.uk	23955	2025-01-23
derbytelegraph.co.uk	82468	2026-06-14
derryjournal.com	15278	2025-01-23
derrynow.com	41481	2026-05-21
deseret.com	38858	2026-06-13
desertsun.com	11610	2023-09-11
desiblitz.com	16408	2026-06-14
design-reuse.com	7985	2026-06-11
designboom.com	19911	2026-06-14
designnews.com	5853	2024-12-01
designyoutrust.com	5715	2026-06-12
desimartini.com	34149	2025-02-18
desmoinesregister.com	26539	2023-09-11
desototimes.com	5493	2026-06-14
destructoid.com	23824	2026-06-14
detroitnews.com	45794	2023-09-11
developingtelecoms.com	14280	2026-06-12
devilslakejournal.com	5684	2026-06-11
devondispatch.ca	15525	2026-06-14
dewsburyreporter.co.uk	12517	2025-01-23
dezeen.com	26896	2026-06-12
dfnionline.com	9803	2026-06-12
dglobe.com	30209	2026-06-14
dhakacourier.com.bd	8021	2026-06-13
dhakatribune.com	28341	2026-03-10
diamonds.net	8812	2024-06-24
dicardiology.com	6285	2026-06-13
digg.com	22906	2026-06-14
digit.in	30172	2026-06-14
digitaljournal.com	194194	2026-06-14
digitalspy.com	84612	2026-06-14
digitaltrends.com	40995	2026-06-14
digitimes.com	27143	2026-06-14
dinamalar.com	35338	2026-06-13
discoverairdrie.com	16003	2026-06-14
discoverestevan.com	18359	2026-06-14
discovermagazine.com	18385	2026-06-13
dispatch.com	35521	2023-09-11
dispatchlive.co.za	30383	2025-01-25
dissexpress.co.uk	18364	2026-06-14
dissidentvoice.org	9623	2026-03-22
divyabhaskar.co.in	28962	2026-06-13
diymag.com	10696	2026-06-12
djc.com	36162	2026-06-12
djcoregon.com	5745	2026-06-03
djmag.com	11553	2026-06-12
djournal.com	77192	2026-06-14
dl-online.com	30108	2026-06-14
dmagazine.com	16536	2026-06-12
dmnews.com	5225	2026-06-13
dnaindia.com	180911	2026-01-23
dnd.com.pk	16504	2026-06-11
dnews.com	29716	2026-06-14
dnj.com	6738	2023-09-11
domain-b.com	5274	2026-06-10
dominicanrepublicpost.com	21389	2026-06-14
dominicantoday.com	13988	2026-06-14
doncasterfreepress.co.uk	24323	2025-01-23
donegallive.ie	27845	2026-05-20
donegalnews.com	15578	2026-06-14
doorcountydailynews.com	7660	2026-06-13
dorsetecho.co.uk	150023	2026-06-14
dose.ca	13299	2026-06-14
dothaneagle.com	63422	2026-06-13
dotnews.com	7695	2026-06-13
douglas-budget.com	36900	2026-06-11
downtoearth.org.in	19808	2026-06-12
drapersonline.com	18054	2026-06-12
draytonvalleywesternreview.com	14517	2026-06-14
drbicuspid.com	11808	2025-10-30
dreadcentral.com	16590	2026-06-14
dredgingtoday.com	11280	2026-06-13
drgnews.com	25546	2026-06-14
drive.com.au	41233	2026-05-31
driving.ca	14197	2026-06-13
droid-life.com	7453	2026-06-14
droitwichadvertiser.co.uk	19310	2021-05-03
droitwichstandard.co.uk	9508	2026-06-14
drudge.com	17495	2026-06-14
drugstorenews.com	5369	2025-09-08
dslreports.com	19516	2025-02-26
dtinews.vn	5601	2023-07-17
dtnext.in	7229	2024-12-16
dtnpf.com	9842	2026-06-13
dualshockers.com	26706	2026-06-14
dubaicityguide.com	6839	2026-06-14
dublinlive.ie	7571	2026-03-11
dudleynews.co.uk	125394	2026-06-14
duke.edu	6162	2026-06-12
duke.fm	22083	2026-06-13
dukechronicle.com	8410	2026-06-12
dukefmduluth.com	7915	2025-03-18
duluthnewstribune.com	63342	2026-06-14
dumbartonreporter.co.uk	87003	2026-06-14
duncanbanner.com	13159	2026-06-14
dundalkdemocrat.ie	56109	2026-05-14
dunfermlinepress.com	101091	2026-06-14
dungogchronicle.com.au	52637	2026-06-14
dunmowbroadcast.co.uk	29891	2026-06-14
dunyanews.tv	147366	2026-06-14
dupagepolicyjournal.com	21189	2026-06-14
dupontregistry.com	7662	2026-01-09
durangoherald.com	94306	2026-06-14
durhamregion.com	23448	2026-06-11
dutchnews.nl	21347	2026-06-13
dvidshub.net	16259	2025-01-26
dw.com	119177	2026-06-14
dwell.com	6938	2026-06-12
dynamicbusiness.com	5710	2026-06-14
e-flux.com	9876	2026-06-14
e-know.ca	17106	2026-06-14
eacourier.com	9743	2026-06-12
eadt.co.uk	133952	2026-06-14
eaglecountryonline.com	8924	2026-06-14
eagledayton.com	8481	2026-06-14
eaglesanantonio.com	8173	2026-06-14
eagletimes.com	12955	2025-11-19
eagletribune.com	125484	2026-06-14
ealingtimes.co.uk	111154	2026-06-14
earthquake-report.com	9134	2025-07-21
earthquakenewstoday.com	63211	2025-12-30
earthsky.org	5305	2026-06-14
eastbayri.com	9054	2026-06-13
eastbaytimes.com	73196	2026-06-14
eastbourneherald.co.uk	6199	2022-02-09
eastcountymagazine.org	18502	2026-06-13
easternmirrornagaland.com	35658	2026-06-14
easternriverinachronicle.com.au	90837	2026-06-14
eastidahonews.com	45206	2026-06-14
eastlondonadvertiser.co.uk	35395	2026-06-14
eastlothiancourier.com	103601	2026-06-14
eastoregonian.com	23640	2026-06-14
easttexasradio.com	15975	2026-06-14
eastvalleytribune.com	5759	2026-06-14
easy93.com	5313	2025-06-14
easyreadernews.com	7190	2026-06-13
eater.com	24758	2026-06-12
eaworldview.com	6649	2026-06-14
ebar.com	17369	2025-01-23
ecb.europa.eu	5472	2026-06-12
echo-news.co.uk	171359	2026-06-14
echo.net.au	11542	2025-01-23
echolive.ie	57131	2026-06-14
echonews.com.au	18377	2020-06-29
echopress.com	32987	2026-06-14
ecns.cn	39045	2026-06-12
eco-business.com	11375	2026-06-12
ecofinagency.com	6427	2026-03-19
econintersect.com	7938	2025-01-23
economist.com	30787	2025-09-05
economynext.com	6721	2026-02-28
econotimes.com	87618	2026-06-14
ecr.co.za	43704	2026-06-14
ed.fm	9288	2026-06-13
edenmagnet.com.au	77998	2026-06-14
edie.net	8412	2025-01-23
editorandpublisher.com	16759	2026-06-13
edmonton.ctvnews.ca	26612	2025-01-23
edmontonexaminer.com	22455	2026-06-14
edmontonjournal.com	35305	2026-06-14
edmontonsun.com	71480	2026-06-14
edp24.co.uk	171230	2026-06-14
edsource.org	6637	2026-06-12
educationtimes.com	9954	2026-06-14
edweek.org	5624	2026-06-03
eejournal.com	10366	2026-06-12
eenadu.net	5146	2026-06-12
eenews.net	40608	2026-06-12
efe.com	19085	2026-04-15
effinghamdailynews.com	16762	2026-06-13
effinghamradio.com	11138	2026-06-14
efinancialcareers.com	5838	2026-06-12
egyptindependent.com	18138	2026-06-14
eham.net	20001	2026-06-14
ehfcl.com	251751	2020-08-27
einnews.com	148652	2024-06-01
ejpress.org	5913	2026-06-14
ekathimerini.com	5808	2020-04-10
el-balad.com	183099	2026-06-14
eldoradonews.com	13884	2026-06-14
electric949.com	7668	2026-06-12
electronicsweekly.com	18650	2026-06-12
electropages.com	10682	2026-06-12
elitedaily.com	15847	2026-06-13
elitetraveler.com	5040	2026-06-14
elkharttruth.com	18946	2026-06-14
elkodaily.com	54013	2026-06-13
elle.com	21204	2026-06-14
elliotlakestandard.ca	46073	2026-06-14
ellsworthamerican.com	9144	2026-06-14
ellwoodcityledger.com	6226	2023-09-11
elmwoodparkschools.org	17893	2022-03-02
elpais.com	23627	2026-06-13
elpasoinc.com	105805	2026-06-14
elpasotimes.com	10448	2023-09-11
elwakt.com	34770	2024-06-08
elystandard.co.uk	39299	2026-06-14
emarketer.com	5535	2026-06-11
emirates247.com	15362	2026-06-10
emissourian.com	13520	2025-09-01
emmetsburgnews.com	5071	2026-06-11
empireofthekop.com	17343	2026-06-14
empireonline.com	11420	2026-06-12
emporiagazette.com	25388	2026-06-14
empr.com	10524	2026-06-12
ems1.com	12489	2026-06-14
en.apa.az	66216	2026-06-14
en.ce.cn	30979	2026-06-14
en.dangcongsan.vn	5991	2024-10-12
en.gmw.cn	7405	2025-07-02
en.kremlin.ru	5486	2026-06-14
en.people.cn	118906	2026-06-13
en.portnews.ru	5371	2026-03-08
en.qantara.de	10657	2023-10-26
en.qdnd.vn	9658	2026-03-18
en.tempo.co	43215	2026-06-14
en.trend.az	72164	2025-07-09
en.vietnamplus.vn	79240	2026-03-16
enca.com	63634	2026-06-14
endocrinologyadvisor.com	7602	2026-06-14
energeticcity.ca	21141	2026-06-14
energy-pedia.com	22740	2026-06-12
energy-storage.news	7577	2026-06-12
energycentral.com	24116	2025-05-30
energyglobal.com	7447	2025-12-09
energyvoice.com	5581	2025-01-10
enewschannels.com	7132	2026-06-12
enewscourier.com	15987	2026-06-13
enfieldindependent.co.uk	94228	2026-06-14
eng.belta.by	41337	2026-03-10
eng.kavkaz-uzel.eu	5950	2026-06-14
eng.lsm.lv	5866	2025-01-02
engadget.com	45812	2026-06-14
english.news.cn	279273	2026-06-14
english.pravda.ru	6939	2026-06-12
english.radio.cz	18995	2026-06-14
english.republika.mk	10500	2026-06-14
english.vov.vn	15732	2026-03-16
english.wafa.ps	186100	2026-06-14
enidnews.com	38594	2026-06-14
enn.com	13712	2026-06-12
enr.com	5151	2026-06-12
enrsi.rtvs.sk	5287	2025-01-19
enstarz.com	27745	2026-06-10
enterprisenews.com	7137	2023-09-11
enterprisepub.com	5378	2026-06-12
entornointeligente.com	10067	2026-06-14
entrepreneur.com	9948	2026-06-14
envirotech-online.com	5000	2025-08-14
enviweb.cz	6445	2026-06-14
eonline.com	81661	2026-06-14
ephotozine.com	35871	2025-11-18
eppingforestguardian.co.uk	95143	2026-06-14
eptrail.com	10955	2026-06-14
epw.in	9579	2026-06-13
equibase.com	25375	2026-04-29
equipmentworld.com	5145	2026-05-28
equitybulls.com	73163	2026-06-13
erienewsnow.com	91855	2026-06-14
escapistmagazine.com	8261	2026-06-09
esmmagazine.com	10383	2026-06-13
espn.com	59087	2026-03-19
esquire.com	29386	2026-06-14
essence.com	30851	2026-06-14
estevanmercury.ca	31586	2021-07-29
etcanada.com	13319	2023-10-30
eteknix.com	17957	2026-06-14
etfdailynews.com	228558	2025-10-07
ethanolproducer.com	7820	2026-06-13
etnow.com	10834	2026-06-12
etonline.com	71395	2026-03-25
eugenedailynews.com	6102	2024-08-21
euobserver.com	12802	2026-06-14
euractiv.com	39817	2026-01-22
eurasiareview.com	39649	2026-06-14
eurekalert.org	75215	2026-06-12
euro-petrole.com	7902	2026-06-12
eurogamer.net	42008	2026-06-14
euronews.com	104952	2026-06-14
europapress.es	8953	2026-06-12
europeanpharmaceuticalreview.com	5123	2026-03-26
europeantour.com	5282	2025-06-12
europesun.com	170149	2026-06-14
eurovoix.com	11291	2026-06-14
euroweeklynews.com	6756	2026-03-19
eurweb.com	30716	2026-06-14
evanstonnow.com	8857	2026-06-14
eveningexpress.co.uk	107905	2021-11-08
eveningnews24.co.uk	99249	2026-06-14
eveningtelegraph.co.uk	66368	2021-09-22
eveningtimes.co.uk	5790	2023-03-07
eveningtribune.com	7512	2023-09-11
eventhubs.com	15898	2026-06-14
evertiq.com	8109	2026-06-12
everydayhealth.com	6711	2026-06-12
everything2.com	36374	2026-01-01
eveshamjournal.co.uk	108692	2026-06-14
evo.co.uk	5497	2026-06-13
ew.com	37810	2026-03-17
ewn.co.za	105886	2026-06-14
ewnews.com	5168	2023-02-02
ewrestlingnews.com	80712	2025-07-14
examiner.com.au	79132	2026-06-14
examiner.net	9514	2026-06-13
excelsio.net	6968	2026-06-13
exchangerates.org.uk	12962	2025-11-03
exclaim.ca	27037	2026-06-12
executivebiz.com	8360	2026-06-12
executivegov.com	8784	2026-06-13
exetertoday.ca	9788	2026-06-14
expatforum.com	5471	2026-01-22
expertclick.com	11338	2026-06-14
expertreviews.co.uk	10035	2026-06-12
exploreseiowa.com	26330	2026-03-30
express.co.uk	380435	2026-06-14
expressandstar.com	67218	2026-03-26
expressnews.com	67773	2025-08-28
extra.ie	5396	2026-03-14
extralunchmoney.com	14998	2024-09-26
extratime.com	7732	2025-09-09
extratv.com	5964	2026-06-13
extremetech.com	8332	2025-01-22
eyeonannapolis.net	16725	2026-06-14
eyeontaiwan.com	5141	2023-03-22
eyeradio.org	15946	2026-06-14
f4wonline.com	31835	2026-06-14
faceofmalawi.com	44729	2026-06-12
fairfaxtimes.com	10743	2026-06-14
fairfieldcitizenonline.com	69732	2022-03-01
fairfieldsuntimes.com	43933	2026-06-14
fairmontsentinel.com	9489	2026-06-13
fairviewpost.com	12883	2026-06-14
falkirkherald.co.uk	16511	2025-01-23
falmouthpacket.co.uk	129896	2026-06-14
famagusta-gazette.com	18052	2025-12-06
familydestinationsguide.com	9807	2026-03-19
famoushookups.com	22648	2025-04-17
fandompost.com	48137	2026-06-14
fangraphs.com	26403	2026-06-14
fansided.com	51749	2026-06-14
fantasypros.com	7629	2025-08-19
faribaultcountyregister.com	15923	2026-06-14
fark.com	5660	2026-06-14
farminglife.com	11464	2025-01-23
farminguk.com	14119	2026-06-14
farmprogress.com	14728	2024-08-06
farmweekly.com.au	35161	2026-06-14
fastcasual.com	9215	2026-06-12
fauquier.com	6242	2026-06-12
fauquiernow.com	6452	2026-06-12
fayettetribune.com	6210	2026-06-12
fayobserver.com	12278	2023-09-11
fbcnews.com.fj	8735	2026-03-19
fbherald.com	33785	2026-06-14
fdlreporter.com	8392	2023-09-11
feedstuffs.com	9101	2024-11-15
femalefirst.co.uk	34940	2026-06-14
femina.in	9019	2026-06-13
fenlandcitizen.co.uk	19770	2026-06-14
fermanaghherald.com	8988	2026-06-14
fftimes.com	8818	2026-06-12
fhtimes.com	12327	2026-06-14
fibre2fashion.com	15979	2026-06-02
fiercebiotech.com	5669	2026-06-13
fifetoday.co.uk	14548	2025-01-23
fijilive.com	17738	2025-04-23
fijisun.com.fj	15658	2026-06-14
fijitimes.com	45574	2023-11-30
fijivillage.com	46307	2026-06-14
file770.com	20792	2026-06-14
fillmorecountyjournal.com	7530	2026-06-11
film-news.co.uk	50480	2026-06-14
filmfare.com	22573	2026-06-14
filmibeat.com	47220	2026-06-14
fin24.com	6131	2020-06-05
finance-commerce.com	15997	2026-06-03
financial-news.co.uk	11795	2026-06-14
financial-planning.com	10926	2026-06-12
financialbuzz.com	18207	2025-09-03
financialcontent.com	215960	2026-06-14
financialpost.com	51351	2026-06-13
financialstandard.com.au	7425	2025-01-23
finanzen.ch	34636	2026-06-14
finanzen.net	5398	2026-06-11
finanznachrichten.de	757339	2026-06-14
finchannel.com	5993	2026-06-12
finextra.com	9191	2025-12-08
fingerlakes1.com	59388	2026-06-14
finsmes.com	35430	2025-06-09
firehouse.com	7231	2026-06-13
firerescue1.com	11730	2026-06-14
firetrench.com	6866	2021-10-26
firstalert4.com	19152	2026-06-14
firstalert7.com	5169	2026-06-14
firstcoastnews.com	63319	2026-06-05
firstlightradio.com	26626	2024-02-14
firstpost.com	146450	2026-03-17
firstshowing.net	11964	2026-06-14
fitsnews.com	5957	2026-06-13
fitzhugh.ca	40958	2025-08-29
flaglerlive.com	13005	2026-06-14
flagpole.com	6054	2026-05-20
flanews.com	6192	2025-11-07
flcourier.com	8021	2026-06-13
fleetworld.co.uk	6762	2026-06-12
flickeringmyth.com	31935	2026-06-14
flightglobal.com	21966	2026-06-14
floppingaces.net	14162	2026-02-11
floridanewswire.com	8777	2026-06-10
floridapolitics.com	10589	2026-04-06
floridastatesman.com	60490	2026-06-14
floridatoday.com	13611	2023-09-11
floridatrend.com	5305	2026-06-12
floridaweekly.com	15240	2026-06-14
floydct.com	15723	2026-06-14
fltimes.com	22841	2026-06-14
fly92.com	5177	2026-06-13
flyingmag.com	9176	2026-06-12
fm104.ie	17088	2026-06-14
fm96.com	8085	2026-06-12
fm99.com	5583	2026-06-12
fnarena.com	17860	2026-06-13
focusdailynews.com	6947	2026-06-11
focustaiwan.tw	58232	2026-06-14
fohonline.com	5192	2026-06-13
fonearena.com	18356	2026-06-12
fontanaheraldnews.com	11902	2026-06-10
foodandwine.com	5391	2026-02-23
foodbev.com	9179	2026-06-12
fooddive.com	6904	2026-06-12
foodmanufacture.co.uk	7266	2026-06-12
foodnavigator-usa.com	7218	2026-06-12
foodnavigator.com	6932	2026-06-12
fool.ca	50441	2026-06-04
fool.co.uk	40206	2026-05-12
fool.com	352960	2026-06-14
fool.com.au	49200	2026-06-04
football.london	13513	2023-02-02
football365.com	5098	2023-02-02
footwearnews.com	13853	2025-05-13
forbes.com	608898	2026-06-14
forbesadvocate.com.au	27187	2026-06-11
forbesindia.com	9474	2026-06-11
forcechange.com	7932	2026-06-14
forconstructionpros.com	13234	2025-12-29
ford-trucks.com	36815	2025-08-25
foreignaffairs.co.nz	50515	2025-01-23
foreignpolicy.com	16015	2026-06-14
forexcrunch.com	25695	2026-02-02
forexlive.com	77319	2025-07-19
forextv.com	134608	2025-08-05
formula1.com	17543	2026-06-14
forsythnews.com	6772	2026-06-14
fortmcmurraytoday.com	14063	2026-06-14
fortmorgantimes.com	29390	2026-06-14
fortsaskatchewanrecord.com	14850	2026-06-14
fortune.com	42479	2026-06-14
fortworthbusiness.com	9051	2026-06-12
forward.com	24660	2026-06-14
fosters.com	9701	2023-09-11
foundry-planet.com	5093	2026-06-12
fourfourtwo.com	24556	2026-06-14
fox1023.com	18013	2026-06-08
fox10phoenix.com	89184	2026-06-14
fox10tv.com	34150	2026-06-14
fox11online.com	41754	2026-06-14
fox13memphis.com	38589	2026-06-14
fox13news.com	56328	2026-06-14
fox13now.com	34937	2026-06-14
fox13seattle.com	25924	2026-06-14
fox17.com	37361	2026-06-14
fox17online.com	62822	2026-06-14
fox19.com	37192	2026-06-14
fox21online.com	30737	2026-06-14
fox23.com	34065	2026-06-14
fox23maine.com	45453	2026-06-14
fox26houston.com	66021	2026-06-14
fox29.com	74929	2026-06-14
fox2detroit.com	54227	2026-06-14
fox2now.com	9453	2025-07-02
fox32chicago.com	87834	2026-06-14
fox34.com	26820	2026-06-14
fox35orlando.com	91111	2026-06-14
fox40.com	5235	2025-07-03
fox42kptm.com	8036	2026-06-13
fox4beaumont.com	30388	2026-06-14
fox4kc.com	7267	2025-07-02
fox4news.com	58696	2026-06-14
fox56.com	34783	2026-06-14
fox59.com	7441	2025-11-18
fox5atlanta.com	91194	2026-06-14
fox5dc.com	62716	2026-06-14
fox5ny.com	68570	2026-06-14
fox5vegas.com	23609	2026-06-14
fox61.com	63743	2026-06-06
fox6now.com	84028	2026-06-14
fox7austin.com	71641	2026-06-14
fox8.com	7734	2026-05-31
fox8live.com	30095	2026-06-14
fox8tv.com	13689	2026-06-14
fox9.com	53608	2026-06-14
fox969.com	18054	2026-06-13
foxbaltimore.com	45203	2026-06-14
foxbangor.com	60770	2026-06-14
foxbusiness.com	76243	2026-06-14
foxcarolina.com	30686	2026-06-14
foxcincinnati.com	9159	2026-06-14
foxillinois.com	29085	2026-06-14
foxla.com	67284	2026-06-14
foxnews.com	367797	2026-06-14
foxradiook.com	11441	2026-06-12
foxreno.com	29296	2026-06-14
foxrochester.com	26174	2026-06-14
foxsanantonio.com	45665	2026-06-14
foxsports.com.au	6342	2023-07-05
foxtel.com.au	12342	2026-06-09
foxwilmington.com	38736	2026-06-14
foxy99.com	13383	2026-06-14
france24.com	167191	2026-02-12
franklinfavorite.com	27464	2026-06-12
frasercoastchronicle.com.au	46313	2021-04-28
fredericknewspost.com	41493	2026-06-14
fredericksburg.com	57074	2026-06-14
freebeacon.com	20330	2026-06-14
freedom929.com	10185	2026-06-11
freedom95.us	6419	2026-06-14
freedom970.com	7936	2026-06-12
freemalaysiatoday.com	92264	2026-06-14
freep.com	46354	2024-06-25
freepressjournal.in	421726	2026-06-14
freepressseries.co.uk	89731	2026-06-14
freerepublic.com	473401	2026-06-14
freestonecountytimesonline.com	5098	2026-06-13
freethoughtblogs.com	6250	2026-06-14
freightwaves.com	6759	2026-01-21
freightweek.org	5095	2026-06-12
fremonttribune.com	72040	2026-06-14
freshfruitportal.com	8937	2026-06-12
freshplaza.com	81706	2026-06-12
fresnobee.com	5973	2024-07-17
frieze.com	5071	2026-01-28
froggy1003.com	11315	2026-06-14
froggy929.com	10680	2025-05-24
froggyweb.com	26300	2026-06-13
frontiersman.com	8569	2026-06-10
frontpagemag.com	21141	2026-05-29
fruitnet.com	10024	2025-09-04
ft.com	12476	2026-02-05
ft.lk	45318	2026-06-14
ftadviser.com	14329	2026-06-12
ftnnews.com	15128	2026-06-04
ftvlive.com	12508	2026-06-14
fudzilla.com	5476	2026-01-06
fukuoka-now.com	5932	2026-06-12
fultonsun.com	10873	2026-06-14
fun107.com	26118	2026-06-14
funds-europe.com	7564	2026-06-12
fundsforngos.org	21049	2026-06-12
funkytaurusmedia.com	142293	2026-06-14
furninfo.com	7158	2025-09-04
furnituretoday.com	11167	2026-06-04
futaa.com	15659	2020-11-27
futurity.org	10348	2026-06-09
fwi.co.uk	18777	2026-06-14
fwweekly.com	5523	2026-06-14
fxempire.com	10506	2026-03-09
fxstreet.com	125442	2026-03-05
gadget.co.za	6661	2026-06-12
gadgetsmagazine.com.ph	5886	2026-06-13
gadsdentimes.com	8135	2023-09-11
gainesville.com	15883	2023-09-11
gainesvilleregister.com	6811	2026-06-13
gainesvilletimes.com	11080	2026-06-14
galesburg.com	6937	2023-09-11
galusaustralis.com	7671	2020-08-18
galvnews.com	41534	2026-06-14
galwaybayfm.ie	21212	2026-06-14
gamasutra.com	12921	2022-06-24
gamenguide.com	6408	2026-06-13
gamepur.com	22146	2024-08-14
gamerant.com	129504	2026-06-14
gameranx.com	18992	2026-06-12
gamereactor.eu	23534	2026-06-14
gamerevolution.com	10440	2026-06-11
gamesindustry.biz	18983	2026-06-12
gamespot.com	45822	2026-01-20
gamesradar.com	62375	2026-06-14
gamewatcher.com	5072	2026-06-13
gamingbolt.com	18405	2026-06-14
gananoquereporter.com	38670	2026-06-14
ganggreennation.com	8336	2026-06-13
gardenandgun.com	5154	2026-06-12
garoweonline.com	7667	2026-06-14
gasgoo.com	15154	2026-06-13
gastongazette.com	9600	2023-09-11
gasworld.com	10705	2026-05-24
gator995.com	17424	2026-06-12
gattonstar.com.au	44798	2021-04-28
gaytimes.co.uk	10016	2024-05-06
gazette-news.co.uk	143494	2026-06-14
gazette.com	188828	2026-06-14
gazetteandherald.co.uk	117053	2026-06-14
gazetteherald.co.uk	139273	2026-06-14
gazettejournal.net	6134	2026-06-10
gazettelive.co.uk	89551	2026-06-14
gazettenet.com	36257	2026-06-14
gazetteseries.co.uk	115358	2026-06-14
gazettetimes.com	49315	2026-06-14
gazettextra.com	52601	2026-06-14
gbtribune.com	12742	2026-06-13
gcaptain.com	18763	2026-06-14
gcmaz.com	12509	2026-06-14
gdnonline.com	162917	2026-06-14
gds.ro	6100	2024-11-05
gearjunkie.com	11812	2026-06-13
geeky-gadgets.com	46882	2026-06-14
geelongadvertiser.com.au	104805	2026-06-14
geneamusings.com	8035	2026-06-14
genengnews.com	9392	2026-06-04
geneticliteracyproject.org	10187	2026-03-20
geo.tv	150560	2026-06-14
geograph.org.uk	6215	2024-07-13
georgeherald.com	31569	2026-06-14
georgiatoday.ge	14592	2026-06-12
geosuper.tv	33202	2026-06-14
getreading.co.uk	50971	2024-05-03
getreligion.org	6582	2024-02-02
getsurrey.co.uk	86375	2026-06-14
gettysburgtimes.com	31176	2026-06-14
ggrasia.com	7711	2026-06-12
ghanafa.org	6358	2026-06-13
ghanaiantimes.com.gh	40753	2026-06-12
ghanamma.com	119128	2026-06-14
ghananewsagency.org	7849	2020-05-06
ghanaweb.com	247740	2026-03-03
ghettoradio.co.ke	9577	2026-06-14
giants.com	7416	2026-06-11
gigulate.com	36126	2026-05-21
gillettenewsrecord.com	39079	2026-06-14
gilmermirror.com	24069	2026-06-14
giornaledibrescia.it	8277	2026-04-11
girlslife.com	6412	2026-06-14
gisborneherald.co.nz	15364	2025-02-04
gisuser.com	9767	2026-06-14
github.com	10062	2026-06-14
gizbot.com	5510	2026-06-14
gizchina.com	40796	2026-06-14
gizmochina.com	11012	2026-03-19
gizmodo.co.uk	9499	2020-09-09
gizmodo.com	52957	2026-06-14
gizmodo.com.au	32551	2024-07-11
gjsentinel.com	106035	2026-06-14
gladstoneobserver.com.au	52613	2021-06-23
glamour.com	14660	2026-06-14
glamsham.com	60332	2026-06-14
glasgowtimes.co.uk	187848	2026-06-14
glasgowworld.com	9356	2025-01-23
glassonweb.com	8773	2026-06-12
gleninnesexaminer.com.au	44330	2026-06-14
glidemagazine.com	8072	2026-06-12
globalcapital.com	15451	2025-10-20
globalcement.com	7893	2026-06-12
globalissues.org	9478	2026-06-14
globalnews.ca	148389	2026-06-14
globalsecurity.org	138735	2026-06-14
globalsistersreport.org	5848	2026-06-13
globaltimes.cn	57204	2026-06-14
globalvoices.org	6939	2026-06-14
globegazette.com	55164	2026-06-14
globenewswire.com	285961	2025-11-14
globes.co.il	15309	2026-06-14
gloucesteradvocate.com.au	57438	2026-06-14
gloucestershirelive.co.uk	11049	2026-05-13
gloucestertimes.com	33950	2026-06-14
gmatclub.com	29293	2025-11-20
gmauthority.com	17532	2025-11-18
gmenhq.com	5975	2026-06-14
gna.org.gh	11444	2026-02-22
gnnliberia.com	13795	2026-06-12
go.com	359868	2026-02-10
go955.com	17481	2024-10-08
goal.com	111252	2026-03-19
gobankingrates.com	22990	2026-06-11
gocomics.com	23592	2025-08-13
gocountry105.com	10631	2026-06-12
godanriver.com	49543	2026-06-14
goderichsignalstar.com	22303	2026-06-14
goerie.com	15023	2023-09-11
goldcoastbulletin.com.au	141462	2024-07-30
goldderby.com	19821	2026-06-14
goldseiten.de	22114	2026-03-23
golocalprov.com	16229	2026-06-14
goodereader.com	5311	2026-06-14
goodhousekeeping.com	16628	2026-06-14
goodmenproject.com	69387	2025-01-23
gopusa.com	16072	2025-01-21
gosanangelo.com	5421	2023-09-11
goshennews.com	82757	2026-06-14
goskagit.com	265378	2026-06-14
goss.ie	40157	2026-06-14
gossipcop.com	5937	2021-09-01
gothamist.com	21770	2026-06-14
goulburnpost.com.au	91716	2026-06-14
goupstate.com	13769	2026-05-17
gov.uk	110572	2026-06-14
govconwire.com	8296	2026-06-12
governing.com	13549	2026-06-14
governorswindenergycoalition.org	6870	2026-06-14
govexec.com	12128	2026-06-12
govinfosecurity.com	15458	2026-06-13
govtech.com	20330	2026-06-14
gowatertown.net	27023	2026-06-12
gpb.org	14819	2026-06-14
gponline.com	5461	2026-06-12
gq-magazine.co.uk	12093	2026-06-14
gq.com	12329	2026-06-13
gqindia.com	9311	2026-06-14
grainews.ca	6978	2025-05-22
grandforksgazette.ca	28267	2026-06-14
grandforksherald.com	72314	2026-06-14
grandhaventribune.com	18447	2026-06-14
grandprix.com	9248	2026-06-14
grandprix247.com	19114	2026-06-14
grandrapidsmn.com	30708	2026-06-14
granthamjournal.co.uk	6444	2023-12-04
graphic.com.gh	60792	2026-06-14
gratefulweb.com	23949	2026-06-14
graziadaily.co.uk	5049	2026-02-03
grbj.com	6001	2023-04-15
greanvillepost.com	8912	2026-06-14
great98.net	10150	2022-09-19
greatbendpost.com	33460	2026-06-14
greaterbelize.com	5055	2026-06-13
greatfallstribune.com	6218	2023-09-08
greatlakesadvocate.com.au	58266	2026-06-14
greekcitytimes.com	18898	2026-03-10
greekherald.com	60320	2026-06-14
greekreporter.com	30344	2026-06-07
greeleytribune.com	34187	2026-06-14
greenbaypressgazette.com	11617	2023-09-11
greencarcongress.com	11692	2024-07-30
greenevillesun.com	19324	2026-06-14
greenfieldreporter.com	43235	2025-05-15
greenleft.org.au	8030	2026-06-14
greenocktelegraph.co.uk	124980	2026-06-14
greensboro.com	56249	2026-06-14
greensburgdailynews.com	39974	2026-06-14
greenvilleonline.com	6965	2023-09-11
greenwichfreepress.com	6765	2026-06-14
greenwichtime.com	135194	2025-06-12
grenadachronicle.com	16980	2026-06-14
grenfellrecord.com.au	25968	2026-06-11
grimsbytelegraph.co.uk	76370	2026-06-14
grmdaily.com	11450	2026-06-14
ground.news	19048	2025-01-25
groundup.org.za	8299	2026-06-12
gsmarena.com	41883	2026-06-14
guampdn.com	50661	2026-06-14
guardian-series.co.uk	95679	2026-06-14
guardian.co.tt	46543	2026-06-14
guardian.ng	78980	2026-04-05
guelphmercury.com	9250	2026-06-14
guernseypress.com	79262	2026-06-14
guitarworld.com	16404	2026-06-14
gulf-times.com	55371	2026-06-14
gulf104.com	21455	2026-06-13
gulfbusiness.com	19994	2026-04-03
gulfcoastmedia.com	7498	2026-06-14
gulfcoastnewsnow.com	21785	2026-06-14
gulfnews.com	193125	2026-06-14
gulftoday.ae	52129	2026-03-19
gulte.com	38465	2026-06-14
gurlstudio.com	5527	2023-02-20
guyanachronicle.com	6750	2020-07-23
gvnews.com	8797	2026-06-13
gwdtoday.com	125393	2025-11-04
gwhatchet.com	8572	2026-06-14
gx94radio.com	25091	2026-06-14
gympietimes.com.au	53769	2021-04-28
haaretz.com	63465	2026-06-14
haberx.com	6873	2025-09-08
habseyesontheprize.com	6496	2026-06-14
hackaday.com	10512	2026-06-14
hackneygazette.co.uk	29319	2026-06-14
haitilibre.com	9745	2026-06-14
haitisun.com	47210	2026-06-14
halesowennews.co.uk	138675	2026-06-14
halfwheel.com	11170	2026-06-14
halifax.citynews.ca	6698	2025-10-14
halifaxcourier.co.uk	18225	2025-01-23
haligonia.ca	5237	2026-06-12
hallmarknews.com	15155	2026-06-14
halsteadgazette.co.uk	120203	2026-06-14
hamhigh.co.uk	54038	2026-06-14
hamodia.com	8109	2023-02-02
hampshirechronicle.co.uk	144311	2026-06-14
hampshirereview.com	7366	2026-06-10
hanfordsentinel.com	24790	2026-06-14
hani.co.kr	10877	2026-06-14
hannaherald.com	8664	2026-06-14
hannibal.net	11122	2026-06-14
hannity.com	16301	2026-06-12
hapakenya.com	9118	2026-06-12
hapblog.com	8337	2025-05-22
harboroughmail.co.uk	11120	2025-01-23
hardcoregamer.com	13151	2026-06-14
hardenexpress.com.au	45172	2026-06-14
harnesslink.com	28134	2026-06-13
harpersbazaar.com	24270	2026-06-14
harringayonline.com	46478	2026-06-14
harrisondaily.com	21976	2026-06-14
harrogateadvertiser.co.uk	15619	2025-01-23
harrowtimes.co.uk	93250	2026-06-14
hartenergy.com	8026	2025-09-18
hartfordbusiness.com	20389	2026-06-12
hartfordcitynewstimes.com	37067	2026-06-14
hartlepoolmail.co.uk	13236	2025-01-23
harvard.edu	14136	2026-06-13
harwichandmanningtreestandard.co.uk	123348	2026-06-14
hauraki.co.nz	9193	2026-06-09
havanatimes.org	6435	2026-06-14
havasunews.com	36145	2026-06-14
hawaii.edu	8511	2026-06-13
hawaiinewsnow.com	42031	2026-06-14
hawaiipublicradio.org	26211	2026-06-13
hawaiitelegraph.com	120440	2026-06-14
hawaiitribune-herald.com	18053	2026-06-14
hawkesburygazette.com.au	56749	2025-07-28
hayspost.com	31199	2026-06-14
hazard-herald.com	27788	2026-06-14
hcamag.com	9450	2026-06-13
hccommunityjournal.com	9564	2026-06-14
hcplive.com	11811	2026-03-27
hd983.com	16008	2026-06-12
hdnews.net	6720	2026-06-10
headlineplanet.com	8638	2026-06-14
healio.com	38330	2026-06-14
health.com	6689	2026-03-17
healthcanal.com	7276	2025-02-04
healthcaredive.com	7602	2026-06-13
healthcarefinancenews.com	5465	2026-06-03
healthcareitnews.com	14929	2026-06-04
healthday.com	6543	2026-06-13
healthleadersmedia.com	15868	2026-06-12
heart.co.uk	21008	2026-06-13
heartfm.ca	13441	2026-06-12
heavy.com	23249	2026-06-14
hedgeweek.com	6175	2026-05-20
helenair.com	63868	2026-06-14
helihub.com	5597	2024-07-26
hellenicshippingnews.com	157895	2026-06-14
hellobeautiful.com	5204	2026-06-14
hellomagazine.com	103414	2026-06-14
helsinkitimes.fi	6240	2026-06-14
hemeltoday.co.uk	10711	2025-01-23
hendersondispatch.com	15822	2026-06-14
hendersonvillelightning.com	6266	2026-06-14
henleystandard.co.uk	10771	2026-06-14
henricocitizen.com	5597	2026-06-13
hepburnadvocate.com.au	46801	2026-06-14
her.ie	53004	2026-06-12
herald-citizen.com	11295	2026-06-13
herald-dispatch.com	52836	2026-06-14
herald-review.com	67606	2026-06-12
herald-zeitung.com	13993	2026-06-14
herald.co.zw	61471	2025-01-23
heraldandnews.com	22781	2026-06-13
heraldbanner.com	8723	2026-06-14
heraldbulletin.com	60931	2026-06-14
heraldcourier.com	40916	2026-06-10
heralddemocrat.com	9144	2026-06-13
heraldextra.com	19324	2026-06-13
heraldglobe.com	146546	2026-06-14
heraldgoa.in	13411	2026-06-14
heraldlive.co.za	30798	2025-01-25
heraldmailmedia.com	43614	2023-09-11
heraldmalaysia.com	22801	2026-03-11
heraldnet.com	17827	2026-06-14
heraldnews.com	11208	2023-09-11
heraldpalladium.com	36222	2026-06-14
heraldscotland.com	143692	2026-06-14
heraldseries.co.uk	130759	2026-06-14
heraldstandard.com	19559	2026-06-13
heraldstaronline.com	20250	2026-06-14
heraldsun.com.au	122647	2024-07-31
heraldtribune.com	22337	2023-09-11
herefordtimes.com	65506	2026-06-14
heritagefl.com	9799	2026-06-12
hermistonherald.com	7434	2026-06-14
hertfordshiremercury.co.uk	22775	2025-11-04
hertsad.co.uk	38161	2026-06-14
hexham-courant.co.uk	127082	2026-06-14
hexus.net	6999	2025-02-25
hiawathaworldonline.com	37469	2026-06-09
hickoryrecord.com	49185	2026-06-12
hiddenremote.com	6424	2026-06-14
highlandcountypress.com	23477	2026-06-14
highlandradio.com	52519	2026-06-14
highrivertimes.com	8826	2026-06-14
highschoolot.com	5755	2026-06-09
highsnobiety.com	21667	2026-06-14
hillingdontimes.co.uk	117522	2026-06-14
hillsdale.net	5253	2023-09-11
hilltimes.com	7534	2026-06-14
hindi.cri.cn	9098	2026-06-14
hindustantimes.com	497506	2026-06-14
hiphopdx.com	39549	2026-05-18
hiphopnc.com	11077	2026-06-14
hiphopwired.com	11368	2026-06-14
hirunews.lk	7226	2026-03-05
history.com	11994	2026-06-14
historyextra.com	5184	2026-06-14
hitconsultant.net	9138	2026-06-13
hits1053sanantonio.com	6344	2026-06-14
hits96.com	18022	2026-06-13
hits973.com	9199	2026-06-14
hitsfm.net	43650	2026-06-14
hjnews.com	24521	2026-06-13
hltv.org	128348	2025-08-12
hngn.com	50140	2026-06-14
hngnews.com	42504	2026-06-14
hoganstand.com	25842	2026-06-14
hogshaven.com	9748	2026-06-14
hola.com	22900	2026-06-14
hollandsentinel.com	16685	2023-09-10
hollywoodlife.com	31363	2026-06-14
hollywoodreporter.com	68610	2026-06-14
homelandsecuritynewswire.com	9024	2026-06-13
homenewshere.com	65281	2026-06-14
homernews.com	5066	2026-06-12
hometownregister.com	114515	2026-06-14
hometownsource.com	74247	2026-06-14
hometownstation.com	23645	2026-06-14
hometownstations.com	71713	2026-06-14
hongkongherald.com	45399	2026-06-14
honisoit.com	6481	2026-06-14
honolulumagazine.com	9216	2026-06-14
hoodline.com	5815	2025-01-23
hopestandard.com	37432	2026-06-14
horseandhound.co.uk	18480	2026-06-14
hortweek.com	22926	2026-06-14
hospitalitydesign.com	5781	2026-06-14
hospitalitynet.org	56753	2026-06-10
hot101.com	10339	2026-06-13
hot1017.com	6653	2025-01-24
hot1029.com	14996	2026-06-12
hot1033.com	9093	2026-06-13
hot1047.com	28121	2026-06-13
hot105fm.com	6649	2026-06-14
hot1077radio.com	8923	2026-06-11
hot96.com	33691	2026-06-14
hot967.fm	5584	2023-03-17
hot967fm.com	26367	2026-06-13
hot969boston.com	24360	2026-06-14
hot97.com	17029	2026-06-12
hot975fm.com	16671	2026-06-14
hotair.com	90156	2026-06-14
hotaugusta.com	14285	2026-06-14
hotcountrybull.com	7573	2024-01-26
hoteliermiddleeast.com	7467	2023-03-21
hotelnewsresource.com	10527	2026-06-14
hotelscombined.com	5924	2026-06-14
hothardware.com	11172	2026-06-14
hotpress.com	15309	2026-06-14
hotspotatl.com	10360	2026-06-14
houmatoday.com	11760	2023-09-11
houseandgarden.co.uk	6171	2026-06-12
housebeautiful.com	11125	2026-06-14
housingwire.com	15580	2026-06-14
houstonchronicle.com	122357	2025-07-23
houstonherald.com	13055	2026-06-13
houstoniamag.com	5639	2026-06-12
houstonpress.com	7476	2026-06-14
houstonpublicmedia.org	28155	2026-06-14
houstontexans.com	5229	2026-06-11
howestreet.com	10847	2026-06-14
howstuffworks.com	14191	2026-04-20
howtogeek.com	28880	2026-06-14
hpherald.com	5604	2026-06-12
hpj.com	14228	2026-06-14
hppr.org	48795	2026-06-14
hpr2.org	8519	2021-06-02
hrmagazine.co.uk	19243	2026-05-29
hrreporter.com	6519	2026-06-13
hrw.org	11774	2026-06-14
hsj.co.uk	13651	2025-09-05
htrnews.com	10229	2023-09-11
htsstlucia.org	6007	2026-06-12
htxt.co.za	11728	2026-06-12
hub-4.com	6112	2026-06-14
hubcityradio.com	7718	2026-06-14
hubspot.com	7619	2026-06-12
hucknalldispatch.co.uk	11608	2025-01-23
hudsoncountyview.com	10275	2026-06-13
hudsonreporter.com	7874	2026-04-24
hudsonstarobserver.com	5997	2026-06-14
hudsonvalley360.com	28171	2024-04-23
hudsonvalleycountry.com	43047	2026-06-14
huffingtonpost.ca	6676	2021-03-09
huffingtonpost.co.uk	40173	2026-06-14
huffpost.com	59767	2026-06-14
hulldailymail.co.uk	100725	2026-06-14
human-wrongs-watch.net	5228	2026-03-01
humanevents.com	9064	2026-06-14
humanitariannews.org	105823	2021-09-28
humanresourcesonline.net	7636	2026-06-12
humboldtjournal.ca	32771	2021-07-29
hungarytoday.hu	24502	2026-06-14
huntspost.co.uk	38969	2026-06-14
hurriyetdailynews.com	42926	2026-06-14
hutchnews.com	11848	2023-09-10
hydrocarbonprocessing.com	13355	2026-06-12
hypebeast.com	63481	2026-02-15
hypebot.com	12718	2026-06-12
hyperallergic.com	9919	2026-06-12
i1071.com	8884	2021-04-30
i24news.tv	26944	2026-06-14
i95rock.com	15347	2026-06-14
i95rocks.com	18945	2026-06-14
iafrica.com	22271	2026-06-13
iam-media.com	5328	2026-03-21
ianslive.in	290931	2026-06-14
ibcworldnews.com	23995	2026-06-14
iberianet.com	8444	2022-06-22
iberkshires.com	35749	2026-06-14
iberonews.com	5927	2026-06-13
ibinews.com	10505	2025-09-04
ibj.com	7832	2026-06-12
ibtimes.co.in	56995	2026-06-14
ibtimes.co.uk	67218	2026-06-14
ibtimes.com	191061	2026-06-14
ibtimes.com.au	30248	2026-06-14
ibtimes.sg	7279	2026-03-16
icaew.com	8019	2026-06-11
icenews.is	9550	2026-06-14
iconnect007.com	14962	2026-06-11
icsf.net	12956	2026-06-12
idahobusinessreview.com	7707	2026-06-04
idahopress.com	78115	2026-06-14
idahostatejournal.com	90602	2026-06-14
idahostatesman.com	5302	2024-07-30
ideastream.org	18540	2026-06-14
idg.com.au	6314	2023-02-14
idrw.org	64804	2026-06-14
idsnews.com	12638	2026-06-14
ieyenews.com	17503	2026-03-17
ifa.com.au	6595	2026-06-12
ifamagazine.com	11527	2026-01-16
ifiberone.com	57438	2023-02-15
igamingbusiness.com	14774	2026-06-13
igberetvnews.com	7537	2025-11-26
ign.com	79223	2026-06-14
iheart.com	14799684	2026-06-14
ijpr.org	32097	2026-06-14
ijr.com	5157	2026-03-19
ilfordrecorder.co.uk	29102	2026-06-14
illawarramercury.com.au	96588	2026-06-14
illinoistimes.com	9328	2026-06-13
ilonggotechblog.com	9723	2026-06-11
ilovebobfm.com	9315	2026-06-14
iloveqatar.net	6388	2025-11-27
imemc.org	9981	2026-06-14
imore.com	27836	2025-05-23
imparcialoaxaca.mx	5071	2026-04-01
impartialreporter.com	117243	2026-06-14
imt.ie	5760	2026-06-13
in-cumbria.com	14526	2026-06-14
in.gr	6845	2026-06-13
inc.com	5320	2025-08-22
inc42.com	11305	2024-02-02
indaily.com.au	8422	2025-01-20
indcatholicnews.com	8914	2026-06-14
inddist.com	9485	2025-10-03
indeonline.com	8553	2023-09-11
independantexpress.com	14258	2026-02-17
independent.co.uk	255283	2026-06-14
independent.com	16587	2026-06-14
independent.ie	289738	2026-05-19
independentnews.com	24984	2026-06-14
independentsentinel.com	45911	2026-06-10
independenttribune.com	46317	2026-06-14
india.com	282169	2026-02-23
indiablooms.com	34062	2026-06-14
indiaeducationdiary.in	56692	2026-06-14
indiagazette.com	249581	2026-06-14
indiainfoline.com	11674	2026-06-12
indianagazette.com	5626	2026-03-19
indianapolisrecorder.com	5862	2026-04-02
indianautosblog.com	8971	2026-06-14
indiancooperative.com	13794	2026-06-13
indianewengland.com	27231	2026-06-13
indianexpress.com	471291	2026-06-14
indiantelevision.com	24132	2025-01-23
indianweekender.co.nz	14258	2026-06-14
indiapost.com	10045	2026-06-13
indiatimes.com	2562888	2026-06-14
indiatvnews.com	126156	2026-06-14
indiawest.com	25437	2026-06-14
indiedb.com	15816	2025-11-16
indiewire.com	15982	2026-06-13
industrialinfo.com	9944	2026-06-13
industrytoday.co.uk	5784	2024-08-30
indysmix.com	10574	2026-06-13
indystar.com	25111	2023-09-11
indyweek.com	5238	2026-02-12
inews.co.uk	6840	2026-06-09
inewsgr.com	12337	2026-06-14
infiniteunknown.net	11693	2025-04-11
infonews.co.nz	8521	2026-06-14
inform.kz	15122	2023-09-17
informationng.com	36628	2026-06-14
informationweek.com	6794	2026-06-12
inforum.com	95489	2026-06-14
infosecurity-magazine.com	11499	2026-06-12
infotechlead.com	6273	2026-06-13
infotel.ca	204502	2026-05-01
infowars.com	37273	2025-06-05
infoworld.com	9265	2026-06-13
inlander.com	12915	2026-06-14
inlandnewstoday.com	17139	2026-06-13
inmaricopa.com	9002	2026-06-14
innovationintextiles.com	5541	2026-06-12
innovationtoronto.com	12603	2025-07-14
inquirer.com	75785	2026-06-14
inquirer.net	247824	2026-06-14
inquisitr.com	72061	2025-05-14
insideclimatenews.org	5850	2026-06-14
insideedition.com	15008	2025-09-11
insideevs.com	27299	2026-06-14
insidefutbol.com	16309	2026-06-14
insidefutures.com	7921	2020-12-29
insidehalton.com	12548	2026-06-14
insidehighered.com	9322	2026-05-12
insideindianabusiness.com	20821	2026-06-14
insidelacrosse.com	6347	2024-12-01
insidenova.com	68567	2026-06-14
insideottawavalley.com	8463	2026-06-14
insidepulse.com	6877	2026-06-14
insider.com	15591	2024-01-08
insideretail.asia	8554	2026-06-14
insidermedia.com	8897	2025-01-23
insidermonkey.com	167481	2026-06-14
insidethegames.biz	24663	2024-09-13
insidetheiggles.com	6843	2026-06-14
insightnews.com	6472	2026-06-13
institutionalinvestor.com	6333	2025-12-11
instyle.com	18917	2026-03-17
insuranceage.co.uk	7711	2026-06-12
insurancebusinessmag.com	29384	2026-06-13
insurancejournal.com	70907	2026-06-14
insurancenewsnet.com	70667	2026-06-04
integra927.com	5224	2024-06-03
intelligencer.ca	47745	2026-06-14
intelligentinsurer.com	11788	2026-06-13
interest.co.nz	13894	2026-06-14
interestingengineering.com	6703	2026-03-19
interfax.com	40978	2026-03-19
interfax.com.ua	58769	2026-06-13
intergameonline.com	15693	2026-05-17
interior-news.com	27208	2026-06-14
interlochenpublicradio.org	35124	2026-06-14
international-adviser.com	7824	2026-06-11
internationaltimes.it	5663	2026-06-13
intouchweekly.com	12798	2026-06-14
intrafish.com	14442	2026-06-13
inverelltimes.com.au	51890	2026-06-14
inverness-courier.co.uk	79092	2026-06-14
investegate.co.uk	540823	2026-06-14
investing.com	84818	2026-03-26
investinglive.com	13155	2026-06-14
investingnews.com	18537	2026-06-11
investmentexecutive.com	17776	2026-06-14
investmentnews.com	15853	2026-06-13
investmentwatchblog.com	55237	2026-06-10
investmentweek.co.uk	18057	2026-06-12
investopedia.com	18705	2026-03-17
investordaily.com.au	10039	2026-06-12
investorideas.com	8004	2026-06-12
investorplace.com	21366	2026-06-12
investors.com	45739	2026-06-13
investorschronicle.co.uk	11991	2026-06-12
invezz.com	37889	2025-09-23
inyourpocket.com	5302	2026-06-12
iol.co.za	227944	2025-01-23
iomtoday.co.im	26753	2026-06-14
iowapublicradio.org	49049	2026-06-14
iowastatedaily.com	6701	2026-06-11
ipe.com	9537	2025-09-04
ipolitics.ca	10831	2025-04-24
ipowerrichmond.com	12223	2026-06-14
ippmedia.com	8175	2025-02-26
ipsnews.net	17808	2026-06-12
ipswichadvertiser.com.au	21261	2020-06-29
ipswichstar.co.uk	90365	2026-06-14
ipwatchdog.com	9021	2026-06-14
iradio.ie	8779	2026-06-11
iranherald.com	65735	2026-06-14
iranoilgas.com	6851	2026-06-14
iraqsun.com	79089	2026-06-14
irasciblemusings.com	20726	2024-01-20
irishcentral.com	18864	2026-06-14
irishdentist.ie	6082	2026-06-14
irishecho.com	5371	2026-06-12
irishexaminer.com	118113	2026-06-14
irishmirror.ie	171983	2026-06-14
irishnews.com	83722	2026-06-14
irishsun.com	46880	2026-06-14
irishtimes.com	216913	2026-06-14
ironmountaindailynews.com	23964	2026-06-14
irrawaddy.com	10690	2025-12-09
irrigator.com.au	50666	2026-06-14
irvinetimes.com	91359	2026-06-14
islamicinvitationturkey.com	11728	2026-06-14
island.lk	52639	2026-06-14
islandpacket.com	5017	2024-07-29
islands.com	22535	2026-06-14
islingtongazette.co.uk	28768	2026-06-14
islingtontribune.co.uk	6000	2026-06-12
ispreview.co.uk	5423	2026-06-12
israelherald.com	35390	2026-06-14
israelnationalnews.com	242170	2026-06-14
israeltoday.co.il	6119	2025-04-16
isthmus.com	15321	2026-06-14
it-online.co.za	80744	2026-06-14
italian.cri.cn	9945	2026-06-14
itbrief.co.nz	12255	2026-06-14
itbusinessnet.com	161762	2026-06-14
itechpost.com	17436	2026-06-13
itemlive.com	11891	2026-06-14
itemonline.com	17812	2026-06-14
ithaca.com	6298	2026-06-12
ithacajournal.com	5125	2023-09-11
itnews.com.au	11202	2026-06-14
itnewsafrica.com	10268	2026-06-12
itnewsonline.com	128082	2026-06-14
itnonline.com	7981	2026-06-12
itp.net	8530	2023-03-21
itpro.co.uk	9219	2023-04-11
itsnicethat.com	7741	2026-06-12
itv.com	100917	2025-06-02
itweb.co.za	13762	2026-06-12
itwire.com	22563	2026-06-14
ivpressonline.com	91200	2026-06-14
iwf.org	6281	2025-09-09
iwradio.co.uk	53766	2026-06-13
j-14.com	5231	2025-08-11
jacarandafm.com	46923	2026-06-14
jacksonprogress-argus.com	67270	2026-06-14
jacksonsun.com	6477	2023-09-11
jacksonville.com	16128	2023-09-11
jacksonvilleprogress.com	10685	2026-06-13
jagonews24.com	28631	2026-04-15
jagranjosh.com	79291	2026-06-14
jaguars.com	6847	2026-06-14
jalopnik.com	24850	2026-06-14
jamaica-gleaner.com	89767	2026-06-14
jamaica-star.com	39595	2026-06-13
jamaicantimes.com	39068	2026-06-14
jamaicaobserver.com	218457	2026-06-14
jambands.com	6702	2026-06-14
jambase.com	11492	2025-12-12
jamestown.org	5050	2026-06-13
jamestownsun.com	51748	2026-06-14
japanherald.com	64643	2026-06-14
japantimes.co.jp	118926	2026-06-08
japantoday.com	71870	2026-06-14
jaxdailyrecord.com	8843	2024-01-03
jayski.com	6195	2025-01-18
jbhe.com	9025	2026-06-12
jckonline.com	7993	2026-06-12
jcnnewswire.com	16395	2026-06-14
jconline.com	6301	2023-09-10
jcpost.com	26188	2026-06-14
jdnews.com	12657	2026-06-14
jdsupra.com	312260	2026-06-13
jeepforum.com	5241	2026-06-11
jerseyeveningpost.com	81920	2026-06-14
jewishjournal.com	10648	2023-03-03
jewishlink.news	5362	2023-06-17
jewishpress.com	41547	2026-06-14
jewishworldreview.com	8335	2026-06-12
jezebel.com	9633	2026-06-14
jg-tc.com	56950	2026-06-14
jhnewsandguide.com	17677	2026-06-13
jhu.edu	18274	2026-06-14
jns.org	29987	2026-06-14
joe.co.uk	22824	2026-04-16
joe.ie	23908	2026-04-15
johnogroat-journal.co.uk	46161	2026-06-14
johnsoncitypress.com	21521	2025-12-16
jonathanturley.org	7233	2026-06-14
joplinglobe.com	89531	2026-06-14
jordantimes.com	57154	2026-06-14
jose947.com	15323	2025-03-13
journal-advocate.com	27972	2026-06-14
journal-news.com	38134	2026-06-14
journal-news.net	27752	2026-06-14
journal-spectator.com	9839	2025-11-25
journal-topics.com	8581	2026-06-13
journalgazette.net	77986	2026-06-14
journalinquirer.com	22390	2023-06-03
journalism.co.uk	5448	2026-06-12
journalismpakistan.com	7051	2026-06-14
journalnow.com	73398	2026-06-14
journalpatriot.com	10193	2026-06-11
journalpioneer.com	22877	2020-11-11
journalrecord.com	37118	2026-06-03
journalreview.com	10680	2026-06-13
journalstandard.com	5432	2023-09-10
journalstar.com	110979	2026-06-14
journaltimes.com	69501	2026-06-14
jowhar.com	7691	2026-06-14
jox2fm.com	41278	2025-07-23
joxfm.com	16887	2026-06-14
joy.org.au	11561	2026-06-14
jpost.com	165180	2026-06-14
jsonline.com	32169	2023-09-11
jta.org	11234	2025-05-12
jtv.com	50510	2026-06-11
juneauempire.com	7918	2026-06-14
juneesoutherncross.com.au	101705	2026-06-14
juniorminingnetwork.com	19681	2026-06-13
junkee.com	6676	2026-02-19
jurist.org	6889	2026-03-19
just-auto.com	10997	2026-06-12
just-drinks.com	7380	2026-06-12
just-food.com	8709	2026-06-12
just-style.com	8960	2026-06-12
justarsenal.com	16940	2026-06-14
justblogbaby.com	5426	2026-06-14
justice.gov	5015	2025-11-26
justiceinfo.net	9454	2026-06-14
justjared.com	610903	2026-06-14
justjaredjr.com	121427	2026-06-14
justmeans.com	17128	2023-01-06
justsecurity.org	5294	2026-06-14
juxtapoz.com	6197	2026-05-13
jweekly.com	11027	2026-06-14
jwire.com.au	13771	2026-06-14
k100country.com	5772	2026-06-13
k101fm.net	41439	2026-04-22
k1047.com	22932	2026-06-14
k105.com	12295	2026-06-10
k2radio.com	26160	2026-06-12
k923orlando.com	8512	2026-06-14
k945.com	37865	2026-06-14
k96fm.com	16754	2026-06-14
k985.com	5843	2020-12-09
k99.com	21663	2026-06-14
k99online.com	6541	2026-01-28
k99wigm.com	7606	2026-06-13
kaaltv.com	75975	2026-03-17
kabc.com	30055	2026-06-13
kachwanya.com	6928	2026-06-12
kacu.org	55385	2026-06-14
kafe.com	5410	2026-06-14
kagstv.com	38121	2026-06-06
kaieteurnewsonline.com	29465	2026-06-14
kait8.com	33645	2026-06-14
kajo.com	5681	2026-06-12
kake.com	50227	2026-06-14
kalb.com	17124	2026-06-14
kalw.org	47497	2026-06-14
kamcity.com	15232	2025-11-18
kamloopsbcnow.com	11996	2026-06-14
kamloopsthisweek.com	20035	2023-10-27
kansascity.com	5375	2024-07-30
kansaspublicradio.org	22746	2026-06-14
kanw.com	37966	2025-07-07
kaok.com	41695	2026-06-13
karennews.org	7302	2026-06-08
karriere.at	11037	2024-03-25
kashmirlife.net	41085	2026-06-14
kashmirreader.com	48094	2026-06-14
kashmirtimes.com	19557	2026-06-14
kashmirtimes.in	16699	2025-04-18
kasu.org	93059	2026-06-14
katc.com	45818	2026-06-14
katcountry989.com	44772	2026-06-12
katherinetimes.com.au	61315	2026-06-14
kathmandupost.com	26735	2026-06-14
katm.com	6168	2026-06-13
katsfm.com	42455	2026-06-14
katt.com	9259	2026-06-13
katu.com	40894	2026-06-14
katv.com	33454	2026-06-14
kawc.org	62064	2026-06-14
kawowo.com	6756	2026-06-14
kazu.org	66260	2026-06-14
kbat.com	26708	2026-06-14
kbcy.com	5424	2026-06-13
kber.com	8671	2026-06-13
kbft.org	7790	2026-06-12
kbhbradio.com	8708	2025-01-23
kbia.org	36723	2026-06-14
kbnd.com	7243	2026-06-12
kboo.fm	6612	2026-06-14
kbrx.com	7751	2026-06-12
kbs.co.kr	63132	2026-06-14
kbtx.com	27324	2026-06-14
kbull93.com	13417	2022-09-06
kbur.com	16626	2026-06-11
kbzk.com	38097	2026-06-14
kcbd.com	29905	2026-06-14
kcbx.org	30857	2026-06-14
kcby.com	33056	2026-06-14
kcchronicle.com	7039	2023-05-01
kcci.com	81914	2026-06-14
kccu.org	57325	2026-06-14
kcentv.com	51557	2026-06-06
kcet.org	7715	2023-09-25
kchanews.com	10161	2026-06-12
kciiradio.com	24126	2026-06-08
kclr96fm.com	8028	2026-06-14
kclu.org	46120	2026-06-14
kcra.com	109336	2026-06-14
kcrg.com	35668	2026-06-14
kcrr.com	25862	2026-06-14
kcrw.com	21945	2026-01-30
kctv5.com	40623	2026-06-14
kcur.org	15904	2026-06-14
kdal610.com	12741	2025-09-30
kdat.com	44999	2026-06-14
kdhlradio.com	56788	2026-06-14
kdhnews.com	88517	2026-06-14
kdlg.org	17369	2025-01-27
kdminer.com	6406	2026-06-14
kdramastars.com	20353	2026-06-13
kdrv.com	29461	2026-06-14
kdvr.com	6504	2026-02-17
kdwn.com	7218	2022-11-12
keanradio.com	20965	2026-06-14
kearneyhub.com	50042	2026-06-13
kecofm.com	9009	2026-06-11
kedm.org	54442	2026-06-14
keighleynews.co.uk	129645	2026-06-14
kekbfm.com	32831	2026-06-14
kelo.com	80954	2026-06-14
kelofm.com	17688	2026-06-13
kelownacapnews.com	52251	2026-06-14
kelownadailycourier.ca	60397	2026-06-14
kenoraonline.com	7083	2025-08-25
kenoshanews.com	7298	2025-08-27
kens5.com	72133	2026-06-05
kentonline.co.uk	94068	2026-06-14
kentuckynewera.com	34367	2026-06-14
kenw.org	41755	2026-06-14
kenyan-post.com	43911	2026-06-14
kenyans.co.ke	16332	2026-03-18
kenyastar.com	64190	2026-06-14
keprtv.com	25980	2026-06-05
keranews.org	24264	2026-06-14
kerrang.com	13090	2026-06-14
kesn1033.com	9325	2020-10-06
kesq.com	79610	2026-06-14
ketchikandailynews.com	6876	2026-06-13
ketr.org	47461	2026-06-14
ketv.com	77019	2026-06-14
kevinmd.com	18014	2026-05-27
keyc.com	18544	2026-06-13
keyj.com	20321	2026-06-14
keysnews.com	49454	2026-06-14
keyt.com	102557	2026-06-14
keyw.com	24477	2026-06-14
kezi.com	27496	2026-06-14
kezj.com	21634	2026-06-13
kfdi.com	10996	2026-01-28
kfdm.com	32009	2026-06-14
kffm.com	28798	2026-06-14
kfgo.com	70806	2026-06-14
kfilradio.com	59550	2026-06-14
kfiz.com	10320	2026-06-14
kfm.co.ug	8614	2026-04-20
kfm.co.za	9754	2024-01-15
kfmx.com	30706	2026-06-14
kfor.com	7646	2026-06-11
kfox95.com	27843	2026-06-13
kfoxtv.com	37227	2026-06-14
kfqd.com	6506	2026-06-12
kfru.com	37568	2026-06-13
kfrxfm.com	17290	2026-06-08
kfvs12.com	50039	2026-06-14
kfyo.com	18979	2026-06-13
kfyrtv.com	28328	2026-06-14
kgab.com	6496	2026-03-06
kggo.com	10347	2026-06-13
kgmi.com	7909	2024-01-16
kgns.tv	22198	2026-06-14
kgoradio.com	26604	2022-10-06
kgou.org	65151	2026-06-14
khaama.com	21327	2026-06-14
khak.com	38561	2026-06-14
khaosodenglish.com	9434	2025-01-23
khay.com	5420	2026-06-13
khit1075.com	22030	2026-06-13
khits.com	51155	2026-06-08
khmertimeskh.com	29011	2025-07-08
khop.com	10108	2026-06-13
khou.com	72508	2026-06-06
khq.com	82581	2026-06-14
khqa.com	31110	2026-06-14
kicdam.com	7503	2024-07-31
kickam1530.com	24052	2026-06-14
kickoff.com	29778	2026-06-14
kicks105.com	20012	2026-06-14
kicks1063.com	11129	2026-06-13
kicks99.com	15278	2026-06-14
kicksonfire.com	45793	2026-06-01
kidderminstershuttle.co.uk	111855	2026-06-14
kiiitv.com	55653	2026-06-05
kiimfm.com	6129	2026-06-13
kikn.com	31773	2026-06-14
kilburntimes.co.uk	46430	2026-06-14
kildare-nationalist.ie	54673	2026-06-14
kilgorenewsherald.com	11652	2026-06-14
kilkennypeople.ie	58431	2026-05-14
kimatv.com	28907	2026-06-06
kimberleybulletin.com	28567	2026-06-14
kimt.com	57082	2026-06-14
kincardinenews.com	20977	2026-06-14
king5.com	67787	2026-06-05
kingdomfm.co.uk	18364	2025-01-03
kingfm.com	35062	2026-06-14
kingfut.com	10065	2026-06-14
kingstonthisweek.com	36695	2026-03-26
kinja.com	15310	2026-04-27
kink.fm	5453	2026-06-13
kinston.com	7533	2026-06-11
kion546.com	5562	2025-08-21
kios.org	47081	2026-06-14
kiow.com	15361	2026-06-14
kiplinger.com	14578	2026-06-14
kirksvilledailyexpress.com	8425	2026-06-14
kiro7.com	62419	2026-06-14
kism.com	9184	2026-06-12
kiss-1031.com	9053	2026-06-11
kiss951.com	29431	2026-06-13
kisscasper.com	24810	2026-06-14
kissfm969.com	25347	2026-06-14
kissrocks.com	7547	2026-06-14
kisswtlz.com	21755	2026-06-12
kitchener.citynews.ca	6837	2025-01-26
kitchener.ctvnews.ca	24550	2025-01-23
kitchenertoday.com	6824	2021-10-17
kitco.com	26950	2026-06-12
kitguru.net	21153	2026-06-14
kitsapsun.com	5916	2023-09-11
kitv.com	58537	2026-06-14
kivitv.com	7643	2026-03-19
kiwaradio.com	13325	2026-06-14
kiwiblog.co.nz	8596	2026-06-14
kix106.com	5916	2026-06-13
kix96.com	5892	2026-06-13
kixi.com	8949	2026-06-14
kixs.com	18822	2026-06-14
kizn.com	6843	2026-06-13
kjas.com	10775	2026-06-13
kjct8.com	19891	2026-06-14
kjlhradio.com	6438	2026-06-13
kjmo.com	7596	2025-03-17
kjrh.com	18064	2026-06-14
kjzz.org	37196	2026-06-14
kkco11news.com	11198	2026-06-14
kkfm.com	13168	2026-06-14
kkgb.com	17755	2026-06-13
kkiq.com	16134	2026-06-12
kkoh.com	75455	2026-06-13
kktv.com	24647	2026-06-14
kkyr.com	24028	2026-06-14
kkyx.com	6717	2026-06-14
klake.com	8869	2024-02-15
klaq.com	28668	2026-06-14
klaw.com	26003	2026-06-14
klcc.org	90054	2026-06-14
klce.com	5932	2024-08-29
klewtv.com	26166	2026-06-06
klif.com	78410	2026-06-14
klik1240.com	31383	2024-10-16
klin.com	14716	2026-06-14
klkntv.com	36625	2026-06-14
klll.com	8796	2026-06-08
klove.com	5058	2026-06-08
kltv.com	33342	2026-06-14
klur.com	6050	2026-06-13
klyq.com	6235	2025-03-12
kmaland.com	29361	2026-06-14
kmbc.com	76619	2026-06-14
kmch.com	11680	2026-06-14
kmfm.co.uk	8607	2026-06-14
kmhk.com	17581	2026-06-14
kmjnow.com	69433	2026-06-14
kmmo.com	22488	2026-06-13
kmmsam.com	12695	2026-06-12
kmov.com	18034	2023-12-04
kmuw.org	44827	2026-06-14
kmvt.com	17914	2026-06-14
kmxt.org	17009	2026-06-14
knac.com	17562	2026-06-14
knau.org	40837	2026-06-14
knbr.com	14484	2025-05-22
knco.com	7276	2026-06-13
kneb.com	8538	2021-03-30
knek.com	20174	2026-06-11
kniakrls.com	48473	2026-04-10
knoe.com	29548	2026-06-14
knopnews2.com	22498	2026-06-14
knoxnews.com	11024	2023-09-11
knoxradio.com	13307	2026-06-12
knpr.org	69257	2026-06-14
knsiradio.com	19158	2026-06-12
knue.com	34894	2026-06-14
knzr.com	12841	2026-05-14
koaa.com	50237	2026-06-14
koamnewsnow.com	29863	2026-06-14
koat.com	61340	2026-06-14
kob.com	130846	2026-06-14
kobi5.com	24244	2026-06-14
koco.com	84838	2026-06-14
kodiakdailymirror.com	6691	2026-06-11
koel.com	24940	2026-06-12
kogt.com	6976	2026-06-13
koimoi.com	71399	2026-06-14
koka.am	21670	2026-06-14
kokomoperspective.com	42673	2023-11-03
kokomotribune.com	59604	2026-06-14
kold.com	41365	2026-06-14
kolotv.com	28117	2026-06-14
komando.com	9880	2026-06-14
komonews.com	34211	2026-06-14
komu.com	51093	2026-06-14
kono1011.com	8819	2026-06-14
kool1017.com	33506	2026-06-14
kool1079.com	29139	2026-06-14
kool965.com	18365	2026-06-13
kool98.com	7087	2026-06-12
koolam.com	10924	2026-06-14
koolfmabilene.com	18314	2026-06-14
kopsource.com	65646	2024-11-23
koreabizwire.com	47083	2026-02-12
koreabridge.net	5025	2026-06-14
koreaherald.com	131278	2026-06-14
korean.cri.cn	7612	2026-06-14
koreatimes.co.kr	118003	2026-06-14
koreatimesus.com	6498	2025-07-18
kosu.org	32665	2026-05-09
kotaku.com	18006	2026-06-14
kotaradio.com	7560	2026-06-14
kotatv.com	21261	2026-06-14
kowb1290.com	14118	2026-06-14
koxe.com	13505	2026-06-10
koze.com	10125	2026-06-08
kpax.com	44313	2026-06-14
kpbs.org	50147	2026-06-14
kpcnews.com	67087	2026-06-14
kpcw.org	37266	2026-06-14
kpel965.com	35722	2026-06-13
kpfa.org	12785	2026-06-14
kphrfm.com	11954	2026-06-11
kpic.com	35846	2026-06-14
kpla.com	9148	2026-06-13
kplctv.com	38548	2026-06-14
kpopstarz.com	22413	2026-06-13
kpq.com	14215	2026-06-13
kprs.com	8770	2026-06-14
kptv.com	31304	2026-06-14
kpvi.com	56176	2026-06-14
kqky.com	10095	2026-04-28
kqvt.com	14424	2026-06-14
kqxy.com	10068	2026-06-13
krcgtv.com	36439	2026-06-14
krcoam.com	5925	2022-04-05
krcrtv.com	42575	2026-06-14
krcu.org	65389	2026-06-14
krdo.com	108826	2026-06-14
krforadio.com	52602	2026-06-14
krgv.com	62365	2026-06-14
kristv.com	37663	2026-06-14
krmg.com	31192	2026-06-14
krmsradio.com	5372	2026-06-14
krna.com	27356	2026-06-14
krnb.com	15074	2026-06-13
krny.com	11304	2026-06-12
kroc.com	40976	2026-06-14
krock.com.au	6951	2026-06-14
krock1017fm.com	5079	2021-05-15
krocnews.com	15122	2026-06-14
krod.com	17404	2026-06-14
krqe.com	5338	2025-11-18
krro.com	24877	2026-06-14
krrq.com	20479	2026-06-11
krrvonline.com	12881	2026-06-14
krtv.com	33873	2026-06-14
krvn.com	7917	2021-02-12
krvs.org	24445	2026-06-14
krwg.org	51147	2026-06-14
ks95.com	14523	2026-06-12
ksal.com	11210	2026-06-14
ksam1017.com	6865	2026-06-13
ksat.com	161354	2026-06-14
ksbw.com	61492	2026-06-14
ksby.com	54358	2026-06-14
kscj.com	8488	2026-06-12
ksdk.com	66285	2026-06-06
ksenam.com	13237	2026-06-14
ksfa860.com	13817	2026-06-13
ksfr.org	5321	2026-06-14
ksgf.com	12566	2026-05-23
kshb.com	45387	2026-06-14
kshe95.com	9596	2026-06-14
ksisradio.com	18566	2026-06-13
ksjbam.com	5856	2026-06-13
ksks.com	10730	2026-06-13
ksl.com	137901	2026-06-14
ksla.com	33276	2026-06-14
kslx.com	7220	2026-06-14
ksmb.com	19764	2026-06-13
ksmu.org	87068	2026-06-14
ksnblocal4.com	17624	2026-06-14
ksnt.com	7165	2025-07-16
ksoo.com	5993	2021-08-01
kspr.com	11386	2020-07-08
ksro.com	23115	2025-09-15
kstp.com	59468	2026-03-19
ksut.org	37420	2026-06-14
kswo.com	27117	2026-06-13
ksyl.com	28065	2026-06-14
ktar.com	56303	2026-06-03
ktbb.com	45864	2026-06-14
ktbs.com	98648	2026-06-14
ktcx.com	6042	2026-06-11
kten.com	49140	2026-06-14
ktep.org	41777	2026-06-14
ktgl.com	8609	2026-06-09
kticradio.com	7000	2021-05-28
ktik.com	6951	2026-06-14
ktiv.com	36039	2026-06-14
ktla.com	8210	2025-05-28
ktnv.com	6090	2026-03-18
ktop1490.com	80796	2026-06-14
ktre.com	22210	2026-06-14
ktsa.com	18813	2026-06-14
kttn.com	17326	2025-11-10
ktts.com	11047	2025-11-23
ktucam.com	9209	2023-08-24
ktul.com	37621	2026-06-14
ktuu.com	8725	2020-07-16
ktvb.com	59027	2026-06-06
ktvh.com	30381	2026-06-14
ktvl.com	5286	2026-06-14
ktvo.com	28562	2026-06-14
ktvq.com	32526	2026-06-14
ktvu.com	64668	2026-06-14
ktvz.com	149646	2026-06-14
ktwb.com	8190	2026-06-12
ktxs.com	32012	2026-06-14
ku.edu	6638	2026-06-12
kuaf.com	47027	2026-06-14
kuam.com	24726	2026-04-30
kucb.org	8819	2026-06-10
kuenselonline.com	9923	2026-06-13
kuer.org	17061	2026-06-14
kuic.com	14772	2026-06-14
kulr8.com	69215	2026-06-14
kuna.net.kw	50048	2026-02-25
kunc.org	51933	2026-06-14
kunm.org	37507	2026-06-14
kunr.org	26790	2026-06-14
kuow.org	31485	2026-06-14
kurv.com	24484	2026-06-14
kusi.com	21626	2024-01-30
kut.org	13349	2026-06-13
kutx.org	5091	2026-06-14
kuvo.org	10225	2026-06-10
kuwaittimes.com	10873	2025-01-27
kuwaittimes.net	15352	2022-01-04
kuzz.com	6053	2026-06-13
kval.com	38243	2026-06-14
kvia.com	122955	2026-06-14
kvmr.org	7939	2026-06-14
kvnf.org	53710	2026-06-14
kvoa.com	47030	2026-06-14
kvoo.com	8055	2020-12-07
kvor.com	80998	2026-06-13
kvpionline.com	15286	2026-06-12
kvpr.org	34861	2026-06-14
kvrr.com	24155	2026-06-14
kw3.com	12970	2026-06-14
kwayradio.com	6556	2026-06-12
kwbu.org	77389	2026-06-14
kwcdcountry.com	10814	2026-06-14
kwch.com	28031	2026-06-14
kwhl.com	5384	2026-06-12
kwin.com	22799	2026-06-13
kwiq.com	8474	2026-06-12
kwit.org	74085	2026-06-14
kwqc.com	30351	2026-06-14
kwsn.com	21339	2026-06-14
kwtx.com	25630	2026-06-14
kwwl.com	6192	2026-03-17
kwxx.com	11524	2026-06-14
kx947.fm	6469	2026-06-13
kxel.com	61302	2026-06-14
kxii.com	17172	2026-06-14
kxkx.com	24593	2026-06-14
kxl.com	21096	2026-06-14
kxlf.com	37103	2026-06-14
kxlh.com	30955	2026-06-14
kxly.com	108146	2026-06-14
kxly920.com	15628	2026-06-14
kxrb.com	32880	2026-06-13
kxxv.com	52707	2026-06-14
kxzz1580am.com	8657	2022-01-03
ky3.com	51090	2026-06-14
kygl.com	21039	2026-06-14
kyis.com	9843	2026-06-13
kyivpost.com	65107	2026-06-14
kykz.com	5521	2026-06-13
kyma.com	57545	2026-06-14
kynt1450.com	14393	2026-06-14
kyodonews.net	22619	2026-06-14
kysdc.com	12819	2026-06-14
kyssfm.com	30846	2026-06-14
kyuk.org	25804	2026-06-14
kztv10.com	25777	2026-06-14
kzyx.org	46555	2026-06-14
labelsandlabeling.com	9341	2026-04-07
labmate-online.com	7410	2025-08-07
labusinessjournal.com	5994	2026-06-08
lacrossetribune.com	123619	2026-06-14
ladailypost.com	23508	2026-06-14
ladunliadinews.com	8588	2025-07-28
ladysmithchronicle.com	32864	2026-06-14
lagrandeobserver.com	13207	2026-06-14
lagrangenews.com	6333	2026-06-13
lagunabeachindy.com	5023	2026-06-13
lahainanews.com	5210	2026-06-14
laineygossip.com	13868	2026-06-12
laist.com	37692	2026-06-14
lajollalight.com	5593	2024-06-12
lakeexpo.com	8047	2026-06-13
lakenewsonline.com	10787	2026-06-09
lakersnation.com	15434	2026-06-14
lakeshoreadvance.com	22504	2026-06-14
lakeshowlife.com	5478	2026-06-14
lamag.com	9573	2026-06-13
lancashiretelegraph.co.uk	209710	2026-06-14
lancasterfarming.com	10057	2026-06-13
lancasterguardian.co.uk	14852	2025-01-23
lancasteronline.com	96045	2026-06-14
lankaweb.com	15838	2026-06-14
lansingstatejournal.com	8274	2023-09-11
laois-nationalist.ie	55903	2026-06-14
laosnews.net	92234	2026-06-14
laprensalatina.com	37186	2026-05-11
laramieboomerang.com	5085	2021-02-04
lasentinel.net	12449	2025-08-23
lasvegasweekly.com	7329	2026-06-14
latestly.com	108148	2025-01-27
latimes.com	181098	2026-06-14
latinamericanpost.com	11038	2026-06-14
latinfinance.com	12237	2026-06-08
latinnews.com	5453	2025-09-15
latinpost.com	19919	2026-06-13
latintimes.com	28646	2026-06-14
latpro.com	42075	2023-03-23
laughingplace.com	16475	2026-06-14
law360.com	145889	2026-06-13
lawandcrime.com	6285	2026-03-17
lawgazette.co.uk	18504	2025-09-05
lawofficer.com	10503	2026-06-11
lawstreetmedia.com	8724	2026-06-11
lawyersweekly.com.au	11482	2026-06-13
lbc.co.uk	73876	2026-06-14
lbcgroup.tv	7508	2026-06-10
lbpost.com	13623	2026-06-13
lcsun-news.com	11231	2023-09-11
leaderherald.com	10592	2023-10-24
leaderlive.co.uk	178465	2026-06-14
leaderpost.com	61494	2026-06-13
leadership.ng	95540	2026-06-14
leadertelegram.com	54665	2026-06-14
leamingtonobserver.co.uk	13972	2026-06-14
leavenworthtimes.com	9893	2026-06-14
lebanon-express.com	21448	2023-04-25
lebanondemocrat.com	80790	2026-06-14
ledburyreporter.co.uk	105667	2026-06-14
ledgertranscript.com	14906	2026-06-14
leducrep.com	16021	2026-06-14
leftfootforward.org	5427	2026-06-14
legalinsurrection.com	16175	2026-06-14
legallyindia.com	21763	2026-06-14
legalnewsline.com	16511	2026-06-13
legit.ng	17884	2026-03-19
legitgov.org	12410	2026-06-14
lehighacrescitizen.com	5417	2026-06-12
lehighvalleylive.com	48122	2026-02-23
leicestermercury.co.uk	115475	2026-06-14
leighjournal.co.uk	96939	2026-06-14
leightonbuzzardonline.co.uk	9193	2025-01-23
leinsterexpress.ie	59110	2026-05-12
leinsterleader.ie	62211	2026-05-12
leitrimobserver.ie	49217	2026-05-14
lelezard.com	35745	2026-06-02
lemonde.fr	9061	2026-04-15
lenconnect.com	10474	2023-09-11
lendio.com	8488	2023-07-02
lep.co.uk	26299	2025-01-23
lestimes.com	7131	2026-06-13
lethbridgeherald.com	62373	2026-06-14
letsrecycle.com	5928	2026-06-12
letsrun.com	12170	2026-06-01
lewistownsentinel.com	14976	2026-06-14
lewrockwell.com	31823	2026-06-04
lex18.com	36397	2026-06-14
lexch.com	23047	2026-06-13
lexology.com	31908	2026-06-12
lfpress.com	24217	2026-06-14
lgbtqnation.com	8848	2026-06-14
lgcplus.com	9718	2026-06-12
libcom.org	5232	2026-06-14
liberianobserver.com	16555	2026-06-13
libertyballers.com	7902	2026-06-12
libn.com	11056	2026-06-03
librivox.org	8416	2026-06-14
lichfieldlive.co.uk	13830	2026-06-14
lifeandstylemag.com	11865	2026-06-11
lifehacker.com	20755	2026-06-14
lifehacker.com.au	22827	2024-10-09
lifenews.com	17536	2026-06-13
liherald.com	6980	2026-06-14
lillooetnews.net	17763	2020-08-18
limaohio.com	35794	2025-04-15
limerickleader.ie	62755	2026-05-27
limerickpost.ie	12136	2026-06-14
lincolnshireworld.com	14183	2025-01-23
listenupyall.com	7547	2026-06-12
listverse.com	14108	2026-06-14
lite96.com	5798	2024-02-21
lite987.com	28441	2026-06-14
liteonline.com	22547	2026-06-14
literock959.com	22060	2025-03-27
literock969.com	8820	2022-04-18
lithgowmercury.com.au	44795	2026-06-14
littleapplepost.com	23491	2026-06-14
littlehamptongazette.co.uk	6387	2022-02-10
live.com	16087	2020-11-21
live5news.com	37737	2026-06-14
live959.com	13382	2026-06-14
live95fm.ie	17305	2026-06-14
livecharts.co.uk	15108	2026-06-14
livejournal.com	95666	2026-06-14
livelaw.in	70522	2026-06-14
liveleak.com	5908	2021-05-30
livemint.com	216070	2026-06-14
livenews.co.nz	47985	2026-06-14
liverpoolecho.co.uk	208257	2026-06-14
liverpoolfc.com	12676	2026-06-14
livesaildie.com	9067	2026-06-13
livescience.com	16587	2026-06-14
ljworld.com	16135	2026-06-14
lloydslist.com	6574	2025-08-26
lmfm.ie	16135	2026-06-14
lmtonline.com	181566	2026-06-14
lmtribune.com	47601	2026-06-14
lobotero.com	6851	2026-06-14
local10.com	133135	2026-06-14
local12.com	34111	2026-06-14
local21news.com	39236	2026-06-14
local3news.com	47127	2026-06-14
localberkshire.co.uk	9988	2023-03-07
localgov.co.uk	11937	2026-06-12
localmatters.co.nz	5950	2026-06-14
localmemphis.com	55339	2026-06-06
localnews8.com	154297	2026-06-14
lockhaven.com	23848	2026-06-13
lockportjournal.com	24597	2026-06-13
locusmag.com	8767	2025-07-17
lodinews.com	7683	2026-06-12
loeildelaphotographie.com	9555	2025-04-10
loganbanner.com	6487	2026-06-09
logandaily.com	5165	2026-06-13
logisticsmanager.com	5546	2026-06-12
lohud.com	10472	2023-09-11
lombardiave.com	5405	2026-06-14
lompocrecord.com	29147	2026-06-14
london-now.co.uk	12057	2026-06-14
london.ctvnews.ca	22226	2025-01-23
londonlovesbusiness.com	25166	2026-06-14
londonmercury.com	33348	2026-06-14
londontheatre1.com	6053	2026-06-13
lonestar995fm.com	29976	2026-06-14
lonestarball.com	7750	2026-06-14
longbeachstar.com	28882	2024-09-21
longfordleader.ie	53948	2026-05-15
longisland.com	23017	2026-06-14
longislandpress.com	14088	2026-06-14
loopjamaica.com	16567	2021-05-20
loopnews.com	14595	2024-07-21
lordsofpain.net	6837	2020-04-18
losaltosonline.com	7146	2026-06-14
lostcoastoutpost.com	14133	2026-06-14
loudountimes.com	8331	2026-06-12
loudwire.com	20456	2026-06-14
louisianaradionetwork.com	8937	2026-06-13
louisianarecord.com	5312	2025-05-20
lovefm.com	8009	2026-06-13
lovinmalta.com	7683	2026-03-19
lowellsun.com	24527	2026-06-14
lowkickmma.com	23649	2026-06-14
lowvelder.co.za	20975	2023-08-31
lpheralddispatch.com	9259	2026-06-13
lrt.lt	16447	2026-06-14
lse.co.uk	94388	2025-01-23
lsionline.com	14800	2025-11-17
ltn.com.tw	15232	2026-06-14
lubbockonline.com	11096	2023-09-11
ludlowadvertiser.co.uk	123084	2026-06-14
lufkindailynews.com	33283	2026-06-14
lusakatimes.com	16334	2026-03-19
lutontoday.co.uk	13300	2025-01-23
luxtimes.lu	9904	2025-07-21
luxurytravelmagazine.com	12013	2026-06-14
lvb.com	8186	2026-06-04
lynnnews.co.uk	35256	2026-06-14
macaubusiness.com	15766	2025-08-13
macaudailytimes.com.mo	17713	2026-06-12
macdailynews.com	6635	2026-06-12
macleayargus.com.au	63500	2026-06-14
macmegasite.com	8764	2026-01-29
macobserver.com	5646	2025-08-19
macombdaily.com	37492	2026-06-14
macrobusiness.com.au	29561	2026-06-14
macrumors.com	6925	2026-06-08
mactech.com	12089	2026-06-13
macupdate.com	11565	2026-06-14
macworld.com	8702	2026-06-14
madamenoire.com	10948	2026-06-12
madinamerica.com	9767	2026-06-13
madison.com	122821	2026-06-14
madisonrecord.com	9887	2025-05-21
magic1021.com	9232	2026-06-14
magic1029fm.com	10013	2026-06-11
magic106.com	8634	2026-06-14
magic1073fm.com	8864	2026-06-13
magic93fm.com	10177	2026-06-13
magic983.com	17581	2026-06-14
magicbricks.com	8875	2026-06-11
magicvalley.com	78913	2026-06-14
magnoliareporter.com	23859	2026-06-14
mailtimes.com.au	41656	2026-06-14
mailtribune.com	10799	2023-06-01
mainebiz.biz	15127	2026-06-13
mainemirror.com	14813	2026-06-14
mainepublic.org	14418	2026-03-18
mainlinemedianews.com	27592	2026-06-14
mainstreetnews.com	6182	2026-06-13
maitlandmercury.com.au	106619	2026-06-14
makeuseof.com	22534	2026-06-14
malawi24.com	14072	2026-06-14
malawivoice.com	11883	2026-06-14
malaya.com.ph	31133	2026-04-22
malaymail.com	104909	2026-03-19
malaysiakini.com	76273	2026-06-14
malaysiasun.com	64211	2026-06-14
maldivesindependent.com	6758	2026-06-14
maldonandburnhamstandard.co.uk	123390	2026-06-14
maltatoday.com.mt	38916	2026-03-12
malverngazette.co.uk	114266	2026-06-14
mamamia.com.au	28667	2026-06-14
managingmadrid.com	12537	2026-06-14
manchestereveningnews.co.uk	257537	2026-06-14
manchesterjournal.com	12031	2026-06-13
mandurahmail.com.au	70408	2026-06-14
mangalorean.com	52034	2026-06-14
manicapost.co.zw	6458	2025-01-22
manilametro.com	5842	2024-07-24
manilastandard.net	10136	2026-03-18
manilatimes.net	345691	2026-06-14
manitobacooperator.ca	9622	2026-06-14
mankatofreepress.com	95228	2026-06-14
manningrivertimes.com.au	82798	2026-06-14
mansfieldnewsjournal.com	7976	2023-09-11
mantecabulletin.com	8897	2026-06-13
manufacturing.net	21568	2025-10-02
manutd.com	13965	2026-05-04
manxradio.com	20987	2026-06-14
mapleridgenews.com	31131	2026-06-14
maravipost.com	24668	2026-06-14
marca.com	7042	2026-05-24
marcellusdrilling.com	14622	2026-06-12
marconews.com	5934	2023-09-11
margaretrivermail.com.au	37228	2025-08-20
marieclaire.co.uk	15809	2026-06-14
marieclaire.com	22862	2026-06-14
mariettatimes.com	18368	2026-06-13
marinecorpstimes.com	7712	2026-06-12
marinelink.com	28772	2026-06-12
marinelog.com	9329	2025-11-20
marinetechnologynews.com	7095	2026-06-12
marinij.com	31663	2026-06-14
maritime-executive.com	31546	2026-06-14
maritimeprofessional.com	5752	2026-06-12
marketbusinessnews.com	19395	2026-06-13
marketing-interactive.com	15072	2026-06-12
marketplace.org	11937	2026-06-14
marketpulse.com	11907	2026-06-12
marketrealist.com	8553	2026-06-12
markets.co	5867	2022-01-09
marketscreener.com	999061	2026-05-18
marketswired.com	5202	2025-01-04
marklevinshow.com	9923	2026-06-13
marshallindependent.com	17452	2026-06-13
marshfieldnewsherald.com	8584	2023-09-11
marthastewart.com	11116	2026-03-17
martinsvillebulletin.com	35810	2026-06-13
maryland.gov	7638	2026-06-14
marylandreporter.com	6678	2026-06-04
maryvilleforum.com	20314	2024-11-15
masala.com	18108	2024-07-13
mashable.com	45291	2026-06-14
massachusettsnewswire.com	6929	2026-06-12
massachusettssun.com	42264	2026-06-14
massdevice.com	8486	2026-02-21
masslawyersweekly.com	19316	2026-06-04
masslive.com	108215	2026-02-23
matr.net	6448	2026-06-14
mauinews.com	20086	2026-06-14
mauinow.com	15368	2026-06-14
maurice-info.mu	9096	2026-06-14
mavsmoneyball.com	6949	2026-06-14
max94one.com	23492	2026-06-11
maximumfun.org	6237	2026-06-13
mayerthorpefreelancer.com	15197	2026-06-14
mayonews.ie	20592	2026-05-21
mb.com.ph	180661	2026-06-14
mbcradio.com	5787	2026-06-14
mbtmag.com	18138	2025-09-17
mcalesternews.com	16917	2026-06-14
mcall.com	78186	2026-06-14
mcdonoughvoice.com	5718	2023-09-10
mcdowellnews.com	39410	2026-06-13
mcknights.com	8837	2026-03-11
mdislander.com	9580	2026-06-13
mdjonline.com	144975	2026-06-14
meadvilletribune.com	42531	2026-06-13
meathchronicle.ie	43315	2026-06-14
meaww.com	20365	2026-03-17
medafricatimes.com	6393	2026-06-12
mediaforfreedom.com	5275	2026-04-27
mediaite.com	83901	2026-06-14
mediamatters.org	14725	2026-06-13
medianama.com	11215	2026-06-12
mediapost.com	24045	2026-06-13
medicaldaily.com	7400	2026-06-14
medicalnewstoday.com	5429	2026-06-13
medicalxpress.com	141329	2026-01-29
medicinehatnews.com	71457	2026-06-14
medpagetoday.com	25044	2025-01-28
medscape.com	46935	2026-06-14
meed.com	23623	2026-06-12
mega979.com	6289	2026-06-13
mega993online.com	28669	2026-06-14
melfortjournal.com	10368	2026-06-14
meltontimes.co.uk	8291	2025-01-23
memphisflyer.com	6915	2026-06-12
memphissun.com	103626	2026-06-14
memri.org	9885	2025-04-22
menafn.com	973875	2026-03-10
mendocinobeacon.com	14643	2026-06-14
menshealth.com	29812	2026-06-14
mensxp.com	26865	2026-06-14
mentalfloss.com	14220	2026-06-14
meobserver.org	5218	2026-06-14
mercopress.com	22668	2026-06-14
mercurynews.com	77806	2026-06-14
meridianstar.com	36333	2026-06-14
merimbulanewsweekly.com.au	68599	2026-06-14
mesabitribune.com	52387	2026-06-14
messagemedia.co	11272	2026-06-14
messenger-inquirer.com	84249	2026-06-14
messenger.com.ge	5811	2026-06-10
messengernews.net	13116	2026-06-14
messengernewspapers.co.uk	141456	2026-06-14
metal.com	22164	2026-06-12
metalunderground.com	14268	2026-06-12
metro.co.uk	144425	2026-06-14
metro.us	86034	2025-11-03
metrojacksonville.com	11389	2026-06-14
metrotimes.com	12133	2026-05-14
metroweekly.com	6522	2026-06-14
metrowestdailynews.com	10026	2023-09-11
metv.com	10934	2026-06-12
metvmall.com	12496	2026-06-06
mexicoledger.com	7918	2026-06-14
mexiconewsdaily.com	6811	2026-03-15
mexicostar.com	62627	2026-06-14
mg.co.za	29750	2026-06-14
mgoblog.com	14877	2025-08-28
miamiherald.com	8780	2024-07-31
miaminewtimes.com	8465	2026-06-13
miamistudent.net	5436	2026-06-12
miamitimesonline.com	8417	2026-06-12
michigan.gov	5321	2023-02-02
michigandaily.com	7461	2026-06-14
michiganradio.org	23666	2024-01-10
michigansthumb.com	78032	2026-06-14
mid-day.com	98154	2026-06-14
middleeasteye.net	44632	2026-06-14
middleeastmonitor.com	75550	2026-06-14
middleeaststar.com	111719	2026-06-14
middlenecknews.com	5048	2026-06-14
middletownpress.com	123670	2026-04-21
midhurstandpetworth.co.uk	5526	2022-02-10
midmichigannow.com	33878	2026-06-14
midnorthmonitor.com	48006	2026-06-14
midsussextimes.co.uk	5984	2022-02-10
midutahradio.com	16600	2026-06-14
midweekherald.co.uk	34857	2026-06-14
midwestradio.ie	24895	2026-06-14
mihomepaper.com	12568	2026-03-04
milawyersweekly.com	9157	2026-06-03
milehighreport.com	12358	2026-06-14
milforddailynews.com	8053	2023-09-07
milfordmercury.co.uk	89669	2026-06-14
milfordmirror.com	59636	2025-06-14
military.com	32705	2026-06-14
militarytimes.com	13230	2026-06-13
miltonkeynes.co.uk	14120	2025-01-23
milwaukeesun.com	44544	2026-06-14
mindat.org	13155	2025-01-23
minicassia.com	6201	2024-03-21
mining-journal.com	7397	2026-05-26
mining-technology.com	10668	2026-06-12
mining.com	46643	2026-06-14
mininggazette.com	10351	2026-06-14
miningjournal.net	21935	2026-06-13
miningmx.com	6815	2026-06-12
miningnews.net	11257	2026-05-26
miningweekly.com	48969	2026-06-12
minnlawyer.com	7668	2026-06-04
minnpost.com	8601	2026-06-13
minotdailynews.com	17795	2026-06-13
miragenews.com	613528	2026-06-14
mirror.co.uk	683411	2026-06-14
mis-asia.com	10347	2026-06-14
mishpacha.com	8032	2026-06-14
missioncityrecord.com	41638	2026-06-14
missionlocal.org	7029	2026-06-14
mississauga.com	7609	2026-06-14
mississippivalleypublishing.com	22689	2026-06-14
missoulian.com	135068	2026-06-14
mit.edu	9978	2026-06-12
mitchelladvocate.com	22231	2026-06-14
mitchellrepublic.com	31247	2026-06-14
mix1005.fm	24053	2026-06-08
mix100lubbock.com	15674	2026-06-13
mix103.com	9791	2026-06-13
mix1043fm.com	28030	2026-06-14
mix1069.com	14423	2026-06-14
mix106radio.com	25052	2026-06-14
mix108.com	34931	2026-06-14
mix929.com	23926	2026-06-13
mix931fm.com	30383	2026-06-14
mix941.com	21163	2026-06-12
mix941kmxj.com	19969	2026-06-14
mix949.com	26688	2026-06-14
mix957.net	8804	2024-01-04
mix957gr.com	20561	2026-06-12
mix965tulsa.com	6755	2025-10-22
mix979fm.com	13543	2024-04-26
mix987.com	9233	2026-06-13
mixx993.com	17097	2026-06-12
mizzima.com	20944	2025-01-23
mlb.com	77426	2026-06-14
mlbtraderumors.com	55253	2026-06-14
mlive.com	129535	2026-02-23
mmafighting.com	26709	2026-06-14
mmamania.com	24895	2026-06-14
mmanews.com	16189	2026-04-22
mmegi.bw	6675	2026-06-12
mmm-online.com	5340	2026-06-12
mobihealthnews.com	6860	2026-06-03
mobilesyrup.com	20706	2026-06-12
mobileworldlive.com	12275	2026-03-03
mobilitytechzone.com	5977	2024-09-17
mobypicture.com	32801	2023-10-03
moddb.com	38275	2025-11-16
modernreaders.com	462461	2025-04-18
moelane.com	11594	2025-07-17
mohavedailynews.com	14009	2026-06-12
mojo1029.com	11412	2026-06-14
moldpres.md	9534	2025-01-14
monacolife.net	5371	2026-06-14
mondaq.com	127758	2026-06-14
mondovisione.com	33622	2026-01-14
mondoweiss.net	7249	2026-06-14
moneycontrol.com	424687	2026-06-14
moneylife.in	21362	2026-06-14
moneymanagement.com.au	13298	2026-06-14
moneymarketing.co.uk	23877	2026-06-12
moneytalksnews.com	10959	2026-06-14
moneyweb.co.za	37490	2024-04-02
moneyweek.com	9363	2026-06-14
monitor.co.ug	71515	2026-04-22
monocle.com	5861	2026-06-14
monroenews.com	13644	2023-09-11
monstersandcritics.com	55350	2025-10-02
montanarightnow.com	63462	2026-06-14
montereyherald.com	12433	2026-06-14
montgomery-herald.com	6187	2025-05-20
montgomeryadvertiser.com	8465	2023-09-11
montgomerynews.com	6458	2021-09-28
montreal.ctvnews.ca	32918	2025-01-23
montrealgazette.com	37761	2026-06-14
montrosepress.com	15568	2026-06-13
mooseradio.com	14218	2026-06-12
moreechampion.com.au	56960	2026-06-14
morganton.com	34771	2026-06-13
morning-times.com	36215	2026-06-13
morningadvertiser.co.uk	9411	2026-06-13
morningjournal.com	48928	2026-06-14
morningjournalnews.com	21444	2026-06-14
morningstar.com	101648	2026-06-14
morningstaronline.co.uk	40600	2026-06-14
morningsun.net	65431	2026-06-12
moroccoworldnews.com	15676	2026-06-14
mortgageintroducer.com	8340	2022-03-18
mortgagenewsdaily.com	7829	2026-06-12
mortgagesolutions.co.uk	14019	2026-06-12
mortgagestrategy.co.uk	23423	2026-06-12
morungexpress.com	71965	2026-06-14
mothership.sg	13261	2025-03-10
motor1.com	19939	2026-06-14
motorcyclenews.com	25607	2026-06-14
motorsport.com	21919	2026-06-14
moultonadvertiser.com	16491	2026-06-13
moultrieobserver.com	15651	2026-06-14
mountaineagle.com	9896	2026-06-12
mountvernonnews.com	10770	2026-06-08
movieweb.com	79875	2026-06-14
mpamag.com	7434	2026-06-12
mpnnow.com	10032	2023-09-11
mprnews.org	27217	2026-06-14
mrt.com	64914	2026-06-14
mrtopstep.com	18821	2024-11-22
mscnews.net	5474	2026-06-14
msn.com	2860431	2023-06-23
mtairynews.com	5814	2026-06-14
mtdemocrat.com	27498	2026-06-14
mtexpress.com	11333	2026-06-12
mtlblog.com	7076	2026-06-14
mtpr.org	17758	2026-06-12
mtstandard.com	60169	2026-06-14
mudgeeguardian.com.au	50221	2026-06-14
multifamilybiz.com	5996	2026-06-13
mumbrella.com.au	23789	2025-11-20
murfreesboropost.com	6340	2023-03-01
murrayledger.com	10640	2026-06-12
muscatdaily.com	18980	2026-06-14
muscatinejournal.com	106743	2026-06-14
music-news.com	20555	2025-12-16
musketfire.com	6927	2026-06-14
muskogeephoenix.com	22281	2026-06-12
muskokaregion.com	7571	2026-06-14
muswellbrookchronicle.com.au	67866	2026-06-14
mv-voice.com	10677	2026-06-13
mvariety.com	30858	2026-06-14
mvtimes.com	18107	2026-06-14
mwnation.com	17379	2026-06-14
mxdwn.com	6377	2026-06-14
my1035.com	12140	2026-06-14
my40.tv	7419	2022-01-31
my957.com	6678	2026-06-12
myalbertlea.com	12521	2026-06-08
myalgomamanitoulinnow.com	5735	2026-06-03
myanmarmuslim.net	18759	2024-11-05
myanmarnews.net	55976	2026-06-14
myaustinminnesota.com	20340	2025-06-14
myb106.com	27100	2026-06-13
mybeachradio.com	20323	2024-04-01
mybroadband.co.za	6013	2022-09-28
mycariboonow.com	9471	2026-06-04
mycentraljersey.com	12905	2023-09-11
mycentralnebraska.com	36735	2026-06-12
mycentraloregon.com	50175	2026-06-13
mycolumbuspower.com	12422	2026-06-14
mycountry955.com	30394	2026-06-14
mycouriertribune.com	7801	2024-10-05
mycowichanvalleynow.com	8504	2026-06-03
myeasternshoremd.com	11671	2026-06-14
myedmondsnews.com	20230	2026-06-14
myfox28columbus.com	38232	2026-06-14
myfox8.com	5960	2025-08-29
myheraldreview.com	9725	2026-01-16
myhorrynews.com	9209	2026-06-14
myiowainfo.com	17053	2026-05-01
myjournalcourier.com	67804	2026-06-14
myjournals.org	7241	2023-08-26
myjoyonline.com	111154	2026-03-19
myk104.com	7463	2026-06-13
mykiss1031.com	24826	2026-06-13
mykisscountry937.com	33330	2026-06-14
myklgr.com	21028	2026-06-13
mykxlg.com	86084	2026-06-14
myleaderpaper.com	34466	2026-06-14
mylloydminsternow.com	5646	2026-06-03
mylondon.news	6988	2026-06-10
mymagic106.com	6275	2026-06-11
mymagic949.com	8657	2026-06-14
mymagicgr.com	8906	2024-04-29
mymcmedia.org	12722	2026-06-13
mymix1061.com	15614	2026-06-11
mymixfm.com	36337	2026-06-14
mymmanews.com	8977	2026-06-13
mymoinfo.com	19850	2026-06-13
mymotherlode.com	176212	2026-06-14
mymuskokanow.com	6585	2026-06-01
mynbc5.com	70781	2026-06-14
myneworleans.com	9779	2026-06-12
mynews13.com	9294	2026-06-13
mynews4.com	32245	2026-06-14
mynewsla.com	63822	2026-06-14
mynorthbaynow.com	5340	2026-06-04
mynorthwest.com	218460	2026-06-14
mynspr.org	45035	2026-06-14
myplainview.com	49437	2026-06-14
myprincegeorgenow.com	13790	2026-06-04
myq105.com	15158	2026-06-14
myq1075.com	20091	2026-06-14
myqcountry.com	12597	2026-06-13
myrecordjournal.com	12869	2023-12-30
mysailing.com.au	6091	2026-06-14
mysanantonio.com	83417	2025-11-18
myspiritfm.com	9369	2026-06-14
mystar98.com	20399	2026-06-13
mysteinbach.ca	10322	2026-06-14
mysteriousuniverse.org	10534	2026-06-12
mystratfordnow.com	7047	2026-06-03
mysuncoast.com	33615	2026-06-14
mytimminsnow.com	5104	2026-06-03
myuscountry.com	17621	2026-06-08
mywebtimes.com	8503	2023-05-01
naftemporiki.gr	7890	2026-06-12
nagalandpost.com	49549	2026-06-08
nagariknetwork.com	28805	2026-03-16
nagpurtoday.in	17308	2026-06-13
naharnet.com	86686	2026-06-14
naija247news.com	60209	2026-06-14
nairaland.com	77881	2025-07-26
nairametrics.com	12220	2026-03-04
nairobiwire.com	14004	2026-06-14
nakedcapitalism.com	12071	2026-06-14
namibian.com.na	30532	2026-06-14
namibiansun.com	21219	2026-06-14
nampa.org	44517	2024-11-08
nanaimobulletin.com	31501	2026-06-14
nancyonnorwalk.com	5219	2026-06-13
nantonnews.com	8155	2026-06-14
napaneeguide.com	38999	2026-06-14
napaneetoday.ca	9810	2026-06-14
napavalleyregister.com	68758	2026-06-14
naplesnews.com	11875	2023-09-11
naroomanewsonline.com.au	68855	2026-06-14
narrominenewsonline.com.au	43319	2026-06-14
nasa.gov	8080	2026-06-12
nasdaq.com	55602	2026-06-12
nashfm100.com	5698	2026-06-13
nashfm1025.com	5758	2026-06-13
nashvilleherald.com	100721	2026-06-14
nashvillepost.com	14211	2026-06-12
nashvillescene.com	11834	2026-06-14
nation.co.ke	29367	2022-02-18
nation.com.pk	11096	2022-06-06
nation.sc	30967	2026-06-13
nationalaccordnewspaper.com	52551	2026-06-14
nationalgeographic.com	10609	2026-06-14
nationalheraldindia.com	6988	2026-03-15
nationalhogfarmer.com	5929	2025-01-21
nationalinterest.org	48930	2026-01-29
nationalmemo.com	10061	2026-06-13
nationalmortgagenews.com	14191	2026-06-12
nationalmortgageprofessional.com	6336	2025-01-22
nationalnetworkonline.com	5171	2026-06-11
nationalpost.com	52294	2026-06-14
nationalreview.com	12378	2021-07-27
nationaltribune.com.au	8043	2025-01-27
nationnews.com	30457	2026-06-14
nationofchange.org	6473	2026-03-18
nationthailand.com	16496	2026-03-16
natlawreview.com	115901	2026-06-14
naturalgasintel.com	18554	2026-06-13
naturalgasworld.com	12123	2025-02-26
naturalnews.com	62500	2026-06-14
nature.com	36557	2026-06-12
natureworldnews.com	17804	2026-06-12
naval-technology.com	6793	2026-06-13
naveenbharat.in	7607	2022-04-24
navhindtimes.in	31764	2026-06-14
navy.mil	6855	2025-03-06
navytimes.com	10066	2026-06-13
nba.com	18601	2026-03-18
nbc-2.com	55163	2025-02-05
nbc.com	6417	2026-06-12
nbc11news.com	9500	2023-12-14
nbc12.com	30170	2023-12-14
nbc15.com	19997	2023-12-14
nbc16.com	38333	2026-06-14
nbc24.com	8013	2026-06-13
nbc29.com	16840	2023-12-14
nbcbayarea.com	120866	2026-06-14
nbcboston.com	5342	2026-06-04
nbcchicago.com	142467	2026-06-14
nbcconnecticut.com	160126	2026-06-14
nbcdfw.com	140472	2026-06-14
nbclosangeles.com	137645	2026-06-14
nbcmiami.com	113733	2026-06-14
nbcmontana.com	42472	2026-06-14
nbcnews.com	179604	2026-06-14
nbcnewyork.com	137707	2026-06-14
nbcphiladelphia.com	139036	2026-06-14
nbcrightnow.com	52511	2026-06-14
nbcsandiego.com	114682	2026-06-14
nbcsvg.com	9181	2026-06-12
nbcwashington.com	90561	2026-06-14
nbnnews.com.au	29097	2026-06-14
nbr.co.nz	25645	2026-06-14
ncadvertiser.com	56294	2025-10-26
nclawyersweekly.com	7647	2026-06-03
ncnewsonline.com	56902	2026-06-14
ncpa.org	6496	2026-06-12
ncr-iran.org	8134	2026-06-14
ncregister.com	19149	2026-06-14
ncronline.org	16624	2025-10-08
ndtv.com	342023	2025-05-26
nebraska.tv	33033	2026-06-14
necn.com	82611	2025-02-13
nehandaradio.com	13902	2026-06-14
neindia.com	6751	2026-06-14
neonnettle.com	10439	2022-07-30
neoskosmos.com	20293	2026-06-14
neowin.net	47848	2025-11-08
nepalnational.com	96438	2026-06-14
nerdist.com	18301	2026-06-14
netflixlife.com	5709	2026-06-14
netindian.in	5818	2025-08-21
netnewsledger.com	19752	2026-06-14
netscape.com	172412	2026-06-14
netsdaily.com	7158	2026-06-14
netwerk24.com	10158	2025-01-22
networkworld.com	7638	2026-06-12
neurologyadvisor.com	9234	2026-06-12
nevadaappeal.com	12575	2025-09-05
nevadabusiness.com	7189	2026-06-12
nevadanewsandviews.com	6002	2026-06-14
neveitalia.it	11740	2026-03-07
newagebd.net	23289	2025-05-26
newarab.com	9672	2025-09-21
newarkadvertiser.co.uk	31378	2026-06-14
newarkadvocate.com	6177	2023-09-11
newarkpostonline.com	5050	2026-06-14
newbernsj.com	11500	2026-06-13
newburyportnews.com	29591	2026-06-14
newburytoday.co.uk	26356	2026-06-14
newbusinessethiopia.com	13923	2026-06-13
newcanaanite.com	7584	2026-06-14
newcastleherald.com.au	148259	2026-06-14
newcivilengineer.com	13855	2026-06-13
newcountry991.com	6309	2022-04-29
newegg.com	25492	2026-06-14
newelectronics.co.uk	12266	2026-06-05
newfoodmagazine.com	5975	2026-03-31
newhamrecorder.co.uk	28751	2026-06-14
newhavenindependent.org	11130	2026-06-13
newidea.com.au	14405	2026-06-14
newindianexpress.com	145198	2026-06-14
newjerseyhills.com	40472	2026-06-14
newjerseytelegraph.com	111858	2026-06-14
newkerala.com	223709	2026-06-14
newmilfordspectrum.com	51343	2022-03-01
neworleanscitybusiness.com	16544	2026-06-03
neworleanssun.com	56648	2026-06-14
newportri.com	6992	2023-09-08
newrepublic.com	22493	2026-06-14
newrock1041.fm	7170	2026-06-14
news-daily.com	80617	2026-06-14
news-expressky.com	26835	2026-06-14
news-gazette.com	127066	2026-06-14
news-herald.com	50495	2026-06-14
news-journal.com	8962	2026-06-14
news-journalonline.com	17642	2023-09-11
news-leader.com	8165	2023-09-11
news-mail.com.au	44484	2021-04-28
news-medical.net	101048	2026-06-14
news-press.com	12874	2023-09-11
news-star.com	10603	2026-06-12
news.am	90576	2026-06-14
news.az	49862	2026-06-14
news.cn	13336	2022-04-14
news.com.au	91981	2024-07-30
news.err.ee	23415	2022-10-20
news.statetimes.in	7534	2020-06-12
news.tuoitre.vn	9396	2026-06-14
news12.com	72885	2026-06-14
news18.com	268439	2026-03-17
news24.com	166582	2026-06-14
news3lv.com	45162	2026-06-14
news4jax.com	153919	2026-06-14
news4sanantonio.com	47238	2026-06-14
news5cleveland.com	6019	2026-03-18
news8000.com	90353	2026-06-14
news9.com	76175	2026-06-14
news957.com	48715	2021-10-17
newsadvance.com	47146	2026-06-12
newsandsentinel.com	22736	2026-06-14
newsandstar.co.uk	185587	2026-06-14
newsandtribune.com	26228	2026-06-12
newsargus.com	25474	2026-06-14
newsbiscuit.com	5898	2026-06-14
newsblogged.com	5602	2026-05-27
newsbreak.com	10798	2025-12-06
newsbtc.com	36749	2026-06-14
newsbug.info	10651	2026-06-13
newsbusters.org	85734	2026-06-14
newsbytes.ph	5429	2026-06-13
newscenter1.tv	33770	2026-06-14
newscentermaine.com	38963	2026-03-19
newscentralasia.net	8035	2026-06-13
newschannel10.com	22659	2026-06-14
newschannel20.com	28875	2026-06-14
newschannel5.com	53092	2026-06-14
newschannel6now.com	23853	2026-06-14
newschannel9.com	38564	2026-06-14
newschannelnebraska.com	13127	2025-03-22
newschief.com	8585	2023-09-11
newscientist.com	17056	2026-06-13
newsdakota.com	21295	2026-06-13
newsday.co.tt	85732	2026-06-10
newsday.co.zw	29358	2026-06-14
newsday.com	101168	2026-06-14
newsdzezimbabwe.co.uk	7676	2025-12-25
newser.com	73998	2026-06-14
newsfirst.lk	12470	2026-03-19
newsghana.com.gh	82278	2026-06-14
newsherald.com	14695	2023-09-11
newshub.co.nz	18541	2024-07-04
newsincyprus.com	12862	2025-01-27
newsindiatimes.com	14155	2026-06-14
newsitem.com	26942	2026-06-14
newslaundry.com	5327	2026-06-13
newsleader.com	5481	2023-09-11
newsletter.co.uk	32306	2025-01-23
newsmakers.pk	20830	2026-06-13
newsmax.com	59273	2024-07-30
newsminer.com	33796	2026-06-14
newsnation.in	8047	2020-04-07
newsnationnow.com	6205	2025-12-25
newsnationtv.com	27052	2025-10-19
newsnow.co.uk	11414	2026-06-14
newsofbahrain.com	10103	2026-03-05
newson6.com	76923	2026-06-14
newsonair.com	29094	2021-11-26
newsone.com	8649	2026-06-14
newsonjapan.com	26042	2026-06-14
newsoptimist.ca	37573	2021-07-29
newspressnow.com	73262	2026-06-14
newsradio1029.com	75048	2026-06-13
newsradio1310.com	18825	2026-06-13
newsradio1440.com	23058	2025-03-17
newsregister.com	13452	2026-06-13
newsroompanama.com	12332	2026-06-14
newsshopper.co.uk	122052	2026-06-14
newstalk.com	43728	2026-06-14
newstalk1030.com	44552	2026-06-13
newstalk1280.com	24619	2026-06-13
newstalk1290.com	18644	2026-06-13
newstalk870.am	20464	2026-06-14
newstalkkgvo.com	16108	2026-06-13
newstalkkit.com	19331	2026-06-14
newstalkzb.co.nz	62536	2026-06-14
newstatesman.com	27138	2026-06-14
newstimes.com	131966	2025-06-12
newstoday.com.bd	12801	2021-01-24
newstodaynet.com	30625	2026-06-13
newstracklive.com	7310	2025-07-05
newstrib.com	7242	2023-05-01
newstribune.com	46402	2026-06-14
newsviewsnreviews.com	5466	2019-11-13
newswatchman.com	5065	2026-06-12
newsweek.com	285581	2026-06-14
newswire.ca	21744	2026-06-13
newswire.net	5033	2026-06-09
newswiretoday.com	28054	2026-06-13
newswise.com	39861	2026-06-14
newsx.com	58730	2026-06-14
newsy.com	19898	2023-01-04
newtelegraphng.com	6479	2026-03-19
newtimesslo.com	8360	2026-06-11
newtoncountytimes.com	12105	2026-06-10
newtondailynews.com	6908	2026-06-14
newtownbee.com	13646	2026-06-13
newvision.co.ug	14360	2026-06-14
newwestrecord.ca	69228	2025-08-01
newyorker.com	16329	2026-06-14
newyorkstatesman.com	48125	2026-06-14
newyorktelegraph.com	176008	2026-06-14
newzealandstar.com	49694	2026-06-14
newzimbabwe.com	33848	2026-06-14
nextbigfuture.com	6085	2026-06-13
nextbigwhat.com	8577	2026-06-13
nextshark.com	11355	2026-06-12
nfl.com	9180	2026-03-18
nhbr.com	6964	2026-06-12
nhl.com	22373	2026-03-19
nhpbs.org	20657	2026-06-14
nhpr.org	27256	2026-06-14
nhregister.com	170351	2026-06-14
niagara-gazette.com	27118	2026-06-14
niagarafallsreview.ca	79597	2026-06-14
niagarathisweek.com	9732	2026-06-14
nichegamer.com	13506	2026-06-14
nigerianbulletin.com	8992	2026-06-14
nigerianeye.com	64129	2026-06-14
nigerianobservernews.com	13626	2026-06-14
nigerianpilot.com	7331	2020-10-27
nigeriasun.com	82939	2026-06-14
nikkei.com	14961	2026-06-14
ninernoise.com	5413	2026-06-14
ninersnation.com	15316	2026-06-14
nintendoeverything.com	12026	2026-06-14
nintendolife.com	34274	2026-06-14
nintendoworldreport.com	15381	2026-06-14
nipawinjournal.com	10154	2026-06-14
niyitabiti.net	5586	2023-01-29
nj.com	120944	2026-02-23
nj1015.com	52673	2026-06-14
njbiz.com	17043	2026-06-04
njherald.com	11636	2023-09-11
nknews.org	10701	2026-06-12
nkytribune.com	10134	2026-03-11
nltimes.nl	21674	2026-06-14
nme.com	58638	2026-06-14
nmpoliticalreport.com	5424	2026-06-14
nna-leb.gov.lb	16290	2023-10-07
nny360.com	62969	2026-06-14
noise11.com	13991	2026-06-14
nola.com	78898	2026-06-14
nonpareilonline.com	58920	2026-06-14
noodls.com	5116	2025-05-02
noosanews.com.au	45618	2021-04-28
noozhawk.com	40055	2026-06-14
norfolkandtillsonburgnews.com	43339	2026-06-14
norfolkdailynews.com	32458	2026-06-14
norfolktoday.ca	10551	2026-06-12
normantranscript.com	25487	2026-06-14
northafricapost.com	12971	2026-06-14
northamptonchron.co.uk	23233	2025-01-23
northantstelegraph.co.uk	18240	2025-01-23
northbaynipissing.com	6462	2026-06-14
northcentralpa.com	34195	2026-06-14
northcoastcitizen.com	5728	2025-09-25
northcoastjournal.com	12948	2026-06-14
northcountrynow.com	64985	2026-06-14
northcountrypublicradio.org	54638	2026-06-14
northdevongazette.co.uk	9532	2026-05-20
northeasttoday.in	14544	2026-06-12
northern-times.co.uk	45834	2026-06-14
northerndailyleader.com.au	101205	2026-06-14
northernirelandnews.com	19738	2024-12-03
northernirelandworld.com	23257	2025-01-23
northernminer.com	8159	2026-06-12
northernnews.ca	49892	2026-06-14
northernpublicradio.org	57576	2026-06-14
northernstar.com.au	43139	2021-04-28
northernvirginiamag.com	5164	2026-06-12
northescambia.com	18655	2026-06-14
northfortmyersneighbor.com	6078	2026-06-13
northislandgazette.com	30331	2026-06-14
northjersey.com	17610	2023-09-11
northkoreatimes.com	33394	2026-06-14
northplattebulletin.com	5902	2026-06-14
northqueenslandregister.com.au	30494	2026-06-14
northsomersettimes.co.uk	33293	2026-06-13
northumberlandgazette.co.uk	17505	2025-01-23
northumberlandnews.com	6431	2026-06-14
northwaleschronicle.co.uk	104338	2026-06-14
northwalespioneer.co.uk	107592	2026-06-14
northwestgeorgianews.com	145241	2026-06-14
northwestmoinfo.com	24018	2026-06-12
northwestsignal.net	40769	2026-06-13
northweststar.com.au	59814	2026-06-14
northwichguardian.co.uk	123295	2026-06-14
norwichbulletin.com	8631	2023-09-11
nottinghampost.com	121313	2026-06-14
nova.ie	25939	2026-06-14
novinite.com	64429	2026-06-14
nowgrenada.com	6039	2026-06-13
nownews.com	14527	2022-10-31
nowtoronto.com	18171	2026-06-14
npr.org	139507	2026-06-14
nptelegraph.com	45566	2026-06-10
nrl.com	13621	2026-06-14
nrn.com	15273	2026-06-12
nrq.com	6079	2026-06-08
nrtoday.com	27801	2026-06-14
nsnews.com	73367	2026-06-13
nst.com.my	19661	2025-09-22
ntnews.com.au	51861	2024-07-22
ntv.co.ug	23203	2026-06-14
nuclear-news.net	18415	2026-06-14
nugget.ca	61251	2026-06-14
nujournal.com	13881	2026-06-14
numberfire.com	17288	2025-10-21
nurseryworld.co.uk	5895	2026-06-11
nursingtimes.net	10158	2026-06-12
nutraingredients-usa.com	6370	2025-10-15
nutraingredients.com	7185	2026-06-13
nvdaily.com	70578	2026-06-14
nvi.com.au	46087	2026-06-14
nwaonline.com	79520	2026-06-14
nwasianweekly.com	5589	2025-12-21
nwemail.co.uk	167265	2026-06-14
nwfdailynews.com	15489	2023-09-11
nwherald.com	10392	2023-05-01
nwitimes.com	106955	2026-06-13
ny1.com	5132	2026-04-22
nyasatimes.com	24409	2026-06-14
nydailynews.com	152363	2026-06-14
nylon.com	5285	2026-06-12
nymag.com	11619	2026-06-14
nynganobserver.com.au	43614	2026-06-14
nypost.com	237695	2026-06-14
nystateofpolitics.com	15513	2026-06-14
nysun.com	20114	2026-06-14
nytimes.com	288054	2026-06-14
nzcity.co.nz	266843	2026-06-14
nzdoctor.co.nz	20027	2026-06-14
nzherald.co.nz	297973	2026-06-14
oakdaleleader.com	7263	2026-06-12
oakridger.com	9789	2023-09-11
oann.com	69959	2026-06-14
oanow.com	32746	2026-06-14
oaoa.com	38684	2025-05-15
obantimes.co.uk	12192	2024-01-25
oberonreview.com.au	46462	2026-06-14
obj.ca	10431	2026-06-13
obozrevatel.com	40531	2025-03-05
obrag.org	7190	2026-06-12
observer-reporter.com	21545	2026-06-13
observer.com	8476	2026-06-13
observer.ug	33915	2026-06-14
observertoday.com	25210	2026-06-14
oc-breeze.com	12900	2023-04-02
ocala.com	12103	2023-09-11
ocbj.com	5788	2026-06-13
oceanfm.ie	14455	2026-06-14
ocj.com	9688	2026-06-14
ocregister.com	73898	2026-06-14
odnako.org	25187	2026-06-14
odt.co.nz	57499	2026-06-14
odwyerpr.com	11189	2026-06-12
oedigital.com	17732	2026-06-12
offalyexpress.ie	62753	2026-05-12
offalyindependent.ie	38990	2026-06-14
officer.com	6990	2026-06-14
offshore-energy.biz	10861	2025-01-22
offshore-technology.com	10650	2026-06-12
ofm.co.za	18480	2026-06-14
og979.com	21908	2026-05-15
ohiostandard.com	40110	2026-06-14
ohsonline.com	5119	2026-06-14
oilandgas360.com	17064	2026-06-13
oilcity.news	6882	2025-04-03
oilprice.com	42017	2026-06-14
oilvoice.com	10120	2020-12-14
oireachtas.ie	10136	2026-06-11
ojaivalleynews.com	10937	2026-06-12
ok.co.uk	126195	2026-06-14
okaz.com.sa	8129	2026-06-14
okcfox.com	35008	2026-06-14
okgazette.com	5370	2026-06-11
oklahomacitysun.com	36465	2026-06-14
oklahoman.com	55294	2023-09-11
oklahomastar.com	20560	2026-06-14
okotoksonline.com	14221	2026-06-14
okotokstoday.ca	8948	2023-03-29
oldham-chronicle.co.uk	12669	2026-06-13
oleantimesherald.com	85890	2026-06-14
omaha.com	179312	2026-06-14
omakchronicle.com	14534	2026-06-13
omanobserver.om	35143	2026-06-14
ominecaexpress.com	25621	2026-06-14
on3.com	5021	2026-03-19
onclive.com	16070	2026-01-16
oncologynurseadvisor.com	5907	2026-06-12
onegreenplanet.org	32358	2026-06-12
oneidadispatch.com	34644	2026-06-14
oneindia.com	59301	2026-06-14
onenewsnow.com	10704	2021-08-10
onenewspage.com	286144	2026-06-09
onlineathens.com	9456	2023-09-11
onlinenigeria.com	70549	2025-03-25
onlineopinion.com.au	9113	2026-06-12
onthewater.com	5418	2026-06-12
onthewight.com	16044	2026-06-14
onwardstate.com	12524	2026-06-12
opalesque.com	5321	2026-06-14
opb.org	7713	2026-04-01
opednews.com	8442	2026-06-14
openpr.com	739245	2026-06-14
openthemagazine.com	9379	2026-06-14
opinionnigeria.com	30641	2026-06-14
opportunitiesforafricans.com	10839	2026-06-13
optics.org	8537	2026-03-25
orangeobserver.com	9356	2025-09-10
orangeville.com	6097	2026-06-13
orangevilletoday.ca	7075	2026-06-12
order-order.com	6865	2025-09-01
oregonlive.com	77250	2026-02-23
organiser.org	30772	2026-06-14
origin-businesstoday.intoday.in	40947	2021-06-25
originalfm.com	16807	2025-12-12
orissabarta.com	45115	2026-03-06
orissadiary.com	26645	2026-06-13
orissapost.com	132144	2026-06-14
orlandoecho.com	49015	2026-06-14
orlandosentinel.com	112817	2026-06-14
orlandoweekly.com	14437	2026-06-12
orlytaitzesq.com	26943	2026-06-13
orovillemr.com	13973	2026-06-14
oskaloosa.com	44821	2026-06-13
oskynews.org	6178	2026-06-12
oswegocountynewsnow.com	13017	2026-06-14
oswegocountytoday.com	12238	2026-06-14
ottawa.ctvnews.ca	29397	2025-01-23
ottawacitizen.com	52997	2026-06-14
ottawaherald.com	5736	2026-06-06
ottawasun.com	63960	2026-06-14
ottumwacourier.com	64115	2026-06-14
oudaily.com	6335	2026-06-14
ourmidland.com	73223	2025-12-18
ourtribune.com	5164	2022-10-28
out.com	7357	2026-06-14
outbreaknewstoday.com	7571	2024-04-16
outdoornewsdaily.com	5453	2023-05-06
outerbanksvoice.com	8799	2026-06-14
outinperth.com	5327	2026-06-14
outlookindia.com	129744	2026-06-14
outsidelands.org	6535	2026-06-13
outsideonline.com	10548	2026-06-14
overdrive.in	5908	2026-06-12
overdriveonline.com	6211	2026-05-27
owensoundsuntimes.com	25540	2026-06-14
oxfordmail.co.uk	233044	2026-06-14
oyetimes.com	10746	2026-06-11
packers.com	7596	2026-06-12
packworld.com	8007	2025-12-28
padovanews.it	13376	2026-06-11
paducahsun.com	18670	2026-06-14
pagalguy.com	16430	2026-06-12
pagesix.com	47907	2026-06-14
pagosadailypost.com	7184	2026-06-12
pagosasun.com	12992	2026-06-14
paherald.sk.ca	13703	2026-06-14
pajhwok.com	25700	2026-06-14
pakistanpressfoundation.org	7233	2026-06-09
pakistantelegraph.com	96171	2026-06-14
pakistantoday.com.pk	27440	2026-06-14
pakobserver.net	80717	2026-06-14
palatinate.org.uk	8865	2026-06-14
palestinechronicle.com	8588	2025-08-01
palestineherald.com	10796	2026-06-14
palestinemonitor.org	38912	2026-05-15
palmbeachdailynews.com	7786	2023-09-11
palmbeachpost.com	26187	2023-09-11
palmcoastobserver.com	5119	2023-02-01
palmettobusinessdaily.com	6608	2024-01-26
paloaltoonline.com	18165	2026-06-14
pamplinmedia.com	24300	2022-12-14
panapress.com	23117	2026-05-10
panarmenian.net	23482	2026-06-13
pandct.com	10486	2026-02-15
panow.com	81529	2026-06-14
pantagraph.com	90160	2026-06-14
paperpk.com	13641	2026-06-14
parabolicarc.com	8426	2023-11-29
parade.com	9416	2025-09-12
paradisepost.com	11096	2026-06-14
parents.com	7116	2026-03-17
parisguardian.com	63750	2026-06-14
parisstaronline.com	38436	2026-06-14
parkeschampionpost.com.au	20315	2026-06-12
parking-net.com	6510	2025-03-11
parking.net	10075	2026-06-12
parkrapidsenterprise.com	31013	2026-06-14
parkrecord.com	17639	2026-06-14
parliament.gov.to	20418	2026-06-11
parrysound.com	7023	2026-06-14
parsonssun.com	15476	2026-06-11
pasadenastarnews.com	43754	2026-06-14
pasoroblesdailynews.com	16629	2026-06-13
pastemagazine.com	11004	2026-06-14
patch.com	235960	2026-06-14
patentlyapple.com	6478	2024-07-30
patheos.com	32724	2026-06-14
patriotledger.com	9693	2023-09-11
patriotpost.us	35767	2026-06-14
patriots.com	6263	2026-06-12
pauldavisoncrime.com	8763	2026-06-14
paulickreport.com	26925	2026-02-06
paultan.org	32840	2026-06-14
paysonroundup.com	9913	2026-06-13
pbcommercial.com	7169	2026-04-07
pbn.com	8460	2026-04-18
pbs.org	26079	2026-06-12
pc-tablet.co.in	7418	2025-04-05
pcgamesn.com	29445	2026-06-14
pcmag.com	37844	2026-06-14
pctechmag.com	6078	2026-06-14
pcworld.co.nz	5685	2023-01-27
peacearchnews.com	35235	2026-06-14
peacefmonline.com	145649	2025-01-26
peakoil.com	17125	2026-06-14
peconicpublicbroadcasting.org	6972	2020-06-16
pedestrian.tv	30346	2026-06-14
peeblesshirenews.com	92198	2026-06-14
pehub.com	14640	2026-06-12
pembinavalleyonline.com	24692	2026-06-14
pembrokeobserver.com	37259	2026-06-14
pembroketoday.ca	11332	2026-06-14
penarthtimes.co.uk	114393	2026-06-14
penbaypilot.com	36287	2026-06-14
pendletoday.co.uk	5505	2021-12-13
peninsuladailynews.com	10857	2026-06-14
pennlive.com	108037	2026-03-08
pennrecord.com	13340	2025-05-21
pensacolasjet.com	6114	2026-06-13
pentictonherald.ca	84038	2026-06-14
people.com	58098	2026-02-05
peoplesdailyng.com	33481	2026-04-09
peoplesreview.com.np	5655	2026-06-14
peoplesworld.org	17828	2026-06-12
peoriapublicradio.org	14883	2021-05-05
performancedrive.com.au	13678	2025-07-21
perhamfocus.com	24602	2026-06-14
perishablenews.com	21071	2026-06-14
perrynewspapers.com	5164	2026-06-12
personneltoday.com	8806	2026-06-12
perthnow.com.au	73910	2026-06-14
peterboroughtoday.co.uk	19466	2025-01-23
petoskeynews.com	13149	2023-09-11
pghcitypaper.com	9642	2026-04-25
phandroid.com	17104	2026-06-14
pharmaceuticalonline.com	9509	2026-06-14
pharmacytimes.com	12321	2026-03-25
pharmatimes.com	5463	2026-06-11
pharmiweb.com	39419	2026-06-01
pharostribune.com	19764	2026-06-14
philamirror.info	7659	2026-05-24
philenews.com	17518	2026-06-14
philippinetimes.com	87594	2026-06-14
phillymag.com	6325	2026-06-12
phillytrib.com	40100	2026-06-14
phillyvoice.com	34472	2026-06-14
philstar.com	164183	2026-06-14
phinphanatic.com	5780	2026-06-14
phnompenhpost.com	43868	2026-06-13
phoenixfm.com	6364	2026-06-14
phoenixherald.com	107653	2026-06-14
phoenixnewtimes.com	7623	2026-06-14
phoenixvillenews.com	8403	2021-09-28
phonearena.com	41624	2025-08-21
phoronix.com	9731	2026-06-14
photonics.com	8114	2026-01-03
photonicsonline.com	5344	2026-06-11
phys.org	148868	2026-01-29
physiciansweekly.com	7449	2026-01-06
pikefm.com	9737	2026-06-13
pilotonline.com	67901	2026-06-14
pina.com.fj	20293	2026-06-14
pinchercreekecho.com	8716	2026-06-14
pineandlakes.com	33673	2026-06-14
pineisland-eagle.com	7154	2026-06-13
pinkbike.com	9096	2024-08-26
pinknews.co.uk	20157	2022-11-29
pinkun.com	5191	2025-12-06
pinkvilla.com	220117	2026-06-14
pinstripealley.com	18729	2026-06-14
piquenewsmagazine.com	60540	2025-09-05
pireport.org	10958	2026-06-12
pistonheads.com	5484	2026-06-13
pitchfork.com	17225	2026-06-14
pittsburghmagazine.com	5958	2026-06-14
pittsburghstar.com	112453	2026-06-14
piworld.com	7823	2026-06-12
pix11.com	19492	2025-06-12
pizzamarketplace.com	5375	2026-06-12
pjmedia.com	47017	2026-06-14
pjstar.com	10980	2023-09-11
placenorthwest.co.uk	17006	2026-06-04
plaintalk.net	5529	2026-06-14
planetf1.com	45796	2026-06-14
planetizen.com	14972	2025-07-30
planetprinceton.com	10480	2026-06-14
plansponsor.com	6269	2026-06-13
plasticsnews.com	9513	2026-04-29
playbill.com	23661	2026-06-14
playstationlifestyle.net	15942	2026-06-12
pleasantonweekly.com	12077	2026-06-14
plos.org	5906	2026-06-12
pluggedin.com	5357	2026-06-13
plymouthherald.co.uk	102015	2026-06-14
pmlive.com	9953	2026-06-12
pmnewsnigeria.com	51736	2026-06-14
pna.gov.ph	7058	2026-03-08
pnj.com	13200	2023-09-11
poandpo.com	22819	2025-05-09
pocket-lint.com	26101	2026-06-14
pocketgamer.com	7255	2026-06-13
pocketnow.com	11447	2025-09-04
poconorecord.com	7358	2023-09-11
pokernews.com	32772	2026-06-14
polandsun.com	5706	2023-12-21
police1.com	7367	2026-06-14
polishforums.com	9688	2026-06-13
politicaldog101.com	30015	2026-06-14
politicalwire.com	54131	2026-06-14
politico.com	67856	2025-11-05
politico.eu	40616	2026-06-14
politics.co.uk	8794	2026-06-11
politicsweb.co.za	10060	2026-06-14
politicususa.com	7324	2026-02-28
politifact.com	12695	2026-06-12
polity.org.za	34059	2025-01-23
polkio.com	18493	2026-06-13
polygon.com	34742	2026-06-14
poncacitynews.com	9774	2026-06-13
pontefractandcastlefordexpress.co.uk	5456	2021-12-14
popcrush.com	17935	2026-06-14
popmatters.com	6121	2025-10-29
popsci.com	12283	2026-06-14
popsugar.com	64998	2026-06-12
popsugar.com.au	14474	2025-05-08
popularmechanics.com	14572	2026-06-13
portageonline.com	26274	2026-06-14
portcitydaily.com	15448	2026-06-14
portclintonnewsherald.com	6288	2023-09-11
portfolio-adviser.com	7086	2026-06-11
portlandmercury.com	11859	2026-06-13
portlandtribune.com	8397	2026-06-13
portnews.com.au	62136	2026-06-14
portsmouth-dailytimes.com	7588	2026-06-12
portsmouth.co.uk	25284	2025-01-23
portstephensexaminer.com.au	55931	2026-06-14
positivelyfilipino.com	5977	2026-06-10
post-journal.com	23924	2026-06-14
postandcourier.com	120520	2026-06-14
postbulletin.com	61821	2026-06-14
postcourier.com.pg	41960	2026-06-14
postcrescent.com	12995	2023-09-11
postindependent.com	14023	2026-06-13
postnewsgroup.com	6382	2026-06-10
postonline.co.uk	8927	2026-06-12
postregister.com	67271	2026-06-14
poststar.com	66096	2026-06-14
potchefstroomherald.co.za	10484	2023-10-04
potomaclocal.com	14086	2026-06-14
pottsmerc.com	49202	2026-06-14
poughkeepsiejournal.com	7141	2023-09-11
poundingtherock.com	8721	2026-06-14
powderbulksolids.com	7524	2026-06-12
powelltribune.com	17907	2026-06-14
power-technology.com	11418	2026-06-12
power103.com	8121	2026-06-13
power1057.com	7317	2026-06-13
power1069fm.com	22104	2026-06-13
power923.com	6249	2026-06-11
power959.com	19471	2026-06-14
power965.com	6877	2025-01-27
power96radio.com	49931	2026-06-14
power98fm.com	23118	2026-06-14
powermag.com	6054	2026-06-12
powerorlando.com	7449	2026-06-14
powerpage.org	7064	2026-01-18
pqbnews.com	31107	2026-06-14
pr-inside.com	172328	2026-06-14
pr.com	16498	2026-06-14
pragativadi.com	51610	2026-06-14
prairiepublic.org	41638	2026-06-14
praise933.com	5194	2024-04-28
pratttribune.com	5184	2023-09-12
predominantlyorange.com	7558	2026-06-14
premierchristianradio.com	11066	2023-06-07
premiumbeautynews.com	5867	2026-06-13
premiumtimesng.com	107421	2026-06-14
press-citizen.com	9004	2023-09-11
pressandguide.com	17310	2025-11-04
pressandjournal.co.uk	196721	2025-05-27
pressconnects.com	6069	2023-09-11
pressdemocrat.com	29046	2026-06-14
pressenterpriseonline.com	87096	2026-01-28
pressenza.com	12006	2026-06-14
pressgazette.co.uk	7169	2026-06-12
pressherald.com	130741	2026-06-14
pressofatlanticcity.com	82554	2026-06-14
pressparty.com	8869	2026-01-02
presspublications.com	6398	2026-06-11
presspubs.com	7507	2026-06-14
pressreleasepoint.com	60532	2026-06-14
pressrepublican.com	19806	2026-06-14
presstelegram.com	44410	2026-06-14
presstv.com	18559	2021-06-22
presstv.ir	64207	2026-06-14
prestigeonline.com	8802	2026-06-12
prestwichandwhitefieldguide.co.uk	18621	2023-03-07
prevention.com	11348	2026-06-14
prima.co.uk	8449	2026-06-13
primepublishers.com	5132	2026-06-12
princegeorgecitizen.com	137171	2025-09-05
princeton.edu	9032	2026-06-14
princetonol.com	11084	2026-06-14
printingnews.com	8737	2022-11-18
printweek.com	9505	2026-05-29
printweek.in	8590	2026-06-14
prleap.com	9431	2026-06-14
prnewswire.co.uk	14740	2026-06-11
prnewswire.com	1277240	2026-06-14
proactiveinvestors.co.uk	59590	2026-06-13
proactiveinvestors.com	62039	2026-06-13
proactiveinvestors.com.au	33348	2026-06-14
probuilder.com	7395	2026-06-12
producer.com	14827	2025-05-22
professionaladviser.com	13332	2026-06-12
professionalpensions.com	10688	2026-06-12
progress-index.com	6209	2023-09-11
progressive-charlestown.com	19739	2026-06-14
progressivegrocer.com	7553	2025-09-09
progressiverailroading.com	10229	2026-06-13
projectnoah.org	19418	2026-06-09
prokerala.com	613438	2026-06-14
prolificnorth.co.uk	21170	2026-06-12
promptnewsonline.com	36940	2026-06-14
propakistani.pk	81174	2026-06-14
propertyweek.com	27027	2026-06-12
propublica.org	5333	2026-06-12
prospectmagazine.co.uk	8029	2026-06-13
providencejournal.com	22218	2023-09-11
prowrestling.net	17746	2026-06-14
prpeak.com	86658	2025-09-05
prrecordgazette.com	12472	2026-06-14
prunderground.com	11742	2026-06-14
prweb.com	172480	2026-06-12
prweek.com	13424	2026-06-12
psu.com	7048	2025-06-06
psu.edu	24795	2026-06-12
psychcentral.com	5022	2024-10-01
psychiatryadvisor.com	8434	2026-06-12
ptinews.com	297015	2024-03-31
ptleader.com	6814	2026-06-14
publicnewsservice.org	19341	2025-08-20
publicnow.com	17005	2022-09-16
publicradioeast.org	51732	2026-06-14
publicradiotulsa.org	54521	2026-06-14
publishersweekly.com	20394	2026-06-13
pullmanradio.com	13071	2026-06-14
pulse.com.gh	49036	2026-03-19
pulse.ng	86874	2026-03-18
punchjump.com	11113	2026-06-13
punchng.com	281696	2026-06-14
punknews.org	8972	2026-06-14
punto.com.ph	8388	2026-06-14
purdueexponent.org	36360	2026-06-14
purerock96.com	9160	2026-06-13
purplerow.com	5678	2026-06-14
pushsquare.com	28667	2026-06-14
pv-magazine.com	18465	2026-06-04
pv-tech.org	13121	2026-06-12
pvvt.com	5635	2026-06-12
pwcs.edu	10390	2022-08-01
pymnts.com	22077	2026-06-14
q102.ie	16789	2026-06-14
q105.fm	6326	2026-06-13
q1057.com	9557	2026-06-12
q1061.com	7965	2026-06-13
q1065.fm	23371	2026-06-14
q106dot5.com	21377	2026-06-11
q106fm.com	8165	2026-06-12
q107.com	20357	2026-06-12
q1077.com	24356	2026-06-13
q107fm.ca	6514	2020-06-10
q108.com	7747	2026-06-13
q13fox.com	32112	2023-04-18
q93fm.com	14268	2026-06-14
q957.com	18815	2025-10-31
q95fm.net	8595	2026-06-10
q961.com	23232	2026-06-14
q985online.com	36781	2026-06-14
q98fm.com	6674	2026-06-13
qatar-tribune.com	32369	2026-06-14
qatarliving.com	7944	2026-06-14
qchron.com	12800	2026-06-12
qconline.com	69893	2026-06-14
qctimes.com	95879	2026-06-14
qns.com	11530	2026-06-14
qsrmagazine.com	6347	2026-02-19
qsrweb.com	6827	2026-06-12
qt.com.au	56636	2021-06-23
quadcitiesdaily.com	21617	2026-01-02
queanbeyanage.com.au	66119	2026-06-14
queenslandcountrylife.com.au	49102	2026-06-14
queerty.com	6570	2026-06-14
quesnelobserver.com	28712	2026-06-14
quickcountry.com	47034	2026-06-14
quicknews-africa.net	35344	2026-06-13
quickworldnews.com	19319	2021-10-16
quintenews.com	26720	2026-06-14
qvc.com	58896	2026-06-14
qxmagazine.com	25588	2026-06-14
qz.com	34087	2026-04-13
racer.com	13748	2026-01-08
radaronline.com	31268	2026-06-14
radio.com	43725	2025-12-15
radio.gov.pk	55926	2026-06-14
radiocayman.gov.ky	7849	2026-06-14
radioinfo.com.au	6174	2025-01-22
radioink.com	14493	2026-06-12
radiojamaicanewsonline.com	29640	2026-06-14
radiokerry.ie	23869	2026-06-14
radiotamazuj.org	12490	2026-06-14
radiotimes.com	38880	2026-06-14
radiotoday.co.uk	5604	2026-06-13
radiotoday.com.au	8181	2025-06-14
radiousa.com	8166	2026-06-11
radiox.co.uk	6652	2026-06-12
radyonatin.com	11629	2025-10-03
rafu.com	5186	2026-06-12
ragtrader.com.au	7437	2026-06-12
railpage.com.au	73388	2023-10-15
railway-technology.com	5663	2026-06-11
railwayage.com	8580	2026-01-31
railwaygazette.com	10577	2026-06-14
rap-up.com	9390	2026-02-07
rapidcityjournal.com	58524	2026-06-14
rapidtvnews.com	6195	2026-02-17
rappler.com	82316	2026-06-14
rappnews.com	9363	2026-06-14
rapsinews.com	6019	2025-12-09
rasmussenreports.com	7587	2026-06-13
ravallirepublic.com	53616	2026-06-14
rawstory.com	59310	2026-06-14
rbj.net	12065	2026-06-04
rbth.com	6270	2026-06-08
rcreader.com	7568	2026-06-14
rcrwireless.com	8252	2026-06-13
reachfm.ca	13597	2026-01-01
readingchronicle.co.uk	134446	2026-06-14
readingeagle.com	56143	2026-06-14
readmedia.com	31458	2026-06-13
readwrite.com	6433	2024-10-10
realclearpolitics.com	31789	2026-05-17
realestate.com.au	13615	2026-06-14
realestatebusiness.com.au	8597	2026-06-14
realgeni.com	32458	2025-04-16
realitytea.com	39918	2026-06-14
realitytvworld.com	35497	2026-06-14
reason.com	14875	2026-06-14
record-bee.com	10169	2026-06-13
record-eagle.com	79730	2026-06-14
recordcourier.com	10467	2025-09-04
recorder.ca	46543	2026-06-14
recorder.com	34160	2026-06-14
recordernews.com	6816	2023-10-26
recorderonline.com	51395	2026-06-14
recordnet.com	9191	2023-09-11
recordonline.com	10835	2023-09-11
redandblack.com	9876	2026-06-14
redbluffdailynews.com	12115	2026-06-14
reddeeradvocate.com	21022	2026-06-14
redding.com	5466	2023-09-11
redditchadvertiser.co.uk	107802	2026-06-14
redditchstandard.co.uk	14392	2026-06-14
redfm.ie	11575	2026-06-14
rediff.com	79916	2026-06-14
redlandcitybulletin.com.au	62141	2026-06-14
redlandsdailyfacts.com	42187	2026-06-14
redriverradio.org	55583	2026-06-14
redstate.com	73150	2026-06-14
redwatch.org.au	11592	2026-06-14
reflector.com	98375	2026-06-14
reformer.com	46612	2026-06-14
regina.ctvnews.ca	15942	2025-04-08
register-herald.com	60894	2026-06-14
registercitizen.com	111574	2026-04-21
registerguard.com	9843	2023-09-10
registerherald.com	6606	2025-09-17
rejournals.com	8752	2025-07-14
rekordeast.co.za	10868	2021-02-24
relevantmagazine.com	8276	2026-06-13
relevantradio.com	9361	2026-06-04
reliefweb.int	163718	2026-03-28
religionnews.com	16491	2026-06-13
relish.com	7027	2026-06-14
relix.com	6110	2026-06-14
renalandurologynews.com	7816	2026-06-12
renewableenergymagazine.com	9955	2026-06-12
renews.biz	22747	2025-01-23
renfrewtoday.ca	11414	2026-06-14
rep-am.com	52992	2025-02-04
repeatingislands.com	6917	2026-06-14
reporter.net	18158	2026-06-13
reporterherald.com	35735	2026-06-14
reporternews.com	9509	2023-09-11
republicaneagle.com	5555	2026-06-12
republicanherald.com	43976	2026-06-14
republicworld.com	41980	2026-03-17
republikein.com.na	6082	2026-06-12
rescue.org	5784	2026-06-11
reseller.co.nz	14408	2026-06-12
resilience.org	5273	2026-06-12
respect-mag.com	5645	2026-06-11
restaurantmagazine.com	13409	2026-06-13
restaurantnews.com	13348	2026-06-13
restaurantnewsrelease.com	13089	2026-06-13
restaurantonline.co.uk	5722	2026-06-12
restonnow.com	6591	2024-05-17
retaildetail.eu	6884	2026-06-12
retaildive.com	12220	2026-06-12
retailtimes.co.uk	17746	2026-06-13
revengeofthebirds.com	6858	2026-06-14
reverb.com	6060	2022-05-04
reviewjournal.com	37523	2026-06-14
reviewonline.com	18006	2026-06-14
reviewtimes.com	6175	2020-06-10
revolutionradio.org	7537	2025-09-24
revolvermag.com	6193	2025-01-22
rewind943.com	9553	2026-06-12
rexburgstandardjournal.com	7069	2026-06-14
rfa.org	13471	2026-06-11
rfdtv.com	24556	2026-06-14
rferl.org	45556	2026-06-14
rfglobalnet.com	5324	2026-06-11
rfi.fr	62511	2026-06-13
rgj.com	9002	2023-09-11
rheaheraldnews.com	8498	2026-06-13
rheinpfalz.de	6895	2020-11-26
rhyljournal.co.uk	111325	2026-06-14
ricentral.com	6499	2026-06-12
richlandsource.com	28271	2026-06-14
richmond-news.com	74966	2025-09-05
richmond.com	91061	2026-06-13
richmondandtwickenhamtimes.co.uk	109882	2026-06-14
richmondbizsense.com	7176	2026-06-12
richmondfreepress.com	7220	2026-02-12
richmondregister.com	27314	2026-06-14
ricochet.com	33598	2025-06-14
ridgecrestca.com	9024	2026-06-12
riggosrag.com	6428	2026-06-14
rightspeak.net	12018	2026-06-14
rigzone.com	30391	2026-06-14
ringsidereport.com	6005	2026-06-14
riotimesonline.com	38806	2026-06-14
riponadvance.com	8242	2026-06-12
riponpress.com	7582	2026-06-14
ripplesnigeria.com	10801	2026-02-09
risingapple.com	5465	2026-06-14
risingbd.com	7134	2023-02-02
risingkashmir.com	6154	2025-07-25
risk.net	7742	2026-06-12
rismedia.com	14607	2026-06-12
rivals.com	5169	2025-06-14
river1037.com	15273	2026-06-12
river967.com	22165	2026-06-12
riverbender.com	7579	2025-01-23
riverfronttimes.com	8051	2025-08-16
rivergrandrapids.com	31222	2026-06-13
rivernewsonline.com	14904	2026-06-12
riviera-maya-news.com	11459	2026-06-14
rnanews.com	6400	2026-06-13
rnz.co.nz	154882	2026-06-14
road.cc	9983	2026-06-14
roadandtrack.com	11899	2026-06-14
roadsafety.co.za	10292	2026-06-14
roanoke.com	77135	2026-06-12
roarmag.org	17685	2026-06-14
robbreport.com	16055	2026-06-14
robesonian.com	5459	2026-06-14
roboticstomorrow.com	7440	2026-06-12
rochdaleonline.co.uk	11368	2025-11-25
rochestercitynewspaper.com	5405	2023-03-06
rock101.com	10977	2026-06-08
rock1015.com	5826	2026-06-12
rock107.com	9969	2026-06-13
rock937online.com	24042	2025-03-27
rock947.com	9740	2022-11-22
rock967online.com	20832	2026-06-14
rockdalenewtoncitizen.com	71366	2026-06-14
rockpapershotgun.com	19668	2026-06-14
rockymounttelegram.com	60254	2026-06-14
rockytopinsider.com	7670	2026-06-14
rogerebert.com	23518	2026-01-29
rollcall.com	11244	2026-06-12
rollingout.com	36521	2025-12-23
rollingstone.com	53657	2026-06-14
rollingstoneindia.com	6100	2026-06-12
romania-insider.com	15171	2026-06-14
romaniapress.com	65586	2026-06-14
romesentinel.com	13297	2026-06-14
romfordrecorder.co.uk	48845	2026-06-14
romseyadvertiser.co.uk	52579	2024-10-26
roscommonherald.ie	51011	2026-06-14
ross-shirejournal.co.uk	51792	2026-06-14
rosslandtelegraph.com	5742	2026-06-12
rotherhamadvertiser.co.uk	7306	2025-01-23
rotowire.com	11181	2026-06-14
roundupweb.com	5240	2026-06-09
routesonline.com	12854	2026-06-12
royalcentral.co.uk	13621	2026-06-14
royalgazette.com	53403	2026-06-14
royalsreview.com	7790	2026-06-14
royston-crow.co.uk	29913	2026-06-14
rozanaspokesman.com	12594	2026-06-13
rrdailyherald.com	23488	2026-06-14
rri.ro	9621	2026-06-14
rrobserver.com	6294	2026-06-12
rrr.org.au	24689	2026-06-14
rrstar.com	9459	2023-09-11
rsn.net.au	10911	2026-06-14
rstreet.org	8253	2026-06-14
rt.com	14314	2026-06-14
rte.ie	175634	2026-06-14
rthk.hk	11691	2026-06-14
rtoinsider.com	5563	2026-06-14
rtrfm.com.au	6022	2026-06-11
rttnews.com	123201	2026-06-14
runcornandwidnesworld.co.uk	89024	2026-06-14
runnersworld.com	9864	2026-06-14
runningmagazine.ca	6189	2026-06-14
runwaygirlnetwork.com	5635	2026-03-31
rushlane.com	8370	2026-06-14
russiaherald.com	128314	2026-06-14
russianmachineneverbreaks.com	7242	2026-06-14
russianradio7.com	8075	2025-01-20
rustourismnews.com	5307	2026-06-13
ruthfullyyours.com	25397	2026-06-08
rutland-times.co.uk	10399	2026-06-14
rutlandherald.com	40277	2026-06-14
rvasia.org	8069	2026-06-14
ryeandbattleobserver.co.uk	5120	2022-02-09
sabcnews.com	8897	2026-03-19
sacobserver.com	7011	2026-05-28
sacurrent.com	16381	2026-06-14
safc.com	10896	2024-07-16
saharareporters.com	97917	2026-06-14
sahilonline.org	11519	2026-06-14
sail-world.com	20954	2026-06-14
sailingscuttlebutt.com	8638	2026-06-14
saipantribune.com	7237	2025-05-29
sakshi.com	36429	2025-06-05
sakshipost.com	31744	2026-06-14
salemnews.com	29207	2026-06-14
salemnews.net	16782	2026-06-13
salina.com	9487	2023-09-10
salinapost.com	29663	2026-06-14
salisburyjournal.co.uk	118516	2026-06-14
salon.com	32342	2026-06-14
saltlakecitysun.com	144852	2026-06-14
saltwire.com	80044	2026-06-14
samaa.tv	57690	2026-06-14
sammobile.com	25756	2026-06-14
samoanews.com	5507	2026-06-12
samoaobserver.ws	8540	2026-06-14
sana.sy	26226	2026-06-14
sanangelolive.com	27415	2026-06-14
sanantoniopost.com	60335	2026-06-14
sandiegoreader.com	13139	2025-08-22
sandiegosun.com	175903	2026-06-14
sandiegouniontribune.com	209535	2026-06-14
sanews.gov.za	12975	2026-06-14
sanfordherald.com	51427	2026-06-14
sanilacbroadcasting.com	5339	2025-01-09
sanjuanjournal.com	5539	2026-06-14
sanmarcosrecord.com	10883	2026-06-13
santabanta.com	6960	2026-06-13
santacruzsentinel.com	20803	2026-06-14
santafenewmexican.com	61514	2026-06-14
santamariasun.com	5221	2026-06-11
santamariatimes.com	91486	2026-06-14
saobserver.net	43718	2026-06-14
saps.gov.za	37740	2025-11-19
sarajevotimes.com	5933	2026-03-02
saratogian.com	37343	2026-06-14
sarniathisweek.com	35616	2026-01-20
saskatoon.ctvnews.ca	14577	2025-01-22
satellitetoday.com	7135	2026-06-14
satnews.com	14232	2026-06-14
saudigazette.com.sa	54271	2026-03-18
saukvalley.com	7863	2020-12-17
saultstar.com	56195	2026-06-14
saultthisweek.com	48569	2026-06-14
savannahnow.com	16081	2023-09-11
savejersey.com	5982	2026-06-14
savingadvice.com	5717	2026-06-14
sb.by	18092	2026-06-12
sbcnews.co.uk	7219	2024-12-05
sbnation.com	46150	2026-06-14
sbs.com.au	82447	2026-06-14
sbsun.com	42765	2026-06-14
sbwire.com	16543	2022-01-13
scallywagandvagabond.com	8877	2026-06-12
scdailypress.com	7072	2023-01-30
schoolsweek.co.uk	7182	2026-06-13
schroders.com	5010	2024-02-09
science.org	5028	2024-04-24
science20.com	6090	2026-06-14
sciencealert.com	18262	2026-06-14
scienceblogs.com	14419	2026-06-14
sciencebusiness.net	9408	2026-02-09
sciencemag.org	12882	2021-10-07
sciencenews.org	5325	2026-06-12
scientificamerican.com	13769	2026-06-14
scmagazine.com	10578	2024-09-25
scmp.com	153526	2026-06-14
scnow.com	44739	2026-06-14
sconeadvocate.com.au	67700	2026-06-14
scoop.co.nz	272989	2026-06-14
scotsman.com	80113	2025-01-23
scottishconstructionnow.com	6538	2026-06-12
scottishhousingnews.com	6618	2026-06-12
scottishlegal.com	5878	2026-06-12
scpr.org	7524	2024-02-29
screencrush.com	10059	2026-06-12
screendaily.com	27103	2025-09-05
screenrant.com	198418	2026-06-14
scrippsnews.com	14231	2026-03-19
scroll.in	54724	2026-06-14
sctimes.com	6903	2023-09-10
scvnews.com	21000	2026-06-14
sdcexec.com	8119	2025-12-28
sdjewishworld.com	6179	2026-06-14
sdpb.org	14334	2026-06-14
se933.com	20084	2026-06-13
seacoastonline.com	17956	2024-10-24
seafoodsource.com	6470	2025-01-23
seaforthhuronexpositor.com	21894	2026-06-14
seahawks.com	6168	2026-06-12
searchenginejournal.com	6117	2026-06-14
searchlight.vc	22631	2026-06-12
seasideradio.co.uk	13465	2026-06-12
seatrade-maritime.com	9491	2025-01-09
seattlepi.com	165051	2025-11-18
seattletimes.com	69345	2026-06-14
securityinfowatch.com	9451	2026-06-13
sedaliademocrat.com	11551	2026-06-13
seekingalpha.com	138470	2026-06-14
seenews.com	23417	2025-11-19
segmentnext.com	12742	2025-07-30
seguingazette.com	7007	2026-06-13
seguintoday.com	5033	2026-06-12
sej.org	14500	2026-06-12
selectscience.net	14367	2026-06-13
semissourian.com	14443	2026-06-14
sen.com.au	17190	2024-11-11
senate.gov.ph	10256	2025-08-20
seneweb.com	81744	2026-04-30
sent-trib.com	33170	2025-09-17
sentinel-standard.com	6658	2023-09-09
sentinelandenterprise.com	18914	2026-06-14
sentinelassam.com	77731	2026-06-14
sentinelsource.com	22605	2025-02-13
sequimgazette.com	5946	2026-06-14
serbian.cri.cn	9572	2026-06-14
setexasrecord.com	13902	2025-05-21
sevendaysvt.com	19466	2026-06-13
seychellesnewsagency.com	7022	2026-02-17
sfchronicle.com	86527	2025-11-18
sfexaminer.com	15153	2026-06-14
sfist.com	15689	2026-06-14
sflcn.com	6330	2026-06-04
sfstation.com	9255	2026-06-14
sgvtribune.com	44995	2026-06-14
shabait.com	5136	2026-06-14
shacknews.com	29507	2026-06-13
shafaqna.com	37287	2026-06-14
shanghainews.net	84363	2026-06-14
shanghaisun.com	151827	2026-06-14
shankennewsdaily.com	7080	2026-06-12
shannonside.ie	27877	2026-06-14
sharecast.com	18144	2026-03-26
sharechat.co.nz	5571	2026-06-11
sharenet.co.za	15868	2026-06-14
shark1053.com	22130	2026-06-14
sharonherald.com	24038	2026-06-14
sheboyganpress.com	9278	2023-09-11
shekicks.net	6325	2026-06-13
sheknows.com	27455	2026-06-14
shelbystar.com	6592	2023-09-11
sheltonherald.com	53654	2025-11-18
shephardmedia.com	8346	2026-06-14
sheppnews.com.au	6976	2025-10-15
sheridanmedia.com	21703	2026-06-14
sherwoodparknews.com	16206	2026-06-14
shetlandtimes.co.uk	7663	2026-06-14
shetnews.co.uk	15919	2026-06-14
shieldsgazette.com	12833	2025-01-23
shine.cn	8014	2025-06-14
shipandbunker.com	16644	2026-06-13
shipnc.com	8386	2026-06-12
shippingtribune.com	5681	2026-06-13
shockya.com	5641	2026-06-12
shorehamherald.co.uk	6130	2022-02-09
shorelinebeacon.com	22588	2026-06-14
shorelinemedia.net	22760	2026-06-14
shorenewsnetwork.com	18724	2026-03-12
shortlist.com	6426	2026-06-12
showbiz411.com	5795	2026-06-14
shreveporttimes.com	9564	2023-09-11
shropshirelive.com	11169	2026-06-14
shropshirestar.com	67852	2026-03-26
si.com	249769	2026-06-14
siasat.com	157918	2026-06-14
sidneydailynews.com	17900	2025-09-17
sidneyherald.com	11514	2026-06-14
sierraleonetimes.com	67343	2026-06-14
sierrawave.net	5981	2026-06-12
sify.com	65969	2026-06-14
signalscv.com	21212	2026-06-14
siliconangle.com	18140	2026-06-14
siliconera.com	19176	2026-06-14
siliconindia.com	22180	2026-06-13
siliconrepublic.com	19524	2026-06-13
siliconvalley.com	14144	2026-06-14
silive.com	59235	2026-02-23
silverandblackpride.com	15046	2026-06-14
silverbirdtv.com	7933	2026-06-14
simcoe.com	13159	2026-06-14
simcoereformer.ca	47724	2026-06-14
sina.com	68991	2025-01-09
sina.com.hk	29063	2026-06-14
singaporestar.com	73714	2026-06-14
singersroom.com	16167	2026-06-14
singletonargus.com.au	71882	2026-06-14
siouxcityjournal.com	261113	2026-06-14
siouxlandnews.com	7749	2026-06-14
sis.gov.eg	9722	2025-11-14
siskiyoudaily.com	5408	2023-09-11
sitkasentinel.com	30247	2026-06-14
sj-r.com	11627	2023-09-11
skift.com	17562	2026-06-13
sknvibes.com	12686	2026-06-14
skopjediem.com	6286	2026-06-13
skymetweather.com	6123	2026-06-13
skynews.com.au	71803	2026-06-14
slamonline.com	5481	2025-09-10
slashdot.org	5538	2024-09-09
slashfilm.com	41239	2026-06-14
slashgear.com	54732	2026-06-14
slate.com	41371	2026-06-14
sleepreviewmag.com	5114	2026-06-13
slguardian.org	22481	2026-06-14
slippedisc.com	6746	2026-06-14
slotocash.im	6832	2023-11-30
sloughobserver.co.uk	110713	2026-06-14
sloveniatimes.com	12811	2025-11-18
sltrib.com	30089	2026-06-14
slugmag.com	5023	2026-06-14
smallbiztrends.com	12454	2026-06-14
smallwarsjournal.com	6274	2026-06-04
smartcanucks.ca	13115	2026-06-14
smartcompany.com.au	9710	2026-06-12
smartpropertyinvestment.com.au	6021	2026-06-14
smdailyjournal.com	135951	2026-06-14
smdp.com	12081	2026-06-14
smh.com.au	262017	2026-06-14
smithsonianmag.com	5366	2026-06-11
smn-news.com	15336	2026-06-14
smnewsnet.com	11006	2026-03-23
smokymountainnews.com	8894	2026-06-10
snntv.com	12417	2024-07-01
snopes.com	13727	2026-03-19
so-co-it.com	5986	2026-06-11
soapoperadigest.com	5959	2026-06-13
socaltech.com	5712	2025-12-24
socialistparty.org.uk	5103	2025-01-22
socialmediatoday.com	12522	2026-06-12
sofiaglobe.com	9358	2026-06-14
sofrep.com	14334	2026-04-18
softpedia.com	5650	2024-12-01
softrock941.com	5118	2023-02-13
soglos.com	5849	2026-06-14
sojo1049.com	41216	2026-06-14
solomonstarnews.com	9202	2026-04-30
somdnews.com	19798	2026-06-14
somerset-kentucky.com	30590	2026-06-13
somersetcountygazette.co.uk	185763	2026-06-14
somersetlive.co.uk	93062	2026-06-14
sooeveningnews.com	5730	2023-09-09
sookenewsmirror.com	37347	2026-06-14
soompi.com	32633	2026-06-14
sott.net	71848	2026-06-14
sounderatheart.com	7261	2026-06-14
soundonsound.com	25346	2026-06-14
southbendtribune.com	14724	2023-09-11
southcarolinapublicradio.org	74887	2026-06-14
southcoastregister.com.au	49557	2026-06-14
southcoasttoday.com	12183	2025-05-13
southdadenewsleader.com	8740	2026-06-14
southeastagnet.com	6055	2026-06-13
southeastasiapost.com	97290	2026-06-14
southeastradio.ie	8111	2026-06-13
southeastsun.com	5753	2025-01-17
southernhighlandnews.com.au	61195	2026-06-14
southernliving.com	11781	2026-03-17
southernminn.com	89905	2026-06-14
southernstandard.com	5879	2025-07-19
southernstar.ie	12369	2026-06-14
southgatearc.org	6902	2022-10-08
southpeacenews.com	8122	2026-06-14
southtahoenow.com	53938	2026-06-14
southwalesargus.co.uk	187995	2026-06-14
southwalesguardian.co.uk	92787	2026-06-14
southwhidbeyrecord.com	5800	2026-06-13
sowetanlive.co.za	56173	2025-10-16
soyacincau.com	15646	2026-06-14
space.com	23134	2026-06-14
spacecoastdaily.com	11813	2026-06-14
spacedaily.com	19650	2026-06-14
spacewar.com	31400	2026-06-14
spaldingtoday.co.uk	8426	2023-12-04
spanishvida.com	5190	2026-06-14
spartaindependent.com	5316	2026-06-12
spectator.co.uk	41838	2025-12-16
spectator.org	8241	2026-06-14
spectator.sme.sk	10290	2026-02-18
spectrummagazine.org	5950	2024-10-24
spectrumnews1.com	7443	2026-02-12
speedcafe.com	31449	2026-06-14
speedwaymedia.com	15641	2026-06-14
spencerdailyreporter.com	5393	2026-06-12
spiked-online.com	6614	2026-06-14
spin.com	7322	2026-03-12
spin1038.com	7401	2026-06-12
spoilertv.com	27598	2026-06-14
spokanepublicradio.org	62435	2026-06-14
spokesman.com	56874	2026-06-14
sportsnet.ca	5652	2022-01-17
spotlightnepal.com	7675	2026-06-14
spotrac.com	56569	2026-06-14
springfieldnewssun.com	53411	2026-06-14
sprucegroveexaminer.com	16103	2026-06-14
sputnikglobe.com	34345	2026-06-14
sputniknews.com	115856	2023-04-05
squamishchief.com	72879	2025-09-05
squatchrocks.com	43414	2026-06-14
srilankamirror.com	13489	2026-06-14
srilankasource.com	95392	2026-06-14
srpressgazette.com	6286	2026-06-14
ssuchronicle.com	20914	2020-04-15
stabroeknews.com	84877	2026-03-26
staffingindustry.com	7493	2024-12-01
stalbansreview.co.uk	82873	2025-12-09
stalbertgazette.com	58824	2025-09-05
stamfordadvocate.com	157056	2025-06-12
stamfordmercury.co.uk	8132	2023-12-04
stampedeblue.com	9980	2026-06-13
standard-freeholder.com	42175	2026-06-14
standard-journal.com	65908	2026-06-14
standard.co.uk	203527	2026-06-14
standard.net	17463	2026-06-14
standard.net.au	74760	2026-06-14
standardbredcanada.ca	33696	2026-06-14
standardmedia.co.ke	189069	2026-06-14
standardspeaker.com	46033	2026-06-14
stanforddaily.com	6348	2026-06-09
star945.com	7524	2026-06-14
star967.net	13534	2026-03-20
star98.net	10015	2026-06-13
staradvertiser.com	51291	2026-06-14
starbeacon.com	28183	2026-06-14
starcommunity.com.au	9165	2026-04-29
starcourier.com	5441	2023-09-10
stardem.com	31591	2026-06-14
stargazette.com	5321	2023-09-11
starherald.com	50421	2026-06-14
starkvilledailynews.com	5581	2026-06-13
starlocalmedia.com	58439	2026-06-14
starmometer.com	9202	2026-06-08
starnewsonline.com	11634	2023-09-11
starobserver.com.au	8099	2026-06-14
starofmysore.com	33408	2026-06-14
starradiovegas.com	5978	2022-06-24
startribune.com	263272	2026-06-11
starweekly.com.au	25547	2026-03-02
state.gov	15125	2026-06-14
statecollege.com	13343	2026-06-14
statenews.com	8975	2026-06-14
stateofreform.com	5750	2026-03-27
statesboroherald.com	8579	2026-06-14
statesman.com	34154	2026-03-25
statesmanjournal.com	9447	2023-09-11
statesville.com	47947	2026-06-14
staugustine.com	10411	2023-09-11
stawelltimes.com.au	30149	2026-06-13
stcatharinesstandard.ca	101947	2026-06-14
steelers.com	6494	2026-06-14
steinbachonline.com	24040	2026-06-14
stellar.ie	10375	2026-06-12
stereoboard.com	19903	2026-06-14
stereogum.com	19544	2026-06-14
stettlerindependent.com	11526	2026-06-13
stevenspointjournal.com	8837	2023-09-11
stevivor.com	5963	2026-06-11
stgeorgeutah.com	23446	2026-06-14
sthelensstar.co.uk	134280	2026-06-14
stiripesurse.ro	37731	2026-06-14
stlamerican.com	17678	2026-06-14
stlouisstar.com	94224	2026-06-14
stlpublicradio.org	8721	2023-09-01
stltoday.com	241831	2026-06-14
stock-world.de	6893	2024-12-30
stockandland.com.au	38629	2026-06-14
stockhouse.com	7742	2026-06-14
stockjournal.com.au	38979	2026-06-14
stockmarketwire.com	21652	2022-02-23
stokesentinel.co.uk	100015	2026-06-14
stornowaygazette.co.uk	7135	2025-01-23
stourbridgenews.co.uk	141607	2026-06-14
straight.com	16484	2026-06-14
straitstimes.com	194328	2026-06-14
strategypage.com	10365	2026-06-14
stratford-herald.com	17741	2026-06-14
stratfordbeaconherald.com	39335	2026-06-14
stratfordobserver.co.uk	9522	2026-06-14
strathroyagedispatch.com	35086	2026-01-25
strathroytoday.ca	8292	2026-06-12
streetinsider.com	368521	2024-12-02
streetsblog.org	8936	2026-06-13
stripes.com	96611	2026-06-14
stroudnewsandjournal.co.uk	116118	2026-06-14
stthomastimesjournal.com	39963	2026-06-14
stthomastoday.ca	8928	2026-06-14
stuff.co.nz	290589	2024-01-16
stuff.tv	7672	2026-06-13
stupiddope.com	18434	2025-10-20
sturgisjournal.com	6692	2023-09-11
stuttgartdailyleader.com	12211	2026-06-12
stwnewspress.com	10389	2026-06-14
stylecaster.com	14942	2026-06-14
suasnews.com	5589	2026-06-13
sudantribune.com	6768	2025-02-16
suffolknews.co.uk	11368	2026-06-14
summitdaily.com	21300	2026-06-14
sun-sentinel.com	106989	2026-06-14
suncommercial.com	52875	2026-06-14
sundaymail.co.zw	13635	2025-01-23
sundaynews.co.zw	14210	2025-01-22
sundaystandard.info	7029	2026-06-10
sundaytimes.lk	10514	2026-06-13
sundayworld.co.za	10539	2026-06-14
sundayworld.com	50448	2025-11-24
sunderlandecho.com	19890	2025-01-23
sungazette.com	19789	2026-06-14
sunjournal.com	107191	2026-06-14
sunlive.co.nz	43540	2026-06-14
sunnewsonline.com	41578	2024-06-26
sunny1031.com	6876	2026-06-13
sunny1063.com	13719	2026-02-19
sunny923.com	13093	2026-06-13
sunny943.com	10950	2026-06-12
sunnysidesun.com	5601	2023-04-13
sunshinecoastdaily.com.au	63851	2021-06-23
sunshinestatenews.com	9785	2023-07-22
sunstar.com.ph	93769	2026-06-14
suntimes.com	115699	2026-06-14
superbike-news.co.uk	10232	2026-06-14
superhits106.com	7839	2026-06-13
superiortelegram.com	19033	2026-06-14
supermarketnews.com	9539	2026-06-12
supertalk.fm	12441	2026-06-14
supertalk1270.com	7666	2026-06-13
surfky.com	6423	2026-05-29
surinametimes.com	10704	2026-06-14
surinenglish.com	19704	2026-06-14
surreycomet.co.uk	151055	2026-06-14
sussexexpress.co.uk	45134	2025-01-23
sverigesradio.se	7180	2026-04-15
swag1049.com	11847	2026-06-09
swapacd.com	41096	2025-09-25
sweetwaternow.com	19117	2026-06-14
swfinstitute.org	15178	2024-06-11
swiftcurrentonline.com	21460	2026-06-14
swimmingworldmagazine.com	6148	2026-02-23
swimswam.com	30635	2026-06-14
swindonadvertiser.co.uk	151334	2026-06-14
swiowanewssource.com	10603	2026-06-14
swissinfo.ch	101257	2026-06-14
swnewsmedia.com	10991	2025-08-05
swoknews.com	68082	2026-06-14
swtimes.com	7227	2023-09-11
swxrightnow.com	5318	2020-12-17
sydneysun.com	66299	2026-06-14
syfy.com	21898	2026-06-13
syracuse.com	73906	2026-02-19
t-g.com	6003	2026-06-14
t3.com	28271	2026-06-14
t95.com	5065	2026-06-11
taftmidwaydriller.com	5809	2026-06-14
tag911.ae	8721	2026-06-14
tahlequahdailypress.com	34319	2026-06-14
tahoedailytribune.com	13945	2026-06-14
taipeitimes.com	105512	2026-06-14
taiwannews.com.tw	47002	2025-11-28
taiwansun.com	37350	2026-06-14
taku105.com	6608	2024-02-15
talk1073.com	5577	2026-06-12
talkers.com	7363	2026-06-12
talkingpointsmemo.com	25212	2026-06-13
talkingretail.com	12936	2026-06-14
talkradio1170.com	24565	2021-09-07
talkradio960.com	20689	2026-06-13
talkvietnam.com	179795	2023-11-26
tallahassee.com	13322	2023-09-11
tamilguardian.com	5093	2026-06-12
tampabay.com	40369	2026-03-26
taosnews.com	12188	2026-06-14
tapinto.net	6703	2023-08-03
targatocn.it	5925	2026-06-14
targetednews.com	162747	2026-06-14
tasnimnews.com	10617	2025-10-07
tass.com	97872	2026-04-09
tasteofcountry.com	22085	2026-06-14
tasteofhome.com	11068	2026-06-14
tatler.com	7626	2026-06-14
tatlerasia.com	6896	2025-10-27
tauntongazette.com	6714	2023-09-11
taylorvilledailynews.com	20960	2026-06-14
tbnewswatch.com	27463	2025-09-05
tbnweekly.com	13489	2026-05-04
tbsnews.net	21092	2026-03-19
tcpalm.com	12606	2023-09-11
tctimes.com	7605	2026-06-14
tctmd.com	5075	2026-05-19
td.org	5155	2026-03-11
tdh.gov.tm	5105	2026-06-14
tdn.com	62575	2026-06-14
tdtnews.com	30857	2026-06-14
team-bhp.com	42769	2026-06-08
teammyrtlebeach.com	20251	2023-08-29
teamtalk.com	73366	2026-06-14
teamusa.org	6354	2023-08-16
techcabal.com	15438	2026-06-13
techcentral.co.za	8322	2026-05-14
techcentral.ie	5485	2026-06-12
techcrunch.com	66795	2026-06-14
techdirt.com	40765	2026-06-14
techmoran.com	8583	2026-06-13
technewstoday.com	6238	2024-04-04
technical.ly	7413	2026-06-14
technuter.com	6634	2026-06-04
techradar.com	107154	2026-06-14
techreport.com	6990	2026-03-27
techshout.com	5599	2025-09-07
techspot.com	26235	2026-06-14
techstory.in	46737	2026-06-14
techtimes.com	48697	2026-06-14
techxplore.com	35782	2026-01-29
tehachapinews.com	9772	2026-06-14
tehelka.com	7045	2025-09-08
telecomasia.net	7976	2026-01-12
telecompaper.com	58146	2026-06-14
telecomtv.com	5888	2026-06-12
telegram.com	19979	2023-09-11
telegraph.co.uk	238741	2024-11-25
telegraphherald.com	92355	2026-06-14
telegraphindia.com	208030	2024-07-30
teletrader.com	7453	2024-03-13
televisual.com	6205	2026-06-12
tellerreport.com	12622	2024-04-09
tellychakkar.com	94830	2025-02-28
tempo.com.ph	19338	2025-05-27
tennessean.com	23387	2023-09-11
tennesseedaily.com	135928	2026-06-14
tenterfieldstar.com.au	44345	2026-06-14
terracestandard.com	27516	2026-06-14
terradaily.com	24845	2026-06-14
tert.am	5822	2024-11-27
tewkesburyadmag.co.uk	18216	2021-03-11
texarkanagazette.com	31747	2026-06-14
texasguardian.com	212846	2026-06-14
texasmonthly.com	9597	2026-06-11
texastribune.org	8611	2026-06-14
textileworld.com	10410	2026-06-14
thailand-business-news.com	26936	2026-06-14
thailandnews.net	33229	2026-06-14
thatsmags.com	5879	2025-02-07
the-daily-record.com	10173	2023-09-11
the-dispatch.com	12779	2026-06-14
the-independent.com	24087	2026-06-14
the-journal.com	14093	2026-03-19
the-leader.com	6615	2023-09-11
the-messenger.com	95145	2026-06-14
the-review.com	9253	2023-09-11
the-star.co.ke	72721	2026-06-14
the-sun.com	27339	2026-06-12
the42.ie	75032	2026-06-14
the72.co.uk	9677	2026-06-14
theadanews.com	12209	2026-06-13
theadvertiser.com	7982	2023-09-11
theadviser.com.au	7075	2026-06-12
theadvocate.com	64423	2026-06-14
theadvocate.com.au	58996	2026-06-14
theadvocatengr.com	10123	2021-09-14
theage.com.au	242690	2026-06-14
thealpenanews.com	23872	2026-06-14
theamericanconservative.com	8155	2026-06-14
theanswertampa.com	5052	2024-09-25
thearabtribune.com	9100	2026-06-14
theargus.co.uk	166131	2026-06-14
theartnewspaper.com	13545	2026-06-13
theartsdesk.com	12804	2026-06-14
theasian.asia	5979	2026-06-14
theatermania.com	5788	2026-06-12
theathletic.com	40386	2024-05-13
theatlantic.com	31297	2026-06-14
theaustralian.com.au	85916	2024-07-31
theautochannel.com	10768	2026-06-14
thebangladeshtoday.com	5952	2026-06-14
thebatavian.com	21770	2026-06-14
thebeat925.ca	10117	2026-06-12
thebeatdfw.com	10061	2026-06-14
thebeatofthecapital.com	16949	2026-06-14
thebeijinger.com	16072	2026-06-12
thebftonline.com	30290	2026-06-14
thebigdm.com	7524	2026-06-09
thebiglead.com	24430	2026-06-14
thebigstation93blx.com	9551	2026-06-11
theblacksheartimes.com	7093	2026-06-14
theblaze.com	27949	2026-06-14
theboar.org	5843	2026-06-14
theboltonnews.co.uk	154437	2026-06-14
theboneonline.com	14218	2026-06-14
theboot.com	19089	2026-06-14
theborneopost.com	48638	2026-06-14
thebostonpilot.com	20877	2026-06-12
theboxhouston.com	6197	2026-06-13
thebreakingtimes.com	6436	2026-02-05
thebrunswicknews.com	36569	2026-06-14
thebullamarillo.com	9965	2024-04-29
thebulletin.be	8715	2026-05-14
thebulltulsa.com	42888	2025-10-10
thebusinessdesk.com	28725	2026-06-14
thebusinessjournal.com	8888	2026-06-13
thecabin.net	19671	2026-06-13
thecaribbeancamera.com	6342	2026-06-14
thecattlesite.com	8892	2026-06-12
thechiefleader.com	5416	2026-06-12
thechronicle-online.com	36298	2026-06-14
thechronicle.com.au	59588	2024-07-26
thechronicle.com.gh	25644	2026-06-14
thechronicleherald.ca	29241	2020-11-12
thechronicleonline.com	6398	2024-10-01
thecitizen.co.tz	19445	2026-06-14
thecitizen.com	10444	2026-06-13
thecitizen.in	6655	2026-06-12
thecoast.net.nz	8013	2026-06-11
thecollegefix.com	6548	2026-06-14
thecomet.net	39933	2026-06-14
thecommonsenseshow.com	5386	2022-03-12
thecommunityvoice.com	5574	2026-06-14
theconservativetreehouse.com	46569	2026-06-14
theconstructionindex.co.uk	26267	2026-06-14
theconversation.com	98976	2026-06-14
thecork.ie	5035	2026-06-14
thecorner.eu	5719	2026-06-12
thecourier.co.uk	126383	2025-05-27
thecourier.com	6262	2024-02-01
thecourier.com.au	61613	2026-06-14
thecourierexpress.com	33105	2026-06-14
thecragandcanyon.ca	9056	2026-06-14
thecranberryeagle.com	6309	2026-01-17
thecrimson.com	17726	2026-06-13
thedailybeast.com	67720	2026-06-14
thedailyblog.co.nz	21974	2026-06-12
thedailycitizen.com	13014	2024-08-22
thedailyjournal.com	8370	2023-09-11
thedailymash.co.uk	11761	2026-06-13
thedailymeal.com	23323	2026-06-14
thedailynewnation.com	27080	2024-07-26
thedailynewsonline.com	33197	2026-06-14
thedailyrecord.com	30684	2026-06-04
thedailyreporter.com	5901	2023-09-08
thedailyreview.com	39352	2026-06-14
thedailystar.com	35377	2026-06-14
thedailystar.net	211489	2026-06-14
thedailytimes.com	47653	2026-06-14
thedailyworld.com	7758	2026-06-13
theday.com	76094	2024-12-10
thedenverchannel.com	21269	2022-09-07
thedestinlog.com	5975	2023-09-11
thedickinsonpress.com	35660	2026-06-14
thedigitalcourier.com	34409	2026-06-14
thediplomat.ro	10867	2026-06-12
thedp.com	9680	2026-06-13
thedrinksbusiness.com	14457	2026-06-12
thedrum.com	25927	2026-06-13
theduke.fm	7549	2025-08-29
theeagle.com	35728	2026-06-14
theeagle1069.com	11495	2026-06-09
theeagleonline.com.ng	55431	2026-06-14
theedgemarkets.com	47793	2023-05-12
theedinburghreporter.co.uk	6317	2026-06-14
theengineer.co.uk	9656	2026-06-05
theenterpriseleader.com	376144	2025-04-18
theepochtimes.com	307047	2026-06-14
thefacts.com	21233	2026-06-14
thefader.com	7954	2026-06-12
thefamuanonline.com	5063	2026-06-02
thefan1075.com	74155	2026-06-14
thefanfm.com	20321	2021-03-19
thefastmode.com	15128	2026-06-13
thefederalist.com	29361	2026-06-13
thefencepost.com	9850	2026-06-14
thefirstnews.com	5660	2024-01-28
thefreepress.ca	27993	2026-06-14
thefreshloaf.com	13493	2026-06-14
thefrisky.com	8666	2026-06-03
thefrontierpost.com	87127	2026-06-14
thefutoncritic.com	37627	2026-06-14
thegame730am.com	18800	2025-12-01
thegamenashville.com	48939	2026-06-14
thegardenisland.com	16747	2026-06-14
thegazette.com	49259	2026-06-14
theglobeandmail.com	189409	2026-06-14
thegrio.com	39717	2026-06-14
thegrocer.co.uk	30005	2025-09-05
theguardian.com	470201	2026-06-14
theguardian.pe.ca	27018	2020-11-12
thehardtackle.com	47426	2026-06-14
thehawkeye.com	9259	2022-12-02
thehayride.com	5259	2026-06-12
thehealthsite.com	34374	2026-02-16
thehendersonnews.com	10575	2024-05-30
theherald-news.com	9633	2026-01-29
theherald.co.za	6254	2026-06-14
theheraldghana.com	10735	2026-06-14
thehill.com	140700	2026-01-07
thehimalayantimes.com	33165	2026-03-30
thehindu.com	940877	2026-06-14
thehindubusinessline.com	260767	2026-06-14
thehitavada.com	28250	2026-06-14
thehits.co.nz	8387	2026-06-12
thehollywoodgossip.com	16170	2026-06-14
thehorse.com	5111	2026-04-13
thehot1039.com	6722	2026-06-13
thehour.com	150110	2026-06-14
theiet.org	13400	2026-06-13
theifp.ca	6840	2026-06-13
theindependent.co.zw	13656	2026-06-14
theindependent.com	69435	2026-06-14
theindependent.sg	6847	2026-03-17
theindianawaaz.com	29717	2026-06-14
theindychannel.com	8382	2020-08-11
theinertia.com	9901	2026-06-14
theintell.com	5596	2023-01-24
theintelligencer.com	80477	2026-06-14
theintelligencer.net	24402	2026-06-14
theintermountain.com	17446	2026-06-13
theirishfield.ie	11703	2026-06-14
theislandnow.com	5886	2025-10-02
theisonews.com	30453	2020-10-30
theitem.com	23600	2026-06-14
thejakartapost.com	67511	2026-06-14
thejc.com	10423	2026-06-14
thejerseytomatopress.com	8608	2025-07-12
thejournal.ie	116626	2026-06-14
thejoyfm.com	8203	2026-01-05
thejudge13.com	5290	2026-06-14
thekansan.com	9295	2026-06-14
thelancasterandmorecambecitizen.co.uk	31708	2023-02-07
thelancet.com	7560	2024-04-30
theland.com.au	43987	2026-06-14
thelandryhat.com	5359	2026-06-14
theleader.com.au	83597	2026-06-14
theleader.info	16046	2026-06-14
theleafchronicle.com	6764	2023-09-11
theledger.com	15716	2023-09-11
thelincolnite.co.uk	16781	2025-10-23
thelocal.at	6688	2026-06-13
thelocal.ch	7310	2026-06-14
thelocal.de	12182	2026-06-14
thelocal.dk	7577	2026-06-14
thelocal.es	9050	2026-06-13
thelocal.fr	15608	2026-06-14
thelocal.it	7769	2026-06-14
thelocal.no	7031	2026-06-13
thelocal.se	10530	2026-06-13
thelondoner.ca	36738	2025-12-17
themag.co.uk	13155	2026-06-14
themainewire.com	8589	2026-06-14
themalaysianinsight.com	24614	2024-09-16
themaneland.com	5775	2026-06-12
themarketsdaily.com	526806	2026-06-14
themarysue.com	32282	2026-06-14
themedialine.org	22075	2026-06-14
themediaonline.co.za	5813	2026-06-12
themercury.com.au	36877	2024-07-29
themiamihurricane.com	5360	2026-06-13
themiddlemarket.com	23316	2026-06-12
themobileindian.com	12325	2026-06-12
themonitor.com	5325	2021-01-11
themorningbulletin.com.au	63217	2021-06-23
themorningsun.com	31912	2026-06-14
themoscowtimes.com	21753	2026-06-14
themountainmail.com	22411	2026-06-14
themountainpress.com	25544	2026-06-14
themunicheye.com	7777	2026-06-14
themusic.com.au	9415	2026-06-13
thenassauguardian.com	23741	2026-06-14
thenation.com	18927	2026-06-13
thenational.ae	31171	2020-10-14
thenational.com.pg	17739	2026-06-14
thenational.scot	106368	2026-06-14
thenationalherald.com	7932	2026-05-07
thenationalnews.com	58181	2026-06-14
thenelsondaily.com	6189	2024-09-27
thenewamerican.com	8243	2026-06-14
thenewdaily.com.au	23374	2025-01-23
thenewdawnliberia.com	23283	2026-06-12
thenewpulsefm.com	6324	2026-06-14
thenews-chronicle.com	36773	2025-01-29
thenews-messenger.com	7786	2023-09-11
thenews.com.pk	481703	2026-06-14
thenewsguard.com	9093	2026-06-14
thenewsherald.com	22703	2026-06-14
thenewsminute.com	31397	2026-06-14
thenewsnigeria.com.ng	10815	2026-06-14
thenewsstar.com	6563	2023-09-11
thenewswheel.com	6656	2026-06-14
thenextweb.com	9844	2026-06-14
thenigerianvoice.com	9550	2026-03-11
thenortheasttoday.com	6563	2025-10-20
thenorthernecho.co.uk	214766	2026-06-14
thenorthlines.com	45074	2026-06-14
thenorthwestern.com	9314	2023-09-11
theoaklandpress.com	41401	2026-06-14
theobserver.ca	45014	2026-06-14
theonion.com	9344	2026-06-13
theonlinecitizen.com	8082	2025-02-13
theparisnews.com	31094	2026-06-14
thepeakfm.com	8239	2026-06-13
thepeninsulaqatar.com	161280	2026-06-14
thepeoplesperson.com	33956	2026-06-14
thepeterboroughexaminer.com	56310	2026-06-14
thephinsider.com	10385	2026-06-14
thephuketnews.com	19442	2025-03-05
thepienews.com	5005	2026-06-13
thepigsite.com	7777	2026-06-12
thepilot.com	7217	2026-06-12
thepinetree.net	5199	2026-06-14
thepinknews.com	20112	2026-06-12
thepiratescove.us	9007	2025-09-07
theplainsman.com	6553	2026-06-12
thepoint.gm	13726	2026-06-12
thepointsguy.com	19040	2026-06-14
theportugalnews.com	47105	2026-06-14
thepost.on.ca	22825	2026-06-14
thepoultrysite.com	7961	2026-06-12
theproducenews.com	11398	2026-01-03
theprogress.com	30681	2026-06-14
theprogressnews.com	15529	2026-06-13
theprovince.com	25814	2026-06-14
theprowersjournal.com	5490	2026-06-13
thepublicopinion.com	26347	2023-09-11
thequietus.com	9686	2026-06-13
thequint.com	6366	2026-03-16
therakyatpost.com	17876	2026-06-14
theranch.fm	9198	2026-06-11
therealdeal.com	49729	2026-06-14
therebelrocks.com	19458	2022-08-22
therecord.com	31776	2026-06-14
thereflector.com	9767	2026-06-14
theregister.com	35646	2026-06-14
thereporter.com	10639	2026-06-14
thereporteronline.com	41950	2026-06-14
therepublic.com	102406	2026-04-01
theridgefieldpress.com	54487	2025-06-14
theroar.com.au	37727	2026-06-14
therockofrochester.com	35471	2026-06-14
theroot.com	17752	2026-06-14
therural.com.au	40256	2026-06-14
thescarboroughnews.co.uk	18854	2025-01-23
thescore.com	5139	2026-03-18
thescore1260.com	42491	2026-06-14
thescottishfarmer.co.uk	24454	2026-06-14
thescottishsun.co.uk	6966	2026-02-23
thesheridanpress.com	6678	2026-06-13
theshillongtimes.com	45169	2026-06-14
thesierraleonetelegraph.com	8529	2026-06-11
thesixthaxis.com	9313	2026-06-14
theskanner.com	6754	2026-05-10
theskinny.co.uk	6331	2026-06-12
thesource.com	36720	2026-06-14
thesouthafrican.com	130976	2026-06-14
thesouthern.com	55945	2026-06-13
thesouthernreporter.co.uk	9553	2025-01-23
thespec.com	33290	2026-06-14
thespectrum.com	5397	2023-09-09
thespiritsbusiness.com	12270	2026-06-12
thespread.com	20558	2026-05-11
thespun.com	17568	2023-10-13
thestandard.co.zw	20005	2026-06-13
thestandard.com.hk	105808	2026-03-02
thestandard.org.nz	7041	2025-10-04
thestar.co.uk	20920	2025-01-23
thestar.com	97949	2026-06-14
thestar.com.my	482261	2026-06-14
thestarphoenix.com	34981	2026-06-13
thestarpress.com	7271	2023-09-11
thestatesman.com	68849	2026-06-10
thestkittsnevisobserver.com	5100	2026-03-17
thestrad.com	8272	2025-09-05
thestranger.com	12700	2026-06-13
thestreet.com	43360	2026-06-11
thestreetjournal.org	48434	2026-01-16
thesubtimes.com	14335	2025-10-04
thesuburban.com	17705	2026-06-14
thesudburystar.com	59398	2026-06-14
thesun.co.uk	70389	2026-06-10
thesun.ie	20857	2026-03-18
thesun.my	39404	2026-02-08
thesun.ng	28009	2026-06-14
thesunchronicle.com	83224	2026-06-14
thesundaily.my	99874	2023-11-06
thesylvaherald.com	5858	2026-06-10
thetab.com	30573	2026-06-14
thetablet.co.uk	5504	2026-06-14
thetablet.org	8997	2026-06-13
thetandd.com	58614	2026-06-14
thetelegram.com	22428	2020-11-11
thetelegraph.com	163518	2026-06-14
thetelegraphandargus.co.uk	173215	2026-06-14
thethaiger.com	14483	2026-03-19
thetidenewsonline.com	33747	2026-06-12
thetimes-tribune.com	67145	2026-06-14
thetimes.co.uk	214037	2024-06-05
thetimes.com	84941	2026-06-14
thetimesherald.com	5081	2023-09-11
thetimesnews.com	12158	2026-06-14
thetimestribune.com	24616	2026-06-14
thetottenhamindependent.co.uk	93737	2026-06-14
thetowntalk.com	5540	2023-09-11
thetrucker.com	13484	2026-06-14
thetruthaboutcars.com	16009	2026-06-13
theturtleislandnews.com	17977	2026-06-12
thetyee.ca	8733	2026-06-13
theuknews.com	36759	2026-06-14
theunion.com	19440	2026-06-13
theurbandaily.com	9327	2026-06-12
theusnews.com	140001	2026-06-14
theverge.com	64247	2026-06-14
thevermilion.com	5468	2026-06-14
thevisitor.co.uk	5324	2021-12-13
thevoicebw.com	6374	2024-08-09
thevoiceslu.com	14843	2026-06-14
thevwindependent.com	8198	2026-06-13
thewave.ca	10659	2025-12-07
theweek.co.uk	12509	2023-09-12
theweek.com	52975	2026-06-14
theweek.in	87952	2026-06-14
theweektoday.com	18233	2024-09-18
thewesterlysun.com	24404	2026-06-14
thewestmorlandgazette.co.uk	190538	2026-06-14
thewestonforum.com	6800	2025-10-31
thewestonmercury.co.uk	54898	2026-06-14
thewhig.com	46717	2026-06-14
thewhiskeywash.com	14156	2026-06-14
thewire.in	44530	2024-03-27
thewolf.ca	8084	2026-06-14
theworld.org	9000	2026-06-12
theworldlink.com	21721	2026-06-14
thewrap.com	77572	2026-06-14
thexboxhub.com	9636	2026-06-14
thexradio.com	10708	2026-06-12
theyeshivaworld.com	31115	2026-06-14
theyucatantimes.com	9446	2025-06-10
thezimbabwean.co	6476	2026-06-14
thezimbabwedaily.com	16271	2026-02-04
thezimbabwemail.com	31551	2026-06-14
thirdsector.co.uk	8787	2026-06-13
thisdaylive.com	162815	2026-06-14
thisisanfield.com	21552	2026-01-24
thisislancashire.co.uk	54733	2023-02-07
thisislocallondon.co.uk	155513	2025-12-03
thisismoney.co.uk	52701	2025-11-06
thisisoxfordshire.co.uk	165598	2026-06-14
thisisthewestcountry.co.uk	18359	2023-02-07
thisiswiltshire.co.uk	135519	2026-06-14
thomasnet.com	15573	2024-02-05
thompsoncitizen.net	86287	2025-01-20
thunder987.com	5645	2021-03-31
thurrockgazette.co.uk	90441	2026-06-14
thurstontalk.com	6005	2026-06-14
thv11.com	51235	2026-06-05
thyblackman.com	9939	2026-06-14
tibet.net	9455	2026-06-14
tickerreport.com	416207	2026-06-14
ticotimes.net	6449	2026-01-09
tide1009.com	6739	2026-03-09
tiftongazette.com	10162	2026-06-14
tigerdroppings.com	5399	2022-01-13
tigernet.com	9295	2025-11-20
tigersroar.com	9882	2026-06-14
tillamookheadlightherald.com	14100	2026-06-14
timberjay.com	6563	2026-06-12
time.com	25347	2026-06-14
timeout.com	18907	2026-06-14
timeoutdubai.com	8263	2023-01-03
times-gazette.com	8414	2023-09-11
times-herald.com	6508	2026-06-12
times-journal.com	6199	2026-06-12
times-news.com	37892	2026-06-14
times-series.co.uk	99568	2026-06-14
times-standard.com	14347	2026-06-14
times.co.sz	9098	2026-03-15
timesandstar.co.uk	148766	2026-06-14
timesargus.com	33685	2026-06-14
timesca.com	13712	2026-06-12
timescall.com	36813	2026-06-14
timescitizen.com	5850	2026-06-14
timescolonist.com	119190	2025-01-21
timesdaily.com	45722	2026-06-14
timesenterprise.com	8907	2026-06-12
timesfreepress.com	34272	2026-06-14
timesgazette.com	8366	2025-09-17
timesherald.com	43019	2026-06-14
timesheraldonline.com	9837	2026-06-14
timeshighereducation.com	10819	2026-06-14
timesleader.com	20010	2026-06-14
timesleader.net	6172	2026-06-12
timesleaderonline.com	18209	2026-06-13
timeslive.co.za	134468	2026-06-14
timesnews.net	36240	2025-11-11
timesnownews.com	143696	2026-04-29
timesofearth.com	6277	2026-06-14
timesofisrael.com	138709	2023-11-04
timesofmalta.com	121997	2026-04-15
timesofoman.com	50769	2026-06-14
timesofsandiego.com	23574	2026-06-14
timesonline.com	9679	2023-09-11
timesrecordnews.com	9821	2023-09-11
timesreporter.com	10999	2023-09-11
timesrepublican.com	21560	2026-06-14
timesreview.com	23630	2026-06-04
timestelegram.com	7281	2023-09-11
timesunion.com	119604	2025-11-14
timeswv.com	18562	2026-06-14
timminspress.com	54843	2026-06-14
timminstimes.com	44691	2026-01-26
tipperarylive.ie	30669	2026-05-14
tippfm.com	18501	2026-06-14
tippmidwestradio.com	12984	2026-06-14
tirebusiness.com	6666	2026-06-09
titusvilleherald.com	22168	2022-12-01
tivysideadvertiser.co.uk	123096	2026-06-14
tmcnet.com	437717	2025-01-23
tmj4.com	6376	2026-03-19
tmz.com	50406	2026-06-14
tnledger.com	48677	2026-06-12
tnonline.com	37023	2026-06-14
tnp.sg	13213	2025-10-30
today.az	56902	2026-06-13
today.com	68405	2026-06-14
today.ng	48383	2024-06-20
today.rtl.lu	6406	2026-05-21
todayfm.com	16428	2026-06-13
todayheadline.co	7585	2025-01-27
toffeeweb.com	8192	2026-06-14
tolonews.com	32868	2024-06-06
tomsguide.com	50790	2026-06-14
tomshardware.com	18401	2026-06-14
tonyskansascity.com	44785	2026-06-14
topspeed.com	23947	2026-06-14
tor.com	21154	2024-01-23
toronto.citynews.ca	75912	2026-06-14
toronto.com	15830	2026-06-14
toronto.ctvnews.ca	37722	2025-01-23
torontosun.com	93494	2026-06-14
torontotelegraph.com	101607	2026-06-14
torquenews.com	29081	2026-06-14
totaltele.com	9639	2026-06-12
toucharcade.com	6249	2025-04-19
towleroad.com	15902	2024-04-28
townandcountrymag.com	18258	2026-06-14
townhall.com	90486	2026-06-14
townsvillebulletin.com.au	88393	2026-06-14
toynews-online.biz	5610	2026-06-11
tpr.org	33920	2026-06-14
tradearabia.com	113636	2026-06-14
tradeonlytoday.com	5568	2026-06-12
tradersmagazine.com	8009	2026-06-12
tradewindsnews.com	8151	2026-03-18
trains.com	13506	2026-06-14
trak.in	8733	2026-06-14
transylvaniatimes.com	9666	2026-06-14
travelandleisure.com	22155	2026-03-17
traveldailymedia.com	27645	2026-06-05
traveldailynews.asia	10250	2026-04-19
traveldailynews.com	24067	2026-01-24
travelextra.ie	10713	2026-06-14
traveller.com.au	6007	2023-04-11
travelmarketreport.com	11568	2026-06-12
travelmole.com	9334	2026-05-01
travelweekly.com	19561	2026-02-06
travelweekly.com.au	17031	2026-06-14
trbusiness.com	8792	2026-06-12
trend.az	30542	2026-06-14
trentonian.ca	44247	2026-06-14
trentonian.com	29445	2026-06-14
trib.com	62889	2026-06-14
tribdem.com	58634	2026-06-14
tribecacitizen.com	5312	2026-06-14
triblive.com	99379	2026-05-04
tribstar.com	50891	2026-06-14
tribtoday.com	28370	2026-06-14
tribtown.com	97408	2025-04-15
tribune.com.pk	254281	2026-06-14
tribune.net.ph	64761	2026-06-14
tribune242.com	44297	2026-06-12
tribuneindia.com	274001	2026-06-14
tribuneledgernews.com	34403	2026-06-12
tribunnews.com	6033	2026-06-14
tribute.ca	8148	2025-01-21
tricitynews.com	79527	2025-08-01
trinidadexpress.com	50992	2026-06-14
trinidadtimes.com	51174	2026-06-14
troyrecord.com	36140	2026-06-14
trtworld.com	11841	2026-03-19
truebluela.com	10525	2026-06-14
truenorthreports.com	6071	2023-06-30
trumbulltimes.com	49197	2025-06-14
trust.org	37925	2026-04-28
trustedreviews.com	21826	2026-06-14
truthout.org	18530	2026-06-14
tsln.com	7862	2026-06-13
tsn.ca	163025	2026-06-14
tspr.org	23299	2026-06-14
ttgasia.com	12803	2026-06-14
ttnworldwide.com	6529	2026-06-14
ttrweekly.com	10359	2026-06-12
tucson.com	194119	2026-06-14
tucsonpost.com	38176	2026-06-14
tucsonsentinel.com	21556	2025-07-21
tucsonweekly.com	8303	2026-06-11
tudno.co.uk	20766	2023-04-26
tuko.co.ke	17879	2026-03-19
tulsaworld.com	110912	2026-06-14
tuoitrenews.vn	28862	2025-04-16
turkishpress.com	8519	2024-03-13
turlockjournal.com	5108	2026-06-13
turnto10.com	47429	2026-06-14
turnto23.com	48398	2026-06-14
tuscaloosanews.com	10891	2023-09-11
tv6tnt.com	22739	2026-06-14
tvfanatic.com	6905	2025-05-15
tvgrapevine.com	16280	2026-06-14
tvguide.co.uk	1876273	2026-06-14
tvguide.com	9610	2026-06-14
tvline.com	19442	2026-06-14
tvnewscheck.com	24960	2026-06-14
tvnz.co.nz	5645	2021-10-05
tvovermind.com	19674	2026-06-13
tvseriesfinale.com	5880	2026-06-14
tvtechnology.com	11222	2026-06-12
tvtonight.com.au	28001	2026-06-14
tweaktown.com	28503	2025-03-01
tweeddailynews.com.au	45440	2021-04-28
twincities.com	36128	2026-06-14
twinsdaily.com	14779	2026-06-14
twitchy.com	61105	2026-06-14
twtd.co.uk	108570	2026-06-14
tylerpaper.com	28142	2026-06-14
typepad.com	10528	2024-12-01
tyrepress.com	6296	2026-06-12
ualrpublicradio.org	47158	2026-06-14
uark.edu	7021	2026-06-12
ubergizmo.com	7777	2026-06-12
ucanews.com	24644	2025-01-23
ucla.edu	6607	2026-06-13
udaipurkiran.com	78255	2026-06-14
udayavani.com	18325	2026-06-12
udn.com	6107	2026-06-14
uefa.com	8140	2024-07-24
uexpress.com	18136	2026-01-13
ufc.com	6894	2026-06-13
uk.com	8053	2026-06-14
ukiahdailyjournal.com	9954	2026-06-14
ukrainianjournal.com	15275	2026-01-27
ukrinform.net	22093	2026-03-19
uky.edu	8679	2026-06-12
ulladullatimes.com.au	59994	2026-06-14
uloop.com	10737	2026-06-14
ultimateclassicrock.com	15991	2026-06-14
ummid.com	18882	2026-06-14
umn.edu	13747	2026-06-13
un.org	6508	2026-06-12
uncrate.com	9768	2026-06-12
undercurrentnews.com	31823	2026-06-12
undertheradar.co.nz	24417	2026-06-14
undp.org	26190	2026-06-14
unian.info	12516	2026-02-09
uniindia.com	31007	2026-03-17
union-bulletin.com	43263	2026-06-14
uniondemocrat.com	13111	2026-06-13
unionleader.com	96030	2026-06-14
unionrecorder.com	12100	2026-06-13
universityworldnews.com	13911	2026-06-14
unm.edu	5377	2026-06-14
unmultimedia.org	7763	2023-10-16
uow.edu.au	17760	2024-11-07
updatesnews.com	25511	2022-10-01
upenn.edu	6916	2026-06-14
upi.com	98326	2026-06-14
upnorthlive.com	35997	2026-06-14
uppermichiganssource.com	32570	2026-06-14
upr.org	50640	2026-06-14
upstract.com	65174	2021-06-14
upstreamonline.com	24148	2026-06-14
urbanacitizen.com	5866	2025-09-17
urbanmilwaukee.com	32560	2026-06-14
urdupoint.com	44060	2025-01-27
us103.com	26107	2026-05-31
us105fm.com	36623	2026-06-14
usanetwork.com	7362	2025-08-13
usatoday.com	217936	2025-04-26
usembassy.gov	7950	2026-06-10
usf.edu	64607	2026-02-26
usmagazine.com	61525	2026-06-14
usnews.com	60090	2024-07-31
usni.org	7584	2026-06-01
utahindependent.com	21330	2026-06-14
uticaod.com	14125	2023-09-11
utilitydive.com	9486	2026-06-12
utv44.com	5617	2026-06-14
v100fm.com	6232	2026-06-11
v100rocks.com	14050	2026-06-13
v1019.com	18983	2026-06-14
vaalweekblad.com	14927	2023-11-09
vaildaily.com	28228	2026-06-14
valdostadailytimes.com	75536	2026-06-14
valleybreeze.com	13495	2026-06-13
valleymorningstar.com	6006	2021-01-11
valleynewslive.com	31983	2026-06-14
valuewalk.com	9489	2025-01-23
vancourier.com	30069	2021-01-13
vancouverisland.ctvnews.ca	24301	2026-06-14
vancouversun.com	57755	2026-06-14
vandaliaradio.com	11600	2026-06-13
vanityfair.com	18633	2026-06-14
variety.com	92769	2026-06-14
varsity.co.uk	8609	2026-06-14
vavel.com	12166	2026-06-14
vccircle.com	10554	2026-06-12
vcstar.com	9705	2023-09-11
vcyamerica.org	5662	2023-07-13
vdare.com	10802	2024-07-25
vegnews.com	12839	2026-06-13
venezuelastar.com	19690	2026-06-14
venturebeat.com	5743	2025-08-30
venturesafrica.com	22144	2024-11-16
vermilionstandard.com	12436	2026-06-14
vermontbiz.com	24741	2026-06-14
vernonmorningstar.com	50617	2026-06-14
verticalmag.com	13554	2026-06-14
vervetimes.com	11695	2025-01-26
vestnikkavkaza.net	24786	2022-01-22
veteranstoday.com	14175	2025-02-13
vgchartz.com	39829	2026-06-14
vibe.com	11929	2026-06-12
vice.com	18001	2026-06-14
vicnews.com	36545	2026-06-14
victoriaadvocate.com	5131	2026-06-13
victorygirlsblog.com	6519	2026-06-14
vietnamnet.vn	30619	2026-06-03
vietnamnews.vn	60238	2026-06-14
vietnamtribune.com	57884	2026-06-14
viewngr.com	44838	2025-01-29
vikings.com	5640	2026-06-11
vikingsterritory.com	18173	2026-06-14
villagesoup.com	21386	2024-09-18
vindy.com	48136	2026-06-14
vir.com.vn	28884	2026-06-13
virginislandsdailynews.com	19376	2026-06-14
virginislandsnewsonline.com	35931	2026-06-14
virginradio.co.uk	8269	2026-06-09
visayandailystar.com	32164	2026-06-06
visionmp.com	10160	2026-06-14
vladtv.com	45638	2026-06-14
vmagazine.com	7602	2026-06-03
vnews.com	20245	2026-06-14
vnexpress.net	16986	2026-03-19
voanews.com	134105	2025-03-20
voazimbabwe.com	12730	2026-03-20
vocm.com	38309	2026-06-14
vogue.co.uk	18192	2026-06-14
vogue.com	32128	2026-06-14
vogue.in	10344	2026-06-14
voice-online.co.uk	10875	2026-06-14
voicenews.com	19643	2025-11-04
voiceofalexandria.com	80798	2026-06-14
voiceofvienna.org	15244	2026-06-14
voiceonline.com	9374	2026-06-14
vol.at	15525	2026-06-14
volcanodiscovery.com	17656	2026-06-14
vovworld.vn	9520	2026-01-25
vox.com	19851	2026-06-14
vpm.org	20009	2023-01-27
vpr.org	5702	2022-06-22
vtcng.com	14041	2026-06-14
vtdigger.org	12371	2026-06-14
vulcanadvocate.com	8580	2026-06-14
vulture.com	25275	2026-06-13
vvdailypress.com	8735	2023-09-11
w4country.com	5898	2026-06-13
wa1a.com	10115	2026-06-13
waateanews.com	25433	2026-06-14
waaytv.com	47065	2026-06-14
wabcradio.com	7619	2025-02-02
wabe.org	21327	2026-04-24
wabi.tv	37180	2026-06-14
wabx.net	32697	2026-06-14
wach.com	36009	2026-06-14
wacotrib.com	70761	2026-06-14
wadenapj.com	25059	2026-06-14
wadk.com	35687	2026-06-13
waer.org	39752	2026-06-14
wafb.com	37751	2026-06-14
waff.com	32480	2026-06-14
wagmtv.com	12159	2026-06-13
wahoo-ashland-waverly.com	17365	2026-06-10
wahpetondailynews.com	15150	2026-06-14
waka.com	10575	2026-06-14
wakefieldexpress.co.uk	18345	2025-01-23
walb.com	32757	2026-06-14
walesonline.co.uk	247733	2026-06-14
walkermn.com	14161	2026-06-14
wallaceburgcourierpress.com	38255	2026-06-14
wallowa.com	8308	2026-06-14
wallpaper.com	14841	2026-06-14
walls102.com	8142	2023-06-13
wallstreet-online.de	85208	2026-06-14
wam.ae	15139	2023-11-04
wamc.org	50811	2026-06-14
wamda.com	5770	2026-06-10
wandsworthguardian.co.uk	129056	2026-06-14
wandtv.com	60090	2026-06-14
wantedinrome.com	8751	2026-06-13
wape.com	11893	2026-06-14
wapt.com	65926	2026-06-14
wardsauto.com	7046	2026-02-03
warm1033.com	24065	2026-06-13
warm1069.com	9456	2026-06-13
warm98.com	11468	2026-06-13
warringtonguardian.co.uk	152067	2026-06-14
warsawvoice.pl	12750	2026-03-18
warwickdailynews.com.au	51988	2021-04-28
warwickonline.com	5939	2026-06-11
warwickshireworld.com	12934	2025-01-23
washingtonblade.com	8215	2026-06-14
washingtonexaminer.com	158684	2026-06-14
washingtonian.com	12771	2026-06-13
washingtoninformer.com	6671	2026-06-13
washingtonpost.com	306594	2024-08-02
washingtontimes.com	292813	2026-04-13
washtimesherald.com	43123	2026-06-14
waste360.com	5106	2025-01-19
wataugademocrat.com	47945	2026-06-14
watchingamerica.com	8043	2026-06-14
waterford-news.ie	66400	2026-06-14
watermarkonline.com	35425	2025-11-03
wateronline.com	10612	2026-06-13
waterwaysjournal.net	5311	2026-06-12
watfordobserver.co.uk	109432	2026-06-14
watoday.com.au	130360	2026-06-14
wattsupwiththat.com	7988	2026-06-14
wausaudailyherald.com	9127	2023-09-11
wbaa.org	76303	2026-06-14
wbaltv.com	72732	2026-06-14
wbap.com	88333	2026-06-14
wbay.com	37633	2026-06-14
wbbjtv.com	33719	2026-06-14
wbckfm.com	23781	2025-11-29
wbco.com	5975	2026-06-12
wbez.org	6112	2026-06-14
wbfo.org	39821	2025-04-01
wbgo.org	5939	2026-06-13
wbir.com	60093	2026-06-05
wbiw.com	45634	2026-06-14
wbjournal.com	13438	2026-06-13
wbkb11.com	6681	2026-06-14
wbko.com	22899	2026-06-14
wbkr.com	24795	2026-06-14
wblk.com	38127	2026-06-14
wblm.com	32979	2026-06-14
wbls.com	9250	2026-06-14
wbmq.net	17237	2020-08-26
wbng.com	23102	2026-06-13
wbnowqct.com	5567	2026-06-12
wbnq.com	12579	2026-06-13
wboc.com	90147	2026-06-14
wboi.org	44881	2026-06-14
wbrc.com	45837	2026-06-14
wbrz.com	70908	2026-06-14
wbsm.com	19964	2026-06-14
wbszfm.com	5329	2026-06-13
wbt.com	7799	2026-06-14
wbtmdanville.com	9566	2026-06-10
wbtv.com	35431	2026-06-14
wbur.org	53206	2026-06-14
wbwn.com	9447	2026-06-13
wcax.com	39016	2026-06-14
wcbe.org	57938	2026-06-14
wcbi.com	20305	2026-06-13
wcbm.com	26983	2026-06-14
wccbcharlotte.com	40873	2026-06-14
wccftech.com	46549	2026-06-14
wccq.com	9401	2024-05-24
wcfcourier.com	113980	2026-06-14
wchstv.com	34930	2026-06-14
wcjb.com	32211	2026-06-14
wclk.com	32518	2026-06-14
wclo.com	10685	2025-05-20
wcnc.com	66822	2026-06-06
wcoapensacola.com	43532	2026-06-13
wcpo.com	31987	2026-06-14
wcrz.com	21789	2026-06-12
wcsmradio.com	10045	2026-06-13
wcsufm.org	63667	2026-06-14
wcsx.com	17364	2026-06-14
wcsy.com	39564	2026-06-08
wcti12.com	39607	2026-06-14
wctrib.com	53242	2026-06-14
wctv.tv	28574	2026-06-14
wcvb.com	100531	2026-06-14
wcyb.com	31970	2026-06-14
wcyy.com	29697	2026-06-14
wdadradio.com	14309	2026-06-14
wdam.com	34717	2026-06-14
wdbj7.com	34125	2026-06-14
wdbo.com	46554	2026-06-14
wdbqam.com	9797	2026-06-13
wdef.com	24258	2026-06-14
wdel.com	25551	2026-06-14
wden.com	5647	2026-06-13
wdet.org	9944	2026-06-12
wdez.com	22452	2026-06-13
wdhafm.com	15188	2026-06-14
wdio.com	61482	2026-06-14
wdiy.org	43996	2026-06-14
wdjx.com	8473	2026-06-11
wdkx.com	5395	2022-07-25
wdrb.com	99771	2026-06-14
wdrv.com	8938	2026-06-14
wdsm710.com	39236	2026-06-14
wdsu.com	103089	2026-06-14
wdtimes.com	32965	2026-06-14
wdtv.com	19859	2026-06-14
wdzz.com	8885	2026-06-11
weaa.org	51021	2025-02-25
wealthmanagement.com	16904	2026-06-12
weareiowa.com	7839	2026-03-16
weartv.com	33270	2026-06-14
weatherforddemocrat.com	14146	2026-06-13
weathernationtv.com	6006	2026-06-14
weau.com	30650	2026-06-14
webcamfeet.com	5756	2021-11-12
webindia123.com	414123	2026-06-14
webmd.com	10251	2026-06-08
webwire.com	35548	2026-06-13
wect.com	35508	2026-06-14
weeklyblitz.net	31607	2026-06-14
weeklytimesnow.com.au	11584	2024-07-22
weforum.org	8434	2024-01-12
wegotthiscovered.com	68271	2025-02-24
weirtondailytimes.com	21447	2026-06-13
weisradio.com	18260	2026-01-06
wellandtribune.ca	68961	2026-06-14
wellingtondailynews.com	5438	2026-06-14
wellingtontimes.com.au	34942	2026-06-14
wellsvilledaily.com	5537	2022-04-14
wemu.org	33530	2026-06-14
wenatcheeworld.com	25207	2026-06-14
wenxuecity.com	32719	2026-06-14
weny.com	29814	2026-06-14
wesa.fm	41179	2026-06-04
wesh.com	76093	2026-06-14
wesm913.org	17888	2022-01-28
westcentralonline.com	16322	2026-06-14
westcentralsbest.com	47839	2026-06-14
westerlynews.ca	30265	2026-06-14
westernadvocate.com.au	109279	2026-06-14
westernmassnews.com	22223	2026-06-14
westernpeople.ie	34420	2026-06-14
westerntelegraph.co.uk	122149	2026-06-14
westernweekender.com.au	5393	2026-06-13
westernwheel.ca	6258	2025-09-05
westfaironline.com	11926	2026-06-14
westhawaiitoday.com	19290	2026-06-14
westkentuckystar.com	29466	2026-06-14
westmeathexaminer.ie	45857	2026-06-14
westmeathindependent.ie	44884	2026-06-14
westofthei.com	6958	2026-06-13
westport-news.com	54149	2022-03-01
westseattleblog.com	46704	2026-06-14
westsussextoday.co.uk	7480	2022-02-09
westword.com	12718	2026-06-14
wetaskiwintimes.com	15077	2026-06-14
weyburnreview.com	37373	2021-07-29
wfaa.com	64004	2026-06-05
wfae.org	68047	2026-06-14
wfasam.com	13054	2021-05-17
wfav951.com	13969	2026-06-12
wfdd.org	50386	2026-06-14
wfgr.com	21383	2024-07-03
wfin.com	45335	2025-06-14
wfirnews.com	5166	2026-06-13
wfit.org	6640	2026-06-11
wfiwradio.com	11344	2026-06-14
wfls.com	17375	2026-06-13
wflx.com	32071	2026-06-14
wfmd.com	12897	2026-06-14
wfmj.com	108993	2026-06-14
wfms.com	7197	2026-06-13
wfmynews2.com	66653	2026-06-05
wfmz.com	252445	2026-06-14
wfnt.com	13016	2026-06-13
wfsb.com	35430	2026-06-14
wfsu.org	47293	2026-06-14
wftv.com	43264	2026-06-14
wftw.com	69191	2025-03-28
wfuv.org	9574	2026-06-14
wfxd.com	6582	2026-04-09
wfxl.com	6512	2025-09-11
wfyi.org	14699	2026-06-14
wgac.com	6347	2026-06-13
wgal.com	79747	2026-06-14
wgan.com	14702	2026-06-13
wgauradio.com	57438	2026-06-14
wgbh.org	23608	2026-06-14
wgcu.org	29751	2026-06-14
wglr.com	25144	2026-06-13
wglt.org	59582	2026-06-14
wgmd.com	40201	2026-06-14
wgme.com	39686	2026-06-14
wgna.com	33075	2026-06-14
wgni.com	8961	2026-06-14
wgnsradio.com	16596	2026-06-14
wgntv.com	7621	2026-05-05
wgog.com	5894	2026-06-14
wgow.com	46639	2026-06-14
wgowam.com	74773	2026-06-13
wgrd.com	44494	2026-06-14
wgrr.com	9924	2026-06-14
wgrz.com	46639	2026-06-05
wgxa.tv	8768	2026-06-14
wharfedaleobserver.co.uk	114842	2026-06-14
whatdidyousay.org	15446	2025-11-11
whatech.com	27306	2026-06-14
whathifi.com	10905	2026-06-13
whatsnew2day.com	14117	2025-01-27
whatson.ae	20463	2026-06-14
whatsonstage.com	10949	2026-06-14
whatsontv.co.uk	5261	2021-06-10
whbl.com	68169	2026-06-14
whby.com	9098	2026-06-12
whcuradio.com	10235	2024-06-23
whdg.com	16164	2026-06-13
whdh.com	53892	2026-06-14
whec.com	129530	2026-06-14
whidbeynewstimes.com	5900	2026-06-13
whig.com	59766	2026-06-14
whio.com	43331	2026-06-14
whitecourtstar.com	13146	2026-06-14
whitehorsestar.com	5917	2026-01-29
whitehouse.gov	6012	2026-03-17
whitsundaytimes.com.au	56923	2021-04-28
whittierdailynews.com	44373	2026-06-14
whiznews.com	14658	2026-06-14
whky.com	21088	2026-06-14
whmi.com	23744	2026-06-14
whnt.com	6192	2025-06-12
who.int	10171	2026-06-14
whopam.com	23483	2026-06-14
whqr.org	44950	2026-06-14
whro.org	14046	2026-06-14
whrpfm.com	8904	2026-06-11
whsv.com	28734	2026-06-14
whtc.com	47188	2026-06-14
whtimes.co.uk	54245	2026-06-14
whvoradio.com	13931	2026-05-31
whyy.org	26200	2026-06-14
wiartonecho.com	22018	2026-06-14
wibailoutpeople.org	5484	2026-06-14
wibc.com	27881	2026-06-14
wibqam.com	45131	2026-01-10
wibw.com	44972	2026-06-14
wibx950.com	29783	2026-06-14
wickedlocal.com	236673	2023-09-11
wicz.com	61708	2026-06-14
wifc.com	19261	2026-06-14
wifr.com	24299	2026-06-14
wigantoday.net	27415	2025-01-23
wiky.com	39515	2026-06-14
wild1029.com	9039	2026-06-13
wild1049hd.com	6114	2023-03-21
wild941.com	23263	2026-06-14
wiley.com	5258	2026-06-11
williamsondailynews.com	7193	2026-06-09
willistonherald.com	14084	2026-06-14
willitsnews.com	6326	2026-06-12
willmarradio.com	43651	2026-06-14
wilm-tv.com	8193	2021-09-20
wilmingtonbiz.com	12073	2025-01-22
wilsonpost.com	5372	2023-03-01
wilsontimes.com	5359	2026-06-14
wiltonbulletin.com	62996	2025-06-14
wiltsglosstandard.co.uk	114960	2026-06-14
wiltshiretimes.co.uk	144089	2026-06-14
wilx.com	32752	2026-06-14
wimbledonguardian.co.uk	118961	2026-06-14
wimsradio.com	16993	2026-06-14
winchesterstar.com	61144	2026-06-14
wincountry.com	19257	2026-06-13
windfm.com	6628	2026-06-14
windowscentral.com	33370	2026-06-14
windowstorussia.com	5923	2026-06-10
windpowermonthly.com	7158	2026-06-10
windsor.ctvnews.ca	20740	2025-04-09
windsorite.ca	19835	2025-09-22
windsorstar.com	57035	2026-06-14
windtech-international.com	9026	2026-06-12
wingsmagazine.com	5649	2026-06-12
wink104.com	10110	2026-06-13
winknews.com	53660	2026-06-14
winnipeg.ctvnews.ca	27808	2025-04-25
winnipegfreepress.com	314170	2026-06-14
winnipegsun.com	53599	2026-06-14
winonapost.com	10333	2026-06-13
winsfordguardian.co.uk	67252	2023-03-07
winteriscoming.net	8076	2026-06-14
wionews.com	25883	2026-02-12
wiov.com	7217	2026-06-13
wired.com	20361	2026-06-14
wiredprnews.com	26047	2025-10-24
wirralglobe.co.uk	131702	2026-06-14
wirx.com	19914	2026-06-10
wisbechstandard.co.uk	35327	2026-06-14
wisbusiness.com	13817	2026-06-12
wisc.edu	13585	2026-06-14
wiscassetnewspaper.com	24187	2026-06-14
wiscnews.com	66585	2026-06-14
wisconsin106.com	15308	2025-03-13
wisconsinagconnection.com	14496	2026-06-12
wisconsinrapidstribune.com	9142	2023-09-11
wisfarmer.com	5440	2023-09-11
wishtv.com	70773	2026-06-14
wislawjournal.com	11691	2026-06-03
wisn.com	72172	2026-06-14
wispolitics.com	20139	2026-06-14
wisr680.com	8786	2026-06-14
wistv.com	37764	2026-06-14
withinnigeria.com	12604	2026-03-04
witl.com	37060	2026-06-14
witn.com	35246	2026-06-14
witneygazette.co.uk	128537	2026-06-14
wits.ac.za	5301	2026-06-13
wivk.com	11929	2026-06-13
wixx.com	27191	2026-06-12
wiznation.com	12782	2026-06-14
wjactv.com	32071	2026-06-14
wjbc.com	39854	2026-06-12
wjbq.com	28142	2026-06-14
wjbr.com	12970	2025-12-04
wjcl.com	69394	2026-06-14
wjct.org	69613	2026-06-14
wjez.com	10573	2026-06-13
wjfw.com	20403	2026-06-14
wjhg.com	25081	2026-06-14
wjimam.com	23474	2025-12-01
wjla.com	46960	2026-06-14
wjle.com	5836	2026-06-14
wjmi.com	18966	2026-05-04
wjnt.com	23076	2026-04-22
wjol.com	34415	2026-06-14
wjon.com	37399	2026-06-14
wjoxam.com	50601	2026-04-07
wjr.com	43414	2026-06-13
wjrz.com	13310	2026-06-14
wjsu.org	19822	2025-03-11
wjtn.com	20165	2026-06-14
wjvl.com	5257	2025-03-09
wkar.org	17954	2026-06-14
wkbw.com	40531	2026-06-14
wkdq.com	36256	2026-06-14
wkdzradio.com	16787	2026-06-14
wkfr.com	24121	2026-06-14
wkjc.com	41656	2026-06-13
wkmi.com	17491	2025-11-30
wkml.com	15356	2026-06-14
wkms.org	53436	2026-06-14
wknofm.org	79955	2026-06-14
wkow.com	6158	2026-05-21
wkrb13.com	486644	2025-04-18
wksn.com	20113	2026-06-14
wksu.org	17996	2022-12-08
wktn.com	9857	2026-06-14
wktv.com	42280	2026-06-14
wkuherald.com	9428	2026-06-12
wkvi.com	7353	2026-06-12
wkxi.com	15993	2026-05-09
wkyc.com	70523	2026-06-06
wkyt.com	32224	2026-06-14
wkyufm.org	42797	2026-06-14
wkzo.com	76191	2026-06-14
wlav.com	10295	2026-06-14
wlbt.com	8276	2026-03-19
wlds.com	11430	2026-06-14
wlec.com	22501	2026-06-14
wlevradio.com	9620	2026-06-13
wlfi.com	25312	2026-06-14
wlip.com	22826	2026-06-12
wlkm.com	8559	2026-06-12
wlky.com	79915	2026-06-14
wlni.com	5321	2026-04-30
wlos.com	39127	2026-06-14
wlox.com	32584	2026-06-14
wlrfm.com	16114	2026-06-14
wlrh.org	26495	2026-06-14
wlrn.org	48555	2026-06-14
wlsam.com	54427	2026-06-12
wltribune.com	32323	2026-06-14
wltz.com	6306	2026-06-13
wlwi.com	6227	2026-06-13
wlwt.com	88867	2026-06-14
wmac-am.com	47842	2026-06-13
wmagazine.com	6254	2026-06-12
wmal.com	39367	2026-06-14
wmay.com	11097	2025-04-11
wmbfnews.com	38611	2026-06-14
wmcactionnews5.com	21076	2021-05-19
wmdt.com	33207	2026-06-14
wmfe.org	18986	2024-04-02
wmgk.com	15933	2026-06-14
wmicentral.com	10371	2026-06-12
wmmq.com	33523	2026-06-14
wmnf.org	7290	2026-06-14
wmot.org	24000	2025-08-12
wmra.org	43919	2026-06-14
wmtram.com	9717	2026-06-12
wmtv15news.com	18395	2026-06-14
wmtw.com	71812	2026-06-14
wmuk.org	23949	2026-06-14
wmur.com	92563	2026-06-14
wn.com	394997	2026-06-14
wnaw.com	18519	2026-06-14
wnax.com	8894	2026-06-12
wnbf.com	17672	2026-06-14
wncv.com	9028	2026-06-13
wncw.org	31276	2026-06-14
wncy.com	27458	2026-06-11
wnd.com	36681	2026-06-14
wndu.com	30557	2026-06-14
wnem.com	22768	2026-06-14
wnep.com	57274	2026-06-05
wnewsj.com	19288	2025-05-15
wnir.com	9538	2026-06-12
wnmtradio.com	19176	2022-12-08
wnmufm.org	70121	2026-06-14
wnpr.org	6587	2021-07-14
wnyt.com	45063	2026-03-11
woad.com	19065	2026-04-22
wobm.com	59052	2026-06-14
wogb.fm	17082	2026-06-13
wogx.com	18349	2026-06-12
wohfradio.com	28832	2026-06-14
wokq.com	27204	2026-06-14
wokv.com	61281	2026-06-14
womanandhome.com	24403	2026-06-14
womansworld.com	12247	2026-06-14
womenofchina.cn	11042	2025-06-09
womenshealthmag.com	16995	2026-06-14
wondradio.com	41248	2026-06-13
woodallscm.com	5323	2026-06-12
woodlandsonline.com	9789	2026-06-14
woodstocksentinelreview.com	40229	2026-06-14
woodwardnews.net	10372	2026-06-13
woodworkingnetwork.com	9527	2025-12-16
woonsocketcall.com	12313	2026-06-14
worcesternews.co.uk	105898	2026-06-14
wordpress.com	16984	2026-06-14
workers.org	5585	2026-03-06
workerscompensation.com	8260	2026-06-14
workersliberty.org	8719	2025-11-07
worksopguardian.co.uk	12974	2025-01-23
world-nuclear-news.org	7191	2026-06-12
worldbank.org	10172	2026-06-11
worldboxingnews.net	7275	2025-03-04
worldcasinodirectory.com	7719	2026-06-14
worldcrunch.com	14971	2025-01-23
worldipreview.com	5048	2026-06-11
worldoil.com	13477	2026-06-12
worldpoliticsreview.com	5188	2026-06-12
worldscreen.com	13861	2025-08-22
worldsoccertalk.com	14787	2022-08-10
worldtempus.com	6201	2026-06-11
wortfm.org	6174	2025-05-02
worthingherald.co.uk	6867	2022-02-10
worthplaying.com	13129	2026-06-12
worthynews.com	5541	2026-06-14
wosu.org	15140	2026-06-14
woub.org	10650	2026-06-13
wowo.com	9508	2026-06-14
wowt.com	37397	2026-06-14
wpbf.com	65222	2026-06-14
wpde.com	45973	2026-06-14
wpdh.com	44065	2026-06-14
wpr.org	11072	2026-06-14
wprl.org	54300	2025-10-06
wpsdlocal6.com	53275	2026-06-14
wpst.com	36581	2026-06-14
wpsu.org	64328	2026-06-14
wptv.com	51206	2026-06-14
wpxi.com	43145	2026-06-14
wqad.com	51386	2026-06-05
wqcs.org	55467	2026-06-14
wqel.com	5511	2026-06-13
wqut.com	21505	2026-06-13
wral.com	148805	2026-06-14
wraltechwire.com	12216	2025-11-06
wrcbtv.com	57393	2022-01-13
wrdw.com	37587	2026-06-14
wrestlezone.com	37280	2026-06-14
wrestlinginc.com	61451	2026-06-14
wrexham.com	15280	2026-06-14
wrfalp.com	7658	2026-06-12
wrganews.com	12047	2026-06-14
wrhi.com	5462	2026-06-12
wrif.com	29796	2026-06-14
writersdigest.com	5481	2026-06-13
wrjn.com	5192	2026-06-14
wrkf.org	36803	2026-06-14
wrkr.com	24337	2026-06-14
wrmf.com	10811	2026-06-14
wror.com	19997	2026-06-14
wrp.org.uk	6124	2026-06-13
wrrv.com	38606	2026-06-13
wruf.com	10553	2026-06-12
wrur.org	9329	2026-06-12
wrvo.org	60886	2026-06-14
wsau.com	102889	2026-06-14
wsaw.com	30281	2026-06-14
wsaz.com	27126	2026-06-14
wsbradio.com	60714	2026-06-14
wsbs.com	12658	2026-06-12
wsbt.com	37828	2026-06-14
wsbtv.com	52366	2026-06-14
wscountytimes.co.uk	6332	2022-02-09
wset.com	40355	2026-06-14
wsfa.com	31417	2026-06-14
wsfl.com	7036	2026-06-13
wsgw.com	20188	2026-06-12
wshu.org	40325	2026-06-14
wsiltv.com	53186	2026-06-14
wsiu.org	74710	2026-06-14
wsj.com	58639	2026-06-10
wsjm.com	30691	2026-06-13
wskg.org	6784	2026-03-08
wsls.com	132922	2026-06-14
wsmv.com	34683	2026-06-14
wsnewspublishers.com	7109	2025-08-29
wsoctv.com	43344	2026-06-14
wsrkfm.com	18377	2026-06-14
wsu.edu	8467	2026-06-11
wsvaonline.com	5422	2024-04-02
wsvn.com	46633	2026-06-14
wsws.org	39927	2026-06-13
wtae.com	78493	2026-06-14
wtap.com	5700	2026-03-19
wtaq.com	53258	2026-06-13
wtax.com	7000	2024-05-20
wtbdfm.com	11527	2024-01-02
wtbx.com	24718	2026-06-11
wthitv.com	36873	2026-06-14
wtka.com	15955	2024-08-27
wtkr.com	57110	2026-06-14
wtma.com	106246	2026-06-13
wtmj.com	41949	2026-06-14
wtmx.com	9877	2026-06-13
wtoc.com	34366	2026-06-14
wtok.com	23130	2026-06-14
wtol.com	61161	2026-06-06
wtop.com	87712	2026-06-14
wtov9.com	33166	2026-06-14
wtsp.com	75398	2026-06-06
wttf.com	30864	2026-06-14
wttw.com	14739	2025-12-16
wtug.com	18711	2026-06-14
wtva.com	46626	2026-06-14
wtvbam.com	54267	2026-06-14
wtvm.com	27038	2026-06-14
wtvq.com	19574	2026-06-14
wtvr.com	50605	2026-06-14
wtvy.com	21681	2026-06-14
wtxl.com	30307	2026-06-14
wuft.org	39083	2026-06-14
wuky.org	27017	2026-06-14
wunc.org	20862	2026-06-12
wupe.com	17480	2026-06-14
wusa9.com	68551	2026-06-05
wutc.org	39414	2026-06-14
wuuqradio.com	11849	2026-06-13
wuwf.org	52023	2026-06-14
wuwm.com	17242	2026-06-12
wvasfm.org	50045	2026-06-14
wvfm1065.com	5078	2020-12-07
wvgazettemail.com	43014	2026-06-14
wvik.org	51669	2026-06-14
wvlkam.com	68568	2026-06-13
wvlnam.com	8611	2026-06-11
wvmetronews.com	23668	2026-06-14
wvnews.com	110265	2026-01-24
wvpublic.org	12440	2026-06-13
wvrecord.com	5873	2025-05-20
wvtf.org	32644	2026-06-14
wvtm13.com	64703	2026-06-14
wvxu.org	42361	2026-06-14
wwaytv3.com	27917	2026-06-13
wwd.com	44223	2026-06-14
wweek.com	11846	2026-06-14
wwisradio.com	5176	2026-06-13
wwjb.com	5988	2025-02-24
wwki.com	5738	2026-06-13
wwltv.com	56312	2026-06-05
wwmt.com	39462	2026-06-14
wwno.org	45510	2026-06-14
wwnytv.com	25237	2026-06-14
wwqq101.com	5638	2026-06-14
wxerfm.com	18660	2026-06-14
wxfx.com	9219	2026-06-13
wxii12.com	75285	2026-06-14
wxkr.com	13795	2026-06-13
wxlo.com	9601	2026-06-14
wxow.com	51587	2026-06-14
wxpr.org	30350	2026-06-14
wxxinews.org	53843	2026-06-14
wxxv25.com	26455	2026-06-14
wxyz.com	51174	2026-06-14
wydaily.com	15298	2026-06-14
wyff4.com	78225	2026-06-14
wynn1063.com	20429	2026-06-11
wyomingnews.com	91408	2026-06-14
wyomingnewsnow.tv	35481	2026-06-14
wyomingpublicmedia.org	43505	2026-06-13
wypr.org	50892	2026-06-14
wyrk.com	42853	2026-06-14
wyshradio.com	5104	2026-06-13
wyso.org	43156	2026-06-14
wysu.org	24181	2026-06-14
wzid.com	6314	2026-06-14
wzozfm.com	18881	2026-06-14
wzpl.com	7662	2026-06-13
x1071.com	30769	2026-06-14
xboxachievements.com	9229	2025-04-26
xlcountry.com	13811	2026-06-14
xpatloop.com	10226	2026-06-11
xtra99.com	17292	2026-06-14
xxlmag.com	13422	2026-06-13
y-103.com	9567	2026-06-13
y100fm.com	7406	2026-06-14
y101.com	13825	2026-06-12
y101hits.com	9862	2026-06-13
y102montgomery.com	22732	2026-06-13
y105fm.com	40100	2026-06-14
y105music.com	25645	2026-06-14
y108.ca	8090	2026-06-08
y94.com	36497	2026-06-14
y95country.com	28415	2026-06-14
yachtsandyachting.com	29351	2026-06-14
yahoo.com	6324966	2026-06-14
yakimaherald.com	97693	2026-06-14
yaktrinews.com	8775	2023-06-26
yale.edu	11541	2026-06-12
yaledailynews.com	5862	2026-01-16
yalibnan.com	8913	2026-06-14
yambolnews.net	6474	2025-10-22
yanksgoyard.com	5220	2026-06-14
yankton.net	60235	2026-06-14
yardbarker.com	161920	2026-06-14
yasstribune.com.au	66283	2026-06-14
ycombinator.com	5849	2026-06-14
ydr.com	6710	2023-09-11
yellowhammernews.com	13448	2026-06-14
yen.com.gh	10134	2026-03-19
yenisafak.com	20714	2025-09-16
yeovilexpress.co.uk	58449	2023-06-08
yesweekly.com	10420	2026-06-13
yle.fi	16746	2026-06-12
yna.co.kr	6410	2026-03-12
ynaija.com	8829	2026-06-14
ynetnews.com	64593	2026-06-14
yorkdispatch.com	14408	2023-09-11
yorknewstimes.com	47423	2026-06-14
yorkpress.co.uk	164630	2026-06-14
yorkregion.com	11478	2026-06-14
yorkshireeveningpost.co.uk	26040	2025-01-23
yorkshirepost.co.uk	60971	2025-01-23
yorktonthisweek.com	42911	2021-07-29
youngwitness.com.au	19789	2026-06-12
youralaskalink.com	21929	2026-06-14
yourdemocracy.net	5300	2026-06-14
yourdemocracy.net.au	18289	2026-06-14
yourfortdodge.com	19774	2026-06-10
yourlocalguardian.co.uk	186047	2026-06-14
yourobserver.com	13482	2025-09-10
yoursourceone.com	79332	2026-06-14
yourstephenvilletx.com	5053	2026-06-13
yourstory.com	36277	2026-06-12
yourtango.com	46397	2026-06-14
yourthurrock.com	10702	2026-06-14
yovizag.com	6493	2026-06-13
ypradio.org	66267	2026-06-14
yubanet.com	8592	2026-06-13
yukon-news.com	6195	2026-06-14
yumasun.com	59214	2026-06-14
z100fm.com	5677	2026-06-10
z100missoula.com	14434	2026-06-14
z1023online.com	16843	2026-06-13
z103.fm	11188	2024-08-29
z1077fm.com	10951	2026-06-14
z937.com	20851	2026-06-13
z93jamz.com	15700	2026-06-14
z94.com	25813	2026-06-14
z943radio.com	8741	2025-01-06
z96.com	10337	2026-06-13
zawya.com	198854	2026-06-14
zazoom.it	10613	2026-06-09
zdnet.com	40036	2026-06-14
zerohedge.com	130671	2026-06-14
zfenglish.com	39463	2026-06-12
ziarelive.ro	5451	2024-08-01
zigwheels.com	20812	2026-06-12
zimbabwestar.com	51129	2026-06-14
zimeye.net	10465	2026-06-14
zizonline.com	6499	2026-06-12
zmescience.com	12989	2026-06-14
znsbahamas.com	5593	2026-06-13
zonebourse.com	6769	2026-05-15
zrock103.com	8946	2026-06-13
zululandobserver.co.za	18680	2023-08-31
