1005freshradio.ca	8946	2026-07-18
1009theeagle.com	11640	2026-08-10
1010wcsi.com	7307	2025-08-27
1011now.com	33265	2026-08-16
1015hankfm.com	9175	2025-07-28
1015thehawk.com	10170	2026-03-23
1015vibe.com	8399	2026-08-15
1019thebeatfm.com	9206	2025-05-15
1019thekeg.com	26327	2026-05-12
1019therock.com	25442	2026-08-16
1021thefox.com	9185	2026-08-16
1023thebullfm.com	17945	2026-07-01
1023thewolf.com	8196	2026-07-24
1025kiss.com	37415	2026-08-15
1025wowcountry.com	7469	2026-08-16
1027kord.com	32971	2026-08-16
1027thevibe.com	7794	2026-08-16
102thebear.com	6083	2026-08-16
1031freshradio.ca	8924	2026-08-12
1033theeagle.com	6661	2026-08-13
1033wvyb.com	8635	2026-08-14
1035kissfmboise.com	24863	2026-08-15
1035theeagle.com	9324	2026-07-29
1037theloon.com	27549	2026-08-16
1039wvbo.com	27663	2026-08-16
103gbfrocks.com	36109	2026-08-16
103kkcn.com	19330	2026-08-15
103weup.com	9932	2026-08-15
103wjod.com	23576	2026-08-16
1041wdlt.com	9462	2026-08-16
1043freshradio.ca	8348	2026-06-29
1043theparty.com	7355	2026-08-16
1045bobfm.com	5391	2024-09-10
1045freshradio.ca	7542	2026-08-13
1045theteam.com	22855	2026-08-16
1045thezone.com	30108	2026-08-16
1045wjjk.com	5853	2026-08-16
1049maxcountry.com	8001	2021-04-15
1049nashicon.com	5857	2026-08-16
1049thebeat.com	17844	2026-08-15
1049theedge.com	7670	2023-01-13
1049thewolf.com	15937	2026-08-15
104thehawk.com	10937	2026-08-16
1050talk.com	7314	2020-02-18
1053hotfm.com	6051	2026-08-16
1055thehawk.com	6159	2024-06-16
1057thehawk.com	55923	2026-08-16
1057thepoint.com	15933	2026-08-16
1057thex.com	9250	2026-08-16
1059thehog.com	9298	2026-06-27
1063cowboycountry.com	6354	2021-01-15
1063thebuzz.com	30922	2026-08-16
1063thegroove.com	7848	2026-08-16
1065thearch.com	11995	2026-08-14
1065thebuzz.com	15700	2026-08-16
1069morefm.com	6042	2022-09-07
1073modfm.com	24944	2026-08-10
1073theeagle.com	9289	2026-08-14
1073wsjy.com	5991	2025-11-22
1075daverocks.com	7756	2026-08-16
1075koolfm.com	7691	2026-08-14
1075thegame.com	41413	2026-08-16
1075zoofm.com	8459	2022-07-07
1077thebone.com	7142	2026-08-15
1079ishot.com	48031	2026-08-16
107jamz.com	17615	2026-08-16
1090kaay.com	19750	2026-08-16
10news.com	97391	2026-08-16
10tv.com	62651	2026-06-25
1150kknw.com	5726	2026-08-16
1170kfaq.com	5326	2020-05-08
11alive.com	76527	2026-06-06
1280wnam.com	22183	2026-02-02
1290wlby.com	38447	2026-08-16
12news.com	62356	2026-06-26
12newsnow.com	54381	2026-06-06
12onyourside.com	12841	2026-08-16
1310kfka.com	13855	2026-08-14
1310news.com	29075	2020-12-03
1350kman.com	15793	2026-08-16
1370wfea.com	8698	2026-08-14
1380kcim.com	8887	2026-03-18
13abc.com	29518	2026-08-15
13newsnow.com	73852	2026-06-06
13wham.com	41529	2026-08-16
13wmaz.com	59415	2026-06-06
1470kyyw.com	8953	2026-08-14
1470wmbd.com	10508	2023-03-10
1490wosh.com	81706	2026-08-16
14news.com	40801	2026-08-16
1520theticket.com	53163	2026-06-29
1590walg.com	17537	2020-08-26
1630kcjj.com	13928	2026-08-16
1660thefan.com	10612	2020-12-04
1prime.biz	32781	2023-12-29
247sports.com	6960	2023-02-02
247wallst.com	17129	2026-08-16
27east.com	7911	2026-08-15
29news.com	10730	2026-08-15
2ec.com.au	5255	2026-08-16
2gb.com	31590	2026-08-16
2hd.com.au	5912	2024-12-18
2lt.com.au	15817	2026-08-16
2merkato.com	5198	2026-08-15
2news.com	81811	2026-08-16
2nm.com.au	5200	2026-08-15
2paragraphs.com	14439	2026-08-16
360cities.net	23862	2026-06-04
360nobs.com	5978	2020-10-03
3aw.com.au	19396	2026-08-16
3blmedia.com	8295	2026-08-14
3quarksdaily.com	9653	2026-05-24
4029tv.com	65430	2026-08-16
411mania.com	105251	2025-11-29
41nbc.com	26608	2026-08-16
4bc.com.au	27818	2026-08-16
4ni.co.uk	13901	2026-08-15
51.ca	7477	2026-08-12
5280.com	5610	2026-08-15
560cfos.ca	11980	2025-07-31
570news.com	56393	2021-10-17
5newsonline.com	51740	2026-06-06
5tjt.com	10304	2026-06-04
6000.co.za	5255	2026-08-16
620ckrm.com	26203	2026-08-16
640wxsm.com	68515	2026-08-16
660wxqw.com	20062	2025-06-14
680kfeq.com	13562	2026-08-13
680news.com	113457	2021-10-17
6abc.com	61069	2026-08-16
6pr.com.au	10611	2026-08-16
702.co.za	24442	2024-01-15
710keel.com	26029	2026-08-16
730ckdm.com	6620	2026-08-16
740thefan.com	28515	2026-08-16
790business.com	41914	2022-08-10
790wpic.com	61852	2026-07-20
7news.com.au	5070	2026-03-12
7newsbelize.com	38210	2026-08-15
7thspace.com	39838	2024-09-15
850wftl.com	18211	2026-05-06
895thelake.ca	8534	2023-11-21
90min.com	58926	2025-09-29
915thebeat.com	8648	2026-08-13
919thebend.ca	10859	2026-02-10
91x.fm	5235	2026-07-08
921theticket.com	85879	2026-08-16
921wrou.com	25343	2026-08-10
927thedrive.net	19737	2026-08-15
927thevan.com	17743	2026-08-16
929nin.com	47234	2026-08-16
929peakfm.com	13769	2026-08-16
929thebull.com	31084	2026-08-16
929thelake.com	30553	2026-08-16
929theticket.com	9372	2026-08-16
929zzu.com	8854	2026-08-16
92moose.fm	29045	2026-08-15
92q.com	17421	2026-08-16
92qnashville.com	10478	2026-08-16
931coast.com	6712	2026-08-14
931freshradio.ca	8090	2026-08-16
931kmkt.com	18248	2026-08-10
931thebeat.com	9174	2026-08-16
931theborder.ca	8735	2025-09-08
933nashicon.com	5759	2026-08-16
933thedrive.com	38219	2026-08-16
937kclb.com	9653	2026-08-10
937kcountry.com	5179	2026-08-15
937nashicon.com	7073	2025-03-17
937theeagle.com	5814	2026-08-11
93q.com	19414	2026-08-16
93x.com	5503	2026-08-16
940wfaw.com	27438	2024-10-06
941theduke.com	7619	2026-08-14
943jackfm.com	22870	2026-08-15
943thepoint.com	57001	2026-08-16
945thehawkradio.com	5917	2026-08-16
945themoose.com	8680	2026-08-14
947wls.com	5727	2026-08-14
949whom.com	28734	2026-08-14
951kbby.com	8873	2026-08-16
953thebear.com	31014	2026-08-16
953thescore.com	60641	2026-08-16
955glo.com	9001	2026-08-16
955wtvy.com	6028	2026-08-15
959kissfm.com	12332	2026-08-16
95kqds.com	9651	2026-08-14
95rockfm.com	31427	2026-08-15
95sx.com	10338	2026-08-16
961jamz.com	8888	2026-08-16
961theeagle.com	34461	2026-08-16
963bigfm.com	7371	2026-08-11
963jackfm.com	8494	2026-08-14
963kklz.com	16796	2026-08-16
963theblaze.com	27666	2026-08-16
963wdvd.com	5195	2026-08-14
963xke.com	6194	2026-08-16
965bobfm.com	7279	2024-08-08
965kvki.com	39330	2026-08-16
965therock.com	20177	2026-08-15
967theeagle.net	32476	2026-08-16
969therock.com	14913	2026-08-10
96fm.ie	5774	2026-08-15
96krock.com	27053	2026-08-06
96kzel.com	9071	2026-08-16
971kissfm.com	5102	2022-09-16
973thedawg.com	46107	2026-08-16
975kgkl.com	21459	2026-08-15
975klak.com	6919	2020-05-30
975now.com	34697	2026-08-16
975thevibe.com	22645	2026-08-16
975wabd.com	11049	2026-08-16
977thebay.com	6097	2026-08-15
977theriver.com	12897	2025-05-26
979kickfm.com	31899	2026-08-16
979nashicon.com	5484	2026-08-16
979x.com	10413	2026-08-16
97rockonline.com	33234	2026-08-16
97x.com	22102	2026-08-15
97xonline.com	7944	2026-08-14
97zokonline.com	38616	2026-08-16
980waav.com	77019	2026-08-16
981thehawk.com	35784	2026-08-16
981themax.com	9235	2026-08-16
983nashicon.com	5924	2026-08-16
983thecoast.com	34934	2026-08-10
983thesnake.com	21562	2026-08-16
983wlcs.com	6154	2026-07-27
985kissfm.net	6071	2026-08-16
985thebull.com	12688	2026-08-10
987jack.com	23557	2026-08-15
987thebomb.com	6531	2026-08-13
987thebull.com	11553	2026-08-12
989magicfm.com	10498	2026-08-16
989xfm.ca	5662	2026-08-14
98cool.ca	11039	2026-08-16
98fm.com	14189	2026-08-14
98kupd.com	9163	2026-08-14
98q.com	7069	2026-08-14
98rocks.fm	18119	2026-08-13
98theticket.com	15783	2021-01-15
991thewhale.com	32441	2026-08-16
993kjoy.com	9700	2026-08-16
993thex.com	6073	2026-07-24
995qyk.com	21167	2026-08-16
995thewolf.com	7195	2026-08-14
997wtn.com	79228	2026-07-20
999ktdy.com	35632	2026-08-16
999thefoxrocks.com	7176	2026-08-16
999thepoint.com	27051	2026-08-16
99jamzmiami.com	5404	2026-08-15
9and10news.com	61096	2026-08-15
9news.com	62857	2026-06-05
9news.com.au	107292	2026-05-31
9thlevel.ie	8248	2025-12-04
9to5mac.com	21708	2026-08-16
aa.com.tr	87654	2026-08-16
aaj.tv	6866	2025-10-27
aarp.org	13938	2026-08-14
aawsat.com	123827	2026-08-16
abajournal.com	10706	2026-08-16
abbynews.com	32844	2026-08-16
abc-7.com	25368	2025-02-05
abc.net.au	195198	2026-08-16
abc10.com	72693	2026-06-25
abc11.com	77074	2026-08-16
abc12.com	36119	2026-08-16
abc13.com	85030	2026-08-16
abc15.com	54484	2026-08-16
abc17news.com	107486	2026-08-16
abc23.com	10431	2026-08-16
abc30.com	67638	2026-08-16
abc3340.com	41468	2026-08-16
abc57.com	58512	2026-08-16
abc6.com	10148	2026-01-23
abc6onyourside.com	40619	2026-08-16
abc7.com	71086	2026-08-16
abc7amarillo.com	32445	2026-08-16
abc7chicago.com	98362	2026-08-16
abc7news.com	77223	2026-08-16
abc7ny.com	84360	2026-08-16
abcactionnews.com	47042	2025-08-18
abcaudio.com	5535	2026-06-09
abccolumbia.com	41241	2026-08-16
abcfoxmontana.com	10097	2020-03-03
abcnews.com	16747	2026-08-16
abcnews4.com	47274	2026-08-16
abcnewsradioonline.com	21946	2021-04-12
abebooks.co.uk	5398	2023-12-06
aberdeennews.com	16891	2023-09-11
abnnewswire.net	7317	2026-08-13
aboutmyarea.co.uk	7782	2026-06-14
abovethelaw.com	27551	2026-08-14
abplive.com	7280	2026-03-17
abqjournal.com	85947	2026-08-16
abs-cbn.com	45218	2025-02-12
abstvradio.com	8770	2026-08-15
accesswdun.com	132647	2026-05-26
accountantsdaily.com.au	6825	2026-08-16
accountingtoday.com	18868	2026-08-15
aceshowbiz.com	109555	2026-08-16
ack.net	7196	2026-08-16
acm.org	8233	2025-11-11
acrofan.com	16721	2024-06-05
acs.org	8430	2026-08-15
actionforex.com	42678	2026-08-15
actionnews5.com	20682	2026-08-16
actionnewsjax.com	42595	2026-08-16
actionnewsnow.com	17223	2026-03-19
actmedia.eu	16982	2026-08-14
actuarialpost.co.uk	6537	2026-08-14
adage.com	9059	2026-07-23
adb.org	5258	2026-08-13
adelaidenow.com.au	56534	2024-07-27
adgully.com	77248	2026-08-15
adirondackdailyenterprise.com	16924	2026-04-13
adn.com	46801	2026-08-16
adnews.com.au	11543	2026-08-14
adsoftheworld.com	7091	2022-05-07
advanced-television.com	16964	2026-08-15
advancedbiofuelsusa.info	14500	2023-07-26
advertiser.ie	5124	2026-08-15
advertisernewssouth.com	5207	2026-08-14
advisor.ca	10865	2026-07-14
advocate-news.com	18070	2026-08-16
advocate.com	9001	2026-08-14
advocateanddemocrat.com	29667	2026-08-16
adweek.com	32084	2026-08-14
aei.org	22886	2026-08-14
aero-news.net	93445	2026-08-16
aerospace-technology.com	5672	2024-11-14
aerotechnews.com	7740	2026-08-14
af.mil	23754	2025-02-27
afa.net	5068	2026-08-14
afaqs.com	13852	2026-08-16
afar.com	7581	2026-08-14
afghanislamicpress.com	5648	2026-08-16
afghanistannews.net	55629	2026-08-16
afghanistansun.com	52394	2026-08-16
afghanistantimes.af	5533	2022-02-18
afl.com.au	16865	2026-08-16
afloat.ie	22337	2026-08-07
afn.net	7605	2024-09-08
afr.com	152367	2026-08-16
afr.net	8263	2026-08-16
africa-newsroom.com	43969	2026-08-16
africa.com	24519	2026-08-15
africabusiness.com	6824	2026-08-14
africaintelligence.com	12170	2026-08-07
africaleader.com	100485	2026-08-16
african.business	13985	2025-12-02
africanews.com	45464	2026-08-16
africanexaminer.com	17773	2026-07-23
afro.com	8158	2026-08-16
afropages.fr	37473	2025-09-18
agassizharrisonobserver.com	42233	2026-08-16
agenda.ge	9624	2025-02-27
aginfo.net	23231	2026-08-16
agnews890.com	5708	2026-08-01
agreenliving.org	5844	2022-05-27
agri-pulse.com	6784	2026-08-16
agriculture.com	27864	2026-03-17
agriland.ie	45203	2026-01-13
agrinews-pubs.com	13287	2026-08-16
agupdate.com	17153	2026-08-13
agweek.com	12309	2026-08-15
agwired.com	8258	2026-08-16
ahram.org.eg	100191	2026-08-07
ai-cio.com	5398	2026-08-14
aidesep.org.pe	5933	2025-10-03
aikenstandard.com	5935	2023-06-19
ainonline.com	9972	2026-08-14
airdriecityview.com	43048	2025-01-23
airdrieecho.com	9227	2026-08-16
airdrietoday.com	18510	2023-05-11
airforce-technology.com	6928	2026-08-16
airforcetimes.com	9377	2026-08-14
airliners.net	10712	2026-04-23
airport-technology.com	6135	2026-07-23
ajc.com	73311	2026-08-16
ajmc.com	14664	2026-04-24
ajot.com	10060	2026-08-11
ajp.com.au	6395	2026-08-16
akp.gov.kh	23236	2026-08-15
akronnewsreporter.com	8594	2026-08-16
al-monitor.com	48965	2026-08-16
al.com	75487	2026-03-25
alabamanews.net	13758	2023-04-13
alabamawx.com	14666	2025-08-14
alamogordonews.com	6068	2026-08-15
alarabiya.net	20388	2025-12-05
alaraby.co.uk	8389	2022-11-16
alaska-native-news.com	8638	2026-08-15
alaskahighwaynews.ca	45396	2023-11-01
alaskapublic.org	8404	2026-08-15
alaskasnewssource.com	12166	2026-08-16
albanyherald.com	81229	2025-06-06
albawaba.com	71907	2026-08-16
alberta.ca	5522	2026-08-15
albuquerqueexpress.com	94365	2026-08-16
aldergrovestar.com	32588	2026-08-16
aldianews.com	8974	2026-08-14
aleteia.org	18051	2026-08-16
algemeiner.com	36794	2026-08-14
alice1077.com	10533	2026-08-16
alice965.com	14476	2026-08-13
alipac.us	32713	2026-08-16
aljazeera.com	121382	2026-08-16
allaboutthejersey.com	5364	2026-08-16
allaccess.com	12520	2024-11-05
allafrica.com	582983	2026-08-16
alleywatch.com	21002	2026-08-13
allhiphop.com	23665	2026-08-16
alligator.org	8767	2026-08-16
allkpop.com	61988	2026-08-16
allmediany.com	7207	2020-10-14
allthehitsb951.com	10283	2026-08-16
alltoc.com	8831	2026-04-15
allure.com	6851	2026-08-15
almanacnews.com	12047	2026-08-15
almanar.com.lb	11558	2026-01-24
almayadeen.net	5251	2025-01-26
alt1017.com	10060	2024-11-19
altaz933.com	7252	2026-08-15
altenergymag.com	9051	2026-08-05
alternet.org	32243	2026-08-16
altondailynews.com	9971	2021-06-21
altoonamirror.com	22002	2026-08-16
altpress.com	9018	2025-01-23
am-online.com	20323	2025-12-12
am1050.com	7241	2024-08-08
am1070theanswer.com	5920	2024-05-17
am1100theflag.com	18223	2026-08-12
am1590theanswer.com	6050	2022-07-01
am920theanswer.com	5919	2024-05-17
am9501007fm.com	27723	2026-06-08
am970theanswer.com	5919	2024-05-17
amarillo.com	9981	2023-09-11
amarillosrockstation.com	9200	2026-08-16
amarujala.com	148264	2026-06-15
amazinavenue.com	8648	2026-08-16
amazingmadison.com	26517	2026-08-16
amazonaws.com	35940	2026-08-04
americamagazine.org	15012	2026-08-14
americanbanker.com	26343	2026-08-15
americanbazaaronline.com	9302	2026-08-16
americanfreepress.net	10087	2026-06-11
americanisraelite.com	7072	2026-08-12
americanpress.com	27222	2026-08-15
americansongwriter.com	48851	2026-08-16
americanthinker.com	51047	2026-08-16
americantop40.com	13888	2026-08-15
amestrib.com	8559	2023-09-11
amherstbulletin.com	5118	2026-08-07
ammonnews.net	14003	2026-08-15
amny.com	20571	2026-08-16
amren.com	20657	2026-08-16
amsterdamnews.com	10139	2026-08-16
analystratings.com	5117	2021-04-29
anandabazar.com	12880	2023-08-22
ancient-origins.net	20273	2026-08-16
andhrawishesh.com	6851	2026-05-02
andina.pe	10818	2025-04-22
andoveradvertiser.co.uk	106853	2026-08-16
androidauthority.com	20726	2026-08-16
androidcentral.com	38482	2026-08-16
androidcommunity.com	6682	2022-02-03
androidheadlines.com	38407	2026-07-30
androidpolice.com	37882	2026-08-16
angelusnews.com	5383	2026-08-14
anglocelt.ie	47172	2026-08-16
angop.ao	7651	2025-01-03
anhuinews.com	18029	2026-08-14
animenewsnetwork.com	59865	2025-09-07
aninews.in	557193	2026-08-16
annistonstar.com	25963	2026-08-16
ansa.it	14742	2026-08-14
ansamed.info	9391	2023-03-13
antaranews.com	73672	2026-08-16
antigojournal.com	32807	2026-08-16
antiguaobserver.com	14292	2026-08-14
antiwar.com	22386	2026-08-16
antonyloewenstein.com	6814	2026-08-16
aol.co.uk	252280	2026-08-16
aol.com	278549	2026-08-16
ap.org	20431	2026-06-04
apartmenttherapy.com	14278	2026-04-26
apnews.com	386275	2025-03-05
app.com	16834	2023-09-11
app.com.pk	33134	2026-04-24
appeal-democrat.com	19471	2026-08-16
applevalleynewsnow.com	9160	2026-08-16
apr.org	32727	2026-08-16
aps.dz	13203	2026-08-16
aqha.com	5136	2026-03-27
arabherald.com	112755	2026-08-16
arabianbusiness.com	34763	2026-01-29
arabnews.com	168009	2026-08-16
arabtimesonline.com	48035	2026-08-16
araratadvertiser.com.au	23503	2026-08-16
archaeology.org	5614	2026-08-14
archdaily.com	83346	2026-08-16
archinect.com	42676	2026-08-16
architectsjournal.co.uk	18553	2026-08-14
architecturaldigest.com	8694	2026-08-15
architectureanddesign.com.au	19254	2026-08-13
archyde.com	14291	2025-01-27
ardmoreite.com	5644	2026-08-10
areadevelopment.com	6860	2026-08-16
areanews.com.au	49726	2026-08-16
argentinastar.com	37143	2026-08-16
argus-press.com	11560	2026-08-15
argusleader.com	11421	2023-09-10
argusmedia.com	7586	2026-08-14
argusobserver.com	14919	2026-08-15
argyllshireadvertiser.co.uk	5460	2024-01-25
ariananews.af	18827	2026-08-16
arirang.co.kr	11819	2022-10-11
arirang.com	11761	2022-10-11
arizona.edu	6953	2026-08-15
arizonadailyindependent.com	11839	2026-08-16
arka.am	10380	2026-08-14
arkansasbusiness.com	16124	2026-03-11
arkansasonline.com	171607	2026-08-16
arkansasrazorbacks.com	8274	2026-08-15
arktimes.com	20254	2026-08-15
arlnow.com	28267	2026-08-16
armenianweekly.com	6525	2026-08-14
armenpress.am	85985	2025-06-04
armidaleexpress.com.au	53849	2026-08-16
armstrongeconomics.com	11006	2026-08-16
army-technology.com	8541	2026-08-16
army.mil	5081	2026-06-18
armytimes.com	10094	2026-08-15
arn.ps	13022	2026-08-16
arnnet.com.au	18114	2026-08-14
arrowheadaddict.com	6619	2026-08-16
arrowheadpride.com	15119	2026-08-16
arsenal.com	14060	2026-07-22
arsenalnews.co.uk	59753	2026-08-16
arstechnica.com	14372	2026-08-16
artdaily.com	48022	2026-08-16
artemis.bm	6210	2026-08-14
artfixdaily.com	6664	2025-11-18
artforum.com	5123	2026-08-15
artnet.com	19077	2026-08-07
artnews.com	9079	2026-08-16
artsjournal.com	9738	2026-08-15
arynews.tv	31366	2026-08-16
as.com	10088	2026-03-19
asahi.com	44418	2026-08-16
asbarez.com	6735	2026-07-15
ashepostandtimes.com	13725	2026-08-14
ashleycountyledger.com	30494	2026-08-14
asiaasset.com	6033	2026-08-16
asiabulletin.com	98788	2026-08-16
asianage.com	35415	2026-08-15
asianews.it	14986	2026-07-09
asianews.network	28402	2026-08-14
asianimage.co.uk	82427	2026-08-16
asianjournal.com	11778	2026-08-15
asiaone.com	149542	2026-08-16
askmen.com	5934	2026-06-04
aspendailynews.com	50060	2026-08-16
aspenpublicradio.org	46169	2026-08-16
aspentimes.com	21313	2026-08-16
astanatimes.com	9042	2026-08-16
astroawani.com	7022	2025-11-17
astronomy.com	6213	2026-08-16
asurampage.com	6090	2026-08-14
at40.com	6095	2021-10-15
athens-times.com	105578	2026-07-26
athensmessenger.com	8917	2026-08-15
athensreview.com	18973	2026-08-16
athleticsnation.com	5446	2026-08-16
atholdailynews.com	20612	2026-08-15
atlantablackstar.com	28181	2026-06-04
atlantaleader.com	15950	2026-08-16
atlantanewsfirst.com	27994	2026-08-16
atlantic.ctvnews.ca	32788	2025-01-23
atlanticcouncil.org	8355	2026-08-16
attackofthefanboy.com	20939	2026-08-16
attitude.co.uk	7272	2026-08-14
atvtoday.co.uk	19648	2026-08-16
auburnpub.com	65353	2026-08-16
augustafreepress.com	38465	2026-08-16
austinchronicle.com	31349	2026-08-15
austinglobe.com	87748	2026-08-16
australianherald.com	39316	2026-08-16
australiannews.net	78096	2026-08-16
autoblog.com	23954	2026-06-28
autocarindia.com	20406	2026-08-16
autoconnectedcar.com	5852	2026-08-16
autoevolution.com	85876	2026-05-10
autoexpress.co.uk	17066	2026-08-16
autonews.com	18592	2026-06-18
autoremarketing.com	6102	2026-08-14
autospies.com	24477	2026-08-16
autoweek.com	13089	2026-08-16
avclub.com	26821	2026-05-14
avenuemail.in	19906	2026-08-05
averyjournal.com	11753	2026-08-16
avherald.com	5991	2026-08-16
aviationweek.com	20329	2026-08-14
avn.com	11836	2026-08-15
avondhupress.ie	5649	2026-08-16
avweb.com	7644	2026-08-14
awesome98.com	30228	2026-08-15
awfulannouncing.com	29114	2026-08-16
awn.com	9050	2026-08-16
axios.com	16472	2024-06-05
axisoflogic.com	6291	2022-07-23
axs.com	10667	2025-01-20
aysor.am	5401	2026-08-14
azbigmedia.com	13200	2026-08-16
azbusinessdaily.com	9052	2024-01-25
azcapitoltimes.com	7867	2026-08-16
azcardinals.com	5152	2026-08-16
azcentral.com	69880	2023-09-11
azdailysun.com	49510	2026-08-16
azerbaijannews.net	63201	2026-08-16
azernews.az	58013	2026-08-16
azertag.az	46217	2026-06-23
azfamily.com	50470	2026-08-16
azocleantech.com	9019	2026-08-14
azom.com	15657	2026-08-14
azonano.com	5818	2026-08-14
azorobotics.com	5051	2026-08-14
azpbs.org	6992	2026-08-11
azsnakepit.com	7285	2026-08-16
b100quadcities.com	29222	2026-08-15
b1027.com	28389	2026-08-16
b1039.com	17884	2026-04-17
b1047.com	5589	2026-08-16
b105country.com	15146	2026-08-16
b106fm.com	8766	2026-08-16
b92.net	11321	2026-07-19
b93.net	29703	2026-08-15
b93radio.com	17776	2026-08-16
b975.com	11011	2026-08-14
b97hawaii.com	6881	2026-07-30
b98.com	9820	2026-08-16
b985.com	11390	2026-08-16
b985.fm	33131	2026-08-16
b987.com	6199	2026-08-16
badlefthook.com	11698	2026-08-16
baguiomidlandcourier.com.ph	5491	2024-07-30
baidu.com	49445	2026-08-16
bainbridgereview.com	5301	2026-08-14
bakercityherald.com	7914	2026-08-16
bakersfield.com	94525	2026-08-16
bakersfieldnow.com	38679	2026-08-16
bakeryinfo.co.uk	5136	2025-09-05
balkaninsight.com	6961	2026-08-14
ballinaadvocate.com.au	34874	2021-04-28
balloon-juice.com	20047	2026-03-11
ballot-access.org	7286	2026-08-16
balls.ie	5103	2026-08-16
ballstatedaily.com	6910	2026-07-15
baltic-course.com	5550	2026-04-04
baltictimes.com	18324	2026-08-14
baltimorebeatdown.com	7241	2026-08-16
baltimoreravens.com	8764	2026-08-16
baltimorestar.com	100259	2026-08-16
baltimoresun.com	137618	2026-08-16
bamsmackpow.com	6217	2026-08-16
banana1015.com	28992	2026-08-15
banburycake.co.uk	41634	2023-03-07
banburyguardian.co.uk	14854	2025-01-23
bandt.com.au	18841	2026-08-14
bangkokpost.com	150704	2026-08-16
bangladeshinfo.com	12248	2025-06-14
bangladeshsun.com	68922	2026-08-16
banglamirrornews.com	23689	2026-06-08
banglanews24.com	5026	2025-10-28
bangordailynews.com	53254	2026-08-16
bankerandtradesman.com	13559	2026-08-16
bankinfosecurity.com	15941	2026-08-14
bankingnews.gr	6366	2026-08-16
banklesstimes.com	11479	2026-07-31
banksnews.gr	10591	2025-07-24
baptistnews.com	7284	2026-08-14
barandbench.com	34300	2026-08-15
barbadostoday.bb	41577	2026-08-16
barcablaugranes.com	17479	2026-08-16
baristanet.com	5189	2023-08-22
barnsleychronicle.com	5523	2025-10-16
barrie.ctvnews.ca	20049	2025-01-23
barrons.com	76655	2026-06-18
barryanddistrictnews.co.uk	93138	2026-08-16
bartlesvilleradio.com	39154	2026-08-16
basildonstandard.co.uk	30362	2021-03-11
basingstokegazette.co.uk	113397	2026-08-16
bassresource.com	5177	2025-04-17
batemansbaypost.com.au	71956	2026-08-16
batonrougepost.com	48854	2026-08-16
baxterbulletin.com	9401	2026-08-15
bay939.com.au	5852	2026-08-16
baylorlariat.com	6002	2026-06-23
baynews9.com	8091	2026-08-09
bayshorebroadcasting.ca	14317	2026-08-16
baystreet.ca	38276	2026-08-15
baytownsun.com	19223	2026-08-15
bbc.co.uk	343007	2026-08-16
bbc.com	214714	2026-08-16
bbj.hu	9401	2025-10-20
bc.ctvnews.ca	35669	2025-01-23
bcdemocrat.com	7924	2025-07-02
bchomez.com	35967	2026-07-24
bclocalnews.com	7159	2020-04-07
bcps.org	38714	2026-08-05
bctv.org	5487	2026-08-14
bdnews24.com	65821	2025-11-13
bdonline.co.uk	9209	2025-09-05
bdtonline.com	60794	2026-08-16
beach951.com	16598	2026-08-16
bear104.com	13515	2026-08-16
bearingarms.com	20525	2026-08-16
beat.com.au	16527	2026-06-04
beat102103.com	8465	2026-08-12
beatricedailysun.com	52360	2026-08-15
beaufortcountynow.com	16342	2026-08-16
beaumontenterprise.com	67505	2025-11-18
beaver1003.com	8535	2026-08-13
beckersasc.com	11332	2026-08-01
beckershospitalreview.com	27729	2026-08-01
beckersspine.com	7564	2026-08-01
bedfordgazette.com	18564	2026-08-15
bedfordtoday.co.uk	15205	2025-01-23
beefcentral.com	5828	2026-08-16
beefmagazine.com	5014	2025-01-01
begadistrictnews.com.au	61338	2026-08-16
behindthesteelcurtain.com	17201	2026-08-16
beijingbulletin.com	111250	2026-08-16
belfastlive.co.uk	108420	2026-08-16
belfasttelegraph.co.uk	131950	2026-02-16
belgrade-news.com	5968	2026-08-15
bellanaija.com	11539	2026-08-16
belmondnews.com	5764	2026-01-26
beloitdailynews.com	36476	2026-08-16
bemidjipioneer.com	38707	2026-08-16
benarnews.org	5320	2025-09-02
bendbulletin.com	50611	2026-08-16
bendigoadvertiser.com.au	66394	2026-08-16
bendsource.com	13909	2026-08-16
benefitscanada.com	7129	2026-08-14
beniciaindependent.com	5318	2026-08-09
benningtonbanner.com	47389	2026-08-16
benzinga.com	342285	2026-08-06
berkeley.edu	5415	2026-08-16
berkshireeagle.com	71520	2026-08-16
berksmontnews.com	5896	2021-08-26
bernama.com	21124	2026-03-19
bernews.com	28770	2026-08-16
bestmediainfo.com	24554	2026-08-16
bet.com	21764	2026-08-12
betakit.com	6636	2026-08-14
betanews.com	14454	2026-01-15
bethesdamagazine.com	10139	2026-08-15
bevnet.com	19188	2026-07-03
bexhillobserver.net	5028	2022-02-09
bfi.org.uk	5056	2026-08-14
bgdailynews.com	66623	2026-08-16
bgnes.com	8389	2026-08-16
bgr.com	28618	2026-08-16
bgr.in	20873	2023-01-29
bhaskar.com	5190	2026-08-16
bhg.com	12912	2026-03-17
bhpioneer.com	33888	2026-08-16
bianet.org	17757	2026-08-16
biblestudytools.com	5945	2026-08-14
bicesteradvertiser.net	126782	2026-08-16
big104fm.com	7579	2026-04-24
bigblueview.com	17599	2026-08-16
bigcountry1073.com	5835	2026-08-16
bigcountry969.com	24447	2026-08-16
bigcountry995.com	50899	2026-06-30
bigfrog104.com	36209	2026-08-16
biggleswadetoday.co.uk	9031	2025-01-23
bigislandnow.com	9930	2026-08-16
bigissue.com	10137	2026-08-14
bignewsnetwork.com	876496	2026-08-16
bigoven.com	10211	2026-08-16
bigrigs.com.au	10236	2026-06-25
bigtakeover.com	5244	2025-08-22
bikebiz.com	5932	2026-08-14
bikeportland.org	6562	2026-08-03
bikeradar.com	7974	2026-08-16
bilkulonline.com	9408	2026-08-16
billboard.com	78622	2026-08-16
billingsgazette.com	78761	2026-08-16
billoreilly.com	13089	2026-07-15
binnews.com	24707	2026-08-15
biodiversitylibrary.org	16519	2026-02-24
biofuelsdigest.com	15476	2025-01-23
biomassmagazine.com	8999	2026-08-14
biometricupdate.com	15560	2026-08-15
biopharmadive.com	7330	2026-08-16
bioprepwatch.com	17621	2026-04-10
biospace.com	7263	2026-02-19
biospectrumindia.com	13694	2026-06-05
birminghammail.co.uk	302835	2026-08-16
birminghamstar.com	26175	2026-08-16
birminghamtimes.com	7718	2026-08-15
bismarcktribune.com	61959	2026-08-14
bizcommunity.com	67701	2026-08-14
bizenglish.adaderana.lk	6999	2026-02-24
bizjournals.com	49218	2022-06-19
biznews.com	18133	2026-08-16
bizpacreview.com	42842	2023-09-06
biztimes.com	15469	2026-08-14
biztoc.com	1997950	2026-01-16
bizwest.com	12223	2026-08-15
bjpenn.com	32170	2026-08-16
bjreview.com	31036	2026-08-15
bjreview.com.cn	17665	2026-08-14
bkreader.com	8077	2026-08-16
blabbermouth.net	16078	2026-08-15
blackamericaweb.com	15270	2026-08-16
blackandteal.com	6284	2026-08-16
blackenterprise.com	37939	2026-08-16
blackhillsfox.com	13340	2024-07-01
blacklistednews.com	9929	2024-08-07
blackpoolgazette.co.uk	23696	2025-01-23
blackseagrain.net	7057	2022-02-09
blayneychronicle.com.au	52905	2026-08-16
blazersedge.com	12722	2026-08-16
blazin1023.com	6127	2026-08-16
bleachernation.com	41095	2025-03-05
bleacherreport.com	64612	2026-08-16
bleedcubbieblue.com	14747	2026-08-16
bleedingcool.com	111443	2026-08-16
bleedinggreennation.com	12162	2026-08-16
blessyouboys.com	6212	2026-08-16
blingee.com	5682	2024-06-04
blockislandtimes.com	5520	2026-08-14
bloggingdirty.com	5938	2026-08-16
bloggingtheboys.com	20324	2026-08-16
blogherald.com	5725	2026-08-13
blogspot.com	5355	2026-08-14
blogto.com	32346	2026-07-14
bloodhorse.com	32221	2026-08-16
bloody-disgusting.com	23757	2026-08-05
bloodyelbow.com	28845	2025-10-06
blooloop.com	11797	2026-08-14
bloomberg.com	168406	2026-06-22
bloombergquint.com	20998	2022-05-05
bluebirdbanter.com	6173	2026-08-16
bluemountaineagle.com	23921	2026-08-15
bluemountainsgazette.com.au	62047	2026-08-16
bluenc.com	5047	2026-06-30
blueprint.ng	91300	2026-08-16
blueridgenow.com	8748	2023-09-11
blueshirtbanter.com	5285	2026-08-16
blufftonicon.com	12314	2026-08-16
bmj.com	33556	2025-11-26
bmmagazine.co.uk	8830	2026-08-15
bmwblog.com	9717	2026-08-16
bnamericas.com	16560	2026-03-31
bnd.com	5862	2024-07-27
bnn-news.com	13569	2026-08-14
bnnbloomberg.ca	257624	2026-08-16
bobfm.co.uk	10062	2026-08-07
bocanewsnow.com	5987	2026-08-16
boersennews.de	6900	2026-08-10
bognor.co.uk	5973	2022-02-10
boingboing.net	31871	2026-08-10
boisestatepublicradio.org	35009	2026-08-15
bold.dk	10140	2026-08-16
bolivarmonews.com	5201	2026-08-11
bollyspice.com	5015	2026-08-16
bollywoodhungama.com	50643	2026-08-16
bollywoodlife.com	8083	2026-02-16
bollywoodmantra.com	5165	2023-06-01
bolnews.com	8267	2025-12-08
bonappetit.com	6442	2026-08-14
bondbuyer.com	14780	2026-08-15
boom1019.com	6599	2026-08-13
boom997.com	6627	2026-08-11
boorowanewsonline.com.au	17554	2026-08-13
boothbayregister.com	32250	2026-08-16
bordermail.com.au	99035	2026-08-16
bordertelegraph.com	97640	2026-08-16
borderwatch.com.au	7562	2026-05-05
boredpanda.com	393048	2026-08-16
borehamwoodtimes.co.uk	113147	2026-08-16
borgenproject.org	5577	2026-08-11
borneobulletin.com.bn	79107	2025-04-28
boston.com	66470	2026-08-16
bostonglobe.com	146057	2026-08-16
bostonherald.com	59910	2026-08-16
bostonstar.com	109825	2026-08-16
bournemouthecho.co.uk	164223	2026-08-16
bowenislandundercurrent.com	61387	2025-09-05
boxden.com	78610	2024-10-17
boxinginsider.com	5642	2026-08-14
boxingnews24.com	12627	2026-07-17
boxingnewsonline.net	11491	2026-08-16
bozemandailychronicle.com	158822	2026-08-16
bozemanskissfm.com	14978	2026-08-13
bozone.com	14314	2026-08-15
bpr.org	23840	2023-01-31
bracknellnews.co.uk	101727	2026-08-16
bradfordera.com	74173	2026-08-16
braidwoodtimes.com.au	52444	2026-08-16
brainerddispatch.com	57563	2026-08-16
braintreeandwithamtimes.co.uk	135399	2026-08-16
bramptonguardian.com	12793	2026-08-16
brandonsun.com	68811	2026-08-16
bransontrilakesnews.com	46712	2026-08-16
brantfordexpositor.ca	43710	2026-08-16
bravenewcoin.com	10449	2026-08-16
bravotv.com	9812	2026-08-16
brazilsun.com	50763	2026-08-16
breakingbelizenews.com	7788	2026-03-19
breakingdefense.com	13639	2026-08-14
breakingnews.ie	107127	2026-08-16
breakingtravelnews.com	13060	2023-08-26
brecorder.com	74251	2026-02-23
breitbart.com	291616	2026-08-16
brentwoodlive.co.uk	114289	2026-08-16
bridgemi.com	11077	2026-08-14
bridgwatermercury.co.uk	97863	2026-08-16
bridportnews.co.uk	103853	2026-08-16
briefingwire.com	81054	2026-08-16
brightonandhovenews.org	10712	2026-08-16
brightontoday.ca	9051	2026-08-15
brightsideofthesun.com	8643	2026-08-16
bringmethenews.com	15509	2023-09-18
brisbanetimes.com.au	237876	2026-08-16
bristol247.com	10749	2025-11-19
bristolpost.co.uk	129097	2026-08-16
britainnews.net	66931	2026-08-16
britannica.com	21901	2025-11-12
broadbandtvnews.com	6237	2026-06-17
broadcastnow.co.uk	13529	2025-09-04
broadwayworld.com	55810	2026-05-08
brobible.com	14932	2026-08-16
brokernews.com.au	7266	2026-08-14
bromsgroveadvertiser.co.uk	109485	2026-08-16
bromsgrovestandard.co.uk	14941	2026-08-16
brookingsradio.com	22095	2026-08-14
brooklyneagle.com	14410	2026-08-16
brooklynpaper.com	9011	2026-08-16
brooklynvegan.com	36542	2026-08-16
broomfieldenterprise.com	12962	2026-08-16
browndailyherald.com	7376	2026-08-16
brownfieldagnews.com	10795	2026-07-31
brownsvilleherald.com	16485	2021-03-17
brownwoodnews.com	17702	2026-08-16
brudirect.com	25319	2026-08-08
bruneinews.net	78088	2026-08-16
bryantimes.com	56642	2026-08-16
bssnews.net	155425	2026-08-16
bu.edu	6155	2026-08-13
bubblear.com	10924	2026-08-16
buccaneers.com	6464	2026-08-16
buckscountycouriertimes.com	10343	2023-01-24
bucksfreepress.co.uk	121925	2026-08-16
bucksherald.co.uk	12536	2025-01-23
bucksinsider.com	8660	2026-08-16
bucyrustelegraphforum.com	5927	2023-09-11
budapesttimes.hu	10596	2026-08-16
buenosairesherald.com	5344	2026-08-16
buffalobulletin.com	11433	2026-08-16
buffalonews.com	138748	2026-08-16
buffalorising.com	5957	2026-08-15
buildersmerchantsnews.co.uk	5558	2026-08-14
building.co.uk	13478	2025-09-05
bulawayo24.com	61091	2026-08-16
bulgariagazette.com	6870	2025-09-26
bulletsforever.com	7197	2026-08-16
bunburymail.com.au	103935	2026-08-16
bundesliga.com	7646	2026-08-16
burlingtoncountytimes.com	11222	2023-09-11
burlingtonfreepress.com	5470	2023-09-11
burnabynow.com	71750	2025-08-01
burnham-on-sea.com	16916	2026-08-16
burnhamandhighbridgeweeklynews.co.uk	94458	2026-08-16
burnleyexpress.net	21025	2025-01-23
burntorangenation.com	7154	2026-08-16
bursa.ro	5890	2026-08-16
burytimes.co.uk	160630	2026-08-16
business-humanrights.org	10734	2026-08-11
business-review.eu	17951	2026-08-14
business-standard.com	652766	2026-08-16
business2community.com	14791	2026-08-14
businessdailyafrica.com	40932	2026-08-16
businessday.co.za	11057	2026-08-16
businessdayghana.com	7913	2026-08-16
businessden.com	5249	2026-08-14
businessghana.com	145335	2026-08-16
businessgreen.com	18293	2026-07-17
businessincameroon.com	6661	2026-08-14
businessinsider.co.za	8106	2023-02-28
businessinsider.com	347986	2026-08-16
businessinsider.com.au	24044	2023-10-12
businessinsider.in	71647	2025-01-13
businessinsurance.com	9808	2026-08-14
businesslive.co.za	10121	2025-10-13
businessmirror.com.ph	121961	2025-05-14
businessnorth.com	9307	2026-08-16
businessoffashion.com	15909	2026-06-29
businesspost.ie	34740	2026-08-16
businessrecord.com	20810	2024-01-04
businessreport.com	7885	2026-08-16
businesstech.co.za	9105	2022-09-28
businesstimes.com.sg	78194	2026-08-16
businesstoday.in	166667	2026-08-16
businesstraveller.com	10762	2025-01-23
businesstravelnewseurope.com	7049	2026-04-06
businesswire.com	90653	2023-04-18
businesswireindia.com	12266	2026-05-18
businessworld.in	33533	2026-07-15
busseltonmail.com.au	44472	2026-07-27
butlereagle.com	57181	2026-08-16
buxtonadvertiser.co.uk	12680	2025-01-23
buzzfeed.com	86918	2026-08-16
buzzfeednews.com	7389	2026-01-01
bwog.com	16088	2026-08-12
bworldonline.com	87764	2026-08-16
bxr.com	9099	2026-08-16
byronnews.com.au	34848	2021-04-28
byu.edu	6000	2026-07-15
c-mw.net	6298	2026-08-16
c21media.net	26330	2026-08-14
cachevalleydaily.com	17460	2026-08-16
cadforum.cz	13548	2026-08-16
cadillacnews.com	32171	2026-08-16
cagesideseats.com	42084	2026-08-16
cagle.com	21449	2025-01-23
cairnspost.com.au	244058	2026-08-16
cairoscene.com	22346	2026-08-16
caixinglobal.com	24303	2026-06-08
cajnewsafrica.com	6569	2026-08-14
cajunradio.com	15843	2026-08-16
calaverasenterprise.com	5057	2026-08-14
calcoastnews.com	8454	2026-08-16
calculatedriskblog.com	14512	2026-01-12
calcuttanews.net	161396	2026-08-16
caledoncitizen.com	5865	2026-08-13
caledonenterprise.com	5482	2026-08-16
caledoniacourier.com	26313	2026-08-16
caledonianrecord.com	173785	2026-08-16
calgary.ctvnews.ca	30489	2025-01-23
calgaryherald.com	50706	2026-08-16
calgarysun.com	71500	2026-08-16
californianewswire.com	7886	2026-08-12
californiatelegraph.com	149432	2026-08-16
caller.com	7121	2023-09-11
callnewspapers.com	5388	2026-08-12
cambodiantimes.com	149897	2026-08-16
cambrian-news.co.uk	20503	2026-08-16
cambridge-news.co.uk	74964	2026-08-16
cambridge.org	7026	2026-03-01
cambridgetimes.ca	9497	2026-08-16
cambstimes.co.uk	39061	2026-08-16
camdencourier.com.au	51306	2026-08-16
cameroon-tribune.cm	14446	2026-08-16
campaignasia.com	8444	2026-08-14
campaignbrief.com	14380	2026-08-16
campaignindia.in	10142	2026-08-15
campaignlive.co.uk	25986	2026-08-07
campaignseries.co.uk	10186	2023-02-07
campbellrivermirror.com	31925	2026-08-16
campbeltowncourier.co.uk	5717	2024-01-25
campusreform.org	7013	2026-01-05
canada.com	38464	2026-08-14
canadafreepress.com	33147	2025-07-27
canadiancattlemen.ca	6476	2026-08-16
canadianinquirer.net	16156	2026-08-14
canadianlawyermag.com	6461	2026-08-15
canadianmanufacturing.com	9015	2026-08-14
canadianminingjournal.com	9580	2026-08-13
canadianreviewer.com	8967	2026-08-13
canadianunderwriter.ca	6526	2026-07-14
canberratimes.com.au	121807	2026-08-16
cancertherapyadvisor.com	7525	2026-08-14
candgnews.com	14322	2026-08-16
canindia.com	45226	2025-11-20
canoncitydailyrecord.com	26609	2026-08-16
canowindranews.com.au	25736	2024-09-09
cantechletter.com	20754	2026-05-12
cantondailyledger.com	5834	2023-09-10
cantonrep.com	17009	2023-09-11
canyon-news.com	11692	2026-08-16
capeandislands.org	39870	2026-08-16
capebretonpost.com	23307	2020-11-12
capecod.com	13047	2026-08-16
capecodtimes.com	12400	2023-09-11
capegazette.com	20535	2026-01-06
capenews.net	14527	2026-08-16
capetalk.co.za	25547	2024-01-15
capitalethiopia.com	14701	2026-08-16
capitalfm.co.ke	57451	2026-06-15
capitalfm.com	9951	2026-08-16
capitalgazette.com	80103	2026-08-16
capitalpress.com	17383	2026-08-15
capitolfax.com	17554	2026-08-15
capitolhillseattle.com	5959	2026-02-16
capjournal.com	17584	2026-08-16
capradio.org	38728	2026-08-15
captivasanibel.com	12372	2026-08-14
carandbike.com	12268	2026-07-15
caranddriver.com	11379	2026-08-15
carbon-pulse.com	17777	2025-08-13
carbuzz.com	51702	2026-08-16
cardinalcourieronline.com	10292	2026-02-05
careerindia.com	9269	2026-06-26
caribbeanherald.com	61260	2026-08-16
caribjournal.com	6614	2026-08-16
carletonvilleherald.com	12062	2023-10-11
carlow-nationalist.ie	61525	2026-08-16
carlyleobserver.com	30710	2021-07-29
carmagazine.co.uk	5305	2026-08-16
carnegieendowment.org	5344	2026-08-14
carnewschina.com	6080	2026-08-16
carolinacoastonline.com	26657	2026-08-16
carolinajournal.com	10810	2026-08-14
carrollspaper.com	39756	2026-08-16
carscoops.com	53053	2026-08-16
carsguide.com.au	6540	2025-03-31
carsonnow.org	134103	2026-08-16
cartermatt.com	27960	2026-05-08
cartoonbrew.com	5117	2026-08-15
casino.org	7036	2026-08-16
castanet.net	188887	2023-11-21
castanetkamloops.net	73292	2026-08-16
castlegarsource.com	6186	2026-08-12
catcountry1029.com	17388	2026-08-16
catcountry1073.com	50867	2026-08-16
catholic.org	9621	2026-06-29
catholicculture.org	29355	2026-08-16
catholicnewsagency.com	11036	2026-01-23
catholicphilly.com	8677	2026-08-14
catholicregister.org	7477	2026-08-15
catholicworldreport.com	32836	2026-08-16
caughtoffside.com	49661	2026-08-16
cavalierdaily.com	9472	2026-08-16
cbc.bb	19840	2026-08-16
cbc.ca	373991	2026-08-16
cbn.com	25014	2026-08-16
cbr.com	25341	2023-10-27
cbs12.com	44301	2026-08-16
cbs19.tv	57735	2026-06-06
cbs2iowa.com	41038	2026-08-16
cbs46.com	9757	2022-03-01
cbs4indy.com	5543	2024-08-20
cbs4local.com	40965	2026-08-16
cbs58.com	75438	2026-08-16
cbs6albany.com	40635	2026-08-16
cbs7.com	10489	2024-08-12
cbs8.com	55118	2026-06-05
cbsnews.com	210406	2026-08-16
ccenterdispatch.com	18399	2026-03-06
ccm.net	10814	2025-04-02
cdapress.com	23095	2026-08-16
cdispatch.com	19334	2026-08-16
cecildaily.com	19364	2026-08-16
cedarnews.net	5117	2026-08-12
cei.int	6595	2026-08-15
celebdirtylaundry.com	48375	2026-08-16
celebuzz.com	5937	2026-06-26
cemnet.com	10930	2026-08-14
centralasiatimes.com	32726	2026-08-16
centralchronicle.com	29979	2026-03-24
centraljersey.com	19200	2025-05-26
centralmaine.com	97737	2026-08-16
centralmoinfo.com	32030	2026-08-16
centraltelegraph.com.au	20824	2020-06-29
centralwesterndaily.com.au	63886	2026-08-16
centreforaviation.com	24754	2026-08-15
cessnockadvertiser.com.au	59584	2026-08-16
cfnrfm.ca	9656	2026-07-09
cfox.com	10913	2026-08-16
cfr.org	8004	2026-08-13
cfweradio.ca	6804	2026-08-16
cgtn.com	15100	2025-08-27
chad.co.uk	20199	2025-01-23
chaffeecountytimes.com	8028	2026-08-16
chalkbeat.org	8224	2026-08-16
championnewspapers.com	6097	2026-08-15
channel3000.com	131428	2026-08-15
channel4.com	20373	2026-08-16
channel5belize.com	19313	2025-05-24
channelafrica.co.za	14241	2026-08-16
channeleye.co.uk	5515	2024-08-12
channelnewsasia.com	177474	2026-08-16
channelstv.com	88519	2026-08-04
channelweb.co.uk	5809	2025-04-17
chanute.com	28949	2026-08-01
chapelboro.com	20147	2026-06-24
chardandilminsternews.co.uk	95205	2026-08-16
charismamag.com	18512	2023-07-17
charismanews.com	12185	2025-08-02
charkoosta.com	6531	2026-08-16
charlestoncitypaper.com	8285	2026-08-14
charlotteobserver.com	9913	2024-07-31
charter97.org	70754	2026-03-02
chathamdailynews.ca	47385	2026-08-16
chathamstartribune.com	10797	2026-08-14
chathamthisweek.com	37069	2026-03-13
chattanoogan.com	81455	2026-08-16
chattooga1180.com	11932	2026-08-16
chch.com	22021	2026-08-16
cheatsheet.com	28644	2026-03-18
cheboygannews.com	5551	2023-09-10
cheknews.ca	18936	2026-08-16
chelmsfordweeklynews.co.uk	115042	2026-08-14
chemeurope.com	7888	2026-08-14
chennaionline.com	17132	2026-08-16
cherokeephoenix.org	8500	2026-08-16
chessbase.com	10300	2026-08-16
chesterstandard.co.uk	153387	2026-08-16
chiangraitimes.com	23176	2026-08-16
chicagobusiness.com	22332	2026-07-06
chicagocrusader.com	8295	2026-08-16
chicagonow.com	9019	2022-08-18
chicagotribune.com	160448	2026-08-16
chichester.co.uk	7095	2022-02-10
chickashanews.com	6101	2026-08-14
chicoer.com	23310	2026-08-16
chieftain.com	9189	2023-09-11
chilecomparte.cl	24580	2026-08-16
chimpreports.com	14790	2026-08-16
china.org.cn	183419	2026-08-16
chinadaily.com.cn	588884	2026-08-16
chinadailyhk.com	10481	2025-01-27
chinadigitaltimes.net	8017	2026-06-05
chinafile.com	8464	2026-08-15
chinamil.com.cn	21352	2026-08-16
chinanationalnews.com	151229	2026-08-16
chinatechnews.com	8981	2026-08-16
chinaview.cn	30639	2026-03-19
chinookobserver.com	7961	2026-08-16
chipchick.com	22987	2026-08-16
chippewa.com	57931	2026-08-16
chorleycitizen.co.uk	18568	2023-02-07
chortle.co.uk	17706	2026-08-16
chosun.com	17595	2024-09-12
chrisd.ca	7665	2026-08-16
christianitydaily.com	5121	2026-08-15
christianitytoday.com	10591	2026-08-16
christiannewswire.com	6515	2026-08-14
christianpost.com	71943	2026-08-16
christiantoday.com	5265	2026-08-16
chron.com	549721	2025-11-18
chronicle-tribune.com	10397	2026-08-16
chronicle.co.zw	47194	2025-01-23
chronicle.com	5109	2025-11-18
chronicle.gi	7306	2026-03-17
chronicle.lu	34643	2026-08-16
chroniclejournal.com	67955	2026-08-16
chroniclelive.co.uk	132538	2026-08-16
chronicleonline.com	75075	2026-08-16
chronicletimes.com	5610	2026-08-14
chronline.com	36440	2026-08-16
chronogram.com	7650	2026-08-16
chvnradio.com	25398	2026-08-16
cinaradio.com	5662	2026-08-16
cincinnati.com	30235	2024-10-21
cincinnatimagazine.com	5741	2026-08-15
cincinnatisun.com	43640	2026-08-16
cincyjungle.com	14045	2026-08-16
cinemablend.com	84618	2026-08-16
cineuropa.net	5310	2022-08-20
cineuropa.org	28824	2026-03-27
cio.com	12010	2026-01-20
circlevilleherald.com	6575	2026-08-16
cisnfm.com	10134	2026-08-13
cities929.com	14718	2026-08-16
citizen-times.com	8165	2023-09-11
citizen.co.za	99129	2026-08-16
citizen.digital	7318	2026-02-22
citizen.on.ca	6418	2026-08-13
citizensvoice.com	56205	2026-08-16
citr.ca	5040	2025-11-02
city-countyobserver.com	15742	2026-01-31
cityam.com	60768	2026-08-16
citybeat.com	10354	2025-01-22
cityfarmer.info	5122	2026-08-16
citynews.com.au	18100	2025-09-04
citywatchla.com	9211	2026-08-15
cityweekly.net	5882	2026-08-14
citywireselector.com	7388	2022-10-19
civilbeat.org	8501	2026-07-26
civilserviceworld.com	7082	2026-08-14
civilsociety.co.uk	5985	2026-08-14
cjhk.ca	7829	2026-03-03
cjls.com	6152	2026-04-07
cjme.com	31053	2026-08-16
cjonline.com	13533	2023-09-11
cjoy.com	8910	2023-12-05
ckbw.ca	8373	2026-03-02
ckdr.net	10129	2025-10-01
ckfm.ca	6389	2024-05-10
ckom.com	31778	2026-08-16
ckua.com	10366	2026-08-16
ckxsfm.com	11579	2026-08-14
clactonandfrintongazette.co.uk	145952	2026-08-16
claimsjournal.com	13111	2026-08-14
clare.fm	25007	2026-08-16
clarechampion.ie	10204	2026-08-16
clareherald.com	7766	2026-08-16
claremoreprogress.com	7670	2026-08-15
clarionledger.com	9660	2023-09-11
clarksvillenow.com	13787	2026-08-16
clarksvilleonline.com	21888	2026-08-16
classic107.com	13394	2026-08-16
classiccountry1070.com	6263	2024-02-24
classichits925.com	10058	2026-08-14
classicrock1051.com	16764	2024-04-27
classicrock1069.com	5507	2022-01-10
classicrock961.com	31947	2026-08-16
classy100.com	35872	2026-08-16
claytodayonline.com	6590	2026-08-14
cleantechnica.com	34447	2026-08-16
clearwatertimes.com	29230	2026-08-16
clemsontigers.com	5716	2026-08-11
cleveland.com	30463	2026-03-09
cleveland19.com	47941	2026-08-16
clevelandbanner.com	12033	2026-08-16
clevelandbrowns.com	5448	2026-08-16
clevelandjewishnews.com	84151	2026-08-16
clevelandstar.com	114183	2026-08-16
clevescene.com	11188	2026-08-14
clichemag.com	14271	2026-08-15
click2houston.com	98316	2026-08-16
clickondetroit.com	160723	2026-08-16
clickorlando.com	133670	2026-08-16
clickthecity.com	7274	2025-10-21
clinicaladvisor.com	6592	2026-08-14
clinicalleader.com	7428	2026-08-15
clintonherald.com	38751	2026-08-15
clintonnewsrecord.com	23029	2026-08-16
closerweekly.com	6604	2026-08-16
cloverdalereporter.com	34681	2026-08-16
cltampa.com	9661	2026-08-15
club937.com	24925	2026-08-16
clutchpoints.com	38968	2026-06-13
clydebankpost.co.uk	101197	2026-08-16
cmcmarkets.com	5856	2026-03-09
cmo.com.au	5228	2024-01-20
cnbc.com	131529	2026-08-16
cnbcafrica.com	21401	2026-08-14
cnbctv18.com	7702	2026-03-19
cnet.com	450596	2026-08-16
cnn.com	298460	2026-08-16
cnnphilippines.com	80976	2024-01-29
cnsnews.com	60537	2025-08-26
cntraveler.com	6342	2026-08-16
cntraveller.com	5457	2026-08-16
cnweekly.com	12207	2021-07-26
cnycentral.com	31831	2026-08-16
cnynews.com	18968	2026-08-15
coast1009.com	20346	2026-08-16
coast931.com	5327	2026-08-14
coast973.com	8725	2026-08-16
coastalcourier.com	5651	2026-08-16
coastaldigest.com	19050	2026-07-27
coastalnewstoday.com	14623	2024-01-03
coastalpoint.com	6350	2026-08-15
coastalradio.ca	7178	2026-08-14
coastfm.co.uk	11110	2025-01-27
coastreporter.net	84071	2025-09-09
cobrapost.com	11743	2026-08-14
cochranetimes.com	9005	2026-08-16
cochranetimespost.ca	49739	2026-08-16
cochranetoday.ca	8500	2023-01-30
coffscoastadvocate.com.au	43733	2021-03-24
cogconnected.com	10456	2026-08-16
coincommunity.com	144852	2026-04-03
coindesk.com	30699	2026-08-16
coinspeaker.com	33250	2026-08-14
cointelegraph.com	42151	2026-08-16
coinweek.com	7781	2026-06-04
coladaily.com	8921	2026-08-14
coldlakesun.com	12958	2026-08-16
collider.com	119362	2026-08-16
colombogazette.com	9233	2026-08-16
colombopage.com	20989	2023-11-30
coloradoan.com	6487	2023-09-11
coloradohometownweekly.com	15581	2026-08-16
coloradopolitics.com	6290	2026-03-19
coloradostar.com	40422	2026-08-16
columbiadailyherald.com	9127	2023-09-11
columbiagorgenews.com	18150	2026-08-14
columbiamissourian.com	27698	2026-08-16
columbian.com	103894	2026-08-16
columbiatribune.com	10247	2023-09-11
columbustelegram.com	53564	2026-08-15
combatpress.com	12193	2026-08-16
comicbook.com	187099	2026-08-16
comicbookmovie.com	27571	2026-08-16
comicsbeat.com	10732	2026-07-30
comingsoon.net	57576	2026-08-16
commercial-news.com	14623	2026-08-16
commercialappeal.com	11594	2023-09-11
commercialmotor.com	5370	2026-06-03
commercialobserver.com	12488	2026-08-16
comminit.com	8001	2026-07-10
commodityonline.com	27788	2025-02-12
commonsnews.org	7904	2023-06-14
communityadvocate.com	6666	2026-08-16
communityimpact.com	19614	2026-07-01
communitynewspapergroup.com	19933	2026-08-16
communitynewspapers.com	13226	2026-08-04
communityni.org	5202	2022-02-11
communitypress.ca	38218	2026-06-22
comoxvalleyrecord.com	33144	2026-08-16
complex.com	21939	2026-08-16
complianceweek.com	5487	2026-08-14
compositesworld.com	8825	2026-08-16
compsmag.com	6764	2024-03-22
computerweekly.com	39227	2026-08-13
computerworld.com	10916	2026-08-14
computing.co.uk	8424	2026-06-22
comunicati.net	56760	2022-02-08
con-telegraph.ie	56981	2026-08-16
concordmonitor.com	32280	2026-08-16
conference-news.co.uk	7616	2026-08-14
connachttribune.ie	15670	2026-02-24
connectionnewspapers.com	8914	2026-08-06
connectradio.fm	20148	2026-08-16
connectsavannah.com	7557	2026-08-16
connexionfrance.com	28186	2026-08-16
consilium.europa.eu	24508	2024-07-15
consortiumnews.com	5348	2026-08-15
constructiondive.com	7541	2026-08-16
constructionenquirer.com	5782	2026-08-14
constructionequipment.com	5180	2026-08-14
constructionequipmentguide.com	6389	2025-03-03
constructionnews.co.uk	14659	2026-08-14
constructionweekonline.com	8096	2024-07-13
consumerelectronicsnet.com	16079	2024-02-09
conwaydailysun.com	20424	2026-08-13
cookingchanneltv.com	5605	2023-03-29
cookislandsnews.com	10578	2026-08-15
cool987fm.com	12233	2026-08-15
coolsocial.net	9498	2023-01-16
coolum-news.com.au	20346	2020-06-29
coosavalleynews.com	9841	2026-08-16
cootamundraherald.com.au	37714	2026-08-16
corkindependent.com	9176	2026-08-13
cornell.edu	7655	2026-08-14
cornellsun.com	8661	2026-08-14
cornwalllive.com	6249	2026-08-05
cornwallseawaynews.com	24240	2026-08-16
coronadonewsca.com	13306	2026-08-16
corsicanadailysun.com	23468	2026-08-16
corvallisadvocate.com	6103	2026-08-15
cosmeticsandtoiletries.com	7465	2026-02-10
cosmopolitan.com	68002	2026-08-16
cosmosmagazine.com	9093	2025-10-20
cotswoldjournal.co.uk	102516	2026-08-16
countercurrents.org	22066	2026-08-16
counterpunch.org	23855	2026-07-18
country-guide.ca	5855	2025-05-21
country104.com	8331	2026-07-30
country105.com	10302	2026-08-13
country1053.ca	9597	2025-05-20
country93.ca	8559	2026-08-14
country94.ca	14854	2025-12-08
countrylife.co.uk	9435	2026-08-16
countryliving.com	9668	2026-08-16
countypress.co.uk	139666	2026-08-16
countytimes.co.uk	118041	2026-08-16
countyweeklynews.ca	37959	2026-06-22
courant.com	102173	2026-08-16
courier-journal.com	18161	2023-09-11
courier-tribune.com	11375	2026-08-13
courierjournal.net	8641	2026-08-12
couriermail.com.au	182103	2024-07-31
couriernews.com	67060	2026-08-16
courierpostonline.com	8906	2023-09-11
courierpress.com	8075	2023-09-11
courthousenews.com	44459	2026-07-16
coventryobserver.co.uk	11198	2026-08-16
coventrytelegraph.net	99577	2026-08-16
covers.com	36869	2026-08-16
covnews.com	5850	2026-08-15
cowboystatedaily.com	5388	2026-07-12
cowichanvalleycitizen.com	33647	2026-08-16
cowraguardian.com.au	27317	2026-08-16
cp24.com	105384	2026-08-16
cpac.ca	6601	2024-12-16
cpapracticeadvisor.com	11534	2026-08-15
cpbj.com	8732	2026-06-04
cpfc.co.uk	5012	2026-06-25
cphpost.dk	8042	2026-08-15
cpr.org	13301	2026-02-25
cqnews.com.au	44410	2021-04-28
cracked.com	30995	2026-08-16
craigdailypress.com	6439	2026-08-15
crainscleveland.com	13200	2026-06-18
crainsdetroit.com	16510	2026-03-31
crainsnewyork.com	16163	2026-03-16
cranbrooktownsman.com	30000	2026-08-16
crash.net	33735	2026-08-16
cravenherald.co.uk	154686	2026-08-16
crawleyobserver.co.uk	5858	2022-02-09
creativebloq.com	12718	2026-08-16
creativereview.co.uk	5161	2026-07-15
crescent-news.com	29390	2026-08-15
crestonnews.com	7147	2026-08-15
crestviewbulletin.com	6249	2026-08-15
crikey.com.au	14211	2026-08-16
crimeonline.com	7164	2026-03-18
crn.com	11320	2026-08-14
crn.com.au	12376	2026-08-14
crooksandliars.com	40475	2026-08-16
crookstontimes.com	5681	2025-01-30
crookwellgazette.com.au	69631	2026-08-16
crossmap.com	32317	2026-08-16
crossrhythms.co.uk	6743	2026-08-16
crossville-chronicle.com	27510	2026-08-15
crowrivermedia.com	50371	2025-10-29
cruisehive.com	9572	2026-08-16
cruiseindustrynews.com	7377	2026-08-16
crunchyroll.com	15924	2023-01-31
cruxnow.com	13843	2026-08-16
csindy.com	6448	2025-04-21
csmonitor.com	25039	2026-08-16
csoonline.com	10216	2026-08-14
csrwire.com	8060	2026-08-14
ctgtribune.com	15346	2025-06-01
ctmirror.org	12597	2026-08-16
ctnewsjunkie.com	5535	2026-08-14
ctpost.com	162446	2025-10-26
ctpublic.org	7913	2026-03-18
ctvnews.ca	171361	2026-08-05
cubaheadlines.com	40033	2026-08-16
cubbiescrib.com	5896	2026-08-16
cuinsight.com	19885	2025-07-09
cullmantimes.com	10086	2026-08-15
cultofmac.com	9025	2026-08-11
culturemap.com	33237	2026-08-16
cumberlink.com	50546	2026-08-15
cumbriacrack.com	30229	2025-01-23
curacaochronicle.com	9080	2026-08-16
curbed.com	6102	2026-08-14
curetoday.com	6790	2026-02-12
currentargus.com	8980	2026-08-15
cwtv.com	5683	2026-08-13
cypnow.co.uk	6355	2026-06-19
cyprus-mail.com	81279	2026-08-16
dabangasudan.org	7108	2026-08-16
dagblog.com	50779	2025-10-13
daijiworld.com	141849	2026-03-16
daily-chronicle.com	8022	2020-12-17
daily-jeff.com	8203	2023-09-11
daily-journal.com	20849	2025-02-04
daily-sun.com	38361	2025-12-09
daily-times.com	5025	2023-09-10
daily-tribune.com	7517	2026-08-16
dailyadvance.com	56693	2026-08-16
dailyadvertiser.com.au	85077	2026-08-16
dailyadvocate.com	12256	2025-05-15
dailyamerican.com	13653	2023-09-11
dailyastorian.com	12483	2026-08-16
dailybreeze.com	48370	2026-08-16
dailybruin.com	6716	2026-08-16
dailybulldog.com	9690	2026-08-16
dailybulletin.com	46115	2026-08-16
dailycal.org	22307	2026-08-15
dailycaller.com	104999	2026-08-16
dailycamera.com	42749	2026-08-16
dailycampus.com	6502	2026-07-17
dailycardinal.com	7790	2026-08-15
dailycitizen.news	13575	2025-02-06
dailycomet.com	6054	2023-09-11
dailycommercial.com	9991	2023-09-11
dailydemocrat.com	13449	2026-08-16
dailydispatch.co.za	8315	2026-08-16
dailydot.com	46137	2026-08-16
dailyecho.co.uk	170286	2026-08-16
dailyemerald.com	6795	2026-08-13
dailyexaminer.com.au	42309	2021-03-24
dailyexcelsior.com	184136	2026-08-16
dailyexpress.com.my	91331	2026-07-01
dailyforex.com	11639	2026-08-16
dailyfreeman.com	44556	2026-08-16
dailyfx.com	24052	2024-08-30
dailygalaxy.com	9879	2026-08-16
dailygazette.com	83632	2026-08-16
dailyherald.com	120389	2025-09-08
dailyheraldtribune.com	14041	2026-08-16
dailyhive.com	64153	2026-08-16
dailyindependent.com	35858	2026-08-16
dailyinterlake.com	13446	2026-06-11
dailyiowegian.com	6412	2020-05-27
dailyitem.com	53395	2026-08-16
dailyjournal.net	102260	2025-05-15
dailyjournalonline.com	43021	2026-08-14
dailykos.com	180182	2026-08-16
dailyliberal.com.au	89235	2026-08-16
dailylocal.com	52353	2026-08-16
dailymail.co.uk	1278695	2026-04-21
dailymail.com	43363	2026-08-16
dailymaverick.co.za	79318	2026-08-16
dailymercury.com.au	49265	2021-06-23
dailymirror.lk	58668	2026-08-16
dailynebraskan.com	5282	2026-08-13
dailynews.co.th	6843	2023-07-05
dailynews.co.tz	14787	2026-08-16
dailynews.co.zw	16643	2026-08-16
dailynews.com	55121	2026-08-16
dailynews.lk	33827	2023-12-29
dailynewsegypt.com	14118	2025-01-26
dailynexus.com	5764	2026-08-13
dailynorseman.com	10586	2026-08-16
dailynorthwestern.com	11994	2026-08-14
dailyorange.com	9932	2025-02-23
dailypakistan.com.pk	17990	2026-08-16
dailypioneer.com	80922	2026-08-16
dailypolitical.com	625937	2026-08-16
dailypost.co.uk	93266	2026-08-16
dailypost.ng	283520	2026-08-16
dailypost.vu	15829	2026-08-16
dailypostathenian.com	20507	2026-08-14
dailypress.com	77675	2026-08-16
dailypress.net	23244	2026-08-15
dailyprincetonian.com	7853	2026-08-10
dailyprogress.com	57718	2026-08-15
dailyrecord.co.uk	307149	2026-08-16
dailyrecord.com	9244	2023-09-11
dailyrecordnews.com	22575	2026-08-16
dailyreporter.com	8550	2026-06-03
dailyrepublic.com	89651	2026-08-16
dailyridge.com	18364	2026-08-16
dailysabah.com	63972	2026-08-16
dailysentinel.com	5533	2026-08-15
dailysignal.com	26348	2026-07-17
dailystar.co.uk	319299	2026-08-16
dailystar.com.lb	7273	2025-09-29
dailystarjournal.com	8779	2020-11-25
dailysun.co.za	30224	2022-09-11
dailytarheel.com	10069	2026-08-15
dailytelegraph.com.au	163773	2024-07-31
dailythepatriot.com	17014	2026-08-16
dailytimes.com	17642	2026-08-15
dailytimes.com.pk	142364	2026-06-25
dailytrib.com	6711	2026-08-15
dailytribune.com	25590	2025-11-05
dailytrojan.com	8998	2026-08-03
dailytrust.com	69326	2026-08-16
dailytrust.com.ng	21882	2021-06-24
dailyunion.com	23995	2026-08-15
dailyuw.com	7176	2026-07-13
dailyvoice.com	184665	2026-07-03
dailyworld.com	5461	2023-09-11
dakotanewsnow.com	19420	2026-08-16
dakotawarcollege.com	8799	2026-08-16
dallascowboys.com	10792	2026-08-16
dallasnews.com	51183	2026-04-01
dallasobserver.com	9860	2026-08-15
dallassun.com	121362	2026-08-16
dallasvoice.com	8276	2026-08-16
daltonsbusiness.com	5648	2026-07-19
danspapers.com	9536	2026-08-16
darientimes.com	58921	2025-08-31
darkhorizons.com	21637	2026-08-16
darkreading.com	13187	2025-02-20
darlingtonandstocktontimes.co.uk	107279	2026-08-16
datacenterdynamics.com	18830	2025-06-14
datacenterknowledge.com	5759	2026-08-14
daventryexpress.co.uk	10264	2025-01-23
davisenterprise.com	22925	2026-08-16
dawgpounddaily.com	5273	2026-08-16
dawn.com	261252	2026-07-20
dayton.com	5431	2024-09-04
daytonatimes.com	5412	2026-08-15
daytondailynews.com	54668	2026-08-16
dazebaonews.it	6505	2026-01-15
dazeddigital.com	18081	2026-08-15
dcourier.com	8821	2026-08-16
dcvelocity.com	5149	2026-08-14
deadline.com	164282	2026-08-16
deadlinedetroit.com	11420	2026-08-16
dealstreetasia.com	38835	2026-08-16
decanter.com	5482	2026-08-14
decaturdaily.com	47314	2026-08-16
decaturish.com	6904	2026-08-16
deccanchronicle.com	130114	2026-08-16
deccanherald.com	64357	2026-03-15
decider.com	35055	2026-08-16
defence.pk	18327	2026-05-12
defenceweb.co.za	15522	2026-08-14
defensenews.com	12202	2026-08-16
defenseone.com	8873	2026-08-16
defenseworld.net	60871	2026-04-30
defpen.com	12269	2026-08-09
dekhnews.com	5202	2025-04-11
delano.lu	6113	2025-01-11
delaware.gov	8965	2026-08-14
delawareonline.com	12601	2023-09-11
delawarepublic.org	48581	2026-08-16
delawarestatenews.net	5676	2021-02-16
delcotimes.com	59833	2026-08-16
delgazette.com	6444	2025-04-15
delmartimes.net	6342	2024-06-13
delmarvanow.com	6603	2023-09-11
delphosherald.com	5222	2026-08-05
delrionewsherald.com	10116	2021-01-22
delta-optimist.com	64492	2025-01-23
democracynow.org	35320	2026-08-14
democratandchronicle.com	9032	2023-09-11
democratherald.com	58499	2026-08-15
denbighshirefreepress.co.uk	108499	2026-08-16
denofgeek.com	8770	2026-08-15
dentonrc.com	31391	2026-08-16
denverbroncos.com	6318	2026-08-15
denverpost.com	52344	2026-08-16
derbyshiretimes.co.uk	23955	2025-01-23
derbytelegraph.co.uk	84282	2026-08-16
derryjournal.com	15278	2025-01-23
derrynow.com	41481	2026-05-21
deseret.com	38935	2026-08-16
desertsun.com	11610	2023-09-11
desiblitz.com	16895	2026-08-16
design-reuse.com	8316	2026-08-13
designboom.com	20357	2026-08-16
designnews.com	5853	2024-12-01
designyoutrust.com	5797	2026-08-15
desimartini.com	34149	2025-02-18
desmoinesregister.com	26539	2023-09-11
desototimes.com	5537	2026-08-15
destructoid.com	24027	2026-07-04
detroitnews.com	45794	2023-09-11
devdiscourse.com	137412	2026-07-03
developingtelecoms.com	14917	2026-08-14
devilslakejournal.com	6047	2026-08-14
devondispatch.ca	15930	2026-08-16
devonlive.com	9630	2026-06-20
dewsburyreporter.co.uk	12517	2025-01-23
dezeen.com	26904	2026-07-31
dfnionline.com	10010	2026-08-14
dglobe.com	30798	2026-08-16
dhakacourier.com.bd	8135	2026-08-16
dhakatribune.com	28341	2026-03-10
dhal3.com	7847	2026-08-16
diamonds.net	8812	2024-06-24
dicardiology.com	6345	2026-08-14
digg.com	24784	2026-07-25
diginomica.com	7199	2026-07-16
digit.in	31403	2026-08-16
digitaljournal.com	194932	2026-08-16
digitalsignagetoday.com	5015	2026-08-14
digitalspy.com	86776	2026-08-16
digitaltrends.com	42488	2026-08-16
digitimes.com	29538	2026-08-16
dinamalar.com	35340	2026-07-04
directorstalkinterviews.com	29266	2026-08-04
discoverairdrie.com	16623	2026-08-16
discoverestevan.com	19239	2026-08-16
discovermagazine.com	18473	2026-07-15
dispatch.com	35521	2023-09-11
dispatchlive.co.za	30383	2025-01-25
dissexpress.co.uk	19880	2026-08-16
dissidentvoice.org	9623	2026-03-22
divyabhaskar.co.in	28985	2026-08-15
diymag.com	10869	2026-08-14
djc.com	37223	2026-08-14
djcoregon.com	5745	2026-06-03
djmag.com	11898	2026-08-15
djournal.com	77439	2026-08-15
dl-online.com	30662	2026-08-16
dmagazine.com	16582	2026-08-16
dmnews.com	5315	2026-08-16
dnaindia.com	180911	2026-01-23
dnd.com.pk	16561	2026-08-11
dnews.com	30195	2026-08-16
dnj.com	6738	2023-09-11
dodgeglobe.com	8478	2026-08-15
dohanews.co	6774	2026-08-10
domain-b.com	5310	2026-08-14
dominicanrepublicpost.com	23312	2026-08-16
dominicantoday.com	14655	2026-08-16
doncasterfreepress.co.uk	24323	2025-01-23
donegallive.ie	27845	2026-05-20
donegalnews.com	16344	2026-08-16
doorcountydailynews.com	7970	2026-08-15
dorsetecho.co.uk	153326	2026-08-16
dose.ca	14631	2026-08-16
dothaneagle.com	63508	2026-08-15
dotnews.com	7863	2026-08-15
douglas-budget.com	37034	2026-08-13
downtoearth.org.in	20391	2026-08-16
drapersonline.com	18397	2026-08-14
draytonvalleywesternreview.com	14897	2026-08-16
drbicuspid.com	11808	2025-10-30
dreadcentral.com	17283	2026-08-16
dredgingtoday.com	11469	2026-08-14
drgnews.com	26093	2026-08-15
drive.com.au	41233	2026-05-31
driving.ca	14437	2026-08-16
droid-life.com	7683	2026-08-16
droitwichadvertiser.co.uk	19310	2021-05-03
droitwichstandard.co.uk	9841	2026-08-16
drudge.com	18291	2026-08-16
drugstorenews.com	5369	2025-09-08
dslreports.com	19516	2025-02-26
dtinews.vn	5601	2023-07-17
dtnext.in	7229	2024-12-16
dtnpf.com	9880	2026-08-14
dualshockers.com	27542	2026-08-16
dubaicityguide.com	7018	2026-08-15
dublinlive.ie	7571	2026-03-11
dudleynews.co.uk	127961	2026-08-16
duke.edu	6286	2026-08-14
duke.fm	22522	2026-08-14
dukechronicle.com	8423	2026-07-09
dukefmduluth.com	7915	2025-03-18
duluthnewstribune.com	64287	2026-08-16
dumbartonreporter.co.uk	88770	2026-08-16
duncanbanner.com	13332	2026-08-16
dundalkdemocrat.ie	56109	2026-05-14
dunfermlinepress.com	103273	2026-08-16
dungogchronicle.com.au	54992	2026-08-16
dunmowbroadcast.co.uk	30526	2026-08-16
dunyanews.tv	150456	2026-08-16
dupagepolicyjournal.com	21726	2026-08-16
dupontregistry.com	7662	2026-01-09
durangoherald.com	95991	2026-08-16
durhamregion.com	23991	2026-08-16
dutchnews.nl	21849	2026-08-15
dvidshub.net	16259	2025-01-26
dw.com	120969	2026-08-16
dwell.com	7056	2026-08-14
dynamicbusiness.com	6056	2026-08-16
e-flux.com	10196	2026-08-16
e-know.ca	17671	2026-08-16
eacourier.com	9869	2026-08-15
eadt.co.uk	137961	2026-08-16
eaglecountryonline.com	9258	2026-08-16
eagledayton.com	9016	2026-08-16
eaglesanantonio.com	8743	2026-08-16
eagletimes.com	12955	2025-11-19
eagletribune.com	126080	2026-08-16
ealingtimes.co.uk	113926	2026-08-16
earthquake-report.com	9134	2025-07-21
earthquakenewstoday.com	63211	2025-12-30
earthsky.org	5395	2026-08-15
eastbayri.com	9519	2026-08-16
eastbaytimes.com	76921	2026-08-16
eastbourneherald.co.uk	6199	2022-02-09
eastcountymagazine.org	18742	2026-08-16
easternmirrornagaland.com	36779	2026-07-27
easternontarionetwork.com	44622	2026-06-15
easternriverinachronicle.com.au	93707	2026-08-16
eastidahonews.com	45732	2026-07-09
eastlondonadvertiser.co.uk	35778	2026-08-16
eastlothiancourier.com	105993	2026-08-16
eastoregonian.com	24065	2026-08-16
easttexasradio.com	16540	2026-08-16
eastvalleytribune.com	5866	2026-08-16
easy93.com	5313	2025-06-14
easyreadernews.com	7295	2026-07-25
eater.com	24941	2026-08-16
eaworldview.com	6809	2026-08-16
ebar.com	17369	2025-01-23
ecb.europa.eu	5696	2026-08-14
echo-news.co.uk	176390	2026-08-16
echo.net.au	11542	2025-01-23
echolive.ie	59067	2026-08-16
echonews.com.au	18377	2020-06-29
echopress.com	33622	2026-08-16
ecns.cn	39077	2026-08-13
eco-business.com	11672	2026-08-14
ecofinagency.com	6427	2026-03-19
econintersect.com	7938	2025-01-23
economist.com	30787	2025-09-05
economynext.com	6721	2026-02-28
econotimes.com	89358	2026-08-16
ecr.co.za	44623	2026-08-16
ed.fm	9470	2026-08-16
edenmagnet.com.au	80892	2026-08-16
edge.ca	11073	2026-08-10
edie.net	8412	2025-01-23
editorandpublisher.com	17359	2026-08-15
editorinleaf.com	5270	2026-08-16
edmonton.ctvnews.ca	26612	2025-01-23
edmontonexaminer.com	22667	2026-06-29
edmontonjournal.com	37049	2026-08-16
edmontonsun.com	72743	2026-08-16
edp24.co.uk	176868	2026-08-16
edsource.org	6670	2026-06-24
educationtimes.com	11100	2026-08-16
edweek.org	5624	2026-06-03
eejournal.com	10557	2026-08-14
eenadu.net	5152	2026-08-08
eenews.net	41707	2026-08-14
efe.com	19085	2026-04-15
effinghamdailynews.com	16860	2026-08-14
effinghamradio.com	11404	2026-08-16
efinancialcareers.com	6136	2026-08-14
egyptindependent.com	19063	2026-08-16
eham.net	20255	2026-08-16
ehfcl.com	251751	2020-08-27
einnews.com	148652	2024-06-01
ejpress.org	6052	2026-08-15
ekathimerini.com	5808	2020-04-10
el-balad.com	198739	2026-08-16
elclasificado.com	8848	2026-07-16
eldoradonews.com	14281	2026-08-16
electric949.com	7920	2026-08-14
electronicsweekly.com	19135	2026-08-14
electropages.com	10873	2026-08-14
elitedaily.com	16101	2026-08-16
elitetraveler.com	5258	2026-08-16
elkharttruth.com	19169	2026-08-16
elkodaily.com	54385	2026-08-16
elle.com	21789	2026-08-16
elliotlakestandard.ca	47382	2026-08-16
ellsworthamerican.com	9388	2026-08-16
ellwoodcityledger.com	6226	2023-09-11
elmwoodparkschools.org	17893	2022-03-02
elpais.com	24358	2026-08-16
elpasoinc.com	106773	2026-08-16
elpasotimes.com	10448	2023-09-11
elwakt.com	34770	2024-06-08
elystandard.co.uk	39799	2026-08-16
emarketer.com	5601	2026-08-14
emirates247.com	15362	2026-06-10
emissourian.com	13520	2025-09-01
emmetsburgnews.com	5125	2026-08-13
empireofthekop.com	17838	2026-08-16
empireonline.com	11700	2026-08-15
emporiagazette.com	25627	2026-08-16
empr.com	10814	2026-08-14
ems1.com	12757	2026-08-16
en.apa.az	70293	2026-08-16
en.ce.cn	31712	2026-08-16
en.dangcongsan.vn	5991	2024-10-12
en.gmw.cn	7405	2025-07-02
en.kremlin.ru	5600	2026-08-13
en.people.cn	121728	2026-08-16
en.portnews.ru	5371	2026-03-08
en.qantara.de	10657	2023-10-26
en.qdnd.vn	9658	2026-03-18
en.tempo.co	46028	2026-08-16
en.trend.az	72164	2025-07-09
en.vietnamplus.vn	79240	2026-03-16
enca.com	64630	2026-08-16
endocrinologyadvisor.com	7864	2026-08-14
energeticcity.ca	21691	2026-07-21
energy-pedia.com	23422	2026-08-16
energy-storage.news	7888	2026-08-14
energy953.com	10401	2026-08-06
energycentral.com	24116	2025-05-30
energyfm.net	6729	2026-07-31
energyglobal.com	7447	2025-12-09
energyvoice.com	5581	2025-01-10
enewschannels.com	7301	2026-08-13
enewscourier.com	16049	2026-08-15
enfieldindependent.co.uk	96103	2026-08-16
eng.belta.by	41337	2026-03-10
eng.kavkaz-uzel.eu	7604	2026-08-16
eng.lsm.lv	5866	2025-01-02
engadget.com	46840	2026-08-16
engineering.com	5879	2026-08-14
engineeringnews.co.za	38488	2026-07-31
english.news.cn	291927	2026-08-16
english.pravda.ru	7725	2026-08-14
english.radio.cz	19660	2026-08-16
english.republika.mk	10748	2026-08-16
english.vov.vn	15732	2026-03-16
english.wafa.ps	187466	2026-08-16
enidnews.com	38937	2026-08-15
enn.com	13868	2026-08-14
enr.com	5441	2026-08-14
enrsi.rtvs.sk	5287	2025-01-19
enstarz.com	28089	2026-08-16
enterprisenews.com	7137	2023-09-11
enterprisepub.com	5422	2026-08-10
entornointeligente.com	10140	2026-07-30
entrepreneur.com	10009	2026-08-12
envirotech-online.com	5000	2025-08-14
enviweb.cz	6581	2026-07-14
eonline.com	83650	2026-08-16
ephotozine.com	35871	2025-11-18
eppingforestguardian.co.uk	97040	2026-08-16
eptrail.com	12329	2026-08-16
epw.in	9770	2026-08-15
equibase.com	25375	2026-04-29
equipmentworld.com	5145	2026-05-28
equitybulls.com	75026	2026-08-11
erienewsnow.com	92869	2026-08-16
escapistmagazine.com	8261	2026-06-09
esmmagazine.com	11059	2026-08-14
espn.com	59087	2026-03-19
esquire.com	30363	2026-08-16
essence.com	30981	2026-07-07
essexlive.news	5571	2026-07-02
estevanmercury.ca	31586	2021-07-29
etcanada.com	13319	2023-10-30
eteknix.com	18323	2026-08-16
etfdailynews.com	228558	2025-10-07
etftrends.com	32437	2026-08-03
ethanolproducer.com	8003	2026-08-15
etnow.com	11117	2026-08-14
etonline.com	71395	2026-03-25
eturbonews.com	153793	2026-06-28
eugenedailynews.com	6102	2024-08-21
euobserver.com	13314	2026-08-16
euractiv.com	39817	2026-01-22
eurasiareview.com	40474	2026-08-07
eurekalert.org	75633	2026-08-12
eureporter.co	11352	2026-06-18
euro-petrole.com	8127	2026-08-14
eurogamer.net	42603	2026-08-16
euronews.com	108216	2026-08-16
europapress.es	9002	2026-08-13
europeanpharmaceuticalreview.com	5123	2026-03-26
europeantour.com	5282	2025-06-12
europesun.com	175446	2026-08-16
eurovoix.com	11422	2026-08-15
euroweeklynews.com	6756	2026-03-19
eurweb.com	31513	2026-08-16
evanstonnow.com	9162	2026-08-16
eveningexpress.co.uk	107905	2021-11-08
eveningnews24.co.uk	102443	2026-08-16
eveningtelegraph.co.uk	66368	2021-09-22
eveningtimes.co.uk	5790	2023-03-07
eveningtribune.com	7512	2023-09-11
eventhubs.com	16144	2026-08-16
evertiq.com	8467	2026-08-14
everydayhealth.com	6820	2026-08-15
everything2.com	36374	2026-01-01
eveshamjournal.co.uk	111340	2026-08-16
evo.co.uk	5673	2026-08-16
ew.com	37810	2026-03-17
ewn.co.za	107976	2026-08-16
ewnews.com	5168	2023-02-02
ewrestlingnews.com	80712	2025-07-14
examiner.com.au	81814	2026-08-16
examiner.net	9532	2026-08-12
excelsio.net	6984	2026-08-10
exchangerates.org.uk	12962	2025-11-03
exclaim.ca	27464	2026-08-15
executivebiz.com	8693	2026-08-14
executivegov.com	9132	2026-08-14
exetertoday.ca	10053	2026-08-14
expatforum.com	5471	2026-01-22
expertclick.com	11539	2026-08-15
expertreviews.co.uk	10161	2026-08-14
exploreseiowa.com	26330	2026-03-30
explosion.com	5502	2026-08-16
express.co.uk	396412	2026-08-16
expressandstar.com	67218	2026-03-26
expressnews.com	67773	2025-08-28
extra.ie	5396	2026-03-14
extralunchmoney.com	14998	2024-09-26
extratime.com	7732	2025-09-09
extratv.com	6036	2026-08-14
extremetech.com	8332	2025-01-22
eyeonannapolis.net	17321	2026-08-16
eyeontaiwan.com	5141	2023-03-22
eyeradio.org	16692	2026-08-16
f4wonline.com	33787	2026-08-16
faceofmalawi.com	45037	2026-08-14
fairfaxtimes.com	10932	2026-08-15
fairfieldcitizenonline.com	69732	2022-03-01
fairfieldsuntimes.com	44548	2026-08-16
fairmontsentinel.com	9778	2026-08-15
fairviewpost.com	13181	2026-08-16
falkirkherald.co.uk	16511	2025-01-23
falmouthpacket.co.uk	133096	2026-08-16
famagusta-gazette.com	18052	2025-12-06
familydestinationsguide.com	9807	2026-03-19
famoushookups.com	22648	2025-04-17
fandompost.com	50088	2026-08-16
fangoria.com	7995	2026-07-30
fangraphs.com	27081	2026-08-16
fansided.com	53178	2026-08-16
fantasypros.com	7629	2025-08-19
faribaultcountyregister.com	16157	2026-08-16
fark.com	5825	2026-07-15
farmersjournal.ie	50487	2026-08-07
farminglife.com	11464	2025-01-23
farminguk.com	14447	2026-08-16
farmprogress.com	14728	2024-08-06
farmweekly.com.au	35792	2026-08-16
fastcasual.com	9435	2026-08-14
fastcompany.com	6912	2026-06-28
fauquier.com	6246	2026-08-12
fauquiernow.com	6572	2026-08-16
fayettetribune.com	6236	2026-08-15
fayobserver.com	12278	2023-09-11
faz.net	6154	2026-08-07
fbcnews.com.fj	8735	2026-03-19
fbherald.com	33793	2026-08-08
fdlreporter.com	8392	2023-09-11
feedstuffs.com	9101	2024-11-15
femalefirst.co.uk	38049	2026-08-16
femina.in	9261	2026-08-16
fenlandcitizen.co.uk	21208	2026-08-16
fermanaghherald.com	9476	2026-08-16
fftimes.com	9016	2026-08-14
fhtimes.com	12820	2026-08-16
fibre2fashion.com	15979	2026-06-02
fiercebiotech.com	5682	2026-06-16
fiercepharma.com	5615	2026-08-14
fifetoday.co.uk	14548	2025-01-23
fijilive.com	17738	2025-04-23
fijisun.com.fj	17021	2026-08-16
fijitimes.com	45574	2023-11-30
fijivillage.com	47673	2026-08-16
file770.com	21177	2026-08-16
fillmorecountyjournal.com	7723	2026-08-13
film-news.co.uk	52245	2026-08-16
filmfare.com	23272	2026-08-16
filmibeat.com	48985	2026-08-16
fin24.com	6131	2020-06-05
finance-commerce.com	15997	2026-06-03
financial-news.co.uk	12031	2026-08-16
financial-planning.com	11138	2026-08-15
financialbuzz.com	18207	2025-09-03
financialcontent.com	219685	2026-08-14
financialexpress.com	186827	2026-07-15
financialpost.com	51639	2026-08-15
financialstandard.com.au	7425	2025-01-23
finanzen.ch	36734	2026-08-16
finanzen.net	5403	2026-07-29
finanznachrichten.de	775825	2026-08-16
finchannel.com	6207	2026-08-16
finextra.com	9191	2025-12-08
fingerlakes1.com	61740	2026-08-16
finsmes.com	35430	2025-06-09
firehouse.com	7463	2026-08-16
firerescue1.com	12106	2026-08-16
firetrench.com	6866	2021-10-26
firstalert4.com	20497	2026-08-16
firstalert7.com	5844	2026-08-16
firstcoastnews.com	63319	2026-06-05
firstcomicsnews.com	20559	2026-07-28
firstlightradio.com	26626	2024-02-14
firstpost.com	146450	2026-03-17
firstshowing.net	12323	2026-08-16
fitsnews.com	6192	2026-08-15
fitzhugh.ca	40958	2025-08-29
flaglerlive.com	13690	2026-08-16
flagpole.com	6054	2026-05-20
flanews.com	6192	2025-11-07
flcourier.com	8155	2026-08-15
fleetnews.co.uk	7396	2026-07-24
fleetworld.co.uk	7080	2026-08-14
flickeringmyth.com	32588	2026-08-16
flightaware.com	9179	2026-08-13
flightglobal.com	22610	2026-08-16
floppingaces.net	14162	2026-02-11
floridanewswire.com	8795	2026-08-12
floridapolitics.com	10589	2026-04-06
floridastatesman.com	62649	2026-08-16
floridatoday.com	13611	2023-09-11
floridatrend.com	5386	2026-08-14
floridaweekly.com	15907	2026-08-16
floydct.com	16067	2026-08-16
fltimes.com	23265	2026-08-15
fly92.com	5310	2026-08-16
flyingmag.com	9424	2026-08-15
fm104.ie	17240	2026-08-14
fm96.com	8100	2026-08-10
fm99.com	5866	2026-08-13
fnarena.com	17895	2026-06-17
focusdailynews.com	6996	2026-08-16
focustaiwan.tw	60352	2026-08-16
fohonline.com	5356	2026-08-14
fonearena.com	18933	2026-08-16
fontanaheraldnews.com	11924	2026-08-12
foodandwine.com	5391	2026-02-23
foodbev.com	9580	2026-08-16
fooddive.com	7132	2026-08-16
foodista.com	14756	2026-08-05
foodmanufacture.co.uk	7543	2026-08-14
foodnavigator-usa.com	7309	2026-07-08
foodnavigator.com	7264	2026-08-14
foodsafetynews.com	5232	2026-08-15
fool.ca	50441	2026-06-04
fool.co.uk	40206	2026-05-12
fool.com	366375	2026-08-16
fool.com.au	49200	2026-06-04
football.london	13513	2023-02-02
football365.com	5098	2023-02-02
footwearnews.com	13853	2025-05-13
forbes.com	622267	2026-08-16
forbesadvocate.com.au	27332	2026-08-16
forbesindia.com	9656	2026-08-14
forcechange.com	8233	2026-08-16
forconstructionpros.com	13234	2025-12-29
ford-trucks.com	36815	2025-08-25
foreignaffairs.co.nz	50515	2025-01-23
foreignpolicy.com	16818	2026-08-16
forexcrunch.com	25695	2026-02-02
forexlive.com	77319	2025-07-19
forextv.com	134608	2025-08-05
forimmediaterelease.net	5666	2026-08-14
formula1.com	18045	2026-08-16
forsythnews.com	6922	2026-08-16
fortmcmurraytoday.com	14362	2026-08-16
fortmorgantimes.com	31740	2026-08-16
fortsaskatchewanrecord.com	15231	2026-08-16
fortune.com	44913	2026-08-16
fortworthbusiness.com	9187	2026-08-14
forward.com	24797	2026-08-16
fosters.com	9701	2023-09-11
foundry-planet.com	5172	2026-08-14
fourfourtwo.com	25746	2026-08-16
fox1023.com	18033	2026-08-12
fox10phoenix.com	91187	2026-08-16
fox10tv.com	35596	2026-08-16
fox11online.com	44197	2026-08-16
fox13memphis.com	39313	2026-08-16
fox13news.com	57942	2026-08-16
fox13now.com	35724	2026-08-16
fox13seattle.com	27353	2026-08-16
fox17.com	39708	2026-08-16
fox17online.com	63830	2026-08-16
fox19.com	38168	2026-08-16
fox21online.com	31878	2026-08-16
fox23.com	35664	2026-08-16
fox23maine.com	47820	2026-08-16
fox26houston.com	68016	2026-08-16
fox29.com	76320	2026-08-16
fox2detroit.com	55328	2026-08-16
fox2now.com	9453	2025-07-02
fox32chicago.com	89392	2026-08-16
fox34.com	27612	2026-08-16
fox35orlando.com	92969	2026-08-16
fox40.com	5235	2025-07-03
fox42kptm.com	8543	2026-08-15
fox43.com	71906	2026-06-25
fox4beaumont.com	32123	2026-08-16
fox4kc.com	7267	2025-07-02
fox4news.com	60438	2026-08-16
fox56.com	36997	2026-08-16
fox59.com	7441	2025-11-18
fox5atlanta.com	93589	2026-08-16
fox5dc.com	64404	2026-08-16
fox5ny.com	69876	2026-08-16
fox5vegas.com	24348	2026-08-16
fox61.com	63743	2026-06-06
fox6now.com	85265	2026-08-16
fox7austin.com	73105	2026-08-16
fox8.com	7734	2026-05-31
fox8live.com	31137	2026-08-16
fox8tv.com	13744	2026-08-13
fox9.com	54823	2026-08-16
fox969.com	19239	2026-08-16
foxbaltimore.com	48113	2026-08-16
foxbangor.com	61224	2026-08-16
foxbusiness.com	76886	2026-08-16
foxcarolina.com	31859	2026-08-16
foxcincinnati.com	9285	2026-08-16
foxillinois.com	29464	2026-08-16
foxla.com	68570	2026-08-16
foxnews.com	374385	2026-08-16
foxradiook.com	11446	2026-08-06
foxreno.com	31250	2026-08-16
foxrochester.com	27718	2026-08-16
foxsanantonio.com	48286	2026-08-16
foxsports.com.au	6342	2023-07-05
foxtel.com.au	12343	2026-06-23
foxwilmington.com	40322	2026-08-16
foxy99.com	13975	2026-08-16
france24.com	167191	2026-02-12
franklinfavorite.com	27535	2026-08-13
frasercoastchronicle.com.au	46313	2021-04-28
fredericknewspost.com	41847	2026-08-16
fredericksburg.com	57182	2026-08-15
freebeacon.com	20616	2026-08-16
freedom929.com	10252	2026-08-14
freedom95.us	6432	2026-08-14
freedom970.com	7962	2026-08-12
freemalaysiatoday.com	99214	2026-08-16
freep.com	46354	2024-06-25
freepressjournal.in	436679	2026-08-16
freepressseries.co.uk	91627	2026-08-16
freerepublic.com	480796	2026-08-16
freestonecountytimesonline.com	5235	2026-08-14
freethoughtblogs.com	6546	2026-08-16
freightwaves.com	6759	2026-01-21
freightweek.org	5215	2026-08-14
fremonttribune.com	72254	2026-08-16
freshfruitportal.com	9242	2026-08-14
freshplaza.com	83108	2026-08-15
fresnobee.com	5973	2024-07-17
frieze.com	5071	2026-01-28
froggy1003.com	11365	2026-08-16
froggy929.com	10680	2025-05-24
froggyweb.com	26720	2026-08-15
frontiersman.com	8569	2026-06-10
frontpageafricaonline.com	25792	2026-08-15
frontpagemag.com	21141	2026-05-29
fruitnet.com	10024	2025-09-04
ft.com	12476	2026-02-05
ft.lk	46912	2026-08-16
ftadviser.com	14819	2026-08-14
ftnnews.com	15128	2026-06-04
ftvlive.com	12920	2026-08-16
fudzilla.com	5476	2026-01-06
fukuoka-now.com	6075	2026-08-16
fultonsun.com	11479	2026-08-16
fun107.com	26575	2026-08-16
funds-europe.com	7780	2026-08-15
fundsforngos.org	23665	2026-08-14
funkytaurusmedia.com	145903	2026-08-16
furninfo.com	7158	2025-09-04
furnituretoday.com	11167	2026-06-04
futaa.com	15659	2020-11-27
futurity.org	10424	2026-08-13
fwi.co.uk	19306	2026-08-15
fwweekly.com	5678	2026-08-14
fxempire.com	10506	2026-03-09
fxstreet.com	125442	2026-03-05
gadget.co.za	6921	2026-08-14
gadgetsmagazine.com.ph	6170	2026-08-15
gadsdentimes.com	8135	2023-09-11
gainesville.com	15883	2023-09-11
gainesvilleregister.com	6868	2026-08-13
gainesvilletimes.com	11358	2026-08-15
galesburg.com	6937	2023-09-11
galusaustralis.com	7671	2020-08-18
galvnews.com	41968	2026-08-16
galwaybayfm.ie	21756	2026-08-16
gamasutra.com	12921	2022-06-24
gamenguide.com	6744	2026-08-14
gamepur.com	22146	2024-08-14
gamerant.com	132440	2026-08-16
gameranx.com	19202	2026-08-14
gamereactor.eu	24561	2026-08-16
gamerevolution.com	10460	2026-08-14
gamesindustry.biz	19240	2026-08-14
gamespot.com	45822	2026-01-20
gamesradar.com	64612	2026-08-16
gamewatcher.com	5211	2026-08-13
gamingbolt.com	19382	2026-08-16
gamingintelligence.com	5203	2026-08-14
gananoquereporter.com	40052	2026-08-16
ganggreennation.com	8403	2026-08-16
gardenandgun.com	5183	2026-08-14
garoweonline.com	7824	2026-08-16
gasgoo.com	16210	2026-08-15
gastongazette.com	9600	2023-09-11
gasworld.com	10705	2026-05-24
gator995.com	17759	2026-08-16
gattonstar.com.au	44798	2021-04-28
gaytimes.co.uk	10016	2024-05-06
gazetaexpress.com	24763	2026-08-05
gazette-news.co.uk	147282	2026-08-16
gazette.com	190253	2026-08-16
gazetteandherald.co.uk	119787	2026-08-16
gazetteherald.co.uk	143939	2026-08-16
gazettejournal.net	6292	2026-08-12
gazettelive.co.uk	92318	2026-08-16
gazettenet.com	36946	2026-08-16
gazetteseries.co.uk	117465	2026-08-16
gazettetimes.com	49348	2026-08-15
gazettextra.com	53832	2026-08-16
gbtribune.com	13020	2026-08-14
gcaptain.com	19350	2026-08-16
gcmaz.com	12838	2026-08-16
gctelegram.com	8451	2026-08-13
gdnonline.com	169611	2026-08-11
gds.ro	6100	2024-11-05
gearjunkie.com	12055	2026-08-14
geekwire.com	13026	2026-08-16
geeky-gadgets.com	48406	2026-08-16
geekzone.co.nz	7296	2026-08-16
geelongadvertiser.com.au	107283	2026-08-16
geneamusings.com	8338	2026-08-16
genengnews.com	9392	2026-06-04
geneticliteracyproject.org	10187	2026-03-20
geo.tv	154029	2026-08-16
geograph.org.uk	6215	2024-07-13
georgeherald.com	32296	2026-08-15
georgiatoday.ge	15413	2026-08-14
geosuper.tv	34693	2026-08-16
getreading.co.uk	50971	2024-05-03
getreligion.org	6582	2024-02-02
getsurrey.co.uk	88796	2026-08-16
gettysburgtimes.com	31541	2026-08-16
ggrasia.com	7764	2026-06-29
ghanafa.org	6635	2026-08-16
ghanaiantimes.com.gh	42355	2026-08-16
ghanamma.com	121621	2026-08-16
ghananewsagency.org	7849	2020-05-06
ghanaweb.com	247740	2026-03-03
ghettoradio.co.ke	9898	2026-08-16
giants.com	7518	2026-08-16
gigulate.com	36126	2026-05-21
gigwise.com	5527	2026-08-16
gillettenewsrecord.com	39500	2026-08-16
gilmermirror.com	24540	2026-08-16
giornaledibrescia.it	8277	2026-04-11
girlslife.com	6579	2026-08-16
gisborneherald.co.nz	15364	2025-02-04
gisuser.com	10219	2026-08-14
github.com	10409	2026-08-16
gizbot.com	5744	2026-07-23
gizchina.com	41116	2026-08-16
gizmochina.com	11012	2026-03-19
gizmodo.co.uk	9499	2020-09-09
gizmodo.com	55734	2026-08-16
gizmodo.com.au	32551	2024-07-11
gjsentinel.com	107190	2026-08-16
gladstoneobserver.com.au	52613	2021-06-23
glamour.com	14837	2026-08-16
glamsham.com	61505	2026-08-16
glasgowtimes.co.uk	192213	2026-08-16
glasgowworld.com	9356	2025-01-23
glassonweb.com	8996	2026-08-14
gleninnesexaminer.com.au	46474	2026-08-16
glidemagazine.com	8432	2026-08-16
globalcapital.com	15451	2025-10-20
globalcement.com	8105	2026-08-14
globalissues.org	10000	2026-08-16
globalnews.ca	151616	2026-08-16
globalsecurity.org	145180	2026-08-16
globalsistersreport.org	6012	2026-08-15
globaltimes.cn	58499	2026-08-16
globalvoices.org	7050	2026-08-16
globegazette.com	55305	2026-08-16
globenewswire.com	285961	2025-11-14
globes.co.il	15651	2026-08-16
gloucesteradvocate.com.au	60089	2026-08-16
gloucestershirelive.co.uk	11049	2026-05-13
gloucestertimes.com	34357	2026-08-16
gmanetwork.com	22387	2026-07-19
gmatclub.com	29293	2025-11-20
gmauthority.com	17532	2025-11-18
gmenhq.com	6381	2026-08-16
gna.org.gh	11444	2026-02-22
gnnliberia.com	14036	2026-08-14
go.com	359868	2026-02-10
go955.com	17481	2024-10-08
goal.com	111252	2026-03-19
gobankingrates.com	23042	2026-08-13
gocomics.com	23592	2025-08-13
gocountry105.com	10894	2026-08-14
godanriver.com	49556	2026-08-04
goderichsignalstar.com	22925	2026-08-16
goerie.com	15023	2023-09-11
goldcoastbulletin.com.au	141462	2024-07-30
goldderby.com	20314	2026-08-16
goldseiten.de	22114	2026-03-23
golocalprov.com	16443	2026-07-21
goodereader.com	5435	2026-08-16
goodhousekeeping.com	18017	2026-08-16
goodmenproject.com	69387	2025-01-23
gopusa.com	16072	2025-01-21
gosanangelo.com	5421	2023-09-11
goshennews.com	83344	2026-08-16
goskagit.com	267183	2026-08-16
goss.ie	41734	2026-08-16
gossipcop.com	5937	2021-09-01
gothamist.com	22466	2026-08-16
goulburnpost.com.au	94826	2026-08-16
goupstate.com	13769	2026-05-17
gov.uk	110898	2026-08-15
govconwire.com	8578	2026-08-14
governing.com	13850	2026-08-15
governorswindenergycoalition.org	7004	2026-08-14
govexec.com	12350	2026-08-14
govinfosecurity.com	15956	2026-08-15
govtech.com	20855	2026-08-15
gowatertown.net	27349	2026-08-14
gpb.org	14943	2026-07-22
gponline.com	5504	2026-07-02
gq-magazine.co.uk	12488	2026-08-16
gq.co.za	5314	2026-08-16
gq.com	12786	2026-08-16
gqindia.com	9669	2026-08-16
grainews.ca	6978	2025-05-22
grandforksgazette.ca	29075	2026-08-16
grandforksherald.com	73494	2026-08-16
grandhaventribune.com	18633	2026-08-15
grandprix.com	9505	2026-08-14
grandprix247.com	19588	2026-08-16
grandrapidsmn.com	31823	2026-08-16
granthamjournal.co.uk	6444	2023-12-04
graphic.com.gh	61704	2026-08-16
gratefulweb.com	24423	2026-08-16
graziadaily.co.uk	5049	2026-02-03
grbj.com	6001	2023-04-15
greanvillepost.com	9094	2026-08-16
great98.net	10150	2022-09-19
greatbendpost.com	34920	2026-08-16
greaterbelize.com	6020	2026-08-16
greatfallstribune.com	6218	2023-09-08
greatlakesadvocate.com.au	60129	2026-08-16
greekcitytimes.com	18898	2026-03-10
greekherald.com	62676	2026-08-16
greekreporter.com	30344	2026-06-07
greeleytribune.com	36610	2026-08-16
greenbaypressgazette.com	11617	2023-09-11
greencarcongress.com	11692	2024-07-30
greenevillesun.com	19961	2026-08-15
greenfieldreporter.com	43235	2025-05-15
greenleft.org.au	8135	2026-08-16
greenocktelegraph.co.uk	127998	2026-08-16
greensboro.com	56349	2026-08-16
greensburgdailynews.com	40117	2026-08-16
greenvilleonline.com	6965	2023-09-11
greenwichfreepress.com	7014	2026-08-16
greenwichtime.com	135194	2025-06-12
grenadachronicle.com	18185	2026-08-16
grenfellrecord.com.au	26105	2026-08-16
grimsbytelegraph.co.uk	77469	2026-08-16
grmdaily.com	11485	2026-06-28
groove993.com	11369	2026-06-19
ground.news	19048	2025-01-25
groundup.org.za	8596	2026-08-14
gsmarena.com	43170	2026-08-16
guampdn.com	51576	2026-08-16
guardian-series.co.uk	97542	2026-08-16
guardian.co.tt	47823	2026-08-16
guardian.ng	78980	2026-04-05
guelphmercury.com	9889	2026-08-16
guernicamag.com	7443	2026-07-15
guernseypress.com	79957	2026-08-15
guitarworld.com	16926	2026-08-16
gulf-times.com	55584	2026-08-16
gulf104.com	21626	2026-08-16
gulfbusiness.com	19994	2026-04-03
gulfcoastmedia.com	7880	2026-08-15
gulfcoastnewsnow.com	24550	2026-08-16
gulfnews.com	195736	2026-08-16
gulftoday.ae	52129	2026-03-19
gulte.com	40585	2026-08-16
gurlstudio.com	5527	2023-02-20
gurufocus.com	19152	2026-07-11
guyanachronicle.com	6750	2020-07-23
gvnews.com	8910	2026-08-14
gwdtoday.com	125393	2025-11-04
gwhatchet.com	8644	2026-08-16
gwinnettdailypost.com	84616	2026-08-16
gx94radio.com	26339	2026-08-16
gympietimes.com.au	53769	2021-04-28
haaretz.com	64751	2026-08-16
haberler.com	9532	2026-08-14
haberx.com	6873	2025-09-08
habseyesontheprize.com	6583	2026-08-16
hackaday.com	11032	2026-08-16
hackneygazette.co.uk	29563	2026-08-16
haitilibre.com	9991	2026-08-16
haitisun.com	49476	2026-08-16
halesowennews.co.uk	141272	2026-08-16
halfwheel.com	11430	2026-08-16
halifax.citynews.ca	6698	2025-10-14
halifaxcourier.co.uk	18225	2025-01-23
haligonia.ca	5408	2026-08-16
hallmarknews.com	16013	2026-08-16
halsteadgazette.co.uk	123704	2026-08-16
hamhigh.co.uk	55773	2026-08-16
hamlethub.com	14685	2026-07-28
hamodia.com	8109	2023-02-02
hampshirechronicle.co.uk	147907	2026-08-16
hampshirereview.com	7504	2026-08-14
hancinema.net	58199	2026-07-28
hanfordsentinel.com	25475	2026-08-16
hani.co.kr	11645	2026-08-16
hannaherald.com	8842	2026-08-16
hannibal.net	11339	2026-08-15
hannity.com	16708	2026-08-05
hapakenya.com	9214	2026-08-12
hapblog.com	8337	2025-05-22
harboroughmail.co.uk	11120	2025-01-23
hardcoregamer.com	13291	2026-08-15
hardenexpress.com.au	47131	2026-08-16
hardwoodparoxysm.com	8999	2026-07-31
harnesslink.com	28205	2026-08-16
harpersbazaar.com	24927	2026-08-16
harringayonline.com	47111	2026-08-16
harrisondaily.com	22228	2026-08-16
harrogate-news.co.uk	6152	2026-08-14
harrogateadvertiser.co.uk	15619	2025-01-23
harrowtimes.co.uk	95081	2026-08-16
hartenergy.com	8026	2025-09-18
hartfordbusiness.com	20949	2026-08-14
hartfordcitynewstimes.com	37106	2026-08-12
hartlepoolmail.co.uk	13236	2025-01-23
harvard.edu	14276	2026-08-16
harwichandmanningtreestandard.co.uk	126907	2026-08-16
hauraki.co.nz	9243	2026-08-16
havanatimes.org	6829	2026-08-16
havasunews.com	36949	2026-08-16
havredailynews.com	12009	2026-07-19
hawaii.edu	8704	2026-08-15
hawaiinewsnow.com	43324	2026-08-16
hawaiipublicradio.org	26562	2026-08-16
hawaiitelegraph.com	123384	2026-08-16
hawaiitribune-herald.com	18932	2026-08-16
hawkesburygazette.com.au	56749	2025-07-28
hayspost.com	32652	2026-08-16
hazard-herald.com	28058	2026-08-16
hcamag.com	10130	2026-08-14
hccommunityjournal.com	9755	2026-08-16
hcplive.com	11811	2026-03-27
hd983.com	16151	2026-07-03
hdnews.net	6727	2026-08-02
headlineplanet.com	8709	2026-08-16
healio.com	39016	2026-08-15
health.com	6689	2026-03-17
healthcanal.com	7276	2025-02-04
healthcaredive.com	7803	2026-08-14
healthcarefinancenews.com	5465	2026-06-03
healthcareitnews.com	14929	2026-06-04
healthday.com	6674	2026-08-13
healthleadersmedia.com	15931	2026-06-30
heart.co.uk	21169	2026-08-14
heartfm.ca	13655	2026-08-14
heaven1460.com	9104	2026-07-20
heavy.com	23260	2026-06-18
hedgeweek.com	6175	2026-05-20
helenair.com	64064	2026-08-15
helihub.com	5597	2024-07-26
hellenicshippingnews.com	160985	2026-08-16
hellobeautiful.com	5410	2026-08-16
hellomagazine.com	106866	2026-08-16
helsinkitimes.fi	6442	2026-08-16
hemeltoday.co.uk	10711	2025-01-23
hendersondispatch.com	16012	2026-08-14
hendersonvillelightning.com	6350	2026-08-16
henleystandard.co.uk	11023	2026-08-16
henricocitizen.com	6104	2026-08-14
henryherald.com	63902	2026-08-15
hepburnadvocate.com.au	48770	2026-08-16
her.ie	53028	2026-06-26
herald-citizen.com	11584	2026-08-15
herald-dispatch.com	53457	2026-08-16
herald-review.com	67783	2026-08-16
herald-zeitung.com	14362	2026-08-15
herald.co.zw	61471	2025-01-23
heraldandnews.com	23008	2026-08-15
heraldbanner.com	8805	2026-08-16
heraldbulletin.com	61385	2026-08-16
heraldcourier.com	40946	2026-08-14
heralddemocrat.com	9154	2026-08-15
heraldextra.com	19634	2026-08-15
heraldglobe.com	152288	2026-08-16
heraldgoa.in	15004	2026-08-16
heraldlive.co.za	30798	2025-01-25
heraldmailmedia.com	43614	2023-09-11
heraldmalaysia.com	22801	2026-03-11
heraldnet.com	18316	2026-08-16
heraldnews.com	11208	2023-09-11
heraldpalladium.com	36520	2026-08-16
heraldscotland.com	147295	2026-08-16
heraldseries.co.uk	134324	2026-08-16
heraldstandard.com	19948	2026-08-16
heraldstaronline.com	20789	2026-08-16
heraldsun.com.au	122647	2024-07-31
heraldtribune.com	22337	2023-09-11
herefordtimes.com	67255	2026-08-16
heritage.org	39649	2026-08-03
heritagefl.com	10064	2026-08-13
hermistonherald.com	7603	2026-08-16
hertfordshiremercury.co.uk	22775	2025-11-04
hertsad.co.uk	38735	2026-08-16
hexham-courant.co.uk	129565	2026-08-16
hexus.net	6999	2025-02-25
hiawathaworldonline.com	37473	2026-08-14
hickoryrecord.com	49228	2026-08-14
hiddenremote.com	6498	2026-08-14
highlandcountypress.com	24442	2026-08-16
highlandradio.com	53982	2026-08-16
highrivertimes.com	9037	2026-08-16
highschoolot.com	5755	2026-06-09
highsnobiety.com	21937	2026-08-16
highway989.com	9762	2026-07-01
hillingdontimes.co.uk	120255	2026-08-16
hillsdale.net	5253	2023-09-11
hilltimes.com	8091	2026-08-16
hindi.cri.cn	10253	2026-08-16
hindustantimes.com	517223	2026-08-16
hiphopdx.com	39549	2026-05-18
hiphopnc.com	11798	2026-08-16
hiphopwired.com	11781	2026-08-15
hirunews.lk	7226	2026-03-05
history.com	12310	2026-08-16
historyextra.com	5314	2026-08-14
hitc.com	91253	2026-08-16
hitconsultant.net	9367	2026-08-15
hits1053sanantonio.com	6850	2026-08-16
hits96.com	18228	2026-08-15
hits973.com	9787	2026-08-15
hitsfm.net	44682	2026-08-15
hjnews.com	24642	2026-08-15
hltv.org	128348	2025-08-12
hngn.com	51500	2026-08-16
hngnews.com	43869	2026-08-16
hoganstand.com	26457	2026-08-16
hogshaven.com	9911	2026-08-16
hola.com	24081	2026-08-16
hollandsentinel.com	16685	2023-09-10
hollywoodlife.com	31576	2026-08-05
hollywoodreporter.com	70902	2026-08-16
homelandsecuritynewswire.com	9277	2026-08-15
homenewshere.com	66144	2026-08-16
homernews.com	5201	2026-08-16
hometownregister.com	116160	2026-08-16
hometownsource.com	76315	2026-08-16
hometownstation.com	24153	2026-08-16
hometownstations.com	72174	2026-08-16
hongkongherald.com	47178	2026-08-16
honisoit.com	6565	2026-08-16
honolulumagazine.com	9571	2026-08-16
hoodline.com	5815	2025-01-23
hopestandard.com	38501	2026-08-16
horseandhound.co.uk	18712	2026-08-16
hortweek.com	23116	2026-07-02
hospitalitydesign.com	5913	2026-08-16
hospitalitynet.org	56909	2026-06-29
hot101.com	10611	2026-08-16
hot1017.com	6653	2025-01-24
hot1029.com	15154	2026-08-14
hot1033.com	9360	2026-08-16
hot1047.com	28419	2026-08-16
hot105fm.com	7047	2026-08-15
hot1077radio.com	9038	2026-08-16
hot96.com	34873	2026-08-16
hot967.fm	5584	2023-03-17
hot967fm.com	26699	2026-08-15
hot969boston.com	25133	2026-08-16
hot97.com	17394	2026-08-15
hot975fm.com	16885	2026-08-15
hotair.com	92118	2026-08-16
hotaugusta.com	14923	2026-08-16
hotcountrybull.com	7573	2024-01-26
hoteliermiddleeast.com	7467	2023-03-21
hotelnewsresource.com	11118	2026-08-15
hotelscombined.com	5956	2026-08-11
hothardware.com	11656	2026-08-16
hotpress.com	16009	2026-08-16
hotspotatl.com	10891	2026-08-16
houmatoday.com	11760	2023-09-11
houseandgarden.co.uk	6361	2026-08-14
housebeautiful.com	11441	2026-08-16
housingwire.com	16413	2026-08-16
houstonchronicle.com	122357	2025-07-23
houstonherald.com	13188	2026-08-14
houstoniamag.com	5724	2026-08-14
houstonianonline.com	8919	2026-08-03
houstonpress.com	7742	2026-08-14
houstonpublicmedia.org	29462	2026-08-16
houstontexans.com	5292	2026-08-16
howestreet.com	11000	2026-08-16
howstuffworks.com	14191	2026-04-20
howtogeek.com	30697	2026-08-16
hpherald.com	5653	2026-08-15
hpj.com	14596	2026-08-16
hppr.org	50033	2026-08-16
hpr2.org	8519	2021-06-02
hrmagazine.co.uk	19243	2026-05-29
hrreporter.com	6740	2026-08-14
hrw.org	11981	2026-08-16
hsj.co.uk	13651	2025-09-05
htrnews.com	10229	2023-09-11
htsstlucia.org	6234	2026-08-15
htxt.co.za	12104	2026-08-14
hub-4.com	6256	2026-08-16
hubcityradio.com	7914	2026-08-16
hubspot.com	7705	2026-08-14
hucknalldispatch.co.uk	11608	2025-01-23
hudsoncountyview.com	10572	2026-08-15
hudsonreporter.com	7874	2026-04-24
hudsonstarobserver.com	6158	2026-08-16
hudsonvalley360.com	28171	2024-04-23
hudsonvalleycountry.com	43882	2026-08-16
huewire.com	25115	2026-07-10
huffingtonpost.ca	6676	2021-03-09
huffingtonpost.co.uk	41247	2026-08-16
huffpost.com	59784	2026-07-26
hulldailymail.co.uk	102005	2026-08-16
human-wrongs-watch.net	5228	2026-03-01
humanevents.com	9334	2026-08-16
humanitariannews.org	105823	2021-09-28
humanresourcesonline.net	7897	2026-08-14
humboldtjournal.ca	32771	2021-07-29
hungarytoday.hu	24915	2026-08-16
huntspost.co.uk	39592	2026-08-16
hup.hu	6522	2026-08-14
hurriyetdailynews.com	44912	2026-08-16
huskeradio.com	11884	2026-07-24
hutchnews.com	11848	2023-09-10
hydrocarbonprocessing.com	13701	2026-08-14
hypebeast.com	63481	2026-02-15
hypebot.com	12970	2026-08-14
hyperallergic.com	10196	2026-08-14
i1071.com	8884	2021-04-30
i24news.tv	27700	2026-08-16
i95rock.com	15749	2026-08-16
i95rocks.com	19330	2026-08-15
iafrica.com	22454	2026-08-16
iam-media.com	5328	2026-03-21
ianslive.in	301366	2026-08-16
ibcworldnews.com	24997	2026-08-16
iberianet.com	8444	2022-06-22
iberkshires.com	36796	2026-08-16
iberonews.com	6147	2026-08-13
ibinews.com	10505	2025-09-04
ibj.com	7858	2026-08-14
ibtimes.co.in	58314	2026-08-16
ibtimes.co.uk	74629	2026-08-16
ibtimes.com	193816	2026-08-16
ibtimes.com.au	32540	2026-08-16
ibtimes.sg	7279	2026-03-16
icaew.com	8163	2026-08-16
icenews.is	9846	2026-08-16
iconnect007.com	14962	2026-06-11
icsf.net	13231	2026-08-14
idahobusinessreview.com	7707	2026-06-04
idahopress.com	79655	2026-08-16
idahostatejournal.com	93580	2026-08-16
idahostatesman.com	5302	2024-07-30
ideastream.org	19443	2026-08-16
idg.com.au	6314	2023-02-14
idrw.org	66662	2026-08-16
idsnews.com	12750	2026-08-12
ieyenews.com	17503	2026-03-17
ifa.com.au	6640	2026-06-25
ifamagazine.com	11527	2026-01-16
ifiberone.com	57438	2023-02-15
igamingbusiness.com	15216	2026-08-15
igberetvnews.com	7537	2025-11-26
ign.com	81693	2026-08-16
iheart.com	15210223	2026-08-16
ijpr.org	32927	2026-08-16
ijr.com	5157	2026-03-19
ilfordrecorder.co.uk	29347	2026-08-16
illawarramercury.com.au	99836	2026-08-16
illinoistimes.com	9528	2026-08-16
ilonggotechblog.com	9735	2026-07-22
ilovebobfm.com	9846	2026-08-16
iloveqatar.net	6388	2025-11-27
imemc.org	10313	2026-08-16
imore.com	27836	2025-05-23
imparcialoaxaca.mx	5071	2026-04-01
impartialreporter.com	119575	2026-08-16
imt.ie	5904	2026-08-15
in-cumbria.com	14999	2026-08-16
in.gr	6900	2026-08-16
inc.com	5320	2025-08-22
inc42.com	11305	2024-02-02
indaily.com.au	8422	2025-01-20
indcatholicnews.com	9347	2026-08-16
inddist.com	9485	2025-10-03
indeonline.com	8553	2023-09-11
independantexpress.com	14258	2026-02-17
independent.co.uk	262564	2026-08-16
independent.com	17569	2026-08-16
independent.com.mt	24643	2026-08-16
independent.ie	289738	2026-05-19
independentnews.com	25137	2026-08-16
independentsentinel.com	45911	2026-06-10
independenttribune.com	46427	2026-08-11
india.com	282169	2026-02-23
indiablooms.com	35506	2026-08-16
indiaeducationdiary.in	57851	2026-08-16
indiagazette.com	264065	2026-08-16
indiainfoline.com	11951	2026-08-11
indianagazette.com	5626	2026-03-19
indianapolisrecorder.com	5862	2026-04-02
indianautosblog.com	9032	2026-07-13
indiancooperative.com	14548	2026-08-16
indianewengland.com	27809	2026-08-15
indianexpress.com	484102	2026-07-31
indiantelevision.com	24132	2025-01-23
indianweekender.co.nz	14591	2026-08-16
indiapost.com	10459	2026-08-15
indiatimes.com	2653664	2026-08-16
indiatoday.in	181286	2026-06-29
indiatvnews.com	127245	2026-07-15
indiawest.com	25524	2026-06-22
indiedb.com	15816	2025-11-16
indiewire.com	16490	2026-08-15
indonesiatribune.com	16836	2026-08-15
industrialinfo.com	10130	2026-08-14
industrytoday.co.uk	5784	2024-08-30
indysmix.com	10741	2026-08-16
indystar.com	25111	2023-09-11
indyweek.com	5238	2026-02-12
inews.co.uk	6840	2026-06-09
inewsgr.com	13067	2026-08-16
inferse.com	6265	2026-07-27
infiniteunknown.net	11693	2025-04-11
infonews.co.nz	8630	2026-08-14
inform.kz	15122	2023-09-17
informationng.com	37342	2026-08-16
informationweek.com	6900	2026-08-15
inforum.com	97258	2026-08-16
infosecurity-magazine.com	11771	2026-08-14
infotechlead.com	6750	2026-08-16
infotel.ca	204502	2026-05-01
infowars.com	37273	2025-06-05
infoworld.com	9519	2026-08-15
inlander.com	12978	2026-08-13
inlandnewstoday.com	17387	2026-08-15
inman.com	20720	2026-07-07
inmaricopa.com	9193	2026-08-16
innovationintextiles.com	5649	2026-08-14
innovationtoronto.com	12603	2025-07-14
inquirer.com	78598	2026-08-16
inquirer.net	247882	2026-07-29
inquisitr.com	72061	2025-05-14
insidebitcoins.com	25596	2026-08-07
insideclimatenews.org	5881	2026-06-23
insideedition.com	15008	2025-09-11
insideevs.com	27631	2026-08-16
insidefutbol.com	17343	2026-08-16
insidefutures.com	7921	2020-12-29
insidehalton.com	13381	2026-08-16
insidehighered.com	9322	2026-05-12
insideindianabusiness.com	21451	2026-08-16
insidelacrosse.com	6347	2024-12-01
insidenova.com	69042	2026-08-16
insideottawavalley.com	8974	2026-08-16
insidepulse.com	6964	2026-08-16
insider.com	15591	2024-01-08
insideretail.asia	8899	2026-08-14
insidermedia.com	8897	2025-01-23
insidermonkey.com	173633	2026-08-16
insidethegames.biz	24663	2024-09-13
insidetheiggles.com	7237	2026-08-16
insightnews.com	6596	2026-08-16
instinctmagazine.com	5321	2026-08-16
institutionalinvestor.com	6333	2025-12-11
instyle.com	18917	2026-03-17
insuranceage.co.uk	7882	2026-08-14
insurancebusinessmag.com	30831	2026-08-16
insuranceinsider.com	7697	2026-08-07
insurancejournal.com	72384	2026-08-14
insurancenewsnet.com	70667	2026-06-04
integra927.com	5224	2024-06-03
intelligencer.ca	50711	2026-08-16
intelligentinsurer.com	11862	2026-08-13
interest.co.nz	14500	2026-08-16
interestingengineering.com	6703	2026-03-19
interfax.com	40978	2026-03-19
interfax.com.ua	61535	2026-08-15
intergameonline.com	15693	2026-05-17
interior-news.com	27993	2026-08-16
interlochenpublicradio.org	35753	2026-08-16
international-adviser.com	7954	2026-08-13
internationaltimes.it	5882	2026-08-15
intouchweekly.com	13791	2026-08-16
intrafish.com	14780	2026-08-14
inverelltimes.com.au	54449	2026-08-16
inverness-courier.co.uk	79944	2026-08-16
investegate.co.uk	552378	2026-08-14
investing.com	84818	2026-03-26
investinglive.com	15627	2026-08-16
investingnews.com	18631	2026-08-14
investmentexecutive.com	18662	2026-08-11
investmentnews.com	16514	2026-08-14
investmentwatchblog.com	55767	2026-08-16
investmentweek.co.uk	18102	2026-08-12
investopedia.com	18705	2026-03-17
investordaily.com.au	10101	2026-06-24
investorideas.com	8245	2026-08-14
investorplace.com	21529	2026-08-14
investors.com	46122	2026-08-16
investorschronicle.co.uk	12533	2026-08-16
invezz.com	37889	2025-09-23
inyourpocket.com	5325	2026-08-04
iol.co.za	227944	2025-01-23
iomtoday.co.im	27512	2026-08-16
iowapublicradio.org	50131	2026-08-16
iowastatedaily.com	6841	2026-08-13
ipe.com	9537	2025-09-04
ipolitics.ca	10831	2025-04-24
ipowerrichmond.com	13170	2026-08-16
ippmedia.com	8175	2025-02-26
ipsnews.net	18047	2026-08-14
ipswichadvertiser.com.au	21261	2020-06-29
ipswichstar.co.uk	93218	2026-08-16
ipwatchdog.com	9217	2026-08-16
iradio.ie	8831	2026-08-12
iranherald.com	68971	2026-08-16
iranoilgas.com	7012	2026-08-16
iraq-businessnews.com	6637	2026-08-16
iraqsun.com	82005	2026-08-16
irasciblemusings.com	20726	2024-01-20
irishamerica.com	6788	2026-07-27
irishcentral.com	19193	2026-08-16
irishdentist.ie	6644	2026-08-16
irishecho.com	5543	2026-08-14
irishexaminer.com	121379	2026-08-16
irishmirror.ie	174916	2026-08-16
irishnews.com	85367	2026-08-16
irishsun.com	48541	2026-08-16
irishtimes.com	222575	2026-08-16
ironmountaindailynews.com	24926	2026-08-16
irrawaddy.com	10690	2025-12-09
irrigator.com.au	52686	2026-08-16
irvinetimes.com	93284	2026-08-16
islamicinvitationturkey.com	12411	2026-08-16
island.lk	54091	2026-07-27
islandpacket.com	5017	2024-07-29
islands.com	24312	2026-08-16
islingtongazette.co.uk	29014	2026-08-16
islingtontribune.co.uk	6177	2026-08-14
ispreview.co.uk	5553	2026-08-15
israelherald.com	37434	2026-08-16
israelnationalnews.com	248006	2026-08-16
israeltoday.co.il	6119	2025-04-16
isthmus.com	15748	2026-08-16
it-online.co.za	82432	2026-08-16
italian.cri.cn	11089	2026-08-16
itbrief.co.nz	13654	2026-08-16
itbusinessnet.com	162680	2026-08-14
itechpost.com	18123	2026-08-14
itemlive.com	12515	2026-08-16
itemonline.com	17920	2026-08-16
ithaca.com	6373	2026-08-14
ithacajournal.com	5125	2023-09-11
itnews.com.au	11403	2026-08-16
itnewsafrica.com	10432	2026-08-15
itnewsonline.com	131433	2026-08-10
itnonline.com	8042	2026-08-11
itp.net	8530	2023-03-21
itpro.co.uk	9219	2023-04-11
itsnicethat.com	7866	2026-08-14
itv.com	100917	2025-06-02
itweb.co.za	14453	2026-08-14
itwire.com	23161	2026-08-16
ivpressonline.com	91491	2026-08-16
iwf.org	6281	2025-09-09
iwradio.co.uk	54233	2026-08-14
j-14.com	5231	2025-08-11
jacarandafm.com	47859	2026-08-16
jacksonprogress-argus.com	67429	2026-08-16
jacksonsun.com	6477	2023-09-11
jacksonville.com	16128	2023-09-11
jacksonvilleprogress.com	10803	2026-08-15
jagonews24.com	28631	2026-04-15
jagranjosh.com	82477	2026-08-16
jaguars.com	6977	2026-08-16
jalopnik.com	25997	2026-08-16
jamaica-gleaner.com	91799	2026-08-16
jamaica-star.com	40476	2026-08-15
jamaicantimes.com	40840	2026-08-16
jamaicaobserver.com	221559	2026-08-16
jambands.com	7037	2026-08-16
jambase.com	11492	2025-12-12
jamestown.org	5197	2026-08-14
jamestownsun.com	52545	2026-08-16
janes.com	20540	2026-07-30
japanherald.com	67480	2026-08-16
japantimes.co.jp	118944	2026-08-14
japantoday.com	72940	2026-08-16
jaxdailyrecord.com	8843	2024-01-03
jaysjournal.com	5168	2026-08-16
jayski.com	6195	2025-01-18
jbhe.com	9315	2026-08-15
jckonline.com	8200	2026-08-14
jcnnewswire.com	16780	2026-08-16
jconline.com	6301	2023-09-10
jcpost.com	27454	2026-08-16
jdnews.com	12940	2026-08-15
jdsupra.com	313287	2026-07-15
jeepforum.com	5241	2026-06-11
jerseyeveningpost.com	82509	2026-08-16
jewishjournal.com	10648	2023-03-03
jewishlink.news	5362	2023-06-17
jewishpress.com	41911	2026-08-16
jewishtimes.com	5196	2026-08-14
jewishworldreview.com	8585	2026-08-14
jezebel.com	10156	2026-08-16
jg-tc.com	57093	2026-08-15
jhnewsandguide.com	17989	2026-08-16
jhu.edu	18562	2026-08-16
jns.org	32526	2026-08-16
joblo.com	39802	2026-07-30
joe.co.uk	22824	2026-04-16
joe.ie	23908	2026-04-15
johnogroat-journal.co.uk	46605	2026-08-16
johnsoncitypress.com	21521	2025-12-16
jonathanturley.org	7570	2026-08-16
joplinglobe.com	90010	2026-08-16
jordantimes.com	57572	2026-08-16
jose947.com	15323	2025-03-13
journal-advocate.com	30175	2026-08-16
journal-news.com	38817	2026-08-16
journal-news.net	28090	2026-08-16
journal-spectator.com	9839	2025-11-25
journal-topics.com	8782	2026-08-16
journal.com.ph	14897	2026-08-16
journalgazette.net	78954	2026-08-16
journalinquirer.com	22390	2023-06-03
journalism.co.uk	5488	2026-08-14
journalismpakistan.com	7281	2026-08-16
journalnow.com	73500	2026-08-15
journalpatriot.com	10361	2026-08-13
journalpioneer.com	22877	2020-11-11
journalrecord.com	37118	2026-06-03
journalreview.com	10999	2026-08-15
journalstandard.com	5432	2023-09-10
journalstar.com	111354	2026-08-16
journaltimes.com	69600	2026-08-16
jowhar.com	8047	2026-08-16
jox2fm.com	41278	2025-07-23
joxfm.com	18774	2026-08-16
joy.org.au	11968	2026-08-16
jpost.com	174728	2026-08-16
jsonline.com	32169	2023-09-11
jta.org	11234	2025-05-12
jtv.com	50630	2026-08-13
jumpradio.ca	7573	2026-06-29
juneauempire.com	8076	2026-08-16
juneesoutherncross.com.au	104846	2026-08-16
juniorminingnetwork.com	20840	2026-08-14
junkee.com	6676	2026-02-19
jurist.org	6889	2026-03-19
just-auto.com	11310	2026-08-14
just-drinks.com	7630	2026-08-14
just-food.com	8946	2026-08-14
just-style.com	9193	2026-08-14
justarsenal.com	17704	2026-08-16
justblogbaby.com	5751	2026-08-16
justice.gov	5015	2025-11-26
justiceinfo.net	9662	2026-08-16
justicenewsflash.com	7822	2026-07-14
justjared.com	611881	2026-07-05
justjaredjr.com	121458	2026-08-15
justmeans.com	17128	2023-01-06
justsecurity.org	5539	2026-08-14
juxtapoz.com	6197	2026-05-13
jweekly.com	11304	2026-08-15
jwire.com.au	13912	2026-08-16
k100country.com	5843	2026-08-16
k101fm.net	41439	2026-04-22
k1047.com	23597	2026-08-16
k105.com	12301	2026-07-16
k12.wi.us	18159	2026-08-13
k2radio.com	26391	2026-08-15
k923orlando.com	9047	2026-08-15
k945.com	38354	2026-08-16
k96fm.com	17287	2026-08-16
k985.com	5843	2020-12-09
k99.com	22296	2026-08-16
k99online.com	6541	2026-01-28
k99wigm.com	8101	2026-08-15
kaaltv.com	75975	2026-03-17
kabc.com	30242	2026-08-16
kachwanya.com	7093	2026-08-12
kacu.org	56643	2026-08-16
kafe.com	5675	2026-08-15
kagstv.com	38121	2026-06-06
kaieteurnewsonline.com	31303	2026-08-16
kait8.com	34600	2026-08-16
kajo.com	5807	2026-08-14
kake.com	51317	2026-08-16
kalb.com	17614	2026-08-16
kalw.org	48714	2026-08-16
kamcity.com	15232	2025-11-18
kamloopsbcnow.com	12315	2026-08-16
kamloopsthisweek.com	20035	2023-10-27
kansascity.com	5375	2024-07-30
kansaspublicradio.org	23771	2026-08-16
kanw.com	37966	2025-07-07
kaok.com	41893	2026-08-16
kare11.com	62042	2026-06-25
karennews.org	7329	2026-08-13
karriere.at	11037	2024-03-25
kashmirlife.net	42658	2026-08-16
kashmirreader.com	50240	2026-08-16
kashmirtimes.com	19663	2026-08-14
kashmirtimes.in	16699	2025-04-18
kasu.org	95271	2026-08-16
katc.com	47096	2026-08-16
katcountry989.com	44851	2026-08-14
katherinetimes.com.au	63187	2026-08-16
kathmandupost.com	28127	2026-08-16
katm.com	6241	2026-08-16
katsfm.com	43261	2026-08-16
katt.com	9381	2026-08-16
katu.com	43339	2026-08-16
katv.com	35596	2026-08-16
kawc.org	63472	2026-08-16
kawowo.com	7264	2026-08-16
kazu.org	67776	2026-08-16
kbat.com	27629	2026-08-16
kbcy.com	5491	2026-08-16
kber.com	8794	2026-08-16
kbew98country.com	5051	2026-08-16
kbft.org	7857	2026-08-13
kbhbradio.com	8708	2025-01-23
kbia.org	37686	2026-08-16
kbnd.com	7500	2026-08-14
kbnwnews.com	5550	2026-08-16
kboo.fm	6827	2026-08-15
kbrx.com	7760	2026-08-14
kbs.co.kr	64942	2026-08-16
kbtt.fm	20147	2026-08-10
kbtx.com	28182	2026-08-16
kbull93.com	13417	2022-09-06
kbur.com	16644	2026-08-15
kbzk.com	39165	2026-08-16
kcbd.com	30716	2026-08-16
kcbx.org	31696	2026-08-16
kcby.com	35103	2026-08-16
kcchronicle.com	7039	2023-05-01
kcci.com	84286	2026-08-16
kccu.org	58317	2026-08-16
kcentv.com	51557	2026-06-06
kcet.org	7715	2023-09-25
kchanews.com	10515	2026-08-16
kciiradio.com	24156	2026-08-13
kclr96fm.com	8548	2026-08-16
kclu.org	46996	2026-08-16
kcra.com	111968	2026-08-16
kcrg.com	36919	2026-08-16
kcrr.com	26437	2026-08-16
kcrw.com	21945	2026-01-30
kctv5.com	42041	2026-08-16
kcur.org	16325	2026-08-16
kdal610.com	12741	2025-09-30
kdat.com	45664	2026-08-15
kdhlradio.com	58627	2026-08-16
kdhnews.com	89847	2026-08-16
kdks.fm	16608	2026-08-10
kdlg.org	17369	2025-01-27
kdminer.com	6578	2026-08-16
kdramastars.com	20619	2026-08-14
kdrv.com	29861	2026-08-16
kdux.com	9744	2026-08-07
kdvr.com	6504	2026-02-17
kdwn.com	7218	2022-11-12
keanradio.com	21085	2026-08-16
kearneyhub.com	50115	2026-08-15
kecofm.com	9019	2026-08-14
kedm.org	56145	2026-08-16
keighleynews.co.uk	132091	2026-08-16
kekbfm.com	33527	2026-08-16
kelo.com	82128	2026-08-16
kelofm.com	17934	2026-08-14
kelownacapnews.com	53847	2026-08-16
kelownadailycourier.ca	61178	2026-08-16
kenoraonline.com	7083	2025-08-25
kenoshanews.com	7298	2025-08-27
kens5.com	72133	2026-06-05
kentlive.news	5708	2026-07-02
kentonline.co.uk	95743	2026-08-16
kentuckynewera.com	34645	2026-08-15
kenw.org	42681	2026-08-16
kenyan-post.com	44982	2026-08-16
kenyans.co.ke	16332	2026-03-18
kenyastar.com	67725	2026-08-16
keprtv.com	25980	2026-06-05
keralakaumudi.com	5418	2026-08-16
keranews.org	24837	2026-08-15
kerrang.com	13548	2026-08-15
kesn1033.com	9325	2020-10-06
kesq.com	81422	2026-08-16
ketchikandailynews.com	6929	2026-08-16
ketr.org	48558	2026-08-16
ketv.com	79299	2026-08-16
kevinmd.com	18014	2026-05-27
keyc.com	18953	2026-08-15
keyj.com	20651	2026-08-16
keysnews.com	50122	2026-08-16
keyt.com	104087	2026-08-16
keyw.com	25049	2026-08-16
kezi.com	28008	2026-08-16
kezj.com	22096	2026-08-16
kfdi.com	10996	2026-01-28
kfdm.com	33903	2026-08-16
kffm.com	29424	2026-08-16
kfgo.com	72432	2026-08-16
kfilradio.com	61802	2026-08-16
kfiz.com	10695	2026-08-16
kfm.co.ug	8614	2026-04-20
kfm.co.za	9754	2024-01-15
kfmx.com	31253	2026-08-16
kfor.com	7646	2026-06-11
kfox95.com	28448	2026-08-16
kfoxtv.com	39428	2026-08-16
kfqd.com	6517	2026-08-10
kfru.com	38017	2026-08-16
kfrxfm.com	17293	2026-08-05
kfvs12.com	51509	2026-08-16
kfyo.com	19204	2026-08-14
kfyrtv.com	29158	2026-08-16
kgab.com	6496	2026-03-06
kggo.com	10449	2026-08-16
kgmi.com	7909	2024-01-16
kgmo.com	7189	2026-07-15
kgns.tv	23055	2026-08-16
kgoradio.com	26604	2022-10-06
kgou.org	66869	2026-08-16
kgw.com	58191	2026-07-14
khaama.com	22314	2026-08-16
khak.com	39262	2026-08-16
khaleejtimes.com	156188	2026-08-16
khaosodenglish.com	9434	2025-01-23
khay.com	5487	2026-08-16
khit1075.com	22119	2026-08-16
khits.com	51157	2026-08-03
khmertimeskh.com	29011	2025-07-08
khop.com	10368	2026-08-16
khou.com	72508	2026-06-06
khq.com	83191	2026-08-16
khqa.com	31645	2026-08-16
kicdam.com	7503	2024-07-31
kickam1530.com	24543	2026-08-16
kickoff.com	31098	2026-08-16
kicks105.com	20576	2026-08-16
kicks1063.com	11533	2026-08-16
kicks99.com	15898	2026-08-16
kickscountry.com	5004	2026-07-23
kicksonfire.com	45793	2026-06-01
kidderminstershuttle.co.uk	114148	2026-08-16
kiiitv.com	55653	2026-06-05
kiimfm.com	6199	2026-08-16
kikn.com	32403	2026-08-16
kilburntimes.co.uk	48181	2026-08-16
kildare-nationalist.ie	55975	2026-08-16
kilgorenewsherald.com	11800	2026-08-16
kilkennypeople.ie	58431	2026-05-14
kimatv.com	28907	2026-06-06
kimberleybulletin.com	29386	2026-08-16
kimt.com	57958	2026-08-16
kincardinenews.com	21572	2026-08-16
king5.com	67787	2026-06-05
kingdomfm.co.uk	18364	2025-01-03
kingfm.com	35749	2026-08-16
kingfut.com	10157	2026-08-16
kingstonthisweek.com	36695	2026-03-26
kinja.com	15310	2026-04-27
kink.fm	5473	2026-08-15
kinston.com	7636	2026-08-15
kion546.com	5562	2025-08-21
kios.org	47564	2026-08-15
kiow.com	15783	2026-08-16
kiplinger.com	15113	2026-08-16
kirksvilledailyexpress.com	8705	2026-08-16
kiro7.com	64430	2026-08-16
kism.com	9576	2026-08-14
kiss-1031.com	9174	2026-08-16
kiss951.com	30052	2026-08-14
kisscasper.com	24960	2026-08-14
kissfm969.com	25644	2026-08-16
kissrocks.com	8030	2026-08-16
kisswtlz.com	21864	2026-08-14
kitchener.citynews.ca	6837	2025-01-26
kitchener.ctvnews.ca	24550	2025-01-23
kitchenertoday.com	6824	2021-10-17
kitco.com	27490	2026-08-15
kitguru.net	21682	2026-08-16
kitsapsun.com	5916	2023-09-11
kitv.com	59261	2026-08-16
kivitv.com	7643	2026-03-19
kiwaradio.com	13717	2026-08-16
kiwiblog.co.nz	8983	2026-08-16
kix106.com	5985	2026-08-16
kix953.com	14884	2026-08-07
kix96.com	5964	2026-08-16
kixi.com	9238	2026-08-14
kixs.com	19273	2026-08-16
kixweb.com	7540	2026-08-07
kizn.com	6919	2026-08-16
kjas.com	10989	2026-08-16
kjct8.com	20733	2026-08-16
kjlhradio.com	6653	2026-08-16
kjmo.com	7596	2025-03-17
kjo1055.com	5499	2026-08-11
kjrh.com	18478	2026-08-16
kjzz.org	38917	2026-08-16
kkco11news.com	12057	2026-08-16
kkfm.com	13305	2026-08-16
kkgb.com	17853	2026-08-16
kkiq.com	16153	2026-08-14
kkoh.com	75518	2026-08-16
kkrv.com	14777	2026-08-15
kktv.com	25595	2026-08-16
kkyr.com	24523	2026-08-16
kkyx.com	7173	2026-08-15
klake.com	8869	2024-02-15
klaq.com	29066	2026-08-15
klaw.com	26427	2026-08-16
klcc.org	92800	2026-08-16
klce.com	5932	2024-08-29
klewtv.com	26166	2026-06-06
klif.com	79041	2026-08-16
klik1240.com	31383	2024-10-16
klin.com	15094	2026-08-16
klkl.fm	21081	2026-08-10
klkntv.com	37430	2026-08-16
klll.com	8938	2026-08-15
klove.com	5093	2026-08-10
klrc.com	5106	2026-08-14
kltv.com	34140	2026-08-16
klur.com	6118	2026-08-16
klyq.com	6235	2025-03-12
kmaj1440.com	110636	2026-07-20
kmaland.com	29833	2026-08-15
kmbc.com	78960	2026-08-16
kmch.com	12051	2026-08-16
kmfm.co.uk	8748	2026-08-15
kmhk.com	18284	2026-08-15
kmit.com	5095	2026-08-13
kmjnow.com	70593	2026-08-16
kmmo.com	22512	2026-08-12
kmmsam.com	12863	2026-08-12
kmov.com	18034	2023-12-04
kmuw.org	46136	2026-08-16
kmvt.com	18652	2026-08-16
kmxs.com	7565	2026-08-12
kmxt.org	18215	2026-08-16
knac.com	17762	2026-08-11
knau.org	42043	2026-08-16
knbr.com	14484	2025-05-22
knco.com	7410	2026-08-03
kneb.com	8538	2021-03-30
knek.com	20288	2026-08-16
kniakrls.com	48473	2026-04-10
knoe.com	30792	2026-08-16
knopnews2.com	23340	2026-08-16
knoxnews.com	11024	2023-09-11
knoxradio.com	13719	2026-08-14
knpr.org	70809	2026-08-16
knsiradio.com	19545	2026-08-14
knue.com	35436	2026-08-16
knzr.com	12841	2026-05-14
koaa.com	51631	2026-08-16
koamnewsnow.com	30720	2026-08-16
koat.com	63560	2026-08-16
kob.com	132489	2026-08-16
kobi5.com	24768	2026-08-15
koco.com	87539	2026-08-16
kodiakdailymirror.com	6718	2026-08-14
koel.com	25323	2026-08-14
kogt.com	7226	2026-08-16
koimoi.com	72194	2026-08-16
koka.am	21801	2026-08-16
kokomoperspective.com	42673	2023-11-03
kokomotribune.com	60107	2026-08-16
kold.com	42325	2026-08-16
kolotv.com	29350	2026-08-16
komando.com	10011	2026-08-16
komonews.com	36336	2026-08-16
komu.com	52005	2026-08-16
kono1011.com	9424	2026-08-16
kool1017.com	34298	2026-08-16
kool1079.com	29777	2026-08-16
kool965.com	18802	2026-08-15
kool973.com	5259	2026-08-12
kool98.com	7238	2026-08-14
koolam.com	11280	2026-08-14
koolfmabilene.com	19603	2026-08-16
kopsource.com	65646	2024-11-23
koreabizwire.com	47083	2026-02-12
koreabridge.net	5162	2026-08-16
koreaherald.com	135215	2026-08-16
korean.cri.cn	8439	2026-08-16
koreatimes.co.kr	120232	2026-08-16
koreatimesus.com	6498	2025-07-18
kosu.org	32665	2026-05-09
kotaku.com	19348	2026-08-16
kotaku.com.au	19079	2026-08-10
kotaradio.com	8459	2026-08-16
kotatv.com	22320	2026-08-16
kowb1290.com	14288	2026-08-15
koxe.com	13526	2026-08-14
koze.com	10134	2026-08-13
kpax.com	45431	2026-08-16
kpbs.org	51964	2026-08-16
kpcnews.com	67619	2026-08-16
kpcw.org	38496	2026-08-16
kpel965.com	36306	2026-08-16
kpfa.org	13497	2026-08-16
kphrfm.com	11967	2026-08-09
kpic.com	37945	2026-08-16
kpla.com	9315	2026-08-16
kplctv.com	39374	2026-08-16
kpopstarz.com	22664	2026-08-16
kpq.com	14792	2026-08-16
kprs.com	8780	2026-08-11
kptv.com	32173	2026-08-16
kpvi.com	56566	2026-08-15
kqky.com	10095	2026-04-28
kqvt.com	14591	2026-08-14
kqxy.com	10338	2026-08-16
krcgtv.com	38629	2026-08-16
krcoam.com	5925	2022-04-05
krcrtv.com	44815	2026-08-16
krcu.org	67080	2026-08-16
krdo.com	110471	2026-08-16
krem.com	51326	2026-06-26
krforadio.com	53735	2026-08-16
krgv.com	63967	2026-08-16
kristv.com	38676	2026-08-16
krmg.com	32224	2026-08-16
krmsradio.com	5661	2026-08-15
krna.com	27939	2026-08-16
krnb.com	15494	2026-08-16
krny.com	11513	2026-08-14
kroc.com	41861	2026-08-16
krock.com.au	7289	2026-08-16
krock1017fm.com	5079	2021-05-15
krocnews.com	15517	2026-08-16
krod.com	17562	2026-08-15
krqe.com	5338	2025-11-18
krro.com	25773	2026-08-16
krrq.com	20593	2026-08-16
krrvonline.com	13315	2026-08-15
krtv.com	34917	2026-08-16
krvn.com	7917	2021-02-12
krvs.org	25162	2026-08-16
krwg.org	52512	2026-08-16
ks95.com	14956	2026-08-16
ksal.com	11746	2026-08-16
ksam1017.com	6993	2026-08-16
ksat.com	164909	2026-08-16
ksbw.com	63508	2026-08-16
ksby.com	55540	2026-08-16
kscj.com	8864	2026-08-16
ksdk.com	66285	2026-06-06
ksenam.com	13739	2026-08-16
ksfa860.com	14288	2026-08-15
ksfr.org	6186	2026-08-16
ksgf.com	12566	2026-05-23
kshb.com	46553	2026-08-16
kshe95.com	9962	2026-08-15
ksisradio.com	18846	2026-08-15
ksjbam.com	6232	2026-08-16
ksks.com	10806	2026-08-16
ksl.com	140175	2026-08-16
ksla.com	34475	2026-08-16
kslx.com	7485	2026-08-14
ksmb.com	20033	2026-08-16
ksmu.org	89521	2026-08-16
ksnblocal4.com	18582	2026-08-16
ksnt.com	7165	2025-07-16
ksoo.com	5993	2021-08-01
kspr.com	11386	2020-07-08
ksro.com	23115	2025-09-15
kstp.com	59468	2026-03-19
ksusentinel.com	36224	2026-06-19
ksut.org	38616	2026-08-16
kswo.com	27633	2026-08-16
ksyl.com	28676	2026-08-16
ktar.com	56303	2026-06-03
ktbb.com	48007	2026-08-16
ktbs.com	99837	2026-08-16
ktcx.com	6167	2026-08-16
kten.com	50705	2026-08-16
ktep.org	42397	2026-08-16
ktgl.com	8618	2026-08-08
kticradio.com	7000	2021-05-28
ktik.com	7853	2026-08-16
ktiv.com	37520	2026-08-16
ktla.com	8210	2025-05-28
ktlo.com	37244	2026-08-07
ktnv.com	6090	2026-03-18
ktop1490.com	82056	2026-08-16
ktre.com	22570	2026-08-16
ktsa.com	19304	2026-08-15
kttn.com	17326	2025-11-10
ktts.com	11047	2025-11-23
ktucam.com	9209	2023-08-24
ktul.com	39916	2026-08-16
ktuu.com	8725	2020-07-16
ktvb.com	59027	2026-06-06
ktvh.com	31376	2026-08-15
ktvl.com	5803	2026-08-15
ktvo.com	29054	2026-08-16
ktvq.com	33597	2026-08-16
ktvu.com	66043	2026-08-16
ktvz.com	150978	2026-08-16
ktwb.com	8224	2026-08-14
ktxs.com	33815	2026-08-16
ku.edu	6701	2026-08-14
kuaf.com	48067	2026-08-16
kuam.com	24726	2026-04-30
kucb.org	8853	2026-08-15
kuenselonline.com	10146	2026-08-15
kuer.org	17213	2026-08-14
kugn.com	65465	2026-07-20
kuic.com	14895	2026-08-16
kulr8.com	69403	2026-08-15
kuna.net.kw	50048	2026-02-25
kunc.org	53061	2026-08-16
kunm.org	38529	2026-08-16
kunr.org	27725	2026-08-16
kuow.org	32564	2026-08-16
kurv.com	25223	2026-08-14
kusi.com	21626	2024-01-30
kut.org	13582	2026-08-14
kutx.org	5244	2026-08-15
kuvo.org	10257	2026-08-15
kuwaittimes.com	10873	2025-01-27
kuwaittimes.net	15352	2022-01-04
kuzz.com	6222	2026-08-16
kval.com	40640	2026-08-16
kvia.com	124458	2026-08-16
kvmr.org	8374	2026-08-16
kvnf.org	55231	2026-08-16
kvoa.com	47919	2026-08-16
kvoo.com	8055	2020-12-07
kvor.com	81198	2026-08-16
kvpionline.com	15744	2026-08-15
kvpr.org	35697	2026-08-16
kvrr.com	24698	2026-08-16
kvue.com	62654	2026-06-25
kw3.com	13578	2026-08-15
kwayradio.com	6687	2026-08-05
kwbu.org	78514	2026-08-16
kwcdcountry.com	11178	2026-08-16
kwch.com	29036	2026-08-16
kwhl.com	5400	2026-08-10
kwin.com	23069	2026-08-16
kwiq.com	8478	2026-08-15
kwit.org	75125	2026-08-16
kwqc.com	31276	2026-08-16
kwsn.com	21961	2026-08-16
kwtx.com	26411	2026-08-16
kwwl.com	6192	2026-03-17
kwxx.com	11537	2026-08-13
kx947.fm	6622	2026-08-16
kxel.com	62141	2026-08-15
kxii.com	17743	2026-08-16
kxkx.com	25068	2026-08-16
kxl.com	22096	2026-08-16
kxlf.com	38080	2026-08-16
kxlh.com	31877	2026-08-16
kxly.com	108939	2026-08-16
kxly920.com	16426	2026-08-16
kxrb.com	33195	2026-08-16
kxxv.com	53512	2026-08-16
kxzz1580am.com	8657	2022-01-03
ky3.com	52883	2026-08-16
kygl.com	21743	2026-08-16
kyis.com	10016	2026-08-16
kyivpost.com	67049	2026-08-16
kykz.com	5600	2026-08-16
kyma.com	58566	2026-08-16
kynt1450.com	14765	2026-08-16
kyodonews.net	22838	2026-08-16
kysdc.com	13771	2026-08-16
kyssfm.com	31442	2026-08-16
kyuk.org	26769	2026-08-16
kztv10.com	26409	2026-08-15
kzyx.org	47644	2026-08-16
labelsandlabeling.com	9341	2026-04-07
labmate-online.com	7410	2025-08-07
labusinessjournal.com	6199	2026-08-12
lacrossetribune.com	123984	2026-08-16
ladailypost.com	24507	2026-08-16
ladunliadinews.com	8588	2025-07-28
ladysmithchronicle.com	34064	2026-08-16
lagrandeobserver.com	13334	2026-08-15
lagrangenews.com	6643	2026-08-15
lagunabeachindy.com	5068	2026-08-14
lahainanews.com	5333	2026-08-16
laineygossip.com	14148	2026-08-14
laist.com	38920	2026-08-16
lajollalight.com	5593	2024-06-12
lakeexpo.com	8169	2026-08-15
lakegenevanews.net	29865	2026-08-03
lakenewsonline.com	10939	2026-08-16
lakersnation.com	15837	2026-08-16
lakeshoreadvance.com	23128	2026-08-16
lakeshowlife.com	6099	2026-08-16
lamag.com	10254	2026-08-15
lancashiretelegraph.co.uk	215364	2026-08-16
lancasterfarming.com	10190	2026-08-16
lancasterguardian.co.uk	14852	2025-01-23
lancasteronline.com	97428	2026-08-16
lanereport.com	5060	2026-08-14
lankanewspapers.com	5564	2026-08-16
lankaweb.com	16168	2026-08-16
lansingstatejournal.com	8274	2023-09-11
laois-nationalist.ie	57164	2026-08-16
laosnews.net	95560	2026-08-16
laprensalatina.com	37186	2026-05-11
laramieboomerang.com	5085	2021-02-04
lasentinel.net	12449	2025-08-23
lasvegassun.com	104367	2026-08-10
lasvegasweekly.com	7577	2026-08-16
latestly.com	108148	2025-01-27
latimes.com	184800	2026-08-16
latinamericanpost.com	11210	2026-08-16
latinfinance.com	12259	2026-08-15
latinnews.com	5453	2025-09-15
latinpost.com	19962	2026-08-12
latintimes.com	29254	2026-08-16
latpro.com	42075	2023-03-23
laughingplace.com	17370	2026-08-16
law360.com	148153	2026-08-15
lawandcrime.com	6285	2026-03-17
lawfuel.com	5355	2026-08-16
lawgazette.co.uk	18504	2025-09-05
lawofficer.com	10536	2026-08-14
lawstreetmedia.com	8733	2026-08-12
lawyersweekly.com.au	11771	2026-08-16
lbc.co.uk	77490	2026-08-16
lbcgroup.tv	7553	2026-07-13
lbpost.com	13807	2026-08-14
lcsun-news.com	11231	2023-09-11
leaderherald.com	10592	2023-10-24
leaderlive.co.uk	182367	2026-08-16
leaderpost.com	64241	2026-08-16
leadership.ng	101766	2026-08-16
leadertelegram.com	56854	2026-08-16
leamingtonobserver.co.uk	14398	2026-08-16
leavenworthtimes.com	9903	2026-07-24
lebanon-express.com	21448	2023-04-25
lebanondemocrat.com	81914	2026-08-16
ledburyreporter.co.uk	107983	2026-08-16
ledgertranscript.com	15421	2026-08-16
leducrep.com	16433	2026-08-16
leftfootforward.org	5757	2026-08-16
legalinsurrection.com	16772	2026-08-16
legallyindia.com	22713	2026-08-16
legalnewsline.com	16752	2026-08-16
legit.ng	17884	2026-03-19
legitgov.org	12519	2026-08-16
lehighacrescitizen.com	5470	2026-08-14
lehighvalleylive.com	48122	2026-02-23
leicestermercury.co.uk	117427	2026-08-16
leighjournal.co.uk	98765	2026-08-16
leightonbuzzardonline.co.uk	9193	2025-01-23
leinsterexpress.ie	59110	2026-05-12
leinsterleader.ie	62211	2026-05-12
leitrimobserver.ie	49217	2026-05-14
lelezard.com	35745	2026-06-02
lemonde.fr	9061	2026-04-15
lenconnect.com	10474	2023-09-11
lendio.com	8488	2023-07-02
lep.co.uk	26299	2025-01-23
lestimes.com	7321	2026-08-15
lethbridgeherald.com	64204	2026-08-16
letsrecycle.com	6095	2026-08-14
letsrun.com	12170	2026-06-01
lewistownsentinel.com	15439	2026-08-15
lewrockwell.com	31823	2026-06-04
lex18.com	37731	2026-08-16
lexch.com	23134	2026-08-16
lexology.com	31975	2026-07-15
lfpress.com	24880	2026-08-16
lgbtqnation.com	8913	2026-06-21
lgcplus.com	9897	2026-08-14
libcom.org	5243	2026-08-02
liberianobserver.com	17081	2026-08-15
libertyballers.com	8089	2026-08-14
libn.com	11056	2026-06-03
librivox.org	8578	2026-08-16
lichfieldlive.co.uk	14322	2026-08-16
lifeandstylemag.com	11881	2026-08-12
lifehacker.com	21432	2026-08-16
lifehacker.com.au	22827	2024-10-09
lifenews.com	18017	2026-08-15
lightreading.com	19048	2026-08-15
liherald.com	7335	2026-08-15
liliputing.com	5086	2026-07-22
lillooetnews.net	17763	2020-08-18
limaohio.com	35794	2025-04-15
limerickleader.ie	62755	2026-05-27
limerickpost.ie	12671	2026-08-16
lincolnshireworld.com	14183	2025-01-23
lincolntimesnews.com	5007	2026-08-16
listenupyall.com	7712	2026-08-15
listverse.com	14331	2026-08-16
lite96.com	5798	2024-02-21
lite987.com	28727	2026-08-16
liteonline.com	22954	2026-08-15
literock959.com	22060	2025-03-27
literock969.com	8820	2022-04-18
lithgowmercury.com.au	47088	2026-08-16
littleapplepost.com	24670	2026-08-16
littlehamptongazette.co.uk	6387	2022-02-10
live.com	16087	2020-11-21
live5news.com	38725	2026-08-16
live955.com	10707	2026-08-10
live959.com	13493	2026-08-16
live95fm.ie	17659	2026-08-16
livecharts.co.uk	15324	2026-08-15
livejournal.com	96331	2026-08-16
livelaw.in	74481	2026-08-16
liveleak.com	5908	2021-05-30
livemint.com	225922	2026-08-16
livenews.co.nz	49820	2026-08-16
liverpoolecho.co.uk	213822	2026-08-16
liverpoolfc.com	13020	2026-08-16
livesaildie.com	9515	2026-08-16
livescience.com	16975	2026-08-16
ljworld.com	16451	2026-08-16
lloydslist.com	6574	2025-08-26
lmfm.ie	16441	2026-08-16
lmtonline.com	181735	2026-06-22
lmtribune.com	48302	2026-08-16
lobotero.com	7074	2026-08-16
local10.com	135780	2026-08-16
local12.com	36380	2026-08-16
local21news.com	41563	2026-08-16
local3news.com	48551	2026-08-16
localberkshire.co.uk	9988	2023-03-07
localgov.co.uk	12223	2026-08-13
localmatters.co.nz	6147	2026-08-16
localmemphis.com	55339	2026-06-06
localnews8.com	155631	2026-08-16
lockhaven.com	24482	2026-08-15
lockportjournal.com	24868	2026-08-15
locusmag.com	8767	2025-07-17
lodinews.com	7885	2026-08-16
loeildelaphotographie.com	9555	2025-04-10
loganbanner.com	6507	2026-08-14
logandaily.com	5328	2026-08-16
logisticsmanager.com	5705	2026-08-14
lohud.com	10472	2023-09-11
lombardiave.com	5683	2026-08-16
lompocrecord.com	29402	2026-08-15
london-now.co.uk	16428	2026-08-16
london.ctvnews.ca	22226	2025-01-23
londonlovesbusiness.com	26541	2026-08-16
londonmercury.com	34731	2026-08-16
londontheatre1.com	6201	2026-08-15
lonestar995fm.com	30880	2026-08-16
lonestarball.com	7997	2026-08-16
longbeachstar.com	28882	2024-09-21
longfordleader.ie	53948	2026-05-15
longisland.com	23837	2026-08-16
longislandpress.com	14920	2026-08-16
loopjamaica.com	16567	2021-05-20
loopnews.com	14595	2024-07-21
lordsofpain.net	6837	2020-04-18
losaltosonline.com	7276	2026-08-14
lostcoastoutpost.com	14312	2026-08-16
loudountimes.com	8359	2026-08-15
loudwire.com	20749	2026-08-15
louisianaradionetwork.com	9177	2026-08-14
louisianarecord.com	5312	2025-05-20
lovefm.com	8332	2026-08-15
lovinmalta.com	7683	2026-03-19
lowellsun.com	26086	2026-08-16
lowkickmma.com	24243	2026-08-16
lowvelder.co.za	20975	2023-08-31
lpheralddispatch.com	9442	2026-08-16
lrt.lt	16836	2026-08-16
lse.co.uk	94388	2025-01-23
lsionline.com	14800	2025-11-17
ltn.com.tw	15644	2026-08-16
lubbockonline.com	11096	2023-09-11
ludlowadvertiser.co.uk	125305	2026-08-16
lufkindailynews.com	34003	2026-08-16
lusakatimes.com	16334	2026-03-19
lutontoday.co.uk	13300	2025-01-23
luxtimes.lu	9904	2025-07-21
luxurytravelmagazine.com	12502	2026-08-16
lvb.com	8186	2026-06-04
lynnnews.co.uk	37288	2026-08-16
macaubusiness.com	15766	2025-08-13
macaudailytimes.com.mo	18548	2026-08-16
macdailynews.com	6972	2026-08-14
macleayargus.com.au	65684	2026-08-16
macmegasite.com	8764	2026-01-29
macobserver.com	5646	2025-08-19
macombdaily.com	39123	2026-08-16
macrobusiness.com.au	30026	2026-08-16
macrumors.com	6927	2026-07-10
mactech.com	12451	2026-08-15
macupdate.com	11732	2026-08-16
macworld.com	9101	2026-08-16
madamenoire.com	11232	2026-08-14
madinamerica.com	9879	2026-08-15
madison.com	123142	2026-08-16
madisonrecord.com	9887	2025-05-21
madrock1025.com	29492	2026-08-10
magic1021.com	9875	2026-08-15
magic1029fm.com	10131	2026-08-16
magic106.com	8647	2026-08-13
magic1073fm.com	9037	2026-08-16
magic93fm.com	10358	2026-08-16
magic943fm.com	5049	2026-08-16
magic983.com	18138	2026-08-15
magicbricks.com	8890	2026-08-15
magicvalley.com	79016	2026-08-15
magnoliareporter.com	24480	2026-08-16
mailtimes.com.au	41828	2026-08-16
mailtribune.com	10799	2023-06-01
mainebiz.biz	15503	2026-08-14
mainemirror.com	16001	2026-08-16
mainepublic.org	14418	2026-03-18
mainichi.jp	15562	2026-07-23
mainlinemedianews.com	29521	2026-08-16
mainstreetnews.com	6281	2026-08-16
maitlandmercury.com.au	109329	2026-08-16
makeuseof.com	23789	2026-08-16
malawi24.com	14891	2026-08-16
malawivoice.com	12696	2026-08-16
malaya.com.ph	31133	2026-04-22
malaymail.com	104909	2026-03-19
malaysiakini.com	77184	2026-08-16
malaysiasun.com	67007	2026-08-16
maldivesindependent.com	7014	2026-08-16
maldonandburnhamstandard.co.uk	126928	2026-08-16
malibutimes.com	5530	2026-08-16
maltatoday.com.mt	38916	2026-03-12
malverngazette.co.uk	117015	2026-08-16
mamamia.com.au	28980	2026-08-15
managingmadrid.com	12842	2026-08-16
manchestereveningnews.co.uk	264157	2026-08-16
manchesterjournal.com	12213	2026-08-15
mandurahmail.com.au	72522	2026-08-16
mangalorean.com	54427	2026-08-16
manicapost.co.zw	6458	2025-01-22
manilametro.com	5842	2024-07-24
manilastandard.net	10136	2026-03-18
manilatimes.net	376298	2026-08-16
manitobacooperator.ca	9874	2026-08-16
mankatofreepress.com	96299	2026-08-16
manningrivertimes.com.au	84977	2026-08-16
mansfieldnewsjournal.com	7976	2023-09-11
mantecabulletin.com	9166	2026-08-15
manufacturing.net	21568	2025-10-02
manutd.com	13965	2026-05-04
manxradio.com	21710	2026-08-16
mapleridgenews.com	32294	2026-08-16
maravipost.com	25539	2026-08-16
marca.com	7042	2026-05-24
marcellusdrilling.com	14930	2026-08-14
marconews.com	5934	2023-09-11
mareeg.com	8100	2026-08-11
margaretrivermail.com.au	37228	2025-08-20
marieclaire.co.uk	16012	2026-08-16
marieclaire.com	23627	2026-08-16
mariettatimes.com	18920	2026-08-15
marinecorpstimes.com	7927	2026-08-14
marinelink.com	29498	2026-08-16
marinelog.com	9329	2025-11-20
marinetechnologynews.com	7276	2026-08-16
marinij.com	33296	2026-08-16
maritime-executive.com	32377	2026-08-16
maritimeprofessional.com	5977	2026-08-16
marketbusinessnews.com	19495	2026-08-16
marketing-interactive.com	15252	2026-08-14
marketplace.org	12448	2026-08-15
marketpulse.com	11933	2026-08-12
marketrealist.com	8592	2026-08-15
markets.co	5867	2022-01-09
marketscreener.com	999061	2026-05-18
marketswired.com	5202	2025-01-04
marketwatch.com	422150	2026-07-06
marklevinshow.com	9970	2026-08-15
marshallindependent.com	17817	2026-08-15
marshfieldnewsherald.com	8584	2023-09-11
marthastewart.com	11116	2026-03-17
martinsvillebulletin.com	35838	2026-08-15
maryland.gov	7991	2026-08-15
marylandreporter.com	6678	2026-06-04
maryvilleforum.com	20314	2024-11-15
masala.com	18108	2024-07-13
mashable.com	47855	2026-08-16
massachusettsnewswire.com	7075	2026-08-13
massachusettssun.com	44102	2026-08-16
massdevice.com	8486	2026-02-21
masslawyersweekly.com	19316	2026-06-04
masslive.com	108215	2026-02-23
mathrubhumi.com	5608	2026-06-23
matr.net	6776	2026-08-16
mauinews.com	20637	2026-08-16
mauinow.com	16140	2026-08-16
maurice-info.mu	9248	2026-08-16
mavsmoneyball.com	7127	2026-08-16
max94one.com	23603	2026-08-16
maximumfun.org	6496	2026-08-15
mayerthorpefreelancer.com	15575	2026-08-16
mayonews.ie	20592	2026-05-21
mb.com.ph	181940	2026-08-16
mbcradio.com	6045	2026-08-16
mbtmag.com	18138	2025-09-17
mcalesternews.com	17189	2026-08-15
mcall.com	80305	2026-08-16
mccookgazette.com	5030	2026-08-14
mcdonoughvoice.com	5718	2023-09-10
mcdowellnews.com	39478	2026-08-14
mcknights.com	8837	2026-03-11
mcphersonsentinel.com	6035	2026-07-21
mdislander.com	9789	2026-08-13
mdjonline.com	145386	2026-08-16
meadvilletribune.com	42806	2026-08-15
meathchronicle.ie	44825	2026-08-16
meaww.com	20365	2026-03-17
medafricatimes.com	6623	2026-08-14
medcitynews.com	14327	2026-08-13
mediaforfreedom.com	5275	2026-04-27
mediaite.com	85245	2026-08-02
mediamatters.org	15035	2026-08-14
medianama.com	11591	2026-08-14
mediapost.com	25040	2026-08-16
medicaldaily.com	8790	2026-08-16
medicalnewstoday.com	5523	2026-08-16
medicalxpress.com	141329	2026-01-29
medicinehatnews.com	73377	2026-08-16
medindia.net	39283	2026-08-16
medium.com	145786	2026-08-03
medpagetoday.com	25044	2025-01-28
medscape.com	48446	2026-08-16
meed.com	24155	2026-08-14
mega979.com	6734	2026-08-16
mega993online.com	29406	2026-08-16
melfortjournal.com	10437	2026-07-04
meltontimes.co.uk	8291	2025-01-23
memphisflyer.com	7103	2026-08-14
memphissun.com	104973	2026-08-16
memri.org	9885	2025-04-22
menafn.com	973875	2026-03-10
mendocinobeacon.com	15688	2026-08-16
menshealth.com	30380	2026-08-15
mensxp.com	27531	2026-08-16
mentalfloss.com	14690	2026-08-16
meobserver.org	5527	2026-07-14
mercopress.com	23019	2026-08-16
mercurynews.com	81749	2026-08-16
meridianstar.com	36449	2026-08-16
merimbulanewsweekly.com.au	71209	2026-08-16
mesabitribune.com	53917	2026-08-16
messagemedia.co	11814	2026-08-16
messenger-inquirer.com	85652	2026-08-16
messenger.com.ge	5945	2026-08-14
messengernews.net	13471	2026-08-15
messengernewspapers.co.uk	144836	2026-08-16
metal.com	22249	2026-08-14
metalunderground.com	14577	2026-08-16
metro.co.uk	150260	2026-08-16
metro.us	86034	2025-11-03
metrojacksonville.com	11998	2026-08-16
metrotimes.com	12133	2026-05-14
metroweekly.com	6647	2026-08-16
metrowestdailynews.com	10026	2023-09-11
metv.com	11122	2026-08-15
metvmall.com	12496	2026-06-06
mexicoledger.com	8069	2026-08-15
mexiconewsdaily.com	6811	2026-03-15
mexicostar.com	65269	2026-08-16
mg.co.za	30601	2026-08-16
mgoblog.com	14877	2025-08-28
miamiherald.com	8780	2024-07-31
miaminewtimes.com	8761	2026-08-15
miamistudent.net	5439	2026-07-15
miamitimesonline.com	8780	2026-08-16
michigan.gov	5321	2023-02-02
michigandaily.com	7628	2026-08-15
michiganradio.org	23666	2024-01-10
michigansthumb.com	78149	2026-06-22
mid-day.com	99451	2026-08-16
middle-east-online.com	6417	2026-08-16
middleeasteye.net	48029	2026-08-16
middleeastmonitor.com	77312	2026-08-16
middleeaststar.com	116176	2026-08-16
middlenecknews.com	5370	2026-08-16
middletownpress.com	123670	2026-04-21
midhurstandpetworth.co.uk	5526	2022-02-10
midmichigannow.com	35927	2026-08-16
midnorthmonitor.com	49307	2026-08-16
midsussextimes.co.uk	5984	2022-02-10
midutahradio.com	16990	2026-08-15
midweekherald.co.uk	35453	2026-08-16
midwestradio.ie	25412	2026-08-16
mihomepaper.com	12568	2026-03-04
milawyersweekly.com	9157	2026-06-03
milehighreport.com	12699	2026-08-16
milforddailynews.com	8053	2023-09-07
milfordmercury.co.uk	91579	2026-08-16
milfordmirror.com	59636	2025-06-14
military.com	33763	2026-08-16
militarytimes.com	13719	2026-08-15
miltonkeynes.co.uk	14120	2025-01-23
milwaukeesun.com	46133	2026-08-16
mindat.org	13155	2025-01-23
minicassia.com	6201	2024-03-21
mining-journal.com	7397	2026-05-26
mining-technology.com	10946	2026-08-14
mining.com	47390	2026-08-16
mininggazette.com	10871	2026-08-15
miningjournal.net	22550	2026-08-15
miningmx.com	7146	2026-08-16
miningnews.net	11257	2026-05-26
miningweekly.com	49370	2026-08-14
minnlawyer.com	7668	2026-06-04
minnpost.com	9105	2026-08-15
minotdailynews.com	18255	2026-08-15
miragenews.com	630579	2026-08-16
mirror.co.uk	697467	2026-08-16
mis-asia.com	10384	2026-07-26
mishpacha.com	8364	2026-08-16
missioncityrecord.com	42706	2026-08-16
missionlocal.org	7309	2026-08-16
mississauga.com	7875	2026-08-16
mississippivalleypublishing.com	23279	2026-08-15
missoulian.com	135303	2026-08-16
missourinet.com	8104	2026-07-25
mit.edu	10191	2026-08-14
mitchelladvocate.com	22846	2026-08-16
mitchellrepublic.com	31775	2026-08-16
mix100.com	5919	2026-08-12
mix1005.fm	24059	2026-08-10
mix100lubbock.com	15834	2026-08-15
mix103.com	9959	2026-08-16
mix1043fm.com	28471	2026-08-15
mix1069.com	14864	2026-08-15
mix106radio.com	25440	2026-08-15
mix108.com	35596	2026-08-16
mix929.com	24430	2026-08-15
mix931fm.com	30686	2026-08-15
mix941.com	21172	2026-08-10
mix941kmxj.com	20169	2026-08-15
mix949.com	27445	2026-08-16
mix957.net	8804	2024-01-04
mix957gr.com	20658	2026-08-14
mix965tulsa.com	6755	2025-10-22
mix979fm.com	13543	2024-04-26
mix987.com	9389	2026-07-18
mixx993.com	17624	2026-08-15
mizzima.com	20944	2025-01-23
mlb.com	78284	2026-08-16
mlbtraderumors.com	57033	2026-08-16
mlive.com	129535	2026-02-23
mmafighting.com	27383	2026-08-16
mmamania.com	25379	2026-08-16
mmanews.com	16189	2026-04-22
mmegi.bw	6972	2026-08-14
mmm-online.com	5466	2026-08-13
mobihealthnews.com	6860	2026-06-03
mobilesyrup.com	21045	2026-08-14
mobileworldlive.com	12275	2026-03-03
mobilitytechzone.com	5977	2024-09-17
mobypicture.com	32801	2023-10-03
moddb.com	38275	2025-11-16
model-engineer.co.uk	20636	2026-07-24
modernghana.com	172805	2026-07-20
modernhealthcare.com	11836	2026-06-18
modernreaders.com	462461	2025-04-18
moelane.com	11594	2025-07-17
mohavedailynews.com	14175	2026-08-16
mojo1029.com	11610	2026-08-15
moldpres.md	9534	2025-01-14
monacolife.net	5635	2026-08-14
mondaq.com	131560	2026-08-14
mondovisione.com	33622	2026-01-14
mondoweiss.net	7379	2026-08-16
moneycontrol.com	447226	2026-08-16
moneylife.in	22046	2026-08-16
moneymanagement.com.au	13351	2026-06-24
moneymarketing.co.uk	24237	2026-08-14
moneytalksnews.com	11825	2026-08-16
moneyweb.co.za	37490	2024-04-02
moneyweek.com	9576	2026-08-16
mongabay.com	10209	2026-08-15
monitor.co.ug	71515	2026-04-22
monocle.com	6052	2026-08-16
monroenews.com	13644	2023-09-11
monstersandcritics.com	55350	2025-10-02
montanarightnow.com	63630	2026-08-15
montereycountyweekly.com	13791	2026-07-09
montereyherald.com	12924	2026-08-16
montgomery-herald.com	6187	2025-05-20
montgomeryadvertiser.com	8465	2023-09-11
montgomerynews.com	6458	2021-09-28
montreal.ctvnews.ca	32918	2025-01-23
montrealgazette.com	41563	2026-08-16
montrosepress.com	15854	2026-08-16
mooseradio.com	14562	2026-08-15
moreechampion.com.au	59593	2026-08-16
morganton.com	34815	2026-08-16
morning-times.com	36384	2026-08-15
morningadvertiser.co.uk	9697	2026-08-14
morningjournal.com	50280	2026-08-16
morningjournalnews.com	21907	2026-08-15
morningstar.com	104674	2026-08-16
morningstaronline.co.uk	41883	2026-08-16
morningsun.net	65755	2026-08-14
moroccoworldnews.com	18102	2026-08-16
mortgageintroducer.com	8340	2022-03-18
mortgagenewsdaily.com	8017	2026-08-14
mortgagesolutions.co.uk	14648	2026-08-14
mortgagestrategy.co.uk	23798	2026-08-14
morungexpress.com	74765	2026-08-16
mothership.sg	13261	2025-03-10
motor1.com	20803	2026-08-16
motorcyclenews.com	26325	2026-08-16
motorsport.com	23329	2026-08-16
moultonadvertiser.com	16641	2026-08-15
moultrieobserver.com	15821	2026-08-14
mountaineagle.com	10033	2026-08-16
mountvernonnews.com	10891	2026-08-16
mouthshut.com	5619	2026-08-16
movieweb.com	82531	2026-08-16
mpamag.com	7762	2026-08-14
mpnews.com.au	5088	2026-08-14
mpnnow.com	10032	2023-09-11
mprnews.org	27295	2026-08-16
mrt.com	64966	2026-06-22
mrtopstep.com	18821	2024-11-22
mscnews.net	5885	2026-08-16
msn.com	2860431	2023-06-23
mtairynews.com	6017	2026-08-16
mtdemocrat.com	27959	2026-08-16
mtexpress.com	11608	2026-08-14
mtlblog.com	7231	2026-08-16
mtpr.org	17948	2026-08-14
mtstandard.com	60343	2026-08-15
mudgeeguardian.com.au	52295	2026-08-16
multifamilybiz.com	6105	2026-08-14
mumbrella.com.au	23789	2025-11-20
murfreesboropost.com	6340	2023-03-01
murrayledger.com	10738	2026-08-14
muscatdaily.com	19785	2026-08-16
muscatinejournal.com	107127	2026-08-16
music-news.com	20555	2025-12-16
musicrow.com	7500	2026-07-30
musketfire.com	7346	2026-08-16
muskogeephoenix.com	22360	2026-08-15
muskokaregion.com	8031	2026-08-16
muswellbrookchronicle.com.au	70257	2026-08-16
mv-voice.com	11065	2026-08-15
mvariety.com	31512	2026-08-16
mvtimes.com	18375	2026-08-15
mwnation.com	18338	2026-08-16
mxdwn.com	6827	2026-08-16
my1035.com	12312	2026-08-12
my40.tv	7419	2022-01-31
my957.com	6757	2026-08-14
my9nj.com	6184	2026-08-13
myalbertlea.com	12521	2026-06-08
myalgomamanitoulinnow.com	5735	2026-06-03
myanmarmuslim.net	18759	2024-11-05
myanmarnews.net	58303	2026-08-16
myaustinminnesota.com	20340	2025-06-14
myb106.com	27499	2026-08-14
mybeachradio.com	20323	2024-04-01
mybroadband.co.za	6013	2022-09-28
mycariboonow.com	9471	2026-06-04
mycentraljersey.com	12905	2023-09-11
mycentralnebraska.com	36843	2026-08-14
mycentraloregon.com	50195	2026-08-15
mycolumbuspower.com	13123	2026-08-16
mycountry955.com	30915	2026-08-16
mycouriertribune.com	7801	2024-10-05
mycowichanvalleynow.com	8504	2026-06-03
myeasternshoremd.com	11847	2026-08-16
myedmondsnews.com	20239	2026-06-15
myfox28columbus.com	40446	2026-08-16
myfox8.com	5960	2025-08-29
myheraldreview.com	9725	2026-01-16
myhorrynews.com	9435	2026-08-16
myiowainfo.com	17053	2026-05-01
myjournalcourier.com	67919	2026-06-22
myjournals.org	7241	2023-08-26
myjoyonline.com	111154	2026-03-19
myk104.com	7920	2026-08-15
mykiss1031.com	25231	2026-08-14
mykisscountry937.com	34091	2026-08-16
myklgr.com	21179	2026-08-14
mykxlg.com	87068	2026-08-16
myleaderpaper.com	34900	2026-08-16
mylloydminsternow.com	5646	2026-06-03
mylondon.news	6996	2026-08-09
mymagic106.com	6393	2026-08-16
mymagic949.com	9215	2026-08-14
mymagicgr.com	8906	2024-04-29
mymajic933.com	6401	2026-07-01
mymcmedia.org	12918	2026-08-16
mymix1061.com	15735	2026-08-16
mymixfm.com	37804	2026-08-16
mymmanews.com	9113	2026-08-16
mymoinfo.com	20112	2026-08-15
mymotherlode.com	178959	2026-08-16
mymuskokanow.com	6585	2026-06-01
mynbc5.com	73193	2026-08-16
myneworleans.com	9974	2026-08-15
mynews13.com	9591	2026-08-12
mynews4.com	34111	2026-08-16
mynewsla.com	67314	2026-08-16
mynorthbaynow.com	5340	2026-06-04
mynorthwest.com	220475	2026-07-20
mynspr.org	46314	2026-08-16
myozarksonline.com	17389	2026-08-14
myplainview.com	49460	2026-06-22
myprincegeorgenow.com	13790	2026-06-04
myq105.com	15704	2026-08-16
myq1075.com	20665	2026-08-16
myqcountry.com	12612	2026-07-30
myrecordjournal.com	12869	2023-12-30
mysailing.com.au	6280	2026-08-15
mysanantonio.com	83417	2025-11-18
myspiritfm.com	9975	2026-08-16
mystar98.com	20564	2026-08-16
mysteinbach.ca	10475	2026-08-16
mysteriousuniverse.org	10559	2026-08-14
mystratfordnow.com	7047	2026-06-03
mysuncoast.com	34648	2026-08-16
mytimminsnow.com	5104	2026-06-03
myuscountry.com	17621	2026-06-08
mywebtimes.com	8503	2023-05-01
naftemporiki.gr	8078	2026-08-01
nagalandpost.com	49549	2026-06-08
nagariknetwork.com	28805	2026-03-16
nagpurtoday.in	17510	2026-08-14
naharnet.com	89282	2026-08-16
naija247news.com	61215	2026-08-16
nairaland.com	77881	2025-07-26
nairametrics.com	12220	2026-03-04
nairobiwire.com	14493	2026-08-14
nakedcapitalism.com	12393	2026-08-16
namibian.com.na	32008	2026-08-16
namibiansun.com	22017	2026-08-16
nampa.org	44517	2024-11-08
nanaimobulletin.com	32714	2026-08-16
nancyonnorwalk.com	5405	2026-08-14
nantonnews.com	8334	2026-08-16
napaneeguide.com	40389	2026-08-16
napaneetoday.ca	10104	2026-08-16
napavalleyregister.com	69209	2026-08-16
naplesnews.com	11875	2023-09-11
naroomanewsonline.com.au	71478	2026-08-16
narrominenewsonline.com.au	45194	2026-08-16
nasa.gov	8389	2026-08-14
nasdaq.com	55625	2026-08-15
nashfm100.com	5765	2026-08-16
nashfm1025.com	5817	2026-08-06
nashvilleherald.com	101985	2026-08-16
nashvillepost.com	14253	2026-08-14
nashvillescene.com	11999	2026-08-14
nation.co.ke	29367	2022-02-18
nation.com.pk	11096	2022-06-06
nation.sc	31727	2026-08-14
nationalaccordnewspaper.com	54321	2026-08-16
nationalgeographic.com	10925	2026-08-16
nationalheraldindia.com	6988	2026-03-15
nationalhogfarmer.com	5929	2025-01-21
nationalinterest.org	48930	2026-01-29
nationalmemo.com	10276	2026-08-14
nationalmortgagenews.com	14607	2026-08-16
nationalmortgageprofessional.com	6336	2025-01-22
nationalnetworkonline.com	5308	2026-08-16
nationalobserver.com	21303	2026-07-14
nationalpost.com	53836	2026-08-16
nationalreview.com	12378	2021-07-27
nationaltribune.com.au	8043	2025-01-27
nationnews.com	31084	2026-08-16
nationofchange.org	6473	2026-03-18
nationthailand.com	16496	2026-03-16
natlawreview.com	117982	2026-08-16
naturalgasintel.com	18656	2026-07-15
naturalgasworld.com	12123	2025-02-26
naturalnews.com	64468	2026-08-16
nature.com	37106	2026-08-16
natureworldnews.com	17960	2026-08-14
naval-technology.com	6940	2026-08-16
naveenbharat.in	7607	2022-04-24
navhindtimes.in	32660	2026-08-16
navy.mil	6855	2025-03-06
navytimes.com	10360	2026-08-14
nba.com	18601	2026-03-18
nbc-2.com	55163	2025-02-05
nbc.com	6473	2026-08-14
nbc11news.com	9500	2023-12-14
nbc12.com	30170	2023-12-14
nbc15.com	19997	2023-12-14
nbc16.com	40734	2026-08-16
nbc24.com	8398	2026-08-14
nbc29.com	16840	2023-12-14
nbcbayarea.com	123068	2026-08-16
nbcboston.com	5342	2026-06-04
nbcchicago.com	144720	2026-08-16
nbcconnecticut.com	162075	2026-08-16
nbcdfw.com	142508	2026-08-16
nbclosangeles.com	139949	2026-08-16
nbcmiami.com	115330	2026-08-16
nbcmontana.com	44689	2026-08-16
nbcnews.com	182170	2026-08-16
nbcnewyork.com	139350	2026-08-16
nbcphiladelphia.com	141666	2026-08-16
nbcrightnow.com	52844	2026-08-15
nbcsandiego.com	116170	2026-08-16
nbcsvg.com	9517	2026-08-14
nbcwashington.com	92269	2026-08-16
nbnnews.com.au	29487	2026-08-14
nbr.co.nz	26395	2026-08-16
ncadvertiser.com	56294	2025-10-26
nclawyersweekly.com	7647	2026-06-03
ncnewsonline.com	57337	2026-08-16
ncpa.org	6693	2026-08-14
ncr-iran.org	8395	2026-08-16
ncregister.com	19758	2026-08-16
ncronline.org	16624	2025-10-08
ncspin.com	5114	2026-08-14
ndtv.com	342023	2025-05-26
nebraska.tv	34658	2026-08-16
necn.com	82611	2025-02-13
nehandaradio.com	14110	2026-08-15
neindia.com	7057	2026-08-16
neonnettle.com	10439	2022-07-30
neoskosmos.com	20964	2026-08-16
neowin.net	47848	2025-11-08
nepalnational.com	99909	2026-08-16
nerdist.com	18794	2026-08-15
nesn.com	36746	2026-08-16
netflixlife.com	5834	2026-08-16
netindian.in	5818	2025-08-21
netnewsledger.com	20283	2026-08-16
netscape.com	175162	2026-08-16
netsdaily.com	7293	2026-08-16
netwerk24.com	10158	2025-01-22
networkworld.com	7759	2026-08-14
neurologyadvisor.com	9465	2026-08-14
nevadaappeal.com	12575	2025-09-05
nevadabusiness.com	7441	2026-08-14
nevadanewsandviews.com	6400	2026-08-15
neveitalia.it	11740	2026-03-07
newagebd.net	23289	2025-05-26
newarab.com	9672	2025-09-21
newarkadvertiser.co.uk	33479	2026-08-16
newarkadvocate.com	6177	2023-09-11
newarkpostonline.com	5155	2026-08-14
newbernsj.com	11659	2026-08-15
newburyportnews.com	29905	2026-08-16
newburytoday.co.uk	28021	2026-08-16
newbusinessethiopia.com	13973	2026-08-08
newcanaanite.com	7762	2026-08-16
newcastleherald.com.au	152137	2026-08-16
newcivilengineer.com	14158	2026-08-14
newcountry991.com	6309	2022-04-29
newdelhitimes.com	68173	2026-08-04
newegg.com	26043	2026-08-16
newelectronics.co.uk	12266	2026-06-05
newfoodmagazine.com	5975	2026-03-31
newhamrecorder.co.uk	28995	2026-08-16
newhavenindependent.org	11540	2026-08-16
newidea.com.au	14496	2026-08-16
newindianexpress.com	148604	2026-08-16
newjerseyhills.com	40489	2026-08-11
newjerseytelegraph.com	114971	2026-08-16
newkerala.com	245547	2026-08-11
newmilfordspectrum.com	51343	2022-03-01
newnigerianpolitics.com	5405	2026-08-13
neworleanscitybusiness.com	16544	2026-06-03
neworleanssun.com	58015	2026-08-16
newportri.com	6992	2023-09-08
newrepublic.com	23572	2026-08-16
newrock1041.fm	7175	2026-07-07
news-daily.com	80936	2026-08-16
news-expressky.com	27040	2026-08-16
news-gazette.com	128262	2026-08-16
news-herald.com	52067	2026-08-16
news-journal.com	9331	2026-08-16
news-journalonline.com	17642	2023-09-11
news-leader.com	8165	2023-09-11
news-mail.com.au	44484	2021-04-28
news-medical.net	103404	2026-08-15
news-press.com	12874	2023-09-11
news-star.com	10617	2026-08-13
news.am	93175	2026-08-15
news.az	53289	2026-08-16
news.cn	13336	2022-04-14
news.com.au	91981	2024-07-30
news.err.ee	23415	2022-10-20
news.statetimes.in	7534	2020-06-12
news.tuoitre.vn	11037	2026-08-16
news12.com	73636	2026-08-16
news18.com	268439	2026-03-17
news24.com	167567	2026-08-16
news3lv.com	47744	2026-08-16
news4jax.com	158163	2026-08-16
news4sanantonio.com	49852	2026-08-16
news5cleveland.com	6019	2026-03-18
news8000.com	91664	2026-08-16
news9.com	77436	2026-08-16
news957.com	48715	2021-10-17
newsadvance.com	47230	2026-08-15
newsandsentinel.com	23377	2026-08-16
newsandstar.co.uk	189924	2026-08-16
newsandtribune.com	26508	2026-08-16
newsargus.com	25776	2026-08-15
newsbiscuit.com	6135	2026-08-16
newsblogged.com	5602	2026-05-27
newsbreak.com	10798	2025-12-06
newsbtc.com	36869	2026-08-13
newsbug.info	11001	2026-08-13
newsbusters.org	88362	2026-08-16
newsbytes.ph	5691	2026-08-16
newscenter1.tv	34255	2026-08-16
newscentermaine.com	38963	2026-03-19
newscentralasia.net	8428	2026-08-16
newschannel10.com	23062	2026-08-15
newschannel20.com	29042	2026-08-15
newschannel5.com	53248	2026-08-15
newschannel6now.com	24243	2026-08-16
newschannel9.com	40901	2026-08-16
newschannelnebraska.com	13127	2025-03-22
newschief.com	8585	2023-09-11
newscientist.com	17458	2026-08-14
newsdakota.com	21318	2026-08-15
newsday.co.tt	85759	2026-08-14
newsday.co.zw	30461	2026-08-16
newsday.com	104245	2026-08-16
newsdzezimbabwe.co.uk	7676	2025-12-25
newser.com	76879	2026-08-16
newsfirst.lk	12470	2026-03-19
newsghana.com.gh	84231	2026-08-06
newsherald.com	14695	2023-09-11
newshub.co.nz	18541	2024-07-04
newsincyprus.com	12862	2025-01-27
newsindiatimes.com	14467	2026-08-16
newsitem.com	27503	2026-08-16
newslaundry.com	5564	2026-08-15
newsleader.com	5481	2023-09-11
newsletter.co.uk	32306	2025-01-23
newsmakers.pk	21672	2026-08-13
newsmax.com	59273	2024-07-30
newsminer.com	34216	2026-08-16
newsnation.in	8047	2020-04-07
newsnationnow.com	6205	2025-12-25
newsnationtv.com	27052	2025-10-19
newsnow.co.uk	11455	2026-08-15
newsofbahrain.com	10103	2026-03-05
newson6.com	78304	2026-08-16
newsonair.com	29094	2021-11-26
newsone.com	9025	2026-08-15
newsonjapan.com	26691	2026-08-16
newsoptimist.ca	37573	2021-07-29
newspressnow.com	73568	2026-08-16
newsradio1029.com	75112	2026-08-16
newsradio1310.com	19236	2026-08-16
newsradio1440.com	23058	2025-03-17
newsradioklbj.com	7330	2026-08-10
newsregister.com	13630	2026-08-16
newsroompanama.com	12920	2026-08-16
newsshopper.co.uk	124554	2026-08-16
newstalk.com	45004	2026-08-16
newstalk1030.com	44615	2026-08-16
newstalk1280.com	25158	2026-08-16
newstalk1290.com	18796	2026-08-15
newstalk870.am	21070	2026-08-16
newstalkkgvo.com	16416	2026-08-15
newstalkkit.com	19794	2026-08-15
newstalkzb.co.nz	64064	2026-08-16
newstatesman.com	27644	2026-08-16
newstimes.com	131966	2025-06-12
newstoday.com.bd	12801	2021-01-24
newstodaynet.com	32734	2026-08-15
newstracklive.com	7310	2025-07-05
newstrib.com	7242	2023-05-01
newstribune.com	48555	2026-08-16
newsviewsnreviews.com	5466	2019-11-13
newswatchman.com	5210	2026-08-16
newsweek.com	289243	2026-08-16
newswest9.com	42241	2026-06-26
newswire.ca	22225	2026-08-15
newswire.net	5059	2026-08-14
newswiretoday.com	28653	2026-08-16
newswise.com	41552	2026-08-16
newsx.com	62974	2026-08-16
newsy.com	19898	2023-01-04
newtelegraphng.com	6479	2026-03-19
newtimesslo.com	8526	2026-08-13
newtoncountytimes.com	12132	2026-08-13
newtondailynews.com	7089	2026-08-15
newtownbee.com	13938	2026-08-15
newvision.co.ug	15892	2026-08-16
newwestrecord.ca	69228	2025-08-01
newyorker.com	16771	2026-08-16
newyorkstatesman.com	50486	2026-08-16
newyorktelegraph.com	178242	2026-08-16
newzealandstar.com	51307	2026-08-16
newzimbabwe.com	34445	2026-08-16
nextbigfuture.com	6367	2026-08-14
nextbigwhat.com	8733	2026-08-15
nextshark.com	11448	2026-08-10
nfl.com	9180	2026-03-18
nflspinzone.com	5087	2026-08-16
nhbr.com	7092	2026-08-14
nhk.or.jp	17436	2026-07-08
nhl.com	22373	2026-03-19
nhpbs.org	21017	2026-08-16
nhpr.org	27879	2026-08-16
nhregister.com	170698	2026-06-22
niagara-gazette.com	27567	2026-08-16
niagarafallsreview.ca	83997	2026-08-16
niagarathisweek.com	10444	2026-08-16
nichegamer.com	14073	2026-08-08
nigerianbulletin.com	9228	2026-07-01
nigerianeye.com	66747	2026-08-16
nigerianobservernews.com	14404	2026-08-16
nigerianpilot.com	7331	2020-10-27
nigeriasun.com	85272	2026-08-16
nih.gov	6202	2026-08-06
nikkei.com	16403	2026-08-16
nine.com.au	11530	2026-07-07
ninernoise.com	5756	2026-08-16
ninersnation.com	15612	2026-08-16
nintendoeverything.com	12655	2026-08-16
nintendolife.com	34822	2026-08-16
nintendoworldreport.com	15757	2026-08-16
nipawinjournal.com	10212	2026-06-28
niyitabiti.net	5586	2023-01-29
nj.com	120944	2026-02-23
nj1015.com	53612	2026-08-16
njbiz.com	17043	2026-06-04
njherald.com	11636	2023-09-11
nknews.org	10926	2026-08-16
nkytribune.com	10134	2026-03-11
nltimes.nl	22963	2026-08-16
nme.com	60092	2026-08-16
nmpoliticalreport.com	5490	2026-08-14
nna-leb.gov.lb	16290	2023-10-07
nny360.com	63604	2026-08-16
noise11.com	14460	2026-08-15
nola.com	80470	2026-08-16
nonpareilonline.com	59109	2026-08-16
noodls.com	5116	2025-05-02
noosanews.com.au	45618	2021-04-28
noozhawk.com	41145	2026-08-16
norfolkandtillsonburgnews.com	43489	2026-06-22
norfolkdailynews.com	32949	2026-08-15
norfolktoday.ca	10825	2026-08-14
normantranscript.com	25670	2026-08-16
northafricapost.com	13434	2026-08-16
northamptonchron.co.uk	23233	2025-01-23
northantstelegraph.co.uk	18240	2025-01-23
northbaynipissing.com	6800	2026-08-16
northcentralpa.com	34818	2026-08-16
northcoastcitizen.com	5728	2025-09-25
northcoastjournal.com	13115	2026-08-16
northcountrynow.com	67040	2026-08-16
northcountrypublicradio.org	55789	2026-08-16
northdenvernews.com	5846	2026-08-16
northdevongazette.co.uk	9532	2026-05-20
northeasttoday.in	15151	2026-08-16
northern-times.co.uk	46170	2026-08-16
northerndailyleader.com.au	104136	2026-08-16
northernirelandnews.com	19738	2024-12-03
northernirelandworld.com	23257	2025-01-23
northernminer.com	8484	2026-08-14
northernnews.ca	51267	2026-08-16
northernpublicradio.org	59029	2026-08-16
northernstar.com.au	43139	2021-04-28
northernstar.info	7049	2026-08-15
northernvirginiamag.com	5417	2026-08-14
northescambia.com	19183	2026-08-16
northfortmyersneighbor.com	6298	2026-08-15
northislandgazette.com	31310	2026-08-16
northjersey.com	17610	2023-09-11
northkoreatimes.com	34853	2026-08-16
northplattebulletin.com	6072	2026-08-16
northqueenslandregister.com.au	31023	2026-08-16
northsomersettimes.co.uk	33871	2026-08-16
northumberlandgazette.co.uk	17505	2025-01-23
northumberlandnews.com	6996	2026-08-16
northwaleschronicle.co.uk	106678	2026-08-16
northwalespioneer.co.uk	110034	2026-08-16
northwestgeorgianews.com	145469	2026-08-16
northwestmoinfo.com	24447	2026-08-15
northwestsignal.net	41112	2026-08-15
northweststar.com.au	61738	2026-08-16
northwichguardian.co.uk	126151	2026-08-16
norwichbulletin.com	8631	2023-09-11
nottinghampost.com	123630	2026-08-16
nova.ie	26506	2026-08-16
novinite.com	66662	2026-08-16
nowgrenada.com	6340	2026-08-15
nownews.com	14527	2022-10-31
nowtoronto.com	18392	2026-07-30
npr.org	141415	2026-08-16
nptelegraph.com	45600	2026-08-15
nrl.com	13674	2026-08-16
nrn.com	15683	2026-08-14
nrq.com	6088	2026-08-03
nrtoday.com	28104	2026-08-15
nsnews.com	74080	2026-07-30
nst.com.my	19661	2025-09-22
ntnews.com.au	51861	2024-07-22
ntv.co.ug	23508	2026-08-16
nuclear-news.net	19086	2026-08-16
nugget.ca	62740	2026-08-16
nujournal.com	14249	2026-08-15
numberfire.com	17288	2025-10-21
nurseryworld.co.uk	5910	2026-06-19
nursingtimes.net	10331	2026-08-14
nutraingredients-usa.com	6370	2025-10-15
nutraingredients.com	7479	2026-08-14
nvdaily.com	72064	2026-08-16
nvi.com.au	47961	2026-08-16
nwaonline.com	81349	2026-08-16
nwasianweekly.com	5589	2025-12-21
nwemail.co.uk	171456	2026-08-16
nwfdailynews.com	15489	2023-09-11
nwherald.com	10392	2023-05-01
nwitimes.com	107196	2026-08-16
ny1.com	5132	2026-04-22
nyasatimes.com	25516	2026-08-16
nydailynews.com	154852	2026-08-16
nylon.com	5402	2026-08-15
nymag.com	11994	2026-08-15
nynganobserver.com.au	45463	2026-08-16
nyoooz.com	21742	2026-08-03
nypost.com	249245	2026-08-16
nystateofpolitics.com	15807	2026-08-15
nysun.com	20863	2026-08-14
nytimes.com	288941	2026-08-16
nzcity.co.nz	273364	2026-08-16
nzdoctor.co.nz	20424	2026-08-15
nzherald.co.nz	303638	2026-08-16
oakdaleleader.com	7476	2026-08-14
oakridger.com	9789	2023-09-11
oann.com	70721	2026-08-16
oanow.com	32816	2026-08-15
oaoa.com	38684	2025-05-15
obantimes.co.uk	12192	2024-01-25
oberonreview.com.au	48814	2026-08-16
obj.ca	10579	2026-08-14
obozrevatel.com	40531	2025-03-05
obrag.org	7585	2026-08-16
observer-reporter.com	21964	2026-08-16
observer.com	8856	2026-08-16
observer.ug	34428	2026-08-16
observertoday.com	25994	2026-08-16
oc-breeze.com	12900	2023-04-02
ocala.com	12103	2023-09-11
ocbj.com	6094	2026-08-15
oceanfm.ie	15143	2026-08-16
ocj.com	9914	2026-08-16
ocregister.com	76670	2026-08-16
odnako.org	26287	2026-08-16
odt.co.nz	59958	2026-08-16
odwyerpr.com	11489	2026-08-14
oedigital.com	18206	2026-08-14
offalyexpress.ie	62753	2026-05-12
offalyindependent.ie	40591	2026-08-16
officer.com	7246	2026-08-15
offshore-energy.biz	10861	2025-01-22
offshore-technology.com	10872	2026-08-14
ofm.co.za	18723	2026-08-14
og979.com	21908	2026-05-15
ohiostandard.com	41881	2026-08-16
ohsonline.com	5292	2026-08-15
oilandgas360.com	17333	2026-08-14
oilcity.news	6882	2025-04-03
oilprice.com	43268	2026-08-16
oilvoice.com	10120	2020-12-14
oireachtas.ie	10224	2026-08-15
ojaivalleynews.com	11089	2026-08-15
ok.co.uk	127830	2026-08-16
okaz.com.sa	9754	2026-08-16
okcfox.com	37584	2026-08-16
okgazette.com	5462	2026-08-13
oklahomacitysun.com	37743	2026-08-16
oklahoman.com	55294	2023-09-11
oklahomastar.com	21633	2026-08-16
okotoksonline.com	14791	2026-08-16
okotokstoday.ca	8948	2023-03-29
oldham-chronicle.co.uk	12807	2026-08-14
oleantimesherald.com	86555	2026-08-16
omaha.com	179593	2026-08-16
omakchronicle.com	14726	2026-08-15
omanobserver.om	37109	2026-08-16
ominecaexpress.com	26432	2026-08-16
on3.com	5021	2026-03-19
onclive.com	16070	2026-01-16
oncologynurseadvisor.com	6131	2026-08-14
onegreenplanet.org	32641	2026-08-14
oneidadispatch.com	35848	2026-08-16
oneindia.com	61563	2026-08-16
onenewsnow.com	10704	2021-08-10
onenewspage.com	286279	2026-08-16
onlineathens.com	9456	2023-09-11
onlinenigeria.com	70549	2025-03-25
onlineopinion.com.au	9318	2026-08-16
onthewater.com	5608	2026-08-15
onthewight.com	16372	2026-08-16
onwardstate.com	12590	2026-08-16
opalesque.com	5405	2026-08-15
opb.org	7713	2026-04-01
opednews.com	8639	2026-08-16
openpr.com	740132	2026-08-14
openthemagazine.com	10148	2026-08-16
opinionnigeria.com	31931	2026-08-16
opportunitiesforafricans.com	11035	2026-08-15
optics.org	8537	2026-03-25
orangeobserver.com	9356	2025-09-10
orangeville.com	6527	2026-08-16
orangevilletoday.ca	7252	2026-08-14
orcadian.co.uk	5034	2026-08-16
order-order.com	6865	2025-09-01
oregonlive.com	77250	2026-02-23
organiser.org	32994	2026-08-16
origin-businesstoday.intoday.in	40947	2021-06-25
originalfm.com	16807	2025-12-12
orissabarta.com	45115	2026-03-06
orissadiary.com	28013	2026-08-16
orissapost.com	136178	2026-08-16
orlandoecho.com	50942	2026-08-16
orlandosentinel.com	116318	2026-08-16
orlandoweekly.com	14815	2026-08-15
orlytaitzesq.com	27050	2026-08-16
orovillemr.com	14902	2026-08-16
oskaloosa.com	45051	2026-08-16
oskynews.org	6233	2026-08-14
oswegocountynewsnow.com	13151	2026-08-15
oswegocountytoday.com	12478	2026-08-16
ottawa.ctvnews.ca	29397	2025-01-23
ottawacitizen.com	53886	2026-08-16
ottawaherald.com	5736	2026-06-06
ottawasun.com	64923	2026-08-16
ottumwacourier.com	64575	2026-08-16
oudaily.com	6382	2026-08-14
ourmidland.com	73223	2025-12-18
ourtribune.com	5164	2022-10-28
out.com	7741	2026-08-14
outbreaknewstoday.com	7571	2024-04-16
outdoorlife.com	5251	2026-08-16
outdoornews.com	14169	2026-07-30
outdoornewsdaily.com	5453	2023-05-06
outerbanksvoice.com	9139	2026-08-16
outinperth.com	5617	2026-08-16
outlookindia.com	132402	2026-08-16
outsidelands.org	6555	2026-08-16
outsideonline.com	10800	2026-08-16
overdrive.in	6001	2026-08-14
overdriveonline.com	6211	2026-05-27
owensoundsuntimes.com	26192	2026-08-16
oxfordmail.co.uk	239131	2026-08-16
oxygen.com	5041	2026-08-16
oyetimes.com	10764	2026-08-07
packers.com	7731	2026-08-16
packworld.com	8007	2025-12-28
padovanews.it	13489	2026-08-16
paducahsun.com	18904	2026-08-15
pagalguy.com	16439	2026-08-10
pagesix.com	50298	2026-08-16
pagosadailypost.com	7590	2026-08-14
pagosasun.com	13492	2026-08-16
paherald.sk.ca	14358	2026-08-16
pajhwok.com	26354	2026-08-16
pakistanpressfoundation.org	7329	2026-08-11
pakistantelegraph.com	99300	2026-08-16
pakistantoday.com.pk	30367	2026-08-16
pakobserver.net	82830	2026-08-16
palatinate.org.uk	9059	2026-08-16
palestinechronicle.com	8588	2025-08-01
palestineherald.com	10904	2026-08-15
palestinemonitor.org	38912	2026-05-15
palmbeachdailynews.com	7786	2023-09-11
palmbeachpost.com	26187	2023-09-11
palmcoastobserver.com	5119	2023-02-01
palmettobusinessdaily.com	6608	2024-01-26
paloaltoonline.com	18616	2026-08-16
pamplinmedia.com	24300	2022-12-14
panapress.com	23117	2026-05-10
panarmenian.net	24741	2026-07-30
pandct.com	10486	2026-02-15
panorama.am	26664	2026-08-16
panow.com	83475	2026-08-16
pantagraph.com	90325	2026-08-16
paperads.com	17379	2026-07-22
paperpk.com	13989	2026-07-20
parabolicarc.com	8426	2023-11-29
parade.com	9416	2025-09-12
paradisepost.com	11712	2026-08-16
parentherald.com	13168	2026-08-13
parents.com	7116	2026-03-17
parisguardian.com	66409	2026-08-16
parisstaronline.com	39570	2026-08-16
parkeschampionpost.com.au	20465	2026-08-13
parking-net.com	6510	2025-03-11
parking.net	10545	2026-08-14
parkrapidsenterprise.com	31654	2026-08-16
parkrecord.com	18323	2026-08-16
parliament.gov.to	20420	2026-06-29
parrysound.com	7508	2026-08-16
parsonssun.com	15493	2026-08-01
pasadenastarnews.com	45969	2026-08-16
pasoroblesdailynews.com	16904	2026-08-15
pastemagazine.com	11310	2026-08-16
patch.com	238135	2026-08-15
patentlyapple.com	6478	2024-07-30
patheos.com	32796	2026-06-18
patriotledger.com	9693	2023-09-11
patriotpost.us	36668	2026-08-16
patriots.com	6331	2026-08-16
pauldavisoncrime.com	8957	2026-08-16
paulickreport.com	26925	2026-02-06
paultan.org	34135	2026-08-16
paysonroundup.com	10014	2026-08-16
pbcommercial.com	7169	2026-04-07
pbn.com	8460	2026-04-18
pbs.org	26111	2026-08-16
pc-tablet.co.in	7418	2025-04-05
pcgamesn.com	29785	2026-08-16
pcmag.com	38823	2026-08-16
pctechmag.com	6831	2026-08-15
pcworld.co.nz	5685	2023-01-27
peacearchnews.com	36547	2026-08-16
peacefmonline.com	145649	2025-01-26
peakoil.com	17536	2026-08-16
peconicpublicbroadcasting.org	6972	2020-06-16
pedestrian.tv	30637	2026-08-16
peeblesshirenews.com	94099	2026-08-16
pehub.com	15068	2026-08-14
pembinavalleyonline.com	25476	2026-08-16
pembrokeobserver.com	38697	2026-08-16
pembroketoday.ca	11688	2026-08-16
penarthtimes.co.uk	116690	2026-08-16
penbaypilot.com	37324	2026-08-16
pendletoday.co.uk	5505	2021-12-13
peninsulaclarion.com	5041	2026-08-16
peninsuladailynews.com	11452	2026-08-15
pennlive.com	108037	2026-03-08
pennrecord.com	13340	2025-05-21
pensacolasjet.com	6282	2026-08-16
pentictonherald.ca	85253	2026-08-16
people.com	58098	2026-02-05
peoplesdailyng.com	33481	2026-04-09
peoplesreview.com.np	6407	2026-08-16
peoplesworld.org	18245	2026-08-14
peoriapublicradio.org	14883	2021-05-05
perezhilton.com	34397	2026-08-10
performancedrive.com.au	13678	2025-07-21
perhamfocus.com	25090	2026-08-16
perishablenews.com	21734	2026-08-14
perrynewspapers.com	5221	2026-08-14
personneltoday.com	9079	2026-08-14
perthnow.com.au	79828	2026-08-16
petapixel.com	12720	2026-08-16
peterboroughtoday.co.uk	19466	2025-01-23
petoskeynews.com	13149	2023-09-11
pghcitypaper.com	9642	2026-04-25
phandroid.com	17546	2026-08-15
pharmaceuticalonline.com	9741	2026-08-16
pharmacytimes.com	12321	2026-03-25
pharmatimes.com	5532	2026-08-13
pharmiweb.com	39419	2026-06-01
pharostribune.com	19987	2026-08-16
philamirror.info	7659	2026-05-24
philenews.com	18599	2026-07-23
philippinetimes.com	90358	2026-08-16
phillymag.com	6453	2026-08-14
phillytrib.com	40590	2026-08-16
phillyvoice.com	35325	2026-08-16
philstar.com	170070	2026-08-16
phinphanatic.com	6099	2026-08-16
phnompenhpost.com	44711	2026-07-31
phoenixfm.com	6527	2026-08-15
phoenixherald.com	109120	2026-08-16
phoenixnewtimes.com	7899	2026-08-15
phoenixvillenews.com	8403	2021-09-28
phonearena.com	41624	2025-08-21
phoronix.com	9795	2026-07-29
photonics.com	8114	2026-01-03
photonicsonline.com	5464	2026-08-13
phys.org	148868	2026-01-29
physiciansweekly.com	7449	2026-01-06
pikefm.com	9923	2026-08-16
pilotonline.com	70863	2026-08-16
pina.com.fj	20872	2026-08-14
pinchercreekecho.com	8895	2026-08-16
pineandlakes.com	34364	2026-08-16
pineisland-eagle.com	7398	2026-08-15
pinkbike.com	9096	2024-08-26
pinknews.co.uk	20157	2022-11-29
pinkun.com	5191	2025-12-06
pinkvilla.com	221237	2026-08-16
pinstripealley.com	19523	2026-08-16
pionline.com	18259	2026-06-18
piquenewsmagazine.com	60540	2025-09-05
pireport.org	10967	2026-08-14
pistonheads.com	5684	2026-08-16
pitchfork.com	17897	2026-08-16
pittsburghmagazine.com	6104	2026-08-14
pittsburghstar.com	114277	2026-08-16
piworld.com	8077	2026-08-14
pix11.com	19492	2025-06-12
pizzamarketplace.com	5505	2026-08-14
pjmedia.com	48562	2026-08-16
pjstar.com	10980	2023-09-11
placenorthwest.co.uk	17006	2026-06-04
plaintalk.net	5671	2026-08-14
planetf1.com	46651	2026-08-16
planetizen.com	14972	2025-07-30
planetprinceton.com	10666	2026-08-16
plansponsor.com	6388	2026-07-31
plasticsnews.com	9513	2026-04-29
playbill.com	24729	2026-08-16
playstationlifestyle.net	16134	2026-08-15
pleasantonweekly.com	12545	2026-08-15
plenglish.com	61986	2026-08-05
plos.org	5981	2026-08-13
pluggedin.com	5481	2026-08-15
plymouthherald.co.uk	104800	2026-08-16
pmlive.com	10041	2026-08-14
pmnewsnigeria.com	54847	2026-08-16
pna.gov.ph	7058	2026-03-08
pnj.com	13200	2023-09-11
poandpo.com	22819	2025-05-09
pocket-lint.com	26575	2026-08-16
pocketgamer.com	7666	2026-08-14
pocketnow.com	11447	2025-09-04
poconorecord.com	7358	2023-09-11
pokernews.com	34026	2026-08-16
polandsun.com	5706	2023-12-21
police1.com	7556	2026-08-16
polishforums.com	9791	2026-08-16
politicaldog101.com	30911	2026-08-16
politicalwire.com	57363	2026-08-16
politico.com	67856	2025-11-05
politico.eu	41557	2026-08-16
politics.co.uk	8821	2026-08-13
politicsweb.co.za	10642	2026-08-16
politicususa.com	7324	2026-02-28
politifact.com	12882	2026-08-14
polity.org.za	34059	2025-01-23
polkio.com	18648	2026-08-15
polygon.com	36625	2026-08-16
poncacitynews.com	9865	2026-08-15
pontefractandcastlefordexpress.co.uk	5456	2021-12-14
popcrush.com	18333	2026-08-16
popmatters.com	6121	2025-10-29
popsci.com	12727	2026-08-16
popsugar.com	65069	2026-08-14
popsugar.com.au	14474	2025-05-08
popularmechanics.com	15045	2026-08-16
portageonline.com	27360	2026-08-16
portcitydaily.com	15845	2026-08-15
portclintonnewsherald.com	6288	2023-09-11
portfolio-adviser.com	7238	2026-08-14
portlandmercury.com	12073	2026-08-16
portlandtribune.com	8695	2026-08-15
portnews.com.au	64437	2026-08-16
portsmouth-dailytimes.com	7649	2026-08-16
portsmouth.co.uk	25284	2025-01-23
portstephensexaminer.com.au	57657	2026-08-16
porttechnology.org	5045	2026-08-15
positivelyfilipino.com	6150	2026-08-13
post-journal.com	24643	2026-08-16
postandcourier.com	122783	2026-08-16
postbulletin.com	62936	2026-08-16
postcourier.com.pg	43348	2026-08-16
postcrescent.com	12995	2023-09-11
postindependent.com	14408	2026-08-15
postnewsgroup.com	6577	2026-08-15
postonline.co.uk	9108	2026-08-14
postregister.com	68952	2026-08-16
poststar.com	66233	2026-08-15
potchefstroomherald.co.za	10484	2023-10-04
potomaclocal.com	14387	2026-08-16
pottsmerc.com	50697	2026-08-16
poughkeepsiejournal.com	7141	2023-09-11
poundingtherock.com	8919	2026-08-16
powderbulksolids.com	7623	2026-08-14
powelltribune.com	18833	2026-08-16
power-technology.com	11679	2026-08-14
power103.com	8361	2026-08-16
power1057.com	7590	2026-08-16
power1069fm.com	22458	2026-08-09
power923.com	6369	2026-08-16
power959.com	19920	2026-08-15
power965.com	6877	2025-01-27
power96radio.com	51229	2026-08-16
power98fm.com	23811	2026-08-16
powerboise.com	5239	2026-07-01
powerlineblog.com	11521	2026-07-02
powermag.com	6163	2026-08-14
powerorlando.com	7951	2026-08-14
powerpage.org	7064	2026-01-18
poynter.org	5511	2026-08-14
pqbnews.com	32215	2026-08-16
pr-inside.com	182029	2026-08-16
pr.com	16895	2026-08-16
pragativadi.com	54059	2026-08-16
prairiepublic.org	42674	2026-08-16
praise933.com	5194	2024-04-28
prajasakti.com	11555	2026-06-26
pratttribune.com	5184	2023-09-12
predominantlyorange.com	7836	2026-08-16
premierchristianradio.com	11066	2023-06-07
premiumbeautynews.com	6006	2026-08-14
premiumtimesng.com	110753	2026-08-16
prescottenews.com	9377	2026-08-04
press-citizen.com	9004	2023-09-11
pressandguide.com	17310	2025-11-04
pressandjournal.co.uk	196721	2025-05-27
pressconnects.com	6069	2023-09-11
pressdemocrat.com	31966	2026-08-16
pressenterpriseonline.com	87096	2026-01-28
pressenza.com	12512	2026-08-16
pressgazette.co.uk	7279	2026-08-13
pressherald.com	132719	2026-08-16
pressofatlanticcity.com	82906	2026-08-16
pressparty.com	8869	2026-01-02
presspublications.com	6484	2026-08-16
presspubs.com	7702	2026-08-15
pressreleasepoint.com	60653	2026-08-16
pressrepublican.com	20055	2026-08-15
presstelegram.com	46567	2026-08-16
presstv.com	18559	2021-06-22
presstv.ir	65484	2026-07-22
prestigeonline.com	8923	2026-08-16
prestwichandwhitefieldguide.co.uk	18621	2023-03-07
prevention.com	11719	2026-08-16
prima.co.uk	8719	2026-08-16
primepublishers.com	5223	2026-08-16
princegeorgecitizen.com	137171	2025-09-05
princeton.edu	9094	2026-08-14
princetonol.com	11408	2026-08-16
printingnews.com	8737	2022-11-18
printweek.com	9505	2026-05-29
printweek.in	8809	2026-08-16
prisonplanet.com	5521	2026-08-12
prleap.com	9542	2026-08-15
prnewswire.co.uk	14864	2026-08-14
prnewswire.com	1303848	2026-08-16
proactiveinvestors.co.uk	61049	2026-08-15
proactiveinvestors.com	63700	2026-08-15
proactiveinvestors.com.au	34064	2026-08-14
probuilder.com	7483	2026-08-13
producer.com	14827	2025-05-22
professionaladviser.com	13696	2026-08-14
professionalpensions.com	10921	2026-08-14
progress-index.com	6209	2023-09-11
progressive-charlestown.com	20247	2026-08-16
progressivegrocer.com	7553	2025-09-09
progressiverailroading.com	10584	2026-08-15
projectnoah.org	19437	2026-08-14
prokerala.com	631701	2026-08-16
prolificnorth.co.uk	21481	2026-07-21
promptnewsonline.com	38682	2026-08-16
propakistani.pk	84115	2026-08-12
propertyweek.com	27504	2026-08-14
propublica.org	5429	2026-08-14
prospectmagazine.co.uk	8172	2026-08-15
providencejournal.com	22218	2023-09-11
prowrestling.net	18233	2026-08-16
prpeak.com	86658	2025-09-05
prrecordgazette.com	12774	2026-08-16
prunderground.com	11996	2026-08-09
prweb.com	172510	2026-08-12
prweek.com	13527	2026-07-02
psu.com	7048	2025-06-06
psu.edu	25007	2026-08-16
psychcentral.com	5022	2024-10-01
psychiatryadvisor.com	8669	2026-08-14
psychologytoday.com	23395	2026-07-07
ptinews.com	297015	2024-03-31
ptleader.com	7426	2026-08-16
publicnewsservice.org	19341	2025-08-20
publicnow.com	17005	2022-09-16
publicradioeast.org	53348	2026-08-16
publicradiotulsa.org	55522	2026-08-16
publishersweekly.com	20847	2026-08-15
pullmanradio.com	13399	2026-08-15
pulse.com.gh	49036	2026-03-19
pulse.ng	86874	2026-03-18
punchjump.com	11283	2026-08-15
punchng.com	291961	2026-08-16
punknews.org	9231	2026-08-16
punto.com.ph	8804	2026-08-16
purdueexponent.org	36666	2026-08-16
purerock96.com	9281	2026-08-16
purplerow.com	5969	2026-08-16
pushsquare.com	29325	2026-08-16
pv-magazine.com	18465	2026-06-04
pv-tech.org	13507	2026-08-14
pvvt.com	5688	2026-08-16
pwcs.edu	10390	2022-08-01
pymnts.com	23242	2026-08-16
q102.ie	16933	2026-08-14
q105.fm	6595	2026-08-16
q1057.com	9658	2026-08-14
q1061.com	8237	2026-08-16
q1065.fm	23801	2026-08-15
q106dot5.com	21491	2026-08-16
q106fm.com	8226	2026-08-13
q107.com	20444	2026-08-14
q1077.com	24893	2026-08-14
q107fm.ca	6514	2020-06-10
q108.com	7858	2026-08-13
q13fox.com	32112	2023-04-18
q93fm.com	14763	2026-08-15
q957.com	18815	2025-10-31
q95fm.net	8601	2026-07-27
q961.com	23752	2026-08-16
q985online.com	37584	2026-08-16
q98fm.com	6947	2026-08-16
qatar-tribune.com	33119	2026-08-16
qatarliving.com	8312	2026-08-16
qchron.com	13013	2026-08-15
qconline.com	70064	2026-08-16
qctimes.com	96182	2026-08-16
qns.com	12037	2026-08-15
qsrmagazine.com	6347	2026-02-19
qsrweb.com	7031	2026-08-14
qt.com.au	56636	2021-06-23
quadcitiesdaily.com	21617	2026-01-02
queanbeyanage.com.au	68645	2026-08-16
queensjournal.ca	5197	2026-08-10
queenslandcountrylife.com.au	49970	2026-08-16
queerty.com	6637	2026-06-22
quesnelobserver.com	29555	2026-08-16
quickcountry.com	47987	2026-08-16
quicknews-africa.net	36925	2026-08-15
quickworldnews.com	19319	2021-10-16
quintenews.com	27319	2026-08-16
qvc.com	59059	2026-07-08
qxmagazine.com	26771	2026-07-27
qz.com	34087	2026-04-13
racer.com	13748	2026-01-08
radaronline.com	33306	2026-08-16
radio.com	43725	2025-12-15
radio.gov.pk	57870	2026-08-16
radiocayman.gov.ky	8209	2026-08-16
radioinfo.com.au	6174	2025-01-22
radioink.com	14919	2026-08-14
radioiowa.com	16240	2026-07-27
radiojamaicanewsonline.com	29668	2026-08-16
radiokerry.ie	24656	2026-08-16
radiokorea.com	28815	2026-08-10
radiotamazuj.org	13058	2026-08-16
radiotimes.com	40321	2026-08-16
radiotoday.co.uk	5762	2026-08-15
radiotoday.com.au	8181	2025-06-14
radiousa.com	8244	2026-08-14
radiox.co.uk	6777	2026-08-15
radyonatin.com	11629	2025-10-03
rafu.com	5361	2026-08-16
ragtrader.com.au	7650	2026-08-14
railpage.com.au	73388	2023-10-15
railway-technology.com	5672	2026-08-07
railwayage.com	8580	2026-01-31
railwaygazette.com	10849	2026-08-16
rap-up.com	9390	2026-02-07
rapidcityjournal.com	58682	2026-08-16
rapidtvnews.com	6195	2026-02-17
rappler.com	83628	2026-08-16
rappnews.com	9586	2026-08-16
rapsinews.com	6019	2025-12-09
rashtranews.com	23678	2026-08-04
rasmussenreports.com	7729	2026-08-14
ravallirepublic.com	53749	2026-08-15
rawstory.com	63578	2026-08-16
rbj.net	12065	2026-06-04
rbth.com	6311	2026-08-13
rcps.info	37674	2026-06-15
rcreader.com	7978	2026-08-16
rcrwireless.com	8490	2026-08-15
reachfm.ca	13597	2026-01-01
readingchronicle.co.uk	137402	2026-08-16
readingeagle.com	57781	2026-08-16
readmedia.com	32225	2026-08-16
readwrite.com	6433	2024-10-10
realclearpolitics.com	31789	2026-05-17
realestate.com.au	14049	2026-08-16
realestatebusiness.com.au	8899	2026-08-16
realgeni.com	32458	2025-04-16
realitytea.com	41654	2026-08-15
realitytvworld.com	35713	2026-08-14
realradio804.com	6398	2026-08-14
realscreen.com	6878	2026-06-24
reason.com	15577	2026-08-16
rechargenews.com	10387	2026-08-14
record-bee.com	10869	2026-08-16
record-eagle.com	80346	2026-08-16
recordcourier.com	10467	2025-09-04
recorder.ca	48106	2026-08-16
recorder.com	34841	2026-08-16
recordernews.com	6816	2023-10-26
recorderonline.com	51873	2026-08-16
recordnet.com	9191	2023-09-11
recordonline.com	10835	2023-09-11
redandblack.com	9936	2026-08-16
redbluffdailynews.com	12722	2026-08-16
reddeeradvocate.com	21448	2026-08-16
redding.com	5466	2023-09-11
redditchadvertiser.co.uk	109758	2026-08-16
redditchstandard.co.uk	14849	2026-08-16
redeyeradioshow.com	14670	2026-08-04
redfm.ie	11632	2026-08-16
rediff.com	84094	2026-08-16
redlandcitybulletin.com.au	64320	2026-08-16
redlandsdailyfacts.com	44250	2026-08-16
redriverradio.org	56875	2026-08-16
redstate.com	75321	2026-08-16
redwatch.org.au	11846	2026-08-16
reflector.com	101602	2026-08-16
reformer.com	47226	2026-08-16
regina.ctvnews.ca	15942	2025-04-08
register-herald.com	61184	2026-08-16
registercitizen.com	111574	2026-04-21
registerguard.com	9843	2023-09-10
registerherald.com	6606	2025-09-17
rejournals.com	8752	2025-07-14
rekordeast.co.za	10868	2021-02-24
relevantmagazine.com	8461	2026-08-15
relevantradio.com	9361	2026-06-04
reliefweb.int	163718	2026-03-28
religionnews.com	16623	2026-07-17
relish.com	7272	2026-08-16
relix.com	6492	2026-08-16
renalandurologynews.com	8106	2026-08-14
renewableenergymagazine.com	10217	2026-08-14
renews.biz	22747	2025-01-23
renfrewtoday.ca	11748	2026-08-15
rep-am.com	52992	2025-02-04
repeatingislands.com	7009	2026-08-16
reporter.net	18267	2026-08-15
reporterherald.com	38699	2026-08-16
reporternews.com	9509	2023-09-11
republic-online.com	26030	2026-07-02
republicaneagle.com	5643	2026-08-15
republicanherald.com	46165	2026-08-16
republicofmining.com	6923	2026-08-07
republicworld.com	41980	2026-03-17
republikein.com.na	6425	2026-08-16
rescue.org	5794	2026-08-14
reseller.co.nz	14558	2026-08-14
resilience.org	5389	2026-08-14
respect-mag.com	5645	2026-06-11
restaurantmagazine.com	13746	2026-08-14
restaurantnews.com	13638	2026-08-14
restaurantnewsrelease.com	13389	2026-08-14
restaurantonline.co.uk	6070	2026-08-14
restonnow.com	6591	2024-05-17
retaildetail.eu	7200	2026-08-14
retaildive.com	12549	2026-08-16
retailtimes.co.uk	18600	2026-08-16
reuters.com	928661	2026-07-21
revengeofthebirds.com	6996	2026-08-16
reverb.com	6060	2022-05-04
reviewjournal.com	39107	2026-08-16
reviewonline.com	18473	2026-08-15
reviewtimes.com	6175	2020-06-10
revolutionradio.org	7537	2025-09-24
revolvermag.com	6193	2025-01-22
rewind943.com	9794	2026-08-13
rexburgstandardjournal.com	7311	2026-08-16
rfa.org	13513	2026-08-13
rfdtv.com	25515	2026-08-14
rferl.org	45957	2026-08-16
rfglobalnet.com	5417	2026-08-14
rfi.fr	62528	2026-08-15
rgj.com	9002	2023-09-11
rheaheraldnews.com	8655	2026-08-15
rheinpfalz.de	6895	2020-11-26
rhyljournal.co.uk	113979	2026-08-16
ricentral.com	6542	2026-08-14
richlandsource.com	29001	2026-08-16
richmond-news.com	74966	2025-09-05
richmond.com	91242	2026-08-16
richmondandtwickenhamtimes.co.uk	112289	2026-08-16
richmondbizsense.com	7379	2026-08-14
richmondfreepress.com	7220	2026-02-12
richmondregister.com	27578	2026-08-16
ricochet.com	33598	2025-06-14
ridgecrestca.com	9113	2026-08-16
riggosrag.com	6856	2026-08-16
rightspeak.net	12384	2026-08-16
rigzone.com	30867	2026-08-16
ringsidereport.com	6083	2026-08-16
riotimesonline.com	43028	2026-08-16
riponadvance.com	8453	2026-08-13
riponpress.com	7730	2026-08-16
ripplesnigeria.com	10801	2026-02-09
risingapple.com	5866	2026-08-16
risingbd.com	7134	2023-02-02
risingkashmir.com	6154	2025-07-25
risk.net	7868	2026-08-14
rismedia.com	14926	2026-08-14
rivals.com	5169	2025-06-14
river1037.com	15291	2026-08-16
river105.com	11694	2026-08-10
river967.com	22219	2026-08-14
riverbender.com	7579	2025-01-23
riverfronttimes.com	8051	2025-08-16
rivergrandrapids.com	31576	2026-08-16
rivernewsonline.com	15125	2026-08-14
riviera-maya-news.com	11625	2026-08-14
rnanews.com	6597	2026-08-15
rnz.co.nz	159379	2026-08-16
road.cc	10289	2026-08-16
roadandtrack.com	12328	2026-08-16
roadsafety.co.za	10646	2026-08-16
roanoke.com	77187	2026-08-15
roarmag.org	21732	2026-08-16
robbreport.com	16636	2026-08-16
robesonian.com	5883	2026-08-16
roboticstomorrow.com	7621	2026-08-14
rochdaleonline.co.uk	11368	2025-11-25
rochestercitynewspaper.com	5405	2023-03-06
rock101.com	10989	2026-08-12
rock1015.com	6035	2026-08-14
rock107.com	10058	2026-08-14
rock937online.com	24042	2025-03-27
rock947.com	9740	2022-11-22
rock967online.com	21301	2026-08-15
rockdalenewtoncitizen.com	71537	2026-08-16
rockpapershotgun.com	20094	2026-08-16
rocksound.tv	5070	2026-08-14
rockymounttelegram.com	62248	2026-08-16
rockytopinsider.com	8013	2026-08-16
rogerebert.com	23518	2026-01-29
rollcall.com	11581	2026-08-15
rollingout.com	36521	2025-12-23
rollingstone.com	54895	2026-08-16
rollingstoneindia.com	6374	2026-08-14
romania-insider.com	16087	2026-08-14
romaniapress.com	67214	2026-08-15
romesentinel.com	13821	2026-08-16
romfordrecorder.co.uk	49669	2026-08-16
romseyadvertiser.co.uk	52579	2024-10-26
roscommonherald.ie	52224	2026-08-16
ross-shirejournal.co.uk	52245	2026-08-16
rosslandtelegraph.com	5813	2026-08-11
rotherhamadvertiser.co.uk	7306	2025-01-23
rotowire.com	12255	2026-08-16
roundupweb.com	5473	2026-08-14
routesonline.com	12955	2026-07-31
royalcentral.co.uk	13781	2026-08-15
royalgazette.com	54754	2026-08-16
royalsreview.com	8077	2026-08-16
royston-crow.co.uk	30222	2026-08-16
rozanaspokesman.com	13745	2026-08-16
rrdailyherald.com	23914	2026-08-16
rri.ro	9917	2026-08-16
rrobserver.com	6460	2026-08-15
rrr.org.au	25369	2026-08-16
rrstar.com	9459	2023-09-11
rsn.net.au	11132	2026-08-16
rstreet.org	8358	2026-08-14
rt.com	14424	2026-08-16
rte.ie	179852	2026-08-16
rthk.hk	11702	2026-08-11
rtoinsider.com	5888	2026-08-16
rtrfm.com.au	6085	2026-08-15
rttnews.com	131931	2026-08-16
rubbernews.com	9503	2026-06-18
runcornandwidnesworld.co.uk	91185	2026-08-16
runnersworld.com	10221	2026-08-16
runningmagazine.ca	6394	2026-08-16
runwaygirlnetwork.com	5635	2026-03-31
rushlane.com	8826	2026-08-16
russiaherald.com	132303	2026-08-16
russianmachineneverbreaks.com	7453	2026-08-15
russianradio7.com	8075	2025-01-20
rustourismnews.com	5942	2026-08-15
ruthfullyyours.com	25532	2026-08-01
rutland-times.co.uk	11431	2026-08-16
rutlandherald.com	40779	2026-08-16
rvasia.org	8268	2026-08-11
ryeandbattleobserver.co.uk	5120	2022-02-09
sabcnews.com	8897	2026-03-19
sacobserver.com	7011	2026-05-28
sacurrent.com	16878	2026-08-16
safc.com	10896	2024-07-16
saharareporters.com	100046	2026-08-16
sahilonline.org	11895	2026-08-16
sail-world.com	21586	2026-08-16
sailingscuttlebutt.com	8762	2026-07-12
saipantribune.com	7237	2025-05-29
sakshi.com	36429	2025-06-05
sakshipost.com	32607	2026-08-15
salemnews.com	29564	2026-08-16
salemnews.net	17246	2026-08-15
salina.com	9487	2023-09-10
salinapost.com	31060	2026-08-16
salisburyjournal.co.uk	121245	2026-08-16
salon.com	32819	2026-08-16
saltlakecitysun.com	146042	2026-08-16
saltwire.com	81865	2026-08-16
samaa.tv	60537	2026-08-16
sammobile.com	26246	2026-08-15
samoanews.com	5816	2026-08-15
samoaobserver.ws	9164	2026-08-16
sana.sy	28180	2026-08-16
sanangelolive.com	28002	2026-08-16
sanantoniopost.com	62365	2026-08-16
sandiegoreader.com	13139	2025-08-22
sandiegosun.com	177924	2026-08-16
sandiegouniontribune.com	213431	2026-08-16
sanews.gov.za	14731	2026-08-16
sanfordherald.com	52210	2026-08-16
sanilacbroadcasting.com	5339	2025-01-09
sanjuanjournal.com	5729	2026-08-16
sanmarcosrecord.com	10934	2026-08-15
santabanta.com	7371	2026-08-14
santacruzsentinel.com	21785	2026-08-16
santafenewmexican.com	62872	2026-08-16
santamariasun.com	5368	2026-08-13
santamariatimes.com	92724	2026-08-16
saobserver.net	45084	2026-08-16
saps.gov.za	37740	2025-11-19
sarajevotimes.com	5933	2026-03-02
saratogian.com	38687	2026-08-16
sarniathisweek.com	35616	2026-01-20
saskatoon.ctvnews.ca	14577	2025-01-22
satellitetoday.com	7192	2026-08-13
satnews.com	14495	2026-08-16
saudigazette.com.sa	54271	2026-03-18
saukvalley.com	7863	2020-12-17
saultstar.com	58880	2026-08-16
saultthisweek.com	48731	2026-06-22
savannahnow.com	16081	2023-09-11
savejersey.com	6093	2026-08-15
savingadvice.com	5991	2026-08-16
sb.by	18758	2026-08-14
sbcnews.co.uk	7219	2024-12-05
sbnation.com	47123	2026-08-16
sbr.com.sg	19726	2026-08-16
sbs.com.au	84220	2026-08-16
sbsun.com	44875	2026-08-16
sbwire.com	16543	2022-01-13
scallywagandvagabond.com	9035	2026-08-16
scdailypress.com	7072	2023-01-30
schoolsweek.co.uk	7252	2026-07-03
schroders.com	5010	2024-02-09
science.org	5028	2024-04-24
science20.com	7310	2026-08-16
sciencealert.com	18722	2026-08-16
scienceblog.com	15148	2026-08-16
scienceblogs.com	14600	2026-08-16
sciencebusiness.net	9408	2026-02-09
sciencedaily.com	32157	2026-08-06
sciencemag.org	12882	2021-10-07
sciencenews.org	5468	2026-08-14
scientificamerican.com	14196	2026-08-13
scmagazine.com	10578	2024-09-25
scmp.com	158762	2026-08-16
scnow.com	44775	2026-08-14
sconeadvocate.com.au	70505	2026-08-16
scoop.co.nz	281351	2026-08-16
scotsman.com	80113	2025-01-23
scottishconstructionnow.com	6798	2026-08-14
scottishhousingnews.com	6888	2026-08-14
scottishlegal.com	6161	2026-08-14
scpr.org	7524	2024-02-29
screencrush.com	10224	2026-08-15
screendaily.com	27103	2025-09-05
screenrant.com	206758	2026-08-16
scrippsnews.com	14231	2026-03-19
scroll.in	55658	2026-08-16
sctimes.com	6903	2023-09-10
scvnews.com	21563	2026-08-16
sdbj.com	5807	2026-08-16
sdcexec.com	8119	2025-12-28
sdjewishworld.com	6433	2026-08-16
sdpb.org	14575	2026-08-15
se933.com	20632	2026-08-16
seacoastonline.com	17956	2024-10-24
seafoodsource.com	6470	2025-01-23
seaforthhuronexpositor.com	22505	2026-08-16
seahawks.com	6260	2026-08-16
searchenginejournal.com	6459	2026-08-15
searchengineland.com	9414	2026-08-15
searchlight.vc	23027	2026-08-14
seasideradio.co.uk	13550	2026-08-14
seatrade-maritime.com	9491	2025-01-09
seattlepi.com	165051	2025-11-18
seattletimes.com	70978	2026-07-15
securityinfowatch.com	9665	2026-08-14
sedaliademocrat.com	12058	2026-08-16
seekingalpha.com	142259	2026-08-16
seenews.com	23417	2025-11-19
segmentnext.com	12742	2025-07-30
seguingazette.com	7130	2026-08-15
seguintoday.com	5136	2026-08-15
sej.org	14941	2026-08-14
selectscience.net	14562	2026-08-14
semissourian.com	15910	2026-08-16
sen.com.au	17190	2024-11-11
senate.gov.ph	10256	2025-08-20
seneweb.com	81744	2026-04-30
sent-trib.com	33170	2025-09-17
sentinel-standard.com	6658	2023-09-09
sentinelandenterprise.com	20427	2026-08-16
sentinelassam.com	81220	2026-08-15
sentinelsource.com	22605	2025-02-13
sequimgazette.com	6176	2026-08-13
serbian.cri.cn	10649	2026-08-16
setexasrecord.com	13902	2025-05-21
sevendaysvt.com	19864	2026-08-14
seventeen.com	10866	2026-07-30
seychellesnewsagency.com	7022	2026-02-17
sfchronicle.com	86527	2025-11-18
sfexaminer.com	15395	2026-08-16
sfgate.com	557090	2026-07-08
sfist.com	16133	2026-08-16
sflcn.com	6330	2026-06-04
sfstation.com	9446	2026-08-16
sgvtribune.com	47210	2026-08-16
shabait.com	5277	2026-08-15
shacknews.com	30205	2026-08-16
shafaqna.com	39671	2026-08-16
shanghaiist.com	6071	2026-07-11
shanghainews.net	87685	2026-08-16
shanghaisun.com	153930	2026-08-16
shankennewsdaily.com	7217	2026-08-14
shannonside.ie	28750	2026-08-16
sharecast.com	18144	2026-03-26
sharechat.co.nz	5660	2026-08-16
sharenet.co.za	17871	2026-07-31
shark1053.com	22370	2026-08-14
sharonherald.com	24395	2026-08-16
sheboyganpress.com	9278	2023-09-11
shekicks.net	6420	2026-08-15
sheknows.com	28192	2026-08-16
shelbystar.com	6592	2023-09-11
sheltonherald.com	53654	2025-11-18
shephardmedia.com	8493	2026-08-13
sheppnews.com.au	6976	2025-10-15
sherbrookerecord.com	5215	2026-08-16
sheridanmedia.com	22287	2026-08-16
sherwoodparknews.com	16585	2026-08-16
shetlandtimes.co.uk	8263	2026-08-16
shetnews.co.uk	16292	2026-08-16
shieldsgazette.com	12833	2025-01-23
shine.cn	8014	2025-06-14
ship-technology.com	5381	2026-07-16
shipandbunker.com	17222	2026-08-14
shipnc.com	8509	2026-08-14
shippingtribune.com	5977	2026-08-15
shippingwatch.com	7709	2026-06-26
shockya.com	5696	2026-08-16
shorehamherald.co.uk	6130	2022-02-09
shorelinebeacon.com	23215	2026-08-16
shorelinemedia.net	23384	2026-08-16
shorenewsnetwork.com	18724	2026-03-12
shortlist.com	6698	2026-08-14
showbiz411.com	6067	2026-08-16
shreveporttimes.com	9564	2023-09-11
shropshirelive.com	11675	2026-08-16
shropshirestar.com	67852	2026-03-26
si.com	254071	2026-08-16
siasat.com	162969	2026-08-16
sidneydailynews.com	17900	2025-09-17
sidneyherald.com	11658	2026-08-16
sierraleonetimes.com	69783	2026-08-16
sierrawave.net	6261	2026-08-15
sify.com	66063	2026-08-16
signalscv.com	22049	2026-08-16
siliconangle.com	18567	2026-08-15
siliconera.com	19517	2026-08-15
siliconindia.com	22660	2026-08-15
siliconrepublic.com	19856	2026-08-14
siliconvalley.com	14722	2026-08-15
silive.com	59235	2026-02-23
silverandblackpride.com	15433	2026-08-16
silverbirdtv.com	8666	2026-08-16
simcoe.com	13813	2026-08-16
simcoereformer.ca	50236	2026-08-16
simpleflying.com	8159	2026-07-10
sina.com	68991	2025-01-09
sina.com.hk	30054	2026-08-15
singaporestar.com	75872	2026-08-16
singersroom.com	16872	2026-08-16
singletonargus.com.au	74815	2026-08-16
siouxcityjournal.com	261360	2026-08-16
siouxlandnews.com	8140	2026-08-15
sis.gov.eg	9722	2025-11-14
siskiyoudaily.com	5408	2023-09-11
sitkasentinel.com	33919	2026-08-16
sj-r.com	11627	2023-09-11
skift.com	17898	2026-08-15
sknvibes.com	12917	2026-08-15
skopjediem.com	6539	2026-08-13
sky.com	87577	2026-08-14
skymetweather.com	6195	2026-08-15
skynews.com.au	72895	2026-07-26
slamonline.com	5481	2025-09-10
slashdot.org	5538	2024-09-09
slashfilm.com	42436	2026-08-16
slashgear.com	56235	2026-08-16
slate.com	42242	2026-08-16
sleepreviewmag.com	5205	2026-08-14
slguardian.org	23815	2026-08-16
slippedisc.com	7030	2026-08-16
slotocash.im	6832	2023-11-30
sloughobserver.co.uk	112814	2026-08-16
sloveniatimes.com	12811	2025-11-18
sltrib.com	30217	2026-08-16
slugmag.com	5350	2026-08-16
smallbiztrends.com	13020	2026-08-16
smallwarsjournal.com	6274	2026-06-04
smartcanucks.ca	13653	2026-08-16
smartcompany.com.au	9997	2026-08-16
smartpropertyinvestment.com.au	6211	2026-08-15
smdailyjournal.com	137001	2026-07-31
smdp.com	12347	2026-08-15
smenet.org	5092	2026-08-14
smetimes.in	13957	2026-08-15
smh.com.au	268654	2026-08-16
smithsonianmag.com	5387	2026-08-15
smn-news.com	15810	2026-08-16
smnewsnet.com	11006	2026-03-23
smokymountainnews.com	9135	2026-08-14
snl24.com	37194	2026-07-02
snntv.com	12417	2024-07-01
snopes.com	13727	2026-03-19
so-co-it.com	5992	2026-07-02
soapoperadigest.com	6126	2026-08-14
socaltech.com	5712	2025-12-24
socialistparty.org.uk	5103	2025-01-22
socialmediatoday.com	12740	2026-08-14
sofiaglobe.com	9568	2026-08-16
sofrep.com	14334	2026-04-18
softpedia.com	5650	2024-12-01
softrock941.com	5118	2023-02-13
soglos.com	5897	2026-08-14
sojo1049.com	41793	2026-08-16
solomonstarnews.com	9202	2026-04-30
somdnews.com	21477	2026-08-16
somerset-kentucky.com	30716	2026-08-16
somersetcountygazette.co.uk	190463	2026-08-16
somersetlive.co.uk	95401	2026-08-16
sooeveningnews.com	5730	2023-09-09
sookenewsmirror.com	38825	2026-08-16
soompi.com	33856	2026-08-16
sott.net	72692	2026-08-16
sounderatheart.com	7502	2026-08-16
soundonsound.com	25594	2026-08-16
southbendtribune.com	14724	2023-09-11
southcarolinapublicradio.org	76554	2026-08-16
southcoastregister.com.au	51640	2026-08-16
southcoasttoday.com	12183	2025-05-13
southdadenewsleader.com	8787	2026-08-14
southeastagnet.com	6288	2026-08-15
southeastasiapost.com	99968	2026-08-16
southeastradio.ie	8540	2026-08-15
southeastsun.com	5753	2025-01-17
southernhighlandnews.com.au	63473	2026-08-16
southernliving.com	11781	2026-03-17
southernminn.com	91382	2026-08-16
southernstandard.com	5879	2025-07-19
southernstar.ie	13036	2026-08-15
southgatearc.org	6902	2022-10-08
southpeacenews.com	8443	2026-08-16
southtahoenow.com	54284	2026-08-15
southwalesargus.co.uk	193138	2026-08-16
southwalesguardian.co.uk	94715	2026-08-16
southwhidbeyrecord.com	6060	2026-08-15
sowetan.co.za	6045	2026-08-16
sowetanlive.co.za	56173	2025-10-16
soyacincau.com	15881	2026-08-15
space.com	23713	2026-08-16
spacecoastdaily.com	12103	2026-08-16
spacedaily.com	21286	2026-08-16
spacewar.com	31586	2026-08-16
spaldingtoday.co.uk	8426	2023-12-04
spanishvida.com	5296	2026-08-16
spartaindependent.com	5402	2026-08-14
spectator.co.uk	41838	2025-12-16
spectator.org	8391	2026-08-16
spectator.sme.sk	10290	2026-02-18
spectrumlocalnews.com	9095	2026-06-26
spectrummagazine.org	5950	2024-10-24
spectrumnews1.com	7443	2026-02-12
speedcafe.com	31938	2026-08-16
speedwaymedia.com	16389	2026-08-16
spencerdailyreporter.com	5697	2026-08-14
spiked-online.com	6836	2026-08-16
spin.com	7322	2026-03-12
spin1038.com	7508	2026-08-14
spoilertv.com	27902	2026-08-16
spokanepublicradio.org	64018	2026-08-16
spokesman.com	58650	2026-08-16
sportsnet.ca	5652	2022-01-17
spotlightnepal.com	8234	2026-08-16
spotrac.com	56984	2026-08-16
springer.com	5702	2026-08-16
springfieldnewssun.com	54031	2026-08-16
sprucegroveexaminer.com	16497	2026-08-16
sputnikglobe.com	35489	2026-08-16
sputniknews.com	115856	2023-04-05
squamishchief.com	72879	2025-09-05
squatchrocks.com	44271	2026-08-16
srilankamirror.com	14470	2026-08-16
srilankasource.com	97553	2026-08-16
srpressgazette.com	6428	2026-08-16
ssuchronicle.com	20914	2020-04-15
stabroeknews.com	84877	2026-03-26
staffingindustry.com	7493	2024-12-01
stalbansreview.co.uk	82873	2025-12-09
stalbertgazette.com	58824	2025-09-05
stamfordadvocate.com	157056	2025-06-12
stamfordmercury.co.uk	8132	2023-12-04
stampedeblue.com	10124	2026-08-16
standard-democrat.com	5133	2026-08-14
standard-freeholder.com	43670	2026-08-16
standard-journal.com	66360	2026-08-16
standard.co.uk	208884	2026-08-16
standard.net	17768	2026-08-15
standard.net.au	77363	2026-08-16
standardbredcanada.ca	34627	2026-08-16
standardmedia.co.ke	194149	2026-08-16
standardspeaker.com	47752	2026-08-16
stanforddaily.com	6372	2026-08-16
star945.com	7942	2026-08-16
star967.net	13534	2026-03-20
star98.net	10277	2026-08-16
staradvertiser.com	53035	2026-08-16
starbeacon.com	28497	2026-08-16
starcommunity.com.au	9165	2026-04-29
starcourier.com	5441	2023-09-10
stardem.com	33381	2026-08-16
starfm1023.com	6849	2026-08-03
stargazette.com	5321	2023-09-11
starherald.com	50580	2026-08-15
starkvilledailynews.com	5614	2026-08-14
starlocalmedia.com	58850	2026-08-16
starmometer.com	9202	2026-06-08
starnewsonline.com	11634	2023-09-11
starobserver.com.au	8309	2026-08-16
starofmysore.com	34561	2026-08-16
starradiovegas.com	5978	2022-06-24
startribune.com	263276	2026-07-30
starweekly.com.au	25547	2026-03-02
state.gov	15198	2026-08-14
statecollege.com	13712	2026-08-16
statenews.com	9054	2026-08-15
stateofreform.com	5750	2026-03-27
statesboroherald.com	8867	2026-08-16
statesman.com	34154	2026-03-25
statesmanjournal.com	9447	2023-09-11
statesville.com	47995	2026-08-16
staugustine.com	10411	2023-09-11
stawelltimes.com.au	30189	2026-08-16
stcatharinesstandard.ca	107268	2026-08-16
steelers.com	6631	2026-08-16
steinbachonline.com	25130	2026-08-16
stellar.ie	10527	2026-08-14
stereoboard.com	20509	2026-08-16
stereogum.com	20400	2026-08-16
stettlerindependent.com	11766	2026-08-14
stevenspointjournal.com	8837	2023-09-11
stevivor.com	5999	2026-08-04
stgeorgeutah.com	23981	2026-08-16
sthelensstar.co.uk	137189	2026-08-16
stiripesurse.ro	39062	2026-08-15
stlamerican.com	18026	2026-08-16
stlouisstar.com	95345	2026-08-16
stlpublicradio.org	8721	2023-09-01
stltoday.com	242136	2026-08-16
stock-world.de	6893	2024-12-30
stockandland.com.au	39271	2026-08-16
stockhouse.com	12208	2026-07-28
stockjournal.com.au	39606	2026-08-16
stockmarketwire.com	21652	2022-02-23
stokesentinel.co.uk	102429	2026-08-16
stornowaygazette.co.uk	7135	2025-01-23
stourbridgenews.co.uk	144191	2026-08-16
straight.com	16869	2026-08-16
straitstimes.com	197504	2026-08-16
strangehorizons.com	5131	2026-08-14
strategypage.com	10642	2026-08-16
stratford-herald.com	19147	2026-08-16
stratfordbeaconherald.com	40366	2026-08-16
stratfordobserver.co.uk	9938	2026-08-16
strathroyagedispatch.com	35086	2026-01-25
strathroytoday.ca	8514	2026-08-14
streetinsider.com	368521	2024-12-02
streetsblog.org	9382	2026-08-15
stripes.com	97679	2026-08-16
stroudnewsandjournal.co.uk	118269	2026-08-16
stthomastimesjournal.com	40997	2026-08-16
stthomastoday.ca	9186	2026-08-15
stuff.co.nz	290589	2024-01-16
stuff.tv	8077	2026-08-16
stupiddope.com	18434	2025-10-20
sturgisjournal.com	6692	2023-09-11
stuttgartdailyleader.com	12647	2026-08-14
stwnewspress.com	10496	2026-08-15
stylecaster.com	15361	2026-08-16
suasnews.com	5805	2026-08-16
sudantribune.com	6768	2025-02-16
suffolknews.co.uk	11812	2026-08-16
summitdaily.com	21776	2026-08-16
sun-sentinel.com	110226	2026-08-16
suncommercial.com	54725	2026-08-16
sundaymail.co.zw	13635	2025-01-23
sundaynews.co.zw	14210	2025-01-22
sundaystandard.info	7203	2026-08-16
sundaytimes.lk	10996	2026-08-16
sundayworld.co.za	10802	2026-07-15
sundayworld.com	50448	2025-11-24
sunderlandecho.com	19890	2025-01-23
sungazette.com	20269	2026-08-15
sunjournal.com	109081	2026-08-16
sunlive.co.nz	44081	2026-08-16
sunnewsonline.com	41578	2024-06-26
sunny1031.com	7046	2026-08-16
sunny1063.com	13719	2026-02-19
sunny923.com	13141	2026-08-12
sunny943.com	11434	2026-08-14
sunnysidesun.com	5601	2023-04-13
sunshinecoastdaily.com.au	63851	2021-06-23
sunshinestatenews.com	9785	2023-07-22
sunstar.com.ph	95620	2026-08-16
suntimes.com	117618	2026-08-16
superbike-news.co.uk	10551	2026-08-16
superherohype.com	18560	2026-08-16
superhits106.com	8022	2026-08-16
superiortelegram.com	19367	2026-08-16
supermarketnews.com	9765	2026-08-14
supertalk.fm	12912	2026-08-16
supertalk1270.com	7844	2026-08-15
supertalk1570.com	16594	2026-07-09
surfky.com	6423	2026-05-29
surinametimes.com	11207	2026-08-16
surinenglish.com	21136	2026-08-16
surreycomet.co.uk	153503	2026-08-16
sussexexpress.co.uk	45134	2025-01-23
sverigesradio.se	7180	2026-04-15
swag1049.com	11861	2026-08-15
swapacd.com	41096	2025-09-25
swarajyamag.com	36344	2026-07-24
sweetwaternow.com	19579	2026-08-16
swfinstitute.org	15178	2024-06-11
swiftcurrentonline.com	22472	2026-08-16
swimmingworldmagazine.com	6148	2026-02-23
swimswam.com	31238	2026-08-16
swindonadvertiser.co.uk	155330	2026-08-16
swiowanewssource.com	10668	2026-08-15
swissinfo.ch	102153	2026-08-16
swnewsmedia.com	10991	2025-08-05
swoknews.com	68540	2026-08-16
swtimes.com	7227	2023-09-11
swvatoday.com	19071	2026-08-15
swxrightnow.com	5318	2020-12-17
sydneysun.com	69141	2026-08-16
syfy.com	22030	2026-08-15
syracuse.com	73906	2026-02-19
t-g.com	6323	2026-08-16
t3.com	29135	2026-08-16
t95.com	5075	2026-08-13
taftmidwaydriller.com	5905	2026-08-14
tag911.ae	9004	2026-08-16
tahlequahdailypress.com	34748	2026-08-16
tahoedailytribune.com	14290	2026-08-16
taipeitimes.com	108498	2026-08-16
taiwannews.com.tw	47002	2025-11-28
taiwansun.com	39122	2026-08-16
taku105.com	6608	2024-02-15
talk1073.com	5775	2026-08-14
talkandroid.com	8023	2026-07-30
talkers.com	7549	2026-08-14
talkingpointsmemo.com	25638	2026-08-15
talkingretail.com	13224	2026-08-14
talkradio1170.com	24565	2021-09-07
talkradio960.com	21346	2026-08-16
talkvietnam.com	179795	2023-11-26
tallahassee.com	13322	2023-09-11
tamilguardian.com	5521	2026-08-14
tampabay.com	40369	2026-03-26
tanzanianewsreports.com	17562	2026-08-15
taosnews.com	12462	2026-08-16
tapeop.com	9970	2026-08-12
tapinto.net	6703	2023-08-03
targatocn.it	6629	2026-08-16
targetednews.com	172116	2026-08-16
tasnimnews.com	10617	2025-10-07
tass.com	97872	2026-04-09
tasteofcountry.com	22432	2026-08-16
tasteofhome.com	11327	2026-08-16
tatler.com	7827	2026-08-16
tatlerasia.com	6896	2025-10-27
tauntongazette.com	6714	2023-09-11
taylorvilledailynews.com	22155	2026-08-16
tbnewswatch.com	27463	2025-09-05
tbnweekly.com	13489	2026-05-04
tbsnews.net	21092	2026-03-19
tcpalm.com	12606	2023-09-11
tctimes.com	7709	2026-08-16
tctmd.com	5075	2026-05-19
td.org	5155	2026-03-11
tdh.gov.tm	5226	2026-08-15
tdn.com	62756	2026-08-16
tdtnews.com	31136	2026-08-16
team-bhp.com	42769	2026-06-08
teammyrtlebeach.com	20251	2023-08-29
teamtalk.com	74971	2026-08-16
teamusa.org	6354	2023-08-16
techcabal.com	16021	2026-08-15
techcentral.co.za	8322	2026-05-14
techcentral.ie	5731	2026-08-14
techcrunch.com	67797	2026-08-16
techdirt.com	41677	2026-08-16
techmoran.com	8795	2026-08-15
technewstoday.com	6238	2024-04-04
technical.ly	7580	2026-08-16
technuter.com	6634	2026-06-04
techradar.com	110773	2026-08-16
techreport.com	6990	2026-03-27
techrepublic.com	7296	2026-08-15
techshout.com	5599	2025-09-07
techspot.com	26746	2026-08-16
techstory.in	47642	2026-08-16
techtimes.com	51040	2026-08-16
techxplore.com	35782	2026-01-29
tehachapinews.com	9900	2026-08-15
tehelka.com	7045	2025-09-08
telecomasia.net	7976	2026-01-12
telecompaper.com	60858	2026-08-15
telecomtv.com	6048	2026-08-14
telegrafi.com	6159	2026-08-14
telegram.com	19979	2023-09-11
telegraph.co.uk	238741	2024-11-25
telegraphherald.com	93274	2026-08-16
telegraphindia.com	208030	2024-07-30
teletrader.com	7453	2024-03-13
televisual.com	6499	2026-08-14
tellerreport.com	12622	2024-04-09
telluridenews.com	5031	2026-08-16
tellychakkar.com	94830	2025-02-28
tempo.com.ph	19338	2025-05-27
tennessean.com	23387	2023-09-11
tennesseedaily.com	139072	2026-08-16
tenterfieldstar.com.au	46317	2026-08-16
terracestandard.com	28291	2026-08-16
terradaily.com	25022	2026-08-16
tert.am	5822	2024-11-27
tewkesburyadmag.co.uk	18216	2021-03-11
texarkanagazette.com	33115	2026-08-16
texasguardian.com	214902	2026-08-16
texasmonthly.com	9598	2026-06-22
texastribune.org	8952	2026-08-15
textileworld.com	10542	2026-08-16
thailand-business-news.com	28320	2026-08-16
thailandnews.net	34813	2026-08-16
thatsmags.com	5879	2025-02-07
the-daily-record.com	10173	2023-09-11
the-dispatch.com	13014	2026-08-16
the-independent.com	27084	2026-08-16
the-journal.com	14093	2026-03-19
the-leader.com	6615	2023-09-11
the-messenger.com	96913	2026-08-16
the-review.com	9253	2023-09-11
the-star.co.ke	76107	2026-08-16
the-sun.com	27441	2026-08-16
the42.ie	76211	2026-08-16
the72.co.uk	10542	2026-08-16
theadanews.com	12305	2026-08-15
theadvertiser.com	7982	2023-09-11
theadviser.com.au	7294	2026-08-14
theadvocate.com	64920	2026-08-16
theadvocate.com.au	61615	2026-08-16
theadvocatengr.com	10123	2021-09-14
theafricareport.com	9627	2026-08-16
theage.com.au	248808	2026-08-16
thealpenanews.com	24540	2026-08-15
theamericanconservative.com	8517	2026-08-16
theanswertampa.com	5052	2024-09-25
thearabtribune.com	9257	2026-08-16
theargus.co.uk	170273	2026-08-16
theartnewspaper.com	13908	2026-08-14
theartsdesk.com	13023	2026-08-16
theasian.asia	6080	2026-08-16
theatermania.com	5951	2026-08-14
theathletic.com	40386	2024-05-13
theatlantic.com	32015	2026-08-16
theaustralian.com.au	85916	2024-07-31
theautochannel.com	11161	2026-08-16
thebangladeshtoday.com	6299	2026-08-16
thebatavian.com	22269	2026-08-16
thebeacon.net	5100	2026-08-13
thebeat925.ca	10331	2026-08-16
thebeatdfw.com	11268	2026-08-16
thebeatofthecapital.com	17309	2026-08-16
thebeijinger.com	16110	2026-08-15
thebftonline.com	31576	2026-08-15
thebigdm.com	7565	2026-08-14
thebiglead.com	26522	2026-08-16
thebigstation93blx.com	9669	2026-08-16
theblacksheartimes.com	7235	2026-08-16
theblaze.com	29336	2026-08-16
theboar.org	6037	2026-08-16
theboltonnews.co.uk	158488	2026-08-16
theboneonline.com	14830	2026-08-16
theboot.com	19437	2026-08-16
theborneopost.com	49953	2026-07-17
thebostonpilot.com	21105	2026-08-15
theboxhouston.com	6458	2026-08-16
thebreakingtimes.com	6436	2026-02-05
thebrunswicknews.com	36887	2026-08-16
thebullamarillo.com	9965	2024-04-29
thebulletin.be	8715	2026-05-14
thebulltulsa.com	42888	2025-10-10
thebusinessdesk.com	30385	2026-08-16
thebusinessjournal.com	9448	2026-08-15
thecabin.net	19791	2026-08-15
thecable.ng	102206	2026-08-07
thecaribbeancamera.com	6617	2026-08-16
thecattlesite.com	9103	2026-08-14
thecentersquare.com	47172	2026-06-26
thechiefleader.com	5626	2026-08-16
thechronicle-online.com	36551	2026-06-29
thechronicle.com.au	59588	2024-07-26
thechronicle.com.gh	26836	2026-08-15
thechronicleherald.ca	29241	2020-11-12
thechronicleonline.com	6398	2024-10-01
thecitizen.co.tz	20634	2026-08-16
thecitizen.com	10731	2026-08-14
thecitizen.in	6699	2026-08-14
thecoast.net.nz	8047	2026-08-11
thecollegefix.com	6846	2026-08-16
thecomet.net	40566	2026-08-16
thecommonsenseshow.com	5386	2022-03-12
thecommunityvoice.com	5639	2026-08-14
theconservativetreehouse.com	47592	2026-08-16
theconstructionindex.co.uk	27786	2026-08-16
theconversation.com	101346	2026-08-16
thecork.ie	5167	2026-08-15
thecorner.eu	6011	2026-08-14
thecourier.co.uk	126383	2025-05-27
thecourier.com	6262	2024-02-01
thecourier.com.au	64150	2026-08-16
thecourierexpress.com	33868	2026-08-15
thecragandcanyon.ca	9263	2026-08-16
thecranberryeagle.com	6309	2026-01-17
thecrimson.com	17879	2026-08-14
thedailybeast.com	71326	2026-08-16
thedailyblog.co.nz	22340	2026-08-16
thedailycitizen.com	13014	2024-08-22
thedailyjournal.com	8370	2023-09-11
thedailymash.co.uk	12014	2026-08-15
thedailymeal.com	23857	2026-08-16
thedailynewnation.com	27080	2024-07-26
thedailynewsonline.com	33538	2026-08-16
thedailyrecord.com	30684	2026-06-04
thedailyreporter.com	5901	2023-09-08
thedailyreview.com	39751	2026-08-16
thedailystar.com	35711	2026-08-16
thedailystar.net	215468	2026-08-16
thedailytimes.com	48251	2026-08-16
thedailyworld.com	8182	2026-08-14
theday.com	76094	2024-12-10
thedenverchannel.com	21269	2022-09-07
thedestinlog.com	5975	2023-09-11
thedickinsonpress.com	36220	2026-08-16
thedigitalcourier.com	34936	2026-08-16
thediplomat.com	22820	2026-08-14
thediplomat.ro	11095	2026-08-14
thedp.com	9779	2026-08-14
thedrinksbusiness.com	14971	2026-08-14
thedrum.com	26119	2026-07-15
theduke.fm	7549	2025-08-29
theeagle.com	35888	2026-08-16
theeagle1069.com	11503	2026-08-10
theeagleonline.com.ng	58874	2026-08-16
theeastafrican.co.ke	17594	2026-08-15
theedgemarkets.com	47793	2023-05-12
theedinburghreporter.co.uk	7426	2026-08-16
theengineer.co.uk	9656	2026-06-05
theenterpriseleader.com	376144	2025-04-18
theepochtimes.com	312764	2026-08-16
thefacts.com	21535	2026-08-16
thefader.com	8002	2026-08-13
thefamuanonline.com	5063	2026-06-02
thefan1075.com	75637	2026-08-16
thefanfm.com	20321	2021-03-19
thefastmode.com	15953	2026-08-16
thefederalist.com	29948	2026-08-14
thefencepost.com	10150	2026-08-16
thefirstnews.com	5660	2024-01-28
thefranklinnewspost.com	6659	2026-07-30
thefreepress.ca	28815	2026-08-16
thefreshloaf.com	13611	2026-08-16
thefrisky.com	8666	2026-06-03
thefrontierpost.com	89458	2026-08-16
thefutoncritic.com	38450	2026-08-16
thegame730am.com	18800	2025-12-01
thegamenashville.com	49937	2026-08-16
thegardenisland.com	17429	2026-08-16
thegazette.com	52464	2026-08-16
theglobeandmail.com	194203	2026-08-16
thegrio.com	40720	2026-08-16
thegrocer.co.uk	30005	2025-09-05
theguardian.com	480250	2026-08-16
theguardian.pe.ca	27018	2020-11-12
thehardtackle.com	49444	2026-08-16
thehawkeye.com	9259	2022-12-02
thehayride.com	5614	2026-08-14
thehealthsite.com	34374	2026-02-16
thehendersonnews.com	10575	2024-05-30
theherald-news.com	9633	2026-01-29
theherald.co.za	7026	2026-08-16
theheraldghana.com	11516	2026-08-16
thehill.com	140700	2026-01-07
thehimalayantimes.com	33165	2026-03-30
thehindu.com	968881	2026-08-16
thehindubusinessline.com	270983	2026-08-16
thehitavada.com	29748	2026-08-15
thehits.co.nz	8400	2026-08-14
thehollywoodgossip.com	16676	2026-08-16
thehorse.com	5111	2026-04-13
thehot1039.com	6990	2026-08-16
thehour.com	150380	2026-06-22
theiet.org	13455	2026-08-14
theifp.ca	7127	2026-08-16
theindependent.co.zw	13749	2026-06-25
theindependent.com	69604	2026-08-15
theindependent.sg	6847	2026-03-17
theindianawaaz.com	31111	2026-08-16
theindychannel.com	8382	2020-08-11
theinertia.com	10276	2026-08-14
theintell.com	5596	2023-01-24
theintelligencer.com	80557	2026-06-22
theintelligencer.net	25081	2026-08-16
theintermountain.com	17933	2026-08-16
theirishfield.ie	12024	2026-08-16
theislandnow.com	5886	2025-10-02
theisonews.com	30453	2020-10-30
theitem.com	25040	2026-08-16
thejakartapost.com	69023	2026-08-16
thejc.com	11118	2026-08-16
thejerseytomatopress.com	8608	2025-07-12
thejetpress.com	5250	2026-08-16
thejournal.ie	118974	2026-08-16
thejoyfm.com	8203	2026-01-05
thejudge13.com	5546	2026-08-16
thekansan.com	9299	2026-08-12
thelancasterandmorecambecitizen.co.uk	31708	2023-02-07
thelancet.com	7560	2024-04-30
theland.com.au	44772	2026-08-16
thelandryhat.com	5704	2026-08-16
theleader.com.au	86448	2026-08-16
theleader.info	16505	2026-08-16
theleafchronicle.com	6764	2023-09-11
theledger.com	15716	2023-09-11
thelincolnite.co.uk	16781	2025-10-23
thelinkpaper.ca	5095	2026-08-15
thelocal.at	6973	2026-08-16
thelocal.ch	7585	2026-08-16
thelocal.de	12664	2026-08-16
thelocal.dk	7869	2026-08-16
thelocal.es	9485	2026-08-16
thelocal.fr	16232	2026-08-16
thelocal.it	8163	2026-08-16
thelocal.no	7266	2026-08-16
thelocal.se	11013	2026-08-16
thelondoner.ca	36738	2025-12-17
themag.co.uk	13746	2026-08-16
themainewire.com	9286	2026-08-16
themalaysianinsight.com	24614	2024-09-16
themaneland.com	5920	2026-08-16
themarketsdaily.com	562021	2026-08-16
themarysue.com	32965	2026-08-16
themedialine.org	22621	2026-08-16
themediaonline.co.za	5984	2026-08-14
themercury.com.au	36877	2024-07-29
themiamihurricane.com	5406	2026-08-15
themiddlemarket.com	23927	2026-08-14
themobileindian.com	12624	2026-08-16
themonitor.com	5325	2021-01-11
themorningbulletin.com.au	63217	2021-06-23
themorningsun.com	33312	2026-08-16
themoscowtimes.com	22275	2026-08-16
themountainmail.com	22612	2026-08-16
themountainpress.com	25903	2026-08-16
themunicheye.com	8037	2026-08-15
themusic.com.au	9878	2026-08-12
thenassauguardian.com	24445	2026-08-14
thenation.com	19372	2026-08-16
thenational.ae	31171	2020-10-14
thenational.com.pg	19054	2026-08-14
thenational.scot	108693	2026-08-16
thenationalherald.com	7932	2026-05-07
thenationalnews.com	60091	2026-08-16
thenationonlineng.net	196862	2026-08-16
thenelsondaily.com	6189	2024-09-27
thenewamerican.com	8545	2026-08-16
thenewdaily.com.au	23374	2025-01-23
thenewdawnliberia.com	23860	2026-08-14
thenewpulsefm.com	6575	2026-08-16
thenews-chronicle.com	36773	2025-01-29
thenews-messenger.com	7786	2023-09-11
thenews.com.pk	486972	2026-08-16
thenewsguard.com	9267	2026-08-15
thenewsherald.com	23713	2026-08-16
thenewsminute.com	31733	2026-08-16
thenewsnigeria.com.ng	11387	2026-08-16
thenewsstar.com	6563	2023-09-11
thenewswheel.com	6752	2026-07-07
thenextweb.com	11014	2026-08-16
thenigerianvoice.com	9550	2026-03-11
thenortheasttoday.com	6563	2025-10-20
thenorthernecho.co.uk	221127	2026-08-16
thenorthlines.com	46186	2026-08-16
thenorthwestern.com	9314	2023-09-11
theoaklandpress.com	43031	2026-08-16
theobserver.ca	47135	2026-08-16
theolivepress.es	31293	2026-07-30
theonion.com	9672	2026-08-15
theonlinecitizen.com	8082	2025-02-13
theparisnews.com	31266	2026-08-16
thepeakfm.com	8281	2026-08-15
thepeninsulaqatar.com	164398	2026-08-16
thepeoplesperson.com	35337	2026-08-16
thepeterboroughexaminer.com	59107	2026-08-16
thephinsider.com	10566	2026-08-16
thephuketnews.com	19442	2025-03-05
thepienews.com	5187	2026-08-14
thepigsite.com	7957	2026-08-14
thepilot.com	7334	2026-08-15
thepinetree.net	5503	2026-08-16
thepinknews.com	20661	2026-08-14
thepiratescove.us	9007	2025-09-07
theplainsman.com	6597	2026-08-11
thepoint.gm	14378	2026-08-14
thepointsguy.com	19453	2026-08-16
theportugalnews.com	48744	2026-08-16
thepost.on.ca	23463	2026-08-16
thepostathens.com	11418	2026-08-09
thepoultrysite.com	8143	2026-08-14
theprint.in	20423	2026-08-04
theproducenews.com	11398	2026-01-03
theprogress.com	31803	2026-08-16
theprogressnews.com	15881	2026-08-16
theprovince.com	27251	2026-08-16
theprowersjournal.com	5635	2026-08-14
thepublicopinion.com	26347	2023-09-11
thequietus.com	9917	2026-08-16
thequint.com	6366	2026-03-16
therakyatpost.com	18582	2026-08-16
theranch.fm	9201	2026-08-11
therealdeal.com	50829	2026-07-24
therebelrocks.com	19458	2022-08-22
therecord.com	33403	2026-08-16
theredstonerocket.com	5086	2026-08-14
thereflector.com	10049	2026-08-13
theregister.com	36635	2026-08-16
thereporter.com	11151	2026-08-16
thereporteronline.com	43385	2026-08-16
therepublic.com	102406	2026-04-01
theridgefieldpress.com	54487	2025-06-14
therightscoop.com	14073	2026-08-16
theroar.com.au	38051	2026-08-16
therockofrochester.com	36222	2026-08-16
therolladailynews.com	8981	2026-08-14
theroot.com	18348	2026-08-16
therural.com.au	42126	2026-08-16
thesalemnewsonline.com	28325	2026-08-03
thescarboroughnews.co.uk	18854	2025-01-23
thescore.com	5139	2026-03-18
thescore1260.com	44038	2026-08-16
thescottishfarmer.co.uk	25110	2026-08-16
thescottishsun.co.uk	6966	2026-02-23
thesheridanpress.com	6726	2026-08-15
theshillongtimes.com	48690	2026-08-16
thesierraleonetelegraph.com	8637	2026-08-16
thesixthaxis.com	9504	2026-08-16
theskanner.com	6754	2026-05-10
theskinny.co.uk	6587	2026-08-16
thesource.com	37483	2026-08-15
thesouthafrican.com	132876	2026-08-16
thesouthern.com	56213	2026-08-16
thesouthernreporter.co.uk	9553	2025-01-23
thespec.com	33959	2026-08-16
thespectrum.com	5397	2023-09-09
thespiritsbusiness.com	12775	2026-08-14
thespread.com	20558	2026-05-11
thespun.com	17568	2023-10-13
thestandard.co.zw	20456	2026-08-16
thestandard.com.hk	105808	2026-03-02
thestandard.org.nz	7041	2025-10-04
thestar.co.uk	20920	2025-01-23
thestar.com	97997	2026-08-14
thestar.com.my	491415	2026-08-16
thestarphoenix.com	37537	2026-08-16
thestarpress.com	7271	2023-09-11
thestatesman.com	68849	2026-06-10
thestkittsnevisobserver.com	5100	2026-03-17
thestrad.com	8272	2025-09-05
thestranger.com	12937	2026-08-14
thestreet.com	43387	2026-08-04
thestreetjournal.org	48434	2026-01-16
thesubtimes.com	14335	2025-10-04
thesuburban.com	18012	2026-08-16
thesudburystar.com	60834	2026-08-16
thesun.co.uk	70395	2026-08-13
thesun.ie	20857	2026-03-18
thesun.my	39404	2026-02-08
thesun.ng	35738	2026-08-16
thesunchronicle.com	84291	2026-08-16
thesundaily.my	99874	2023-11-06
thesylvaherald.com	5919	2026-08-16
thetab.com	31863	2026-08-15
thetablet.co.uk	5891	2026-08-16
thetablet.org	9097	2026-08-14
thetandd.com	58859	2026-08-15
thetelegram.com	22428	2020-11-11
thetelegraph.com	163596	2026-06-22
thetelegraphandargus.co.uk	177536	2026-08-16
thethaiger.com	14483	2026-03-19
thetidenewsonline.com	34455	2026-08-10
thetimes-tribune.com	69590	2026-08-16
thetimes.co.uk	214037	2024-06-05
thetimes.com	85411	2026-08-16
thetimesherald.com	5081	2023-09-11
thetimesnews.com	12367	2026-08-15
thetimestribune.com	24842	2026-08-16
thetottenhamindependent.co.uk	95584	2026-08-16
thetowntalk.com	5540	2023-09-11
thetrucker.com	13998	2026-08-16
thetruthaboutcars.com	16199	2026-08-15
theturtleislandnews.com	18584	2026-08-14
thetyee.ca	9031	2026-08-15
theuknews.com	38042	2026-08-16
theunion.com	19756	2026-08-16
theurbandaily.com	9341	2026-08-13
theusnews.com	140931	2026-08-16
theverge.com	66056	2026-08-16
thevermilion.com	5704	2026-08-16
thevisitor.co.uk	5324	2021-12-13
thevoicebw.com	6374	2024-08-09
thevoiceslu.com	15175	2026-08-15
thevwindependent.com	8451	2026-08-15
thewave.ca	10659	2025-12-07
theweek.co.uk	12509	2023-09-12
theweek.com	53841	2026-08-16
theweek.in	89576	2026-08-16
theweektoday.com	18233	2024-09-18
thewest.com.au	9166	2026-08-16
thewesterlysun.com	24557	2026-08-15
thewestmorlandgazette.co.uk	195491	2026-08-16
thewestonforum.com	6800	2025-10-31
thewestonmercury.co.uk	57172	2026-08-16
thewhig.com	49743	2026-08-16
thewhiskeywash.com	14668	2026-08-16
thewire.in	44530	2024-03-27
thewolf.ca	8103	2026-08-08
theworld.org	9079	2026-06-26
theworldlink.com	21919	2026-08-16
thewrap.com	79490	2026-08-16
thexboxhub.com	9910	2026-08-16
thexradio.com	10967	2026-08-15
theyeshivaworld.com	33760	2026-08-16
theyucatantimes.com	9446	2025-06-10
thezimbabwean.co	6796	2026-08-16
thezimbabwedaily.com	16271	2026-02-04
thezimbabwemail.com	31905	2026-08-14
thirdsector.co.uk	8964	2026-07-03
thisdaylive.com	166771	2026-08-16
thisisanfield.com	21552	2026-01-24
thisislancashire.co.uk	54733	2023-02-07
thisislocallondon.co.uk	155513	2025-12-03
thisismoney.co.uk	52701	2025-11-06
thisisoxfordshire.co.uk	170852	2026-08-16
thisisthewestcountry.co.uk	18359	2023-02-07
thisiswiltshire.co.uk	137280	2026-08-16
thomasnet.com	15573	2024-02-05
thompsoncitizen.net	86287	2025-01-20
thunder987.com	5645	2021-03-31
thurrockgazette.co.uk	93134	2026-08-16
thurstontalk.com	6158	2026-08-15
thv11.com	51235	2026-06-05
thyblackman.com	10142	2026-08-16
tibet.net	9714	2026-08-16
tickerreport.com	442348	2026-08-16
ticotimes.net	6449	2026-01-09
tide1009.com	6739	2026-03-09
tiftongazette.com	10321	2026-08-14
tigerdroppings.com	5399	2022-01-13
tigernet.com	9295	2025-11-20
tigersroar.com	9907	2026-08-10
tillamookheadlightherald.com	14301	2026-08-15
timberjay.com	6767	2026-08-13
time.com	26217	2026-08-16
timeout.com	19363	2026-08-15
timeoutdubai.com	8263	2023-01-03
times-gazette.com	8414	2023-09-11
times-herald.com	6693	2026-08-15
times-journal.com	6272	2026-08-16
times-news.com	38264	2026-08-16
times-series.co.uk	101562	2026-08-16
times-standard.com	15275	2026-08-16
times.co.sz	9098	2026-03-15
timesandstar.co.uk	152744	2026-08-16
timesargus.com	34139	2026-08-15
timesbulletin.com	6963	2026-08-06
timesca.com	14326	2026-08-16
timescall.com	39378	2026-08-16
timescitizen.com	6012	2026-08-16
timescolonist.com	119190	2025-01-21
timesdaily.com	45936	2026-08-16
timesenterprise.com	9028	2026-08-15
timesfreepress.com	36174	2026-08-16
timesgazette.com	8366	2025-09-17
timesherald.com	44660	2026-08-16
timesheraldonline.com	10365	2026-08-16
timeshighereducation.com	11304	2026-08-15
timesleader.com	21248	2026-08-16
timesleader.net	6269	2026-08-16
timesleaderonline.com	18520	2026-08-15
timeslive.co.za	137090	2026-08-16
timesnews.net	36240	2025-11-11
timesnownews.com	143696	2026-04-29
timesofearth.com	6403	2026-08-16
timesofisrael.com	138709	2023-11-04
timesofmalta.com	121997	2026-04-15
timesofoman.com	52650	2026-08-16
timesofsandiego.com	24237	2026-08-16
timesonline.com	9679	2023-09-11
timesrecordnews.com	9821	2023-09-11
timesreporter.com	10999	2023-09-11
timesrepublican.com	22185	2026-08-15
timesreview.com	23630	2026-06-04
timestelegram.com	7281	2023-09-11
timesunion.com	119604	2025-11-14
timeswv.com	18790	2026-08-16
timminspress.com	57577	2026-08-16
timminstimes.com	44691	2026-01-26
tipperarylive.ie	30669	2026-05-14
tippfm.com	18541	2026-07-17
tippmidwestradio.com	13236	2026-08-14
tirebusiness.com	6666	2026-06-09
titansradio.com	16457	2026-08-15
titusvilleherald.com	22168	2022-12-01
tivysideadvertiser.co.uk	125426	2026-08-16
tmcnet.com	437717	2025-01-23
tmj4.com	6376	2026-03-19
tmz.com	53262	2026-08-16
tnledger.com	49714	2026-08-13
tnonline.com	37825	2026-08-16
tnp.sg	13213	2025-10-30
today.az	57389	2026-07-15
today.com	69453	2026-08-16
today.ng	48383	2024-06-20
today.rtl.lu	6406	2026-05-21
todayfm.com	16635	2026-08-15
todayheadline.co	7585	2025-01-27
toffeeweb.com	8496	2026-08-16
tolonews.com	32868	2024-06-06
tomsguide.com	52759	2026-08-16
tomshardware.com	19248	2026-08-16
tonyskansascity.com	45924	2026-08-16
topspeed.com	25174	2026-08-16
topwirenews.com	19566	2026-08-07
tor.com	21154	2024-01-23
toronto.citynews.ca	78017	2026-08-16
toronto.com	16164	2026-08-16
toronto.ctvnews.ca	37722	2025-01-23
torontosun.com	95514	2026-08-16
torontotelegraph.com	104412	2026-08-16
torquenews.com	29627	2026-08-16
totaltele.com	9679	2026-08-14
toucharcade.com	6249	2025-04-19
towleroad.com	15902	2024-04-28
townandcountrymag.com	18773	2026-08-16
townhall.com	93588	2026-08-16
townsvillebulletin.com.au	90404	2026-08-16
toynews-online.biz	5645	2026-08-13
tpr.org	34818	2026-08-16
tradearabia.com	116675	2026-08-11
tradeonlytoday.com	5753	2026-08-14
tradersmagazine.com	8199	2026-08-14
tradewindsnews.com	8151	2026-03-18
trains.com	13628	2026-07-15
trak.in	9235	2026-08-16
transylvaniatimes.com	9806	2026-08-13
travelandleisure.com	22155	2026-03-17
travelbizmonitor.com	8782	2026-08-16
traveldailymedia.com	27645	2026-06-05
traveldailynews.asia	10250	2026-04-19
traveldailynews.com	24067	2026-01-24
travelextra.ie	11493	2026-08-16
traveller.com.au	6007	2023-04-11
travelmarketreport.com	11938	2026-08-14
travelmole.com	9334	2026-05-01
travelweekly.com	19561	2026-02-06
travelweekly.com.au	17784	2026-08-15
trbusiness.com	9035	2026-08-14
trend.az	31560	2026-06-27
trentonian.ca	44449	2026-06-22
trentonian.com	30440	2026-08-16
trib.com	63062	2026-08-16
tribdem.com	59303	2026-08-16
tribecacitizen.com	5540	2026-08-15
triblive.com	99379	2026-05-04
tribstar.com	51291	2026-08-16
tribtoday.com	29117	2026-08-16
tribtown.com	97408	2025-04-15
tribune.com.pk	261003	2026-08-16
tribune.net.ph	66759	2026-08-16
tribune242.com	45263	2026-08-14
tribuneindia.com	285595	2026-08-16
tribuneledgernews.com	34502	2026-08-16
tribuneonlineng.com	161714	2026-08-16
tribunnews.com	9645	2026-08-16
tribute.ca	8148	2025-01-21
tricitynews.com	79527	2025-08-01
trinidadexpress.com	51944	2026-08-16
trinidadtimes.com	53042	2026-08-16
triplicate.com	5736	2026-08-03
troyrecord.com	38007	2026-08-16
trtworld.com	11841	2026-03-19
truebluela.com	10847	2026-08-16
truenorthreports.com	6071	2023-06-30
trumbulltimes.com	49197	2025-06-14
trussvilletribune.com	12249	2026-08-16
trust.org	37925	2026-04-28
trustedreviews.com	22423	2026-08-16
truthout.org	19043	2026-08-16
tsln.com	8123	2026-08-16
tsn.ca	165433	2026-08-16
tspr.org	24307	2026-08-16
ttgasia.com	13092	2026-08-16
ttnworldwide.com	7191	2026-08-10
ttrweekly.com	10713	2026-08-16
tucson.com	194874	2026-08-16
tucsonpost.com	39872	2026-08-16
tucsonsentinel.com	21556	2025-07-21
tucsonweekly.com	8369	2026-08-13
tudno.co.uk	20766	2023-04-26
tuko.co.ke	17879	2026-03-19
tulsaworld.com	111038	2026-08-16
tuoitrenews.vn	28862	2025-04-16
turkishpress.com	8519	2024-03-13
turlockjournal.com	5274	2026-08-15
turnto10.com	50130	2026-08-16
turnto23.com	49674	2026-08-15
tuscaloosanews.com	10891	2023-09-11
tv6tnt.com	23304	2026-08-16
tvfanatic.com	6905	2025-05-15
tvgrapevine.com	16761	2026-08-16
tvguide.co.uk	1956571	2026-08-16
tvguide.com	9759	2026-08-16
tvline.com	20460	2026-08-16
tvnewscheck.com	25914	2026-08-14
tvnz.co.nz	5645	2021-10-05
tvone.tv	5360	2026-08-13
tvovermind.com	19856	2026-08-16
tvseriesfinale.com	6100	2026-08-16
tvtechnology.com	11509	2026-08-14
tvtonight.com.au	28774	2026-08-16
tweaktown.com	28503	2025-03-01
tweeddailynews.com.au	45440	2021-04-28
twincities.com	38353	2026-08-16
twinsdaily.com	15513	2026-08-16
twitchy.com	62702	2026-08-16
twtd.co.uk	110418	2026-08-16
tylerpaper.com	28513	2026-08-16
typepad.com	10528	2024-12-01
tyrepress.com	6697	2026-08-14
ualrpublicradio.org	49029	2026-08-16
uark.edu	7183	2026-08-14
ubergizmo.com	7921	2026-08-14
ucanews.com	24644	2025-01-23
ucla.edu	6745	2026-08-15
udaipurkiran.com	79256	2026-08-16
udayavani.com	18332	2026-08-11
udn.com	7478	2026-08-16
uefa.com	8140	2024-07-24
uexpress.com	18136	2026-01-13
ufc.com	7108	2026-08-16
uk.com	8260	2026-08-16
ukiahdailyjournal.com	10491	2026-08-16
ukrainianjournal.com	15275	2026-01-27
ukrinform.net	22093	2026-03-19
uky.edu	8811	2026-08-14
ulladullatimes.com.au	62207	2026-08-16
uloop.com	10989	2026-08-16
ultimateclassicrock.com	16284	2026-08-16
ummid.com	19203	2026-08-16
umn.edu	14045	2026-08-14
un.org	6552	2026-08-13
uncrate.com	10045	2026-08-14
undercurrentnews.com	32786	2026-08-16
undertheradar.co.nz	25029	2026-08-16
undertheradarmag.com	18765	2026-07-24
undp.org	27532	2026-08-16
unesco.org	5061	2026-08-09
unian.info	12516	2026-02-09
uniindia.com	31007	2026-03-17
union-bulletin.com	45063	2026-08-16
uniondemocrat.com	13324	2026-08-15
unionleader.com	98463	2026-08-16
unionrecorder.com	12209	2026-08-16
unitaid.eu	25148	2026-08-02
unitedwithisrael.org	13845	2026-07-22
universetoday.com	5158	2026-08-16
universityworldnews.com	14193	2026-08-14
unm.edu	5464	2026-08-16
unmultimedia.org	7763	2023-10-16
uow.edu.au	17760	2024-11-07
updatesnews.com	25511	2022-10-01
upenn.edu	7117	2026-08-14
upi.com	101290	2026-08-16
upnorthlive.com	38078	2026-08-16
uppermichiganssource.com	33440	2026-08-16
upr.org	51980	2026-08-16
uproxx.com	20998	2026-08-12
upstract.com	65174	2021-06-14
upstreamonline.com	24768	2026-08-14
urbanacitizen.com	5866	2025-09-17
urbanmilwaukee.com	33683	2026-08-16
urdupoint.com	44060	2025-01-27
us103.com	26107	2026-05-31
us105fm.com	37286	2026-08-16
usanetwork.com	7362	2025-08-13
usatoday.com	217936	2025-04-26
usembassy.gov	7976	2026-08-14
usf.edu	64607	2026-02-26
usmagazine.com	65613	2026-08-16
usnews.com	60090	2024-07-31
usni.org	7584	2026-06-01
utahindependent.com	22610	2026-08-16
uticaod.com	14125	2023-09-11
utilitydive.com	9740	2026-08-16
utv44.com	6123	2026-08-15
v100fm.com	6352	2026-08-16
v100rocks.com	14148	2026-08-16
v1019.com	19654	2026-08-16
vaalweekblad.com	14927	2023-11-09
vaildaily.com	28802	2026-08-16
valdostadailytimes.com	75870	2026-08-15
valleybreeze.com	13750	2026-08-13
valleymorningstar.com	6006	2021-01-11
valleynewslive.com	32971	2026-08-16
valuewalk.com	9489	2025-01-23
vancourier.com	30069	2021-01-13
vancouverisland.ctvnews.ca	24415	2026-06-19
vancouversun.com	58614	2026-08-16
vandaliaradio.com	11899	2026-08-16
vanguardngr.com	219649	2026-08-16
vanityfair.com	18936	2026-08-16
variety.com	95843	2026-08-16
varsity.co.uk	8773	2026-08-16
vavel.com	12255	2026-08-16
vccircle.com	11140	2026-08-14
vcstar.com	9705	2023-09-11
vcyamerica.org	5662	2023-07-13
vdare.com	10802	2024-07-25
vegnews.com	12940	2026-08-15
venezuelastar.com	20929	2026-08-16
venturebeat.com	5743	2025-08-30
venturesafrica.com	22144	2024-11-16
vermilionstandard.com	12734	2026-08-16
vermontbiz.com	25192	2026-08-15
vernonmorningstar.com	52174	2026-08-16
verticalmag.com	13890	2026-08-16
vervetimes.com	11695	2025-01-26
vestnikkavkaza.net	24786	2022-01-22
veteranstoday.com	14175	2025-02-13
vg247.com	9508	2026-06-23
vgchartz.com	40498	2026-08-16
vibe.com	12054	2026-08-15
vice.com	20038	2026-08-16
vicnews.com	37988	2026-08-16
victoriaadvocate.com	5486	2026-08-16
victorygirlsblog.com	6739	2026-08-16
vietnamnet.vn	30619	2026-06-03
vietnamnews.vn	63348	2026-08-16
vietnamtribune.com	60568	2026-08-16
viewngr.com	44838	2025-01-29
vikings.com	5713	2026-08-16
vikingsterritory.com	18545	2026-08-16
villagesoup.com	21386	2024-09-18
vindy.com	49351	2026-08-16
vir.com.vn	29401	2026-08-15
virginislandsdailynews.com	19753	2026-08-14
virginislandsnewsonline.com	37064	2026-08-16
virginradio.co.uk	8275	2026-08-12
visayandailystar.com	32164	2026-06-06
vision.org.au	8529	2026-07-31
visionmp.com	10399	2026-07-10
vladtv.com	46134	2026-08-16
vmagazine.com	7602	2026-06-03
vnews.com	20810	2026-08-16
vnexpress.net	16986	2026-03-19
voanews.com	134105	2025-03-20
voazimbabwe.com	12730	2026-03-20
vocm.com	39501	2026-08-16
vogue.co.uk	18745	2026-08-16
vogue.com	33494	2026-08-16
vogue.in	10684	2026-08-16
voice-online.co.uk	11004	2026-08-16
voicenews.com	19643	2025-11-04
voiceofalexandria.com	81281	2026-08-16
voiceofvienna.org	15613	2026-08-15
voiceonline.com	9894	2026-08-16
vol.at	16492	2026-08-16
volcanodiscovery.com	17741	2026-08-16
vovworld.vn	9520	2026-01-25
vox.com	20064	2026-08-16
voxy.co.nz	48332	2026-07-07
vpm.org	20009	2023-01-27
vpr.org	5702	2022-06-22
vtcng.com	14429	2026-08-16
vtdigger.org	12718	2026-08-16
vulcanadvocate.com	8760	2026-08-16
vulture.com	25827	2026-08-16
vvdailypress.com	8735	2023-09-11
w4country.com	5968	2026-08-16
wa1a.com	10390	2026-08-16
waateanews.com	26008	2026-08-16
waaytv.com	47338	2026-08-02
wabcradio.com	7619	2025-02-02
wabe.org	21327	2026-04-24
wabi.tv	38144	2026-08-16
wabx.net	33874	2026-08-16
wach.com	38098	2026-08-16
wacotrib.com	70846	2026-08-16
wadenapj.com	25496	2026-08-16
wadk.com	36419	2026-08-16
waer.org	40929	2026-08-16
wafb.com	38753	2026-08-16
waff.com	33479	2026-08-16
wagmtv.com	12359	2026-08-15
wahoo-ashland-waverly.com	17401	2026-08-14
wahpetondailynews.com	15818	2026-08-16
wajr.com	5065	2026-08-16
waka.com	11101	2026-08-16
wakefieldexpress.co.uk	18345	2025-01-23
wakg.com	7977	2026-08-09
walb.com	33570	2026-08-16
walesonline.co.uk	254776	2026-08-16
walkermn.com	14863	2026-08-16
wallaceburgcourierpress.com	38498	2026-06-29
wallowa.com	8421	2026-08-15
wallpaper.com	15315	2026-08-16
walls102.com	8142	2023-06-13
wallstreet-online.de	85628	2026-08-16
wam.ae	15139	2023-11-04
wamc.org	52621	2026-08-16
wamda.com	5852	2026-08-16
wandsworthguardian.co.uk	131485	2026-08-16
wandtv.com	61142	2026-08-16
wantedinrome.com	8993	2026-08-16
wape.com	12795	2026-08-15
wapt.com	68056	2026-08-16
wardsauto.com	7046	2026-02-03
warm1033.com	24272	2026-08-16
warm1069.com	9771	2026-08-15
warm98.com	11642	2026-08-16
warringtonguardian.co.uk	155716	2026-08-16
warsawvoice.pl	12750	2026-03-18
warwickdailynews.com.au	51988	2021-04-28
warwickonline.com	5959	2026-08-13
warwickshireworld.com	12934	2025-01-23
washingtonblade.com	8475	2026-08-15
washingtonexaminer.com	162023	2026-08-16
washingtonian.com	13039	2026-08-14
washingtoninformer.com	6931	2026-08-14
washingtonpost.com	306594	2024-08-02
washingtontimes.com	292813	2026-04-13
washtimesherald.com	43394	2026-08-16
waste360.com	5106	2025-01-19
wataugademocrat.com	49267	2026-08-16
watchingamerica.com	8126	2026-08-14
waterford-news.ie	67840	2026-08-16
watermarkonline.com	35425	2025-11-03
wateronline.com	10883	2026-08-16
waterwaysjournal.net	5449	2026-08-14
watfordobserver.co.uk	111745	2026-08-16
watoday.com.au	133070	2026-08-16
wattsupwiththat.com	8366	2026-08-16
wausaudailyherald.com	9127	2023-09-11
waxahachietx.com	5977	2026-08-07
wbaa.org	77897	2026-08-16
wbal.com	70125	2026-07-04
wbaltv.com	75007	2026-08-16
wbap.com	88953	2026-08-16
wbay.com	38931	2026-08-16
wbbjtv.com	34457	2026-08-16
wbckfm.com	23781	2025-11-29
wbco.com	6210	2026-08-13
wbez.org	6505	2026-08-16
wbfo.org	39821	2025-04-01
wbgo.org	5999	2026-08-14
wbir.com	60093	2026-06-05
wbiw.com	46614	2026-08-16
wbjournal.com	13624	2026-08-14
wbkb11.com	6883	2026-08-16
wbko.com	23848	2026-08-16
wbkr.com	25466	2026-08-16
wblk.com	38642	2026-08-16
wblm.com	33610	2026-08-16
wbls.com	9543	2026-08-14
wbmq.net	17237	2020-08-26
wbng.com	23768	2026-08-16
wbnowqct.com	5718	2026-08-14
wbnq.com	12859	2026-08-16
wboc.com	91520	2026-08-16
wboi.org	45706	2026-08-16
wbrc.com	47250	2026-08-16
wbrz.com	73214	2026-08-16
wbsm.com	20376	2026-08-16
wbszfm.com	5336	2026-07-22
wbt.com	8538	2026-08-16
wbtmdanville.com	9570	2026-08-07
wbtv.com	36458	2026-08-16
wbur.org	54345	2026-08-15
wbwn.com	9512	2026-08-16
wcax.com	40412	2026-08-16
wcbe.org	59104	2026-08-16
wcbi.com	21360	2026-08-15
wcbm.com	29916	2026-08-16
wccbcharlotte.com	41860	2026-08-16
wccftech.com	47867	2026-08-16
wccq.com	9401	2024-05-24
wcfcourier.com	114330	2026-08-16
wchstv.com	36937	2026-08-16
wcjb.com	33160	2026-08-16
wclk.com	33629	2026-08-16
wclo.com	10685	2025-05-20
wcnc.com	66822	2026-06-06
wcoapensacola.com	43595	2026-08-16
wcpo.com	32920	2026-08-16
wcrz.com	22100	2026-08-15
wcsmradio.com	10343	2026-08-15
wcsufm.org	65096	2026-08-16
wcsx.com	17995	2026-08-16
wcsy.com	39579	2026-08-11
wcti12.com	42599	2026-08-16
wctrib.com	54134	2026-08-16
wctv.tv	29638	2026-08-16
wcvb.com	103265	2026-08-16
wcyb.com	33933	2026-08-16
wcyy.com	30202	2026-08-15
wdadradio.com	14803	2026-08-16
wdam.com	35771	2026-08-16
wdbj7.com	35027	2026-08-16
wdbo.com	49188	2026-08-16
wdbqam.com	10007	2026-08-14
wdef.com	24777	2026-07-21
wdel.com	25933	2026-08-16
wden.com	5713	2026-08-16
wdet.org	10214	2026-08-14
wdez.com	22749	2026-08-16
wdhafm.com	15763	2026-08-16
wdio.com	62785	2026-08-16
wdiy.org	45068	2026-08-16
wdjx.com	8690	2026-08-16
wdkx.com	5395	2022-07-25
wdrb.com	100833	2026-08-16
wdrv.com	9248	2026-08-15
wdsm710.com	40069	2026-08-16
wdsu.com	105410	2026-08-16
wdtimes.com	34196	2026-08-16
wdtv.com	20535	2026-08-16
wdzz.com	9004	2026-08-16
weaa.org	51021	2025-02-25
wealthmanagement.com	17311	2026-08-14
weareiowa.com	7839	2026-03-16
weartv.com	35265	2026-08-16
weatherforddemocrat.com	14220	2026-08-16
weathernationtv.com	6102	2026-08-16
weau.com	31721	2026-08-16
webcamfeet.com	5756	2021-11-12
webindia123.com	426933	2026-08-16
webmd.com	10289	2026-08-14
webwire.com	37349	2026-08-15
wect.com	36521	2026-08-15
weeklyblitz.net	32036	2026-08-16
weeklytimesnow.com.au	11584	2024-07-22
weforum.org	8434	2024-01-12
wegotthiscovered.com	68271	2025-02-24
weirtondailytimes.com	21996	2026-08-15
weisradio.com	18260	2026-01-06
wellandtribune.ca	71908	2026-08-16
wellingtondailynews.com	5442	2026-08-11
wellingtontimes.com.au	36742	2026-08-16
wellsvilledaily.com	5537	2022-04-14
wemu.org	34459	2026-08-16
wenatcheeworld.com	25454	2026-08-15
wenxuecity.com	35302	2026-08-16
weny.com	30376	2026-08-16
wesa.fm	41179	2026-06-04
wesh.com	78526	2026-08-16
wesm913.org	17888	2022-01-28
westcentralonline.com	17341	2026-08-16
westcentralsbest.com	48377	2026-08-16
westerlynews.ca	31199	2026-08-16
westernadvocate.com.au	111674	2026-08-16
westernmassnews.com	23052	2026-08-16
westernpeople.ie	35882	2026-08-16
westerntelegraph.co.uk	125214	2026-08-16
westernweekender.com.au	5619	2026-08-16
westernwheel.ca	6258	2025-09-05
westfaironline.com	12469	2026-08-16
westhawaiitoday.com	20046	2026-08-16
westkentuckystar.com	29855	2026-08-16
westmeathexaminer.ie	47487	2026-08-16
westmeathindependent.ie	46586	2026-08-16
westofthei.com	7163	2026-08-16
westport-news.com	54149	2022-03-01
westseattleblog.com	48099	2026-08-16
westsussextoday.co.uk	7480	2022-02-09
westword.com	13109	2026-08-16
wetaskiwintimes.com	15464	2026-08-16
weyburnreview.com	37373	2021-07-29
wfaa.com	64004	2026-06-05
wfae.org	70449	2026-08-16
wfasam.com	13054	2021-05-17
wfav951.com	14153	2026-08-14
wfdd.org	52328	2026-08-16
wfgr.com	21383	2024-07-03
wfin.com	45335	2025-06-14
wfirnews.com	5265	2026-08-15
wfit.org	6668	2026-08-13
wfiwradio.com	12086	2026-08-15
wfls.com	17431	2026-08-16
wflx.com	32934	2026-08-16
wfmd.com	14093	2026-08-16
wfmj.com	110864	2026-08-16
wfms.com	7271	2026-08-16
wfmynews2.com	66653	2026-06-05
wfmz.com	254869	2026-08-16
wfnc640am.com	68933	2026-07-20
wfnt.com	13235	2026-08-14
wfsb.com	36650	2026-08-16
wfsu.org	48395	2026-08-16
wftv.com	45414	2026-08-16
wftw.com	69191	2025-03-28
wfuv.org	9643	2026-08-16
wfxd.com	6582	2026-04-09
wfxl.com	6512	2025-09-11
wfyi.org	14908	2026-08-15
wgac.com	6564	2026-08-14
wgal.com	82633	2026-08-16
wgan.com	15303	2026-08-16
wgauradio.com	60189	2026-08-16
wgbh.org	24006	2026-08-15
wgcu.org	31445	2026-08-16
wgil.com	10101	2026-08-01
wglr.com	25445	2026-08-16
wglt.org	60911	2026-08-16
wgmd.com	40638	2026-08-16
wgme.com	42002	2026-08-16
wgna.com	33867	2026-08-16
wgni.com	9254	2026-08-16
wgnsradio.com	16837	2026-07-31
wgntv.com	7621	2026-05-05
wgog.com	6125	2026-08-14
wgow.com	46869	2026-08-16
wgowam.com	74971	2026-08-16
wgrd.com	44948	2026-08-15
wgrr.com	10019	2026-08-16
wgrz.com	46639	2026-06-05
wgxa.tv	10522	2026-08-16
wharfedaleobserver.co.uk	117642	2026-08-16
whas11.com	68292	2026-06-25
whatdidyousay.org	15446	2025-11-11
whatech.com	27494	2026-08-13
whathifi.com	11299	2026-08-15
whatsnew2day.com	14117	2025-01-27
whatson.ae	20904	2026-08-16
whatsonstage.com	11297	2026-08-16
whatsontv.co.uk	5261	2021-06-10
whattheythink.com	14079	2026-08-14
whbl.com	70306	2026-08-16
whby.com	9261	2026-08-14
whcuradio.com	10235	2024-06-23
whdg.com	16605	2026-08-15
whdh.com	55474	2026-08-16
whec.com	131361	2026-08-16
whidbeynewstimes.com	6161	2026-08-14
whig.com	60221	2026-08-15
whio.com	45720	2026-08-16
whitecourtstar.com	13450	2026-08-16
whitehorsestar.com	5917	2026-01-29
whitehouse.gov	6012	2026-03-17
whitsundaytimes.com.au	56923	2021-04-28
whittierdailynews.com	46489	2026-08-16
whiznews.com	14948	2026-08-16
whky.com	21791	2026-08-16
whmi.com	25148	2026-08-16
whnt.com	6192	2025-06-12
who.int	10281	2026-08-14
whopam.com	24044	2026-08-16
whqr.org	46080	2026-08-16
whro.org	14900	2026-08-16
whrpfm.com	9027	2026-08-16
whsv.com	29214	2026-08-16
whtc.com	48298	2026-08-16
whtimes.co.uk	56305	2026-08-16
whvoradio.com	13931	2026-05-31
whyy.org	26605	2026-08-16
wiartonecho.com	22629	2026-08-16
wibailoutpeople.org	5775	2026-08-16
wibc.com	28715	2026-08-16
wibqam.com	45131	2026-01-10
wibw.com	46386	2026-08-16
wibx950.com	30023	2026-08-16
wickedlocal.com	236673	2023-09-11
wicz.com	62135	2026-08-16
wifc.com	19560	2026-08-16
wifr.com	24848	2026-08-03
wigantoday.net	27415	2025-01-23
wiky.com	40690	2026-08-16
wild1029.com	9210	2026-08-16
wild1049hd.com	6114	2023-03-21
wild941.com	23854	2026-08-16
wiley.com	5264	2026-08-14
williamsondailynews.com	7215	2026-08-13
willistonherald.com	14572	2026-08-16
willitsnews.com	6525	2026-08-15
willmarradio.com	44246	2026-08-16
wilm-tv.com	8193	2021-09-20
wilmingtonbiz.com	12073	2025-01-22
wilsonpost.com	5372	2023-03-01
wilsontimes.com	5760	2026-08-16
wiltonbulletin.com	62996	2025-06-14
wiltsglosstandard.co.uk	117108	2026-08-16
wiltshiretimes.co.uk	146986	2026-08-16
wilx.com	33605	2026-08-16
wimbledonguardian.co.uk	121371	2026-08-16
wimsradio.com	17353	2026-08-16
wimz.com	6765	2026-08-05
winchesterstar.com	61889	2026-08-15
wincountry.com	19652	2026-08-16
windfm.com	6924	2026-08-16
windowscentral.com	33976	2026-08-16
windowstorussia.com	5923	2026-06-10
windpowermonthly.com	7211	2026-07-02
windsor.ctvnews.ca	20740	2025-04-09
windsorite.ca	19835	2025-09-22
windsorstar.com	58329	2026-08-16
windtech-international.com	9323	2026-08-14
wingsmagazine.com	5836	2026-08-13
wink104.com	10379	2026-08-16
winknews.com	55456	2026-08-16
winnipeg.ctvnews.ca	27808	2025-04-25
winnipegfreepress.com	323988	2026-08-16
winnipegsun.com	54414	2026-08-16
winonadailynews.com	37920	2026-08-14
winonapost.com	10512	2026-08-15
winsfordguardian.co.uk	67252	2023-03-07
winteriscoming.net	8524	2026-08-16
wiog.com	5062	2026-08-16
wionews.com	25883	2026-02-12
wiov.com	7321	2026-08-16
wired.com	21133	2026-08-16
wiredprnews.com	26047	2025-10-24
wirralglobe.co.uk	135023	2026-08-16
wirx.com	19924	2026-08-13
wisbechstandard.co.uk	35803	2026-08-16
wisbusiness.com	14156	2026-08-14
wisc.edu	13752	2026-08-16
wiscassetnewspaper.com	24853	2026-08-16
wiscnews.com	66666	2026-08-15
wisconsin106.com	15308	2025-03-13
wisconsinagconnection.com	14734	2026-08-14
wisconsinrapidstribune.com	9142	2023-09-11
wisfarmer.com	5440	2023-09-11
wishtv.com	71700	2026-08-16
wislawjournal.com	11691	2026-06-03
wisn.com	74472	2026-08-16
wispolitics.com	20579	2026-07-23
wisr680.com	9270	2026-08-16
wistv.com	38690	2026-08-16
withinnigeria.com	12604	2026-03-04
witl.com	37624	2026-08-16
witn.com	36686	2026-08-16
witneygazette.co.uk	132050	2026-08-16
wits.ac.za	5486	2026-08-16
wivk.com	12442	2026-08-16
wixx.com	27629	2026-08-14
wiznation.com	13505	2026-08-16
wjactv.com	34118	2026-08-16
wjbc.com	40045	2026-08-03
wjbq.com	28536	2026-08-14
wjbr.com	12970	2025-12-04
wjcl.com	71772	2026-08-16
wjct.org	71440	2026-08-16
wjcw.com	56199	2026-07-20
wjez.com	10787	2026-08-16
wjfw.com	20847	2026-08-16
wjhg.com	25911	2026-08-16
wjimam.com	23474	2025-12-01
wjla.com	49734	2026-08-16
wjle.com	6047	2026-08-15
wjmi.com	18966	2026-05-04
wjnt.com	23076	2026-04-22
wjol.com	34762	2026-08-15
wjon.com	38158	2026-08-16
wjoxam.com	50601	2026-04-07
wjpf.com	5987	2026-08-06
wjr.com	43701	2026-08-16
wjrz.com	13905	2026-08-16
wjsu.org	19822	2025-03-11
wjtn.com	20717	2026-08-16
wjvl.com	5257	2025-03-09
wkar.org	18263	2026-08-16
wkbw.com	41395	2026-08-16
wkdq.com	36904	2026-08-16
wkdzradio.com	16788	2026-08-01
wkfr.com	24806	2026-08-14
wkjc.com	42604	2026-08-15
wkkg.com	9852	2026-08-14
wkmi.com	17491	2025-11-30
wkml.com	15990	2026-08-16
wkms.org	54678	2026-08-16
wknofm.org	83484	2026-08-16
wkow.com	6158	2026-05-21
wkrb13.com	486644	2025-04-18
wksn.com	20664	2026-08-16
wksu.org	17996	2022-12-08
wktn.com	10262	2026-08-16
wktv.com	42901	2026-08-16
wkuherald.com	9468	2026-08-15
wkvi.com	7659	2026-08-14
wkxi.com	15993	2026-05-09
wkyc.com	70523	2026-06-06
wkyt.com	33767	2026-08-16
wkyufm.org	44779	2026-08-16
wkzo.com	77187	2026-08-16
wlad.com	5089	2026-08-14
wlav.com	10489	2026-08-16
wlbt.com	8276	2026-03-19
wlds.com	11589	2026-08-14
wlec.com	22985	2026-08-16
wlevradio.com	9795	2026-08-16
wlfi.com	25601	2026-08-16
wlip.com	23002	2026-08-14
wlkm.com	8739	2026-08-14
wlky.com	82430	2026-08-16
wlni.com	5321	2026-04-30
wlos.com	41362	2026-08-16
wlox.com	33526	2026-08-16
wlrfm.com	16614	2026-07-28
wlrh.org	26597	2026-08-16
wlrn.org	50001	2026-08-16
wlsam.com	54519	2026-08-14
wltribune.com	33226	2026-08-16
wltx.com	63246	2026-06-25
wltz.com	6310	2026-06-19
wlwi.com	6305	2026-08-16
wlwt.com	91491	2026-08-16
wmac-am.com	48383	2026-08-16
wmagazine.com	6517	2026-08-14
wmal.com	39526	2026-08-16
wmay.com	11097	2025-04-11
wmbfnews.com	39524	2026-08-16
wmcactionnews5.com	21076	2021-05-19
wmdt.com	33931	2026-08-16
wmfe.org	18986	2024-04-02
wmgk.com	16669	2026-08-16
wmicentral.com	10540	2026-08-15
wmmq.com	34041	2026-08-16
wmnf.org	7548	2026-08-16
wmot.org	24000	2025-08-12
wmra.org	45249	2026-08-16
wmtram.com	10227	2026-08-14
wmtv15news.com	19698	2026-08-16
wmtw.com	74026	2026-08-16
wmuk.org	24929	2026-08-16
wmur.com	95209	2026-08-16
wn.com	399364	2026-07-15
wnaw.com	19034	2026-08-16
wnax.com	9046	2026-08-13
wnbf.com	18013	2026-08-16
wncv.com	9207	2026-08-16
wncw.org	32273	2026-08-16
wncy.com	27562	2026-08-14
wnd.com	37631	2026-08-16
wndu.com	31915	2026-08-16
wnem.com	23815	2026-08-16
wnep.com	57274	2026-06-05
wnewsj.com	19288	2025-05-15
wnir.com	9607	2026-08-14
wnmtradio.com	19176	2022-12-08
wnmufm.org	72054	2026-08-16
wnpr.org	6587	2021-07-14
wntxradio.com	19392	2026-08-10
wnyt.com	45063	2026-03-11
woad.com	19065	2026-04-22
wobm.com	59613	2026-08-16
wogb.fm	17301	2026-08-16
wogx.com	18650	2026-08-14
wohfradio.com	29388	2026-08-16
wokq.com	27790	2026-08-16
wokv.com	64134	2026-08-16
womanandhome.com	25356	2026-08-16
womansworld.com	13093	2026-08-16
womenofchina.cn	11042	2025-06-09
womenshealthmag.com	17327	2026-08-16
wondradio.com	42195	2026-08-16
wonkette.com	5766	2026-07-29
woodallscm.com	5593	2026-08-14
woodlandsonline.com	10295	2026-08-16
woodstocksentinelreview.com	41255	2026-08-16
woodwardnews.net	10433	2026-08-16
woodworkingnetwork.com	9527	2025-12-16
woonsocketcall.com	12634	2026-08-16
worcesternews.co.uk	108552	2026-08-16
wordpress.com	17145	2026-08-16
workers.org	5585	2026-03-06
workerscompensation.com	8421	2026-08-16
workersliberty.org	8719	2025-11-07
worksopguardian.co.uk	12974	2025-01-23
world-nuclear-news.org	7399	2026-08-14
worldbank.org	10213	2026-08-13
worldboxingnews.net	7275	2025-03-04
worldcasinodirectory.com	7988	2026-08-16
worldcrunch.com	14971	2025-01-23
worldipreview.com	5127	2026-08-14
worldoil.com	13888	2026-08-16
worldpoliticsreview.com	5298	2026-08-06
worldscreen.com	13861	2025-08-22
worldsoccertalk.com	14787	2022-08-10
worldtempus.com	6352	2026-08-16
wortfm.org	6174	2025-05-02
worthingherald.co.uk	6867	2022-02-10
worthplaying.com	13581	2026-08-14
worthynews.com	6136	2026-08-16
wosu.org	15637	2026-08-14
woub.org	10770	2026-08-14
wowo.com	10128	2026-08-16
wowt.com	38726	2026-08-16
wpbf.com	67702	2026-08-16
wpde.com	48670	2026-08-16
wpdh.com	44923	2026-08-16
wphm.net	13328	2026-08-08
wpr.org	11707	2026-08-16
wprl.org	54300	2025-10-06
wpsdlocal6.com	54184	2026-08-16
wpst.com	36952	2026-08-16
wpsu.org	65439	2026-08-16
wptv.com	52380	2026-08-16
wpxi.com	45264	2026-08-16
wqad.com	51386	2026-06-05
wqcmfm.com	13721	2026-08-15
wqcs.org	56761	2026-08-16
wqel.com	5749	2026-08-13
wqut.com	21637	2026-08-16
wral.com	152594	2026-08-16
wraltechwire.com	12216	2025-11-06
wrcbtv.com	57393	2022-01-13
wrdw.com	38859	2026-08-16
wrestlezone.com	38888	2026-08-16
wrestlinginc.com	63152	2026-08-16
wrestlingnewssource.com	25672	2026-07-06
wrexham.com	15794	2026-08-16
wrfalp.com	7840	2026-08-13
wrganews.com	12758	2026-08-16
wrhi.com	5555	2026-07-14
wrif.com	30633	2026-08-16
writersdigest.com	5762	2026-08-16
wrjn.com	5529	2026-08-16
wrjo.com	5697	2026-08-04
wrkf.org	37688	2026-08-16
wrkr.com	24628	2026-08-15
wrmf.com	11131	2026-08-15
wror.com	20791	2026-08-16
wrp.org.uk	6306	2026-08-15
wrrv.com	39198	2026-08-16
wruf.com	10627	2026-08-10
wrur.org	9457	2026-08-16
wrvo.org	62252	2026-08-16
wsau.com	103921	2026-08-16
wsaw.com	31169	2026-08-16
wsaz.com	28078	2026-08-16
wsbradio.com	63146	2026-08-16
wsbs.com	12937	2026-08-14
wsbt.com	40276	2026-08-16
wsbtv.com	54534	2026-08-16
wscountytimes.co.uk	6332	2022-02-09
wset.com	42593	2026-08-16
wsfa.com	32235	2026-08-16
wsfl.com	7211	2026-08-16
wsgw.com	20293	2026-08-14
wshu.org	40747	2026-08-16
wsiltv.com	53441	2026-08-02
wsipam.com	5015	2026-07-25
wsiu.org	76340	2026-08-16
wsj.com	58643	2026-06-22
wsjm.com	30725	2026-08-15
wsjs.com	5407	2026-07-31
wskg.org	6784	2026-03-08
wsls.com	136401	2026-08-16
wsmv.com	36550	2026-08-16
wsnewspublishers.com	7109	2025-08-29
wsoctv.com	45579	2026-08-16
wsrkfm.com	18507	2026-08-15
wsu.edu	8585	2026-08-13
wsvaonline.com	5422	2024-04-02
wsvn.com	48300	2026-08-16
wsws.org	40785	2026-08-15
wtae.com	80786	2026-08-16
wtap.com	5700	2026-03-19
wtaq.com	53625	2026-08-16
wtax.com	7000	2024-05-20
wtbdfm.com	11527	2024-01-02
wtbx.com	24796	2026-08-14
wthitv.com	37763	2026-08-16
wthr.com	77073	2026-08-11
wtka.com	15955	2024-08-27
wtkr.com	57670	2026-08-16
wtma.com	107019	2026-08-16
wtmj.com	42363	2026-07-15
wtmx.com	10374	2026-08-15
wtoc.com	35436	2026-08-16
wtok.com	23547	2026-08-16
wtol.com	61161	2026-06-06
wtop.com	89172	2026-08-16
wtov9.com	35067	2026-08-16
wtsp.com	75398	2026-06-06
wttf.com	31369	2026-08-15
wttw.com	14739	2025-12-16
wtug.com	19152	2026-08-16
wtva.com	47405	2026-08-16
wtvbam.com	55716	2026-08-16
wtvm.com	27571	2026-08-16
wtvq.com	20228	2026-08-16
wtvr.com	51646	2026-08-16
wtvy.com	22205	2026-08-16
wtxl.com	31579	2026-08-16
wuft.org	40044	2026-08-16
wuky.org	28068	2026-08-16
wunc.org	21306	2026-08-14
wupe.com	18039	2026-08-16
wusa9.com	68551	2026-06-05
wutc.org	40334	2026-08-16
wuuqradio.com	12125	2026-08-14
wuwf.org	53353	2026-08-16
wuwm.com	17415	2026-08-14
wvasfm.org	50849	2026-08-16
wvel.com	7414	2026-07-31
wvfm1065.com	5078	2020-12-07
wvgazettemail.com	43582	2026-08-16
wvik.org	52924	2026-08-16
wvlkam.com	68765	2026-08-16
wvlnam.com	8648	2026-07-29
wvmetronews.com	24562	2026-08-16
wvnews.com	110265	2026-01-24
wvnn.com	40825	2026-08-07
wvpublic.org	12701	2026-08-15
wvrecord.com	5873	2025-05-20
wvtf.org	33734	2026-08-16
wvtm13.com	66716	2026-08-16
wvxu.org	43746	2026-08-16
wwaytv3.com	29546	2026-08-16
wwd.com	46269	2026-08-16
wweek.com	12140	2026-08-05
wwisradio.com	5330	2026-08-15
wwjb.com	5988	2025-02-24
wwki.com	5902	2026-08-16
wwltv.com	56312	2026-06-05
wwmt.com	41761	2026-08-16
wwno.org	46548	2026-08-16
wwnytv.com	25972	2026-08-16
wwqq101.com	5815	2026-08-16
wxerfm.com	19044	2026-08-16
wxfx.com	9307	2026-08-16
wxii12.com	77568	2026-08-16
wxkr.com	13886	2026-08-16
wxlo.com	9788	2026-08-16
wxow.com	52277	2026-08-16
wxpr.org	31360	2026-08-16
wxxinews.org	55103	2026-08-16
wxxv25.com	27298	2026-08-16
wxyz.com	52378	2026-08-16
wydaily.com	15549	2026-08-16
wyff4.com	80708	2026-08-16
wynn1063.com	20547	2026-08-16
wyomingnews.com	93486	2026-08-16
wyomingnewsnow.tv	37041	2026-08-16
wyomingpublicmedia.org	44500	2026-08-16
wypr.org	52112	2026-08-16
wyrk.com	43550	2026-08-16
wyshradio.com	5188	2026-08-13
wyso.org	44560	2026-08-16
wysu.org	25400	2026-08-16
wzid.com	6830	2026-08-14
wzozfm.com	19250	2026-08-16
wzpl.com	7935	2026-08-16
wzzm13.com	69198	2026-06-26
x1071.com	31304	2026-08-16
xboxachievements.com	9229	2025-04-26
xinhuanet.com	172414	2026-06-16
xlcountry.com	14277	2026-08-16
xpatloop.com	10253	2026-07-22
xtra99.com	17843	2026-08-16
xxlmag.com	13677	2026-08-14
y-103.com	9705	2026-08-16
y100fm.com	7918	2026-08-15
y101.com	14290	2026-08-15
y101hits.com	10132	2026-08-16
y102montgomery.com	23003	2026-08-16
y105fm.com	41089	2026-08-16
y105music.com	26050	2026-08-15
y108.ca	8116	2026-08-16
y94.com	37281	2026-08-16
y95country.com	28938	2026-08-16
yachtsandyachting.com	30413	2026-08-16
yahoo.com	6394832	2026-08-16
yakimaherald.com	98946	2026-08-16
yaktrinews.com	8775	2023-06-26
yale.edu	11719	2026-08-14
yaledailynews.com	5862	2026-01-16
yalibnan.com	9341	2026-08-16
yambolnews.net	6474	2025-10-22
yanksgoyard.com	5532	2026-08-16
yankton.net	61118	2026-08-16
yardbarker.com	166239	2026-08-16
yasstribune.com.au	68855	2026-08-16
ycombinator.com	5921	2026-08-15
ydr.com	6710	2023-09-11
yellowhammernews.com	14097	2026-08-16
yen.com.gh	10134	2026-03-19
yenisafak.com	20714	2025-09-16
yeovilexpress.co.uk	58449	2023-06-08
yesweekly.com	10486	2026-08-13
yle.fi	17007	2026-08-14
yna.co.kr	6410	2026-03-12
ynaija.com	9124	2026-08-16
ynetnews.com	66653	2026-08-16
yorkdispatch.com	14408	2023-09-11
yorknewstimes.com	47536	2026-08-15
yorkpress.co.uk	169227	2026-08-16
yorkregion.com	12163	2026-08-16
yorkshireeveningpost.co.uk	26040	2025-01-23
yorkshirepost.co.uk	60971	2025-01-23
yorktonthisweek.com	42911	2021-07-29
youngwitness.com.au	19928	2026-08-13
youralaskalink.com	22552	2026-08-15
yourdemocracy.net	5602	2026-08-16
yourdemocracy.net.au	18983	2026-08-16
youredm.com	7476	2026-06-26
yourfortdodge.com	19782	2026-08-10
yourlocalguardian.co.uk	189562	2026-08-16
yourobserver.com	13482	2025-09-10
yoursourceone.com	81221	2026-08-16
yourstephenvilletx.com	5061	2026-08-09
yourstory.com	36278	2026-07-04
yourtango.com	48509	2026-08-16
yourthurrock.com	11048	2026-08-16
yovizag.com	6740	2026-08-15
ypradio.org	68027	2026-08-16
yubanet.com	8890	2026-08-15
yukon-news.com	6412	2026-08-16
yumasun.com	60330	2026-08-16
z100fm.com	5683	2026-08-14
z100missoula.com	14914	2026-08-16
z1023online.com	16975	2026-08-16
z103.fm	11188	2024-08-29
z1077fm.com	11212	2026-08-16
z937.com	21022	2026-08-16
z93jamz.com	16814	2026-08-16
z94.com	26193	2026-08-16
z943radio.com	8741	2025-01-06
z96.com	10617	2026-08-16
zawya.com	199939	2026-08-16
zazoom.it	10633	2026-08-03
zdnet.com	40751	2026-08-15
zerohedge.com	133905	2026-08-16
zfenglish.com	40547	2026-08-14
ziarelive.ro	5451	2024-08-01
zigwheels.com	20914	2026-08-16
zimbabwesituation.com	15654	2026-07-20
zimbabwestar.com	53304	2026-08-16
zimeye.net	10511	2026-08-11
zizonline.com	6692	2026-08-15
zmescience.com	13392	2026-08-14
znsbahamas.com	5875	2026-08-14
zodiakmalawi.com	6771	2026-08-11
zonebourse.com	6769	2026-05-15
zrock103.com	9068	2026-08-16
zululandobserver.co.za	18680	2023-08-31
