1005freshradio.ca	8946	2026-07-18
1009theeagle.com	11637	2026-07-29
1010wcsi.com	7307	2025-08-27
1011now.com	33027	2026-08-02
1015hankfm.com	9175	2025-07-28
1015thehawk.com	10170	2026-03-23
1015vibe.com	8261	2026-08-01
1019thebeatfm.com	9206	2025-05-15
1019thekeg.com	26327	2026-05-12
1019therock.com	25371	2026-08-02
1021thefox.com	9174	2026-08-02
1023thebullfm.com	17945	2026-07-01
1023thewolf.com	8196	2026-07-24
1025kiss.com	37220	2026-08-01
1025wowcountry.com	7431	2026-07-30
1027kord.com	32787	2026-08-02
1027thevibe.com	7731	2026-08-02
102thebear.com	6060	2026-08-02
1031freshradio.ca	8923	2026-07-22
1033theeagle.com	6652	2026-07-21
1033wvyb.com	8611	2026-07-31
1035kissfmboise.com	24757	2026-08-02
1035theeagle.com	9324	2026-07-29
1037theloon.com	27395	2026-08-02
1039wvbo.com	27421	2026-08-02
103gbfrocks.com	36009	2026-08-02
103kkcn.com	19242	2026-08-01
103weup.com	9902	2026-08-02
103wjod.com	23446	2026-08-02
1041wdlt.com	9437	2026-08-02
1043freshradio.ca	8348	2026-06-29
1043theparty.com	7292	2026-08-01
1045bobfm.com	5391	2024-09-10
1045freshradio.ca	7537	2026-07-28
1045theteam.com	22738	2026-07-31
1045thezone.com	29996	2026-08-02
1045wjjk.com	5794	2026-08-02
1049maxcountry.com	8001	2021-04-15
1049nashicon.com	5844	2026-08-02
1049thebeat.com	17795	2026-08-02
1049theedge.com	7670	2023-01-13
1049thewolf.com	15846	2026-08-02
104thehawk.com	10924	2026-08-02
1050talk.com	7314	2020-02-18
1053hotfm.com	5990	2026-08-02
1055thehawk.com	6159	2024-06-16
1057thehawk.com	55777	2026-08-02
1057thepoint.com	15825	2026-08-01
1057thex.com	9228	2026-08-02
1059thehog.com	9298	2026-06-27
1063cowboycountry.com	6354	2021-01-15
1063thebuzz.com	30831	2026-08-02
1063thegroove.com	7819	2026-08-02
1065thearch.com	11929	2026-08-01
1065thebuzz.com	15626	2026-08-02
1069morefm.com	6042	2022-09-07
1073modfm.com	24943	2026-06-09
1073theeagle.com	9161	2026-07-31
1073wsjy.com	5991	2025-11-22
1075daverocks.com	7748	2026-07-20
1075koolfm.com	7635	2026-07-31
1075thegame.com	41056	2026-08-02
1075zoofm.com	8459	2022-07-07
1077thebone.com	7115	2026-07-31
1079ishot.com	47886	2026-08-02
107jamz.com	17471	2026-08-01
1090kaay.com	19737	2026-08-02
10news.com	96947	2026-08-02
10tv.com	62651	2026-06-25
1150kknw.com	5696	2026-08-02
1170kfaq.com	5326	2020-05-08
11alive.com	76527	2026-06-06
1280wnam.com	22183	2026-02-02
1290wlby.com	38434	2026-08-02
12news.com	62356	2026-06-26
12newsnow.com	54381	2026-06-06
12onyourside.com	12696	2026-08-02
1310kfka.com	13801	2026-07-31
1310news.com	29075	2020-12-03
1350kman.com	15705	2026-08-02
1370wfea.com	8576	2026-07-31
1380kcim.com	8887	2026-03-18
13abc.com	29344	2026-08-02
13newsnow.com	73852	2026-06-06
13wham.com	41001	2026-08-02
13wmaz.com	59415	2026-06-06
1470kyyw.com	8934	2026-08-02
1470wmbd.com	10508	2023-03-10
1490wosh.com	81693	2026-08-02
14news.com	40549	2026-08-02
1520theticket.com	53163	2026-06-29
1590walg.com	17537	2020-08-26
1630kcjj.com	13920	2026-07-31
1660thefan.com	10612	2020-12-04
1prime.biz	32781	2023-12-29
247sports.com	6960	2023-02-02
247wallst.com	16172	2026-08-02
27east.com	7838	2026-08-02
29news.com	10621	2026-08-02
2ec.com.au	5179	2026-08-02
2gb.com	31514	2026-08-02
2hd.com.au	5912	2024-12-18
2lt.com.au	15660	2026-08-02
2merkato.com	5184	2026-08-02
2news.com	81388	2026-08-02
2nm.com.au	5124	2026-08-02
2paragraphs.com	14419	2026-08-02
360cities.net	23862	2026-06-04
360nobs.com	5978	2020-10-03
3aw.com.au	19316	2026-08-02
3blmedia.com	8166	2026-07-31
3quarksdaily.com	9653	2026-05-24
4029tv.com	64967	2026-08-02
411mania.com	105251	2025-11-29
41nbc.com	26461	2026-08-01
4bc.com.au	27779	2026-08-02
4ni.co.uk	13814	2026-08-02
51.ca	7465	2026-08-01
5280.com	5590	2026-08-02
560cfos.ca	11980	2025-07-31
570news.com	56393	2021-10-17
5newsonline.com	51740	2026-06-06
5tjt.com	10304	2026-06-04
6000.co.za	5201	2026-08-02
620ckrm.com	25891	2026-08-02
640wxsm.com	68106	2026-08-02
660wxqw.com	20062	2025-06-14
680kfeq.com	13560	2026-07-31
680news.com	113457	2021-10-17
6abc.com	60722	2026-08-02
6pr.com.au	10565	2026-08-02
702.co.za	24442	2024-01-15
710keel.com	25928	2026-08-01
730ckdm.com	6511	2026-08-02
740thefan.com	28288	2026-08-02
790business.com	41914	2022-08-10
790wpic.com	61852	2026-07-20
7news.com.au	5070	2026-03-12
7newsbelize.com	37884	2026-08-01
7thspace.com	39838	2024-09-15
850wftl.com	18211	2026-05-06
895thelake.ca	8534	2023-11-21
90min.com	58926	2025-09-29
915thebeat.com	8645	2026-06-29
919thebend.ca	10859	2026-02-10
91x.fm	5235	2026-07-08
921theticket.com	85754	2026-08-02
921wrou.com	25341	2026-07-20
927thedrive.net	19637	2026-07-31
927thevan.com	17679	2026-08-02
929nin.com	47134	2026-08-01
929peakfm.com	13735	2026-08-02
929thebull.com	30947	2026-08-02
929thelake.com	30447	2026-08-01
929theticket.com	9341	2026-08-02
929zzu.com	8779	2026-08-02
92moose.fm	28943	2026-08-01
92q.com	17079	2026-08-02
92qnashville.com	10440	2026-08-02
931coast.com	6695	2026-07-31
931freshradio.ca	8084	2026-07-26
931kmkt.com	18242	2026-07-07
931thebeat.com	9137	2026-08-02
931theborder.ca	8735	2025-09-08
933nashicon.com	5744	2026-08-02
933thedrive.com	37869	2026-08-02
937kclb.com	9650	2026-07-22
937kcountry.com	5127	2026-07-31
937nashicon.com	7073	2025-03-17
937theeagle.com	5807	2026-07-30
93q.com	19354	2026-08-02
93x.com	5475	2026-08-02
940wfaw.com	27438	2024-10-06
941theduke.com	7607	2026-07-24
943jackfm.com	22744	2026-07-31
943thepoint.com	56901	2026-08-02
945thehawkradio.com	5902	2026-08-02
945themoose.com	8676	2026-07-31
947wls.com	5706	2026-07-29
949whom.com	28662	2026-07-31
951kbby.com	8838	2026-08-02
953thebear.com	30838	2026-08-02
953thescore.com	60268	2026-08-02
955glo.com	8985	2026-08-02
955wtvy.com	5988	2026-07-31
959kissfm.com	12289	2026-08-01
95kqds.com	9632	2026-07-31
95rockfm.com	31287	2026-08-02
95sx.com	10287	2026-08-02
961jamz.com	8861	2026-08-02
961theeagle.com	34338	2026-08-02
963jackfm.com	8470	2026-08-02
963kklz.com	16650	2026-08-02
963theblaze.com	27544	2026-08-02
963wdvd.com	5192	2026-07-20
963xke.com	6156	2026-08-01
965bobfm.com	7279	2024-08-08
965kvki.com	39177	2026-08-02
965therock.com	20100	2026-08-01
967theeagle.net	32308	2026-08-02
969therock.com	14907	2026-07-22
96fm.ie	5755	2026-07-31
96kzel.com	9060	2026-08-02
971kissfm.com	5102	2022-09-16
973thedawg.com	45897	2026-08-02
975kgkl.com	21381	2026-08-01
975klak.com	6919	2020-05-30
975now.com	34637	2026-08-01
975thevibe.com	22557	2026-08-02
975wabd.com	10985	2026-08-02
977thebay.com	6040	2026-08-01
977theriver.com	12897	2025-05-26
979kickfm.com	31794	2026-08-02
979nashicon.com	5470	2026-08-02
979x.com	10378	2026-08-02
97rockonline.com	33060	2026-08-02
97x.com	22029	2026-07-31
97xonline.com	7848	2026-08-01
97zokonline.com	38480	2026-08-02
980waav.com	77006	2026-08-02
981thehawk.com	35625	2026-08-02
981themax.com	9213	2026-08-02
983nashicon.com	5909	2026-08-02
983thecoast.com	34929	2026-07-27
983thesnake.com	21438	2026-08-02
983wlcs.com	6154	2026-07-27
985kissfm.net	6047	2026-08-02
985thebull.com	12687	2026-07-13
987jack.com	23476	2026-08-02
987thebomb.com	6514	2026-07-31
987thebull.com	11549	2026-07-27
989magicfm.com	10440	2026-08-02
989xfm.ca	5621	2026-07-31
98cool.ca	10980	2026-08-02
98fm.com	14156	2026-07-31
98kupd.com	9116	2026-08-02
98q.com	7005	2026-07-31
98rocks.fm	18117	2026-07-21
98theticket.com	15783	2021-01-15
991thewhale.com	32293	2026-08-02
993kjoy.com	9665	2026-08-02
993thex.com	6073	2026-07-24
995qyk.com	21007	2026-08-02
995thewolf.com	7187	2026-07-31
997wtn.com	79228	2026-07-20
999ktdy.com	35495	2026-08-02
999thefoxrocks.com	7161	2026-08-02
999thepoint.com	26965	2026-08-02
99jamzmiami.com	5301	2026-08-01
9and10news.com	60988	2026-08-02
9news.com	62857	2026-06-05
9news.com.au	107292	2026-05-31
9thlevel.ie	8248	2025-12-04
9to5mac.com	21422	2026-08-02
aa.com.tr	86588	2026-08-02
aaj.tv	6866	2025-10-27
aarp.org	13918	2026-07-31
aawsat.com	122961	2026-08-02
abajournal.com	10640	2026-08-01
abbynews.com	32573	2026-08-02
abc-7.com	25368	2025-02-05
abc.net.au	193557	2026-08-02
abc10.com	72693	2026-06-25
abc11.com	76652	2026-08-02
abc12.com	35987	2026-08-02
abc13.com	84619	2026-08-02
abc15.com	54332	2026-08-02
abc17news.com	107233	2026-08-02
abc23.com	10376	2026-08-01
abc30.com	67322	2026-08-02
abc3340.com	40924	2026-08-02
abc57.com	58304	2026-08-02
abc6.com	10148	2026-01-23
abc6onyourside.com	40130	2026-08-02
abc7.com	70583	2026-08-02
abc7amarillo.com	32055	2026-08-02
abc7chicago.com	97883	2026-08-02
abc7news.com	76762	2026-08-02
abc7ny.com	83944	2026-08-02
abcactionnews.com	47042	2025-08-18
abcaudio.com	5535	2026-06-09
abccolumbia.com	41096	2026-08-02
abcfoxmontana.com	10097	2020-03-03
abcnews.com	15674	2026-08-02
abcnews4.com	46714	2026-08-02
abcnewsradioonline.com	21946	2021-04-12
abebooks.co.uk	5398	2023-12-06
aberdeennews.com	16891	2023-09-11
abnnewswire.net	7302	2026-07-31
aboutmyarea.co.uk	7782	2026-06-14
abovethelaw.com	27497	2026-08-01
abplive.com	7280	2026-03-17
abqjournal.com	85706	2026-08-02
abs-cbn.com	45218	2025-02-12
abstvradio.com	8718	2026-08-02
accesswdun.com	132647	2026-05-26
accountantsdaily.com.au	6779	2026-08-02
accountingtoday.com	18756	2026-07-31
aceshowbiz.com	109277	2026-08-02
ack.net	7141	2026-08-01
acm.org	8233	2025-11-11
acrofan.com	16721	2024-06-05
acs.org	8375	2026-07-31
actionforex.com	42327	2026-08-01
actionnews5.com	20450	2026-08-02
actionnewsjax.com	42151	2026-08-02
actionnewsnow.com	17223	2026-03-19
actmedia.eu	16798	2026-07-31
actuarialpost.co.uk	6488	2026-07-31
adage.com	9059	2026-07-23
adb.org	5234	2026-07-30
adelaidenow.com.au	56534	2024-07-27
adgully.com	76752	2026-08-01
adirondackdailyenterprise.com	16924	2026-04-13
adn.com	46440	2026-08-02
adnews.com.au	11390	2026-07-31
adsoftheworld.com	7091	2022-05-07
advanced-television.com	16806	2026-07-31
advancedbiofuelsusa.info	14500	2023-07-26
advertiser.ie	5100	2026-07-30
advertisernewssouth.com	5192	2026-07-31
advisor.ca	10865	2026-07-14
advocate-news.com	17771	2026-08-02
advocate.com	8926	2026-08-02
advocateanddemocrat.com	29537	2026-08-02
adweek.com	31990	2026-07-31
aei.org	22800	2026-07-31
aero-news.net	93257	2026-08-02
aerospace-technology.com	5672	2024-11-14
aerotechnews.com	7723	2026-07-31
af.mil	23754	2025-02-27
afa.net	5050	2026-07-31
afaqs.com	13740	2026-08-02
afar.com	7536	2026-08-02
afghanislamicpress.com	5595	2026-08-02
afghanistannews.net	55222	2026-08-02
afghanistansun.com	51998	2026-08-02
afghanistantimes.af	5533	2022-02-18
afl.com.au	16634	2026-08-02
afloat.ie	22336	2026-07-08
afn.net	7605	2024-09-08
afr.com	151625	2026-08-02
afr.net	8131	2026-08-02
africa-newsroom.com	43688	2026-08-02
africa.com	24367	2026-08-02
africabusiness.com	6800	2026-07-30
africaintelligence.com	12168	2026-07-20
africaleader.com	99973	2026-08-02
african.business	13985	2025-12-02
africanews.com	45256	2026-08-02
africanexaminer.com	17773	2026-07-23
afro.com	8005	2026-08-02
afropages.fr	37473	2025-09-18
agassizharrisonobserver.com	41960	2026-08-02
agenda.ge	9624	2025-02-27
aginfo.net	23120	2026-08-02
agnews890.com	5708	2026-08-01
agreenliving.org	5844	2022-05-27
agri-pulse.com	6725	2026-08-02
agriculture.com	27864	2026-03-17
agriland.ie	45203	2026-01-13
agrinews-pubs.com	13150	2026-08-02
agupdate.com	17145	2026-07-30
agweek.com	12256	2026-08-01
agwired.com	8212	2026-08-02
ahram.org.eg	100049	2026-08-02
ai-cio.com	5392	2026-07-30
aidesep.org.pe	5933	2025-10-03
aikenstandard.com	5935	2023-06-19
ainonline.com	9968	2026-07-31
airdriecityview.com	43048	2025-01-23
airdrieecho.com	9184	2026-08-02
airdrietoday.com	18510	2023-05-11
airforce-technology.com	6901	2026-08-01
airforcetimes.com	9338	2026-08-01
airliners.net	10712	2026-04-23
airport-technology.com	6135	2026-07-23
ajc.com	73250	2026-08-01
ajmc.com	14664	2026-04-24
ajot.com	9978	2026-07-24
ajp.com.au	6333	2026-08-01
akp.gov.kh	23082	2026-08-02
akronnewsreporter.com	8464	2026-08-02
al-monitor.com	48634	2026-08-02
al.com	75487	2026-03-25
alabamanews.net	13758	2023-04-13
alabamawx.com	14666	2025-08-14
alamogordonews.com	6058	2026-07-30
alarabiya.net	20388	2025-12-05
alaraby.co.uk	8389	2022-11-16
alaska-native-news.com	8566	2026-08-02
alaskahighwaynews.ca	45396	2023-11-01
alaskapublic.org	8296	2026-08-01
alaskasnewssource.com	12032	2026-08-02
albanyherald.com	81229	2025-06-06
albawaba.com	71632	2026-08-02
alberta.ca	5500	2026-08-02
albuquerqueexpress.com	94089	2026-08-02
aldergrovestar.com	32322	2026-08-02
aldianews.com	8945	2026-07-31
aleteia.org	17939	2026-08-02
algemeiner.com	36690	2026-08-01
alice1077.com	10472	2026-08-02
alice965.com	14473	2026-07-18
alipac.us	32521	2026-08-02
aljazeera.com	120607	2026-08-02
allaboutthejersey.com	5344	2026-08-01
allaccess.com	12520	2024-11-05
allafrica.com	580051	2026-08-01
alleywatch.com	20984	2026-08-02
allhiphop.com	23478	2026-08-02
alligator.org	8736	2026-08-02
allkpop.com	61809	2026-08-02
allmediany.com	7207	2020-10-14
allthehitsb951.com	10228	2026-08-02
alltoc.com	8831	2026-04-15
allure.com	6818	2026-08-01
almanacnews.com	11954	2026-08-02
almanar.com.lb	11558	2026-01-24
almayadeen.net	5251	2025-01-26
alt1017.com	10060	2024-11-19
altaz933.com	7216	2026-08-01
alternet.org	31825	2026-08-02
altondailynews.com	9971	2021-06-21
altoonamirror.com	21768	2026-08-01
altpress.com	9018	2025-01-23
am-online.com	20323	2025-12-12
am1050.com	7241	2024-08-08
am1070theanswer.com	5920	2024-05-17
am1100theflag.com	18222	2026-06-10
am1590theanswer.com	6050	2022-07-01
am920theanswer.com	5919	2024-05-17
am9501007fm.com	27723	2026-06-08
am970theanswer.com	5919	2024-05-17
amarillo.com	9981	2023-09-11
amarillosrockstation.com	9177	2026-08-02
amarujala.com	148264	2026-06-15
amazinavenue.com	8595	2026-08-02
amazingmadison.com	26490	2026-07-31
amazonaws.com	35939	2026-07-19
americamagazine.org	14931	2026-07-31
americanbanker.com	26171	2026-07-31
americanbazaaronline.com	9078	2026-08-02
americanfreepress.net	10087	2026-06-11
americanisraelite.com	7048	2026-07-08
americanpress.com	27133	2026-08-02
americansongwriter.com	48333	2026-08-02
americanthinker.com	50740	2026-08-02
americantop40.com	13828	2026-08-01
amestrib.com	8559	2023-09-11
amherstbulletin.com	5109	2026-07-30
ammonnews.net	14000	2026-07-27
amny.com	20359	2026-08-02
amren.com	20540	2026-08-02
amsterdamnews.com	10062	2026-08-02
analystratings.com	5117	2021-04-29
anandabazar.com	12880	2023-08-22
ancient-origins.net	20218	2026-08-02
andhrawishesh.com	6851	2026-05-02
andina.pe	10818	2025-04-22
andoveradvertiser.co.uk	106264	2026-08-02
androidauthority.com	20513	2026-08-02
androidcentral.com	38405	2026-08-02
androidcommunity.com	6682	2022-02-03
androidheadlines.com	38407	2026-07-30
androidpolice.com	37656	2026-08-02
angelusnews.com	5336	2026-07-31
anglocelt.ie	46784	2026-08-02
angop.ao	7651	2025-01-03
anhuinews.com	17961	2026-07-31
animenewsnetwork.com	59865	2025-09-07
aninews.in	552271	2026-08-02
annistonstar.com	25908	2026-08-02
ansa.it	14689	2026-07-31
ansamed.info	9391	2023-03-13
antaranews.com	72965	2026-08-02
antigojournal.com	32768	2026-08-02
antiguaobserver.com	14257	2026-07-31
antiwar.com	22256	2026-08-02
antonyloewenstein.com	6708	2026-08-02
aol.co.uk	245027	2026-08-02
aol.com	277627	2026-08-02
ap.org	20431	2026-06-04
apartmenttherapy.com	14278	2026-04-26
apnews.com	386275	2025-03-05
app.com	16834	2023-09-11
app.com.pk	33134	2026-04-24
appeal-democrat.com	19446	2026-08-02
applevalleynewsnow.com	8958	2026-08-02
apr.org	32517	2026-08-02
aps.dz	13164	2026-08-02
aqha.com	5136	2026-03-27
arabherald.com	112015	2026-08-02
arabianbusiness.com	34763	2026-01-29
arabnews.com	166793	2026-08-02
arabtimesonline.com	47917	2026-08-02
araratadvertiser.com.au	23493	2026-08-01
archaeology.org	5578	2026-07-31
archdaily.com	83101	2026-08-02
archinect.com	42461	2026-08-02
architectsjournal.co.uk	18494	2026-07-31
architecturaldigest.com	8637	2026-08-02
architectureanddesign.com.au	19248	2026-07-31
archyde.com	14291	2025-01-27
ardmoreite.com	5643	2026-07-16
areadevelopment.com	6801	2026-08-01
areanews.com.au	49291	2026-08-02
argentinastar.com	36768	2026-08-02
argus-press.com	11534	2026-08-01
argusleader.com	11421	2023-09-10
argusmedia.com	7497	2026-07-31
argusobserver.com	14902	2026-08-02
argyllshireadvertiser.co.uk	5460	2024-01-25
ariananews.af	18721	2026-08-02
arirang.co.kr	11819	2022-10-11
arirang.com	11761	2022-10-11
arizona.edu	6948	2026-08-01
arizonadailyindependent.com	11788	2026-08-02
arka.am	10285	2026-08-02
arkansasbusiness.com	16124	2026-03-11
arkansasonline.com	170724	2026-08-02
arkansasrazorbacks.com	8262	2026-08-02
arktimes.com	20199	2026-08-01
arlnow.com	28080	2026-08-02
armenianweekly.com	6487	2026-08-02
armenpress.am	85985	2025-06-04
armidaleexpress.com.au	53358	2026-08-02
armstrongeconomics.com	10942	2026-08-01
army-technology.com	8510	2026-08-01
army.mil	5081	2026-06-18
armytimes.com	10051	2026-07-31
arn.ps	12886	2026-08-02
arnnet.com.au	18070	2026-07-31
arrowheadaddict.com	6543	2026-08-02
arrowheadpride.com	15038	2026-08-02
arsenal.com	14060	2026-07-22
arsenalnews.co.uk	59663	2026-08-02
arstechnica.com	14241	2026-08-01
artdaily.com	47705	2026-08-02
artemis.bm	6149	2026-07-31
artfixdaily.com	6664	2025-11-18
artforum.com	5047	2026-07-31
artnet.com	19074	2026-07-30
artnews.com	8966	2026-07-31
artsjournal.com	9729	2026-08-02
arynews.tv	30136	2026-08-02
as.com	10088	2026-03-19
asahi.com	44248	2026-08-02
asbarez.com	6735	2026-07-15
ashepostandtimes.com	13692	2026-08-02
ashleycountyledger.com	30464	2026-08-01
asiaasset.com	5992	2026-08-02
asiabulletin.com	97753	2026-08-02
asianage.com	35408	2026-08-02
asianews.it	14986	2026-07-09
asianews.network	27989	2026-07-31
asianimage.co.uk	82058	2026-08-02
asianjournal.com	11720	2026-08-02
asiaone.com	147981	2026-08-02
askmen.com	5934	2026-06-04
aspendailynews.com	49962	2026-08-02
aspenpublicradio.org	45897	2026-08-02
aspentimes.com	21173	2026-08-02
astanatimes.com	8985	2026-08-02
astroawani.com	7022	2025-11-17
astronomy.com	6180	2026-08-02
asurampage.com	6079	2026-08-01
at40.com	6095	2021-10-15
athens-times.com	105578	2026-07-26
athensmessenger.com	8883	2026-08-01
athensreview.com	18956	2026-07-29
athleticsnation.com	5414	2026-08-02
atholdailynews.com	20533	2026-08-02
atlantablackstar.com	28181	2026-06-04
atlantaleader.com	15764	2026-08-02
atlantanewsfirst.com	27686	2026-08-02
atlantic.ctvnews.ca	32788	2025-01-23
atlanticcouncil.org	8342	2026-07-31
attackofthefanboy.com	20621	2026-08-02
attitude.co.uk	7178	2026-08-02
atvtoday.co.uk	19457	2026-08-02
auburnpub.com	65329	2026-08-02
augustafreepress.com	38316	2026-08-02
austinchronicle.com	31298	2026-08-01
austinglobe.com	87035	2026-08-02
australianherald.com	38986	2026-08-02
australiannews.net	77551	2026-08-02
autoblog.com	23954	2026-06-28
autocarindia.com	20256	2026-08-02
autoconnectedcar.com	5825	2026-08-02
autoevolution.com	85876	2026-05-10
autoexpress.co.uk	16955	2026-08-02
autonews.com	18592	2026-06-18
autoremarketing.com	6068	2026-07-31
autospies.com	24332	2026-08-02
autoweek.com	13013	2026-08-02
avclub.com	26821	2026-05-14
avenuemail.in	19905	2026-07-28
averyjournal.com	11530	2026-08-02
avherald.com	5974	2026-08-02
aviationweek.com	20222	2026-07-31
avn.com	11784	2026-08-01
avondhupress.ie	5591	2026-08-02
avweb.com	7583	2026-07-31
awesome98.com	30114	2026-08-02
awfulannouncing.com	28860	2026-08-02
awn.com	8962	2026-08-01
axios.com	16472	2024-06-05
axisoflogic.com	6291	2022-07-23
axs.com	10667	2025-01-20
aysor.am	5388	2026-07-31
azbigmedia.com	13066	2026-08-02
azbusinessdaily.com	9052	2024-01-25
azcapitoltimes.com	7839	2026-07-31
azcardinals.com	5104	2026-08-02
azcentral.com	69880	2023-09-11
azdailysun.com	49409	2026-08-02
azerbaijannews.net	62770	2026-08-02
azernews.az	57509	2026-08-02
azertag.az	46217	2026-06-23
azfamily.com	50075	2026-08-02
azocleantech.com	8997	2026-07-31
azom.com	15585	2026-07-31
azonano.com	5796	2026-07-31
azorobotics.com	5032	2026-07-31
azpbs.org	6989	2026-07-30
azsnakepit.com	7226	2026-08-02
b100quadcities.com	29114	2026-08-02
b1027.com	28254	2026-08-02
b1039.com	17884	2026-04-17
b1047.com	5540	2026-08-02
b105country.com	15094	2026-07-31
b106fm.com	8730	2026-08-02
b92.net	11321	2026-07-19
b93.net	29518	2026-08-01
b93radio.com	17671	2026-08-02
b975.com	10986	2026-08-02
b97hawaii.com	6881	2026-07-30
b98.com	9788	2026-08-02
b985.com	11242	2026-08-02
b985.fm	32972	2026-08-02
b987.com	6170	2026-08-02
badlefthook.com	11661	2026-08-02
baguiomidlandcourier.com.ph	5491	2024-07-30
baidu.com	49404	2026-08-02
bainbridgereview.com	5279	2026-07-31
bakercityherald.com	7844	2026-08-02
bakersfield.com	94380	2026-08-02
bakersfieldnow.com	38228	2026-08-02
bakeryinfo.co.uk	5136	2025-09-05
balkaninsight.com	6888	2026-07-31
ballinaadvocate.com.au	34874	2021-04-28
balloon-juice.com	20047	2026-03-11
ballot-access.org	7238	2026-08-02
balls.ie	5034	2026-08-02
ballstatedaily.com	6910	2026-07-15
baltic-course.com	5550	2026-04-04
baltictimes.com	18220	2026-07-31
baltimorebeatdown.com	7215	2026-08-02
baltimoreravens.com	8714	2026-08-02
baltimorestar.com	99952	2026-08-02
baltimoresun.com	136751	2026-08-02
bamsmackpow.com	6137	2026-08-02
banana1015.com	28893	2026-08-02
banburycake.co.uk	41634	2023-03-07
banburyguardian.co.uk	14854	2025-01-23
bandt.com.au	18609	2026-07-31
bangkokpost.com	149965	2026-08-02
bangladeshinfo.com	12248	2025-06-14
bangladeshsun.com	68195	2026-08-02
banglamirrornews.com	23689	2026-06-08
banglanews24.com	5026	2025-10-28
bangordailynews.com	52736	2026-08-02
bankerandtradesman.com	13505	2026-08-02
bankinfosecurity.com	15793	2026-08-01
bankingnews.gr	6105	2026-08-02
banklesstimes.com	11479	2026-07-31
banksnews.gr	10591	2025-07-24
baptistnews.com	7197	2026-07-31
barandbench.com	33865	2026-08-02
barbadostoday.bb	41351	2026-08-02
barcablaugranes.com	17340	2026-08-02
baristanet.com	5189	2023-08-22
barnsleychronicle.com	5523	2025-10-16
barrie.ctvnews.ca	20049	2025-01-23
barrons.com	76655	2026-06-18
barryanddistrictnews.co.uk	92688	2026-08-02
bartlesvilleradio.com	38909	2026-08-01
basildonstandard.co.uk	30362	2021-03-11
basingstokegazette.co.uk	112795	2026-08-02
bassresource.com	5177	2025-04-17
batemansbaypost.com.au	71381	2026-08-02
batonrougepost.com	48271	2026-08-02
baxterbulletin.com	9337	2026-08-01
bay939.com.au	5807	2026-08-02
baylorlariat.com	6002	2026-06-23
baynews9.com	8081	2026-08-02
bayshorebroadcasting.ca	14257	2026-08-02
baystreet.ca	37999	2026-08-01
baytownsun.com	19199	2026-08-01
bbc.co.uk	340690	2026-08-02
bbc.com	214156	2026-08-02
bbj.hu	9401	2025-10-20
bc.ctvnews.ca	35669	2025-01-23
bcdemocrat.com	7924	2025-07-02
bchomez.com	35967	2026-07-24
bclocalnews.com	7159	2020-04-07
bctv.org	5440	2026-07-31
bdnews24.com	65821	2025-11-13
bdonline.co.uk	9209	2025-09-05
bdtonline.com	60734	2026-08-02
beach951.com	16496	2026-08-01
bear104.com	13503	2026-08-02
bearingarms.com	20398	2026-08-02
beat.com.au	16527	2026-06-04
beat102103.com	8455	2026-08-02
beatricedailysun.com	52330	2026-08-02
beaufortcountynow.com	16291	2026-08-02
beaumontenterprise.com	67505	2025-11-18
beaver1003.com	8512	2026-07-31
beckersasc.com	11332	2026-08-01
beckershospitalreview.com	27729	2026-08-01
beckersspine.com	7564	2026-08-01
bedfordgazette.com	18506	2026-08-02
bedfordtoday.co.uk	15205	2025-01-23
beefmagazine.com	5014	2025-01-01
begadistrictnews.com.au	60746	2026-08-02
behindthesteelcurtain.com	17161	2026-08-02
beijingbulletin.com	110846	2026-08-02
belfastlive.co.uk	107720	2026-08-02
belfasttelegraph.co.uk	131950	2026-02-16
belgrade-news.com	5920	2026-08-02
bellanaija.com	11432	2026-08-02
belmondnews.com	5764	2026-01-26
beloitdailynews.com	36424	2026-08-01
bemidjipioneer.com	38567	2026-08-02
benarnews.org	5320	2025-09-02
bendbulletin.com	50416	2026-08-02
bendigoadvertiser.com.au	65790	2026-08-02
bendsource.com	13784	2026-08-02
benefitscanada.com	7102	2026-07-31
beniciaindependent.com	5313	2026-08-01
benningtonbanner.com	47260	2026-08-02
benzinga.com	341733	2026-08-02
berkeley.edu	5393	2026-08-01
berkshireeagle.com	71255	2026-08-02
berksmontnews.com	5896	2021-08-26
bernama.com	21124	2026-03-19
bernews.com	28492	2026-08-02
bestmediainfo.com	24306	2026-08-02
bet.com	21763	2026-07-31
betakit.com	6592	2026-07-31
betanews.com	14454	2026-01-15
bethesdamagazine.com	10058	2026-07-31
bevnet.com	19188	2026-07-03
bexhillobserver.net	5028	2022-02-09
bfi.org.uk	5036	2026-07-31
bgdailynews.com	66541	2026-08-02
bgnes.com	8098	2026-08-02
bgr.com	28183	2026-08-02
bgr.in	20873	2023-01-29
bhaskar.com	5180	2026-07-30
bhg.com	12912	2026-03-17
bhpioneer.com	33822	2026-08-02
bianet.org	17699	2026-08-02
biblestudytools.com	5919	2026-07-31
bicesteradvertiser.net	126161	2026-08-02
big104fm.com	7579	2026-04-24
bigblueview.com	17494	2026-08-02
bigcountry1073.com	5820	2026-08-02
bigcountry969.com	24367	2026-08-02
bigcountry995.com	50899	2026-06-30
bigfrog104.com	36080	2026-08-02
biggleswadetoday.co.uk	9031	2025-01-23
bigislandnow.com	9773	2026-08-02
bigissue.com	10100	2026-07-31
bignewsnetwork.com	871176	2026-08-02
bigoven.com	10191	2026-08-02
bigrigs.com.au	10236	2026-06-25
bigtakeover.com	5244	2025-08-22
bikebiz.com	5904	2026-07-31
bikeportland.org	6561	2026-07-24
bikeradar.com	7924	2026-08-02
bilkulonline.com	9269	2026-08-02
billboard.com	78153	2026-08-02
billingsgazette.com	78721	2026-08-02
billoreilly.com	13089	2026-07-15
binnews.com	24653	2026-08-01
biodiversitylibrary.org	16519	2026-02-24
biofuelsdigest.com	15476	2025-01-23
biomassmagazine.com	8935	2026-07-31
biometricupdate.com	15405	2026-08-01
biopharmadive.com	7257	2026-07-31
bioprepwatch.com	17621	2026-04-10
biospace.com	7263	2026-02-19
biospectrumindia.com	13694	2026-06-05
birminghammail.co.uk	301312	2026-08-02
birminghamstar.com	25938	2026-08-02
birminghamtimes.com	7683	2026-08-01
bismarcktribune.com	61933	2026-08-02
bizcommunity.com	67269	2026-08-01
bizenglish.adaderana.lk	6999	2026-02-24
bizjournals.com	49218	2022-06-19
biznews.com	18071	2026-08-02
bizpacreview.com	42842	2023-09-06
biztimes.com	15402	2026-08-01
biztoc.com	1997950	2026-01-16
bizwest.com	12153	2026-08-02
bjpenn.com	32005	2026-08-02
bjreview.com	30945	2026-08-01
bjreview.com.cn	17594	2026-07-31
bkreader.com	7995	2026-08-02
blabbermouth.net	16071	2026-07-30
blackamericaweb.com	15055	2026-08-01
blackandteal.com	6218	2026-08-02
blackenterprise.com	37869	2026-08-02
blackhillsfox.com	13340	2024-07-01
blacklistednews.com	9929	2024-08-07
blackpoolgazette.co.uk	23696	2025-01-23
blackseagrain.net	7057	2022-02-09
blayneychronicle.com.au	52369	2026-08-02
blazersedge.com	12666	2026-08-02
blazin1023.com	6101	2026-08-02
bleachernation.com	41095	2025-03-05
bleacherreport.com	64253	2026-08-02
bleedcubbieblue.com	14630	2026-08-02
bleedingcool.com	110812	2026-08-02
bleedinggreennation.com	12107	2026-08-02
blessyouboys.com	6132	2026-08-02
blingee.com	5682	2024-06-04
blockislandtimes.com	5510	2026-07-31
bloggingdirty.com	5819	2026-08-02
bloggingtheboys.com	20207	2026-08-02
blogherald.com	5719	2026-08-01
blogspot.com	5350	2026-08-02
blogto.com	32346	2026-07-14
bloodhorse.com	32005	2026-08-02
bloodyelbow.com	28845	2025-10-06
blooloop.com	11733	2026-07-31
bloomberg.com	168406	2026-06-22
bloombergquint.com	20998	2022-05-05
bluebirdbanter.com	6125	2026-08-02
bluemountaineagle.com	23895	2026-08-01
bluemountainsgazette.com.au	61554	2026-08-02
bluenc.com	5047	2026-06-30
blueprint.ng	90192	2026-08-02
blueridgenow.com	8748	2023-09-11
blueshirtbanter.com	5250	2026-08-02
blufftonicon.com	12225	2026-08-02
bmj.com	33556	2025-11-26
bmmagazine.co.uk	8751	2026-08-02
bmwblog.com	9657	2026-08-02
bnamericas.com	16560	2026-03-31
bnd.com	5862	2024-07-27
bnn-news.com	13493	2026-07-31
bnnbloomberg.ca	257306	2026-08-02
bobfm.co.uk	10049	2026-07-28
bocanewsnow.com	5910	2026-08-02
boersennews.de	6898	2026-07-31
bognor.co.uk	5973	2022-02-10
boingboing.net	31767	2026-08-02
boisestatepublicradio.org	34943	2026-08-02
bold.dk	10135	2026-07-29
bolivarmonews.com	5195	2026-07-29
bollywoodhungama.com	50332	2026-08-02
bollywoodlife.com	8083	2026-02-16
bollywoodmantra.com	5165	2023-06-01
bolnews.com	8267	2025-12-08
bonappetit.com	6405	2026-08-02
bondbuyer.com	14695	2026-08-01
boom1019.com	6593	2026-07-28
boom997.com	6626	2026-06-23
boorowanewsonline.com.au	17521	2026-07-31
boothbayregister.com	32015	2026-08-02
bordermail.com.au	98247	2026-08-02
bordertelegraph.com	97135	2026-08-02
borderwatch.com.au	7562	2026-05-05
boredpanda.com	386061	2026-08-02
borehamwoodtimes.co.uk	112714	2026-08-02
borgenproject.org	5567	2026-07-28
borneobulletin.com.bn	79107	2025-04-28
boston.com	66200	2026-08-02
bostonglobe.com	145704	2026-08-02
bostonherald.com	59015	2026-08-02
bostonstar.com	109435	2026-08-02
bournemouthecho.co.uk	163275	2026-08-02
bowenislandundercurrent.com	61387	2025-09-05
boxden.com	78610	2024-10-17
boxinginsider.com	5616	2026-08-02
boxingnews24.com	12627	2026-07-17
boxingnewsonline.net	11356	2026-08-02
bozemandailychronicle.com	158494	2026-08-02
bozemanskissfm.com	14955	2026-08-02
bozone.com	14225	2026-08-02
bpr.org	23840	2023-01-31
bracknellnews.co.uk	101239	2026-08-02
bradfordera.com	74017	2026-08-02
braidwoodtimes.com.au	51893	2026-08-02
brainerddispatch.com	57365	2026-08-02
braintreeandwithamtimes.co.uk	134583	2026-08-02
bramptonguardian.com	12650	2026-08-02
brandonsun.com	68189	2026-08-02
bransontrilakesnews.com	46661	2026-08-01
brantfordexpositor.ca	43448	2026-08-02
bravenewcoin.com	10360	2026-08-02
bravotv.com	9739	2026-08-02
brazilsun.com	50276	2026-08-02
breakingbelizenews.com	7788	2026-03-19
breakingdefense.com	13588	2026-07-31
breakingnews.ie	106632	2026-08-02
breakingtravelnews.com	13060	2023-08-26
brecorder.com	74251	2026-02-23
breitbart.com	290448	2026-08-02
brentwoodlive.co.uk	113568	2026-08-02
bridgemi.com	11031	2026-07-31
bridgwatermercury.co.uk	97363	2026-08-02
bridportnews.co.uk	103379	2026-08-02
briefingwire.com	80740	2026-08-02
brightonandhovenews.org	10581	2026-08-02
brightontoday.ca	9004	2026-08-02
brightsideofthesun.com	8608	2026-08-02
bringmethenews.com	15509	2023-09-18
brisbanetimes.com.au	236559	2026-08-02
bristol247.com	10749	2025-11-19
bristolpost.co.uk	128526	2026-08-02
britainnews.net	66386	2026-08-02
britannica.com	21901	2025-11-12
broadbandtvnews.com	6237	2026-06-17
broadcastnow.co.uk	13529	2025-09-04
broadwayworld.com	55810	2026-05-08
brobible.com	14740	2026-08-02
brokernews.com.au	7204	2026-07-31
bromsgroveadvertiser.co.uk	109066	2026-08-02
bromsgrovestandard.co.uk	14844	2026-08-02
brookingsradio.com	22092	2026-07-29
brooklyneagle.com	14248	2026-08-01
brooklynpaper.com	8945	2026-08-02
brooklynvegan.com	36502	2026-08-02
broomfieldenterprise.com	12796	2026-08-02
browndailyherald.com	7371	2026-08-02
brownfieldagnews.com	10795	2026-07-31
brownsvilleherald.com	16485	2021-03-17
brownwoodnews.com	17604	2026-08-02
brudirect.com	25287	2026-08-02
bruneinews.net	77238	2026-08-02
bryantimes.com	56550	2026-08-02
bssnews.net	153972	2026-08-02
bu.edu	6136	2026-07-31
bubblear.com	10859	2026-08-02
buccaneers.com	6431	2026-08-02
buckscountycouriertimes.com	10343	2023-01-24
bucksfreepress.co.uk	121318	2026-08-02
bucksherald.co.uk	12536	2025-01-23
bucksinsider.com	8574	2026-08-02
bucyrustelegraphforum.com	5927	2023-09-11
budapesttimes.hu	10546	2026-08-02
buenosairesherald.com	5286	2026-08-02
buffalobulletin.com	11399	2026-08-01
buffalonews.com	138674	2026-08-02
buffalorising.com	5912	2026-08-01
buildersmerchantsnews.co.uk	5536	2026-07-31
building.co.uk	13478	2025-09-05
bulawayo24.com	61034	2026-08-01
bulgariagazette.com	6870	2025-09-26
bulletsforever.com	7163	2026-08-01
bunburymail.com.au	103343	2026-08-02
bundesliga.com	7579	2026-08-02
burlingtoncountytimes.com	11222	2023-09-11
burlingtonfreepress.com	5470	2023-09-11
burnabynow.com	71750	2025-08-01
burnham-on-sea.com	16828	2026-08-02
burnhamandhighbridgeweeklynews.co.uk	94016	2026-08-02
burnleyexpress.net	21025	2025-01-23
burntorangenation.com	7138	2026-08-02
bursa.ro	5841	2026-08-02
burytimes.co.uk	159787	2026-08-02
business-humanrights.org	10731	2026-07-29
business-review.eu	17844	2026-08-01
business2community.com	14776	2026-07-31
businessdailyafrica.com	40704	2026-08-02
businessday.co.za	10541	2026-08-02
businessdayghana.com	7780	2026-08-02
businessden.com	5231	2026-07-31
businessghana.com	144766	2026-08-02
businessgreen.com	18293	2026-07-17
businessincameroon.com	6633	2026-08-01
businessinsider.co.za	8106	2023-02-28
businessinsider.com	347274	2026-08-02
businessinsider.com.au	24044	2023-10-12
businessinsider.in	71647	2025-01-13
businessinsurance.com	9649	2026-07-31
businesslive.co.za	10121	2025-10-13
businessmirror.com.ph	121961	2025-05-14
businessnorth.com	9295	2026-08-02
businessoffashion.com	15909	2026-06-29
businesspost.ie	34650	2026-08-02
businessrecord.com	20810	2024-01-04
businessreport.com	7833	2026-07-31
businesstech.co.za	9105	2022-09-28
businesstimes.com.sg	77412	2026-08-02
businesstoday.in	165598	2026-08-02
businesstraveller.com	10762	2025-01-23
businesstravelnewseurope.com	7049	2026-04-06
businesswire.com	90653	2023-04-18
businesswireindia.com	12266	2026-05-18
businessworld.in	33533	2026-07-15
busseltonmail.com.au	44472	2026-07-27
butlereagle.com	56765	2026-08-02
buxtonadvertiser.co.uk	12680	2025-01-23
buzzfeed.com	86641	2026-08-02
buzzfeednews.com	7389	2026-01-01
bwog.com	16075	2026-07-31
bworldonline.com	87197	2026-08-02
bxr.com	9077	2026-08-02
byronnews.com.au	34848	2021-04-28
byu.edu	6000	2026-07-15
c-mw.net	6272	2026-07-31
c21media.net	26193	2026-07-31
cachevalleydaily.com	17363	2026-08-02
cadforum.cz	13504	2026-08-02
cadillacnews.com	32097	2026-08-02
cagesideseats.com	41769	2026-08-02
cagle.com	21449	2025-01-23
cairnspost.com.au	242812	2026-08-02
cairoscene.com	22165	2026-08-02
caixinglobal.com	24303	2026-06-08
cajnewsafrica.com	6518	2026-07-31
cajunradio.com	15762	2026-07-31
calaverasenterprise.com	5007	2026-07-31
calcoastnews.com	8403	2026-08-02
calculatedriskblog.com	14512	2026-01-12
calcuttanews.net	158951	2026-08-02
caledoncitizen.com	5834	2026-07-30
caledonenterprise.com	5439	2026-08-02
caledoniacourier.com	26104	2026-08-02
caledonianrecord.com	173552	2026-08-02
calgary.ctvnews.ca	30489	2025-01-23
calgaryherald.com	50472	2026-08-02
calgarysun.com	71182	2026-08-02
californianewswire.com	7880	2026-07-31
californiatelegraph.com	148448	2026-08-02
caller.com	7121	2023-09-11
callnewspapers.com	5376	2026-07-30
cambodiantimes.com	148558	2026-08-02
cambrian-news.co.uk	20303	2026-08-02
cambridge-news.co.uk	74368	2026-08-02
cambridge.org	7026	2026-03-01
cambridgetimes.ca	9393	2026-08-02
cambstimes.co.uk	38939	2026-08-02
camdencourier.com.au	50887	2026-08-02
cameroon-tribune.cm	14387	2026-08-02
campaignasia.com	8389	2026-07-31
campaignbrief.com	14265	2026-08-02
campaignindia.in	10101	2026-08-02
campaignlive.co.uk	25984	2026-06-25
campaignseries.co.uk	10186	2023-02-07
campbellrivermirror.com	31665	2026-08-02
campbeltowncourier.co.uk	5717	2024-01-25
campusreform.org	7013	2026-01-05
canada.com	38448	2026-08-02
canadafreepress.com	33147	2025-07-27
canadiancattlemen.ca	6466	2026-08-02
canadianinquirer.net	16086	2026-08-02
canadianlawyermag.com	6419	2026-07-31
canadianmanufacturing.com	8948	2026-08-01
canadianminingjournal.com	9515	2026-07-31
canadianreviewer.com	8959	2026-07-30
canadianunderwriter.ca	6526	2026-07-14
canberratimes.com.au	120899	2026-08-02
cancertherapyadvisor.com	7468	2026-07-31
candgnews.com	14225	2026-07-31
canindia.com	45226	2025-11-20
canoncitydailyrecord.com	26241	2026-08-02
canowindranews.com.au	25736	2024-09-09
cantechletter.com	20754	2026-05-12
cantondailyledger.com	5834	2023-09-10
cantonrep.com	17009	2023-09-11
canyon-news.com	11559	2026-08-01
capeandislands.org	39612	2026-08-02
capebretonpost.com	23307	2020-11-12
capecod.com	12988	2026-08-02
capecodtimes.com	12400	2023-09-11
capegazette.com	20535	2026-01-06
capenews.net	14473	2026-08-02
capetalk.co.za	25547	2024-01-15
capitalethiopia.com	14665	2026-08-02
capitalfm.co.ke	57451	2026-06-15
capitalfm.com	9905	2026-08-01
capitalgazette.com	79448	2026-08-02
capitalpress.com	17328	2026-07-31
capitolfax.com	17474	2026-08-02
capitolhillseattle.com	5959	2026-02-16
capjournal.com	17494	2026-08-02
capradio.org	38691	2026-08-01
captivasanibel.com	12318	2026-07-31
carandbike.com	12268	2026-07-15
caranddriver.com	11282	2026-08-02
carbon-pulse.com	17777	2025-08-13
carbuzz.com	51377	2026-08-02
cardinalcourieronline.com	10292	2026-02-05
careerindia.com	9269	2026-06-26
caribbeanherald.com	60674	2026-08-02
caribjournal.com	6542	2026-08-02
carletonvilleherald.com	12062	2023-10-11
carlow-nationalist.ie	61261	2026-08-02
carlyleobserver.com	30710	2021-07-29
carmagazine.co.uk	5282	2026-07-31
carnegieendowment.org	5332	2026-07-30
carnewschina.com	6009	2026-08-02
carolinacoastonline.com	26589	2026-08-02
carolinajournal.com	10714	2026-07-31
carrollspaper.com	39658	2026-08-02
carscoops.com	52772	2026-08-02
carsguide.com.au	6540	2025-03-31
carsonnow.org	133999	2026-08-02
cartermatt.com	27960	2026-05-08
cartoonbrew.com	5073	2026-07-31
casino.org	6962	2026-08-01
castanet.net	188887	2023-11-21
castanetkamloops.net	72188	2026-08-02
castlegarsource.com	6177	2026-07-30
catcountry1029.com	17338	2026-08-02
catcountry1073.com	50663	2026-08-02
catholic.org	9621	2026-06-29
catholicculture.org	29205	2026-08-02
catholicnewsagency.com	11036	2026-01-23
catholicphilly.com	8658	2026-07-31
catholicregister.org	7434	2026-08-02
catholicworldreport.com	32679	2026-08-02
caughtoffside.com	49242	2026-08-02
cavalierdaily.com	9445	2026-08-02
cbc.bb	19666	2026-08-02
cbc.ca	372177	2026-08-02
cbn.com	24933	2026-08-02
cbr.com	25341	2023-10-27
cbs12.com	43772	2026-08-02
cbs19.tv	57735	2026-06-06
cbs2iowa.com	40569	2026-08-02
cbs46.com	9757	2022-03-01
cbs4indy.com	5543	2024-08-20
cbs4local.com	40484	2026-08-02
cbs58.com	75132	2026-08-02
cbs6albany.com	40173	2026-08-02
cbs7.com	10489	2024-08-12
cbs8.com	55118	2026-06-05
cbsnews.com	209717	2026-08-02
ccenterdispatch.com	18399	2026-03-06
ccm.net	10814	2025-04-02
cdapress.com	22878	2026-08-02
cdispatch.com	19231	2026-08-01
cecildaily.com	19013	2026-08-02
cedarnews.net	5062	2026-07-26
cei.int	6550	2026-08-02
celebdirtylaundry.com	48162	2026-08-02
celebuzz.com	5937	2026-06-26
cemnet.com	10882	2026-07-31
centralasiatimes.com	32528	2026-08-02
centralchronicle.com	29979	2026-03-24
centraljersey.com	19200	2025-05-26
centralmaine.com	97389	2026-08-02
centralmoinfo.com	31942	2026-08-02
centraltelegraph.com.au	20824	2020-06-29
centralwesterndaily.com.au	63275	2026-08-02
centreforaviation.com	24523	2026-08-02
cessnockadvertiser.com.au	59090	2026-08-02
cfnrfm.ca	9656	2026-07-09
cfox.com	10909	2026-07-27
cfr.org	7984	2026-08-02
cfweradio.ca	6739	2026-07-31
cgtn.com	15100	2025-08-27
chad.co.uk	20199	2025-01-23
chaffeecountytimes.com	8021	2026-07-31
chalkbeat.org	8205	2026-08-01
championnewspapers.com	6083	2026-08-02
channel3000.com	131190	2026-08-02
channel4.com	20247	2026-08-02
channel5belize.com	19313	2025-05-24
channelafrica.co.za	14008	2026-08-02
channeleye.co.uk	5515	2024-08-12
channelnewsasia.com	176670	2026-08-02
channelstv.com	88475	2026-08-02
channelweb.co.uk	5809	2025-04-17
chanute.com	28949	2026-08-01
chapelboro.com	20147	2026-06-24
chardandilminsternews.co.uk	94721	2026-08-02
charismamag.com	18512	2023-07-17
charismanews.com	12185	2025-08-02
charkoosta.com	6522	2026-08-01
charlestoncitypaper.com	8230	2026-08-02
charlotteobserver.com	9913	2024-07-31
charter97.org	70754	2026-03-02
chathamdailynews.ca	46922	2026-08-02
chathamstartribune.com	10779	2026-08-01
chathamthisweek.com	37069	2026-03-13
chattanoogan.com	81046	2026-08-02
chattooga1180.com	11894	2026-07-31
chch.com	21790	2026-08-02
cheatsheet.com	28644	2026-03-18
cheboygannews.com	5551	2023-09-10
cheknews.ca	18625	2026-08-02
chelmsfordweeklynews.co.uk	114451	2026-08-02
chemeurope.com	7847	2026-07-31
chennaionline.com	16806	2026-08-02
cherokeephoenix.org	8476	2026-08-02
chessbase.com	10238	2026-08-02
chesterstandard.co.uk	152700	2026-08-02
chiangraitimes.com	22959	2026-08-02
chicagobusiness.com	22332	2026-07-06
chicagocrusader.com	8278	2026-08-01
chicagonow.com	9019	2022-08-18
chicagotribune.com	159640	2026-08-02
chichester.co.uk	7095	2022-02-10
chickashanews.com	6092	2026-07-31
chicoer.com	23043	2026-08-02
chieftain.com	9189	2023-09-11
chilecomparte.cl	24453	2026-08-02
chimpreports.com	14574	2026-08-02
china.org.cn	183094	2026-08-02
chinadaily.com.cn	586079	2026-08-02
chinadailyhk.com	10481	2025-01-27
chinadigitaltimes.net	8017	2026-06-05
chinafile.com	8462	2026-07-31
chinamil.com.cn	21222	2026-08-02
chinanationalnews.com	150552	2026-08-02
chinatechnews.com	8701	2026-08-02
chinaview.cn	30639	2026-03-19
chinookobserver.com	7902	2026-08-02
chipchick.com	22849	2026-08-02
chippewa.com	57906	2026-08-01
chorleycitizen.co.uk	18568	2023-02-07
chortle.co.uk	17500	2026-08-02
chosun.com	17595	2024-09-12
chrisd.ca	7622	2026-08-02
christianitydaily.com	5089	2026-08-01
christianitytoday.com	10548	2026-08-01
christiannewswire.com	6475	2026-08-01
christianpost.com	71716	2026-08-02
christiantoday.com	5195	2026-08-02
chron.com	549721	2025-11-18
chronicle-tribune.com	10369	2026-08-01
chronicle.co.zw	47194	2025-01-23
chronicle.com	5109	2025-11-18
chronicle.gi	7306	2026-03-17
chronicle.lu	34325	2026-08-02
chroniclejournal.com	67812	2026-08-02
chroniclelive.co.uk	131759	2026-08-02
chronicleonline.com	74984	2026-08-02
chronicletimes.com	5565	2026-07-31
chronline.com	36137	2026-08-02
chronogram.com	7593	2026-08-02
chvnradio.com	25232	2026-08-02
cinaradio.com	5448	2026-08-02
cincinnati.com	30235	2024-10-21
cincinnatimagazine.com	5706	2026-08-01
cincinnatisun.com	43231	2026-08-02
cincyjungle.com	13968	2026-08-02
cinemablend.com	84195	2026-08-02
cineuropa.net	5310	2022-08-20
cineuropa.org	28824	2026-03-27
cio.com	12010	2026-01-20
circlevilleherald.com	6524	2026-08-01
cisnfm.com	10127	2026-07-20
cities929.com	14640	2026-08-02
citizen-times.com	8165	2023-09-11
citizen.co.za	98515	2026-08-02
citizen.digital	7318	2026-02-22
citizen.on.ca	6386	2026-07-31
citizensvoice.com	55610	2026-08-02
citr.ca	5040	2025-11-02
city-countyobserver.com	15742	2026-01-31
cityam.com	60488	2026-08-02
citybeat.com	10354	2025-01-22
cityfarmer.info	5084	2026-08-02
citynews.com.au	18100	2025-09-04
citywatchla.com	9133	2026-08-01
cityweekly.net	5846	2026-07-29
citywireselector.com	7388	2022-10-19
civilbeat.org	8501	2026-07-26
civilserviceworld.com	7023	2026-08-02
civilsociety.co.uk	5943	2026-07-31
cjhk.ca	7829	2026-03-03
cjls.com	6152	2026-04-07
cjme.com	30790	2026-08-02
cjonline.com	13533	2023-09-11
cjoy.com	8910	2023-12-05
ckbw.ca	8373	2026-03-02
ckdr.net	10129	2025-10-01
ckfm.ca	6389	2024-05-10
ckom.com	31497	2026-08-02
ckua.com	10339	2026-08-02
ckxsfm.com	11515	2026-07-31
clactonandfrintongazette.co.uk	145123	2026-08-02
claimsjournal.com	13027	2026-07-31
clare.fm	24888	2026-08-02
clarechampion.ie	10157	2026-08-02
clareherald.com	7731	2026-08-02
claremoreprogress.com	7639	2026-08-01
clarionledger.com	9660	2023-09-11
clarksvillenow.com	13692	2026-08-02
clarksvilleonline.com	21736	2026-08-02
classic107.com	13249	2026-08-02
classiccountry1070.com	6263	2024-02-24
classichits925.com	9998	2026-08-01
classicrock1051.com	16764	2024-04-27
classicrock1069.com	5507	2022-01-10
classicrock961.com	31836	2026-08-02
classy100.com	35836	2026-08-02
claytodayonline.com	6543	2026-08-01
cleantechnica.com	34285	2026-08-02
clearwatertimes.com	28988	2026-08-02
clemsontigers.com	5715	2026-06-23
cleveland.com	30463	2026-03-09
cleveland19.com	47651	2026-08-02
clevelandbanner.com	11981	2026-08-02
clevelandbrowns.com	5419	2026-08-02
clevelandjewishnews.com	83702	2026-08-02
clevelandstar.com	113759	2026-08-02
clevescene.com	11132	2026-07-31
clichemag.com	14238	2026-08-02
click2houston.com	97833	2026-08-02
clickondetroit.com	159729	2026-08-02
clickorlando.com	132790	2026-08-02
clickthecity.com	7274	2025-10-21
clinicaladvisor.com	6560	2026-07-31
clinicalleader.com	7388	2026-08-01
clintonherald.com	38710	2026-08-01
clintonnewsrecord.com	22915	2026-08-02
closerweekly.com	6505	2026-08-01
cloverdalereporter.com	34379	2026-08-02
cltampa.com	9581	2026-08-02
club937.com	24824	2026-08-01
clutchpoints.com	38968	2026-06-13
clydebankpost.co.uk	100790	2026-08-02
cmcmarkets.com	5856	2026-03-09
cmo.com.au	5228	2024-01-20
cnbc.com	130687	2026-08-02
cnbcafrica.com	21147	2026-08-02
cnbctv18.com	7702	2026-03-19
cnet.com	450296	2026-08-02
cnn.com	296988	2026-08-02
cnnphilippines.com	80976	2024-01-29
cnsnews.com	60537	2025-08-26
cntraveler.com	6283	2026-08-02
cntraveller.com	5382	2026-07-31
cnweekly.com	12207	2021-07-26
cnycentral.com	31424	2026-08-02
cnynews.com	18676	2026-08-02
coast1009.com	20254	2026-08-02
coast931.com	5232	2026-08-02
coast973.com	8699	2026-08-02
coastalcourier.com	5614	2026-08-02
coastaldigest.com	19050	2026-07-27
coastalnewstoday.com	14623	2024-01-03
coastalpoint.com	6309	2026-07-31
coastalradio.ca	7168	2026-07-31
coastfm.co.uk	11110	2025-01-27
coastreporter.net	84071	2025-09-09
cobrapost.com	11712	2026-08-01
cochranetimes.com	8961	2026-08-02
cochranetimespost.ca	49447	2026-08-02
cochranetoday.ca	8500	2023-01-30
coffscoastadvocate.com.au	43733	2021-03-24
cogconnected.com	10364	2026-08-02
coincommunity.com	144852	2026-04-03
coindesk.com	30453	2026-08-02
coinspeaker.com	33227	2026-08-02
cointelegraph.com	41909	2026-08-02
coinweek.com	7781	2026-06-04
coladaily.com	8911	2026-08-02
coldlakesun.com	12898	2026-08-02
collider.com	118265	2026-08-02
colombogazette.com	9168	2026-08-02
colombopage.com	20989	2023-11-30
coloradoan.com	6487	2023-09-11
coloradohometownweekly.com	15411	2026-08-02
coloradopolitics.com	6290	2026-03-19
coloradostar.com	40112	2026-08-02
columbiadailyherald.com	9127	2023-09-11
columbiagorgenews.com	18078	2026-08-01
columbiamissourian.com	27639	2026-08-02
columbian.com	103428	2026-08-02
columbiatribune.com	10247	2023-09-11
columbustelegram.com	53539	2026-08-02
combatpress.com	12155	2026-08-02
comicbook.com	186067	2026-08-02
comicbookmovie.com	27355	2026-08-02
comicsbeat.com	10732	2026-07-30
comingsoon.net	56827	2026-08-02
commercial-news.com	14581	2026-08-02
commercialappeal.com	11594	2023-09-11
commercialmotor.com	5370	2026-06-03
commercialobserver.com	12339	2026-08-02
comminit.com	8001	2026-07-10
commodityonline.com	27788	2025-02-12
commonsnews.org	7904	2023-06-14
communityadvocate.com	6609	2026-08-02
communityimpact.com	19614	2026-07-01
communitynewspapergroup.com	19870	2026-08-02
communitynewspapers.com	13212	2026-07-31
communityni.org	5202	2022-02-11
communitypress.ca	38218	2026-06-22
comoxvalleyrecord.com	32861	2026-08-02
complex.com	21846	2026-08-02
complianceweek.com	5462	2026-07-31
compositesworld.com	8760	2026-08-01
compsmag.com	6764	2024-03-22
computerweekly.com	39216	2026-07-31
computerworld.com	10875	2026-07-31
computing.co.uk	8424	2026-06-22
comunicati.net	56760	2022-02-08
con-telegraph.ie	56577	2026-08-02
concordmonitor.com	32192	2026-08-02
conference-news.co.uk	7581	2026-07-31
connachttribune.ie	15670	2026-02-24
connectionnewspapers.com	8900	2026-07-16
connectradio.fm	20049	2026-07-31
connectsavannah.com	7549	2026-07-31
connexionfrance.com	28036	2026-08-02
consilium.europa.eu	24508	2024-07-15
consortiumnews.com	5316	2026-08-01
constructiondive.com	7462	2026-08-02
constructionenquirer.com	5753	2026-07-31
constructionequipment.com	5159	2026-07-31
constructionequipmentguide.com	6389	2025-03-03
constructionnews.co.uk	14568	2026-07-31
constructionweekonline.com	8096	2024-07-13
consumerelectronicsnet.com	16079	2024-02-09
conwaydailysun.com	20412	2026-07-30
cookingchanneltv.com	5605	2023-03-29
cookislandsnews.com	10468	2026-08-02
cool987fm.com	12161	2026-08-02
coolsocial.net	9498	2023-01-16
coolum-news.com.au	20346	2020-06-29
coosavalleynews.com	9711	2026-08-02
cootamundraherald.com.au	37301	2026-08-02
corkindependent.com	9130	2026-07-30
cornell.edu	7621	2026-07-31
cornellsun.com	8652	2026-08-01
cornwalllive.com	6248	2026-07-16
cornwallseawaynews.com	24139	2026-08-02
coronadonewsca.com	13238	2026-08-02
corsicanadailysun.com	23419	2026-08-02
corvallisadvocate.com	6078	2026-08-01
cosmeticsandtoiletries.com	7465	2026-02-10
cosmopolitan.com	67587	2026-08-02
cosmosmagazine.com	9093	2025-10-20
cotswoldjournal.co.uk	101986	2026-08-02
countercurrents.org	21810	2026-08-02
counterpunch.org	23855	2026-07-18
country-guide.ca	5855	2025-05-21
country104.com	8331	2026-07-30
country105.com	10298	2026-07-27
country1053.ca	9597	2025-05-20
country93.ca	8557	2026-07-18
country94.ca	14854	2025-12-08
countrylife.co.uk	9359	2026-08-02
countryliving.com	9620	2026-08-02
countypress.co.uk	139057	2026-08-02
countytimes.co.uk	117380	2026-08-02
countyweeklynews.ca	37959	2026-06-22
courant.com	101249	2026-08-02
courier-journal.com	18161	2023-09-11
courier-tribune.com	11355	2026-07-31
courierjournal.net	8600	2026-08-02
couriermail.com.au	182103	2024-07-31
couriernews.com	66948	2026-08-02
courierpostonline.com	8906	2023-09-11
courierpress.com	8075	2023-09-11
courthousenews.com	44459	2026-07-16
coventryobserver.co.uk	11110	2026-08-02
coventrytelegraph.net	99010	2026-08-02
covers.com	36789	2026-08-02
covnews.com	5825	2026-07-31
cowboystatedaily.com	5388	2026-07-12
cowichanvalleycitizen.com	33361	2026-08-02
cowraguardian.com.au	27290	2026-07-31
cp24.com	104643	2026-08-02
cpac.ca	6601	2024-12-16
cpapracticeadvisor.com	11393	2026-07-31
cpbj.com	8732	2026-06-04
cpfc.co.uk	5012	2026-06-25
cphpost.dk	7909	2026-08-01
cpr.org	13301	2026-02-25
cqnews.com.au	44410	2021-04-28
cracked.com	30819	2026-08-02
craigdailypress.com	6400	2026-08-02
crainscleveland.com	13200	2026-06-18
crainsdetroit.com	16510	2026-03-31
crainsnewyork.com	16163	2026-03-16
cranbrooktownsman.com	29773	2026-08-02
crash.net	33518	2026-08-02
cravenherald.co.uk	153915	2026-08-02
crawleyobserver.co.uk	5858	2022-02-09
creativebloq.com	12613	2026-08-02
creativereview.co.uk	5161	2026-07-15
crescent-news.com	29218	2026-08-02
crestonnews.com	7124	2026-08-02
crestviewbulletin.com	6226	2026-08-02
crikey.com.au	14145	2026-07-30
crimeonline.com	7164	2026-03-18
crn.com	11267	2026-08-01
crn.com.au	12353	2026-07-31
crooksandliars.com	40262	2026-08-02
crookstontimes.com	5681	2025-01-30
crookwellgazette.com.au	69064	2026-08-02
crossmap.com	32064	2026-08-02
crossrhythms.co.uk	6709	2026-08-01
crossville-chronicle.com	27473	2026-08-01
crowrivermedia.com	50371	2025-10-29
cruisehive.com	9529	2026-08-02
cruiseindustrynews.com	7249	2026-08-02
crunchyroll.com	15924	2023-01-31
cruxnow.com	13801	2026-08-02
csindy.com	6448	2025-04-21
csmonitor.com	24948	2026-08-02
csoonline.com	10149	2026-07-31
csrwire.com	8014	2026-07-31
ctgtribune.com	15346	2025-06-01
ctmirror.org	12499	2026-08-02
ctnewsjunkie.com	5483	2026-08-01
ctpost.com	162446	2025-10-26
ctpublic.org	7913	2026-03-18
ctvnews.ca	171360	2026-07-25
cubaheadlines.com	39051	2026-08-02
cubbiescrib.com	5815	2026-08-02
cuinsight.com	19885	2025-07-09
cullmantimes.com	10064	2026-08-02
cultofmac.com	8990	2026-08-02
culturemap.com	33058	2026-08-01
cumberlink.com	50506	2026-08-01
cumbriacrack.com	30229	2025-01-23
curacaochronicle.com	8806	2026-07-31
curbed.com	6098	2026-07-29
curetoday.com	6790	2026-02-12
currentargus.com	8960	2026-08-01
cwtv.com	5672	2026-07-29
cypnow.co.uk	6355	2026-06-19
cyprus-mail.com	80390	2026-08-02
dabangasudan.org	7095	2026-08-02
dagblog.com	50779	2025-10-13
daijiworld.com	141849	2026-03-16
daily-chronicle.com	8022	2020-12-17
daily-jeff.com	8203	2023-09-11
daily-journal.com	20849	2025-02-04
daily-sun.com	38361	2025-12-09
daily-times.com	5025	2023-09-10
daily-tribune.com	7439	2026-08-02
dailyadvance.com	56299	2026-08-02
dailyadvertiser.com.au	84306	2026-08-02
dailyadvocate.com	12256	2025-05-15
dailyamerican.com	13653	2023-09-11
dailyastorian.com	12366	2026-08-02
dailybreeze.com	47937	2026-08-02
dailybruin.com	6652	2026-08-02
dailybulldog.com	9601	2026-08-02
dailybulletin.com	45705	2026-08-02
dailycal.org	22260	2026-08-02
dailycaller.com	104699	2026-08-02
dailycamera.com	42271	2026-08-02
dailycampus.com	6502	2026-07-17
dailycardinal.com	7783	2026-07-30
dailycitizen.news	13575	2025-02-06
dailycomet.com	6054	2023-09-11
dailycommercial.com	9991	2023-09-11
dailydemocrat.com	13273	2026-08-02
dailydispatch.co.za	8226	2026-07-31
dailydot.com	45911	2026-08-02
dailyecho.co.uk	169387	2026-08-02
dailyemerald.com	6789	2026-07-30
dailyexaminer.com.au	42309	2021-03-24
dailyexcelsior.com	183048	2026-08-02
dailyexpress.com.my	91331	2026-07-01
dailyforex.com	11599	2026-07-31
dailyfreeman.com	44297	2026-08-02
dailyfx.com	24052	2024-08-30
dailygalaxy.com	9727	2026-08-02
dailygazette.com	81563	2026-08-02
dailyherald.com	120389	2025-09-08
dailyheraldtribune.com	13979	2026-08-02
dailyhive.com	63945	2026-08-02
dailyindependent.com	35780	2026-08-02
dailyinterlake.com	13446	2026-06-11
dailyiowegian.com	6412	2020-05-27
dailyitem.com	53296	2026-08-01
dailyjournal.net	102260	2025-05-15
dailyjournalonline.com	42964	2026-08-02
dailykos.com	178995	2026-08-02
dailyliberal.com.au	88470	2026-08-02
dailylocal.com	51934	2026-08-02
dailymail.co.uk	1278695	2026-04-21
dailymail.com	38663	2026-08-02
dailymaverick.co.za	78970	2026-08-02
dailymercury.com.au	49265	2021-06-23
dailymirror.lk	58207	2026-08-02
dailynebraskan.com	5277	2026-07-17
dailynews.co.th	6843	2023-07-05
dailynews.co.tz	14560	2026-08-02
dailynews.co.zw	16445	2026-08-02
dailynews.com	54576	2026-08-02
dailynews.lk	33827	2023-12-29
dailynewsegypt.com	14118	2025-01-26
dailynexus.com	5759	2026-08-01
dailynorseman.com	10551	2026-07-31
dailynorthwestern.com	11955	2026-08-02
dailyorange.com	9932	2025-02-23
dailypakistan.com.pk	17612	2026-08-02
dailypioneer.com	79132	2026-08-02
dailypolitical.com	619170	2026-08-02
dailypost.co.uk	92653	2026-08-02
dailypost.ng	281653	2026-08-02
dailypost.vu	15759	2026-08-02
dailypostathenian.com	20470	2026-08-02
dailypress.com	76986	2026-08-02
dailypress.net	23095	2026-08-01
dailyprincetonian.com	7849	2026-07-30
dailyprogress.com	57701	2026-08-02
dailyrecord.co.uk	305996	2026-08-02
dailyrecord.com	9244	2023-09-11
dailyrecordnews.com	22500	2026-08-02
dailyreporter.com	8550	2026-06-03
dailyrepublic.com	89514	2026-08-02
dailyridge.com	17139	2026-08-02
dailysabah.com	63395	2026-08-02
dailysentinel.com	5521	2026-08-01
dailysignal.com	26348	2026-07-17
dailystar.co.uk	317888	2026-08-02
dailystar.com.lb	7273	2025-09-29
dailystarjournal.com	8779	2020-11-25
dailysun.co.za	30224	2022-09-11
dailytarheel.com	10006	2026-07-13
dailytelegraph.com.au	163773	2024-07-31
dailythepatriot.com	16910	2026-08-02
dailytimes.com	17625	2026-08-01
dailytimes.com.pk	142364	2026-06-25
dailytrib.com	6665	2026-08-01
dailytribune.com	25590	2025-11-05
dailytrojan.com	8997	2026-06-24
dailytrust.com	68676	2026-08-02
dailytrust.com.ng	21882	2021-06-24
dailyunion.com	23978	2026-08-02
dailyuw.com	7176	2026-07-13
dailyvoice.com	184665	2026-07-03
dailyworld.com	5461	2023-09-11
dakotanewsnow.com	19205	2026-08-02
dakotawarcollege.com	8769	2026-07-31
dallascowboys.com	10730	2026-08-02
dallasnews.com	51183	2026-04-01
dallasobserver.com	9802	2026-08-02
dallassun.com	120893	2026-08-02
dallasvoice.com	8237	2026-07-31
daltonsbusiness.com	5648	2026-07-19
danspapers.com	9488	2026-08-02
darientimes.com	58921	2025-08-31
darkhorizons.com	21518	2026-08-02
darkreading.com	13187	2025-02-20
darlingtonandstocktontimes.co.uk	106787	2026-08-02
datacenterdynamics.com	18830	2025-06-14
datacenterknowledge.com	5721	2026-07-31
daventryexpress.co.uk	10264	2025-01-23
davisenterprise.com	22846	2026-08-02
dawgpounddaily.com	5168	2026-08-02
dawn.com	261252	2026-07-20
dayton.com	5431	2024-09-04
daytonatimes.com	5396	2026-08-02
daytondailynews.com	54365	2026-08-02
dazebaonews.it	6505	2026-01-15
dazeddigital.com	18005	2026-08-02
dcourier.com	8743	2026-08-02
dcvelocity.com	5133	2026-07-31
deadline.com	163111	2026-08-02
deadlinedetroit.com	11361	2026-08-02
dealstreetasia.com	38688	2026-08-02
decanter.com	5454	2026-08-02
decaturdaily.com	47182	2026-08-01
decaturish.com	6869	2026-08-01
deccanchronicle.com	128218	2026-08-02
deccanherald.com	64357	2026-03-15
decider.com	34845	2026-08-02
defence.pk	18327	2026-05-12
defenceweb.co.za	15470	2026-07-31
defensenews.com	12142	2026-07-31
defenseone.com	8841	2026-08-02
defenseworld.net	60871	2026-04-30
defpen.com	12262	2026-07-29
dekhnews.com	5202	2025-04-11
delano.lu	6113	2025-01-11
delaware.gov	8939	2026-07-31
delawareonline.com	12601	2023-09-11
delawarepublic.org	48236	2026-08-02
delawarestatenews.net	5676	2021-02-16
delcotimes.com	59553	2026-08-02
delgazette.com	6444	2025-04-15
delmartimes.net	6342	2024-06-13
delmarvanow.com	6603	2023-09-11
delphosherald.com	5220	2026-07-15
delrionewsherald.com	10116	2021-01-22
delta-optimist.com	64492	2025-01-23
democracynow.org	35113	2026-08-02
democratandchronicle.com	9032	2023-09-11
democratherald.com	58487	2026-08-01
denbighshirefreepress.co.uk	107972	2026-08-02
denofgeek.com	8719	2026-08-01
dentonrc.com	31336	2026-08-02
denverbroncos.com	6286	2026-08-02
denverpost.com	51906	2026-08-02
derbyshiretimes.co.uk	23955	2025-01-23
derbytelegraph.co.uk	83827	2026-08-02
derryjournal.com	15278	2025-01-23
derrynow.com	41481	2026-05-21
deseret.com	38917	2026-08-01
desertsun.com	11610	2023-09-11
desiblitz.com	16774	2026-08-02
design-reuse.com	8252	2026-07-31
designboom.com	20260	2026-08-02
designnews.com	5853	2024-12-01
designyoutrust.com	5784	2026-07-31
desimartini.com	34149	2025-02-18
desmoinesregister.com	26539	2023-09-11
desototimes.com	5531	2026-08-02
destructoid.com	24027	2026-07-04
detroitnews.com	45794	2023-09-11
devdiscourse.com	137412	2026-07-03
developingtelecoms.com	14792	2026-07-31
devilslakejournal.com	5968	2026-08-01
devondispatch.ca	15845	2026-08-02
devonlive.com	9630	2026-06-20
dewsburyreporter.co.uk	12517	2025-01-23
dezeen.com	26904	2026-07-31
dfnionline.com	9967	2026-07-31
dglobe.com	30659	2026-08-02
dhakacourier.com.bd	8108	2026-08-01
dhakatribune.com	28341	2026-03-10
dhal3.com	7178	2026-08-02
diamonds.net	8812	2024-06-24
dicardiology.com	6334	2026-07-31
digg.com	24784	2026-07-25
diginomica.com	7199	2026-07-16
digit.in	31119	2026-08-02
digitaljournal.com	194787	2026-08-02
digitalspy.com	86282	2026-08-02
digitaltrends.com	42188	2026-08-02
digitimes.com	28984	2026-08-02
dinamalar.com	35340	2026-07-04
directorstalkinterviews.com	29265	2026-07-24
discoverairdrie.com	16487	2026-08-02
discoverestevan.com	19021	2026-08-02
discovermagazine.com	18473	2026-07-15
dispatch.com	35521	2023-09-11
dispatchlive.co.za	30383	2025-01-25
dissexpress.co.uk	19525	2026-08-02
dissidentvoice.org	9623	2026-03-22
divyabhaskar.co.in	28981	2026-07-31
diymag.com	10830	2026-07-31
djc.com	36984	2026-07-31
djcoregon.com	5745	2026-06-03
djmag.com	11830	2026-07-31
djournal.com	77392	2026-08-02
dl-online.com	30547	2026-08-02
dmagazine.com	16548	2026-07-02
dmnews.com	5287	2026-07-31
dnaindia.com	180911	2026-01-23
dnd.com.pk	16554	2026-08-01
dnews.com	30093	2026-08-02
dnj.com	6738	2023-09-11
dodgeglobe.com	8473	2026-07-25
domain-b.com	5307	2026-07-14
dominicanrepublicpost.com	22864	2026-08-02
dominicantoday.com	14503	2026-08-02
doncasterfreepress.co.uk	24323	2025-01-23
donegallive.ie	27845	2026-05-20
donegalnews.com	16183	2026-08-02
doorcountydailynews.com	7904	2026-08-02
dorsetecho.co.uk	152592	2026-08-02
dose.ca	14344	2026-08-02
dothaneagle.com	63492	2026-07-30
dotnews.com	7831	2026-08-01
douglas-budget.com	37004	2026-07-31
downtoearth.org.in	20257	2026-08-02
drapersonline.com	18329	2026-07-31
draytonvalleywesternreview.com	14814	2026-08-02
drbicuspid.com	11808	2025-10-30
dreadcentral.com	17128	2026-08-02
dredgingtoday.com	11424	2026-08-02
drgnews.com	25974	2026-08-02
drive.com.au	41233	2026-05-31
driving.ca	14387	2026-08-02
droid-life.com	7628	2026-07-31
droitwichadvertiser.co.uk	19310	2021-05-03
droitwichstandard.co.uk	9766	2026-08-02
drudge.com	18117	2026-08-02
drugstorenews.com	5369	2025-09-08
dslreports.com	19516	2025-02-26
dtinews.vn	5601	2023-07-17
dtnext.in	7229	2024-12-16
dtnpf.com	9873	2026-08-01
dualshockers.com	27336	2026-08-02
dubaicityguide.com	6978	2026-08-01
dublinlive.ie	7571	2026-03-11
dudleynews.co.uk	127414	2026-08-02
duke.edu	6253	2026-08-02
duke.fm	22407	2026-07-31
dukechronicle.com	8423	2026-07-09
dukefmduluth.com	7915	2025-03-18
duluthnewstribune.com	64069	2026-08-02
dumbartonreporter.co.uk	88365	2026-08-02
duncanbanner.com	13292	2026-08-02
dundalkdemocrat.ie	56109	2026-05-14
dunfermlinepress.com	102767	2026-08-02
dungogchronicle.com.au	54434	2026-08-02
dunmowbroadcast.co.uk	30419	2026-08-02
dunyanews.tv	149766	2026-08-02
dupagepolicyjournal.com	21611	2026-08-02
dupontregistry.com	7662	2026-01-09
durangoherald.com	95705	2026-08-02
durhamregion.com	23894	2026-08-02
dutchnews.nl	21746	2026-08-01
dvidshub.net	16259	2025-01-26
dw.com	120612	2026-08-02
dwell.com	7033	2026-07-31
dynamicbusiness.com	5982	2026-08-02
e-flux.com	10156	2026-08-02
e-know.ca	17554	2026-08-02
eacourier.com	9843	2026-08-01
eadt.co.uk	137095	2026-08-02
eaglecountryonline.com	9171	2026-07-31
eagledayton.com	8897	2026-08-02
eaglesanantonio.com	8619	2026-08-02
eagletimes.com	12955	2025-11-19
eagletribune.com	125957	2026-08-02
ealingtimes.co.uk	113305	2026-08-02
earthquake-report.com	9134	2025-07-21
earthquakenewstoday.com	63211	2025-12-30
earthsky.org	5383	2026-08-02
eastbayri.com	9420	2026-08-01
eastbaytimes.com	76170	2026-08-02
eastbourneherald.co.uk	6199	2022-02-09
eastcountymagazine.org	18688	2026-08-01
easternmirrornagaland.com	36779	2026-07-27
easternontarionetwork.com	44622	2026-06-15
easternriverinachronicle.com.au	93071	2026-08-02
eastidahonews.com	45732	2026-07-09
eastlondonadvertiser.co.uk	35703	2026-08-02
eastlothiancourier.com	105464	2026-08-02
eastoregonian.com	23967	2026-08-01
easttexasradio.com	16388	2026-08-02
eastvalleytribune.com	5842	2026-08-02
easy93.com	5313	2025-06-14
easyreadernews.com	7295	2026-07-25
eater.com	24899	2026-08-01
eaworldview.com	6778	2026-08-02
ebar.com	17369	2025-01-23
ecb.europa.eu	5655	2026-07-31
echo-news.co.uk	175386	2026-08-02
echo.net.au	11542	2025-01-23
echolive.ie	58660	2026-08-02
echonews.com.au	18377	2020-06-29
echopress.com	33491	2026-08-02
ecns.cn	39071	2026-07-27
eco-business.com	11615	2026-08-01
ecofinagency.com	6427	2026-03-19
econintersect.com	7938	2025-01-23
economist.com	30787	2025-09-05
economynext.com	6721	2026-02-28
econotimes.com	88965	2026-08-02
ecr.co.za	44429	2026-08-02
ed.fm	9431	2026-08-02
edenmagnet.com.au	80200	2026-08-02
edge.ca	11071	2026-07-16
edie.net	8412	2025-01-23
editorandpublisher.com	17253	2026-08-02
editorinleaf.com	5219	2026-08-02
edmonton.ctvnews.ca	26612	2025-01-23
edmontonexaminer.com	22667	2026-06-29
edmontonjournal.com	36610	2026-08-02
edmontonsun.com	72435	2026-08-02
edp24.co.uk	175621	2026-08-02
edsource.org	6670	2026-06-24
educationtimes.com	10875	2026-08-02
edweek.org	5624	2026-06-03
eejournal.com	10518	2026-07-31
eenadu.net	5150	2026-07-25
eenews.net	41468	2026-07-31
efe.com	19085	2026-04-15
effinghamdailynews.com	16836	2026-08-02
effinghamradio.com	11352	2026-08-02
efinancialcareers.com	6068	2026-07-31
egyptindependent.com	18863	2026-08-02
eham.net	20207	2026-08-02
ehfcl.com	251751	2020-08-27
einnews.com	148652	2024-06-01
ejpress.org	6018	2026-08-02
ekathimerini.com	5808	2020-04-10
el-balad.com	195604	2026-08-02
elclasificado.com	8848	2026-07-16
eldoradonews.com	14193	2026-08-02
electric949.com	7861	2026-07-31
electronicsweekly.com	19020	2026-08-02
electropages.com	10827	2026-07-30
elitedaily.com	16054	2026-08-02
elitetraveler.com	5221	2026-08-02
elkharttruth.com	19123	2026-08-02
elkodaily.com	54306	2026-08-02
elle.com	21647	2026-08-02
elliotlakestandard.ca	47098	2026-08-02
ellsworthamerican.com	9340	2026-08-02
ellwoodcityledger.com	6226	2023-09-11
elmwoodparkschools.org	17893	2022-03-02
elpais.com	24193	2026-08-02
elpasoinc.com	106583	2026-08-02
elpasotimes.com	10448	2023-09-11
elwakt.com	34770	2024-06-08
elystandard.co.uk	39684	2026-08-01
emarketer.com	5590	2026-07-30
emirates247.com	15362	2026-06-10
emissourian.com	13520	2025-09-01
emmetsburgnews.com	5116	2026-08-01
empireofthekop.com	17715	2026-07-31
empireonline.com	11643	2026-08-02
emporiagazette.com	25582	2026-08-01
empr.com	10759	2026-07-31
ems1.com	12696	2026-08-02
en.apa.az	69463	2026-08-02
en.ce.cn	31568	2026-08-02
en.dangcongsan.vn	5991	2024-10-12
en.gmw.cn	7405	2025-07-02
en.kremlin.ru	5572	2026-08-02
en.people.cn	121142	2026-08-02
en.portnews.ru	5371	2026-03-08
en.qantara.de	10657	2023-10-26
en.qdnd.vn	9658	2026-03-18
en.tempo.co	45388	2026-08-02
en.trend.az	72164	2025-07-09
en.vietnamplus.vn	79240	2026-03-16
enca.com	64432	2026-08-02
endocrinologyadvisor.com	7804	2026-07-31
energeticcity.ca	21691	2026-07-21
energy-pedia.com	23259	2026-08-02
energy-storage.news	7820	2026-07-31
energycentral.com	24116	2025-05-30
energyfm.net	6729	2026-07-31
energyglobal.com	7447	2025-12-09
energyvoice.com	5581	2025-01-10
enewschannels.com	7261	2026-08-01
enewscourier.com	16037	2026-08-02
enfieldindependent.co.uk	95702	2026-08-02
eng.belta.by	41337	2026-03-10
eng.kavkaz-uzel.eu	7229	2026-08-02
eng.lsm.lv	5866	2025-01-02
engadget.com	46579	2026-08-02
engineering.com	5799	2026-08-01
engineeringnews.co.za	38488	2026-07-31
english.news.cn	289256	2026-08-02
english.pravda.ru	7413	2026-08-01
english.radio.cz	19528	2026-08-02
english.republika.mk	10681	2026-08-02
english.vov.vn	15732	2026-03-16
english.wafa.ps	187149	2026-08-02
enidnews.com	38870	2026-08-02
enn.com	13835	2026-08-01
enr.com	5374	2026-08-02
enrsi.rtvs.sk	5287	2025-01-19
enstarz.com	28002	2026-08-02
enterprisenews.com	7137	2023-09-11
enterprisepub.com	5401	2026-07-23
entornointeligente.com	10140	2026-07-30
entrepreneur.com	10004	2026-08-01
envirotech-online.com	5000	2025-08-14
enviweb.cz	6581	2026-07-14
eonline.com	83191	2026-08-02
ephotozine.com	35871	2025-11-18
eppingforestguardian.co.uk	96630	2026-08-02
eptrail.com	12061	2026-08-02
epw.in	9725	2026-08-01
equibase.com	25375	2026-04-29
equipmentworld.com	5145	2026-05-28
equitybulls.com	74919	2026-08-02
erienewsnow.com	92683	2026-08-02
escapistmagazine.com	8261	2026-06-09
esmmagazine.com	10908	2026-08-01
espn.com	59087	2026-03-19
esquire.com	30151	2026-08-02
essence.com	30981	2026-07-07
essexlive.news	5571	2026-07-02
estevanmercury.ca	31586	2021-07-29
etcanada.com	13319	2023-10-30
eteknix.com	18228	2026-08-02
etfdailynews.com	228558	2025-10-07
etftrends.com	32435	2026-08-02
ethanolproducer.com	7963	2026-08-02
etnow.com	11058	2026-07-31
etonline.com	71395	2026-03-25
eturbonews.com	153793	2026-06-28
eugenedailynews.com	6102	2024-08-21
euobserver.com	13221	2026-08-02
euractiv.com	39817	2026-01-22
eurasiareview.com	40422	2026-07-27
eurekalert.org	75545	2026-07-31
eureporter.co	11352	2026-06-18
euro-petrole.com	8075	2026-07-31
eurogamer.net	42471	2026-08-02
euronews.com	107528	2026-08-02
europapress.es	8997	2026-07-30
europeanpharmaceuticalreview.com	5123	2026-03-26
europeantour.com	5282	2025-06-12
europesun.com	174542	2026-08-02
eurovoix.com	11393	2026-08-02
euroweeklynews.com	6756	2026-03-19
eurweb.com	31339	2026-08-02
evanstonnow.com	9100	2026-08-02
eveningexpress.co.uk	107905	2021-11-08
eveningnews24.co.uk	101747	2026-08-02
eveningtelegraph.co.uk	66368	2021-09-22
eveningtimes.co.uk	5790	2023-03-07
eveningtribune.com	7512	2023-09-11
eventhubs.com	16094	2026-08-02
evertiq.com	8397	2026-07-31
everydayhealth.com	6797	2026-08-01
everything2.com	36374	2026-01-01
eveshamjournal.co.uk	110742	2026-08-02
evo.co.uk	5621	2026-08-01
ew.com	37810	2026-03-17
ewn.co.za	107528	2026-08-02
ewnews.com	5168	2023-02-02
ewrestlingnews.com	80712	2025-07-14
examiner.com.au	81162	2026-08-02
examiner.net	9525	2026-08-01
excelsio.net	6982	2026-07-31
exchangerates.org.uk	12962	2025-11-03
exclaim.ca	27369	2026-08-02
executivebiz.com	8622	2026-07-31
executivegov.com	9055	2026-08-01
exetertoday.ca	9997	2026-07-31
expatforum.com	5471	2026-01-22
expertclick.com	11506	2026-08-02
expertreviews.co.uk	10140	2026-07-31
exploreseiowa.com	26330	2026-03-30
explosion.com	5320	2026-08-02
express.co.uk	392775	2026-08-02
expressandstar.com	67218	2026-03-26
expressnews.com	67773	2025-08-28
extra.ie	5396	2026-03-14
extralunchmoney.com	14998	2024-09-26
extratime.com	7732	2025-09-09
extratv.com	6023	2026-08-01
extremetech.com	8332	2025-01-22
eyeonannapolis.net	17199	2026-08-02
eyeontaiwan.com	5141	2023-03-22
eyeradio.org	16519	2026-08-02
f4wonline.com	33346	2026-08-02
faceofmalawi.com	44976	2026-07-30
fairfaxtimes.com	10898	2026-08-02
fairfieldcitizenonline.com	69732	2022-03-01
fairfieldsuntimes.com	44434	2026-08-02
fairmontsentinel.com	9724	2026-08-01
fairviewpost.com	13120	2026-08-02
falkirkherald.co.uk	16511	2025-01-23
falmouthpacket.co.uk	132357	2026-08-02
famagusta-gazette.com	18052	2025-12-06
familydestinationsguide.com	9807	2026-03-19
famoushookups.com	22648	2025-04-17
fandompost.com	49688	2026-08-02
fangoria.com	7995	2026-07-30
fangraphs.com	26935	2026-08-02
fansided.com	52827	2026-08-02
fantasypros.com	7629	2025-08-19
faribaultcountyregister.com	16102	2026-08-02
fark.com	5825	2026-07-15
farmersjournal.ie	50479	2026-07-07
farminglife.com	11464	2025-01-23
farminguk.com	14378	2026-08-02
farmprogress.com	14728	2024-08-06
farmweekly.com.au	35658	2026-08-02
fastcasual.com	9384	2026-07-31
fastcompany.com	6912	2026-06-28
fauquier.com	6245	2026-07-30
fauquiernow.com	6513	2026-07-31
fayettetribune.com	6231	2026-07-31
fayobserver.com	12278	2023-09-11
fbcnews.com.fj	8735	2026-03-19
fbherald.com	33789	2026-07-08
fdlreporter.com	8392	2023-09-11
feedstuffs.com	9101	2024-11-15
femalefirst.co.uk	37365	2026-08-02
femina.in	9221	2026-08-02
fenlandcitizen.co.uk	20885	2026-08-02
fermanaghherald.com	9364	2026-08-02
fftimes.com	8964	2026-07-31
fhtimes.com	12705	2026-08-02
fibre2fashion.com	15979	2026-06-02
fiercebiotech.com	5682	2026-06-16
fiercepharma.com	5605	2026-06-19
fifetoday.co.uk	14548	2025-01-23
fijilive.com	17738	2025-04-23
fijisun.com.fj	16697	2026-08-02
fijitimes.com	45574	2023-11-30
fijivillage.com	47367	2026-08-02
file770.com	21087	2026-08-02
fillmorecountyjournal.com	7682	2026-07-31
film-news.co.uk	51844	2026-08-02
filmfare.com	23133	2026-08-02
filmibeat.com	48614	2026-08-02
fin24.com	6131	2020-06-05
finance-commerce.com	15997	2026-06-03
financial-news.co.uk	11973	2026-08-02
financial-planning.com	11094	2026-07-31
financialbuzz.com	18207	2025-09-03
financialcontent.com	218227	2026-08-02
financialexpress.com	186827	2026-07-15
financialpost.com	51583	2026-08-01
financialstandard.com.au	7425	2025-01-23
finanzen.ch	36235	2026-08-02
finanzen.net	5403	2026-07-29
finanznachrichten.de	771638	2026-08-02
finchannel.com	6156	2026-08-01
finextra.com	9191	2025-12-08
fingerlakes1.com	61341	2026-07-29
finsmes.com	35430	2025-06-09
firehouse.com	7412	2026-08-01
firerescue1.com	12020	2026-08-02
firetrench.com	6866	2021-10-26
firstalert4.com	20174	2026-08-02
firstalert7.com	5670	2026-08-02
firstcoastnews.com	63319	2026-06-05
firstcomicsnews.com	20559	2026-07-28
firstlightradio.com	26626	2024-02-14
firstpost.com	146450	2026-03-17
firstshowing.net	12235	2026-08-02
fitsnews.com	6138	2026-08-02
fitzhugh.ca	40958	2025-08-29
flaglerlive.com	13540	2026-08-02
flagpole.com	6054	2026-05-20
flanews.com	6192	2025-11-07
flcourier.com	8129	2026-08-02
fleetnews.co.uk	7396	2026-07-24
fleetworld.co.uk	7008	2026-07-31
flickeringmyth.com	32452	2026-08-02
flightglobal.com	22537	2026-08-02
floppingaces.net	14162	2026-02-11
floridanewswire.com	8790	2026-07-27
floridapolitics.com	10589	2026-04-06
floridastatesman.com	62176	2026-08-02
floridatoday.com	13611	2023-09-11
floridatrend.com	5368	2026-07-30
floridaweekly.com	15736	2026-08-02
floydct.com	15993	2026-08-02
fltimes.com	23165	2026-08-02
fly92.com	5284	2026-08-01
flyingmag.com	9373	2026-08-02
fm104.ie	17214	2026-08-02
fm96.com	8097	2026-08-02
fm99.com	5799	2026-08-02
fnarena.com	17895	2026-06-17
focusdailynews.com	6981	2026-08-02
focustaiwan.tw	59872	2026-08-02
fohonline.com	5314	2026-07-31
fonearena.com	18798	2026-07-31
fontanaheraldnews.com	11921	2026-07-29
foodandwine.com	5391	2026-02-23
foodbev.com	9491	2026-08-02
fooddive.com	7066	2026-08-02
foodista.com	14755	2026-08-01
foodmanufacture.co.uk	7476	2026-07-31
foodnavigator-usa.com	7309	2026-07-08
foodnavigator.com	7179	2026-07-31
foodsafetynews.com	5162	2026-08-02
fool.ca	50441	2026-06-04
fool.co.uk	40206	2026-05-12
fool.com	362691	2026-08-02
fool.com.au	49200	2026-06-04
football.london	13513	2023-02-02
football365.com	5098	2023-02-02
footwearnews.com	13853	2025-05-13
forbes.com	619465	2026-08-02
forbesadvocate.com.au	27301	2026-07-31
forbesindia.com	9571	2026-08-01
forcechange.com	8177	2026-08-02
forconstructionpros.com	13234	2025-12-29
ford-trucks.com	36815	2025-08-25
foreignaffairs.co.nz	50515	2025-01-23
foreignpolicy.com	16682	2026-08-02
forexcrunch.com	25695	2026-02-02
forexlive.com	77319	2025-07-19
forextv.com	134608	2025-08-05
formula1.com	17994	2026-08-02
forsythnews.com	6884	2026-07-31
fortmcmurraytoday.com	14303	2026-08-02
fortmorgantimes.com	31232	2026-08-02
fortsaskatchewanrecord.com	15147	2026-08-02
fortune.com	44370	2026-08-02
fortworthbusiness.com	9156	2026-07-31
forward.com	24783	2026-08-02
fosters.com	9701	2023-09-11
foundry-planet.com	5154	2026-07-30
fourfourtwo.com	25593	2026-08-02
fox1023.com	18030	2026-07-30
fox10phoenix.com	90702	2026-08-02
fox10tv.com	35275	2026-08-02
fox11online.com	43668	2026-08-02
fox13memphis.com	39162	2026-08-02
fox13news.com	57595	2026-08-02
fox13now.com	35558	2026-08-02
fox13seattle.com	27019	2026-08-02
fox17.com	39193	2026-08-02
fox17online.com	63636	2026-08-02
fox19.com	37958	2026-08-02
fox21online.com	31633	2026-08-02
fox23.com	35158	2026-08-02
fox23maine.com	47294	2026-08-02
fox26houston.com	67545	2026-08-02
fox29.com	75993	2026-08-02
fox2detroit.com	55083	2026-08-02
fox2now.com	9453	2025-07-02
fox32chicago.com	89068	2026-08-02
fox34.com	27432	2026-08-02
fox35orlando.com	92557	2026-08-02
fox40.com	5235	2025-07-03
fox42kptm.com	8464	2026-08-01
fox43.com	71906	2026-06-25
fox4beaumont.com	31732	2026-08-02
fox4kc.com	7267	2025-07-02
fox4news.com	60043	2026-08-02
fox56.com	36515	2026-08-02
fox59.com	7441	2025-11-18
fox5atlanta.com	93006	2026-08-02
fox5dc.com	64013	2026-08-02
fox5ny.com	69574	2026-08-02
fox5vegas.com	24201	2026-08-02
fox61.com	63743	2026-06-06
fox6now.com	85015	2026-08-02
fox7austin.com	72765	2026-08-02
fox8.com	7734	2026-05-31
fox8live.com	30905	2026-08-02
fox8tv.com	13731	2026-07-31
fox9.com	54568	2026-08-02
fox969.com	19012	2026-08-02
foxbaltimore.com	47476	2026-08-02
foxbangor.com	61134	2026-08-02
foxbusiness.com	76743	2026-08-02
foxcarolina.com	31594	2026-08-02
foxcincinnati.com	9262	2026-08-02
foxillinois.com	29399	2026-08-02
foxla.com	68280	2026-08-01
foxnews.com	372976	2026-08-02
foxradiook.com	11443	2026-07-18
foxreno.com	30796	2026-08-02
foxrochester.com	27392	2026-08-02
foxsanantonio.com	47720	2026-08-02
foxsports.com.au	6342	2023-07-05
foxtel.com.au	12343	2026-06-23
foxwilmington.com	39971	2026-08-02
foxy99.com	13828	2026-08-02
france24.com	167191	2026-02-12
franklinfavorite.com	27515	2026-07-30
frasercoastchronicle.com.au	46313	2021-04-28
fredericknewspost.com	41788	2026-08-02
fredericksburg.com	57158	2026-08-02
freebeacon.com	20555	2026-08-02
freedom929.com	10241	2026-07-31
freedom95.us	6428	2026-07-24
freedom970.com	7954	2026-07-31
freemalaysiatoday.com	97684	2026-08-02
freep.com	46354	2024-06-25
freepressjournal.in	433236	2026-08-02
freepressseries.co.uk	91190	2026-08-02
freerepublic.com	479283	2026-08-02
freestonecountytimesonline.com	5212	2026-08-02
freethoughtblogs.com	6478	2026-08-02
freightwaves.com	6759	2026-01-21
freightweek.org	5192	2026-07-31
fremonttribune.com	72218	2026-08-02
freshfruitportal.com	9174	2026-07-31
freshplaza.com	82875	2026-07-27
fresnobee.com	5973	2024-07-17
frieze.com	5071	2026-01-28
froggy1003.com	11355	2026-08-01
froggy929.com	10680	2025-05-24
froggyweb.com	26608	2026-08-02
frontiersman.com	8569	2026-06-10
frontpagemag.com	21141	2026-05-29
fruitnet.com	10024	2025-09-04
ft.com	12476	2026-02-05
ft.lk	46717	2026-08-02
ftadviser.com	14718	2026-07-31
ftnnews.com	15128	2026-06-04
ftvlive.com	12828	2026-08-02
fudzilla.com	5476	2026-01-06
fukuoka-now.com	6040	2026-08-01
fultonsun.com	11322	2026-08-02
fun107.com	26481	2026-08-02
funds-europe.com	7735	2026-07-31
fundsforngos.org	23062	2026-07-31
funkytaurusmedia.com	145335	2026-08-02
furninfo.com	7158	2025-09-04
furnituretoday.com	11167	2026-06-04
futaa.com	15659	2020-11-27
futurity.org	10408	2026-07-28
fwi.co.uk	19190	2026-08-02
fwweekly.com	5637	2026-08-01
fxempire.com	10506	2026-03-09
fxstreet.com	125442	2026-03-05
gadget.co.za	6869	2026-07-31
gadgetsmagazine.com.ph	6100	2026-08-02
gadsdentimes.com	8135	2023-09-11
gainesville.com	15883	2023-09-11
gainesvilleregister.com	6855	2026-08-02
gainesvilletimes.com	11297	2026-08-02
galesburg.com	6937	2023-09-11
galusaustralis.com	7671	2020-08-18
galvnews.com	41868	2026-08-02
galwaybayfm.ie	21647	2026-08-02
gamasutra.com	12921	2022-06-24
gamenguide.com	6677	2026-07-31
gamepur.com	22146	2024-08-14
gamerant.com	131808	2026-08-02
gameranx.com	19154	2026-07-31
gamereactor.eu	24362	2026-08-02
gamerevolution.com	10455	2026-07-19
gamesindustry.biz	19182	2026-07-31
gamespot.com	45822	2026-01-20
gamesradar.com	64135	2026-08-02
gamewatcher.com	5192	2026-07-29
gamingbolt.com	19162	2026-08-02
gamingintelligence.com	5095	2026-07-31
gananoquereporter.com	39759	2026-08-02
ganggreennation.com	8382	2026-08-01
gardenandgun.com	5175	2026-07-28
garoweonline.com	7787	2026-08-02
gasgoo.com	15976	2026-07-31
gastongazette.com	9600	2023-09-11
gasworld.com	10705	2026-05-24
gator995.com	17680	2026-07-31
gattonstar.com.au	44798	2021-04-28
gaytimes.co.uk	10016	2024-05-06
gazette-news.co.uk	146516	2026-08-02
gazette.com	189949	2026-08-02
gazetteandherald.co.uk	119172	2026-08-02
gazetteherald.co.uk	142940	2026-08-02
gazettejournal.net	6263	2026-08-02
gazettelive.co.uk	91758	2026-08-02
gazettenet.com	36788	2026-08-02
gazetteseries.co.uk	117009	2026-08-02
gazettetimes.com	49342	2026-08-01
gazettextra.com	53594	2026-08-02
gbtribune.com	12960	2026-07-31
gcaptain.com	19232	2026-08-02
gcmaz.com	12771	2026-08-01
gctelegram.com	8450	2026-07-20
gdnonline.com	168639	2026-08-02
gds.ro	6100	2024-11-05
gearjunkie.com	12005	2026-08-01
geeky-gadgets.com	48083	2026-08-02
geekzone.co.nz	7184	2026-08-02
geelongadvertiser.com.au	106760	2026-08-02
geneamusings.com	8274	2026-08-02
genengnews.com	9392	2026-06-04
geneticliteracyproject.org	10187	2026-03-20
geo.tv	153246	2026-08-02
geograph.org.uk	6215	2024-07-13
georgeherald.com	32146	2026-08-02
georgiatoday.ge	15233	2026-08-02
geosuper.tv	34372	2026-08-02
getreading.co.uk	50971	2024-05-03
getreligion.org	6582	2024-02-02
getsurrey.co.uk	88233	2026-08-02
gettysburgtimes.com	31449	2026-08-02
ggrasia.com	7764	2026-06-29
ghanafa.org	6556	2026-08-02
ghanaiantimes.com.gh	41954	2026-07-31
ghanamma.com	121091	2026-08-02
ghananewsagency.org	7849	2020-05-06
ghanaweb.com	247740	2026-03-03
ghettoradio.co.ke	9845	2026-08-02
giants.com	7474	2026-08-02
gigulate.com	36126	2026-05-21
gigwise.com	5449	2026-08-02
gillettenewsrecord.com	39407	2026-08-02
gilmermirror.com	24437	2026-08-02
giornaledibrescia.it	8277	2026-04-11
girlslife.com	6549	2026-08-02
gisborneherald.co.nz	15364	2025-02-04
gisuser.com	10130	2026-08-02
github.com	10342	2026-08-02
gizbot.com	5744	2026-07-23
gizchina.com	41042	2026-08-02
gizmochina.com	11012	2026-03-19
gizmodo.co.uk	9499	2020-09-09
gizmodo.com	55235	2026-08-02
gizmodo.com.au	32551	2024-07-11
gjsentinel.com	106939	2026-08-02
gladstoneobserver.com.au	52613	2021-06-23
glamour.com	14804	2026-08-02
glamsham.com	61249	2026-08-01
glasgowtimes.co.uk	191271	2026-08-02
glasgowworld.com	9356	2025-01-23
glassonweb.com	8952	2026-07-31
gleninnesexaminer.com.au	45985	2026-08-02
glidemagazine.com	8356	2026-08-02
globalcapital.com	15451	2025-10-20
globalcement.com	8053	2026-07-31
globalissues.org	9897	2026-08-02
globalnews.ca	150959	2026-08-02
globalsecurity.org	143886	2026-08-02
globalsistersreport.org	5975	2026-08-01
globaltimes.cn	58193	2026-08-02
globalvoices.org	7026	2026-08-02
globegazette.com	55284	2026-08-01
globenewswire.com	285961	2025-11-14
globes.co.il	15584	2026-08-02
gloucesteradvocate.com.au	59475	2026-08-02
gloucestershirelive.co.uk	11049	2026-05-13
gloucestertimes.com	34279	2026-08-02
gmanetwork.com	22387	2026-07-19
gmatclub.com	29293	2025-11-20
gmauthority.com	17532	2025-11-18
gmenhq.com	6283	2026-08-02
gna.org.gh	11444	2026-02-22
gnnliberia.com	13995	2026-08-01
go.com	359868	2026-02-10
go955.com	17481	2024-10-08
goal.com	111252	2026-03-19
gobankingrates.com	23033	2026-07-31
gocomics.com	23592	2025-08-13
gocountry105.com	10849	2026-07-31
godanriver.com	49555	2026-07-24
goderichsignalstar.com	22809	2026-08-02
goerie.com	15023	2023-09-11
goldcoastbulletin.com.au	141462	2024-07-30
goldderby.com	20202	2026-07-31
goldseiten.de	22114	2026-03-23
golocalprov.com	16443	2026-07-21
goodereader.com	5402	2026-08-02
goodhousekeeping.com	17743	2026-08-02
goodmenproject.com	69387	2025-01-23
gopusa.com	16072	2025-01-21
gosanangelo.com	5421	2023-09-11
goshennews.com	83203	2026-08-02
goskagit.com	266832	2026-08-02
goss.ie	41404	2026-08-02
gossipcop.com	5937	2021-09-01
gothamist.com	22309	2026-08-02
goulburnpost.com.au	94128	2026-08-02
goupstate.com	13769	2026-05-17
gov.uk	110861	2026-08-01
govconwire.com	8514	2026-07-31
governing.com	13780	2026-08-02
governorswindenergycoalition.org	6971	2026-07-31
govexec.com	12299	2026-07-31
govinfosecurity.com	15802	2026-08-01
govtech.com	20725	2026-08-02
gowatertown.net	27273	2026-07-31
gpb.org	14943	2026-07-22
gponline.com	5504	2026-07-02
gq-magazine.co.uk	12379	2026-08-01
gq.co.za	5242	2026-08-02
gq.com	12682	2026-08-02
gqindia.com	9579	2026-08-02
grainews.ca	6978	2025-05-22
grandforksgazette.ca	28856	2026-08-02
grandforksherald.com	73219	2026-08-02
grandhaventribune.com	18593	2026-08-02
grandprix.com	9480	2026-07-31
grandprix247.com	19527	2026-08-02
grandrapidsmn.com	31611	2026-08-02
granthamjournal.co.uk	6444	2023-12-04
graphic.com.gh	61520	2026-08-02
gratefulweb.com	24319	2026-08-02
graziadaily.co.uk	5049	2026-02-03
grbj.com	6001	2023-04-15
greanvillepost.com	9050	2026-08-02
great98.net	10150	2022-09-19
greatbendpost.com	34596	2026-08-02
greaterbelize.com	5800	2026-08-01
greatfallstribune.com	6218	2023-09-08
greatlakesadvocate.com.au	59694	2026-08-02
greekcitytimes.com	18898	2026-03-10
greekherald.com	62197	2026-08-02
greekreporter.com	30344	2026-06-07
greeleytribune.com	36143	2026-08-02
greenbaypressgazette.com	11617	2023-09-11
greencarcongress.com	11692	2024-07-30
greenevillesun.com	19793	2026-08-02
greenfieldreporter.com	43235	2025-05-15
greenleft.org.au	8110	2026-08-02
greenocktelegraph.co.uk	127327	2026-08-02
greensboro.com	56330	2026-08-02
greensburgdailynews.com	40081	2026-08-02
greenvilleonline.com	6965	2023-09-11
greenwichfreepress.com	6963	2026-08-02
greenwichtime.com	135194	2025-06-12
grenadachronicle.com	17918	2026-08-02
grenfellrecord.com.au	26077	2026-07-31
grimsbytelegraph.co.uk	77135	2026-08-02
grmdaily.com	11485	2026-06-28
groove993.com	11369	2026-06-19
ground.news	19048	2025-01-25
groundup.org.za	8536	2026-08-02
gsmarena.com	42874	2026-08-02
guampdn.com	51422	2026-08-02
guardian-series.co.uk	97149	2026-08-02
guardian.co.tt	47558	2026-08-02
guardian.ng	78980	2026-04-05
guelphmercury.com	9762	2026-08-02
guernicamag.com	7443	2026-07-15
guernseypress.com	79806	2026-08-02
guitarworld.com	16807	2026-08-02
gulf-times.com	55521	2026-08-02
gulf104.com	21591	2026-08-02
gulfbusiness.com	19994	2026-04-03
gulfcoastmedia.com	7806	2026-08-02
gulfcoastnewsnow.com	23918	2026-08-02
gulfnews.com	195080	2026-08-02
gulftoday.ae	52129	2026-03-19
gulte.com	40127	2026-08-02
gurlstudio.com	5527	2023-02-20
gurufocus.com	19152	2026-07-11
guyanachronicle.com	6750	2020-07-23
gvnews.com	8887	2026-08-02
gwdtoday.com	125393	2025-11-04
gwhatchet.com	8640	2026-08-01
gwinnettdailypost.com	84613	2026-08-02
gx94radio.com	26098	2026-08-02
gympietimes.com.au	53769	2021-04-28
haaretz.com	64482	2026-08-02
haberx.com	6873	2025-09-08
habseyesontheprize.com	6563	2026-08-01
hackaday.com	10910	2026-08-02
hackneygazette.co.uk	29516	2026-08-02
haitilibre.com	9936	2026-08-02
haitisun.com	49038	2026-08-02
halesowennews.co.uk	140695	2026-08-02
halfwheel.com	11381	2026-08-02
halifax.citynews.ca	6698	2025-10-14
halifaxcourier.co.uk	18225	2025-01-23
haligonia.ca	5371	2026-07-31
hallmarknews.com	15804	2026-08-02
halsteadgazette.co.uk	122950	2026-08-02
hamhigh.co.uk	55406	2026-08-02
hamlethub.com	14685	2026-07-28
hamodia.com	8109	2023-02-02
hampshirechronicle.co.uk	147090	2026-08-02
hampshirereview.com	7471	2026-07-30
hancinema.net	58199	2026-07-28
hanfordsentinel.com	25353	2026-08-02
hani.co.kr	11470	2026-08-02
hannaherald.com	8804	2026-08-02
hannibal.net	11274	2026-08-01
hannity.com	16676	2026-08-02
hapakenya.com	9202	2026-07-31
hapblog.com	8337	2025-05-22
harboroughmail.co.uk	11120	2025-01-23
hardcoregamer.com	13258	2026-07-31
hardenexpress.com.au	46686	2026-08-02
hardwoodparoxysm.com	8999	2026-07-31
harnesslink.com	28190	2026-08-01
harpersbazaar.com	24791	2026-08-02
harringayonline.com	46980	2026-08-02
harrisondaily.com	22198	2026-08-02
harrogate-news.co.uk	6117	2026-08-02
harrogateadvertiser.co.uk	15619	2025-01-23
harrowtimes.co.uk	94677	2026-08-02
hartenergy.com	8026	2025-09-18
hartfordbusiness.com	20816	2026-08-01
hartfordcitynewstimes.com	37094	2026-07-29
hartlepoolmail.co.uk	13236	2025-01-23
harvard.edu	14249	2026-08-01
harwichandmanningtreestandard.co.uk	126132	2026-08-02
hauraki.co.nz	9233	2026-07-31
havanatimes.org	6753	2026-08-02
havasunews.com	36774	2026-08-02
havredailynews.com	12009	2026-07-19
hawaii.edu	8661	2026-08-02
hawaiinewsnow.com	43029	2026-08-02
hawaiipublicradio.org	26467	2026-08-01
hawaiitelegraph.com	122645	2026-08-02
hawaiitribune-herald.com	18750	2026-08-02
hawkesburygazette.com.au	56749	2025-07-28
hayspost.com	32325	2026-08-02
hazard-herald.com	27997	2026-08-02
hcamag.com	9972	2026-07-31
hccommunityjournal.com	9709	2026-08-02
hcplive.com	11811	2026-03-27
hd983.com	16151	2026-07-03
hdnews.net	6727	2026-08-02
headlineplanet.com	8694	2026-08-02
healio.com	38857	2026-08-02
health.com	6689	2026-03-17
healthcanal.com	7276	2025-02-04
healthcaredive.com	7762	2026-07-31
healthcarefinancenews.com	5465	2026-06-03
healthcareitnews.com	14929	2026-06-04
healthday.com	6663	2026-07-31
healthleadersmedia.com	15931	2026-06-30
heart.co.uk	21143	2026-07-31
heartfm.ca	13609	2026-08-02
heaven1460.com	9104	2026-07-20
heavy.com	23260	2026-06-18
hedgeweek.com	6175	2026-05-20
helenair.com	64032	2026-08-02
helihub.com	5597	2024-07-26
hellenicshippingnews.com	160414	2026-08-02
hellobeautiful.com	5361	2026-07-31
hellomagazine.com	106066	2026-08-02
helsinkitimes.fi	6399	2026-08-02
hemeltoday.co.uk	10711	2025-01-23
hendersondispatch.com	15974	2026-08-01
hendersonvillelightning.com	6322	2026-08-02
henleystandard.co.uk	10964	2026-08-02
henricocitizen.com	5955	2026-08-02
henryherald.com	63898	2026-07-31
hepburnadvocate.com.au	48348	2026-08-02
her.ie	53028	2026-06-26
herald-citizen.com	11530	2026-08-01
herald-dispatch.com	53317	2026-08-02
herald-review.com	67753	2026-08-01
herald-zeitung.com	14287	2026-08-01
herald.co.zw	61471	2025-01-23
heraldandnews.com	22967	2026-08-01
heraldbanner.com	8787	2026-08-02
heraldbulletin.com	61288	2026-08-02
heraldcourier.com	40940	2026-07-27
heralddemocrat.com	9152	2026-08-01
heraldextra.com	19556	2026-08-02
heraldglobe.com	150787	2026-08-02
heraldgoa.in	14646	2026-08-02
heraldlive.co.za	30798	2025-01-25
heraldmailmedia.com	43614	2023-09-11
heraldmalaysia.com	22801	2026-03-11
heraldnet.com	18188	2026-08-02
heraldnews.com	11208	2023-09-11
heraldpalladium.com	36462	2026-08-02
heraldscotland.com	146390	2026-08-02
heraldseries.co.uk	133601	2026-08-02
heraldstandard.com	19874	2026-08-02
heraldstaronline.com	20666	2026-08-01
heraldsun.com.au	122647	2024-07-31
heraldtribune.com	22337	2023-09-11
herefordtimes.com	66811	2026-08-02
heritage.org	39648	2026-07-23
heritagefl.com	10004	2026-07-30
hermistonherald.com	7555	2026-08-01
hertfordshiremercury.co.uk	22775	2025-11-04
hertsad.co.uk	38623	2026-08-02
hexham-courant.co.uk	129008	2026-08-02
hexus.net	6999	2025-02-25
hiawathaworldonline.com	37472	2026-07-27
hickoryrecord.com	49219	2026-08-02
hiddenremote.com	6487	2026-08-01
highlandcountypress.com	24223	2026-08-02
highlandradio.com	53655	2026-08-02
highrivertimes.com	8993	2026-08-02
highschoolot.com	5755	2026-06-09
highsnobiety.com	21864	2026-08-02
highway989.com	9762	2026-07-01
hillingdontimes.co.uk	119662	2026-08-02
hillsdale.net	5253	2023-09-11
hilltimes.com	7973	2026-08-02
hindi.cri.cn	10012	2026-08-02
hindustantimes.com	512433	2026-08-02
hiphopdx.com	39549	2026-05-18
hiphopnc.com	11636	2026-08-02
hiphopwired.com	11689	2026-08-01
hirunews.lk	7226	2026-03-05
history.com	12249	2026-08-01
historyextra.com	5289	2026-08-02
hitc.com	90802	2026-08-02
hitconsultant.net	9295	2026-07-31
hits1053sanantonio.com	6734	2026-07-31
hits96.com	18174	2026-07-30
hits973.com	9650	2026-08-01
hitsfm.net	44510	2026-08-01
hjnews.com	24623	2026-08-01
hltv.org	128348	2025-08-12
hngn.com	51195	2026-08-02
hngnews.com	43571	2026-08-02
hoganstand.com	26329	2026-08-02
hogshaven.com	9866	2026-08-02
hola.com	23838	2026-08-02
hollandsentinel.com	16685	2023-09-10
hollywoodlife.com	31449	2026-06-24
hollywoodreporter.com	70347	2026-08-02
homelandsecuritynewswire.com	9203	2026-07-31
homenewshere.com	65974	2026-08-02
homernews.com	5174	2026-08-01
hometownregister.com	115785	2026-08-02
hometownsource.com	75785	2026-08-02
hometownstation.com	24046	2026-08-02
hometownstations.com	72089	2026-08-02
hongkongherald.com	46833	2026-08-02
honisoit.com	6531	2026-08-02
honolulumagazine.com	9489	2026-08-02
hoodline.com	5815	2025-01-23
hopestandard.com	38235	2026-08-02
horseandhound.co.uk	18687	2026-08-02
hortweek.com	23116	2026-07-02
hospitalitydesign.com	5886	2026-08-02
hospitalitynet.org	56909	2026-06-29
hot101.com	10551	2026-08-02
hot1017.com	6653	2025-01-24
hot1029.com	15120	2026-08-01
hot1033.com	9301	2026-08-02
hot1047.com	28347	2026-08-02
hot105fm.com	6957	2026-08-01
hot1077radio.com	9015	2026-08-02
hot96.com	34568	2026-08-02
hot967.fm	5584	2023-03-17
hot967fm.com	26640	2026-08-01
hot969boston.com	24946	2026-08-02
hot97.com	17338	2026-07-31
hot975fm.com	16829	2026-08-02
hotair.com	91672	2026-08-02
hotaugusta.com	14752	2026-08-02
hotcountrybull.com	7573	2024-01-26
hoteliermiddleeast.com	7467	2023-03-21
hotelnewsresource.com	10995	2026-08-01
hotelscombined.com	5941	2026-08-01
hothardware.com	11546	2026-08-02
hotpress.com	15882	2026-08-02
hotspotatl.com	10772	2026-08-02
houmatoday.com	11760	2023-09-11
houseandgarden.co.uk	6321	2026-07-31
housebeautiful.com	11355	2026-08-02
housingwire.com	16196	2026-08-02
houstonchronicle.com	122357	2025-07-23
houstonherald.com	13152	2026-08-01
houstoniamag.com	5710	2026-08-02
houstonianonline.com	8916	2026-07-19
houstonpress.com	7678	2026-08-02
houstonpublicmedia.org	29159	2026-08-02
houstontexans.com	5275	2026-08-02
howestreet.com	10970	2026-08-02
howstuffworks.com	14191	2026-04-20
howtogeek.com	30301	2026-08-02
hpherald.com	5637	2026-08-01
hpj.com	14509	2026-08-02
hppr.org	49748	2026-08-02
hpr2.org	8519	2021-06-02
hrmagazine.co.uk	19243	2026-05-29
hrreporter.com	6689	2026-08-01
hrw.org	11941	2026-08-01
hsj.co.uk	13651	2025-09-05
htrnews.com	10229	2023-09-11
htsstlucia.org	6178	2026-08-02
htxt.co.za	12019	2026-07-31
hub-4.com	6222	2026-08-02
hubcityradio.com	7880	2026-08-02
hubspot.com	7679	2026-07-30
hucknalldispatch.co.uk	11608	2025-01-23
hudsoncountyview.com	10511	2026-08-02
hudsonreporter.com	7874	2026-04-24
hudsonstarobserver.com	6117	2026-08-02
hudsonvalley360.com	28171	2024-04-23
hudsonvalleycountry.com	43664	2026-08-02
huewire.com	25115	2026-07-10
huffingtonpost.ca	6676	2021-03-09
huffingtonpost.co.uk	41015	2026-08-02
huffpost.com	59784	2026-07-26
hulldailymail.co.uk	101618	2026-08-02
human-wrongs-watch.net	5228	2026-03-01
humanevents.com	9276	2026-08-02
humanitariannews.org	105823	2021-09-28
humanresourcesonline.net	7846	2026-07-31
humboldtjournal.ca	32771	2021-07-29
hungarytoday.hu	24833	2026-08-02
huntspost.co.uk	39442	2026-08-02
hup.hu	6521	2026-07-06
hurriyetdailynews.com	44443	2026-08-02
huskeradio.com	11884	2026-07-24
hutchnews.com	11848	2023-09-10
hydrocarbonprocessing.com	13637	2026-07-31
hypebeast.com	63481	2026-02-15
hypebot.com	12914	2026-07-31
hyperallergic.com	10137	2026-08-01
i1071.com	8884	2021-04-30
i24news.tv	27507	2026-08-02
i95rock.com	15636	2026-08-02
i95rocks.com	19239	2026-08-01
iafrica.com	22418	2026-07-31
iam-media.com	5328	2026-03-21
ianslive.in	299223	2026-08-02
ibcworldnews.com	24706	2026-08-02
iberianet.com	8444	2022-06-22
iberkshires.com	36588	2026-08-02
iberonews.com	6107	2026-07-31
ibinews.com	10505	2025-09-04
ibj.com	7852	2026-07-31
ibtimes.co.in	58027	2026-08-02
ibtimes.co.uk	73015	2026-08-02
ibtimes.com	193233	2026-08-02
ibtimes.com.au	32056	2026-08-02
ibtimes.sg	7279	2026-03-16
icaew.com	8137	2026-07-31
icenews.is	9778	2026-08-02
iconnect007.com	14962	2026-06-11
icsf.net	13171	2026-07-31
idahobusinessreview.com	7707	2026-06-04
idahopress.com	79305	2026-08-02
idahostatejournal.com	92920	2026-08-02
idahostatesman.com	5302	2024-07-30
ideastream.org	19256	2026-08-02
idg.com.au	6314	2023-02-14
idrw.org	66249	2026-08-02
idsnews.com	12727	2026-08-02
ieyenews.com	17503	2026-03-17
ifa.com.au	6640	2026-06-25
ifamagazine.com	11527	2026-01-16
ifiberone.com	57438	2023-02-15
igamingbusiness.com	15123	2026-07-31
igberetvnews.com	7537	2025-11-26
ign.com	81126	2026-08-02
iheart.com	15111289	2026-08-02
ijpr.org	32750	2026-08-02
ijr.com	5157	2026-03-19
ilfordrecorder.co.uk	29299	2026-08-02
illawarramercury.com.au	99043	2026-08-02
illinoistimes.com	9476	2026-08-01
ilonggotechblog.com	9735	2026-07-22
ilovebobfm.com	9714	2026-08-02
iloveqatar.net	6388	2025-11-27
imemc.org	10235	2026-08-02
imore.com	27836	2025-05-23
imparcialoaxaca.mx	5071	2026-04-01
impartialreporter.com	119103	2026-08-02
imt.ie	5873	2026-08-01
in-cumbria.com	14901	2026-08-01
in.gr	6888	2026-08-02
inc.com	5320	2025-08-22
inc42.com	11305	2024-02-02
indaily.com.au	8422	2025-01-20
indcatholicnews.com	9254	2026-08-02
inddist.com	9485	2025-10-03
indeonline.com	8553	2023-09-11
independantexpress.com	14258	2026-02-17
independent.co.uk	260932	2026-08-02
independent.com	17336	2026-08-02
independent.com.mt	24390	2026-08-02
independent.ie	289738	2026-05-19
independentnews.com	25124	2026-08-02
independentsentinel.com	45911	2026-06-10
independenttribune.com	46416	2026-08-02
india.com	282169	2026-02-23
indiablooms.com	35177	2026-08-02
indiaeducationdiary.in	57503	2026-08-02
indiagazette.com	260674	2026-08-02
indiainfoline.com	11924	2026-07-31
indianagazette.com	5626	2026-03-19
indianapolisrecorder.com	5862	2026-04-02
indianautosblog.com	9032	2026-07-13
indiancooperative.com	14383	2026-08-01
indianewengland.com	27684	2026-08-01
indianexpress.com	484102	2026-07-31
indiantelevision.com	24132	2025-01-23
indianweekender.co.nz	14496	2026-08-02
indiapost.com	10381	2026-08-01
indiatimes.com	2634161	2026-08-02
indiatoday.in	181286	2026-06-29
indiatvnews.com	127245	2026-07-15
indiawest.com	25524	2026-06-22
indiedb.com	15816	2025-11-16
indiewire.com	16378	2026-08-02
indonesiatribune.com	16814	2026-07-29
industrialinfo.com	10087	2026-07-31
industrytoday.co.uk	5784	2024-08-30
indysmix.com	10709	2026-08-02
indystar.com	25111	2023-09-11
indyweek.com	5238	2026-02-12
inews.co.uk	6840	2026-06-09
inewsgr.com	12968	2026-08-02
inferse.com	6265	2026-07-27
infiniteunknown.net	11693	2025-04-11
infonews.co.nz	8611	2026-08-02
inform.kz	15122	2023-09-17
informationng.com	37215	2026-08-02
informationweek.com	6876	2026-07-31
inforum.com	96873	2026-08-02
infosecurity-magazine.com	11706	2026-07-31
infotechlead.com	6634	2026-08-02
infotel.ca	204502	2026-05-01
infowars.com	37273	2025-06-05
infoworld.com	9459	2026-07-31
inlander.com	12962	2026-08-01
inlandnewstoday.com	17332	2026-08-01
inman.com	20720	2026-07-07
inmaricopa.com	9147	2026-08-02
innovationintextiles.com	5624	2026-07-31
innovationtoronto.com	12603	2025-07-14
inquirer.com	77992	2026-08-02
inquirer.net	247882	2026-07-29
inquisitr.com	72061	2025-05-14
insidebitcoins.com	25595	2026-07-24
insideclimatenews.org	5881	2026-06-23
insideedition.com	15008	2025-09-11
insideevs.com	27545	2026-08-02
insidefutbol.com	17092	2026-08-02
insidefutures.com	7921	2020-12-29
insidehalton.com	13209	2026-08-02
insidehighered.com	9322	2026-05-12
insideindianabusiness.com	21305	2026-07-31
insidelacrosse.com	6347	2024-12-01
insidenova.com	68942	2026-08-02
insideottawavalley.com	8886	2026-08-02
insidepulse.com	6933	2026-07-31
insider.com	15591	2024-01-08
insideretail.asia	8817	2026-07-31
insidermedia.com	8897	2025-01-23
insidermonkey.com	172852	2026-08-01
insidethegames.biz	24663	2024-09-13
insidetheiggles.com	7156	2026-08-02
insightnews.com	6572	2026-08-02
instinctmagazine.com	5239	2026-08-02
institutionalinvestor.com	6333	2025-12-11
instyle.com	18917	2026-03-17
insuranceage.co.uk	7840	2026-07-31
insurancebusinessmag.com	30473	2026-07-31
insuranceinsider.com	7696	2026-07-28
insurancejournal.com	72083	2026-08-02
insurancenewsnet.com	70667	2026-06-04
integra927.com	5224	2024-06-03
intelligencer.ca	50031	2026-08-02
intelligentinsurer.com	11837	2026-07-29
interest.co.nz	14353	2026-08-02
interestingengineering.com	6703	2026-03-19
interfax.com	40978	2026-03-19
interfax.com.ua	60974	2026-08-01
intergameonline.com	15693	2026-05-17
interior-news.com	27787	2026-08-02
interlochenpublicradio.org	35600	2026-08-01
international-adviser.com	7931	2026-07-31
internationaltimes.it	5830	2026-08-02
intouchweekly.com	13538	2026-08-02
intrafish.com	14681	2026-07-31
inverelltimes.com.au	53871	2026-08-02
inverness-courier.co.uk	79762	2026-08-02
investegate.co.uk	549951	2026-08-01
investing.com	84818	2026-03-26
investinglive.com	15093	2026-08-02
investingnews.com	18616	2026-07-31
investmentexecutive.com	18558	2026-08-02
investmentnews.com	16368	2026-08-02
investmentwatchblog.com	55449	2026-08-02
investmentweek.co.uk	18097	2026-07-31
investopedia.com	18705	2026-03-17
investordaily.com.au	10101	2026-06-24
investorideas.com	8203	2026-07-31
investorplace.com	21494	2026-07-31
investors.com	45794	2026-08-01
investorschronicle.co.uk	12396	2026-08-01
invezz.com	37889	2025-09-23
inyourpocket.com	5323	2026-08-02
iol.co.za	227944	2025-01-23
iomtoday.co.im	27374	2026-08-02
iowapublicradio.org	49891	2026-08-02
iowastatedaily.com	6821	2026-07-30
ipe.com	9537	2025-09-04
ipolitics.ca	10831	2025-04-24
ipowerrichmond.com	12963	2026-08-02
ippmedia.com	8175	2025-02-26
ipsnews.net	18006	2026-07-31
ipswichadvertiser.com.au	21261	2020-06-29
ipswichstar.co.uk	92584	2026-08-02
ipwatchdog.com	9173	2026-08-02
iradio.ie	8814	2026-07-30
iranherald.com	68352	2026-08-02
iranoilgas.com	6978	2026-08-02
iraq-businessnews.com	6573	2026-08-02
iraqsun.com	81354	2026-08-02
irasciblemusings.com	20726	2024-01-20
irishamerica.com	6788	2026-07-27
irishcentral.com	19121	2026-08-02
irishdentist.ie	6522	2026-07-30
irishecho.com	5505	2026-07-31
irishexaminer.com	120699	2026-08-02
irishmirror.ie	174327	2026-08-02
irishnews.com	85027	2026-08-02
irishsun.com	48174	2026-08-02
irishtimes.com	221512	2026-08-02
ironmountaindailynews.com	24697	2026-08-01
irrawaddy.com	10690	2025-12-09
irrigator.com.au	52227	2026-08-02
irvinetimes.com	92839	2026-08-02
islamicinvitationturkey.com	12275	2026-08-02
island.lk	54091	2026-07-27
islandpacket.com	5017	2024-07-29
islands.com	23938	2026-08-02
islingtongazette.co.uk	28964	2026-08-02
islingtontribune.co.uk	6151	2026-07-24
ispreview.co.uk	5506	2026-08-02
israelherald.com	36993	2026-08-02
israelnationalnews.com	247009	2026-08-02
israeltoday.co.il	6119	2025-04-16
isthmus.com	15635	2026-08-02
it-online.co.za	82086	2026-08-01
italian.cri.cn	10843	2026-08-02
itbrief.co.nz	13335	2026-07-31
itbusinessnet.com	162490	2026-08-01
itechpost.com	17993	2026-08-02
itemlive.com	12392	2026-08-02
itemonline.com	17902	2026-08-01
ithaca.com	6357	2026-08-02
ithacajournal.com	5125	2023-09-11
itnews.com.au	11361	2026-08-02
itnewsafrica.com	10405	2026-07-31
itnewsonline.com	130976	2026-08-02
itnonline.com	8031	2026-07-31
itp.net	8530	2023-03-21
itpro.co.uk	9219	2023-04-11
itsnicethat.com	7834	2026-07-31
itv.com	100917	2025-06-02
itweb.co.za	14307	2026-07-31
itwire.com	23040	2026-08-02
ivpressonline.com	91434	2026-08-01
iwf.org	6281	2025-09-09
iwradio.co.uk	54156	2026-08-01
j-14.com	5231	2025-08-11
jacarandafm.com	47656	2026-08-02
jacksonprogress-argus.com	67403	2026-08-02
jacksonsun.com	6477	2023-09-11
jacksonville.com	16128	2023-09-11
jacksonvilleprogress.com	10781	2026-08-02
jagonews24.com	28631	2026-04-15
jagranjosh.com	81713	2026-08-02
jaguars.com	6929	2026-08-02
jalopnik.com	25767	2026-08-02
jamaica-gleaner.com	91286	2026-08-02
jamaica-star.com	40291	2026-07-31
jamaicantimes.com	40458	2026-08-02
jamaicaobserver.com	220919	2026-08-02
jambands.com	6960	2026-08-02
jambase.com	11492	2025-12-12
jamestown.org	5177	2026-07-31
jamestownsun.com	52355	2026-08-02
janes.com	20540	2026-07-30
japanherald.com	66883	2026-08-02
japantimes.co.jp	118940	2026-07-31
japantoday.com	72545	2026-08-02
jaxdailyrecord.com	8843	2024-01-03
jaysjournal.com	5097	2026-08-02
jayski.com	6195	2025-01-18
jbhe.com	9243	2026-07-31
jckonline.com	8147	2026-07-31
jcnnewswire.com	16709	2026-08-01
jconline.com	6301	2023-09-10
jcpost.com	27192	2026-08-02
jdnews.com	12883	2026-08-02
jdsupra.com	313287	2026-07-15
jeepforum.com	5241	2026-06-11
jerseyeveningpost.com	82368	2026-08-02
jewishjournal.com	10648	2023-03-03
jewishlink.news	5362	2023-06-17
jewishpress.com	41805	2026-08-02
jewishtimes.com	5141	2026-07-31
jewishworldreview.com	8528	2026-07-31
jezebel.com	10045	2026-08-02
jg-tc.com	57061	2026-08-02
jhnewsandguide.com	17930	2026-07-31
jhu.edu	18515	2026-08-02
jns.org	32069	2026-08-02
joblo.com	39802	2026-07-30
joe.co.uk	22824	2026-04-16
joe.ie	23908	2026-04-15
johnogroat-journal.co.uk	46513	2026-08-02
johnsoncitypress.com	21521	2025-12-16
jonathanturley.org	7508	2026-08-02
joplinglobe.com	89903	2026-08-02
jordantimes.com	57487	2026-08-02
jose947.com	15323	2025-03-13
journal-advocate.com	29705	2026-08-02
journal-news.com	38658	2026-08-02
journal-news.net	28012	2026-08-01
journal-spectator.com	9839	2025-11-25
journal-topics.com	8743	2026-08-02
journal.com.ph	14781	2026-08-02
journalgazette.net	78747	2026-08-02
journalinquirer.com	22390	2023-06-03
journalism.co.uk	5482	2026-07-31
journalismpakistan.com	7223	2026-08-02
journalnow.com	73474	2026-08-02
journalpatriot.com	10327	2026-08-02
journalpioneer.com	22877	2020-11-11
journalrecord.com	37118	2026-06-03
journalreview.com	10935	2026-08-01
journalstandard.com	5432	2023-09-10
journalstar.com	111276	2026-08-02
journaltimes.com	69581	2026-08-01
jowhar.com	7953	2026-08-02
jox2fm.com	41278	2025-07-23
joxfm.com	18337	2026-08-02
joy.org.au	11860	2026-08-02
jpost.com	172626	2026-08-02
jsonline.com	32169	2023-09-11
jta.org	11234	2025-05-12
jtv.com	50621	2026-07-26
jumpradio.ca	7573	2026-06-29
juneauempire.com	8034	2026-08-02
juneesoutherncross.com.au	104149	2026-08-02
juniorminingnetwork.com	20578	2026-08-01
junkee.com	6676	2026-02-19
jurist.org	6889	2026-03-19
just-auto.com	11236	2026-07-31
just-drinks.com	7575	2026-07-31
just-food.com	8897	2026-07-31
just-style.com	9142	2026-07-31
justarsenal.com	17527	2026-08-02
justblogbaby.com	5652	2026-08-02
justice.gov	5015	2025-11-26
justiceinfo.net	9627	2026-08-02
justicenewsflash.com	7822	2026-07-14
justjared.com	611881	2026-07-05
justjaredjr.com	121445	2026-07-28
justmeans.com	17128	2023-01-06
justsecurity.org	5482	2026-07-31
juxtapoz.com	6197	2026-05-13
jweekly.com	11243	2026-08-02
jwire.com.au	13910	2026-07-22
k100country.com	5828	2026-08-02
k101fm.net	41439	2026-04-22
k1047.com	23442	2026-08-02
k105.com	12301	2026-07-16
k12.wi.us	18157	2026-07-29
k2radio.com	26337	2026-08-02
k923orlando.com	8935	2026-08-02
k945.com	38255	2026-08-01
k96fm.com	17177	2026-08-02
k985.com	5843	2020-12-09
k99.com	22163	2026-08-02
k99online.com	6541	2026-01-28
k99wigm.com	7999	2026-07-31
kaaltv.com	75975	2026-03-17
kabc.com	30200	2026-08-02
kachwanya.com	7085	2026-08-01
kacu.org	56366	2026-08-02
kafe.com	5617	2026-08-02
kagstv.com	38121	2026-06-06
kaieteurnewsonline.com	30914	2026-08-02
kait8.com	34368	2026-08-02
kajo.com	5770	2026-08-02
kake.com	51083	2026-08-02
kalb.com	17500	2026-08-02
kalw.org	48448	2026-08-02
kamcity.com	15232	2025-11-18
kamloopsbcnow.com	12249	2026-08-02
kamloopsthisweek.com	20035	2023-10-27
kansascity.com	5375	2024-07-30
kansaspublicradio.org	23547	2026-08-02
kanw.com	37966	2025-07-07
kaok.com	41855	2026-08-02
kare11.com	62042	2026-06-25
karennews.org	7321	2026-07-31
karriere.at	11037	2024-03-25
kashmirlife.net	42296	2026-08-02
kashmirreader.com	49773	2026-08-02
kashmirtimes.com	19642	2026-08-01
kashmirtimes.in	16699	2025-04-18
kasu.org	94753	2026-08-02
katc.com	46855	2026-08-02
katcountry989.com	44834	2026-07-31
katherinetimes.com.au	62756	2026-08-02
kathmandupost.com	27806	2026-08-02
katm.com	6226	2026-08-02
katsfm.com	43079	2026-08-02
katt.com	9358	2026-08-02
katu.com	42802	2026-08-02
katv.com	35157	2026-08-02
kawc.org	63172	2026-08-02
kawowo.com	7156	2026-08-02
kazu.org	67446	2026-08-02
kbat.com	27446	2026-08-02
kbcy.com	5477	2026-08-02
kber.com	8770	2026-08-02
kbew98country.com	5019	2026-08-01
kbft.org	7843	2026-07-31
kbhbradio.com	8708	2025-01-23
kbia.org	37486	2026-08-02
kbnd.com	7440	2026-07-31
kbnwnews.com	5548	2026-07-19
kboo.fm	6788	2026-08-01
kbrx.com	7756	2026-07-31
kbs.co.kr	64547	2026-08-02
kbtt.fm	20146	2026-07-04
kbtx.com	27984	2026-08-02
kbull93.com	13417	2022-09-06
kbur.com	16637	2026-07-29
kbzk.com	38953	2026-08-02
kcbd.com	30528	2026-08-02
kcbx.org	31516	2026-08-02
kcby.com	34626	2026-08-02
kcchronicle.com	7039	2023-05-01
kcci.com	83753	2026-08-02
kccu.org	58092	2026-08-02
kcentv.com	51557	2026-06-06
kcet.org	7715	2023-09-25
kchanews.com	10425	2026-07-31
kciiradio.com	24150	2026-07-31
kclr96fm.com	8440	2026-08-02
kclu.org	46796	2026-08-02
kcra.com	111361	2026-08-02
kcrg.com	36647	2026-08-02
kcrr.com	26312	2026-08-02
kcrw.com	21945	2026-01-30
kctv5.com	41702	2026-08-02
kcur.org	16215	2026-08-02
kdal610.com	12741	2025-09-30
kdat.com	45525	2026-08-02
kdhlradio.com	58228	2026-08-02
kdhnews.com	89560	2026-08-02
kdks.fm	16607	2026-07-04
kdlg.org	17369	2025-01-27
kdminer.com	6543	2026-08-02
kdramastars.com	20561	2026-08-02
kdrv.com	29770	2026-08-02
kdux.com	9743	2026-07-17
kdvr.com	6504	2026-02-17
kdwn.com	7218	2022-11-12
keanradio.com	21065	2026-08-02
kearneyhub.com	50094	2026-07-29
kecofm.com	9017	2026-07-19
kedm.org	55772	2026-08-02
keighleynews.co.uk	131539	2026-08-02
kekbfm.com	33376	2026-08-02
kelo.com	81796	2026-08-02
kelofm.com	17856	2026-08-02
kelownacapnews.com	53442	2026-08-02
kelownadailycourier.ca	61012	2026-08-02
kenoraonline.com	7083	2025-08-25
kenoshanews.com	7298	2025-08-27
kens5.com	72133	2026-06-05
kentlive.news	5708	2026-07-02
kentonline.co.uk	95393	2026-08-02
kentuckynewera.com	34599	2026-08-01
kenw.org	42478	2026-08-02
kenyan-post.com	44751	2026-08-02
kenyans.co.ke	16332	2026-03-18
kenyastar.com	67012	2026-08-02
keprtv.com	25980	2026-06-05
keranews.org	24694	2026-08-02
kerrang.com	13468	2026-07-31
kesn1033.com	9325	2020-10-06
kesq.com	81010	2026-08-02
ketchikandailynews.com	6912	2026-08-02
ketr.org	48317	2026-08-02
ketv.com	78758	2026-08-02
kevinmd.com	18014	2026-05-27
keyc.com	18858	2026-08-02
keyj.com	20591	2026-08-02
keysnews.com	49978	2026-08-02
keyt.com	103738	2026-08-02
keyw.com	24908	2026-08-02
kezi.com	27905	2026-08-02
kezj.com	21993	2026-08-02
kfdi.com	10996	2026-01-28
kfdm.com	33476	2026-08-02
kffm.com	29273	2026-08-01
kfgo.com	72031	2026-08-02
kfilradio.com	61311	2026-08-02
kfiz.com	10620	2026-08-02
kfm.co.ug	8614	2026-04-20
kfm.co.za	9754	2024-01-15
kfmx.com	31148	2026-08-02
kfor.com	7646	2026-06-11
kfox95.com	28313	2026-08-01
kfoxtv.com	38929	2026-08-02
kfqd.com	6516	2026-07-31
kfru.com	37928	2026-08-02
kfrxfm.com	17292	2026-07-13
kfvs12.com	51203	2026-08-02
kfyo.com	19164	2026-07-31
kfyrtv.com	28941	2026-08-02
kgab.com	6496	2026-03-06
kggo.com	10435	2026-08-02
kgmi.com	7909	2024-01-16
kgmo.com	7189	2026-07-15
kgns.tv	22868	2026-08-02
kgoradio.com	26604	2022-10-06
kgou.org	66482	2026-08-02
kgw.com	58191	2026-07-14
khaama.com	22110	2026-08-02
khak.com	39115	2026-08-02
khaleejtimes.com	156186	2026-07-30
khaosodenglish.com	9434	2025-01-23
khay.com	5474	2026-08-02
khit1075.com	22106	2026-08-02
khits.com	51156	2026-06-22
khmertimeskh.com	29011	2025-07-08
khop.com	10316	2026-08-02
khou.com	72508	2026-06-06
khq.com	83080	2026-08-02
khqa.com	31554	2026-08-02
kicdam.com	7503	2024-07-31
kickam1530.com	24445	2026-08-02
kickoff.com	30822	2026-08-02
kicks105.com	20445	2026-08-02
kicks1063.com	11445	2026-08-01
kicks99.com	15741	2026-08-02
kickscountry.com	5004	2026-07-23
kicksonfire.com	45793	2026-06-01
kidderminstershuttle.co.uk	113646	2026-08-02
kiiitv.com	55653	2026-06-05
kiimfm.com	6183	2026-08-02
kikn.com	32260	2026-08-02
kilburntimes.co.uk	47809	2026-08-02
kildare-nationalist.ie	55694	2026-08-02
kilgorenewsherald.com	11766	2026-08-02
kilkennypeople.ie	58431	2026-05-14
kimatv.com	28907	2026-06-06
kimberleybulletin.com	29166	2026-08-02
kimt.com	57785	2026-08-02
kincardinenews.com	21462	2026-08-02
king5.com	67787	2026-06-05
kingdomfm.co.uk	18364	2025-01-03
kingfm.com	35598	2026-08-02
kingfut.com	10137	2026-08-01
kingstonthisweek.com	36695	2026-03-26
kinja.com	15310	2026-04-27
kink.fm	5468	2026-07-30
kinston.com	7610	2026-08-02
kion546.com	5562	2025-08-21
kios.org	47562	2026-07-28
kiow.com	15680	2026-08-02
kiplinger.com	15000	2026-08-02
kirksvilledailyexpress.com	8647	2026-08-02
kiro7.com	63985	2026-08-02
kism.com	9470	2026-07-31
kiss-1031.com	9146	2026-08-02
kiss951.com	29905	2026-07-31
kisscasper.com	24921	2026-08-02
kissfm969.com	25574	2026-08-02
kissrocks.com	7933	2026-08-01
kisswtlz.com	21839	2026-07-31
kitchener.citynews.ca	6837	2025-01-26
kitchener.ctvnews.ca	24550	2025-01-23
kitchenertoday.com	6824	2021-10-17
kitco.com	27357	2026-08-01
kitguru.net	21565	2026-08-02
kitsapsun.com	5916	2023-09-11
kitv.com	59112	2026-08-02
kivitv.com	7643	2026-03-19
kiwaradio.com	13612	2026-08-02
kiwiblog.co.nz	8882	2026-08-02
kix106.com	5970	2026-08-02
kix953.com	14883	2026-07-17
kix96.com	5948	2026-08-02
kixi.com	9184	2026-07-31
kixs.com	19184	2026-08-02
kixweb.com	7538	2026-07-23
kizn.com	6905	2026-08-02
kjas.com	10933	2026-08-02
kjct8.com	20558	2026-08-02
kjlhradio.com	6607	2026-07-31
kjmo.com	7596	2025-03-17
kjo1055.com	5498	2026-08-01
kjrh.com	18401	2026-08-02
kjzz.org	38538	2026-08-02
kkco11news.com	11881	2026-08-02
kkfm.com	13279	2026-08-02
kkgb.com	17841	2026-08-02
kkiq.com	16147	2026-07-31
kkoh.com	75505	2026-08-02
kkrv.com	14774	2026-08-01
kktv.com	25392	2026-08-02
kkyr.com	24420	2026-08-02
kkyx.com	7065	2026-08-02
klake.com	8869	2024-02-15
klaq.com	28992	2026-08-02
klaw.com	26325	2026-08-02
klcc.org	92192	2026-08-02
klce.com	5932	2024-08-29
klewtv.com	26166	2026-06-06
klif.com	78883	2026-08-02
klik1240.com	31383	2024-10-16
klin.com	15004	2026-08-01
klkl.fm	21080	2026-07-02
klkntv.com	37189	2026-08-02
klll.com	8895	2026-08-02
klove.com	5086	2026-07-27
klrc.com	5072	2026-07-31
kltv.com	33980	2026-08-02
klur.com	6104	2026-08-02
klyq.com	6235	2025-03-12
kmaj1440.com	110636	2026-07-20
kmaland.com	29754	2026-08-02
kmbc.com	78406	2026-08-02
kmch.com	11980	2026-08-01
kmfm.co.uk	8714	2026-08-02
kmhk.com	18133	2026-08-02
kmit.com	5062	2026-07-31
kmjnow.com	70355	2026-08-02
kmmo.com	22511	2026-08-01
kmmsam.com	12841	2026-08-02
kmov.com	18034	2023-12-04
kmuw.org	45845	2026-08-02
kmvt.com	18505	2026-08-02
kmxs.com	7562	2026-07-06
kmxt.org	17956	2026-08-02
knac.com	17710	2026-07-31
knau.org	41784	2026-08-02
knbr.com	14484	2025-05-22
knco.com	7406	2026-07-31
kneb.com	8538	2021-03-30
knek.com	20263	2026-08-02
kniakrls.com	48473	2026-04-10
knoe.com	30539	2026-08-02
knopnews2.com	23178	2026-08-02
knoxnews.com	11024	2023-09-11
knoxradio.com	13634	2026-07-31
knpr.org	70463	2026-08-02
knsiradio.com	19456	2026-07-31
knue.com	35328	2026-08-02
knzr.com	12841	2026-05-14
koaa.com	51351	2026-08-02
koamnewsnow.com	30534	2026-08-02
koat.com	63045	2026-08-02
kob.com	132154	2026-08-02
kobi5.com	24639	2026-08-02
koco.com	86934	2026-08-02
kodiakdailymirror.com	6710	2026-08-01
koel.com	25240	2026-07-31
kogt.com	7158	2026-08-02
koimoi.com	71953	2026-08-02
koka.am	21776	2026-08-01
kokomoperspective.com	42673	2023-11-03
kokomotribune.com	60000	2026-08-02
kold.com	42093	2026-08-02
kolotv.com	29023	2026-08-02
komando.com	9977	2026-08-02
komonews.com	35861	2026-08-02
komu.com	51831	2026-08-02
kono1011.com	9295	2026-08-02
kool1017.com	34135	2026-08-02
kool1079.com	29639	2026-08-02
kool965.com	18706	2026-08-02
kool973.com	5256	2026-07-13
kool98.com	7205	2026-07-31
koolam.com	11209	2026-08-01
koolfmabilene.com	19337	2026-08-02
kopsource.com	65646	2024-11-23
koreabizwire.com	47083	2026-02-12
koreabridge.net	5135	2026-08-02
koreaherald.com	134395	2026-08-02
korean.cri.cn	8292	2026-08-02
koreatimes.co.kr	119731	2026-08-02
koreatimesus.com	6498	2025-07-18
kosu.org	32665	2026-05-09
kotaku.com	19089	2026-08-02
kotaku.com.au	19078	2026-07-30
kotaradio.com	8286	2026-08-02
kotatv.com	22088	2026-08-02
kowb1290.com	14255	2026-08-02
koxe.com	13524	2026-08-02
koze.com	10132	2026-07-31
kpax.com	45185	2026-08-02
kpbs.org	51566	2026-08-02
kpcnews.com	67502	2026-08-02
kpcw.org	38217	2026-08-02
kpel965.com	36172	2026-08-02
kpfa.org	13340	2026-08-02
kphrfm.com	11964	2026-07-30
kpic.com	37448	2026-08-02
kpla.com	9283	2026-08-02
kplctv.com	39198	2026-08-02
kpopstarz.com	22597	2026-08-02
kpq.com	14670	2026-08-02
kprs.com	8779	2026-07-30
kptv.com	31990	2026-08-02
kpvi.com	56480	2026-08-02
kqky.com	10095	2026-04-28
kqvt.com	14556	2026-07-31
kqxy.com	10277	2026-08-02
krcgtv.com	38153	2026-08-02
krcoam.com	5925	2022-04-05
krcrtv.com	44311	2026-08-02
krcu.org	66682	2026-08-02
krdo.com	110090	2026-08-02
krem.com	51326	2026-06-26
krforadio.com	53480	2026-08-02
krgv.com	63590	2026-08-02
kristv.com	38474	2026-08-01
krmg.com	31993	2026-08-02
krmsradio.com	5598	2026-08-01
krna.com	27821	2026-08-02
krnb.com	15365	2026-08-02
krny.com	11475	2026-07-31
kroc.com	41660	2026-08-02
krock.com.au	7214	2026-08-02
krock1017fm.com	5079	2021-05-15
krocnews.com	15428	2026-08-02
krod.com	17533	2026-08-01
krqe.com	5338	2025-11-18
krro.com	25528	2026-08-02
krrq.com	20568	2026-08-02
krrvonline.com	13229	2026-08-01
krtv.com	34692	2026-08-02
krvn.com	7917	2021-02-12
krvs.org	25001	2026-08-02
krwg.org	52211	2026-08-02
ks95.com	14868	2026-07-31
ksal.com	11632	2026-08-02
ksam1017.com	6975	2026-08-02
ksat.com	164149	2026-08-02
ksbw.com	63013	2026-08-02
ksby.com	55279	2026-08-02
kscj.com	8781	2026-08-02
ksdk.com	66285	2026-06-06
ksenam.com	13634	2026-08-02
ksfa860.com	14172	2026-08-01
ksfr.org	5994	2026-08-02
ksgf.com	12566	2026-05-23
kshb.com	46295	2026-08-02
kshe95.com	9893	2026-07-31
ksisradio.com	18799	2026-08-02
ksjbam.com	6170	2026-08-01
ksks.com	10789	2026-08-02
ksl.com	139666	2026-08-02
ksla.com	34251	2026-08-02
kslx.com	7436	2026-07-31
ksmb.com	19971	2026-08-02
ksmu.org	88958	2026-08-02
ksnblocal4.com	18373	2026-08-02
ksnt.com	7165	2025-07-16
ksoo.com	5993	2021-08-01
kspr.com	11386	2020-07-08
ksro.com	23115	2025-09-15
kstp.com	59468	2026-03-19
ksusentinel.com	36224	2026-06-19
ksut.org	38342	2026-08-02
kswo.com	27500	2026-08-02
ksyl.com	28573	2026-08-01
ktar.com	56303	2026-06-03
ktbb.com	47600	2026-08-02
ktbs.com	99622	2026-08-02
ktcx.com	6139	2026-08-02
kten.com	50384	2026-08-02
ktep.org	42263	2026-08-02
ktgl.com	8616	2026-07-29
kticradio.com	7000	2021-05-28
ktik.com	7672	2026-08-02
ktiv.com	37199	2026-08-02
ktla.com	8210	2025-05-28
ktnv.com	6090	2026-03-18
ktop1490.com	81763	2026-08-02
ktre.com	22496	2026-08-02
ktsa.com	19207	2026-08-01
kttn.com	17326	2025-11-10
ktts.com	11047	2025-11-23
ktucam.com	9209	2023-08-24
ktul.com	39413	2026-08-02
ktuu.com	8725	2020-07-16
ktvb.com	59027	2026-06-06
ktvh.com	31182	2026-08-02
ktvl.com	5717	2026-08-02
ktvo.com	28953	2026-08-02
ktvq.com	33380	2026-08-02
ktvu.com	65737	2026-08-02
ktvz.com	150682	2026-08-02
ktwb.com	8215	2026-07-31
ktxs.com	33430	2026-08-02
ku.edu	6687	2026-07-31
kuaf.com	47825	2026-08-02
kuam.com	24726	2026-04-30
kucb.org	8847	2026-08-01
kuenselonline.com	10097	2026-08-01
kuer.org	17179	2026-08-01
kugn.com	65465	2026-07-20
kuic.com	14872	2026-08-02
kulr8.com	69363	2026-08-02
kuna.net.kw	50048	2026-02-25
kunc.org	52814	2026-08-02
kunm.org	38295	2026-08-02
kunr.org	27519	2026-08-02
kuow.org	32296	2026-08-02
kurv.com	25050	2026-08-01
kusi.com	21626	2024-01-30
kut.org	13525	2026-08-01
kutx.org	5218	2026-08-02
kuvo.org	10254	2026-08-01
kuwaittimes.com	10873	2025-01-27
kuwaittimes.net	15352	2022-01-04
kuzz.com	6185	2026-08-01
kval.com	40069	2026-08-02
kvia.com	124123	2026-08-02
kvmr.org	8282	2026-08-02
kvnf.org	54900	2026-08-02
kvoa.com	47738	2026-08-02
kvoo.com	8055	2020-12-07
kvor.com	81160	2026-08-02
kvpionline.com	15657	2026-07-31
kvpr.org	35532	2026-08-02
kvrr.com	24578	2026-08-02
kvue.com	62654	2026-06-25
kw3.com	13443	2026-08-02
kwayradio.com	6678	2026-07-31
kwbu.org	78258	2026-08-02
kwcdcountry.com	11104	2026-08-02
kwch.com	28814	2026-08-02
kwhl.com	5397	2026-07-31
kwin.com	23008	2026-08-02
kwiq.com	8476	2026-07-23
kwit.org	74891	2026-08-02
kwqc.com	31062	2026-08-02
kwsn.com	21777	2026-08-02
kwtx.com	26216	2026-08-02
kwwl.com	6192	2026-03-17
kwxx.com	11536	2026-07-23
kx947.fm	6586	2026-08-02
kxel.com	61998	2026-08-01
kxii.com	17601	2026-08-02
kxkx.com	24974	2026-08-02
kxl.com	21855	2026-08-02
kxlf.com	37882	2026-08-02
kxlh.com	31707	2026-08-02
kxly.com	108766	2026-08-02
kxly920.com	16262	2026-08-02
kxrb.com	33120	2026-08-02
kxxv.com	53344	2026-08-02
kxzz1580am.com	8657	2022-01-03
ky3.com	52469	2026-08-02
kygl.com	21611	2026-08-02
kyis.com	9982	2026-08-02
kyivpost.com	66655	2026-08-02
kykz.com	5579	2026-08-02
kyma.com	58319	2026-08-02
kynt1450.com	14674	2026-08-02
kyodonews.net	22835	2026-07-28
kysdc.com	13569	2026-08-02
kyssfm.com	31305	2026-08-02
kyuk.org	26552	2026-08-02
kztv10.com	26285	2026-08-01
kzyx.org	47417	2026-08-02
labelsandlabeling.com	9341	2026-04-07
labmate-online.com	7410	2025-08-07
labusinessjournal.com	6157	2026-07-29
lacrossetribune.com	123919	2026-08-02
ladailypost.com	24269	2026-08-02
ladunliadinews.com	8588	2025-07-28
ladysmithchronicle.com	33773	2026-08-02
lagrandeobserver.com	13303	2026-07-31
lagrangenews.com	6575	2026-08-01
lagunabeachindy.com	5060	2026-07-31
lahainanews.com	5307	2026-08-02
laineygossip.com	14087	2026-07-31
laist.com	38669	2026-08-02
lajollalight.com	5593	2024-06-12
lakeexpo.com	8140	2026-08-01
lakegenevanews.net	29864	2026-07-21
lakenewsonline.com	10909	2026-08-01
lakersnation.com	15757	2026-08-02
lakeshoreadvance.com	23014	2026-08-01
lakeshowlife.com	5981	2026-08-02
lamag.com	10099	2026-08-02
lancashiretelegraph.co.uk	214112	2026-08-02
lancasterfarming.com	10142	2026-08-02
lancasterguardian.co.uk	14852	2025-01-23
lancasteronline.com	97183	2026-08-02
lanereport.com	5004	2026-08-01
lankaweb.com	16092	2026-08-01
lansingstatejournal.com	8274	2023-09-11
laois-nationalist.ie	56926	2026-08-02
laosnews.net	94455	2026-08-02
laprensalatina.com	37186	2026-05-11
laramieboomerang.com	5085	2021-02-04
lasentinel.net	12449	2025-08-23
lasvegasweekly.com	7517	2026-08-02
latestly.com	108148	2025-01-27
latimes.com	183976	2026-08-02
latinamericanpost.com	11161	2026-08-02
latinfinance.com	12256	2026-07-28
latinnews.com	5453	2025-09-15
latinpost.com	19948	2026-07-22
latintimes.com	29090	2026-08-01
latpro.com	42075	2023-03-23
laughingplace.com	17047	2026-08-02
law360.com	147596	2026-08-01
lawandcrime.com	6285	2026-03-17
lawfuel.com	5281	2026-08-01
lawgazette.co.uk	18504	2025-09-05
lawofficer.com	10530	2026-07-31
lawstreetmedia.com	8731	2026-07-30
lawyersweekly.com.au	11704	2026-08-01
lbc.co.uk	76690	2026-08-02
lbcgroup.tv	7553	2026-07-13
lbpost.com	13769	2026-08-02
lcsun-news.com	11231	2023-09-11
leaderherald.com	10592	2023-10-24
leaderlive.co.uk	181548	2026-08-02
leaderpost.com	63439	2026-08-02
leadership.ng	100117	2026-08-02
leadertelegram.com	56363	2026-08-02
leamingtonobserver.co.uk	14307	2026-08-02
leavenworthtimes.com	9903	2026-07-24
lebanon-express.com	21448	2023-04-25
lebanondemocrat.com	81627	2026-08-02
ledburyreporter.co.uk	107483	2026-08-02
ledgertranscript.com	15285	2026-08-01
leducrep.com	16344	2026-08-02
leftfootforward.org	5694	2026-08-02
legalinsurrection.com	16634	2026-08-02
legallyindia.com	22502	2026-08-02
legalnewsline.com	16697	2026-08-01
legit.ng	17884	2026-03-19
legitgov.org	12506	2026-08-01
lehighacrescitizen.com	5458	2026-07-31
lehighvalleylive.com	48122	2026-02-23
leicestermercury.co.uk	116918	2026-08-02
leighjournal.co.uk	98356	2026-08-02
leightonbuzzardonline.co.uk	9193	2025-01-23
leinsterexpress.ie	59110	2026-05-12
leinsterleader.ie	62211	2026-05-12
leitrimobserver.ie	49217	2026-05-14
lelezard.com	35745	2026-06-02
lemonde.fr	9061	2026-04-15
lenconnect.com	10474	2023-09-11
lendio.com	8488	2023-07-02
lep.co.uk	26299	2025-01-23
lestimes.com	7279	2026-07-31
lethbridgeherald.com	63805	2026-08-02
letsrecycle.com	6057	2026-07-31
letsrun.com	12170	2026-06-01
lewistownsentinel.com	15362	2026-08-01
lewrockwell.com	31823	2026-06-04
lex18.com	37453	2026-08-02
lexch.com	23122	2026-08-02
lexology.com	31975	2026-07-15
lfpress.com	24756	2026-08-02
lgbtqnation.com	8913	2026-06-21
lgcplus.com	9873	2026-08-01
libcom.org	5243	2026-08-02
liberianobserver.com	16962	2026-08-01
libertyballers.com	8059	2026-07-31
libn.com	11056	2026-06-03
librivox.org	8545	2026-08-02
lichfieldlive.co.uk	14201	2026-08-02
lifeandstylemag.com	11876	2026-07-24
lifehacker.com	21291	2026-08-02
lifehacker.com.au	22827	2024-10-09
lifenews.com	17901	2026-07-31
lightreading.com	19029	2026-06-15
liherald.com	7283	2026-08-01
liliputing.com	5086	2026-07-22
lillooetnews.net	17763	2020-08-18
limaohio.com	35794	2025-04-15
limerickleader.ie	62755	2026-05-27
limerickpost.ie	12555	2026-08-02
lincolnshireworld.com	14183	2025-01-23
listenupyall.com	7677	2026-07-31
listverse.com	14280	2026-08-02
lite96.com	5798	2024-02-21
lite987.com	28646	2026-08-02
liteonline.com	22846	2026-08-02
literock959.com	22060	2025-03-27
literock969.com	8820	2022-04-18
lithgowmercury.com.au	46554	2026-08-02
littleapplepost.com	24416	2026-08-02
littlehamptongazette.co.uk	6387	2022-02-10
live.com	16087	2020-11-21
live5news.com	38482	2026-08-02
live955.com	10705	2026-08-01
live959.com	13464	2026-08-01
live95fm.ie	17582	2026-08-02
livecharts.co.uk	15273	2026-07-31
livejournal.com	96184	2026-08-02
livelaw.in	73503	2026-08-02
liveleak.com	5908	2021-05-30
livemint.com	223583	2026-08-02
livenews.co.nz	49412	2026-08-02
liverpoolecho.co.uk	212672	2026-08-02
liverpoolfc.com	12955	2026-08-02
livesaildie.com	9439	2026-08-02
livescience.com	16891	2026-08-02
ljworld.com	16380	2026-08-02
lloydslist.com	6574	2025-08-26
lmfm.ie	16378	2026-08-01
lmtonline.com	181735	2026-06-22
lmtribune.com	48149	2026-08-02
lobotero.com	7025	2026-08-02
local10.com	135198	2026-08-02
local12.com	35898	2026-08-02
local21news.com	41069	2026-08-02
local3news.com	48230	2026-08-02
localberkshire.co.uk	9988	2023-03-07
localgov.co.uk	12179	2026-07-31
localmatters.co.nz	6104	2026-07-31
localmemphis.com	55339	2026-06-06
localnews8.com	155338	2026-08-02
lockhaven.com	24362	2026-08-01
lockportjournal.com	24797	2026-08-01
locusmag.com	8767	2025-07-17
lodinews.com	7852	2026-08-02
loeildelaphotographie.com	9555	2025-04-10
loganbanner.com	6503	2026-07-22
logandaily.com	5288	2026-08-01
logisticsmanager.com	5671	2026-07-31
lohud.com	10472	2023-09-11
lombardiave.com	5606	2026-08-02
lompocrecord.com	29364	2026-08-02
london-now.co.uk	15492	2026-08-02
london.ctvnews.ca	22226	2025-01-23
londonlovesbusiness.com	26294	2026-08-02
londonmercury.com	34413	2026-08-02
londontheatre1.com	6162	2026-08-01
lonestar995fm.com	30691	2026-08-02
lonestarball.com	7941	2026-08-02
longbeachstar.com	28882	2024-09-21
longfordleader.ie	53948	2026-05-15
longisland.com	23659	2026-08-02
longislandpress.com	14731	2026-08-02
loopjamaica.com	16567	2021-05-20
loopnews.com	14595	2024-07-21
lordsofpain.net	6837	2020-04-18
losaltosonline.com	7244	2026-08-02
lostcoastoutpost.com	14274	2026-08-02
loudountimes.com	8352	2026-07-31
loudwire.com	20692	2026-08-02
louisianaradionetwork.com	9118	2026-07-31
louisianarecord.com	5312	2025-05-20
lovefm.com	8265	2026-08-01
lovinmalta.com	7683	2026-03-19
lowellsun.com	25734	2026-08-02
lowkickmma.com	24105	2026-08-02
lowvelder.co.za	20975	2023-08-31
lpheralddispatch.com	9394	2026-08-01
lrt.lt	16757	2026-08-02
lse.co.uk	94388	2025-01-23
lsionline.com	14800	2025-11-17
ltn.com.tw	15554	2026-08-02
lubbockonline.com	11096	2023-09-11
ludlowadvertiser.co.uk	124839	2026-08-02
lufkindailynews.com	33817	2026-08-02
lusakatimes.com	16334	2026-03-19
lutontoday.co.uk	13300	2025-01-23
luxtimes.lu	9904	2025-07-21
luxurytravelmagazine.com	12395	2026-08-01
lvb.com	8186	2026-06-04
lynnnews.co.uk	36813	2026-08-02
macaubusiness.com	15766	2025-08-13
macaudailytimes.com.mo	18341	2026-07-31
macdailynews.com	6893	2026-07-31
macleayargus.com.au	65166	2026-08-02
macmegasite.com	8764	2026-01-29
macobserver.com	5646	2025-08-19
macombdaily.com	38788	2026-08-02
macrobusiness.com.au	29908	2026-08-02
macrumors.com	6927	2026-07-10
mactech.com	12369	2026-08-01
macupdate.com	11693	2026-08-02
macworld.com	9031	2026-08-02
madamenoire.com	11165	2026-08-01
madinamerica.com	9854	2026-08-01
madison.com	123093	2026-08-02
madisonrecord.com	9887	2025-05-21
madrock1025.com	29491	2026-06-30
magic1021.com	9723	2026-08-01
magic1029fm.com	10105	2026-08-02
magic106.com	8645	2026-08-02
magic1073fm.com	9006	2026-08-02
magic93fm.com	10323	2026-08-02
magic943fm.com	5023	2026-08-02
magic983.com	17992	2026-07-31
magicbricks.com	8887	2026-08-01
magicvalley.com	78989	2026-08-02
magnoliareporter.com	24366	2026-08-02
mailtimes.com.au	41794	2026-08-02
mailtribune.com	10799	2023-06-01
mainebiz.biz	15426	2026-07-31
mainemirror.com	15741	2026-08-02
mainepublic.org	14418	2026-03-18
mainichi.jp	15562	2026-07-23
mainlinemedianews.com	29093	2026-08-02
mainstreetnews.com	6232	2026-08-02
maitlandmercury.com.au	108748	2026-08-02
makeuseof.com	23521	2026-08-02
malawi24.com	14731	2026-08-02
malawivoice.com	12539	2026-08-02
malaya.com.ph	31133	2026-04-22
malaymail.com	104909	2026-03-19
malaysiakini.com	76982	2026-08-02
malaysiasun.com	66393	2026-08-02
maldivesindependent.com	6986	2026-08-02
maldonandburnhamstandard.co.uk	126168	2026-08-02
maltatoday.com.mt	38916	2026-03-12
malverngazette.co.uk	116398	2026-08-02
mamamia.com.au	28919	2026-08-02
managingmadrid.com	12782	2026-08-02
manchestereveningnews.co.uk	262792	2026-08-02
manchesterjournal.com	12171	2026-08-01
mandurahmail.com.au	72051	2026-08-02
mangalorean.com	53941	2026-08-02
manicapost.co.zw	6458	2025-01-22
manilametro.com	5842	2024-07-24
manilastandard.net	10136	2026-03-18
manilatimes.net	369164	2026-08-02
manitobacooperator.ca	9812	2026-08-02
mankatofreepress.com	96099	2026-08-02
manningrivertimes.com.au	84460	2026-08-02
mansfieldnewsjournal.com	7976	2023-09-11
mantecabulletin.com	9110	2026-08-01
manufacturing.net	21568	2025-10-02
manutd.com	13965	2026-05-04
manxradio.com	21560	2026-08-02
mapleridgenews.com	32007	2026-08-02
maravipost.com	25326	2026-08-02
marca.com	7042	2026-05-24
marcellusdrilling.com	14851	2026-07-31
marconews.com	5934	2023-09-11
mareeg.com	8096	2026-07-04
margaretrivermail.com.au	37228	2025-08-20
marieclaire.co.uk	15966	2026-08-02
marieclaire.com	23477	2026-08-02
mariettatimes.com	18810	2026-08-01
marinecorpstimes.com	7890	2026-07-31
marinelink.com	29319	2026-08-02
marinelog.com	9329	2025-11-20
marinetechnologynews.com	7233	2026-07-31
marinij.com	32968	2026-08-02
maritime-executive.com	32203	2026-08-02
maritimeprofessional.com	5908	2026-07-31
marketbusinessnews.com	19439	2026-08-02
marketing-interactive.com	15220	2026-07-31
marketplace.org	12336	2026-07-31
marketpulse.com	11930	2026-07-29
marketrealist.com	8578	2026-08-01
markets.co	5867	2022-01-09
marketscreener.com	999061	2026-05-18
marketswired.com	5202	2025-01-04
marketwatch.com	422150	2026-07-06
marklevinshow.com	9960	2026-08-01
marshallindependent.com	17747	2026-07-31
marshfieldnewsherald.com	8584	2023-09-11
marthastewart.com	11116	2026-03-17
martinsvillebulletin.com	35834	2026-08-01
maryland.gov	7906	2026-08-02
marylandreporter.com	6678	2026-06-04
maryvilleforum.com	20314	2024-11-15
masala.com	18108	2024-07-13
mashable.com	47345	2026-08-02
massachusettsnewswire.com	7034	2026-08-01
massachusettssun.com	43675	2026-08-02
massdevice.com	8486	2026-02-21
masslawyersweekly.com	19316	2026-06-04
masslive.com	108215	2026-02-23
mathrubhumi.com	5608	2026-06-23
matr.net	6719	2026-08-02
mauinews.com	20572	2026-08-02
mauinow.com	15962	2026-08-02
maurice-info.mu	9227	2026-08-02
mavsmoneyball.com	7093	2026-08-02
max94one.com	23580	2026-08-02
maximumfun.org	6434	2026-08-01
mayerthorpefreelancer.com	15492	2026-08-02
mayonews.ie	20592	2026-05-21
mb.com.ph	181637	2026-08-02
mbcradio.com	6005	2026-08-02
mbtmag.com	18138	2025-09-17
mcalesternews.com	17130	2026-08-02
mcall.com	79827	2026-08-02
mcdonoughvoice.com	5718	2023-09-10
mcdowellnews.com	39460	2026-08-02
mcknights.com	8837	2026-03-11
mcphersonsentinel.com	6035	2026-07-21
mdislander.com	9747	2026-07-30
mdjonline.com	145341	2026-08-02
meadvilletribune.com	42741	2026-08-02
meathchronicle.ie	44491	2026-08-02
meaww.com	20365	2026-03-17
medafricatimes.com	6578	2026-08-02
medcitynews.com	14317	2026-08-02
mediaforfreedom.com	5275	2026-04-27
mediaite.com	85245	2026-08-02
mediamatters.org	14984	2026-08-01
medianama.com	11513	2026-07-30
mediapost.com	24832	2026-08-02
medicaldaily.com	8330	2026-08-01
medicalnewstoday.com	5506	2026-08-02
medicalxpress.com	141329	2026-01-29
medicinehatnews.com	72959	2026-08-02
medindia.net	39159	2026-08-02
medpagetoday.com	25044	2025-01-28
medscape.com	48079	2026-07-31
meed.com	24063	2026-07-31
mega979.com	6647	2026-08-02
mega993online.com	29240	2026-08-02
melfortjournal.com	10437	2026-07-04
meltontimes.co.uk	8291	2025-01-23
memphisflyer.com	7064	2026-08-01
memphissun.com	104653	2026-08-02
memri.org	9885	2025-04-22
menafn.com	973875	2026-03-10
mendocinobeacon.com	15446	2026-08-02
menshealth.com	30254	2026-08-01
mensxp.com	27380	2026-08-02
mentalfloss.com	14586	2026-08-02
meobserver.org	5527	2026-07-14
mercopress.com	22932	2026-08-02
mercurynews.com	80946	2026-08-02
meridianstar.com	36398	2026-07-29
merimbulanewsweekly.com.au	70591	2026-08-02
mesabitribune.com	53569	2026-08-02
messagemedia.co	11691	2026-08-02
messenger-inquirer.com	85382	2026-08-02
messenger.com.ge	5912	2026-07-31
messengernews.net	13396	2026-08-01
messengernewspapers.co.uk	144132	2026-08-02
metal.com	22228	2026-07-30
metalunderground.com	14513	2026-08-02
metro.co.uk	149016	2026-08-02
metro.us	86034	2025-11-03
metrojacksonville.com	11837	2026-08-01
metrotimes.com	12133	2026-05-14
metroweekly.com	6620	2026-08-02
metrowestdailynews.com	10026	2023-09-11
metv.com	11076	2026-08-01
metvmall.com	12496	2026-06-06
mexicoledger.com	8039	2026-07-31
mexiconewsdaily.com	6811	2026-03-15
mexicostar.com	64694	2026-08-02
mg.co.za	30287	2026-08-02
mgoblog.com	14877	2025-08-28
miamiherald.com	8780	2024-07-31
miaminewtimes.com	8695	2026-07-31
miamistudent.net	5439	2026-07-15
miamitimesonline.com	8705	2026-08-02
michigan.gov	5321	2023-02-02
michigandaily.com	7593	2026-08-01
michiganradio.org	23666	2024-01-10
michigansthumb.com	78149	2026-06-22
mid-day.com	99160	2026-08-02
middle-east-online.com	6176	2026-08-02
middleeasteye.net	47392	2026-08-02
middleeastmonitor.com	76913	2026-08-02
middleeaststar.com	115284	2026-08-02
middlenecknews.com	5302	2026-08-02
middletownpress.com	123670	2026-04-21
midhurstandpetworth.co.uk	5526	2022-02-10
midmichigannow.com	35472	2026-08-02
midnorthmonitor.com	49028	2026-08-02
midsussextimes.co.uk	5984	2022-02-10
midutahradio.com	16911	2026-08-02
midweekherald.co.uk	35300	2026-08-02
midwestradio.ie	25312	2026-08-01
mihomepaper.com	12568	2026-03-04
milawyersweekly.com	9157	2026-06-03
milehighreport.com	12606	2026-08-02
milforddailynews.com	8053	2023-09-07
milfordmercury.co.uk	91184	2026-08-02
milfordmirror.com	59636	2025-06-14
military.com	33524	2026-08-02
militarytimes.com	13626	2026-07-31
miltonkeynes.co.uk	14120	2025-01-23
milwaukeesun.com	45737	2026-08-02
mindat.org	13155	2025-01-23
minicassia.com	6201	2024-03-21
mining-journal.com	7397	2026-05-26
mining-technology.com	10885	2026-07-31
mining.com	46964	2026-08-01
mininggazette.com	10763	2026-08-02
miningjournal.net	22451	2026-08-01
miningmx.com	7057	2026-07-31
miningnews.net	11257	2026-05-26
miningweekly.com	49269	2026-07-31
minnlawyer.com	7668	2026-06-04
minnpost.com	8984	2026-08-02
minotdailynews.com	18180	2026-08-01
miragenews.com	627161	2026-08-02
mirror.co.uk	694662	2026-08-02
mis-asia.com	10384	2026-07-26
mishpacha.com	8314	2026-08-02
missioncityrecord.com	42437	2026-08-02
missionlocal.org	7242	2026-08-02
mississauga.com	7829	2026-08-02
mississippivalleypublishing.com	23147	2026-08-01
missoulian.com	135246	2026-08-02
missourinet.com	8104	2026-07-25
mit.edu	10145	2026-08-02
mitchelladvocate.com	22735	2026-08-02
mitchellrepublic.com	31644	2026-08-02
mix100.com	5915	2026-07-01
mix1005.fm	24057	2026-07-29
mix100lubbock.com	15792	2026-08-02
mix103.com	9927	2026-08-02
mix1043fm.com	28368	2026-08-01
mix1069.com	14776	2026-08-02
mix106radio.com	25339	2026-08-02
mix108.com	35457	2026-08-01
mix929.com	24315	2026-08-01
mix931fm.com	30623	2026-07-31
mix941.com	21169	2026-07-27
mix941kmxj.com	20124	2026-08-02
mix949.com	27284	2026-08-02
mix957.net	8804	2024-01-04
mix957gr.com	20642	2026-07-30
mix965tulsa.com	6755	2025-10-22
mix979fm.com	13543	2024-04-26
mix987.com	9389	2026-07-18
mixx993.com	17526	2026-08-01
mizzima.com	20944	2025-01-23
mlb.com	78124	2026-08-02
mlbtraderumors.com	56562	2026-08-02
mlive.com	129535	2026-02-23
mmafighting.com	27246	2026-08-02
mmamania.com	25269	2026-08-02
mmanews.com	16189	2026-04-22
mmegi.bw	6887	2026-07-31
mmm-online.com	5446	2026-08-01
mobihealthnews.com	6860	2026-06-03
mobilesyrup.com	20972	2026-07-31
mobileworldlive.com	12275	2026-03-03
mobilitytechzone.com	5977	2024-09-17
mobypicture.com	32801	2023-10-03
moddb.com	38275	2025-11-16
model-engineer.co.uk	20636	2026-07-24
modernghana.com	172805	2026-07-20
modernhealthcare.com	11836	2026-06-18
modernreaders.com	462461	2025-04-18
moelane.com	11594	2025-07-17
mohavedailynews.com	14128	2026-08-02
mojo1029.com	11564	2026-08-02
moldpres.md	9534	2025-01-14
monacolife.net	5583	2026-07-31
mondaq.com	130774	2026-08-02
mondovisione.com	33622	2026-01-14
mondoweiss.net	7352	2026-08-02
moneycontrol.com	441954	2026-08-02
moneylife.in	21918	2026-08-02
moneymanagement.com.au	13351	2026-06-24
moneymarketing.co.uk	24153	2026-07-31
moneytalksnews.com	11618	2026-07-26
moneyweb.co.za	37490	2024-04-02
moneyweek.com	9529	2026-08-02
mongabay.com	10073	2026-08-01
monitor.co.ug	71515	2026-04-22
monocle.com	6014	2026-08-01
monroenews.com	13644	2023-09-11
monstersandcritics.com	55350	2025-10-02
montanarightnow.com	63585	2026-08-01
montereycountyweekly.com	13791	2026-07-09
montereyherald.com	12818	2026-08-02
montgomery-herald.com	6187	2025-05-20
montgomeryadvertiser.com	8465	2023-09-11
montgomerynews.com	6458	2021-09-28
montreal.ctvnews.ca	32918	2025-01-23
montrealgazette.com	40722	2026-08-02
montrosepress.com	15789	2026-08-02
mooseradio.com	14490	2026-08-01
moreechampion.com.au	59003	2026-08-02
morganton.com	34802	2026-07-31
morning-times.com	36348	2026-08-01
morningadvertiser.co.uk	9628	2026-07-31
morningjournal.com	50031	2026-08-02
morningjournalnews.com	21834	2026-08-01
morningstar.com	103887	2026-08-02
morningstaronline.co.uk	41621	2026-08-02
morningsun.net	65673	2026-07-31
moroccoworldnews.com	17588	2026-08-02
mortgageintroducer.com	8340	2022-03-18
mortgagenewsdaily.com	7976	2026-07-31
mortgagesolutions.co.uk	14513	2026-07-31
mortgagestrategy.co.uk	23731	2026-07-31
morungexpress.com	74218	2026-08-02
mothership.sg	13261	2025-03-10
motor1.com	20573	2026-08-02
motorcyclenews.com	26161	2026-08-02
motorsport.com	23053	2026-08-02
moultonadvertiser.com	16603	2026-08-02
moultrieobserver.com	15785	2026-07-31
mountaineagle.com	10006	2026-08-02
mountvernonnews.com	10835	2026-07-31
mouthshut.com	5606	2026-08-02
movieweb.com	81865	2026-08-02
mpamag.com	7685	2026-08-01
mpnews.com.au	5046	2026-08-01
mpnnow.com	10032	2023-09-11
mprnews.org	27276	2026-08-02
mrt.com	64966	2026-06-22
mrtopstep.com	18821	2024-11-22
mscnews.net	5794	2026-08-02
msn.com	2860431	2023-06-23
mtairynews.com	5967	2026-08-02
mtdemocrat.com	27861	2026-08-02
mtexpress.com	11552	2026-08-01
mtlblog.com	7209	2026-08-01
mtpr.org	17904	2026-08-02
mtstandard.com	60319	2026-08-02
mudgeeguardian.com.au	51804	2026-08-02
multifamilybiz.com	6083	2026-07-31
mumbrella.com.au	23789	2025-11-20
murfreesboropost.com	6340	2023-03-01
murrayledger.com	10719	2026-08-01
muscatdaily.com	19594	2026-08-02
muscatinejournal.com	107068	2026-08-02
music-news.com	20555	2025-12-16
musicrow.com	7500	2026-07-30
musketfire.com	7242	2026-08-02
muskogeephoenix.com	22347	2026-08-01
muskokaregion.com	7950	2026-08-02
muswellbrookchronicle.com.au	69741	2026-08-02
mv-voice.com	10981	2026-08-01
mvariety.com	31388	2026-08-02
mvtimes.com	18313	2026-07-31
mwnation.com	18116	2026-08-02
mxdwn.com	6789	2026-08-01
my1035.com	12289	2026-08-02
my40.tv	7419	2022-01-31
my957.com	6740	2026-07-31
my9nj.com	6161	2026-07-30
myalbertlea.com	12521	2026-06-08
myalgomamanitoulinnow.com	5735	2026-06-03
myanmarmuslim.net	18759	2024-11-05
myanmarnews.net	57806	2026-08-02
myaustinminnesota.com	20340	2025-06-14
myb106.com	27407	2026-08-01
mybeachradio.com	20323	2024-04-01
mybroadband.co.za	6013	2022-09-28
mycariboonow.com	9471	2026-06-04
mycentraljersey.com	12905	2023-09-11
mycentralnebraska.com	36820	2026-07-31
mycentraloregon.com	50190	2026-07-21
mycolumbuspower.com	12950	2026-08-02
mycountry955.com	30798	2026-08-02
mycouriertribune.com	7801	2024-10-05
mycowichanvalleynow.com	8504	2026-06-03
myeasternshoremd.com	11812	2026-08-02
myedmondsnews.com	20239	2026-06-15
myfox28columbus.com	39960	2026-08-02
myfox8.com	5960	2025-08-29
myheraldreview.com	9725	2026-01-16
myhorrynews.com	9378	2026-08-02
myiowainfo.com	17053	2026-05-01
myjournalcourier.com	67919	2026-06-22
myjournals.org	7241	2023-08-26
myjoyonline.com	111154	2026-03-19
myk104.com	7754	2026-08-01
mykiss1031.com	25138	2026-08-01
mykisscountry937.com	33924	2026-08-02
myklgr.com	21144	2026-07-31
mykxlg.com	86897	2026-08-02
myleaderpaper.com	34814	2026-08-02
mylloydminsternow.com	5646	2026-06-03
mylondon.news	6994	2026-08-02
mymagic106.com	6367	2026-08-02
mymagic949.com	9083	2026-08-01
mymagicgr.com	8906	2024-04-29
mymajic933.com	6401	2026-07-01
mymcmedia.org	12874	2026-07-31
mymix1061.com	15708	2026-08-02
mymixfm.com	37422	2026-08-02
mymmanews.com	9088	2026-08-02
mymoinfo.com	20046	2026-08-01
mymotherlode.com	178351	2026-08-02
mymuskokanow.com	6585	2026-06-01
mynbc5.com	72649	2026-08-02
myneworleans.com	9926	2026-08-02
mynews13.com	9552	2026-08-02
mynews4.com	33678	2026-08-02
mynewsla.com	66529	2026-08-02
mynorthbaynow.com	5340	2026-06-04
mynorthwest.com	220475	2026-07-20
mynspr.org	46046	2026-08-02
myozarksonline.com	17387	2026-07-21
myplainview.com	49460	2026-06-22
myprincegeorgenow.com	13790	2026-06-04
myq105.com	15573	2026-08-02
myq1075.com	20530	2026-08-02
myqcountry.com	12612	2026-07-30
myrecordjournal.com	12869	2023-12-30
mysailing.com.au	6239	2026-08-02
mysanantonio.com	83417	2025-11-18
myspiritfm.com	9861	2026-08-02
mystar98.com	20532	2026-08-02
mysteinbach.ca	10442	2026-08-02
mysteriousuniverse.org	10553	2026-07-31
mystratfordnow.com	7047	2026-06-03
mysuncoast.com	34420	2026-08-02
mytimminsnow.com	5104	2026-06-03
myuscountry.com	17621	2026-06-08
mywebtimes.com	8503	2023-05-01
naftemporiki.gr	8078	2026-08-01
nagalandpost.com	49549	2026-06-08
nagariknetwork.com	28805	2026-03-16
nagpurtoday.in	17480	2026-07-31
naharnet.com	88702	2026-08-02
naija247news.com	61079	2026-08-02
nairaland.com	77881	2025-07-26
nairametrics.com	12220	2026-03-04
nairobiwire.com	14391	2026-07-31
nakedcapitalism.com	12326	2026-08-02
namibian.com.na	31701	2026-08-02
namibiansun.com	21824	2026-08-01
nampa.org	44517	2024-11-08
nanaimobulletin.com	32422	2026-08-02
nancyonnorwalk.com	5354	2026-07-31
nantonnews.com	8297	2026-08-02
napaneeguide.com	40091	2026-08-02
napaneetoday.ca	10040	2026-07-31
napavalleyregister.com	69117	2026-08-02
naplesnews.com	11875	2023-09-11
naroomanewsonline.com.au	70883	2026-08-02
narrominenewsonline.com.au	44768	2026-08-02
nasa.gov	8327	2026-08-02
nasdaq.com	55611	2026-07-24
nashfm100.com	5751	2026-08-02
nashfm1025.com	5812	2026-08-02
nashvilleherald.com	101687	2026-08-02
nashvillepost.com	14234	2026-08-01
nashvillescene.com	11965	2026-08-01
nation.co.ke	29367	2022-02-18
nation.com.pk	11096	2022-06-06
nation.sc	31580	2026-08-01
nationalaccordnewspaper.com	53908	2026-08-02
nationalgeographic.com	10856	2026-08-02
nationalheraldindia.com	6988	2026-03-15
nationalhogfarmer.com	5929	2025-01-21
nationalinterest.org	48930	2026-01-29
nationalmemo.com	10235	2026-07-31
nationalmortgagenews.com	14501	2026-08-02
nationalmortgageprofessional.com	6336	2025-01-22
nationalnetworkonline.com	5276	2026-07-31
nationalobserver.com	21303	2026-07-14
nationalpost.com	53502	2026-08-02
nationalreview.com	12378	2021-07-27
nationaltribune.com.au	8043	2025-01-27
nationnews.com	30942	2026-07-31
nationofchange.org	6473	2026-03-18
nationthailand.com	16496	2026-03-16
natlawreview.com	117548	2026-08-01
naturalgasintel.com	18656	2026-07-15
naturalgasworld.com	12123	2025-02-26
naturalnews.com	64041	2026-08-02
nature.com	36986	2026-07-31
natureworldnews.com	17902	2026-08-02
naval-technology.com	6906	2026-08-01
naveenbharat.in	7607	2022-04-24
navhindtimes.in	32515	2026-08-02
navy.mil	6855	2025-03-06
navytimes.com	10306	2026-07-31
nba.com	18601	2026-03-18
nbc-2.com	55163	2025-02-05
nbc.com	6458	2026-07-31
nbc11news.com	9500	2023-12-14
nbc12.com	30170	2023-12-14
nbc15.com	19997	2023-12-14
nbc16.com	40158	2026-08-02
nbc24.com	8341	2026-08-02
nbc29.com	16840	2023-12-14
nbcbayarea.com	122629	2026-08-02
nbcboston.com	5342	2026-06-04
nbcchicago.com	144244	2026-08-02
nbcconnecticut.com	161673	2026-08-02
nbcdfw.com	142081	2026-08-02
nbclosangeles.com	139443	2026-08-02
nbcmiami.com	115007	2026-08-02
nbcmontana.com	44152	2026-08-02
nbcnews.com	181550	2026-08-02
nbcnewyork.com	138993	2026-08-02
nbcphiladelphia.com	141097	2026-08-02
nbcrightnow.com	52779	2026-08-02
nbcsandiego.com	115850	2026-08-02
nbcsvg.com	9445	2026-08-01
nbcwashington.com	91913	2026-08-02
nbnnews.com.au	29397	2026-08-01
nbr.co.nz	26219	2026-08-02
ncadvertiser.com	56294	2025-10-26
nclawyersweekly.com	7647	2026-06-03
ncnewsonline.com	57254	2026-08-02
ncpa.org	6648	2026-07-31
ncr-iran.org	8346	2026-08-02
ncregister.com	19632	2026-08-02
ncronline.org	16624	2025-10-08
ncspin.com	5078	2026-07-30
ndtv.com	342023	2025-05-26
nebraska.tv	34303	2026-08-02
necn.com	82611	2025-02-13
nehandaradio.com	14070	2026-08-01
neindia.com	6995	2026-08-02
neonnettle.com	10439	2022-07-30
neoskosmos.com	20826	2026-08-02
neowin.net	47848	2025-11-08
nepalnational.com	98786	2026-08-02
nerdist.com	18693	2026-08-01
nesn.com	36447	2026-08-02
netflixlife.com	5797	2026-08-02
netindian.in	5818	2025-08-21
netnewsledger.com	20156	2026-08-02
netscape.com	174569	2026-08-02
netsdaily.com	7273	2026-08-02
netwerk24.com	10158	2025-01-22
networkworld.com	7729	2026-07-31
neurologyadvisor.com	9413	2026-07-31
nevadaappeal.com	12575	2025-09-05
nevadabusiness.com	7380	2026-07-31
nevadanewsandviews.com	6321	2026-08-02
neveitalia.it	11740	2026-03-07
newagebd.net	23289	2025-05-26
newarab.com	9672	2025-09-21
newarkadvertiser.co.uk	33039	2026-08-02
newarkadvocate.com	6177	2023-09-11
newarkpostonline.com	5134	2026-08-01
newbernsj.com	11629	2026-08-02
newburyportnews.com	29843	2026-08-01
newburytoday.co.uk	27655	2026-08-02
newbusinessethiopia.com	13967	2026-08-01
newcanaanite.com	7723	2026-08-02
newcastleherald.com.au	151240	2026-08-02
newcivilengineer.com	14102	2026-07-31
newcountry991.com	6309	2022-04-29
newdelhitimes.com	68142	2026-07-22
newegg.com	25922	2026-08-02
newelectronics.co.uk	12266	2026-06-05
newfoodmagazine.com	5975	2026-03-31
newhamrecorder.co.uk	28951	2026-08-02
newhavenindependent.org	11449	2026-08-02
newidea.com.au	14480	2026-08-02
newindianexpress.com	147745	2026-08-02
newjerseyhills.com	40482	2026-07-27
newjerseytelegraph.com	114232	2026-08-02
newkerala.com	242368	2026-08-02
newmilfordspectrum.com	51343	2022-03-01
neworleanscitybusiness.com	16544	2026-06-03
neworleanssun.com	57723	2026-08-02
newportri.com	6992	2023-09-08
newrepublic.com	23352	2026-08-02
newrock1041.fm	7175	2026-07-07
news-daily.com	80912	2026-08-02
news-expressky.com	26998	2026-08-02
news-gazette.com	128040	2026-08-02
news-herald.com	51751	2026-08-02
news-journal.com	9250	2026-08-02
news-journalonline.com	17642	2023-09-11
news-leader.com	8165	2023-09-11
news-mail.com.au	44484	2021-04-28
news-medical.net	102889	2026-08-01
news-press.com	12874	2023-09-11
news-star.com	10615	2026-07-31
news.am	92750	2026-08-02
news.az	52512	2026-08-02
news.cn	13336	2022-04-14
news.com.au	91981	2024-07-30
news.err.ee	23415	2022-10-20
news.statetimes.in	7534	2020-06-12
news.tuoitre.vn	10562	2026-08-02
news12.com	73477	2026-08-02
news18.com	268439	2026-03-17
news24.com	167386	2026-08-02
news3lv.com	47161	2026-08-02
news4jax.com	157269	2026-08-02
news4sanantonio.com	49276	2026-08-02
news5cleveland.com	6019	2026-03-18
news8000.com	91406	2026-08-02
news9.com	77134	2026-08-02
news957.com	48715	2021-10-17
newsadvance.com	47212	2026-08-02
newsandsentinel.com	23235	2026-08-01
newsandstar.co.uk	188970	2026-08-02
newsandtribune.com	26457	2026-08-02
newsargus.com	25724	2026-08-02
newsbiscuit.com	6083	2026-08-02
newsblogged.com	5602	2026-05-27
newsbreak.com	10798	2025-12-06
newsbtc.com	36863	2026-07-31
newsbug.info	10921	2026-08-02
newsbusters.org	87747	2026-08-02
newsbytes.ph	5627	2026-08-02
newscenter1.tv	34130	2026-08-02
newscentermaine.com	38963	2026-03-19
newscentralasia.net	8367	2026-08-02
newschannel10.com	22954	2026-08-02
newschannel20.com	29002	2026-08-02
newschannel5.com	53220	2026-08-02
newschannel6now.com	24144	2026-08-02
newschannel9.com	40402	2026-08-02
newschannelnebraska.com	13127	2025-03-22
newschief.com	8585	2023-09-11
newscientist.com	17378	2026-08-01
newsdakota.com	21313	2026-08-02
newsday.co.tt	85757	2026-08-01
newsday.co.zw	30259	2026-08-02
newsday.com	103562	2026-08-02
newsdzezimbabwe.co.uk	7676	2025-12-25
newser.com	76282	2026-08-02
newsfirst.lk	12470	2026-03-19
newsghana.com.gh	84143	2026-08-02
newsherald.com	14695	2023-09-11
newshub.co.nz	18541	2024-07-04
newsincyprus.com	12862	2025-01-27
newsindiatimes.com	14393	2026-08-02
newsitem.com	27373	2026-08-02
newslaundry.com	5517	2026-08-01
newsleader.com	5481	2023-09-11
newsletter.co.uk	32306	2025-01-23
newsmakers.pk	21531	2026-08-02
newsmax.com	59273	2024-07-30
newsminer.com	34122	2026-08-02
newsnation.in	8047	2020-04-07
newsnationnow.com	6205	2025-12-25
newsnationtv.com	27052	2025-10-19
newsnow.co.uk	11438	2026-07-30
newsofbahrain.com	10103	2026-03-05
newson6.com	78019	2026-08-02
newsonair.com	29094	2021-11-26
newsone.com	8944	2026-08-01
newsonjapan.com	26529	2026-08-02
newsoptimist.ca	37573	2021-07-29
newspressnow.com	73499	2026-08-02
newsradio1029.com	75099	2026-08-02
newsradio1310.com	19142	2026-08-02
newsradio1440.com	23058	2025-03-17
newsradioklbj.com	7327	2026-07-21
newsregister.com	13596	2026-08-02
newsroompanama.com	12791	2026-08-02
newsshopper.co.uk	124005	2026-08-02
newstalk.com	44711	2026-08-02
newstalk1030.com	44602	2026-08-02
newstalk1280.com	25058	2026-08-02
newstalk1290.com	18760	2026-08-01
newstalk870.am	20923	2026-08-02
newstalkkgvo.com	16343	2026-07-31
newstalkkit.com	19701	2026-08-02
newstalkzb.co.nz	63726	2026-08-02
newstatesman.com	27552	2026-08-02
newstimes.com	131966	2025-06-12
newstoday.com.bd	12801	2021-01-24
newstodaynet.com	32255	2026-08-01
newstracklive.com	7310	2025-07-05
newstrib.com	7242	2023-05-01
newstribune.com	48067	2026-08-02
newsviewsnreviews.com	5466	2019-11-13
newswatchman.com	5185	2026-07-31
newsweek.com	288411	2026-08-02
newswest9.com	42241	2026-06-26
newswire.ca	22117	2026-08-01
newswire.net	5043	2026-08-02
newswiretoday.com	28534	2026-07-31
newswise.com	41097	2026-08-02
newsx.com	62211	2026-08-02
newsy.com	19898	2023-01-04
newtelegraphng.com	6479	2026-03-19
newtimesslo.com	8485	2026-07-30
newtoncountytimes.com	12131	2026-07-30
newtondailynews.com	7055	2026-08-01
newtownbee.com	13868	2026-08-01
newvision.co.ug	15545	2026-08-02
newwestrecord.ca	69228	2025-08-01
newyorker.com	16665	2026-08-02
newyorkstatesman.com	49962	2026-08-02
newyorktelegraph.com	177749	2026-08-02
newzealandstar.com	51042	2026-08-02
newzimbabwe.com	34319	2026-08-02
nextbigfuture.com	6328	2026-08-02
nextbigwhat.com	8721	2026-08-02
nextshark.com	11444	2026-08-02
nfl.com	9180	2026-03-18
nflspinzone.com	5042	2026-08-02
nhbr.com	7047	2026-08-01
nhk.or.jp	17436	2026-07-08
nhl.com	22373	2026-03-19
nhpbs.org	20949	2026-08-02
nhpr.org	27753	2026-08-02
nhregister.com	170698	2026-06-22
niagara-gazette.com	27461	2026-08-02
niagarafallsreview.ca	83067	2026-08-02
niagarathisweek.com	10300	2026-08-02
nichegamer.com	14011	2026-08-02
nigerianbulletin.com	9228	2026-07-01
nigerianeye.com	66209	2026-08-02
nigerianobservernews.com	14265	2026-08-02
nigerianpilot.com	7331	2020-10-27
nigeriasun.com	84807	2026-08-02
nih.gov	6201	2026-07-28
nikkei.com	16111	2026-08-02
nine.com.au	11530	2026-07-07
ninernoise.com	5678	2026-08-02
ninersnation.com	15526	2026-08-02
nintendoeverything.com	12533	2026-08-02
nintendolife.com	34693	2026-08-02
nintendoworldreport.com	15677	2026-08-02
nipawinjournal.com	10212	2026-06-28
niyitabiti.net	5586	2023-01-29
nj.com	120944	2026-02-23
nj1015.com	53392	2026-08-02
njbiz.com	17043	2026-06-04
njherald.com	11636	2023-09-11
nknews.org	10875	2026-07-31
nkytribune.com	10134	2026-03-11
nltimes.nl	22676	2026-08-02
nme.com	59757	2026-08-02
nmpoliticalreport.com	5475	2026-08-02
nna-leb.gov.lb	16290	2023-10-07
nny360.com	63470	2026-08-02
noise11.com	14360	2026-08-02
nola.com	80173	2026-08-02
nonpareilonline.com	59070	2026-08-01
noodls.com	5116	2025-05-02
noosanews.com.au	45618	2021-04-28
noozhawk.com	40897	2026-08-02
norfolkandtillsonburgnews.com	43489	2026-06-22
norfolkdailynews.com	32871	2026-08-02
norfolktoday.ca	10762	2026-07-31
normantranscript.com	25615	2026-08-02
northafricapost.com	13336	2026-08-02
northamptonchron.co.uk	23233	2025-01-23
northantstelegraph.co.uk	18240	2025-01-23
northbaynipissing.com	6741	2026-08-02
northcentralpa.com	34707	2026-08-02
northcoastcitizen.com	5728	2025-09-25
northcoastjournal.com	13074	2026-08-02
northcountrynow.com	66620	2026-08-02
northcountrypublicradio.org	55553	2026-08-02
northdenvernews.com	5832	2026-07-25
northdevongazette.co.uk	9532	2026-05-20
northeasttoday.in	14675	2026-06-26
northern-times.co.uk	46087	2026-08-02
northerndailyleader.com.au	103474	2026-08-02
northernirelandnews.com	19738	2024-12-03
northernirelandworld.com	23257	2025-01-23
northernminer.com	8410	2026-07-31
northernnews.ca	50968	2026-08-02
northernpublicradio.org	58714	2026-08-02
northernstar.com.au	43139	2021-04-28
northernstar.info	7048	2026-07-24
northernvirginiamag.com	5359	2026-07-31
northescambia.com	19066	2026-08-02
northfortmyersneighbor.com	6243	2026-07-31
northislandgazette.com	31071	2026-08-02
northjersey.com	17610	2023-09-11
northkoreatimes.com	34545	2026-08-02
northplattebulletin.com	6034	2026-08-01
northqueenslandregister.com.au	30913	2026-08-02
northsomersettimes.co.uk	33723	2026-08-02
northumberlandgazette.co.uk	17505	2025-01-23
northumberlandnews.com	6879	2026-08-02
northwaleschronicle.co.uk	106132	2026-08-02
northwalespioneer.co.uk	109481	2026-08-02
northwestgeorgianews.com	145449	2026-08-02
northwestmoinfo.com	24346	2026-08-01
northwestsignal.net	41055	2026-08-01
northweststar.com.au	61297	2026-08-02
northwichguardian.co.uk	125571	2026-08-02
norwichbulletin.com	8631	2023-09-11
nottinghampost.com	123057	2026-08-02
nova.ie	26409	2026-08-02
novinite.com	66179	2026-08-02
nowgrenada.com	6292	2026-08-01
nownews.com	14527	2022-10-31
nowtoronto.com	18392	2026-07-30
npr.org	141002	2026-08-02
nptelegraph.com	45593	2026-08-02
nrl.com	13663	2026-08-02
nrn.com	15571	2026-08-01
nrq.com	6087	2026-07-27
nrtoday.com	28038	2026-08-01
nsnews.com	74080	2026-07-30
nst.com.my	19661	2025-09-22
ntnews.com.au	51861	2024-07-22
ntv.co.ug	23374	2026-07-31
nuclear-news.net	18932	2026-08-02
nugget.ca	62424	2026-08-02
nujournal.com	14186	2026-08-02
numberfire.com	17288	2025-10-21
nurseryworld.co.uk	5910	2026-06-19
nursingtimes.net	10299	2026-07-31
nutraingredients-usa.com	6370	2025-10-15
nutraingredients.com	7418	2026-08-01
nvdaily.com	71783	2026-08-02
nvi.com.au	47537	2026-08-02
nwaonline.com	80963	2026-08-02
nwasianweekly.com	5589	2025-12-21
nwemail.co.uk	170505	2026-08-02
nwfdailynews.com	15489	2023-09-11
nwherald.com	10392	2023-05-01
nwitimes.com	107134	2026-08-02
ny1.com	5132	2026-04-22
nyasatimes.com	25249	2026-08-02
nydailynews.com	154309	2026-08-02
nylon.com	5372	2026-07-31
nymag.com	11910	2026-07-31
nynganobserver.com.au	45048	2026-08-02
nyoooz.com	21741	2026-07-29
nypost.com	246708	2026-08-02
nystateofpolitics.com	15751	2026-08-01
nysun.com	20666	2026-08-02
nytimes.com	288733	2026-08-02
nzcity.co.nz	271997	2026-08-02
nzdoctor.co.nz	20333	2026-08-02
nzherald.co.nz	302276	2026-08-02
oakdaleleader.com	7417	2026-07-30
oakridger.com	9789	2023-09-11
oann.com	70559	2026-08-02
oanow.com	32800	2026-08-01
oaoa.com	38684	2025-05-15
obantimes.co.uk	12192	2024-01-25
oberonreview.com.au	48266	2026-08-02
obj.ca	10562	2026-08-01
obozrevatel.com	40531	2025-03-05
obrag.org	7487	2026-08-01
observer-reporter.com	21877	2026-08-02
observer.com	8758	2026-08-01
observer.ug	34319	2026-08-02
observertoday.com	25827	2026-08-02
oc-breeze.com	12900	2023-04-02
ocala.com	12103	2023-09-11
ocbj.com	6030	2026-08-01
oceanfm.ie	15014	2026-08-02
ocj.com	9867	2026-08-02
ocregister.com	76089	2026-08-02
odnako.org	26058	2026-07-30
odt.co.nz	59546	2026-08-02
odwyerpr.com	11423	2026-07-31
oedigital.com	18117	2026-07-31
offalyexpress.ie	62753	2026-05-12
offalyindependent.ie	40245	2026-08-02
officer.com	7184	2026-07-31
offshore-energy.biz	10861	2025-01-22
offshore-technology.com	10827	2026-07-31
ofm.co.za	18665	2026-08-02
og979.com	21908	2026-05-15
ohiostandard.com	41470	2026-08-02
ohsonline.com	5240	2026-08-01
oilandgas360.com	17287	2026-08-01
oilcity.news	6882	2025-04-03
oilprice.com	42981	2026-08-02
oilvoice.com	10120	2020-12-14
oireachtas.ie	10214	2026-07-31
ojaivalleynews.com	11047	2026-08-01
ok.co.uk	127615	2026-08-02
okaz.com.sa	9250	2026-08-02
okcfox.com	37004	2026-08-02
okgazette.com	5437	2026-07-31
oklahomacitysun.com	37468	2026-08-02
oklahoman.com	55294	2023-09-11
oklahomastar.com	21403	2026-08-02
okotoksonline.com	14672	2026-08-02
okotokstoday.ca	8948	2023-03-29
oldham-chronicle.co.uk	12782	2026-08-01
oleantimesherald.com	86402	2026-08-01
omaha.com	179546	2026-08-02
omakchronicle.com	14693	2026-08-02
omanobserver.om	36650	2026-08-02
ominecaexpress.com	26221	2026-08-02
on3.com	5021	2026-03-19
onclive.com	16070	2026-01-16
oncologynurseadvisor.com	6082	2026-07-31
onegreenplanet.org	32593	2026-07-31
oneidadispatch.com	35519	2026-08-02
oneindia.com	61087	2026-08-02
onenewsnow.com	10704	2021-08-10
onenewspage.com	286144	2026-06-09
onlineathens.com	9456	2023-09-11
onlinenigeria.com	70549	2025-03-25
onlineopinion.com.au	9270	2026-08-02
onthewater.com	5563	2026-08-01
onthewight.com	16298	2026-08-02
onwardstate.com	12570	2026-08-02
opalesque.com	5381	2026-08-02
opb.org	7713	2026-04-01
opednews.com	8620	2026-08-02
openpr.com	740093	2026-08-02
openthemagazine.com	9922	2026-08-02
opinionnigeria.com	31639	2026-08-02
opportunitiesforafricans.com	10984	2026-08-01
optics.org	8537	2026-03-25
orangeobserver.com	9356	2025-09-10
orangeville.com	6440	2026-08-02
orangevilletoday.ca	7215	2026-07-31
orcadian.co.uk	5012	2026-08-02
order-order.com	6865	2025-09-01
oregonlive.com	77250	2026-02-23
organiser.org	32485	2026-08-02
origin-businesstoday.intoday.in	40947	2021-06-25
originalfm.com	16807	2025-12-12
orissabarta.com	45115	2026-03-06
orissadiary.com	27698	2026-08-02
orissapost.com	135377	2026-08-02
orlandoecho.com	50530	2026-08-02
orlandosentinel.com	115592	2026-08-02
orlandoweekly.com	14732	2026-08-02
orlytaitzesq.com	27040	2026-08-02
orovillemr.com	14693	2026-08-02
oskaloosa.com	45006	2026-08-02
oskynews.org	6227	2026-07-31
oswegocountynewsnow.com	13128	2026-08-02
oswegocountytoday.com	12426	2026-08-02
ottawa.ctvnews.ca	29397	2025-01-23
ottawacitizen.com	53753	2026-08-02
ottawaherald.com	5736	2026-06-06
ottawasun.com	64726	2026-08-02
ottumwacourier.com	64469	2026-08-02
oudaily.com	6374	2026-07-31
ourmidland.com	73223	2025-12-18
ourtribune.com	5164	2022-10-28
out.com	7662	2026-08-01
outbreaknewstoday.com	7571	2024-04-16
outdoorlife.com	5186	2026-08-02
outdoornews.com	14169	2026-07-30
outdoornewsdaily.com	5453	2023-05-06
outerbanksvoice.com	9056	2026-08-02
outinperth.com	5568	2026-08-02
outlookindia.com	131835	2026-08-02
outsidelands.org	6550	2026-07-28
outsideonline.com	10756	2026-08-02
overdrive.in	5980	2026-07-30
overdriveonline.com	6211	2026-05-27
owensoundsuntimes.com	26078	2026-08-02
oxfordmail.co.uk	237807	2026-08-02
oyetimes.com	10761	2026-07-29
packers.com	7687	2026-08-01
packworld.com	8007	2025-12-28
padovanews.it	13452	2026-08-02
paducahsun.com	18858	2026-08-02
pagalguy.com	16436	2026-07-28
pagesix.com	49759	2026-08-02
pagosadailypost.com	7490	2026-07-31
pagosasun.com	13380	2026-08-02
paherald.sk.ca	14210	2026-08-01
pajhwok.com	26200	2026-08-02
pakistanpressfoundation.org	7307	2026-07-28
pakistantelegraph.com	98582	2026-08-02
pakistantoday.com.pk	29815	2026-08-02
pakobserver.net	82376	2026-08-02
palatinate.org.uk	9024	2026-08-02
palestinechronicle.com	8588	2025-08-01
palestineherald.com	10887	2026-08-01
palestinemonitor.org	38912	2026-05-15
palmbeachdailynews.com	7786	2023-09-11
palmbeachpost.com	26187	2023-09-11
palmcoastobserver.com	5119	2023-02-01
palmettobusinessdaily.com	6608	2024-01-26
paloaltoonline.com	18523	2026-08-02
pamplinmedia.com	24300	2022-12-14
panapress.com	23117	2026-05-10
panarmenian.net	24741	2026-07-30
pandct.com	10486	2026-02-15
panorama.am	26645	2026-08-02
panow.com	83082	2026-08-02
pantagraph.com	90282	2026-08-02
paperads.com	17379	2026-07-22
paperpk.com	13989	2026-07-20
parabolicarc.com	8426	2023-11-29
parade.com	9416	2025-09-12
paradisepost.com	11578	2026-08-02
parentherald.com	13163	2026-07-15
parents.com	7116	2026-03-17
parisguardian.com	65875	2026-08-02
parisstaronline.com	39338	2026-08-02
parkeschampionpost.com.au	20436	2026-07-31
parking-net.com	6510	2025-03-11
parking.net	10478	2026-07-31
parkrapidsenterprise.com	31518	2026-08-02
parkrecord.com	18178	2026-08-01
parliament.gov.to	20420	2026-06-29
parrysound.com	7428	2026-08-02
parsonssun.com	15493	2026-08-01
pasadenastarnews.com	45535	2026-08-02
pasoroblesdailynews.com	16814	2026-07-15
pastemagazine.com	11245	2026-08-02
patch.com	237603	2026-08-02
patentlyapple.com	6478	2024-07-30
patheos.com	32796	2026-06-18
patriotledger.com	9693	2023-09-11
patriotpost.us	36467	2026-08-02
patriots.com	6301	2026-08-01
pauldavisoncrime.com	8918	2026-08-02
paulickreport.com	26925	2026-02-06
paultan.org	33862	2026-08-01
paysonroundup.com	9990	2026-08-02
pbcommercial.com	7169	2026-04-07
pbn.com	8460	2026-04-18
pbs.org	26103	2026-07-31
pc-tablet.co.in	7418	2025-04-05
pcgamesn.com	29718	2026-08-02
pcmag.com	38647	2026-08-02
pctechmag.com	6699	2026-08-02
pcworld.co.nz	5685	2023-01-27
peacearchnews.com	36248	2026-08-02
peacefmonline.com	145649	2025-01-26
peakoil.com	17413	2026-08-02
peconicpublicbroadcasting.org	6972	2020-06-16
pedestrian.tv	30582	2026-08-02
peeblesshirenews.com	93673	2026-08-02
pehub.com	14990	2026-07-31
pembinavalleyonline.com	25308	2026-08-02
pembrokeobserver.com	38384	2026-08-02
pembroketoday.ca	11619	2026-08-02
penarthtimes.co.uk	116162	2026-08-02
penbaypilot.com	37058	2026-08-02
pendletoday.co.uk	5505	2021-12-13
peninsulaclarion.com	5014	2026-08-01
peninsuladailynews.com	11323	2026-08-02
pennlive.com	108037	2026-03-08
pennrecord.com	13340	2025-05-21
pensacolasjet.com	6249	2026-08-02
pentictonherald.ca	85029	2026-08-02
people.com	58098	2026-02-05
peoplesdailyng.com	33481	2026-04-09
peoplesreview.com.np	6235	2026-08-02
peoplesworld.org	18145	2026-07-31
peoriapublicradio.org	14883	2021-05-05
perezhilton.com	34321	2026-08-02
performancedrive.com.au	13678	2025-07-21
perhamfocus.com	24984	2026-08-02
perishablenews.com	21586	2026-07-31
perrynewspapers.com	5209	2026-07-31
personneltoday.com	9018	2026-07-31
perthnow.com.au	78480	2026-08-02
petapixel.com	12558	2026-08-02
peterboroughtoday.co.uk	19466	2025-01-23
petoskeynews.com	13149	2023-09-11
pghcitypaper.com	9642	2026-04-25
phandroid.com	17446	2026-08-01
pharmaceuticalonline.com	9685	2026-08-02
pharmacytimes.com	12321	2026-03-25
pharmatimes.com	5517	2026-07-30
pharmiweb.com	39419	2026-06-01
pharostribune.com	19930	2026-08-02
philamirror.info	7659	2026-05-24
philenews.com	18599	2026-07-23
philippinetimes.com	89754	2026-08-02
phillymag.com	6428	2026-07-31
phillytrib.com	40503	2026-08-02
phillyvoice.com	35139	2026-08-02
philstar.com	168787	2026-08-02
phinphanatic.com	6014	2026-08-02
phnompenhpost.com	44711	2026-07-31
phoenixfm.com	6503	2026-08-02
phoenixherald.com	108752	2026-08-02
phoenixnewtimes.com	7851	2026-07-31
phoenixvillenews.com	8403	2021-09-28
phonearena.com	41624	2025-08-21
phoronix.com	9795	2026-07-29
photonics.com	8114	2026-01-03
photonicsonline.com	5435	2026-08-01
phys.org	148868	2026-01-29
physiciansweekly.com	7449	2026-01-06
pikefm.com	9883	2026-08-02
pilotonline.com	70237	2026-08-02
pina.com.fj	20735	2026-08-01
pinchercreekecho.com	8857	2026-08-02
pineandlakes.com	34221	2026-08-02
pineisland-eagle.com	7336	2026-08-01
pinkbike.com	9096	2024-08-26
pinknews.co.uk	20157	2022-11-29
pinkun.com	5191	2025-12-06
pinkvilla.com	221010	2026-08-02
pinstripealley.com	19341	2026-08-02
pionline.com	18259	2026-06-18
piquenewsmagazine.com	60540	2025-09-05
pireport.org	10965	2026-07-31
pistonheads.com	5633	2026-08-02
pitchfork.com	17590	2026-08-02
pittsburghmagazine.com	6071	2026-07-31
pittsburghstar.com	113817	2026-08-02
piworld.com	8020	2026-07-31
pix11.com	19492	2025-06-12
pizzamarketplace.com	5474	2026-07-31
pjmedia.com	48227	2026-08-02
pjstar.com	10980	2023-09-11
placenorthwest.co.uk	17006	2026-06-04
plaintalk.net	5647	2026-08-02
planetf1.com	46490	2026-08-02
planetizen.com	14972	2025-07-30
planetprinceton.com	10605	2026-08-02
plansponsor.com	6388	2026-07-31
plasticsnews.com	9513	2026-04-29
playbill.com	24478	2026-08-02
playstationlifestyle.net	16086	2026-08-02
pleasantonweekly.com	12444	2026-08-02
plenglish.com	61985	2026-07-22
plos.org	5964	2026-07-30
pluggedin.com	5453	2026-08-01
plymouthherald.co.uk	104195	2026-08-02
pmlive.com	10020	2026-07-31
pmnewsnigeria.com	54278	2026-08-02
pna.gov.ph	7058	2026-03-08
pnj.com	13200	2023-09-11
poandpo.com	22819	2025-05-09
pocket-lint.com	26462	2026-08-02
pocketgamer.com	7582	2026-08-01
pocketnow.com	11447	2025-09-04
poconorecord.com	7358	2023-09-11
pokernews.com	33801	2026-08-02
polandsun.com	5706	2023-12-21
police1.com	7510	2026-07-26
polishforums.com	9766	2026-07-31
politicaldog101.com	30687	2026-08-02
politicalwire.com	56609	2026-08-02
politico.com	67856	2025-11-05
politico.eu	41420	2026-08-02
politics.co.uk	8817	2026-07-21
politicsweb.co.za	10511	2026-08-02
politicususa.com	7324	2026-02-28
politifact.com	12854	2026-08-01
polity.org.za	34059	2025-01-23
polkio.com	18625	2026-08-02
polygon.com	36166	2026-08-02
poncacitynews.com	9855	2026-08-02
pontefractandcastlefordexpress.co.uk	5456	2021-12-14
popcrush.com	18236	2026-08-02
popmatters.com	6121	2025-10-29
popsci.com	12627	2026-08-02
popsugar.com	65042	2026-07-30
popsugar.com.au	14474	2025-05-08
popularmechanics.com	14945	2026-08-01
portageonline.com	27132	2026-08-02
portcitydaily.com	15758	2026-08-02
portclintonnewsherald.com	6288	2023-09-11
portfolio-adviser.com	7204	2026-07-30
portlandmercury.com	12010	2026-08-02
portlandtribune.com	8626	2026-08-02
portnews.com.au	63889	2026-08-02
portsmouth-dailytimes.com	7634	2026-08-02
portsmouth.co.uk	25284	2025-01-23
portstephensexaminer.com.au	57285	2026-08-02
positivelyfilipino.com	6121	2026-07-29
post-journal.com	24492	2026-08-01
postandcourier.com	122298	2026-08-02
postbulletin.com	62668	2026-08-02
postcourier.com.pg	43033	2026-08-02
postcrescent.com	12995	2023-09-11
postindependent.com	14322	2026-08-01
postnewsgroup.com	6531	2026-08-01
postonline.co.uk	9065	2026-07-31
postregister.com	68591	2026-08-02
poststar.com	66218	2026-08-02
potchefstroomherald.co.za	10484	2023-10-04
potomaclocal.com	14313	2026-07-31
pottsmerc.com	50356	2026-08-02
poughkeepsiejournal.com	7141	2023-09-11
poundingtherock.com	8886	2026-08-02
powderbulksolids.com	7604	2026-07-31
powelltribune.com	18545	2026-08-01
power-technology.com	11627	2026-07-31
power103.com	8310	2026-08-02
power1057.com	7527	2026-08-02
power1069fm.com	22428	2026-08-01
power923.com	6341	2026-08-02
power959.com	19818	2026-08-01
power965.com	6877	2025-01-27
power96radio.com	50937	2026-08-02
power98fm.com	23645	2026-08-02
powerboise.com	5239	2026-07-01
powerlineblog.com	11521	2026-07-02
powermag.com	6130	2026-08-02
powerorlando.com	7845	2026-08-01
powerpage.org	7064	2026-01-18
poynter.org	5482	2026-07-31
pqbnews.com	31954	2026-08-02
pr-inside.com	178953	2026-08-02
pr.com	16806	2026-08-01
pragativadi.com	53546	2026-08-02
prairiepublic.org	42432	2026-08-02
praise933.com	5194	2024-04-28
prajasakti.com	11555	2026-06-26
pratttribune.com	5184	2023-09-12
predominantlyorange.com	7760	2026-08-02
premierchristianradio.com	11066	2023-06-07
premiumbeautynews.com	5988	2026-08-02
premiumtimesng.com	110058	2026-08-02
prescottenews.com	9343	2026-08-02
press-citizen.com	9004	2023-09-11
pressandguide.com	17310	2025-11-04
pressandjournal.co.uk	196721	2025-05-27
pressconnects.com	6069	2023-09-11
pressdemocrat.com	31359	2026-08-02
pressenterpriseonline.com	87096	2026-01-28
pressenza.com	12411	2026-08-02
pressgazette.co.uk	7259	2026-07-31
pressherald.com	132297	2026-08-02
pressofatlanticcity.com	82844	2026-08-02
pressparty.com	8869	2026-01-02
presspublications.com	6466	2026-07-31
presspubs.com	7666	2026-07-29
pressreleasepoint.com	60651	2026-07-27
pressrepublican.com	20018	2026-08-02
presstelegram.com	46181	2026-08-02
presstv.com	18559	2021-06-22
presstv.ir	65484	2026-07-22
prestigeonline.com	8897	2026-07-31
prestwichandwhitefieldguide.co.uk	18621	2023-03-07
prevention.com	11632	2026-08-02
prima.co.uk	8668	2026-08-02
primepublishers.com	5205	2026-08-02
princegeorgecitizen.com	137171	2025-09-05
princeton.edu	9092	2026-07-31
princetonol.com	11338	2026-08-02
printingnews.com	8737	2022-11-18
printweek.com	9505	2026-05-29
printweek.in	8745	2026-08-02
prisonplanet.com	5519	2026-07-27
prleap.com	9514	2026-08-01
prnewswire.co.uk	14837	2026-07-31
prnewswire.com	1298436	2026-08-02
proactiveinvestors.co.uk	60732	2026-08-02
proactiveinvestors.com	63322	2026-08-02
proactiveinvestors.com.au	33908	2026-08-02
probuilder.com	7461	2026-08-01
producer.com	14827	2025-05-22
professionaladviser.com	13630	2026-07-31
professionalpensions.com	10872	2026-07-31
progress-index.com	6209	2023-09-11
progressive-charlestown.com	20142	2026-08-02
progressivegrocer.com	7553	2025-09-09
progressiverailroading.com	10506	2026-08-02
projectnoah.org	19434	2026-07-30
prokerala.com	627768	2026-08-02
prolificnorth.co.uk	21481	2026-07-21
promptnewsonline.com	38309	2026-08-02
propakistani.pk	83532	2026-08-02
propertyweek.com	27417	2026-07-31
propublica.org	5412	2026-07-31
prospectmagazine.co.uk	8145	2026-08-01
providencejournal.com	22218	2023-09-11
prowrestling.net	18124	2026-08-02
prpeak.com	86658	2025-09-05
prrecordgazette.com	12712	2026-08-02
prunderground.com	11993	2026-07-30
prweb.com	172508	2026-07-25
prweek.com	13527	2026-07-02
psu.com	7048	2025-06-06
psu.edu	24964	2026-07-31
psychcentral.com	5022	2024-10-01
psychiatryadvisor.com	8629	2026-07-30
psychologytoday.com	23395	2026-07-07
ptinews.com	297015	2024-03-31
ptleader.com	7288	2026-08-02
publicnewsservice.org	19341	2025-08-20
publicnow.com	17005	2022-09-16
publicradioeast.org	52991	2026-08-02
publicradiotulsa.org	55298	2026-08-02
publishersweekly.com	20743	2026-08-01
pullmanradio.com	13331	2026-08-01
pulse.com.gh	49036	2026-03-19
pulse.ng	86874	2026-03-18
punchjump.com	11249	2026-08-01
punchng.com	289554	2026-08-02
punknews.org	9174	2026-08-02
punto.com.ph	8705	2026-08-02
purdueexponent.org	36622	2026-08-02
purerock96.com	9259	2026-08-02
purplerow.com	5889	2026-08-02
pushsquare.com	29196	2026-08-02
pv-magazine.com	18465	2026-06-04
pv-tech.org	13409	2026-07-27
pvvt.com	5675	2026-07-31
pwcs.edu	10390	2022-08-01
pymnts.com	22966	2026-08-01
q102.ie	16906	2026-08-02
q105.fm	6538	2026-08-02
q1057.com	9638	2026-07-31
q1061.com	8174	2026-08-02
q1065.fm	23693	2026-07-31
q106dot5.com	21466	2026-08-02
q106fm.com	8214	2026-07-24
q107.com	20426	2026-07-30
q1077.com	24770	2026-07-31
q107fm.ca	6514	2020-06-10
q108.com	7837	2026-07-31
q13fox.com	32112	2023-04-18
q93fm.com	14671	2026-08-01
q957.com	18815	2025-10-31
q95fm.net	8601	2026-07-27
q961.com	23626	2026-08-02
q985online.com	37408	2026-08-02
q98fm.com	6884	2026-08-02
qatar-tribune.com	32961	2026-08-02
qatarliving.com	8215	2026-08-02
qchron.com	12983	2026-07-31
qconline.com	70043	2026-08-02
qctimes.com	96114	2026-08-02
qns.com	11920	2026-08-02
qsrmagazine.com	6347	2026-02-19
qsrweb.com	6977	2026-07-31
qt.com.au	56636	2021-06-23
quadcitiesdaily.com	21617	2026-01-02
queanbeyanage.com.au	68070	2026-08-02
queensjournal.ca	5195	2026-07-30
queenslandcountrylife.com.au	49739	2026-08-02
queerty.com	6637	2026-06-22
quesnelobserver.com	29332	2026-08-02
quickcountry.com	47781	2026-08-02
quicknews-africa.net	36628	2026-08-01
quickworldnews.com	19319	2021-10-16
quintenews.com	27195	2026-08-02
qvc.com	59059	2026-07-08
qxmagazine.com	26771	2026-07-27
qz.com	34087	2026-04-13
racer.com	13748	2026-01-08
radaronline.com	32848	2026-08-02
radio.com	43725	2025-12-15
radio.gov.pk	57443	2026-08-02
radiocayman.gov.ky	8145	2026-08-02
radioinfo.com.au	6174	2025-01-22
radioink.com	14820	2026-07-31
radioiowa.com	16240	2026-07-27
radiojamaicanewsonline.com	29652	2026-06-24
radiokerry.ie	24492	2026-08-02
radiokorea.com	28814	2026-06-20
radiotamazuj.org	12931	2026-08-02
radiotimes.com	40006	2026-08-02
radiotoday.co.uk	5727	2026-07-31
radiotoday.com.au	8181	2025-06-14
radiousa.com	8227	2026-07-31
radiox.co.uk	6751	2026-07-31
radyonatin.com	11629	2025-10-03
rafu.com	5328	2026-08-02
ragtrader.com.au	7601	2026-07-31
railpage.com.au	73388	2023-10-15
railway-technology.com	5670	2026-07-27
railwayage.com	8580	2026-01-31
railwaygazette.com	10785	2026-08-02
rap-up.com	9390	2026-02-07
rapidcityjournal.com	58651	2026-08-01
rapidtvnews.com	6195	2026-02-17
rappler.com	83312	2026-08-02
rappnews.com	9540	2026-08-02
rapsinews.com	6019	2025-12-09
rasmussenreports.com	7700	2026-08-01
ravallirepublic.com	53719	2026-08-02
rawstory.com	62625	2026-08-02
rbj.net	12065	2026-06-04
rbth.com	6306	2026-08-02
rcps.info	37674	2026-06-15
rcreader.com	7880	2026-08-02
rcrwireless.com	8397	2026-07-31
reachfm.ca	13597	2026-01-01
readingchronicle.co.uk	136740	2026-08-02
readingeagle.com	57452	2026-08-02
readmedia.com	32076	2026-08-01
readwrite.com	6433	2024-10-10
realclearpolitics.com	31789	2026-05-17
realestate.com.au	13951	2026-08-02
realestatebusiness.com.au	8832	2026-08-01
realgeni.com	32458	2025-04-16
realitytea.com	41341	2026-08-01
realitytvworld.com	35670	2026-08-01
realradio804.com	6358	2026-07-31
realscreen.com	6878	2026-06-24
reason.com	15437	2026-08-02
rechargenews.com	10332	2026-08-01
record-bee.com	10622	2026-08-02
record-eagle.com	80219	2026-08-02
recordcourier.com	10467	2025-09-04
recorder.ca	47774	2026-08-02
recorder.com	34693	2026-08-02
recordernews.com	6816	2023-10-26
recorderonline.com	51776	2026-08-02
recordnet.com	9191	2023-09-11
recordonline.com	10835	2023-09-11
redandblack.com	9920	2026-07-29
redbluffdailynews.com	12589	2026-08-02
reddeeradvocate.com	21370	2026-08-02
redding.com	5466	2023-09-11
redditchadvertiser.co.uk	109323	2026-08-02
redditchstandard.co.uk	14750	2026-08-02
redeyeradioshow.com	14669	2026-06-29
redfm.ie	11619	2026-08-01
rediff.com	83103	2026-08-02
redlandcitybulletin.com.au	63828	2026-08-02
redlandsdailyfacts.com	43871	2026-08-02
redriverradio.org	56585	2026-08-02
redstate.com	74774	2026-08-02
redwatch.org.au	11790	2026-08-02
reflector.com	100930	2026-08-02
reformer.com	47085	2026-08-02
regina.ctvnews.ca	15942	2025-04-08
register-herald.com	61120	2026-08-01
registercitizen.com	111574	2026-04-21
registerguard.com	9843	2023-09-10
registerherald.com	6606	2025-09-17
rejournals.com	8752	2025-07-14
rekordeast.co.za	10868	2021-02-24
relevantmagazine.com	8409	2026-08-01
relevantradio.com	9361	2026-06-04
reliefweb.int	163718	2026-03-28
religionnews.com	16623	2026-07-17
relish.com	7209	2026-08-02
relix.com	6414	2026-08-02
renalandurologynews.com	8038	2026-07-31
renewableenergymagazine.com	10184	2026-07-31
renews.biz	22747	2025-01-23
renfrewtoday.ca	11678	2026-07-31
rep-am.com	52992	2025-02-04
repeatingislands.com	6986	2026-08-01
reporter.net	18241	2026-08-02
reporterherald.com	38056	2026-08-02
reporternews.com	9509	2023-09-11
republic-online.com	26030	2026-07-02
republicaneagle.com	5625	2026-08-01
republicanherald.com	45652	2026-08-02
republicofmining.com	6903	2026-06-18
republicworld.com	41980	2026-03-17
republikein.com.na	6340	2026-08-02
rescue.org	5789	2026-07-23
reseller.co.nz	14517	2026-07-31
resilience.org	5376	2026-07-31
respect-mag.com	5645	2026-06-11
restaurantmagazine.com	13685	2026-07-31
restaurantnews.com	13589	2026-07-31
restaurantnewsrelease.com	13333	2026-07-31
restaurantonline.co.uk	5994	2026-07-31
restonnow.com	6591	2024-05-17
retaildetail.eu	7159	2026-07-31
retaildive.com	12448	2026-07-31
retailtimes.co.uk	18389	2026-07-31
reuters.com	928661	2026-07-21
revengeofthebirds.com	6949	2026-08-02
reverb.com	6060	2022-05-04
reviewjournal.com	38748	2026-08-02
reviewonline.com	18391	2026-08-01
reviewtimes.com	6175	2020-06-10
revolutionradio.org	7537	2025-09-24
revolvermag.com	6193	2025-01-22
rewind943.com	9742	2026-07-31
rexburgstandardjournal.com	7264	2026-08-02
rfa.org	13504	2026-08-01
rfdtv.com	25312	2026-08-02
rferl.org	45880	2026-08-02
rfglobalnet.com	5394	2026-08-01
rfi.fr	62526	2026-07-31
rgj.com	9002	2023-09-11
rheaheraldnews.com	8619	2026-08-02
rheinpfalz.de	6895	2020-11-26
rhyljournal.co.uk	113383	2026-08-02
ricentral.com	6532	2026-07-30
richlandsource.com	28871	2026-08-02
richmond-news.com	74966	2025-09-05
richmond.com	91204	2026-08-02
richmondandtwickenhamtimes.co.uk	111750	2026-08-02
richmondbizsense.com	7333	2026-07-31
richmondfreepress.com	7220	2026-02-12
richmondregister.com	27524	2026-08-02
ricochet.com	33598	2025-06-14
ridgecrestca.com	9084	2026-08-02
riggosrag.com	6749	2026-08-02
rightspeak.net	12304	2026-08-02
rigzone.com	30754	2026-08-02
ringsidereport.com	6068	2026-07-28
riotimesonline.com	41879	2026-08-02
riponadvance.com	8409	2026-07-31
riponpress.com	7693	2026-08-01
ripplesnigeria.com	10801	2026-02-09
risingapple.com	5805	2026-08-02
risingbd.com	7134	2023-02-02
risingkashmir.com	6154	2025-07-25
risk.net	7848	2026-07-31
rismedia.com	14860	2026-07-31
rivals.com	5169	2025-06-14
river1037.com	15290	2026-08-01
river967.com	22212	2026-07-30
riverbender.com	7579	2025-01-23
riverfronttimes.com	8051	2025-08-16
rivergrandrapids.com	31512	2026-08-02
rivernewsonline.com	15081	2026-07-31
riviera-maya-news.com	11593	2026-08-01
rnanews.com	6565	2026-08-02
rnz.co.nz	158350	2026-08-02
road.cc	10227	2026-08-02
roadandtrack.com	12222	2026-08-02
roadsafety.co.za	10573	2026-08-02
roanoke.com	77179	2026-08-01
roarmag.org	20751	2026-08-02
robbreport.com	16503	2026-08-02
robesonian.com	5789	2026-08-01
roboticstomorrow.com	7583	2026-07-31
rochdaleonline.co.uk	11368	2025-11-25
rochestercitynewspaper.com	5405	2023-03-06
rock101.com	10985	2026-07-23
rock1015.com	6025	2026-07-31
rock107.com	10040	2026-08-02
rock937online.com	24042	2025-03-27
rock947.com	9740	2022-11-22
rock967online.com	21198	2026-08-02
rockdalenewtoncitizen.com	71494	2026-08-02
rockpapershotgun.com	20007	2026-08-02
rocksound.tv	5030	2026-08-01
rockymounttelegram.com	61896	2026-08-02
rockytopinsider.com	7927	2026-08-02
rogerebert.com	23518	2026-01-29
rollcall.com	11507	2026-07-31
rollingout.com	36521	2025-12-23
rollingstone.com	54621	2026-08-02
rollingstoneindia.com	6316	2026-08-01
romania-insider.com	15899	2026-07-31
romaniapress.com	66857	2026-08-01
romesentinel.com	13710	2026-08-02
romfordrecorder.co.uk	49487	2026-08-02
romseyadvertiser.co.uk	52579	2024-10-26
roscommonherald.ie	51975	2026-08-02
ross-shirejournal.co.uk	52143	2026-08-02
rosslandtelegraph.com	5796	2026-07-31
rotherhamadvertiser.co.uk	7306	2025-01-23
rotowire.com	12055	2026-08-02
roundupweb.com	5425	2026-07-30
routesonline.com	12955	2026-07-31
royalcentral.co.uk	13758	2026-08-02
royalgazette.com	54453	2026-08-02
royalsreview.com	8014	2026-08-02
royston-crow.co.uk	30157	2026-08-02
rozanaspokesman.com	13549	2026-08-02
rrdailyherald.com	23828	2026-08-02
rri.ro	9860	2026-08-02
rrobserver.com	6429	2026-07-31
rrr.org.au	25218	2026-08-02
rrstar.com	9459	2023-09-11
rsn.net.au	11082	2026-08-02
rstreet.org	8339	2026-07-31
rt.com	14394	2026-08-02
rte.ie	179036	2026-08-02
rthk.hk	11700	2026-07-26
rtoinsider.com	5803	2026-08-02
rtrfm.com.au	6066	2026-07-31
rttnews.com	129690	2026-08-02
rubbernews.com	9503	2026-06-18
runcornandwidnesworld.co.uk	90709	2026-08-02
runnersworld.com	10141	2026-08-02
runningmagazine.ca	6354	2026-08-02
runwaygirlnetwork.com	5635	2026-03-31
rushlane.com	8703	2026-08-02
russiaherald.com	131400	2026-08-02
russianmachineneverbreaks.com	7423	2026-08-02
russianradio7.com	8075	2025-01-20
rustourismnews.com	5843	2026-08-02
ruthfullyyours.com	25532	2026-08-01
rutland-times.co.uk	11210	2026-08-02
rutlandherald.com	40660	2026-08-02
rvasia.org	8241	2026-08-02
ryeandbattleobserver.co.uk	5120	2022-02-09
sabcnews.com	8897	2026-03-19
sacobserver.com	7011	2026-05-28
sacurrent.com	16762	2026-08-02
safc.com	10896	2024-07-16
saharareporters.com	99625	2026-08-02
sahilonline.org	11818	2026-08-02
sail-world.com	21460	2026-08-02
sailingscuttlebutt.com	8762	2026-07-12
saipantribune.com	7237	2025-05-29
sakshi.com	36429	2025-06-05
sakshipost.com	32449	2026-08-02
salemnews.com	29482	2026-08-02
salemnews.net	17140	2026-08-01
salina.com	9487	2023-09-10
salinapost.com	30728	2026-08-02
salisburyjournal.co.uk	120648	2026-08-02
salon.com	32720	2026-08-02
saltlakecitysun.com	145758	2026-08-02
saltwire.com	81473	2026-08-02
samaa.tv	59944	2026-08-02
sammobile.com	26158	2026-08-02
samoanews.com	5742	2026-08-01
samoaobserver.ws	9036	2026-08-02
sana.sy	27733	2026-08-02
sanangelolive.com	27878	2026-08-02
sanantoniopost.com	61863	2026-08-02
sandiegoreader.com	13139	2025-08-22
sandiegosun.com	177557	2026-08-02
sandiegouniontribune.com	212559	2026-08-02
sanews.gov.za	14291	2026-08-02
sanfordherald.com	52054	2026-08-02
sanilacbroadcasting.com	5339	2025-01-09
sanjuanjournal.com	5683	2026-08-01
sanmarcosrecord.com	10927	2026-08-02
santabanta.com	7298	2026-08-01
santacruzsentinel.com	21562	2026-08-02
santafenewmexican.com	62609	2026-08-02
santamariasun.com	5337	2026-07-30
santamariatimes.com	92440	2026-08-02
saobserver.net	44719	2026-08-02
saps.gov.za	37740	2025-11-19
sarajevotimes.com	5933	2026-03-02
saratogian.com	38342	2026-08-02
sarniathisweek.com	35616	2026-01-20
saskatoon.ctvnews.ca	14577	2025-01-22
satellitetoday.com	7181	2026-07-31
satnews.com	14430	2026-08-02
saudigazette.com.sa	54271	2026-03-18
saukvalley.com	7863	2020-12-17
saultstar.com	58258	2026-08-02
saultthisweek.com	48731	2026-06-22
savannahnow.com	16081	2023-09-11
savejersey.com	6072	2026-08-02
savingadvice.com	5924	2026-08-02
sb.by	18602	2026-07-31
sbcnews.co.uk	7219	2024-12-05
sbnation.com	46916	2026-08-02
sbr.com.sg	19514	2026-08-02
sbs.com.au	83828	2026-08-02
sbsun.com	44445	2026-08-02
sbwire.com	16543	2022-01-13
scallywagandvagabond.com	9001	2026-08-02
scdailypress.com	7072	2023-01-30
schoolsweek.co.uk	7252	2026-07-03
schroders.com	5010	2024-02-09
science.org	5028	2024-04-24
science20.com	7044	2026-08-02
sciencealert.com	18608	2026-08-02
scienceblog.com	14847	2026-08-02
scienceblogs.com	14562	2026-08-02
sciencebusiness.net	9408	2026-02-09
sciencedaily.com	32155	2026-06-21
sciencemag.org	12882	2021-10-07
sciencenews.org	5437	2026-07-31
scientificamerican.com	14109	2026-08-01
scmagazine.com	10578	2024-09-25
scmp.com	157616	2026-08-02
scnow.com	44772	2026-08-01
sconeadvocate.com.au	69906	2026-08-02
scoop.co.nz	279524	2026-08-02
scotsman.com	80113	2025-01-23
scottishconstructionnow.com	6734	2026-07-31
scottishhousingnews.com	6827	2026-07-31
scottishlegal.com	6105	2026-07-31
scpr.org	7524	2024-02-29
screencrush.com	10189	2026-07-31
screendaily.com	27103	2025-09-05
screenrant.com	204830	2026-08-02
scrippsnews.com	14231	2026-03-19
scroll.in	55434	2026-08-02
sctimes.com	6903	2023-09-10
scvnews.com	21441	2026-08-02
sdcexec.com	8119	2025-12-28
sdjewishworld.com	6374	2026-08-02
sdpb.org	14515	2026-07-31
se933.com	20516	2026-07-31
seacoastonline.com	17956	2024-10-24
seafoodsource.com	6470	2025-01-23
seaforthhuronexpositor.com	22394	2026-08-02
seahawks.com	6219	2026-08-02
searchenginejournal.com	6388	2026-08-01
searchlight.vc	22934	2026-08-01
seasideradio.co.uk	13543	2026-07-31
seatrade-maritime.com	9491	2025-01-09
seattlepi.com	165051	2025-11-18
seattletimes.com	70978	2026-07-15
securityinfowatch.com	9592	2026-07-31
sedaliademocrat.com	11954	2026-08-01
seekingalpha.com	141563	2026-08-02
seenews.com	23417	2025-11-19
segmentnext.com	12742	2025-07-30
seguingazette.com	7099	2026-08-01
seguintoday.com	5109	2026-07-31
sej.org	14839	2026-07-31
selectscience.net	14520	2026-07-31
semissourian.com	15587	2026-08-02
sen.com.au	17190	2024-11-11
senate.gov.ph	10256	2025-08-20
seneweb.com	81744	2026-04-30
sent-trib.com	33170	2025-09-17
sentinel-standard.com	6658	2023-09-09
sentinelandenterprise.com	20098	2026-08-02
sentinelassam.com	80453	2026-08-02
sentinelsource.com	22605	2025-02-13
sequimgazette.com	6122	2026-07-29
serbian.cri.cn	10412	2026-08-02
setexasrecord.com	13902	2025-05-21
sevendaysvt.com	19778	2026-08-01
seventeen.com	10866	2026-07-30
seychellesnewsagency.com	7022	2026-02-17
sfchronicle.com	86527	2025-11-18
sfexaminer.com	15343	2026-08-02
sfgate.com	557090	2026-07-08
sfist.com	16032	2026-08-02
sflcn.com	6330	2026-06-04
sfstation.com	9405	2026-08-02
sgvtribune.com	46798	2026-08-02
shabait.com	5246	2026-08-02
shacknews.com	30060	2026-08-02
shafaqna.com	39106	2026-08-02
shanghaiist.com	6071	2026-07-11
shanghainews.net	86947	2026-08-02
shanghaisun.com	153436	2026-08-02
shankennewsdaily.com	7189	2026-07-31
shannonside.ie	28539	2026-08-02
sharecast.com	18144	2026-03-26
sharechat.co.nz	5636	2026-07-31
sharenet.co.za	17871	2026-07-31
shark1053.com	22327	2026-07-31
sharonherald.com	24316	2026-08-02
sheboyganpress.com	9278	2023-09-11
shekicks.net	6382	2026-07-29
sheknows.com	28061	2026-08-02
shelbystar.com	6592	2023-09-11
sheltonherald.com	53654	2025-11-18
shephardmedia.com	8475	2026-07-31
sheppnews.com.au	6976	2025-10-15
sherbrookerecord.com	5157	2026-08-01
sheridanmedia.com	22151	2026-08-02
sherwoodparknews.com	16503	2026-08-02
shetlandtimes.co.uk	8130	2026-08-02
shetnews.co.uk	16209	2026-08-02
shieldsgazette.com	12833	2025-01-23
shine.cn	8014	2025-06-14
ship-technology.com	5381	2026-07-16
shipandbunker.com	17085	2026-07-31
shipnc.com	8480	2026-08-02
shippingtribune.com	5895	2026-07-31
shippingwatch.com	7709	2026-06-26
shockya.com	5685	2026-08-02
shorehamherald.co.uk	6130	2022-02-09
shorelinebeacon.com	23105	2026-08-02
shorelinemedia.net	23262	2026-08-02
shorenewsnetwork.com	18724	2026-03-12
shortlist.com	6639	2026-07-31
showbiz411.com	6005	2026-08-02
shreveporttimes.com	9564	2023-09-11
shropshirelive.com	11565	2026-08-02
shropshirestar.com	67852	2026-03-26
si.com	253087	2026-08-02
siasat.com	161832	2026-08-02
sidneydailynews.com	17900	2025-09-17
sidneyherald.com	11619	2026-08-01
sierraleonetimes.com	69337	2026-08-02
sierrawave.net	6208	2026-08-02
sify.com	66041	2026-08-01
signalscv.com	21875	2026-08-02
siliconangle.com	18461	2026-08-01
siliconera.com	19445	2026-08-02
siliconindia.com	22553	2026-08-01
siliconrepublic.com	19791	2026-07-31
siliconvalley.com	14625	2026-07-31
silive.com	59235	2026-02-23
silverandblackpride.com	15341	2026-08-02
silverbirdtv.com	8478	2026-08-02
simcoe.com	13679	2026-08-02
simcoereformer.ca	49686	2026-08-02
simpleflying.com	8159	2026-07-10
sina.com	68991	2025-01-09
sina.com.hk	29882	2026-08-01
singaporestar.com	75439	2026-08-02
singersroom.com	16725	2026-08-02
singletonargus.com.au	74174	2026-08-02
siouxcityjournal.com	261306	2026-08-02
siouxlandnews.com	8079	2026-08-02
sis.gov.eg	9722	2025-11-14
siskiyoudaily.com	5408	2023-09-11
sitkasentinel.com	33103	2026-08-02
sj-r.com	11627	2023-09-11
skift.com	17817	2026-08-02
sknvibes.com	12873	2026-08-02
skopjediem.com	6488	2026-07-31
sky.com	87576	2026-07-22
skymetweather.com	6173	2026-08-01
skynews.com.au	72895	2026-07-26
slamonline.com	5481	2025-09-10
slashdot.org	5538	2024-09-09
slashfilm.com	42162	2026-08-02
slashgear.com	55884	2026-08-02
slate.com	42051	2026-08-02
sleepreviewmag.com	5183	2026-07-30
slguardian.org	23492	2026-08-02
slippedisc.com	6961	2026-08-02
slotocash.im	6832	2023-11-30
sloughobserver.co.uk	112368	2026-08-02
sloveniatimes.com	12811	2025-11-18
sltrib.com	30189	2026-08-02
slugmag.com	5288	2026-08-02
smallbiztrends.com	12901	2026-08-02
smallwarsjournal.com	6274	2026-06-04
smartcanucks.ca	13522	2026-08-02
smartcompany.com.au	9930	2026-07-31
smartpropertyinvestment.com.au	6167	2026-08-01
smdailyjournal.com	137001	2026-07-31
smdp.com	12284	2026-08-02
smenet.org	5065	2026-07-31
smetimes.in	13943	2026-07-17
smh.com.au	267170	2026-08-02
smithsonianmag.com	5380	2026-08-01
smn-news.com	15683	2026-08-02
smnewsnet.com	11006	2026-03-23
smokymountainnews.com	9095	2026-07-31
snl24.com	37194	2026-07-02
snntv.com	12417	2024-07-01
snopes.com	13727	2026-03-19
so-co-it.com	5992	2026-07-02
soapoperadigest.com	6091	2026-08-02
socaltech.com	5712	2025-12-24
socialistparty.org.uk	5103	2025-01-22
socialmediatoday.com	12673	2026-07-30
sofiaglobe.com	9530	2026-07-31
sofrep.com	14334	2026-04-18
softpedia.com	5650	2024-12-01
softrock941.com	5118	2023-02-13
soglos.com	5886	2026-07-29
sojo1049.com	41658	2026-08-02
solomonstarnews.com	9202	2026-04-30
somdnews.com	21119	2026-08-02
somerset-kentucky.com	30690	2026-08-02
somersetcountygazette.co.uk	189380	2026-08-02
somersetlive.co.uk	94872	2026-08-02
sooeveningnews.com	5730	2023-09-09
sookenewsmirror.com	38486	2026-08-02
soompi.com	33597	2026-08-02
sott.net	72488	2026-08-02
sounderatheart.com	7449	2026-08-02
soundonsound.com	25562	2026-08-02
southbendtribune.com	14724	2023-09-11
southcarolinapublicradio.org	76188	2026-08-02
southcoastregister.com.au	51125	2026-08-02
southcoasttoday.com	12183	2025-05-13
southdadenewsleader.com	8774	2026-08-02
southeastagnet.com	6242	2026-08-01
southeastasiapost.com	99300	2026-08-02
southeastradio.ie	8450	2026-08-02
southeastsun.com	5753	2025-01-17
southernhighlandnews.com.au	62913	2026-08-02
southernliving.com	11781	2026-03-17
southernminn.com	91040	2026-08-02
southernstandard.com	5879	2025-07-19
southernstar.ie	12889	2026-08-02
southgatearc.org	6902	2022-10-08
southpeacenews.com	8374	2026-08-02
southtahoenow.com	54204	2026-08-02
southwalesargus.co.uk	191962	2026-08-02
southwalesguardian.co.uk	94281	2026-08-02
southwhidbeyrecord.com	6007	2026-08-02
sowetan.co.za	5716	2026-08-02
sowetanlive.co.za	56173	2025-10-16
soyacincau.com	15820	2026-08-02
space.com	23577	2026-08-02
spacecoastdaily.com	12045	2026-08-02
spacedaily.com	20954	2026-08-02
spacewar.com	31572	2026-07-31
spaldingtoday.co.uk	8426	2023-12-04
spanishvida.com	5276	2026-08-02
spartaindependent.com	5381	2026-08-01
spectator.co.uk	41838	2025-12-16
spectator.org	8302	2026-06-21
spectator.sme.sk	10290	2026-02-18
spectrumlocalnews.com	9095	2026-06-26
spectrummagazine.org	5950	2024-10-24
spectrumnews1.com	7443	2026-02-12
speedcafe.com	31865	2026-08-02
speedwaymedia.com	16236	2026-08-02
spencerdailyreporter.com	5634	2026-07-31
spiked-online.com	6786	2026-08-02
spin.com	7322	2026-03-12
spin1038.com	7485	2026-07-30
spoilertv.com	27824	2026-08-02
spokanepublicradio.org	63651	2026-08-02
spokesman.com	58241	2026-08-02
sportsnet.ca	5652	2022-01-17
spotlightnepal.com	8112	2026-08-02
spotrac.com	56868	2026-08-02
springer.com	5364	2026-08-02
springfieldnewssun.com	53904	2026-08-02
sprucegroveexaminer.com	16414	2026-08-02
sputnikglobe.com	35231	2026-08-02
sputniknews.com	115856	2023-04-05
squamishchief.com	72879	2025-09-05
squatchrocks.com	44086	2026-08-02
srilankamirror.com	14253	2026-08-02
srilankasource.com	96888	2026-08-02
srpressgazette.com	6389	2026-08-02
ssuchronicle.com	20914	2020-04-15
stabroeknews.com	84877	2026-03-26
staffingindustry.com	7493	2024-12-01
stalbansreview.co.uk	82873	2025-12-09
stalbertgazette.com	58824	2025-09-05
stamfordadvocate.com	157056	2025-06-12
stamfordmercury.co.uk	8132	2023-12-04
stampedeblue.com	10081	2026-08-02
standard-democrat.com	5057	2026-08-02
standard-freeholder.com	43344	2026-08-02
standard-journal.com	66266	2026-08-02
standard.co.uk	207817	2026-08-02
standard.net	17683	2026-08-02
standard.net.au	76747	2026-08-02
standardbredcanada.ca	34430	2026-08-02
standardmedia.co.ke	193048	2026-08-02
standardspeaker.com	47366	2026-08-02
stanforddaily.com	6368	2026-07-31
star945.com	7853	2026-08-02
star967.net	13534	2026-03-20
star98.net	10219	2026-08-02
staradvertiser.com	52647	2026-08-02
starbeacon.com	28408	2026-08-02
starcommunity.com.au	9165	2026-04-29
starcourier.com	5441	2023-09-10
stardem.com	33022	2026-08-02
starfm1023.com	6848	2026-07-27
stargazette.com	5321	2023-09-11
starherald.com	50541	2026-08-02
starkvilledailynews.com	5606	2026-08-02
starlocalmedia.com	58780	2026-08-02
starmometer.com	9202	2026-06-08
starnewsonline.com	11634	2023-09-11
starobserver.com.au	8258	2026-08-02
starofmysore.com	34315	2026-08-02
starradiovegas.com	5978	2022-06-24
startribune.com	263276	2026-07-30
starweekly.com.au	25547	2026-03-02
state.gov	15186	2026-07-31
statecollege.com	13635	2026-08-02
statenews.com	9031	2026-08-01
stateofreform.com	5750	2026-03-27
statesboroherald.com	8801	2026-08-02
statesman.com	34154	2026-03-25
statesmanjournal.com	9447	2023-09-11
statesville.com	47983	2026-08-02
staugustine.com	10411	2023-09-11
stawelltimes.com.au	30181	2026-08-01
stcatharinesstandard.ca	106179	2026-08-02
steelers.com	6594	2026-08-02
steinbachonline.com	24872	2026-08-02
stellar.ie	10503	2026-07-31
stereoboard.com	20363	2026-08-02
stereogum.com	20211	2026-08-02
stettlerindependent.com	11725	2026-08-02
stevenspointjournal.com	8837	2023-09-11
stevivor.com	5998	2026-07-30
stgeorgeutah.com	23878	2026-08-02
sthelensstar.co.uk	136555	2026-08-02
stiripesurse.ro	38749	2026-08-02
stlamerican.com	17948	2026-08-02
stlouisstar.com	95079	2026-08-02
stlpublicradio.org	8721	2023-09-01
stltoday.com	242100	2026-08-02
stock-world.de	6893	2024-12-30
stockandland.com.au	39130	2026-08-02
stockhouse.com	12208	2026-07-28
stockjournal.com.au	39462	2026-08-01
stockmarketwire.com	21652	2022-02-23
stokesentinel.co.uk	101843	2026-08-02
stornowaygazette.co.uk	7135	2025-01-23
stourbridgenews.co.uk	143633	2026-08-02
straight.com	16791	2026-08-02
straitstimes.com	196763	2026-08-02
strangehorizons.com	5097	2026-08-02
strategypage.com	10579	2026-08-02
stratford-herald.com	18821	2026-08-02
stratfordbeaconherald.com	40155	2026-08-02
stratfordobserver.co.uk	9837	2026-08-02
strathroyagedispatch.com	35086	2026-01-25
strathroytoday.ca	8467	2026-07-31
streetinsider.com	368521	2024-12-02
streetsblog.org	9256	2026-08-02
stripes.com	97430	2026-08-02
stroudnewsandjournal.co.uk	117815	2026-08-02
stthomastimesjournal.com	40787	2026-08-02
stthomastoday.ca	9131	2026-08-02
stuff.co.nz	290589	2024-01-16
stuff.tv	7985	2026-08-02
stupiddope.com	18434	2025-10-20
sturgisjournal.com	6692	2023-09-11
stuttgartdailyleader.com	12545	2026-07-31
stwnewspress.com	10478	2026-08-02
stylecaster.com	15284	2026-08-02
suasnews.com	5781	2026-07-30
sudantribune.com	6768	2025-02-16
suffolknews.co.uk	11719	2026-08-02
summitdaily.com	21673	2026-08-02
sun-sentinel.com	109461	2026-08-02
suncommercial.com	54263	2026-08-02
sundaymail.co.zw	13635	2025-01-23
sundaynews.co.zw	14210	2025-01-22
sundaystandard.info	7150	2026-07-27
sundaytimes.lk	10887	2026-08-01
sundayworld.co.za	10802	2026-07-15
sundayworld.com	50448	2025-11-24
sunderlandecho.com	19890	2025-01-23
sungazette.com	20187	2026-08-01
sunjournal.com	108674	2026-08-02
sunlive.co.nz	43962	2026-08-02
sunnewsonline.com	41578	2024-06-26
sunny1031.com	7011	2026-08-02
sunny1063.com	13719	2026-02-19
sunny923.com	13134	2026-07-29
sunny943.com	11307	2026-08-01
sunnysidesun.com	5601	2023-04-13
sunshinecoastdaily.com.au	63851	2021-06-23
sunshinestatenews.com	9785	2023-07-22
sunstar.com.ph	95246	2026-08-02
suntimes.com	117156	2026-08-02
superbike-news.co.uk	10482	2026-08-02
superherohype.com	18072	2026-08-01
superhits106.com	7967	2026-08-02
superiortelegram.com	19296	2026-08-02
supermarketnews.com	9716	2026-07-31
supertalk.fm	12820	2026-08-02
supertalk1270.com	7801	2026-08-02
supertalk1570.com	16594	2026-07-09
surfky.com	6423	2026-05-29
surinametimes.com	11096	2026-08-02
surinenglish.com	20840	2026-08-02
surreycomet.co.uk	152969	2026-08-02
sussexexpress.co.uk	45134	2025-01-23
sverigesradio.se	7180	2026-04-15
swag1049.com	11858	2026-07-27
swapacd.com	41096	2025-09-25
swarajyamag.com	36344	2026-07-24
sweetwaternow.com	19469	2026-08-02
swfinstitute.org	15178	2024-06-11
swiftcurrentonline.com	22251	2026-08-02
swimmingworldmagazine.com	6148	2026-02-23
swimswam.com	30956	2026-07-05
swindonadvertiser.co.uk	154437	2026-08-02
swiowanewssource.com	10652	2026-07-30
swissinfo.ch	101940	2026-08-02
swnewsmedia.com	10991	2025-08-05
swoknews.com	68462	2026-08-02
swtimes.com	7227	2023-09-11
swvatoday.com	19068	2026-06-28
swxrightnow.com	5318	2020-12-17
sydneysun.com	68519	2026-08-02
syfy.com	21995	2026-08-01
syracuse.com	73906	2026-02-19
t-g.com	6250	2026-08-02
t3.com	28940	2026-08-02
t95.com	5070	2026-07-31
taftmidwaydriller.com	5882	2026-08-02
tag911.ae	8942	2026-08-02
tahlequahdailypress.com	34644	2026-08-02
tahoedailytribune.com	14211	2026-08-02
taipeitimes.com	107833	2026-08-02
taiwannews.com.tw	47002	2025-11-28
taiwansun.com	38792	2026-08-02
taku105.com	6608	2024-02-15
talk1073.com	5731	2026-07-31
talkandroid.com	8023	2026-07-30
talkers.com	7502	2026-07-31
talkingpointsmemo.com	25535	2026-08-01
talkingretail.com	13166	2026-07-31
talkradio1170.com	24565	2021-09-07
talkradio960.com	21212	2026-08-02
talkvietnam.com	179795	2023-11-26
tallahassee.com	13322	2023-09-11
tamilguardian.com	5402	2026-07-31
tampabay.com	40369	2026-03-26
tanzanianewsreports.com	17553	2026-07-30
taosnews.com	12420	2026-08-02
tapeop.com	9967	2026-07-25
tapinto.net	6703	2023-08-03
targatocn.it	6484	2026-08-02
targetednews.com	169981	2026-08-02
tasnimnews.com	10617	2025-10-07
tass.com	97872	2026-04-09
tasteofcountry.com	22358	2026-08-02
tasteofhome.com	11279	2026-08-02
tatler.com	7781	2026-08-01
tatlerasia.com	6896	2025-10-27
tauntongazette.com	6714	2023-09-11
taylorvilledailynews.com	21892	2026-08-02
tbnewswatch.com	27463	2025-09-05
tbnweekly.com	13489	2026-05-04
tbsnews.net	21092	2026-03-19
tcpalm.com	12606	2023-09-11
tctimes.com	7689	2026-08-02
tctmd.com	5075	2026-05-19
td.org	5155	2026-03-11
tdh.gov.tm	5211	2026-08-01
tdn.com	62725	2026-08-01
tdtnews.com	31081	2026-08-02
team-bhp.com	42769	2026-06-08
teammyrtlebeach.com	20251	2023-08-29
teamtalk.com	74635	2026-08-02
teamusa.org	6354	2023-08-16
techcabal.com	15913	2026-08-01
techcentral.co.za	8322	2026-05-14
techcentral.ie	5679	2026-07-31
techcrunch.com	67571	2026-08-02
techdirt.com	41484	2026-08-02
techmoran.com	8735	2026-08-02
technewstoday.com	6238	2024-04-04
technical.ly	7542	2026-08-02
technuter.com	6634	2026-06-04
techradar.com	110032	2026-08-02
techreport.com	6990	2026-03-27
techrepublic.com	7150	2026-08-01
techshout.com	5599	2025-09-07
techspot.com	26586	2026-08-02
techstory.in	47546	2026-08-02
techtimes.com	50405	2026-08-02
techxplore.com	35782	2026-01-29
tehachapinews.com	9876	2026-08-02
tehelka.com	7045	2025-09-08
telecomasia.net	7976	2026-01-12
telecompaper.com	60254	2026-08-01
telecomtv.com	6023	2026-07-31
telegrafi.com	6155	2026-08-01
telegram.com	19979	2023-09-11
telegraph.co.uk	238741	2024-11-25
telegraphherald.com	93078	2026-08-02
telegraphindia.com	208030	2024-07-30
teletrader.com	7453	2024-03-13
televisual.com	6443	2026-07-31
tellerreport.com	12622	2024-04-09
telluridenews.com	5025	2026-07-29
tellychakkar.com	94830	2025-02-28
tempo.com.ph	19338	2025-05-27
tennessean.com	23387	2023-09-11
tennesseedaily.com	138290	2026-08-02
tenterfieldstar.com.au	45873	2026-08-02
terracestandard.com	28092	2026-08-02
terradaily.com	25008	2026-07-31
tert.am	5822	2024-11-27
tewkesburyadmag.co.uk	18216	2021-03-11
texarkanagazette.com	32796	2026-08-02
texasguardian.com	214426	2026-08-02
texasmonthly.com	9598	2026-06-22
texastribune.org	8884	2026-08-01
textileworld.com	10514	2026-07-31
thailand-business-news.com	28167	2026-08-02
thailandnews.net	34441	2026-08-02
thatsmags.com	5879	2025-02-07
the-daily-record.com	10173	2023-09-11
the-dispatch.com	12953	2026-08-02
the-independent.com	26427	2026-08-02
the-journal.com	14093	2026-03-19
the-leader.com	6615	2023-09-11
the-messenger.com	96559	2026-08-02
the-review.com	9253	2023-09-11
the-star.co.ke	75405	2026-08-02
the-sun.com	27421	2026-08-01
the42.ie	76000	2026-08-02
the72.co.uk	10250	2026-08-02
theadanews.com	12282	2026-08-02
theadvertiser.com	7982	2023-09-11
theadviser.com.au	7245	2026-08-02
theadvocate.com	64888	2026-08-02
theadvocate.com.au	60977	2026-08-02
theadvocatengr.com	10123	2021-09-14
theafricareport.com	9626	2026-07-18
theage.com.au	247421	2026-08-02
thealpenanews.com	24397	2026-08-02
theamericanconservative.com	8433	2026-08-02
theanswertampa.com	5052	2024-09-25
thearabtribune.com	9217	2026-08-02
theargus.co.uk	169360	2026-08-02
theartnewspaper.com	13847	2026-07-31
theartsdesk.com	12972	2026-08-02
theasian.asia	6055	2026-08-02
theatermania.com	5916	2026-08-02
theathletic.com	40386	2024-05-13
theatlantic.com	31867	2026-08-02
theaustralian.com.au	85916	2024-07-31
theautochannel.com	11094	2026-08-02
thebangladeshtoday.com	6208	2026-08-02
thebatavian.com	22173	2026-08-02
thebeacon.net	5076	2026-07-29
thebeat925.ca	10298	2026-08-01
thebeatdfw.com	10998	2026-08-02
thebeatofthecapital.com	17248	2026-08-02
thebeijinger.com	16107	2026-08-02
thebftonline.com	31279	2026-08-02
thebigdm.com	7557	2026-07-31
thebiglead.com	26027	2026-08-02
thebigstation93blx.com	9643	2026-08-02
theblacksheartimes.com	7197	2026-07-28
theblaze.com	29046	2026-08-02
theboar.org	5993	2026-08-02
theboltonnews.co.uk	157625	2026-08-02
theboneonline.com	14675	2026-07-31
theboot.com	19359	2026-08-02
theborneopost.com	49953	2026-07-17
thebostonpilot.com	21050	2026-08-01
theboxhouston.com	6404	2026-08-02
thebreakingtimes.com	6436	2026-02-05
thebrunswicknews.com	36795	2026-08-02
thebullamarillo.com	9965	2024-04-29
thebulletin.be	8715	2026-05-14
thebulltulsa.com	42888	2025-10-10
thebusinessdesk.com	30028	2026-08-02
thebusinessjournal.com	9317	2026-08-01
thecabin.net	19773	2026-08-01
thecable.ng	101990	2026-08-02
thecaribbeancamera.com	6550	2026-08-02
thecattlesite.com	9058	2026-07-31
thecentersquare.com	47172	2026-06-26
thechiefleader.com	5581	2026-07-31
thechronicle-online.com	36551	2026-06-29
thechronicle.com.au	59588	2024-07-26
thechronicle.com.gh	26566	2026-08-02
thechronicleherald.ca	29241	2020-11-12
thechronicleonline.com	6398	2024-10-01
thecitizen.co.tz	20378	2026-08-02
thecitizen.com	10656	2026-07-31
thecitizen.in	6688	2026-07-31
thecoast.net.nz	8041	2026-07-29
thecollegefix.com	6780	2026-08-02
thecomet.net	40436	2026-08-02
thecommonsenseshow.com	5386	2022-03-12
thecommunityvoice.com	5627	2026-08-02
theconservativetreehouse.com	47385	2026-08-02
theconstructionindex.co.uk	27431	2026-08-02
theconversation.com	100810	2026-08-02
thecork.ie	5141	2026-08-02
thecorner.eu	5953	2026-07-31
thecourier.co.uk	126383	2025-05-27
thecourier.com	6262	2024-02-01
thecourier.com.au	63525	2026-08-02
thecourierexpress.com	33722	2026-08-01
thecragandcanyon.ca	9219	2026-08-02
thecranberryeagle.com	6309	2026-01-17
thecrimson.com	17849	2026-07-31
thedailybeast.com	70513	2026-08-02
thedailyblog.co.nz	22185	2026-08-02
thedailycitizen.com	13014	2024-08-22
thedailyjournal.com	8370	2023-09-11
thedailymash.co.uk	11952	2026-08-01
thedailymeal.com	23713	2026-08-02
thedailynewnation.com	27080	2024-07-26
thedailynewsonline.com	33458	2026-08-02
thedailyrecord.com	30684	2026-06-04
thedailyreporter.com	5901	2023-09-08
thedailyreview.com	39655	2026-08-01
thedailystar.com	35642	2026-08-02
thedailystar.net	214594	2026-08-02
thedailytimes.com	48122	2026-08-02
thedailyworld.com	8092	2026-08-01
theday.com	76094	2024-12-10
thedenverchannel.com	21269	2022-09-07
thedestinlog.com	5975	2023-09-11
thedickinsonpress.com	36085	2026-08-02
thedigitalcourier.com	34828	2026-08-02
thediplomat.com	22692	2026-07-31
thediplomat.ro	11046	2026-07-31
thedp.com	9754	2026-07-31
thedrinksbusiness.com	14857	2026-08-01
thedrum.com	26119	2026-07-15
theduke.fm	7549	2025-08-29
theeagle.com	35862	2026-08-01
theeagle1069.com	11499	2026-07-30
theeagleonline.com.ng	58038	2026-08-02
theeastafrican.co.ke	17583	2026-07-22
theedgemarkets.com	47793	2023-05-12
theedinburghreporter.co.uk	7170	2026-08-02
theengineer.co.uk	9656	2026-06-05
theenterpriseleader.com	376144	2025-04-18
theepochtimes.com	311523	2026-08-02
thefacts.com	21462	2026-08-02
thefader.com	7991	2026-07-30
thefamuanonline.com	5063	2026-06-02
thefan1075.com	75287	2026-08-02
thefanfm.com	20321	2021-03-19
thefastmode.com	15805	2026-07-31
thefederalist.com	29836	2026-07-31
thefencepost.com	10074	2026-08-01
thefirstnews.com	5660	2024-01-28
thefranklinnewspost.com	6659	2026-07-30
thefreepress.ca	28599	2026-08-02
thefreshloaf.com	13576	2026-08-02
thefrisky.com	8666	2026-06-03
thefrontierpost.com	88955	2026-08-02
thefutoncritic.com	38268	2026-08-02
thegame730am.com	18800	2025-12-01
thegamenashville.com	49742	2026-08-02
thegardenisland.com	17270	2026-08-02
thegazette.com	51757	2026-08-02
theglobeandmail.com	193175	2026-08-02
thegrio.com	40468	2026-08-02
thegrocer.co.uk	30005	2025-09-05
theguardian.com	478021	2026-08-02
theguardian.pe.ca	27018	2020-11-12
thehardtackle.com	48993	2026-08-02
thehawkeye.com	9259	2022-12-02
thehayride.com	5525	2026-07-31
thehealthsite.com	34374	2026-02-16
thehendersonnews.com	10575	2024-05-30
theherald-news.com	9633	2026-01-29
theherald.co.za	6951	2026-08-02
theheraldghana.com	11336	2026-08-02
thehill.com	140700	2026-01-07
thehimalayantimes.com	33165	2026-03-30
thehindu.com	962729	2026-08-02
thehindubusinessline.com	268679	2026-08-02
thehitavada.com	29460	2026-08-02
thehits.co.nz	8399	2026-07-30
thehollywoodgossip.com	16557	2026-08-01
thehorse.com	5111	2026-04-13
thehot1039.com	6930	2026-08-02
thehour.com	150380	2026-06-22
theiet.org	13444	2026-07-28
theifp.ca	7041	2026-08-02
theindependent.co.zw	13749	2026-06-25
theindependent.com	69570	2026-08-02
theindependent.sg	6847	2026-03-17
theindianawaaz.com	30837	2026-08-02
theindychannel.com	8382	2020-08-11
theinertia.com	10197	2026-08-01
theintell.com	5596	2023-01-24
theintelligencer.com	80557	2026-06-22
theintelligencer.net	24937	2026-08-02
theintermountain.com	17817	2026-08-02
theirishfield.ie	11951	2026-08-01
theislandnow.com	5886	2025-10-02
theisonews.com	30453	2020-10-30
theitem.com	24747	2026-08-02
thejakartapost.com	68684	2026-08-02
thejc.com	10973	2026-08-02
thejerseytomatopress.com	8608	2025-07-12
thejetpress.com	5146	2026-08-02
thejournal.ie	118481	2026-08-02
thejoyfm.com	8203	2026-01-05
thejudge13.com	5486	2026-08-02
thekansan.com	9297	2026-07-15
thelancasterandmorecambecitizen.co.uk	31708	2023-02-07
thelancet.com	7560	2024-04-30
theland.com.au	44577	2026-08-02
thelandryhat.com	5612	2026-08-02
theleader.com.au	85779	2026-08-02
theleader.info	16409	2026-08-02
theleafchronicle.com	6764	2023-09-11
theledger.com	15716	2023-09-11
thelincolnite.co.uk	16781	2025-10-23
thelinkpaper.ca	5039	2026-08-01
thelocal.at	6915	2026-08-02
thelocal.ch	7527	2026-08-01
thelocal.de	12561	2026-08-02
thelocal.dk	7806	2026-08-02
thelocal.es	9391	2026-08-02
thelocal.fr	16106	2026-08-02
thelocal.it	8088	2026-08-02
thelocal.no	7215	2026-08-01
thelocal.se	10890	2026-08-02
thelondoner.ca	36738	2025-12-17
themag.co.uk	13602	2026-08-02
themainewire.com	9112	2026-08-02
themalaysianinsight.com	24614	2024-09-16
themaneland.com	5881	2026-08-02
themarketsdaily.com	551518	2026-08-02
themarysue.com	32733	2026-07-09
themedialine.org	22512	2026-08-02
themediaonline.co.za	5947	2026-07-31
themercury.com.au	36877	2024-07-29
themiamihurricane.com	5394	2026-08-01
themiddlemarket.com	23799	2026-07-31
themobileindian.com	12551	2026-07-31
themonitor.com	5325	2021-01-11
themorningbulletin.com.au	63217	2021-06-23
themorningsun.com	33016	2026-08-02
themoscowtimes.com	22156	2026-08-02
themountainmail.com	22583	2026-08-02
themountainpress.com	25822	2026-08-01
themunicheye.com	8003	2026-08-02
themusic.com.au	9798	2026-08-02
thenassauguardian.com	24308	2026-08-01
thenation.com	19278	2026-08-02
thenational.ae	31171	2020-10-14
thenational.com.pg	18734	2026-08-02
thenational.scot	108148	2026-08-02
thenationalherald.com	7932	2026-05-07
thenationalnews.com	59644	2026-08-02
thenationonlineng.net	196120	2026-08-02
thenelsondaily.com	6189	2024-09-27
thenewamerican.com	8478	2026-08-02
thenewdaily.com.au	23374	2025-01-23
thenewdawnliberia.com	23728	2026-08-02
thenewpulsefm.com	6521	2026-08-02
thenews-chronicle.com	36773	2025-01-29
thenews-messenger.com	7786	2023-09-11
thenews.com.pk	485889	2026-08-02
thenewsguard.com	9239	2026-08-01
thenewsherald.com	23495	2026-08-02
thenewsminute.com	31648	2026-08-02
thenewsnigeria.com.ng	11305	2026-08-02
thenewsstar.com	6563	2023-09-11
thenewswheel.com	6752	2026-07-07
thenextweb.com	10802	2026-08-02
thenigerianvoice.com	9550	2026-03-11
thenortheasttoday.com	6563	2025-10-20
thenorthernecho.co.uk	219727	2026-08-02
thenorthlines.com	45913	2026-08-02
thenorthwestern.com	9314	2023-09-11
theoaklandpress.com	42678	2026-08-02
theobserver.ca	46688	2026-08-02
theolivepress.es	31293	2026-07-30
theonion.com	9612	2026-08-01
theonlinecitizen.com	8082	2025-02-13
theparisnews.com	31228	2026-08-01
thepeakfm.com	8279	2026-07-30
thepeninsulaqatar.com	163784	2026-08-02
thepeoplesperson.com	35092	2026-08-02
thepeterboroughexaminer.com	58514	2026-08-02
thephinsider.com	10530	2026-08-02
thephuketnews.com	19442	2025-03-05
thepienews.com	5145	2026-07-31
thepigsite.com	7917	2026-07-31
thepilot.com	7309	2026-08-02
thepinetree.net	5405	2026-08-02
thepinknews.com	20559	2026-07-31
thepiratescove.us	9007	2025-09-07
theplainsman.com	6590	2026-08-01
thepoint.gm	14225	2026-07-31
thepointsguy.com	19381	2026-08-02
theportugalnews.com	48395	2026-08-02
thepost.on.ca	23347	2026-08-02
thepostathens.com	11417	2026-07-22
thepoultrysite.com	8107	2026-07-31
theprint.in	20422	2026-07-14
theproducenews.com	11398	2026-01-03
theprogress.com	31523	2026-08-02
theprogressnews.com	15832	2026-08-01
theprovince.com	26936	2026-08-02
theprowersjournal.com	5610	2026-08-02
thepublicopinion.com	26347	2023-09-11
thequietus.com	9859	2026-08-01
thequint.com	6366	2026-03-16
therakyatpost.com	18417	2026-08-02
theranch.fm	9198	2026-06-11
therealdeal.com	50829	2026-07-24
therebelrocks.com	19458	2022-08-22
therecord.com	33119	2026-08-02
theredstonerocket.com	5049	2026-08-01
thereflector.com	10009	2026-07-29
theregister.com	36436	2026-08-02
thereporter.com	11036	2026-08-02
thereporteronline.com	43076	2026-08-02
therepublic.com	102406	2026-04-01
theridgefieldpress.com	54487	2025-06-14
therightscoop.com	13994	2026-08-02
theroar.com.au	37997	2026-08-02
therockofrochester.com	36059	2026-08-02
therolladailynews.com	8979	2026-07-30
theroot.com	18213	2026-08-02
therural.com.au	41697	2026-08-02
thesalemnewsonline.com	28323	2026-07-08
thescarboroughnews.co.uk	18854	2025-01-23
thescore.com	5139	2026-03-18
thescore1260.com	43724	2026-08-02
thescottishfarmer.co.uk	24956	2026-08-02
thescottishsun.co.uk	6966	2026-02-23
thesheridanpress.com	6715	2026-08-01
theshillongtimes.com	47955	2026-08-02
thesierraleonetelegraph.com	8602	2026-08-02
thesixthaxis.com	9469	2026-07-31
theskanner.com	6754	2026-05-10
theskinny.co.uk	6476	2026-07-31
thesource.com	37332	2026-08-02
thesouthafrican.com	132442	2026-08-02
thesouthern.com	56155	2026-08-02
thesouthernreporter.co.uk	9553	2025-01-23
thespec.com	33834	2026-08-02
thespectrum.com	5397	2023-09-09
thespiritsbusiness.com	12660	2026-07-31
thespread.com	20558	2026-05-11
thespun.com	17568	2023-10-13
thestandard.co.zw	20353	2026-08-02
thestandard.com.hk	105808	2026-03-02
thestandard.org.nz	7041	2025-10-04
thestar.co.uk	20920	2025-01-23
thestar.com	97989	2026-07-31
thestar.com.my	489301	2026-08-02
thestarphoenix.com	36860	2026-08-02
thestarpress.com	7271	2023-09-11
thestatesman.com	68849	2026-06-10
thestkittsnevisobserver.com	5100	2026-03-17
thestrad.com	8272	2025-09-05
thestranger.com	12864	2026-08-01
thestreet.com	43383	2026-07-10
thestreetjournal.org	48434	2026-01-16
thesubtimes.com	14335	2025-10-04
thesuburban.com	17944	2026-08-02
thesudburystar.com	60510	2026-08-02
thesun.co.uk	70392	2026-07-29
thesun.ie	20857	2026-03-18
thesun.my	39404	2026-02-08
thesun.ng	33989	2026-08-02
thesunchronicle.com	84045	2026-08-02
thesundaily.my	99874	2023-11-06
thesylvaherald.com	5910	2026-07-29
thetab.com	31571	2026-08-01
thetablet.co.uk	5818	2026-08-01
thetablet.org	9076	2026-07-31
thetandd.com	58823	2026-08-01
thetelegram.com	22428	2020-11-11
thetelegraph.com	163596	2026-06-22
thetelegraphandargus.co.uk	176554	2026-08-02
thethaiger.com	14483	2026-03-19
thetidenewsonline.com	34357	2026-07-29
thetimes-tribune.com	69045	2026-08-02
thetimes.co.uk	214037	2024-06-05
thetimes.com	85313	2026-08-02
thetimesherald.com	5081	2023-09-11
thetimesnews.com	12321	2026-08-02
thetimestribune.com	24791	2026-08-02
thetottenhamindependent.co.uk	95182	2026-08-02
thetowntalk.com	5540	2023-09-11
thetrucker.com	13888	2026-08-02
thetruthaboutcars.com	16160	2026-08-01
theturtleislandnews.com	18466	2026-08-01
thetyee.ca	8969	2026-08-01
theuknews.com	37759	2026-08-02
theunion.com	19687	2026-08-01
theurbandaily.com	9336	2026-07-28
theusnews.com	140709	2026-08-02
theverge.com	65620	2026-08-02
thevermilion.com	5592	2026-07-30
thevisitor.co.uk	5324	2021-12-13
thevoicebw.com	6374	2024-08-09
thevoiceslu.com	15101	2026-07-31
thevwindependent.com	8399	2026-08-01
thewave.ca	10659	2025-12-07
theweek.co.uk	12509	2023-09-12
theweek.com	53639	2026-08-02
theweek.in	89187	2026-08-02
theweektoday.com	18233	2024-09-18
thewest.com.au	9157	2026-07-23
thewesterlysun.com	24522	2026-08-01
thewestmorlandgazette.co.uk	194349	2026-08-02
thewestonforum.com	6800	2025-10-31
thewestonmercury.co.uk	56657	2026-08-02
thewhig.com	49093	2026-08-02
thewhiskeywash.com	14553	2026-08-02
thewire.in	44530	2024-03-27
thewolf.ca	8100	2026-07-31
theworld.org	9079	2026-06-26
theworldlink.com	21883	2026-08-02
thewrap.com	79013	2026-08-02
thexboxhub.com	9843	2026-08-02
thexradio.com	10909	2026-08-01
theyeshivaworld.com	33156	2026-08-02
theyucatantimes.com	9446	2025-06-10
thezimbabwean.co	6709	2026-08-02
thezimbabwedaily.com	16271	2026-02-04
thezimbabwemail.com	31838	2026-08-02
thirdsector.co.uk	8964	2026-07-03
thisdaylive.com	165960	2026-08-02
thisisanfield.com	21552	2026-01-24
thisislancashire.co.uk	54733	2023-02-07
thisislocallondon.co.uk	155513	2025-12-03
thisismoney.co.uk	52701	2025-11-06
thisisoxfordshire.co.uk	169694	2026-08-02
thisisthewestcountry.co.uk	18359	2023-02-07
thisiswiltshire.co.uk	136882	2026-08-02
thomasnet.com	15573	2024-02-05
thompsoncitizen.net	86287	2025-01-20
thunder987.com	5645	2021-03-31
thurrockgazette.co.uk	92560	2026-08-02
thurstontalk.com	6127	2026-08-02
thv11.com	51235	2026-06-05
thyblackman.com	10102	2026-08-01
tibet.net	9671	2026-08-01
tickerreport.com	435901	2026-08-02
ticotimes.net	6449	2026-01-09
tide1009.com	6739	2026-03-09
tiftongazette.com	10284	2026-08-01
tigerdroppings.com	5399	2022-01-13
tigernet.com	9295	2025-11-20
tigersroar.com	9905	2026-08-02
tillamookheadlightherald.com	14267	2026-08-02
timberjay.com	6722	2026-08-01
time.com	25993	2026-08-02
timeout.com	19266	2026-08-02
timeoutdubai.com	8263	2023-01-03
times-gazette.com	8414	2023-09-11
times-herald.com	6651	2026-08-02
times-journal.com	6249	2026-07-31
times-news.com	38183	2026-08-02
times-series.co.uk	101128	2026-08-02
times-standard.com	14998	2026-08-02
times.co.sz	9098	2026-03-15
timesandstar.co.uk	151829	2026-08-02
timesargus.com	34046	2026-08-01
timesbulletin.com	6962	2026-07-01
timesca.com	14199	2026-07-31
timescall.com	38839	2026-08-02
timescitizen.com	5986	2026-08-02
timescolonist.com	119190	2025-01-21
timesdaily.com	45891	2026-08-02
timesenterprise.com	8992	2026-07-31
timesfreepress.com	35826	2026-08-02
timesgazette.com	8366	2025-09-17
timesherald.com	44301	2026-08-02
timesheraldonline.com	10263	2026-08-02
timeshighereducation.com	11198	2026-08-02
timesleader.com	20980	2026-08-02
timesleader.net	6250	2026-08-02
timesleaderonline.com	18444	2026-08-01
timeslive.co.za	136515	2026-08-02
timesnews.net	36240	2025-11-11
timesnownews.com	143696	2026-04-29
timesofearth.com	6375	2026-08-02
timesofisrael.com	138709	2023-11-04
timesofmalta.com	121997	2026-04-15
timesofoman.com	52251	2026-08-02
timesofsandiego.com	24110	2026-08-02
timesonline.com	9679	2023-09-11
timesrecordnews.com	9821	2023-09-11
timesreporter.com	10999	2023-09-11
timesrepublican.com	22071	2026-08-01
timesreview.com	23630	2026-06-04
timestelegram.com	7281	2023-09-11
timesunion.com	119604	2025-11-14
timeswv.com	18732	2026-08-02
timminspress.com	56978	2026-08-02
timminstimes.com	44691	2026-01-26
tipperarylive.ie	30669	2026-05-14
tippfm.com	18541	2026-07-17
tippmidwestradio.com	13168	2026-07-31
tirebusiness.com	6666	2026-06-09
titansradio.com	16454	2026-07-17
titusvilleherald.com	22168	2022-12-01
tivysideadvertiser.co.uk	124906	2026-08-02
tmcnet.com	437717	2025-01-23
tmj4.com	6376	2026-03-19
tmz.com	52635	2026-08-02
tnledger.com	49630	2026-07-31
tnonline.com	37652	2026-08-01
tnp.sg	13213	2025-10-30
today.az	57389	2026-07-15
today.com	69197	2026-08-02
today.ng	48383	2024-06-20
today.rtl.lu	6406	2026-05-21
todayfm.com	16592	2026-07-31
todayheadline.co	7585	2025-01-27
toffeeweb.com	8427	2026-08-02
tolonews.com	32868	2024-06-06
tomsguide.com	52382	2026-08-02
tomshardware.com	19052	2026-08-02
tonyskansascity.com	45660	2026-08-02
topspeed.com	24902	2026-08-02
topwirenews.com	19565	2026-07-31
tor.com	21154	2024-01-23
toronto.citynews.ca	77571	2026-08-02
toronto.com	16094	2026-08-02
toronto.ctvnews.ca	37722	2025-01-23
torontosun.com	95046	2026-08-02
torontotelegraph.com	103768	2026-08-02
torquenews.com	29520	2026-08-02
totaltele.com	9673	2026-07-28
toucharcade.com	6249	2025-04-19
towleroad.com	15902	2024-04-28
townandcountrymag.com	18649	2026-08-02
townhall.com	92876	2026-08-02
townsvillebulletin.com.au	89963	2026-08-02
toynews-online.biz	5637	2026-07-31
tpr.org	34626	2026-08-02
tradearabia.com	116214	2026-08-02
tradeonlytoday.com	5720	2026-07-31
tradersmagazine.com	8155	2026-07-31
tradewindsnews.com	8151	2026-03-18
trains.com	13628	2026-07-15
trak.in	9134	2026-08-02
transylvaniatimes.com	9777	2026-08-02
travelandleisure.com	22155	2026-03-17
travelbizmonitor.com	8725	2026-08-02
traveldailymedia.com	27645	2026-06-05
traveldailynews.asia	10250	2026-04-19
traveldailynews.com	24067	2026-01-24
travelextra.ie	11306	2026-08-02
traveller.com.au	6007	2023-04-11
travelmarketreport.com	11853	2026-08-02
travelmole.com	9334	2026-05-01
travelweekly.com	19561	2026-02-06
travelweekly.com.au	17629	2026-07-31
trbusiness.com	8984	2026-08-01
trend.az	31560	2026-06-27
trentonian.ca	44449	2026-06-22
trentonian.com	30252	2026-08-02
trib.com	63026	2026-08-02
tribdem.com	59162	2026-08-02
tribecacitizen.com	5490	2026-08-01
triblive.com	99379	2026-05-04
tribstar.com	51190	2026-08-02
tribtoday.com	28973	2026-08-01
tribtown.com	97408	2025-04-15
tribune.com.pk	259510	2026-08-02
tribune.net.ph	66482	2026-08-02
tribune242.com	45078	2026-08-01
tribuneindia.com	283164	2026-08-02
tribuneledgernews.com	34489	2026-07-31
tribuneonlineng.com	160318	2026-08-02
tribunnews.com	9003	2026-08-02
tribute.ca	8148	2025-01-21
tricitynews.com	79527	2025-08-01
trinidadexpress.com	51767	2026-08-02
trinidadtimes.com	52639	2026-08-02
triplicate.com	5735	2026-08-01
troyrecord.com	37537	2026-08-02
trtworld.com	11841	2026-03-19
truebluela.com	10754	2026-08-02
truenorthreports.com	6071	2023-06-30
trumbulltimes.com	49197	2025-06-14
trussvilletribune.com	12150	2026-08-02
trust.org	37925	2026-04-28
trustedreviews.com	22280	2026-08-02
truthout.org	18927	2026-08-01
tsln.com	8065	2026-08-01
tsn.ca	164854	2026-08-02
tspr.org	24091	2026-08-02
ttgasia.com	13031	2026-07-31
ttnworldwide.com	7107	2026-08-02
ttrweekly.com	10630	2026-08-02
tucson.com	194717	2026-08-02
tucsonpost.com	39482	2026-08-02
tucsonsentinel.com	21556	2025-07-21
tucsonweekly.com	8357	2026-08-02
tudno.co.uk	20766	2023-04-26
tuko.co.ke	17879	2026-03-19
tulsaworld.com	111014	2026-08-02
tuoitrenews.vn	28862	2025-04-16
turkishpress.com	8519	2024-03-13
turlockjournal.com	5230	2026-08-01
turnto10.com	49533	2026-08-02
turnto23.com	49407	2026-08-02
tuscaloosanews.com	10891	2023-09-11
tv6tnt.com	23172	2026-08-02
tvfanatic.com	6905	2025-05-15
tvgrapevine.com	16729	2026-08-02
tvguide.co.uk	1956152	2026-08-02
tvguide.com	9728	2026-08-02
tvline.com	20201	2026-08-02
tvnewscheck.com	25734	2026-07-31
tvnz.co.nz	5645	2021-10-05
tvone.tv	5286	2026-07-31
tvovermind.com	19816	2026-07-31
tvseriesfinale.com	6051	2026-08-02
tvtechnology.com	11437	2026-08-01
tvtonight.com.au	28613	2026-08-02
tweaktown.com	28503	2025-03-01
tweeddailynews.com.au	45440	2021-04-28
twincities.com	37935	2026-08-02
twinsdaily.com	15353	2026-08-02
twitchy.com	62349	2026-08-02
twtd.co.uk	109982	2026-08-02
tylerpaper.com	28414	2026-08-02
typepad.com	10528	2024-12-01
tyrepress.com	6626	2026-07-31
ualrpublicradio.org	48626	2026-08-02
uark.edu	7129	2026-07-31
ubergizmo.com	7895	2026-07-31
ucanews.com	24644	2025-01-23
ucla.edu	6713	2026-08-01
udaipurkiran.com	79013	2026-08-02
udayavani.com	18331	2026-08-02
udn.com	7273	2026-08-02
uefa.com	8140	2024-07-24
uexpress.com	18136	2026-01-13
ufc.com	7057	2026-08-01
uk.com	8224	2026-08-02
ukiahdailyjournal.com	10375	2026-08-02
ukrainianjournal.com	15275	2026-01-27
ukrinform.net	22093	2026-03-19
uky.edu	8783	2026-07-31
ulladullatimes.com.au	61662	2026-08-02
uloop.com	10937	2026-08-02
ultimateclassicrock.com	16223	2026-08-02
ummid.com	19139	2026-08-02
umn.edu	13967	2026-08-01
un.org	6548	2026-07-31
uncrate.com	10000	2026-08-01
undercurrentnews.com	32543	2026-08-02
undertheradar.co.nz	24903	2026-08-02
undertheradarmag.com	18765	2026-07-24
undp.org	27184	2026-08-02
unian.info	12516	2026-02-09
uniindia.com	31007	2026-03-17
union-bulletin.com	44750	2026-08-02
uniondemocrat.com	13269	2026-08-01
unionleader.com	97957	2026-08-02
unionrecorder.com	12186	2026-08-02
unitaid.eu	25148	2026-08-02
unitedwithisrael.org	13845	2026-07-22
universetoday.com	5115	2026-08-01
universityworldnews.com	14186	2026-08-02
unm.edu	5443	2026-07-31
unmultimedia.org	7763	2023-10-16
uow.edu.au	17760	2024-11-07
updatesnews.com	25511	2022-10-01
upenn.edu	7072	2026-08-01
upi.com	100624	2026-08-02
upnorthlive.com	37612	2026-08-02
uppermichiganssource.com	33250	2026-08-02
upr.org	51690	2026-08-02
uproxx.com	20992	2026-07-20
upstract.com	65174	2021-06-14
upstreamonline.com	24640	2026-07-31
urbanacitizen.com	5866	2025-09-17
urbanmilwaukee.com	33431	2026-08-02
urdupoint.com	44060	2025-01-27
us103.com	26107	2026-05-31
us105fm.com	37155	2026-08-02
usanetwork.com	7362	2025-08-13
usatoday.com	217936	2025-04-26
usembassy.gov	7966	2026-07-31
usf.edu	64607	2026-02-26
usmagazine.com	64787	2026-08-02
usnews.com	60090	2024-07-31
usni.org	7584	2026-06-01
utahindependent.com	22339	2026-08-02
uticaod.com	14125	2023-09-11
utilitydive.com	9662	2026-08-02
utv44.com	6014	2026-08-02
v100fm.com	6325	2026-08-02
v100rocks.com	14135	2026-08-02
v1019.com	19486	2026-08-02
vaalweekblad.com	14927	2023-11-09
vaildaily.com	28670	2026-08-02
valdostadailytimes.com	75790	2026-08-01
valleybreeze.com	13702	2026-08-02
valleymorningstar.com	6006	2021-01-11
valleynewslive.com	32726	2026-08-02
valuewalk.com	9489	2025-01-23
vancourier.com	30069	2021-01-13
vancouverisland.ctvnews.ca	24415	2026-06-19
vancouversun.com	58434	2026-08-02
vandaliaradio.com	11829	2026-08-01
vanguardngr.com	217826	2026-08-02
vanityfair.com	18870	2026-08-02
variety.com	95142	2026-08-02
varsity.co.uk	8741	2026-08-02
vavel.com	12239	2026-07-30
vccircle.com	11009	2026-07-31
vcstar.com	9705	2023-09-11
vcyamerica.org	5662	2023-07-13
vdare.com	10802	2024-07-25
vegnews.com	12921	2026-07-31
venezuelastar.com	20701	2026-08-02
venturebeat.com	5743	2025-08-30
venturesafrica.com	22144	2024-11-16
vermilionstandard.com	12675	2026-08-02
vermontbiz.com	25090	2026-08-02
vernonmorningstar.com	51767	2026-08-02
verticalmag.com	13814	2026-08-02
vervetimes.com	11695	2025-01-26
vestnikkavkaza.net	24786	2022-01-22
veteranstoday.com	14175	2025-02-13
vg247.com	9508	2026-06-23
vgchartz.com	40358	2026-08-02
vibe.com	12027	2026-08-01
vice.com	19531	2026-08-02
vicnews.com	37666	2026-08-02
victoriaadvocate.com	5395	2026-08-02
victorygirlsblog.com	6687	2026-08-02
vietnamnet.vn	30619	2026-06-03
vietnamnews.vn	62625	2026-08-02
vietnamtribune.com	59985	2026-08-02
viewngr.com	44838	2025-01-29
vikings.com	5685	2026-08-02
vikingsterritory.com	18464	2026-08-02
villagesoup.com	21386	2024-09-18
vindy.com	49091	2026-08-02
vir.com.vn	29318	2026-08-02
virginislandsdailynews.com	19687	2026-07-31
virginislandsnewsonline.com	36802	2026-08-02
virginradio.co.uk	8274	2026-07-29
visayandailystar.com	32164	2026-06-06
vision.org.au	8529	2026-07-31
visionmp.com	10399	2026-07-10
vladtv.com	46020	2026-08-02
vmagazine.com	7602	2026-06-03
vnews.com	20668	2026-08-02
vnexpress.net	16986	2026-03-19
voanews.com	134105	2025-03-20
voazimbabwe.com	12730	2026-03-20
vocm.com	39271	2026-08-02
vogue.co.uk	18616	2026-08-02
vogue.com	33251	2026-08-02
vogue.in	10606	2026-08-02
voice-online.co.uk	10975	2026-07-31
voicenews.com	19643	2025-11-04
voiceofalexandria.com	81165	2026-08-02
voiceofvienna.org	15537	2026-08-01
voiceonline.com	9771	2026-08-02
vol.at	16346	2026-08-01
volcanodiscovery.com	17727	2026-08-02
vovworld.vn	9520	2026-01-25
vox.com	20018	2026-08-02
voxy.co.nz	48332	2026-07-07
vpm.org	20009	2023-01-27
vpr.org	5702	2022-06-22
vtcng.com	14240	2026-08-02
vtdigger.org	12641	2026-08-02
vulcanadvocate.com	8721	2026-08-02
vulture.com	25709	2026-08-02
vvdailypress.com	8735	2023-09-11
w4country.com	5954	2026-08-02
wa1a.com	10326	2026-08-02
waateanews.com	25855	2026-08-02
waaytv.com	47338	2026-08-02
wabcradio.com	7619	2025-02-02
wabe.org	21327	2026-04-24
wabi.tv	37950	2026-08-02
wabx.net	33569	2026-08-02
wach.com	37628	2026-08-02
wacotrib.com	70826	2026-08-02
wadenapj.com	25407	2026-08-02
wadk.com	36302	2026-08-01
waer.org	40674	2026-08-02
wafb.com	38560	2026-08-02
waff.com	33246	2026-08-02
wagmtv.com	12314	2026-08-01
wahoo-ashland-waverly.com	17390	2026-07-29
wahpetondailynews.com	15667	2026-08-02
wajr.com	5011	2026-08-02
waka.com	10974	2026-08-01
wakefieldexpress.co.uk	18345	2025-01-23
wakg.com	7975	2026-07-22
walb.com	33372	2026-08-02
walesonline.co.uk	253334	2026-08-02
walkermn.com	14703	2026-08-02
wallaceburgcourierpress.com	38498	2026-06-29
wallowa.com	8395	2026-07-31
wallpaper.com	15216	2026-08-02
walls102.com	8142	2023-06-13
wallstreet-online.de	85536	2026-08-02
wam.ae	15139	2023-11-04
wamc.org	52214	2026-08-02
wamda.com	5834	2026-07-30
wandsworthguardian.co.uk	130946	2026-08-02
wandtv.com	60935	2026-08-02
wantedinrome.com	8958	2026-08-02
wape.com	12603	2026-08-01
wapt.com	67565	2026-08-02
wardsauto.com	7046	2026-02-03
warm1033.com	24232	2026-08-02
warm1069.com	9704	2026-07-31
warm98.com	11607	2026-08-02
warringtonguardian.co.uk	154913	2026-08-02
warsawvoice.pl	12750	2026-03-18
warwickdailynews.com.au	51988	2021-04-28
warwickonline.com	5956	2026-07-31
warwickshireworld.com	12934	2025-01-23
washingtonblade.com	8434	2026-08-02
washingtonexaminer.com	161752	2026-08-02
washingtonian.com	12988	2026-07-31
washingtoninformer.com	6872	2026-07-31
washingtonpost.com	306594	2024-08-02
washingtontimes.com	292813	2026-04-13
washtimesherald.com	43336	2026-08-02
waste360.com	5106	2025-01-19
wataugademocrat.com	48961	2026-08-02
watchingamerica.com	8108	2026-07-31
waterford-news.ie	67527	2026-08-02
watermarkonline.com	35425	2025-11-03
wateronline.com	10820	2026-07-31
waterwaysjournal.net	5418	2026-07-31
watfordobserver.co.uk	111222	2026-08-02
watoday.com.au	132483	2026-08-02
wattsupwiththat.com	8282	2026-08-02
wausaudailyherald.com	9127	2023-09-11
waxahachietx.com	5976	2026-07-09
wbaa.org	77545	2026-08-02
wbal.com	70125	2026-07-04
wbaltv.com	74495	2026-08-02
wbap.com	88785	2026-08-02
wbay.com	38664	2026-08-02
wbbjtv.com	34302	2026-08-02
wbckfm.com	23781	2025-11-29
wbco.com	6159	2026-07-31
wbez.org	6418	2026-08-02
wbfo.org	39821	2025-04-01
wbgo.org	5984	2026-08-01
wbir.com	60093	2026-06-05
wbiw.com	46387	2026-08-01
wbjournal.com	13589	2026-07-31
wbkb11.com	6860	2026-08-02
wbko.com	23616	2026-08-02
wbkr.com	25338	2026-08-02
wblk.com	38515	2026-08-01
wblm.com	33482	2026-08-02
wbls.com	9519	2026-08-01
wbmq.net	17237	2020-08-26
wbng.com	23633	2026-08-02
wbnowqct.com	5690	2026-07-31
wbnq.com	12797	2026-08-02
wboc.com	91292	2026-08-02
wboi.org	45519	2026-08-02
wbrc.com	46979	2026-08-02
wbrz.com	72673	2026-08-02
wbsm.com	20294	2026-08-02
wbszfm.com	5336	2026-07-22
wbt.com	8377	2026-08-02
wbtmdanville.com	9569	2026-07-11
wbtv.com	36231	2026-08-02
wbur.org	54096	2026-08-01
wbwn.com	9496	2026-08-02
wcax.com	40122	2026-08-02
wcbe.org	58828	2026-08-02
wcbi.com	21142	2026-08-01
wcbm.com	29270	2026-08-02
wccbcharlotte.com	41643	2026-08-02
wccftech.com	47632	2026-08-02
wccq.com	9401	2024-05-24
wcfcourier.com	114267	2026-08-02
wchstv.com	36511	2026-08-02
wcjb.com	32962	2026-08-02
wclk.com	33392	2026-08-02
wclo.com	10685	2025-05-20
wcnc.com	66822	2026-06-06
wcoapensacola.com	43582	2026-08-02
wcpo.com	32737	2026-08-02
wcrz.com	22019	2026-08-01
wcsmradio.com	10279	2026-08-02
wcsufm.org	64789	2026-08-02
wcsx.com	17852	2026-08-02
wcsy.com	39576	2026-07-24
wcti12.com	41909	2026-08-02
wctrib.com	53942	2026-08-02
wctv.tv	29418	2026-08-02
wcvb.com	102678	2026-08-02
wcyb.com	33514	2026-08-02
wcyy.com	30095	2026-08-01
wdadradio.com	14698	2026-08-01
wdam.com	35531	2026-08-02
wdbj7.com	34799	2026-08-02
wdbo.com	48623	2026-08-02
wdbqam.com	9957	2026-08-01
wdef.com	24777	2026-07-21
wdel.com	25860	2026-08-02
wden.com	5700	2026-08-02
wdet.org	10162	2026-08-01
wdez.com	22683	2026-08-02
wdhafm.com	15625	2026-08-02
wdio.com	62522	2026-08-02
wdiy.org	44834	2026-08-02
wdjx.com	8635	2026-08-01
wdkx.com	5395	2022-07-25
wdrb.com	100637	2026-08-02
wdrv.com	9186	2026-07-31
wdsm710.com	39838	2026-08-02
wdsu.com	104895	2026-08-02
wdtimes.com	33938	2026-08-02
wdtv.com	20358	2026-08-02
wdzz.com	8977	2026-08-02
weaa.org	51021	2025-02-25
wealthmanagement.com	17227	2026-07-31
weareiowa.com	7839	2026-03-16
weartv.com	34839	2026-08-02
weatherforddemocrat.com	14205	2026-07-30
weathernationtv.com	6080	2026-07-31
weau.com	31466	2026-08-02
webcamfeet.com	5756	2021-11-12
webindia123.com	424186	2026-08-02
webmd.com	10279	2026-07-27
webwire.com	37000	2026-08-01
wect.com	36283	2026-08-02
weeklyblitz.net	31941	2026-08-02
weeklytimesnow.com.au	11584	2024-07-22
weforum.org	8434	2024-01-12
wegotthiscovered.com	68271	2025-02-24
weirtondailytimes.com	21872	2026-08-01
weisradio.com	18260	2026-01-06
wellandtribune.ca	71268	2026-08-02
wellingtondailynews.com	5441	2026-07-16
wellingtontimes.com.au	36331	2026-08-02
wellsvilledaily.com	5537	2022-04-14
wemu.org	34260	2026-08-02
wenatcheeworld.com	25386	2026-08-01
wenxuecity.com	34720	2026-08-02
weny.com	30245	2026-08-02
wesa.fm	41179	2026-06-04
wesh.com	77965	2026-08-02
wesm913.org	17888	2022-01-28
westcentralonline.com	17112	2026-08-02
westcentralsbest.com	48279	2026-08-02
westerlynews.ca	30964	2026-08-02
westernadvocate.com.au	111107	2026-08-02
westernmassnews.com	22872	2026-08-02
westernpeople.ie	35578	2026-08-02
westerntelegraph.co.uk	124512	2026-08-02
westernweekender.com.au	5556	2026-08-02
westernwheel.ca	6258	2025-09-05
westfaironline.com	12342	2026-08-02
westhawaiitoday.com	19885	2026-08-02
westkentuckystar.com	29779	2026-08-02
westmeathexaminer.ie	47119	2026-08-02
westmeathindependent.ie	46216	2026-08-02
westofthei.com	7126	2026-08-02
westport-news.com	54149	2022-03-01
westseattleblog.com	47783	2026-08-02
westsussextoday.co.uk	7480	2022-02-09
westword.com	13021	2026-08-02
wetaskiwintimes.com	15381	2026-08-02
weyburnreview.com	37373	2021-07-29
wfaa.com	64004	2026-06-05
wfae.org	69926	2026-08-02
wfasam.com	13054	2021-05-17
wfav951.com	14111	2026-08-01
wfdd.org	51871	2026-08-02
wfgr.com	21383	2024-07-03
wfin.com	45335	2025-06-14
wfirnews.com	5238	2026-07-31
wfit.org	6666	2026-07-30
wfiwradio.com	11883	2026-08-01
wfls.com	17416	2026-08-02
wflx.com	32740	2026-08-02
wfmd.com	13863	2026-08-02
wfmj.com	110500	2026-08-02
wfms.com	7255	2026-08-02
wfmynews2.com	66653	2026-06-05
wfmz.com	254426	2026-08-02
wfnc640am.com	68933	2026-07-20
wfnt.com	13184	2026-07-31
wfsb.com	36368	2026-08-02
wfsu.org	48146	2026-08-02
wftv.com	44989	2026-08-02
wftw.com	69191	2025-03-28
wfuv.org	9625	2026-08-02
wfxd.com	6582	2026-04-09
wfxl.com	6512	2025-09-11
wfyi.org	14861	2026-08-02
wgac.com	6511	2026-08-01
wgal.com	81980	2026-08-02
wgan.com	15170	2026-08-02
wgauradio.com	59576	2026-08-02
wgbh.org	23922	2026-07-31
wgcu.org	30996	2026-08-02
wgil.com	10101	2026-08-01
wglr.com	25342	2026-08-01
wglt.org	60612	2026-08-02
wgmd.com	40552	2026-08-02
wgme.com	41483	2026-08-02
wgna.com	33687	2026-08-02
wgni.com	9179	2026-08-02
wgnsradio.com	16837	2026-07-31
wgntv.com	7621	2026-05-05
wgog.com	6071	2026-07-31
wgow.com	46856	2026-08-02
wgowam.com	74934	2026-08-02
wgrd.com	44861	2026-08-02
wgrr.com	10005	2026-08-02
wgrz.com	46639	2026-06-05
wgxa.tv	10144	2026-08-02
wharfedaleobserver.co.uk	117015	2026-08-02
whas11.com	68292	2026-06-25
whatdidyousay.org	15446	2025-11-11
whatech.com	27464	2026-07-31
whathifi.com	11223	2026-08-01
whatsnew2day.com	14117	2025-01-27
whatson.ae	20813	2026-08-02
whatsonstage.com	11219	2026-08-02
whatsontv.co.uk	5261	2021-06-10
whattheythink.com	13967	2026-07-31
whbl.com	69755	2026-08-02
whby.com	9237	2026-08-01
whcuradio.com	10235	2024-06-23
whdg.com	16522	2026-08-01
whdh.com	55130	2026-08-02
whec.com	130946	2026-08-02
whidbeynewstimes.com	6101	2026-08-01
whig.com	60083	2026-08-01
whio.com	45204	2026-08-02
whitecourtstar.com	13390	2026-08-02
whitehorsestar.com	5917	2026-01-29
whitehouse.gov	6012	2026-03-17
whitsundaytimes.com.au	56923	2021-04-28
whittierdailynews.com	46114	2026-08-02
whiznews.com	14870	2026-08-02
whky.com	21634	2026-08-02
whmi.com	24815	2026-08-02
whnt.com	6192	2025-06-12
who.int	10268	2026-07-31
whopam.com	23922	2026-08-02
whqr.org	45845	2026-08-02
whro.org	14725	2026-08-02
whrpfm.com	8997	2026-08-02
whsv.com	29126	2026-08-02
whtc.com	48028	2026-08-02
whtimes.co.uk	55869	2026-08-02
whvoradio.com	13931	2026-05-31
whyy.org	26517	2026-08-02
wiartonecho.com	22515	2026-08-02
wibailoutpeople.org	5720	2026-08-02
wibc.com	28523	2026-08-02
wibqam.com	45131	2026-01-10
wibw.com	46065	2026-08-02
wibx950.com	29957	2026-07-31
wickedlocal.com	236673	2023-09-11
wicz.com	62055	2026-08-02
wifc.com	19495	2026-08-02
wifr.com	24841	2026-08-02
wigantoday.net	27415	2025-01-23
wiky.com	40383	2026-08-02
wild1029.com	9176	2026-08-02
wild1049hd.com	6114	2023-03-21
wild941.com	23702	2026-08-02
wiley.com	5261	2026-07-27
williamsondailynews.com	7213	2026-07-30
willistonherald.com	14454	2026-08-02
willitsnews.com	6461	2026-08-02
willmarradio.com	44123	2026-08-01
wilm-tv.com	8193	2021-09-20
wilmingtonbiz.com	12073	2025-01-22
wilsonpost.com	5372	2023-03-01
wilsontimes.com	5668	2026-08-02
wiltonbulletin.com	62996	2025-06-14
wiltsglosstandard.co.uk	116604	2026-08-02
wiltshiretimes.co.uk	146368	2026-08-02
wilx.com	33436	2026-08-02
wimbledonguardian.co.uk	120851	2026-08-02
wimsradio.com	17263	2026-08-02
wimz.com	6761	2026-07-20
winchesterstar.com	61754	2026-08-02
wincountry.com	19575	2026-08-02
windfm.com	6858	2026-08-02
windowscentral.com	33856	2026-08-02
windowstorussia.com	5923	2026-06-10
windpowermonthly.com	7211	2026-07-02
windsor.ctvnews.ca	20740	2025-04-09
windsorite.ca	19835	2025-09-22
windsorstar.com	58060	2026-08-02
windtech-international.com	9260	2026-07-31
wingsmagazine.com	5795	2026-07-31
wink104.com	10318	2026-08-02
winknews.com	55083	2026-08-02
winnipeg.ctvnews.ca	27808	2025-04-25
winnipegfreepress.com	321913	2026-08-02
winnipegsun.com	54258	2026-08-02
winonadailynews.com	37907	2026-07-31
winonapost.com	10470	2026-08-01
winsfordguardian.co.uk	67252	2023-03-07
winteriscoming.net	8420	2026-08-02
wiog.com	5003	2026-08-02
wionews.com	25883	2026-02-12
wiov.com	7298	2026-08-02
wired.com	20980	2026-08-02
wiredprnews.com	26047	2025-10-24
wirralglobe.co.uk	134285	2026-08-02
wirx.com	19920	2026-07-20
wisbechstandard.co.uk	35696	2026-08-01
wisbusiness.com	14082	2026-07-31
wisc.edu	13718	2026-08-02
wiscassetnewspaper.com	24680	2026-08-02
wiscnews.com	66648	2026-08-01
wisconsin106.com	15308	2025-03-13
wisconsinagconnection.com	14675	2026-07-31
wisconsinrapidstribune.com	9142	2023-09-11
wisfarmer.com	5440	2023-09-11
wishtv.com	71489	2026-08-02
wislawjournal.com	11691	2026-06-03
wisn.com	73945	2026-08-02
wispolitics.com	20579	2026-07-23
wisr680.com	9158	2026-08-02
wistv.com	38490	2026-08-02
withinnigeria.com	12604	2026-03-04
witl.com	37504	2026-08-02
witn.com	36377	2026-08-02
witneygazette.co.uk	131346	2026-08-02
wits.ac.za	5450	2026-08-01
wivk.com	12351	2026-08-02
wixx.com	27526	2026-07-31
wiznation.com	13333	2026-08-02
wjactv.com	33664	2026-08-02
wjbc.com	40041	2026-07-31
wjbq.com	28451	2026-08-02
wjbr.com	12970	2025-12-04
wjcl.com	71243	2026-08-02
wjct.org	71048	2026-08-02
wjcw.com	56199	2026-07-20
wjez.com	10746	2026-08-02
wjfw.com	20762	2026-08-02
wjhg.com	25728	2026-08-02
wjimam.com	23474	2025-12-01
wjla.com	49132	2026-08-02
wjle.com	5999	2026-08-02
wjmi.com	18966	2026-05-04
wjnt.com	23076	2026-04-22
wjol.com	34669	2026-08-02
wjon.com	38002	2026-08-02
wjoxam.com	50601	2026-04-07
wjpf.com	5986	2026-07-16
wjr.com	43636	2026-08-02
wjrz.com	13763	2026-08-02
wjsu.org	19822	2025-03-11
wjtn.com	20602	2026-08-01
wjvl.com	5257	2025-03-09
wkar.org	18196	2026-08-02
wkbw.com	41226	2026-08-02
wkdq.com	36782	2026-08-02
wkdzradio.com	16788	2026-08-01
wkfr.com	24657	2026-07-31
wkjc.com	42445	2026-08-01
wkkg.com	9799	2026-07-30
wkmi.com	17491	2025-11-30
wkml.com	15839	2026-08-02
wkms.org	54395	2026-08-02
wknofm.org	82719	2026-08-02
wkow.com	6158	2026-05-21
wkrb13.com	486644	2025-04-18
wksn.com	20551	2026-07-31
wksu.org	17996	2022-12-08
wktn.com	10164	2026-07-31
wktv.com	42774	2026-08-02
wkuherald.com	9458	2026-07-30
wkvi.com	7585	2026-07-31
wkxi.com	15993	2026-05-09
wkyc.com	70523	2026-06-06
wkyt.com	33414	2026-08-02
wkyufm.org	44359	2026-08-02
wkzo.com	76946	2026-08-02
wlad.com	5042	2026-07-31
wlav.com	10455	2026-08-02
wlbt.com	8276	2026-03-19
wlds.com	11556	2026-08-02
wlec.com	22892	2026-08-02
wlevradio.com	9759	2026-08-02
wlfi.com	25515	2026-07-31
wlip.com	22942	2026-07-31
wlkm.com	8697	2026-07-31
wlky.com	81858	2026-08-02
wlni.com	5321	2026-04-30
wlos.com	40883	2026-08-02
wlox.com	33309	2026-08-02
wlrfm.com	16614	2026-07-28
wlrh.org	26566	2026-08-02
wlrn.org	49668	2026-08-02
wlsam.com	54495	2026-07-31
wltribune.com	32991	2026-08-02
wltx.com	63246	2026-06-25
wltz.com	6310	2026-06-19
wlwi.com	6291	2026-08-02
wlwt.com	90914	2026-08-02
wmac-am.com	48267	2026-08-02
wmagazine.com	6460	2026-07-31
wmal.com	39491	2026-08-02
wmay.com	11097	2025-04-11
wmbfnews.com	39332	2026-08-02
wmcactionnews5.com	21076	2021-05-19
wmdt.com	33768	2026-08-02
wmfe.org	18986	2024-04-02
wmgk.com	16477	2026-08-02
wmicentral.com	10507	2026-08-02
wmmq.com	33939	2026-08-02
wmnf.org	7491	2026-08-02
wmot.org	24000	2025-08-12
wmra.org	44961	2026-08-02
wmtram.com	10102	2026-07-31
wmtv15news.com	19427	2026-08-02
wmtw.com	73502	2026-08-02
wmuk.org	24716	2026-08-02
wmur.com	94620	2026-08-02
wn.com	399364	2026-07-15
wnaw.com	18926	2026-08-02
wnax.com	9023	2026-07-31
wnbf.com	17918	2026-07-31
wncv.com	9172	2026-08-02
wncw.org	32046	2026-08-02
wncy.com	27541	2026-07-31
wnd.com	37424	2026-08-02
wndu.com	31615	2026-08-02
wnem.com	23595	2026-08-02
wnep.com	57274	2026-06-05
wnewsj.com	19288	2025-05-15
wnir.com	9592	2026-07-31
wnmtradio.com	19176	2022-12-08
wnmufm.org	71611	2026-08-02
wnpr.org	6587	2021-07-14
wnyt.com	45063	2026-03-11
woad.com	19065	2026-04-22
wobm.com	59507	2026-08-02
wogb.fm	17260	2026-08-02
wogx.com	18591	2026-08-01
wohfradio.com	29287	2026-08-02
wokq.com	27669	2026-08-02
wokv.com	63473	2026-08-02
womanandhome.com	25167	2026-08-02
womansworld.com	12905	2026-08-02
womenofchina.cn	11042	2025-06-09
womenshealthmag.com	17254	2026-08-02
wondradio.com	42042	2026-08-01
wonkette.com	5766	2026-07-29
woodallscm.com	5529	2026-07-31
woodlandsonline.com	10183	2026-08-02
woodstocksentinelreview.com	41055	2026-08-02
woodwardnews.net	10413	2026-07-31
woodworkingnetwork.com	9527	2025-12-16
woonsocketcall.com	12578	2026-08-02
worcesternews.co.uk	107985	2026-08-02
wordpress.com	17111	2026-08-02
workers.org	5585	2026-03-06
workerscompensation.com	8380	2026-08-01
workersliberty.org	8719	2025-11-07
worksopguardian.co.uk	12974	2025-01-23
world-nuclear-news.org	7356	2026-07-31
worldbank.org	10203	2026-07-28
worldboxingnews.net	7275	2025-03-04
worldcasinodirectory.com	7931	2026-08-02
worldcrunch.com	14971	2025-01-23
worldipreview.com	5107	2026-08-01
worldoil.com	13744	2026-08-02
worldpoliticsreview.com	5279	2026-07-27
worldscreen.com	13861	2025-08-22
worldsoccertalk.com	14787	2022-08-10
worldtempus.com	6325	2026-08-02
wortfm.org	6174	2025-05-02
worthingherald.co.uk	6867	2022-02-10
worthplaying.com	13489	2026-08-01
worthynews.com	6028	2026-08-02
wosu.org	15543	2026-08-02
woub.org	10744	2026-07-31
wowo.com	9972	2026-08-02
wowt.com	38464	2026-08-02
wpbf.com	67171	2026-08-02
wpde.com	48061	2026-08-02
wpdh.com	44704	2026-08-02
wphm.net	13327	2026-07-01
wpr.org	11566	2026-08-02
wprl.org	54300	2025-10-06
wpsdlocal6.com	54004	2026-08-02
wpst.com	36849	2026-08-02
wpsu.org	65196	2026-08-02
wptv.com	52122	2026-08-02
wpxi.com	44785	2026-08-02
wqad.com	51386	2026-06-05
wqcmfm.com	13719	2026-07-24
wqcs.org	56479	2026-08-02
wqel.com	5696	2026-07-31
wqut.com	21613	2026-08-02
wral.com	151741	2026-08-02
wraltechwire.com	12216	2025-11-06
wrcbtv.com	57393	2022-01-13
wrdw.com	38536	2026-08-02
wrestlezone.com	38572	2026-08-02
wrestlinginc.com	62793	2026-08-02
wrestlingnewssource.com	25672	2026-07-06
wrexham.com	15681	2026-08-02
wrfalp.com	7797	2026-07-31
wrganews.com	12613	2026-08-02
wrhi.com	5555	2026-07-14
wrif.com	30434	2026-08-02
writersdigest.com	5697	2026-08-02
wrjn.com	5458	2026-08-02
wrjo.com	5696	2026-07-19
wrkf.org	37491	2026-08-02
wrkr.com	24572	2026-08-02
wrmf.com	11069	2026-08-01
wror.com	20601	2026-08-02
wrp.org.uk	6263	2026-08-01
wrrv.com	39042	2026-08-02
wruf.com	10616	2026-08-01
wrur.org	9419	2026-07-31
wrvo.org	61954	2026-08-02
wsau.com	103654	2026-08-02
wsaw.com	30968	2026-08-02
wsaz.com	27857	2026-08-02
wsbradio.com	62577	2026-08-02
wsbs.com	12873	2026-08-01
wsbt.com	39717	2026-08-02
wsbtv.com	54014	2026-08-02
wscountytimes.co.uk	6332	2022-02-09
wset.com	42101	2026-08-02
wsfa.com	32051	2026-08-02
wsfl.com	7173	2026-08-01
wsgw.com	20269	2026-07-31
wshu.org	40673	2026-08-02
wsiltv.com	53441	2026-08-02
wsipam.com	5015	2026-07-25
wsiu.org	75989	2026-08-02
wsj.com	58643	2026-06-22
wsjm.com	30720	2026-08-02
wsjs.com	5407	2026-07-31
wskg.org	6784	2026-03-08
wsls.com	135634	2026-08-02
wsmv.com	36159	2026-08-02
wsnewspublishers.com	7109	2025-08-29
wsoctv.com	45064	2026-08-02
wsrkfm.com	18467	2026-07-31
wsu.edu	8556	2026-07-31
wsvaonline.com	5422	2024-04-02
wsvn.com	47930	2026-08-02
wsws.org	40609	2026-08-02
wtae.com	80239	2026-08-02
wtap.com	5700	2026-03-19
wtaq.com	53540	2026-07-31
wtax.com	7000	2024-05-20
wtbdfm.com	11527	2024-01-02
wtbx.com	24779	2026-07-31
wthitv.com	37534	2026-08-02
wtka.com	15955	2024-08-27
wtkr.com	57553	2026-08-02
wtma.com	106875	2026-08-02
wtmj.com	42363	2026-07-15
wtmx.com	10272	2026-07-31
wtoc.com	35155	2026-08-02
wtok.com	23450	2026-08-02
wtol.com	61161	2026-06-06
wtop.com	88850	2026-08-02
wtov9.com	34636	2026-08-02
wtsp.com	75398	2026-06-06
wttf.com	31279	2026-08-02
wttw.com	14739	2025-12-16
wtug.com	19029	2026-08-01
wtva.com	47244	2026-08-02
wtvbam.com	55376	2026-08-02
wtvm.com	27459	2026-08-02
wtvq.com	20097	2026-08-02
wtvr.com	51444	2026-08-02
wtvy.com	22098	2026-08-02
wtxl.com	31276	2026-08-02
wuft.org	39832	2026-08-02
wuky.org	27831	2026-08-02
wunc.org	21198	2026-08-02
wupe.com	17914	2026-08-02
wusa9.com	68551	2026-06-05
wutc.org	40135	2026-08-02
wuuqradio.com	12051	2026-07-31
wuwf.org	53061	2026-08-02
wuwm.com	17381	2026-08-02
wvasfm.org	50665	2026-08-02
wvel.com	7414	2026-07-31
wvfm1065.com	5078	2020-12-07
wvgazettemail.com	43457	2026-08-02
wvik.org	52641	2026-08-02
wvlkam.com	68728	2026-08-02
wvlnam.com	8648	2026-07-29
wvmetronews.com	24357	2026-08-02
wvnews.com	110265	2026-01-24
wvnn.com	40824	2026-07-20
wvpublic.org	12639	2026-08-01
wvrecord.com	5873	2025-05-20
wvtf.org	33485	2026-08-02
wvtm13.com	66270	2026-08-02
wvxu.org	43422	2026-08-02
wwaytv3.com	29186	2026-08-02
wwd.com	45875	2026-08-02
wweek.com	12120	2026-08-02
wwisradio.com	5300	2026-08-01
wwjb.com	5988	2025-02-24
wwki.com	5857	2026-08-02
wwltv.com	56312	2026-06-05
wwmt.com	41271	2026-08-02
wwno.org	46323	2026-08-02
wwnytv.com	25814	2026-08-02
wwqq101.com	5761	2026-08-02
wxerfm.com	18974	2026-08-02
wxfx.com	9296	2026-08-02
wxii12.com	77037	2026-08-02
wxkr.com	13875	2026-08-02
wxlo.com	9747	2026-08-02
wxow.com	52092	2026-08-02
wxpr.org	31130	2026-08-02
wxxinews.org	54822	2026-08-02
wxxv25.com	27124	2026-08-02
wxyz.com	52130	2026-08-02
wydaily.com	15504	2026-08-02
wyff4.com	80149	2026-08-02
wynn1063.com	20521	2026-08-02
wyomingnews.com	93030	2026-08-02
wyomingnewsnow.tv	36729	2026-08-02
wyomingpublicmedia.org	44283	2026-08-02
wypr.org	51858	2026-08-02
wyrk.com	43398	2026-08-02
wyshradio.com	5173	2026-07-31
wyso.org	44245	2026-08-02
wysu.org	25128	2026-08-02
wzid.com	6728	2026-07-31
wzozfm.com	19162	2026-08-02
wzpl.com	7872	2026-08-02
wzzm13.com	69198	2026-06-26
x1071.com	31181	2026-08-02
xboxachievements.com	9229	2025-04-26
xinhuanet.com	172414	2026-06-16
xlcountry.com	14189	2026-08-02
xpatloop.com	10253	2026-07-22
xtra99.com	17732	2026-07-31
xxlmag.com	13616	2026-07-31
y-103.com	9678	2026-08-02
y100fm.com	7799	2026-08-02
y101.com	14200	2026-07-31
y101hits.com	10070	2026-08-02
y102montgomery.com	22942	2026-08-02
y105fm.com	40876	2026-08-02
y105music.com	25947	2026-07-31
y108.ca	8107	2026-07-27
y94.com	37093	2026-08-02
y95country.com	28827	2026-08-02
yachtsandyachting.com	30191	2026-08-02
yahoo.com	6378569	2026-08-02
yakimaherald.com	98731	2026-08-02
yaktrinews.com	8775	2023-06-26
yale.edu	11676	2026-07-31
yaledailynews.com	5862	2026-01-16
yalibnan.com	9265	2026-08-02
yambolnews.net	6474	2025-10-22
yanksgoyard.com	5454	2026-08-02
yankton.net	60912	2026-08-02
yardbarker.com	165179	2026-08-02
yasstribune.com.au	68254	2026-08-02
ycombinator.com	5912	2026-08-02
ydr.com	6710	2023-09-11
yellowhammernews.com	13948	2026-08-02
yen.com.gh	10134	2026-03-19
yenisafak.com	20714	2025-09-16
yeovilexpress.co.uk	58449	2023-06-08
yesweekly.com	10473	2026-07-30
yle.fi	16954	2026-07-31
yna.co.kr	6410	2026-03-12
ynaija.com	9064	2026-08-02
ynetnews.com	66214	2026-08-02
yorkdispatch.com	14408	2023-09-11
yorknewstimes.com	47513	2026-08-02
yorkpress.co.uk	168214	2026-08-02
yorkregion.com	12038	2026-08-02
yorkshireeveningpost.co.uk	26040	2025-01-23
yorkshirepost.co.uk	60971	2025-01-23
yorktonthisweek.com	42911	2021-07-29
youngwitness.com.au	19895	2026-07-31
youralaskalink.com	22422	2026-08-02
yourdemocracy.net	5538	2026-08-02
yourdemocracy.net.au	18859	2026-08-02
youredm.com	7476	2026-06-26
yourfortdodge.com	19780	2026-07-09
yourlocalguardian.co.uk	188793	2026-08-02
yourobserver.com	13482	2025-09-10
yoursourceone.com	80989	2026-08-02
yourstephenvilletx.com	5057	2026-07-16
yourstory.com	36278	2026-07-04
yourtango.com	48061	2026-08-02
yourthurrock.com	10977	2026-08-02
yovizag.com	6663	2026-08-01
ypradio.org	67633	2026-08-02
yubanet.com	8816	2026-08-02
yukon-news.com	6366	2026-08-02
yumasun.com	60090	2026-08-02
z100fm.com	5678	2026-07-12
z100missoula.com	14812	2026-08-02
z1023online.com	16950	2026-08-02
z103.fm	11188	2024-08-29
z1077fm.com	11157	2026-08-02
z937.com	20987	2026-08-02
z93jamz.com	16572	2026-08-02
z94.com	26109	2026-08-02
z943radio.com	8741	2025-01-06
z96.com	10554	2026-08-02
zawya.com	199824	2026-08-02
zazoom.it	10632	2026-07-29
zdnet.com	40625	2026-08-01
zerohedge.com	133182	2026-08-02
zfenglish.com	40280	2026-08-01
ziarelive.ro	5451	2024-08-01
zigwheels.com	20855	2026-07-15
zimbabwesituation.com	15654	2026-07-20
zimbabwestar.com	52879	2026-08-02
zimeye.net	10503	2026-07-05
zizonline.com	6636	2026-08-02
zmescience.com	13317	2026-08-01
znsbahamas.com	5809	2026-07-31
zodiakmalawi.com	6764	2026-07-30
zonebourse.com	6769	2026-05-15
zrock103.com	9045	2026-08-02
zululandobserver.co.za	18680	2023-08-31
